106.29573976953988
100.37504678262948
101.6844962877751
101.08683781440698
98.7858505943978
98.29482066417253
95.99715234737754
97.10647377777694
92.95069304300151
94.83240258667554
96.38111523046402
98.8665769927702
94.97190666448404
92.82749797075179
89.34486163803045
88.27001193409706
85.53888698469035
82.90833024363761
81.80452754805316
81.20259896067469
79.52970537817689
81.38408607772226
84.64601034535013
83.55796967187521
82.94303086160926
82.27824334450446
80.35331607342299
81.09763429120807
80.08651366984353
81.75268191041718
79.93922945902737
80.53098336212486
78.60798492461764
78.11001874482913
77.8418771506512
76.77781348504168
74.70254071979663
73.73561412524967
71.8877422406542
70.32513755425317
70.7676400860735
70.68836864664661
68.37597365579032
69.10103948458013
67.28180766877736
67.13350662103333
67.19841810908557
65.83626087384278
64.58546705237251
64.66411873396615
63.93209611019807
64.34721917716244
64.19684558453815
66.14546564951456
64.35729923960619
63.0370480681378
62.32460777798787
65.37579285691572
67.21154185914293
67.32162239435816
67.08398982186128
68.90223998553354
71.71909026710992
72.52007656248745
74.59804044913167
75.4992238020857
77.94196192116023
80.77190936509918
81.99403485874731
82.526593879578
86.1109913205109
87.52308724058234
88.63276397714331
89.19689324581336
91.16516864238481
91.38414801820993
91.18957761543528
93.20449916911745
93.44169837805133
94.21430797564534
96.35923716611177
93.45730883319158
90.94508558064722
92.42139535399309
93.13482090618352
91.63848062777852
90.4530495792467
96.52552936336467
97.0368115594676
95.65139241477925
98.43370164369637
97.30773393794826
97.25573308472947
98.73418886860675
92.36294177923484
92.11193668767011
91.33114809071603
93.19985651262134
91.4009900521125
93.08691316408374
93.13289784794843
92.6217048203506
88.78464443027434
89.93989641653405
88.1205773809653
87.94342123367157
86.87022734725265
86.61967103163691
85.621142262772
87.25017923368854
86.65277382615449
87.1595825194569
84.27272818179836
82.46759191938446
82.39332428132593
82.7760915324244
82.99965506112268
84.85106714175296
85.23232846794005
84.99295234798072
83.93165356940926
81.92428982999863
79.77877141513349
77.88819408677975
76.74060510886432
76.44957208110054
74.72868049252982
74.51813835972241
74.93280442193551
73.61777513448729
72.27177595350425
72.85723807166852
72.607735798423
72.60875244310387
72.61741540750063
70.4921784313329
70.86465546557457
69.82765656301623
67.14173587770748
67.13965826790792
66.14864371696703
66.26763865141089
66.20426014742048
64.51870084220943
64.18499538945909
63.950506214852176
62.28736732823816
62.747539972526525
63.04654857366833
63.41013786414304
62.02941057154587
62.00675952998925
61.62550993342528
63.13119826749167
64.13273633948
65.51696653931444
69.17048746014547
70.09278250599411
70.97769510357593
73.5781679698207
75.66483640142097
76.58242140007381
77.60298506550475
80.77959081536454
83.26501585246517
83.89804917785386
85.74582432078377
87.54849222843436
92.63652571288185
98.712179170751
98.88393701847536
99.99589361675484
100.53962833582823
98.95016665342914
94.04623725422196
95.41571049383349
94.44956933802908
97.98261899421657
98.51970467198593
95.39697377706162
96.86897471857897
101.5463137981746
99.94589493504948
101.17991307456211
101.3910434389717
103.212557637433
100.10217551269628
102.2102884981107
100.3716725386678
100.09057319788303
98.67009700887952
98.49236533358966
100.14624927103053
102.12414312209725
102.65330044081367
102.96063586354455
101.47591332221518
100.87843447217274
98.02841348008654
96.84416838558997
94.13031449798613
93.35328013820288
94.36483311898202
93.9148200455654
91.46414870937937
91.10591283284464
89.77061388681928
90.76074053947022
89.6574632526169
88.81559612986062
88.99469675137283
88.8050451376586
89.00945977915082
90.28060011563525
91.73258783561306
89.92265859413554
87.00007044537132
85.91553453759587
86.31117283420429
86.05189894014542
85.5852347086698
85.20571944890204
82.62239622252937
80.65092652244822
81.58177950999766
80.4588635465634
79.73960439445469
80.09804163503783
78.85030084013096
78.53534261055081
78.87793385485922
76.71421138765767
77.36585557395236
79.53003664193969
77.72166966601823
77.77312105365283
77.38190282686514
80.47111489063006
79.91014732686997
76.84730677524307
77.11526697248635
75.67489576000484
75.06831487798026
73.59780281498384
73.40257559734249
74.55958865546143
72.42189973247108
70.64589564967464
69.46809852370606
71.30475495218374
69.72199273652448
70.00284576136633
69.98542221347617
71.29902778836598
72.61504359459644
73.1842707896849
73.4805192683801
75.30314454740667
76.06715783775711
76.66396738952437
78.15406327735627
78.29560659175651
78.5536069817046
79.17442681774159
80.81309894121947
82.06913866193389
81.80165762770235
84.83124364226953
88.59907940446618
90.58084979706064
87.99638497926308
85.16241121570482
83.65594714557224
83.84321092381657
83.23014826855689
83.12091962019666
85.29295501469839
83.89082147227042
83.13174419901381
84.23550696831168
82.87128290571987
84.14202817045842
86.78787530556815
88.67827714158148
87.38383332852646
85.76195851771303
84.57083463822008
85.39179179981464
82.79948426361945
84.69792059791652
84.81680406991916
85.74441937408355
85.23834026180458
84.74038382604486
83.3233382394526
82.60264482410565
82.71286775842039
84.4064899965424
82.67142838398523
82.96136570388325
82.27069117633842
82.80836768756281
82.78626292039337
82.56467036772298
81.77891172079097
84.68415128893123
87.0695628293362
86.12175126572643
85.00654836614856
82.0063364828998
80.36266413509338
79.01723000166947
78.94474789260941
80.14028314301257
79.80789077101468
80.34774186287521
80.73360733892325
81.06121969375424
77.08534809271765
77.27749404063758
75.98381863436066
77.2980217857091
76.40641408366402
74.53600769434563
75.02609138905424
75.6925160679036
74.54718212395667
74.2238104402226
74.64984243199186
74.18454196203868
73.26685559417199
73.54308807884428
73.16596166547262
73.82595961527149
72.72119830475312
72.4666588644401
71.49949044380085
71.58865889950974
71.62424338013781
70.58828744016664
70.40694446248993
70.09768898356143
69.1476124433068
68.2752257203343
67.65230226927144
68.22875848282987
66.98350358902917
68.08126813457406
68.5043408783135
67.86879909719194
67.9359907340085
68.47609199707917
67.6489221132048
69.29788948213923
70.58427832591309
72.67440259895261
72.78901084335581
73.71652629586774
70.75209860113587
71.18995283382128
73.36159984637466
74.78794642543059
74.10288473917836
74.11933194078509
76.12046919493548
77.55184606402524
78.30656776758008
76.94658198851155
78.52610677169126
78.62718394505166
79.90321056815307
80.579096481356
79.95458735529579
83.29817064267583
85.92357909401687
86.511053341024
85.19718739828996
80.49098623179324
80.33520863587285
81.0641316427
82.38485559728102
82.13480972107493
83.87072533979926
84.06617871994641
82.31761971678328
82.7361738989077
82.73389108580409
82.56865425875583
82.21997601296006
82.93017124134133
82.80707918147695
82.38996260226789
80.53342869709476
81.11625998702903
81.59832798647611
81.60974211372863
79.72073362685968
81.54366937801761
81.90852030346902
82.1062289480083
86.03978706544845
87.72254548321851
88.41789034399153
84.75926601053686
82.93595751982559
85.09134016459004
82.38583887050859
82.1085026178346
81.69150983229378
82.95951197128971
83.20028269119187
83.1932581483561
81.63782953711484
81.37070758935508
80.90312120112054
79.80832138449489
78.23290644121016
79.75850681526407
76.56950609147405
78.23388069059256
76.80572763945366
76.74343761364395
75.57220339828866
74.02438878086011
73.76675868039513
74.94127853346248
74.96167612847832
75.38217513793683
73.11485592522155
73.8057690750358
73.446661690411
72.69211199439084
71.3957591115912
69.61819561303216
71.45291265368431
70.41644452600407
71.07459504887217
70.87982188085556
69.08799337793417
70.03081340757313
69.40052178510157
71.92419667711596
77.60785771248396
78.5927604165145
77.93111911896999
81.0488133000193
85.56161762795873
86.9993557725647
89.94888636214901
94.42728415324655
96.85460336282321
102.01432099012736
107.07386733677451
107.63393847752577
108.07598231047075
105.49420068722448
104.94901674131964
107.93920928171165
109.6171539843525
111.00175819602742
111.82448062232956
111.81602441854429
112.545872233965
112.40313643767249
115.24656109594419
115.63063133986948
115.86450750650377
114.11450922863267
111.97829083654382
115.20472531143223
116.24646717343843
114.4374578530448
114.6516837728833
112.68954160233251
112.63843741829535
117.16048085719068
116.55735616476036
116.45507651295733
112.37719043107641
111.7327776437928
110.45344458945371
110.13952155164907
108.33981653288907
107.62036506221882
109.97457227565287
110.61832957920345
107.13620295262936
108.16216398898784
104.76119771372458
105.42184109531733
105.16546742303476
105.16276101824477
103.71059744516745
101.83174881556981
100.89445876342862
99.3012919281641
101.02756794534054
101.58967748100461
99.85915737485091
98.48840006996484
97.8509702967758
97.02418903194744
96.71780133444238
95.05554149738532
93.87721951938991
94.26127626251471
93.13426040054952
93.12520623476018
93.5297083230176
94.3302781132279
91.95318327938382
90.01497657467431
90.79485340195238
91.89553551292262
88.81520304760423
89.56682278593274
87.51685195103357
85.47958714965051
83.31736908302506
82.69419470689982
82.66410754759386
84.24732410152441
85.00892648036016
84.34571221061529
85.65743825114578
90.57740559032487
85.47210543424245
83.13483795562324
81.04902097325422
82.13756467941982
81.74241350658723
81.34691024025118
79.15699493696235
78.96865349938335
78.75895993771464
78.8614332848108
83.93920250111339
83.69614673318341
84.46255769728751
80.03300790975229
80.44223627888573
83.37218796190427
85.31941275909503
88.10577929144438
89.48664570839583
95.36963501893607
98.77947938249076
102.6931442822422
104.77244399987285
105.4928551529086
109.39437496610195
108.38114619093096
106.87485890501209
107.01160069510975
105.22887723510583
104.84322008774208
104.47737150442032
103.7366387772296
102.96404006945293
102.83534721413778
103.40726678084181
103.96229125335859
107.31193850074239
107.94773790004119
105.65145999707505
109.99809252347806
115.67400898217451
117.58390130155446
118.99635371395834
122.55140034806234
120.39547027669401
114.39398248860708
106.91342495163876
106.61810117979262
105.23012453815988
104.65772272948004
103.3786386126907
104.47753387029742
104.46459929949768
103.89858579316324
102.5352577205634
102.7299291065073
100.42755702466037
99.12623288048472
97.56329481121668
97.81033917565345
96.09367135415815
94.26063254987304
92.03334356167825
93.0384885780186
92.27551987504556
91.67614385806257
91.62012124942731
90.09939892623974
89.83122662276747
90.8680433081173
89.91139243965394
93.53047385951669
94.13180215599783
89.60528086665654
89.49553462653182
89.82542451162173
86.32404153238117
85.35385902115151
86.35677965460343
87.78867262651805
85.51446974317562
85.98036495567376
86.31497550289862
86.15345861031398
83.80647927437171
82.67826321046681
80.5624663398079
80.20773795331726
78.65474296686418
78.36763964440252
75.31627984062652
73.45620318992565
76.29133607565224
74.63355327819932
72.25921451005479
73.62253758992605
73.21850095276551
72.39366509846559
70.62283692172866
70.97803690587817
69.86610964703414
68.85690607478287
68.037938913858
68.12016105527962
65.97028216673706
65.47193026129798
66.13258525997244
67.98533399192384
69.24646474670755
71.81102771810035
73.0681854840297
78.0848245967239
81.41593724971545
86.31864091558303
91.62882183157224
87.55767899625393
89.98442025332393
95.00758029878729
98.32832374069137
103.32667601025543
105.74837105203677
108.393783548178
109.95562604878305
108.08739553304056
107.17992475981272
109.94243657994232
111.6518929915137
113.78864297462269
110.03021493570607
106.94352805925297
105.42772703386566
110.43132956825616
107.87927216071951
103.9662725241347
104.2120107335183
104.41904401682098
106.73605611089805
107.28301568346741
106.43985340268675
107.31294993235277
110.99772102573063
106.52068992812704
107.94173647219542
103.31209769959807
103.7364113385367
98.77169985656688
102.16302245931618
102.21623296722105
102.74045053008683
101.70150362494859
103.38849540057222
107.89871508020727
109.76275588663208
108.99732129057617
105.75208667483706
102.67061945767082
100.75173954462764
99.26957079813205
98.24693693569799
97.54029649499068
93.67848502448311
94.42850254802846
95.91992525340896
94.17065720951753
96.34528718814714
94.04381186585611
88.25917016006863
87.4974522292379
88.74491578297688
86.65180057272576
85.1061918929418
87.55928116823554
85.13419068753177
85.29665094311198
82.95689791316934
83.04775223479204
81.45366239644262
79.06548991073352
79.05896816999598
80.03610971134071
78.6532098222699
80.49310071284401
77.7288384834035
77.48269597316087
75.75119231717201
74.29930371924972
72.5140971037645
72.81281105474622
74.01101683516572
73.65594519764988
71.68642360459395
72.67954513646137
72.3040212998196
71.46588136795384
70.4906522425247
71.36652226525942
68.18730268340472
66.2334972050968
65.4083788904141
66.42100285799177
65.59292115634545
64.83783417000203
66.08343138742185
70.62969286498392
70.26251686017007
69.00419454942696
70.00251252000848
74.63757760791555
75.82254963980385
78.90459872396566
81.63878664290891
85.9427403491603
88.16795745100549
89.60875422459362
98.00115748298973
102.06466407010151
104.80101189591903
105.91833329090407
100.7047789322159
102.29976882572225
102.12452618863824
102.903514059879
101.05081731153925
103.40980797577751
103.08672895897936
101.44841706346607
98.77163968888982
105.00576916403492
107.57982563588655
108.10995054790943
107.48298032601669
109.28390183956833
111.52617280672013
107.14973954813107
105.24723688612953
103.01825046892046
102.72908572416341
104.3042901245375
106.38865746707333
105.33824060612378
108.38450324914183
108.18867687419208
108.0163585805394
104.31041866377895
102.46580633007244
102.13205259764135
99.59693369696059
97.72158128497709
98.30984084963147
97.70995386144395
96.19473429082981
93.75720790322943
93.56805648080307
92.68828464505411
97.22295633588321
95.31242018419627
89.58870305202451
89.33305010590342
87.81871859993407
95.47916021949138
95.8646227254081
95.34856417274908
87.89338982833438
88.64584780774528
92.59143252255943
90.35373963523932
85.94689710879257
84.05220191823443
83.3869958431321
82.25290477179624
81.02933391785032
85.01275026864356
81.33338835231146
79.79123435622273
78.87496470986515
80.04955806104861
76.87301328855776
77.52575653409997
77.99451485045866
78.17248855210521
78.8229271655252
75.41945741922973
74.85202858375544
77.14141244125457
73.33358885559922
75.4615735845893
74.18127527143862
76.69130018799609
73.57479074510695
72.40027411013924
71.318702436801
70.16980575700103
68.92722432560976
67.38506063237021
65.65321978364838
66.14262809415709
64.90515815619096
67.87031519898302
67.30926815842793
71.01008215497734
70.34470878787522
71.67513029205588
70.89635706983736
74.35213023066433
74.89448961840883
77.87332797886302
80.85995023556549
87.76347213666263
91.66088117212256
94.56411805237119
95.62812327810775
100.02469014106032
101.85184569199475
102.94340370033663
101.22211106816549
102.15745937448276
101.557298112954
103.0551156370567
108.56448472020564
106.03609899675132
104.73406444340846
104.1740183984419
104.63451459088262
105.91558285983423
106.39178512632593
102.07966000723233
104.79182833312153
101.00591454739788
103.45128501424404
102.61553418617908
104.143109986253
104.123977087197
102.29248457665946
101.04945174565884
100.52243023524994
101.52907113797727
105.95803753922821
101.74100512549035
99.87849284015998
99.31532346193698
96.42087143736296
93.29537893415876
90.92900994379573
91.17897147625835
93.49959704845469
90.01456187603759
88.31799065639672
87.9220807035617
86.36040299909297
86.82278355366036
87.77318064329899
90.04577174260388
88.6601179103003
85.0807820213463
82.75773748238146
84.46978393084265
84.59624061873298
83.22027495702697
79.84060710983302
79.42420036316985
81.4950223675726
79.17400987518681
77.20806494108793
78.63120990630603
77.84465473238234
77.5058085453416
75.14155885739603
76.78520399738369
75.85767161289617
74.52784622171346
72.12472074611763
71.82011749218267
73.00858011016443
70.67970731817101
70.22114754923454
70.5547721284357
69.86725303510937
70.25177327793526
70.72342793246358
70.59168291221032
70.89765865129718
68.71983546632195
68.58729833206758
69.20464223211523
67.63659511761793
66.40046139734221
64.18581982457067
62.79146330615868
64.88875645752071
63.77026822959354
63.545986233972144
64.44025600253715
64.18021590233292
62.556242525725565
59.674296904675884
62.73008787674394
63.53348908260591
62.57230024829323
62.16302331696429
61.25075652538817
62.10185715881896
63.33309088868478
63.4129939833001
66.52042444103404
67.87891106473985
68.20254213743817
69.3546672702874
68.83262165177726
68.51252036160318
69.09042120698226
69.30799050961889
73.28959383094733
72.86264013805592
71.94595185111734
71.82811560557514
77.08982322222191
76.44458244618099
74.34886156120174
76.59086669608395
79.41611935989383
78.89420953212884
77.61194787650857
75.08542845163885
80.98719579122087
82.22000529519737
82.07743945498046
85.34816219341485
81.47080564226133
79.72433517858215
77.11062343528711
74.27890828163754
77.39209020063352
78.31378594836643
75.87179671832268
74.62814650600001
78.37663222812323
78.9459712564492
78.00669947414046
76.99270041515324
78.91308887044633
80.29651998390068
80.32243568748609
78.2108071276282
79.41300187881012
78.71216388158595
80.30609741151363
77.83979147448731
78.80947201398291
73.99088534334402
72.52671475460536
74.76189831281107
76.04250311428518
76.58937890956679
76.9354085357684
74.88014107163892
76.4650434446772
74.07148867598565
75.3788386964682
71.7803972109005
75.25848607087683
73.45398949026158
72.85250936992568
70.9814174291223
72.59512632329904
71.60752437514458
72.3717435306342
71.54486413776641
72.58845382160015
69.89881914206403
71.221073633352
69.27422183150435
68.99773933420349
67.15149392953256
67.52684477122607
64.98828854913167
67.05445172229813
65.68674944703386
65.61262223620942
63.8788956490633
65.04217562832002
65.44487851184128
62.873427500829216
62.77465557422299
66.56121981174579
60.97882934002657
58.07602018707547
57.23429281067115
59.872007766088004
59.32268846794443
57.2573949178523
57.750722463878816
59.96511468550712
59.68068223186265
58.022295527513016
56.97952145182258
58.04507114789037
59.822207693347046
58.68684862160981
58.814828979831276
60.201129332333025
61.65165716128317
61.98482989171913
63.261024349779454
62.00929963881205
61.85105714834666
63.30466008127905
66.40451865429384
68.47946077964775
67.14258799339768
69.5018467776008
68.50958759815398
69.08695152800556
68.0656132792551
69.77821140720857
68.30101536418967
71.21907383030975
71.9448802318982
71.67494342017949
76.09619565299317
73.14246937571738
72.71109141081297
79.4817377510233
81.44511514102192
82.14440174631383
81.2558385043048
77.48161343501533
70.95081143813786
72.46843143628064
72.93238413698859
73.06319492010493
73.05615428079
73.63656052216331
73.97851741165064
75.69058250533597
77.47885702322924
79.20208972189585
77.89189075858047
78.247201448856
76.79728506275569
81.09491193765501
79.52282110769397
78.57629201219673
78.431900484768
78.73703511917677
78.66696353339353
79.59976793086742
77.7629881120996
76.14171251796157
74.2487479786655
74.51053554083609
75.04708879117946
73.13277761240079
76.77401124544281
73.51414588384046
71.8746326118237
71.70674775001476
79.19743045125655
74.73600493393087
73.67647336136156
76.00058523512303
74.57358107243905
71.88122584491134
71.71403159931924
70.94844336895972
69.70546401790557
71.44972373455676
71.68979434111316
70.22770561491689
68.0042128619184
71.75423938080621
67.86719500685558
69.10576379785428
66.95503985232722
68.18262746214054
65.63407666135186
64.49935902096126
65.97177667931223
66.48271583539052
64.69944333607259
60.783654469684734
60.91541742386585
60.797934041540316
59.37894600852633
59.91074775333967
60.85404884703962
61.062601943284335
60.499477287047284
61.72542273649992
61.16415130134601
62.40100819916688
65.27380487004768
68.8037788469582
69.07632231875593
72.54703152312186
73.4819444334953
75.59308564150874
78.323298908213
81.90759068886064
83.0310965547369
84.21221330317613
84.78840744740992
86.92476649361419
87.43976247387263
86.2655117415075
85.99248732782445
88.58062449038884
89.04711206722246
88.84646061560076
88.47810263894378
91.30196154600253
93.30294686968584
92.33230120261223
91.92450247444233
90.75347722398965
92.35360290537847
93.63327269221605
95.75003435560428
96.37710152771018
95.01695226102893
97.24741261123518
95.7097711864271
95.14578326552385
97.67190177658948
101.81687688419062
94.78997651839703
98.13976246361321
96.81433297188389
95.95906392943412
94.52563257673786
92.90236135661353
92.75062974822299
91.01073256479849
90.24041276526147
90.14035085439014
89.40359292657604
87.97237032739459
88.60371216792653
87.82809742552692
87.05506111921342
91.35276559780044
88.98579199921512
86.90831050118814
85.36600597382744
85.880543771687
85.95522073018563
85.29676456415002
85.44322839806274
86.78170485163233
83.31080843663473
83.25635623939957
83.50475334712496
83.40883988520636
80.55549763633167
79.83463990768996
80.76713262721273
81.6374283647981
80.11602051954341
79.04339076446905
77.64857524008971
76.57580778565597
75.444336191824
73.931678620506
74.20418958003866
75.29446026748917
73.1431684169655
71.96174877009436
70.908234841344
70.22523281492532
70.23137874013585
70.48795301329265
68.13126675856884
68.842322746548
69.96774104681191
69.9626633980222
67.58317275011605
67.27078960134486
65.49080406972499
63.954405998049566
62.727375484286306
64.8677199968189
62.87959978887703
63.93394792201925
64.0416807410505
65.58604729502025
67.19079898440982
69.31939646265887
70.50637781075037
72.9050141234793
74.69198227429501
77.1207172350721
82.07789442764124
86.32043277425443
90.38812936918012
94.59459942815738
101.3521048272255
103.03609622087424
103.29943728466462
102.77302164431924
102.37409232894204
106.300634644123
105.05321511074885
109.3383914084434
109.26061196928904
107.0146020229688
107.01236385355027
109.5338743402131
110.36595506456327
111.84857093847782
110.17355441345833
109.77179098031144
110.28914369717823
110.4000281964701
108.67653970618453
108.53167185691855
109.03989138874456
107.28472642403855
105.38101545731445
107.43085762118574
106.49101522732164
107.96086569484918
104.07526233784883
111.96933460897849
109.25337518490005
106.19250243541978
103.89087851316889
104.67258455707795
101.99819264812766
103.50629787081499
88.79944538335803
109.26711160266268
100.59593190663355
106.49530932261838
106.30766220279858
102.67913931136067
98.50529946457296
98.11194162573298
96.69094617359441
95.20590665578192
94.80600745281671
94.12101973648296
94.45421114529547
92.34944297544189
92.15654368826519
92.81671740675506
90.4683560917802
87.93778503997169
88.67755452571623
89.40507960732909
88.6728056479702
87.69740833703669
89.63979337801058
88.25484057123313
87.52380276427164
87.9276311291161
83.77682544887405
85.1421495513735
86.26525098260606
82.93587434170294
81.18933670454474
81.70177677000083
79.57159537568165
76.91290116520427
75.88368414846295
74.86781195660052
75.1968716981669
77.32307208010904
75.40903918301407
72.84816403721602
73.49391467081442
72.28822817396735
72.24179556119807
72.92829959288126
70.36777876035481
71.20772523435913
69.22931427050713
70.42771538161932
68.88158028564098
70.66786104382413
70.96900923378757
71.91636640348054
72.18772825993074
73.39523373543034
73.81254152595342
79.1778316456915
80.64227882528334
84.83365010658167
86.93945388210173
90.23917361155186
93.27340334160749
96.00576960960713
99.39755334266702
101.63841010494161
104.17920460360016
104.00024081554348
104.87024152439837
107.33671203015957
105.43005072267083
106.95644740163675
107.94076027851474
108.09394633146428
106.95585726270441
110.68760876718409
111.4277689155656
107.44280444692865
110.23881581312526
113.44472130614977
112.55273322963937
113.74257988040456
115.04495790492368
112.91893055533399
112.99596498484019
115.96537371333993
117.54226711891125
112.81683072828996
113.28992123628765
115.90135108013855
114.64575949210045
112.93501539010643
112.3738543302027
109.58699107035739
105.81955231675491
107.72114379355484
106.85524132428894
103.97208831820821
100.9214714026031
97.87930744099519
94.60346600390355
93.45863257631163
93.97804589722853
90.69140070274005
91.617483255156
90.3855550054866
90.43385995907222
89.79878340352813
88.03793603292159
86.48670700290093
85.35043975966174
84.18551584831553
84.79882588283661
84.53230849294924
84.0969903913064
86.12065407916609
83.82070747416998
82.47434812566468
82.68304220659076
81.37061424776083
80.62177957550838
81.43396764590695
78.44845904223287
78.07994683188217
76.0231798725572
74.6234095493528
74.79090846514555
74.04771165070055
73.79313524011695
75.28622186975349
71.63089991177434
70.16313227628795
70.86017127922119
73.91317518007833
70.95205072451515
71.70944192047818
68.80491469538063
74.60091428104589
74.25951862114721
71.25409925993328
67.06543688514063
71.15078649274255
66.87779965281021
67.4714353214658
66.22912572464946
66.1648760036574
66.12223592387963
64.98045827494118
65.02899277369681
65.41863413523429
65.81105278832092
70.17161864504783
65.51421408850183
70.05651589768902
75.52828069778616
76.99338674099272
80.99983329708948
80.8333610443869
86.26143164474797
90.38178112425271
95.5607718988026
97.67340984457148
99.12614593543276
100.00385629704013
100.72365036022195
86.77006536347267
143.94901053024952
99.75600404791184
99.70609394241252
97.90007527104194
95.12599946940009
95.72197605680175
92.38259972355407
92.69180859964446
92.59173349579667
90.69952787422612
89.16866622746048
87.52796615475611
86.00939632661485
88.78385595707769
87.39398459106522
85.59791685748954
86.39263492234488
88.90655565491136
86.69121365309036
85.73594719789543
84.21780516678902
84.18595055130628
83.88310262254664
83.80684306245844
81.36030832226356
82.0025842679647
83.87856955600051
78.78179136283593
78.72113329926808
76.77298679656946
75.47585081905372
75.42575570159781
76.30683591106363
76.71550872514433
75.23735365945332
74.56390181911485
76.78445766160132
75.72523272078774
76.83986389783203
75.96765016045958
78.4277017720049
72.61940012540927
72.56774381930563
68.34476451122492
70.74162614770371
72.11186106261232
71.1145363656963
68.98726946460079
68.3371360637187
68.06679730300573
67.50739110940833
68.39381954805401
69.61167555321205
68.90915379466696
71.92352537181081
71.41348695115585
75.36910775639399
76.32669538752909
78.01213971753134
82.98780024613218
84.64632290231913
91.49424584358569
94.77373043678008
95.47445107482872
97.98232936731938
100.46736646602977
103.42668151883053
101.01704114692794
106.56866300361966
106.00628654781978
107.6931671589836
107.52238834184494
109.06163765286038
105.16995180698585
84.78800648547639
120.31274797968092
104.31685620042535
103.93525526965047
102.07206070185414
101.57801910078469
101.21768151624276
104.19968084880738
110.03696556758263
108.60469967399084
102.05999390914394
102.14024297553334
105.1547872875084
108.49045714519623
102.29920583697158
101.52323515824494
99.56164322474044
100.51127540436815
101.9394362588229
98.27031214428597
96.15145288345131
91.31091287966878
93.41718484769746
89.90987113794891
88.79353216471986
86.65279740438224
86.30646456898793
85.90594793876156
85.0742087610252
83.88669602921831
83.2796327624308
81.53341038299888
82.59805668709711
80.50623088067549
80.48368238834291
85.80350178319871
83.30377583926875
82.25368059700219
82.24100162178249
80.69165160298846
80.69814574793449
79.25218012010112
80.06126940576111
80.61631850097527
79.13750224834135
77.07489631143494
75.69679460367911
79.26022743033819
77.40661868482078
76.78748643663488
75.6601451004958
74.7789812097572
72.89851661648305
70.04041562020335
70.86896847961941
70.12405981808121
69.50827747062482
70.06272764702621
68.15024464546845
67.47878250330533
66.89388304306905
66.7798301774585
66.6571749743099
65.61981181180248
65.84621709303669
65.45406446032933
65.1783946074832
63.75242480319698
64.77959291943708
64.62391456021601
64.61743214424791
62.75012755707057
61.99571253162695
62.004507809946816
63.74969146946751
64.38496582603173
63.23588233666468
62.72671153528804
67.37036407665187
68.8701444097549
71.43984844958783
68.5438007765679
68.67945340278698
72.21221450774328
71.85494510331193
73.31544387416102
74.41502502696989
71.35946379882716
71.53014824279985
73.19904246597338
75.67921625556427
75.61413990728511
75.8645244936281
75.1179787521312
75.50838494459813
74.07855043713278
75.11120455059208
75.38972186746962
76.01415462773593
74.50496865013831
74.58579866433911
73.77680739948187
76.43620482128631
76.98649459335138
76.84864594342343
77.49987188640421
75.65301749408991
75.96039668425601
76.96170103895571
78.94323894175906
77.65455707070942
77.38988231562371
80.57046294290217
81.06064690583844
80.18539353105734
80.02082033977238
80.648183895697
82.04753544800965
80.26639213010303
82.6512313517225
83.26306436959675
81.6089346646358
78.33760967236215
75.68380946941863
76.94508789780343
85.07914036746433
76.40820479658782
77.79270017219687
78.63398607705744
77.93551370684918
79.1676458799393
76.89557996487883
75.91782452124907
79.39892407828029
80.14977854644849
80.32532014843196
79.90378075067339
77.44552424250787
78.26448067959404
76.41577495459916
74.79328581323837
75.73021424672947
74.85569673978772
72.6327860101267
72.7951011448986
72.38409534923645
74.43176294940791
72.02952529708682
70.33530535508194
72.25523097543729
69.62572004686555
74.87226857380097
71.8885260942428
67.55437260632618
68.63428545798186
68.65942093887296
68.81569859276958
68.13417060910947
68.16870744155295
67.79861460200303
63.94217305359903
64.87358724802388
61.73976972350578
61.487674934918516
59.39547026130184
59.69750223869664
59.47596279880731
57.1263880058503
57.30175068984727
56.49551516186807
61.4167351198455
63.43203906767053
62.04429241505204
59.04148498818313
58.6488382562452
59.989485828711395
60.145167233516304
61.17302534171267
59.97495724698024
64.69384418463369
62.333895665116415
63.56243211870196
63.75370309264531
65.40003758577336
66.25714288963013
66.80092308778535
67.64782895471171
70.25383685510587
73.11395885003321
72.54741752155246
71.66006579825466
68.09660035302318
70.89363305085226
70.22282658980157
69.60861584704458
70.08736958931195
70.03603580343474
72.36996282707332
73.11943831802273
69.57565001053649
69.10518808647703
70.65227999894114
70.5213160196788
70.8851010836454
69.86012528372862
71.03473993902298
73.84874984911039
74.46574735702575
74.3419145827038
74.87648608961331
72.90377423983546
74.59222215199134
76.24575006068653
75.62398731160124
76.71514191785059
75.47372516222936
74.91889486680225
74.59091756175918
75.80640655663046
75.23504862939058
75.64401201770693
77.65499949753621
78.13226935079433
76.23070425630908
76.33336566157982
77.96652816604387
78.09591784417717
84.900130823259
84.2815003066928
86.5424592999077
83.93123363297855
83.0461915201306
81.22582167733594
78.48881965033593
78.2544537634376
80.79679221342371
77.25573028783992
74.08570156012388
76.56659683834192
74.3717663479077
75.6251876570924
72.12742808512533
72.80646817442562
71.03176944056163
69.57326976491441
70.8018213858424
66.83773639671736
65.25285068736008
64.7269647716284
63.483083038588745
66.78630168695588
67.39008562185253
66.81728544928308
63.45957464196127
62.50928408961353
62.03484655323286
61.340885521006484
61.447387340229156
60.33609092378487
58.2752852311595
56.68110863107586
55.274997512856785
56.9419953767339
57.11596986654713
56.89498720528054
58.032613823348086
61.72365222633359
61.18168125278239
62.59533663014625
63.9769962289898
68.70743608923142
73.00556865169533
76.32468914009202
78.83667414779597
82.05731540930014
87.78192619115498
92.11649075342598
97.66567023394327
101.44024600528519
104.30015360486505
99.27685722515707
100.77251823266738
101.4969904537943
103.45472839897356
102.90352413566644
103.28175385720978
102.99544216854564
105.49478196277933
106.24633125477547
107.36923116249787
106.98804919000217
109.83574743172552
107.33474458564575
106.5514775460332
108.31060828838729
113.69558195503848
112.73180430927782
109.6033031556952
106.20180048850011
107.8711673292695
106.82273260486255
102.5103805103814
103.6405309609304
109.02489605810545
106.10453449072638
104.7370912583242
102.2713330040706
101.6247443768767
99.55750703928258
100.64749038312692
98.56023397187562
97.95138648461639
97.43883454202225
96.75204721017165
96.80287419605823
96.65445004732527
96.04302283390213
95.23320999262714
93.15475791684972
90.47073263160487
94.50036864559594
94.71127858655578
94.91134051021413
89.60916068940185
90.52174637840723
87.9762658111402
85.89965255260704
85.72076694260834
86.08421888219128
85.34948043822004
89.5089137859804
86.7676174555925
85.61459322928198
82.87319369169376
81.76045977584609
80.51245727091188
81.12556489110818
79.48905391466917
77.82484010407124
77.98815097657098
76.76263742314667
75.63785382244028
77.35891690599033
72.92025676903941
74.96950601373001
74.58631106827599
71.38880385314178
70.77757724865751
70.97410582090366
67.95677702450345
72.24857057770399
68.44561705556524
68.25895383896784
67.29415890311876
68.95057059107357
66.862309743695
69.4513817076224
64.99301726503656
64.78170338864615
64.51253550050345
65.3146838407303
65.87884624495706
68.82847739023626
66.0789496714429
67.83382641431045
69.26749771559548
76.23404424999782
75.49075038189679
77.46993357564179
79.71356796690543
84.34964687795221
86.88468784400993
88.40834887877621
91.97294691421271
94.11700882792164
97.70093484949302
100.724052921189
105.03020666519707
102.83166948325723
103.56191503728422
104.70563986669933
105.04944302404553
105.16541954723986
109.07951428444582
107.13254120581325
103.65722133564452
101.42931311403271
103.11478588229636
102.44459445900375
102.75925828563386
104.75721147791927
103.49987607756053
106.59755818767593
105.50521278325078
104.73376409562101
104.36477604293539
107.39990226573354
103.96336205432725
106.13746975800896
107.78221879433232
105.56860568887936
103.27167527577554
104.0059324970698
103.95659674197348
102.75838759985044
101.82493147272974
100.97089403210065
101.20976692812276
103.44012789119479
99.50700450610805
100.08161924295818
99.05623273645995
95.47245769505903
95.67385517124313
94.58516748044191
93.48399868869959
91.44272350473129
88.0293785550575
90.23665488367216
90.22948830214982
89.04480652230238
86.50496456375134
85.72459276832731
88.30347324650343
85.80635442060748
83.97231714923943
83.33123387168041
81.65091055760163
82.22641240159118
82.7478920093927
80.69761555237616
79.36957876538509
80.44363975271932
79.91386166773546
79.84157125536575
78.19065763060007
75.92309597406927
74.43114216923664
78.67331490209635
75.17431789112018
71.69441016047793
70.12689906723651
70.01038241833592
70.76802098255611
69.31033800917362
68.75964049774005
77.72235863257072
71.1963267957967
66.94252039614403
69.7032142677661
73.41078911631863
69.89292985440372
69.52207434725601
68.31012213151716
67.24621524190798
67.29605021052592
67.75767626641034
67.92791520222272
67.09815386302702
65.50264589230164
69.4298532566153
69.61869926229396
74.43427121579805
75.8050815620486
80.91649842443663
82.91209362486657
85.68290081459577
85.57531439299464
92.0976501365958
93.48223033575809
98.23981542583611
100.49790667155574
102.05044187919734
103.56608253233102
100.98417388088369
102.77273950513067
104.16576313258888
106.25051445537478
109.54876529666605
106.36378429611912
105.71291868915928
105.28063590498452
106.31498000320605
107.66461615170323
105.3339188886225
106.88864754934815
106.99271557305056
106.58782241989245
108.14759456408727
105.703178578394
105.15489933973714
107.50786169100284
109.8719193989806
102.95464311653181
103.07866308968771
106.35896929745516
107.04533153375401
105.59243004108103
105.7281724598563
104.58111083246405
104.07851453285376
100.23065555617868
101.26617275539556
102.87438334326913
101.13273806595905
99.8062125426051
96.95874945534008
96.0723826134122
96.1262448743556
95.01240053396049
93.79261831726177
93.02929751200186
91.83978157274312
90.40029853112671
89.61291075624891
89.02962548727824
87.6967471185427
88.83104034557412
92.19584762175784
90.89332323392142
86.5368253222147
87.10153937511957
89.79333653412337
87.01790890144257
86.6433405856049
86.04488078632978
87.4219695227745
84.42996338465687
82.19480741672055
81.09519483091549
82.56639601308757
80.73777933998265
79.54210465229616
77.58727622395878
79.7147177704855
76.48083316278652
76.80520131809891
78.67170352945357
77.28202820030225
76.92236981754438
75.28282350925846
74.79187818292368
78.92773379661696
75.76572298225699
72.31217162142795
71.5936540304505
73.71110937182695
73.49746874869325
71.58893238894498
71.76513673503433
70.91704492119703
70.58886759440729
69.75682319136186
68.4282283199957
69.54548662396698
68.01129623695759
72.24535141025947
71.68514475791062
73.91428700980077
77.41396683019866
79.01986581825942
79.97496438116853
85.26091112027166
86.13553670625993
90.86894621964385
88.20067583611558
91.89639109343426
93.69246183891626
94.2909845157073
94.94564532989602
97.85419955836923
98.90896443656735
100.42496653798926
99.21995343607843
99.62316543594056
102.00205553739904
101.32800443889943
97.69395354249957
101.09478484857698
99.00699184510962
98.52086264017136
103.21310695706714
104.08278304479686
103.14466570031546
101.55143832373649
106.01487347247898
105.7811676214263
102.37852989560214
105.41945010802684
100.76687398400983
103.89212742038313
96.89305821364601
95.57138482010822
96.91324937216021
97.25897404664667
94.51338174944401
93.22716495795544
92.61968064575012
92.36794102279703
92.15530490273795
91.77330973588695
90.690934727165
91.47949422894416
89.20598603731874
87.85651341981037
88.0755958104196
89.24317692404348
84.35473965948076
86.56461218251617
85.41874778466126
85.74047300798067
85.17073879526757
87.08461279189984
85.76115335591265
83.32202650280531
85.52669687678883
87.36713595214363
83.56166418422208
86.78055663009525
85.12480882042928
83.43134769584199
82.82782258543477
82.55942263419752
82.24283877217067
80.40571039172961
78.91836827410157
79.32970305068716
76.85550813170705
77.2579379894664
73.75921216664392
72.67223835644859
72.64312633416716
73.19983610971894
71.20877245885458
70.24482603302522
71.09497067782786
70.06064827288625
70.15043564545567
71.48786240203435
69.63657934248522
68.55161987998224
68.0958687367269
68.43018318136865
65.5734194488573
65.70811523078282
67.69300705625938
68.18341566279582
66.62514886484291
66.69220908777584
69.88004101297747
72.3278960613527
72.82533981430583
70.96928002930531
69.6430481825978
72.26534314309924
74.86206312049151
77.415926072321
77.78809918371388
80.67839723661399
86.09412068995306
87.10932979701772
91.32761366124646
93.7227631079877
96.18574812270097
96.2352197558534
96.81228261042955
97.78221791736446
98.00238883978236
98.92429747732676
99.0751688718303
101.42300607392681
98.60621117541987
97.52458648530069
95.5363033623455
97.67781504335039
97.29681038360987
100.1146893972561
98.59920740693852
95.19806761839747
97.16488351430803
97.03736720098681
95.52017620383363
96.29421411034153
93.71118947650041
95.57508617198485
94.84987332248154
96.39397998338164
94.00617930521366
95.04500412306427
93.68722401837522
94.58428533521047
91.5868124242381
88.68108400797544
34.05791304794457
67.32090798407987
176.34145873274096
102.51200422146015
111.36638555305467
83.5827016207561
82.68165403785173
81.1281172140139
79.80272393617199
78.70246930719169
80.35578481006308
79.17476485089264
78.09937404908891
76.95855415939286
78.5888789415729
79.54860240388552
78.91431012578394
80.4760743457208
79.86083897386001
76.6317722263228
76.31068864995288
73.4097918088114
73.26178445094547
77.02348421848146
73.48263695853433
72.85926268780183
73.89033801171685
70.96069767276686
72.2831083144714
70.56562157408214
73.93814455808635
70.65242599415907
68.45865246708522
67.37495973328288
67.41105991030422
68.4954795042704
66.2278012840509
66.49902134966618
66.45387433502232
68.09034939811674
68.49455230740583
63.188746008100146
62.72333568234238
63.60903950299456
64.23931432043847
62.64460573719816
61.09592648898547
60.01483973389904
62.2503675564394
60.846831610487925
60.58879999530336
59.509463633212306
61.725176451002135
60.34657361595922
60.42788718174564
62.78141281015587
63.61019078094955
62.96651505986087
63.58654518202832
66.25384599140313
67.01581112711514
65.64946839230663
68.23965379301899
70.85070187387659
71.84218386783982
71.43188600711395
72.572586057845
72.8286123458276
73.09195510337743
72.81960409359957
73.17817713854305
72.58371032726716
73.9302505388879
73.254375181141
74.18874038461675
72.97965928333059
73.7553413175593
73.71348603209297
74.22244393330557
72.88706916725982
74.9730391770837
72.74930398880933
72.67563514847015
75.02656237900668
75.02280945541742
77.63401920308439
77.37150592219092
76.38941607153794
77.80108805988174
76.75493782910948
76.48251815291965
78.35503710897595
76.33176513308688
75.21144280272964
74.99388960458532
74.0219644766853
73.78568698529753
74.46340211294621
75.17125801283389
75.25018558952593
74.08924843710656
73.81041371429228
74.53378476160447
73.76720024094107
73.19199829565946
72.7104803129796
73.29131834631107
73.94505728649187
74.0959323866623
72.99211573579973
71.27191149207238
72.52023047388411
74.07572355415577
72.20535573835878
72.67920223009901
72.5093008957615
73.74342962442802
71.29067075557167
73.03086167172887
74.88682708786597
73.51905532892624
71.27731398328069
71.26912404642644
68.57374573417678
68.11773435361715
66.81795758667386
67.64207366505752
66.30255003312064
65.39164217078411
64.1592849009744
63.93273135360778
65.04907804882805
64.45276150421871
63.03648938569086
62.29050504881661
64.3918524813565
65.5746068367459
63.40975831298006
61.00736452740192
61.27921456759745
61.003497654200146
61.53918240370012
61.73000766613836
62.47590647324697
61.35241798880611
60.07805786565519
62.62139711746113
60.39304504435313
62.41273171787907
62.014472534645165
58.848915093067035
60.89551380228756
62.86207566334974
61.58968291624433
60.81527682492214
61.61642608258845
62.778456370684125
61.39206387084846
65.02330553616594
66.04072017044066
68.74919234309772
64.82267900609008
65.90693041513032
67.92678039312818
71.34232443653647
71.10871564017681
70.0321707606929
70.90293063316926
72.35609985821543
69.53680096906965
68.5481745506163
69.31516112936586
71.46388138459884
71.91286794158606
70.89610523523265
70.99744869644798
72.13431271599731
70.97360851132261
69.5482320617316
70.4448366593715
70.2937449040556
69.73235216121088
69.28062524398956
70.38370138978576
69.39620628804755
71.47968795085787
69.89331769382125
68.66044036486323
68.78024736016391
70.4378503310947
71.06708300853029
74.24460273167824
72.11891365899884
70.3916728365798
71.82825998072713
73.16348320050429
73.02168470849277
71.4168379608675
68.13637617080576
70.57153101880635
74.44572623988097
72.75287480555517
71.85016984537242
73.64236692828081
75.72722765607091
75.11083095140475
73.14190940846629
77.07126080492958
77.25799914608729
74.40080351865163
71.9529310368805
72.64971685570299
71.63385248682494
73.23555252125584
69.5105699609735
70.928614374359
71.42234315998985
68.64372174420916
65.99196935361078
65.29971981338008
65.64916856603237
63.49111750030056
65.70034299458368
63.89606689264505
63.075770373723216
60.96049471729338
62.84851186125417
61.60888431923116
61.337558954003725
59.85555579048029
60.46293008657905
62.357747664121916
62.346961455233966
61.92093799817826
60.84592032381015
60.87701954613373
60.397265960266395
57.83018475532435
58.288363897277804
61.042437179124136
61.67532143438076
61.08624477492159
61.178899225266115
61.48244988096304
64.36781538405921
65.98099864335268
67.57532756540138
70.21556416605006
75.50383743237597
78.03969776966991
80.59878590957601
81.50884286849441
88.2465184156863
92.10709935329571
92.25012957630682
92.92633986645001
96.10815756144214
98.5055478766833
98.12436872588925
98.71823192949303
99.47143965614288
99.84720415551143
98.98406647347053
96.49563051683084
99.34069423553169
101.58685716998869
105.21010617556927
104.49967424516359
103.2063435329303
100.64664511728726
103.60598641966206
106.37673729661107
108.25244348798195
100.65485170195645
99.79251183285926
99.37702596661158
100.87051242091277
100.78143525758972
102.76713270081805
101.30441850937984
100.38735954253985
100.55417906465554
99.2749497178444
96.91047942523203
98.99296376839186
98.15729859329812
97.12762237971378
96.06809296606231
95.59622248482273
93.3849135462419
93.05654853475914
88.0551523162772
92.9545536106598
91.97061371322526
86.89860718035803
90.52297592218088
92.24968763046729
93.69225648587008
92.29619518963501
92.55049688350414
91.78641500106369
91.82053188247914
92.38229552279586
95.15994339428448
92.98745233331897
88.34054701838978
81.41137705694359
81.69546537710221
83.56553887499614
82.58512940598115
79.39206799010003
80.20379583558656
81.12880792493871
80.12633617975939
77.2679941628744
74.03489278673487
76.32223334941
73.99313208143121
74.82852438739428
75.55830708273788
75.05276235245987
70.8935198734539
69.7796350876431
68.95278121620595
69.7302345760595
68.08731556454154
72.67293945270558
67.67241528210207
67.13142596532634
65.95343636607026
66.102342593108
67.48111701322591
66.54184614620544
66.30654673533832
63.32913950799525
65.12069952171214
65.23055779283982
65.43472388478926
67.15019017331838
68.64644406564776
70.25652176323001
69.85501236035157
72.19024746276978
73.51144764609944
77.95138747681676
79.37414531354057
82.28182325897797
85.02966581159012
89.3506306092051
92.0701040851946
88.87661095311215
93.55754457838808
98.98095885140812
102.132756648381
105.38237675361353
107.34176275805792
104.03980637238038
102.11822769606542
100.68200085522393
100.16330047517823
101.87816357982199
106.56705153836428
103.33536517685071
104.20041390671486
108.06710480220954
107.46757390761827
107.4259069903499
107.24084749597684
114.1332665062576
114.16336676274325
115.23470492232273
114.66831093226438
115.74697816371646
114.66440474201816
111.14398830008484
104.9582397091599
105.7012747767384
17.504751096904783
64.93612304888674
47.68426426113231
125.84449440175732
100.24080329775195
15.63204671883841
136.44148872897085
96.6359067981845
50.662940706830106
120.9898174746304
93.58882186331165
88.83372605833195
122.84775043313039
86.51193139603669
84.71258812911645
84.98818767942632
85.56829634315896
82.34175184107698
83.9740468598884
84.47650868464143
85.52962720517758
82.87477816566525
81.82935472059353
80.9051671686891
82.64220785082057
85.06914177355293
81.35391923947668
81.37404518553285
82.37260335104361
81.70894523882316
79.85049515491642
77.47625035593092
79.22654008242222
76.49918459133869
76.72221831965044
74.39374066863729
75.13274728980575
73.53581214551127
72.35719710298577
71.39186817933296
70.10793667902385
69.71776929687348
71.47233050062141
68.22361306846483
69.12938546874913
69.00382275074185
67.64656145995241
69.23086217507921
70.67293594717262
66.64970678181515
67.13139947906734
69.566811687876
67.36149284287023
67.82890957148999
65.91944499399241
69.42388742355479
71.5615531228263
71.28182464702513
73.56448857718215
74.21532308497854
76.7533327530466
79.75681057379052
81.19938763897562
86.90674126662542
92.774066032224
94.10239768170618
96.4054997073622
100.25977452411401
103.73215799608982
104.15743027411303
105.15525631795381
104.7874169274301
104.55361341571103
105.35955355046858
109.55737670065788
98.5375597501718
104.07186984397825
98.62796070950996
100.63962998622446
105.17520903410288
107.22407752555212
105.01103838849991
106.95103358979172
105.2992971339716
103.00625462206192
103.27186448653141
103.63335034730088
103.92456510764627
99.66408025338647
98.73465913905856
96.70938017308708
99.97782887250098
100.63447802472102
98.4651000999504
100.08159682819918
99.15017714284697
96.47918124722183
96.75171428399192
97.92651932943585
94.19599636146552
95.30456177823226
93.50647385622273
91.8738124041281
91.52826601250169
90.52140048893881
90.051752832406
89.1374139879554
86.37781691690896
87.78492074649354
88.68153291921271
87.3213418789926
83.99484494454373
88.38627545200183
82.98956808735193
84.88753946480392
86.53268875902245
86.48326396649236
84.72003581633942
88.19193235978035
84.26825015933142
81.04361827444815
84.29407064958741
81.11614152152607
80.769306918957
80.92248080877644
76.56236460672199
77.76410687705174
77.4412527005461
76.92502348764242
74.70345027709118
73.18161790762679
72.0665493031745
72.61536220081598
70.77658265247078
71.34496717234833
69.48273546580117
70.6321447300868
69.14461321419299
68.7720985957817
66.1144601583735
67.15878975863302
66.89954241547821
66.70614247929234
64.6565269744874
67.203361353437
65.20586721123618
66.11027368184955
65.72513194293272
67.01779859272187
65.05018785420134
66.77322454344358
67.87440924768816
70.59639656577542
72.51557869800695
73.7275786995101
79.12595876691694
83.95321613692151
82.70800919684598
86.09039070164059
87.40341252946291
92.33114439831147
96.3956169659509
94.3016301308584
95.82485036803197
99.54853971091907
97.98660661351809
98.57592917277643
100.85136586641396
99.51225390986778
100.69140296717879
101.92788173303155
100.42633744267991
99.74303274584088
98.87694402042877
99.11356451936163
97.67025470699446
104.26042300666076
104.0964115956127
107.30209604927508
103.95286273326977
106.4523144894531
106.02381477316733
109.70731225153916
111.87842974994011
110.57523820011862
109.0764012914829
109.01337961867408
108.30118671359067
109.38814372281551
109.30282290568387
107.40835706087613
109.72517357749854
104.53296058326578
103.27160242863505
100.32030229612812
98.37002312396362
96.93912524338559
95.93917985350345
95.26739998623567
95.60002022401574
96.87578852167245
96.97065749370879
96.35061652053945
93.19767018068774
91.6319097141517
89.57443462230319
90.72834853256542
87.23657227530003
88.97948529585256
88.84053992244188
89.61709792165651
89.66206807675994
88.01829116957089
82.65049576533929
82.1045148296264
82.89528811033719
83.01241879368787
85.72676515226021
82.01628394579011
81.84022251602141
80.07966288300166
78.67915180564455
77.70570308472747
75.98316763967273
78.16163873853452
76.54000061895363
75.01699277570073
76.09691948707878
75.70785777980564
74.78213878770646
71.66507255207053
72.44940514959622
72.17139074935335
70.61732331763287
70.63341450861756
69.49045543063315
70.75167376737477
68.83327142473877
67.7004898214098
68.41694936432714
71.07664538904214
71.06864390026544
69.55542221545898
69.87512477126438
69.56024687585
68.41694925477759
70.48030346081987
73.05710604418368
76.26708915044287
74.43191419025356
76.93156963519482
80.05297989158021
86.42350518214835
86.04453873274281
93.29464713693622
96.64399921807366
102.46149515739285
100.71308463703113
101.91547992681835
101.10765333925542
104.79973139472871
106.42263348847318
103.72172920788223
104.50168356240779
105.70357104582541
105.59428492210289
105.36350015579183
106.33301638267474
106.18980542238062
105.6363457072174
103.76388851320645
106.65538322219035
110.93199958916948
113.43116732560948
111.0977332503744
107.03434897874382
106.20766665852213
104.35331425533228
105.95381811970248
104.54026092236165
104.88449876575187
106.91897329354171
104.50326637019323
105.87370945932673
101.27775646006394
99.64830261449924
99.4774707690301
98.6000382044126
97.88577537129834
97.67860892943148
94.94881327226628
93.0804792055676
92.22716593752521
92.14989875526541
90.90984111273102
88.72010186659938
86.89933102363784
85.88988259496637
85.01543550743142
85.35169171967041
84.48944131846454
83.28864319203075
82.69277431217388
83.17512956775946
81.74125069218367
81.54114613282758
82.28432793254493
82.62545581286739
82.82800750060315
81.73814228869696
79.51803715741524
79.7121012454254
79.26781888059963
77.16387677389753
78.21396857664809
78.27303640495711
78.58172965326258
75.44346209279502
76.60220804953292
76.41746443911234
77.83288763185806
77.66584191968786
76.66080081907194
76.05338313272205
74.35656221176657
72.26009745519558
68.24099452852647
67.88418036399275
67.6964804374345
67.66224341571797
68.32067103630561
68.47787812154866
68.06091247095456
66.96817455268396
65.0003803747934
63.71318126978417
67.0968705760756
63.69093881899562
63.02942558515247
63.85429115494844
62.202323925601604
61.440966438609166
61.947032372085914
62.74912516085533
66.4875796745489
64.16519053270294
66.09317447515537
65.21650754900406
65.05618968193563
65.13223945918912
65.04830653335443
64.53653847304122
66.68980410748782
65.94569403449759
67.15924888035829
69.49667342460589
72.8162704358765
71.68424273590858
71.69323412040467
69.85043286412952
71.4232087501041
79.36232590602867
75.01808738865839
76.68069513935416
78.37850647621258
76.76815460505281
78.41488466907686
77.8068961741476
78.17952834348648
78.67915408792847
77.3346069437498
77.10731391739341
78.8497162707888
80.54064966743022
80.13434385379878
77.29499837358821
75.07235164333542
78.45757663669292
79.41698311993468
77.15534347777088
84.79561827323435
80.96696820808938
77.7607029348319
76.62663134814534
78.93379606986468
78.27306893318051
79.59269747834446
80.07620779607328
77.82390150389499
77.39172067078516
80.08623579922369
80.88631929896158
79.52812408117734
80.15812714397407
80.45587967923785
80.41217923678322
84.6226965685675
83.57989753719903
80.38673474105735
79.1507239618818
81.88681371500613
78.93956332580956
80.26443579687589
78.02751604886589
80.55126578029055
78.35898225253852
77.82865569452274
72.92858375012281
73.89096047234639
73.99866463401645
74.28436133289043
74.17341628880627
73.55575371922677
70.42427387761904
71.20992847386584
69.78749985159874
68.97543859157025
68.04908571187752
67.50542048833222
68.57580137252285
68.97040370932226
67.46349370063211
67.59207381877786
66.78244130873003
65.5324648166611
65.23550294434403
65.17948876867985
66.27944578064937
65.10607779509479
62.627094379938
61.005828628470226
60.05131818997552
61.906585733580975
60.5717914397851
61.03831800377088
60.361499829457216
59.592700123011355
59.14667048683684
57.84216750969608
57.91811572350912
67.24034332489134
61.581893128462525
60.26309344013972
58.73565143331142
60.41245046243753
61.920520690703654
60.94273486159244
63.13891632304192
64.68295745875747
65.99837488821595
64.98609932269142
65.33802772362976
68.11991611049007
73.70924798900494
71.02984164214604
69.00169191264854
70.73409412322764
70.37223094743071
68.81892400277867
69.53343733281068
71.43645912181546
71.65875859890826
68.96740613669056
71.25231951076132
72.58254348291548
74.18566392009669
73.31354341520392
72.53321186928542
80.79510130249082
80.17525960606508
76.86441749000551
80.7709264652135
77.59513516333618
76.79254782090084
77.15643919227728
77.61559513975567
79.66118338588194
80.4509628661185
77.8859429752979
75.75013982007545
76.85941527958062
75.62359982830685
80.23228509148316
80.13449551864483
79.53451703700175
74.9021530429323
74.08584083989848
75.0987422569383
76.46396311078593
75.50180943300222
77.73088090082595
78.05970061652926
77.34452848607934
79.06041067780149
77.10935515465371
76.21831637564128
81.29446384039329
80.76612090270709
77.17991704489896
77.67591443717046
79.63745538138309
77.5626249173302
74.90800953268568
73.44752669501497
74.73895051011118
74.0076916416881
73.89779631806256
72.77256218403275
74.89143456882516
77.15325404487665
75.82720492686121
76.70742267766445
75.5656841814191
71.14936086047337
71.5101359469504
72.10399900873053
72.27875614998865
71.73608309610078
71.86540531814963
69.36487993554928
70.75264960736453
69.44945688120879
71.62213461801252
71.59662678546162
75.24814357327594
69.60479481985135
67.34948816433847
68.14153925144547
70.00866033724992
67.56162000637725
67.20799181765746
68.0236207668912
69.60694233352415
69.63294340161814
69.15614692999173
71.8845801652617
73.76503666373016
74.61393609454126
77.88145315749432
77.08982131590436
83.21901658517811
82.37335725474834
84.67000906893273
94.46376318627763
105.9513941809379
101.39163933225882
101.88043335164642
101.99186915513991
102.62209262164521
104.23782548504445
106.02345581037888
106.361226144923
108.87416054366042
108.9412093663059
109.46136698973204
107.8120092762927
112.46264170656842
109.36445618127092
113.5150826162813
108.85425875320117
110.38666984895423
110.4948044662961
114.68950677541433
120.40857195484533
116.48553594275202
113.27178957300043
115.08388636564301
110.87700558109422
113.8697390580981
112.36983829411885
113.89038784136922
113.32902101189075
111.6842677084619
112.72422163672185
110.55595484490063
110.65217371569335
111.87332955240875
112.91445345258157
108.9773772466669
107.55411570964301
106.07382785840127
102.87422002557288
102.88424859939332
98.98807998750308
97.87866569555075
94.2211068269734
92.5445993863527
96.17343900437518
94.42898978817183
96.32887034536846
91.41356736983556
90.50185373196746
89.93757454752814
88.33237334876354
88.20553262665157
88.90705416160073
88.79303840091617
87.21341525780133
86.17343986469345
85.28301197842181
86.56372768994275
85.51191125714662
86.00161156727202
87.95261492245561
87.84232347876645
83.49466080827678
81.96645717584579
81.8620562703511
80.35463563652185
79.20588619081968
78.27983633420286
77.02472063981918
75.56142796528366
74.44380900125816
71.43699984626119
70.26230846453382
70.76325801182315
70.64422180738211
70.59799656133214
69.39875199782091
69.90437655562641
67.73148398734725
67.52852124917331
65.55784143825645
68.23024991718808
68.4938212892605
66.55072720955127
66.20649436670806
66.57946094797535
65.27341724308076
69.08657786544973
72.72558632204459
74.61834675201887
76.33437634289817
80.28472537174444
83.55213739056913
86.8478993979733
91.65133588108274
97.19688836237258
100.8976771474845
109.55217629016624
111.9423049559407
110.00618331288791
113.1285374467109
114.22029687256395
113.1253780287812
115.40155294676553
117.08614310698545
117.24257234967732
118.86553257256956
114.9055854329947
116.56938749616748
119.22687221948512
118.64554639248009
117.26272662332933
119.01872820226141
124.00969091400766
119.47554120962896
121.29851020687857
122.5286422074162
126.11998258268068
126.41179001109387
123.18928101386062
120.59372638421358
113.13113254268399
116.63927756637973
117.60138381846694
117.04643220248971
116.91547361501289
112.7431263490675
113.1542347451499
117.15220836882493
115.38155625981645
112.49674262016723
112.23074090501288
108.80017493882437
107.23054807783129
106.70533242234713
104.74784462383438
100.2576854581125
101.6169346893566
100.75662720992737
105.69044856893885
101.46691370161719
99.47492527900617
100.51952693908794
99.84618845917002
101.87813333680604
102.58716635599876
98.136523869749
95.78127231971007
93.92311219533508
95.86154029470708
89.79370059291386
91.21856513694252
89.40596077719357
87.26533870588285
87.13275884806353
85.98676027532292
84.87853659974394
85.33769457746598
86.12297098097383
83.26154675561952
80.75203107571906
82.44624771621216
79.26965974975292
78.5271268260899
76.46034372599372
76.62911817786608
75.26223357138649
76.77479775512006
75.12526680462494
72.53087646524868
73.66533662534246
75.57959227666372
70.25091273018433
69.88528134779631
70.28684868645283
69.22717929337834
65.95690923187317
68.05882296029067
70.17234728179392
68.54716104825457
68.39969336877073
69.33842539677539
67.72052600965748
69.79932065584299
74.09451782703738
75.51206281925238
76.6059228484402
80.61027395649486
87.86155922306625
84.25527649464877
88.99381387027519
94.03485588352628
96.06354183338074
102.16781265530558
105.3051839815475
108.2416418106947
110.1269339154403
108.53330950088723
113.92982815977544
112.80480318659588
113.27138484899048
114.40693930616942
116.0713359103611
115.60330557526044
114.56748620933499
114.1888649472943
114.49266497155791
113.21993630355404
114.34219500559894
112.96796840351104
115.54245828401972
116.25301206244241
114.21614146603542
114.96693892229443
114.86979860416112
112.39722277394672
112.72807850147149
111.15366500498722
113.08866792731712
113.99804877369196
116.81103458777797
119.7907877240631
125.4053344089043
125.26220543281794
129.7617174086032
114.76856525341024
67.86745155426121
158.80723131232003
89.88975905857237
122.55364265937264
97.37088144523355
107.45629372763064
100.62762284626587
93.75376696952124
92.38210189320199
93.63089518173302
98.26379003593308
96.32024985490125
94.32942043534067
94.68757006864689
93.59745095140079
91.05446176839905
90.7802639204765
89.6965883612636
90.20255210143205
90.53272972377113
90.59231075444814
87.08741793402837
88.23311813519955
89.96848501247428
87.39989807702825
87.72420543070352
83.93799878178086
83.35278705332065
84.67617096095717
82.60875616994957
82.37980656881855
78.6599818185598
77.23763965634589
77.81697866024139
77.52189601239573
77.72010207551142
72.39957766271795
73.21697756422142
73.54214617537946
71.16339802196073
69.31884176294412
71.3507874709855
70.13591894284045
70.85606665276119
68.38318979809983
68.239000924594
66.42261020060954
68.54051104345993
68.02900270761636
67.7147099595247
66.1161891089021
67.92514082796421
69.87834085528563
68.35119004339131
69.82212396826097
73.8016121740261
78.80507774580121
79.05213040261941
81.77366103866156
87.55368307664963
89.98631824774228
94.30779198249847
95.26736954235993
100.35318837118203
103.11902616539592
109.34528504043811
110.42234442989363
109.70020857770997
111.05242185842107
113.38806249436522
115.31764941648481
111.20051021172561
107.84696596923702
107.14182659913881
108.54788592449225
108.80080550221233
107.12090926574959
107.97031411143003
108.14268138623181
105.67068843291781
106.96863611648331
110.85065657208138
110.9099022201506
110.0827998050124
110.20967453942302
109.4580492634797
107.21089642959194
104.43434342223628
111.29724987045866
105.81496231839839
105.69594688871415
108.23442843510783
107.81588060831062
107.16339036402915
106.66181951085606
101.03753420431255
99.07008268524748
98.30614751304952
95.93665891934411
97.0898614721425
98.72118077931299
95.59089787776657
96.2424028948272
94.91585112811009
91.42004518384849
87.02104188406204
87.93522240410677
87.90364912347485
87.47916300352642
87.172447963048
85.87233432310424
83.60442856379973
82.6160030173553
83.71665305989154
82.2029670640334
82.70318516259228
79.85550377052147
81.20334665262523
81.14781168632004
80.78494367127057
80.85939035860066
80.41233656749898
78.36363692315194
77.15039986735474
75.9025964964852
76.02900865598728
74.8183479726111
71.86493101038718
72.95745677834202
73.17981591530088
72.68017204147938
74.21787304643317
70.81043999333801
74.07446184124815
70.186322130804
69.83669684652945
69.97163369488601
71.39821856357244
72.99670716420053
70.37923119945722
68.08056631933621
65.59643172853751
63.84606856424446
65.35303467865793
64.9845851573724
64.49192291742654
64.78410467826637
64.91347987049335
66.20564000100882
67.01453084220354
68.84215322706072
71.71619739490502
72.99269044080407
76.79460101284042
76.60945834759366
81.45345402520759
85.53347343308525
87.51666655299776
89.82644562620108
92.47975962939566
94.78279095953013
98.93653648089193
102.3809062436838
102.26181614058953
104.96558086956966
105.00876174864682
104.5901576953432
106.54361099139352
106.42718753272752
109.43192180548999
107.62935804605846
107.62691801734621
106.70790570386232
102.30579573823417
109.52734583992716
105.70761573004857
106.37828720682705
105.06681075328152
104.93271769460898
106.74289282580813
106.15711122718672
107.88782700259435
106.49423683441864
104.15520069005652
102.50370329083785
104.6764710310828
101.93681267015353
102.32540907341682
103.28689719150819
101.50674058396346
96.4380246678821
94.74999518995446
95.26877199762916
96.55173487095296
95.41856330764737
90.67158109358988
89.72319991843784
89.65804743144943
88.63507950559591
94.94834266571044
90.46515368059093
90.18217040943499
84.53884696114328
85.30619895846257
82.89415113830957
83.86148829123337
84.26963843595311
82.70229425036547
83.0894339478858
81.64719988467283
80.56368300518412
80.73681725828837
79.21132863232131
77.93051102409434
77.6917958047185
76.161072727873
76.06415821921819
78.38283351100668
75.93018632897909
76.49438380197017
73.66335748100884
72.44896427898436
72.75072481184783
71.194042299985
68.99289677407921
70.50597091922236
69.30930480412889
68.65703079814914
67.24075359401911
67.49223206030823
66.76555171713878
67.40825317860859
67.288877483454
65.56148378206402
63.8093089521661
65.14380611475727
60.657248158674506
62.16807051294841
62.461470422690226
62.756513845015384
59.94179198072707
62.127822296479735
64.00019463959762
63.17913386590033
60.144041610807655
62.14118712470986
61.04861791374492
61.64728633486834
61.154552924051245
62.59510388141886
61.477353153050444
63.31564345604852
65.46082805946787
66.63983922704575
65.34856653990641
68.86962688924882
69.47736745145312
69.71163784275336
71.08354178264244
72.96770887072421
74.03434293620262
74.35228731809525
74.32445892802285
73.92584340110795
76.77749230540691
75.79704527940999
74.73411242511725
71.65229746992986
73.47059247264309
73.77542400300487
73.65557810663313
74.09164730253003
80.45202262073379
78.79490210881049
77.18632561484901
76.46188193734714
77.35615680183173
80.24374341443922
77.09716122171903
72.37090876956438
74.77481864215449
75.30138985681651
75.90195550371209
78.14947741123092
79.85974291292875
79.03718799518128
74.68332945165321
76.44650121474147
75.01351908801561
77.27255657910712
76.46181544721797
76.65837593157455
79.05043824214295
78.80977701805568
80.09983407156676
79.78206512150422
76.02908713974766
75.07552482318677
75.51382378638294
73.94688980272542
74.90445162072668
79.06207032507223
79.01544269832402
74.83915907226289
74.40622846275554
75.76742517192389
74.99420547261384
73.47955788372472
76.0926941370079
76.78681415997903
77.46471853438106
75.77132681511172
71.83782044716276
81.3062980412571
90.3257234172411
89.3417147884023
90.48329079112958
72.24865185217044
76.08634062060014
76.10673619200954
72.38802965844928
70.09515791818984
68.4748218893495
67.81669256933539
65.24807868318646
65.84080226666406
63.874756489685794
62.70329803482675
63.054374587304196
63.24467962322569
63.00424326603021
62.913513134904186
61.7160956921113
63.83277942090604
61.70336844985578
59.344941180347064
59.09715128915395
59.83454279691455
60.14040148375532
58.12327749865578
58.46448529383314
59.74645281433797
58.125400034947475
58.8294311128174
59.3964995681675
59.08913427431085
58.004607768406686
58.23860535395493
58.91523761188594
60.26253623500459
60.37498999384499
60.884947757588996
61.35198121012104
61.020177880657684
63.715444484762884
64.43506475860576
64.47490223650948
65.36562083604281
64.03834958841253
66.1495582891032
66.06117622078911
67.75696861031065
70.22668330771194
71.11509480327098
67.96037514901104
66.4821739067736
68.28373715776092
68.75587144757706
68.2684401650688
69.43117191249144
71.32784883849104
68.8968692921228
67.01158807574211
67.83159911860366
69.42553273045587
69.00426937199704
69.6139834528683
71.99249891892191
69.66078521528107
72.15295326799173
74.57258041301839
69.12699409691186
72.42023698571234
73.50575469217745
69.45686849202752
70.92805973806503
75.29287056352833
77.00602316560571
76.31275042336847
71.62944698708134
71.48001263854758
73.38620965084814
72.12765180290386
71.99215863609065
72.33672392862184
72.9927089400794
72.51218742323378
69.25864160384663
70.66839322663782
71.36310647293499
70.90030734532775
70.39908941892963
71.25367905535268
71.71142878582305
71.25395603502807
70.14539309976567
70.19963497845924
71.57182808950375
69.9384476104222
70.69944842092377
69.46826495253754
69.83709434318916
68.8638658370628
66.03115568017552
65.74974930464668
63.75092024863898
62.53118078127545
62.61029503665418
62.140137621839486
63.12750133246391
61.04342851994879
60.11584944046112
59.977845935339474
61.27282299747305
58.15276385204902
60.33545763483812
58.888950134304956
57.93610937331148
57.38569083055961
57.46866067356301
57.53020106138639
57.2613191731518
54.41784055083797
55.8509142909129
57.0851708655448
57.71478368288058
56.315165857210104
58.54002617490414
60.73418530070194
64.77116526215877
64.58819961689119
66.30981485519283
69.03103881657762
72.76582784832522
77.74139306385723
77.24926905837401
83.4378763720174
88.61620695755013
89.86597913641336
92.45287510257482
97.30608576498278
100.11765951264695
101.11574361454831
98.67839535173508
102.34360695078739
102.42382399851762
104.90327907874837
103.96019417203286
104.96209825686971
119.97483978736388
119.40779616032242
121.21754798319559
118.04526499637169
119.85366775997392
118.54054720058942
117.89229652628924
102.78342086883875
104.59011512122854
104.77051077749523
102.22013568539853
98.96521729306642
99.84880299275933
97.98345091610311
98.73399060861777
102.25621102268772
105.9616485062394
103.03603041138042
99.51189282111017
100.53998888086345
102.02313283164588
102.74244432341888
103.09020150184246
111.65713966353381
111.56005503074552
108.95031013203332
104.92679637384376
112.65664639352572
110.69638925182699
104.960247670741
106.38537498462186
91.14576728256361
92.96407317973483
91.65001100447472
89.53073003958058
86.82546237735072
85.024300027373
85.58993764211702
83.6237884726279
84.58928817373268
82.017002963371
80.30455462662414
78.62751147179547
79.48905721488913
80.0771491833353
80.85961471894134
79.61750404209397
81.48883624748606
78.82066848194077
76.72130176118301
76.9844276433918
77.72808983931945
73.26516270909924
70.82252311842531
71.80211006545913
70.613755435965
73.79324631964519
70.78184766811061
69.88222115035299
71.32228342798835
70.20168078368343
68.63776340777454
67.82228298684831
67.18929526232482
66.04402781775231
65.28373236173107
64.08511387891056
65.12725223654151
63.078985995294296
62.17504886527951
63.63022217994924
66.44815609309141
65.6082179428479
66.91948648688242
67.87727763137846
68.19203790830852
69.90137829162904
70.9594901437381
74.3144068774252
77.9186814214138
76.64546465393096
79.26198930539276
82.7335536720045
88.19919223435042
88.17276718776712
88.52535572200405
98.81981671337763
95.48699909811324
99.11122839918886
95.15487127804056
105.73849553177345
117.16362367471943
119.68174729385002
118.44536148200521
115.22480393885948
123.28856936163437
125.53967326962854
124.25767564947449
123.2214594519912
119.39522322085604
124.3648763020999
125.91345829202238
117.54240139523313
119.47290694555072
124.2363659592767
129.9055478434833
127.72870237710566
129.6462830466059
125.72731789235411
120.52571414364814
117.64412109007655
119.76929608633597
121.35560637865433
121.23469519632637
120.02493365280228
122.37427772901228
114.49799548930721
101.30074586573068
98.54644308651872
92.41644483685684
94.44083831815976
90.43463440638206
90.01635547431562
91.06029268472616
89.4636749204095
89.95562974955224
89.1537381666626
88.1088508566865
85.68202519039544
83.62262439685388
84.34852215710681
79.56313127751812
84.25604955719348
81.83081498072775
82.99423745725358
84.7795327264198
83.42234190721477
81.75504712303315
80.50400614026321
80.82064430156457
80.61113998733217
82.35667621142196
79.53649967443351
82.5179084597089
82.39703886614979
81.5167006924749
83.07513433537825
82.6057830656791
83.13407688924677
79.66556615978158
77.18450056847435
75.6656804995063
73.80306560477271
70.69969496616233
71.65579174788212
72.24872356592378
70.78905923930378
69.76814799475785
68.82022043954078
68.02763104127851
70.34853725603905
68.13999096987959
67.7627796752346
64.4002465977713
67.1897195955395
65.67660394371191
64.95165568297459
66.83444743881137
65.57811264877017
67.46050798359619
66.42775209603201
69.40980997929842
70.32209548204347
69.44821423728666
72.93177862755192
74.17279922412445
76.30974052259853
79.76029489943744
89.18274678794478
102.23118947827516
105.63895335356301
113.82471467765617
111.46385677822445
116.96446055418168
110.09856288099725
107.12909779703766
100.44369479207711
100.83640373749859
100.87164811057075
105.96124890071006
102.73655420258727
105.32747272636048
105.0547220198301
103.75721857890082
106.5457854743137
105.28797278955656
104.82381902434338
105.63988293805878
105.62526557061392
104.12198321494725
106.10578716106443
107.57715761763623
103.87219977618861
105.03769090752964
103.42845726294723
102.54575199846144
100.83933176872692
99.77352045186086
102.39353966233662
83.0708290024726
109.99423029707259
100.17388929540991
97.38366811189816
95.67136135634084
97.09430818077524
92.47361144355288
94.03010205555566
92.04267868766402
93.6768801488274
91.1535867306274
90.46837387636407
91.15917618842718
85.17406134933469
87.63732822854809
85.59839465876075
83.17326471833394
83.19020571819829
80.0644391546225
79.99739580731966
77.02814179225902
77.7065393871419
74.37669223118655
78.46304408274727
75.55006330976084
78.25528981865295
76.36066094541582
79.29923699808542
76.63874531018377
75.79596946995785
76.15121132354875
75.32730062624933
74.30422013217571
75.50430973505149
76.03383188685052
73.40255534941548
73.11291197393007
71.91586838613557
69.82996707446591
67.98429223336666
66.4901808300358
65.98118814111308
66.81966526148312
64.47006509448647
62.823409430807715
63.74946632556862
63.821704089386685
61.982411675765206
59.41785171201039
60.02693467021368
59.64813472403307
59.401946598111394
59.12934368436413
60.99973516999225
60.844385459106036
61.473562637052346
63.19496708973384
62.452318623266365
61.98456118258821
65.51718037367996
64.95511383784515
65.59313933898625
69.1195255801897
74.28529677139932
76.11020746441909
78.06832226107986
81.06576226241395
82.83771947685386
85.80043514821364
89.50635558769045
93.87823438763644
99.07692274223993
98.50612883974463
97.85850323137947
97.66588383005364
103.49146286737582
100.86147012610496
99.29890008658589
102.51161912819836
101.7201666192873
11.660931300174298
97.77803928753474
98.77975838288117
103.99819567058441
103.68380021427475
102.38005481514446
103.84589775442056
102.62730588767421
103.16244807439614
98.78924220430046
101.6009874110668
101.26936652102071
98.61869204968502
98.34414989935635
98.62213117883908
100.03887261575683
99.98892129101229
97.08337851516762
95.45399764117155
93.531730879316
92.41822851515371
93.36457462981707
91.97507677606154
89.5462475597014
87.7549728851928
86.87567079263545
85.07449767623584
87.15897214377289
85.28395582102368
84.25881108544945
83.75325395886279
83.6145354126711
81.64290001031395
77.95750126945708
77.82892787514017
80.2866309443989
79.42749443431171
78.73835722796593
79.61219652825298
77.32403423534493
78.40183671158047
77.81428045271514
74.28480435895995
74.81611188834609
74.5740736510088
73.17391423111007
73.49897406606897
73.09339883865664
74.93291331138084
72.42938486953517
70.49572999939323
67.97385400050507
68.45029630326326
68.25857073904172
67.72432663772815
67.8520983553135
67.55913295157984
65.77932290781615
65.42470933743843
65.59900613563786
63.74114767135227
62.30377316736554
60.249106377712344
62.07285713198007
61.41231390541202
59.362346221391
58.70951953210101
58.918691476874876
58.465605899635875
58.45834393806285
61.594733880041076
61.60955767063289
59.44825986215561
61.674421429152744
60.797728251884756
63.82812019664334
64.79546629034758
64.44750809084303
67.50872183194701
70.95527427850493
74.47431160675501
74.86504275378957
78.56855713549066
81.85932773870582
81.46245388826355
78.93072644332506
83.97934913016002
91.85012189105396
94.78698444755585
95.24316977625175
99.9758982085356
99.35068286611366
100.76135236858067
97.18614820157427
97.81400230334589
99.31045854623443
97.31517732333403
97.3253944490686
96.66321803921934
99.80298860626618
90.74272680939178
89.42770682993729
91.5752688603884
91.57146937832431
93.5353903448347
87.17826651802673
89.55104541861778
91.80524689648823
93.52845548680645
94.31156231258623
93.11466066560084
96.98824191477473
99.06007990885797
95.6063914975613
96.55742626912482
95.9316484715989
87.80028508671958
86.74245535523136
90.3176346463605
89.95955838499508
88.07442444177119
84.77279243753196
84.54934190361837
84.55839477244831
82.16685824231558
77.3591627186322
78.13734386095976
76.91742570063661
75.936025561939
76.87946111635165
75.58564805119704
75.01624691209213
76.3014300646912
74.98977796356257
74.60449739297724
73.453492560619
71.04285813264823
70.90930637513043
69.55499651020182
70.68053904185422
68.2992000665406
67.79132202727033
69.16082812361401
67.3500504751321
65.58866956503607
65.19326686949444
64.07775393654288
64.61857626106826
62.738622431549906
64.88422323399689
61.91363205429684
62.30497989848914
61.84317176396381
64.20765969731478
62.66775677077385
66.76132680160647
63.76823293750569
63.59023415590887
62.131153355344196
61.16075841684642
60.208228353051254
58.82563548290159
59.539958024093494
58.36642036337956
58.62666390950676
58.4428032319895
59.284744374395814
58.493679206743536
58.89589423074176
58.720523845371645
58.274494367588204
60.65798632154217
60.80975582446081
60.85204105974981
58.84395697236482
60.17003925069935
60.81612272150073
58.612554262971344
61.290407138357416
63.0616721262229
62.01779845202827
62.88704150064268
61.614478345669795
63.40759528463377
65.53620754626058
65.63401858017892
68.6506252998222
67.71686308554376
67.11358196463425
69.34391315109542
69.32289174148654
70.62251600549396
71.20733011680684
69.53507459680873
68.16776918291544
68.50624879081693
69.54222478787415
68.6218965375715
65.7464095413493
66.50413358198193
65.50681634132138
68.24860856919008
69.97451508867152
68.72960128467957
70.74254665263857
69.42062026107942
70.6581115651561
69.86742196632531
69.17409411540143
71.40408023739928
70.99189441806107
70.91241683494695
70.94294307970472
69.39900753654251
70.65353798556498
72.41453872108036
71.42671866164164
69.31091456050967
67.69005118345649
68.23427803716459
70.15911052429533
71.28528808605051
71.94875236027701
70.1977293487962
70.22715072407527
69.2221717674679
70.02619883703619
70.58269675355041
69.95907927117855
69.48899267131537
67.97967200744324
68.57278375642204
66.1034699210038
66.39700185019478
69.70973945142441
67.33458528351935
68.0272886073185
68.80520761344042
67.65723795010172
66.92255826236786
67.96723195540744
68.70663635476194
71.19544726507229
70.62202691826354
67.59500890523164
66.3088646294257
62.82924152723984
62.817518347934936
61.98598054734569
61.985205963064686
62.241577246776615
61.648593337258696
60.1671797815655
59.67104112229913
63.25211537670255
58.73020769029076
57.93924356923255
59.87265223113809
56.813538822079174
55.78862202372305
56.51763882409903
57.76037617327211
55.65747405447837
55.25930337874365
54.98370367889295
56.976469165379235
56.20078324156884
56.79243449356659
55.980125327265796
57.74373806340168
55.582309075319245
54.71146527992442
56.87986129238698
57.536329167782014
59.33327537904711
61.27075909091468
61.7327597481717
59.605564243145864
59.18339687389971
58.240699582762545
59.76893834263183
59.63199074862928
58.67340744255171
59.82836312571453
60.832237902317274
63.23200776063277
63.47557226627259
63.63490432542244
65.44374222793135
65.98768047443855
65.52271964173724
65.5538637429895
66.28250022180805
66.47282069957987
67.11786401950121
66.70573340822034
65.99045750751725
66.30357387606227
66.22000237160705
65.9550548816535
66.46292242099025
66.0976664666764
68.422116893566
68.50452600936069
70.1154919134367
70.00815459705768
70.06520494785377
69.83064780788936
70.49379195017855
70.52078445169695
69.17173299326532
69.6627764244945
67.55384638366786
67.9165165493705
67.3856609834047
68.38746743287402
67.67596365405575
68.05423127245786
66.40888373634607
67.87806691327705
66.98491145646199
66.03259010045917
66.3560873426643
67.55141855714032
67.15145067572712
66.3964597909976
67.72698169061687
66.74084896570639
66.09080990572784
65.59856902877846
66.19498195819779
65.64211792943092
65.76264464540964
65.5665542312081
64.75013221321592
64.82251521290891
63.798117272165655
64.07451841223906
63.423090355933255
62.39082821432862
59.94897794582607
60.51955831738883
60.61205468101025
57.71194359792389
56.36846476428719
56.80273133512105
55.98032364551505
55.66534875021552
55.50239099326791
56.090836785858755
56.017081334022905
54.78216452989903
54.51853044586055
55.16404871438323
54.08972297145556
53.12229563905271
52.743214200452485
53.071223767113324
52.128717554918694
52.395817965104015
52.34846416912068
54.374983632386375
55.82385033574565
56.495830274941
56.47011641231825
60.53606362940718
62.621527859046864
64.68445900191296
69.44587536033532
72.17125021217566
75.67063235090791
76.8933567893273
78.30792147037346
81.18310039963444
83.88798942422568
87.07950399216294
87.28533537696171
89.66570859409217
89.56678934696896
91.29997466228087
94.60432797753447
93.76177338316757
92.16518218749911
92.38529239830683
90.6983702482353
92.82467224893546
90.72552823450974
88.30264089370849
87.27367034616765
90.40900142328732
89.74103386383962
91.66059179894546
90.74976199661455
93.63871370251013
92.53116243286848
88.48811840068112
87.905235192588
92.76323152657247
93.91460346317359
91.42184498026836
91.92359261255659
91.61688920608411
93.5944155178781
90.70938004429775
88.72803904009768
87.36877720045841
86.25802820027857
85.80513878039085
82.98017118358405
81.33676736967732
79.60154751568813
82.13014981396633
81.96247551335789
83.75962107349528
81.1480023732729
78.72281650641594
80.47862337688002
80.17715211385348
78.5464548495388
75.90467507165022
78.62455115239678
79.11815702862759
78.61697837032334
76.39296538830679
75.19197538694266
74.8145107348098
70.29491382472906
71.14620142186823
70.25943180132936
71.69665767377344
69.21595520503297
70.53649586160122
69.32653358151765
70.46223640614721
68.73013919535158
72.99241958292384
70.26554153487359
71.00424299169448
68.80308324394824
66.27404633732661
65.4992623786427
66.95618279872812
64.48359762631299
66.87906633492048
65.91364750003555
67.3476585856206
65.08652311861783
64.06427895251682
60.84932450093106
61.3444827658914
59.39022655198232
59.30957986424459
59.39452471325616
60.27453112238277
59.58489516908003
59.547622615206244
59.583026370383095
61.794047817318955
63.00620381692261
63.44286741694441
65.07868630267103
70.24820298753843
70.51425312837591
74.25707419479431
76.65702708527556
76.34007008680783
75.53523543237498
83.56828111434015
88.14445678772881
88.63987106491277
91.62819015291143
92.1542873333579
93.91602859383809
94.6670641437029
95.22639407613002
95.40269516022646
63.45897724170419
123.81058355949814
101.87404579180628
98.96548973781714
98.42633165706543
97.88603906618499
94.62340296221741
95.48878733714699
98.71649812226357
98.65721791289636
99.42757948112398
100.58370189771225
103.22972791478794
103.93652756671993
105.51175058593789
102.10818695633105
101.55004781255275
96.4306781623419
102.01199339487653
101.35885100104667
102.86927539199553
97.8736033409551
103.17369063935011
98.08065073758097
97.5202431351106
97.79074209811665
98.52222861463966
96.40377207127952
95.54804290444072
97.43118397717399
97.5943261142445
93.04521599595864
89.1816507410021
88.44612962055558
87.28505449416694
87.406905106875
87.56342923046282
85.39618511482283
83.78952618430924
82.7700607673944
80.54959619447163
80.69575606605983
81.16793577528945
83.12434803282088
81.13650719714951
79.4774657406922
81.54913692937886
80.50135486943623
79.01010977022862
78.33000941646613
77.01971639062322
75.91028601963785
74.26249598844674
75.10645941620078
73.8746751921708
71.01413089060588
68.81951750868257
70.0633890580416
68.1858598949848
68.08666746900803
66.64567182811538
65.42997229496405
65.26113683800706
66.44516916681368
65.39298896506216
67.64705422751285
64.69228399054043
66.5818174640537
62.143352043507974
57.443803985704506
58.308165644125665
56.18739773133354
58.16064027193154
61.234862793381026
60.749772654593016
59.624210858632296
60.82662475020387
62.32828293948141
61.81560607592551
62.2742761001075
64.10692486638277
66.1156628356407
67.05757838608451
71.46603049601117
69.31798394784323
74.58996252913425
75.60198826858596
78.833915194165
83.44473068361731
84.64438552308002
87.76451466206686
96.12509101880096
97.16898485054298
97.16932226598874
95.42197060451781
100.81354320006903
97.50593137474698
100.2439234333026
101.91321797878305
107.30789155939321
104.769966144012
107.27719382975714
106.22866180194514
101.816057747115
103.92163800546587
102.60714007203978
104.8547649308789
111.14707651132383
115.68804002102581
114.87293262051993
114.89069938593221
106.03083693530925
103.40230354569303
101.18893664139321
99.7250315232433
102.0351434448126
102.71654590734407
101.65821553446031
97.66762169231282
98.73626074466888
98.3611964144537
98.52797047662585
95.62423060104132
95.1300416745443
95.81167599886751
92.70399654597207
89.14146395864111
91.57968885741673
92.5149299954576
94.78117494449467
92.51345100771778
90.35335089469095
90.36022795753843
90.24910476133596
88.40367092454062
86.94291245382897
84.77043750448911
86.05420970932171
86.32324114230585
88.67509840175873
86.30479655115391
88.00131042249677
83.60306746757396
84.2517413675073
84.6359481326142
84.0453731710113
81.15601746976768
77.91464630567089
75.93355556793063
76.63616891647689
77.76819384960663
75.38733327474142
74.5223313649442
76.5246787352894
75.00728599452168
71.84303317661966
73.95384251067003
73.23856842094733
70.24894350586646
69.34272606650211
69.35057665406498
71.22925003272258
72.55116492280968
70.14418852425479
69.37858347104634
69.5368556328126
71.75644311572887
70.24834231833574
68.87894607749558
67.96428393699125
71.2825332768191
70.03701946168167
70.3889480711905
69.96301035978581
72.37265921810422
72.54171990582631
71.65513493088747
74.85687485421772
75.461426387026
78.75335252045898
83.00728196387217
81.05945405620474
87.26186033252498
87.41114495720899
91.39318170529785
95.61179365953524
98.62642842398371
98.49214450820477
102.63667177724506
103.9830973509139
105.7319902790028
107.4693517754904
104.63428300305918
113.35265866439322
114.92121161221911
112.29652910409142
113.28944295918224
106.40853822871361
106.20636851602723
106.21495808478073
103.73230350339855
99.47539528140948
105.22796817140836
111.086049379731
114.81532017110916
111.80736283792758
104.69588900627666
105.8540239682717
97.72439004640924
24.813215836455583
138.62005410481896
106.47219026443597
106.02726363169643
101.64567591980222
99.43869059118855
97.98080536602092
102.7647602661567
100.56736344784633
100.00925030118367
97.96915002671835
91.36266767719276
91.41595030587673
88.58291124959528
87.76981265637107
87.61218481583069
86.74404899515226
84.63651480489747
82.52252660896761
83.2735172044147
82.11322783010527
81.68343978327822
79.53868772138821
79.61593539212605
78.32377845167248
78.65661962022692
83.82521616691943
79.80770668280789
82.29951218317262
79.80731314399415
78.14786096518888
79.61344179228844
79.589518416246
77.34417605013768
76.2936275631105
73.85182878502428
73.42026420932507
74.47473567820418
71.85744447303635
71.07509177190659
69.47689176455933
67.25374263733622
68.3920166624683
68.6161676543351
69.12337082396496
70.79880897814077
67.71529585990316
66.02364102729457
66.90431105942002
65.28109341189916
63.34010538235634
61.68048450229526
64.14043472340404
62.68884826777003
61.721887509610546
61.72371153188351
62.4967294529647
63.133577027524304
62.39895454868346
64.82296295941882
64.96372569682607
63.44514436830718
64.23616938247619
61.90764506548385
66.75944715862781
64.86087225408116
64.32662155860831
66.45928762460562
68.69864355558433
70.37989431925945
74.15157083450549
72.744641868612
75.00998482623208
78.78131882204411
82.0581871214647
84.02053256335057
88.55265736105866
91.5236776693514
92.05619060114668
93.76949269353872
94.11689014584886
95.17774868149945
94.9652729505683
93.99026850388327
94.27659996746979
93.50195000980239
95.7369763720535
93.00214551018689
87.98131929192891
85.77357150799821
84.04688004654236
85.18389449009148
86.31094645664461
86.94140582149976
87.43913169430152
85.02169098950208
86.57540653420642
85.18978731187508
86.75301152417819
86.939191907436
85.26393767793638
83.83836760594113
85.0331482132824
86.19496584465968
84.42577834314643
85.92249920569951
83.11289831119427
86.88705681184501
86.9744599008505
23.203194501873213
111.38407064620279
116.67811653218754
89.9892186608322
85.23178934498901
87.98814928007951
82.59415364625966
80.79285783369141
79.09816034289906
77.54339317963172
76.34055147127083
76.57322147277341
76.61608547038554
78.3414637881283
74.94445018513989
67.9779402594661
72.08940556779186
74.7600788999647
75.38453325666782
75.03513044819064
72.36051219576984
71.31604072041569
71.10251476118742
70.58703031348088
69.37026913637887
69.93734128504978
70.31316648230231
69.02638479700437
67.10366883203196
67.39430227042047
65.21126768015964
66.08101722413333
64.95009055078879
62.72773078557888
63.03601867841146
65.65911590031884
62.28840534715639
62.64971929441208
62.70851046978963
62.040558211889284
61.18801758804739
60.76583583608392
58.52638649191317
58.626137281981755
59.21404353210983
58.75867507725163
57.64976927512393
58.70803276941072
57.98425613414861
59.75159111801827
58.04443457586535
58.233301564576095
58.88761470711779
58.19284081281565
58.560950522293396
60.55168191441145
58.75589369160324
59.25630585816266
60.674750944804096
60.34777674361773
62.47163474729109
64.26244851987985
64.36473292920545
66.9506998365233
66.92941759394607
68.23561088272369
69.27225267596324
72.01675159851689
70.22127208720084
68.7250900188465
68.86408374849782
68.99427193891974
70.4196648166992
70.23669943475201
72.21017871271052
72.3476559060047
71.389760798076
69.99704796078426
70.23893433514476
69.35343854759921
70.03809811263359
70.78805054844076
69.58994538552142
68.41587272874312
70.21798662422248
68.7794193098016
69.67759162110178
73.1028458664241
69.48678477633689
71.76443173506573
72.03974209566587
67.88477983286805
70.63729977442878
70.95281153373571
73.79059607041127
72.3968885083519
70.49411762154102
69.54629597760368
69.46448899713005
69.84420530515877
70.5018044912427
70.38880241340173
69.58737711216442
68.7288640160336
68.65127834191779
67.85470245337994
67.49629045050975
67.78681152634519
65.9065912182174
65.39535236638923
64.71101407330411
64.6278315786088
66.26567964761169
67.59734042396609
64.48905697612531
66.0324912564696
67.66370694875695
65.32908204683945
64.55950299652682
65.22826044543763
64.42757890816824
63.289170569240696
62.53184321557813
63.30721520252837
62.47877897386752
62.41077787560084
61.09149665712471
61.947155603800866
60.008719452379864
59.331816880327096
58.242484390433425
58.475655919005476
58.29892816048368
58.749730213824165
57.29861936725534
57.32347787474646
55.60763123557331
54.58714116585111
55.0163383934721
55.23324326923898
54.65062245389572
54.059247755342085
54.25467892545703
55.0513159650759
54.24692321691418
54.79378747489477
54.007922979192244
54.28884055638514
54.18957847177103
57.25378613240764
55.85672294051983
57.82231436858274
59.673893979301965
59.44383404428777
60.327724105266725
55.480999673563474
54.9008213948448
54.83702364651572
53.20165131689623
54.92688301157045
56.20476393128179
57.03587108900941
56.70131342230574
58.05373916992346
60.7152545492686
59.45824512003341
59.21464400779954
59.74227650117985
58.867419540323
60.91898885627013
61.527031335365756
60.75654356842311
61.06092376321504
60.53939664362605
61.14754071628564
61.633828289564505
62.816196711127795
63.05004503685344
62.679607528034246
63.760255187418124
63.54954729624387
63.66259843219041
62.37820206179276
62.76865319805961
60.336939592439336
61.58741687767679
63.37461400398972
64.10131867033806
64.04020379640974
63.496130425568936
61.69683094553329
62.52389738917228
61.54903165809214
61.84689179886393
62.7689833716799
64.3187245748286
64.11629942000046
62.7399866066321
61.47307012064783
60.34854533648263
61.42012763685966
61.79106641681574
62.95445871017819
63.06767233773553
60.80337180412016
61.012492255609914
61.274153434836535
62.47756953376893
61.751472865515325
61.9534453408387
61.08491010216926
61.451627550992725
60.51519060224382
59.46391584418734
59.298976082956415
60.16948980266602
58.08752437423681
58.141916263213716
57.51854921755307
57.215245185285085
56.60406531623289
56.57776610737892
55.08842684970432
55.07720012835102
52.373547656136
53.10682496928348
52.269696110314044
53.46170853325589
52.51604347850389
50.57109154062755
51.10749435687649
51.71186226558939
51.0028773960255
49.23472802253332
49.44632248505968
50.45969721266192
50.353091713631784
50.27915477329884
50.05148699453025
52.3352213879964
52.493799827511566
54.15724627758459
55.086000927970076
57.43553134290596
59.586943793208775
63.26207548420962
66.50983371931989
68.68485064463948
72.6876280544634
75.43325847692358
78.0547900501274
81.08585212095932
88.8192826781367
91.45350507118837
93.97835395130414
98.7866868829883
100.65875977038151
100.10525109519222
100.9163467441108
100.25167577523507
102.08143576557005
39.09341361975817
132.42601240035123
9.006443710204849
283.0307005678893
248.53463636329238
285.5664983748835
66.69924134995381
155.54711966441207
139.29876475789058
137.54449803439638
138.32121607019099
142.49371769957196
142.1053885176741
93.21144920908121
169.6354985367048
107.16795392004653
106.26660933859414
82.10697472187326
50.186721864284046
141.76844207549732
107.29255069807094
108.79788467266245
104.16217591590762
98.24559511768695
98.90413681907114
97.27882821030447
99.63015523547233
97.00031299940883
94.52246062312635
94.98559325221022
91.8653571116033
92.07311130599146
90.13242666024256
88.77906778411148
88.94744676931487
86.62021388590165
87.36973490481205
85.15471359597814
85.26401911708808
85.3238546267794
84.03922756718134
83.52824590378009
76.38558680909046
75.20590956318756
74.35447875754357
72.618589538886
73.8164110449884
72.21358857501309
72.6435412349283
72.08551214373233
72.98328151926421
71.2582945990373
72.88235302246449
71.14777935994948
71.08541989636115
68.30620172022611
67.7392466980834
67.24546661641733
66.16188646504088
65.17758954374636
65.3900810504154
62.97509746855352
64.15821579335889
63.65245634917395
64.00814557076083
64.43044489501375
63.580745144658394
61.440260197749765
62.07401585331538
63.455298521512624
64.46651337931954
61.71005636142513
62.253363009222085
61.478710686228865
62.99955249803634
64.15342051941593
63.80974142464106
66.04503692777826
67.50653532279557
69.27789003369298
71.4813873555729
74.29500120495845
77.82565086484351
85.03690989278402
93.88250602183007
94.2632343603741
97.62836362916505
100.38902571995048
103.0546624490512
104.94897978890776
103.9414267629072
104.34359590613326
105.3794522549143
103.12467659014055
104.60936680780631
105.25213499070105
104.66444225952728
104.52888284964774
104.52498079465158
104.3961131345914
101.8060208407619
104.74187995521515
109.66325628528284
112.52986916763166
105.22168546810167
107.89702778640253
108.37529705842876
109.91143056002238
107.70961186286786
106.99235076879631
108.21523911058904
109.00466335024578
102.04009867727105
101.21404955593911
101.2069944052343
101.82164949695496
27.817948256042882
27.05070806358981
9.098702471088018
66.09243711467172
70.64414826183285
69.55063326445656
71.94668814030933
77.08380757918778
76.35912800130836
79.39194079574375
80.27195082321623
77.43735101706238
77.5991086093565
80.35146474444468
79.17159119347025
77.23517890401354
82.85173034615735
80.15805111987453
80.89826777956495
81.78809023910732
83.82482554156488
83.55210217782631
81.76376053713528
81.73172406352305
83.63200492580314
80.96599832744839
82.13881116625564
84.06234341421164
85.84040294209339
85.4023433111371
85.31497297596017
82.99402838542349
82.49424391944888
82.60815348709798
81.30295186720032
73.53969674446353
76.6648465201356
77.48917239127083
73.83182738007349
77.02181582127628
75.1523875934163
80.73363069398127
73.32768062980313
75.30677240243676
81.63261442181337
80.80684381606306
80.86813752507747
80.58973339131538
80.72065884358584
79.55709413312717
81.3734449108123
78.7279249429223
81.46341730432222
79.30330841740724
79.30046493925131
76.8079192069763
75.69383897221661
71.35844625496793
76.30233519004852
74.7075341144756
76.80934707895733
74.87333172552594
71.26408183718738
68.33651193744478
72.4578011905127
67.83628565993521
71.6607270322043
66.46164058100476
66.8645004901864
67.04898431067886
68.33449137449111
65.41041796267928
72.75149951333302
63.55086979803855
67.60040123163958
64.97720618564495
68.59375687383542
69.63806951179677
71.03947772957349
56.366592090377196
70.0597449476536
60.33077587420203
64.0274218582044
77.09119133736685
71.09092578071659
82.15561936699828
81.39927390939283
90.29829345618577
90.1591366350433
91.73078164676858
94.23756111636764
96.22769415406196
97.21160927538796
99.5232851903528
99.35589215603979
101.95764365281184
102.0982229006463
102.93282345678836
108.01884443608681
106.26930968261063
107.75133210881762
105.73888643442879
105.6942138970338
105.26617561910618
105.42238138231268
105.25732204846501
106.3078152923132
106.56623464623013
105.51388859514573
104.8431672864414
105.84489930908647
103.79390756567996
103.32847738809048
105.07797863300361
104.90061434952102
103.90961470609582
104.85208918292078
103.20392192468904
101.21804929270259
101.60634059250773
100.81335223752652
99.86468410432916
98.11711208832949
99.17157663857589
99.53231885045334
96.25734528491583
97.28794333195913
97.57175250565547
89.31080467181275
91.32561634489936
96.1184529027323
94.92421101400919
91.91351739977158
91.06553230984848
90.64683528256043
90.05656073924868
89.84244099092129
86.95451835868789
87.78611910241395
89.72463837440054
88.36083581409183
87.06752023457054
86.64625033896549
89.04439258811269
89.22595920138785
91.36695177862441
89.97037361281741
92.93820063177935
89.2110090918151
84.74321731079976
83.0943666204283
81.03949783568683
76.67450444835393
79.26341738328648
81.06960576969927
80.26076248730868
79.82042346058651
79.59231040412433
79.94074583056181
79.4708345874219
78.86498369893732
81.05990225357841
82.35399222092099
81.01461440942583
79.51912012779454
72.72146312991165
68.04551010223486
65.39822840833676
65.033918755086
66.92637856393094
66.54738320726233
67.06943496358531
65.50986073126455
67.0816849455125
67.20168134143523
59.090933527866724
65.32704704443495
73.4873860154207
74.39555518996531
79.5155487959928
80.15715002305274
85.35969021002893
91.07866426027127
96.38361695316274
97.9938199474134
95.83945521854002
95.451175214454
99.07652893755063
102.93798659652931
106.19208991342339
105.59941196297859
106.82721608582739
106.84167384167823
109.09567824600312
110.94364645741688
110.44146971858389
108.27775580023972
105.74963038265747
116.83515651236819
104.66813427133333
107.21812014206057
102.94146828138173
107.395797903617
107.21540168551122
109.57319302562537
108.54016585141463
108.58355922954033
108.76705341966138
108.419795724473
108.70801855088759
106.70134109559822
107.53752713939802
106.01100621769446
103.82914593549461
105.90335763228327
106.36962115225546
103.98020907016345
104.22930693008378
103.81321539853879
104.45047455495889
101.0649269033874
100.54507422135136
98.90041288206267
99.32294749060598
99.37590316369263
101.93747349336219
102.06273490557942
98.77540320973094
97.03392107336913
97.85379187497665
98.05162134469742
96.7312628064069
95.25311279167407
96.31434214727125
98.51345193475743
93.2295061773766
91.1384028759855
92.05826409619684
91.76132107730591
90.7208588700014
89.67425956378952
83.06827843990368
75.03348871724029
73.6414817908285
77.53782271905266
69.36966183286768
69.91506218546486
73.90468548534432
71.7320255328043
70.18571187827683
69.10987273413525
66.69539433510477
64.03829792530291
62.18379620992482
65.10350039958212
67.11696464923352
66.95905739734326
66.9258285542553
66.0061262488752
67.41431159948593
67.6848378171328
62.867662872862866
64.4353427283404
60.41686208239207
61.10891517783921
60.705838111455705
61.520735641434385
59.838939537353326
57.81858388011551
59.30500738453884
51.31604401373579
71.43026428280427
72.03942015770144
72.97049460723224
78.82554537147416
80.10832035881799
81.8813055531807
85.56169276157652
91.73570081049502
95.25232708985507
98.20278982299976
98.2665064239906
102.81356981488454
102.80559887763593
102.13653131731135
103.73293045902892
105.97439873359872
107.97632219217144
108.28245141860798
110.0785789420294
109.51779479543436
111.2269747535758
110.85253474425494
111.53472367259728
112.23312706110306
109.32698052289588
110.1693352244439
107.31717706061261
109.51538338494647
110.34609750787519
110.54306922044726
111.16590179248172
110.09804712808938
110.23486902967427
110.5263446006901
108.76666401089717
110.85440588523105
110.53141975114227
111.46638608609967
110.42836040938423
110.16241467700837
109.51319858263852
108.44048144210443
107.1553068215384
108.64722448681762
106.52180795983102
104.69638707989374
102.73176738114998
102.65147950992692
103.89533561661625
101.86827655012563
103.19210830185584
102.06116210346197
99.43951979794303
100.00500473629555
98.54840943277546
98.5028671776275
96.38023159688768
92.94813340169762
94.02041266629351
91.3154941639325
91.46421357120971
91.75663319867976
84.64577740582126
86.15829516763279
90.93066913202028
91.04882737768025
91.02252063262374
91.9069120200418
91.668898292036
89.08951305657433
89.83764206844639
90.40863159287717
88.33169493965227
88.7234350525211
88.65197639175199
83.70542236427332
79.57231360319838
80.62629776809159
78.26261501675543
76.04855900452792
74.7823381840868
74.29244780114604
77.36329046840751
72.13392458381139
64.41106310013399
72.93292947391024
70.11954867332028
72.72078256457394
72.26132751015075
75.72219210713385
72.61589174757206
70.43292433634436
68.99707098771123
65.32810854484566
62.18237867018365
64.58701975170811
64.75028693399993
71.91843525653216
71.56542825602514
75.53720287887677
79.34532869909253
73.2649642798865
78.89914961596173
83.9281654788117
88.70063496210469
94.21862398402821
96.65294261082539
91.14459899792473
95.02231533265012
97.70562635443775
100.49579386635105
104.45099400721104
101.16839542829416
102.55594784845084
108.41418821409675
108.07586086618593
107.32934425437202
102.02718734581595
102.7434069469426
100.54300153183132
97.70735491470874
97.85381484036233
100.13386586301907
106.18167604340678
105.7494955610763
107.0955644051347
108.57822230827199
109.09580389203191
111.36627314695437
109.37393878130979
109.36093152438328
111.49960902071373
106.74393612408483
109.96366660484564
108.93531693029058
107.73164412335589
103.11700999898892
100.99596415006225
102.98657799635794
103.54459864932032
99.30747953930292
96.17574821770283
89.9098094301419
89.65232827309731
88.82598465123904
83.99514149451738
80.18283791618387
81.48954360015091
78.27613476149145
77.82109026134412
78.11215187743299
77.70888459925891
76.02359160472702
76.02649287143413
75.31643393891841
76.91324006377204
80.10278244711799
79.6679589509763
79.03229490329318
76.59948549228443
75.36242629905269
75.1315755937303
74.92433518450889
76.04788806363149
75.54763354811809
89.42557397306268
87.59572170006675
80.77274506287245
76.3778150554142
66.68845171320845
66.46196310045646
66.13141170665608
65.16264224876227
64.16867468734317
64.32446839355597
63.25480551577518
61.61950262558149
64.47649819268801
61.70336184572096
61.5060716512298
59.9862301773025
60.35554382771449
60.399154092537074
58.93285720047822
58.329100641167365
57.64509430128813
57.33827802894291
59.26389565348449
58.94416557944528
58.02666434676515
58.96410032018305
60.54279669167819
74.9175704525877
82.02099485766689
77.46143247519187
78.8087784487219
79.73957220509311
72.0113980170702
73.37192756931972
79.93273648275567
86.44139463412556
85.03012407662939
84.28381808630803
84.37358678438227
88.12453427158675
91.57467628204631
99.82227301753915
100.27815629813085
102.93363526369467
104.66156742537987
102.59267826466566
106.86531353283772
106.48858049148842
105.77308369344351
105.08721172060655
106.3249271009664
102.00860444150142
106.14892177157043
106.97738284327531
107.39519190616636
104.82030480463953
104.25220605655991
108.15718263289325
105.93534924315993
104.73983203450817
106.7513272833074
108.29918983319388
106.1503682135909
109.37712855129871
101.37786976358666
105.87713696334916
104.88423260677871
97.07186077265885
92.69656867063821
91.23074415383545
88.29699022066937
89.07976700276892
97.72866226822376
98.85632813306543
95.66756689879729
89.82997013906174
94.8058258014305
94.81382062498778
95.04510537425858
91.0995905377788
89.91681777524035
96.37532897905514
95.13657108903152
93.60954351650139
94.38013295711328
95.6351197828402
97.85739726273432
95.64311086026672
92.16149525362675
88.78905071737675
87.01905807273124
89.93733172550378
86.64730165182415
88.841269561535
86.6467298514658
83.2452821126908
77.43212737100544
85.79161086733757
83.0739880069093
82.29967610248946
83.95960693594824
76.66822569034267
77.48322281372248
77.00230321106937
79.87601128900428
79.97873724966635
75.8322966457275
74.98240212709172
78.97835124259535
75.6403119726978
75.25533441524041
73.94362082620015
78.47584623240397
79.32835722507386
80.21695036400047
72.97080700615925
70.15494612909632
75.05812561236696
73.60130141189711
71.54800483488725
68.7627011408367
71.95062427519977
70.52968702475309
66.80139438501206
65.19126777625576
66.5869886728823
66.56489584637376
66.69948296647208
65.53370896602684
69.0759120226237
74.259775954275
69.90922555107886
76.30927806725822
74.20280332620308
69.85067863356716
69.39626087401199
70.85922807126573
69.82733633337406
69.06579717144018
70.29544359524341
74.00989527264169
74.75196890926804
75.05239658883372
76.15721806844158
76.77167950631035
76.73671111451631
75.52004039868933
73.66422693306367
78.27364856165059
72.48629245174013
84.86714753174942
82.22175548365908
78.64281604476992
75.71581652046825
76.57357123737643
72.29787208706009
83.23565887508154
85.25546999500519
86.01773226196545
80.20959809891383
85.25171806964721
83.60280634801711
83.94463748622593
77.54015395683268
84.95099649981717
85.4100611508132
84.4776055475134
84.94966388099249
86.43917507685134
85.92305576450696
85.55209459598684
84.7174308776138
83.40841719156096
85.14620923521625
84.92107106104342
83.75223863928315
84.90137316044165
83.52342388801762
84.26219088307067
83.89201599536902
82.35927429400122
80.30649441276887
75.6741940210677
79.45655952216885
77.65544573796024
75.91392400623386
78.12649324269137
77.88419651948698
78.49626206365974
77.55693102291593
77.35841107245506
76.42981749613205
78.59786405814316
73.76574554190938
72.2459883945885
68.81342630330005
71.2583862146698
72.97406017695835
70.88602840418685
69.64969304614442
70.37415044041404
69.67427511709161
70.14458895210873
74.43305895230965
71.97556935620966
70.65424150692607
74.75137847703125
76.18467262532097
72.24505807320108
71.9281719621193
71.96776220525157
66.80964177677379
69.39655563050314
72.42659063075548
64.01479051126148
60.247833387384844
65.7143434498393
62.00156539554973
69.26997270299216
65.68293216541133
61.78865746461133
61.99072316267143
68.33837291149621
66.58103634951067
59.42144115469023
63.652349341582976
64.82388102788286
65.44965988172748
71.33192587370382
67.32236696404652
68.69870204001613
75.36401927079363
74.18260626522438
76.53074281537154
77.46664110587655
77.45277442247186
75.59923689386984
75.5998913862195
78.9749419647676
78.18777012830992
77.95883458263415
77.52249334244425
74.39194418852139
74.54162053270375
70.73169490359919
77.19529275742934
72.58756862174255
74.03085077307651
77.31161479533488
74.48758373410374
78.5869971975876
74.57834997136433
66.75010127371502
68.3557774273213
69.53307922737758
69.94549896493663
71.05704260051061
70.05584609399693
76.09660031816043
77.71703066169606
76.69830764527939
74.58803314206125
78.10789178532286
74.72901948811955
68.38156449770008
68.72504535895087
70.67950029526583
70.46030113012625
68.24925624993307
71.57508861181478
70.35659385013082
66.19564928213049
68.72390645217683
74.50790270994503
78.15183127000023
80.0865384906881
81.01302765556193
76.43983153465206
79.74320597126325
79.16191855816919
82.1780909571228
82.05085184075315
74.54989150337087
72.82713442217027
80.9132015430198
83.71651205878462
81.45577623563287
81.11928509422202
80.08879501304418
79.59099769387757
80.28289452430252
80.60357908279116
80.53656931006434
82.26207342319267
81.13087699526216
78.35445683142478
78.16572513160725
77.76625235697735
77.47688324230688
77.42916491540223
76.06807449804927
75.17959699401737
74.52127343679253
72.49800587290838
72.58442093048484
70.6576118515222
73.15085832285354
68.54478723933312
69.42913321801348
70.92706632081531
71.04708734957671
71.93128142982314
71.75034016203563
66.73771796419896
73.2933637576087
64.40781952126235
65.864098511468
72.218078655819
79.80667540178491
80.58226183775623
75.62141103031055
76.87624138377737
87.02395697492362
90.59007473471189
92.71244263529279
95.10314918111864
98.83410661610557
99.41505145418407
100.47363302998961
101.7673113559272
104.26377330582945
105.75520765791265
108.61592280271884
107.16864084958186
105.64469901533948
107.25333496225711
107.69839363373919
106.26604483387939
108.61189953772576
107.07598926962272
109.21020011799258
107.88702559794471
94.34296467954937
95.71734871077297
98.49813750927804
104.21993262944646
104.23197491805796
101.60983846859695
100.5343573147208
103.47257002381205
104.34532878967019
105.4088156913312
103.04758066022745
103.78172731943255
94.45106928353411
91.17226260381099
90.5985825456954
89.56487174790979
89.99726330293745
87.46980477359381
84.87845734434623
86.67509349883515
84.79851006035096
87.3867102033505
93.17432555394751
89.82369994474402
100.54269038581604
100.10533325166479
100.12945498783529
100.81565927009245
96.49270986772434
95.18600436862289
92.8886137754146
92.86375976745875
91.87132689400065
92.14683467237963
93.05067008611215
91.73481208391115
90.09256160700073
92.26217626762416
92.21042487310758
92.60472928793718
91.63337541048303
92.64225665276327
87.28661348514117
87.39313902301927
88.32140570303928
85.62225168370597
85.71857199795994
78.40074585010711
85.37699255093042
82.77645421224013
81.27793370852022
81.55030370128081
81.26999194625631
80.93579816982484
80.28425853264159
78.49658169137541
79.63834727430864
79.1132160754723
79.20250068883159
78.20092144802129
79.04569588844063
78.57043116694969
78.62121514681633
77.16656017681362
80.21006922199643
79.40149793670915
78.50645835704024
77.53171589715055
64.70476140068968
76.33935733582328
77.49672065264446
80.33188196989167
83.38543434248584
82.07115596651172
84.56580707624092
82.32449179377394
86.69624487254974
88.8156009140425
90.2182777507939
92.56672494240415
86.03221175652129
95.40153427867423
100.29507000772887
102.20357083120577
104.78725585655326
105.19937547715112
107.43300385682282
104.67144052860336
104.85379089946218
104.22672387973522
103.04866491653212
104.46707390873236
104.75221377377335
106.47665736467773
108.97119032819668
110.20417775700325
111.03988504270215
110.37694718609791
109.11136093964761
110.36475364030052
109.8638772571776
113.2267662075295
110.8240237616733
111.54721592853944
111.71552106787355
109.80903347642587
107.22897533560153
104.73342095882617
107.35742028920602
106.29810903726433
96.98969023080382
97.10998387851052
101.97759915986676
95.96264353986817
93.84688603440188
94.37953989379892
96.2875952405315
93.01265291100339
92.3894196693415
94.72417607787756
95.09205045446893
93.99642892904701
91.00873932009605
90.60824428666916
91.35004769521768
90.3215397428476
89.78742739670841
90.53909645973276
90.62476752853163
88.60343317739176
86.51627999018211
86.70687948193489
85.64139144060799
85.10271883421512
83.54304485914068
83.10642572990488
85.06417008498258
82.25096531583878
82.88670149390973
80.77116117279456
78.54484884613544
78.60997875419962
78.51567941243412
76.32454846831514
77.69401192587179
75.4592256201493
74.18461542719488
73.40630636166547
74.37632284908857
72.09367822744
72.4386773759181
73.53541353931278
73.90314070328543
71.75264667157983
72.0307901851698
70.06976329803703
70.36351238946025
62.150630061853256
60.87544340682666
67.52519424436316
69.89199029904984
69.8375690956
61.28401119327168
57.49050004504511
57.84432444671961
65.89732317648395
68.41089724103313
69.52442901844567
73.47134881251479
75.8582529182474
74.87063391818853
77.67409090242633
85.31074666424938
90.77511479977441
92.18344281717398
92.37550483094375
92.52348830721402
94.93835626182828
93.82727080040581
97.02121113411206
99.76752028717753
102.5547533866241
105.11061704173098
105.39117637713132
101.84677597856769
103.12421109865988
110.08198659506864
108.70909497281627
111.95976306433177
113.65374735474431
114.92690761126522
115.75541009246241
112.79979069373914
115.14651780955376
111.49804353393175
114.87715677841703
111.8228423220668
112.88257850715225
115.6462303179266
114.16180723276702
107.71617982038319
110.19295798755104
113.97869537715096
111.3142984294907
111.33370645571117
109.65247833350152
108.26364961548492
107.0847084904086
106.41043545645684
103.55812561494976
103.825230131773
102.05169324979316
99.18647612687347
98.17361897038082
99.12848908321047
99.83181090591627
97.69793070476123
98.76701599319794
97.66238610016
95.6655287255324
95.68177843472637
95.00532129750763
93.60408613815719
93.40537186628772
93.04581635777606
93.33683920434383
92.47480130115224
93.14463689136817
94.99658902122725
92.3101797318346
91.73206603196539
90.35813132032457
91.41311166993556
91.32435526285919
89.03432268010395
86.45035776330927
86.2462701468886
87.20692958499795
88.0688685660824
86.53648294099735
86.88672850679097
84.20713358235419
83.9818296802545
82.70087578539065
81.91874723716214
81.81426466106467
82.78571994824918
82.05139766696257
81.7572143276656
80.55247860848746
79.6528345982368
78.35973917909688
76.85576188601435
75.25998277203833
76.50759154513563
76.69335623704819
79.80286058891039
72.32125674107428
74.67910852604291
69.9776744104513
73.63610757249171
75.6584547941377
78.65695079579996
82.85910704276438
78.3455284840464
75.57784889039701
82.98449251013712
86.29075471939242
87.0361738982057
90.21466531297895
93.23809030453062
95.83081437721181
96.93552106216966
100.74116504976341
101.65902629504775
103.42580119930557
105.022925038597
107.50548392169236
108.55563385566292
109.16754985582031
107.33517794553119
108.57603876951302
107.77387890827036
108.27067314216896
110.94300152494704
101.61119267318517
103.35875816370991
106.81964686972876
109.23845637213488
106.58088719550175
107.72078451322997
103.88401424943132
103.80734128888652
105.4305253318381
106.97377856829522
104.16890006472768
105.18276083699689
103.17097019640612
102.33904016718546
104.00438019706618
104.38350969447313
104.11193648505076
103.63429128152407
104.49276868939091
102.98341552147649
98.0619413143516
100.77253472318262
96.95430801748208
94.5179397466316
91.66988002052913
95.57595483036383
87.81795514153865
89.7503508186382
94.93264593542906
91.78155145529898
92.23264151112474
94.25052625232098
94.29971324814971
94.7362128753965
93.82885206999867
90.80640863915869
92.9697250622653
91.77581720653765
90.31829930312804
88.28920527854264
89.73561042014313
86.72876908714014
88.89479016872257
89.1150489458171
83.19655291959086
87.14556355972175
87.22111813452523
82.42994122301118
79.59225595093807
76.26193697491556
82.85850272284054
80.62829889308509
77.85875616976115
78.07276728052511
78.16628747891991
77.387430499537
76.25817304047132
79.33813148341414
78.46894579914165
79.23856147004636
78.09811327973647
77.7459714151603
76.6021602747188
76.60081910131346
76.65262188525205
77.7001827936187
77.92619168850982
78.61113620937307
77.01661053707733
77.20402984612434
77.39067660862408
78.27633826241735
79.16816540056973
80.59568245482524
79.40928173478063
82.37371879819929
84.40485694619856
86.38408947072327
87.93972315126372
87.9769655906205
90.65706450892819
94.4345530900213
95.86352240785283
98.11226297105149
98.34333402769734
101.12809622007099
102.0399647903354
102.35747418529978
100.75402584321121
101.07416214483854
101.93776680643182
104.98427863657133
105.95190268360092
104.06467044996731
104.34568909883598
105.11106883580129
104.37155956230481
107.24761841861512
104.67288005902888
102.80168326058549
102.1806516434585
103.14931172403655
105.36346814875874
102.47539320701969
102.02082577500775
99.4246710982452
99.73150258124984
93.91225784284498
95.89923467036388
103.2892674903862
99.41186164804033
101.22980975002504
99.13457770045736
96.99530627567874
97.11707310705329
96.74975720318099
95.83283910175942
95.09547411706589
92.99511621495012
92.78337489033349
93.36666095126243
93.68630847457348
92.08220649502593
92.49729529735063
93.2453334475723
91.95282341535184
92.24801201914421
92.78994160798446
91.6528853385137
93.1326351975469
90.82392030369752
88.59691708854848
88.76318865252163
88.25268479513494
88.44985307709545
87.7763642776975
87.95379095214624
88.12074898925295
86.71534833301797
87.47380332466284
86.6510076888444
87.01977621450223
84.79700270741581
84.68157572750454
85.828974209452
85.23427837994105
81.91918976878466
82.93511437599234
87.0664833990123
82.20116536360307
80.81236667712658
81.34629780809686
81.4268644682081
79.81495792697349
79.11266376466676
79.85147826308702
79.18512558496789
79.43886823995913
78.22811576015292
80.09873893343631
78.95071268327432
79.13956887008445
78.5509416644346
67.2065918633848
77.69598731438143
77.37137399457743
76.64495930383882
78.25258278433489
76.34751316533777
76.45588401340767
76.7285452416681
76.4494578943211
74.78335171708464
74.65909374998373
75.96310948040437
75.85147551639801
75.64704624971259
75.59032043378231
75.6247352662743
75.77595506177332
75.68096209839007
77.18344640100713
79.28050283113417
80.32712924490932
79.09518096278772
78.38627286490055
58.47184475536665
64.31019875701759
69.70814630391001
70.30995745890459
74.98506731151
70.82115837253355
78.82443070566
83.10076871315968
83.54598958125246
81.77443811926138
82.24285467893871
82.1740821263926
82.2955389407186
83.01383157915917
83.42638441466
83.04698799198732
81.4568595919922
82.70135305241489
83.69100317351553
82.75499308775072
82.8308033687118
84.32423369661574
81.03553947354385
80.6940257192241
82.51430419972516
80.50060068874609
82.34864501854292
76.3972068882622
81.03231416773797
81.83761183535543
81.33804627634194
81.91815518014039
82.57739891922468
81.9325575605196
82.22270089911562
82.28701436605765
80.88510005007561
80.6096863546191
81.02511358523236
81.41737463394493
81.28607977336098
82.17895496595962
81.97434115792785
81.27121403258357
81.62379277383373
80.24889028215537
78.70747709901123
79.4820871143144
80.01486189862968
80.3702112406795
80.76928833496048
79.89807856394694
78.49716427136133
78.10353978556581
76.67703792021797
76.99888539924034
78.39032550803992
78.6510495616663
75.09448312695523
71.44572753643524
76.01718525250021
76.12685503333633
75.24275678915384
76.11443942510974
75.89405691873378
74.8514375451955
75.5299913520653
74.20986030222666
73.54802871068583
74.86133193727441
72.64692146705929
72.29930869182623
73.94370676641684
73.73609349588165
73.24950075226353
72.69505896917656
72.96552886876344
73.59577733151956
72.9466891010072
72.10976295860355
72.79041471236556
72.29632794840042
71.39015149220045
72.77528236168011
72.38789968849278
71.98494322120524
72.29960314648613
74.46502972380493
74.51875094895408
70.94972786450467
67.81337672094969
72.8896770072256
76.27316282660365
76.04351900478834
71.19855846800553
67.25704928521624
75.6696605865941
76.84769813439722
77.82222481588556
78.49800395032271
78.32205160827891
80.19702211521681
78.9567240162859
81.62455589257046
79.17030789797059
79.88461319735322
80.03421695552713
81.90762576839398
80.07647824311447
78.96829692049539
79.51259399944284
80.71032135970027
77.81452882471491
78.48143792451586
78.92635633874318
78.52899130153516
80.11921518586331
79.78371567272478
78.0797822446777
80.31903263275065
79.55169589845637
80.57229412745048
79.97783350354786
82.78838460109304
81.12467546944104
81.86395395711992
83.7459792635982
84.99448462739485
87.38108266969842
85.88092075375951
84.12408541780077
79.87645887741022
79.50297643162446
79.52722149482032
79.10058929635414
80.67945698695553
80.77547508843611
79.02976546775145
79.22953800968155
79.57678792434523
79.65312847745841
79.87513557688742
78.95952016756654
79.70384208339884
79.95943678631927
79.8506706868886
76.83259586034833
76.32451772110693
76.21587478897075
75.69553204915235
73.66882160783096
74.9202764185901
75.13180157865614
75.50634321071448
74.86888947721997
76.4876042238391
74.16118954213606
73.82841055298746
72.88066723266854
73.17234733588776
72.79885988180187
73.98805808003428
73.727976968647
72.73271673175651
72.67696444834857
74.48709721181365
72.99863876322392
73.5807874625039
71.41997636932138
71.95070785230284
71.49955805604614
71.26363607250588
71.44624542058475
71.12765524107346
70.70722092333084
73.49211457365033
75.85301180288289
75.29619698813546
77.42721557800229
78.27693000232084
83.61679784971483
86.04648553039166
89.1611143049704
91.73880316063406
89.77540863194328
92.81326215228503
93.72062791177197
98.91491616949659
101.26888679848344
102.27750577941151
103.92839370136053
100.63727248128292
105.98326962600613
103.56635633709328
104.02858478506253
105.18085664863918
109.1273578256586
106.73989631270268
107.18461650479065
104.74496880423013
99.81706389755252
100.19318140219289
103.07203800659593
103.79279553567227
106.92982075492671
106.66020199064319
105.34420306411192
105.69414533521514
108.55087632203372
109.47831704715357
106.58145797449848
108.43949340572233
105.3485356918795
104.29008068511209
104.1610110879379
103.32983036929971
101.54622857526832
99.98781651073872
98.11843160309795
99.28576796811171
98.47381323651555
102.70596244145986
101.69188107350564
99.71713481359265
98.75706924039568
98.05686273568608
97.79543503577247
94.5116054481296
95.6848122679468
94.4993213237873
94.35682860009949
93.09507474883792
91.9481978734904
91.58059305134739
93.5331984544363
93.18924291894962
93.80467476791537
92.45043959098294
90.83448973519734
91.11831757514386
88.47991600901959
89.94885746378564
90.75812383774576
88.05360733613318
85.48023241681031
84.8808418271171
86.59297790116787
87.45212682613933
85.10118613176843
85.08102870745674
86.64388166760655
85.73756655298406
85.14265011211964
83.65505739752518
83.26314924206261
85.6795557509981
83.64418612401401
82.40875720801561
81.51831342831426
82.56447323591414
79.87599215547735
78.6813272368922
78.61251775013858
78.91917484312965
77.62120898340962
77.16327298342625
77.88958230562844
79.34079189699244
79.001979927441
79.33294855744997
80.27898874923521
79.44436447778796
79.76146618364712
77.80807157172299
78.0123035711631
81.28683987084534
82.82838484311598
87.07644616691296
88.18255424764789
88.1212477059249
89.29597138077142
91.59649371966091
98.35027453118688
99.97818352474948
103.51514142972853
99.00666693393777
99.91263071916796
99.82060290730715
100.12899612873447
96.3001137061286
89.19641451345183
90.44604853772938
86.11607390033515
84.92613412945485
85.22799931671807
84.08204941995821
85.42650367343596
85.63051801422625
92.8006016262825
90.47012982703114
86.66676572201678
89.32094421101611
89.43665672763721
92.04778572196757
96.55322092539586
99.64166019661081
98.64673909556437
100.40361111707236
99.90328652488483
99.55426202858848
99.47551302694734
103.51687765915942
102.67018336359783
102.58550740647196
101.5129744508201
99.82817332007552
97.98943240417081
102.00384530209341
98.39939137849312
95.78304218851625
97.01160393562611
95.97216515498064
97.96157939962069
98.3314357410593
94.98889593581708
94.73791135113702
84.49570375685448
88.49271074832768
91.55376711613917
88.4493543607066
91.1417086678448
87.12232561405904
84.12942727256495
93.13044847863716
90.1179264907459
89.65878553669106
86.86046765450321
88.87195604784124
89.40852050877064
89.8604082335666
85.86249324939241
85.26828650994177
86.91389141917826
85.98147177530117
85.60972463943503
84.00945009933507
83.56259976312774
84.56846239266497
84.35579828667383
84.56427521999304
83.86578174696663
83.28782754094378
82.64390752057733
84.22146001317466
81.72655266875537
82.6096843734727
81.61781321854409
82.2307289122439
77.75902668395636
77.14836792878533
77.52798047192228
78.2611040818706
80.04463302253225
80.94603080911158
76.73361041362864
85.21732497170802
84.52390551550917
87.96636692168993
86.09457786086394
87.28313833966024
89.30170534228154
91.46585773468523
94.36854665155248
95.45466915683846
97.17658666645184
99.98100848714671
102.91191398140154
104.49279879550204
106.18743587597328
110.0859267698338
112.41011280352132
113.414371630824
114.57520129112345
115.03561465949952
115.03148457500765
115.34708691548167
115.44296452941293
117.12243649737262
117.49511556720104
115.14856375919044
115.37237237564719
116.11169376214463
112.43480274318925
114.42396250063517
114.78950808427065
117.2460008899361
117.58015074635497
117.32287454637378
116.14439866525531
115.51467348317601
115.54603538446125
113.41619643286155
112.0981252708228
106.9101298244162
106.21273105293116
105.75216244603281
80.58915961538446
83.80892616861203
103.64136658207572
102.85153193610466
103.16902951103397
102.10329564114045
100.70016762670448
101.65299650748169
100.53519624308744
100.71846328278932
99.4414160597694
100.78065778326983
98.85892384895669
98.23434908457125
96.92141457894513
97.30394155289855
95.978028493955
94.88643567966868
93.60966344003737
93.18447922042333
94.26776978652515
94.42106474710818
92.50760456104035
94.45655567824474
94.501252004545
91.10878707991438
92.4251756842771
91.61680719999944
90.66414130703748
88.82285511908754
88.44006006245411
89.85009829526943
90.35350064799086
90.37661093133053
88.48236209820637
88.1540596155722
86.7657956350896
87.98057843649023
85.07594033621007
86.08035333929851
87.47428182242258
86.94940199594856
85.25572209200108
74.95468443363865
66.3999381038424
64.85302842338595
81.69866289957375
82.4650144122846
82.2276372402898
82.74543938326421
81.84335240947098
83.45917992465793
83.43229699653054
84.17117298084791
82.35196584095115
84.7753187467074
83.8089327713061
85.16117380622687
84.05873845606496
75.41320012618289
90.76093172981237
91.48802146506544
91.94517040735064
95.14573819065663
95.43662936466353
95.19351198493246
97.71506424707513
98.751783538969
85.77529514545176
84.91491209338415
88.97867631024882
104.21084765443834
105.96817402498573
105.32081640757247
108.61885947417876
108.2687879021249
108.79402843561267
109.67663639320457
110.18620861551146
110.48348749113477
108.62599721423432
107.16509228482174
108.40706495703422
108.55671269956838
108.05662575808174
109.16213283791399
110.93626899536113
108.28754045635253
109.03840124231793
109.23480338189295
110.01594720578693
111.79461692655019
96.15510960222338
92.8092384415813
95.89820710117263
91.31625621144676
89.60181899408369
97.89696581822196
84.02252562396225
97.94674659595734
106.03625585927084
104.12316917509061
100.99684304817947
102.69645624455717
99.33403312914311
100.09859101871994
101.00067251910811
102.29141384046875
100.16658836429497
98.9170215635097
97.72812028020235
98.64310267564451
96.9873809802541
97.85675104517622
94.07791275637146
97.25004593565723
93.5354803076475
95.08514266640691
93.81632176858966
93.19627418527534
93.49103793592418
91.65905069520795
90.84717974746013
91.64728518154087
90.35583809973599
91.21098450054515
92.10581788102013
92.47296547216793
91.5474168237221
89.56451029709814
91.55229380434338
92.74682036434751
91.43429853534894
88.97180813645207
88.57281574119835
90.5066110158326
88.7226907107632
85.92376809445061
86.4354600405751
87.55950899749898
87.15731087817981
85.87631884119105
85.76871238637902
85.44593050580121
85.6437946932913
83.87536836667631
80.82973461304775
82.50317372972181
82.60798405246851
83.04719953073585
83.0272156615399
84.91189916143776
82.88439659923282
84.16209017371966
85.16107584646895
87.54936153388901
88.67673064895538
89.93376356181446
92.48958030239481
95.0260849068364
96.55348531613345
97.87649939878861
99.83747040709522
95.32131495829388
104.31575684771883
103.47438268530868
103.6430584275422
105.15421728510478
107.36858022267938
112.04093904455499
110.40500726973187
110.77831578375418
106.53909658484271
106.14725269906725
105.47371884185733
107.63590053819921
108.47503865544509
109.23948435166494
105.18423031469456
106.08693310109948
107.73312171845214
110.90511423138742
108.83171026040299
108.63230776894487
106.42253266718562
110.53712396933955
108.50292961859543
106.59144936221831
103.96984720021744
109.05537889234498
107.50559111062506
108.47848605277132
108.4530085915268
109.3821117940779
108.10867264553073
105.15949905763566
107.89924232492564
107.99681324220366
103.80355703750587
102.7806369243597
101.6930283883421
103.63007161827808
103.16938450444943
101.96978013795797
99.91961498675214
98.99059271359147
96.55149393218335
97.84690075607865
96.6368340691143
98.46383366644883
94.61396657310702
96.5044937458451
94.99868282497538
93.82151524817823
94.09677817149145
92.37334611974173
91.78137171286257
90.29558801295252
90.4582850093716
91.898141785196
91.7791335349666
90.85861241243776
90.16084767459563
89.15361930739478
87.89643487193325
87.23286732194877
86.431684382209
90.2712400846485
86.74655099998364
85.72383908455541
85.2750226375023
86.73469571067902
84.70671974941095
84.22969726552046
84.00654639036664
83.98447330843337
83.61468861632929
84.20464203624515
83.07428934010596
84.03325768283581
83.85363121513315
81.9329635789228
81.84793987628854
82.36596320079241
82.52962519396642
82.81226002102379
81.54672603083887
82.29950285203873
81.1607454938408
82.38556826091954
81.19059499348826
82.14955462456511
81.50957710969591
81.72135606380263
80.71109868280071
80.59139270343528
80.86986609486348
82.00990612521468
81.39145646285043
84.21548518579898
85.15173238837211
85.22937851712368
83.98666059974038
85.3574087376706
85.53260549880142
85.33251066235208
87.28497320831585
88.36130902981412
87.86468790517671
87.47576552265497
88.73662802681395
89.96543060770291
88.76821629420789
88.60760226304137
87.85314608414683
87.7562585481337
87.13865631062527
88.20762548551284
89.70395028472103
88.28148779126059
89.24136747769808
87.83268290253432
88.8004724927639
90.28503570986277
89.32892516600214
90.45402162724554
92.2484389336098
90.4524736991159
88.01615524582098
89.10342044738172
88.63946987460054
88.5025232847122
89.36211612544412
90.92137652599058
89.2902793086107
91.04747068660878
87.97880080586174
87.32501367603085
86.2074036733843
86.6953491135398
89.21030026697485
89.44402086301398
89.6440881778874
90.81533446590038
90.32687669254096
89.03938050021293
87.97286320984699
88.74770989910999
88.97849048332728
87.55194007402179
85.71150429023209
86.41504362681803
85.08220487573838
86.00173472569868
85.69367586364984
86.42332393781969
86.75865798846584
85.25771381518462
85.08549746438453
87.02834231843423
86.14630240506997
84.37987049924831
84.17765767048313
85.60951203421543
84.80645835057793
83.78855412299023
83.5975300587236
82.55407638166037
80.96928453109165
80.92997029571387
79.46482051862189
81.35264155792426
81.57381446223464
80.389288706558
79.02345427826194
79.67168798461361
78.07961449452694
79.08215917688544
77.7243665150679
79.72504015136585
80.2530730215916
79.9209938561674
0.24436167738622316
139.12783926199918
111.87245327098621
108.93426523274212
109.18842127220636
108.11355868246416
108.29324932146116
109.66145598950959
110.5408890831996
108.21624961208148
107.97305793889785
108.37758065528938
106.70340398586268
105.88627588532154
102.76434139235516
102.14363231216316
100.96167556882477
100.41569271322645
97.6386047882578
96.95894132383891
96.45472689631826
96.83523158141375
96.18126477614544
96.35130413537577
95.91242325753164
95.40789535907831
95.81056558509724
95.59790650868429
95.34635054432458
95.52197414067726
95.20825646714414
93.15053205142107
94.04931320767562
100.19169155471995
100.99323247166808
100.68151409628041
100.41992327545996
101.26562340996308
99.69366822560072
97.1486649817966
93.72742825825117
96.5778344911021
95.90709675027205
94.55728564872796
93.3614722503147
94.08796184959351
93.32006409815243
91.68757608930923
91.01407562988923
90.61606929627531
90.95150152872318
90.42068794145092
88.24873650114574
85.12841351637718
85.44370833333089
84.17967383401121
84.0741296120891
83.14086210039302
83.69789678503969
84.05481613952946
85.47182815479403
85.5421471896421
84.19440585740206
86.75474277645439
88.09063650099958
90.048371937253
90.25853173645895
93.61404080833462
93.08413371027127
96.39550332562837
96.0274234426298
98.69898754490242
100.2061654944307
101.71453510843958
103.60736343661733
106.59160760815485
109.23707107684731
110.58669689730391
111.2599969833825
113.52198151940001
111.9778875832385
113.79240702240749
114.7081828015467
114.32555692753189
113.46790941861099
113.64940716808849
113.94535374788441
112.93806695760739
112.02990075093567
112.0029742457532
110.57996941240071
112.41311913988284
112.64534366988323
115.0597319613853
116.64678351312769
113.3686532090232
115.68842516601566
115.93802311030596
114.55273980355531
113.25745313900661
113.60104614420219
112.7406628507535
110.01976674221841
110.43890511343425
111.0479478743003
109.98960115452792
107.26291173891939
107.39827835157514
105.7202304422351
105.97615794776404
107.68533185832621
103.70135377273687
104.15463495526956
103.07058044270786
100.49277447480858
102.78422821531646
102.24556096501972
102.24558794916152
101.73292734223661
99.83892123474425
100.56363028850046
98.48971982990015
98.36647242008605
98.93545305568722
97.62571093931547
98.17100807484647
98.67176714680001
97.33863387040579
94.90673441728087
94.98290934303309
94.5234673254268
94.54280113272466
95.2438469728764
94.88290041467165
94.08559780820147
93.17688068175146
92.36063961982795
93.98181138378288
92.25336300053854
91.91985934874687
90.84476076645382
92.55855986325916
91.4812338645898
92.10537675075942
90.60378247057771
91.90538537052984
90.70351179643968
90.56738883235633
88.04497526422666
88.67756782923107
89.12884440298537
87.62881724044038
86.42850139465463
87.8660473339894
87.94197271237118
87.60680496472946
87.30361357515913
89.56327502987081
89.51251172684687
89.71180394779233
87.51732111705003
89.85918862434279
90.78077862364428
91.78709206169694
92.51495386991058
96.12018203581023
101.40542047530441
101.12490398094467
101.44883218691689
104.13345390320416
105.77204730302175
108.86228912077536
109.28928207047466
111.55861764004771
111.74766719733975
113.70011852653852
114.52682928881154
116.097546958581
114.40122448502625
112.26203514859345
111.1155408445063
111.41329371984102
111.21798478775683
110.86207637218278
112.24711697975759
112.01703539594926
112.10275600599962
111.42684324340614
110.02461810209466
108.77042573389662
108.42734517779789
109.49070846751172
110.85032604411269
111.55268578249243
111.47219489705661
110.23598791158388
111.80054045812322
112.76608647824514
110.5027158616532
107.2574539722707
107.48691857136656
110.53220793104173
116.89002994940445
124.5722290469532
121.30141838706102
121.30908924029816
119.56583758247287
116.0679788622101
102.74291567761016
102.8244433136736
103.26804659102166
104.04036607690112
102.22717849684022
100.24581591504784
99.63890824337788
98.46994145887925
97.92692794944064
97.9748799109361
96.9690837757238
96.02780113228681
95.57758426464193
94.8302524353985
94.41871073852151
93.25388444640538
93.5713105376609
94.30057504443236
93.30360492275285
91.63615875169938
91.55037363050216
92.3072438628889
90.6076137167175
90.25023162480343
89.94525428831524
90.87145454561399
89.2996177287056
91.59834352922827
89.24678887555014
89.53036391756355
88.45928952728187
87.43014175326894
85.98595568666232
87.7683449278241
86.5484010928059
86.00960199848356
84.61643622534697
85.31160608842869
83.6352434486713
85.38794267087178
85.11210682449772
86.65868083566977
85.54488026026434
85.75438219297521
85.77264566296788
88.01752074526182
87.45993388542132
65.6881828311989
89.02795046324366
90.2211087100107
90.62461948981286
93.58241133337108
93.27599951869661
96.06713572761927
95.14005284864734
95.51227484026263
96.73036674952894
104.06235753346255
104.55047768463552
100.23841018300072
103.02248919174163
103.79829177607051
103.35668965715945
104.97858864163564
109.3532900522163
109.35287371211793
109.85464387836649
109.71880498139167
109.9797161282164
110.47285291282701
107.9462231850312
108.30462019175624
106.63727919010503
108.88287537027315
109.16369485332295
109.83054853479163
107.5130848357586
107.72718404537582
109.99307134256902
107.71891419800747
108.75117690240702
108.73385746429862
108.05057759003037
106.75228375426691
107.36620160475513
108.7179874753528
106.13520215481509
114.38830485412544
105.86239688991358
106.98865230556743
106.79016826651467
104.48740075940383
103.45747002603338
104.99523767833051
102.87463410808806
101.04112450999696
99.25691818421592
101.05397211919035
98.97198871638943
99.90139440072426
99.28532646681015
97.5117519284031
99.68701613607655
96.74709752618958
95.79255667476505
96.03210319626108
95.82163014769026
96.02374478433127
93.43467179385516
95.872329842447
95.68675362926592
96.21527823570972
97.6298095136125
103.17942841821261
102.47655348417499
99.69713327429325
93.33115695270405
96.77044769006697
94.45149809180813
95.35898223910291
92.45618794314242
92.20170672323025
93.7949532607107
91.30098278287235
87.82701979190864
90.70977935228761
85.18795965396103
91.20853041624495
88.75732531190296
86.19104374637615
87.36402054407148
87.95627135037148
83.94246640839424
84.88799084823569
79.78372982923223
77.36455885427888
79.10114371158647
80.36518977671221
79.21625679718765
78.13422114557991
81.03266271670934
78.19043205936839
84.26321452619486
79.17436836987869
75.10800420757265
82.69897599747928
81.4085086947639
83.54279560698319
78.00782165657526
86.54981551606092
96.2706453305419
89.451685439731
90.73913619185447
97.62329919515336
96.22462838214915
99.15702311572704
101.19901269162074
102.03950692161334
103.21063925977705
106.01074501636185
107.79390427268459
105.13629238610247
107.7359865024464
101.70299897882205
109.99863865679526
108.21184359248764
110.83583896612413
106.48935214185803
105.61515467690151
105.34869567938131
105.5373043506961
106.16357423070122
95.29481794050048
95.20777488672684
98.78003785136822
104.98796850080066
102.39869699718756
95.8611529368858
95.95639243063216
105.99106796977185
102.73909418716715
98.54751342535553
101.56802860044257
97.09825899208565
93.33640255696986
90.55667787695461
93.1684222020864
88.15135540220582
89.34583165350321
92.51782786217674
90.0206362345548
90.37722633676572
87.69857028146421
87.22797504934215
86.15021119814884
86.60954728346246
85.28677925300167
83.08432048620065
82.66934891132401
80.46569809752832
85.40973314342429
81.00437078363481
81.06593781422299
80.12927073544648
78.10966814692
80.8279265072072
81.57132285107325
79.87944434641156
78.79656337789118
81.74369945483193
79.38425681950216
79.55454326180754
77.01913796216847
76.57672388732911
77.31799814411478
76.58089190509405
76.63177810642793
76.26379278984982
74.12003071124208
73.89462984952442
74.01672770782191
80.71016975050077
81.16215407901925
79.9969778877474
80.77806027322511
75.9005740256436
77.33529807039517
76.26974887097089
73.58319858945418
77.05665296071525
77.81683650010729
78.68848830323023
77.08700020595154
71.8074766353376
80.13510988810452
77.9917019201364
79.61379099849061
78.55666578501953
80.16624397704773
79.55224229768939
81.0388514365121
80.36810959657055
78.09322314684108
76.26026789303398
78.52620266605497
83.99194482458157
81.41580712517774
79.59630486662513
81.52579092657332
80.75105557477262
79.87211322263792
85.18234296141347
81.87581869516085
81.76527424752025
80.79157090872798
84.66219762305664
82.60863695453843
84.79790575573654
83.86943732165966
87.92345905355896
87.02662103148288
87.60263166637799
83.04037490451728
84.74687573280833
87.72872876577755
88.09000818660186
88.32670845241347
89.63727861662613
85.77246461984869
87.68536200379228
86.26680445242131
85.24035108636357
82.15002238564665
82.30725372428152
85.76756491655036
89.32842805001789
86.30939404259689
86.29486713386325
86.38960634071158
86.98486552046347
85.0742947368249
85.39766100538878
88.48900852648794
89.92948976834366
85.67333063815278
88.83665056581098
85.27390603233695
87.1513790278967
84.04156061388069
82.69102718552973
86.64669769318965
85.57022228854795
84.40810132425449
83.16716073643018
82.2569366798026
82.1930785758052
82.52988150356917
78.81620461085635
83.94295222396191
83.89507879220223
79.2650307485807
79.16032187642183
83.68339703393102
83.19545678736642
79.38008726163963
82.86906350768271
87.85783756968011
76.37112201926966
76.78349275785621
80.90523756683983
82.51701850614948
80.13058068191211
80.3102717985158
81.43858026485157
82.96578657464502
83.88510297427524
79.63433510133407
76.7183148436892
78.19248994907429
78.14132762081408
76.57836505341493
74.7445663894332
79.71645755011956
76.52648095953398
75.89355834237716
75.63680061331593
79.69366483053868
75.7261408675457
76.57228158595416
73.3223627820989
74.57323891195647
76.01162491171294
71.5029254124845
74.84478992388449
72.36186474521787
73.28141327127616
71.98076300683033
71.87112175374949
72.56434487469414
74.58225011679535
73.25982232936649
71.74207694610134
75.19701108092022
77.57860628706734
74.91322942192437
72.99284304446286
75.8558357463071
77.71355425606248
74.36374034912001
73.35281922341804
77.00484082625903
73.85420164261026
75.94970875657313
74.57989771287554
78.39587194334761
80.34480252452336
77.02262084041443
77.94071277266966
79.45553184233621
78.78457290636184
77.19226432872298
78.96902311973827
77.01132271043754
77.40119204533818
75.90126520240347
75.52584316582306
78.50385716314486
78.808003619386
80.1600853911807
79.41638806013032
79.43352731112704
81.60799424726478
82.527421117422
81.90121980462973
79.99178397740312
82.06781345759937
84.41425342253869
81.67992199346861
83.22668746425629
82.00377552121415
80.85082341897554
76.80559612317478
78.48019327213999
84.1162975539872
79.07546657044168
82.629302392073
77.39579351899084
82.02734252329557
82.21714272518736
77.8832005008895
80.15956721493957
82.29231418198108
80.4514208674202
83.68932678528509
80.21413695757397
80.01338033228404
83.77190985021126
78.12163588410115
81.46366613196017
81.67551596070675
79.46849493546958
77.89162667556262
82.54068042732348
75.0920987186106
83.30128596466685
76.36707535308052
80.42060914472677
78.82488589179704
77.45321722314182
76.10976509212807
80.21130337528156
72.5144427807665
75.48981484072172
75.2338388309588
75.27677510773525
74.79562598861494
74.96620522974109
75.08387054676376
73.81884480596591
74.88870543224397
72.75792409127365
72.39780626083916
72.58258764643529
70.96461776043351
72.94610017704865
72.994565378528
77.17247540356293
73.52629232084618
75.60388689927426
73.80652578748462
72.0794613974802
73.49672183003793
76.43500272926384
73.45697333187697
77.28832471256793
79.66526720152417
82.9500235903588
80.25991328158901
82.61549984906031
84.57337249896814
85.16246160304081
85.60410581899464
87.5277389319799
79.91013574771364
72.49738106780933
70.51383975866634
75.92866615076309
77.91413220155482
76.23236232693625
80.84357441715247
80.65492450610236
81.63281170160917
83.17180404750411
84.54472278667185
84.24915096992481
83.51015391446344
85.62893377383762
81.59094667048271
83.40075953272571
82.68984861418289
83.3340526380896
81.2562605855037
87.44341264455511
86.34869950431585
92.77792994859988
92.84133506950138
91.76966399048115
89.14225019723472
89.70608033386338
92.43700164026927
90.31307360042547
84.55507311861402
84.16385343983916
82.90887340720724
81.14497180911917
79.89268332953998
83.61870994415654
79.24439509743479
79.9294522961114
83.10835762969306
80.74891452888366
79.87596106703268
82.40197270096355
78.56882363407999
75.74632005645958
78.67013005656305
81.50995079527638
72.00523297588644
72.36837506262783
67.39191615782511
71.41026630041529
72.48676090481467
68.90436610732823
68.92989561148732
66.5520037165502
64.45143731216922
66.57140101498742
70.4112736264226
68.19551381456543
75.5735507529794
77.80529498117778
75.07054115081829
76.3837662711146
74.45844898663412
70.19077668719504
72.70414046448707
71.10626721094309
71.03840070807291
69.01415008022812
68.82735321248546
68.19955205267405
65.66876667985932
67.24761883395783
63.51295355574639
67.37275164611314
64.35899957141231
63.668934806578136
63.71898944310569
63.11357525638542
62.58648890173573
61.2392721046174
63.786886037518826
63.032694013114906
60.871520878261286
60.49938774175899
63.46533131275828
64.03062340423372
63.42661090696369
64.57810794431487
65.02658265149675
66.52259281232628
66.09346552345555
67.27256615254305
70.35183626974094
74.19330703318725
73.43778795343792
75.79111269376335
81.67150891458778
83.08981442162826
85.91632703936602
86.8384877507226
87.30965398690023
85.40810651039398
80.63179813999113
81.9159614196335
83.2728855226974
86.20017370371625
83.37534266525269
76.56673420876996
82.61069450658191
83.15799158706659
84.10236552200695
83.45577618762331
81.69180884304518
81.10565869971002
83.5997762767779
81.61739000469697
85.09242760084815
86.27132437296314
79.64801865367667
80.78516670850877
80.52157086960324
85.39253105318494
88.09666178437782
82.05501771962804
81.34471478041769
80.83884660229546
80.89944706690267
82.90141582052729
83.3079972727769
83.26645591674445
84.53884437995316
83.32509740078312
75.48992600772544
77.04907061747144
77.00004433903507
76.34203232963547
77.07205017824981
78.0821509494831
74.67075860952309
74.68094289028708
72.55426392921906
74.59169369563577
70.57903717182484
70.73107690930306
73.20230638916178
75.5961125307833
74.4446369387606
74.25183910231156
73.6682599094047
71.81023381292995
71.67493383799678
69.85869996018825
70.46204702276988
69.34328868641862
66.88705451020405
68.10352215458613
67.82445266613651
68.19238927784014
66.97990274919137
65.74169954595278
66.30303637661851
66.84992975635689
65.69870048173074
65.91287255830059
69.72918584343074
68.83218235178299
66.6552661388124
66.94809123269883
65.32220964752554
68.0795201736928
65.75074204224
64.08332453419897
63.10541112874083
64.03817925281122
63.68228093482688
63.65104486479967
63.75999954687208
63.00020768605042
58.64723035966107
60.05412975698225
63.52040790049104
64.22687318376488
63.94208821980883
63.9614017927575
62.83960560140057
61.07765982017578
61.369540253254385
67.02141717203733
64.1393079635864
65.52048653916322
67.67068061546642
74.70558225838522
76.432907102846
79.6103605580065
84.3221250811855
79.99461515671737
77.33170761850988
76.95847745571882
77.07911730056776
77.1342800636021
78.21861393378549
83.15400259142916
88.57549249370777
88.89340438946942
88.75180092104301
89.48397849301386
90.31489494275593
92.9132955899413
90.96666709043166
90.29337821887043
89.62039285240462
92.40498636355005
90.69367173822116
84.38329210336042
86.21710985978416
87.11876385082223
86.07483892533378
85.47144444431774
82.56972867144555
82.17206492372111
81.67790866591363
81.23586929837552
81.47089410307171
87.07364414281687
88.17813468951135
87.95511908655567
83.41433186693621
84.22576080004819
83.06998883564778
83.46742424755143
81.53688875513491
80.58761637656039
81.22539709438706
82.94981733632426
82.31364196544268
81.33250913936128
81.94555438234875
79.78276906568908
78.48289722983145
80.86853160001783
78.62211183258866
78.7535697210592
79.93650825451732
77.03278384864552
75.99500195840848
76.42911484951287
75.45150329927583
74.04214467885635
75.90695931740312
75.1104823624505
73.2822264150609
71.95250331442094
72.82073463605782
73.2663468039771
71.00347219006089
70.72806529644535
69.4552600933685
67.83431363297021
67.69469186701087
67.97755010718836
66.5782475543392
66.37801322513019
61.68820134900585
62.07965038393887
61.625198714615806
61.971892671340385
62.17649171601731
61.204058630596855
60.84235547890036
56.75900775539089
56.47956400558743
56.966388208216856
56.69029968093304
57.570429896270355
56.92571381341265
56.81849210016184
56.68755535079069
58.13359716369275
57.78906938213095
58.88799147759114
61.36942625777789
61.08218833719071
62.63496958868579
63.12881283725977
67.70933419330157
66.98076195283701
65.02227766401984
66.02008906239871
69.16449862236482
69.56298149812619
72.47843663960998
74.46257291951451
73.83039554499669
77.25600382653874
82.37716445394335
83.68910006794727
83.14340647837344
84.40004384545
87.6014184881949
89.5278293881031
92.8119034283095
94.17324280473645
93.0702196279783
95.07176733877873
90.93076657832353
89.4877036682874
97.74240533349916
105.06063563115072
106.16420132283679
108.31680496475587
106.24496094139067
106.32717665214841
108.66597528909585
104.95389998116221
105.27028154428945
104.8071778724543
101.8957381199652
101.46415996446851
103.67035404396603
96.69003200353735
95.50893926957676
97.16205729726236
97.67774192592597
103.95529288963598
105.18695922185645
103.3726305768655
102.72808580749847
100.26257302027261
102.66695607587319
100.9497096313211
101.35296981441145
98.44312615404306
97.67491513493496
98.46032770159673
98.1945260507789
95.04954235980858
96.82612375912527
98.06630043210862
98.36419229217472
96.16618137170371
98.26824296053633
97.70654322712971
94.59103058218807
92.4845642200703
92.85204268373082
90.32690644948002
92.78491023244163
91.94318605270709
91.29409283971586
89.48728608604824
88.04383310157027
89.08322353365573
89.80885324450384
91.02030514245766
89.31676170832219
89.80137425768383
92.10346503959843
90.8771064275764
89.27421315720413
89.94747028504896
90.16397865693735
90.30988654021246
89.65199090690732
88.91041374480794
88.42085469705947
86.49053696204818
87.50849531891737
87.6761937011345
88.64665423230228
87.90044286130035
87.51274382324344
85.78891239925531
85.9495806454064
87.6588710423167
88.20785496406249
88.89315625237332
86.174920918076
86.35192788770841
87.67799184643746
88.1823819092184
91.27328772697747
90.95279571226516
94.58050049055731
92.89171979175536
90.4631810970002
91.52414857775754
90.55368312783824
86.2053295527794
75.49180407280006
74.82820304216034
77.40696575707398
77.53715253117912
77.2078967387356
77.93276721960956
79.96085607862938
83.31811121923579
83.34899719209511
89.16097889828211
89.43342546856866
85.98872089207453
88.49189163553478
81.24214486491519
78.81034230368414
77.74641770566609
84.00753003571208
82.6171653157271
82.18360917227119
81.69197303056967
94.9521461010313
96.20129172910569
96.40522200287597
96.64284543879246
97.23143686333026
96.41106445016494
97.09079133941347
96.39861862620027
95.66967992691445
94.90154077725055
91.201115286634
91.72919251957342
90.63297852227602
91.79886006543353
91.11370689832306
90.011641915846
91.87465526933046
89.52065687137448
88.56688687869647
89.30585624607286
89.05423908555986
88.28337837813571
88.21988221995325
89.62782719472773
90.0240628740223
87.29269478223708
87.66905878856363
87.54578775519656
88.25382964327815
87.0569345366232
87.08811058485136
88.68086696753866
87.9744532688039
89.15240824753991
89.05442284232096
88.11118187799427
89.27471290838241
88.47581121134542
81.065046824865
85.99449616211518
86.67406759357799
85.23482508066695
83.99938945798792
83.00904315294989
84.06064174100321
83.19844594179837
82.44504290225828
81.60363510317316
80.4546281954277
81.11712562147855
81.40815311523214
80.49102162407245
80.21377599481983
81.76394440524606
79.67495354408939
79.83232898886371
80.71485264449035
80.30874922603566
79.5830589159417
78.92499971912724
80.41822918552975
79.18794284414045
78.37157363387728
78.53652787074309
78.5924507754794
78.5751556911329
76.58805497461225
78.6018511225663
79.5160895316132
79.7839391877894
79.57913664108341
80.55826316001878
80.25586009709843
80.37274477339501
82.11515375862199
82.10054456630994
82.94480050769408
82.98503879796206
82.42279573229229
82.90295191072022
83.54966404930043
85.4847581989967
84.15430934670007
83.32738211994092
83.54200564574754
90.49008538807095
90.53657077287781
90.1141207671387
89.16266588290952
86.87055781367326
88.29405471593782
87.68155933334515
87.92798733262305
87.87941061514094
88.76696840120572
82.76676357426354
82.70793175464414
85.6569975724123
86.7023785469531
93.03663003272732
94.02467487350506
94.45465826754719
91.94751572998237
90.4239958517406
86.90616508446122
86.58605911565974
87.12679793382507
86.63220111822841
86.96974959681441
86.016395748384
86.16204147351937
86.54203213532735
86.50807832201659
86.05654914715863
85.16520591175771
85.93961304179015
87.58087766713288
85.0041843646361
84.96538491078401
84.17282382410862
84.29806490579267
83.35831863775033
84.06728307133616
82.93667869093119
84.77577275706975
84.17705766533513
84.94568922928215
83.26918671147291
84.74493268872102
83.37031864333605
83.86968264153121
83.31153829759191
83.84404321006717
83.17136270477738
83.13708043590512
82.65786628064173
85.39405906747163
83.50616196919009
83.19705444649053
82.31887935968408
81.46753088058938
80.47258763941494
80.46090428268806
79.51772424905695
75.68786981764339
72.53906546057868
67.75948299642494
69.75096462430635
72.86196651078924
78.16589162173142
74.43655346909432
72.62271044556132
71.64280637139518
71.3262636445063
70.1255472724465
66.75491811768666
66.31610396134874
67.68040556700362
69.66675267871301
71.89084037904536
69.15469727033769
65.86793013563965
70.07794205239662
68.16741494391695
70.09976575710198
73.5069275907447
73.85395109014038
71.84402386135241
74.5912750491861
72.05731253433507
72.03247094349226
72.48291180840694
72.50571554104863
76.46102232879376
75.56954790234266
78.44541473095146
75.14124850356467
80.62210882673054
77.8261159615914
74.29910348789606
72.05881063990077
77.50763227317402
75.28106216174388
77.48904310160992
78.33091622218603
81.7213458901033
79.675264337817
74.12878977214746
73.23100072551279
78.09703129649256
76.35332392509667
74.31675393722003
76.68444968608675
76.21620233748173
72.51212969707944
71.23337718290372
74.04513294912613
68.64685441188362
70.63745752780505
73.57830923577262
76.92139157012252
80.98951458111878
79.12361653444327
75.62562648996072
77.93321092308929
72.0970905261579
73.77778475058585
74.2463463166439
71.75726650309844
71.96525348528803
73.12326938885849
76.0021067791572
77.87582815253063
75.76351698601252
73.87017944508693
76.28698358854444
78.64907146735891
81.38764344442484
76.71626865599319
75.1758085405072
76.06756873706604
81.0316138367532
78.0373527913674
79.76042979689521
75.79394849258227
77.41000890131474
74.38500792578185
75.80822235623403
77.11212265983508
75.37234947863386
77.3158317841063
74.86909185798689
76.97430271897646
74.41393055072584
74.28475953105107
73.14865263871512
69.66631023183633
64.23009442394252
63.279327417446964
67.3391024465162
72.46260441945411
71.06993408159062
68.86222396652333
68.41690889492361
64.21583812660015
67.11838993191122
64.89490821325634
62.23314676472143
65.66084183959158
67.94069466217385
64.5338230998841
62.10697897918226
63.89635309924303
67.08881000573572
67.60441589190884
66.44890109006971
66.3104752180144
65.83407672871877
69.74171378828042
71.5027589063263
75.38962264056087
75.9839618047256
83.87410366891754
84.6176342317874
82.27166349963682
83.44432154075686
84.79685398110496
85.57898336299627
89.76015418153747
85.28801807068476
82.94611783408185
85.77080613528096
89.9440231460585
89.26244317782448
86.889604796615
88.23782505764302
92.11633568054322
90.21196518578154
89.66795444463833
94.05756304271904
96.28781739916985
99.69051493116808
96.65349120300834
95.81270941056914
94.3001046830086
98.22717624273446
101.17845677332593
98.39132901831863
94.01971910718021
91.42041849880525
93.79541746435461
91.13447187026964
89.6770710127023
93.22176986780778
88.5953941492744
86.70098904500446
85.44590667424086
89.29095510291745
90.90712476498106
93.67268836938408
89.88505078152116
87.80687433261028
88.51367924609531
84.92930851812366
91.44241289051115
95.97525829547408
89.81739043833613
92.91199876573455
87.15405809784579
83.66137140798172
88.77389037622643
79.6606453449881
77.53354783660689
81.85628675549438
78.35101616118436
76.5792721183682
77.34068338628776
78.38666803639398
75.52285293644013
75.50785274051628
75.58522009151366
76.7711571620683
78.18087885189857
80.35913834067347
79.73410957390809
84.5182922550427
85.18819089730133
88.9996651115037
91.70235406859851
92.9323275972459
91.26307827320383
88.15129628868294
82.63906119295257
80.90413936264622
86.08587410518078
85.27414709937898
83.75728015994059
82.73058687288699
84.16924783295417
79.5726384137281
78.00124296977128
80.54678023814404
73.67099745473195
69.97888367339326
68.0615521878133
73.62902316508944
72.14378830120339
74.47467426196796
75.21161396531284
70.81679129299252
69.18171196832874
71.01590689205705
74.61131301448495
78.04239548245278
77.68235398620214
80.73029807773379
83.42428558605343
81.27439531536834
79.30552467535881
82.51635206595756
78.68305249433524
84.3989128370572
82.96313094581683
84.66375735481368
97.83800344904586
96.8272903174601
100.55660869308498
107.35301431043717
104.41589104652668
103.06559747995198
105.10061853113348
104.49645316043188
105.80781797770487
105.57907251313145
104.58017739357729
103.37291200444383
103.26169915430387
103.92785622857286
104.12619591085695
103.34523324049405
100.27175982254266
99.28619040203012
102.4945520721867
102.36689419485901
103.18892980846158
102.01602868770172
102.59995597944524
101.50859409022144
100.78719177855078
102.19328023564705
103.37533534278305
104.84030748290343
107.696233218373
106.10880221843699
103.03807825662935
104.37050854133577
99.16914985891606
94.84583468176045
93.3602535362912
96.35603116736023
98.39694028153099
99.01380506105414
95.14083225908144
94.21946083310726
96.14989432535066
100.08888372893011
99.3776897421825
98.44349557893119
94.78839143843948
93.82029837600805
91.19954452198915
93.69227766201303
96.03582134304054
87.68602803388126
84.3875404765563
82.92483904299093
83.14021450491464
80.91851511035483
80.96575445439387
85.14561259392802
86.17185439689153
82.67225329385387
76.29207264394702
75.72002362579862
79.99388450454879
76.94708598926204
78.06102031026526
77.02454071004826
76.7249848914535
76.81370750785743
74.5785166824976
74.44751763137094
75.73537315614043
73.22673088195059
75.93590032819593
73.86117360228812
74.69477869754357
75.28962362783287
74.44590205046943
72.86899867004095
72.25950147503642
70.86273289799591
68.84363306679134
68.07082259656062
66.86558690702478
68.73183658550573
68.6033922169541
69.35112501122177
71.23690737785259
71.39682076194592
72.52420385003407
75.75433825330171
76.51983895012678
78.01037449596402
79.03177322007309
81.28803848834104
86.46046255378928
85.40385161904464
87.6963863039472
92.8598459933686
96.69081122309854
94.88194610394103
92.42447451948945
92.94808502512012
92.78541458172892
90.07378908717247
92.78783428358103
91.40832941460417
91.6173626103486
89.08289601808633
90.66572505811062
91.63144531640351
96.63226633100794
99.55761576770377
99.0647534128915
95.0647728551851
107.30978818634995
106.31310787585261
108.30095330554147
108.41164223550702
105.1662464210769
105.65382396452014
104.08126114799893
101.77522994410623
97.1970217737344
98.77988419799479
100.53386778872967
99.17737214294857
99.07626572792537
101.12817745062353
100.18221097750643
97.3270738529769
91.32770297103869
92.6755805986424
90.63514245642446
90.14090885423333
88.37469474489383
88.03575748668068
89.06774543614773
90.05013265673367
90.2267236633543
89.5047505663921
89.73241646483812
88.13990381538113
88.31138840489768
90.42285464046725
86.54709454679217
87.38594712945688
89.27719907779964
89.69224537452706
89.54886678701668
90.08916040534328
87.72136271530371
86.99598303299081
87.81441492837939
84.93623611503972
87.90123625314129
89.48813119974284
87.6051517427025
81.73379028572145
77.98623238309044
79.04320183468664
78.99088286473565
81.16441136875345
79.47199419698539
77.05115191835078
74.70343516385725
71.97883096154672
70.53786423051247
70.92651810136815
69.74009344927308
70.6564920789925
72.13929788664011
71.30609518178218
70.85132108746942
69.64688864959922
70.58356861075279
63.88373113876207
61.15921769164712
55.148980644291484
56.10524436940366
59.00531319423093
56.96107096281353
62.72866727958324
77.43291359309592
77.22302012888281
82.55373138342111
74.53566319761148
76.9549748721526
79.368618807987
85.90404853646714
87.4968792207096
88.76938441037736
88.18125210669814
97.6482119157863
95.59709936690956
97.2787093162342
91.59804983678578
93.58448289418924
93.92037413346905
90.01528954185574
92.2629189870129
92.66527449742898
91.03170007652056
100.75352903569774
98.24614130609348
93.0874783803738
88.8579019605445
90.06718165826601
96.3310909326874
105.58889910318817
104.68296137171092
106.53570449938388
109.07760588225801
107.0603472448056
101.09316107747009
96.3752824843807
95.51945318345135
95.22950154866271
95.14694314268218
100.28580105334092
103.38932274349781
106.24250496362265
102.52046765070372
101.32915769189185
100.64480889047174
97.818828698124
97.5555657323589
96.78763307715644
96.94052023497673
95.19115752370179
93.9826188128229
95.9049526151066
98.67091369155855
97.61613612896599
97.9325491025254
98.89675849952853
90.87657674691467
92.0475933141879
91.5358584364617
93.52211696668292
87.40898255525919
80.67065090999063
79.41414119472711
80.27684569909887
79.42883357106302
78.35113787150749
80.53823434867854
81.46202611222749
76.69517110272272
79.22850438268733
76.19653614203253
81.55717449256622
83.82735400634306
81.95084182662717
84.78117115661486
81.97874428351057
71.53862567956348
67.74648852340935
69.34220667830755
67.61847473473566
61.97091512674035
61.137341874157094
62.72109286300981
61.42033086665287
64.54320442067151
62.57431973020878
62.54811573461355
60.05598413821968
60.152701183896966
59.44675184342257
57.50629379313107
59.23528918156572
57.275638115913786
57.8444700428549
58.27456015368094
58.613977836339934
58.13114848651141
59.00345354431007
59.25794750237886
62.80316598168279
62.14500466312308
61.91021129329901
61.73842361049943
65.34431729364893
67.51812050235526
68.52722981255965
69.1500935079398
72.62509036982374
72.32952338210157
71.90055956874039
73.6325786176126
77.03157138212191
78.07122033460632
80.20847795403301
80.75662348532887
77.19934281448627
79.78103853647418
79.83165166730669
77.79344930581806
81.4563452229022
80.74484313323319
80.46434487898512
78.75334426041604
75.11144871740498
75.04171730583016
74.39818892846733
75.38601935863358
76.34637329686666
75.47432483492412
75.96175479835892
70.82397848245319
71.90541855432093
71.78805929519012
72.99891981797373
72.72547200880354
71.3107145042095
72.44511314317197
70.48254024612834
71.65545706262174
69.93251762388536
68.14441543239104
67.52765676280455
68.09403095078983
65.9104001656101
64.56206458943939
64.98709196170375
63.74712513582949
63.68300215155432
64.40895343495845
65.58720133152087
66.67218208184272
67.54668395346334
62.97247753307397
62.267225646314955
62.855280970488366
62.933745969300844
61.531429115177616
60.595057548269324
63.8107151082786
62.45171241856542
60.92359250149411
59.562345583841534
61.89604848347608
60.35752171179456
61.098111995432646
61.027925322163725
59.61466574434416
62.43534774070508
65.56692296524574
63.56452102955445
61.877790019969986
63.516398431337855
62.47209918168444
60.78199282671465
58.79648368044538
57.974625917512235
58.39956339706867
53.487055694122866
53.09596358922816
53.87988601234606
51.65032086338514
51.43763135253575
51.76551903354229
51.399956854491414
49.99132761982968
50.09560009387694
49.23696601468914
51.81215690936299
50.608954646812286
49.37079313115115
49.32687851684845
50.138438276330945
49.40985706533891
48.99448828452667
49.25875229194459
48.782677589247065
49.208010305162546
49.931192241229354
50.986017650076526
51.94134715052492
51.20112459327704
51.37901054922386
51.927158595505304
53.18106029619308
51.693999478036
53.431001150231076
53.1277704241766
54.93818839931811
54.33828356645772
54.01887485951218
54.49087285358428
55.44395352458096
58.40027958958444
59.60029950391084
61.16689011670633
57.3397972171656
54.635462988126164
55.52554279471997
55.928568531001474
56.71060032940909
58.088716736001516
57.572220935176574
57.842442510047476
56.50549084529007
56.96909672316792
54.65866082304865
54.55728991164847
56.815120365944495
56.31053272870872
57.108559782193424
56.08868201357768
57.49638753460613
55.970461810372626
55.959019525263784
57.025456817397526
60.41857109571856
61.05898503334629
62.23146150298794
62.54395672343253
64.27970488532219
62.19775076462275
62.501960867208936
62.86175485946387
63.23401236750192
62.26048494334418
57.28116033606284
56.541027245700434
57.01428220177536
56.63829733849889
56.005022359029226
56.47293551375515
56.96211456565902
55.94241858784358
55.539073057801716
55.25616024412284
57.33639708329033
57.91183057370972
56.8763838013963
57.51758685365706
56.12065445078006
54.67733489942315
55.79477356985164
55.118203576608835
54.67902723654611
55.34047171411318
55.63078645898901
59.06246440145278
54.26644991995346
53.023829728344474
54.0598467924655
52.798008385960415
53.22344561989945
52.77028321222523
52.29184347635346
51.4017858739332
51.98279953908365
50.309281964141256
49.82684508459863
52.31511146507769
50.3795151247732
48.69375913766656
48.106490970839175
48.54597143289094
50.065514695890904
50.55369491526896
49.28385603956635
49.87099568266387
51.10947702986937
50.64185130945589
49.31526735973691
48.1398221894751
48.27244903375879
47.99502332254389
47.74736678493128
49.72984119995863
50.27703499162341
50.28566587742443
50.08993584513348
49.94584071481693
50.516696320451715
49.77406628915642
50.62341335096594
49.78710808592211
51.965082249123505
52.800469955806825
52.285712741078044
51.85931386893786
51.87349074125382
52.5669873594058
53.76926532126072
53.823000668725854
53.5709747606162
54.07598954766581
55.11656338079797
53.95704904307672
53.37051607029616
53.14372105399843
53.24333631746572
54.347548321456316
57.12535593405619
58.93854570155622
56.81992362095184
55.859025736880085
55.65316815679034
56.28744118014424
56.2227012320634
56.79086135243597
56.822491570609145
56.6903328346325
56.265985802831665
57.52667241062454
58.35252405833762
56.74195012397968
56.24153303400067
56.32340984318739
58.3178164048262
59.02972660562341
58.47854178900525
57.9455998867636
59.28511378573944
58.92748843321465
58.00088810732677
58.126577387733505
59.986072663338064
60.069764430673104
59.12872526065523
58.30127027372782
58.72955719589163
57.644689544499656
55.589554442397684
55.29172720125911
57.014802355826696
54.24257621332473
55.73249066594826
54.97175723852132
56.02020221178051
54.74468683251835
54.21698847485826
53.38337462584448
53.710840021591636
52.958237836660075
53.631437546103044
52.30660293584857
53.585291138231604
52.768033847594225
51.858590086475324
51.42468350938899
51.889110892109166
51.561840211959186
51.862790436843724
51.01183348845636
50.7145571504426
50.73308449955462
50.11368908274299
50.33622725218849
49.61509158842645
49.4998949499519
48.89158352193744
48.766574104945484
49.993604322977454
47.88517737017946
47.99582240356662
49.51032059551403
49.84514071474568
48.9881216305489
48.938516156052856
49.41383468028744
50.58408700029028
52.972025168946345
52.4964752128237
54.16742598811797
56.63426842558932
59.017752732710186
58.64096066479381
59.73388902102195
60.10971322165853
63.609889734615315
64.34332928010477
64.02337944266543
65.45728685406272
66.05544574792641
66.00788197283646
71.36737007104693
71.27035902491389
72.24267818596172
72.99173452803097
71.95642768175753
74.74206759598519
70.71635251972657
70.75550059996431
70.164084503489
71.23509735628386
70.18043852441042
71.97175870704154
69.89595728538279
71.77703473208635
70.52592886687603
69.06079170585144
68.87503142654487
68.74759103228007
67.50678726549972
67.32441991413634
65.33967684417826
66.6033767499489
67.10346789425466
68.99517379779809
66.7360048690216
67.86422766136639
65.09634424887213
65.44763740426174
65.2491054327038
63.62657326160297
67.47444881047977
68.99407807242983
68.70158989930383
67.27794536513443
67.81359230220869
67.308474438314
62.82366127753971
64.71355228956395
63.32780926705709
63.586290143525275
62.63388250224375
64.1480527970109
64.73081428376872
64.11424902061412
64.18010335452118
65.01098081117993
63.625502410352965
60.82778062074203
61.94150752852147
60.68479705273876
58.95055392639256
58.767262832192955
58.09457862410584
59.22235354570391
61.14403123691295
57.969216207211154
56.22679115496895
58.029079933366006
56.61548635413729
61.026980564025294
59.37269136944632
60.408284333212414
58.61820065106421
57.990675091033395
57.37759247401494
57.98012907142668
56.59818209523298
55.24828791105877
56.416114217099604
54.9848026078545
55.806975866831166
56.75783945515219
56.571707462240546
57.08294118773834
56.303539375184755
56.882205281606055
55.8659335915354
55.6981541609761
55.69407980479312
55.617460972408026
53.82770652962417
55.219251830892254
56.626936411952734
56.66860164607862
58.41993655229949
62.81523775700761
64.77424975956137
64.5693230761351
65.21047862786372
66.62287663458096
70.84778088305734
72.61261435698998
71.36797613598127
71.17453525330393
71.64802793750914
72.21896616215622
74.7146303587192
76.49458607407223
77.58862284619659
81.45650455975851
75.45274592018677
76.58226064796465
76.96461991443607
76.59759130124621
79.18091285945889
81.51810103246589
78.56466847110596
77.69244081399734
79.68161182727613
80.1637414492534
89.4961496398621
91.5733863087271
92.41719843547139
93.53374329195367
98.16044791657703
99.96066456333119
96.0247627845456
97.27455224530559
96.38641309410144
96.83115951725881
93.02313894401732
93.91955288429426
95.01818464409803
88.55358339225722
87.79745807966651
84.7807184450262
87.81278344835187
88.2444226395337
85.9016634968425
87.43629165834977
83.01424061493026
85.08399145741146
83.82772325885071
78.28119477851374
78.02006800106483
79.18136257733568
76.57968207569024
76.92085577155171
77.32561454094207
77.47605238145675
76.36399168600065
76.14882213247711
77.72729036260534
75.37050139150642
75.04315204887962
76.15713179627687
79.35124354522281
75.35996505837579
73.38362212419361
73.74316837666356
73.4106363506935
74.83553793025249
75.4061556981926
76.1912968127615
75.69401660031144
73.62381358822722
71.10519597149715
72.92979904532336
71.64493338659733
68.71688936062456
68.16903295076325
68.3836402084824
67.33253527449364
68.28725000244745
66.22518490698135
65.9455491822577
64.84646437565584
63.35315874632076
65.00580002810923
70.58728931495502
67.93955378463082
66.85072692538961
66.62226689442383
66.81950533594846
64.87872464121729
64.19381851146471
67.33930176626075
68.43340329046259
68.72927292144186
68.9343631222464
73.73001824099038
74.05742049715172
76.99164779989565
73.15674043317995
72.27373610244422
71.7736918154128
72.08331888117345
72.22580591009
73.06956234889367
75.84429159160186
74.93699605379788
77.7124523298553
77.19816558017372
80.75721772183215
79.71013501747439
82.02128339570118
81.6667838346275
80.84287855170714
82.25299257057895
81.78467706352012
81.48057129357994
80.71267903829357
80.66713890303845
79.7994701159837
78.09341924813566
78.55807675011738
78.7645824882834
77.36859697679029
77.15092642716627
77.15452574318783
78.36797346661069
79.19264893521904
77.73619716742292
76.77460871410608
76.40477527133999
79.07970395538337
77.00125931128194
76.19012780838511
74.78831944487638
73.83916997276856
73.17214690040191
76.44748697633395
77.93258160925325
75.36673831518328
72.23372648379473
70.76444480984128
70.51456910265188
69.30297050355739
68.66240335491398
69.78426846373418
68.75023201288604
67.64951967603497
66.82743294119427
67.99027719936021
68.86232363980139
67.9865686687167
68.48221341897147
66.78856511290519
66.07366392578047
64.99929815649602
64.8760280259662
63.73711680786664
64.07421951004903
62.67830813495334
62.13045958634484
62.166542115987795
62.318364176824616
62.56974228633999
63.14612173209548
63.759410360943306
62.771609635076956
61.926175451279576
59.54783457433877
60.43177993095123
61.17848588584959
59.775047130644786
59.31297267393483
61.89931137471829
59.3830154005245
57.95350981616991
58.558668555344546
58.98107951607411
57.85501877620234
57.251112939239384
57.46247727185119
57.67128714953674
57.236625026677785
57.238155260564234
56.34201169681086
58.00611523079936
57.18443589586431
54.59174178545037
55.278462556720825
58.29789546506467
57.145090490739776
59.45810454299352
59.279184107910396
61.250654071359804
61.94357275145785
64.51236278604483
65.4598161003853
66.18085091347962
68.31023883469243
71.63373529019373
73.00505972315705
78.00991636512799
82.34253675455511
82.49482515400223
81.5734365587848
79.99881633751511
81.75735975660564
82.56085436990634
74.36305466636804
75.7484417055266
75.66054870141375
75.70937520760026
75.53348640804188
76.97074541700795
77.0657839048747
75.68202306413332
76.32315960983783
76.36964945704767
76.02650827192701
74.85192251097442
75.39556076208873
76.5264157493175
76.18199989206369
76.96875218279888
76.60987038467488
74.90827743618752
73.96063155951015
75.46102931045448
73.78421631894116
72.46209024900782
73.9337231423167
72.24349015813323
71.34789294393818
71.63898042010078
69.45970561039917
70.5833768953969
69.13212145871785
69.02846544969907
70.44300366674452
67.44538792639673
68.97953161550981
69.33922594940987
71.71245710847097
67.84546005425568
65.26722273741598
65.23788867292478
65.14090857062547
63.48332629758147
64.12014360962894
63.79402941326998
63.35443214106385
64.50193026748525
62.610905674433525
66.5139875081777
66.6509208193529
67.72185799565159
73.21272339573989
72.65121520197317
72.1344591814368
69.91644329483529
67.80513747569398
68.84660063253796
67.49624210437128
66.79768675813466
66.5202158779933
67.82908274759201
65.413084947074
64.802641602774
65.34738530659502
65.15281222988398
65.11679312244837
63.76297487379919
60.25180695686915
61.7501276959826
61.08730412535881
59.465510945228644
57.77010345565257
56.18902240360038
55.69330261067125
56.269666105827675
54.40672706535718
57.079708456754624
57.02015130478632
56.04967907727617
56.703933048387675
57.354474601851685
57.85482190847847
59.43546429252706
59.82392241664979
62.14851651540175
62.5244517606061
64.90423559625629
63.96209223040637
66.79526955894471
68.56512451490244
69.22135742390219
70.29535810210587
70.48347293052029
72.96271863205538
73.88510774255292
74.64907472992536
74.52924886216692
74.25026823411417
69.62053297932994
71.47336883510388
72.46206102256792
71.73628426031996
73.53140573818928
72.43137251611438
70.93513533407076
71.49613993391995
71.11585554935505
71.73398236399225
72.00285795107129
72.07851713337095
73.45839206359256
73.38372311361786
74.66875135920009
74.81754920157414
75.63789461734814
73.50633184624235
72.74231299763323
72.25183738863211
72.07780169726902
70.86496258002467
70.6079214159513
68.77024673449068
64.50880804091867
64.23705253056255
65.5050981278464
66.52890820961352
66.29250474977698
66.27355989050034
64.13040892111212
64.11651720423811
63.09799430354633
63.24814918231323
64.36678761645226
63.4413853000342
63.22118880209496
64.05856249645603
66.19738092338957
60.97113142252215
61.145122353309716
61.371636440964494
59.171905546684684
59.746893391060894
59.76334261805914
58.12970379250487
60.33316301555783
59.23805962979645
59.56982411865056
58.97603605323775
62.03223277996335
63.02836242869421
61.59859966762133
61.48770048967823
63.04796910584504
63.57815705870005
63.07591374123176
60.97042301705343
61.66866629054517
62.4556181262507
61.895245663057416
61.89001921784324
61.03225910204214
60.9046661462275
59.263944522595885
58.44117569876539
59.209800732211185
57.92923412144971
55.61386197392205
58.21198210120895
53.820477224889494
51.5707448946303
50.68138830261127
50.34799676825004
50.96015297435104
49.774706304131335
50.40288441055065
49.53925121781296
51.039882034300476
50.05780864579569
49.9486780276424
50.28554208306446
51.259065233255924
51.14609098421288
52.05822798307993
50.788005196042455
52.305098081324765
54.304690555077975
54.27396072949181
52.31385007467702
53.916075429275224
55.474216729496675
57.67393545210325
59.99244997796086
59.333153982262274
55.763503831639355
57.38025789755352
58.023053157693994
58.95829758046193
57.48844233628597
58.30251085493114
56.01378391066237
56.50666755799921
58.24445354121758
59.32413904761347
58.20035551125466
59.20667318544065
61.70962285844735
64.03941331542819
63.05387474402278
64.41857318423581
62.86010895710547
63.108208425221164
65.40678725449652
66.66070398295506
64.7068953609612
63.28934958137347
60.97876873806308
57.83018864005362
57.13114098406709
57.77715172518765
56.700477638106804
56.89695157592382
56.7498560309557
57.196457690215766
58.42513686464849
58.90506691901555
59.32501349822269
61.66524912158229
63.0915280522629
64.17971789709122
65.56778687482415
65.84026060818269
64.67366681656813
62.82308310436247
64.01204151145453
62.80678749062963
59.45924269163106
58.839404976987
59.037923196783595
57.92234462572446
57.785300617647636
58.36375040187204
57.90720036720495
56.04892892471662
57.97688050310919
56.14435261412946
54.097337257438596
55.75352415291645
53.36788798769611
53.39655222608844
52.64817292899229
51.894738820225086
51.88101126814186
50.716995646114874
51.4374074411344
52.06700411635036
53.18072614435482
51.91951532511691
52.43966517156308
51.595601656779706
51.64116345209905
51.52109382452116
51.43950853997446
52.443982466305144
50.57729792159836
51.16522548160283
51.57087496991643
49.806964844129894
49.03124627490527
50.43879345671089
50.166050608500754
49.427933998206505
47.95506476528353
48.86261942304313
47.56158188078836
48.4093869651488
49.542821635298694
49.60921219955567
49.33849407693876
50.062191821285296
50.04621256358334
49.608289879263275
50.16838008745708
51.16244418201529
53.4305875297319
52.125167252918345
53.88114490867383
55.02179097547264
56.14463853095458
55.37070194309058
54.7661555786824
55.652599715205724
55.19824474161942
56.59430238296136
55.944349273514035
54.76708729340339
53.915960950053204
58.13318455400076
56.47495571361378
55.43394890642389
58.294701091228035
57.17094922836327
57.59866195179916
56.244093730487975
55.51571595334349
58.53469539698631
58.86216435383176
58.22588875971974
58.86498362831776
57.865926411938744
56.77386998260158
58.36641019487615
58.79445312874623
60.284801532307256
59.34503746726614
59.36593488894687
60.15796718528259
60.43896928346135
60.015571566717654
59.71315707931399
60.044814393495926
57.213479204255236
56.85454390673499
57.58366937167648
57.347429181379766
56.48189170287037
56.46015282741155
57.83893344491662
56.933040060412395
58.53471788273555
58.70384987622424
58.83033241787143
57.27113470475888
57.8508539618515
59.165412276524876
57.367726805206985
56.63035156871524
57.46775051380314
56.193238451622165
55.81621490107091
54.634341624506305
56.562256183395675
56.96644331364678
56.81805274080489
54.7381409280531
53.33145791657239
52.34656762449549
52.5932251087305
51.441445802326
52.03513801786141
51.533773564376574
51.520687662886985
50.71800659124812
50.94256205774862
50.12248506184978
51.157135733996284
54.34734445516174
49.55475177990297
50.81105565904869
49.67842478496748
50.2760614023712
50.20330301803562
50.09628821111705
49.30712555476455
48.53983861625311
48.75693926696963
51.19777313509281
52.99001230959013
52.86504145013723
54.5460611084992
57.270706776803486
60.45948943144731
60.43892638306011
63.42043360595426
63.408154629652245
65.94848132343759
68.18435653768938
71.19959786500021
73.28727899465525
73.92103627289316
75.80556507028655
76.67780896236877
75.36305235675125
76.7019015607666
77.81310264121066
80.10552114622942
84.27606713044543
86.09788128871878
87.21386757358005
88.893366912705
81.60550842011253
79.16726069945298
80.21849189593206
80.81397426827394
80.53148312515964
80.32839849911535
78.82340881173513
78.39193660161163
80.10163856904023
81.2957562092015
80.59922013953201
79.89229918765136
81.18180426644062
79.53967479649418
79.94967146115118
79.92048828005613
79.52053836148275
78.16342224142409
74.97256953145097
78.66263531463119
77.01231513064295
80.80450772071572
78.01975683498335
74.39326308501859
72.67523159591201
74.01865324562186
71.0515443755321
71.33526153933553
72.01432295563404
71.35314020540864
70.721057803049
71.24133053495234
70.79796802701321
70.40810133535501
69.40888528463279
69.17680188650738
69.01074169827302
68.5692959823798
67.62338895771313
66.46039829199367
63.874898227198855
64.14431037361487
65.45032652774307
65.46446530216917
66.47214197052153
65.88313874390633
64.79857282941884
65.79712705291968
64.65858582870351
62.24961308927277
61.57604973238176
61.936224058789094
60.524079534763814
60.185406610386735
59.02517306740583
59.368429115982615
59.16571219511853
58.79197400049503
57.92467710653779
58.66892608175968
58.20130700719329
57.52276772481266
57.103720436499266
57.49337997461637
56.99874180781262
56.60240232899732
56.651527018107025
57.5359808029006
58.182778212406845
56.7765103597354
56.43007226959133
57.31825080302712
58.0693555523394
58.91778445796369
58.492028533296796
61.145554012988214
67.382078089493
73.25668385968447
73.66530863015623
76.98555320906918
77.42713900056998
79.49367117068124
77.32128675576652
74.99735224112578
79.60732383826364
81.22677504415623
78.85843789623925
82.69078376518408
85.1425875845013
84.64679323951952
84.4717852197762
85.69923469811724
84.73510444395583
86.73816563410708
87.98476329252024
87.14473315833288
90.6822634856794
97.4185351715088
93.44131395193257
93.23235164264112
87.1147749115373
92.94301650465658
93.42522899139567
90.82363563945465
91.08557948267917
92.16262344718443
92.35077834577916
85.0184852454491
84.5721797198659
84.41677548190088
89.70932038928585
88.34055412021182
88.58120641673106
83.22838850695555
82.1682975755635
81.79073870508185
81.53354685161622
78.81761194262111
77.91133441340088
77.65860260189186
77.08420696206555
77.16126402432317
76.53505492014307
76.74796444729463
75.74340969114343
74.93257463573974
75.04184979415444
74.42047971255138
74.4468629296667
73.89273718887296
72.48860202154393
73.81388022579412
74.68462167047068
73.88360891320613
70.95901734994366
74.21858133152745
71.35421387497777
72.48827335141301
72.3170401162484
69.88414784218533
68.53204646077472
70.9786326576687
69.93086566459851
69.8734641475972
72.41527062172659
68.606153808638
65.94882754047808
67.95457725221968
66.63635041245539
65.92369641972682
65.65866846181913
65.6509958141578
64.34813233523326
65.56092479849661
64.9732542330153
64.93408346736007
64.0147555338558
63.55146697481689
61.76748390054459
62.68219296928309
62.42108826429371
62.58808894523044
61.17407754863808
61.255793486697264
60.04580382476621
59.16901489241658
59.670271468951945
60.696791264331075
61.396137917999155
61.590156918169626
62.129342777581364
64.87896675049478
67.17445990979809
65.7186721269461
67.2957725452402
69.34897745584817
71.48884021856657
74.3574240535354
75.16323659740056
77.83160288721368
80.90085367241272
80.97635048984739
82.30095093141472
83.7113604182658
79.81834833136418
82.12970179700028
81.28231111644368
81.97477298791364
82.16766999705214
84.1443189019715
83.59519649149752
83.27496364571607
82.58993877112945
83.89696164583883
83.09170756189
83.7860574577945
83.74195912862535
83.93104362350579
83.33661291011363
84.0290204861937
84.58207656429705
84.31237009295172
82.63269688576639
85.12069432143136
86.74027015654244
88.60234927399073
87.08608695919588
93.85764410852696
91.51012999981171
101.29285076058815
98.88789184690482
103.31068218211422
102.8348232917931
106.35569788199756
103.17859026097226
100.85656595651193
98.91473658553414
85.44541576949682
79.04273349039828
80.72483648448613
83.41230091093533
79.75235162393528
79.46203498807286
80.80976967639353
80.21653220992778
99.10862016300034
98.82709808339523
97.91629265941151
96.32326701506534
95.13947806916147
95.43881254977254
96.9025579801349
96.3448038133967
95.14679760609239
95.74643722053673
94.60950732689581
92.20170181038253
94.02035818429175
92.88612807268237
93.60851403025744
93.32438157516616
92.29418901529452
93.6051796194338
94.51907748656352
93.35641425793533
92.88864505244457
89.97859671393714
90.07757998439675
90.15415110455986
89.2773582015307
79.19119349515037
68.68490927622992
68.00593589471877
70.07161605263168
67.98900858354801
63.954692857700444
68.10312498746897
66.44646771032869
66.8597017296749
65.98119998096146
64.34666007618202
64.49400582520619
64.35544855798604
66.31807796028764
69.60469203960808
69.15658499871222
65.73904327364652
69.31859562339895
71.69783257391691
71.45916848699176
75.17342853123023
73.65315064109745
76.35452566906406
83.7493121897744
102.80049369953736
