111.99171854369355
105.65575836037064
107.0347183413089
106.3130027167764
103.73827137276265
103.20548219405211
100.49927266559438
101.72984849887256
97.33429987103355
99.55857806327784
101.12707021485889
104.17646359679782
99.70213140757545
97.15271934372176
93.3402998806559
92.22395330793279
89.49299201434012
86.84654905151744
86.60651480561103
85.76788685639846
83.80468692227103
85.88970869878446
89.64451344073214
88.71746648333989
87.68786673658127
87.35560598160713
85.24456238354342
85.43922640809706
84.97716210105872
87.10580713056885
84.97983958391806
85.30657791003932
83.08429564017847
82.5191857470278
82.10409465555708
81.54468758927709
79.00587624161429
78.77559497643799
76.68264763620904
74.96992152928023
75.23164254548476
75.25390968803754
72.70424202158014
73.4659152988704
71.54202933237926
71.38435947154805
70.99885448472784
69.70716427907729
68.58434479296889
68.56543966884956
67.76682768479259
68.12826281764005
67.42839664565145
69.95227808455607
68.18489211319573
66.56304575052943
65.76820280627074
69.31147808030309
70.69828278886155
71.46108377868548
70.6782829943557
72.61370405909253
74.67209184708176
75.20012155951727
77.93359617732946
78.48135697726435
81.01613995470811
84.34367219919318
85.42954029165762
86.31540526645574
89.59123406307096
92.04279449597963
93.18889711822753
93.22076301799959
95.21159546373731
95.92086073368846
95.9962654966122
97.78719785540913
97.99582521218257
98.64735411905366
101.14614322424745
97.83276889834423
95.61019542097186
96.90022905906898
97.41812196327875
95.88640816880947
94.87372120132177
101.33205494097926
102.03481331715551
99.92869125966831
103.00396376505554
101.97558840443097
102.12335305442826
103.22074920883854
96.53778477558403
96.20635351758735
96.03586816699575
97.48460517054438
95.58549864282527
97.35375533251101
97.67444353511299
97.14597925019125
92.7496595220491
93.85134255020506
92.2522076816703
91.95307514055791
90.49193240833934
90.21912754623348
89.48224760080407
90.92876909241137
90.07876686832253
90.83965512613045
88.5924653289101
87.24059140848355
87.00891459736431
87.66576499079473
88.18234373387226
89.5874806329725
89.86951288242912
90.79183969922487
89.11024804780891
87.10714074885729
85.17708726138153
82.62856531419183
81.30269556845421
80.96684212059868
79.39633162316166
79.00692345822314
79.47726069032123
77.9568625331074
76.39330696849386
77.0573882911431
76.84250094256433
76.7595497309917
76.86226233983518
74.61812205264597
74.63902424430205
73.85461613705499
70.84960711412756
70.61924166137464
69.63210093728284
69.82163224905122
69.88031259310799
67.88142703109337
67.58893424597042
68.02088683142492
65.86732264219083
66.32063577256123
66.60846310803495
66.6800089137307
65.52963461630745
65.67568382632344
65.36015811079629
66.74275238403371
67.73851615896479
69.26403980812384
72.2880237230642
73.75918416995377
74.04278579644911
76.25980731004564
78.80456710172352
79.67574196728384
80.78968296353247
84.37664799209813
86.97774892448847
87.64458339688497
89.61257132125719
91.46489389472973
97.07507061663568
103.27769673400789
104.3966475014243
105.07267653646758
105.6286822606874
103.97903144248434
98.56617134874931
100.0738170141132
99.25889680579715
103.00257391215807
103.12933528938997
99.94352513614231
101.49462334577034
106.92171904936862
105.0242016408218
106.2735670214283
106.62981504635329
108.48771432134976
105.11228755580257
107.76919301133735
105.32737421261648
104.88476748939456
103.42919978811774
103.33003798047544
105.23332097359419
107.7727653020182
107.9046931893584
108.13039294953205
106.50079676956429
106.69374973166698
103.66321252486073
102.31764371462594
99.36174245358276
98.55545772046656
100.02287973261026
99.50514888108216
96.89927341083475
96.53127245072764
94.47671787398077
95.86329890576718
94.55267172252147
94.51372384882147
94.64840299483303
94.1231693459579
94.52301959622108
95.94279922194079
97.47469969213307
95.21402809150884
92.3465660346168
91.20544601240522
90.84571527937385
91.23286724359201
90.69609760262635
90.51399578105567
87.16286969426484
85.45587873432781
86.26399889177286
85.3465242429102
84.5119379847636
84.56523121806346
83.9642611052181
83.70850226430692
83.91918313552172
81.59672633649116
82.24835575048294
84.94737241492297
82.89080635551835
82.50009761063174
82.0949533392718
85.59627646580735
84.58699114903894
82.07676937243538
82.27838943028107
80.44432625378873
79.09072899894959
78.10188045069096
77.57384248346375
78.98838555522997
76.3518134669942
74.9608111743848
73.41642929398952
75.30144976477257
73.80822988421276
73.93368449072672
74.23495485277596
75.52456753629806
76.67139741678733
77.40848895931619
77.71963095958853
80.1913919819228
81.23054713243222
81.07877390732824
82.4551973397334
83.37608012731643
83.42099355629432
84.25204044097427
85.87775659950225
87.03565551725575
86.83572559624889
90.7342444830469
93.94068226291593
96.50072553498158
93.72835202297853
90.59464057286476
88.17589380603843
88.55669976499445
88.09707630482103
88.7622184058199
90.01686242334868
88.6887691864047
88.63286139893304
89.62727879313456
87.65069823844942
89.36351044100762
93.23977308747243
94.54311236754964
92.67301410559493
90.8280234400509
90.33154815817139
90.61086132801232
88.35641558906511
89.42547775766283
89.5621926966599
90.84768528550626
90.33887568243091
90.04246863727859
87.78497783614887
87.61302602084533
87.60705682769891
89.2142541200302
87.99052422568495
87.8140044716085
87.16200094884694
87.68188196696748
87.22020019605276
87.51794991895494
86.32056440386572
90.12714441626471
92.2965254297001
91.11771511496593
89.78729935382651
87.3067262724741
85.66666344380826
83.5498737672474
84.37587582275425
84.46556540144175
84.05850440221604
84.70807113322873
85.25554502530585
85.3387457933466
81.87057930189741
81.84299425195499
80.67056352359964
81.93490912870303
80.80532399895459
79.26775677313479
79.1563719172864
79.82548098800729
78.94162306000484
78.57899236840818
79.18705529639576
78.4610889766538
77.85906803416658
78.32567472043536
77.83192523790504
78.15718620974674
76.7135801276794
76.52376767048652
75.72544953105077
76.23337472703867
75.72128796065309
74.55977511881171
74.59137620877651
74.79970023216987
72.81426174667047
72.3117054139826
71.54123070842502
72.30781032734191
70.89003399829917
72.10050577739045
72.60304765930262
72.38385881758536
72.11583688454277
73.57865589875045
73.05861493625791
73.76846349718248
74.84778640807241
77.45755803221238
77.59882706657339
77.89063732505147
75.67040914446379
75.95983632248624
78.34631631230066
79.63981036296863
78.71742417179848
79.39659640708223
80.68278903719784
83.30509328672984
83.96427783663245
82.41595622709939
83.90146617920814
84.2327347961793
84.37714102305495
85.63607281644695
84.42156321286004
89.36275017656496
92.47364760913496
93.02699088860916
91.37566443276847
86.2081746578487
85.76035338267049
85.92409399582607
87.72972614909222
87.88968019251774
88.90678643131619
89.27922050417241
87.44072521907073
87.95315479475374
87.18006030819429
87.43062120154991
86.99561822636316
87.47021548342545
88.14556725552603
87.55233532182537
85.46046108495942
86.34971587589791
86.53537730586842
86.21579794569615
84.68070656047077
86.40170750656208
86.20041542862056
87.11420778129201
92.61035780477076
93.66339542048027
94.0852732563808
90.45391062229476
87.5617547631866
90.11539626072732
88.26055153625404
88.12340645131802
87.54279622742071
88.2164544008595
88.3107648878001
88.69177699130397
87.11929034072574
86.89338386502999
85.7404550187789
84.6140856825773
83.60070161651188
84.51744265073341
81.45358013802682
83.0433694868339
81.97005707879669
82.00087723231121
80.84971960144112
79.03835970215512
78.77006584225035
79.85670798920331
79.38613450472606
80.22842212734372
77.71442061280783
78.80376676411781
78.28418844357257
77.8659954480749
75.92018748842061
74.22855150700944
75.50229640862182
75.13891813175094
75.7587551452759
75.73981235886788
73.50289215229029
74.67612569122957
74.01585371653405
76.63314710278274
82.2291193130954
83.74698112699653
82.558866251879
85.55581724943804
89.73505194638969
91.43290604728686
94.90949595381747
99.23198589348112
102.1457804947859
107.81715001139422
113.58218423115954
114.36038679879721
113.84599572789705
111.1952803732531
110.26728285220227
113.19359948446537
115.40787396973084
116.67500549947732
117.92723853768858
118.47668297545906
118.84092549286159
118.66296129198267
122.258065122504
122.06620435302784
122.50128015488443
120.63411399075974
118.22163522970153
122.06722359940595
123.10740676268202
120.7661125388556
121.2601485571355
119.07960014165737
118.96501021862039
123.96215519202143
123.30156852359781
123.62285701150617
119.34423276043445
117.85839890392963
116.74083204577593
115.82298813765965
114.34896522374453
113.65466083182976
115.88934396532713
116.85454441756477
112.84636335739597
113.9487306844532
110.34411203422377
111.23186911467307
110.77385850100413
110.29734526547273
109.51624665825088
107.24957359360467
106.57956353813884
104.93516623466483
106.37244420215649
107.20331928696386
105.7089551171194
104.84552202838104
103.19442842439086
102.7911228095936
101.90413982586503
101.05202662586237
99.19446779515977
99.6550952345026
99.09155618524929
98.64858116658351
99.47847672790829
99.6017598842745
97.80258097270644
96.07373810319501
96.78459921535672
98.10340808864066
94.75816036119782
94.97238414237441
93.34827819514135
91.10779536790051
89.09016377088652
88.15073824067704
88.37402758970961
89.73353972368292
89.77750415784361
89.59030156212336
91.32178402286526
96.27827577102289
91.55636329856964
89.09054962740116
87.43392182925894
87.61944243565853
87.45767957981718
86.74542165973388
84.89886053096915
84.73425074982137
84.33384231752179
83.78825618991334
90.131487796171
89.55183610747221
90.24700687025435
86.47196721324562
86.34573603474081
90.15896795676849
91.51326472926002
94.75543977918637
96.88518002406198
101.42235354680233
105.7027792228861
109.8905507674266
111.66823335492548
113.2975141475459
117.15119117628318
115.26856517232125
114.57336222168026
113.79351553893069
111.0910059819091
111.25800919200967
109.49845665643431
109.3789506837407
109.01343495385866
107.80404417709033
108.06799334744272
109.50599971889022
112.70558517084733
113.92577663635603
111.3703561422519
115.85149632175626
123.33997200792521
124.63384464445188
125.89561246901742
130.09184266570034
127.27601102547179
121.3573591509371
113.26975050924086
112.72119557776207
110.53019322885538
110.99066930420429
109.13578193414357
109.93995246830572
110.34628210825159
108.82011128336966
107.94283428761821
108.19363582389606
105.13595212744094
103.09701792372441
103.09008932471602
103.65074493064412
101.89824163040605
99.33484105948219
97.13285707958171
98.27605257134587
98.01694634832577
97.01326513128363
96.33124390465846
95.47020756652097
96.11140151600424
96.3210660409603
96.72332004956515
100.706125698113
100.46706594285249
96.31119782229025
95.11514708681759
95.25500536461632
92.3425564582212
91.57166683001289
92.17273844007968
94.49310941367337
91.68116721250342
92.30600805330906
91.37103197314121
91.56223913539353
89.59377345184252
88.46264575659012
86.21868798589266
85.78887764546181
83.38334861449854
83.61762290658177
80.40738361287997
78.64993405822216
80.87724283652754
78.91078799488147
77.43069028556826
79.14418234506448
78.4187428959855
77.93427310325706
75.52243994614795
76.05550226528612
74.74958084438364
73.31402649779906
72.34486690129914
73.24226058324908
70.39456888566403
69.88707139761851
70.5710522906475
72.82558408560028
74.64190425983418
77.21471140789262
78.97438772778622
83.45776082919966
87.23410264079101
92.68143429689893
98.34074579334177
93.84987716674995
97.02217726529192
102.29882548339984
105.21387857755548
110.10191293364862
113.34378122639474
115.3714968906329
117.07929877797508
115.90038503275623
112.74977001615689
117.31457371508571
118.53716648721063
121.55813745633628
116.77862763975497
112.51589986031149
110.87118712640036
116.2717683669494
113.58147600696304
109.24375724184925
109.25443126819334
109.79207977316918
112.54477099111344
113.41905833388464
111.74732263449383
114.07539108361601
117.69513946924455
114.14240452963807
114.31694298461501
110.70525167287698
110.73532795868442
105.69070719587522
107.81207563738135
107.47851234092018
108.54360279686023
107.1735166436017
108.91000871306292
113.36294152229178
116.48759934387368
115.46840991836149
111.33086586830835
108.39327173691495
106.20381702355928
105.34645403612267
103.76512427237759
103.10052035984188
98.61739761919209
100.00560535484004
101.32631668757358
99.15881315657505
102.13142431202128
99.52319313075752
93.3762315352326
92.0626805145628
93.48322127224799
91.81117778023895
90.23944913411029
93.23067678994848
89.95026849348977
90.58868304182906
87.66800998174077
87.72601640026328
85.88064469275356
83.12518290417047
83.19148906060038
84.66793225315166
83.86280254291157
84.68214482039832
82.20942636067267
82.19992813520602
81.15074736514863
78.78340997064906
76.08768613302725
76.85089976669464
78.29160998636345
79.1019630327939
77.15483297763275
77.99455285747595
77.11871509783809
76.70540812015645
76.41552178973396
76.70884230974812
73.30538072530744
71.12014060391431
70.31294266477511
71.55271410754544
70.71471588841874
70.14621044489118
71.01046078149653
75.59273689397695
75.94208726496429
74.27959833882582
74.87725553359112
80.14010558268774
81.29261726258845
84.26111752382862
87.13359613051645
91.59961124491382
94.62871889923528
95.50186631274586
104.71628777962935
108.39186731131656
110.3420729344611
111.90481596570055
106.65126723268335
108.49027999228812
108.44971949441594
108.8704220708592
107.43977218923986
108.96324240873722
108.57515269855082
107.48334215844419
104.51887401411504
111.49924108657166
114.06037468946586
114.64928975773934
114.48698463363225
115.22861824252135
117.65138430372599
113.03618507245804
110.83943122923488
108.5835409386165
109.00789395968891
110.530757094932
112.24145242106438
111.60680472102723
114.91709107418367
114.84055373556191
114.08365753043891
109.86520247975305
108.3382474237887
107.98630840409925
104.47368417153181
102.43114743511241
103.95363505399284
103.71663854864775
101.57072937078019
99.58711257557447
98.58707426565796
98.40898356495124
103.14355010343563
100.686952112228
94.67821674144004
94.20222600511678
93.18730625724493
100.88345152626161
102.6034318220364
101.44531363035718
93.18853252226177
94.22060841359037
99.1397679505377
95.75023919807927
91.2770080751342
88.82852194765562
88.17531039787269
87.19005382799654
86.18658039767237
89.62750832280963
85.73541544875368
84.73187668540811
83.76540564691767
84.72499246617808
81.39934340442856
83.35378460712714
82.61559345782001
82.65594100896406
83.57602390439611
80.52316197694086
79.79669505107563
82.22263760952865
78.28761641898969
81.31816081831766
79.5592123806838
81.42559436140294
78.50331538666835
77.98122604919845
76.85348852645122
74.87766910291717
72.99160469762761
71.57452927778401
70.99307927347593
71.09166556115011
70.33754007891969
73.68894956935453
72.60983026574922
75.7909136494343
75.06814175774491
77.2298239402507
76.43056568055852
78.9101709087112
79.20720244747592
82.58895202277921
86.56316559014836
93.9700454869565
96.92683375808403
101.10772738019818
102.543003489893
106.29225383901831
107.74420329540715
109.07055365134431
107.36294927124901
107.83687764623096
107.48262419153325
109.27205879136324
115.20080701782108
112.68368956718871
110.98375179935438
110.04818395480436
110.53262738866437
111.3056605712878
111.87668912506139
107.87985616948737
111.3839338894753
106.77240233777685
110.01832985727845
108.51254991609886
111.86215210181697
110.32611022053553
108.38382519177387
107.09603800782881
106.44692494162342
107.36811162976898
111.96027835636603
107.35629123275544
105.63151386137984
104.76620590561275
101.93721103768189
98.23980482180043
96.37477321473307
96.30848230282832
99.4564708903547
95.30906913632413
93.51122214051404
93.16601783556027
92.40320274453165
93.54306542963245
92.87756239326536
95.50384169543125
94.11504160845962
90.2977434229989
87.46284062373479
89.62151209710417
89.80878262700423
87.50012344667216
84.67853210489541
85.15903032262621
87.0254024604773
84.60074337900006
82.5473306947692
84.2532141263656
82.87881546252659
81.96558304546572
80.00737530334061
81.90658751895074
80.59654179615113
78.94278383212266
77.11293320924004
77.2395855990441
77.28740444249162
75.19781205161256
74.81771840731373
75.90327343445321
74.73830375499496
75.19874562667187
75.81191024581786
75.75237935974398
76.06171592519767
73.51112561919273
74.03924728906603
74.72488668573416
72.69256227612661
71.72552721246643
68.78062425833097
67.52689448267085
69.53490606055644
68.19671271839891
68.2150858623773
69.02895049926767
68.67730454409912
67.34680970362687
64.23274284007118
67.24135039370617
68.56567862575832
66.97818602259869
66.81940015850488
65.92934116270489
66.6923274900285
67.93362302885025
68.05344184604735
71.76378891051358
72.99572359744822
73.3000025124851
74.18032124841324
74.25516923009704
73.10533639406171
74.15012646576659
74.51589164353481
78.56450631272996
77.92829686736454
76.9288708869035
76.9114006013196
82.16304096760574
82.0095941814022
79.48036680564203
82.15582214035035
84.65213625830391
84.47358870685332
83.2460594557115
80.83025319369841
86.42653126336393
88.01089850236859
87.44731009482749
90.71936944971615
86.94015605092295
85.3779858162467
82.83393855868401
80.12134562167208
83.03443982837486
84.13566275688878
81.29153770193778
80.13044894836776
83.34996251091779
84.08419299333836
83.27859631794932
82.23800086705927
84.40046513814234
85.67225601273896
85.64940461494164
84.20499183605081
84.9740740745516
83.43437447628386
85.96145616816399
83.59741510465055
84.22283102918632
79.15302493839505
78.21721657159006
80.20453926771323
81.63291460868737
81.97730141106138
81.71615144849147
79.33904613129708
81.25609883544067
79.07078303853886
80.64525148771784
76.31464358518868
79.92543827207989
78.40996051460571
77.32513260369811
75.37440542391938
77.20467646107545
76.57418847782753
77.65010041168321
76.00788401365591
76.73720741595533
74.84988897211626
76.38383761991949
74.46475511374267
74.32818148709717
72.64147366067387
73.18751630080489
69.89253962371608
71.91534508429113
70.94963900969393
70.42753629811332
69.03926118027081
69.9168656219195
70.20232474123274
67.70654832926213
67.88400199386705
71.79661141865869
65.65454664951656
62.61748291014976
61.85928580235281
64.38469112716972
63.47042945866548
61.371550710330375
61.90783946997672
63.924663020864685
64.24544991905066
62.31958834071431
61.35364745758609
62.57201759932211
63.90603297876387
63.017614697188236
62.896566390125145
64.24475980751548
65.99838022968552
66.3374525045835
67.7708754807653
66.83987197853972
66.06761594180253
68.56692081450103
71.84306385021608
73.68733325668148
72.71656476350995
75.02749523086483
74.19958641442355
74.54466075022907
73.37518414555633
75.28101139779585
73.3870824143234
76.2628959856283
77.05811045054568
77.3995434562756
82.02880634459137
78.38970819826773
77.79633013492965
84.77808867137641
87.82724435348472
87.5340006075269
86.43260767817965
82.34589640290179
76.05466365531231
77.14202436982578
77.81204863787755
77.5808982015802
78.6229886471196
78.73062811597194
79.07045158702326
80.92303923292351
82.86582618814892
84.82206396170949
83.62893856613226
84.26518649668358
82.60788105537614
86.97278378528068
84.939819237652
84.13112397135454
84.2231669314354
84.09985764298864
83.83045750402911
85.08762505203367
82.57770915745994
80.72752125144902
78.51003528575552
78.89732067207161
79.88435006743464
78.18334677002093
81.91624474382245
78.0900522764008
76.85283747959019
76.74995238812565
84.04368220814503
79.18636738416815
79.41293428949257
80.73474910169122
78.86864236116858
76.70032677665621
76.34920567448262
75.45653194131177
74.37531462571252
75.47427692609222
76.03807641292593
75.4395358579559
72.7861088483526
76.59054808541305
72.93481379235018
73.33537593657317
71.24250156301088
73.3452795042127
71.06295752857977
69.55549724217914
71.16909641946981
71.41115486583122
69.64988247585424
65.05558390485572
65.52301925031287
65.19601032752291
63.76723420971905
64.64942619538013
65.50174489893999
65.67285676915822
64.75758381643038
66.10105429765865
65.90516626386167
67.00967372563352
69.87207463332743
73.2985552115263
73.60460515223377
77.62601361220702
78.57802254054995
80.8151276608044
83.48970161261508
88.00427654732795
89.42246495267693
89.87558967601726
90.25821569010137
93.0540212667608
93.2944923102923
91.50586298937002
91.4372727508892
94.23142039275949
93.70285298640798
93.57944155294919
93.71262861179117
95.75663252013632
98.61884264071819
96.27068149934041
96.46901964509178
95.87305567936758
96.6813618913026
97.89010238080957
99.9486406105689
101.02255040872033
100.36893329490148
102.07755101555432
101.38467659711003
101.51538098028195
103.85172248620232
106.50688889008121
101.08176802422739
103.76118860317999
102.50687148416804
100.99509734928887
99.63305863085067
98.38391745906135
98.48449111501236
96.64356544360969
95.7286160440084
95.60012445762145
95.06428167495918
93.80557840523063
94.11903780792711
93.13871146991201
92.42412097249947
96.7119021862872
93.5363177594281
92.26198582326698
90.48467594592474
90.47143880686164
90.67791561975815
90.01667733965492
89.31563175864571
91.76893491616116
88.9718086474801
88.62202770734888
88.429634688585
88.0544611424001
85.73477849827835
84.67058364014649
85.33474977874435
86.44036796038833
84.9558828190539
84.05734377081467
81.87743561994893
81.47679453019302
80.98751810747217
78.87061379255178
78.26631136032172
79.82836266667704
77.72802713983675
76.5493090486654
75.01463659456805
75.29918922042076
75.89045620257176
75.6295647813602
72.83409530461908
73.79399119579742
75.15754587393369
75.52003436362949
73.16440168539442
72.3657288705018
70.7321446643812
68.69829027725709
67.4288856656526
69.47545523193635
67.68371583815117
68.87862085380212
68.80462613335656
70.12121748936204
71.37823464316305
73.80005516440515
75.51060873155828
78.11557138693117
79.81535087362428
83.0287082554193
88.39353273238925
92.20106047797412
96.06299857451617
101.12947756499847
107.93293077154401
109.6720110605398
109.34520034636625
109.22956491446692
108.81965203727809
113.14538521279738
111.37015021761704
116.09370574188178
116.18339230072795
113.40288770322195
113.31863013016086
115.78027366856624
116.03177574096524
118.15026744936092
117.21495295729022
116.62352892962286
116.87959393511959
117.6191560678743
115.83475711192989
115.72053166104526
115.41516461624305
113.74368201192144
111.64978747653504
114.33408683769687
113.01898681735369
114.86654984503632
110.23769709115415
118.9163840118935
115.80675746617841
112.29340932736034
110.09149836258133
110.69654948158089
107.94246276291312
109.65622693145855
95.45417201982438
116.20310062416206
106.63897663169769
113.21561462841176
113.56704094209286
109.56761820715914
104.64507091362943
103.21414705655388
102.00074126436745
100.52575358295246
99.92264418710303
99.93613664866702
100.05302375043011
97.96659814754838
97.95964923185893
98.06926764251926
95.34529569672081
93.12654447604439
93.86950451321474
94.33853831593495
93.81177850868616
92.9630117374605
95.4335580752655
93.74422496962532
92.98489149040557
93.7899560758724
88.87062945723785
90.43536299382174
91.62815317030604
87.75729749426404
86.51853003060788
87.86648908402444
84.96508338744135
81.59383901536482
80.69981967242487
79.65729367415457
79.40337221015268
81.51778096687273
80.39333638020356
78.70179478954066
78.80817007575739
77.83387089541426
77.86217724386498
78.08919196464868
75.61581636159409
76.82025223182869
74.36512465855259
75.76660099293017
74.19219366276027
76.02939354317664
75.98875482116632
77.0831067261513
76.90113298286272
78.01433566380716
78.886219240232
84.97647041797106
86.1413672401379
91.25562446665103
93.33684728940166
96.31005740365579
100.94425497476573
103.2504005229896
106.35206448877139
107.97973295287011
110.36849967146868
110.81410080976949
110.74069539020455
112.94680081809746
112.10986019551733
113.71353881218147
114.77232174891685
114.52442916484273
112.86391681777864
117.41997596822011
117.22855639909412
113.53135296355029
116.41778529425937
120.20381757753901
118.82250602916938
119.26479948724032
121.51844808472285
118.6157326495627
119.23693630671997
122.39318289151049
123.7521318540922
119.19796003636979
120.6247524368807
123.60229314686266
121.76524936352432
119.43850186756143
119.39018261929667
116.25700985293645
112.17782159675201
114.23468964855242
113.5861397755456
110.8266468620326
106.71255832802267
103.37199706751072
100.17936639684002
99.51916729067801
99.13759123053896
96.1635168012674
97.49752555645438
95.80996865409315
95.96259985933894
95.2077655726175
93.05626924293152
91.5404764266892
90.25753795110437
89.53168290018974
90.37062647686182
90.12846720349528
88.79649922891622
91.09582479241058
89.09501355969229
87.46755498861887
87.47397768243444
85.99301970652206
84.78033650925326
85.93778730827269
83.02377389183017
82.30697341816
80.77127078943795
79.9983257582422
80.23179620145098
79.45681028337222
78.66773949305133
80.39222139689048
77.28011604203986
75.63704713114468
76.15948988745637
79.73982323138615
76.20896683453083
77.18273635291105
74.3921766992373
80.92478404602905
80.23739507131177
76.90046325026888
72.8808641131103
76.62906684962735
71.41220628659744
72.36165940090157
71.2603409796419
71.62008881108243
70.52960457187768
69.90083812010843
70.14912421338454
70.76643995238025
70.59623361975915
74.51939708652029
70.42985294491803
75.2147996914417
80.59417779001157
82.14221862138044
87.08999295358484
86.76831723036328
92.39824886572103
96.46575183613697
101.75271357684593
103.5968977587414
105.11766086653176
105.94207869783673
106.62520546364915
93.0618212167308
152.34434013257413
105.84250069357402
105.81002777157973
104.02629886582696
100.72213448457637
101.31558549444111
97.68434062708413
97.62902225064283
97.59141152059237
95.42062266890598
94.00467894332289
92.28693437031214
91.1850296795507
93.40147503962535
92.2621685231554
90.23430280708325
91.32607330265466
93.97232982821157
91.15591036363165
90.20884843166226
88.31665665563636
88.55372090628119
88.44074369180943
88.06587532185206
85.69405178029751
86.64483248607306
88.86572038285402
83.08139791525282
82.87836841791753
80.93041239686414
79.28530455112767
79.33365967787492
80.17982288972651
80.4459850149619
79.0866305799451
78.97245035280474
81.79054885155024
80.62434892175709
82.16240023450385
81.39379649761112
83.89394914020002
77.99566027849775
77.84445780965063
73.39727024300731
75.93598511405148
77.05422892116091
75.56401062600854
73.64037428637974
73.4810457442322
72.96752583327601
72.55190603434225
73.38005335326538
74.36946498266806
73.49455561944214
75.71626840850935
75.84836155528288
79.9849679262451
80.75427761342577
83.84969510872325
88.38614454501983
90.14148585329337
97.4092570871732
101.38828142580125
101.62975827531129
103.88799306778412
106.67601726647428
110.11608506000111
106.63423431586617
112.71650416589713
112.43962516393655
114.96860961067391
114.16136014635028
115.8819803127895
111.46346446887786
91.44540233686341
127.00331761343398
110.66608940179535
110.51909360786473
108.52611278737261
107.11627277374801
106.40842770175057
110.1265977168057
116.79859533468033
114.93014536365578
107.87131358988557
108.53418270659478
111.62560321999753
115.115783773189
109.40412942725835
107.96267292913538
106.20829079580105
106.58643344163491
107.99729537866202
103.38370870877746
101.58952627970216
95.92184388037113
97.96409721366479
94.38529531829748
93.31624227803763
90.48249660518952
90.67681194864244
91.05951209862135
89.70382737784226
88.246589625302
87.18590135243315
86.22492804077703
86.50784758222429
84.91279182101819
85.25320302372926
90.53400790241515
87.22591619823484
86.62198210684939
86.49060139495083
85.04918187676161
85.19463861165713
84.3297452993611
84.5126811767463
85.30481019295028
84.11312756073261
81.82979330782007
79.88408496241442
84.10425040928008
81.28383645558955
80.18470541877747
80.33026910287614
79.26367587297506
77.54319244928854
74.33821791080463
75.354081370367
74.46643531311736
73.76152801988496
74.32125805319762
72.63933043166844
71.4100176506686
71.035465087407
70.97335780257532
71.33385833948608
70.34016653384053
70.35883925789757
69.63996607251335
69.56111423859119
68.19575822338211
69.02597955588364
68.77628577923092
68.84676210256659
67.23058139466457
66.34795444096488
66.24518994430936
68.06336490162585
68.85699367530961
67.90440099053
67.81730530309646
72.3626921529437
74.08508718444487
77.14314736717881
73.79850925162597
74.5574114790619
77.84234687922931
77.31513140621342
78.67744466547073
80.22744559053399
77.1090719611005
76.96583903319318
79.46388473121901
81.77535652953965
81.9621328672156
81.69166254207255
81.47830872995989
80.69315223998446
79.59643595897393
80.6340379051978
81.08484623967864
81.43345160371372
80.2897353276043
80.42655718696096
79.52730975449577
81.76881766710306
82.58894040412758
82.2198657933713
83.38081436954812
81.25455939361134
81.95079125520932
82.27210359164229
85.17780717399916
83.52409577388818
83.39626913163727
86.64352868778447
87.15635929834404
85.64414412615085
85.57421544513029
86.60052705084397
87.8768286253187
86.28431910067302
88.2292668072768
88.08940731907862
86.50441276555416
82.94589446530541
80.5334814305063
81.93317997235205
91.40298292766771
82.13966533799532
82.28163245551082
83.87721173192529
83.42685825802894
84.97370130934874
83.34077263963746
81.85101999801654
85.94087633014362
86.3052527367991
86.62105225400808
85.95955928328034
83.38189234384276
84.04268766820417
81.9326656107869
80.87030690179748
81.79461419629212
81.08487959002592
78.57233605993261
79.02014317247973
77.47966139200184
80.56616101726296
77.83759855993134
75.95860196368
77.55120675703975
74.87615769844544
80.65053092716444
78.21098369810777
72.91190463817424
74.29733477660128
74.42389039543917
74.20900298317609
73.75751511124852
73.89913479264305
72.82291451332347
68.98802140872877
69.83715337031
66.13285129984217
66.20932156994814
63.812417132681034
64.44772595470664
64.14293904910181
61.648460087860784
62.133338592868256
60.961562332789526
66.99022804804997
69.37031878216857
66.88776042659134
63.74101451645395
63.2909599089769
65.31811043312211
65.03247656194134
66.22240689571521
65.25499298426547
69.93142965133751
67.81043333446246
68.69142678356138
68.85771952081538
70.45410428874243
71.43383256347755
72.72849482512441
73.53468281928065
76.28611606936153
79.72172164640001
78.58497103001724
77.53897345046133
73.55511824078172
76.73106116906797
76.47482220182565
75.57533239232322
76.15967427899318
75.61958164894446
77.85567454669592
78.56111380740833
75.10107836698981
74.68665428651968
76.22090436503424
76.31666908352827
76.79541721222802
75.71114286110713
76.83756322453382
79.84883779124048
80.16394686008346
79.84629997407342
81.07961422503803
79.12858804554855
80.47583161424956
81.92609800486116
81.7388058367651
82.56233081116288
81.09260257612465
80.95270343284966
80.77575566209282
81.34671566628013
80.6010231921104
81.35345157543699
83.78265120814473
83.56155417323603
81.69306726115605
81.59690925456097
83.02107735823667
82.73152284241422
90.38388333912461
90.05401464993322
92.90038207222332
90.3105591520181
89.91739308007612
87.25331598493725
84.1681617617001
84.0106585115862
86.7404031949429
82.41729907705133
79.59868932354516
81.68163280475855
79.81962650097024
80.65512140162237
77.58366013766319
77.90141990641735
76.48874876452562
74.6962246704395
76.78735602591239
72.28074872357334
70.7087299812568
69.29512456198184
68.70752079640681
72.2454270118272
72.42310276651271
71.76278929257063
68.54979655248749
67.64432994256926
67.09225146511397
65.63039713769909
65.89452489330539
64.95208678399183
62.39582426347732
60.87393133620958
59.01780782664936
61.28362710818405
61.20098639259426
61.30317867745346
62.458490248683816
66.13981741464275
65.39847171859972
66.95695689342372
68.48863929633377
73.47456646767507
78.52184982763121
82.33217147910975
85.13895233973955
88.96548684664214
94.44051193396967
98.61217412624775
105.12762406651478
108.71387806969531
111.23833522739496
106.82265021283757
107.09721901181197
108.04612417370454
109.10675909169494
109.1930407010441
110.50166827757302
110.50740729910227
112.52217431602851
114.21359850763784
114.0395289567119
113.47704987122431
116.9709177838969
114.2835646565996
112.76445444036028
114.37061711049493
120.60456040627784
119.42874310629627
116.90766286260653
112.58357633288733
114.10081668158523
113.73986633224553
108.48815196545056
109.73145868415033
115.52716452172784
112.92139321090899
110.54402333193485
108.26897722026912
107.52886993045989
105.01104067104409
106.23287372561771
104.20811263555731
103.25749961827492
102.92021342297195
101.80055567661655
101.95405968285293
101.59023427877418
101.14276931033193
100.26549909759942
97.84837896731509
95.76646594223091
99.30353912574834
99.44633380284009
99.72899429408525
95.3706354142338
95.31325651205107
92.60636047891231
90.4514739135613
90.27342363985899
90.51565410725291
89.54263408214818
94.32417634445979
91.23468202179494
89.70661444016166
87.02081957027252
85.68458403671765
85.1820073622936
85.62076321479327
83.75103809350634
82.75873226389608
82.22913703768617
81.28326091996765
79.74797510807555
81.62593834480833
77.87502941875559
79.82669823477417
78.81391395774531
76.23898643108862
75.36194782957062
75.98440721568197
72.57551036555014
77.44614686244427
72.96821989670669
72.49275109069202
71.9371751653558
73.42681560110046
71.4309663681032
74.38550781033926
69.7447667421297
69.7182905285512
68.83994377203325
70.20514749524465
71.04845995070934
73.57137108743419
71.27179105399756
72.9522925639178
74.66057483178011
81.90587812028465
81.70929180492291
82.71982372390998
85.56468802587582
89.31911922341389
92.3984971793145
94.65079953458991
96.65126748480512
99.52802991582033
102.82004459149175
106.77831847998503
110.4980964975016
108.40326456023698
109.03417967974738
110.66222213614608
110.50398020694817
111.15619020420324
115.6481885685084
113.43327659168915
109.38544251763267
107.50924094517853
109.4580923379117
108.63445783730734
108.65425798682769
110.74011038824898
110.05528477884154
113.21766021688865
112.31313307891998
110.92090183181276
110.8950576915902
113.6420386799058
110.24683863443248
112.15379939708501
113.67386822113014
112.00182526217901
108.9455961176047
109.61562074272335
109.6737295161709
108.91834833540241
107.75829467759716
107.0396463597633
106.850850514539
109.50793834938482
105.23071509059798
106.30613575664022
105.04882973340666
100.704309678957
100.70423368150574
99.90783750547622
98.92933427238981
96.12252884275249
92.62760553003764
95.38435485221346
96.05882661235232
93.97702111502387
91.43939839823474
90.7411686586369
93.09622527831
91.51381324231829
88.91930568357739
88.4576967989108
86.74840763267505
87.22771500666141
87.49073939329585
85.46692711093229
84.62806865741737
85.71509621148954
84.43620612949908
84.92253189261524
82.16666492612973
80.27852103882032
78.55445939693186
83.04737784905085
78.89094822020908
76.65090518530636
75.4939156427998
75.2037457028512
75.07323883058157
74.52695629143295
73.84927215138701
83.58979173430879
76.21530292268883
71.63221723316306
74.82342071282272
78.82405853455722
74.50700389976035
74.51271501317215
73.22336508265805
71.91601674207396
72.46743708448854
72.7215166641612
72.93500254370088
72.25970190777483
69.7300069356142
74.23604387319611
74.56731269211612
78.99646360087394
80.37045487644815
86.08188750136058
88.05658218617432
90.95883992973634
91.64751113153623
98.71333175344012
99.57999211119805
104.04112206899309
105.97990392093996
107.90553210515174
109.70000445940966
106.70928750102705
108.47185805459871
110.45998548039692
112.45247665838507
116.1233623756764
112.91870498312024
110.91227524320216
109.87683586054838
112.46679267665644
113.57812557445499
110.72497842656212
112.89473343979529
112.82024517558486
112.92233856323962
114.92848815530122
111.78734645858499
111.18118465471235
112.35721902744227
114.79669477812223
108.19322964333496
107.7512221198023
111.67229020877588
113.04187633964325
111.32900077964243
111.28869505710554
110.23258880511759
110.05250368728979
105.99051720904444
106.51413625958443
108.16944199976297
106.64532092926717
105.16708627918788
102.38394660009097
101.35911420128244
101.41354434627394
100.33075920289406
98.8581601117964
98.32724638734632
97.02929112635464
95.54512222258492
94.606872036336
94.25866617307823
92.47165815022804
94.08090195788418
97.35205459344368
95.77092496556386
91.27484188372947
92.08438893588057
94.91518252430367
92.07041776612668
91.3338844067185
91.17906334346269
92.47926112485251
89.12651359917086
87.36585091694238
85.43733744011075
87.26374139866573
85.35106215274722
83.90878401516872
81.8781987489005
84.18875148806423
81.58537626163272
82.32412547144457
83.48164671462808
82.84996413007502
82.80925810129352
80.67695971620466
80.32414738858034
84.39521576262496
81.78815074055882
78.15178887964015
77.04579694931778
79.36344631777418
78.94204541347861
76.89066459721414
77.1145946957012
76.4503383126883
76.24680495218443
75.3286073788444
73.46054966530353
74.9094709146754
72.6515313759128
77.24594259560925
76.54141025683519
79.65036278986936
83.02707530574793
84.74875030537228
86.04128535553996
92.38199199914538
92.7095602231509
97.83541680885824
95.88186157245318
98.85906134711632
100.63583218149707
101.69012782819144
102.70415333840984
105.9453836249564
106.64260491051958
107.83340079432665
108.0921600047658
108.15365201202222
109.7462330561042
109.53662573112715
105.68626907852969
108.81193222016931
106.00773516856762
105.76691425377426
109.43717294009767
110.41929852472967
109.89768847076421
108.4189490975344
113.27783115131675
113.13185723539081
109.70052635984997
112.29133588166397
108.27517650668344
111.89951963665635
103.60738816841038
102.62135544421035
104.0618445823582
104.81160244880695
101.64952035566391
100.13221864459761
99.86554023224372
99.35127400162548
98.69217106916
97.97125764286974
97.47997865140276
97.83215739983872
94.92609120068978
94.26039437921912
94.40756717278819
95.21602249647314
90.10320219215647
91.38740776890707
90.50268840933406
91.58748550729878
91.52740554412763
93.3376330968695
91.89096272529247
89.21333473650972
91.31970015338334
92.73252291968438
88.53065607375243
92.82839852071913
91.39627705938688
89.55964391552416
88.53166228099883
88.1360083073057
87.70392842570119
86.08647549039517
84.49006634121794
85.54665755741871
82.75345250865207
82.18893398892399
79.20981392019888
78.09920746761702
78.38154466266252
78.44884406938132
76.50281142916958
75.62507136577261
76.28666771638927
75.03143836568924
74.87314750903369
76.36226567538114
74.35934849968517
73.45945059693287
72.48417577690104
73.72376619866321
70.75437373703974
71.01986330318897
72.95727739348541
73.29113334304213
71.55900973787266
71.9338672634396
74.60578263686853
77.95802921241108
78.34438653177028
75.6452516486206
74.78407268915697
77.84057668827705
80.06178624257007
83.00974407005863
83.19354103180189
86.40236685610301
92.72094321696216
93.47019725960297
98.22504407990954
100.41991198686307
102.5988743848329
103.0839476908925
104.1253842701058
104.84280446825319
104.25447260158242
105.3828328508569
105.4012815106701
107.96797637455578
105.50815080102521
104.04701885111785
102.63504998421183
104.0334962567583
104.34979378322039
106.45125925729373
105.47260641769333
101.70538880141764
104.31804796794518
103.84354008046984
101.94767265885714
102.61157833468978
99.7784432093141
101.77480798003356
100.6303484262872
102.39120064726295
100.60874589860828
100.94859616456517
99.80428738939736
100.8862631800702
97.30619807977766
94.70218873843058
37.86314856158308
71.50523999476448
176.66758540270698
108.28386416180895
118.0891856121616
89.21234494837182
88.35055809810714
86.53014324548386
85.34575056540518
85.07983097174333
86.22213275978268
85.29264897346394
83.74290444073321
82.47119879873964
84.49193514309958
85.08149284186256
84.06257944404253
85.48363835121671
85.0081122888864
82.20696702925713
80.88146295412704
78.34077429848469
78.9278636020555
82.97488675790231
78.76887313126758
77.84331930870256
79.5297373153235
75.54718035506443
77.28598374446986
75.34463713593178
79.39295065544135
75.82848247440168
72.92048510905514
71.84558559450653
72.08269522253828
73.64535652354706
70.93505104948237
71.92619120089125
71.48557542316787
72.48559294171808
73.43454344753528
68.49891338000349
67.76406237562848
69.25141828804715
69.19512226398913
67.48758933819533
65.50454026685073
64.19557514987409
67.19088542752684
65.45061854740804
65.98962380947333
64.55078401424504
66.2127740039521
65.2886397798524
65.68447011584516
67.82459672404804
68.41634410818808
67.9147154903787
68.40676068619541
70.85137813106832
71.62816272526103
70.95941251224627
72.81307011498734
76.54905347117786
77.7805118916367
76.50779338737576
77.36686105671099
78.35535125884712
78.37777652384814
77.78117805073069
78.17235897933455
77.52883013245786
79.3958103751158
78.30822161083087
79.25463993519725
78.11868090816904
79.07778204532538
79.24413069361599
79.16806512629263
78.213974742235
80.29177788163929
77.9894496752675
78.14684180482831
80.58403724272738
80.62255634144464
83.85478101945216
83.25705611139398
82.38136571676114
83.65062293645376
82.42487777207046
82.43114924374966
83.72116635640185
82.01450107866451
80.7196006593719
81.2834343086196
79.40538068207519
79.11145366791524
79.67207494477391
80.25812633263223
80.68713066233342
79.92705002122273
78.93205631012029
79.9807229698682
78.68000015115777
78.58025425771872
78.67386514173891
78.73869855278392
79.7703358080797
79.3854608739519
78.50036118904156
76.54536704738945
77.55002780842186
78.74481830024096
77.6828301596693
78.50162144037313
77.89559269722275
78.82168316981281
76.30104421820812
78.21264120692697
79.67664486234018
78.66993697208102
77.00677900397403
76.66083562873678
73.30890433243236
73.22824058660387
72.09052574566286
73.00104340272583
71.56579496711899
69.93354371985703
69.64598833131421
68.72164197099255
70.15519489947707
69.39087057143435
68.12607400274547
68.00115391230963
69.23790098895192
70.28235694426048
67.8038519569828
65.57457458012219
66.08804649742686
65.48365424623381
66.44794928498959
66.95064887441862
67.39006117952195
66.38574281730445
65.39059842171741
67.91962795983409
65.26517264959784
67.57092262784812
67.36134266065835
64.06989446185568
65.6364476083464
67.4974388515817
66.63029336146508
65.94319243468226
66.31772779494517
68.37718920909066
66.50988384509947
70.19840230296131
71.71933265741265
74.05187546986676
70.54049904662722
71.35858566824331
72.59375723756719
76.44251835474725
76.53087537809809
75.5510765003118
76.09669508390321
76.96948567274639
74.84244111749159
74.23584372293021
74.3779709476934
76.45932104899232
76.97133625785494
75.61539319843935
76.30222019807837
77.25969906905098
76.00610734853451
74.92031013852726
75.57546931651069
75.60475978777784
75.00094691751866
74.69726017140027
76.2585014958243
74.94434072335878
77.31719367471237
75.52078900276092
73.84847688959123
74.49368011226005
75.84477494471325
76.98465844298458
80.31755714374242
77.3493827496204
76.2194167709543
77.55959532298876
78.61692090826168
78.20072266545212
75.97699535360982
73.7365070212403
76.2684944984353
80.25488671129224
78.65969943177078
77.60918948424342
78.75460360803584
81.38879633390005
80.89961425809474
79.06589685603836
83.63858677786772
83.22567767377927
80.62668564807493
77.24058024188031
77.82810474845809
77.22067684681087
79.05387506058503
75.44572794610352
76.30263712150918
76.57138921074353
73.95644038749671
71.4228269650793
70.60136573371388
71.33503989233033
68.84629062997813
71.32648289878934
68.89886122436607
67.72204261495561
65.80328306848298
68.05204509324602
66.857795069725
66.3729903500309
64.76973272045163
65.40304215459317
67.5647700147392
66.89749933578658
66.57335903734422
65.74582583685769
65.3800359838782
65.1689558207807
62.662602287087736
63.00070723933521
66.23728809993557
66.04753813727753
65.68758903906328
65.67261057568032
66.8357027003682
69.06727757952014
70.58601152889298
72.72986559812307
75.36746763712608
81.04812836653838
83.6843952504216
86.99673043524268
88.12328204738692
94.40596466117108
99.1539610339502
98.61350018374202
99.72913551113604
102.53200289641748
105.52790551749807
104.65486051940289
105.07165879477358
106.2640484541999
106.87944845870695
105.53758060973666
103.44813412894005
105.84742869175513
108.8840694304329
112.3048122280015
111.83958965708985
110.15014236682464
108.26372666278478
110.11054253599175
113.51285673063946
116.14270569425558
107.77898857104721
105.86910574204724
105.81220775650836
107.12801005226268
107.02137059917371
109.61457876836485
107.97552990706868
107.13943407057218
107.86275998202557
106.0273857626956
103.56160211293142
105.58085200762451
104.5827122909285
103.04086704551551
102.50282382148391
101.66874532320043
99.28573731262006
100.05738032815748
94.72107204609992
98.76165877118876
97.82011731924959
94.08623527237732
97.78842340057572
98.50463151967801
100.65385239300655
99.20356794704254
100.15395547776147
98.53963513577429
99.40635297101267
99.64928361395951
102.21525215195001
99.64387498495805
95.32739361866294
87.57646018248066
87.74090536685475
89.13764908656994
88.43268019627988
85.80083016856702
86.60814674661617
86.50265567520034
85.75593709381849
83.00197121046705
80.0213058604985
82.37467821670225
79.25775978036643
80.36269487194932
81.55319147933682
80.05099911316874
75.91509795953023
74.78515743372759
73.7129794004424
75.30506945059733
73.1068130645541
77.90892789723159
73.14213874251661
72.4371098004159
71.22310533872508
71.22066476375204
72.51782864886911
71.60239829328134
71.37724786538756
67.94402494382251
70.2313550625648
70.01314267546475
70.31146379334916
72.38986296989594
73.35818230774521
74.70990955743719
74.55077542133813
77.90962221240267
79.0432907051337
84.11049763678194
85.2744662152501
89.16192573992622
90.89535919420035
96.59604519454678
98.24990196746494
95.63058904383932
100.57134104213279
105.83314363104962
109.91310450944296
113.38913138362466
115.08234466047973
111.02563376239533
108.03176937438738
107.70383896386478
107.22154619674467
108.91076374594108
112.76267610145605
110.63649134416166
112.41435264122313
115.75227979693591
115.20322699965068
114.77218825772324
114.09591285502121
121.45727386186792
122.31418785257513
123.33271673652244
122.69943244132219
123.17957191822735
121.82107096280497
118.69713800730601
112.3673188717546
112.81896672851441
19.399066479076026
69.70303161944136
51.08347629357925
132.99607037645535
107.15313014764259
17.318354086139266
144.49621745280876
102.59421945154915
54.612075105048966
128.57034029594288
99.75122914724707
94.66418192942155
129.25722310539206
91.92068633587806
91.14338314478067
91.17626771349191
91.49009804035158
88.72644548185721
90.42505660648146
91.86793219327103
91.48665550231887
89.26880682577439
88.3118011705202
87.60599271685311
88.72679353849553
90.50406978315782
87.49888058715443
86.90269840396613
88.25122547051004
87.32534453096375
85.36407373094275
83.05802471168101
85.01024012754658
81.85787785794108
82.46470933873172
80.28004288768443
80.39627392731612
78.83097036714727
77.87814288243464
76.99772677004478
75.6833452991639
74.6764716428766
76.18734046749489
72.94124569311009
73.8935520394608
73.95741080664101
73.48880010834557
73.85387469243994
75.93266312110852
72.09035182012207
72.50138567432384
75.32038191533559
72.46320865794598
72.28007947798324
70.73419182531077
74.40007176730091
76.07261190756157
76.5160672358594
78.61931359477228
80.23448017906622
82.49816727271197
85.25372532416259
87.36911623091198
94.19872037135507
100.24383838251444
101.73201630347205
104.15336525538164
108.04971795667649
111.80607309142147
111.52927522924209
112.19861091220926
112.02793014320615
111.21078124554157
112.27258613733497
116.11768100276664
104.44388261596981
110.21971527519773
104.7785555349423
108.83222109906426
113.22446000212427
114.35829256670316
112.04837074314452
114.10380045397555
111.87371906627033
109.12951256007538
110.00098124926912
110.22477630483516
111.2796790545621
106.35478825418691
105.88175166387741
103.46452817743602
106.46117992854026
107.55212899573552
105.2103929912189
107.36423208625628
106.206597070178
103.43973618551244
103.46228638780296
104.54003004878354
100.24612851057736
101.39654293128294
99.79896914596652
97.93729628596572
97.7265886441318
96.33100746857843
95.93408078480421
95.70316157077029
91.50172574958748
93.68377361069317
93.66046176566464
93.18940021982542
89.71265102003791
92.61141153655947
88.88159788285792
90.61039602309789
92.64017483013342
92.36896076046042
90.03031047704303
93.97413506559396
89.69437193017191
86.33988080163066
90.13984266932417
87.36281561509344
86.03800509468624
85.79710962887097
82.00062181564394
83.54844172870311
82.97663075139945
82.51782546987533
80.14942088324
78.44011347986654
77.3952720784576
78.07056989832427
75.85772586801332
76.59321668927987
74.45840212283497
76.30669036293295
74.47907117550767
73.6523024799958
71.43090206273632
72.3685851443256
72.47977911347954
72.24636475236383
69.5846943040984
72.38683508453107
70.48846971454321
71.19199797272864
71.23809888715557
71.96216364784382
69.66025557518265
71.66375425468487
73.32722913957866
75.86856147251513
77.46106345341705
79.90734084965511
84.86532958964082
88.62715911082071
88.63733166085174
91.27447793923275
94.04904422691547
98.35363966140001
103.02024832094281
101.08969928362902
102.80082824368262
106.18898382100807
105.67884391404445
104.82216379407475
106.71164904748615
106.22817745514189
106.76210902714175
107.73081231390917
106.34227699433231
105.60961839507968
104.81095713625228
104.99451339802627
103.6004445500762
109.52575233488102
109.71701160477465
113.59597804349393
110.06229361600276
111.65095252119653
111.77279746309303
115.59219449603894
117.39396304764152
116.26571746775609
115.30634356385636
115.11967470655561
115.05577747277088
116.34557063831646
115.34785303432574
113.33656918520444
116.68568271188272
111.32860387868823
109.71134622272137
106.66998706290335
105.31771278541316
104.89873926248464
102.18074382829309
101.20833826032039
101.71855221720597
102.65707730787243
103.45886013433298
102.30704175449016
98.802216666427
97.43251113733643
95.66313604623943
95.89214086817691
93.187181584478
94.33831062336162
94.39004128755644
95.85047993312592
95.22038130512921
93.40634326929401
88.19411755054196
88.30600421012434
88.61950720683612
89.47638469210627
91.46271019019596
87.822799384971
87.86696534041225
85.48856275803237
84.79091137937834
84.00716816910798
81.96380689630433
83.97060941416277
82.34007136332298
81.14377268717209
82.40443206187105
81.7732599883305
80.29122705125025
77.17412568065386
77.99974041472781
77.41216245940832
75.9941332869067
75.93686224633639
74.50579997117022
75.9632166269093
74.10770436785128
72.71255417472082
73.36305429277274
76.58425698798489
76.24104657696728
75.00777018500628
75.46936453773975
75.19610329830815
74.20938643971456
75.90211912601143
79.07800346255908
82.61961829996568
81.21744748433413
83.42416901086266
86.79690710436769
92.87091732169777
93.17146596032143
102.38822179630526
105.47915318001768
110.46586900287369
108.54824813672101
109.5117448593824
108.28568653323276
112.85139887600029
113.26903034576392
109.648425989775
109.80402857792049
111.17609060201559
111.11659635749442
110.45181875078987
111.62918752007656
112.02849622977662
111.22282936629301
109.29355295389693
112.336064138865
116.68654297378338
120.24018235086886
116.76672411314522
112.61090948882233
111.505465404773
109.43490457129954
112.65446110854438
109.8986511096651
110.68491183796202
111.89145422212104
108.87033510025057
112.17776460282118
107.77491488680535
105.55516618107936
105.71747120661823
105.22263296402546
104.39190477766658
103.8036846064968
101.64913725044889
99.51807571187385
98.89884875331381
98.22942502147677
97.17028927748257
94.73735373430233
93.21458955617544
92.28111454544211
91.11932786617794
91.03391224215838
90.60653625239875
90.19021710012927
88.81855128801142
89.6364414906575
88.00438439553781
87.67312842000757
88.43987449309125
89.01915123184469
89.23644984744541
87.25835858579329
84.82247403792172
84.79394465200943
85.72155343787591
82.65513674348726
84.51142869251584
84.77346300310127
84.91382366840696
82.240155781938
82.91892237992943
82.81907246179446
83.70169181883983
84.06922527781097
83.47698088722473
81.91835389858227
79.78067176203751
77.47886270132078
74.06499959507681
73.62190094657035
73.88149948294796
73.20036546130342
73.9021471402292
73.70309369464883
73.27469379598828
71.21731976049566
69.52836950895545
68.53525794389697
71.40727231560975
68.54900938231204
68.12310902470603
68.7900893155259
67.14450618762169
65.88022885922061
66.44184985079254
67.35249648965785
71.31350269090406
68.86980985401932
71.35675138136867
70.2811111727471
69.50674605843541
70.06613293062989
70.07381834211247
69.47555535432693
72.3828657280219
71.60189148620276
73.08885255184202
75.82631525542843
78.08592806246719
76.92003027449846
77.82613539088423
75.98997366720727
77.35751034751775
86.0715136766471
81.9994642656614
83.08373364670388
85.21846160709504
84.05840597331292
85.29012795738959
84.8402694368605
84.77559244978954
85.38097209997031
83.59067010982822
84.48452418696644
85.11451115624737
86.95815284811611
87.16360307023055
84.0343473885327
81.69206868607512
84.27671134726023
86.68092721860762
83.39012287058199
90.9532577668237
87.51891574757755
84.5256766921255
83.31399565651377
85.17172361196643
84.54274266022163
85.61983923830954
86.70272436897625
83.81437946848796
83.68574668672709
86.6933425282951
86.90012519262544
85.87167280660225
86.52966063777785
87.2555280151391
86.16198441055195
91.19615081325321
89.56797706532086
87.46676398483545
86.35295608001502
87.62875967130495
86.20772843616324
87.70660947180455
84.64849568958473
86.95516914682152
84.65882827836049
83.76440985194488
78.69175321335177
79.94166315430064
79.7328391005384
80.34942370586558
79.96997003414087
79.21325269231656
76.13858977956671
77.03511820447046
76.19806414016598
74.22999152943015
73.65905172620887
73.45155033491129
74.09462097937985
73.88675266148361
72.72756904342845
72.31691516080429
71.73968360644739
70.6998658333151
70.36628776699025
70.73663721473599
71.99286840256094
69.95563489605678
68.2918551964612
66.03717175821862
65.01496741476231
66.50519829668656
65.21515506958012
65.96955491703841
65.67625578345297
64.30900256402
63.36621379134998
62.499022281285505
62.492991948151996
72.60155387623496
66.61766130483008
65.28830712396459
63.31629056375043
64.81159855496426
66.2314548473567
65.61776109837552
67.67983962145777
69.51878722523668
71.6320782382353
69.50459915392378
70.47096342704522
73.25545930445557
79.47280941383922
76.8620437847311
74.31693545290165
75.71319683502541
76.12571494018825
74.63679266105308
75.07450820441554
76.11935499242942
76.70711659104091
74.66606081407672
76.38316049455501
78.04368737074641
79.1742248124597
78.62513432212904
78.80762056862352
87.52032686458718
86.55359711306099
84.21013883199191
87.17793338440393
84.23800671272602
83.93434236948576
83.78583309929019
84.24669797934776
86.03403995618669
87.36207803532557
85.2361521808829
81.43788706729185
83.04841151477228
81.6197793500578
86.56194709275059
86.57373168577932
85.7024385901252
80.72072211131717
79.59387552903394
81.21330265753409
81.86953915267446
81.2234062706658
84.14147696202615
84.62988055632782
83.79019665526647
85.08591804899623
84.40871300900137
82.47825791909247
87.79910547733654
87.23237301706553
83.68745906204579
83.95755258710372
86.17350097664847
84.17963706578843
81.1695050636074
79.44191046419269
80.62865624615466
80.04952540665387
80.0594624822951
78.71793109948973
80.66832288580247
82.9310734067948
82.13757684369025
83.20085132974243
81.80107883087605
77.12578716341814
77.61694311796779
77.66852182053056
78.39915217973184
78.25034451641555
76.93016697662686
74.99249905267314
76.061535639119
74.77111089319722
77.86326159805282
77.15344074950228
81.28302901523162
75.92489793141924
72.83104619274461
73.06949464236976
75.8006609433717
72.86924686429289
72.63694842320741
73.05198601011385
75.19727996630046
75.39562002199078
74.85451478213896
77.23141643560268
79.0475350200003
80.6823847453935
83.96250811816253
82.70114329906625
88.51280434268791
86.82450750946222
89.57646301591879
100.6994397676362
112.15492274135427
108.42381788263722
107.73707459054745
108.1386895438095
108.17371802352982
110.53128256612385
112.3081478221403
113.52630095734779
114.63931888667787
115.26020557847598
116.13527694086578
114.71295066394264
119.54574484287478
115.52604764726524
119.64314247365805
115.30173981420499
116.66531791082338
116.6007638485333
121.36908378223862
127.22532133692378
122.727245543701
119.88823371489366
122.11521818693642
117.10962332456306
120.82376929962044
119.31294791850316
121.20119697815632
120.30482572841413
118.85596299883179
119.666290721029
117.32403954990367
117.44993507758792
118.66455067897427
119.9013609363295
115.34188477515382
114.06757232483068
112.98323358241278
110.10447579372733
108.36403613235456
106.37871272343025
104.231782018641
101.25010563425604
99.07141229866428
102.28098399931056
101.62716282385962
103.04508639310184
97.67513791033997
96.93264191795751
97.19622774734853
94.77527135102068
94.10959358975366
95.57785813464794
94.90470073942478
93.84321705460866
92.46742887184726
92.04638442489511
93.62444227776788
91.65860524891617
92.91765794028144
93.98351698495588
94.2807214511974
89.82672207736243
88.37208924074707
88.1308208807933
85.92408488860512
84.82651903709613
85.14141715603046
83.95822813076785
81.99897901543642
79.9546680469108
77.07436244127803
75.42906891252346
76.38253561719978
76.39663455139691
76.66694436996143
75.24054775982307
75.31763671522015
73.59766896543135
73.08619775325451
70.65796341529654
73.24701917524101
73.42772569252998
72.10618054161364
71.48424459791016
71.58129685644042
70.41591060829563
74.10342611066021
78.38746362523625
80.91596059853474
82.90529940581916
87.2612416318294
90.65256187502214
93.88986450242717
98.86788812312672
104.85038236935252
108.29379036044088
115.97016008713422
119.31680494273235
118.24534178053057
120.65090959317519
121.16877501418105
120.28850128035748
122.53441694824515
124.6634420607291
123.99288023751714
125.67737727565769
121.99722161280756
124.05852558976974
126.49946697398012
124.59390424253111
124.13948461474767
125.56487700078948
130.6974275295259
126.12669926955671
128.66175646208336
129.24259825877982
133.39414455551946
134.61724302642207
131.80483530288802
128.43389768592007
120.72565455015217
123.3692531375717
125.40808656104149
123.2946519327449
124.18312384138282
119.73593800310806
119.92997130412876
122.89980676133088
121.32548109938298
117.78149541606493
118.28974619979462
116.6261358043403
114.19836986033775
113.18022959446928
111.53439737404169
106.39667640845578
108.1704843727447
106.64548504949697
112.06019706513126
107.96581697696323
105.79950218951244
106.72668694026544
106.56295165920658
108.4965149018324
108.90079937050295
104.04374841267803
102.32197402928034
100.21285640754105
101.5544091144982
95.25200718782156
97.05328700419966
94.43702842078369
92.93671305929104
92.90425117502042
91.89815150564982
90.27133665489062
91.01244296626203
91.70034741435313
88.52072917489443
86.09240669313245
87.65161803065052
84.75023445422667
84.42783982302137
81.62667073594805
81.79962070989987
80.7548034912458
81.15832440095949
79.90227403800623
77.64735115804365
79.04324327097387
80.79978255837224
75.23052660859554
74.8318592189768
75.22168955546276
74.21857459288883
70.89033157651821
72.77094069297475
75.37445051987737
73.70500998899935
73.4022962544526
74.03612126919171
72.91107354901311
75.07957688049268
79.1223626813102
80.65898311222915
82.84614247222262
86.56456779307038
94.91088329568254
90.58031970867886
94.96933811041957
99.27568092538263
101.97173993521899
107.60939402941246
111.44549622343784
114.09200303530882
116.34777765334371
115.06790262859413
119.38521714812114
118.50062450884465
118.12573368956647
119.86010757425595
121.78905693959207
120.91383109089696
119.59021011687068
119.39706316959872
120.09702951051428
118.84646705998396
119.83243221287378
118.73262154612635
121.62218804244978
122.30649456770256
119.76732037970805
120.76712245161154
120.59251570580521
118.09308268699179
117.79282816079649
116.07992077500752
118.81329285561591
120.08967424572383
122.57462852425796
126.14777787990194
130.41586992439596
131.1334344748007
137.15797786449468
122.47949349813375
73.722362012894
164.53230443099756
96.67714890511502
128.56903397342637
104.10004389820224
113.89611836989742
106.59048924951884
98.77306942606852
96.80129284846936
99.34409684503879
103.8918311302649
101.75153780957203
99.32620080091189
99.94907147516446
98.98975783636905
95.90441744075929
96.57812469403163
94.59839309123036
95.7912652007307
95.67111614785989
95.83209548721402
91.94441552563666
93.34968009576589
94.85305026237722
92.21195747017408
92.78641818660749
88.15541175759805
88.68104047563705
89.76734627805934
87.99578282259705
87.34466564260407
84.8151270430659
83.20519420217289
83.26031258811544
83.41267887698282
82.87940070422013
78.34443198270355
79.29477932044834
79.68958859922014
76.45165805862091
74.63611924410421
76.58589284244187
75.84770157754865
76.34476368303804
74.07893985224851
73.94221220723608
72.10715161238232
73.60770039803825
73.03520276738921
73.03260751070965
71.29575733789032
72.69826876275081
74.65454674842961
74.04030966499839
75.66389489335657
79.33100872278476
84.20499032293213
85.68802070629846
87.57654241050626
93.5371607681596
96.3972513878521
99.77735383152587
100.55207165006489
105.78205815876336
108.3952392425511
115.54900866110498
117.56735705568448
115.54322642040621
117.08735096874963
120.4138410647002
121.35592327878277
116.82951299319906
112.96077219639362
112.95199746851908
113.69456485084729
113.78555013759201
113.88348205470388
114.64257794540598
115.03955449113012
112.37522294093358
113.74827143234918
116.2741917225684
116.3796256893892
115.96810303327936
116.22666786036197
116.00613926897161
113.34676603415525
111.23123244855918
118.36272947344283
112.4384081618687
112.34075957235426
115.01174551145131
114.71285659433902
114.29498006730522
113.67743712486187
108.23746382030444
106.54739703233975
105.02013116100656
103.36163648978801
103.46002627071343
104.08784384900977
101.319557050512
101.74988556172997
100.52271209791374
95.78555662536434
92.92189615648144
94.38909589996638
93.41448884280766
92.85584483916625
91.96303862460553
90.79687081991474
88.3492380940401
87.85321135912216
89.06642473005772
86.43970091906695
87.43853030785462
84.8134770206288
86.42394629459137
86.5817008445452
85.50370444091459
85.6343206127067
85.0623295276356
84.39822716597939
82.159727966891
80.4424337720025
80.95536516015453
80.23034558539695
77.03104353636417
78.846987899578
78.56735626593687
78.07915168951737
79.40602842240264
76.27385779717488
79.90582972993788
75.76420294538406
74.90406604764691
74.83270305361987
76.51349617817957
78.90082503518698
75.4262345956673
73.45508103795154
70.32438890351105
69.08778058706112
70.13898563047925
69.99280664831689
69.86600287047716
69.8140031025494
69.88219177398621
71.00353710286157
72.34425841758188
74.51656784089286
77.50673585479258
78.20465132822935
83.10771508909716
82.77431409730936
87.55818375731873
92.58935617721014
94.40489242377558
96.43572032560367
100.01883542958765
101.62964320030926
106.3188803626825
109.22266264888839
108.89479501772291
112.14981550175307
110.39399902365899
110.86865280630366
112.98904420439003
113.12049814008746
115.23737163204736
114.50930506917287
113.08235501107016
113.22437831254645
110.24212350230624
116.47071198814174
112.73189615312174
112.48613688981624
111.64327194324763
113.5126265284998
115.09261828968593
114.1713931054501
115.50287699664932
113.26715361002246
111.13983033244357
110.66352840711416
111.26151143776602
108.78148740471828
110.37936906138692
110.52100374353131
109.43340740321112
104.11712087573609
101.50999548329654
103.00204836780094
104.47567456329611
102.46605602196745
97.80964874185128
97.33027684446319
96.7613354014035
95.20215333427241
101.25059968211065
97.77996628592928
95.70924703938861
90.12616509666422
91.45636365710286
89.68647350147866
90.17061752941049
90.33880383613237
88.74082030782478
89.00344868474278
87.4131398913317
86.94453257115461
87.0497013663327
85.23249587307325
83.85491706285136
83.13970469971741
81.20369477689462
81.5149870389141
83.86913920988528
81.9308240082456
82.52809411471293
79.41789631183126
78.48695846187638
77.82677808811401
76.82352461036558
74.43571007527072
75.84979784504185
74.51553991432951
73.70938893682204
71.80846806626636
71.93375061663772
71.72979135657565
72.18383213424951
71.91800715662939
70.44700903526441
68.71079245201142
69.72942022980683
64.36341746888012
66.81170157855234
66.88993929137303
66.97270623156811
64.54228938276853
67.15454357447639
68.78100565207205
67.74814220173778
65.14401937712083
67.2005529912002
65.72138220140278
66.02230347826968
65.70955902745197
66.92270762531425
66.45267095680752
68.40252433409792
70.16186229840861
71.59146154910447
71.0846620556332
74.42520089306572
74.6799135488752
75.77640154111494
77.56344817287096
79.32270738087482
79.4271290734359
80.37701793508604
80.20494017667498
79.82711390236608
82.40222643535999
81.72820769666822
81.4939303105543
78.39647445312391
79.48364089247372
79.39920554790845
79.59870806917934
80.4164484851711
86.75585876375568
84.87061605140045
82.41485387964397
82.6628754177481
83.05307671474361
87.11140954064217
83.61398232046527
77.70171682353401
80.56067124162834
81.4803493507754
82.18355242771281
83.78394716951789
85.95638399622173
85.36535079978523
81.06837762607302
81.79107363941418
80.65224125940347
82.56561887461038
82.39083688595302
82.39972587983408
85.01094504258774
85.2911877406209
85.85650360686857
85.95652971592499
81.66615628641163
80.72569119782482
81.43531840815974
79.69431533284262
80.9468271240873
84.5912556989268
84.56550182491937
79.780942258712
79.33204849161334
80.94155267872026
81.02336319336509
79.02114392131146
81.48836727995652
82.97303219915322
83.18498910985285
81.00302082319565
76.65493613264704
87.48940072265933
95.01549652141314
95.18042750209798
95.0540518083956
77.93043741120738
82.01198843311676
81.10914604902742
77.40506057711518
75.74900702123074
72.9636331326453
72.26206594240382
70.75282294101282
70.86992206891544
69.0272596404266
67.32876978451534
67.83004370400788
68.05599202636792
67.81840764765465
66.74705010501282
66.23097175704822
69.35869740574446
66.1518066856132
63.71940621167872
63.6567618503554
64.32146925368207
64.70002167614402
62.48380435138323
62.434573135269794
64.25949488524026
63.21487325477081
63.59220897613655
63.637344020652435
63.687615470170925
62.843619920736046
62.25459798768335
63.195693587018326
64.43139561079711
65.01790203287217
65.25554514839783
66.29851884623434
66.30896395327818
68.5567794116073
68.9244484129741
69.36892118066766
70.67215603349666
69.88393116908662
71.16821647363128
71.50361301793572
73.48786388092452
75.82901513392824
76.00881746869598
73.17286412175754
71.9788303154645
73.53494852995286
74.00694041469448
73.67962519123734
75.05318895872449
76.97489487878357
73.82561429732135
72.77400958741687
73.76166233576305
75.19415127858052
74.36864800381572
75.4314661731394
77.98445807096161
75.84109664996538
78.0264966006816
80.25705082487038
75.14668425434115
78.23934107532592
78.84875538327958
75.44839390122877
76.63389925128718
81.33403348137035
83.00332500765228
81.69128936957603
77.68945950644337
77.49128233818489
79.17019520131551
77.70942644758888
77.2782604090409
78.18358896457573
78.64232865616815
77.95543132644295
74.9361701320669
76.46555611313721
77.56483744261284
76.74323861110715
76.17341603611202
76.98176246979853
77.18155584817895
76.8978559340706
76.2464043299042
75.87280523681477
76.65220972114349
75.46264503706101
75.9262916223663
75.21133691671844
75.18370552847394
74.11144650521726
71.88971502010875
70.68640730434869
68.75675605415555
67.10640005526801
68.44704116223795
67.29406687247983
68.19844875440933
66.16885150301759
65.00989983167884
64.97518926097683
65.83744896902658
62.33603200579944
65.17618659772663
63.393188286334144
62.208273367149005
61.43255291059171
61.89022185424135
61.866937439773906
62.02563084074833
59.48598188499346
60.44679619936721
61.11141783023206
62.16252967905166
61.01995155528817
63.448592461638434
65.69559236005028
69.41268010934068
69.76560357628773
72.65678929004133
75.38938058091333
78.8630206776694
84.53219705638878
84.28074607038678
91.06139084009907
96.20215133820824
97.70171143332772
100.70497299219285
105.26893321829468
107.90020037678693
107.98794610960232
106.11606142897418
108.14216952447798
107.75487068823574
110.05409545801722
110.58528447165102
110.58041721582914
127.17167135288982
126.8999230102626
128.8666269982848
125.2678922006202
126.81653794267874
126.17374182083252
124.64670338398597
108.54405082741467
110.5918736963151
110.82350324791194
107.60114463267121
104.87637637282265
106.6708061903381
104.25199707236044
105.22182754826882
108.35772260482034
111.63879202386
108.54086459050514
106.13894053344389
106.56602527047414
108.43341172629324
109.6020007728495
109.47472449832983
119.07419041741399
118.73594638126004
116.70068292862409
111.52501669779562
121.24624590365359
118.32645000709624
112.91723802833467
113.78522698569104
97.89449182910852
100.76554791493633
98.07390833874712
96.22291469497901
93.81176548286759
91.75434200353794
91.7381650753225
90.20903193884124
90.97685885853943
88.74032417072266
86.87583751718111
84.69446526832174
85.78328899450091
86.55394395259016
87.2152929804331
86.05558900803487
87.45249703814602
85.0095665961997
82.58409896418382
82.86901626265104
83.80196513733074
79.13739966128813
76.36214685444385
76.94856502946082
75.6678538340297
80.12360007221517
76.7653758332559
75.67552934483733
76.54865958370675
75.27962006866527
74.13164081583928
73.14225622051552
72.04235192532501
70.52911835002881
69.6252027354557
68.52786426159443
69.26154073110077
67.53277099989671
67.06164769954432
68.40208531882413
71.57436214528109
70.72995943715866
72.37915916198996
73.05825957318771
73.77751952407112
75.49781947157992
76.09169302383475
80.54222858940432
85.12193819871119
82.65284199617497
86.1385457308002
90.06543273296852
95.25643986531932
94.93238450920363
95.88822632466416
107.00007603674459
103.63736099769383
107.29572649354537
103.04763528193516
113.79919280816915
123.5441078537445
127.17079100152735
125.69946367353121
122.96909981279018
128.99719388744916
131.5531881854615
130.67115133124213
129.38181314060532
126.3936319630564
130.45059642852243
131.61016120279683
125.57107088161445
126.76716640229272
130.68440696270852
135.30745446122523
133.46200726393107
134.36511616499243
131.33896949030813
126.98463813296024
123.6456011266833
125.98632566743888
127.5448973150938
128.61126965028143
128.0593209566455
129.7827074125681
123.9252057687593
108.99917682895807
105.31258651927375
98.63810242626107
99.51241578359657
95.11221817349903
94.90845515904843
96.13673701809557
94.41369675947189
94.90079613274922
94.78823960518153
93.27712164333634
90.06082024992892
88.42766532481174
90.32203704380301
85.57521695034436
89.08362002073522
86.95730801382197
88.34844598561887
89.89989458546682
88.35497261066654
87.37464391742843
86.25190957688412
86.28175031421152
85.71058732342979
87.75477098194247
84.39141947699031
87.08623222474145
87.25394982862377
86.66855137485487
88.64591852860337
88.24112922789682
87.67336891616526
84.1597254287712
81.69946979037333
79.6986485419293
77.72525243360003
75.59554943279369
76.303950630033
77.67083020199878
75.60465639630777
74.4043283726195
73.55155155687066
72.68968125109322
75.34899355533595
73.80602606185799
73.657836794446
70.20071008701122
72.3428001277874
70.40999314007612
70.20191132438418
72.38528695656987
70.39348296098598
72.55305119258765
71.56570436523822
74.70822633040234
74.94948169815794
74.58860924507565
79.49816082642928
79.90820750258814
82.50938594032021
86.51581277472073
96.03605063545214
110.56666187568585
113.92949722512401
120.18144464484827
119.40922221015767
123.90348686977117
118.07551178690228
114.22102106163781
106.77730831779894
107.20163059839386
107.26535243631126
112.71186719936405
108.7672124127523
111.93412364938023
111.48491027468278
110.1044383656741
112.95647412171436
110.87043813397898
111.10717846501808
111.78276484603256
112.12910545586962
110.8931683119409
112.6628453008812
114.22379150574946
110.25222391791918
110.90397494898527
109.24147928968156
108.08083452891576
105.58302090810786
106.22970425022335
108.77452695538511
88.9871422427735
116.26217446677731
107.37839028620786
105.13057319016981
102.77852611161433
103.73531161020699
99.52957180931267
101.11602020150181
98.94129864764938
99.97163432357871
97.88735462067271
97.56108771486242
98.10467039067203
91.99472372861783
93.62193792254786
92.37226015570727
89.44731882302756
89.82737736802568
86.2327743311526
86.3514077979392
83.66879640010586
84.50988986971021
81.51242085245428
85.29802128973228
82.61007233599366
84.99986730324258
83.28004553398051
85.51438462692217
83.00160744232596
82.14260304910663
83.07613229123865
81.73034331731674
80.18449249331388
82.09910100789097
82.66563212294136
80.00337606835285
79.66617519325075
78.06736123636517
75.47578781411465
73.8963429457275
71.93611070342422
71.65996371323405
72.1939343998481
69.94706398769108
67.86171904292917
68.68834823794049
68.75941861788311
67.22122959142354
64.34942178985924
64.77168748225006
64.7074998567712
64.26008531947853
64.49353707497511
65.72557981059865
65.52759197000512
65.87901352589807
68.7167548978241
67.32108296072867
66.82305496220664
70.90047718119033
70.30508288199587
71.35902486142368
75.42117534622196
80.40859046309475
82.75075873571228
85.03418141809823
87.99500538530378
91.19820980571983
93.62951018984415
97.18135404008959
101.71173456046256
107.39020045901808
107.49234672010766
105.27929195627314
105.3343942138699
109.64000466435142
108.61731757326658
105.64452934342802
109.19247201533219
107.77102767491101
13.021219491495344
105.73918481761984
106.5859371015438
110.5845690820712
110.63716002372543
108.56765320568104
110.68135884724944
109.58326878291032
109.27456377717175
106.83272340921978
108.3035026404757
107.78235260377497
105.96516826241049
105.48665500690407
105.66589773571505
107.70226149368534
107.98295457311215
105.07704572970579
103.23792903726356
101.59119601080596
99.82943250310834
101.38384668482965
99.58550332465947
96.65611425927484
94.58925943400578
93.98191327918938
92.11576685865789
94.2077128387876
92.54555527702107
91.16373527178007
90.30985149913086
89.73787572205083
88.02702816214637
84.64798640539189
84.46571656155083
86.96962316789586
86.3469436672471
85.7590029038439
86.82146560818661
84.4282898118501
85.34776568162403
83.95686619970127
81.19900525288642
81.71637619117661
81.00097712299583
80.03758579306623
79.86505861481584
79.97204988514841
81.51292429341777
78.17832499251307
76.31759684134568
74.26683757191654
74.05700841661547
74.59714253497737
73.5337679642272
73.71934323364479
72.87487784599125
71.27427244751054
70.69195276095004
70.8229633436016
69.17329453667548
67.31461278838783
65.55095610818506
67.43574218649013
66.13308290606528
64.3203133447673
63.264134926151996
63.56688917919917
63.09699439189609
63.415392068003484
66.57370479937062
66.66022459869626
64.72251048182112
66.58918398198011
66.46187255214195
69.33489284986189
70.54317292553333
69.99330782340587
73.23525368135972
77.51751587226067
81.0837465164035
81.93915925192107
85.10786951123305
89.2702277991068
88.60598969376679
86.02857553045034
91.15279584868051
99.83220916304667
101.38460603278057
102.61507223690545
106.12349937356302
105.91829563361418
107.16008828039116
103.98574453726702
105.12071587071982
107.58741780878043
104.68674217851525
105.23200046345477
104.47400245380345
107.39689530008485
98.76110826820806
97.24308777853675
98.76623282707703
98.07833718404311
101.70661536547021
93.67890659259879
97.1578491814131
99.18811062003246
100.8020079184491
100.99199378380605
100.78917981902345
103.93716714222185
106.13986441481238
104.34917072693636
103.58162489306434
103.60146319326235
95.24806792712073
93.25946348244173
96.44533864826589
95.23841261069838
94.81412570536403
91.60728620059882
91.19811567585077
90.78889515575774
89.16142081932432
83.52747826709926
84.17091547562515
83.67305971006573
82.42782055053635
83.21330274238846
82.30052784421167
82.12690991854879
82.21925189117525
81.01783882975576
80.97366120438676
79.97792925896522
76.53390646427613
76.71460325342588
75.54267489207405
77.02659328304509
74.30301245936533
73.93930314107087
74.83164395347787
73.26349984260224
70.897858829484
70.89035967108845
69.48012401707501
70.23725843811667
68.00708555033935
70.25208759310748
67.17680615113426
67.78235978008144
66.87181312831221
69.57138253648075
68.434409281294
71.8834955226758
69.11681128826251
68.73317091366985
67.23476772966754
66.67069093585076
65.27268681396174
63.765671182676726
64.334050415744
63.58485078512801
63.251608622217475
63.382551184686236
64.2728602225302
63.48697701957897
63.84819136294806
63.84958386029629
63.2507061739704
64.91094065212427
65.33889587544877
65.85665920405381
63.98969855883058
65.41184544282851
65.92187683591061
63.27353806199892
66.52311456816835
68.46218390047544
67.43391038345322
67.9863901867286
66.7918498549405
68.83423714522615
71.0713669913614
71.35793584897942
75.14430217115586
73.10809171618081
73.1656209934049
75.09918576054082
75.10887342105819
76.57731315408725
76.71702370722201
76.131016488147
73.97153474110348
74.15280512671666
75.73999849337508
74.27886531558102
71.72827647061342
71.87161678616997
71.22284653132976
74.49672699845439
76.0527101562217
74.3687242264599
77.17894162588624
75.37763217566248
76.58433686670509
75.85210487073817
75.26114981311508
77.38843573434912
77.1588494512551
77.27658794853699
77.0520068495639
75.08067306117186
76.4147234364741
78.39357079307018
77.64854286563246
75.44676908285726
73.64896314442669
74.34214531522588
76.24072039696875
77.2770265644636
78.15571382357565
75.89887610055428
76.05333094138979
75.22540435765791
75.98057509772207
76.42861889988791
75.4441686105331
74.55337066528415
74.10980553344172
74.5296494673799
71.82692862107297
71.65949187479626
75.50126105982486
72.56872838078186
73.08535239707106
74.33291791561663
73.54751289570021
72.085478717835
73.04599385361519
73.80587957349655
76.84745056670391
76.06896382672153
72.74978446869567
71.77270087910986
68.16318532939255
67.31412932148677
66.72344041932396
67.70168857812983
67.16692412486924
65.84315571765373
64.78859211499855
65.15146021183074
68.6835756503652
63.376581239997925
62.599559497831045
64.65633152235523
61.515020808820104
60.330669672195356
60.92136108519025
62.23021381454345
60.25485472811201
59.87906934888417
59.5196171989531
61.80150232876179
60.834134207072964
61.11817309958434
60.61002090534265
62.40293600134174
59.82873609334655
58.92211105689557
61.31297169583229
62.25506924412349
64.47405567002875
66.26949557216136
67.14796603192434
64.70004377797159
64.30386552974483
62.92571531213923
64.58198467242556
64.04628251552145
63.85061221933904
64.60006881592506
65.6229208369262
68.54720480319486
68.99688514220989
69.21052609164121
71.1597568432876
71.6050594863051
71.35241867620238
70.87763081032097
71.92401975056853
72.48490603181436
72.56564208691759
72.1043942969992
71.33196754978121
72.11842108170299
71.49284386429508
71.66204284549394
72.23128805594257
71.94912208961091
74.08597377444693
74.17491430149357
76.08922090647643
76.11639192934359
76.02879510339
75.59169798657716
76.26615573262342
76.94825592296553
75.09892000104003
75.25968058026302
73.92461164995316
74.20440547447151
73.00974013582686
73.81240442265636
73.77072651270566
73.31884198546685
71.66340718819623
73.87132001430518
72.66138447760557
71.5261771845665
71.73763204737435
73.31388158491052
72.48172541006528
71.84218823379138
73.68848863894362
73.24160900957122
71.4191101603866
71.42165705727342
71.67770371754358
71.12867097206231
71.41152464434407
71.03142541650482
70.43868100479261
69.9582959799128
69.16092351377262
69.67836903029479
69.12764548867638
67.305556557156
64.96104058548866
65.24286773290959
65.77971390145112
62.286181028676
60.90589403834881
61.48988544820182
60.50043344661969
60.159790255259516
60.12601718807338
60.81480600618846
60.39127639741547
59.46671002665391
58.70615609669845
59.68731871042263
58.83830385614101
57.832177508944994
57.0632664116921
57.507942768241875
56.80013162668712
56.85925392263414
56.51967559262436
59.04922002584817
60.3297401447802
61.01058027939169
61.114748067135565
65.17509754012104
67.99672688673377
70.50224275510118
75.77120480791132
78.3748196789269
82.74998354236533
83.93572550652925
85.39847249173187
88.23673388207419
91.67339985784622
94.91434981395247
94.8113953075055
97.60876888123846
97.44256680798489
98.5718823412426
102.84637616601235
101.74690398686994
100.74507056397982
101.09010259998922
98.0173452420455
100.09984201388758
98.96614722555069
95.85413007854537
95.27340197950747
98.1806467755159
97.63304978542257
99.39621777878483
98.17870966625952
101.16955824136869
99.70671679607466
94.6583122522258
95.05727483853336
100.54785434473982
101.08110668922569
98.6659751416696
99.09238212977074
98.4968737530007
101.1806485058614
97.56081281198846
95.33526513856441
93.52029321551716
92.40437472940155
92.22063120857547
89.22556246630717
87.82556090066304
86.3158338284495
88.47460105554889
88.93458805658172
90.83022799683708
87.86797555237574
85.42428163887757
87.27146328138639
86.9460497198537
84.91824813419214
82.7151920691246
84.91049573849622
86.12497160674518
84.88497562696573
82.43731429987436
80.990775192147
80.33180274578284
75.5498272567574
76.83741326319421
75.8321635201446
77.79575698556872
74.27656551354818
76.65768935370318
75.14248949902012
76.30750039183064
74.21528509287022
78.11898310091425
76.20574557659486
76.42117595088094
74.61010055182291
71.09380282736058
70.84796171600837
72.10391594057054
69.78170939431216
72.3310884893096
71.10495822145356
72.13972678622038
70.37169965483145
69.59719007374451
66.32312042263294
66.33468177801265
64.3805427346656
63.656132039082244
64.44222477491651
64.94003064388346
64.42966001595232
64.01501129194253
64.65911467955311
66.88960541812261
68.5327711474414
68.61593039857422
71.20302274608895
76.34640865846382
76.65003662824536
80.63679679019629
83.01123644302497
83.51258971885545
82.55710610018053
90.80736313292425
94.50973644008269
97.16550362095529
99.60640268791896
99.9387598423395
101.65237574685236
102.6177291380699
103.07864516022858
103.59583769097927
68.83620858336035
128.9421915964715
108.17795235901357
104.84519415644067
104.82275634395916
104.15584704935074
101.76362921654668
102.84831054770623
105.36756821160331
105.15839042430991
105.63398353850442
108.64013875858907
110.36604555042716
110.94810822537109
112.45774506591773
110.41536221456386
109.65028654313528
104.522380214048
110.27807673497
109.15698264626724
111.02165325193526
105.7966158289739
110.64612608073797
106.23231926889218
105.20869732096367
105.70530303737758
105.81409430830095
102.39699329995821
102.91821623264003
104.78911993425882
104.08737656638564
100.41046384090527
96.9986072653478
96.17986606729917
95.01725491019805
94.94664585722364
94.37986521491005
92.24366532355063
90.66824473539405
89.38503173586298
87.44745344252803
87.06006639861712
89.17235446552958
89.87248445973736
87.38415624848983
85.54416730937031
88.69447476285269
87.31142752230164
84.63905301200988
84.620519730222
83.26577458996763
82.09100684604141
79.82150430544868
80.43691230805825
79.3672520991787
77.17444037513445
74.43234657513628
75.59527595234943
73.25229016825826
73.6502527369264
72.26092407916484
71.26813551613486
70.82933509116684
71.83658108940608
70.7962053336461
73.38668380922758
70.2666019417992
72.43622708588435
67.39577081032863
62.42554350710026
62.83373224134323
60.63408777177296
63.087372276392884
66.5493773190985
66.00577790099129
64.40301070377947
66.10081157649985
67.80510991608662
67.09458626424808
67.80036282793202
69.87965520426366
71.38456223011036
72.5173190507831
77.91022827600705
75.78489540933526
80.83069550879313
82.2167204034576
85.02983914786387
90.22562797101261
91.01378442951881
95.18339592851845
103.66161529095386
105.06288689681425
105.9136435578152
103.81237294337666
110.26808423738476
105.27761072825706
108.1630841086126
110.49228438584083
115.71944952418066
111.67511713242247
115.93296673873918
114.79003665024801
110.74616429516493
112.21518925959812
110.62351513821204
112.14301634568181
119.97555484876538
121.94302054001965
120.37772645525436
121.18383976668585
111.35545256204614
109.2357213542758
105.8302603281866
105.59518036243563
107.93246935870408
107.83727312345864
106.41042303651916
103.47001525068472
104.48629363282642
104.4199998040745
105.42411995810018
102.6193096359084
101.94052402908453
101.99224797864841
98.7610500221869
94.88056222261238
97.57189682882675
98.43640119696963
100.96125509301137
99.92423186310435
97.02433903685984
96.42471531553741
96.29869460204253
94.70503404592057
93.63515988309285
92.18748126473815
92.9378863343053
92.6118270520422
94.42194357154133
94.0838440470616
94.67521784057897
91.33476777223113
90.73275335242374
91.29271548793895
91.60463987056386
88.20992645679462
84.64857487343517
83.20435525865162
83.92110312148098
84.48546224069543
81.56335926125286
80.94428417022328
83.40106474699915
81.27731290998764
78.4964757668638
80.63799131794882
79.4046774933048
76.43926203745013
75.90985738270575
75.60805944566874
77.50288484388955
78.69889624046539
76.21359243915772
75.77115410898857
75.94062881215262
77.90712390858988
75.72233995148967
74.86206680131369
73.63951159365357
77.60950623203831
76.15201383115479
76.92619382743783
76.10481412128439
77.69629772813633
78.7231090584596
77.6177368879965
80.37342782671388
82.11852231397327
84.43255203930902
89.19879143831236
87.2313252265015
93.69400463434116
94.9733477536499
99.41323840874091
102.40799120578816
106.8870982865954
106.93141974950154
109.61681059862741
110.02796322649498
112.63685467954777
112.99252145953997
111.46337473322842
120.11410630765049
122.2334897393095
119.05709781993347
120.30623898524222
113.28999716512806
111.4788151848914
111.97658317474884
109.06453728333247
104.66035180433647
110.77600076813829
117.45999466057106
122.16429689005524
116.97696776890132
111.5540827548415
114.63827362396918
105.22534825720734
27.571942017585457
143.7939646836227
115.81272107095933
115.13240337970205
109.54211941981703
106.86577857357342
106.18348660298419
111.13437692627845
109.00554263519477
107.07082467287384
104.97914260059576
97.69087007200591
98.03619506566913
94.11752967981302
93.91858911122438
93.03581397993793
92.64059901979824
90.57175969784132
88.95126695436102
88.85590307722595
87.87410348044449
86.86049442668353
84.67640845495217
84.4039647377624
84.04034325038704
84.09263003431928
89.30576164827917
85.46029064701636
88.39019797855985
85.73358846798888
83.18465555774576
85.50144725804378
84.50928696015671
83.50091500861369
82.84615903956293
79.74711851192397
79.38051090179765
80.5004831248516
77.59552343974552
76.56060033240587
74.9829423477498
73.06864944213063
73.37094991371653
74.02557085193516
74.49752705418231
76.84584699939633
73.16449787968736
71.33842460345109
72.34687917533982
70.23655425096506
68.28646995696111
66.9766347109231
68.519442872868
67.17013078181367
66.7153876209718
66.08959348911077
67.51571265855206
68.63945176882306
67.39890578681471
69.60808675375917
69.83112906112056
68.38494269510066
69.71188274837482
67.15685576073378
71.93149858826423
70.1200583276166
70.14774533200276
71.9274220242487
74.44759784424961
76.33716502088595
80.47012819635142
78.76995733065075
81.57525592511575
86.19260711698877
89.36666949723804
91.05337683266622
95.32742340680903
98.62413690260229
98.69819890772806
100.2858610778901
100.5623169026855
102.21582882743917
101.96770853379707
100.58534881947043
101.45464987777295
100.86624001195007
103.06420989749063
99.88337592611583
94.61902651591464
92.98189121679307
90.86890396294075
92.05590654050684
92.94574533015714
94.16483014186134
94.59961584574648
91.76050835059891
93.79376884536168
92.87049384295415
93.89899819871965
94.37396627921578
92.96516436268843
91.50634721561846
91.8401073914678
92.79425011590607
91.64566375611152
93.2173802035271
90.42045158221669
94.60666549367909
94.14496869719204
25.763807846812284
120.56251775781138
124.08635649804427
97.7972722316212
92.4586656270053
94.57799098607475
89.37690229315103
86.75018912208323
85.54776364328086
84.35826207635178
82.89640573852338
82.5400681576725
82.60277486391324
84.7150510236518
80.88200442221313
73.47924131145541
76.41450136855201
79.52609772419028
80.62597089334932
80.65369396550825
77.14286907050086
76.69705034761
76.05056930524188
75.68335354796415
73.66976596561041
74.69130297899504
73.99807532455796
73.84900840012071
72.34086920945916
72.30356800279574
69.76269014134729
70.29158426966517
69.63465015878234
67.6047135012578
67.69773946401077
70.5424842401852
66.90674459759587
67.60386506940635
67.90974038235451
66.62752237429163
66.51281366484939
65.2044095363337
63.155533697936804
63.59146853224043
64.27764291105447
62.72076349033471
62.46170845009303
63.511843032719895
62.71314064286557
64.06795123352316
63.05478944203759
62.817846020739566
63.62038614422062
62.59056095813494
63.12875223254288
64.89818848985351
63.67821045487123
64.12139586235192
65.5174212916184
65.1974792850876
67.97430014540981
69.77830231967789
69.47178828966076
71.69983786783665
71.70778867287328
73.26912547909549
74.54908900542696
77.82883041556389
76.12927662951856
74.04995185330158
74.62679062395108
74.22475291397656
76.07537696922736
75.65499686435882
78.0832336421055
78.64403462916742
77.13240455796138
75.28457166318039
75.98153288825333
74.78743049171041
75.65106933676226
76.14264051215933
75.38510604200755
74.01927237596124
76.09467834154947
74.29483204810724
74.87330253973599
79.09147324524099
75.00669312881013
76.9568289479721
77.54805899419017
73.87476602591641
75.91844953074681
76.65387681454894
79.76216314048277
78.24068475334843
75.88375345471025
75.12245799844925
75.4173734647886
75.93804291159026
76.09785909378894
75.71901933315765
75.02981917647271
74.00027810526696
73.85356546960995
72.81213378430111
72.9129960467769
72.84984566974295
70.89565060315194
70.8044193924662
69.89858060536952
69.59925396307466
71.45524298723488
72.37373593487199
69.2094863482503
71.17130233163181
73.02168506431669
70.68655114087855
69.47911886882571
71.33416980650779
70.08232459781514
68.59841201580912
67.47825735781703
68.55017721126404
67.82825139706182
67.59627930060323
65.88706151290755
66.52969206590879
64.80248412436327
63.83248662181387
62.61080992140737
63.68115516310928
63.53359255178833
63.58479253468434
61.95908955094272
62.01967695097403
60.145999513803815
58.939400778856395
59.247942651882965
59.681984500113515
59.003010724982545
58.453191583517366
58.7320658558491
59.548790567447384
59.02913885212183
59.46472485128362
57.89594842421377
58.791232921055354
58.39746120060613
61.53919746891853
60.425730605093406
62.52592552788943
64.49966082043426
64.71985949097422
65.43447604026439
59.84926710846554
58.95733595781314
59.212345716676644
57.67033503802236
59.328920004085376
60.08739425703739
61.1901721522465
60.968697903770625
62.56476172302962
65.29965053159981
63.594178175649716
63.14226223648004
64.16484533379759
63.47583081331723
65.51006453726065
65.46628583757499
65.54845553490576
65.14377834786944
65.2101345640998
65.35978179865296
66.1261524208583
67.21149223054843
67.83505001318562
67.26002323156831
68.63635604895813
68.36387285103655
68.27502570901379
67.10600285308601
66.95988755553196
64.89223381377863
66.26063340140563
68.49113237083729
68.44729614205045
68.52087464594342
68.10214784698803
66.24403464661276
67.25203865516485
66.13772036041934
66.75720973110961
67.63421456394636
69.16105882149043
68.97403914585321
67.81066859891742
65.97575737480906
64.97466711839907
66.17608943811757
66.63468688374176
68.2148999145269
68.2831258855752
65.85274468310604
65.6889277851854
66.33665359218759
66.8395901742399
66.58411056314549
67.2053276691936
66.25225384625872
66.85089737934584
65.24765387672278
64.54698058294468
64.0107395380929
64.36424596790215
62.08103051226436
62.69885592163695
61.905975741684586
61.810593187027195
60.808097940766
60.896677654663904
59.63814627526068
59.18012141908616
56.888295622312
57.26521873024018
56.6587384500252
57.555676475945916
56.59484606837867
54.771376160655166
55.068975125269674
55.596314569238416
55.03119279393826
53.107954810600404
52.84016414909604
53.93679152287399
54.140528751398335
54.21522814245827
54.00479269766333
56.31636276944272
56.716937796319144
58.39554411694053
59.4379583801105
62.205803064419854
64.80616238187298
68.27667987587415
71.54178461337563
73.75759996176942
78.30236498117904
81.85627862968909
84.49963509692901
87.50420368437511
96.15077843598735
99.15868180703121
102.7555577331994
106.55215299249816
107.65450921599961
108.66276787342845
109.53354350398455
108.61636932891409
108.69738260357683
42.07612087455902
138.98163820370442
9.972097296091079
286.5661450610438
251.83853180923342
289.46975001365956
72.4016833662011
162.09889633510693
144.97035674076903
142.97858164810987
143.9239556570584
149.06606784912861
148.05196312135206
95.29930116993758
175.46649122313062
116.03847597993033
115.06471216518916
88.9275926627278
53.893553093352416
148.96409908359746
116.0479826069723
117.97441518586304
112.87531848361326
106.0048775754199
106.38223296419903
104.42507609897847
107.29948307704424
105.44521130052055
102.5345684446753
102.30473865021584
99.21405647376518
99.1551827883494
97.60046996158604
96.96985651642757
96.32870810064685
94.45612682780308
95.39130781239169
92.7658564111282
92.44874650436032
92.70954801985101
91.64105345826164
89.83666169552379
83.56606719181138
81.23816594919904
80.45711885679691
79.06479712622905
80.24751160493253
78.71249370332612
78.68048016384648
78.37629928899855
79.20464044368356
77.51577195804134
80.00710474496685
77.3045299722504
77.08438218372186
74.03752429426656
73.79268425606674
73.23414437421314
72.33394710754764
70.48202404774436
70.44188403364325
68.26064529113226
69.43768564859911
68.99801157964502
69.54807035809203
69.72125530172724
69.37065476184482
66.45085200617542
66.91409521842414
68.5358402274405
69.5905199436658
67.31720864978502
67.34173086042546
66.5441596619856
67.99363639988707
69.00504085504357
69.25686336061672
71.83342565676173
73.71677617930067
75.63471489382425
77.50263892859004
80.5014319408757
84.59162040367517
92.71505629598016
102.08963707171131
102.5707127696482
106.50150515045425
109.44038003956393
112.37735683953701
114.74985446649546
112.64276709495661
113.3960863345706
113.38960675837495
110.8893710912078
111.92665240921693
112.46848534719228
112.4703305080545
112.50912601121556
111.42441896915784
111.39147253657333
109.9256093366728
113.15190774552644
117.84263345485283
120.51205689842502
112.99698493592406
114.03969241406841
114.5198186076894
116.25522812509573
116.14866133620667
113.52608998040877
116.13706557707634
116.35478972577923
109.73299278915644
108.99714453442247
108.59005888865516
108.61080858551674
30.396504429365535
29.52962341390048
9.704177079125373
71.55335912672109
76.23505056630476
75.83666119286328
78.314543055647
81.59254766124894
83.19923150719944
82.87371739620122
84.38048367905476
84.20845239021776
83.38939129776269
85.42707659038697
85.38521869893219
83.11379856425276
86.40404642071331
83.67808610261227
84.12160408574563
85.52854847399904
87.62647914220335
87.1547256756978
85.36807677708134
85.23315014937211
87.21237856484994
84.54375447575325
85.70116315887779
87.90981889141831
89.98473523682665
89.54327726661646
89.49519511633291
86.66111859684989
86.25740862667374
86.54994421546405
84.80798079159447
80.72084660794843
83.59885214106924
83.81024522752841
80.23097959930112
83.47701699444048
81.40179459034528
84.13882774980902
80.00974821080649
81.77023448476939
85.23734688200646
84.54023343881235
84.25837252083123
84.19936313892427
84.2173898268366
82.99361364851313
85.19939821254651
83.59033470938812
85.00428253702763
82.59197463449235
82.27772720765502
79.76245745115271
78.50392555120953
76.9742147525971
79.29772396547756
79.2523234742207
80.07790965413574
80.68310166072563
76.91420914519155
74.23735903349836
77.59592704508847
72.91322809851286
77.19472341008805
72.79746893757255
73.07821559551888
72.87646579251924
74.09422081933533
70.82048977324291
76.68424150392454
68.47572964247877
73.98969854151267
70.49605320761259
73.87653796075918
75.44825438366158
77.78088402303293
61.11030757404103
75.42517798049347
65.79664808830348
70.17611695580528
80.90304343833934
77.45214888031663
87.48563986387549
88.42327965631414
94.64715740905267
97.24593012001827
96.2991680980201
99.68019426572552
101.3352076838147
102.26193173154388
105.068128082714
105.25985546463265
108.55657299124034
110.17760358721966
111.85214742340862
113.84444657413225
112.90557178321976
113.73216619002318
111.65789352314525
111.54746107724132
110.59214738407057
111.39434151345894
110.94907481865492
112.17914017057404
112.39860067326336
111.05157092576674
110.46300007876411
111.45188871542398
109.32388505129076
108.97037891023328
110.43934217624034
110.17464871662347
109.31559380464196
110.72725236772003
108.82269159399272
106.65744647746085
107.36505482476227
104.81390384201794
105.14580736989113
103.09241892572246
104.14335703263578
104.52077211263502
102.64307992652886
102.01020046092668
101.71487077811017
95.90802873495849
98.84004908469026
100.22350353054371
99.10481923841911
96.5064363522623
95.64816515179291
95.06455101366268
94.49342207205007
93.92823607815993
94.64558594740525
93.64953525942467
94.13880674949323
92.7931984826849
91.73528521495868
90.99598398092034
93.35149534663796
93.56634786902491
95.57939434724051
94.26406411787713
97.40370715179466
93.4664425508852
88.4569962814671
86.71331789166365
84.443535027791
82.51179420953943
82.66182037002392
84.54509450807468
83.67933230026023
83.6009498203485
82.83612597346601
83.41220639937363
82.80742143146222
82.548826259675
84.59167403410511
86.03540448608527
84.55784567823926
83.0291498774499
78.6836432717157
74.31931237948157
70.97677370357309
70.0730879790184
72.42205634297346
72.29146294238791
72.96479115163609
71.5041651250396
72.45836564553167
72.94267130019261
64.200875975571
71.06182681843609
79.91931670445277
80.32789925611718
86.16739519890484
87.80981383270391
92.78211381777948
95.59843011502451
101.2798228783692
103.84912381598468
104.08488591835597
104.46456100974842
106.57227744332428
111.15400161596791
113.15321343818303
112.37935610504512
112.98724072837246
112.69134311904268
114.91253742785518
116.94470991774548
116.5764940412066
116.72020311280936
114.67666905186707
126.40198787914083
113.42100494910609
114.49116755029164
110.98108032866229
113.29084841108704
112.93734675395218
115.93056618590619
114.73568846789257
114.90305041112512
115.16637698083846
113.88489364204204
114.39130160912852
112.41752977780862
113.63218337956452
111.50741214426559
109.26484397907231
111.1731347472219
111.92394173332414
109.61400872317094
109.81946163601997
109.51529421240096
109.3023910340528
106.02451852050568
105.6948407561489
103.69933792344791
103.75459811586187
103.92868458666253
106.15274793069172
106.54659861004382
103.7482451775576
101.9916035593983
102.88672632800251
103.55381998526127
101.98110815093287
100.05479357542264
101.17533119070418
103.63222970001816
97.60684604640255
95.64590215236758
96.59924449985672
96.21319059091347
95.51591681042626
94.31572969368005
90.7017639075874
81.44659679266323
79.90948971404454
84.00499424092425
75.22477531801604
76.12805988524912
80.7354428942408
77.98370037784548
76.36755943899504
75.35210673332074
71.92173869072019
69.47611488329801
67.45903667859858
70.5323702808762
73.0827528014309
73.06715330037821
72.56187502550529
71.33572379045751
72.92535141209989
73.36312494547768
68.29101430450231
69.49381433792361
65.08734752172876
65.99460238317761
65.59111617715223
67.03153832624008
64.81971159621696
62.34142984779044
64.2988551061566
55.62240643286498
77.11432048431487
78.33940922356274
79.94933921381266
86.05832041453391
86.86340856155988
89.78432552048638
92.9347989150682
99.5459821616148
100.02249904997629
103.91693184415135
103.26545682465603
107.99416017664976
108.15807056916371
107.47175461207817
109.22473314213937
111.47110850314897
113.88798543288968
113.50718124594214
116.03931072621586
115.47384061197843
116.7946804000639
116.84907942124087
117.56410660812644
118.73638558763736
115.04291343893833
115.93279815621992
113.05976811582104
115.7279234952105
115.88487998985778
116.17969810014263
116.73462230555666
116.5518222944741
115.71114410851301
116.08099057618233
114.26776963134326
116.96088724408824
116.10504827527825
117.04843440688047
116.40477693047566
117.81095819471359
115.2021028059298
113.8755245463003
112.6134382789306
113.83768677575343
111.79028793302192
109.45559341971422
107.68971391179863
107.59952980097314
108.54083452961316
106.4096519007641
107.90423095264673
106.4625498172043
104.24622781286193
104.58191549379583
103.49456448318307
103.68250486270246
104.23402580092282
100.7078836886233
101.19218328300504
99.28323220251318
97.78435243236557
96.41115689426579
92.48069416548208
94.25210484330944
97.84681388147963
95.40520146778397
95.40678269476949
96.88206720874746
96.2177501592399
95.63094985421351
94.46562581255762
94.9730252105291
92.74921549488568
92.93553932353166
94.99032494811215
90.83696901675444
87.0114097065083
88.28674629577618
85.75252770765842
82.89126180003238
81.39292903332844
80.97224161075837
84.03403064830445
78.38810551592616
69.70914639742372
78.91496073970222
76.40289701378012
79.07283622296578
79.00969441087193
81.86848094816257
78.32196004519047
75.93498603565179
75.18129967087938
70.63597081231566
67.43624883389185
69.86384610801883
70.47373550656239
77.24525141969774
77.80141550137996
82.49209431226603
86.26756976389782
79.694893976586
85.91299056857758
90.76680919122151
96.61329725829455
99.34815401611424
101.83712347190857
99.1916652939725
103.9942442732546
106.78891187461079
108.55966906667658
110.26242550155914
110.21118805608057
111.7572626873679
114.08346164415144
113.64050519735773
112.44626620998781
110.7788182621822
111.35897277125159
109.22320338890452
106.28615928950786
105.98528317839285
108.46014113849097
112.43886623790428
111.20281490947016
112.39767667118483
114.2114235570073
115.38537580423271
117.76797280379674
116.0004520832407
115.16842255172436
117.27416707684213
115.63646204704571
115.51566984586205
114.54518189129391
113.06206019071826
111.8865982155146
109.45637854146005
111.54489755676514
111.32555129014473
108.06975383314109
103.68874172720369
97.02979770867529
96.49678517892607
95.6684015269646
90.74577607755458
86.71439976928832
88.27046451224824
85.30460548818957
84.58170029647727
84.82133852063485
83.96052542184569
82.28732713943504
82.19970862953454
81.45213758309808
83.40785701873682
86.57222458658953
86.54503395089205
85.29445613923515
82.95233113700368
80.8476310013919
81.02252020421653
81.27767009171657
82.40917566014048
81.47478374772282
93.9744706419759
91.86716118476286
87.3498705201846
82.91554095825364
72.01580922468713
71.5220328071111
71.35034428410938
70.23382900636989
68.93569002359338
69.00824168292141
68.40532883984278
66.56647014673186
69.57321525283825
66.59771816831638
66.12591900121795
64.46519005251821
64.71427986177099
64.95046810797488
63.457964739685956
62.57999297694803
61.802549885762936
61.688721858497445
63.964627904263914
63.15074128729766
62.449808696990054
63.24735581118402
65.25408823255255
80.26783356341575
87.2821489184563
82.84298614596153
84.92759847042703
85.74733302457577
77.38527299088273
78.7925991793199
86.11617892490335
93.51685810850711
91.54168366179957
91.01500251755186
92.20248318385268
95.66720357647898
99.54306957721555
108.09217897636186
108.23148000975478
110.48576218221817
112.27535051710439
111.03932873539823
113.15621033448338
112.58201943060118
112.44611375923341
110.61893204456231
111.58117765706376
111.35286855533093
111.80307561342535
113.38854286474287
112.18662061387018
109.57853548527811
108.66274403580186
113.51913365421139
111.33575691517355
110.1510991848694
112.29141220373302
114.26687037318348
111.27488541660051
114.79664727655799
109.76084235417636
111.27363357231238
110.52215785568694
105.36420601127793
100.19425969162188
98.39085378500769
95.41535789701884
95.95099406578358
105.42279536845992
106.60297946040049
103.42503894631602
97.02077969255292
103.00606542069494
102.600932072907
102.8773315677999
99.51265851085776
97.59232730653603
101.50627012307982
100.01417106852068
98.52890851458415
99.38257145176401
100.84231085951615
103.0349093582014
100.51091726762527
100.47106109099798
96.31315545370575
94.91228779179966
97.46503959270291
94.99611608947367
96.64537992189753
94.4460665503361
91.00036678058922
83.76946927431663
92.84537460708077
89.66843732713211
89.48830958894166
90.71376232398373
83.14453911430789
84.80042568732657
83.74261606925006
87.34990480918691
87.04949273730367
82.23004666975177
81.81970284300783
85.4348111328215
81.94307276327588
82.22612425336453
79.98888884616755
84.29652264717134
83.5684012917521
85.13415207034882
78.48201831667753
76.08349688476275
81.39536903797422
80.46939976100452
76.97084437612664
74.38989976406637
77.07469630171992
76.66390885763732
72.13682980666184
70.35234063773692
72.17119447923842
72.02579942048101
71.7321748511146
70.34261245487363
74.49707112623787
79.93200900093883
75.74610264455252
82.4204289995332
79.79738624856873
75.556228448448
74.7405111114251
76.63348548689088
75.32330710136772
74.63530237927466
75.78298952977475
79.86618152074566
80.90650153555418
80.66597199270939
82.56018885432125
83.09201369718862
83.08825152458718
82.20972629476249
79.93265926796407
84.81565665558347
77.95731376364316
88.81426507129746
88.84848190127968
86.08557758587882
82.45259037092694
82.83362419666969
78.5842026852196
89.47561074180136
89.14294989603863
90.0404294577323
87.00168671035823
89.31966577890461
88.89910875966065
89.35996303732082
84.22381700363991
89.39907417535198
89.45411470306061
88.34453733541648
88.73401876325454
90.5696090084326
89.93084999331884
90.00530754985584
88.61612753174602
87.32591785810538
88.94973948521125
88.80646496613392
87.54635175969466
88.56099872450686
87.44269809593558
88.06654994631889
87.82893513912
86.16927851483766
84.66725987293368
82.33620972418083
86.86963649426411
83.8674609236698
82.5059750671756
85.45456488679429
85.3977582956158
85.61868257126054
84.54352393374378
83.87551477405748
82.75724742318096
85.19249521226516
80.04096370945788
78.5281635091626
75.04614861757959
76.97991677478879
78.93091817573804
76.83687827453166
75.92029894659021
76.78912281301086
76.14568128480965
76.14353178008045
80.47240418657985
77.07943969484123
75.93802081615824
80.34381570252512
81.24236105113671
77.84417516432487
77.26035448044338
78.19186143411775
72.57132010605963
74.49331748303717
76.85116265913545
69.51575449756308
64.9194337218274
70.58642568278401
67.33389933118445
75.01997711980616
71.162852574142
66.70619558220005
66.73376933861118
74.02769918050258
72.4936109564325
64.47161348181487
69.02516555328668
70.00286084748723
70.54108405528041
77.02718597611403
72.77147450152523
74.20248306588256
78.65623160265388
79.56300933166659
79.55872769007239
80.73485332815086
80.80027358568256
81.64931306337792
82.26320208174162
84.12923642785628
83.24424087291129
84.08693949975952
83.78123901939645
80.38379485226966
81.1035963076169
76.07153434038389
83.51658045672997
79.180675839215
80.76589463197831
83.89873736280896
81.47557547117282
85.25901717094325
80.9171647039642
71.50838940483334
73.57690077989034
75.47470809999184
75.90769484103839
76.7450452847574
75.18714839887264
82.80038308479557
84.06000848449052
83.17817418814701
80.28798407485561
84.97528904254409
80.59371735176006
73.5426163583154
74.32336827782126
76.83023605324446
76.44269459052526
73.79751110224078
77.13253208867937
76.24553730921684
71.72807084305589
74.42841761507458
80.28279865594737
82.1924962015598
86.62807774172101
86.45720980383378
82.06199273360829
85.83310690075704
85.30829736794006
85.77273418734208
85.53827191141454
79.92389080384145
78.51049610193151
86.49322573824696
87.38923276000574
84.93537024033172
85.09291413275557
83.2396989547419
82.85040010462859
83.98940758961325
84.35419958124616
85.01290833366411
85.57581351705313
84.79527066309686
81.59907775025312
81.481678935789
80.97920079565391
80.5934061342852
80.63550109435997
79.15289823658264
78.22441659215824
77.46278722412065
76.28741116227691
75.73485146922508
73.1440769683015
76.23493714160296
74.25475366293944
73.80235061414709
75.5824389539051
76.66374235224448
74.72415278449918
74.15607906751461
71.97381301813337
75.87751917862086
69.45000004723761
71.11385940379057
77.1992188232737
83.25844937770536
84.25317973847662
82.10313707883344
84.20677679689454
91.4843998056916
95.1263173051375
97.10831240988732
99.64687273541712
103.91413634705029
104.72573051187274
106.18529592355684
107.13788930561114
110.33886195431513
112.11588163470691
114.74388340903033
112.53099239915048
111.72482140840009
113.18352266213635
113.49502004686914
111.4436470167268
114.35613567946251
112.92700882016936
115.24574935290288
113.22896768982979
101.86503032965308
103.66475865519394
104.18516739441658
110.23596616539386
109.8422330320973
107.79814445698919
106.65882002219853
109.89494541602106
110.82705797402639
112.14165762197112
109.3121607864758
110.03908186535807
102.5806310612891
98.14337018754905
97.53813387112979
96.46187030041476
98.00705816860025
95.24260649219224
91.66881128313057
94.29375540208125
92.23613502988391
94.70551838461108
101.69458252633402
98.11023555655497
105.75671900791257
104.46873731130727
105.107752908579
105.3073633365396
101.24254390272404
99.87530556303867
97.92485963832112
97.49291103536682
96.46984977096504
96.32005676674856
97.26292144813337
96.34615649839242
94.33118938539523
96.71239224191326
96.55481457312415
97.21375287922925
96.26058008573617
96.60835258602928
93.16658403359274
92.56540022205468
92.49070351407865
89.41529230363619
89.62190179498305
85.89094598278888
89.22646287853539
86.57413506127499
84.28886953364896
84.75232162336742
84.8080350947988
84.05414363619525
83.5259232350138
81.64412947338275
82.9505101244022
82.59062447175627
82.48763954462144
81.32846084827224
82.36849981358392
82.6533309889262
81.92995198303879
80.36090203498276
83.14434974287973
82.85127070433217
81.88838048067814
80.53321861481139
69.82907012170585
79.5505250441241
81.2192900626194
83.56524567361353
86.8816687171569
85.87414210132218
88.30344462090552
85.60814524488312
90.96535844531427
93.45160207738147
94.79666796675151
97.0213588847868
94.08688847950839
100.4642402085492
105.82850667009942
107.7449321300304
113.34968435696854
110.69787621762542
113.12842719843916
109.20415603518191
109.67599078191824
108.87535888110061
107.56313982134407
109.06722072840746
109.25971027135
111.26019912550463
114.41101978572769
114.99585831823138
116.34773016129462
115.52675115433883
114.14833692513871
115.98620554111089
116.03249614346215
119.97059622602532
117.45484795265601
116.93645453794021
118.20871559072934
116.58177347627284
113.32171423025294
111.29237053678264
111.88763761280582
111.0693781329869
102.81304018612694
102.60495112644904
107.31567507880297
101.23916516233382
99.21796315324328
99.34855733681817
101.25735953047989
97.6789980125028
96.84543167296628
99.98645732001214
100.40163542306092
99.05150466547009
96.37554842378373
95.37893455939489
96.58643269304704
95.56509048143893
95.09944262873003
96.23622515801372
96.12535185024288
93.29039393147993
91.39653915080176
91.69722306729221
90.84019436935134
90.40997110245746
88.82814705666621
88.52834773737035
89.78761497215172
87.11311676533032
87.79544899462078
85.60012032929623
83.26587202310579
83.2328118756983
82.59234499594521
80.16168361797511
82.3956310648249
80.11005374051526
78.39040181862809
77.74205165401449
78.3784913462524
75.93826861330038
76.25162176825486
77.18219687810847
78.00134646138042
75.68091554815202
75.7352793201663
73.65735775887086
74.31877576319484
67.22084095857461
65.79066349821494
72.68656096449423
73.83803516681951
73.51974556713216
66.0057297105053
61.95630829821806
63.48939333897687
71.59226471240599
73.32315038689819
73.01684127846708
77.21284200402168
79.96487307969512
79.136206307582
81.79313222992836
90.87929721484805
95.32557772315162
96.81137294249064
96.92882587026462
97.17757275235863
101.30363771697026
100.65226561349539
101.21344670896988
106.10439841141822
107.64664243232275
109.51471644419088
110.08441364272987
108.37115773194371
110.1057484688958
115.62009453953921
114.79407683760496
117.73137844241558
120.11839427442715
121.59220524086749
122.62118297852886
119.33896404544825
120.91181648775068
119.30083316205948
120.03243262712591
116.7336333621244
118.58679435534448
120.21715338526519
118.41964292037679
112.71557475621759
115.1922892429119
120.45698717483631
116.75237074344274
117.21491122309814
115.48698681976558
113.96100283617838
112.64236327734316
111.83177000445855
109.12697125802892
108.60019021049825
107.1206133534203
103.96050773378701
102.73530228130637
103.78043478053257
104.3434536366051
102.56150092345372
103.84027625597342
102.6452965295125
100.47102364781466
99.81704747343578
99.95050241804944
98.55049634317163
97.91543318073477
98.07872723887078
98.45383503713194
97.19973731247234
97.94816462062128
100.00894787770598
97.56128504054449
96.01706338232452
94.88968523154882
96.01629176491895
95.65269709088946
92.91197147572915
90.39885258662112
90.30270521927116
91.25801231325498
92.19481858243172
90.36350288779686
91.07637865107972
87.89638654569366
87.66970270360899
86.42907480627746
85.3501762124563
85.47170142989762
86.27243301748044
85.4880943362916
85.40787967294969
84.1999618413465
83.39809491789585
81.66984255901302
81.85566825343061
81.20503590244883
81.50292328515046
81.3737993954068
84.72141255758524
78.36233785120355
80.91649098037894
75.72639939031959
80.0624803711396
81.55345079199967
84.81701125981952
86.3664876391334
81.71396993379922
81.97205747538479
86.79984644124335
89.99917020010966
91.0237698920391
94.6368605370162
96.96358506037349
99.7854610386817
101.81730255001732
105.74004056586175
107.9444585205522
109.20402317854149
110.87923262050946
113.23089934630565
114.20039574892975
114.97378002364235
113.10449240318782
114.74239047503195
113.06078849059317
114.05860604280025
117.91477925068402
107.42810870953875
109.00492415697585
112.75999032017853
115.21533432479174
112.37789631671954
113.05108187190976
109.34074484430252
108.75155817494239
110.2931977287647
112.19357746789879
109.53771336958262
109.97547575417187
108.29313949281617
107.46924995141265
108.4848799949168
109.49773008931808
108.60126508278604
110.52028977329783
109.44106640293808
108.34234042309673
102.55386249785053
105.56362708504975
101.71765248691051
99.01213812644328
96.89780406888313
99.66809875034265
92.17590667763525
94.23930121239218
97.80036864125094
97.02519506665232
97.16055131734979
99.15153541458312
99.32124103405346
99.41247992177652
98.21995791410961
97.27789104084209
99.49214539111635
96.09953289430125
94.2771531406701
92.4396432415809
93.4323137300858
92.56248264345857
93.18455922266325
93.39222253939865
87.06322802893402
90.94067113456917
90.90366848177345
87.02529363004581
84.02720344356626
80.71161000868915
85.58145939658544
85.2758248802811
82.15612955757734
82.49478359653278
82.83751704164757
81.92445246548863
80.73384724053638
82.81315041114098
81.81152692445524
82.67710821056704
81.30526208606634
80.83969756545925
79.84620030467295
79.74208137187573
79.92733137316259
80.80447083454297
81.05128978865329
81.74482243098898
80.2167413204819
80.48154953641398
80.5835488643324
81.39783490488865
82.51576818614964
84.20040706181874
83.00826212279617
85.76067835857631
87.78406363487075
90.83444807332242
92.0588287147934
92.38238474510366
95.1431733616374
98.97711756515159
100.81134522842373
102.63571992477777
103.76666012199532
106.96739666898885
107.66258667903841
107.97285165892906
106.24323634079094
106.32265649588399
107.20100859208313
110.99040894427907
111.41359857287416
109.38296251995351
109.7201969963159
110.53315591986922
110.22329932549951
113.4545758460779
109.80598520325042
108.31737294610286
107.7206018870991
108.69133247360675
111.11239382860984
108.56235310482275
107.22449992190238
107.71288548825919
107.68509973259016
101.7889564587704
103.72128878839621
111.48295032602086
104.44620612305523
106.26784621960472
104.35082436122914
101.5393750545614
101.58261766256835
101.6840633006363
100.52667658479982
99.2816690953018
97.48167015270113
97.0387181613019
97.97835600669977
98.42345490673947
96.96905131985122
97.57779216109051
97.90766876716305
96.605014557683
97.05158803274874
97.9150518131713
96.18089497729036
97.6221112553853
95.19012406543285
92.91362021437288
92.99132429608333
92.76776951882363
92.79191482745848
92.14371599532171
92.36045136448855
92.40415989270838
91.0767646046425
91.62757334462268
91.00630905532273
91.30143763427397
88.56566774505525
88.36422301230357
89.8416749281229
88.9185958891692
85.53380221112153
86.47024044046935
90.50448469551456
86.1851605327968
84.39000690727562
84.9140201310968
84.83179502661997
83.06107049272612
82.14511720586077
83.40332896837646
82.43250015532325
82.95907998863319
81.73727871736392
83.77277626031096
82.09462286876747
82.27564920937627
81.61797030411486
72.5768752161519
80.73651281266184
80.84197701913507
79.69078401111412
81.490548663043
79.62339683898276
79.18567272464557
79.61721480784442
79.6715197835496
77.8379919267396
77.43037437105644
79.1285963433638
78.80209289228719
78.73258410776018
78.50468022023408
78.77213204721802
78.87481050045088
78.60062119854359
80.32482316567331
82.67798564175469
83.64220871022006
82.53016820603206
81.73605436956154
63.51387199606765
69.3652112115713
75.49960878476841
75.4596510613083
81.03386883165601
76.5456897416093
85.19339563135061
86.88115401782105
87.36003593548105
85.37272528541425
85.90067783039379
85.92335468731638
86.09016163860686
86.66516767620479
87.08336565251166
86.78656815863266
85.28174827292581
86.76660847822198
87.4819199328233
86.62975142841042
86.75279226525615
88.40458827887353
87.40362572929564
85.7941387218843
86.58017964323037
86.97610430496465
85.92650921913679
82.68001890772622
84.88072005805337
85.50603479948327
85.1917946639322
85.82892916265928
86.12039921791167
86.14923781438077
86.0282970945007
85.68116060631559
84.60582253517208
84.02799332465864
84.36421765191795
84.6797610807338
84.86536098284813
85.87548840761137
85.57037761281785
84.68447806779321
85.25519986441891
83.67509253841135
81.97526987179192
82.54886744197896
83.135582350705
83.7514501570709
84.29606773845926
83.42769794787054
81.68711797453402
81.22752726051792
79.94229613580939
80.08523541269408
81.57781524570754
81.9703628945437
78.19326945750728
77.33428482101282
78.90094786455253
79.21255100920666
78.35885272852514
79.29352828505355
79.10712013168694
77.56020926645576
78.3087777550208
77.02094492539446
76.20310572912408
77.68618307511379
75.26377891089695
75.11484762307565
76.7088915165994
76.76147939677244
76.1534712278797
75.51091315361212
75.85734965799332
76.29606469815933
75.74806168340385
74.75393337473163
75.47662782647475
74.91349211749203
74.07458315980595
75.43751103445639
75.07358421234281
74.48043429759966
75.09246236000601
77.0602525940432
77.3688120726741
74.6326747863472
71.01476428356577
77.04945993313979
79.03355031049124
79.23324547799861
77.69527109262832
73.31218796745436
78.89350126224953
79.86470972645323
80.86970596409517
81.6853247253651
81.82972256288275
83.19512816992943
82.16286759282775
85.01316192006355
84.50484643410944
83.30042541669869
83.21918555649624
85.24050745664857
82.86703328471985
82.24206988933506
82.98387361726115
83.86764941054416
81.21677379355732
81.66323280157852
82.22282738250286
81.97374112914173
83.5215270055361
83.02634385471009
81.12003194833149
83.72817995941212
83.06888033510704
84.13362533964212
83.62416208928039
86.4265249363477
84.65662098660903
85.60681361526525
87.33346788377688
89.07538174167155
91.50635341862166
89.81058724338581
87.75421109461844
83.2962999182071
82.8325787663886
82.91445325990891
82.34587707615952
84.3462361070039
84.19406878996418
82.21887472477425
82.51126708478908
82.81757811699826
83.00369852254656
83.0546719795723
82.00073218414215
83.24336780871874
83.43855355934512
83.07921266798024
80.15173360658125
79.51415104936956
79.31440499456235
78.79158080760129
76.47616852160739
77.70367464798653
77.85080226713913
78.27675559492553
77.8624023006941
79.24565751237313
76.68088223844659
76.63660551317325
75.57180122813378
76.03531257896286
75.46402260754734
76.30784466693281
76.52245926690296
75.63380612529265
75.32267989604631
77.24436722684987
75.6765780912516
76.05956902455709
73.85162283284495
74.71667565262707
74.07372591445338
73.96381211365272
73.9248544346216
73.60711841392374
73.56357911227519
76.3649552375561
78.47530009115219
78.47996969887531
80.76223604688857
81.69719924572985
87.71140772179048
90.71423537787362
93.09873369065724
97.04359260352669
94.8780300544998
98.0318742130619
98.71408633026485
104.11393055518047
106.1784809423068
107.82870876141055
109.44736857616309
105.89571874467667
111.4265014332371
108.84803153828562
109.19839071570742
110.43844909082941
113.70001342985157
111.0961113669756
111.58899630467528
108.80787027537409
103.98073112982237
104.4060745799282
107.2512835052495
108.17262682507652
110.98946976261686
111.47707680688795
109.53360911056296
110.2984587391103
113.43049523463661
113.82815892951949
110.75067353760713
112.70940631842588
109.91027545339048
108.46157706721519
107.75006013758714
107.4497211693743
105.2624003816995
103.62176254051471
101.58599816028223
102.55077658165828
101.69704245508959
106.38369516417322
105.9132895725874
104.16697512804987
102.32631726273726
103.1127866054077
101.53955063954365
99.1098379823017
100.15822485526937
98.25683092309272
98.93507712168294
97.77660216398918
96.5434224370395
95.84866863650936
97.27804641180595
97.95358266099367
97.57006994302375
96.99010737678881
95.13662351331948
95.35295357322951
92.51325608221693
94.7802689195389
94.83605801766282
92.23541006725108
88.86766840439705
88.40597711814651
90.22242620158099
91.40510329572933
88.44157455517961
88.85417262364714
90.46956920908049
89.33481200089007
88.56837136198155
87.37385165764351
86.90084008729067
89.72153054825415
87.0955024002732
86.2697176985758
85.01670573217686
86.11596249618344
83.20279139440774
81.96049888125341
81.78816722021998
82.15503485464725
80.82964135692882
80.5181766280613
81.250576904859
82.55129238670814
82.3872237609103
82.48855169486572
83.55632537471031
83.1173768210466
82.73230480623644
81.1924948201124
80.97334326405407
84.59395730707902
86.05674705023323
91.20678111428637
91.70310618923105
91.29756592721684
92.78005944211824
95.27753970819614
102.87706963112278
104.91289942956948
108.67485826077738
104.15576711247098
104.3055376241739
105.12087913888735
104.91209596318676
103.84005052901276
95.38752062014066
96.60110436796396
92.80519753200022
91.37937028993798
91.83503884517236
89.89805315139006
92.21798831442699
91.61803441982806
99.72101065534679
97.10026809771682
92.67910934675831
95.92441161405343
96.32650354575127
98.61639826968856
103.8210032036236
107.64118346875432
106.33915112632131
105.82491755472333
105.33810242451875
104.2635935669578
103.48706124729625
108.70887386857264
107.34143096395925
107.06268738002588
105.7632565660116
106.60816159094533
105.34947953645717
106.50551423349977
103.0886831155625
102.92334156505189
102.77683886552848
102.53603172695746
102.58572946809608
103.35735454558417
101.53142382755667
99.35045270654625
91.57754566723497
95.41212829256568
96.24864987094296
95.48579835886585
96.16969919233014
95.09737285835564
91.4446804304335
97.63552928396399
93.61142068358754
93.0448208425428
89.96314250142392
92.14237727716169
92.82793818448604
93.16697393026294
90.04737632671345
88.40135594023165
90.08726437027617
89.16689622860625
88.5465513825574
86.88180410917623
86.49049690671237
87.56043613262139
87.80321630385126
87.7355759948963
86.52069141811837
86.15975146155273
85.90524636128859
87.92380094319932
84.39888024500452
85.34723470621051
84.73870465122639
84.97126022868835
81.92268423452454
81.33918302142895
80.88127039010665
82.7141040509818
84.82298728672347
83.9277011370901
81.27346696327103
89.74815226950517
88.92727722018799
92.59971490998853
90.41951830094646
91.66433380609999
94.12100262296661
96.91883856145357
99.73110745085043
101.46877010914017
103.24432866351472
105.57568568190678
109.43898266707464
110.86377828256718
113.43089933140106
116.84681665559754
119.84165936257972
121.19251901727391
121.74297089748039
122.42986581743556
122.45584156966785
122.2907675829313
122.64965039920921
124.26715534222653
124.13134009401408
122.49390864971872
122.98673940669872
123.02930392610705
119.23654586809867
121.99325725153464
121.95197698235005
124.3977782407644
125.31084920349016
124.60925852877244
123.39065483183462
122.20567941416198
122.71537165788075
120.70723597038572
118.40728742311532
112.83059210110147
111.54562128785946
111.5470606331725
86.88314874070319
90.69328624672366
108.88862826939994
108.85288489619143
108.29325171820786
106.82431920778856
105.73972925268689
106.78793295539792
105.27616073615523
105.68426415080481
104.36967076198472
105.85704374513928
103.52856839241423
103.44288993092854
101.86792364979618
102.24769886868495
101.20997934892945
100.48013290450507
98.47462436500223
97.80200073815303
99.19294486306674
99.3713288117305
97.31735003024008
99.104906115916
98.99534151928884
96.18118603777711
96.85123825823061
96.00786715982397
94.7427342184784
92.94742038786515
92.53169921612448
94.34559755023513
95.22215399274539
94.80944088465864
92.55747617692971
92.28514963801383
91.06843170789
91.72025937407328
88.92934365964771
90.15938758745098
91.41586880011458
91.17959952028357
89.209961860815
81.05149601057349
71.63542515506899
69.88372378502905
87.02796528397569
86.04946865403917
85.8764210384999
86.17877196501533
85.49956631331035
87.1989369834533
86.75625897539285
88.20242621141374
86.23378283784695
89.43048973457584
88.01065582760488
89.32687802592658
87.82874184299843
79.03982236282147
94.81881306835865
96.28719322742857
97.13047183163319
99.81468437184833
99.77288557909685
99.89025459276303
102.38812976368268
104.32321774856003
93.83702374795709
91.38084443902824
96.79998291330148
110.58055293437276
111.80598638566784
111.58968206008045
114.59436004580779
113.8152101744835
115.03233853021548
115.86905865940966
116.09597973568468
116.40549966719668
113.92498049910148
113.26530714674742
113.64615164096342
114.43787919591753
113.8831043252153
115.29621718295637
116.70298119128844
114.05780772756094
114.56487821342652
114.4510575590666
115.54765599982126
117.0673636962772
103.2248923339452
99.8969494397777
103.30372074789342
98.46523965256878
96.04641572692589
106.13416002339466
90.87813162927026
105.7620483500599
111.72537683234013
109.75136116045996
106.04454521949992
107.86344993869531
103.83208774648944
104.72239032326105
106.28246553283357
108.04641389434943
104.65177270355547
103.34160482112848
102.60779882007934
103.16816116800621
101.53627955441392
101.84055764097562
98.93647629333144
101.93085994293818
98.7049818415394
99.7477982741907
97.79436278028982
98.10652189918434
98.17228474899639
96.4442794322465
95.32279980306231
96.36476500091672
95.27883464605594
95.70564901290666
96.46616634019796
97.4466939057083
96.09812674150541
94.01245757014206
96.07852335367087
97.83959317880999
96.04580020356434
93.75405852577654
93.18921414120754
95.46572459536858
93.24228299191773
90.65984710827384
90.92773814844702
92.74523949071902
91.82284463125221
90.8690019226533
90.44465231769276
90.08788727929792
90.21786969555627
88.37044714427886
84.89121800768086
86.96754286390501
86.67994756508367
87.33786075973093
87.28590042361292
89.70926800356796
87.11056616843078
88.59288195385363
89.81378529289796
91.79414384699682
92.58930199226064
94.6148363692034
97.38922300477827
100.40218667235997
101.06345413359693
102.60512993372441
104.7056545377282
103.55720095273742
109.1679237796034
109.0480167830599
108.97237935912764
111.02015787073982
113.60866801226786
118.35703849960166
117.3113014163728
116.50324315924746
112.29897145637212
111.81584818078451
111.24027884089227
113.83629505093374
114.52396481235513
115.36060282074635
111.4502950817847
111.99983269648341
113.67672688088602
117.28222474523373
114.72059429425354
114.33978987439518
112.06909982627609
116.14162583366047
114.73139513410223
113.52136032691325
110.91945339171198
114.91187388837133
113.07754044946984
114.26598156647283
113.67816767134737
114.4434826009067
112.95617696155068
109.830544270731
113.24666855409032
113.88623788518613
109.55861180335637
108.1744708851327
107.14370699233889
108.56789117462166
108.07390457857238
107.24297347652286
105.5278056221258
103.964200444435
101.03209310791384
102.7176484906832
101.21551003391706
103.33460783477508
99.93684348365018
102.0106061818271
99.69091662187218
98.81695257791648
98.71902007316908
96.81446667189262
96.36238908863338
95.03578600137243
94.40771597661887
96.5262059419689
96.38358496986962
95.59075786831255
94.07063387206267
93.32417769936286
92.03703498183256
91.29108292822393
90.69778601408191
94.78006493920097
90.92409207943768
89.76834330793966
89.37865904562531
90.83282434883493
88.57011779288044
87.53968525783316
87.76319445314597
88.01897062057455
87.24897425430251
87.59155087145078
86.9181546469108
87.65240203861809
87.77794027035539
85.95743545280533
85.53519068287625
86.06127538791122
86.37497895875873
86.56644861333035
84.69023546187154
86.20476682202747
85.1225687487854
86.24531637971845
85.72731093837983
86.11531254089364
85.63207757693161
85.77893293806187
84.75599220776412
84.4262662170126
84.30536194205345
85.82963599459646
85.33338397883973
88.30767761058338
89.02833759991385
89.44976349706326
88.04098127856831
89.2770285174887
89.68725112063203
89.28249940870977
91.4988155438389
92.59205409208285
91.96934619391737
91.5420292288417
93.16885555367736
93.8970312420736
93.2185877915174
93.26834443037056
91.8647399285274
91.66012844638345
90.92572910253892
92.51885421943052
94.11123280745028
92.62739118162227
93.9251336124301
92.080879054247
92.75891561036451
93.67509376049942
93.06407399314888
94.35460533658423
96.74550130419
94.59109988410101
92.69850382243047
93.11022128024
93.20971042625628
92.56829817832114
93.237776941819
94.99380673664314
93.28718596019502
95.23052156210882
92.53620240817366
91.29367972539775
90.2047205010195
90.51238057112465
92.93935375295206
94.17314519731343
94.09504464934133
95.33300676077204
94.56745305645933
93.04048179788202
92.01205760467963
93.12816589036456
93.21181091268622
91.73170008138108
89.53378896733591
90.13053056075341
88.65419900434385
89.71899491857148
89.35714207689307
90.35366382319408
90.50288137901984
89.54175942116971
88.376511588574
91.15418104502061
89.95819610179072
88.43685058375486
88.32585427085642
89.69015443685805
88.46633978562127
87.69585577172523
87.48445349125211
86.78952950794849
84.62752761276191
84.66475911831907
83.56956442289699
85.0651713426413
85.08483425763801
84.45664473912778
82.71392349799063
83.7349387607324
81.38641342766017
82.51813374910596
81.6708671909655
83.20299540559066
83.51583187067624
83.17488802959127
0.2790571712691303
143.005089501877
117.35850625492115
114.87171413399795
114.55487720774214
113.66059919140538
113.6179866991063
115.17140157164891
115.63714014993462
113.31842646995268
113.05620195273985
113.1887663660897
111.33122152894795
110.59772562702754
107.12751936115241
106.58171428398143
105.21808455644185
104.83580648020767
101.6995773758191
100.72244940806074
100.2340972548047
100.83424488066291
100.1558121881045
100.23252865990771
99.72886070031858
99.37413668364562
99.57329742748462
99.36681596064814
99.27306715734612
99.39922513949338
98.99458454334976
96.91022362922601
97.43273946069289
104.34113281499815
105.51070966206362
105.35183020631933
104.94775268375294
105.69262142382489
103.65508513581493
100.82091406661843
97.37564034917511
100.75632782100539
99.78178269515149
98.46243141521236
97.64413477929736
98.41012952404941
97.70074530270351
95.92365711131606
94.92326004431156
94.6201597120821
94.49090827467134
95.12814828122094
92.36973752211782
88.67172891845769
88.86913977791924
87.44950992729909
86.89002501586101
86.79816906195066
87.50518172422696
87.51219753885209
89.23291252634476
89.35489337113933
88.52934750438114
90.05091589885774
91.40759975960893
93.86159881256796
94.54581302045982
97.27669831161771
97.87356235164994
101.12828786220737
100.8470952142445
102.972070005994
105.49027715398086
107.2412861431974
108.74962957539212
112.10139127963132
115.27445831025511
116.93540976076218
117.53630768477623
119.98900742753494
118.21716635927721
119.99922962755228
121.54536348881182
120.64063874503594
118.92432222850928
119.13623205183251
119.12725060276708
118.29164072952031
118.64262000582976
118.23604948821075
116.94237744615147
118.8165445099917
118.51438616943503
120.81254567003845
121.93003778900488
119.08468978484757
121.21953257741502
121.3742867959353
120.24306189969883
118.60145227052398
119.93541355522457
117.70170541091613
115.29440314655439
115.99308378062379
116.15324343249922
115.201846910558
111.99146798128076
111.9215971842553
110.63467794431753
111.0389772252268
112.53197545985681
108.86152945274912
109.06242017349359
107.39205639927525
104.65718751010769
107.3584268570343
106.7250658048642
106.5766679849886
106.42990296906605
104.32032447033032
104.79431124778175
102.96241446721804
102.61286243038542
103.18452493757405
102.17815533928065
102.2696468998831
102.31118487756
101.38709711644636
99.00255066378749
98.60736605350978
98.12969431909237
98.6400741937108
99.02210743255792
98.47313808881454
97.94597877753836
96.71634202673316
96.0933356416984
98.1687440306556
96.88058450141295
95.85553695278972
95.08857716836405
96.9529009526958
95.49757611055344
96.5298023966191
94.77583658502455
96.40910944036202
94.84215912199029
94.01088834097035
91.66043744949151
92.76530610433093
92.73701093575598
91.21872349193552
90.8608167378589
92.4336454502795
91.99525912249854
91.44703514110157
91.29418889643937
93.61649095634648
93.20504177397754
93.92644008321395
91.50037590376269
93.40774463934646
94.66057658153552
95.74841987925745
96.71328501948466
101.3409180578832
105.93429134689943
105.65922190378267
106.57496661755997
109.1231283322158
111.25901004246695
114.46592539225082
114.47576293065889
117.54248986572945
118.56195862911318
120.77041994661455
121.42991845867726
122.81189023650629
119.88825768485735
118.28533856164644
116.5122425479875
116.38064609059722
116.77069537158211
116.37577078724478
117.94771103886943
117.95222228300598
117.61882165679194
116.64335529209767
115.37589339476158
113.71226191477632
113.56290837096381
114.3805693199295
116.38990106224371
116.63538404135207
116.46367804343772
115.26241532640465
116.97729450110532
117.60172826254393
115.12139707071151
111.75237597204466
112.21449681485477
115.49751211111969
122.80293725759721
128.79669235757964
125.83251278947087
125.71072825645186
123.99811129891835
122.22645270510633
107.357470377746
107.37515324846281
107.80213694806434
108.64300850565779
107.16694280869653
104.97927150768533
103.68483765512796
102.651244513817
102.31058677092209
102.24904890791512
100.94740091950935
100.00397228146795
99.63554485165255
98.8397110897739
97.93791062178623
96.70914790452684
96.87530570355409
97.96836988245006
97.05592963134875
95.03998448327974
94.89229835004527
95.69010708250866
93.87727616981608
93.528616400439
92.99224674981882
94.2049090119748
92.68862452599616
94.89603475445803
92.44115197425153
92.7100794403254
92.01017729598198
91.03706943548329
89.17006912627791
91.57726070633075
90.25788491588654
89.88423578440762
88.356960399598
89.33588135312051
87.69731705586929
89.37664295890272
88.65356135756446
90.45894694913767
89.66459657522347
89.85877653666344
90.03062510935064
92.56291451778104
91.76849400086928
70.60225755991033
93.36705728316122
94.60478208251692
95.18965683120064
98.4719816349373
98.99712076316115
100.62097386070118
99.58739136495078
99.4972798019886
100.74095960164405
109.23116206953667
109.350626259383
104.83192062821563
107.38755526940976
108.50920200423
108.48095089553102
109.49087269160592
114.55424513181457
114.30550926640122
115.1389644586325
114.61879016985536
115.18195004964893
115.24390156799181
112.94650277020655
113.23396461383263
111.74978956381361
114.19621163753959
114.78216212098384
115.15891502362055
112.834044305247
112.88057763975135
114.93618771754383
113.29591857720739
113.46917665336477
113.6525587469519
112.41547240684052
112.54989205900434
112.01162490083313
113.57878085103783
110.38924245893506
119.51171867976481
110.27620534344257
111.71215059725932
111.39038915597995
108.91145517920789
107.93314827467145
109.70931403076628
107.42751194653812
105.40813663513435
104.98806841744575
106.17944333035877
103.43193523311076
104.03527554313337
103.75495519513385
101.92199905993397
103.8325403779775
100.55574939809685
99.56591663196363
99.98806761180585
99.56110504405473
99.88666967669441
97.33336362173341
100.34724302699884
99.42401265724953
99.83933609242649
101.28845160530706
107.78911486239717
107.20855907947231
102.69468426370149
98.6520047223726
100.46286558928638
98.88930123598847
99.0110389636892
97.2659211138805
98.96726402162712
98.38036638317382
97.15413169785442
94.54159196096145
96.34325282471366
92.10529119736955
95.4901786251003
95.24787249545068
92.92388297595659
94.01018933803034
94.34064814290424
90.36884576144831
90.64361944358603
86.15453557296291
84.51315017528937
85.58509206824115
86.44662947262262
86.30472250213639
84.35585180957466
86.12470515495566
84.61708150376973
90.83174790622438
85.82751840228266
80.75024427866298
89.66646053141902
88.33848247739841
90.98176059985724
83.54454380766762
93.72182099676077
100.51216063314914
96.07520349639833
97.46938174464218
104.31258481551394
103.26184232880847
107.45193081949358
110.30315509615377
110.80733901254443
112.12418208791586
112.5638521170482
113.85690485461357
112.67495904153944
114.01026854452765
110.5342682645056
115.94407664800141
114.92720069640477
117.4548549869911
112.50980547038444
115.03537370688287
111.41441201649127
111.54161845295737
111.38627895054893
103.44405246834472
103.22672736863625
106.99618376020962
110.37333437521022
110.54516710053309
103.96227979824785
103.88690536090886
111.23042249133897
111.7896147267044
106.46206759610479
109.93094533444642
104.08803163990152
101.10494810640188
98.35861419648347
101.24820277677674
95.89742936185638
96.3589584982989
100.72366989856172
97.98100431893988
98.19305992017178
95.20035044534072
93.87090378995597
92.7244854993614
93.45694433253576
92.32410582045762
89.26856209737204
89.08569075238175
87.06295928141581
91.58639964540353
87.59868847896527
87.33028162932406
87.01637799140715
85.5716466046633
87.82190540918695
88.43250339487128
87.08837191330576
86.0551756489213
88.34782455127487
85.20276012873737
85.53706793298588
83.07757676298932
82.48824998177001
83.37546186332038
82.87962530438908
82.22241985772564
82.30177138732094
79.40041914326778
80.05143428376871
80.66275847887128
86.21999680850399
87.71666422833181
87.27503308450005
87.09036951795981
81.77760948086546
82.87407809695375
82.90510840381195
80.52280042088137
82.84264876173329
84.32521611357123
84.90133150427212
83.15054974465698
77.91388749748336
86.89044057430499
84.81890960054433
86.40472644183471
84.76629662225082
86.42790997252494
85.96906466723442
86.15436454574962
86.16879443332897
84.33592904169514
82.91800706022639
84.80895458784958
87.91724377710162
87.64367344984925
86.25729096414709
85.59005895247485
87.5352330841686
86.32621060910733
89.13170946448278
87.41435407074894
88.67576166969448
86.88123380333263
89.37851980788443
90.27450942011744
90.14364072071507
90.40329952279572
92.04298525549316
91.88537265373567
93.74206841520021
89.99429762497229
92.1782383142236
93.68422243540141
93.75432935961717
96.0733445923744
95.44384059861181
92.81682339028733
93.22841522044521
93.06281765016043
92.72989416507947
88.77454593972527
89.70410568071084
91.5167455141075
94.29431816289942
93.47549174159863
94.15151952595352
94.50555931132943
93.7348615965517
91.88525203339893
92.23051202439713
95.36397128214912
94.38097706771502
92.50465309892513
94.03609227919247
91.91219552026118
91.2734472746831
90.79233756818873
89.41368608659442
90.62194278960294
89.89369397072694
90.42605171026108
89.89969897685877
88.93084405358758
88.44788772162636
88.6469726129461
84.97540392977038
88.39997725810768
87.83960165835094
85.98580210650678
85.84774592728381
89.50491144246308
90.54850332168604
86.72257562118223
89.66406961308235
93.34609417529356
82.98792581771346
82.66147283264394
87.65204074744757
87.561418227047
86.743233923454
86.7763833280791
89.08151871671981
87.40634488927361
87.65279960636127
84.72180699672631
83.5947095481012
84.14919311598038
84.07633933092967
82.570818561913
80.99279419844339
82.77123514102378
82.52880335663113
81.74470089073417
82.30906079821801
83.20801726916703
81.73094512714778
81.65433849706375
79.75575039554272
80.91807246887434
80.4630693936665
77.7586855941606
80.27716326964142
79.84088952493292
79.68820317052442
78.46562231442329
77.58206274518659
78.49447816111848
79.08671804346424
79.71434200785016
77.96800757786174
79.98111138976796
80.31599398835411
80.33653936481876
79.230370576416
81.63929216999637
82.32935777562517
80.84953399307976
79.6219914509646
82.82455545490814
79.5590988760326
81.74306497233297
81.29131622966547
84.91161378496436
85.18749031397903
83.30383054932898
83.88840376199823
86.53172323765271
85.7715736683683
83.5600341944955
85.06888211317846
83.13635532690415
83.45246976952512
81.50452466188403
82.06169142982822
85.03196174749638
85.6389461156528
86.89756695354174
85.25439943028204
85.48406456270222
87.98545711068873
88.20845722952797
88.4567548130715
86.56587709924771
87.91860048262723
88.10966304029972
88.52665660235006
91.10833643338142
88.2921377380477
87.85481757510323
82.76804339107531
85.21159368481776
90.39502357374535
85.63934246995689
90.50878500068269
84.15569935257594
88.91993426113957
89.0735764121731
84.83949819341791
86.97191078642585
88.56150961049957
87.0302548942069
90.97192925702821
87.29325123300403
86.33065207553585
89.82476293952867
84.00001280865193
88.65808442813562
88.73841183173093
86.24795043501663
84.35939121650703
90.28233315800713
81.01115484486132
90.2016665157403
83.47170490356683
86.80944153245406
85.53738074692475
84.3183292091019
82.96540687009411
86.65358771293899
78.62684370078337
82.82824322651345
82.17970424041715
82.2286322271152
81.35731697402164
81.12915197385274
81.01244888133745
80.29892646659594
80.89615531707344
78.5359493625437
78.51221556557898
79.51830172773816
76.2946097527887
78.27180344057655
79.03660180787254
82.26222541925355
80.18913029758457
80.47193374365897
79.95930065087514
77.62618785018799
79.52791144121562
82.97429067672137
79.6248005553289
84.45971543085263
86.95380795784548
89.36293207528263
86.54022416392218
89.46609868114173
91.31022327012654
92.93206889990273
93.71100364172996
95.15153702526186
86.46464770768989
78.40082127523664
76.07005319517765
82.19325791975217
84.23617652413144
82.81660613981592
87.45791602990516
87.067678997212
88.27151738989016
89.85394380161802
91.33500592683095
91.35132781232392
90.99330198046458
92.59809492092143
88.9589560122023
90.31849303154087
90.0322462586131
90.12152776854924
87.71292603789311
95.04079424523667
93.80478816300081
100.45230093479881
100.87949905116712
99.41072760701888
96.48107694566784
97.6804020466306
100.6149826996122
98.18547909199935
91.75395281937986
90.87100210957598
89.39242867944017
87.66841721094546
85.95811330393664
90.07881308692886
85.61394262943088
86.32601313450124
88.9115024839125
86.64555124458683
86.24818352889801
88.6445653442855
84.68479798518602
80.89188072253054
84.85196625635281
87.53092835208098
77.7495799958073
77.87542327748957
72.49217647248628
76.8991259319884
78.2522073917371
73.93371201247393
74.4624037589196
71.55952904935391
69.27576897034655
71.5623184534342
75.24685916732676
73.26129518386179
81.3761166694824
83.98638081762473
81.26259886964627
82.1562892951158
80.38870334299637
75.62041685148918
78.49420199078656
76.71679805944069
76.97335328483263
74.69975564338753
73.94221952816454
74.08126050604892
71.1320774070081
72.68417250209544
68.53695257144155
72.10506675777923
69.27980132975001
68.37250545857688
68.72129411417379
68.067207581
67.5619299528686
66.30495048297695
68.12593827477832
67.32224786049206
65.74009656584828
64.8800459182333
67.87245499202658
69.03836835129161
68.09321054889575
69.41841559396346
70.27006339516146
71.3447134898638
71.33513596406713
72.50223566498005
75.53999030513137
80.66797904267442
79.49668183352344
82.10068341036839
88.26149085059842
90.23118947773355
93.00988113280346
94.87390116648555
93.56122492241116
92.72857033300397
86.81529458364201
89.07266032236276
90.3647535876936
93.12904807468851
89.64382181199414
82.75653323009715
88.96433747964005
90.66394856330601
90.75106586655716
89.5269029074832
87.4337827418799
86.08376046668934
90.72139423244474
88.95789732540162
92.08423967269258
93.21985181248685
86.16225722996631
86.81201572720757
86.82555287915241
92.32394060138625
95.542563193457
89.29980417184971
88.28562086441144
88.05332759044956
87.44959215107667
89.31864489304145
89.95079278871941
90.13677913446467
90.90607700406835
89.00019777632524
81.51491136441194
82.97983375058728
82.25593490660424
81.02832300977589
82.46427411629173
83.12280958982912
79.75393365081672
79.36824926755087
77.47588513504358
79.51652037427337
74.92124730814947
75.31080460856438
78.07442835273955
80.68488887648655
80.55198835260772
80.26715787882154
79.46419037890155
77.70856103545914
77.82478214483223
75.42291182962349
75.64107271129103
74.62970200080596
71.48807949562394
73.66301057830475
73.1543030413405
72.62251839618725
72.23717801085522
70.44590690696624
71.91116744489713
72.1406080388106
70.94251267547976
70.70018107248734
74.40264211532072
74.0885981208474
72.11725577709971
71.54630450081666
69.87016706970121
73.08658031527841
70.80502390050356
69.01399308461546
68.76858712616993
68.5792781317923
68.7516181891763
68.3351046467653
68.83082328410805
67.81962507028044
62.602828433733684
63.9665404758063
68.71893129305525
69.5714466418792
69.04401529782885
69.18000331079668
67.49154199719901
65.1573429839827
65.79611893110106
72.02137096123158
68.75365114492676
70.40901330338951
72.75653164548201
80.49544446885727
82.91536445877807
85.99740817631749
91.81474815801192
87.31810188268753
83.56410981819347
83.34582345829932
82.84638199123786
83.69500307602534
84.2696804379973
89.9129252067826
96.08080217532154
96.18587848050369
96.37165400831839
97.88895999815367
98.42310343707919
100.62332220979492
98.60697657555335
97.94362583357784
97.56153875511353
99.41611913079623
99.43328541432078
91.8984863953973
92.90876670139198
94.53644741084543
93.12041092244351
92.81144892139389
89.15191991558129
89.37218754308032
87.86473361313298
88.39386302556596
88.83913729349752
94.46439893389919
96.20278351160914
94.80105610024123
90.56074527358851
91.41829817076452
89.69586777868365
89.80287043245767
88.60629028684549
87.17541740681084
88.712178942283
90.17297490033363
89.1348297542272
88.11404725099055
88.93105445091851
85.78422727140509
85.17124096076213
87.05943559482495
85.11553376059666
85.70620747330639
86.31408787065213
82.9461999929631
82.08613107315819
82.52948486883116
81.89648699248035
80.01658016407521
82.00082424450586
80.78664039773467
79.50847093369407
77.84241518238866
78.7474636680566
78.99472014417425
76.69510572697753
76.2819893263621
74.90951243949137
73.21415300458713
72.65920279526648
73.07308389931151
71.57536533681518
71.16946063854766
66.41530438847673
66.65009069028625
66.22156063128233
66.8141927905136
66.90575707512869
65.83377386385561
65.75394385915452
60.978788687683
60.549513643033485
61.159079253716115
60.69903596108264
61.52931833518977
61.077324702239885
60.76367610829845
60.582991737757936
62.14460308982658
62.232689498426
63.02223972132715
65.68039747058543
66.03630198405291
67.37132498649345
67.72196574341683
72.93163056901017
71.89168348518214
69.78660788641395
71.26179475954808
74.65463057442832
75.11535334479322
77.9938441015641
80.59950199905893
79.936308499924
83.51485216824187
89.5207156156361
90.81389246574696
90.16002245414381
90.76483204727187
95.63662899353375
97.08509388188281
100.41602280559272
101.60099890615521
100.71493858806417
103.8230843323106
98.88097919162834
97.72677030046941
106.15799342015794
111.69728142932934
112.18982511935587
114.79505024581238
112.94446749431296
112.50744610266406
113.41561908394317
109.49627709192887
111.38203351255947
110.89423043932422
108.56227985778146
107.41279070473112
109.4439673430345
103.28402618483119
101.90887337420642
103.44202047289626
103.7439174132189
109.7054107400511
109.00468894380111
108.17335328639766
107.95228555972386
105.74864577795874
108.20276850651037
106.712229579352
106.59275002583202
104.00654056128816
103.19312148303675
104.21582672282284
102.83180198309418
100.00426858666565
101.82251445722781
103.26028943171889
103.63568346664698
100.88055585465577
103.19115996909198
103.31239472620018
99.11043368171329
97.49040669100454
97.13113049913824
94.90319870275198
96.87232428555421
96.57035802207717
96.02169601120829
94.35042242780392
93.095301933462
93.03840632060225
94.39054004373149
95.32735344525764
93.74731166750405
93.62159922913536
96.9640360348305
95.24598937689444
93.84485334098687
93.89217658310902
94.38297408922286
94.39990562305115
94.17385791769902
92.95515651582815
92.79913195198631
90.68121785856262
91.75895539449431
92.22845728029735
93.00813496897868
91.91824117193514
91.82798968031442
89.93542010947175
90.16867911630798
91.81874708825983
92.67546124430979
92.84414924283824
93.29805803379855
91.21701057532907
92.45631632017609
92.97905188948377
96.33174174877438
96.63665361344101
99.96723129389287
97.92467970891501
96.11864954737047
97.20985058355795
96.13300160756265
92.49695565348068
81.3658233587729
80.76278959638688
83.70622762723383
83.74492998984738
83.00249383699827
84.31364656484993
86.81618553255004
90.70375513322762
90.86350525244734
96.36871374358327
96.89585854224106
93.52132878273909
96.1816045317097
87.76129136209818
85.22405395653912
84.10335786835736
91.05275673390014
89.70796277754903
89.14034666745668
88.6914843863675
102.35017880988966
102.32891105885889
101.915689225721
102.66775715734691
103.33744845438406
102.33927435761102
103.56420766130734
102.96133849139454
101.82733530236884
100.59492754914828
97.29859170783942
97.75745793228936
96.66742614774682
97.19123745148215
96.407170214118
95.26809716326002
96.6331924382559
94.58334419928465
94.26057047529494
94.40417763923185
94.14421562530151
93.44126250524724
93.08900673097402
95.20304904261931
95.71281486972036
91.8983178927671
92.54719463177986
92.03063079052282
93.27265085094422
92.0564074880831
91.55977775821992
93.44590566967938
93.46200682637833
94.35483600057859
94.1940776886702
93.57161831852606
94.38626504329841
93.0344333264471
88.78393184121828
90.953487419628
91.59986598712788
89.93648766852255
88.82093532413742
87.3634178492103
89.0241604119478
87.30415396198478
86.63745940061168
85.96938295927558
85.29473332304258
85.36470915571995
86.02626036565549
84.28291162392996
84.44798119949226
85.61882196558224
83.83763905120813
83.7385446694962
84.56210518905851
84.36459677581384
84.05723395302385
83.47202532472164
83.93952402873639
82.95785021760939
82.51593279101887
82.70411523859521
82.68898262802686
82.70175023790685
81.67385742263576
82.6913725428848
84.0186543257789
84.58040535808847
84.24404128981567
85.09538744712711
85.14364525031147
85.56247424036529
87.18478297988598
86.39243799781579
87.3649192283442
87.20006459483889
86.8171648559765
87.23366915358781
88.44733578007596
89.85043744181803
88.54865038514879
87.94019422894581
88.59121411291319
95.1594891220559
95.34022296889968
95.24017500064596
94.2307331481517
91.66560753803378
93.63322718506376
92.10237715636788
93.42118070936341
93.08226376287155
94.27721017055684
87.05065740996028
86.94841535970178
90.92878066145505
91.68829076020245
97.58864877440624
99.03975281990198
99.41158645747817
96.58437575164032
94.79798026212053
90.72335634100465
91.15301162113064
91.25485446365047
90.37538148990069
90.93170921638155
89.99964557599316
89.80393449880786
90.27006634145066
90.45249467643234
90.27110059021688
88.88260212032905
89.88529495786008
91.68043878860693
88.55404168100193
89.15262256606464
88.30700233207587
87.98635845002059
87.38490345709945
87.78050788445609
86.83112620995976
88.66601330001086
87.95573190075177
88.8129076719672
86.74269810471742
88.42410009265345
87.1382686480479
87.21513747868921
86.9680150546524
87.62734218371786
86.98831906924975
86.8463226638385
86.13733833964935
89.27306813128138
87.21229528255157
87.00679547532103
85.60023126571198
84.83868767504774
84.32337621136139
84.31152494644587
82.92160946778174
82.4114274465959
79.27789598733881
73.60820978600492
76.34659015532047
78.85542719215269
83.3082938084169
81.38119488824637
79.49651473515307
78.50038717008206
78.01764564382947
75.84404675467438
73.36005442395617
72.10782212898916
73.87166592916587
75.44123356582905
79.04063376015746
74.86439243195481
71.75752377709033
75.36307761674163
73.14350858353359
76.98652657003532
79.14723280068257
79.73509502789071
77.8254631294165
80.96226355598598
77.9828541756377
78.5582952159551
78.6386872246298
79.46858078938891
82.88901605336069
81.37904616211705
84.74014331637662
81.54955623344705
85.49410953041546
84.6842780839037
79.89960086095148
77.3746341579026
83.26374773300712
81.40978855243304
83.60129649764178
84.32307945557494
87.87848510928012
86.26521053503853
80.00796006413827
79.09042656619658
84.95229518840762
82.49769353362808
80.32413646909362
83.2732392005966
82.84161574317552
78.55262960411824
76.46811951185998
80.1780711529185
73.82259214645791
76.49512785927027
79.5098401790994
83.45441714512064
87.28696854004029
85.80909829719423
81.78307921081898
84.49981252643579
78.08849577459819
79.60763765698711
80.95566280370252
77.0576785970608
78.07408247183164
79.70829096933315
81.98194818505948
84.54892056348064
82.16294980762808
80.25536370918489
82.61860097489779
85.42512398485918
88.18048418663096
83.1356024280546
80.96461526940988
82.85310731784415
86.651761089954
83.339142681982
85.8883597991748
82.10147098028757
83.74252973564562
80.4420952797393
81.94264211427266
82.990773402181
81.79288033406296
84.56469355808773
80.46818857637359
83.66335503213044
81.10703220614661
80.67907299177256
79.15325236592784
75.47223971089248
69.42884695705075
68.51156961211048
73.2700173093562
78.66521985746287
77.02108687047925
74.6152899096205
73.8038463867835
69.67275000928247
72.47464458537534
69.92774628243055
66.79808609924174
70.8779447303444
73.06589057963122
69.62206099629738
67.02848942337297
69.15317445942999
72.4737969607805
73.15395340509536
71.70373464012559
71.33663844025904
71.28505126433228
75.43426347690662
76.9415003257964
81.83421926100911
82.28926888193189
91.0526450533369
92.12007786371203
89.27493201811174
90.88705725728755
91.85298064974631
92.84040178942729
97.43599052603213
92.76503754966853
90.02988925805982
92.6542799846091
97.68594488639201
97.40468605185066
93.90475047819507
96.15702814694896
99.60158807142318
98.14943746693248
97.7891023634213
102.43339582363092
104.84727047933475
108.12139465856762
104.0271201560531
103.33025297747423
101.10388863183948
106.6648633244469
109.13133203831867
105.62690353125559
101.8965018445811
98.01582113406963
101.61856345732761
98.46870647755293
97.72707223659819
101.70161783007376
95.60071667412963
93.80837069258403
92.17720198944687
96.85365160559653
98.31381262137107
101.21176201085258
96.95291371258429
94.96426335026754
95.63487643581365
91.3050996038968
98.41958196329009
102.95471735476264
96.61272898559332
99.93081874131548
94.0473302246815
89.51283473695361
95.24822304295643
85.99208338564209
82.86588634006033
87.50054945930995
84.00743203072798
81.17338511127527
82.20523535503985
84.21757159642617
80.9066264210103
81.14001734394411
81.85704612998249
82.57479492968253
84.54174775124557
86.3543359302072
86.75076488601468
91.33696764285531
92.14783036302512
94.2953050958069
95.31527265911947
95.90533926720406
94.07653458624739
94.4202726177703
89.44574164677198
86.95046438317644
93.07754027549205
91.99605007902491
91.61509331468665
90.68871987491309
91.04301848931163
86.61634248076622
84.33041693287055
87.15312152677853
79.48766217933814
75.5743991022056
73.04383791878585
78.95104913524982
78.29723925102272
79.84572752524878
81.450873162265
75.69422681386536
74.78239768365422
77.23544202429508
80.26181134758352
84.01492138343922
84.3694132194808
87.61084750619534
89.7851988753024
88.3443252042365
85.73201152278335
89.7915954643509
85.54142633607267
90.2663900977964
88.01186284901421
91.53864203365961
103.54153479996526
103.31083170642853
106.45052403532118
112.80196158772094
108.90514254399223
106.87559321134528
110.84740452718508
109.90502211208229
111.83697465234187
111.97845005001852
111.02672678734001
109.69775671374146
109.14929063849002
109.54003031213455
110.17465605835321
109.23281491632548
106.19517205175612
104.92514442939603
108.63877565441464
108.56811473038158
109.32725417200004
107.49784110316581
107.20728875516095
106.28575828241983
105.90980336997097
107.70038163267398
108.74460236231813
111.19468039492244
113.3173447064702
110.55962684386695
108.69711293585036
109.92827557324073
105.76017721730688
101.00880284012307
99.18191069673318
102.12023985416475
103.46829612301387
102.71254387791674
100.08824973163897
99.15294396222407
100.61017899485427
105.40341157926628
103.3559268491217
103.30651593119677
100.92253310067473
99.81926481612811
96.7232624041467
99.4237965027987
101.58563468319403
94.39064759054384
90.54063937551831
88.87446055018768
88.20009032431432
86.61033806930303
88.14412559422166
91.60236375788034
93.17965078653553
90.2880628430755
82.48560744620286
82.34994457731547
86.58068830643865
83.39954944875794
83.91024936676965
83.35908958349091
83.39937879958832
82.30450931706282
80.36769808607193
79.81646357693944
81.9871051283793
80.05884743916637
81.4940544702893
80.43336252931718
80.6892554092951
81.60428181591143
80.19159251247872
79.28317540617454
78.40803847635831
76.24334630500881
74.24134951623566
73.01081147322549
72.4207978840412
74.05603384004355
73.87746881502552
74.88034960349188
76.96548186472101
77.31890464304203
78.60668500510914
81.74412486071672
83.02496814350492
83.78975188353901
85.32049988911166
87.29458056974657
92.03592186087593
92.69567527002323
93.02015670499442
98.62499009410772
102.82750393938845
100.6374938428562
98.07693968283081
98.63904950908511
97.90277199335766
95.559642298924
98.29164675706275
97.86317071995735
96.96407775967832
95.70329518207654
96.36430285703366
96.98927689674393
102.83836644539542
106.16405176926973
105.51699787136
103.65216774452384
114.43248523835396
113.58055241990377
116.40434048946904
115.24759207669813
112.62940350086146
112.25131249213241
110.21901381414307
108.45836781063343
102.71025526408246
104.60914288137835
105.64674516540003
105.01224100513485
104.41597588096329
107.07976060019496
104.38643477524379
102.70950266978184
96.85903238162382
98.34323937927087
95.87749536255185
95.40720853757114
93.60647834919884
93.50421561965885
94.09390979933642
95.58687721791281
95.85363066439393
95.0486844365138
94.9742339893276
93.55137235414063
93.44881975081671
95.33688258531194
91.4085752653922
92.42323348737852
94.28195427566196
95.16840454481954
94.38932699764753
95.7116256901335
92.51742867944313
92.0512324958831
92.71640348607119
90.01601741653771
92.69130498729162
94.37245933047734
92.25831167911036
87.8084473314857
84.66762345375503
85.57221789590878
85.17660751707373
87.13942533250486
86.63491680927046
83.98438830805576
80.42227882321964
77.50662257629577
75.99940660190487
76.34124795021657
75.58310043623074
76.47771989581943
77.15968515028497
76.45274885268455
76.57695329726377
75.18203440905121
76.42023428588826
68.50479404148663
65.54861509920599
58.8691155921412
60.037700430961216
62.92557879199857
61.36960992764981
67.36595139054967
83.9511527819389
84.36749969776838
88.96207471236721
80.4528529710492
83.2729143301595
85.62746007416061
93.67392541336415
95.4264535000914
95.83203752191838
95.59573148335217
103.03325942352922
104.35302635002705
104.22409666524572
99.83054933894117
102.40452323255604
102.27021923973209
97.92918236101696
100.18256911097143
100.62469222065329
99.27718133411844
110.51733759903266
107.23370349451756
100.5436085430706
96.726472848014
98.18267891153033
104.4882213117456
111.1337133859473
109.9642476680294
112.31847341964226
115.2316672711257
114.81821602767758
109.91714801683042
105.71881414565433
104.47021165424106
103.64928503954866
103.77639822538401
109.48949006034518
112.06202233104085
112.80443969438176
109.93809540183179
108.46972702551557
106.94495063064657
103.25383669872895
103.2606567893597
102.05279318064294
101.74970121941114
99.96986114822869
102.23092669454762
100.82541590233004
106.19123498070769
105.76337783490493
105.4117932740643
106.23125346155366
98.06003038581787
98.87360495652135
99.02118604352988
101.42757967953168
93.96064761387001
86.6342776096381
85.5273556255944
86.73788789896001
85.46974106306655
84.69105078681758
86.5175144205135
87.4336693611545
82.68389421512266
85.81443651967899
82.1245454976907
88.57624496824982
90.83464771254849
88.65267991314397
91.87519522102704
88.71065865609211
76.81319368748305
73.44801010587103
75.38506064517549
72.87937784183399
66.75633557322692
66.2532825604491
66.99879414294918
66.14717673573335
69.37410185135113
67.82132541022499
67.43440231346001
64.95404922029041
64.63380580163573
64.00490156853212
61.52732524417359
63.839499037200795
61.778389554373156
62.21273880234306
62.69842108344628
62.937692799200484
62.23476704123415
63.14926336343992
63.7685192728891
67.32754110225042
67.10682984079683
66.67109979508453
66.07521931093608
70.67740505164771
72.77994458777493
73.80220014680265
74.64009898356977
78.21246834167948
78.61701854479759
77.4705455308108
79.41651880088195
83.28436871178404
84.33144706424525
86.89653435705989
87.7139927712177
83.79665159128461
86.24130102084405
86.09025823944108
84.25387599562407
88.65738261248885
87.27304475902793
86.6856938151467
85.1565813466483
81.0026043414532
81.11700037629583
80.21307640661325
81.77203066291975
82.7538659818938
82.03930773930358
81.97779069794842
76.56330837358695
77.6380486830326
77.31752283500748
78.84680888114326
78.83377310509593
77.38639791311061
77.84730992867797
76.12991525587734
77.07087979697133
75.32638698606848
73.62474434432534
72.77934538084571
73.38663328631986
70.9320987806014
69.73307865126003
69.81211277067553
68.77810382962679
68.8621890855868
69.38364122460519
70.64083407355787
72.0658417901675
72.55616649778506
67.9541970714522
67.05817554977585
67.48133100193388
67.38988076812649
66.02545601903864
65.3277596526284
68.28841973121928
66.68220092281376
65.67635998303257
64.11296852088105
66.6696935839716
65.05556571735144
65.73323945935863
65.23230573201121
63.71861318486457
67.46059851229205
70.59160729468493
68.32520461697908
66.94137473160063
68.73613214916156
67.21890111612439
65.12490433926297
62.545589887510076
62.32789783116879
62.71937513586203
57.40753402639857
56.96615933014668
57.55942304646199
55.10188612345221
54.85982810242157
54.88930970134825
54.95447500761164
53.071441229748864
53.51269875721128
52.37496607541329
55.407119770300916
53.82351401599171
52.6139607512329
52.513293542291294
53.63912572179971
52.65261565447841
51.913146472144774
52.637145917974834
52.051791934782294
52.48959865716462
53.106979444814726
54.151241527440966
55.700873959111235
54.735557460266655
54.840222934512916
55.49561994402727
56.74182725175466
55.23439899629607
57.359843560051694
56.60777398606122
58.49538880922256
58.29735373153464
57.6339090629364
58.06481792040597
59.50745427216046
62.74755194201208
64.2411787799856
65.94885051572552
61.770746647333226
58.192995970039476
59.02856016546309
59.77782949838064
60.39583025191541
61.9342205521732
61.55281383961113
62.17874114276475
60.603864172477756
60.656130168635116
58.54210683726001
58.42190034498526
60.47573780834546
60.79605946537174
60.61726492432592
60.358554744177184
62.011344836286696
59.75483897983372
59.937390944366314
61.17273654269877
65.14307041833109
65.51556094337974
66.67943685003348
66.79282850384905
68.61914245533137
66.68935754428753
67.39860923491807
67.58233987421227
67.91072633304788
67.03997936551866
61.48251933399888
60.617450362872944
60.78292670083226
60.5348425877587
60.013509374158275
60.67145368823884
61.14237644518022
59.96021572033112
59.4347968830416
58.87585106086641
61.63787972029015
61.74137978971498
61.283095173098005
61.687431009136894
59.996031419221346
58.97849846175534
59.95360313868393
58.9194232969931
58.65217547901221
59.21527612805927
59.60853215745601
63.27968319776098
58.453638551042616
56.97619074787439
57.65567673187068
56.435640034755565
56.437593497829084
56.623812330318096
55.98076403032202
54.68938408851782
55.3268321767054
53.690480264234616
53.25562173418126
55.83350160908803
53.96580225598501
52.1900213603614
51.32278978368887
51.8670641596684
53.785728894823144
53.80628943166526
52.740238114144596
53.2876906666143
54.5728811429993
53.97440896503277
52.94871259685155
51.496772818261746
51.353514207652836
51.04075238735345
50.88069626530814
52.850357991281484
53.563650673552786
53.52751590151018
53.6165167263822
53.532013396419636
53.84707190375967
53.23761798700929
53.726282339790636
53.46274761622225
55.80485129375251
56.2523396149162
55.991449851885875
55.24071585431669
55.83456921669551
56.447542539278345
57.472546166783616
57.35870890927532
57.148578572110985
57.662557665653594
58.97074862974313
57.683585048330315
57.012396600690636
56.91287353274532
56.98658665256937
57.85358163072112
60.91346219122539
63.02883450639587
60.91890796651711
59.60518691222376
59.90898863996995
60.36808284844341
59.98125949869262
61.16373630389572
60.93414851835985
60.41139371599576
60.45974519229958
61.73157820503093
62.327733928537214
61.16967554561785
60.31543383033818
60.54587057536787
62.31456087574628
63.20849368816539
62.90547756346041
62.19911307043117
63.70772771061644
63.274001862359796
61.77383174760121
62.32034034916893
64.34823234416228
64.7557297142921
63.50551532603099
62.59663246324777
62.778108456662835
62.08502731064873
59.37133285726901
59.355781723949235
61.09392516679298
58.14986135522046
59.35897994188298
58.91529445803434
60.10215539063707
58.49018559667778
58.107839956440195
57.168847677067305
57.566940128531755
56.738434500010484
57.24632071196034
55.96554067334427
57.22655111613894
56.4250002057441
55.568324070360525
55.12547204959677
55.15492438002952
55.51023336044597
55.083038284352355
54.38400985851483
53.90871440864164
53.9362720958028
53.65260605333928
53.639712500996254
53.53912094813958
53.35371119338509
52.57398490352393
51.76276369573859
53.518409224622786
51.83987018009564
51.3466495676754
53.3212653547417
53.47072492483595
52.61278542723147
52.701642027901435
53.41230265989159
54.418397459735374
56.27902747166769
55.96494839070115
57.871207022156995
60.86918836683032
63.43049934523193
62.88079427668107
64.19574572016452
64.65042854960257
68.04257944737554
68.81249629333283
68.97734981261277
70.66039186402702
70.76026833929986
71.32156720307876
76.64969856867668
77.31817804058477
78.04393196619615
78.7884022041635
77.62843730529102
80.10071034433292
76.83789295796578
76.49546554389951
75.7275603586096
76.83760876016163
75.3037250073221
77.3556910631633
75.99175082138981
77.23809757637889
75.76618384690391
74.77619320603424
73.9988057916629
73.82989150640792
72.71377379059959
72.43810878380077
70.447534952186
71.57503121311717
72.39741031104586
74.65885013285589
72.01833858177527
72.6745801817296
70.07281774250356
70.3660680831104
70.17272338153134
68.75186538283452
72.81077059637346
75.01765095986957
73.61428173060784
72.18935759881305
73.11865613147755
71.21523548001065
67.11272598555112
69.47378308870627
68.20554590286451
68.48663451619723
67.33036943882587
69.27065827105747
70.14170057211663
68.69958318800096
68.40255423632117
69.63130067061036
68.10361993054421
65.0928545814068
66.37664692263576
64.72114378701909
63.01285983049366
62.70892737062195
61.80703388235823
62.96267624456543
64.97329481259197
61.26120714983312
60.12571506765708
61.76976261913893
60.591328923151224
65.37033642173391
63.6881842447982
64.61927195282522
62.65755206360982
62.512856845114825
61.86265708078833
62.04031862033485
60.8572141644815
59.42146206329876
60.25699330598904
59.66832673209435
59.63985219602789
60.26947879943226
61.08840356255363
61.62618780385286
60.79171794349486
61.29550820253264
60.4611075787471
60.42253135945127
59.3095985329912
59.23568508867146
58.04666714398652
58.86756905186527
60.465468844407674
60.77684511424922
63.18744365031246
67.6370819500089
69.48963132533066
69.75405504759965
70.35563433586503
71.87828648502477
76.40278218468637
78.57428873290655
77.58000450388727
76.79380316279628
77.4158095206576
77.80044231633445
80.93116422743464
82.38485073991154
83.88880923742681
88.19353548147974
81.52340956091935
82.91337743699137
83.23665875251368
82.56270172073562
85.93550572855473
87.85593511327983
84.73047832995498
84.10861515998721
86.064286726717
86.95868117772648
97.4861846566659
99.47399304907583
100.54342386532448
101.74080668400322
105.94159093217786
108.06365160620776
104.33140425778285
105.91049886766011
103.70005173373929
104.19843284891081
102.1126528528385
101.37768634727267
102.49617940115068
96.12137400147004
94.47958505961734
91.80106088841673
94.27513722739118
95.55329175088256
93.0562578339487
94.27534748094598
89.3847332447543
91.88954682082304
90.04202514794588
84.47226991126698
84.07983558333544
84.98292643235645
82.30136644830986
82.18059236624566
83.2115524841368
82.77082703591358
81.69589046448087
81.12842365654797
83.07139056595665
81.35954065820755
81.39988671500294
82.59872131191806
85.43283014554765
81.3042657670967
79.79110275077102
80.00249881603933
79.57080721040074
80.4557813246667
81.61227467775143
82.46009684693388
82.06369693074204
79.23600398153293
76.80815899359462
78.25399400322914
76.88637884925848
73.61399141299493
73.18537399465701
73.05818705678587
72.55214216564895
72.58302851459402
71.36254794444065
71.19768096327947
70.31396296501843
68.3872756000562
70.3123674680719
75.80991633697158
73.39079132982422
71.8208523025499
71.28184454033872
72.28804888924657
70.82581165714528
69.6257778437004
72.73449573541365
73.70650734424692
73.7186379615944
74.1899318040338
79.670680478994
79.8275809816207
82.25309338483504
78.52505891263003
77.72495316575684
77.74333728063915
77.27607166098834
77.73901587128023
78.98982374976833
81.58696568128988
80.99624530946825
83.98141508000396
83.24872746982493
87.48684758817267
86.37502863155657
89.16461603415263
88.00280306563218
87.64787814027011
88.73785868813137
88.20639275012468
87.85751500098564
87.67649556333566
87.68738256122117
86.14794710377834
84.5038068508706
84.87863926764803
85.28811715667018
83.60688252610902
83.21968977469487
83.78094243571394
84.86102700223876
85.44418353668141
84.42730938657843
82.97804668783067
82.9582500313702
85.18514922909043
83.47292438621622
82.92510687345003
80.68260723784857
79.0955744377242
78.72578212526054
82.65114798599566
83.98629970256633
81.84708424128725
78.028536009032
76.49737484158959
75.67329290180889
75.10433759752277
74.30924679317604
74.91905729734503
73.63840419568189
72.85998841660376
72.442867427603
73.69461498389222
74.22195574496376
72.81490748789975
73.39817587680488
71.89770130574283
70.91181034422813
69.9368252939128
69.56693588148278
68.18875203012662
68.91327487348966
67.09217876990725
66.71062301631693
66.78165538142629
67.24835843606189
67.12387498028492
67.43688636485223
67.302206969131
67.3773562721821
65.55287357684018
63.67440862865863
64.63740181554681
65.48904384432771
64.35403999529305
63.552524353779624
65.90073278601344
63.760088015206435
61.99821093485264
62.49888905011502
63.19519936416557
62.365776407642755
61.119648810462216
61.08356772111552
62.11671655343878
61.33004002518308
61.13466821828958
60.46151430530432
61.90414825182278
60.90901987677327
58.45667067021655
59.43545461466644
62.07942267906
61.736084235273594
63.541863921239504
63.96580270248751
65.83694503452972
66.10376610715093
69.51887463689525
70.6822391298137
71.57800216543632
73.20559540788577
77.1558638140273
78.52617533190255
84.21374335560492
88.4259298299146
89.61868103635959
88.28547028738117
86.68018359915237
88.11211741650493
88.09859123465024
79.9378377815857
81.60038358075359
81.78929948051413
81.77558367338148
81.09088388327257
83.06699869989339
82.8955396546927
82.10821236845499
82.44350429936804
82.7749295617972
82.19952864618477
80.44429283560703
81.32987690018433
83.1200595970613
82.141024548693
82.8378636170059
82.85899943873227
80.98446145819355
80.43508097011431
81.99482116057962
79.72456002033896
78.71549646866879
79.40158832702252
78.38525615971372
76.77319254093516
76.12375441681911
74.77745509848111
76.0427488095036
74.71010735901115
74.3908794123012
76.13869088442061
72.45092134446874
73.55875377758126
74.37367402812652
76.12728988939055
72.3575878508451
69.98448515307139
69.718384685552
69.24369978569455
67.47602479648121
68.37927052661084
68.30253475802046
67.6414977471233
69.2533898276049
67.32103619528613
71.25353731678439
72.16495370870462
72.9559404312117
78.50554181526525
78.10562495676014
77.26384115829651
74.89436117452826
73.27258837927874
73.96274995217271
72.5456566847686
71.21889604211496
70.4268582969827
72.41416586413892
69.35735108608051
68.95057256733449
69.59810013394247
69.9416460775708
69.84965271938421
68.07855575411033
65.17972675343552
66.53424934115378
65.97039545013122
64.10477989277435
61.66658435271004
60.390253624911146
59.71174971569973
60.183489800758686
58.22770193303449
61.111068011489955
60.91493129532376
59.96560346050195
60.95023098847445
61.92573613260357
62.02332386936678
64.08106283955993
64.2462479789869
66.53077090906567
67.27855225508307
69.68517352209693
68.76601768066621
71.29709255920007
74.00149289790097
74.70240674240176
75.43242573426409
76.42144847934782
78.66957269359705
79.81335533670546
80.80688653516512
80.75120383565195
79.74348745516613
75.2372961209411
77.21536510850171
78.38043395117046
77.54756148483574
79.05380994770775
78.57173559125278
76.69059414519705
77.09051833132526
76.53332943431951
77.47648673466387
77.91821156465005
77.6502841811133
79.34917908751322
78.92794058718005
80.68696917282966
81.08730301867348
81.70050380414219
79.75780864543998
78.31191767213232
77.7942641649347
78.03765026563019
76.54741751648521
76.4141394512231
73.70641147504216
69.79190401439735
69.18393019895217
70.45651106909435
71.63053704292923
70.94935359936824
71.43294765154923
68.70173191128515
68.89135723932657
67.71206629236804
68.34651771357431
68.92013401410071
68.066854532148
67.76490446498042
68.91422396046829
71.15630937116896
65.97366714057165
65.56001395806612
65.53806602374254
63.289765985392734
64.05505215413177
63.97833473441881
62.37327715575708
64.67360487606697
63.39273102853241
63.79241722763038
62.76240319296346
66.55440524309296
67.51999958007787
66.56213770888081
66.19045449249872
67.76972642517809
68.31023915967407
67.47042205611261
65.6816482219231
66.02025365225211
67.01758526659617
66.6722577704164
66.34901271921478
65.85057969148056
65.40855430229828
63.705318223801406
63.53096188064267
64.29861152443522
62.1504192342163
59.969366910754395
62.41248158690832
57.80161026067805
54.933258721880115
54.16150820336374
53.52528675692561
54.69289835207757
53.01204644410884
53.75768914070499
52.7001911781546
54.101631359758514
53.52862109987845
53.54694918356152
54.004903029160126
55.116103227051795
54.67410117060205
55.57537979292904
54.46089232776702
55.761626791375456
57.77546434928178
58.00022577600543
56.3327224225697
57.767714229494686
59.537415948876856
61.54993522271701
64.29778297497603
63.63768446557725
59.93804936365353
61.56076723038393
62.27916321329104
63.507073295928365
61.940494646543186
62.693820001899155
60.08060397028521
60.81607755099395
62.4339272221323
64.07461270829214
62.386326800677125
63.34744023158072
66.01278698622451
68.75861813552456
67.474533016137
69.43150877369612
67.73753377080777
67.6966555171907
70.24333459183663
71.49225182158625
69.59909054450407
68.25878685856696
65.06091676253806
61.97625750143578
61.634293396644296
61.59327027331045
60.32396208641461
60.60836271386876
60.90560101579416
61.51010645005999
63.16948736479537
63.629500457815595
63.707481905942075
66.22573146911344
67.4919355959662
69.11219472507884
70.52677272496476
71.05780469848258
69.42741731958142
67.48197378710671
68.90580527244032
67.53842784685912
63.588524355303264
62.774848139400746
63.38727605846378
61.970785549449374
62.24900955605074
62.86750379236611
61.93309512226915
60.106476471375515
62.11296641147661
60.29345681560086
57.97585489241442
59.67971446932177
56.8375339563181
57.17706138289953
56.3434495882665
55.69410780087918
55.67069069441149
54.37915916002027
54.90961128006218
55.68307042080012
57.08527639754277
55.302211293038816
56.348488338272986
55.21797113526327
55.14608567599032
55.09383605928102
54.78666677736387
56.27367780760714
54.15107119252406
54.814248450942515
54.76383411363334
53.01926628779272
52.295448112470154
53.90033570339857
53.40070938868102
52.239214886373965
51.04066850013444
52.168502818200665
51.01410964430692
51.80037445889366
52.76364321387926
52.941733914966235
52.82165731695268
53.471165366224454
53.349074932641855
52.80672844850681
53.67619772474035
54.786067408870224
56.90156723134607
55.740742867742085
57.88842984005717
58.55323480820243
60.16380170206783
59.2457409473069
58.919831195397876
59.75028343007705
59.43442509709678
60.5790512077628
59.705773609271205
58.68092907426677
57.7504116920627
62.35845168216332
60.34017578918366
59.37368881486165
62.27478207226591
61.387311182598864
61.68968538095231
60.49566755412218
59.8031800562639
62.68843970035107
63.25083767356142
62.533242620356276
63.319925660279466
62.216294556250375
61.13162693498512
62.40169840042864
63.54937494675141
65.23600579970741
63.56802197758168
63.71845694174351
64.47722022694563
64.91044029482134
64.11346108272028
64.29905029148557
64.2680898706713
61.67139877373921
61.11258349101058
62.36586834926055
61.570443355787006
60.79367178906989
60.95647141420096
61.86592998164855
60.82049448311136
62.79343749537105
62.62487112469563
63.222043164590275
61.827149661463295
62.378667721937234
63.299657113232854
61.558226914228044
60.67698932458342
61.28069302809405
60.362331319297425
59.918507914445854
58.33706885326586
60.60953885893798
61.143056817738
60.35336950489548
58.48561117790067
56.76116049461257
55.7894265565555
56.3426415473533
55.344821780045976
55.437727470460054
54.82809863359226
54.90767730807238
54.469778363136804
54.527110239177844
53.18778701443163
54.70039162293094
58.520282331028376
53.07204977894486
54.504743933626685
53.08992655965732
53.62678280835647
54.16755827301255
53.22474210814119
52.93043869406126
52.082424927282474
52.51378559979876
54.744487663585865
56.74736330917531
56.540882825241994
58.817227100421064
61.48370001153683
64.69094754595773
65.28114553012881
68.03098052946905
68.65804089847359
71.14040344032395
73.24585859313333
76.73883632272452
78.2166795680302
79.69872296504002
82.08605598324834
83.13099231891556
81.7162141719835
82.8586550504887
84.39873891223993
86.39157350349532
91.38790670080266
94.31856446218524
95.09095196748291
97.09757089927707
88.2840714261596
85.05294030498395
85.3019108438632
86.31984776476602
86.69334253541992
86.74703752474844
85.20747936886393
84.8267557644831
86.43398310714576
87.88058695369409
87.58212053294102
87.00087986545572
88.0253775773258
85.51998151356761
85.20343470300467
86.19268133939022
85.58876137830097
84.23613673325238
80.62311983455788
84.81879994318791
82.48192059480732
86.91141809374676
84.1019954199316
79.90757401322077
78.49536025466409
79.73592262748527
76.91468421503133
76.40061768185473
76.29954805066605
75.89636184503883
75.57085816552524
76.27895718181063
75.56340302156894
75.63040816815646
74.78723395367844
73.40210358611708
73.82183202748922
72.95357577146649
72.12215350650062
70.85317039638745
68.80442712371533
68.73577405441539
69.79676682634306
70.89485797881514
71.67375464099524
70.08999381998848
69.05796455833716
70.04894655171051
69.10544532070617
66.76644286481958
65.88671022688689
66.1443975639019
65.12196267239966
64.2249226495849
62.586988225931165
62.996429836590885
62.40439105470976
61.88060005908392
61.22705614947433
61.83040897500646
61.70057344815922
61.5393238411527
61.58051322891303
61.42876665535791
61.36098536281349
60.86101129894134
60.27183217218734
61.20251260986628
61.47867722817102
60.72298233414281
59.98816724218772
61.48703437080962
62.34381428131895
63.30562737503003
62.715712825321724
65.7402515425971
72.73129524043604
79.02884459007552
79.64207056314746
82.13483311576124
82.47178547313177
85.0497039250481
82.36195997017137
79.85324587895326
84.98317338516306
86.96386562225251
84.08808464555261
88.31895292802852
91.09357418725186
90.20950333541532
90.85465913151646
91.79158046317329
90.29433500004868
92.72765603436244
95.10364997660132
93.20848463645831
97.17696882899689
104.55662084667746
99.95987567381833
100.5906816200044
93.45757922076146
99.93310791516203
100.68102407700124
97.22539616900927
97.82643709980987
98.64858039120251
99.04286720556702
91.30103130255868
90.77223489019222
89.98362760425945
96.18770373072256
94.66996352782284
94.83115304460456
88.994197292573
87.83188264535961
87.73263379592433
87.04774880498917
84.10812879818843
83.15207320506096
82.6432824304278
82.43965282932288
81.99778746185493
81.30012220354905
81.64468882585913
80.59546573558674
79.9018180279802
79.82879699344474
79.31479918270398
79.00828914899212
78.5432630855388
76.9980460751149
78.40344376264378
79.33127793484579
78.85413974440795
75.54360912449208
78.96143493923529
75.80645405659132
77.01528182221854
76.96273454569685
74.31259303964163
72.72537703617036
75.43994913706564
74.2940669397641
73.90688271548898
76.53575746168295
72.71156701442555
69.99813762278706
72.34379360074075
71.00519043109323
69.97818371489798
69.44552089276672
69.49380463413434
68.56840421440498
69.42602340770486
69.36949032298944
68.90999408037757
68.43179424371226
68.03244486336416
65.67144240031254
66.63415751272913
66.92453619747539
66.645029256105
65.44347134486839
65.9464477601972
64.31789459486362
63.98716020823232
63.833804466274195
65.72556794947326
66.07958712556471
65.87468740367969
66.37141584160213
69.2278627058466
71.45193352261207
70.32805210540988
72.02790182779202
74.43267095878298
75.960875655703
79.54306515951959
80.2501379090109
83.70761611544722
86.55330510746052
87.59005111361292
88.39158422216684
89.77852821342128
85.14710012283335
87.77077515116741
86.90791536586548
87.93593997488105
88.42242959699101
90.29317125659306
89.32782487156368
89.16275548441332
87.9297294475007
89.50448752841068
88.96578092180555
89.13188629329395
89.47350708190655
89.87259717105749
89.03991998459583
89.36598870520466
90.443659579821
90.09978589766366
88.7506166336064
90.93150289361691
92.56341970575235
95.12667128198756
93.82100946455643
101.07137748511533
98.42272677739706
109.32139358414415
106.462238130089
111.49015066284167
110.66257306186995
114.45057693844727
111.19758854533937
108.80039451764563
106.6115025118863
91.54875393370625
84.28166095609225
86.47353487369546
88.88425587503323
84.62158784272893
84.92870030265841
86.17912499973787
85.51118695375646
103.41298748946217
103.07315629492858
101.80649825511834
100.32212655175377
99.61605390438419
99.10074275488465
100.81917712942456
99.96299375828765
99.17947825380499
99.46695670959707
98.27716717221556
97.74559970261447
98.02194201349317
96.32302872323376
97.12264310160255
96.87441283672355
96.75323773810833
97.38150505057673
98.15835972471616
96.7761628926783
96.53882194358583
93.79449567529417
93.63463662476371
93.99340362503001
92.82349325396746
85.01969911294782
73.32363896584422
73.41459435014842
75.34308648792893
73.10195970707599
68.1860406937972
73.02806123015513
71.05158350787694
71.05596931333532
70.96222243346054
68.67226800111004
69.3320549276518
69.0349276204161
70.88980210270822
74.85036931083697
73.6884761016812
70.15489392917685
74.72473368141874
77.00126384224187
76.48621067982747
80.33764937822893
78.90812777241256
82.34423878550837
89.71305840569568
107.29278308102887
