9.67219439039718
7.573013471330388
7.398107435666535
7.586316517270478
6.88827688458502
7.072455524362462
7.272034811936104
8.134705229830507
7.015906425287819
6.545585905137864
6.26489907467784
6.522381052788609
6.08071420257717
6.084202083164877
6.139041412341211
6.2923451578830125
6.130317638190833
5.225810944148863
5.314084960464343
5.815338897542177
5.404063415936321
5.4290229782617585
5.238096326758048
5.090327676992219
5.053504129696848
5.036876104995727
5.158832114048864
5.157639335045964
4.961904203256551
4.764412931049671
4.6491854728652555
4.617971664922111
4.5117962628935375
4.378947125298894
4.408222269237868
4.302192556211652
4.182706867207499
3.877306330349001
3.847419485191825
3.7759197124544936
3.7802585325693547
3.8444520637523296
3.7729611928736664
3.7358216152210173
3.7131865112078475
3.6923393476905804
3.722514692134137
3.6557637689402083
3.5923318979386916
3.568793141287502
3.6737009247090353
3.517070987866887
3.48623592376947
3.356123354626251
3.436251444807764
3.457972813059473
3.579733910976372
4.2221114068828705
4.53050035661062
5.481681377609325
5.82084522444756
5.676645198034382
5.907370783226084
6.033848064203286
6.405988024284978
6.25518149572246
7.341539831122417
7.6892009362254035
7.583167109975088
7.902121315926309
8.576740934166343
8.640568995605703
8.608820617475418
8.476319389307113
8.911749063619716
9.122678615056763
8.534747209894254
8.064921173193094
8.512195610629982
8.487483847303258
8.26719653481751
8.10695538118769
7.930871807580668
8.0954995606534
7.947903772361425
8.259197904349648
8.354646205215628
8.058390445372423
7.897081390170993
8.051425254699472
7.938447132007477
7.688054034025329
7.636702337185491
7.266445534528727
7.477416173852549
7.9023771404327725
7.8168127469703235
7.275975526549088
7.70835397880486
7.245943871007939
6.966312044897807
7.267881236767847
6.841824985459142
6.343636874598957
6.214295103537896
6.404667028900563
6.294830298116129
7.058960594968572
6.502495796428133
6.81806745683037
6.779514958518254
6.225375864833498
5.70165648641707
5.666828172402165
6.149666284638167
6.168649119538655
6.512561068843716
6.22494530132109
5.802826375914704
5.125883857007411
5.002349412685097
4.958375956879513
4.927012588469071
4.736955096630104
4.453331049203042
4.700907374988444
4.535172089587717
4.4250500642639
4.414234811142611
4.388895208491221
4.413700816965692
4.281602309216873
4.27200301156186
4.128343395349798
4.096103460255407
4.004306092017414
3.9156050454743316
3.914576794250676
3.782207849778633
3.725331261417467
3.540711740165209
3.417693127328827
3.375628343803914
3.4299484542725933
3.384896670148435
3.5047402619592156
3.231568986832798
3.2346348213910217
3.3067627003279823
3.3366361710556367
3.1015337679900967
3.1346872944162643
3.120231400851504
3.1079911467773473
3.666413988809559
4.401483177306062
4.476623662332495
4.544166031977281
4.607348565157606
4.942925646259789
5.238974298228909
5.092220925247528
4.615850749774075
4.136354462098532
4.264441946497904
4.8078609832505
4.939755356944116
5.001225637901776
4.676335188508098
4.7403846017703914
4.997200741479188
6.051023619830432
5.589823282116559
5.103053800356381
5.116412049734658
5.165054400845751
5.456897323211094
5.245021984417759
5.2126541241759226
5.139635349204007
6.049881185892168
5.936232242965347
6.046791555728267
5.670542969783496
5.915471768209762
5.977506072486741
6.286550000588611
5.835733568431696
5.571323331866634
5.288714833633762
5.059643441938242
5.270384767963045
5.141524749719178
5.06042267080051
5.262241664748175
5.312486398844042
5.218715909870552
5.167107862062107
5.182513469443282
5.226315219742883
5.273566222025772
5.319413709070937
5.282062949681476
5.10563501168614
5.046185025544698
5.119307775816607
5.1131489895155955
5.04112780077115
5.01444948823224
5.042099699460907
4.949248499352113
4.936067223920763
4.869431082832106
5.029380650937024
4.897173880219953
4.937243189552329
5.629828222011718
4.799627978772045
4.7613926271248905
4.445108217020609
4.482822816938664
4.746635906096669
4.733722239205905
4.625133790155888
4.5238480686373395
4.464998221484143
4.37329415579572
4.277884986728384
4.1997122901102735
4.140717027841031
4.219482238459912
4.1423784622194395
4.042531961191723
4.117581987691455
4.053148802989923
3.947080354241044
3.897632385195364
3.879066873438691
3.853139375254345
3.644793201653878
3.7839531011647796
3.7589421914834373
3.6678039508036626
3.50860608628247
3.4455054215920087
3.391157502835656
3.3872301672436964
3.339648451611794
3.2635483052240293
3.2906342054134914
3.3792179051707296
3.3768438891290544
3.354653444957781
3.4572248548410074
3.4789529549493707
3.522779282072948
3.5725780778381258
3.4920619541490923
3.6057479452024586
3.62298479672447
3.5680143338545895
3.9071975051458088
3.9123126406361775
3.883103617373144
4.172426027743719
4.111433215518227
4.070792526238164
4.158712422711464
4.180642355827525
4.223668574491081
4.414855419718448
4.487333428563137
4.388509218575193
4.435185131125452
4.528210402244818
4.689790557691701
4.637901982669415
4.613256985616047
4.599287307476622
4.856354164243549
4.744720793186844
4.789461215511943
4.818628166247215
5.017761232758875
4.894152381999821
4.887123382689323
5.009038225062741
5.025693764916004
4.840622215206856
5.124357319407172
4.8845053212767215
4.906548618771832
4.899304245131993
4.929390234605206
4.924963556799111
4.987270704044025
4.816755884088272
4.8938540719816235
4.771687456828571
4.743242291779571
4.794970067901796
4.8314117437915565
4.736240777040024
4.727774010484222
4.927942120596206
4.905212416267563
4.835604568904158
4.746979839381834
4.785394016700338
4.620874833875201
4.869319585344655
4.64513288290681
4.654992863625442
4.709250084493882
4.647357780772129
4.5948769637972555
4.560225960012911
4.429468610885512
4.439726999415239
4.369903795898464
4.64396879654891
4.410355623508649
4.165579123221363
4.190815447813786
4.091529958827302
4.060944559000783
4.128517399530102
3.9722456918927573
3.8220461251317004
3.724014271035377
3.6682860789249907
3.5960037065055297
3.500148823581191
3.389299926811964
3.385906658950638
3.437073841243852
3.2695047827977852
3.210901062080769
3.2432844727352483
3.209106999131814
3.3604910467124784
3.379916753434925
3.3514233864428067
3.2017155452730464
4.0829433209216415
4.477689459996781
4.4121013533214795
5.196530927000097
5.345467941673841
6.034556633149824
6.6174553362080415
7.6956557417046065
8.098295636850217
8.116733859748809
7.746889441599114
8.251089563038128
8.31423661383685
8.098644533099508
8.206078597319738
7.953070426387503
8.627006650077119
9.496127767851714
9.125361850648517
8.981633672353471
8.944828111607196
9.202148040341445
9.289803209319727
9.098679904739841
8.762891569141022
8.694561975167778
9.001319895947734
9.338117190689308
9.514533218129266
9.527682945237222
9.542526770327187
9.47174768125674
9.622478259869945
9.162245919052802
8.451555417312264
8.691884506331002
8.747269338022209
8.5664291159046
7.445306974767669
7.787312780852951
7.832956338161047
6.845971683599256
6.465974460915775
6.690806478745117
6.630163111997967
6.157641502945745
6.01656661027191
6.240524899944401
5.853420010825138
5.582855402198439
5.319415826241013
5.4087361601976545
5.40999373232566
5.618200237350998
5.320340206369218
5.316186183002565
5.324862364785106
5.878345804095975
5.708925477307178
5.572771535990645
5.263047325498321
5.598350871417684
5.229482434328479
4.974037077582478
4.831053698604925
4.738734605756725
4.680257824325383
4.638538736704176
4.8447029443144585
4.887217928909902
4.414433784101655
4.353028704884396
4.333598211333898
4.2750508224978585
4.406947264914808
4.231981775033006
3.921795208958588
3.860755703608978
4.012263165040606
3.9665636834779563
3.8824123252741862
3.8857117855227217
3.899776669731804
4.020274629576679
3.7267946085055583
3.7176609124174185
3.6345006046946113
3.7016289735881305
3.5976636535847644
3.450492418233981
3.4202728275571532
3.404898613568507
3.41212646285906
3.3580472680451883
3.236549747255563
3.354248736033497
3.673176999902891
3.8932396181832987
4.508682748421848
4.963784718203967
4.953376713859329
5.492345658382861
5.192774309563958
5.609125231595969
5.670372190647571
5.824495490680618
6.3137498042072675
7.186391406664161
7.954579178593951
7.452889239297322
7.549635392255072
7.780681737219122
7.606426257675429
7.214745357472432
7.609799246690516
8.05625981040575
8.05098864378327
8.314979780878714
7.968217876670468
8.03322134155311
8.381751442640304
8.888080895264405
8.093774213118497
8.504594590544894
8.648777900924935
8.979336227195796
9.1099432652585
8.65735810605409
8.725192526914071
8.675386391196856
8.228236684147067
8.270070842791185
8.63588685714684
8.38373190939343
8.283693305382979
8.338453270907278
8.20944382500427
8.296057890045136
7.9172233736709465
7.5677050265468315
7.627992291827045
7.672936856416784
7.0128769842754854
6.940686768808366
6.99450863937465
6.742927183878765
6.569178367532945
6.820171452719208
6.8029211271049475
6.681875478458225
6.085358332144685
5.592928900374951
5.698955182291047
6.0858258747663205
5.899373144667652
6.306384476408926
5.786509506658375
5.952652587827741
6.111945580271029
5.740971721586237
5.583236956262647
5.629921008759858
5.588050885849306
5.577799892980066
5.545355971124991
5.438244510946999
5.491271972483919
5.246482059344567
5.178031379650889
5.082544717111152
4.998154688472788
4.966721325022935
4.848046096304984
4.742154281933055
4.5366542425122
4.4347893950217445
4.476734354538172
4.335894263648752
4.046379041384748
3.939554511934283
3.95698066557547
4.15659418351599
4.070209270983757
4.019439170838302
3.876792463384149
3.970677291081393
3.962021321666018
3.968762833546567
3.862312686424376
3.832494795218454
3.871564408082322
3.936669101887403
3.9604228838194855
3.9100369374604873
4.194882323504613
4.910107086437107
5.706701855356905
5.668343433319814
6.234141647202756
6.522968309783228
6.876611490862845
7.7611394277050465
8.201243279338044
8.402707756030708
8.728266906837005
8.533829646013933
8.406723952309672
8.868539589850576
8.963530220008375
9.066535802933869
8.903690909013758
8.779487819903126
8.476345283418423
8.67385279449486
8.922575701591771
8.533042462977736
8.86894238095534
8.768393918521117
8.755252628023408
8.983251163038991
8.771831786903364
8.99638210236847
9.069776847750363
8.899801987918416
9.25933595761226
9.251836982590513
9.254794207800526
8.46925737564687
8.323203173774214
8.165851011208952
8.434425681158777
8.659012109440773
8.031718492613162
8.256681209933836
7.752727100610207
7.4461997207535235
7.260897921457002
7.0728513214379305
7.326705602945087
7.466106867632714
7.11323620901083
6.620490687996393
6.711111054800688
6.112782751979283
6.437511394846644
6.261002778244321
6.4878499549279605
6.14625569066048
5.992203347300952
5.71784565415845
6.05720260050362
6.532301438351982
5.679954066575928
5.910647227431417
6.241589686981608
5.868904024986971
5.739016192835214
5.390035277242127
5.3875637378792005
5.578768019923366
5.26383656823234
5.150859303131601
4.892952108936824
4.9178878384420655
4.8043304535442095
4.643346377565752
4.49521237599065
4.473476161323987
4.496963987683344
4.38337188648559
4.269472117145305
4.100769202263409
4.1670509909724744
4.042052987597518
4.129556510437425
3.956927406476979
3.9724590560743422
3.9898983399657837
3.8741196557143565
3.884818035675616
3.881460481306043
3.7383769955992183
3.780820883988234
3.6831934999407845
3.673278272098692
3.6809656480231623
3.593223338518534
3.5745850082578965
3.6019538022932176
3.7889219616750958
3.915750232664008
4.626682949629944
6.994602742720958
6.608675253479692
5.924861972528108
5.3280821187673695
5.386405323168796
5.439945951479138
6.394111214578356
5.712059462480312
6.0808630180349885
5.452121736465807
6.364957170530317
6.311836684636747
6.3018025942599145
6.166409502186708
6.613820957348638
6.078961203552631
5.871632921784402
5.508170412961772
5.5312829622386435
5.927030938106617
6.144598417846443
6.485900514352319
5.7277241839527075
5.602695434038749
5.665254700450081
5.767483804619583
5.289746053628266
5.307875324077242
5.31012724792234
5.421053492954093
5.262264967882601
5.157605581311475
5.185356704878861
5.393602822634187
5.547139582953271
5.296053949658346
5.435865152854684
5.422699066428746
5.427758970235456
5.245573722849439
5.322111603618809
5.158892732534273
5.157345926613524
5.2080715121455095
5.345077384442935
5.378642497573879
5.43015202766692
5.4582342045653425
5.3729492711269815
5.460232216641102
5.490692011763313
5.33217639847278
5.350238846841197
5.426398368306516
5.285209693444152
5.287005768754948
5.521979894429914
5.648431557625127
5.500870265597217
5.366208692923172
5.381461236562169
5.399287107582274
5.284262991140836
5.339558194365061
5.137438322566092
5.016573220100238
5.020184158064718
4.936690899460541
4.767233090649862
4.818639685959579
4.696806753455859
4.61630695744364
4.547817135523207
4.485049577586352
4.4581820505928595
4.271347575366989
4.1651799333840644
3.9608161974300478
3.9892188487021483
4.049454808202436
3.991921490768722
3.976634703288705
4.051081962963848
4.077321698287299
3.93821076822808
3.9289989116371813
3.833002431003538
3.814027644665093
3.7816743128288155
3.6804357870866085
3.717844496355336
3.7320214904983655
3.7286578520069
3.7626778144326956
3.94253715479249
3.9949042241929154
3.97069436504685
3.9713552992467234
4.083606407455291
4.219647481977021
4.267017305071474
4.3771898865115535
4.610972500940852
4.691005987402103
4.774652341821076
4.821372568476886
5.125346578552474
5.2664571728919185
5.354828369582511
5.328886436870385
5.317278425704672
5.361233518336281
5.434597342325872
5.504269109818055
5.466357893960069
5.392814954333302
5.474278973214781
5.667029298732466
5.659774861794254
5.702982611238709
5.6133895486549115
5.606914439232656
5.69323505802549
5.629446279702018
5.602124485002619
5.614371491286871
5.557318747155698
5.703679809552517
5.8810956708884365
5.844000127609881
5.586510096024705
5.605252366602716
5.563234218357734
5.39084011281837
5.814656276228387
5.701641038094925
5.7274918011292
5.424358458409986
5.846175820483951
5.722348788586023
5.671039561203172
5.54401303924553
5.797301903056112
5.805393060815768
5.661756851927288
5.574666700409378
5.6211028913180145
5.581377259977078
5.6305570193694985
5.774475426380165
5.904250399077753
5.790527748174311
5.8920170490543695
6.242016274022318
5.957371955033568
5.744380205036203
5.808927393801929
5.780210181457163
5.920627580655933
5.763334281834329
5.549970423237024
5.433926391032115
5.36893820799843
5.077952704819405
4.837282644914932
4.757597207511374
4.667415531120952
4.520429031681459
4.3493615426487064
4.322594848404999
4.147231160229593
4.069833677779386
4.037903406841361
4.042198660402788
4.028871688066156
3.9407678308378773
4.005670001218701
4.109692676483739
4.028905228621829
3.7530166734550714
3.68984720482639
3.551750426370089
3.6104927169707963
3.6093510157767317
3.617963891989495
3.698988273807876
3.564963256752273
3.5559139151908328
3.549333322970867
3.527820494149088
3.489225456637824
3.437996816739861
3.615912612500797
3.8763450139991242
3.9281864363598005
4.023705371746093
4.14325460723207
4.191902422985475
4.39889570692399
4.582228360684618
4.7596964856463435
4.844524787265204
4.743903189456912
4.754188386553674
5.180753615881595
4.932021586312768
4.757087827581226
4.71514101825815
4.928224923434133
5.0447435264142095
4.943149592794894
4.975227840385533
4.814482569424608
4.960232130683414
5.31788281537745
5.409755066898796
5.329482189857438
5.41450342144591
5.317197642521623
5.358178442998924
5.380322938161483
5.468206442738541
6.206224810962686
5.843691449563951
5.4194253696856425
5.649675356195211
5.572482417209318
6.051368481525998
5.844845040250548
5.7225194232755
5.907854959355196
5.841047224628093
5.533404411860395
5.561711132570795
5.538318170261499
5.331680457739406
5.402372963208086
5.562060076981282
5.556764325179939
5.53324209318178
5.361000132523398
5.334927865605274
5.223884935048997
5.2158966940707785
4.968324915615227
5.119399324398962
5.265483682689211
5.031130987350934
5.363833759526118
5.317765167350682
5.173430836960128
4.9805071792864855
4.843018173841638
4.76861132241427
4.91788112120827
5.083447798371215
4.8520959799739645
4.672991842669866
5.336264815520075
4.593351851016472
4.488026851555897
4.575684854046651
4.457056156834032
4.337811308011013
4.1978069348566285
4.193607573447122
4.024283045623231
3.9712245466579263
3.9069088400748613
3.846178402458368
3.7714006853424253
3.80311694575087
3.8554232343517656
3.8525000519010164
3.8425696567428185
3.803365854198013
3.6808772377406447
3.730848565873532
3.6432626303579476
3.432975774931388
3.520677135620305
3.497435774087024
3.4334744078370854
3.5165938097817953
3.468262843853761
3.4331635239475937
3.436173243666692
3.4251933103517063
3.440752580592223
3.4040054938492172
3.5942226575863176
3.6440863043353184
3.657839664134771
3.734794083376768
3.862687455526721
3.8244245807972517
4.013021431440362
4.053083240589222
4.122391638071927
4.246237416941742
4.358103546102375
4.389715209398369
4.492100792780419
4.402889907986681
4.420557607689782
4.500838020397737
4.471493130438596
4.356371960364653
4.499019238984485
4.526378852944758
4.502599491199896
4.457690231785443
4.541646182681117
4.68390340194991
4.885542413075295
5.135920098484687
4.861525802957863
4.8942126080182575
4.951662522117723
4.779774415351914
4.710366357928191
4.995122051337013
4.727616104089144
4.610804328266857
4.639613322294445
4.4084931818730375
5.055576509712564
4.976148407048958
4.79223329903869
4.523464708711963
4.4610577261749915
4.675368679932272
4.575716434722243
4.540446592843197
4.52117055982177
4.645412045855203
4.4191959465758295
4.609160085381401
4.675549152854416
4.589251089461006
4.703050117140808
4.645276012433755
4.50493099353479
4.551329026544286
4.812460779679256
4.896994344502431
4.475340985270633
4.402409890492254
4.451299659197297
4.5702232784534775
4.391804625169435
4.547373258187411
4.457287512137455
4.347384437226829
4.208404299724569
4.114165818263804
4.0148893211301155
3.900460437850981
3.869425113453246
3.8015111542336384
3.7676480706947038
3.7559041628495997
3.606432449001654
3.6029959188306564
3.6276148114492797
3.4743605116583502
3.500464045052318
3.5194749280477406
3.4790210076491803
3.351281702314715
3.1002967169464917
3.0210578159259787
3.0085907478668257
3.10504093867733
3.0230098768472486
2.967628297923164
2.989332109922208
3.0579038145249844
3.1402606314901327
3.4161869132001144
3.8404834701129658
5.015681097428403
5.052042112451726
5.2970663351669875
5.788966775551817
6.083783765505066
5.8691052793560115
6.20588478458084
6.095325062279497
6.492245749579709
6.754899841412516
7.321535242881455
7.3543080843040265
8.193111599995632
8.02245211263667
8.016783220203346
8.012162175908955
9.086349889772567
8.847582049707707
8.459233541753695
8.582384537638024
9.16615859812102
9.065176945115148
8.766043946519632
7.420563859755938
8.017748715567901
8.380607289703963
7.684367833915658
7.70272445164593
8.271812873846466
8.25140976477563
8.636125105870283
8.312417329946776
8.71281114585462
8.659937889654614
8.48015757984824
8.154804634394683
7.672329994458798
7.7119976970536674
7.449516530200163
7.677809527924088
6.936409917240711
7.025530387450863
7.648277116385471
8.010592807595073
7.475576487524455
7.790585701246243
7.28688758268602
6.750515142046909
5.834555376728513
5.842872362856004
6.903328214471636
5.879671356272872
5.197164163671899
5.247109165200054
5.103368734977356
5.24309531356039
5.682052309907717
5.689896552880493
5.843982021105353
5.201769484732084
5.287303132130258
5.353083684932414
6.191113656038724
5.7202024729107155
5.308540535796434
5.635593650270402
4.902593965302641
5.148099616931464
4.887208666411178
4.520052558243148
4.35451772454825
4.254617685393026
4.095986478570739
4.128699995797481
4.082788673996332
3.9013356461687962
3.8808140482867017
3.8795625138896597
3.860863203413736
3.8786373097521927
3.7819307294020486
3.6517273491905096
3.5466481659367566
3.5455171481542953
3.608727437484644
3.5487655524053037
3.576131726407033
3.547006691210651
3.5110931505927803
3.365029970333729
3.4447544155652143
3.3842921221376105
3.3952903467850843
3.4651056510685274
3.7350628211009806
4.035979079618673
3.302220629242104
3.3479496988503907
3.522302968697075
3.5343361639084407
5.708820543333594
5.885839136622943
6.32937863533621
6.3904532582510045
7.914726835899393
7.381717624453112
7.268367924093553
7.219695488834362
7.1435149227752675
9.193270725967896
9.442767735413383
9.276900256425442
8.290702048755916
7.294837008071723
7.354660170905198
5.439834362089667
7.272265014295556
6.587389586191661
5.689851229479066
7.938067073897071
7.8065282877832525
8.080792065085607
8.70439674147334
8.895301237526413
8.777593244531271
8.388956568385595
8.311382279860439
9.260253441486535
9.033984878975343
8.822652820500082
8.947998049289545
8.099911334031088
8.302794216023079
9.160542129628162
8.14278147481597
8.081887440841818
7.8825218504879
7.554802044675243
7.716835543838451
7.423173130397921
7.162629070808923
6.711888691636321
7.327426366143751
6.733076917474198
6.520628225479048
6.389128234567803
6.005705070372916
6.348899358100842
6.360820293432977
6.724945368837617
6.505381582273048
6.161299605461324
6.6548823188904835
7.041055555790151
6.8680369646813695
6.534440733168437
7.131362686995189
6.888801542618945
7.074391468163007
6.880334222391913
6.1511610545660425
5.6740279660615816
5.854732684078279
6.049938331987239
6.55230653569619
5.822369813928029
5.538524745510926
5.202868722434241
4.974818888944406
5.099563931052449
4.497727244139383
4.90670952107532
4.403832211700101
4.364573161678764
4.280151016735127
4.237774327366618
4.149873205408262
4.0434429214186025
3.9305765494792184
3.805981572044165
3.7699169426066956
3.8296567666705372
3.8018437687865134
3.6958238217582577
3.75419167844531
3.6490624420719637
3.611822379737311
3.8101965323953815
3.648823218527378
3.6958761983902706
3.7524056494939533
4.749981602902353
5.19407888213187
5.417590664248158
5.924317505859043
7.558593797024973
7.628121834255218
6.686030963222614
7.218158529996746
7.224852459234279
8.355333324916435
8.409386490811578
8.819468508166239
8.608184126022884
9.609662653088174
8.916033322690463
8.413152363380867
7.8376755914210205
7.981003059324091
7.473650780867726
8.252949817537125
7.76816305890782
8.356854874178524
8.027700788657501
8.317252203595315
8.85218871023573
9.758023224793469
9.700733406544165
9.295556882991892
9.219479013228193
8.822089315801367
8.167535533551563
8.2036528035062
8.465031730647235
8.629073553148254
10.683834346071222
10.765142819009766
9.85793215406016
9.181929539646008
9.138006118914902
8.6001268241973
7.88553985274325
7.615963168180487
8.11911196322101
8.510050896045962
8.177046512717878
7.974893007284969
6.072789870897409
9.000710665196003
7.091003235092182
7.243353133457306
7.3346325367734435
6.9217131495270365
6.819878402319407
5.790297926591133
6.089370044809264
6.254201824168795
6.006063146866649
5.7894748529940125
5.891930906158177
6.06701052285322
6.256730810004796
5.826928987723044
6.251402351348392
5.689383686551634
5.678886019502179
5.749686721315175
5.5884083980572
5.394113748027071
5.250146193796576
5.207490016295175
5.077114647921329
5.053974506780222
4.763731011625543
4.590470588244189
4.516207083975016
4.499037937613889
4.367358838850804
4.192414808904495
4.2426970793755965
4.149985370803504
4.103464706943353
4.0234546757152385
3.931446351993827
3.7961765984518023
3.7530903451425455
3.7707474501969096
3.698639383526061
3.699285200468077
3.643116971040241
3.6443484291131547
3.6838128907469416
3.6153604575922635
3.6192720204035616
3.586451412397965
3.6756746784315473
3.621980021016139
4.228760097606762
5.0980212107656975
5.488607817949224
5.554528634964116
5.342153263685437
6.483550642083621
7.337121456931006
7.165889530093414
7.44443939934488
7.572488845468531
7.837572131055893
8.178305994851598
8.282766523316393
7.88253993972706
7.902517317378222
8.32119914600187
8.442452057229662
7.827755902523896
8.259820513346058
8.13963324549859
8.51443381246634
7.218138314532764
8.091046850229679
7.947783021520293
8.370044698579099
8.08114082418728
8.23037288071682
8.507066681234882
9.647794944306943
9.050519260437277
8.965814775206306
8.581949460118532
8.902231568416596
9.10675464208106
8.638077442188335
9.166194430731553
8.741699649310817
8.971536327104147
8.860681082501095
8.618986364386307
8.006347871443493
8.127598737219891
8.46202875944861
8.54820796876791
8.255252469895938
8.128714833065933
8.427036236080792
8.166134119982427
5.786226267094353
6.430021849388651
6.3310414895238925
6.459060176111649
6.2109577776655005
5.480582651694506
5.650941994116686
5.656374053418802
5.824509970808612
5.83537442007548
5.6937540892560285
5.87940612028883
5.360219633724029
5.331841924631107
5.481022119094845
5.4199324669579605
5.503765322084163
5.426314016039471
5.296595386067572
5.447794851121301
5.384179603711805
5.045622376706165
4.974724314369638
4.860888862713167
4.769212021586349
4.624901432090043
4.751550166651724
4.486077286357775
4.379591782891314
4.193081933859886
4.24831304138782
4.137528434803431
4.085144861516217
3.8714525948258434
3.839533086139405
3.7581229890036796
3.7209038414719298
3.7694000221947923
3.76906750347744
3.735410065090288
3.6842533226612733
3.5941143050965434
3.701034855005827
3.5785642600502707
3.422862317724516
3.4489058976308433
3.403724808207117
3.406258327122916
3.622506273545905
4.514545095890277
4.9632707723628
5.074460410777532
5.662412026493517
5.798096712961628
5.769673992243795
6.831388496045345
6.650665679678648
6.409348312933905
6.848160374955538
6.671736765346807
6.628169154663804
7.4215752106601505
7.89104328149131
8.394213058207155
8.210475614691946
6.824991646748878
14.720718770235269
7.356443593626242
6.767783039750125
6.389332046002901
6.6026998668418635
5.549687282799954
5.425515756311013
5.636549813253934
5.565764488307635
5.6545719720075995
5.63052878551041
6.208539665645703
5.601985163677887
5.3841720492073675
5.431551073177738
5.627902973359459
5.548408372013817
5.348848136197769
5.619089828918311
5.412430204921589
5.441523918304598
5.334178785442024
5.21794555900509
5.049892003777126
4.695427021894119
4.677680654289878
4.508914564048209
4.388012171983111
4.354906014603781
4.287367232348564
4.275961815142929
4.127823998158384
4.002792816763766
4.168974804328744
3.99147809223123
3.9754795897241557
3.694162565848306
3.556523490350801
3.569904750288316
3.5919448557198623
3.624232937208975
3.574174389227444
3.5248337087324884
3.4227486848537247
3.0824307173778456
3.355705999046449
3.376517294600585
3.30711129100442
3.228939684933598
3.2843940760938577
3.5128352097317914
3.3729992876283323
3.7532324016532637
3.7781787526393673
3.94769634825092
4.741202859423087
4.129006368469668
3.7615242375530733
3.8427488545010076
4.001663254734954
4.405418985921359
5.0014321762128775
4.5103157133440686
4.988208543902333
5.179751910384476
5.572439739836409
5.327830170772424
5.3086090573333955
5.166037895824038
5.484926906751844
5.2889513642917185
5.280686528391644
5.125320236650506
5.586356083320767
4.3068214097106825
7.309361530068834
5.834011740363332
5.770196529038645
5.529065612792368
5.432485801063164
5.803212005961527
5.5635971226535945
5.700868474194767
5.736528845491433
5.77730985025623
5.561316828027026
5.640107928640108
5.014363026778531
5.269821895512549
5.502175214776056
5.764606141662976
5.060130372431631
5.80373370876807
5.133278293827528
5.003711168211353
4.882879015100896
4.753175953881326
4.810346384414919
4.80574118941055
4.7158123501585045
4.623126899902406
4.515066782712255
4.629065574439524
4.599798133081248
4.691102813863326
4.939997295688575
4.634468111757717
4.75382930284807
4.720635036747553
4.6606673979275115
4.576019380447057
4.81585168738864
4.732088961770687
4.4267050821229725
4.665168435195607
4.48308594171708
4.521487351705698
4.5121368113558615
4.473018924350199
4.358308189341224
4.261285873963324
4.343560157777253
4.329479649029538
4.17703370865405
4.118842032027444
4.145840549099574
4.147591045268704
4.029671289462816
3.833076198213565
3.882864780386495
3.8847970741893176
3.8302823245584183
3.709706686941217
3.6038276105055975
3.611791008407823
3.53989687886821
3.5385404113584804
3.420957572715259
3.5091965694501157
3.5037159059740732
3.4922732122936226
3.4103314405516505
3.42099880661675
3.401792732230549
3.4891520126716893
3.469416053208629
3.2517397756937036
3.2524865051999186
3.3015774567145932
3.292915029545815
3.3298848300723742
3.3529611440161324
3.336534499773709
3.3842339952273734
3.4055506467868053
3.497832886366281
3.5580574945834313
3.6360177180693376
3.706146566807987
3.6933048795500274
3.699112253416629
3.8017194010677935
3.806370531831049
3.69627111566696
3.903408200133574
4.2802165389850275
4.445124499367664
4.316205014232153
4.331572738834841
4.324285143623298
4.565366362810305
4.659256165255959
4.509628654700063
4.856441975536684
5.2308193711067865
5.363450065383216
5.583947039901074
5.50784461673528
4.7671608426282015
4.453846044840035
4.173952078534594
4.263881173182848
4.2934720405967495
4.364079567899161
4.366610724646758
4.529856030897355
4.579840056837638
4.666007207545659
4.495040064165219
4.526296818241542
4.549875876071169
5.015890196322077
4.940615947407559
4.587571250567323
4.624712446876116
4.5827455364234755
4.634944043002868
4.701075112397512
4.634500346333759
4.668649533913137
4.54126952461588
4.788256185578242
5.223193850325582
4.816061076951932
4.924317797972372
4.849014282051266
5.032169168333415
5.152190619669696
5.205147398658192
5.440289484688027
4.9807684995700665
4.660224005833176
4.829833614053883
4.477899100733832
4.638543563540029
4.81513892005617
5.262139212226052
4.508594098809029
3.919455979868627
3.943874533463722
3.869378167189349
3.8823312952899443
3.8472168741058645
3.8027065343125392
3.6323154974007856
3.653230977230215
3.7620256647234647
3.6473099635038917
3.5758645659748485
3.5003457761032695
3.35278865287323
3.367610498797686
3.3368207262949956
3.2914209599442064
3.38146436797376
3.350244837520508
3.262064370221239
3.2653745766812614
3.2353639449442606
3.1911373159798244
3.184905431673049
3.15193097043075
3.790263033081917
4.183825983238489
4.245547780965946
4.243634696067854
4.597628845610047
4.641264249930892
5.010870523618487
5.890161417157254
5.98023639208416
7.783090940039752
7.21595152958262
7.213343333616668
7.135692093176684
6.839714119831825
7.904681401581253
7.8758002577629975
7.323020220644844
8.292395202449406
8.550394150928472
8.589856500223753
9.503995201173463
9.055483850654332
8.742977708076381
8.41196312973783
8.213513415657271
8.033614990306111
7.671833759372461
8.015171099780776
8.44655305014442
9.249560815416688
9.018232649558078
8.73527350583935
8.594294256305213
8.230831275899053
8.889005964295563
8.741995809505259
8.677925121945181
8.046135822020549
8.225789534495966
8.063454200527026
8.089062940296492
8.316351902586545
7.828361058827251
7.1076595634280775
7.651124671704311
7.330289972431466
6.440657242788709
5.99626795106512
5.769951435621159
5.7189044181488935
6.224172837755327
5.85761150997039
5.6819252142951475
5.4701308780756515
4.858749550210623
5.805795253044799
5.655124590908325
5.685615177141484
5.2829921476561506
5.312396735152236
5.24005632125142
5.585033773001426
5.537947467854329
5.35563003092905
5.171622406636361
4.923597384773617
4.680371522403384
4.677696155361386
4.303105236648752
4.189998748913376
4.181939993887325
4.129807549609301
4.194599606786096
4.201325814203271
4.964351415408731
4.3384097401708965
3.892420300455364
3.7267477202115007
3.680575465034898
3.692578307465819
3.5989267553605893
3.515672438533375
3.5371198954603273
3.4003587184305206
3.4009169640959565
3.4016026500624563
3.3774922961466185
3.3397938367586293
3.3899787635664667
3.425317474889855
3.2817835858374336
3.169736338326001
3.0857742698675943
3.095327822643085
3.0317936708637796
3.071718491429439
3.1065752549298393
3.142958658701978
3.6913726540577736
4.326655520727324
4.855174900554113
4.992649489354677
5.979705832249736
6.4862517575709235
6.47658250913067
6.8476457789747105
6.9216369121732
6.517956391951906
7.187001721319935
7.796857299350398
7.626607363510821
7.47276592668612
7.777438076604181
7.514996019855141
7.530017928359892
7.067191148124092
7.627022677666631
8.231940107439003
8.121451213159215
7.616778153776082
7.514260827929638
7.944162532986474
8.421882391403306
7.926230374748402
8.105859661267699
8.199950929395742
8.138625367406355
7.955607103880248
8.01911757227242
8.733560122690971
7.941546695686566
7.16439568475519
7.841176804329722
7.883213729812785
8.209052515873344
8.48567853611755
7.837445888497094
7.228208988494597
6.799252991279419
6.60543039529496
6.774894754247556
6.919230587887305
6.944777304707627
6.870518967328359
6.6037440864199555
6.378596359204183
5.892120853003658
6.304368394637354
6.645171663472048
6.286601979310636
5.724109479626331
5.598448007652825
5.678604227931728
5.3234220767248575
5.254334311503474
5.147650535835159
5.255903788115851
5.315543065762171
4.620021996309408
4.998218956607115
4.895803210943266
4.954815656681486
4.972002758257364
4.790833692726417
4.754035206607742
4.7416037260894255
4.633654411505917
4.415016983536358
4.2990782190569545
4.246951988867203
4.156767770774357
4.063627326016969
4.011537793413717
4.011105732167609
3.881206501531745
3.7714714610826054
3.6304491266018104
3.646245837494665
3.6875529586846354
3.680876750118341
3.63730225770775
3.509774283637403
3.570258681794362
3.4644561363301842
3.3991276003818465
3.34488606931208
3.270518768103922
3.254091430412551
3.2632525616709436
3.31034100206313
3.299522790534008
3.2974915540571015
3.319757423314227
3.2659064100137174
3.250822804560869
3.4877508385367606
3.8146250892789095
4.44817946827261
4.842587237739542
5.7377537785093
5.949906172798046
6.250673649645796
6.79875418052253
7.03094541232687
6.5176644895252345
6.783170171144973
6.944443759695474
7.259166180438366
7.304386504756983
7.112239851648578
7.3622906018312495
6.8224948829022365
7.074464056525144
7.362864054059346
7.499192587955405
7.205495303500105
7.267817978717829
7.583340259771229
7.768437087722667
7.491564279493184
7.558370943501083
8.154216458463544
8.189461795556081
7.718935167013697
8.588431316522279
8.716744906510641
7.825801230755865
7.406277566404204
7.93737086254997
7.171768918142403
7.237441196710579
7.30839867456824
7.483023143973137
7.232279799952448
7.572393943434429
8.265140731886728
7.838094247302493
7.6887235293611935
7.627216727203417
5.892727663606329
5.657954911904027
5.765855825872176
5.573318442221406
5.299772093597001
5.203876352703167
5.39138496903618
5.217937156027105
5.179413219106935
5.139938866845477
5.225552921793809
5.159937235030732
5.233498661249297
5.250977973371514
5.588064622890345
5.374626826639553
5.374073935715294
5.07591608385907
4.944046508579736
5.101695819321037
4.971832693902766
4.925662381871047
4.889987507970023
4.684580771681467
4.534596270007323
4.622257671625768
4.262618009801964
4.203384191020685
4.070534653417491
3.976388752445807
3.9859468058912837
4.347868861286
4.02264098828481
3.861225798341859
3.8429581627631846
3.8648860683099615
3.745027123633665
3.885322711785046
3.728700231287924
3.6471642507339497
3.5603839939515467
3.5342383619486046
3.442244552026603
3.425343291130486
3.36874351863724
3.323048252184432
3.3715822309825283
3.26967646595991
3.188613551691709
3.2041345596824686
3.7158368446306436
4.133540525074441
4.381821582616686
5.204002712814568
4.636712534885914
5.136028516368395
5.643046999187004
6.910011639021791
6.794999372776642
6.618600132030504
7.054922624907637
7.456120320775464
7.526783266345587
7.363744954262256
7.818063906491254
7.5361683179496115
7.6738883543051335
7.755862082873189
7.674841291895242
7.719708109500329
7.805972703105861
7.981798325281695
8.813413893697899
9.320074822997375
8.332855494116956
8.530677437934836
8.47686767981729
8.445566445166785
8.356555108500787
9.243578422654462
8.863421421770532
8.640872144985316
8.981673539492974
8.542893834751016
8.855415953999204
8.278457980263667
7.597132862765489
8.697690935785854
9.318186896107369
6.894535421585086
6.913212967330672
6.826766327308465
6.987454482268627
7.286785361258125
7.039937047472161
6.9706898091086655
6.335572713832138
6.059317488166537
5.387546722782811
6.0602711950406265
5.793664645160374
5.59724859828434
5.5068430925524625
5.353699559153904
5.071642679670012
5.049343174414922
4.736591361488971
4.802382675618053
4.742244588605592
4.771214457904091
5.14735735788506
4.936120641472993
4.61707540568162
4.586401398243867
4.783559110388778
4.58328087546165
4.567287604877972
4.329433497672662
4.36772957970912
4.222828710015223
4.232517480958291
4.173222636687149
4.0002460085433595
3.8001734622570846
3.889168272586787
3.9488786369860818
3.794721848304076
3.631580865015606
3.726521169937256
3.7332785640770316
3.6818979217061716
3.6381719841122155
3.523439275586593
3.479555581555352
3.428015918762055
3.45521591731857
3.462454330170729
3.4598563376658635
3.3981574945829482
3.4286862829801996
3.3542094491512824
3.2721593417383477
3.224302013330002
3.218175369937019
3.218877422432509
3.5019411419590543
3.9757962747226854
4.331364313489708
3.8605006366514667
4.645905790912197
5.080904826459342
5.204568600576101
5.545218701178278
5.917309661565329
6.602178421556718
6.4837285208546165
6.397922391933317
6.306671375873747
6.7746876642926015
6.3437297067457505
6.562195884256227
6.837923061702255
7.445589033742203
6.70479865223362
7.093229633350094
7.464177504950233
6.756134544387193
7.258559504357895
6.917523394736633
7.781444789580152
6.662513221668145
7.614361375688707
8.004650330916416
8.035031973751664
7.801428227358601
7.4186065836292165
7.238705339846965
6.8187448186522195
6.812827295177231
7.119816243849755
7.213788858222823
7.795061478520073
7.736790109829603
7.512200954254262
7.15108238051925
7.789896407402838
7.197420335335935
6.870854953785914
6.0854384127779415
6.695757260378638
6.047652349065663
5.59637295939917
5.89796008577443
5.756348855556256
5.739681371495385
5.395321006579351
5.052742704403781
5.027630173007457
5.320444450126772
5.027247527061353
5.1762230005453
5.348065875427679
5.207109734214696
5.102747498396178
5.0878629622688845
5.18014114341285
5.339298584682453
4.778069612588435
4.756114000491723
4.685887859239035
4.510894689542889
4.383128307447909
4.199547498165227
4.164551568801416
4.170499072333647
4.087707182443482
3.935165521016654
3.993859887990467
3.967096952096708
3.9081004540847646
3.8783923959027398
3.835726093702436
3.680459046589655
3.6331741308674292
3.6752423716719176
3.6242867017632125
3.6158712504725252
3.5764600663173156
3.593460124981377
3.676350781144126
3.568585665440912
3.556995394177798
3.6233763723111934
3.505081228296581
3.4785727110861275
3.38907190237188
3.5936270703530857
3.422065495045928
3.413738142513021
3.3398914014523626
3.3179964150730066
3.4100787817491796
3.479600668750199
3.4369964337597803
3.37795301232108
3.489858746537365
3.475754489481152
3.546304201071404
3.682579860133673
3.693754947659465
4.42381892032698
5.210548060254067
4.29920912640619
4.187506547093648
3.8470326009922857
4.654969937724778
5.07226730057292
4.44164038440975
4.340722155315137
4.305941370531454
4.3403613542719315
4.623062590444874
5.077753164990736
4.530722108423374
4.418445498408233
4.567759939656475
4.8049276588491345
4.2665038757504385
4.777199521970684
4.667651361566346
4.929872067103125
4.854310235425923
5.077534428151445
5.207736797746193
5.71593353861813
5.347597037228339
5.145300235299237
5.291442033101371
5.112426436793379
5.581575067615108
5.104359351836403
5.399579390157271
5.113000449470867
4.645063831190966
4.93269416835821
5.243952025527759
1.256967476363988
3.2549308552466236
106640.40942124062
6.618084609434945
8.693240179298597
4.463104890852681
4.163925371686801
4.383576433993103
5.157710643291577
5.043822073121931
3.9875616229892503
4.5366432487579695
4.7142702170169954
4.40217626523081
4.479921713472221
3.994134179875908
4.540432077882591
3.944008059053236
4.032401344098078
3.8207095338051045
3.8493897745798695
3.7774584001701195
3.7079844499604624
3.62211062717182
4.193194445038176
3.976738073528882
3.852121984228132
3.7722846165421906
3.589389973039068
3.5682060154405955
3.500282395152937
3.5533188300612704
3.455824692279325
3.3511121615245107
3.2688091102506633
3.338280124063635
3.3641873776316293
3.280506794009261
3.248925784216619
3.3187589047254917
3.353013977798968
3.1607287547654073
3.2391106641932486
3.234580765451128
3.155627098510242
3.1727333166650507
3.049420639969478
3.0461098053375135
3.0796125205428644
3.0403667377515258
3.0545627714342216
3.0758780502867116
3.027435704801343
3.0160998795952527
2.951075641256087
2.9579859851005406
3.011495230812297
3.004069386793705
3.0374125741246036
3.0683539215539177
3.2336524859316085
3.2022190024830888
3.2022165892683234
3.2205146683130854
3.304266283236547
3.508000484916699
3.9638673260340362
3.585800886738031
4.036173348476125
3.831531039494317
4.168285154017057
3.8011903825380498
3.8042515330827578
3.9126216252235526
3.9189303343601227
3.9220969001153616
4.093534909095353
3.958131838366792
4.446675439830526
4.1286592205802775
4.065651147139283
4.634496722068637
4.826867637323478
4.352531520709047
4.363256705192575
4.9151922588452575
4.1839412317136
3.9203786028000294
3.9723519962570655
4.426315768538428
4.588591925991856
4.3671708640273685
4.1579162086348225
4.2921054417272035
3.9783717457525016
4.429577145371367
4.129063257189298
4.32350072371234
4.410183315952837
4.169984262210789
4.1169284067675544
4.595355396595071
4.585439394123731
4.713332626453603
4.309777647766465
4.978549843581951
4.855752240248484
4.913647357354717
4.351027588253975
4.233507761385865
3.9237702565287527
3.8312732912607212
4.1145164658398325
4.6033670984460775
4.16996956392026
4.587016149652321
4.449656036597647
4.658123447657565
3.855675803722093
3.455784510875534
3.476858034581276
3.4673799802527308
3.3941153276302654
3.3022051397095757
3.460169416581066
3.3342816257896444
3.2348900885173104
3.3612903028640346
3.200481598654501
3.191380688892227
3.375403663622218
3.3389895526775404
3.2474443188156656
3.0488814003925553
3.0344648378628554
2.996610598543403
3.034823712655778
2.9824981093393297
2.948694773395032
2.8626837738012414
2.801934736884781
2.797787124555697
2.7745022314467946
2.770041410760641
3.210270649627469
3.051868469284662
3.731079876224017
4.081603933104744
4.961245642981979
5.127728694894812
5.569710205522824
6.417502116834563
6.205145838500505
6.507154244841935
7.1617119210533415
7.2554867645590875
7.301076904731352
7.169127945041156
7.272246303273168
7.845999275251676
7.366155501488552
7.222175174864759
7.318449473454391
7.678850846474466
7.985768639930225
7.992122900554065
8.218759006582868
8.779240078079333
8.391278799952552
8.31032463830464
8.37553305563187
8.696847783923708
8.188034645473548
8.567547008659092
8.26294186846844
8.895449780602043
8.544410732804863
8.056722473095354
8.174295955744581
8.290618779873236
8.118781345713332
7.942387603745868
8.1551277601652
8.864565971892384
7.803581975351009
7.97966743123136
7.6392148775755855
7.175422939003922
7.148160741831159
6.6545600036219446
7.168926415652907
6.356686591452848
5.746809473634472
5.725597829590962
6.1424040903423665
6.230453819536407
6.473317886533775
6.096712448131189
5.868569674018029
5.419543717371036
5.3669007106453055
4.955815400710203
4.8995950795592265
4.755528852216684
4.8743104177520005
5.051049479880768
4.883653996014967
4.634715202921295
4.577915366805288
4.343729499106516
4.812972384442967
3.9046333519727563
4.118744859657257
4.109243615049028
4.086045473779392
3.9859869081506254
3.8722341085247116
3.9899743688237606
3.8246827760727795
3.7673463511331367
3.2640431929947185
3.2332589700216703
3.1648700011324284
2.997315830765202
2.996776997156884
2.9644821310783995
2.8836162225753044
2.8843029114399896
2.844653199358516
2.8246535885031387
2.8188919273007538
2.813460059402103
2.8263279434857265
2.730962471068897
2.7584179966132893
2.70117451592438
2.646455271332947
2.7502273251093703
2.8177174265836418
2.6790991374906667
2.8246916147189003
3.2493396860966
3.725149431320605
4.019811067453114
3.911787957871491
4.351279326357049
4.673725515089083
5.068833615656323
6.546180667424329
6.435029311908293
6.628920373422438
6.433333038833123
6.973796693132111
6.934666823730656
6.6954715468206984
7.062270422405836
7.700946616156667
7.87497887626839
7.711106546363674
7.674966396277903
7.930557433693236
8.044270038695089
7.7342677400127515
8.086457037293453
8.167482725919395
8.58024420374304
7.991061461466503
8.543351428702005
8.701740510281834
8.371580958848241
8.438361340827122
9.13554654327172
9.065556420513856
8.821725964285402
8.588396020091905
8.179083245574748
8.148634509270538
8.305792332225801
8.627804736533069
8.62747423550744
8.094306481556606
8.02765568805739
7.471131883133427
7.89681795416896
7.2043697910952655
6.550797595473096
6.943082763970684
7.570025692408954
7.195557870682247
6.648603413810541
6.520525788108981
6.329739236653284
5.629092051296346
5.307153388614232
5.3226215468294145
5.500268017200721
5.292647192648116
5.139974134478523
5.114973576742232
4.9703897213519594
5.207470497265429
5.03933309165457
5.008018456259528
5.2949730570013696
4.998925787140627
4.774069648578794
4.843178354379061
4.713770884908055
4.5893596431135855
4.550475376695546
5.3901610252561305
4.838508192240827
4.38531422919581
4.251179811620575
4.207305242990086
4.047474609567194
4.001141669743195
3.899792701590505
3.8246995250710096
3.893835052853591
3.8072086604923245
3.7736679596486713
3.654589323012494
3.5717757360923645
3.535661105079151
3.641050212680692
3.6594858780483595
3.4512033025001756
3.335166813006452
3.371215614190424
3.2712579031660387
3.25474116783129
3.216783785217008
3.1527909547271724
3.1412011514148657
3.3142309767380627
3.238479449103997
3.165462211716971
3.6310153016841045
4.543116172389734
5.111347117616268
4.81774102648259
5.229247190120013
6.196432868533647
6.18897237616735
6.5310387609015965
6.841574537885521
6.815876255109786
6.9852141724487495
7.101038735378963
7.04100035181901
7.476094530678475
7.1752610187959025
7.58724840211018
7.423670884642702
7.265168167104868
7.833967831908549
8.09124484755422
8.044706541518543
7.680246826096261
8.047389304917628
8.20871848797616
7.952064142402927
8.009702793766676
8.094130470473745
8.666274636258896
8.259419803254985
8.78670707139592
8.84183087854982
8.563063827046129
7.481015793209681
7.3207028145157675
7.885951780251246
8.310814740247691
7.6954866252874625
7.570432856855335
8.33018857923013
0.7572327644762263
4.04839865248748
2.373044987073172
11.190775513641732
7.233846005631854
0.6651543075663611
12.195730238549762
6.427211376683452
2.4204007551866176
10.034415751070528
5.9408645727946245
5.767020243696434
12.54703921571127
6.635509988872695
6.267466664012303
5.913123470759125
5.757449254464054
6.108280554876039
5.483046178717189
5.673833225773158
5.557031278333365
5.634008210964771
5.284402568553531
5.768519784428682
5.304193689938024
5.0889084708435846
4.994704005327559
4.924089874237951
4.854847854283638
4.578225489706404
4.496310392090978
4.4976746779149925
4.557712953712208
4.31815680380112
4.346901836564353
4.2191400466785876
4.0990465190618925
4.004023478992085
3.8677927234720415
3.772132962257794
3.7707980005639334
3.8792092283096657
3.8461803587271834
3.7047680363266284
3.709385668877657
3.7856634541310585
3.6856541407171006
3.685932922909409
3.742376500545336
3.710800951379956
3.6187578792837427
3.6517406328691133
3.7296034701480987
3.694806713114802
3.7208683162322345
3.7786047553861604
3.976877298102546
4.637663687334085
5.334207812924011
6.118253564814164
6.059306024567671
6.433799367515633
6.511936454073277
6.216867385243589
5.9632834492509454
6.260064214473965
6.324784203579264
6.236389290367914
6.9508822425465295
8.328061800588909
8.949738513887647
8.686501409805798
8.030666810940644
7.7528000222035525
7.881872695480218
8.356832964337572
7.9072678487739765
8.431389905506085
8.642565851154217
9.233183711820764
8.60189948632978
8.376117170833242
8.232123498529422
8.637292072339156
8.635332017219785
8.518597693594996
8.37312726649764
7.782132257224799
7.845471619618825
7.838579279522811
8.367362163813773
8.649141579186868
9.356792357904851
8.94266734716219
8.932311600172117
7.620406337625136
7.339378747697123
7.385316507729391
7.018945075364575
7.135766965405746
6.417153816409014
6.19354469399625
6.325624394799269
6.732981074265843
5.9706238407960335
6.157802249436784
6.818834310556036
6.3734262112997255
6.040361104206582
5.519542209240731
5.716328910673696
5.743363218733357
5.474531158617158
5.552284522719702
5.770590928938771
5.753389194791827
5.3319230445981445
5.38926069756226
5.50293449645516
5.254372890187982
5.078809124085738
4.968573034589127
4.924098103623908
4.978352021378595
4.867287102531469
4.761307754944788
4.556064898025426
4.446641336134093
4.353626248488111
4.2675027094372995
4.232535956190565
4.180605507686821
4.067530645249769
3.8909285126106874
3.805894572215492
3.7066430648143376
3.7604654835990123
3.72873514254142
3.664592253573664
3.541342142729456
3.509715479608621
3.4664328464838245
3.4870030984646263
3.480810630924391
3.5432769613975115
3.5248291353193237
3.5678437151435785
3.4850938456071994
3.5087898772677724
3.459901906600422
3.4451672592924423
3.9339884606107396
4.828147714740405
5.022258506633384
4.595172338657198
5.527066207196803
6.391200444156441
6.777684048214308
6.353020332347999
7.154616637108936
7.300015334432422
7.958280445603193
7.432923941363935
7.807693144947095
7.710301690166809
7.228555828954023
7.427614475532285
7.057112670233153
7.677962883186384
7.9389810048884115
7.689303845226126
7.164676459346288
7.579962921042535
7.397535285257656
7.141868512718123
7.289029792197093
7.354721041927318
7.370586960833705
7.676481511035379
7.5115490324665695
7.836642648266975
7.854204998408092
7.7284159635110665
7.921852453948137
7.946585064304028
7.7334049474098565
7.667320354656254
7.688992153351229
7.098176507193474
6.8750316052174885
7.29138455036781
7.142478309589249
6.42505372419239
6.035224848701589
5.704768553461169
5.648017468730832
5.339446736365493
5.316863439176889
5.455706309680946
5.521988990517439
5.445207343571656
5.516747886259428
5.595843697869558
5.540296208669966
5.634868300611447
5.713217043144318
5.624260481275053
5.605783180899124
5.579128404385221
5.7517706912282724
5.646120356886994
5.2779722875540545
5.4370392409762776
5.433778429409265
5.328073234391236
5.321652955193646
5.515609062197103
5.271917742498976
5.099592754788203
4.782877249637229
4.699068794725157
4.539556781396046
4.457410437504533
4.536907826015626
4.432843180592762
4.45979346226385
4.317365812852247
4.280541204253419
4.295920649626436
3.9617848716184865
3.932063667643565
3.861957760966739
3.761350077094494
3.7522522577683692
3.7356947358524373
3.716470762029213
3.7237913300504832
3.677115262805995
3.7022464454932416
3.7295280418814674
3.742221264929273
3.6844681137735305
3.621665010528574
3.5847257095166594
3.587256117388589
3.6021818588715027
3.6965118163941235
3.7236686708763274
3.7586282245566984
3.665569421510096
3.6485499029097124
3.911255587449978
3.959949039329032
5.041990716250531
4.606899757281348
4.706712151014777
4.825609692628009
4.604641486913501
4.474639133438245
4.528338007335108
4.699805490019344
4.8066080228839985
4.799458474709898
4.957003214571761
4.809490899649791
4.901266234057236
5.180249716570238
5.414326684237766
5.520895198751429
4.9850751532320725
5.678195308541189
7.916481500442416
8.522699783747523
7.506332920112633
6.736979836800289
6.515696560721898
5.571715486531728
5.555355912656698
5.6841949667681115
6.027235058700294
5.797104441030748
5.832663350580704
5.921708806344144
5.710566569248179
5.201252787986804
5.253146714478642
5.337980073778644
5.307159188467083
5.590840937559981
4.972692834646865
4.7533989571047846
5.033130020316284
4.769133392609045
4.767620589022047
4.736877285887272
4.860534231371568
4.798712966308307
4.930411409047387
5.011862583621231
5.115707206041408
4.517732614953404
4.254202104321978
4.4301145181443085
4.186094236599636
4.8422330431315626
4.611331126481856
4.341620850113659
4.119469657070324
4.291555595610136
4.014213278826646
4.119426444413061
4.018068603764454
3.9261619549793187
3.85381249515023
4.131796278835143
3.8471647078976754
4.0379267510749655
4.238078994826823
3.7029023275378754
3.815768097837354
3.792302701289803
3.621880625305331
3.5843022255792336
3.5824347141785253
3.539144399303243
3.456978945875668
3.3858207161383773
3.415078996518309
3.3129181200975406
3.3139557623911076
3.3882228451786345
3.5349280819232
3.683587234677218
3.5705711954328465
3.3325373222323806
3.4049076601888077
3.4932918690898815
3.2962372301486877
3.6356661160539803
3.0747708489502146
3.0527859917489057
2.99481917608278
2.948115861215725
3.0147380406160944
3.0745585704685854
3.084583311549344
3.3283009188024035
3.298679839696618
3.2859474278483765
3.25514536200746
3.271365622987227
3.2380079800647077
3.3555402797343667
3.2553150862911298
3.39462921900007
3.3953056762991123
3.5051353619996353
3.7865500850243814
3.5793083908386576
3.8575178002966903
3.705368650076424
3.7334050089987536
3.679899809929643
3.985193779536528
3.752677937341124
3.7376976939644666
3.879179875312606
3.765064844296077
3.7214707295160543
3.7416894758244332
3.8422198537926655
3.9085787059216686
4.193551889402145
4.600117648957795
4.210928443548172
4.198343636520663
4.142105993342671
4.215100647632511
4.367963706747684
4.276324789147814
4.261685341294753
4.22772733550829
4.683035186850087
4.722950458756138
5.122964411554768
5.145364176130029
4.639333336522819
4.684890733146331
5.060568671712092
5.002055577500037
4.836596426528055
4.408117087173241
4.469388260829326
4.369466622938097
4.34314272141618
4.466987540963634
4.160982386849039
4.202717120924966
4.134933813511067
4.03776026056667
3.950147533061515
4.0314750099556615
3.8868430159386556
3.7905275039029163
3.695374667117965
4.102556064444339
4.539754542366161
4.183889543081841
4.2302050405159015
4.383450117536136
4.3966719310333024
4.221442097331739
4.38961359128787
3.808545494147123
4.071348768298958
3.6260827789829992
4.149934520419127
4.141198756944263
3.5625126039933486
3.3964389763700504
3.351475495528406
3.301060094855518
3.277039881196929
3.274224831241503
3.2250364531230367
3.2536078330855025
3.243354668618299
3.1980237567995364
3.1982738909859383
3.091595630660217
3.1222154471484664
3.189915373132115
3.1285144678464554
3.042893080623374
3.0762949548003977
3.020266783900566
3.008922592167127
3.073525783506633
3.3528885216609017
3.933029724959619
4.561440136766142
5.1161414160061
4.847782351027667
5.894498028934036
6.516490663617844
6.435800419490929
6.450880444770123
7.0618489820711146
6.833252936952814
7.3661724238595845
8.018237783249415
8.366625853421086
8.591395046487584
7.951226967156456
7.658053700912985
7.517935024796526
7.611036988707563
7.600284789457175
7.524347840368654
7.591775229654905
7.2071341801360695
7.227996617302996
7.828795209232158
8.317952918979044
8.377687200949879
8.070827820338444
8.051831788978642
8.185047378936305
8.265936952463251
8.559820497970673
8.617878069639689
8.303443603071985
8.231468921130775
8.518269913663516
8.355901931045668
8.082841721058221
7.188150886502615
6.894179749090569
6.597762453123081
6.731012779500701
6.6960825683816205
6.679320350981608
6.837160864649464
6.66893024706203
6.366039963573754
6.049394179907979
6.399350950795904
6.55849140788807
6.069807132978296
5.625980870132514
5.784631928244438
5.227819045319455
5.288531520467466
5.199491862675556
5.599378654428111
5.573285900504546
4.967256081912572
5.095279153252361
5.08638611800726
4.88517929139711
4.60723152591886
4.773500416259411
4.878507391742434
4.88444373221213
4.456957788911084
4.44123503965752
4.274957396454606
4.245462941393525
4.18944596337511
4.571640754007485
4.450206798050669
4.277474992551308
4.169767082849126
3.9969116421797573
3.958871878041777
3.858657179186765
3.7643319334434735
3.6697750105173834
3.6658716153347393
3.743776493272303
3.5650834749239837
3.5798761992240724
3.4905726727395043
3.4343071396227987
3.428884961380566
3.446884639657859
3.437136993410857
3.366056607505898
3.335181962125245
3.303639074639857
3.228104616185939
3.246621235700305
3.1667748658747867
3.2393258943927883
3.7202266811579454
3.998512162780238
4.524001577716471
4.984742400694123
5.135947327527025
5.197757138611099
5.681688784676083
6.448865806999569
6.390361722475663
6.655815954997514
6.625705637417393
6.664203358633921
6.837181529439438
7.43191422986396
7.973851165816651
7.449788953956444
7.045624008531703
6.8267422094006145
7.164897562308069
7.12793890133227
7.511143362958174
7.674830026402114
7.580725121856868
7.8019659938261565
8.065398487329967
8.373647475697975
8.211628385637368
7.846327581772059
7.463703190981775
8.30990856913264
8.00368705307231
8.232963448003625
8.731471831976751
8.306568703837407
7.886904522986305
7.534379592418699
8.071925012971704
8.352977538007675
7.723712209753613
7.761389002425362
7.156030564744428
7.140160768402914
6.745130303433613
6.577417590640176
6.13181303193105
5.789303837420512
5.427188116482046
5.840890212498216
6.308399362057453
5.769755174034792
6.0971795055674844
6.203765936728114
6.300875152596085
5.93738713377027
5.693503641163853
5.5257868161455335
5.323893256483155
5.312452004033925
5.321490961994622
5.403483063085901
5.319678719821543
5.141804544361742
5.106648118042392
4.810054626947344
4.863105509115856
4.680263835320061
4.644830539347098
4.593611318066279
4.476784685863961
4.444946708000327
4.402879052865786
4.304199380391722
4.1008462018870455
4.115201800995758
3.9864589601881457
3.880740591812273
3.8581268082541578
3.99865527191635
3.8057484930934757
3.660107866917521
3.708091229867296
3.618471094390028
3.5899370005138014
3.476182273484543
3.427030028498762
3.3510564668823055
3.3957201266426877
3.475853599828433
3.410181465988767
3.39154170610655
3.384633518376736
3.3759645537987337
3.3155033262459455
3.4398669800429724
3.2732913811958473
3.217427156894307
3.6470474483728994
4.153137913293339
4.789284747280269
5.327424570859179
5.144276804053809
5.352060636178933
6.106159663276844
6.25045279382037
7.014692498538969
6.80334442094528
6.178249418551285
6.639824128041588
6.754036994517539
6.86468175081659
7.6567567978940865
7.444304723645827
7.402091546061878
7.093951572137342
7.575522840702573
7.478655293874548
7.395758314191691
7.25274765251868
8.041485791848071
7.971211347896415
8.185116565635262
7.735836541296284
8.052320507085469
8.313527456932002
8.911128226593057
8.782997904870113
8.762084233446181
9.134414317261964
8.72966546351999
8.33531903996019
8.47037318135222
7.5639652859916975
8.271180996803999
8.504834699821753
7.837567077330447
7.421708598070468
7.243203607954767
6.837658333863378
6.375638664489077
6.620701806255269
6.59560070503876
7.145415928650078
6.7066843295906375
6.519280322117257
7.085157276841062
6.720268202788564
6.714646625813347
7.24719133447699
6.302872473536086
5.602466203112391
5.523644177492966
5.833823787707647
5.448591741337324
5.370462770658162
5.2345322005527795
5.185031994001579
5.587331757418735
5.684335618208983
5.580915545555026
5.421287067561012
5.373917256853634
5.486410350476384
5.394218899647825
5.394749346150977
5.289309027434516
5.209610194794707
5.1274631296337105
4.979595643199479
4.81478416669865
4.906216610083538
4.785631415161804
4.573903680216891
4.506936479178509
4.317245127112878
4.105780637128157
4.091807787927418
4.106505077784065
4.04889305421336
3.8978062129903432
3.786803778263006
3.721735796953309
3.716637673343178
3.7196864445474103
3.6432546138535438
3.609767236580325
3.593422081803124
3.663885216616501
3.6942402876211253
3.6420114774077073
3.6588594764516738
3.5819850899664774
3.6549659720865924
4.005355951247154
4.270349508420787
5.130223535901072
5.288093445888508
6.318069198359751
5.717267322140246
5.933255978889173
6.156810189619056
6.535828492858732
6.795851641633966
6.635838897813545
6.876799204615813
7.298819318531081
7.2592094995845535
7.695851592807031
7.403210539068472
7.778034952595695
8.20541502060625
8.808742608725284
9.003801806795762
8.26800453408824
8.332222792506421
7.829827516797448
7.610123209828505
7.407932118223291
7.823555494383929
8.468762972069165
8.679171128801482
8.177570811710549
7.916690132542412
8.264337982981548
8.168701810800076
8.126088204363024
8.000835590697246
8.367258030078148
8.03922398482196
7.705846454455101
7.345164606767676
7.759730321473046
7.708230682674871
7.615203919677853
7.167343217447873
5.69553992697102
2.790747138485436
12.090609335235364
5.067339325559723
8.624342636099922
5.694075880890771
6.021866890732267
6.414017186338925
5.758882169459623
5.6578534324327485
5.7141989385060095
5.811085374979471
5.787468742711337
6.074944710242865
5.915252850138684
5.648740537149637
5.726143262223903
5.667908141518366
5.705087533004624
5.752489197192214
5.67715193428501
5.5068332597260365
5.402828430353446
5.445599569251351
5.528835644453497
5.077816393367196
5.048862112590739
4.87515339282558
4.704388403905511
4.629685398296385
4.60354496828131
4.504997306177757
4.355296525915652
4.316448005383883
4.247182712980275
4.222161490107288
4.169739163311943
4.065337414511411
4.194608931591899
4.0876773694237585
4.161602417863282
4.154217385034196
4.0656341909125535
3.9902220228155385
4.0102477885325
3.959964819771224
3.934711927463063
4.069144785207207
4.084261471531231
3.9417389378547054
3.7851892371143907
3.7421635589638913
3.796030124043382
3.448797508420568
3.814046071318433
4.428632360916671
4.404822775587475
4.841016506782176
5.025814106852945
5.322824982786447
5.845449881835192
6.16690707884976
6.392959645469806
6.617651006108477
7.139668181540345
6.849603781073757
7.514036664444221
6.929013408488955
6.8112457329181755
7.101226392745458
7.080586403205255
6.751172152388521
7.132604534955057
6.831666252190052
7.200781485474875
7.8889091433183145
8.32715379767661
8.090394315738793
7.8832500733178525
7.903992263605715
8.389183029407407
7.870313200111598
8.394487926252825
8.490783245798527
8.172861432852104
7.918146933206614
7.919099130458507
7.510426485651416
6.984321556053686
6.557528582835916
6.7670129823977065
6.919172141225766
7.1953785036622255
7.4511210304646465
6.879918247970314
5.930916239677879
5.594211031878569
5.830576214379633
5.939514063000838
5.794749647463313
5.801729831600113
5.506614910971413
5.424494716331161
6.683920520836013
5.850152889072474
5.408092699717287
5.547218916910429
5.6224384833195655
5.546951535308853
5.5544753283222885
5.918161492250413
5.916177113394242
5.746095522788761
5.652625925844514
5.819317110847323
5.618407015622895
5.487212960374545
5.186146249879768
5.375898548042961
5.505382935877692
5.4585166525068445
5.234079551981653
4.91745162794087
4.683204264942104
4.909754729035708
4.584854260453254
4.427971671335392
4.325351247860808
4.522136820201085
4.251932792677359
4.103753086471254
4.107895305868502
4.082934154376887
4.07122094671602
4.03310530672971
3.8142001188822126
3.777702933363154
3.667876040025522
3.669626066790171
3.6997725634268313
3.6526436267550317
3.6725633952407746
3.647538106034907
3.598133680119428
3.5817042334609743
3.584072055691054
3.475333765655132
3.5093993390465807
3.4549030829325313
3.5402415224643637
3.569488225993567
3.673796331736245
3.7153059542806575
3.720361405708853
3.7501660174812
3.8457562465571122
4.0541523945997096
4.02632187025224
3.9934231092025563
4.461512951486215
4.354597264740984
4.3665932377737295
4.459054645730489
4.556026864031627
4.639354266108267
5.239478724184544
4.679242881250595
4.488081312263798
4.695434729319969
4.722686914437438
4.619460428303484
4.687584359252695
4.902973309423592
4.932600824540846
5.062908668838433
5.622894512187401
5.339882515068988
5.259483009827412
5.024833671179018
5.2120168828010485
5.071740443143152
4.95158873375852
4.884722458868013
4.925482363966209
4.967451867467714
5.097821744148188
5.345184137665278
5.043604440386135
5.257965366753838
5.187325766919224
4.684343204925635
4.975378848884915
5.022370923270785
4.914047356330451
4.919743485976062
4.8887078753586195
4.959148920120127
5.108645224006256
5.292086160125258
5.050573866939897
4.635852967674629
4.654212587739084
4.609508618053773
4.723484753686753
4.827372748542377
4.7307014018911255
4.59620192251024
4.369786521090414
4.50247927033118
4.717313568892778
4.820727800128738
4.717890359759174
4.599553913054648
4.650250931757261
4.622965241818648
4.543516791607969
4.60641833117888
4.7374069839428925
4.5937362967411675
4.530540020080277
4.597530932283268
4.575845073475541
4.531793788682668
4.4418404109126985
4.443256157341932
4.326653972803193
4.184179928944438
4.047150015846886
4.0312965817810955
4.039152884746536
3.9864862759634443
3.9989804032372023
3.9065580754479963
3.921720137857938
3.80863993428417
3.7428780734693183
3.7560950000670856
3.6351588294101385
3.7020307632772647
3.6598265941826367
3.600646729925756
3.670766370629169
3.701890182206206
3.6321917182165815
3.569484086779355
3.542038714599858
3.5297602122319924
3.4789404835080844
3.5731805099050638
3.4925278853742916
3.5466708832753864
3.581836697360152
3.5494032892770564
3.423443078417838
3.859027630742865
3.8778442745791106
3.7749897300046955
3.933579015262953
4.095031135755248
4.123301341763497
4.050197794665835
3.9320286631881958
4.091492390336383
4.14200375788004
3.9747639285811505
4.040912759234574
4.14538278656645
4.215057546467709
4.207615669628793
4.458772536987552
4.595392301414966
4.594719772334517
4.549839935153436
4.733243799127418
4.884811979575444
4.7559872646410595
4.794195050408554
4.716205088910828
4.563404877739732
4.544965057146856
4.610455295281194
4.749525198269492
4.6679782265805425
4.569693989356684
4.623401583414483
4.798233505368994
4.920175170961497
4.831692650700097
4.782781270069594
4.929130834283485
4.983169462883884
4.827833878564506
4.791122473184016
5.014544118626371
4.820397279874105
4.647865348691364
4.732995420245887
4.722340923270208
4.790112615621888
4.788211272220611
5.120289257510287
5.65393757228886
4.87227389553953
4.960848044384224
4.794382764933716
4.9462522660935
4.6952159861910525
4.753597767470927
4.806844796864767
4.813316138444344
4.811281485545758
4.703179886935532
4.782221212515716
4.7555494113724315
4.643886913847382
4.472988401244563
4.486891463365955
4.493100888780727
4.416072537344293
4.383823621681145
4.469553931230742
4.467501979016261
4.281867010512208
4.404243872631974
4.290821899982916
4.153582603385839
4.078862351049036
4.001282305784806
3.848966976739249
3.8328088372358846
3.793885165745413
3.6812353663847364
3.598866239674955
3.6048563473735613
3.561845402821465
3.5655855927124325
3.5938325537413593
3.5473966029206743
3.5308024925720614
3.5030735160217894
3.510439149153443
3.457046296664923
3.3854399234948684
3.3951778887647523
3.42690957045681
3.528038829686166
3.4548163660862614
3.4823989842296807
3.590299522950437
4.42962198610393
4.264782479284601
4.668543707799584
5.2928283937943
5.8373889023627745
5.591921118797553
5.421182886180288
5.513618852836468
5.513258750253734
5.528566854288115
6.131651127192959
7.152390631700876
4.838387358455415
5.035808634387271
5.021580903167135
4.90127977411905
5.27428532510532
5.079033454240083
4.892488298359551
4.890810556890291
5.133780398281003
5.199258684900454
5.154951049079954
4.875945427392615
4.818215655670711
4.674831400156031
4.6278793721074525
4.616354386246825
4.631015199101812
4.655415136963469
4.681989927538742
4.511909901025137
4.360861024082537
4.099159095781125
4.83321270967957
5.033335745533914
4.197825187821903
4.256241770705018
4.553201780077951
4.630620727025876
4.770562974768767
4.445330252768057
4.483075893918314
4.852567619285996
4.897512179399028
4.728266629408902
4.476741418284681
4.567826732623594
4.615909359444022
4.781140937851431
4.848438493382253
4.946905672251507
4.791164671499145
4.774057276468229
4.815204123482871
4.758971732964635
4.877256926820308
4.869630412688463
4.673286676465409
4.750787259902191
4.682436665090203
4.41444777448372
4.557579357330543
4.177656596091836
4.028105387417905
3.9924233455658795
4.018030264277812
3.9801690632970192
3.889305388777983
3.9060112239372464
3.870866817685946
3.863911198691311
3.845280173900352
3.7569113155887166
3.7087365894420463
3.668566828904055
3.634443336732408
3.619436072999139
3.5726960981157525
3.5389446784629017
3.4948899317049937
3.4974218361207754
3.3809096538020667
3.3619243201139772
3.339896825920346
3.375403574504637
3.4444422237216963
3.42237438041684
3.491875836635295
3.494628024057187
3.5784500523021396
3.5963813825268196
3.5664016010681365
3.6865499616682604
3.8079802965798906
4.043781669066619
4.184025008215418
4.0956778015985105
4.184028719357283
4.123987527606339
4.1781419257749635
4.294658001600005
4.626401404211501
4.649102394991719
4.7774647446803975
4.881119429414784
4.9751034126858436
4.986028299628081
5.162564640271375
4.884082123669467
4.678010373748844
4.819781050596875
4.822975178454717
4.770922140228596
4.669449746646239
4.663878871344651
4.701820840698658
4.669585598500162
4.819663205786799
4.574176134472643
4.575392520739014
4.481508745009719
4.457532282681879
4.0561429316920625
4.1699277209188805
4.292356033203962
4.1022257672323414
4.49116614057514
4.172680959045962
4.437336405405089
4.422459076123608
4.369181529872132
4.42016091591659
4.7272614459648565
4.547324183592942
4.697216671250535
4.707836853685441
5.172192031008858
5.209923675286068
5.05050057772794
5.280029221603996
5.135459404759126
5.193979069770487
4.699550567059786
5.347016689624474
5.141687124718548
5.474070251931275
5.418049720068758
5.6720683658068145
5.186771071656663
5.464189130990594
5.108577601618718
5.3153624200999685
5.03425291408378
5.351777873580464
5.286458742276773
5.281506554176666
5.174530363599886
5.056105092421556
5.038161758763027
5.0784990955857765
4.99594946044374
4.766550691678556
4.767304617046874
4.671571681986052
4.614799782048635
4.511968207794303
4.605895437251611
4.486994888182265
4.400210248879793
4.335557238349274
4.314697285109909
4.3055189260855515
4.3227536181534685
4.246126223026726
4.136861291855591
4.0564126621023755
3.994883659100958
3.9305411836248236
3.9038110018493333
3.8518772572248747
3.8355583936734408
3.8939285550121263
3.8706366829350607
3.7838801133314615
3.894126018450813
4.0505486065331135
4.4044197711136945
4.9613919560098685
5.514783124395302
6.257804718961408
7.014888703772968
7.748010603171087
7.292338274020318
7.728404966343184
7.9998983409945
7.152162129194763
7.955223870299287
6.003181981126191
6.762267303697176
5.871663797175605
7.38671420955448
8.217309166023295
8.08655520222474
7.895857832338033
7.383384310303696
7.521556382851548
7.425003247818668
6.3895512831046934
6.6437169658951625
6.4458727806521035
7.8398545937987265
8.103267601961889
6.75719674328685
6.55604920584414
7.691458783299346
8.908871069267564
8.319162667130577
8.838093708425223
8.155382473085972
7.072064364079653
6.13675311189974
6.291129847306924
6.504961223064943
6.9022603416233705
6.863166354152781
6.0564662955209245
7.379760548126787
6.123021082527001
5.991237832802001
5.502932144807333
5.841283029566336
5.833453232360374
5.554612971102231
5.554075410089536
5.4424004666307155
5.812241363318482
6.477468190624946
6.06180882491726
6.327888133047543
6.303904729043776
6.192928228519366
5.889124506944925
5.505262089475382
5.922149536368973
6.072699314314062
5.928119022913102
5.933069584093929
5.811755724849774
5.7638356995352975
5.8394562699385455
5.817444143803062
5.737052301234224
5.58542958566265
5.428695355298718
5.340497470068588
5.087041814470646
5.107588349808664
5.073506621339587
5.057362568714187
4.854894814966692
4.720388807756874
4.653687268571404
4.523732044715165
4.321439207975835
4.184895088585143
4.185515806312108
4.139003824329106
4.120857920587332
4.005330458721903
3.9485232531511314
3.878397721332537
3.730697279731731
3.763173505988954
3.8295027971217346
3.8042856932366673
3.825985411703432
3.2190128597218512
3.292403073442186
3.5543219589200237
3.7003288021197775
3.643447447692663
4.818023498573725
5.466142649697855
5.655310028388966
5.8373349337939615
5.82412951237826
7.0194489910404965
6.807621940070589
6.70800348262755
8.035648130616615
8.02522830510171
8.482167197954162
7.899484267844424
7.913650018712318
7.505987179250515
7.618436562196949
7.156089243533922
6.684999289982147
7.167116104655371
7.93087725074795
8.125295043680275
8.078606281904595
9.642833934994615
10.301442893980948
9.453626314841134
10.025786635186948
9.814666953421924
9.807593183477389
8.817066028208608
8.572269105396675
8.522881759053357
7.757823875980251
6.147733579345838
7.168017881331415
7.2912602389948695
7.719654889971852
7.7369260765315575
8.29664807380417
8.305187138471311
6.2019702811612625
9.140985375921169
7.0365673165149
6.598024006268319
5.731212208752338
5.664472695211555
5.699416583539843
5.839451661807164
5.797591630323003
5.821850305546332
5.452242344911908
5.1736979017787865
4.628766680852193
4.731426392784811
5.048593079303855
5.059207873096635
5.121626439661217
5.420378724522618
5.504354681063038
5.6924026706109965
5.752134911905106
5.750312824743267
5.7310785432247755
5.607130153578905
5.386379832976066
5.336566638938783
5.191622516197479
4.987022829767674
5.08124367701825
5.081788194445521
5.063121433083126
4.955413681402417
4.868302952921707
4.708828912938596
4.634862514471567
4.562805139572328
4.4580010680306605
4.26620108223115
4.223714039341051
4.106246282274256
3.999321655854755
3.8620057404832657
3.8633554564038786
3.9166017607204373
3.9022918317165
3.832531615825118
3.8670539403848596
3.883628960169879
3.824519730277677
3.781814577226327
3.7457274225813855
3.741623798249006
3.7173625091140123
3.642347384061734
3.6193585255205645
3.612948299398347
3.6038686530674577
3.938058198252724
4.382701670821362
5.247428520713937
6.229512477002608
5.633064385770322
5.484984250800093
5.824353894711812
6.793122825602392
6.487295751221352
7.280694345557299
7.036801440625789
6.845772608439127
7.003850171488231
6.779108244965083
6.610569646327773
7.151549414682348
7.341303953381729
7.5894535369362455
8.088199167033041
8.348636022572387
8.239803574366432
8.013085188794523
8.79208939608434
0.7253934217204199
7.224763041599394
6.876601493921447
7.936080086958331
8.18614654871028
8.362960340975032
8.897292748924572
8.332110226280202
8.047451014470852
7.4683404705998955
8.09108259408767
8.524794073015352
8.084516383296798
8.3616507482684
7.753651698520832
7.347769465033369
6.678779596330903
6.230324022941311
6.9232567900197415
6.537038516649925
6.011124043894275
5.954529638734453
6.263372325762636
6.7457734664864315
6.022251053303606
6.2976745112453925
6.1404959044559515
5.872752906052231
5.873861213892739
6.0742907885247925
5.903155386906289
5.829587288546247
5.693794324691568
5.299362900585278
4.930908207115548
5.159671972070483
4.915639921573486
4.725174996790767
4.823891448215637
4.923208044139597
4.91033919806117
4.919673151287656
5.235968809876905
5.325852843398732
5.341475716326398
4.438461970042799
4.777408730033825
4.646858662193969
4.2778007494328065
4.495672283217856
4.862866596344323
4.843512809041229
4.210152297412968
4.050192022025352
3.7818353235536764
3.650637785262548
3.7280392395269257
3.805255585517103
3.627328643766908
3.598100581480158
3.6510098151924733
3.667915449174029
3.66784806429566
3.5661591913615744
3.5846170184337964
3.5520778141052647
3.5089085845921875
3.7687879451199704
3.5361431011328044
3.5132129230917784
3.326022465356406
3.385949918723176
3.4806843736239674
3.3659353824546074
3.5690009210970035
3.54440899695347
3.6516358108935276
3.8745055942356714
3.81247908262247
3.9053261811501785
4.1079297478401795
4.3303540587729366
4.420260991975524
4.591288321298108
4.4764181162743215
4.472045205600639
5.886485471781574
5.096270725819696
5.6330293035440056
6.005172324293274
7.034196461826971
5.794815474062364
5.840531352426859
5.357294329034871
5.240144539268327
5.319464443640897
5.462958776206617
5.454285415778403
5.263414647087859
5.655272459752838
5.248314344377866
5.375339148378265
5.298289462826171
5.161412665366506
5.088075918298984
4.658367973894209
4.734065409729744
4.42134107063096
4.437323714331847
4.1692778637687695
4.355855190904953
4.888189188104582
4.9042472635564085
4.868635073322677
4.993033902002748
4.850305024718675
4.30318890801803
4.309602998375832
4.521275159278253
4.162646452715332
4.483152532351137
3.9987653023978442
4.6358050101084
4.5438494911589835
4.436142293177035
4.474247157324406
4.480535972629843
4.461575649787707
4.172915649269415
4.559297801028654
4.3428688142050715
4.403654185031503
4.764706256090051
4.708247077786123
4.490509042043788
4.336777826704063
4.334238334530163
4.302346938725249
4.481762281417208
4.467437305351545
4.469340729057969
4.496389960212659
4.483954412792933
4.323531768085829
4.3839762567420175
4.29534503040801
4.230342265322198
4.067704403627655
4.041697437763834
3.936175115106867
3.9659432714422462
3.8501444006932277
3.7279717662253535
3.670585142358889
3.6262486428544958
3.5344434354456893
3.3811904941429898
3.3243317482233206
3.3614625655542127
3.4043925946886366
3.443980088503536
3.2860965205446693
3.2326201144260835
3.2144345029922246
3.1653481606005753
3.224902060566367
3.3197725465469055
3.2286427733238576
3.185146557698093
3.1301339277251277
3.2212495139942665
3.273109230631706
3.2818092213493726
3.2821471547960726
3.2749860638160193
3.281069519610913
3.2968090285777194
3.278896712686924
3.3741902022680006
3.3845147247207295
3.466097319420154
3.5672114574218994
3.538611859074217
4.321776742437789
4.531319417588102
4.320141045573197
4.222295966216284
4.558450328607519
5.059119092148127
5.1556849614333276
4.673817145905641
4.524576794250226
4.131339140507108
4.094703996129882
4.138562977890517
3.9963481934781453
4.1917356333287605
4.028496268410994
4.274308709048529
4.537580004626981
4.634223490948114
4.353753102622501
4.202959019527961
4.2732132394238995
4.174076433139739
4.009062820522247
3.988246209313303
3.7943955980964827
4.102671999240262
4.017838464933587
4.130016583850663
4.682207909569158
4.31677365176534
4.725977195342356
4.703741631594102
4.963763514621437
4.752329078112372
4.718367453482663
4.537496994034363
4.5584400340922
4.227781410244952
4.4047101749574
4.542633474617846
4.427244374249694
4.418933555150097
4.382933823458775
4.371191754621777
4.2516279515784445
4.359973205687869
4.428068244759062
4.294274036215873
4.22645238226277
4.035889415765723
3.9949393612121606
4.156507414352907
3.9050455303516647
3.9279562363523906
4.085977065825117
4.023769759498591
3.9770674769181578
3.9616490959655617
3.9013135595880217
3.7801055354590627
3.9284105088961425
3.7671795399843373
3.638112843164668
3.6234464085060156
3.640059523658404
3.5728016993652663
3.3695831094038193
3.2191090174736785
3.1663215355954253
3.1662686162210525
3.153144492569634
3.0443015270494858
3.0792951463754816
2.9986473368736815
2.8927703762094654
2.8949111420179348
2.8164626852356607
2.7577382318526373
2.808179257934013
2.9311156442163586
3.157634383200887
3.2522095270674467
4.036497803517753
5.184705977436126
5.907319719621825
6.286458238287838
7.266403781827802
6.990731907671297
7.601529330254144
7.960694472672217
8.398426953813159
8.684364676349382
8.883901701185158
9.509964025439333
8.985178128013317
9.38035362991699
7.904192247876948
7.763608688649241
8.195845035259213
8.008985121561539
8.175179979784385
8.050361604796374
8.471556138412927
8.33233255335198
8.139232223112705
8.732276903718986
8.19184721377415
8.493798278456389
9.003414292429627
8.128645729283384
8.205147667925198
9.132358123166636
9.088349616695975
8.622099371383635
9.10283519941006
8.837923154774135
9.468002752812252
9.205202630156407
9.06961338852202
8.66299596538021
8.78816489091536
7.469825080545829
7.451048292725386
7.771533725708374
7.5595398327390075
7.318778480910485
7.113458421063259
6.841413551827604
6.613476655791844
6.213508583284538
6.524417053310032
6.297017172323251
5.872863079059611
5.618617482405517
5.046453487105122
4.8436579966393944
5.382210983051431
5.102893758652383
5.210647569509788
5.2509096723964115
5.556256813810197
4.820027079008667
5.022356591726954
4.890044132746825
4.746596813876182
4.518450446628423
4.792064254055202
4.865170596511498
4.355378218229328
4.441073556403887
4.186886967043963
4.257650391961521
4.178796188969024
4.208145888784635
4.2027987570595045
4.224914468705934
4.251615796892017
3.95905226257226
3.8274998963187024
4.1598966661901935
3.6082517857999825
3.486951497126794
3.49502219849461
3.3798854300313814
3.2853388918317883
3.255305205732255
3.150256621103595
3.1049484521695283
3.10379834899987
3.0507192567580192
3.0338568077185815
3.0821495588733616
3.132117590767514
3.105164831724501
3.080981058879355
3.084533982617906
3.182068323765052
3.2121035575703347
3.533825998202368
4.47924988472365
4.975711528439202
5.683760579150362
6.072272446623219
6.07077444143305
5.902073624445729
6.739575399019589
6.621744568252812
7.063697792628858
6.7015515935828205
6.584748898172441
7.550657825332101
8.073046222976892
9.13413460175274
8.713802254039889
8.87028874909961
8.632767423665912
8.80262259830324
9.145266000404062
8.914111635145034
7.637976686934191
8.473385914226368
9.1376988152833
8.526693207923374
8.470134584946047
8.448405345486753
7.811893829653999
8.442779322512399
8.773507816128966
8.629524934150329
8.394758810021536
9.259692596978674
9.84901465483057
9.921797079671544
8.891879588685876
9.539644385425195
9.056035513605957
7.952869241727429
8.064285026733696
7.83505359449428
7.516455871231868
6.846528759809917
6.952453929032304
6.110272495628843
6.62281516472786
7.11723560088038
7.150327015460052
7.01835215852851
6.462050369315756
5.842359370588944
5.663761681644311
5.812663938701506
6.029195949296646
6.050984623509621
5.76339979960398
5.74442713624181
5.89037695052767
5.944713784065079
6.174778519274805
6.135847407956332
5.803180158541293
5.775945212276924
5.736938080715919
5.329402038137925
4.999820299118362
4.64451580613876
6.135101440076119
6.396263666182259
5.711090018409529
6.2577431044200615
6.465553409871981
5.718744540462835
5.098135534919051
4.719050247092365
4.372604704376085
4.223623632233034
4.217631259688618
4.05516020384263
4.022418490056783
3.9372920044149553
3.939691116604992
3.824925025585719
3.7210885354726333
3.781992081228607
3.691977735320276
3.5801444441893597
3.605712888017179
3.6157005257325974
3.5809374783991474
3.510875866697796
3.549349005146202
3.4677217052934215
3.476864258767356
3.5284677609480197
3.557716720585054
3.9176244884409113
4.297823938889866
4.838446179612551
4.671537246468346
5.379883712511633
5.359950048945585
5.965396052059333
5.915282675235859
7.285919453047928
6.832766315832394
6.591558968694703
6.830973042172982
7.626198754359393
7.9408221534563515
7.956002630463285
7.818815120589492
7.789041073239912
7.573054399073964
7.37888440419018
3.9929307509161696
10.391971356524266
7.540048927200254
7.546555791232141
7.623293869589601
7.081447001340676
7.330703953361905
8.362426143063324
9.259141987877252
8.967036352897239
8.282733457129043
8.324069092786058
8.292682791087094
8.28065448686559
7.073535112388874
7.485925232194946
7.720052948305748
8.201243894995057
8.081324296299217
8.393095349637171
7.793629790103831
7.625313430341171
7.17395227947108
6.772853484421394
6.413648714931466
6.71718223890105
6.290587202795627
6.400600302187017
6.122406786664342
6.0347759347693986
6.699441963996124
6.368967386256584
5.622304488031848
5.899812351721939
5.776706365439514
5.670429608830162
5.732886560505362
5.588347176826408
5.617663363193943
5.425682880642027
5.386513608533919
5.497182211647795
5.1192371450296275
5.253743751197791
5.166137493984111
5.05476028561221
5.105110353294364
5.1753187367027245
5.060113324443055
4.906606257697341
4.805126721520149
5.001840482319691
4.777777323602686
4.908585436011071
4.737542357061319
4.802863324598045
4.5176322102914375
4.44713553622868
4.4531359110851305
4.13484114671081
4.075155636323082
3.850504438466974
3.770310757317367
3.7307598779484685
3.713860245702087
3.6819947878498724
3.6170286015558366
3.627840421715047
3.5767733562321027
3.625549524889747
3.6255789198042683
3.617803834176006
3.6647701498931684
3.635280446352411
3.6701463795816283
3.7030299614908824
3.7292524187476372
3.6869674199889917
3.9921941316471377
4.851711232668664
5.205378143723936
6.339756286318633
6.573724010059034
7.076648679022921
5.76073415109968
5.367533493438537
6.375237922654459
5.911313777142047
6.803607279898467
7.172512508256285
6.893159895554554
7.5829963720428575
8.517629542734275
8.735337772375514
6.3099150017256775
5.733505443488287
6.006663844665577
7.4765603648091945
8.356032182380416
8.391481252440066
9.100014307616886
8.778352888054062
7.871492997584066
8.011805597722535
7.810320764739609
8.120724797496417
8.13395461624116
7.946802138305076
7.700511620363
7.902796247884988
8.085635844652003
8.066818286013682
7.899897398207884
7.711923654272923
7.316429422575618
7.707654930942875
7.125760219653164
7.467539247871443
7.201091141107501
7.060420080083693
6.825411046114554
7.645122374909634
7.298203441423796
6.6838309977103245
6.69796661313393
6.460772244510851
6.790345668563198
6.653451213277622
6.2262225667822655
6.461017653870211
5.708213054322846
5.775936089587904
5.565134530903385
5.373327713835142
5.4569677887500605
5.533189878164905
5.448082769574622
5.4443034696563375
5.36309281279817
5.346665402258463
5.7275138613326355
5.603951404436938
5.581738755758491
5.743835545249036
5.557303696972672
5.832273980260858
5.3357668452507925
5.259021803215474
4.884509842936961
5.152252272820493
4.602940141008315
4.251748731316512
4.463482453606818
4.3414370236910615
4.02493988943404
3.892126629565001
3.8036635334186366
3.6688691148690924
3.607385391302948
3.634544945451282
3.5730339826599504
3.5681797092466185
3.525741062618934
3.4733424155724526
3.382937072726203
3.385018419208315
3.365327849391781
3.3940211716016475
3.437758179787932
3.422916879115123
3.467191607587126
3.527639053854204
3.568426659554031
3.6143302830734303
4.239096897321518
5.023554655569783
5.54621710181337
5.418845824557673
5.2754576477202635
5.6128778786321885
5.934395602485295
5.736663246144205
6.16749430945545
6.399654914324985
6.692159902464581
6.840382482299225
7.11879236022843
7.683124377714565
8.12364044110841
8.73912843507584
8.35904793147839
8.917668313318636
8.53038668983268
8.086013522258993
6.694492433911566
7.736611729332857
7.419791085917417
7.808443418637177
7.952597607326043
7.671913310773796
8.130726231594902
8.323005393309034
7.893755038339609
8.252541236583703
8.023792003395759
7.508764129569131
6.71467110360758
6.161028793341814
5.924889533594748
1.0315706414159453
12.970281206043477
6.8975834387884545
5.646510948525142
5.068095847201718
5.235350993050337
5.538989408895539
5.061688213882999
5.1164587299042195
5.096319149759435
5.255842560873312
5.181962888702103
5.165922462810992
5.093235932239423
5.103470829860638
5.124653808444671
5.126885794796592
5.315610472691087
5.374942850731824
5.606059905695566
5.69411630381502
5.708516358913604
5.133832523991708
5.267920189984923
5.37414280457606
5.226275886527642
5.231794043222337
5.147331634077921
5.058454798609194
4.3914895858636465
4.895319883391322
4.827742397443286
4.720907963387881
4.660410521163518
4.707900080452792
4.575232844461666
3.8883256920570255
4.430819830335497
4.341636288487299
4.324790157308804
4.318094670757063
4.1939018490681
3.989126398432727
3.9432076318897016
3.865959382527602
3.971686360059532
3.765999334777153
3.6544339988379826
3.6059341115547023
3.5287637778662333
3.4968602841071728
3.464149743439782
3.441119985856848
3.4046022392541797
3.4118806750100115
3.3560420781737426
3.3940887417812857
3.4261994113167935
3.371617003096754
3.408037992660695
3.418509762876398
3.2904873096735803
3.2545749718665813
3.323561163323374
3.412387373241246
3.436001241782946
3.438146451977288
3.4710292777541287
3.5761576752635746
4.034532901891899
4.362612720653867
3.826296357334004
3.979020342360847
4.317506419181023
4.400367583700294
4.375159189321829
4.4459581288452
4.5388483043675585
4.799833709324171
4.848707730769286
4.960068372741238
5.193538175420271
5.120152013462009
5.152871169423039
5.260960844394823
5.199317430809582
5.3106390502529095
5.151296936017063
5.169141368234084
5.1174674130693685
5.149066136798262
5.23193365429937
5.268118195508564
5.383459165821473
5.248351510651104
5.194722542063539
5.097159450051275
5.104194302508907
5.111177038204713
4.961957640482082
4.99063470146685
4.981012506157209
5.000694354258908
4.879783431024082
4.500185763516611
4.498052996390731
4.456012184286675
4.409848117813533
4.331144867689496
0.8073169428254611
5.679519708240197
6.986347048306318
5.010274687561214
4.842696098635995
4.919703927815178
4.942644778997417
4.907067222997166
4.8183413728992175
4.765307731343336
4.706649635802707
4.755715765100923
4.807927734280443
4.669264776142036
4.549998528036196
4.4864883075919515
4.434996424084728
4.506142858151912
4.655816143133639
4.486880895239363
4.337112354931589
4.221127900181069
4.007406861738022
4.2208413477979985
4.183259676687776
3.991061161490145
3.7629975353008467
3.693608886728381
3.6845844279190794
3.6202939982165856
3.5689366059998813
3.44905550731771
3.3646714883411764
3.3496125545621025
3.294182357291638
3.2122293119539926
3.2262386784893002
3.189850224609907
3.165124028409957
3.022036584109728
2.955762357486173
2.999674437553067
2.9340405239085787
2.8743888902492736
2.817286273620203
2.9271894215635514
2.994226409394411
2.9221095471015857
2.9583365478120673
3.081874092424142
3.0723021396681394
3.078584306088808
3.133737866506643
3.1696543368232946
3.2166144356279203
3.2334226697759023
3.3055271486542694
3.4341163535417603
3.557914589883975
3.5635306721601934
3.601912818913656
3.634250399001636
3.72905438784528
3.7339245585910956
3.631303451894737
3.8678785520353802
3.9768021896180685
3.9812892108473728
4.053499894661158
4.043494717838676
4.131366410925037
4.152011321386805
4.161214498996204
4.150714523111555
4.282174106367171
4.362829709946892
4.346099104999823
4.332544990879253
4.269607704657172
4.244489873606417
4.298247862409258
4.412430492217964
4.415218313566429
4.460317416401595
4.754025897531423
4.611233866926169
4.555752549085112
4.397473492263965
4.474821074044526
4.489722566070644
4.638059595864485
4.613582313683455
4.535747647479806
4.43455789570562
4.497440583085906
4.6896207589083145
4.684064522592356
4.71407772589543
4.756618311080591
4.829144007491265
4.5994473325504845
4.486294351606325
4.35562012757298
4.334371014793452
4.442363068914587
4.399119190006474
4.229624940803155
4.2477354542753964
4.243749845048073
4.157939927245643
4.2304250669185315
4.081144757476716
4.096623114797449
4.147363680716676
4.153444964648906
4.131096422134368
4.070961908423362
3.9905671864995087
4.066122232662459
4.093790602038689
3.8954637453769356
3.821418724429078
3.736996852627245
3.7133353506261653
3.582717932101328
3.51697481620451
3.423139102412046
3.3561431299635784
3.418321889485472
3.3768444952569032
3.276225600948781
3.313815809794155
3.195533115447678
3.1236875407642106
3.0498890010077964
2.9883971849868947
3.039780924241508
2.985841843626569
2.929509163488153
2.9752172007011337
2.9526259317057364
2.919456060330972
2.926327776149963
2.9108121959530933
2.815939591854621
3.042334968092208
3.953222288324506
4.175112025029129
4.153977916389246
5.164849890357111
5.802738971444361
4.521738020827238
5.178707399872641
5.527466633156412
4.971966976898808
5.06012472757438
4.628847582225222
5.356341088737631
5.205816628541036
5.170688811816456
5.107717691374657
4.951972192090091
4.558260709034261
4.5471098975710005
4.377655869886798
4.5670591163927
5.151842379301582
5.541405728390219
5.851410899032018
5.2171289530679035
5.526605678840226
5.590445929960063
5.7313083969679495
6.570168918827199
5.404074987250937
5.95103055501118
6.0230389622646365
5.91392180088327
5.724805289817343
4.993947075188823
4.9636640800745395
5.29432676371113
5.3246880775195145
6.217222308822824
5.617635997117491
5.762680773232494
5.270057282180241
5.0139907193377
5.158796248287831
5.333535863300249
4.543777751363134
4.4218667879752465
4.232854110452979
4.260677454144498
4.375310227970264
4.411008012353752
4.395991000612473
4.462811731173369
4.409554182198614
4.206806779452478
4.261618999912791
4.307283532836317
4.701269882423931
4.53721522196579
4.530694740435623
4.6076156478926515
4.69478980476467
4.803770565712663
4.822767431091819
4.47739421608269
4.628254749678324
4.452810343197365
4.406455409834118
4.141344317976159
4.119387358092353
3.763027263935379
3.6643400074860897
3.646269799049096
3.6410498854847275
3.5641801166966602
3.454738684933411
3.378424345205022
3.2681683437301756
3.0835651332187526
3.020281195071017
3.042426267168319
3.119307762323821
3.0027693091394827
2.9670820879102
3.0466809454326635
3.0521228685667245
3.0028878117404836
2.9667905759307693
2.9380172143962144
2.9505616728856516
2.979270760326074
3.0086947900304133
3.072881604861278
3.0966530400612267
3.6928031411155415
3.1384858127546797
3.318940084449512
3.2027991350838603
3.6746924005000556
4.5003484647844845
4.890896049523601
5.140005068482798
4.678097646824208
5.431101654181092
5.411022373990458
5.457861337686881
5.848118553372201
5.882201705868496
6.6172885723261565
6.7023760565475445
6.543283201500935
6.2989222057990535
6.525625427252169
6.235876607381518
6.1467690996089335
6.632509632000465
1.7283112835969558
11.430992024357119
0.3558414885640523
155.16315302926515
117.28437329805183
185.9315268845608
3.9209324047307756
168.57364942113057
144.94076030230494
207.70467929760474
201.62432477990225
253.17443513033737
246.58783561562896
56.72978804657955
90.74385289175574
5.40732513397001
5.481778839022392
3.305770915373274
2.204224436406764
8.144220814003164
5.176721221527858
5.107203732064316
4.989563530393073
4.900958585924711
4.836655060664433
4.883075999762552
4.78074779135037
4.80297627984342
4.7515430086435675
4.782865641015639
4.835740953663183
4.781294876863062
4.874194974712175
5.12963663149698
5.15054718878723
5.125096501951794
5.275727948575691
5.290836652909624
5.28272294601222
5.183668818761106
5.0709669308923635
5.057462653541769
5.057707855557944
5.090523498090403
4.788279087362373
4.6490702763598115
4.9381488465648635
4.944986187179777
4.634611067383951
4.626176304679608
4.344023064301202
4.180562707507441
3.987291514243147
3.9113154918277044
3.767641330841545
3.7906476814469077
3.6691188530698917
3.6795851240900426
3.56520066632224
3.436177020260812
3.4914473745540198
3.5022425984867165
3.4450601382012307
3.401864632539369
3.3296349138617964
3.687658454876615
3.5891482244422095
3.437419328091778
3.3903021802198627
3.43483597524732
3.361971801408766
3.4185629647919504
3.3861824304041725
3.361895432346353
3.3289521416533545
3.354693525593677
3.480829027929248
3.8363804532534744
4.146107449769117
4.186992387748876
4.529867365655931
5.089709667428675
5.685179403945914
5.10127434722839
5.3252058207178825
6.754968299361906
6.58512685313392
6.362532952192019
5.957217170599278
5.98424727467808
7.269135603018978
6.487494314539133
5.751674305319951
6.474905511739899
6.694951976810584
5.9484314151759845
6.166411964045367
5.765111922738825
6.185449007382448
5.584744062013227
5.822804907658425
6.155812643517488
5.98609420472683
6.411514858158902
6.560194442445044
5.7238981859556635
6.356543847957773
6.232476327232043
5.612256161528388
5.822456250935857
5.924099505676004
5.417434352820021
5.433748854316963
5.699239299608347
5.319618715957583
4.990640971810437
1.852060732024151
1.8373893623763604
1.1526448984555848
8.914612275420499
8.901396636646213
9.175641983586365
9.101471212032495
9.081734165255146
9.157699030547544
9.08497425267548
9.16033026880154
8.960916958056297
9.117858684036596
8.739754596601474
8.42640428773
8.233615317282458
8.19464295647113
8.328550833720664
8.6142867331494
8.90929731022854
8.699301970857817
8.76594219452495
8.80671424586209
8.825525517264225
8.305915530488925
7.7162032064009995
7.273768258600569
6.214444830437019
5.703835788899687
5.305763956185101
5.7514211469675445
5.67756623933977
5.587332602031446
5.479820903018979
5.428653259831442
5.134771073551053
6.003757815554192
5.872168866001224
5.519496023566894
5.73521727217007
5.253952607219568
4.990020388170793
4.895464863366876
5.095781494720459
5.265698973219518
4.799882259764878
6.032381754569984
6.090067249334678
7.167783070636219
7.1505828959283155
7.052123607548792
6.911465939923654
6.621538463369983
6.421109669965003
5.190002255205647
4.908228986086231
4.195112608934503
4.15191739372739
4.034692968824616
4.196260039711152
3.9983809102655097
4.396497724833605
4.303757257676968
4.183901424786294
3.9496879492007246
3.706064084153095
3.612590081114069
3.7033525033781673
3.7850665464562976
3.978912032989022
4.096199884635124
3.8213172050360433
3.8870973859463795
3.7383111124641477
3.818685039505554
3.8824748823854014
4.438077905045101
4.542693440815571
5.24296089073994
4.580314659192862
4.617419892220622
4.219661182296039
5.160155664781524
5.593232931155516
6.448757837530714
6.977856350805718
6.625815632595134
7.381112305867245
6.943081828271332
7.728906423738259
6.979736350575806
7.393980571101726
7.958264020408083
8.646175528569847
8.664512612720259
8.572245109132222
8.460967968243306
8.866913355803659
8.681225339247748
8.544790164787216
8.855180248008148
8.251405001699712
8.090974179716312
8.622874832241004
8.340056295141975
8.06585195053302
8.356560729035811
8.00525491567828
8.023252275048197
7.868491863395198
8.48879402267538
8.834386727826496
8.221823800686547
8.020012791704113
7.308329342761439
7.599661956663982
7.94657591737383
7.583081009954512
7.267109470765536
7.312412902894893
7.271935342521678
7.951951545955457
7.049617746624043
6.1398223951479505
6.287017449766135
5.794494665704608
5.934570462454722
6.362035239122878
5.77916968649213
6.176730624846922
5.861125028770054
6.352526933831922
6.247128367299106
5.607843163289458
5.743917242110699
5.555717526259602
6.539420145620829
6.582569393846379
5.986752774641012
6.09636919538977
5.983602836094489
5.924744451298888
5.495901516664012
5.755600339755536
6.636383875241088
6.5857075584687434
6.90333314424769
5.315731735315167
4.539372659471156
4.897890665585852
6.57721256259268
6.32604615454207
5.709245490586492
5.246099540496027
4.863561111395911
4.260008181581129
3.888312065032491
3.8635291894253947
3.723824484015038
3.606850192596927
3.493530625986719
3.4799570635354735
3.4894843368592467
3.493252261583173
3.493870282189158
3.5214546716475508
3.4471943356787245
3.430190311465451
3.400420002295425
3.4217551704947824
3.444961224725384
3.3498248262949053
3.416811247166664
3.651540441025727
4.403250976292447
5.018052663308182
5.851713028901599
6.476080674196145
7.139300384204205
6.560779138481377
6.999026469226577
7.9883287705212505
9.03309216631822
9.381209028717617
9.36497960759718
9.78131720942732
10.059429267247221
10.047509579861025
9.121504063137074
7.85886862077443
8.096908959635003
8.112644898734903
8.593823534899258
8.078779435553594
7.954114240545543
7.536272374170751
7.968056896401558
7.692773708523126
7.577879663519301
7.489181065306892
8.198194687956587
8.388114986694315
8.001979283193679
7.495278009466877
7.741024684302122
7.374834467191111
7.501530486876182
7.952828595371081
8.069088571944938
8.537774931784554
8.412491155242003
8.310363789754907
8.737154811791633
7.465995142196652
7.5043948947213455
7.900649487778242
8.041223653534232
7.739114427156099
7.453813553443762
7.509774260737328
7.123510169409363
6.843812975300573
6.588739176814222
6.856948651769952
7.200170811756026
7.240250856993971
6.707965650300259
6.631873549974869
6.597847797833807
8.17964708072156
7.769747195174309
7.735290242082209
7.658402376401095
7.2923830432643095
7.094368617156941
7.793777448129104
7.509959787321837
7.084163988448222
6.757527507999148
6.494413765729803
6.566786279818335
5.2870526027565505
4.819593335104195
4.566642427720546
4.5058790439444705
4.5438014594988045
4.511089099373018
4.507773799408071
4.543966940683993
4.378134047484711
4.210044400153599
4.149143180500458
4.11784611169061
4.02229300945925
3.975296804551399
3.8649581380423643
3.7928123400285076
3.8040415072603615
3.775334879448555
3.747061740356044
3.6496774803319534
3.6511364155871293
3.6893680544346044
3.680214599938983
3.687350253931668
3.693657569726318
3.6375074286069613
3.622272817594572
3.667064391607143
3.8019253141064207
3.8358219718512045
4.01839439443352
3.478102407768958
3.594371333753214
4.401066418969997
4.982928643081923
5.546260132678734
5.710555097260012
6.023340462877227
6.1294143597297825
6.879741450573843
6.671496712874128
6.7594161570394276
7.358076988705877
7.501241374160742
8.125095853588263
7.929214150039467
7.191510717129662
8.52720226928745
8.824266033831366
8.22838120198995
7.769495268101458
8.04153080483122
7.813062624719856
7.792566833798374
8.76060280495014
9.12387841807439
9.254795145216354
9.073064789977321
8.982262356857248
8.306279846362674
7.68800345352467
7.121365135260855
7.712098956189564
7.152986838382868
7.139390945675695
7.325015555759428
7.677896248273262
7.158820035342712
7.64894369528512
7.607964009708332
7.102374317544708
7.19398675400003
7.672207272376526
7.173102950646439
6.745789491033372
7.367905172946113
7.119959863230805
6.699503534831397
6.716683357170293
6.327916274848294
5.986116141062878
6.33519448175913
6.299273983330615
5.6607433904106195
5.037708805825419
5.256502416482583
5.457948789065578
5.301046140410007
5.1920058486170255
4.999244158988958
5.289592201214435
4.903687958032983
5.062985534990148
4.878250604591914
5.017130936169365
5.028635240235144
5.589024362972237
4.802163453214569
4.842323432959982
4.700270267574306
4.599058651735806
4.653609547895949
4.742043242729701
4.698047709006837
4.3728586525217
4.008727866653692
4.02960143022727
4.182778336100991
3.8825379389805574
3.798286208694275
3.702479797213565
3.6501523714336477
3.691833770699402
3.727834718457664
3.736902063302561
3.6839733027421335
3.713618500268944
3.6777083378575672
3.577707752623706
3.5029526855264774
3.5835474399607357
3.441863768503534
3.4628287678288476
3.4118588830630903
3.4848422452178296
3.4709783997872568
5.785283109044071
3.7771693325781217
3.441913152204387
4.772176869474529
5.532023258522267
6.257758579661233
6.601191820662891
6.681364940798118
6.8416281192143416
6.461337795142109
6.504098477252131
7.050452581105068
7.235681503397126
7.5641145781194
8.25280443011968
7.747680042143765
8.283226292869381
8.427558675631603
9.197042442489426
8.2778477508435
7.62726862693707
8.05696820048499
8.065919483520528
8.586356686795398
8.344924852756227
8.131830227445969
8.805647608546524
9.127760408950977
8.981825099403402
8.756517523480893
8.309687611950917
8.183540352187507
7.857040883558214
8.33000247391807
8.001951327393114
7.865014994745398
7.730286357890653
8.38967745321317
8.603732895232799
7.790208631261227
7.374488868442582
7.093534974680866
6.622199428062522
7.164052250083915
6.640260008956576
6.465685020261764
6.140226921918828
5.785251940788294
6.261651200894736
6.172973019840494
6.12995677357234
6.05600826747348
5.732784194531085
5.450174345359997
5.317686718139383
5.279615091726042
5.055967196546082
5.1064207692090084
5.111119286837808
5.294126957136843
5.1729994365486025
5.2075243362958945
5.251907088743077
5.1245483638866745
4.9190333951453065
5.325078358830871
5.238705822777653
4.981445299329717
5.012195684150086
4.895547052476952
4.848603762576742
4.709504529806222
4.598687012052195
4.266557236176625
4.157027951220242
4.093663554517473
3.9551435143034355
4.040325217123813
3.9739029955261693
3.800345267683346
3.7683780549359995
3.733741367817642
3.791504120111191
3.724554989409147
3.676276608176338
3.657605198741893
3.6171978805435105
3.561805569908997
3.5494260976724674
3.4983576545694883
3.4729025522813144
3.3555301143752825
3.4014111226994537
3.5635873809738077
3.3395532385153093
3.3566231404236015
3.189629473545473
3.2481549037491777
3.2966022998534035
3.4218168827235105
4.215020874755975
4.972217649052545
4.989159381846881
5.18204327621218
5.524196800733698
5.283154466957041
6.379771735218125
5.392906384850769
4.586919025360544
4.998290105195136
4.8503442341943295
4.962701319289324
4.563587313441694
4.468767836623102
4.487468891259925
5.177087398710048
5.7966247239460715
6.203828467513085
6.74232223504265
6.65029400749539
6.102331160436059
6.545448409644585
6.131469881401874
5.342997181451969
5.03154798851308
5.402869430231899
5.201485800625687
5.470901249248476
5.799468323334848
5.74740577808248
5.686082366055208
5.6132248063130605
5.395455254296429
5.1805739207924475
5.13016594457051
5.029966956946078
5.032608035512458
5.2389666922232765
5.468877079081326
5.099675952561417
4.949732335229577
4.57476718634645
4.491682529413699
4.518825594422536
4.5147384157346355
4.930550051447529
4.6055919325935095
4.730642793681376
4.449322627753025
4.28734124369226
4.325136267227783
4.3239025689377995
4.581035287224431
4.186267407341792
4.2249626820352
4.596948912919332
4.402235451181048
4.260897671904837
4.110563649809195
4.147090676637772
4.182408078280344
4.331583459326196
4.3727379087726055
4.3010260397882005
4.254558258897556
4.08682224827957
3.8721021855782753
3.8206296392860373
3.8788209382073813
4.192934279956634
3.6850799042530564
3.662947574227812
3.615558527322768
3.598484480429947
3.458770478737602
3.4011745685500134
3.3194844387264366
3.212545151257887
3.208335442227013
3.156340060530303
3.173816233547341
3.19316281323148
3.123877466318923
3.0628567778247695
3.0192657408700816
3.064249061010945
3.0644284144185443
3.1396853218440723
2.9721743768468203
2.928236067842334
2.9770390453761237
3.0062924366575476
3.0391434989467014
2.8864465744808636
2.8835982533685742
2.8466647742321225
3.01259733812056
3.2985704826589597
3.466166895960985
3.1561128118613224
2.9814685542453954
3.236917184416845
3.4933763649265437
3.8775598842172854
3.7955029736337367
3.9527439761811447
3.861593423166491
4.179922103309188
3.7910304471482394
4.699342156460153
4.599753079952031
4.239303432292449
4.098136101111792
4.466346413379288
5.720668017114363
5.584294111110836
5.040517277906388
5.130332971531209
4.879238633942202
5.1906024856349475
5.380176133465578
5.091844756013104
5.021729388173921
4.956397097311579
4.875827992708685
5.021818630551407
4.887435547094794
5.342371221311366
5.421873798254261
5.498612512551619
6.21380937908142
5.229861085625686
4.58024586242184
4.789978592126049
4.844814573144836
4.525827597205509
4.508026264928967
4.640438438789058
5.236297872572344
5.270791134197466
4.319926092254407
4.408378718348771
4.996627606380313
4.978871265019897
4.725492182422821
5.03005441964131
5.2221111913804075
5.076966360875461
5.0922392804423104
5.221689222973455
5.079376681906014
4.693941922469623
4.631148929785692
4.181682338145129
5.101393473417341
4.8145940396219435
4.810238832579432
5.0976473612454445
4.019676018858503
4.217978548294661
4.637175829600947
4.0407531463427855
3.84388612891809
3.8198784923741345
3.7077012242487646
3.6241088750157466
3.5442802272662766
3.493695311770893
3.4050939167916816
3.423078778147796
3.2095189521235077
3.6293589365333254
3.1819617706489605
3.2284456286643457
3.216192170353106
3.170233534276599
3.143913520947122
3.1395755314856895
3.1075252654988157
3.104507101184007
3.1067305279228674
3.0857636803949577
3.025373206947967
3.0028924513716784
2.977308535662567
3.646472359457664
5.2596130378707056
5.899616146666904
5.652280987156202
5.166728361618072
5.069782306321198
5.905512811165784
6.612884101848977
7.033914822858599
7.109339033911896
7.644075001463181
8.087794253376797
7.98011497696045
9.13773078264971
9.267400261909986
9.240992965669175
8.70790349328476
8.625189791123022
8.24593876221331
8.33006702248434
8.168666125404798
7.805047660953398
7.823152495442261
7.854928732341105
8.218504215865595
8.402851718291066
8.765990930124754
8.106846811852087
8.290990874614543
8.23040216856922
8.605371653386573
9.25414076085378
9.540970221886298
9.668200196215258
9.074863140285332
8.150793263822962
8.541631363254377
9.205884543576198
8.891086477645086
8.828394230099985
8.954208028939535
8.544776110738237
8.36118517816779
8.020578358813257
7.123080631183158
6.5311593113137585
6.915882300602957
6.51756308071828
6.187437204608787
5.981958198509792
5.64540795484606
5.678218819753241
5.8814471580407615
5.754217824557805
5.374270327997687
5.1268389097742535
5.05081887295306
5.0017264136324
5.080473389350817
4.739940972533404
5.3834641811879225
5.570575666545612
5.837306870776947
5.857999217140456
5.599716106309456
5.028535937051439
4.585507010269691
4.068278120971018
4.249229705420438
4.256690214488324
3.9370148646403855
3.738016658947371
3.683438891319097
3.6034542042378352
4.03035802224433
3.783123638907665
3.5666494865050815
3.972182943803483
3.6958146687191293
3.624672018778837
3.86712874711357
3.3461185522786168
3.213859140569779
3.212889603578187
3.183195251369101
3.193848613923581
3.199281502535539
3.0743010873983625
3.034699667013617
2.97457690968215
2.964689573529129
2.9620066011878285
3.000351424161356
2.952387754453677
2.922177193055351
2.8988749934011175
2.889633761393018
3.4586376170000395
3.6597798442361342
4.453006986142667
4.105956158047201
5.910794674110076
5.700205718523609
4.932801282306673
5.802232882191337
6.468749913018395
7.411082297720911
6.8470703752245115
6.83409864004043
7.477156488302663
7.836613503044243
8.50772072241578
8.553911874148703
8.223387406609167
7.373590167271251
7.55977212746261
8.216726704387048
7.931068972422755
7.6107532336547115
7.3441871002402666
7.70904593160434
8.170685868746153
8.832970397983445
8.648012165971572
8.986862545901868
8.933482260187741
8.532323633750241
8.690081352345546
8.476202807935222
8.420790835393856
8.63849579148919
9.006638343243674
9.122874823449768
9.179008053318567
8.569997849309274
8.581337035865447
8.49080363567368
7.936574098792973
7.382435194107698
7.604537544660679
7.403121240444969
7.236128297355579
7.002290221444123
7.256914078951963
7.073378594142241
6.85327660982501
6.185807600979077
5.727381311047749
5.857064224740594
5.553387687264835
5.037037529850719
5.231717270878179
5.084020755712454
4.872440855863498
4.82586975593548
5.373209009444349
5.668155825426395
5.328335836092898
4.873057488406903
4.909600829606831
5.0681236773359
4.917971053780609
4.775565863791916
4.9092459751721185
5.399928839890478
4.707292235345691
4.667530987192968
4.626999803777905
4.439123522631604
4.363927958385132
4.419259011063119
4.334710113061944
4.292803686532542
4.316666972895016
4.226620752852603
4.237117495942945
4.104493917214211
4.147667678776172
4.046961766918266
4.086007542008848
3.9781618601842945
3.978390761472491
3.9321846343478235
3.8099696021759097
3.824182333494754
3.708772747413104
3.6750402785769505
3.664944621224931
3.672362066996589
3.623661888360191
3.622982532223144
3.580314774575151
3.54931844952592
3.538694774123605
2.926143383168388
4.654100506499553
5.367770150479319
5.448009191168471
5.537306176477827
6.116726950230645
7.222778473845584
7.4925560470272385
7.730627332811229
8.134053770554194
7.8818465105461
7.548177162616311
7.354495820573445
7.74136456256546
8.611140246144185
9.030299871077181
8.4831103286479
8.034898156083816
8.175192760136053
8.27249813669709
7.334465323512024
7.861872153579661
7.9918108567297255
8.164392677553089
8.820030374809912
8.45711918422742
8.721487845208271
8.981668001633784
8.893286241979911
8.829835839063312
8.902387833463003
8.781019207694746
9.07491514502644
8.949517772660931
9.252061768988684
9.045204361068658
8.523759563803678
8.560833249554072
8.060498796151988
7.712405163797635
7.374393655225775
7.0947025543047415
7.6920551866858045
6.789301818389033
6.433859207456126
6.226797894153739
6.138058635882323
5.96598877047904
6.1019607503603615
6.498745080427414
6.171583614802747
5.7703344366392235
6.264472631700872
5.287172157543949
5.507532485418115
5.2037665184489095
5.722709352762946
5.304957495989519
5.1742818409360645
6.142549787850949
6.417393186375966
6.1427875238992025
5.986393592698254
5.475719115198694
5.44386643294775
5.708931240002643
6.197664167700879
6.5181124388168925
6.052109150825466
5.810229668875583
5.686791145031141
5.095148034108302
4.997313650105768
4.716180351527434
4.117812296967824
3.7548325575339554
3.7524046416009917
4.570558281560882
3.703276797330656
3.6621331815122584
3.445073000619079
3.415711857316519
3.3817824974095254
3.340575577030423
3.7524482244686874
3.4590496744802257
3.197488056887215
3.1787072192465073
3.1217197589908388
3.163652124959821
3.1298778659752053
3.1060377407019577
3.1167549089062554
3.1026729619924276
3.682028788026775
3.5671173123932487
4.0820681279416124
5.047103558423174
5.262429264125506
6.248719286577712
6.533044478264174
7.247243763063366
7.304740311930053
6.805425168169305
7.381235434489193
7.1325496781057325
7.459058305610699
8.129406661594764
7.968378851570827
8.258615826458279
8.927204255318566
8.826183660396186
9.165570612913909
8.86250671905701
8.703263095425122
8.808221091273298
9.08569762818591
8.861337527265889
9.230512339111446
9.393969989274659
9.287081614962139
9.091482558470876
9.24719598658867
8.973988987809454
9.566095780600588
9.810823489120478
9.540228113584424
9.166324703328169
9.57642969390693
8.829812310324897
8.684298218788415
8.045701976585953
7.8960493839945345
8.663612313850253
9.36718181426526
8.253167607351363
8.510998425247935
8.387404957613875
7.8699147015588835
6.994777377934608
7.082614301685467
6.457267941814611
6.267365971839644
6.373021781471006
6.183798368047361
6.137322719251177
5.687990660787451
5.927646321229074
5.211621560004513
6.025152231135707
5.623651421367135
6.273107191650681
7.239354285182082
6.361007240920881
5.749076612176558
5.644615421973188
5.635719160072198
4.9205305329828
4.772073599243176
4.472064333784653
4.225370648627504
4.113871842534476
5.451687987207453
4.494888718366626
4.556335197309412
4.054256138464655
4.539927154545481
4.149445761453698
3.7386365971617415
3.799489292813117
3.8340714038367847
3.6049234601703852
3.4354344255488094
3.4522860141884446
3.4575235810964378
3.4425375522426083
3.2245622621492354
3.178991731581603
3.10190759416367
3.1344235009526
3.131300507865393
3.0527810652358753
2.9587422207153686
2.926464257086601
2.936218100748111
2.9598506276262495
2.856692384933962
2.8536048539386267
2.8592931041266727
2.8347169237900394
2.834586638893519
3.069692103822017
3.630719904508072
4.494906143580835
4.624092170164894
5.565522537428401
5.359219963356157
5.118010378619584
5.8090829531992005
6.376116308604819
6.916868134827858
7.161408425299124
7.325897787213604
7.208303907220781
7.934321142319586
8.369431324330083
8.146611037832123
7.933999612317278
7.821773522962459
7.848421613939127
8.81087353001481
8.345822123255777
8.213120879311802
7.990488212853154
8.08812196309042
8.888360212455934
8.815729909693458
8.173139740041611
8.575509652213022
8.314573065121683
8.481813946022378
8.20272397906893
8.157387561352188
8.275714511107585
8.38862098546457
9.01536416240794
8.794395866661569
8.39320353697591
8.959920299869427
8.35558890503903
7.868323004675389
7.526448188963748
7.18047746417788
7.501685727369479
7.546276597919408
7.470425834281437
6.601907928464805
5.920518524856465
6.23599350720139
5.782594443913616
5.8036156770686205
5.393667366500452
5.6673587324106025
5.877599785912229
5.7154656596840265
6.0864807064822495
6.245885219028562
6.361581736361095
6.03536572819526
6.084436083493968
5.991432770114604
5.874314712994196
5.561997311497732
5.454849895981948
5.4316758174666315
5.481648853596142
4.9507185750285565
5.01399928543037
5.380726212696605
5.560804268755004
4.914280603344011
4.345436716629472
4.252803595240099
4.713600676142879
4.3910288972654286
4.6362096334653415
4.405665410219651
4.013582832990239
3.6860727732184033
3.5142681499096913
3.364818943020878
3.3702045920414405
3.2890821265433487
3.307525627038121
3.2009212981824975
3.274451277719971
3.283561720900521
3.231101962948445
3.14034424755822
3.177394701614425
3.051560102934533
3.042514385544992
3.0544188068862455
3.0026297738094097
2.9023300673756283
2.9780337180130805
2.944514334655795
3.0813161594189
3.126219399990875
3.0747420532703558
3.4382856941354927
4.0409816073266995
3.925761943059623
3.7527778166657764
3.8776445091500196
4.947725787756735
4.9307432440179095
5.634193770974095
5.010660934572673
4.916789745748489
4.630523516221842
4.6012898559537865
4.888930574100324
5.572870916935278
4.68622671535881
4.8082845454560506
5.4522504173126505
4.910303759366572
5.018692612064074
5.066214944693952
5.087253191383043
5.3604915917690334
5.311665119435672
4.720787306754594
6.0331722097720855
5.901878574489741
4.900017164474174
5.616902064402753
5.818240528799022
6.49434712892839
6.537069669714489
7.0162430367112645
6.565154431728237
6.227935864376168
5.351917541539203
5.25238159319297
5.352530171624649
5.346806351214474
4.941097637858939
4.56090967631226
4.652105393714099
5.548364958164965
5.029826934913898
4.61291654260084
4.808436070331721
4.334933795108293
4.448214734091716
4.91479064779969
4.559867563041736
4.655879749782002
4.933542510656826
4.62671768697296
4.67261692860815
4.465783501036154
4.295884255616132
4.090813439058654
3.534362596703993
4.155729253314132
3.8910482614148543
3.752914822964263
3.832429075077514
4.395074055892024
4.24676338424378
4.081836382050516
4.654815990025122
4.211758723456253
4.183861195181018
3.9434461081300585
3.703746057202537
4.321020376527566
4.17444322710856
3.6249768970809577
3.4170832665854243
3.00717497056106
3.349622884628593
3.176882780094807
2.9384178491329025
2.888801355702875
2.8750957277954057
2.781787813546958
2.763484720206149
2.786196928349927
2.7793050804466466
2.780309202507109
2.753265821542656
2.6759944891726586
2.6309361902903508
2.6357230413737356
2.693469198917326
2.984816170779584
2.7001422679683604
2.6908093749214594
2.6500395073576
2.7523594467481307
2.7630310042208284
2.5711292405684296
2.5591903230549007
2.752099788240502
2.9563517331642477
2.95933385955471
2.9760801503551453
3.0472641373229257
3.0407188483305534
3.2459954552325803
3.5265469362244177
3.3821981201324784
3.8706926767256467
4.133437849560773
4.00732598791739
4.17001533277903
4.193085127017413
4.466073754649964
4.7570953499558755
4.558056269704941
3.680322240443748
4.117982300620208
4.134481682368102
4.894856964281364
5.205082444684708
4.508687089759358
4.283984204616508
4.561781696489324
4.248828627210091
4.630814806732506
4.666334594678647
4.847035631440628
4.390614765763613
4.456728671393028
3.999705890871946
4.170594467009662
4.663708945010399
4.707946075581431
5.226942067760967
5.815242921391858
5.453331752287421
5.640845629757307
5.545303083043337
5.075328777391798
5.274017927330491
4.5681078229064624
4.447373259890465
4.182048511570432
4.403638521507122
4.280064007131384
4.301231669537784
3.795884373422808
3.9291160255085544
4.115655466983444
4.228384726848527
4.28707501130122
3.914101735955716
4.277668579324522
3.9808221068066665
4.208835837885371
4.4228281364005175
4.699872131030626
4.479366218830097
4.366118359525264
3.902740848208443
3.7053980575662138
4.396147802216996
3.7848251378924886
3.9372452064556103
4.154908701771363
3.454127471142228
3.408300845674962
3.72775481186338
3.2820718599818184
3.2556158556358223
2.9602844358961615
2.9483152713732403
2.884077704950791
2.8666612953398425
2.832753311454146
2.770834856415929
2.7607122206409977
2.729181946842172
2.7516671795864016
2.6132435018907367
2.6275363337296396
2.5387606519263906
2.538917486206321
2.539697946739953
2.485946110980342
2.5055638395951427
2.4914738110498122
2.4300651406686185
2.3855775744308434
2.634590472691705
3.5922285469202055
3.5733869523303476
4.010767740420057
4.473072430199317
5.16605544468032
5.548863064730319
5.291498476763007
5.858651598027111
6.331202189657956
5.981104201250714
6.499451531097988
6.881843086887594
6.80060774350307
7.121127085081391
6.9647827696807925
7.389187367005195
7.51428405692492
7.3354259277288625
7.723427936620071
8.80099333771805
7.93606991508244
7.474603490519212
7.793307139722396
7.663648080176837
8.247914164298885
7.945270974076815
8.143572936072252
8.98312350172895
9.010965862062005
8.413629103998113
8.889197474538236
8.771089982403767
8.893534585047707
8.355037233962513
8.07741731637795
8.027769933506953
6.49870886179773
7.347720884185474
7.953370119186213
7.4968872372138105
6.779697790745386
6.928891091854789
6.486575920423493
6.7062679728334995
5.961729570855477
6.653521800468001
6.3167505007317715
5.9476348585893595
5.71210647438955
5.681030670591472
6.122312991078421
5.602671449159777
4.90081991050878
5.1644873529253355
5.084130097482486
5.19860836527618
5.20191794474663
4.921031690593852
4.535388607042657
4.049608092267653
4.342540860112401
4.479665771013765
4.648947533607641
4.5733113977725965
4.470057188505165
4.404006807202094
4.07080597362702
4.3690570118967
4.760163533116779
4.331514702061396
4.666567672538149
4.397892517362699
3.712371529718121
4.47274403545705
4.021337989579733
4.268191640467694
3.800591984413734
2.908672276715322
2.693094075093159
2.694300745865658
2.6678396495101646
2.634507830003417
2.565717866880404
2.5113968331388783
2.5078090121295125
2.506631686476923
2.4956474443629664
2.4657425669561137
2.4757109557797534
2.4586531135211755
2.412445603792184
2.3832361878450063
2.474908914648268
2.4668370951789442
2.4113795661782587
2.6411548768132587
3.130399254357916
3.175981693960631
3.171247277916576
3.661341486521563
4.737167169496138
5.94956751986738
6.4076559580600465
5.812795870458254
6.2047936728907915
6.391143372231286
7.6706175668690815
7.353586407420959
6.927748896398985
7.336663003355096
8.359839233870074
8.187583013112414
8.239912098098504
8.757472392707204
8.2914046561258
7.871549479484389
9.143369237459611
7.852874938649212
8.45840807994249
7.830671669725154
8.063738216975864
8.319013251429196
8.451631398585583
8.39202310073166
8.723514785016471
9.219426165478216
9.091086442545125
8.57774066454966
8.62717147712258
9.00047383161372
8.893428454308935
8.743236100567115
9.205027371787045
9.092998577777895
7.840559825340956
7.548256210916294
7.616961032186542
6.421588711694808
6.543817697792276
7.052121670113132
6.251589310873637
7.024699383635327
5.936228074516164
5.850820146221588
5.656740448888287
6.046228616954214
6.053835988783916
6.558243850948687
6.149993589634944
5.928784425406373
6.036260724794855
5.494111797063084
4.761778553473934
5.6072786571926345
5.229453478713385
4.838392103974164
4.834758293890984
5.621563159315189
5.463806864862051
5.0917391725189
4.983165300976634
5.582970881785219
5.511605008832501
4.429816906863728
4.339572995487257
6.3634438297912554
5.128962406792487
3.8174981686208156
3.7026810910519887
3.837628065569175
5.28405958789359
3.2029113986561693
3.1108372390341157
3.0553171207836614
4.5034407886288665
3.2489291907005304
3.130356209532265
3.0015618958048766
2.9392445479337272
2.8921518705788123
2.8767493319975914
4.118819838440234
5.471647975965795
2.7486959495496426
4.7905849469786626
4.337640893766566
4.830554352862958
4.773724505012735
5.150724198266998
5.0073875826605185
5.004302630931155
4.688326670190762
4.91278065340101
4.469794578145543
4.791550023618079
5.392813805836355
4.653784947558069
6.182474414914117
6.274194499517722
5.280079514550857
6.031794799853882
6.994736129190798
7.149617313568953
6.788874766165481
7.319074372692951
7.4395803941362555
7.948001564117707
9.275487570725929
9.1354581405567
9.227248815504188
8.961222683137999
8.910103114401208
8.6569297822102
8.214668849234313
8.078679138808345
8.464355669455117
8.247589266272751
8.241547597252875
7.93159757324573
8.037778755585878
7.795367652343934
8.84598995508806
8.767661174552845
8.213067577670419
7.9283226161506555
7.692127000493874
7.782643447784938
7.922624776377918
7.153246813083459
7.443881779772398
7.6843220512231225
7.277793744733885
6.441374030618636
5.865806013853315
6.439373823673806
7.048170579796255
6.6234214255775345
6.109452595243407
6.014492025374945
6.185064244043463
5.929826397393307
5.818565622897014
6.016825743276156
5.6754942865407205
5.946272920074321
5.893227711688674
5.823979419051219
5.519938681179287
5.464890045076359
5.558789911462648
5.187056750330911
4.931684570182927
4.870123360065411
4.791800214463751
4.8631512165655755
5.057594741767323
5.0930515360745146
4.702207380309583
4.558522470597668
4.233930387991447
4.093784262819049
4.706339653281902
4.658288329272723
5.492802317393262
4.602373135285133
4.197540686640271
4.2974653542177785
4.396995893074771
4.04643755928672
3.753769382134699
3.5125106605643035
3.580749429492891
3.369474806349587
3.045349742076592
2.96166605031422
2.906753960569168
2.8838188408256173
2.8185054109247316
2.8285183196665504
2.8924338344865457
2.82371609627659
2.977892255028595
2.8018565188987665
2.904280147893653
2.701961353953659
2.9202342135845374
3.2111334156996945
3.582388541133436
4.168329616066707
4.312316134317403
4.042867891631459
4.734655347525211
6.227186563670446
6.289141312046321
6.19416884992682
6.410658441881756
7.751544951028712
8.039960568684556
7.9889400131479205
7.488823449560754
7.618463527157836
8.33262105462761
7.90825856215271
8.396822326965616
8.377969512868109
8.959031058078782
9.422418163907903
9.225691270197157
8.754869016234265
8.860017641162269
8.983717534964763
8.052608010816323
8.291930581993032
8.525855515181423
8.949443560036812
9.03177408944424
8.67940188461643
8.14913761020179
7.934050893962135
8.697611522296032
8.233793110801894
8.257692511762691
8.024164608628748
8.603465724545414
8.267161411717003
7.99145232918619
7.869795621978119
7.403883393889603
7.47667280219
8.252363105566344
6.987561836942832
6.518129155954068
5.956790194899493
6.214761024049151
6.162863146674363
6.160088393608164
5.594395774931111
5.084152039206889
5.111606156987171
5.0592261858203065
5.094632405750193
5.06326253758008
4.732897720837742
5.148949915331349
4.9793587318402475
5.177608938979936
4.6442218513241915
4.188133487121923
4.239966309960166
4.254562019057128
4.20035755809122
4.715784247515803
4.612267251339811
4.2693809245978125
3.7588013763079164
3.6661159279385744
3.7474298015301963
4.182613575423278
3.6170379538362956
3.580314553485688
3.562515893163394
3.661032433930461
3.640142714069239
3.622401317388129
3.250863725156075
3.482122338328435
3.4280617410385132
3.0798368977570627
3.1240486676004786
3.100286754900248
3.099618575015854
3.0538739141916333
3.046168102662528
3.0213296820105797
2.9450512048727684
2.866265303889865
2.840903617673618
2.715309231642625
2.9069925294906382
2.869064124166428
2.8713944970429788
2.828506741024865
2.8102079898148444
2.8340975258686996
2.897336884683137
3.2047932807280066
3.8050372794137415
4.0928144057481015
4.200117822033374
4.240363892357453
5.358529842165243
5.934107366235078
5.543659769788988
6.360080143410195
6.815070153322484
6.862003009700831
7.837714971413731
8.89448805704172
8.49550883327125
7.354343868824787
7.509783566247723
7.412940224221321
7.126579042958841
7.794130536294772
7.768387360025486
7.223945419564909
7.9155029248363675
8.127422884518644
8.247784256353201
8.414323683400253
8.445305649765288
8.2110418235762
8.43000446537502
8.18775145430075
8.667215186561908
8.118921396502229
8.375603601882782
7.745115039946014
8.21051457916451
9.177176370406787
9.444737011853638
8.119045193286935
7.901900795362489
7.960873487409072
7.238472492999828
6.54001059787912
6.165982051911981
5.851532330251847
6.108629358448049
5.840082546274046
5.051857731130032
5.160172520785359
5.309935200093836
5.8554999532887
5.090913407318172
4.523438616109664
4.580223578048252
4.896569420839217
4.606232962058405
4.369690102806046
4.6827552706726925
5.200770229890408
5.273818387162106
4.760410058515207
4.884329456875405
4.927548989676343
4.64339170671321
4.329124699203986
4.370382138751509
3.966332943774804
3.7876217027769123
4.045079300832877
3.8450142508382017
3.9093363166058035
4.276124690946968
4.017803947603373
3.8758262796857275
3.856681576122133
4.006803080491782
3.8816377574485164
3.414845035235788
3.965181991610672
3.916064918610995
3.8793191386286616
3.5915490159166894
3.3630259491614405
3.066185971906453
3.067780415136348
3.0839063225759915
3.10176769275244
2.8819745176377465
3.0448256207569666
2.8066477211058194
3.221783323168734
3.035517621511094
3.077606494252452
3.5536681404583472
3.1363638041173854
2.8720037957657834
2.7881357510485265
2.7061639903862162
2.67130138871064
2.923172094611523
3.449086812063679
3.0714839752860006
3.327814461165515
3.3129796127334843
3.254863898835798
3.6803117345597314
3.700830855808954
3.8991858333061002
4.12356170936922
4.561061057578177
5.225843024830978
5.376011101497435
4.94051795496303
5.060409682059185
5.409949958543238
5.202338059289036
5.732685462439259
5.441015146007399
4.626701111828628
4.805001411092936
5.3403103691389555
5.256950413831557
5.41977166086057
4.680272060893443
5.024648676695183
5.103819073002937
4.826479847115431
4.684686862812297
5.00276838072148
4.767505836062492
5.589605783755905
6.20467910071323
5.073692386160719
4.46272092940542
4.407630534235328
4.862472825104629
4.733243626294602
4.379803861503771
4.265935130591351
4.592194793838112
4.22899342925564
4.268645222540938
4.57215315074859
4.004793417112019
4.270337951840898
4.358857055757475
4.1302130686373255
4.208505628180202
3.958596487238273
4.455766750379195
4.944531467281577
4.095093645475567
3.8762940749351227
4.281268167275686
4.069217131562605
4.0744073200337745
3.7961847247585467
3.8978341274217247
3.972678771179544
3.283415414870902
3.5645222170483075
3.677844205812205
3.4796616252658628
3.261442489793523
3.3107249823924443
3.277079777635241
3.130923681875845
3.292500281601794
3.258809653959503
3.0496145771757637
3.4439925008295
3.4343546047778233
3.284239817040809
3.329250499272628
3.0196758424209693
2.826516668142478
2.6647606367607732
2.8624635764114323
2.762642489383968
2.6820515951029993
2.6538320134927504
2.703099398084544
2.70579212735752
2.63318495325611
2.6248073170819155
2.804194255270417
3.0114875821094125
2.4728400149105747
2.501101600573464
2.5489055759343
2.4692230809497584
2.504611981099131
2.497109958425756
2.4440967253228614
2.4623491557532393
2.450133769287773
2.5166651989646684
2.288500393351381
2.461022613631525
2.41581080280155
2.49139237972307
2.800224978598577
2.504429494706976
2.7295574238486813
2.697531046561388
2.8379110710417725
2.846280982838229
3.1293150845576014
3.2103948987906397
3.453046712218617
3.3483925878986738
3.7073471678133094
3.4172633763020976
3.4079417239499
3.516157628620993
3.881503410205488
3.8141651775014873
3.8269492213617675
4.2551388757725865
4.219109996366357
4.146294586481857
4.480696960015604
4.376118645831968
4.503911538005736
4.735509694592399
4.294623901013071
4.286705463340627
4.36815355552533
4.270736136340332
4.546664764802709
4.265408269652976
4.131058297211244
5.534931608802455
4.783232832176264
4.282011567465744
4.661524240743525
4.554969601401087
4.085554599008655
4.359877465208089
4.359326720052087
4.724220408560859
4.711825881844563
4.23462492042509
3.921412454526272
4.1521894816118285
4.088122702590477
3.9334221029757344
4.423102924523756
4.455050617971849
3.938166251299569
4.29342287765726
3.936109551944685
4.241646601325137
4.009100468476714
4.08780868541887
4.139889563262656
4.492603395117474
3.9684037925514053
4.33498975996403
4.125693371446205
4.102245979078787
3.4594689735991446
3.512407731324154
3.4354685675487207
3.6287887915594323
3.0512922194047265
3.1578547506924184
2.9116987837980832
2.963090659287644
3.197237425563695
3.15315203988322
2.808136875557641
2.794722315137649
2.741564229619826
2.6232600590577064
2.6277846006830705
2.5874862497268394
2.5961121332627966
2.539461446606866
2.58248392805949
2.502156211653984
2.509858114958095
2.465621446354359
2.4807388022208037
2.4162307816686663
2.3930775195741134
2.371894938235995
2.3404317093521088
2.375095782395191
0.0466534926885221
11.135987399087712
7.273391639023946
7.468881507256684
7.574329836366495
6.981640735606788
6.294853682005245
6.414160512604376
6.4717376698058775
6.054219887089914
5.987064953665268
5.826239481089874
5.517425548178735
6.017288822459937
5.273633152022011
5.339867673150351
5.116567497382224
4.893917632619131
4.889618840099406
4.818553426143428
4.514348874376245
4.59112153490344
4.69965831368393
4.965758075022979
5.376327640729995
5.282802347706687
4.9582603756957475
4.567559782070042
4.501597804357376
4.497834174127864
4.695284016030295
4.135422520468037
4.183188585365911
3.6941440545090134
3.8511034489496105
4.162081396093834
4.143366722630929
4.20536126469738
4.057356961919114
3.372830224394243
3.079219478037188
3.4536312888154117
3.1290017753640105
2.913917467388084
2.7264112123571564
2.963239397995582
3.0597140649233143
2.9669136797858067
2.6227511036958036
2.6045157624991124
2.546520550457983
2.549527828092314
2.593839373583168
2.5610221995307616
2.5662267481178582
2.4675820980782186
2.50866852114972
2.42918321019991
2.725561094356216
2.7523283942178405
3.4477600924559098
3.6218369636960723
4.313334125690061
4.970681625231796
4.9125123702289
5.0890776293063835
5.362479956046102
5.601184371311484
6.254705731770986
6.695526626243578
7.287508677147528
6.929058715899861
6.602568051861833
6.898504245848757
7.419438729615857
8.242371675866698
8.010977671519854
7.854182173038638
7.7237904119119385
8.047790928130542
8.238794958616406
8.034347160812883
7.962242923768966
8.247038499591934
8.381107678193311
8.340965998206132
8.492260759046342
9.084204346169303
8.892200861892182
8.935177530138441
9.819826978257217
9.663112933038597
8.743275372287746
8.4046553188955
8.154440557046849
7.60742524770146
7.509936663070148
7.710804392339647
7.6670470738750724
7.523879622241789
7.552730726739008
7.264157514770413
7.122956231360594
6.821928896165581
6.64706687993195
6.8432839973367825
6.5799586287213385
6.735794315417655
6.226883450964872
6.472748077500121
6.116838197522571
6.106708419864844
5.966004409041669
5.866577628358623
6.00893907193403
5.675247479449761
5.410734073850118
5.839173051062379
5.3122111747655465
5.620081037525721
5.649130480676258
6.285674188734434
5.99626532249899
5.664027916763267
5.286834876837205
5.024646447586452
4.844946705678579
4.791489147751493
3.706394366242391
4.00231683030529
3.540414298557804
3.8693528272067415
3.945433422203131
3.6961662443346337
3.7446158913528955
3.5854255248707827
3.5617769131935986
3.937588869616152
3.4942291057080905
3.0893711199534235
3.442931304302794
3.120702646842075
3.1201296173141344
3.0752294896429997
2.869801493035145
2.6956299484182606
3.1718943127937447
2.874374191798676
2.7018247242587945
2.694962380552336
2.651658378539378
2.6724815624828704
2.6363977338365254
2.6488298934238017
2.6852753176690096
2.8876253074391367
3.132706367346168
3.8008972172177335
4.193987174636417
4.562067624999449
4.871559014754218
6.187001173467147
6.01662975461217
6.57376809478432
7.135160896811559
7.212474885167843
7.357847028846587
6.827793178446455
7.517538533671056
8.035062200786063
7.610749838900347
7.71139480428503
8.205467297251332
8.137017030559113
8.51407157562246
9.153401180222131
9.311130231672463
9.480653271503995
9.036717246311081
8.880223110234626
9.131994736222412
9.343228684730684
9.61789524002356
9.906012963901507
10.059563403113309
10.393181661316705
9.954961166496645
9.450917707955895
8.379007469057145
7.992528090620469
7.77060949550757
8.120487708823234
7.915949711970904
7.308889410667601
7.5244502810292
7.567629803677184
7.516301047354961
6.541168784637115
6.674182256795857
7.093847887870366
7.755718277009704
7.352028810441024
6.36816800694355
5.858284218573587
5.525807446081994
5.7096013364955915
5.536545715391133
4.953555516647695
5.341680324554213
5.028112257940451
4.819559528474479
5.567320477836762
5.279884505852474
5.677459987846552
5.138052311415406
5.189959055960526
4.910064174491075
4.808148303319802
5.0657033828830365
5.436255009097372
5.238669092644663
5.093551301100354
5.368528993010708
5.561709232018271
5.057668772520077
5.31839047088467
4.806657866807718
4.812245023553371
4.313564747214582
4.8558394905898075
3.701055702017018
3.9122349708179867
3.591770345388866
3.5854562649296806
4.0215373410194655
3.5687900580168574
3.129510924571505
3.115469380812274
2.8260780642597205
2.8918895593588188
2.996791785310094
2.58971676952154
2.4807863182777914
2.490099906994091
2.445141762300725
2.3846694293238593
2.3422051695702053
2.6693419038271187
2.3435684767444562
2.7353126420591636
2.701304708769623
3.620850291099227
3.7155005872315963
4.312030187367208
4.368763236178452
5.482069868318327
5.708759002392999
6.615192540504122
6.800603610175193
7.332381234325427
7.213015412270492
7.748290372894373
8.417915865316708
9.7492985928983
9.16169728796931
8.710458906702835
8.869125912743133
9.380002067047897
8.72887708599416
8.148898748472234
7.995891008538912
7.7886450773787885
7.597237020622555
7.383611625998573
7.64933255630937
7.652970253213623
7.574645730927513
7.451644838283286
7.999944294733648
7.955763848669548
9.66533333554618
7.789946679901069
8.824692104753868
8.585105023952526
7.924377584294281
8.287795369001168
7.53133540713054
8.040479925323455
7.4507624957825405
6.991588132719612
6.67639300783761
7.064975118592495
6.752690426501912
5.9901317872567725
5.526310252947266
5.439668051459898
5.085273260226426
5.577308660296732
5.438940452470709
5.156075357483669
5.223757848614523
5.829921808272807
4.901933931544357
6.196208820850914
5.298118663328925
5.187926642309049
4.734890312828926
4.8364762644404875
4.796647266852131
4.14477067744848
4.437416845005127
4.448283645403322
4.3032746706025335
4.472170122782627
4.461495230212166
4.287110931436301
3.9504427246971696
3.8757760981283127
3.588193713670865
3.9288320264494745
3.8204716670213834
3.7657198557246163
3.619210289966681
3.797874961162808
3.961289667412922
3.4632293957201052
3.192367724885538
3.0323965180752896
3.0138087815676804
2.9431523480666297
2.9020431961733073
3.0748852322891964
2.826483467198386
3.0001036260934297
2.8777014672976735
2.8593657699797874
2.8793966832965596
2.8273753598916604
2.859627352252584
2.75598343015289
2.760107157552308
2.764944582142265
2.7411484800350485
2.7070963646916253
2.6884428778773035
2.698083166653748
2.64480723571617
2.717505801704791
2.8808792525142497
2.8294366723980824
2.650771408213237
2.5829741784303133
2.983708779014991
3.4340733335403595
3.549654509108615
3.5309257143312314
4.1390471552791315
3.806592932959606
3.470530891892693
3.915567999818992
3.4170059929867787
3.917986964693426
3.9103456289689023
4.149569073302625
4.123145554767613
4.293145433040534
4.281477187838166
5.047646318687829
5.213718597014147
5.398550612187051
5.824358160433026
5.225289633127373
5.4787732220727
5.669082493473702
5.58991185800449
4.155462805763705
4.739362751034596
4.467537725986732
4.773861028708489
4.383443828310813
4.179518700326187
4.002552281697232
4.654006613659202
4.205674886274716
4.532320784859891
4.441235238240484
4.370780816437767
4.3485661968111975
4.294270628828656
4.398877900679172
4.2934890608529495
4.871862417025085
4.063019535591829
3.7371270766981546
3.352085396768065
3.4849154547368593
3.4484155358639588
3.5441111577238975
3.353074679459635
3.7122969460064223
3.498470975083849
3.3110733256437563
3.6424315183825127
3.4201083934061067
3.4676396435507404
3.387848528346459
3.217021820742082
3.3622559701092265
3.329750448731544
3.355608918670202
3.302043532864253
3.000923087222529
3.00179332659533
3.091326652435652
2.882750747477829
2.9182103342781525
3.056102558107378
2.98992118948051
2.8524408816918982
2.7352204063300216
2.716427406169016
3.2618157054750623
3.2655639564456473
2.99577208515387
2.944691276331667
2.813364053913919
2.6492713486305437
2.703656699181345
2.5992889146417344
2.588841872622178
2.639949545983026
2.629741925448951
2.6345959379822728
2.8580600222268355
2.5160871584802296
2.690208044320186
3.004819339790447
2.8199228559296983
2.8180454977044755
3.3643803784721804
3.1085377544401407
2.932914891250658
2.8800993462632123
2.750758978914557
3.036112929162638
2.773036252785907
2.2919427818342557
2.3227439690751455
2.3024374684960045
2.2998624060117083
2.423147672311274
2.215527712982002
2.3583588495908616
2.4827405603253156
2.49165220263206
2.595136142407915
2.9337872727502172
2.669808526820324
2.8620062807331745
3.327553599669301
3.0124172232271347
3.0748616694278974
2.8288283024078558
2.9500040808599803
2.9218535524965987
2.9873286691583547
2.9457416384268322
3.5143074917250567
3.435188734024792
3.0216570289749165
3.048999053200229
3.217186669779203
3.2077138790052424
3.4221853332415995
3.6847815645621034
4.053721742628581
4.468471265027834
3.670948845090512
3.7947218384459935
3.5597346134571444
3.839365825407435
3.9574852637522184
4.140648303487919
4.3215622036068
4.038086232574852
4.468608425249055
4.141885091701744
4.785792733059198
4.336996878903181
3.6963229577891084
3.9045665295263356
3.9647721722688267
3.5959823263705104
3.7317975183520273
3.5645297634875552
3.75434771440888
3.6465846892481415
3.8537502170738835
3.7616265397506705
3.8349764192702374
3.995179078812368
4.186941764310442
3.8302502445224196
4.032003533804159
3.8090581604260625
3.951326770642268
4.4632893684357
4.411667105491064
4.297640975755935
3.9024539884524363
3.85334098200527
3.7192141330763415
3.68461209864041
4.071308891795756
3.898064115213691
3.535568031905252
3.1899476820222237
3.4866402166227455
3.584868166480024
3.0904950083159535
2.723076026831598
2.686985310229163
2.5540212925680668
2.6666499095833824
2.452442151750563
2.5891135719615144
2.5262287308452946
2.5254949048380393
2.4860042541164664
2.491015869969562
2.618010156674845
2.3836242159428362
2.3565227169261105
2.399473923506635
2.3480298519998066
2.3603256596019935
2.2909959951989567
2.272291630552079
2.2798508253456684
2.309384186126673
2.4539179629474055
3.78688705468301
4.189239645788051
4.609899057922385
4.898878281756462
5.023385073208031
5.241237532253272
5.584729786452742
5.262688268747701
5.942190559241439
6.4841987201276154
6.578558387820155
6.877635800867388
6.805038085100013
7.149770281192438
7.734674969807739
7.50983627885151
7.551119658189787
8.263761969686612
8.107239149825206
8.981396896291589
8.468563137112712
8.272024798262311
7.77110367062278
8.469921763106761
8.243125242556212
8.184896379209572
8.315696536125653
8.467671209436503
8.446782546975241
8.642811279030658
8.355915931078343
9.016000674562346
8.309630286468343
8.895028416980137
9.726249554572972
8.572465679996093
7.508265664371792
7.4582535114167685
7.47106800898962
7.335668466221799
7.061062652083004
6.514936998306442
6.863861513927253
6.084406136582499
6.060108320207269
6.425467366146254
6.9575860658567725
6.151306303153136
5.615171462236319
5.006661085982767
4.853305761129031
4.984796705486474
5.0279270608751165
4.733579581062889
4.59513037812157
4.9134153713372966
4.748653259588932
4.8030547881269126
4.670925221814216
4.634459044934981
4.768933773603747
5.374370869943142
5.478757941174991
5.1736751965809855
4.975076658330401
4.684825253515804
4.892318281151015
4.50606450534537
4.502937562555534
4.573371113749486
4.077095443060475
3.8399005434308715
4.127442137699062
4.687343057976677
4.766012179194194
4.033589626424409
4.166349896319303
4.000546520175854
3.7382614673423187
3.6698500701714813
3.1536880249302235
3.163418813403783
3.0204088295275118
2.8807851294307496
2.4644062864277445
2.7510309924114265
2.3459599293570905
2.3439799529307055
2.3560310655847565
2.410740824416671
2.498063865225135
2.5296674323144215
2.345549633056594
2.536128962592681
2.7014469291584415
3.0820530307428617
4.035260277627617
4.033385751808626
4.625865054290395
4.839367855502405
5.628399575658505
6.41999342787774
6.736177481161933
7.096264865515909
7.4346493749014595
9.185211116052544
8.760547383855043
8.617508421831891
8.941602365946398
8.751523596992158
8.730158487226182
8.5898697372426
8.28953254908082
7.842088432015463
8.29443869669823
8.346941776785973
9.022814218299988
9.13369004399217
9.040375038331938
9.105884420745477
8.859435146236898
8.93294486834744
8.760849235723041
8.505438718572043
8.76451105817265
8.43525365841972
8.55245946494374
8.720286773623698
8.315223414465889
7.347950604534913
7.499475743137934
7.46957148076458
7.696860960338329
8.109938259098222
8.019466608831632
7.450715768520936
6.8104550465408815
6.475281668917728
6.09279399802753
6.04262315366556
6.126737662833575
5.833789037456492
5.711955779927979
5.363098427538505
4.947411325882492
5.13574529905421
5.31474308479684
5.287174402483287
4.989792360900101
5.66083835617715
5.2833269021846725
5.147520663133149
4.508575851589458
4.526344440172023
4.376603348077268
4.675844299485524
4.669198083343417
4.565741148309723
4.753407049501473
5.105052023483942
4.494573351963195
4.072347051291302
4.10493164237716
3.845765701050377
4.689587467221036
4.092335022117605
3.438469138558997
3.198218009043297
3.9562773046990842
3.4238793353099433
3.6203170309647588
3.0941635498138433
3.0711204793186364
3.092128672533688
2.643745654310806
2.489372954646509
2.8647549519083237
2.4949377791165963
2.4303073979926486
2.4315917763561146
2.331255672704108
2.4847524294010026
2.305876462673803
2.3133335623882907
2.2177854234093743
2.2088196311548702
2.495234872187764
2.5298193336288066
2.240714375203368
2.3618998364052195
2.440271232005106
2.5149341917001715
3.2219442519910144
3.815912417599621
4.351612487949246
4.910182986862736
4.9869495004299305
5.26651511416977
5.992616567803924
6.2549349346629
6.131691848679503
6.24751778858645
6.9250325228320575
6.9232034338974096
6.817353891762767
7.387362865277912
7.803218452490646
7.942061835994812
7.983697268816214
7.4693138883335735
7.673998320038541
7.015752161051575
7.065126335471973
7.119686554646586
7.593422450810972
7.666021613118508
8.39858936375708
9.260428867885794
9.583710075391453
8.796695807822607
8.613252762990658
8.86592032496889
8.272781482235082
8.40135576047102
7.105343735434495
7.265862199570494
6.833595802026999
6.513238365869804
6.299826264905178
6.785072139923028
7.042556538770543
6.389451107546631
6.221238324071152
6.342486561587273
5.675776225314019
5.382031748366437
5.337675646878386
5.083252654408371
5.100253134302514
5.323371474128203
4.658045108024316
4.667737166643359
4.509072887810772
4.531146193744533
4.797832948543542
4.473872376194309
4.2234065569515185
4.285627038174722
4.487470864898926
4.57485822831399
5.094900604366433
4.749079347352199
4.751382029144526
4.059865641004308
3.928565489564689
4.3335667721026985
3.922883724713206
3.312642453117747
3.333703176222392
3.2982021063656966
3.574761257273466
3.432104427837094
3.297510436976507
3.0070454998234357
3.0338644841173097
3.0170741646839456
3.1863082577544293
2.9457954745029253
3.125834741711054
2.953451905376183
3.4715147997256226
3.277971986076272
3.3733761628973435
3.5453609826262538
3.4096568039198676
3.3310678563570617
2.857557745962118
2.9550126234188863
2.9783685205349246
2.7765227069415914
3.215862200639583
2.9818096642386
2.9643291634397166
2.8612451448055807
2.83986896184249
3.1881220310685143
3.313963532708273
3.5942942580039037
4.294329500608565
5.089584419538394
4.963153408482117
5.230733664710595
5.606195982089657
5.777871407259296
5.654056423145102
6.71779657242058
7.05790544360201
7.630227733434094
7.508688785109627
7.495210586997666
7.255924695696253
7.221159876394297
7.166396156767975
7.591406213552381
7.485121829334103
7.2919034495411585
8.226787236305872
8.347701396414145
7.574281634714018
8.119793712400321
7.856458478789589
8.496239629909503
8.499894969418532
8.430138616303049
8.240944296729953
7.787987384242284
7.840199020186164
7.788576911449211
8.330199703684642
7.82030678960601
7.183822741860249
7.115913566483999
7.12549265682573
7.173236510216025
7.190456044169632
6.879974788753988
6.526396662374111
6.828121142889566
7.080482650246568
6.847965436409182
6.8120628821057485
6.086624674159751
5.416988494246265
4.682513089508386
4.8203468847378605
4.933053048317852
4.706310752540222
4.491848962776118
4.837688965618842
4.856167925621329
4.926197917271662
4.483791561675059
4.563736584079973
4.807917483967341
4.994428230856365
4.849400779019914
5.02149343768476
5.110152240679165
5.102827400553923
4.433662062678902
4.755155578620152
4.184547502339546
4.405295392810809
4.27978635581205
4.062847697562256
3.340558558972001
3.885800893899815
4.185978514644721
3.8732009767366273
4.075532300361974
4.146762851586388
4.166557562793731
3.978750550165185
3.6846140987816582
3.4205267056232866
3.0843199497453444
3.8170115452517033
2.6761156913651107
2.592352154520416
2.5924136563843465
2.520699567197685
2.3469688849515613
2.6128406416352017
2.7229988051126894
2.954090119631979
2.7446647243398834
2.7069603375727462
2.5247704838987968
2.5982123024891104
2.8018004547274913
2.9571800141329434
3.416391625398457
3.5567542628239233
3.821884252205511
4.190717743323034
4.15844856044317
4.618562203852257
4.381797007264189
5.6338948029111
5.729120261047869
5.2861210631107705
5.487121485301245
5.358608798791134
5.596497358639733
6.0771570373737624
5.885393661152657
6.62250361189712
7.06063847172503
7.466238391362881
6.893941329056836
7.311191470952298
7.717729263667178
7.6682711401286126
7.870509902264625
8.17465886977533
7.869965587985
7.879969195251684
8.050716403343264
7.787185905106558
7.159609948995186
7.311795117576062
7.174617849785382
7.750140897656676
7.7715794854031275
7.379203802972078
7.260733402835709
7.665111435567425
7.042299838803145
7.430379866971528
7.609940910836145
7.2593776612297605
6.869026150861118
6.220917793163967
5.634368847800317
6.055770049850522
5.850238421480701
5.750284846032661
6.472006521261639
5.8541673100202445
5.045669684399273
4.508863526535436
4.688428333114349
4.270894887577342
4.387214401528228
3.8318491864981374
3.9110503353973987
4.046072975879492
5.091775745866833
5.094909674908003
4.920484032795988
3.873341462280808
4.074297984759129
4.188752692726026
3.834653170448631
3.851126903046497
3.6151465189750507
3.537569407699464
3.4944189826353327
3.974682430170484
3.743168305090493
3.939265397973995
3.524649975055775
3.4859544713310173
3.5348622301885175
3.6603740574352166
3.1489043488492476
3.532286215671093
3.2873377580278853
3.153469331612173
3.8405520828632236
3.4673276705873164
3.3523986479098844
2.6694936750774616
2.7230480107919393
2.8199698886209403
2.6663007612698624
2.553800512729483
2.46323840299361
2.3987221506715266
2.300624056281336
2.306571079826243
2.276665398921092
2.3563096766996225
2.167935679949025
2.440534687289036
2.3337348464775007
2.8994736184511374
2.2657422806582375
2.527121326252492
2.3772574894834686
2.4328661369771782
2.7232773623797213
3.2968623803440065
3.4982103650343435
3.8245402159273527
3.7545154158090948
3.5454283658865946
3.8099697747916426
4.482890301701627
3.8704508088388034
3.982818227033821
4.064820564055299
4.052913984929087
4.7040762520124435
4.931709275536952
4.721283542624632
4.206109582184793
4.533902412652385
4.772672311606887
4.273157909784139
4.0316443569747085
3.6618093795228552
4.218234706560422
4.7768250599320705
4.904046331733851
4.690819161354699
4.048860782803391
3.7130197164871053
4.224376868531077
3.9519259478097837
4.340048332566478
4.4864510523619705
4.277808835969433
4.469556100866811
4.570022721002206
4.25894707479915
4.3212809175723566
4.798316363818497
4.796883957902111
4.6086050112543955
4.762667326272815
4.803794523364476
5.006916472414495
4.509610342764833
4.608376245369484
4.081651837116181
4.289820256929024
4.181424960402997
3.5455981051934815
3.290470143764416
3.498269134658119
4.238571042103234
3.6850564280854505
3.832092784970241
4.177249096048013
4.344175379168412
4.106097668300902
3.9566310154480004
4.403932011810537
4.555710510265232
4.072765474666171
3.673446130332617
3.6019595689372967
3.8795604868948272
3.801744866223828
3.755083525125467
3.3174604037489908
2.9799840087900717
3.21808085716404
3.011655841464342
3.1840010257159226
3.0713235896366746
3.166794913475061
2.892730199363156
2.602553560577197
2.796979152906037
3.171185207197267
2.808184631480547
2.8226078559253933
2.633233953695406
2.4068110185725744
2.480077308668638
3.396235492334312
2.782637931473299
2.420876871256951
2.246900586675193
2.3186722631571888
2.3374043037282024
2.3195578756781083
2.4083743228073273
2.356352088146275
2.3727121909645295
2.309086306562314
2.25548761808802
2.2118018323693227
2.196772417948459
2.216861327491262
2.222646957170774
2.242615428856039
2.2887198778590836
3.0153039489964906
2.5722249584095427
2.7424544406006452
2.7072128229112984
2.7173632159070116
2.697318166046871
3.248582177664131
3.4496329768897755
3.2801552525054736
3.27805712680323
3.4302160924474263
3.3246706495911416
3.681647940351703
3.3175059322206932
3.514672563051224
3.5718472312178076
3.6855537983403774
3.6442780746141143
3.445805517229752
3.7616047108787964
3.6681646674137873
3.77889155108141
3.3719567692819856
3.776651677776384
4.120209719850669
3.5569821127461254
3.543550919018483
3.81338508384835
3.749474611506449
3.3168579329703376
3.5217929508011148
3.6446115988609504
3.781594947782352
4.367171077341741
3.751094136716296
3.664950052593728
3.5753687850240374
3.305071838476041
3.6228655364157496
3.48064669753807
3.4128207686323835
3.642411972054405
3.360701763273135
3.0757402424086835
3.629418132240885
3.48686337447517
3.390419408131036
3.6063504123428203
3.5750949115621697
3.9060063407898116
3.7743831062207662
3.8324546172921905
4.00083764541626
3.9128613769915344
3.9746365357113054
3.966229531897351
4.014368742937898
4.123945940981606
4.092636960131066
3.9075841687342785
3.7420015894945817
3.821045132259938
3.4582627065828797
3.049825052082745
3.374871031670152
3.3933284737557328
3.1915823200701796
3.6063498513407675
3.242023769039863
3.081603377271742
3.2387569937113136
3.296442431888565
3.187882464137819
2.846436392637274
2.50208136426526
2.512727576695693
2.508091210473116
2.379356446424036
2.5059568142849837
2.413612524909739
2.2759281206507977
2.173308160180732
2.435683870457958
2.351264336292293
2.147740170566196
2.0688632063651515
1.9795138598723159
2.1987342621978656
2.497064535671518
2.3300411485881276
2.693929765835864
2.7973229531918244
3.015982585834957
3.7556347373608303
3.9024769231565672
4.549272106363126
5.005451955939285
5.123016420015244
5.753862436963967
6.341645637686545
6.229618964845569
6.664952286764424
6.577513174424908
7.0258099507299026
6.992775034737107
7.301561177716624
7.529845795591941
8.112408444565874
8.186307769449506
8.297064718025423
8.12008366475879
8.739676102387762
9.055616984264088
8.529012357252835
8.980989150432098
9.186292767415743
8.88069215005495
8.728373585948953
8.471225207345404
7.96322026728517
8.053567406894778
8.224839895366992
8.27744932518925
7.724998830232548
8.02159934283436
7.639618205098334
7.606940389698863
7.902243891329486
7.043012752032856
7.555326510491636
7.073608417139781
7.356112701495109
8.102912276809779
8.093678335009606
8.246762323791899
7.6494511743540725
5.859998219214279
5.861325903091634
5.732360698914054
5.532675179679002
5.59028385753295
5.889061692424375
5.39718856021273
5.983875789041985
5.330940841084812
5.01361120720151
5.0877243443144975
4.79227273880022
5.240116386643561
4.5695400756350395
4.477804082163406
4.5138744319206685
4.8760602436484675
4.646717418288658
4.4121759961706735
4.58032183432669
4.089158714492063
4.450401676983215
4.484839464459601
4.194862095747496
4.3587209820272035
4.084589232923538
3.6929360700650045
3.7775543750870875
3.6462609564679047
3.790183763246224
3.4296409911451726
3.824384548167202
3.6877811135102787
3.4860626890217463
3.428289970711545
3.4026235377568366
2.8829073329949133
2.5509533594490974
2.5093836743034683
2.734196634964747
2.7426763517543775
2.6459556835283093
2.6120979164052303
2.615416282379302
2.8197036559761237
2.4946251319837307
2.4030936524231694
2.586365649412732
2.4824200077706435
3.1453670287865054
3.5767361367590547
3.3409146084544075
3.5565239277216416
4.154903871707191
4.714273031096844
5.0272351006445986
6.834228860507568
6.251548394980555
6.180019786405391
6.353559694392698
6.96753702798779
7.225782165924497
7.289587189403589
7.883723837515987
8.164995292702093
8.238434049780254
8.691087203378965
10.390731240181083
8.681812353291495
7.852125961772674
8.115205096841724
8.712223103210537
7.901445244920329
7.644630592908196
8.103164964001676
9.496697324204249
9.062600401474722
9.089426531794105
8.036985109433024
7.990412148795814
8.159520571769294
7.699536605498346
8.492405844078004
8.121321553149905
7.9997838233600485
8.12408020883121
8.692646596870363
7.859513953303034
7.845885858388799
7.751268203885956
7.165763486085195
6.7124962119255995
7.137743132511341
7.006814875279174
6.262979412156613
6.403148755575272
6.018903039350908
6.168094625508174
5.172610668524608
4.876679452281206
4.92654838503258
5.122837879681701
5.225110467898354
4.68171765992347
4.936544160664122
5.177288490036399
4.812132386896042
5.08801165886764
4.857998462129765
4.911370828813106
4.835275282419111
4.616576699106374
4.937680516342531
4.618509937365213
4.598614085187494
3.9408473238419197
4.254070795520892
4.474446528788403
4.800100237609331
4.203717591740747
4.154896180975339
3.693169485163517
3.820769848397072
3.5114231374403246
3.901576106315251
3.5503374037432742
3.676307186764594
3.069214252306147
2.9821603258880516
3.1352819542384442
3.046162313037818
2.8889938045033476
2.9650797137016864
2.802212264355925
2.807829885718849
3.0007843607898357
2.7461165912180303
2.897590715106217
2.6037255482905994
2.4954038345449963
2.5971316420268344
2.6213869566705195
2.399358027871593
2.4995382764181566
2.6383883762604476
2.352541761123174
2.3457461401143385
3.144067100875948
3.7886576706907777
4.295595720458192
4.718098195180272
4.749434656017808
6.312177718564446
6.297412230567028
6.303224899799799
6.859716249501491
7.095499056703251
7.038382263149716
7.390550198097162
7.389393974616046
7.8377959684589396
7.741625724327213
7.855809921112354
7.6446221688712646
8.192260334072904
7.8862493879719855
8.223419713732365
8.188397424597765
7.753099946918614
7.631595553984386
7.453649775161418
7.989692472049227
7.799655399333891
8.365883710561937
9.09252700002402
9.24196935501497
9.374606678308902
8.901503744325069
8.515831831513067
8.774083388098477
8.119398233383368
9.361977083785282
8.829853613043753
8.179415560287795
8.295568506314234
8.451865986656433
8.272326599127789
7.894470409800017
7.838169757987585
7.28215109030939
7.111341018186962
6.71709943392754
6.264359058994149
6.180686093669329
5.648921638145117
5.738620195743714
6.52340983933333
5.4461778785283
5.777656781044767
5.376290154498045
5.264153131259025
5.395348614147459
5.515615114831112
5.67972429908618
5.560811193314756
5.208476731767762
5.204947791623491
5.189797746443821
5.569711823730836
6.212813412305201
21.0323318578135
6.717500300223321
4.757585991230206
4.715436367106317
4.275157881298432
4.1990114497167665
3.990186063751368
4.0962651577469575
3.8895928677555527
3.424946418265687
4.072917480104191
3.548517091146144
3.6620635998811593
3.7574603988979827
3.8795131379990706
3.8009962653226412
3.534296373291661
3.4060124354250485
3.103955541111358
3.0627599044072342
2.9486635653884696
2.8752758743966487
2.793920038710312
2.756858135816745
2.7864051665379113
2.8119969323384826
2.7706042539917393
2.708203724624839
2.6823951966117936
2.5438469779528954
2.65097870162941
3.5025037112547337
4.155790621274352
4.30558990794161
4.224758448963152
4.625514243178922
5.208806745468186
5.3704873093944405
5.9880348350192
6.305314240382274
6.802501080423244
6.454005321022082
6.775173099232193
6.834407447254379
7.2617830728911
7.040714432735847
6.985310581067978
7.309613620997284
8.107295006499445
7.658552444266849
7.789503622957066
7.9242951910175785
7.9492671574831855
8.361883164519515
8.447476946638917
8.533171627109896
8.857614041023181
8.263400457767313
8.276946582598802
8.388459071443641
8.123985946375697
8.631659671814175
8.32791016675794
7.867434379913327
7.404874827729087
7.357759824683825
7.415869477088341
7.684761972352302
6.94829243454978
6.78629786635639
7.378336149116145
7.654827625572386
7.175869293896005
7.189047874117031
6.90877415115819
6.434496924802795
6.449091335654317
6.045658014837126
5.839470891899043
5.572509212094691
5.393283519905128
5.233865520254007
5.208780158083241
5.381976315551402
5.486431754999464
4.818161105750032
4.72733974775154
4.619415500163887
4.789337723528917
4.903124939275191
4.72187518612095
5.235258281359838
5.000512377559691
5.631757298588448
5.585264941522971
5.579138595641481
4.837810210045616
4.823665883154334
4.621325997598145
4.315687599241535
4.296640422993742
4.016048566841743
3.898869571189839
4.6461823904632515
6.460517741760481
4.777125389892988
3.2060952665338203
3.5041041469257754
3.3919522453399913
2.915214224961244
2.89561878532948
2.8440084078758994
2.7883873112733957
2.8079864473145557
2.8593824884943944
2.8427435456908334
2.715724650453572
2.6476446231646777
2.650012142813771
2.5138419006133264
2.7643942837459194
2.717714081230256
2.5024487476027115
2.5394633899876027
2.6204558289664988
2.515363281971429
2.4610882509424648
2.401228690400234
2.9163009041712185
3.616280419985631
3.7361220189225506
4.294274461401779
4.212335023415651
4.808478129424768
5.778791522097009
5.526243386628094
5.560018363679345
5.994098973668939
6.463714436880185
6.1851826649056685
6.678958215327895
7.096345990706996
7.149147079503606
6.957797578757157
7.137641487752177
7.646725945578243
8.158513929188855
7.815875850564018
7.842083603837014
7.4862215303434425
7.200924954794117
8.26546102677019
8.194711233160128
8.163288387966833
7.996163765287662
8.67449815578128
8.79907474180389
8.099661676585429
8.382535360365136
9.288736992311225
8.560451727586912
8.136480812016437
7.827071031489681
7.826780888702954
7.455955887770809
6.96175496287614
7.4911954156860325
7.4293488587555325
7.732538547862984
7.666486114260214
7.472832171844769
6.718356297226113
6.202919909357027
6.240457117254166
5.710861179276109
5.6975692999622085
5.122699616281327
4.816593517076964
5.195215405485731
5.105755169428727
5.112158253447017
4.8476299024727485
4.6431320034932035
4.272842377223516
4.113198743270433
4.2754374842753755
4.605178081550729
4.350202193260677
3.9999828359609135
3.8481112735903125
4.006790547446998
3.9583875068618126
3.466128210528763
3.4329772649592054
3.616734186583705
3.610583918697713
3.8621289141511035
3.5623625406765056
3.8590734559308957
3.333220480485313
3.464819903930295
3.044192275451858
3.05381384128363
3.183906888814243
2.9843311709455844
2.9594187415172684
2.7987424729646144
2.676175537216185
2.672371882529908
2.6234109159881607
2.5752224843694607
2.5997696181114787
2.507403254020569
2.4655829949768604
2.4595244599206385
2.4806650268773165
2.5717024476662047
2.5831411636717054
2.5743660671674906
2.582948852598934
2.43749793040521
2.422324251012062
2.487030696211628
2.473510896203776
2.4708887057522144
2.4638848053617264
2.4708252540516686
3.385127338600284
3.1275944514459146
3.187504501073455
3.6042574491595913
3.4010192743362646
3.4498672996465953
3.026607565200753
3.4989061793842504
3.255212721476085
3.2402029008400364
3.7062635868096496
3.9746649215939223
4.053890511012127
4.427632485743833
4.3452877653444455
4.069152779080847
4.0705603053713935
4.315787038540512
4.2374217282391164
3.9188614417676675
4.358523556561371
4.377705974703892
4.655018112333347
4.304598200365057
4.248741331511312
3.9287400693457273
3.8971191427698533
4.968848455517004
4.95737304613252
4.921477359459238
4.312192523702494
4.62084570920522
4.2081045218076065
4.5423681833975875
4.152661312667878
4.298383616531984
4.334776554902821
4.722272745138139
4.5717235646377965
4.6410408285506835
4.223224990421678
4.221001232611743
3.855643060405114
4.190702217852774
4.41734266758009
3.834262980164638
4.025586061146035
3.8473511656135764
3.797627134510109
3.4321789779576664
3.761020191861814
4.2347830840778515
3.5685197292182353
3.794440021749018
3.4843372995064157
3.637224287229423
3.3924974228283076
3.4061688602567255
3.5350914605185735
3.5533062640327904
3.394121400344305
3.3895338315098806
3.4934903785891684
3.4255032968972996
3.393730189480193
3.2956494121004396
3.4697624159551577
3.7719632982846982
3.6688140328471626
3.3161804450123196
3.116740660214736
3.4864354904270765
3.321754428844304
2.9815914692010614
2.9370855918820777
2.874274456370459
2.8001641155216577
2.7713923741817976
2.717784297309954
2.601435562428414
2.520980783985973
2.5556755505188087
2.5690768901731627
2.5777760310337356
2.510952074060139
2.473202622207299
2.5074314695764883
2.5077574616934353
2.4972482672077723
2.4685643421565615
2.481564213242507
2.4585548826777894
2.433490763524442
2.4844730698950817
2.5148638030845527
2.490546152209991
2.6759737279408107
2.671185550442021
2.6490518763945943
3.066643138836298
2.636399420968011
3.0286715776556217
2.7850753708208766
2.731557329440987
3.0972135236276843
2.6558839978393296
2.933201203743853
2.9950476815231526
3.014040379426855
3.1403378571401968
3.235589560113942
3.262918519112395
3.5263677097534276
3.27539382720971
3.443727374434095
3.4414184720718484
3.781816995824789
3.8650401748371928
3.8421385575747706
3.7727168759782495
3.6074877048662435
3.5168878724785313
3.423731791358225
3.749786888910259
3.5820890660601195
3.676702463334467
3.8043701743696667
4.047805259089532
4.043305866295734
4.260369479886806
3.837677607371972
4.004995879657452
3.97962401206157
3.9731152285201214
4.265530364839262
4.55435298232951
4.395872365675524
4.491344150767409
4.320663760114559
4.3161501113865315
4.33842938471628
4.405386767403275
3.905382128047911
3.702247757698663
3.744469292579749
3.7084584723203338
4.062692144526237
4.697239120997211
4.431420076767732
4.223547578399344
4.203723938698259
4.50331356372889
4.589009967709453
4.183254434087912
3.9719907308605817
4.043889284197882
4.0953293794112176
3.997370047631381
3.5954415413304095
3.6584704772044874
3.5251754293380078
3.6092144338873684
3.3025865368566976
3.4735088754645966
3.1084287702758613
3.0285614568052264
2.888307739929696
3.1823031350763493
3.141789673309024
3.4024379428502787
2.9312085969483035
2.8087751693761973
2.7408204298381613
2.6837238204183484
3.0766236854616023
2.6920805145225932
2.5113581651249643
2.4524852021257386
2.6222389929374423
2.522067637877943
2.4889962857416736
2.3936401611554317
2.2347204559751654
2.2135921262839853
2.147924400750635
2.1699668748460783
2.093933176854822
2.019416664736972
2.35124548972887
2.616171477032564
3.037922964729181
3.3387432397586663
3.583134049755892
3.7634599729671154
3.9638439112866615
3.780540477120509
3.8241051114897426
4.061385345530203
2.2952510110724846
4.878839771174598
4.744181456237275
4.2009077983657654
4.666188143042091
4.823259031278545
4.734256733064197
5.317037312103063
5.134773347441107
5.5788138875327515
5.561518630234293
5.797569112885709
5.961606943158708
5.853047990023074
6.20982244795486
5.919112822624169
5.722325851872397
5.555630113059266
5.805403143982503
6.165762406778657
6.171047158544076
5.845388241145676
6.15495988609963
6.107946185236226
5.972966213935773
5.9392428618417945
6.486495303776024
6.511554861387858
6.100307158982389
6.368316843252134
6.351848584261739
5.878118461690732
5.279742591995316
5.674067028064355
4.799120748740984
4.750698081060316
4.780003369810489
4.403895670641534
4.38737216587065
4.364997787385671
4.07828793068679
4.638036220424255
4.401929374021717
4.385456836289931
3.9801261130010435
3.7861658681233434
3.9797954268232907
3.979375715343599
3.7560939754543834
3.903676827495833
3.8773851644417108
3.9404724893997165
4.0676745624741555
4.0812671705950345
3.919367473520644
4.01483936035389
4.232591715594604
3.6147556684058295
3.6302481287282236
3.3817636859545854
3.472248252301419
3.376077845703245
3.173259713453153
2.919348844584941
2.8983506695978947
3.134530420891288
3.003124986472722
2.9572779567374106
2.8848329058590076
2.7926368719690653
2.677471776675042
2.6889189197868912
2.5494362671435713
2.6161368131388403
2.3586317498244407
2.273435948697841
2.2765166157503556
2.3354177673606893
2.257430794791376
2.25409546814668
2.2256923433041034
2.2366118150887955
2.2191570689847557
2.2364689334198666
2.184731163655932
2.3143471741302495
2.3171744950776407
2.6998584202260365
3.0066310214969447
3.2097910095013176
3.868516340419116
3.950226210710205
4.294450156687561
4.712432138195385
5.492596784630254
5.480134497768411
5.862112684908114
6.159611591159061
6.689861478737991
6.201886589475377
6.480991742052077
7.320892043162117
7.384068652001472
7.170132785655763
7.276382042590439
7.1824600358041115
7.432457494737226
7.385123757088255
6.544413289177382
6.842462476365277
6.662167040535317
7.322789151263083
7.523669849774081
7.315700899397613
7.621661516107924
7.514170029297015
7.17128155232739
7.262180625527382
7.332901276106471
7.193390737423667
7.706966657293084
7.376785349364593
6.658036000589405
6.514433117522986
6.181185947870292
6.609057763806159
6.194208420377219
6.409137220729133
6.262218376537754
7.036925374596435
6.116185787708486
6.142595765499385
5.314109292425709
5.85991867474798
5.333830105355598
5.5523099730557055
4.961582490882422
4.977741313175607
5.19614870867474
4.738072536916625
4.711969497796326
5.257892882739776
4.954862725445647
4.951288001214352
5.106924088432793
4.847981636236442
5.3312601290819845
5.3835325842159225
4.480561154804945
4.706055331492909
3.992099587465355
3.9115770336065836
4.11126730667249
4.026312043607931
3.9169918970342033
3.777607845770173
3.427655696396575
3.3509166349464814
3.3137516843790484
3.333330006745871
3.194290698070811
3.198141382111924
3.194718693615342
3.124389713740979
3.135002985720732
3.15802323679728
3.091243666026115
3.1026305927238935
3.0167829167760556
2.7526145790836933
2.6709603006560276
2.5856704017426106
2.6376695415477562
2.570042077233406
2.5343363447064697
2.49814460064983
2.4681601995182123
2.5198448151049075
2.3795422477156998
2.3507019780291496
2.3635127330218824
2.316040094655363
2.320073290657689
2.6411619262230914
2.798384170229154
2.9012632655542525
3.600520785601391
3.921404217382695
4.231503033389448
4.733969128578665
5.169891951854243
5.484647650736824
5.71557773415275
5.907480415258502
5.844386086361071
6.4246864522892215
6.520412708368862
7.173545288698194
6.984182502797463
6.838963052518484
6.811531007160552
6.924899162964767
6.3688848898255115
6.894247237107155
6.755622112331151
6.638140844044857
6.838596817921072
7.035613023232847
6.844413327561222
6.697829481623585
6.476930331808701
6.478079870053433
6.696766147168072
7.190264977893386
7.205979134489205
7.338684533965605
6.938767158197865
6.55569856389594
6.324061089433922
6.481017139501436
6.795019473474318
6.161800085662169
5.489969699319941
5.631374798253707
5.57533771050117
5.988110971614143
5.851787376038565
5.8121018995996785
5.799593939704165
5.572194118230226
5.07391245971646
5.638352947120983
5.348027718867212
5.246688007952168
5.340863472702012
5.445772299355067
5.118535475500209
5.330741122529544
4.587929211858301
4.851141488100164
4.754727590138169
4.5425223292000485
4.426251523799374
4.280271224616844
3.7672871262192498
3.891779553237873
3.700631367830926
3.644619106923102
3.638829852990737
3.753435246700363
3.491143243133912
3.5252255954063023
3.7473472347320413
3.9342204950907123
3.892812457814739
3.630250729958564
3.348427437056325
3.4064197249292616
3.4151258179550754
3.605994534765539
3.8875807427125975
3.3368572408731407
3.258129441058296
3.02758483258394
3.012067606305263
3.214469395488419
2.889442294057779
2.7687137939313353
2.7509976375334415
2.8138477186951847
2.8660426304500874
2.831338187073601
2.7809501415916476
2.718775452277531
2.6612530307343807
2.6549525490349257
2.684533018426115
2.694040201333654
2.8073907168099175
3.1606233266895867
3.0767548666592037
3.318617853341712
3.706658295543101
4.552629613732846
3.8983128725745546
4.3544129158699
5.204337522242476
5.064651953911258
6.087074383474952
5.982027799538858
6.518611845364148
6.390664390479886
6.64491197932637
6.477235186778399
6.751009996433844
6.521782703846003
6.46153285656554
6.525839193449287
7.240489467345762
7.615544636532806
7.42805789221653
6.437772928956794
6.254629717229812
6.296520305934307
6.570951740411513
6.8366035316499465
7.085548542005903
7.749946374656138
7.508083455362351
7.944517203818028
7.258621610516464
7.716517814962222
7.828012586708729
7.433999737333487
7.453322723894058
6.036527989590498
6.4204687942210485
6.847099011143213
6.3815820617871735
6.908946022646135
6.643787943810013
6.541820145357111
6.387631551238977
6.267696133324853
5.438000093485642
4.9353259685083435
4.782428582031587
4.556196661577275
4.867000422405134
4.226448084051901
4.278115330898962
3.996998002704026
3.9752561648851295
4.221375724158501
4.4104737175778865
4.715443030422737
4.382145074656695
4.331601768825698
4.0892889161788055
4.099292374504041
3.8793810468954923
4.073036655438912
4.109749998954387
4.036119138589672
4.2076249950236235
4.151008039938166
4.051022255544487
4.463539508720631
4.404139227284576
4.191066912810576
4.150577856917073
4.019602409369674
3.895451881176906
3.834894353229359
3.7239675121470825
3.710631919654189
3.742604162785068
3.52330526921152
3.378764402198816
3.254381315345787
3.270348319130956
3.286749356057511
3.196115322147344
3.2024799837242015
3.2107534741002888
3.1913645831891264
3.250432134347588
3.1894701045517295
3.0909293645283604
3.006979408094913
3.00552650655594
3.021044054397362
3.020639975381716
3.0510418363631993
2.9692778709719216
2.956195496012557
3.022210244046449
3.083835491816801
3.2810269499555584
3.6998751465046746
3.7302561740285527
4.265504541580433
4.806082018349382
5.0862017651279965
5.8042271975996895
5.4221697271011475
5.948721038747269
5.741401651746856
5.729462330968066
5.501539260948962
5.802077128602028
6.118061968806878
6.205103981789629
6.890661130479678
6.476517517386261
6.252576434353241
6.1337013936174145
5.604385564517999
6.305298788839888
7.61400303285337
7.428685834448144
7.210204734230768
6.460979587862965
6.6474715428791615
6.69931784613747
7.0317577719735
6.645016736232378
6.767348450581214
6.626283956174296
6.366519272265853
7.058101498709474
6.60124850095656
6.4073860906948035
5.779237319191887
4.776328448358612
5.098220105399809
5.323468797478298
6.048502448719866
5.544122710267654
5.849948792867437
5.09795918708438
4.707912819958557
4.929729247673433
5.266897632301521
5.274260236204817
4.790298954738192
4.375966910718417
4.2318591207582985
4.366695337619342
4.371485054510502
4.48293379220248
3.9793692959652884
3.9931764494797775
4.120548578348182
4.067876208226734
4.2053830036303435
4.366850235599143
4.477018552254826
3.799484564431081
3.9172782586959047
3.8801260522007612
3.9258925388075245
3.6104647666514
4.030653918480175
4.027029620360197
3.9382119657727404
3.7989073419382824
4.036247528679166
3.528138525449005
3.398357352707447
3.380658322678552
3.2503946497317093
3.2244903633279534
3.176451717130634
3.2321134308400996
3.363462421832937
3.1025610217861996
3.086360438580755
2.9400585155345396
2.8920976173787696
2.8904638027315452
2.8319321357091254
2.8253260200160475
2.8573885972661666
2.859580481623168
2.871412264726862
2.812232928246009
2.761687239016442
2.714570002180577
2.7708228871211684
2.703481285403367
2.768592516121299
2.7645825212584914
2.7823079466217484
2.7656054279141267
2.8091964824121667
2.8769968611023096
3.16897754185787
3.0578264888066493
3.155711849622904
3.5152943380934967
3.5076129574333885
3.3486961647550912
3.365562077618328
3.818049425673625
4.0461063676176385
4.639259614632106
4.706917658704132
4.676575194548072
4.537163699861798
4.569000771721163
5.2414918106202775
5.079058429296604
4.928278329583759
4.755382570799399
4.589221669888767
4.2945135941469035
4.206606490120323
4.554546598655127
4.271672603775594
4.702388035137862
4.334716817793243
4.209819540954408
4.397195520529513
4.801465351917646
4.649623357963184
4.262384537462279
4.414780455874154
4.272548120923482
4.580967167201486
4.073422862751134
4.347102878766127
4.340175563315703
5.210854604792545
5.264733269782987
4.646208138371298
4.039675732494178
4.686019690042474
4.342942842809213
4.143602835422406
4.097653917422245
4.469851774717416
3.7773505297104535
3.941486303712386
3.9276311784163123
3.957769903467337
4.221882442998021
3.8320934556847512
3.8943606850161094
3.9377002899671933
3.8929019126184774
3.8765768742353566
3.9528205129884024
3.930157644035762
3.8353014046781175
3.850759603417937
3.633001585272712
3.828858941574352
4.098914198730537
3.9068525087878627
3.790571111299614
3.721226827714845
3.7628374996250535
3.7182478009974993
3.7153402613474475
3.653904685474293
3.431981686922496
3.376429719877815
3.258358292695659
3.2336845728440147
3.1776256909625564
3.1636936323497133
3.2110939576413333
3.1872661949910785
3.1035597637252064
3.0812317410832253
3.0853430259357966
2.965122095744809
2.8940136743529554
3.0348625237531244
2.9613769251535667
2.8759274482818946
2.8496699020387406
2.771514901927134
2.7534136956670485
2.769918506044434
2.734158860910105
2.689173623952003
2.7267292548577813
2.7213320870849396
2.676095414277221
2.707155483488025
2.7518355814042663
2.7671525401768933
2.8088110924222454
2.7909460642935247
2.8177901392672267
2.856920527190187
2.8948555621903256
3.0093816966119253
2.885854217363987
2.9195855736316982
2.9944049826279433
3.464628504506821
3.4560284059066553
3.1966482155193625
3.2939441333961317
3.5437349287281723
3.4053911066874676
3.6350983582174536
3.154534959074095
3.582747707504498
3.4670527662207693
3.7627230791531083
3.977634989125901
3.4100999014807987
3.5415359272236238
3.5236250938830738
3.6874360708385363
3.6516586712172643
3.8862976721372866
3.4313284499967045
3.5487734010787224
3.422623724889787
3.3455009951254504
3.3572885691729453
3.4644886426262738
3.4368170457281773
3.4512148240729412
3.4512348181602284
3.5576287691068758
3.8723131032726705
3.7510120073164117
3.6202055947023224
3.52019633457351
3.5501880081084245
3.58170707571491
3.961847027025073
3.8680271434284608
4.101666565125695
4.078736285905319
3.583906035967454
3.756725991354342
3.6089122521543704
3.7578005962749157
4.412025245566318
4.3358707633051745
3.8464169185618204
3.4990754930881343
3.4482838433407315
3.4955983293183754
3.7468049606179252
3.2299089580240246
3.5408916843778453
3.591124381538947
3.449184891463234
3.257586423514651
3.2680956055699903
3.2235655233792433
3.2934021225301073
3.0998082441193797
3.1386618477440185
2.8652882851620274
2.9350394852413837
2.8602991567937517
2.8576197448200804
2.7876586374583994
2.7599139863004774
2.7874761119131906
2.7461201095477543
2.721754486892886
2.7022313789534875
2.8119589932006344
2.749336498792646
2.7044414039525257
2.710306570331662
2.7126253916161067
2.692228970163125
2.692219109580291
2.7468373122294736
2.74381628135299
2.6403465949001244
2.6118540026899937
2.620253690014912
3.171340346198211
4.700112147617003
5.0885633742892535
5.203542506707855
5.1440362398029595
5.191099387897358
5.664115972988347
6.1954569514975075
6.14320527458954
6.420664585427766
6.652633468436106
5.966134567629459
5.942878045201468
6.21104993562784
6.439126643817662
6.791175114235308
6.7325452871723295
6.95989796338928
7.361127058187675
6.534216441226341
6.627875441004967
7.168587222829864
6.438240089897686
7.14119174042107
7.2972925209111
6.9023479784362065
6.819004135027201
6.854947548593919
7.024573120060735
7.31530465391371
6.5566679081149335
6.84641104412795
6.808636068185511
6.461821278754882
6.63334535723128
6.708186348996819
7.192431511194177
7.084773722842966
6.691823500764861
6.768692504198331
7.289781053209186
6.75419628908593
6.258625189865523
6.14176857721744
6.239370696371615
5.513838334458368
5.048923540110217
4.78910591213042
4.882493919553236
5.520624659709427
4.901930666943896
4.794351063543153
4.972589092106225
4.46889267620207
4.882159344096466
5.121037128979607
4.95637309190273
4.6505849767212375
4.3588283400463474
4.196194954453504
4.295967645257658
4.797229061218056
4.5999380225147934
4.202969779711657
4.075123560200879
3.949715845164259
4.0935792213850135
3.9336997522566035
4.128614326826898
4.7456214169844095
4.680554613001258
4.35989027266656
4.417018545437231
4.541360794107193
4.459585025474887
3.5518017716399135
3.3334545505663304
3.6326307827596076
4.063565917059267
3.336042690434399
3.107708674582012
3.114764845058155
3.0173042447307203
3.0056235547262453
2.9817570210962603
3.0855763934418263
2.9882488330195223
2.867283722086316
2.859413430929947
2.908464102945143
2.800185672748036
2.828103831276353
2.9156479125301904
2.835510643515728
2.87186472924442
3.4008849151444602
3.1318303093586404
3.8105296110051565
4.169020685877215
4.193862572045702
4.982489599771565
5.228336839842331
5.846446998577531
6.29661047635787
7.047695557850515
7.599458872832789
7.350658597654545
6.9447567571694675
6.908422166171126
6.729108951393557
7.013875879714311
7.331572056147028
8.024071814736228
7.843792719648554
7.807975535712874
7.398980204736328
7.623854094672303
7.515433919924829
7.348912402300724
7.146891862319686
7.7756644115053835
8.148497599226225
8.169413988805154
7.838441336284695
7.075003886813753
8.019764848134058
7.354870893400006
7.101441523019236
7.129796013382859
7.461559084952872
6.911052429522949
7.357777250400637
6.967418475145827
6.781227033095013
6.883365145558964
6.753820894152895
7.1315306683864925
6.898135365821166
6.897622900621591
6.288580795977983
6.108788238123769
5.596733960335003
4.979473121300584
4.758798090738237
4.9898526580602525
5.082257667578869
5.360273023103763
4.97772649412779
4.70060748894976
5.031721213132281
4.517100028644967
4.834617415939169
4.693289238821102
4.796300584447929
4.614076439145404
5.1618248506561075
5.848385346337871
5.032403183113111
5.0569206121795
5.378928151165968
4.76779862425006
5.476712337732806
4.89886346873905
4.273666856106616
4.117090411724217
3.9952649515321457
3.8765913661785527
4.623560549709342
3.930617157714963
3.9115429413132126
3.927264883547507
3.808075322269923
3.7360120829923966
3.6124687234543065
3.5423134184003735
3.5803208390678125
3.5639970395163334
3.5107675378935155
3.4216096189366376
3.4807136408813824
3.4272350878100446
3.2925672962571184
3.252814424616701
3.2928898911148736
3.275254884033411
3.238665654346904
3.2350954176452724
3.2343286334832273
3.177763055195018
3.1169319956393697
3.262545559552267
3.3837757657358023
3.2077159520357865
3.5699998975793523
3.9000189276862463
3.9935268873320813
4.325063514028291
5.012645906582903
4.530662430546091
4.395738887560932
4.782285259231729
5.306549946327304
5.810029329263211
5.762497362782798
6.051967631190644
6.740914926047689
6.967617444510675
6.951175182980695
7.460393049715487
7.492832909934537
7.081003838095764
6.517176043890995
6.023360655107621
6.308767432785205
6.537158846808096
6.947895212028423
6.691020318433058
6.350154449655934
6.74254083074321
6.780262707998716
7.17154792240147
6.573214965558642
6.764641538622305
7.084979432571598
7.6426215952155845
7.6727537369514405
7.792260791999837
7.3086161330571615
6.585137240425726
6.572951794615395
6.517691283471964
6.9661293553962444
6.793788287720894
6.622676249510772
6.664969250661965
6.073030568116809
5.665741232195986
5.4039892165470995
5.196055193258322
5.216842419184956
4.947266756548421
4.686997069612208
4.389585150567111
4.278698871100955
4.1503827279474175
4.122095151255327
4.270645361378623
4.738167838443147
4.748170686763218
4.863662366060093
5.840019184951021
5.300690181780767
4.789374574349425
4.3147953259408665
4.249201979982759
4.409980815877421
4.102414694518349
3.9689495449796963
3.8695719598839884
3.815231929216559
3.7892299006665704
3.7150368038509622
3.5261899893839375
3.797600454730073
3.995543247978135
3.782735596320696
3.77190480671452
3.5690473737263457
3.486069453909699
3.4470393034019566
3.3045926491975517
3.2582317998621346
3.3318896799433486
3.326888269050997
3.274239984649214
3.254211090886073
3.2617967959392677
3.2431652772180346
3.190680073680794
3.1325517283200415
3.1319534309382124
3.146116763849561
3.182663163999704
3.090770808117341
3.109086481575384
3.0695763460397547
3.0835715278207676
3.087450260333263
3.1220422768873037
3.412171657761864
3.7426007937428607
4.4724826101698065
5.212090696653492
5.85450032178589
5.94570845792517
6.323316973784201
6.841232675644164
7.3265829279659025
7.450688685740722
7.416494802436908
7.331763048154708
7.389137994039466
8.019299108532968
7.840014724332766
8.09645506912329
8.311721082464546
7.615286148109703
7.209824086105982
7.905461577557891
7.6889351455223
7.506610017186353
6.933182594152941
7.883337257631021
8.035449077580903
7.654394053747237
7.857525030326238
7.991573141977813
8.038588079719082
7.682397566540742
7.803530524172849
7.022417021566124
7.0593674499419405
7.206158705515273
6.840507841769118
6.698762302953857
6.823148958286149
7.0201047835917745
7.136301016633958
6.483085462263008
6.688205216430413
6.6420018645065495
6.606253140864028
6.528262149470256
6.387655817242049
5.53497791229672
5.351285706349358
5.553834430161358
5.43396577631914
5.493491856535892
5.485702591699561
5.747196673061308
4.955708586034359
4.334103939971473
4.676209364738103
4.825910326240845
4.515944776148436
4.669007415789278
4.455648504520062
4.399279519168612
4.361041927956512
4.395922201059851
4.732126319947341
4.96386543407951
4.669341596383402
4.477143792329188
4.219159976162292
4.144081634494229
4.290510229513
4.144808133306638
4.204772883828525
3.9869627474518
4.0097252469815485
3.7771322355967585
3.717644462494944
3.625929735634585
3.4922372707068354
3.402468960670069
3.5468065607455004
3.394236249688324
3.4083931255859916
3.3042819098343075
3.3381643075332574
3.2905591073017844
3.267600083239381
3.2721144211361883
3.207875094329166
3.2770782440452586
3.160596885385248
3.191337315593235
3.2482867368237214
3.199748758729793
3.1683888710682853
3.0770700323497278
3.151444605034434
3.489853476728011
4.111935547536282
4.550741786398495
5.455066479201916
5.737256501951894
6.20328706009107
5.980036988390076
5.537396715653272
6.205619037454536
5.867764098952019
5.943111571453085
6.552902309840695
6.761995262626659
