76.14532241052257
69.90455389978229
72.27430727489218
72.40728984051566
68.99842906630283
68.24454416868298
65.48996109535392
65.58639005103578
62.59692863663486
65.69995395954015
64.94862346732384
66.98638434797431
63.30214767395455
62.55231222858038
62.76346207826896
61.38370917435395
59.294105247653306
58.004684125319955
56.85530032624388
56.595110803338684
55.98463597056775
56.667591924818
57.06740745484217
56.108842634328084
56.04844181773842
56.48656173917357
55.498248896867835
55.46783966908765
54.315811242457585
55.049872877246344
53.99012580568592
54.71483438868563
53.51497575768599
52.705204053595935
52.736618195386654
52.158265183771846
50.90438823574391
50.18590790040321
49.00334554408073
48.212529480009835
48.07867869387246
48.46108628869638
46.915442369828725
47.31563181109368
45.29750562577806
45.54594828069139
45.45222364760593
44.0527694541579
43.80838010111461
44.15587126974151
43.17200187445519
43.21903353953803
42.99545691451385
44.23983385725455
42.999525279186855
42.463090176264586
42.34445731685537
44.03609683055106
45.32032335204349
45.736249326178495
46.256488357583294
47.051071830054525
49.23259317157522
51.048376651355284
51.85194699701606
52.87917680732153
56.619328131321026
57.38863159492803
59.161807335595086
60.29109471339552
62.33541530948514
63.9131533701152
65.00902223688354
64.88296784341469
65.94550683875559
66.46234935312123
66.76946316931662
67.4948629922319
67.86285711033042
69.01047135272938
69.89212187150974
69.0768375160792
67.1686312142042
67.39697817300294
67.08199982295628
67.07605844673935
66.50847331560726
69.81195990092965
70.55402209501835
69.38303828701123
71.58607806468876
70.47871954377774
71.57767556709496
71.3538557432953
68.40932603025976
66.25626884691428
65.06822373302543
67.90644186097393
67.19501944307922
66.94396085666722
66.22653400766558
65.96707190359484
62.229163922884254
62.994780991133666
61.40162724245192
61.083085184293395
60.39061095377315
59.979283592168485
59.48059712434656
60.304876241998045
60.27244143648113
60.094044242283644
57.82696438668995
56.25763065188585
56.78209481417798
56.217063151754246
56.92193486629208
57.68061825021687
58.35258932422562
58.50267600487496
57.270423442479114
55.52373144020885
54.37301374159165
53.167710318331956
52.437601986077425
52.252213201171344
51.58169626809968
51.141859856419615
50.93752653829574
50.47822346731982
49.33403699681048
49.705664940026736
50.158985965231295
49.67781318459606
49.35856463739037
48.68833464208342
48.515041562075794
47.62769637965971
46.68050078911142
46.34017210229331
45.01948895351188
44.43513040161747
44.501530102990046
43.41419774119004
43.02172189360681
42.29714188302955
40.98302954934161
41.07469591135373
41.32323667447645
41.65317112559501
40.88725196785617
40.25938640725508
40.28894180167208
41.319678896488085
42.08401782585224
43.17802527064714
45.69327818444481
45.93424929384969
46.83100509155997
49.92831623582856
51.48583760005977
52.4433835139921
53.65732817911453
56.6421082976417
58.80203245867915
58.95732647987552
61.20911292698975
60.386121587742764
64.40406832341318
70.92168615673063
71.96020607292121
72.14642195671831
71.42857207453699
70.22340955131313
68.32503912816765
68.42646978275843
67.91434864741564
70.58684484211244
71.61153193884502
69.7503811856518
69.99509669431677
71.21173069712358
71.3028646900434
70.97857629901819
70.86089945660797
72.42305234833839
71.41072435401225
72.07421300626584
71.48077226290161
71.32413247666614
69.06263679848894
69.53935611744578
70.66213841557988
71.15131288549242
71.49390358847722
71.33201495541516
69.57236709060453
69.54487816978462
67.03945676026774
66.02563899836287
64.4050947334581
63.988138993406665
64.08168202712113
63.23848263013929
61.50356338907727
62.49475847297117
60.420709772005694
60.70200684178326
60.34157670475906
59.67465800180025
60.60018672413935
60.09517178589181
60.906827475085265
60.92017064182505
61.01503737255166
60.345625551993635
59.008121197938635
57.62627910162041
58.33014290651681
58.63900685596536
57.10881013511471
56.82124943169856
56.91704758975811
54.402182610728005
54.46536828429248
53.9401953610261
53.69357372207696
53.22063954142959
51.92756061406885
52.05043005572156
52.241747354886
51.25914675825675
51.75304161898339
51.7834899020861
51.901723516483344
51.835119354766675
50.951121925894995
51.859578590493584
51.23197618791801
48.13314707734321
48.58478226343141
48.22184727923286
48.4628880133223
46.58514531154219
47.20635610251452
47.44079125745998
46.43854938275308
44.71879397122416
43.7679933352465
45.23351649519236
45.276231487470795
45.00060131319424
44.31610051359871
44.39900410903465
46.04469193539944
46.399033874103
46.872608971022146
48.04399693329515
48.25800555078649
48.456350326636084
49.330331416170566
50.46541538031602
50.79644114357279
51.35005412891155
52.13633508233829
52.881938185586705
52.64943461033408
53.40699838310957
55.398837214898776
57.507798374298545
56.614135578886135
54.506154519863685
53.512923295921155
54.11246554133754
55.13106868338946
54.5459920245039
56.03052401682817
54.10753952766072
53.506006881175836
56.00991310175641
53.70440654005415
54.294593403428735
55.81900154417394
56.38006337247816
56.74355185142713
56.10834926519624
54.952542343263076
56.62216220333107
55.01139913176985
55.569713897850306
56.02458066016516
57.35499541035438
56.58670835450516
56.04156340770783
54.76208638944718
53.66605381402201
54.44393839770828
54.811964671235955
53.8843436165339
54.758403123569906
54.87108974275634
55.51616159075047
55.20418596443278
54.686054648984964
53.801137662151405
56.059230097661384
58.18825720955692
56.9894363215642
56.72721479497068
55.22362792168519
54.41728625745577
52.76227825226965
53.114658766517096
55.25569738566401
53.309096353289306
53.5909419119007
53.41849138494831
53.358970417504224
51.943320679267345
51.1008632335263
50.92403647457991
51.407929923620486
51.108549326792854
50.1476642232376
51.23553907910264
51.493589558562235
49.936953952080785
49.327314785598446
49.07396603743064
48.812356102004514
49.5086568852646
47.671159157497414
47.59180863160941
47.39218992638257
46.94401003559301
46.00622390658373
45.541120724950815
44.86553487296237
45.61945248566508
45.50546968558092
44.09268465952687
43.66892759415305
43.87552985951061
41.903744969519266
42.03298033042802
42.339428863122066
41.94346501205496
42.79642380537939
41.95139122710157
42.19379463853238
42.25937249846561
41.98040654995589
41.71391371160257
43.07847854955935
44.605698965119245
44.86566586398794
46.15004155793122
46.04760496697054
44.98728112644062
45.39599603642864
47.81454840862807
48.175752200319494
48.13992615733446
48.147066784654726
49.36866788247198
50.36395934366283
50.56853990330137
49.431535933847954
50.48975865946204
50.21936496204421
50.98830613188193
51.42955192499335
51.021322545256
52.54832241508939
53.93940988497002
54.58053457290657
53.73391485722209
51.3805549445683
51.44598060185626
51.577442963490284
51.63187429589743
51.8236660041332
53.91543391158143
53.95974281823351
52.25254803047574
52.44630479389821
52.97016877139072
53.151168577587214
53.082391910450724
53.755864546107205
54.45594691707856
53.55496371484037
52.15667610859509
51.928490613697704
54.08019527296051
52.971729097745765
51.90519722658587
53.071193498883076
53.99115117662495
53.782871910168524
55.3472240527326
56.67203735138378
57.59368992352938
55.47608327189687
54.673082237596645
55.80074817995069
53.77946960227246
53.45200205423703
53.64902375321935
54.14441745384238
55.59771987641852
55.2640112669651
53.77161368827433
53.302672051749596
53.772719469167896
53.547841269954006
52.013670926526174
52.39132604153383
50.80848494011457
51.54940235716231
50.950347088297576
50.89811094972515
49.17632834263668
48.17230179714352
48.50763945325548
49.39282502317201
50.06334710421129
50.411763542073004
47.593196146106266
47.874254890424936
47.679566463207266
47.80797208573904
46.58857421716425
45.614145597704464
46.52905525734559
45.141701445862054
45.48471017970496
45.40928961879217
43.7640650525359
44.15256380958499
44.50595863009448
45.38267825348498
50.27854575771266
49.42272520343704
49.5992187929653
52.36968340576209
55.40313404052904
57.989500607293394
60.37910988856834
64.09316211279861
66.41146169213062
71.79700405091398
74.75039722078964
73.75779451129802
74.31432083672144
72.34536424411226
75.08710680982767
75.73463618439382
77.9844739231437
78.44208044315837
80.93008124322023
80.53249447030339
80.38375796788023
80.99789655126165
81.45244676562743
82.15585556194264
82.7307462909539
81.43464017706856
79.18835593717995
80.0616901826229
80.87797018113474
81.21506394847029
80.96018212010699
81.77978624154002
82.54856314485914
83.98480587270933
82.27379125956486
82.74573459711337
80.39839086707639
79.54762939467764
78.65237145746323
78.7884068759754
76.47310400584138
75.49173058287852
76.38839765090324
77.42270102632756
75.03903852722192
75.8618981971631
73.35897606899243
74.80954096943788
72.98340468946367
72.04990859229179
71.49747673893717
71.920961020591
70.75165777165421
69.864717920987
68.66906125262085
69.55948286503462
68.31613888966626
67.40651311590977
67.00143875568483
65.7041408486798
65.27126813420091
64.08312491794686
63.47128081411347
63.56908537043887
63.08089888870495
62.424445226177795
63.83794226797818
63.95953004074613
62.030597000070884
61.130340930374814
61.60077323675296
62.13624009604814
59.84797693596329
59.97928012984721
58.95322795616312
57.43120589657724
56.037519174682075
55.714576678934236
54.78836193024699
55.93599448148143
56.24915875666761
55.63764298894171
56.546138230575025
58.94472161421368
56.26759894731708
54.42882233830346
52.867791654039365
52.94877256764539
52.70640860263666
52.701674784511624
52.30410152045761
51.43573448838856
51.36530457021695
50.82544861608358
53.55968115754786
53.533606828919574
54.72587660144745
52.17979626295073
52.4837411848398
54.76941189652143
55.831261312700235
57.912197750304585
58.759487853352766
62.01536316890656
64.05249167686088
65.9501905704858
67.2881797187406
67.95334395353575
71.31876314440751
70.77035308526365
69.91943625012937
69.21442213661749
68.73453146082329
69.26538682067667
69.61343621108654
68.29744792289239
68.2725708297362
68.39026448552204
68.53185456026767
68.2310063971479
70.6939984014075
70.05511296457553
69.35191180026504
70.58643738612841
74.58372882409844
74.83286542120368
75.55240791074175
77.3052245552899
77.18844140289912
74.56868079749393
70.81003518548778
70.12899736216968
69.45949747022155
69.7312569798064
69.90200826085947
71.07613864349514
70.29225733584326
69.87193642036459
67.78166636539936
67.25753102881345
66.74887517124444
66.17932431757208
65.20501948896026
64.6911168041272
63.48010301254021
61.531659469309716
60.43541811657519
61.54552968113012
59.9803224964885
60.39226843253755
59.863104799804205
58.75534546779522
58.66768770995259
59.969736965595985
58.10660935997316
59.83655140636483
60.665017901308374
58.11256296652664
58.00550287170472
58.23039639062927
56.79878536915612
55.997144967983786
56.10751042127913
58.14306585623626
56.84330178279174
55.79689096279503
55.34889590460466
56.02346010902579
54.05800133957018
53.73405195834448
52.16138937871847
52.18101318035292
51.32862472762349
50.66414168683468
48.990173564751785
48.436753974692465
49.95334872332205
48.26120357092282
47.35916505212458
48.39554032125125
47.74483892020612
46.614796365767916
45.87259912037689
46.899874964713945
45.393161465601
45.76009738052835
44.46894655841811
44.31507820689649
43.67139202950921
42.67964322608691
43.29078471209937
45.03335976930566
43.13510163635215
46.021118547473634
47.32720929972584
51.183165255353515
53.23790361435749
56.147209287433725
58.853781444600145
58.09577204311495
58.93111015934073
61.5060356608401
63.11938799606287
66.26106078630619
67.26843924864761
69.46811127466435
70.52474038228547
70.32310239175695
70.00583981491627
70.14900623108701
71.42930098855936
72.70086052883698
71.12177588375789
68.83234670830461
68.3345119137648
71.44809387056466
69.84069370984298
68.34435481226365
68.14276156059896
67.8784168698503
70.6130485751919
70.5458754925321
71.02284227856944
70.77882862150273
73.05525780104313
70.9589080741066
71.8829638585803
70.17052003833805
69.89224283574231
67.38112493244716
69.28942254950653
69.30592466433609
69.46057589831344
69.36842735605478
69.29591736924544
71.0493145876103
71.93264724250821
71.18921626872725
69.33725737829559
67.61828890305082
65.77002307433918
65.0286402086972
64.3714454831188
64.2154592438394
62.01067507075345
61.27782483621786
61.689825944020185
62.21605765836648
61.42882316814894
61.615594273539955
57.791900209988626
57.361318034565556
58.10202690745291
56.48033268265681
55.21421922249874
55.99699932977228
55.254892852858575
55.44535391866202
54.05513641516836
53.292115499267084
53.048173764824924
52.163633668211105
51.425926121218026
52.489105662789825
50.978854436237725
51.904224733918
50.31224307728917
50.307652634365695
48.94529240601355
48.12458989533002
47.069605696686494
48.239304153179546
47.67752147623196
47.17549870683001
46.58596431788692
47.28932835912701
46.72257817008585
45.73456310854317
45.45439200222745
47.350834417349915
44.46208267025236
43.04080301416616
42.32590850846441
42.96688450235365
42.13594591308993
41.55233389647128
42.97754918507849
45.78573717937002
45.76884474221197
45.367697773700456
46.37326432492
49.21888353105351
49.69177693776055
51.522720082559545
53.53890932797958
56.23364186626645
57.393340655605925
58.52288172843464
63.19775196417913
64.49483492764739
67.15920074139649
67.74006813230199
64.98555598463918
66.46838061757626
66.06775956975207
67.09126051496787
66.22090560134802
68.37318116205188
67.5882533629258
66.61431244382084
63.7512528444704
68.06608956713649
69.91475663788378
70.22168825335393
71.02847110446783
71.26313027374067
72.57417865406205
70.00930920858355
69.44254577400079
68.00022256182001
67.63111665138786
68.68487902505763
69.36685813149825
70.71459080431805
72.16256502680062
71.30330334792848
71.93850181702487
70.22618264469565
68.28533929280525
67.90584273601598
66.98014338300027
65.65310228477279
64.92149672244432
65.24606564094415
63.70276613966166
63.39337836926552
62.27059246420595
60.67122846685743
63.09066695264892
62.38707961924092
58.000209875924156
57.62700001359394
56.45463170898279
61.01765004213803
61.13488673593338
61.690895993757294
56.84294359588216
57.29664264984467
59.07185890042888
58.199203175373896
55.92202446642136
54.80435489762749
54.38908848517667
53.314819746950434
53.21952507925607
54.93053467877621
53.22279209275166
52.060941472303966
51.635839224703886
52.594063826453294
50.46085785644868
50.1894970821877
50.553009223010804
50.49737789894971
50.7765623358182
48.48120897024819
48.45523028720959
49.78136835428063
48.17074438793384
48.882921135791776
48.78098094467464
49.85783646222876
47.62701006562361
46.74347068140423
46.280105910243265
46.60742360549557
44.890867619509436
44.64826299790798
42.732236780810354
42.95738224258025
42.416125074031925
44.15120680762334
43.888086675888644
45.72964973779267
46.17782279946596
47.51865981493529
47.39654004481213
50.120457097105145
50.24445060135395
52.31470572711669
53.97735272409682
58.42226168754087
60.26260426837007
61.47975317533769
62.33874026714079
64.92878316494466
66.42404297883354
66.94603419630766
66.26408521396343
67.33985276744443
67.68260849820308
68.633586011229
71.21929955391943
71.89167387864973
70.95230240315777
68.87945284546277
68.25838224581366
70.11123775109832
69.45103931850304
67.73412921834415
69.40740931963228
65.54974811360444
66.51754768177216
65.50545575541014
66.57054657148501
68.12789788403916
67.6080128132553
66.47106575744965
66.27209319144231
68.62844014903385
71.22020936806484
67.77884140915648
67.05067413456709
66.45103898223465
64.56024209106818
63.68231437180316
61.284871155157134
61.567739790448286
62.529152266516576
60.28235662498673
59.08049461464839
59.386439678783745
57.347203032138395
57.370160829447286
57.59233527687229
58.87341628287163
57.86061810716683
55.640745803701066
54.51584558822492
55.67370981595013
54.954369953878995
54.931033231426454
52.48494842421951
52.25227896282672
53.22134668771491
51.663815393182176
50.775602130634525
52.43038218733909
51.27659429075561
51.6377618093004
49.7343531853744
50.51368139156443
49.9933441755652
49.11348066692585
47.77855950524872
47.76507157348897
48.206729517844906
46.55722951814823
46.69855347601583
46.523365508508505
46.31298476775419
45.8039786274403
46.02703317167402
45.98058567868429
45.94407843465319
44.504506418744995
44.873114584582254
44.831697979689125
44.17230829411619
43.17238057032387
42.00295222991508
41.142398006785925
41.56479329370745
41.465761140377936
41.57846218792042
41.276354325780176
41.22592752984019
40.244499402641395
38.90025352011003
40.391701881285144
40.57445887242466
40.40075722961569
40.352525818050935
39.83437055454124
40.461809404138194
41.49549037039537
41.70993018716763
43.32413731725751
43.795632747919626
43.80086294994567
44.346319827603565
44.43731623019403
44.20162226242519
44.10502041645873
44.75829347835497
46.818647693402454
46.476895047328526
45.985603490933954
46.227692222478254
48.64778365472421
48.285207039418765
47.255309841786584
48.62448249758745
50.17047076631934
49.88926757636182
49.407520240600206
47.798975462525505
51.19634862646717
51.526321197908146
51.360416514110284
53.843957051168445
50.99167799228735
50.10803650868024
48.813162676502316
48.138788537060464
50.34518228383445
49.81526068113749
48.56949613573693
48.20768969310711
50.72890455505399
50.197300437155945
49.76771871834785
49.304767161883774
49.76666410018379
50.66028915914899
50.34019150572112
50.04795345033517
50.33904546417307
49.959208440881866
50.748000035893256
49.28570997447264
49.60354177694148
47.76125439440898
46.094167854747184
47.85962681222054
47.856652828829056
48.586261183565966
48.72978300347518
47.48296484823891
48.51820777123248
47.145755880981824
47.27395619153822
45.98090579068639
47.96385651349692
46.68166793922978
46.45769219556564
45.59465856427914
46.08908886653512
45.90558257598582
46.03371012392381
45.62216309727728
45.76967180926977
44.23668069367409
45.21472802940707
44.53923526639892
44.295318927813696
43.27494686562318
43.174739673100476
42.27331068298645
42.98927134379005
41.982843847042204
41.99296828479646
39.95913842688492
41.121661863774534
40.85385755137986
39.339580373180524
39.69845822418779
41.38260941667568
38.41617014757321
36.91775435808927
36.44394393493258
37.52802352380445
37.653765613385985
36.23140110505983
36.46828591087592
37.791436123765834
37.655503776979
36.55592009489828
36.468758207854535
36.7813822056803
37.76461968367107
37.82093872606606
37.59519822008133
38.811643193865166
40.16640522994362
40.12593632096582
40.84858067673213
40.36289962358728
40.439370458413805
40.991136927690604
42.59907255979442
43.67723732762306
43.09756117516008
44.592994597659754
43.687237770772754
43.799162507694746
43.49486745379818
44.14871451263775
43.759873827066485
45.64341113933028
45.71993933063732
45.548663859309954
48.08070873898305
46.59181283767771
46.34999208805175
50.295632285921556
51.18386287718022
51.86070094801403
51.680860405537715
48.79217831556798
45.06174331690136
46.694319853275374
47.695745564147956
46.97978802883813
46.7356583639239
47.7256457698295
48.235093255151696
49.07520322582286
49.712875240908716
49.92590766432454
49.354670575262844
49.01440517880906
48.89444325120439
51.43844913031535
51.056631263782265
49.14428403447869
49.47869018819256
50.75518571696239
50.949927893751465
51.45393845590979
49.65764480914413
49.662814621087136
47.819521114043255
48.12068613594647
48.43580767547928
46.88952806492193
48.99517396099736
47.50476521951714
46.25701105361077
46.89389547054452
51.27476209587212
47.812419054034535
47.299796543806224
48.7303853741073
47.8617734773527
45.740956028075516
45.884613206366794
45.13575322827023
44.219336455663324
45.99761321556116
45.64427740611154
44.52407745632627
43.306805242550354
45.370706630241784
43.87854426434615
44.78371378439442
43.776628661632685
43.16386096689689
41.782991234717656
41.10704500447787
41.57488804757918
41.60220293400948
40.96986876148685
38.52205719284507
38.47938491996047
38.6810949049609
38.05436569684548
37.99741064882005
39.30979371246735
39.2637533935183
39.36951030430532
40.17518135116802
38.916239149854164
40.155446173585005
42.930088387353635
45.02428843893563
45.4170658096848
47.1465821025954
47.71101911931237
50.569158323302645
52.541266775021086
54.737671969557596
54.80193960479687
54.51752204715012
55.92994116816226
57.31320419425447
57.67892769027367
57.30725619681516
57.52009821599904
58.70697945920119
58.818515432732966
59.47564702566888
59.727146507684665
61.3088641270424
62.200364870277326
62.62882114317381
62.45783768419028
62.527297835072204
62.512754093825606
62.50593522594227
63.526977229391605
62.65257201870236
62.74609671076587
65.99207256606269
64.7695487475321
63.72582775095725
65.16316419188865
67.93335525545899
65.05457670376927
65.91493214969341
64.68064859622291
65.98233526494414
65.33326371995281
63.598088488740814
62.96642299680525
61.387250793503654
61.246761799798605
60.51638642573744
59.5980966037846
60.20420114951048
60.26239505048807
58.65312911597334
57.79720483227925
60.55903299437409
59.46274797640763
57.00876581342118
55.461715488457
56.92476006573588
55.71942190826985
55.13040180197868
55.306320537672036
55.71574879712716
54.01098622544623
53.434798613700195
53.549527328451404
53.44189411532284
52.21723239116545
51.54466645415914
52.002152257104626
52.33605767631934
51.60362534180467
50.69193848897021
50.00983605534225
48.86961589860721
48.59139944044364
47.57310843931782
48.10597097282448
48.344844453997666
47.170544881247906
46.56133001695116
45.90836671352804
45.41552913082455
45.21568397606302
45.39039614685862
44.477882198197904
44.7340582915981
45.256103984733954
44.805131461431074
43.84651738107118
43.73059890709237
42.14530023139014
41.24349120718716
40.69911755192811
41.46170148248234
40.56232647176762
40.85574564248009
41.35957178827516
41.66994376118146
43.231160316194746
44.780506598808415
46.33439747101147
47.69219505873593
48.76637248708448
50.15198630605755
53.30482648784846
55.701958935386074
57.672231287099294
59.7384580987607
63.92085004620321
65.36183829560423
65.98812380073332
66.14569022830983
65.6680304671795
68.24982554991584
67.99936250124665
71.3839872457529
71.95452476533728
71.64234216221666
71.55289371556546
73.43829342930712
73.44416674072681
74.57443930881345
73.20281409790005
71.83432995953262
72.63480720381904
73.1082810876228
71.81169717178363
70.7816147503654
71.51261960164766
71.10178509754996
70.48474219062291
70.97140281029078
71.12408521584985
71.90096787438961
69.51995727059943
73.7423456887359
72.62073195787616
70.94398171276907
69.57754520654635
69.36503430018934
68.03868643357964
69.25351709082543
58.88268962971961
74.00190284575774
66.41940654377936
69.69626089402936
68.58098297267725
67.13148022274618
64.41719956488691
64.17469130895688
64.06536921965926
62.727889770460024
61.947343825363305
61.70720407604563
61.7024559941342
61.02287056946852
60.03644195049901
59.99976338343413
58.54427358130715
56.976989531993695
57.34509163634584
57.969812825799636
58.093951429401386
56.79862170551837
57.61362214430619
56.44634839648256
56.56840800224313
56.85766484660144
54.38822138961291
54.933058489331415
55.32243573203277
53.07824164238855
52.03964749359011
52.462983534675914
51.09522313867069
49.70802898098145
49.06847797281762
48.38227829659536
48.41235796829028
49.75654830930307
48.43798748491986
46.96978494194559
47.05579577446724
46.24793947546573
46.324450442553825
46.69655223781706
45.382429018303355
45.259197901290236
44.33803365688914
44.392697958009194
44.31950091730346
44.472212942615215
44.663295503917425
45.401562945005026
46.14662326690677
47.24723781277544
47.89026174228184
51.583507538396134
51.87983909418563
54.043530828582334
55.96425503902856
58.19102052353264
59.79151588657828
61.47186923251479
63.59096833988633
64.26095114121335
66.88573226635253
66.59982927777946
67.53242861825856
69.54728497724318
69.1832483886842
69.17767722403573
70.55313449581217
71.85297487782873
71.18797761037968
72.79789030963411
72.67732644093849
71.63943970998844
73.5299727202937
75.43888423175326
74.01386475316303
74.17414923952333
74.04634017947456
72.97603258662616
73.6380584608305
76.50711499949648
77.98904608316025
73.99261407626454
74.59145486883244
76.23918127248862
75.57654241465934
75.27479876754387
74.3289204160385
71.87101675588201
69.8945666777754
70.10024163941739
70.32820552034627
69.46610404853482
67.24467826942373
65.11560461839713
62.07561336452932
61.90125333223568
62.32063273991935
60.293672677072664
60.08284007113434
58.94248985705417
58.77323162445896
58.38481698780538
57.54326069349145
56.3074441568433
55.43919960859694
54.9840239353648
55.028129766755
54.79726938425483
54.273013070902834
55.03273515782075
54.75806261037724
54.03801952585468
53.149626687564705
52.76992690400175
52.04122028835536
52.54671806745273
50.785280407616256
50.16394452984764
48.98344132595412
48.524523634822344
48.154080026367865
47.714072385044346
47.30426206633456
47.8350644449597
46.15593955352915
44.79207625376603
45.5937612620819
47.26618210157358
45.10664300454323
45.66803726584203
43.735526581687736
47.32538887916667
46.541948896682015
45.51662088578769
42.734191376159515
44.646927101669235
42.06254544665239
43.1642960940369
42.000194916901364
42.43521861341901
41.96817106401818
41.39787691885704
41.17296531531542
41.90248823237562
42.13127778060948
44.46320585681178
42.470797466064596
44.908792724488194
48.08221499192359
49.0238483586204
51.7284684542733
50.765211382442885
55.2212164349271
57.78727171672176
60.365727195657655
62.319415218231825
63.85445158114635
63.582378792447344
64.41736520124687
55.20960260038328
99.20539669303616
66.30981788493727
66.36589638848636
65.50289049331673
62.91005774593759
63.61711019443237
61.516149864797626
61.8170320229774
61.48510621708692
60.58557577998067
59.78305708711787
57.42098075820195
56.45453566882043
58.05308447345237
57.27984718978405
56.502997743327796
56.29439976378217
57.63795285829747
56.9037050501629
56.16184460718341
54.55141873719458
54.9592351580518
55.29033388787002
54.8302375158155
53.64225035105801
53.83939740258734
55.11597993398709
53.0489332543043
51.59298572580883
50.84642993140869
49.595458027662744
50.17945430038117
49.908290479086645
49.61639216987055
48.6396294128524
47.85691526281289
49.44227328856482
48.24141114576878
48.42151324777046
48.144413219104536
49.10037027109979
46.10770170521482
45.95443237714153
42.80393072861034
44.425255238955515
44.93577614386413
44.1814040940294
43.65309310763041
43.152527349152706
42.67547740067221
42.573637412867356
42.91145625220679
44.235812741026166
44.18022747965824
47.10156748922964
45.7948885061237
48.566037119587236
48.98249153947381
49.841034631033835
52.795331673986766
54.45697120282489
58.00409683052612
59.98140628883266
59.88939863832229
61.80536706324119
63.854678325731584
65.90432193547895
64.94464346986615
67.42744776395011
67.48794969212213
69.14889619528049
69.16289897339084
70.27449038691702
68.39271371886207
54.712034546907944
80.88020251611715
67.66961141588445
67.21595443239084
66.36241217038378
66.28197265321728
65.6395853387337
66.86592667831542
69.58077523105385
69.9442846575862
65.96506704240323
66.61298977269598
67.73071016654285
70.22674533079771
66.60999265121131
66.57564202457252
65.83865703881429
66.95292350414684
67.3451269516263
65.68521255503288
64.87695912015715
63.525880830595725
64.39632221137663
62.287427099729484
61.49081013756563
60.720786459837655
60.27962589057984
59.69553788217945
58.35918458018568
57.72250037384947
57.785806605314065
56.024187832231746
56.78836211267026
55.0113652295247
55.62732448028146
57.729402196522415
56.36486881137762
55.05881524305232
55.300272581351464
54.167562646211536
53.62329360421381
53.60145575496949
53.48215451982787
54.11188866378507
52.965872243358035
51.899531854966426
50.906954587673
52.401737645049934
50.56144362836585
50.365102814534566
49.9461595858902
49.73076652341115
48.52411262006217
46.3400821070386
46.35326432786428
46.327054463916056
45.73389543603366
45.9262647393773
44.33635184555055
43.79452312269814
43.337169449886005
42.661984484095
42.63588778098256
41.744259974020224
42.33851190535256
42.291635686849304
41.806654555083696
40.950614123835976
40.68959824563376
40.60041759863657
40.80806456123378
39.60049756939088
39.16457181237388
39.038437830426346
40.31963430915471
39.99587583085304
39.26819866794426
39.10502700327902
41.26438314367897
42.3299423217793
44.22293666065593
42.95657803112226
43.22183417673659
45.415098389986724
44.90810204416448
45.992575913852306
46.85489415341067
44.87071885742898
44.71862321124013
45.90384212762092
47.18639014964356
47.23696429917004
47.36056201649876
46.5296848075709
47.23762472175963
46.81125244828672
46.84060157986687
47.26316630456495
47.38210857743934
46.82649789469724
46.762389616091696
46.62775768036363
47.86943161155659
48.32350852311947
48.38598990254104
48.641183951275025
47.643082857397076
47.97645829642556
48.50152351380075
49.654912311847056
48.66139891890248
48.59173249006153
50.54283635192405
50.65994462058188
50.43678007075255
50.06053512358676
50.42233496071594
51.358586365646715
50.03047117315327
51.618264634173556
52.565384941285174
51.13848300682184
49.84943173284728
47.51015955236289
48.41231226427999
52.670784594184624
48.426857402618225
49.09000972059448
49.50682215891311
48.858663916360456
49.22225761587174
47.96708777646472
47.45076288727614
49.26455570863345
50.023004731363926
50.08561553993013
49.8705823642149
48.18654671382956
49.18666581300954
47.79810825362483
47.0158482458105
47.27929784133039
47.13910184922952
46.15877927467636
46.566992994436305
46.26144588129364
47.220678295363086
45.61624311598621
44.64550798259825
45.83732666770584
43.80173888225272
46.706639075853445
44.9186232852112
42.83544456613981
43.29510923304747
42.51404474106539
42.81116359422981
42.451907948325015
41.84814457813172
41.58432855139381
39.61741740794969
39.94017206291983
38.182935432695785
38.39512606780181
36.96565611903475
37.17174068645954
37.175511528484094
35.68259451109202
35.731199281646695
35.29335870973932
37.740617454088806
39.081857750841436
38.15249798557488
36.581776744192666
36.62071489850837
37.56765809633998
37.63707540192286
38.679211631052794
38.096531715898664
40.397677195659526
39.15431330695674
39.62504464422091
40.41647858456304
41.62600542082828
41.904980704800664
42.41274776582941
42.54660860028116
44.20226087376
45.82683920926547
45.45900824729188
44.977393348956184
42.997479193996696
44.59182699041867
44.17196305405923
43.77222873501955
44.027379739172375
44.10161405760209
45.45179635701879
46.024075898839556
43.83406500311639
43.436458711542855
44.39755897123132
44.570004717644
44.34211039739148
44.00971948597544
44.42311074107715
46.126219235840836
46.45672914885267
46.469802594788234
47.045414235162525
45.84546985489533
46.7186329546214
47.87624457626225
47.380311574784855
48.453028533953784
47.317219150900655
46.86669053767764
46.78328761928606
47.22740437851235
47.04501468577496
47.3083405139123
48.22752687927982
48.616686590638665
48.092846377594924
47.67486792463319
48.30583154042688
48.59298474409047
52.36763000579481
51.71345086766223
52.6959352538056
51.59358031701049
50.858864571586764
50.34234397040996
49.2036475429818
48.60932557311071
50.283248761013056
48.354513060710815
46.13237784133321
48.07533747947673
46.43295444557293
47.08957670473956
45.34031907860617
45.70126227144851
44.87396309337714
43.557472801550375
44.366912952296616
41.99518606955667
41.217547785638544
41.20347666905286
40.544499997326284
41.69840247729053
42.30335693742654
41.5955049665688
39.97191438731011
39.06321661946595
38.94859327893664
38.651901478441914
38.78005826218441
38.890423817584406
36.93442534040173
36.02336346476386
35.225871686319124
35.94671821377915
36.462085702844206
35.898279474415176
36.45135980625537
38.41728882542748
38.843540912965636
40.01296113370813
41.599839126954976
44.117399809824065
47.28564844703851
49.0636168935298
50.69075470457096
52.31716551276895
56.23327246527015
58.14999439640678
61.661624378554734
63.45152522958006
65.80822027025351
63.62796688329422
64.20588217584009
64.4949231021028
66.072235660773
67.40536583687663
66.96995468513342
66.91518431813688
67.40944577112259
67.75709518653434
68.99560767121102
68.59636487294802
70.47620887103767
68.70211433063196
67.71246660719407
67.84921190724526
71.59674438680986
70.87505632290322
69.77021423398037
69.3773381415474
70.83366528179045
69.9985242211651
67.06272196847749
67.27555366113393
70.95756221666329
69.71916973437055
69.3164297463627
67.83686673539955
67.95624731326643
67.89822797400757
68.4187004315495
66.65669969171631
66.12799066131879
66.32787991951045
66.64441569599717
65.54118483435559
64.80991640741013
63.73908514563982
63.376063112113115
62.20074888221052
60.742279096570655
61.740047167315424
61.04178955610041
61.254579798401664
58.13926975209324
60.16349449075369
58.554043636987444
57.040229016726016
56.88132652901254
56.86460769272844
56.52373481576933
59.182298128458115
57.35154811606162
56.331936940981905
54.308039968914045
53.40857451573697
52.79239549811996
51.85158886345698
51.09549636487782
49.53041529151869
50.19384322968517
49.78642153949431
49.05585224564743
49.58723275211105
46.78070482176827
47.96295311871654
47.60168710191283
46.20993353797144
45.77098797547819
45.56068766452745
42.92871196983219
45.44204627457407
43.494422494194396
43.33693607486839
42.37990188633353
43.70114474312777
42.614293708551486
43.539497459643826
41.01521337025406
40.562154345029285
40.87341111497335
40.922719946961706
41.24472576677999
43.470219927089374
42.28116955598989
44.03462012842624
45.06029872355907
49.04605972564559
48.91400343023133
50.52736700728565
51.982553912476305
54.21811218710968
56.65093247947516
57.117882201563134
59.03530623147617
59.585197310462036
62.79364152227754
64.12560058682993
66.90993155978981
66.22975140386734
67.98478869988708
68.17534741819668
69.12477121182792
69.64737410895941
71.12974932553516
69.79455531750727
67.33939710772893
65.77121047297805
66.68727553460326
66.2437991254726
67.24009626760653
68.04289358401047
66.84346122436182
68.7337728174025
67.7303299306659
67.7077794853717
67.54304860779826
69.6283677743636
68.45186633376943
69.66192851059759
70.47816443944339
69.79769790035061
68.65853761510243
68.61448126408459
69.20339068112116
68.55769851000764
67.77594965918479
67.87667551060531
66.63435654402565
67.58683884372749
65.8141160495411
66.78594313244594
65.84501000358614
63.116796492635785
63.767601249410745
62.573414663339236
61.40061535273844
59.91975176182723
57.894259037102984
58.54199208522596
58.804716713468224
57.88887725998893
56.18381208226697
56.24727352858213
58.24630575039805
55.99556948550139
54.52245683774095
54.31444275945364
54.95147743361258
54.23852615714941
54.12880844259735
53.15983431554514
51.6699745356359
51.44880862590435
51.201413639920474
51.187912875842585
50.233296401796
49.083660663721275
48.24590609667143
50.591745362764414
48.05882966586955
45.89244170588859
45.29817325307067
44.61421193792967
45.22709641014649
44.34502648359057
43.88287423743418
48.4538637658261
45.043640030892675
42.4576850590895
43.44459630712072
45.79788028896678
43.86297698522412
43.49009036405687
42.63248597349184
42.37296775075856
42.62632118319766
43.29696669558189
43.65501626492369
42.90311116739554
42.18065623668144
45.10142881025877
44.97276098838711
47.7441873325356
48.799044719852645
51.9221347999046
53.984392851207076
54.77646074629433
54.86460939441713
58.5747464773076
59.452322918545406
62.70499589823794
64.67911568933278
65.91977793686556
66.40569321807152
65.25448684361845
66.64432752510857
67.3983741224456
68.72555564054073
70.37137426557001
69.55363962673891
69.81453448057619
68.72146416086844
70.34048390954717
70.64656159897913
70.34213761223782
70.88266915199347
70.58870815903492
70.80891298319693
71.28990362354443
70.1390922178116
69.75389515372763
72.84208059660159
73.77234294507025
69.45976774262272
71.08994070375775
72.94960826571014
73.65091365077978
72.7239938949565
71.69301170503513
71.05067134651927
71.1538042275447
67.34099141622664
68.26040416293881
69.1504167766775
68.0847828930082
65.915623417397
64.6794633954596
63.87560737089143
63.13837058020931
63.16940897244831
63.00447835936234
61.131674516428575
60.946154075929144
59.746681441793726
58.000980658173376
57.422470675152
57.37731828094138
58.01447080135131
60.011271689720616
59.67156999374856
56.98060400645363
56.75633094835143
58.01926377302675
56.832756209887975
56.56577223276827
55.67847013350547
56.029660675998
54.125895451704764
52.29666773607801
52.44432873165215
52.570483832917944
51.28539835727247
51.117894908501285
49.924844745439486
51.24285458016948
48.818807813228204
48.77157249674701
49.94762012061233
48.842330724630756
48.41140178015098
46.934374583756835
46.852454908558684
49.082778454865775
46.86679210252828
44.668863409854794
44.946263790003286
45.592707439140895
45.391395728725456
44.20283122284445
44.29398886843046
43.9015480535254
43.23112652591908
43.254142531458456
43.20657058567622
43.21778143785991
42.37901269903455
45.81588043721581
45.513614142428196
47.25067926418592
49.60551969621656
50.46703451911435
51.432884466941914
54.399098523854036
55.02523505121803
57.4998993314332
56.23682111793846
58.34182530478665
59.68776857043531
59.524740142799374
60.223963742496835
61.7440374246662
62.25759890466361
62.937471193853526
62.224393799750715
62.50549380241637
64.00048876407254
63.109506364452955
61.38177480337663
63.57085237535739
62.03215083508394
61.91271633226006
65.04599470925382
65.32860501701771
65.21280438718259
63.68864894638773
65.99660723120769
66.10262456871533
66.36935234703083
68.16660734005745
65.92487236000488
66.91578806724601
62.455494250342326
63.43187641608142
63.74397099063731
63.012403388746634
62.06349523351764
62.34615453655715
61.6084577994975
62.14602546100468
61.766707462314116
61.782289862652306
61.39399636885946
61.034994437203295
60.2466420354267
59.91821368820615
59.69926540920187
59.37776323323578
57.23472112732975
58.29572433986118
56.69541725085628
56.88054535429137
55.465489513296234
57.09283819889765
56.37696170583513
55.26364199118643
56.62541673445685
56.96555765976018
54.939144771233714
56.59095120225675
54.34123544366639
53.528195087670156
53.03878663247292
53.05070976274851
52.50477159797083
51.545066133651744
50.70249328846876
51.02004854705115
49.74373707972518
50.152594409075846
47.37208938794379
47.117580383347786
46.89816352846401
46.686295579208945
44.8326932333639
45.00268232502572
45.22708195466794
44.778514821601675
44.54268542411751
44.77284170554094
43.634835724499
43.66513336420917
42.798743079141786
42.54807465952126
40.88545609539051
41.080808086722755
42.03581011170559
42.38850497608564
41.42446299055314
41.347831259538
43.237267450436775
44.354523669974924
45.43934518867991
45.05448608009465
45.29705205939217
47.49018144091542
48.962072731531634
51.31806086594679
51.403401525649315
52.665790628074774
55.27707589177635
55.78096931464097
58.00074790742519
59.57424990853042
61.34387174475296
62.570828214798894
61.94084609723723
62.76502513223818
62.923433750008826
64.85498196543449
64.23627311686369
65.66868901708335
64.74257307390326
64.45863640729021
62.3034543305796
62.97762978752371
63.49806217400737
65.47523361944423
62.99429278091702
61.44622140458273
63.593669208113624
64.48616334763506
63.58162700117691
62.90424724897957
61.26641176158773
63.126088688595246
62.66817679377891
63.030637745587
62.12444032448548
63.767406578773034
62.41877736260585
62.286215018035364
61.211864903444166
59.57119473391981
17.984528519586775
43.05848572452055
173.9064904054394
69.38184908322
78.62006319371176
55.0295065302214
54.12938861884891
53.13352088680563
51.85605843088456
51.94771484853777
51.936160784131516
51.7928831998845
51.200583530862104
51.37822085984999
51.44096287767661
51.4131290907535
51.68107988587417
52.20321588719071
51.257975739247286
49.789870759807854
50.430259496675035
47.875698434021615
47.617240021621
49.48089608712644
47.126753023456786
47.04681047768781
47.35657911977296
45.74715744075411
46.43536077489284
45.4092405934141
46.5944963036693
44.58837995721956
43.46188311005744
42.54916012561648
42.244496440582225
42.54800592820334
40.763645994922626
41.165210579313
40.96642250126706
42.2454792662993
42.8749016548677
38.93667022568752
38.65866413769436
39.288747696575456
39.402499757917894
38.782078489392916
37.97524489580519
37.12506221768717
38.47449373662016
37.31943552189114
37.23468176328288
36.69866322513053
38.018814104579405
37.38858530487528
37.7886516445119
38.85331700010147
39.36546378270805
38.99070897013712
40.104549839019
41.4866236238729
42.83040728417677
41.560762488737055
43.13365525133713
44.48520611503977
44.974457584848096
45.42604509458738
46.92162042107066
47.0056431307828
47.81090508956072
47.007132732813716
46.99651976540031
47.598206422026806
48.60856928301587
47.83689443066669
47.3430620994925
47.25138654217835
48.2429516867785
48.54243568956281
48.55646826509383
48.01135423496953
49.23219386657638
47.72870378624248
47.48421414863378
49.20250124271797
49.988903298426294
49.64839313354446
48.913644878869945
48.958065753984556
50.41812162657334
49.047502973397286
48.3237931028807
49.66101757569322
49.29967956839232
48.279270481919184
47.33006780453752
46.841051944422816
48.571056057520536
48.117887058383076
47.971741359627686
47.6225980955719
46.98565379451202
46.74572585892338
47.73827519082715
47.16501231453594
46.18170215729697
46.30291276359867
46.5178458408318
47.20923161199926
46.91930524813188
46.82030370019629
45.59677520914897
46.184434708002755
47.06299777602544
46.13883388693989
46.277198474403804
46.33229822434669
46.580864400455994
45.11140351302038
46.02061987742627
47.10831226520804
45.87597799066316
44.89111890046729
44.57540126233744
43.20540559023334
42.09444665679598
41.66663446479765
41.883147840280344
41.05156463662479
40.617723526997906
39.682414156709
39.73024051476409
40.19963153105209
40.36477805906702
38.95507242387953
38.59899851342607
39.881867767977155
40.44625207416652
38.93082380202827
37.352703412568644
37.20538606377431
37.25345790908523
37.58137608151401
37.57761302782069
37.97411855832229
37.438272937214606
36.45747756682158
37.90499817504997
36.78461627811748
38.05937831481879
37.83006992328842
36.14050378937873
37.611394026538846
38.56655874495982
37.97975629225766
37.89109285782229
38.37420436374191
39.40165902132276
38.851820200907014
40.70069397908878
41.43619324510132
43.2869346117011
40.85708603783905
41.807218020525625
43.4410625559417
46.436162590798176
44.906442793559336
44.01950545465638
44.867976714177985
46.59819119143208
44.50435652649821
43.32331631575312
43.769792265303295
45.585598921337805
45.51562102096614
44.38662580198934
44.91496002028066
45.70951361780021
45.27257432655779
43.85732846302153
44.44073075359029
44.62586237029154
44.159255847481745
43.99505742421093
44.4520656594791
43.89469125221376
45.14979554420188
44.260404126097
43.6174242477764
43.72539314999494
44.58672078512268
45.06724813482788
46.54862834350047
45.69236544305204
44.57730544641936
45.413323991120706
45.81071864923706
46.21809146822693
45.32744082035606
43.35406626911572
44.77024380933608
46.566143308760275
46.363568596066216
45.91150755692934
47.017877074610624
47.801404809979886
47.04865221318914
46.264387050644245
48.408542115322234
48.20572847307653
46.24191059943587
45.026370573237955
45.4048194378247
45.05443347865639
46.295457525565325
43.741259812913995
44.45193817991685
44.709176195465716
42.961812804041074
41.45275271168043
40.86102099160007
40.868982763774966
39.929793961845235
40.846909274623385
39.66179460171861
39.08032396030853
38.41029455849571
38.83214440890811
37.950949381146074
37.76920962369377
36.74658129462796
37.17532673746837
37.98389038933351
38.37732841062825
37.584169429335816
37.186202733611935
37.32978995200665
36.74749274112537
35.6979922614114
35.88781232725296
37.17936945853603
38.16793538499496
37.92386560945761
37.77927687216925
38.340666381621986
40.10861923686252
41.591816644763185
43.33198091727422
45.16659407411407
47.640096845933385
49.860053282350236
51.42741390728315
51.942038751627706
55.79677508215809
58.24851444382375
58.37665779570352
59.98460096249801
62.53167297118125
63.920174144086104
63.55482665863019
64.54691044779929
65.80806421378202
65.1407567241713
64.65794865749558
64.26223934269615
65.93196425266251
66.77924672965855
68.33102812244442
67.86461886316874
66.70081370937442
64.89033050330863
65.39621678921867
67.34156409723937
68.74616927737543
65.5924268494864
64.90732068532361
64.59279794737449
66.16405610200263
65.41100632039524
66.58768111487416
66.10883895580741
65.76454558001615
65.2755850681906
64.59251756984304
64.15559520411989
64.46974509379652
63.87867355101275
63.39657601515796
63.84329141552962
63.6981033646457
62.326074811125636
60.235979478984746
56.49932480535335
60.20820250143743
59.00061844220045
55.36284074279047
57.16732042529634
58.14730718520991
58.71624652509763
58.32260968883793
57.86245116863074
56.910655228645965
57.24623036684147
57.12337989558978
59.121001834188974
57.804886026333406
55.583462202415376
52.34068101495404
52.0186551186157
52.83994856720801
52.495891562389716
50.34282037637968
50.86393141323629
51.92447253164437
50.470368536894966
49.125004466673545
47.361135980891504
48.52170115284389
47.60333234892005
47.219457772753
47.70506203485775
47.25502224246475
44.48261263469635
44.33425699310578
43.35829215249123
43.79923098141899
42.37829023879431
44.748461950064666
42.29295177778977
41.904844279992176
41.269428782464274
41.15673048139138
42.20748610192004
41.278541940351715
41.221116396751995
39.224819685993225
40.62591079738968
40.44758618233823
40.76527725886649
41.845733582253615
42.744291081341544
44.7581957856878
44.38386297436341
46.0736805067088
46.93640638001352
49.88457056807647
50.71624095839684
52.442540089101385
54.09371032063132
56.642456171656704
58.358276011640555
53.24587810797311
59.4311988178647
62.94875085357853
64.14261268251812
66.58905141651667
68.08022542510298
66.66609151989587
65.89996801153757
64.43576685004655
64.75881247275493
64.93762581686133
67.76950231238152
65.09578908597587
65.882601607178
68.11556250225749
68.01292597404472
67.91853074750452
67.45284577930943
72.13289546648548
72.48404866155943
72.06639757212702
72.60244456337432
74.37553450790256
73.18363984818734
71.28198147056742
67.94923660323684
68.81822936612753
9.254056587451032
41.78784693406078
27.79623107980524
85.98176272982755
65.78186464463033
8.242342992050226
95.80943945366676
63.888549132929256
31.23271993958724
83.1565133977656
61.21780269737201
57.50717066068546
86.17524733728942
55.83406930613455
55.02725770918869
54.76405860532168
54.81692310605558
52.947843554671636
53.96722241211182
53.93677940907037
54.60030245587268
53.05276709429518
53.141432650442084
52.35355963099846
52.91519203010148
54.23624678688361
51.897398309533855
52.64881061936421
53.11615350765965
52.43337281055028
51.46709633320643
49.861816701263706
50.777430545546395
49.021602849301644
49.68192328008854
48.41553028243652
48.55725061604926
47.23791357917389
46.90935311876274
45.6043134544409
44.93142610074392
45.13928647924831
46.15016024807892
43.61756502077765
44.62204826431753
44.19113201516643
43.37653819759544
44.41200399018339
44.22614945289001
42.71417441317817
42.994760463254806
43.70198299604681
43.32416312689611
43.45779126695379
41.50855109715735
44.153556315691276
46.08839021297263
46.78048395817268
47.4502576232087
48.272159136069604
50.24683129469213
51.75681973973178
52.42029711067835
55.7759623171296
59.24094985583224
59.85235634019682
60.945597981481114
63.468006663087635
65.80498296781525
66.33140695882321
67.469557869435
67.40693746922898
67.60856018087725
67.59177116574756
70.16402901910988
62.75928625332881
68.09824710855673
63.01233286079241
63.12516931388268
67.20057582292566
69.38408280719887
67.97533165278764
67.85065264750642
67.21777736508648
66.5955016471139
66.62606633262658
67.19116370800612
68.49536298627822
66.87243590178332
65.81876805017214
63.949201832518156
66.5736605942875
66.6269498742954
64.6812070409942
65.5121010755197
65.33018897460033
64.77351449050866
64.43017757829466
64.11538373810254
61.95668595765733
62.54543541440762
61.15815512811196
59.93068634497354
59.358463856885464
59.08135182330716
57.68893435414384
57.520598292086106
55.80645653405509
56.45590614738785
56.28766270756614
55.96768124675623
54.15680077693287
56.58598905356848
53.5811640348461
54.18452388386686
54.36636455597045
54.864160092208294
53.68852760108575
55.0887179830263
53.33571280580168
51.75319279622386
53.54270578215164
51.52560068704679
51.19295963983336
51.891882923389176
49.090126559358396
49.51807371629798
49.73129625124648
49.11027751673987
47.83654801389912
46.59138712465801
45.92791335832135
45.98471650020565
45.02548070635157
45.10846161873678
44.20710702678252
44.60408662184864
44.017292559656426
43.416441317825274
41.993999961114014
42.0856267801596
42.01234938671314
41.93887773817801
40.41392817193332
41.52338437166145
41.14958997978238
41.30219978660443
40.791508875732916
41.50292041731973
40.687376588426105
41.599871450217734
42.741038708918495
44.354735615957225
45.53474498735636
46.373416595034996
49.564847179800154
53.05266942035587
51.76989589359982
54.18063383509934
54.823981491906125
58.083597057224324
60.1519527378623
58.81526808180297
60.73473966070924
64.04986734946806
62.03021061210893
62.713263197869765
64.03813562039
64.74581717819387
64.6294264761475
65.06507738065648
64.9970132573635
65.3400314787923
63.85565853380922
63.54100050658235
62.95975891978969
64.83817572640851
64.19705513593362
65.92195917735307
63.83827395363551
65.35184137745318
65.94049461418331
67.3528138415088
68.94460922272447
68.06345696610333
67.96851225397086
68.2898602007815
67.87891250741723
69.6398246098056
69.04838648788905
67.24090029398485
69.35015204726437
67.51948011712238
65.37107077198857
63.14535423448001
61.57418670199672
62.226618783106005
60.242205105843595
60.12023574528894
61.12454235442965
61.38781110205082
61.44080336601996
60.995132329558146
59.26105291222029
58.3097802465079
56.81709373152103
57.065480420601034
55.38387434822425
56.64980743985802
56.724505862938486
56.69462437488528
57.09326282433017
55.72707056089598
52.81631238394766
52.3213928945047
52.922550222680684
52.510766194461894
54.18936641557366
51.843214171937916
51.41414997718607
50.42774589358578
49.98489121435591
48.974257516932994
47.32226080083183
48.561715808042436
47.92272625340479
47.02749481878482
47.69497600348973
47.37404515461799
46.72328180291606
45.175022897275994
46.08919944367449
46.95341408787931
45.61852105243884
45.01400555961277
44.00083665668194
44.10914267453336
43.33446829392324
42.5460744384111
42.69050223998465
43.95229708207353
44.349981359336425
43.38114662946623
43.544141334991764
43.28294448619249
42.76596019588487
44.08496765570635
45.5730151224152
47.40069485999129
46.22135166179123
48.04110699648459
49.56309648346337
54.10719556668164
53.58535111214178
56.57052954727487
58.686269917991694
61.71992868799862
62.908586317318395
62.6813319252833
62.6733003375557
64.79159195198463
65.80287098487088
64.7852530794155
65.43065860297907
66.88992203864655
67.50012319497387
66.57184803023847
67.98010579055335
67.20124944398162
66.67567037558501
65.77209365829822
67.62536721864853
68.88660690360211
70.51899110743375
68.8241352697537
67.47322737460127
66.48216728921625
65.47188318130907
65.9474752076867
64.73423729024944
66.53571626913799
66.55242506710897
65.12077636930621
66.50111106872464
64.37513020741244
63.36669093423575
63.56828700758206
63.17264522452251
61.66498826934412
62.1425893167052
61.16514711417767
59.89690635213174
58.49716590201797
58.8019326818212
58.2988299382273
57.09946432727793
56.653914727376105
54.549587504990996
53.74826193211902
54.36423217294009
53.53818554222653
53.70435400378756
52.96757281496457
53.576636353893264
53.390958747171226
52.43133426325858
52.44351009695879
53.020977508257374
53.609477528567595
53.28604752819501
50.68314620622186
51.36597786222819
51.65737706769073
50.74670672274647
50.47407787359111
50.27948770103558
50.59068535982806
48.76187962809149
48.657597946351416
48.976682401474136
50.35117960865614
49.38445344931506
48.80060422718816
49.04920069251921
47.93330014115736
46.0537589616265
43.66039909357346
43.46991504833932
43.06704417417177
42.862969390883336
42.96311123965438
42.72486099083858
42.670271666520875
41.4930460470614
40.225888787651684
39.331212480607064
41.46498120586966
39.64148944349199
39.164183924486224
39.741257055484084
39.134937278161715
38.87341859166395
38.7902926330853
39.3089504597956
41.26565654554702
40.27860576866533
41.546872771592916
41.51912344909783
42.11079022959893
41.647852319186086
41.263846973087084
41.12306921255549
42.53007726344936
41.94679329324822
42.72685629076091
43.88050602815747
45.78530216730542
45.37817790871031
44.82090280862349
43.82031254200547
44.60098762286498
48.883691647840806
46.81533437596727
47.534595075725065
48.360965545185536
47.61642684073331
48.55575799490521
48.31307321930058
48.91063235792171
49.05076476683553
48.10924348063736
47.6978407603724
49.58961715989517
50.28949955930716
49.33452858671126
48.26740345347753
46.678211708399886
48.57091060614994
49.2484766472287
48.19827998914843
52.512496555506004
49.916906136622856
48.050721365258596
47.977800240508486
48.86402072767078
48.331770688976576
49.19248299638093
49.5560785407863
48.8683430548333
48.240341572265606
49.263878477597245
49.97219346480142
49.69301541181471
49.394547237897996
49.544272588519334
49.59701654804735
52.51139709441554
51.371256686991956
49.430068500961625
48.95328158550274
50.252050147237924
48.51219724381281
49.62005939539699
48.447466351990215
49.9515842511089
49.304139627758786
48.24070633193651
45.86595730070576
46.264539293802954
46.370813377198374
46.69158662426389
46.50030710242345
46.01188092294342
44.67037895615704
44.846467760291034
43.932422560676514
43.726646417303755
42.94501716758441
42.27429352553736
42.92122805315557
44.30285642595322
42.59363043848521
42.44074479931078
41.37071499790909
40.59505678241021
40.63258178866408
40.448752258096874
41.39870490413432
40.316131218025475
38.594411137615225
37.628991361886165
37.313012435459996
38.434746209171635
37.360273816196695
37.70344944990734
37.52940707697917
37.055763717975424
36.65253363431361
36.00886117409641
35.82719492745173
40.700702234652226
37.76994033863775
37.420889575816545
36.75610649764985
37.41001856399339
38.89430655495585
38.00738130321929
39.66993424285806
40.329759199111095
41.461738176604285
41.118082117513495
41.950173977111035
43.64110324593503
46.85846776836115
45.103827231281684
44.157116002517796
44.65135185040549
44.26561544014044
43.38867781363638
44.17746245271542
44.81685596909301
45.24504725033853
43.7738736921367
44.80008608538219
45.74283862264042
46.96909219877739
46.27125309905705
45.21146402818249
49.79004138922028
49.66901331088616
47.63746867951704
49.577594954374035
48.367789933190124
47.64181120556054
48.124832687119806
48.14987657122197
49.83016060435466
49.89253452545836
48.04901267872788
47.189758895194245
48.0097452856312
47.64860546803766
49.258803754429664
49.328198564606964
48.99939317553958
46.48904661527331
46.20078328367845
46.896958638611295
48.056904348860826
47.91697016838316
48.443268531557806
48.63110968161527
47.961175875526806
49.316822303618665
47.974955640036114
47.4095369843526
49.881120346232365
49.712859149031374
48.14488353471279
48.29295457498438
49.498325884967244
48.2522437405928
47.214115619956374
45.97318628160224
46.460549731578794
45.958542225922656
46.21693257067045
45.53786701361196
46.737136809765616
47.78793852384183
47.25878645762646
47.501281154777644
47.0160406251689
44.82149332987251
44.664982152617995
44.84102886326332
45.428270900367124
44.23846864694519
44.5769996546876
43.17506962356879
44.068387614673156
43.00660107452018
44.130823197832115
44.00804247500082
45.23169016055931
42.62866143154679
41.60692853735782
41.77283176373339
42.45656364383217
41.33913209229718
42.21669145147462
42.73368891111522
43.49180021391771
44.10451537644485
43.864890761410834
45.76834074477688
46.85413866164504
47.455677317005666
49.186919429589125
48.94282354233246
52.170646877269746
51.17022631946793
52.80044197324787
58.52899489865331
64.55616825981338
61.84518954020223
62.607849514293775
63.375482051668314
62.60728381145782
64.03579308289727
65.56483752564645
66.407917103616
68.49701833715835
69.09096692865364
69.44155247283288
68.25605696261891
70.80572332379006
70.2689269194284
72.00324383073007
69.53209490626546
70.60487593282687
70.88770877081652
72.12733306584414
75.41860632687212
73.6983911547477
73.09582564936409
73.15225079887114
71.7456082777162
74.69630128134031
73.43915832633593
74.58946385879676
75.61736810211733
72.32609232360937
74.16229403686702
72.55868389658463
72.41511568208603
73.01483317300472
73.86475076027
72.50732273952553
70.38085058080105
68.4898861933857
66.39275148843763
65.80298267849503
63.44051726559883
63.26044802042907
62.508847737486576
60.92274131077579
60.94585423890476
59.799061181226534
62.76047072548863
59.498254297941
58.75688010320778
58.179876087817775
57.041827271068996
55.94717095364513
56.37409445109142
56.63303656521157
55.8675577591257
54.98482832220566
54.1193509608097
54.48644432996343
54.41863289472349
54.40214730507455
55.05223283093483
55.71116497298817
53.52012444205957
52.59865259789808
52.66416826860268
51.76564960510359
51.23168073755323
50.64023720361479
49.917841844154054
49.351396910517906
48.65828450914114
47.02994601110322
46.37804342023833
46.597847786018065
46.237005614103964
46.18174928355097
45.61666256591366
45.63880648718214
44.432021224692335
44.386734329450064
43.003883609133936
44.65623818222548
44.596688235158354
43.28686664598263
43.37013099308365
43.60145346298805
42.99149746493413
45.16125993963101
47.090825141113555
48.15043613289504
48.61525882255455
50.056410926647004
52.01668741533922
53.57537375483025
56.308475178797835
59.620085193878595
61.791991353813955
66.36264788252993
67.44631877211259
66.26680754398785
68.54941354551283
70.10515605723731
70.91005687001916
71.45461578869663
73.61525830879964
74.48000260222057
76.58547757639826
74.17279082303867
75.19430314420993
76.68226338578097
75.9592810103104
74.8528627064652
75.60583232636418
78.5628923944696
76.18166245822613
76.05074170957414
76.31201085270732
79.09654981766062
78.87545936493598
77.45274113237247
76.63100243549434
73.24003388731671
75.52663997878562
75.52316195802814
75.57155817015223
75.49857381573747
74.18794478976952
72.22353259805072
75.60344654436449
74.40247364367451
72.12621747655794
72.7259341270792
69.34526945697257
68.67621678052365
68.94049063302327
67.98755878203679
64.32961571225223
65.04088510667543
64.3112533512126
67.05198535138334
63.616873405931074
63.70688178498858
64.754584004967
63.320607108318654
63.774578410283766
65.28846203474063
62.3725368310852
60.91285076676809
59.580472003835894
60.720204103024116
57.75295568077763
58.10122399046736
58.023456686744794
55.987614893622776
55.90685925635216
55.34210644645486
54.92562465818355
54.87046485818996
55.46416882394033
53.8059228151169
51.96289519286029
53.78311258215081
51.26291980977794
50.81215907678097
50.702692831937384
49.85775696698329
48.45157620272471
48.819475077677225
48.17357418758752
47.050654791483794
47.41376348983317
48.95446264547945
45.770693012358606
45.58606282740857
45.132799104050264
44.47048597046273
42.92345323801669
44.16739857082257
45.08096077548589
44.203631159499764
43.81318934137698
44.83659132096295
43.478637453735246
44.48560767874574
47.05653211244089
48.10618496860161
48.815363611091016
50.54651134435676
54.566438172753806
52.71453228988071
55.40877499468661
58.65439337509906
58.906533307854716
62.201314403707784
65.25877434590689
66.53903043537503
68.39178945724757
68.18119201524814
71.81075094267908
72.38177508767421
74.11690535843991
73.9992523256401
75.9296826886366
75.64794663197154
74.66686141985383
75.20334328365925
75.08954318689757
75.6287988456213
75.56062192130457
76.26877428376702
77.59183980739044
75.02485960824106
73.30082597995215
75.75617284271948
73.70239699268086
72.73125297631759
73.63437168947985
74.77708295331377
74.11967314727463
74.80117769112394
78.12341608811084
79.04828238682057
80.36117558650449
79.92333107816285
82.98025944123037
71.46537215162789
41.08020839353185
118.72817083244081
57.465062684385884
81.8995982159754
61.89903311305193
70.94407932284662
65.49145080312769
61.47565711915058
61.01100945852659
62.088625156437956
63.71523737865982
62.9326909808824
62.38374689199463
61.16214839366444
60.78668997934551
60.304833915903146
60.032243276921236
57.98258551285198
57.958823167360606
59.84083890595389
58.27745395287093
55.97812680165043
57.5054396963219
59.80933183682464
57.4647293198102
56.68314842514815
54.71087505279047
56.35934158905525
55.80813432407399
53.97459125004116
53.48683947868585
50.851279904124794
50.14695853697776
50.08026460679548
49.698063127820205
50.38578608871808
46.43647043472424
46.94450715300832
46.94318408269305
45.78949817486091
45.11436841880095
46.04633562575964
45.46057798555307
45.57488996542156
44.13157572904811
44.28611743064266
43.461813390986435
44.40076239218001
43.79403632429285
43.40490360339504
42.608505775843696
43.34773846322787
44.47535026534206
43.80387387346218
44.547633503025736
47.99732232294309
50.58964746617289
49.992361872097945
51.53072755698531
55.53010219678913
56.51168591940814
58.385117467803184
59.63053957679904
62.79598883672952
63.620998279504875
66.60631407612459
68.96356373751178
69.71995831229015
70.57699767206623
70.3462631555467
73.08528876597802
71.65708769408548
70.85547319552825
69.70512463022897
69.09341644674805
71.04755008729899
67.2033775450318
67.80691951761946
67.50452309640582
66.17432881796367
67.30521221681965
70.41015264393809
68.63361593351283
67.59215372920494
67.98248358947012
68.35291074701354
68.21836065854154
67.27659711970773
71.71650254728752
68.76811863223111
68.4402555021079
71.02530833848868
70.70716217610425
70.45197308026718
69.39470701289065
66.23367786316521
64.93431862405623
63.71313670695395
62.22944484915547
62.43326924284156
64.32033268535201
61.3503157157179
61.3715565720413
60.47754125925485
58.36386475765403
55.266698412051255
56.591856283834204
56.731455687336165
56.37238280660017
55.60242362863073
55.09535342593472
53.63211076993889
53.603811999313166
53.80762848133554
52.66321002269092
53.50149391620107
52.29422168336987
52.91236562872518
52.76169491799919
52.71603747668519
52.5512200634214
52.342554120815294
50.838857160139014
50.49793536261063
49.83604968489567
49.69084163805246
48.59502365218077
47.00873654877046
47.05959812213223
46.76934877747999
46.39369192248773
46.9669525960021
45.84703091368874
47.04481348395257
44.92300882999848
45.05502660571756
45.10019140586701
45.520257263605345
46.94046367267538
45.18234610656259
44.02644869865185
42.21772112777512
41.48463815970126
41.71037317826972
41.585889549087824
41.56976225255039
41.65440845775447
41.61465896173058
41.95434354930103
42.40086575352393
43.86014902094689
45.88450833660886
47.02280185790437
48.513363160724566
48.018514809662975
51.21639794685689
53.5137426942556
54.80242587933003
55.384388543599925
56.79752897718663
57.81628107147594
59.972664162397905
62.421319679359385
62.84584298583195
64.61085458835441
63.79692953115864
64.03488244213395
66.95891285059247
66.94425231887226
68.22202999350338
66.98315851363304
67.27576276516129
66.47720108292788
63.908288031254415
67.52029158842106
63.80351269902735
65.14150696839397
64.91771121144438
64.68039393223717
66.11929111512109
65.9360993766768
66.89333005033404
65.95780891705135
65.56124639041445
65.18155991979347
64.20110608595951
63.47903848578699
63.91271004657551
63.98923372268632
62.951904582071165
59.84058392281281
60.13814323263
60.79500153425033
60.100551547096984
59.58659191810648
57.28156053457951
56.17887751547755
56.08312451251231
55.45204584872636
59.322846006036116
57.03573084070376
57.08897559150864
54.09707914081082
53.67225866489571
52.67796519630815
52.752549655489474
52.656816732275274
52.991315506896626
52.995735443486865
51.38201168846922
51.2814246090893
51.1260444392442
49.95656880177785
49.5477038225531
49.67126404025976
49.696430768390655
49.0837228866269
50.30413800483325
48.65330404378301
48.925267317907355
47.289901128369365
46.07376297698261
47.09741723807201
45.35171061476922
44.36727806005911
45.39534097034334
44.76775409615516
44.05111910670075
43.9262722649903
44.68247859127473
42.8307896158758
42.62423582350311
44.45008707940792
41.64895110702582
40.62203978379989
42.73659547256466
38.79820813523588
39.33858470590394
39.359988122794675
40.883385006192384
37.87485284295599
38.82254495975394
40.39025093299915
39.714893439621164
37.67826215210289
38.529088477659116
38.20282284111045
38.631234931930294
38.55651550144307
39.54008585807878
38.77470513976664
39.89679710210112
42.51052393608643
42.34084168901427
41.523398927509334
43.444547486034025
43.87239679753475
44.04053852171364
45.02095687900237
46.06303428754768
46.271259384117
46.32934269784005
47.103474218010206
47.2963009813443
49.51195479574494
49.05730042464734
46.66515616229253
45.23330221638662
46.247405802414505
46.34936701748234
46.24877009358261
46.4074490339533
50.27371101047629
49.2529318919087
48.17478829737843
49.08352993818335
47.93905599308687
49.94670302972577
48.08390622706975
47.91660614366924
47.090259355154785
46.9896345503862
47.36405876021172
48.6195442087444
50.66957116698882
49.12845675958124
46.62423423714131
48.66553385641191
47.88656935311792
48.41801558351085
48.018657239896356
48.71166590192479
49.87792499800071
49.275353555186484
50.28855969860183
50.4642327480899
48.40717092342038
47.71636401942692
47.399942736433786
47.410294534094646
48.091829807714475
49.20937601017431
49.45069703100489
47.84842810205464
47.61433731950319
47.53889976196069
47.47868224307899
46.83629297625885
48.62418639509724
48.28640559759083
48.97345549674719
49.38480948710617
46.98091350922664
50.79048032420906
55.73914473961872
55.47206987783056
55.40668829708693
45.90139718173032
48.013477908884624
48.67616486361294
46.69346953443983
44.54489834511014
43.83222161324102
43.56218438319479
41.78150799346122
41.64018564197636
40.1377038041835
39.96551278634911
40.13611827248633
39.66083841700515
39.244036964344104
39.87695481850233
38.863527088316914
39.94908048152956
38.20103503167388
38.13232581467423
37.219534481746905
37.25561079573504
37.62768071822961
36.24654657329984
36.427768456053855
37.25831194446505
36.59736945483405
37.537411270480106
37.37107643103809
36.697836237774254
36.328131004069064
37.84798564586208
38.09830266388917
37.98919267404426
38.575052910794966
39.38810972924148
39.63771843581685
39.367917393223024
41.17325018043584
42.480548105555954
43.078977449284366
43.10791040986646
42.321680560731465
43.90319573209922
43.8631225352558
44.13815662916272
45.51950124777022
46.08375231422224
44.15729518255034
43.05124753914447
43.62760008246437
44.62232082414948
44.23795818976646
44.55237561494346
45.52059454995174
44.540081842269956
42.598404794447106
42.98737988618018
43.43222009976034
44.16295409255008
43.94115936394087
45.672788392900884
43.89954212812495
45.448085930033585
46.63045184452176
43.791542332779045
45.40573578275689
46.14086184703797
43.63964339481845
44.77468662141314
47.41312905397763
47.83123137474149
47.4957356610571
45.00911711899107
45.19846188128713
45.966917542509236
45.663780024995276
45.350975637797546
45.56001238905469
45.56262477772975
45.80206828989162
44.024586977486024
44.680882979215085
44.94202376525209
44.95588133677302
44.081591214099944
45.01695839054764
45.27668169085018
44.79084253839528
44.18452308453584
44.3096445798094
44.8588976328615
44.300736877997224
44.47206730930179
43.73387783594467
44.13343134761044
43.61917371236609
41.90151201641061
41.78628136514271
40.53239485811605
40.12957685081119
40.10425712239794
39.51294446869838
40.18720758204063
38.76424106401464
38.10860320496613
37.66433967220519
38.57842882342925
37.074673845815596
37.90971444141633
37.17184343478425
36.476086122036804
35.9459994533463
36.20651533139085
35.96380771399913
36.22825462017431
34.74070256702862
35.487873059740195
36.068746714458484
36.214621252387815
35.212012191907434
36.89928456028565
38.675548546204936
40.94813001892817
41.49706621859468
42.30702496689241
43.71837666292913
45.4930906704044
48.34808084401425
48.01514800387986
51.369472071512746
54.418075542874476
54.77245452410739
56.486136160115166
59.022356737558084
60.24925258209987
61.191866680139356
60.039992524413265
61.556339140815
63.93025786662315
65.50174646520463
63.778206232332195
64.97110326681286
74.35336920857799
73.85901781845314
73.81306183252036
72.4603541181159
73.00456473983604
72.24734538478833
71.24786784502999
63.807382116279086
64.96016814008499
66.54101842128898
63.336388984556834
61.72169195944207
63.32805601347991
62.963502228060406
61.53554897488971
64.3086032401643
68.09286755019275
66.41183865394078
62.94289431379639
63.58019901797343
64.90494163226504
64.74229380032466
65.42408858407816
69.3018475704057
69.86535267605677
67.7416814944877
65.82873296561093
70.141186554672
68.6629321060982
65.0080244570463
66.30087634964752
57.59323175663576
58.87719036537101
57.85776244808517
56.01722600390167
55.03489932046796
54.14965121158207
54.478539751655944
52.961846222997565
53.22402736475988
51.92209943211742
51.260175474431435
49.802166771213024
49.81250125963743
50.39164496304329
51.00479677720091
50.15781041447326
51.09281239072038
49.43576292677267
48.91594747268482
48.952539961488355
48.97418903238031
46.192511909435325
45.25519029832026
45.9666314187898
44.700012266597696
46.54254363166274
44.9127614226029
43.95438535638323
45.15621543782686
44.69941192057058
43.30580864047192
42.84238761886604
42.21914541110209
41.81596615287913
41.302191810792465
40.179234959499354
41.03976438374775
41.09723730627229
39.45366580411974
40.2062881057841
41.324747757307705
41.25048623020348
41.870163961066055
42.530688825674815
43.39528049701107
43.98307752992196
45.00135729425256
46.632359725759216
48.45101248373885
47.90283901612156
49.63155520634518
51.09963943233015
53.754613615178414
53.9423914330896
54.2644939845045
60.66811198009009
58.11616522649638
60.487598659103696
58.239075862474465
63.884510868806956
70.69067710436843
73.56739153854778
74.02717417402982
72.0524856976026
75.54847219909084
77.4400645839687
75.41111943343117
74.68514351257909
72.78397678973306
76.90123970973491
78.19369193917237
71.12278285235561
73.5705166743519
75.90846681377934
80.26617469144276
79.94512265318326
81.57558630836047
79.2719787359215
75.53213702678295
74.32869635002316
75.01408160538995
76.60324968071382
75.88725203247759
74.24118850556351
75.62582603618284
72.42083145947981
64.62946265285291
62.675694959534894
59.50228603069809
60.72689564031339
58.1521179295969
57.741446488330894
57.91309264029405
56.681324499271796
57.038541951168554
56.629475443523006
56.130925901963565
55.0718197324245
53.84051324506254
52.77258243051028
51.10866393510105
54.07549736787087
51.54276063831844
51.93237183084443
53.6666773113584
53.52611081880514
51.73202885839419
50.8813895087153
51.16884322730016
51.35251521063083
52.075004554054885
50.93454907382056
52.12996301590897
52.73183541453045
52.374168550344166
52.841969225326466
52.14149719501279
52.83272785666054
50.909574434201204
49.48164207515765
49.70106819798821
48.748930173852386
46.65444505211099
45.59565940016569
46.376231335835655
45.50211937243171
44.312770409382665
43.5340197054486
43.286342841484384
43.91894328997773
42.3321953124464
42.258118708230086
40.21192906060082
41.90296308231245
40.75269984344391
39.73458769269723
41.0616176290207
41.02432870089501
42.390538902594244
41.553627991684834
44.06498381678625
45.2609950977253
44.880940490430476
45.56442766514829
46.47213700217662
48.31553741046946
49.74343718594946
54.22479861843385
61.27238419784385
63.334273475174996
67.9127660846716
66.46580804306359
69.39039035113683
66.65481721460901
65.30751776981924
60.992932454233596
61.565792835818684
62.06116220274407
66.12224988482285
64.91056409350858
67.42454056959195
68.27399086509763
67.2791543074004
67.12066456601724
66.06630452031322
68.24189733233652
66.58504124738647
64.97605406563889
63.65832559668934
65.16443526190392
66.93895650751438
63.13381153951468
64.84744495549126
65.54293673302345
64.67375881989028
64.13625673470233
62.26625310989925
64.0682725613151
52.28630371580948
69.54351602196016
62.10279204488643
60.945400847134806
60.039520566672536
60.345217912241424
58.29232546485764
59.20135930029892
57.72795935488807
58.223348066496555
57.422160969499146
56.32489438485641
56.78720231720354
52.755129557360306
54.05007047776371
53.3594718110985
51.38255863609788
51.64796538401856
49.48239447622427
49.41461101042114
47.68274470099368
48.30893595487214
46.42710755811049
48.806311884319484
47.28851387136433
48.430121242455016
47.603475764065024
48.81923696652075
47.58644439851537
46.71908741796642
47.383182916972146
47.12173771298649
46.37787384885678
47.136704877388865
47.41630841474671
45.90399017199752
45.3313703307806
45.148529115256
43.98319384794331
42.946369501297795
42.04696460465061
41.93947940124667
42.33974267407416
40.988628113776485
40.413475163996054
40.683326920122
40.562164205786985
39.80274169246195
37.86329764877951
38.233606300605516
38.19309131800969
38.293527025303774
38.345774784185096
38.98675535402754
38.76118654225729
39.229979686521574
40.455056165794986
39.95924352301245
39.72502497449182
41.87655569383105
41.260504548342396
42.00190776708246
43.59239471991032
46.39377318830998
47.542212664665385
48.70153263068141
50.12232727172545
51.061656444294385
52.677004887442536
54.50120224110924
57.2027076760246
60.17801522693662
60.307958607377486
59.4284057264299
59.98669619446082
63.49973849920116
62.0338524253807
61.51945756659825
64.1486410283178
63.077467993923165
6.1704071738402035
60.50266816735575
61.11382995909116
64.37991870352835
64.19545463180475
62.37941858290378
63.660424306781806
62.86814357885078
63.571531758798756
61.083017426716424
63.00638045903179
62.4274033408019
61.16209118853544
61.2749294910484
61.306616362418936
62.708945458976814
62.36776632040528
60.020988110572034
59.113888213235896
58.08213957492876
57.66829209500929
57.42689164356466
56.58559273319588
55.102820580740854
54.87583309242723
53.91384855158822
53.430538494445955
54.386201336718386
52.7971030426786
51.96064145607943
52.002787416254705
51.418005934854364
50.76666460041497
48.43913925173365
48.38561955843238
49.80402398308706
49.228876609135796
49.07594990198436
49.39238735585059
47.86300217374196
48.643535434025125
48.227931767724385
46.5163559600212
46.8694475647726
46.48852802360375
45.884284902659374
45.95686011509042
45.83083399835641
46.833988675382216
45.24394076185399
44.2584559679085
43.04412626849398
43.17458619232775
42.942479659743185
42.62552828148455
42.59550074589515
42.95437848597521
41.369565273186026
41.52221079678725
41.755724558335714
40.317124948111086
39.755534094402265
38.266821893333145
39.16454059861826
38.84376534663511
37.115866323243154
36.956102226321946
37.31959453052673
37.0777472626969
37.02938943450681
38.55635373569635
38.6730224940452
37.69607802428368
39.00099336510425
39.06467869715698
40.833727418647186
41.36852850936066
41.41771752888894
42.927846270940336
44.522903960405074
46.507422825485264
46.96573536277583
48.60067410337297
50.38606643851472
50.42677618304879
49.23537509623475
51.946515533468755
56.11953842587923
57.61373816021887
57.82589731112921
60.91554647320686
61.61335343966084
62.361400067553404
59.99480992871963
59.96467928621496
60.85758782841458
60.30829816071423
59.718079399113776
58.94657030790677
61.13090540357689
56.02033454288289
55.08354503151759
56.073584574441384
56.29612003326474
57.365902044090035
53.95855944830191
55.137633746487154
56.8677431524809
58.113304891989856
57.627055714246126
57.15518015037105
60.79829896331967
61.50772882473939
58.96080907077453
59.52328049066364
59.62077169105851
54.79542678799726
54.32313576820343
55.6313006103162
55.39206636085214
54.24445762999858
52.34307806075367
51.96348120337393
52.019901643657704
50.506658616967115
47.934119497497704
48.51462054983949
47.86949308794192
47.360565903837596
47.48447098365227
47.217596151124326
46.734028180368114
47.52455372613076
46.81200870040425
46.512295993956286
45.73341818632912
44.62519462883074
44.4789614415663
43.91239983502237
44.45804743018607
43.285519663739706
43.09130790431186
43.54311072982068
42.97066975335724
41.562093641631236
41.38864801226828
40.91529874953994
41.07951923917858
39.98658762648188
41.08672013792898
39.33307488694663
39.6643206778067
39.01224896384656
40.37586636441665
39.258805190455405
41.39085406313279
39.515506170795334
39.15805573384205
38.401304692363055
37.89794066394143
37.8949542626965
36.814080288664854
37.14612046298407
36.50727533825648
36.6476630447105
36.797786766783474
36.685229158535094
36.41226305776695
36.63295678315308
36.319383334168606
36.23623894670209
38.203348748954795
37.5739027720133
37.983658953017084
36.86472486791354
37.86241515528809
38.41150784201568
37.2390198975786
39.065561289776724
40.08560482878897
39.4990774266214
40.1974550975151
39.5157674769157
40.613953014071285
41.77785194277203
41.714419046286594
43.52398673683706
42.856249531175536
42.716614851977056
43.769487435606834
43.65289855210085
45.13324714297278
44.87138815926869
44.034680322278064
43.34562426201137
43.19141067969076
43.98162931152183
43.22227343391569
41.913555548396744
42.0934460788294
41.656949502912084
43.30196613205976
44.46186350602488
43.3044962201343
44.64574542514242
44.214504564696654
44.35438230308728
44.323509833221806
43.947859265113266
44.754461231959795
44.4048772733488
44.69858832360478
44.938197539466955
43.981251686484484
44.447002132671514
45.51352761522958
44.74633835650775
43.789929405123985
42.903776326592606
43.21779221854831
44.20798232942002
44.818450262105216
44.96995966252598
44.06011898552924
44.30739389448263
43.6868342697378
44.0707333941275
45.09395008962383
44.84437658606248
44.94310860550104
42.97398758256941
43.22474465229743
42.00936733438971
41.99761870745806
43.99980868985267
43.22892342101886
43.07881232216687
43.479550674212305
42.618280176305234
42.65342889496128
43.14813402088657
43.36483276804097
44.447821107087066
44.63400222300288
43.0924116700221
41.55553212582436
39.41759603757896
39.979760853045946
39.02321966657655
38.721814802618155
38.69521215863551
38.65722417028019
37.38016113848221
37.08947508495794
39.507370801213256
36.80556996560654
36.13563333145203
36.859671394680845
35.18832203592751
34.860988746250314
34.962406449607215
35.69687087080774
34.69693683618061
34.250921912807826
34.301431539042596
35.44643113465531
34.895670299465564
35.11045379229495
34.81579149227605
35.55200772570606
35.116788337866865
34.59885493085244
35.58319552463763
36.274907188520956
37.322061935952206
38.30005111920377
39.07083656365671
38.01296832086837
37.77817779295424
37.6364858762804
38.652756512319456
38.671453508582545
38.18744661913934
38.78031616815838
39.24514469282212
40.57215666464822
40.81065868420433
40.85582352336269
41.81214879353024
42.04756649995102
41.69932257776327
41.80690775415496
42.329851720559645
42.365585943482756
42.62781928471077
42.38918364593269
41.851595114892234
42.127648935781735
42.20604629557238
41.962860994933635
42.27039991256015
42.05135881850856
43.40296114264561
43.35562694797363
44.118797095119135
44.053814742384475
44.286321478804666
43.75570823894577
44.47621690598089
44.30302278236718
43.6019462609579
43.95100595825602
42.9533165192704
43.122731314214434
42.66882894488913
43.44456693041002
43.10404540812965
42.87290271571965
42.397802544174965
43.230769099900954
42.33965881258473
42.23116497987371
42.07933021936037
42.92919247179543
42.50666034822166
42.07223863527133
43.01872530477749
42.47492755588701
42.254034980184315
41.914100752013155
42.11392068155874
41.70048396770585
41.91031333441265
41.7260264960737
41.39179633779122
41.42639926050424
40.97029474566034
41.1781494244417
40.764565883449905
39.68147558404803
38.76513674003877
38.89045547907244
38.5610392191536
37.00648740284578
36.423626628324655
36.3890574805846
35.88287022677332
35.41739961002395
35.44562897434116
35.91603334832757
35.507425632732065
34.638266406299635
34.716524437770204
34.907832117260114
34.23852211970575
34.01831930623507
33.49210153453578
33.57684009283366
33.06448706705123
33.299246600725155
33.27853663735141
34.815117337587026
35.93158233858344
36.335385348586215
36.31058896214222
39.20505270608555
40.30529062206415
41.21295832687247
44.076684809206654
45.33486236960812
47.30351134349303
47.82015006257325
48.640494708547976
50.055393078853285
51.70375995578547
53.05535982064339
53.510106254242146
54.603217931316294
55.172928940578004
56.02195578255487
57.59205570515451
57.50922054891589
56.41039794589733
56.83604836962468
55.2100178087876
56.94591411153033
55.61453193999682
54.35715284792013
53.149421831327345
55.191460296204696
55.02540416914917
56.076201412694445
55.43611452340383
57.481519655562806
56.80416296434578
55.01086509112474
54.593569119569565
57.97999885009631
58.99714740037507
57.108211875893176
57.42283700225107
57.62874909677066
58.221132990951446
56.91240028019274
55.37289098669726
54.231113112139155
54.45090246797554
54.39639598877761
52.56099268809385
50.68515177792983
49.32493616968304
50.96747768772207
51.01154298939991
51.553144931937595
50.34927108788679
48.71155765855474
49.96889351853724
49.79973358919369
48.83934127422435
47.39222738955573
48.885935390366285
49.04686856674425
48.80923124287574
47.60653389625031
47.20705152477194
46.75921485451249
44.29043556680085
44.86925012753886
44.47778528289359
45.300889970177195
43.8115756060422
44.16642525207112
43.76122239664551
44.50864051204121
43.01204223614377
45.34090009684064
44.26234601661281
44.91431026583632
43.73621679070834
42.17302196549372
41.36760056421099
42.60009174941524
40.708254532818955
41.97069849770696
41.3874491285992
42.25645655288531
40.69313110081521
40.27965085411279
38.65565008582257
38.691479434267876
37.61962316840891
37.37547944348148
37.50494433194331
37.79131373619657
37.63221107795198
37.52909093459198
37.98073632098021
39.11221878863694
39.81101226869123
40.44061393912398
41.26071542430577
44.136149978485946
44.39895534495531
46.74379174169144
47.76680042957082
47.66772058599872
47.12476480484429
52.027199721278976
53.97863601064091
54.35298770750296
55.501254130028656
55.83018588679943
56.669490986124856
57.598273799914296
58.14860679687945
57.87782957048876
40.13361655089648
82.66430837694634
62.15343517164865
60.45811036582927
61.049240180311244
60.38484816228356
57.717211845744714
58.65045549107981
60.069895831349186
60.547004269057425
61.455317785853595
61.39532279652576
63.10364012536229
64.24859528155184
65.16943961716879
62.42784973371727
62.403695218806206
61.644215409715116
62.27687412969044
61.655959476102
63.516247214648956
59.66418674839133
62.83578754339442
59.62975681858006
59.539963112075384
60.463180249925244
61.82421626878727
60.50910795283767
59.35020904230123
59.64686167908053
59.298806947701905
56.49051178188347
54.658295030902764
54.572321146868035
53.60362034074478
53.319027002185976
53.603513106091896
52.5911400201785
51.86788766681502
51.148876651014234
49.94804491081504
49.727117790525654
50.68928346455846
51.795552853002846
50.241960822661895
49.77944159658546
50.505422459949386
49.721433090140636
49.46149229950197
48.708747796203625
48.440280992422004
47.366439756989166
47.15781076125813
47.52086696353285
46.133558127045035
44.691410989847554
43.52110189939913
44.51998554931515
42.972262931297564
42.94829581063459
42.29175885218547
41.693159598051125
41.17423842882613
42.3140423937391
41.151876019675456
42.27926175377115
40.73943556640961
41.5577084596257
38.98267797693643
36.70450172573237
36.98190541777103
35.84436223792295
36.88489694419172
38.07942369901366
38.00375551513321
37.7568368402558
38.44735564408575
39.000508918837795
39.14832846178729
39.59185827876058
40.286558209536
41.70422956998323
42.58053303726297
44.771297727379306
44.02478455636037
46.87200094998957
47.1793215875723
48.95818346090118
52.187611325108264
53.33388638526776
55.80800322050254
60.19462572837983
61.16497207860357
60.875940517432355
60.427592591872326
63.100824251336235
60.75715428389617
62.84716733046662
66.12120802526124
66.74278817898562
65.3279712886092
66.5401391769833
66.50897093029016
63.9550534063751
64.96317406356411
64.33444935467924
65.35633898501055
67.65266587290853
69.5668169324399
70.42967321901051
70.95432729378581
66.84273329539565
65.216929215047
64.05681031530048
63.17528473842003
64.66567315905672
64.30514951181885
64.05846570198491
62.201857339874095
62.630056120787685
61.627345396110286
60.92927156443693
59.66984809237738
59.06211610361743
59.15141812691513
57.52081501058365
56.25590765997413
57.917268456820466
57.846245254748965
58.91094329740099
56.9879075083295
55.78709513418744
55.69074793688242
55.24328912138799
55.77092199513709
54.21539389695363
52.547923249414
53.15145160987868
53.38543052906607
54.54490494964966
53.217864464119884
54.55037101741618
51.33539546643988
53.04862019971665
52.28897262719829
51.4605352537269
49.92654025712227
48.024266075648484
46.96738871931825
47.656980073242266
48.18646937306039
46.885748376068705
46.76378775402077
47.65659834660892
46.6736188787886
44.9070356832035
45.753769179858864
45.34184677594658
43.71709240051155
43.10968982155782
42.83348754808412
43.72847229899776
44.565334472959876
43.1218472158248
43.20401748999279
42.9392867836234
43.791282448613856
43.330954313673146
42.2628390988034
41.94869785211199
44.089783254627264
42.73442043397381
42.902978931897906
42.959003821993974
44.217267179335295
44.52419527686379
44.43195307841165
47.05149401831136
46.682199897672945
48.91020652842417
51.22109019723348
50.094130811108016
53.762893321874344
53.18749318908044
55.369140971645265
57.87390738630347
59.51315147667083
60.222542193548634
62.111448404879866
63.459370366444546
64.58290234002243
66.51611670225407
65.50159900267909
69.79366597872968
71.4303616243642
69.73608333826883
70.68332002683564
67.10141462467618
66.7661054813575
66.62275279564483
64.64427865958305
60.97258850693106
65.01656964910921
68.20196803865406
70.88050878413037
68.77827091165727
64.97196743401128
65.31278303936892
60.701011899373725
13.061183957455114
97.08952683530083
64.55616355509119
64.73305859562947
61.6420616064961
60.16911151515433
59.68866375164612
62.26469064243793
60.69673747271486
60.94763229673595
59.31465966791711
56.053506307603584
56.12493528506093
55.1333250321386
54.306093837424214
53.515238269753354
52.766749569681224
51.94724335156502
50.86490705029519
51.38049928475448
50.859847412744784
50.63554873369708
49.264632160188285
49.71229586994832
48.68475703072659
49.13635084414955
52.03813739085126
49.519476902470615
51.133577356271644
49.02979660208439
47.72704356484405
48.543144788042355
48.38996579849527
47.724602510772
46.845449142986126
45.2699041316921
45.17238308032347
45.66804784315582
44.36967149524389
44.40130927427322
42.75359182233751
41.78048764435539
42.31511054697512
41.820312757812644
42.329972561663
44.157227547424554
41.602093291602614
40.46484077801233
40.427208470720416
39.479941378904186
38.45898093917958
37.59517614531319
38.9180076916507
38.10822272682071
37.51839613031325
37.50784485122085
37.84830768126835
38.31630144905853
37.91758271855815
39.01042732455835
39.38277226972741
38.670815462972314
39.269833010191405
38.00565316021539
40.855206595378604
39.91000855780885
40.13106095558578
41.38781245443829
42.859443720011086
43.95907336671826
46.02799389650772
45.875211520754874
46.60043906735268
48.85857181279903
50.42683722102265
51.56124248088304
54.182750170816234
56.5268118613576
57.67708786321009
58.582056298431326
57.881340299059275
58.777005626491245
59.50189702457783
58.10309474119185
58.81846869387482
57.8997150686796
58.345795906548574
56.45934122946346
55.92912667215023
54.81536292421174
53.87709987343624
54.278549588980695
54.91637348150334
55.53503027791248
55.96231511215228
54.4217512002906
55.612912272689755
54.27444275943981
55.287533512491336
55.05592585253862
54.672484646902376
53.48566307889905
53.88479022116462
54.63075779217297
53.66554087224176
54.65729666922425
52.61560602200916
53.061520546817974
53.09398017937633
12.236545872718352
68.46271130376795
71.66579538929182
54.62319410773989
52.46910564023142
53.62862513323512
51.66172194697947
50.618153760823134
48.88290550799843
48.15682502950176
47.681689330405106
47.50520294610487
47.587241236147065
48.63355039169028
46.91228736626044
41.45366892667016
45.714433149974866
47.22285223801009
47.2335740087874
47.242353581259295
45.810292823941836
45.253909081297934
45.22598805649227
44.94276547182608
44.08220719321412
43.99315933630396
44.20075409448236
43.8326047236842
43.01513748941534
42.42705248260154
41.44989682288974
41.36019831958265
40.49317943459323
39.26130993149104
39.68284410791739
40.9448215198704
38.87923842025248
38.74236971864548
38.86004081648002
38.29041481118384
37.704925549283416
37.624054430157
36.47185731435593
36.408801931580456
36.791736329198784
36.329086262566534
35.841809530350474
36.402542973508844
36.16520234196969
37.25653003688785
36.33330024089537
36.03533239726721
36.781170041110045
36.59317766136087
37.67909252838672
38.36506026813481
37.56764389287582
37.93484297748728
38.712284274371314
38.515547217761195
40.13138176925372
41.057572066894636
41.56694506240319
42.76784135029857
43.113932453221196
44.36582459951319
45.47088721342743
46.873579016043095
46.07899254552103
45.32676762074834
45.37302913548319
45.57521118515683
46.33768545063185
45.47974466828214
46.41556047335348
46.64327222597103
46.30874110898458
45.70847989772983
46.28918813055452
45.65648018270167
45.96935782782384
45.73665261209635
44.95686206673122
43.36229909116537
44.1523688105317
43.47218661908482
43.92727023841144
46.07387400912876
44.08887048043334
45.45724110053561
45.612323041922764
43.287340863477766
44.62061949201575
44.73992043835983
46.2691975415114
46.01381539954946
44.39932341706958
43.98478057097145
44.1017046746224
44.28080162361107
44.456352999961155
44.76925239983029
43.93734253947605
43.44118447421306
44.22852661249658
44.741809388977344
44.2574852636601
43.80918446957867
42.302553210852466
42.01463431475486
41.17507474905915
41.4802667279796
42.71096052492476
42.902974529665244
41.177985191661264
42.45088041975646
42.72546159534568
41.506166361126134
41.00929356778238
41.51615526758974
40.98431627068817
40.513614340057984
39.78913598527015
40.23654533037893
39.214719726688145
39.24230008600398
38.59153364927329
39.225663637776506
38.17628501009017
37.182376207519155
36.310982499453075
36.67660052878546
36.50651892210658
36.973408583637365
35.94231507690711
35.83633499114262
34.740644739172694
34.097743755001375
34.25057990836922
34.54130784301333
34.02557584569604
33.67837074953741
33.92342850765317
34.151194620874094
33.79847666479259
34.0003441621177
33.698739727485645
34.22515033114837
34.164167814705706
35.66111606693653
34.852390116679544
36.175977089884555
37.530530551588754
37.32953934587022
38.07961486980571
35.74520149626824
35.48933226017766
35.69208162992254
35.3145864164494
36.32640358928097
37.38949449106849
38.84491237234488
39.21721216866422
39.05652294647143
40.83507429454016
40.32873161515158
39.81339299631031
40.05427365892342
39.74614864648879
40.873386819258485
40.6568153320336
40.329234808633146
41.18716633952954
40.702650210980664
41.011056924917284
41.63197335790551
41.719437868042405
41.64386367262682
41.99258274419344
41.86484973385086
41.41561686695604
40.96068594064673
40.486462582214244
40.72107296425975
39.02348421815691
39.86200095480581
40.987151736246915
41.372853075366265
41.342398575641255
40.934972756019306
40.00108277152185
40.77447956793935
39.9070929171387
40.134026468258526
40.52242906867423
41.2791102847184
41.329215591812044
40.38859271836668
39.691871221246856
39.30309254677104
40.122909995299324
39.590571108949234
40.24192152978503
40.65816958055893
39.35756695173154
39.55040645355575
39.522142423542846
40.339709575545385
39.80924891291829
39.91108269848587
39.59325336059533
39.721499552404566
39.233363314626786
38.413366433288274
38.48193188585651
39.659883826202076
38.14601512798163
37.82332998785341
37.48178863057228
37.47809216027599
36.84393498420559
36.896967088317524
36.21084169507458
36.17211109373943
34.830025942548446
35.30783851042361
34.63746290485642
35.09846321141163
34.43633227529949
33.281104557243225
33.596273571586835
34.093927221948206
33.37242944476088
32.63204013199538
32.52474377600788
32.89016502414097
32.424991191981235
32.25940162369238
32.19055431525203
33.58875688276794
33.96691916125246
34.841838278273144
35.794934660211766
37.323445114382594
38.703075233815525
40.67987362468375
42.830577498858474
43.76321858227743
46.659936725832495
49.550136942297286
50.65588932220612
52.274949504267624
54.93915703281709
56.22932196902093
57.63682548842894
60.747924394730035
62.01092248102532
62.17772022337658
62.922507902639154
62.33742973236349
63.51984267039143
21.185345125454432
95.1233427570387
4.768657189509895
258.91513872018913
220.62005867593052
265.5606555225968
42.45505802990283
123.05288020055286
110.63305042728007
112.34995606783195
112.61324045507536
114.88005809719925
114.87087276803413
81.45180306268048
129.8447739588737
66.14664672941353
66.11074006159038
51.35321200611247
30.669423559193774
96.1062193205471
64.87327140016305
65.90073995217881
63.2017237463599
60.01431786927719
59.97788878344727
59.12457616937854
60.414055744495045
59.16507827581563
57.936801116997685
57.565322278208896
56.12388666527022
56.66373557796078
54.774792703995445
54.159496841904456
54.31185321441967
53.41383058229235
53.23592100034284
52.40031494656523
52.312801567568386
52.48910816973603
51.82866324550446
51.41423662710281
47.62375607151762
46.801705456075524
46.562746572076094
45.54639101425687
46.28543284843863
45.44882738599131
45.41005946762925
45.2565785984732
45.57838617852349
44.690649078858996
45.68158774606195
44.58269796268064
44.488529366740295
42.9543180093176
42.94321294004385
42.57465451899475
41.983463608853754
40.79021375425373
40.7372252273683
39.35604449152879
40.1708270100105
39.78963221780009
40.263458605840924
40.09689898846432
39.73477861249398
38.58535031270753
38.629112189641546
39.479712404340944
39.790871516966035
38.60644526579904
38.7209251317222
38.762381119001475
39.157961059900344
40.30770159550593
40.220664304889624
41.69910521344332
42.81525610949393
43.61318110337152
45.09148961324786
46.568180546486474
48.23122737625249
51.93019987527123
56.84041625653299
57.08689544941171
58.933567285681875
60.11759878525436
62.1770042771509
62.69138480039692
62.230788290365126
62.71008184255106
63.55015180055716
62.15278500971772
63.16922397092662
63.63820087921113
63.656045728391746
63.18171434315991
62.79322607483755
62.90767218363317
62.23943100657425
63.15579122131203
65.42519686154037
67.06750863222851
62.80811996681791
64.78524761936501
65.34079925189963
66.08199171912565
64.59240993237472
64.73928818662716
65.18274318530894
65.29520362232915
61.82058856084177
61.51834631938118
61.95022950298835
62.0041812761001
16.2526917247053
15.953868337341191
4.9804132321824
42.018657374114355
45.4086213425403
44.07228196280721
45.14679916925843
48.0128530651657
47.36037423720609
51.04107325781524
49.702848129323684
47.97814682019475
48.9892544726215
50.31115281718667
49.35924772073122
48.04025912382485
53.4382460807667
51.508719527453195
51.933887513032914
51.16253533829581
51.93579155695329
57.87623193393733
54.747040115564914
53.9668459146078
55.424698771465046
51.419402249526456
53.7319349040431
56.50127623333583
53.27229481867971
54.072994226155515
55.43766422253225
53.05841662999546
56.14671442484541
52.62702915679347
54.19603594663522
46.07463192744717
47.71274801929485
48.196359108638944
45.998754349189994
47.85953390586519
46.76987407726165
50.77631545117606
45.999257014989325
46.689063163339824
52.29405937941169
49.926614992800296
52.995394851286164
51.381875013004446
55.55640244354595
50.418985540043195
52.76587479628506
48.76086424920436
52.927919470761935
49.31970110173006
51.74631776079946
47.19133054688132
48.38242359230162
44.22595833384821
49.396075349961166
45.57957357443183
47.833821442850876
45.384575015950304
43.8109863922823
42.15545115696614
43.940496335714215
41.68435460987439
43.48997099693315
40.78743522513332
40.98929840729352
41.199114006164336
41.43208794587349
39.914195597828666
43.97499347862845
38.821893132186915
40.92145858458343
39.916674553544
41.932333008467594
42.725296375652306
42.946423851104555
34.57784367761451
42.36690802477665
34.871721852619885
37.650334180956406
47.366442725716524
44.71394367377752
50.90277242192292
50.46319408300997
55.052074095141506
56.348382801366824
58.13869106199263
58.76718925359887
63.121243106165366
60.51708334584009
63.38830769389597
60.09174117859334
62.09681904004583
63.45856630414846
63.833242088257975
68.72518208328529
65.43683142677673
69.47929543248938
68.9311954360619
66.07264309058974
68.13024421938735
64.50865647665819
69.77062178090591
70.88401855817074
68.31423084245489
69.11719919827738
65.67957635092853
64.82043771889676
68.58834281147347
66.8646689182533
70.07899902638201
66.49443049686897
65.47331249771378
66.683072462783
67.24487690178103
71.00967838575684
71.35500838667303
73.601038947
65.35161262763017
65.26227498187268
63.347137165288586
62.77815740976257
60.23610697176923
61.4490017084122
62.93483031926394
55.3309280005501
58.01644753145138
62.2612553577851
63.486255133121176
58.29608180374771
60.53605095987723
59.795238006566024
59.34142569145524
55.84190476129561
53.596150526580004
53.715196334480424
57.53970649152143
55.826317959532844
53.76093618951995
58.19172359533013
61.900323740750764
64.1919140545383
65.06591403937318
62.822313783326535
61.85472497684714
58.46497249316167
53.314396403805176
52.949493786815765
53.8476753224827
49.30793559559879
52.46495362276141
54.697241595113155
53.67637907930953
53.934788030374875
51.990461913255785
50.93129538373478
51.725826100189124
53.0617537843234
53.450056116233554
54.93055038169382
53.89242894853987
52.46777178464367
44.676085529286865
42.242080079442076
40.362351805007165
40.30557674875945
41.28265828497206
41.33999638305545
41.06686785985585
40.536715827468015
41.40624080752241
41.746142412427844
37.029588981347615
39.3972597189545
45.64118828758774
46.490770283232905
49.54135254936318
49.83040041929871
52.26853170007462
57.01206477959249
61.64803966908312
60.493097610825316
58.86336694035981
58.11763188674195
60.270695717877516
62.69271075562301
64.13189203784304
63.695712542423735
65.92949335384492
65.45075993960063
68.02131668402694
68.64126906795082
68.0068630860435
66.3863650464773
65.39983798274807
70.94224103522106
64.18727947233992
64.50414295411292
61.65781608557654
66.50188447626533
72.6645754516669
73.02861804312238
72.57299093842539
68.45067500122354
67.77811134242484
67.4515415241649
66.95043068059294
68.84493715017402
68.89678278712154
69.16389418830295
65.7088114890471
67.75260603537345
68.28399123016356
65.37917053235105
67.51357794579462
64.81948424544748
68.11089840003183
64.57471469864208
64.36613217417471
63.06390419252898
65.33344218305547
66.90787706884385
71.01747270476812
69.14187997863291
65.6160765704933
63.35101369167023
65.28427978620493
64.79783392076524
62.90650328943093
61.67271481272155
63.707769467682965
63.909060237626136
60.46003785011999
59.20788266925547
58.980861043165305
56.87862316989049
55.11075824175873
54.80869742944765
51.089907666874296
46.961086991384946
46.09166662361736
48.121884534666606
43.87096575634405
44.08698921218115
45.99719224311798
44.97647538204433
44.15080958508929
43.6000485303432
42.332835123690074
40.9926505816461
39.8820706234867
41.61958617376399
42.191795286903925
42.07392554292278
42.11685087914452
41.88745963563042
42.11193075116876
42.09619575160332
39.72657222615862
40.03653498656104
37.99123482120831
38.261599837093854
38.07767689061029
38.52429357347205
37.753337169122915
36.61183017676149
37.43072670684137
32.70769427340406
44.154957028627905
44.193576311245806
45.558763414280975
48.975562795356836
49.52352594967306
50.80799194751057
52.35506262193712
55.77145498927234
58.18022194648893
60.47962608287389
60.95475298336396
63.24507841809191
63.83401476438121
64.94697269043263
63.19254817225601
65.6819245573588
67.09437471634692
68.02446322795845
69.09352864623952
71.62289781697814
70.49707545573892
73.53541363167824
69.09787956928858
75.68531015214603
73.2346850718227
71.27455739135075
70.93404326676455
71.21547509390052
72.35672165789856
71.99505058449768
71.57586881059478
69.26136102628243
70.58062290733073
72.42166417744193
70.03838511204913
71.73372185083258
70.9986550127469
67.97744984730957
68.0658912041149
67.11953158810093
66.24510794594858
71.58967115571022
67.55520408345274
67.43754676877234
70.87226528839938
68.22865214635681
66.45357947167213
70.04154413284459
72.40134123945677
69.30824689499923
66.3533922285551
66.9939887884725
62.90832798387328
65.80000981301009
63.04351988146709
60.53879981305795
60.461229952011536
57.87806716810974
57.92839886202364
55.27030371013234
55.65887708229047
56.00389135691057
51.954014852309456
52.706116741421056
55.205829521597934
55.29044108087237
57.91076289139005
57.745798134833876
56.51554291773505
54.505996341800255
55.790200465501584
55.32732808958099
55.20117917988455
56.98736702757992
53.90977674110991
51.49021978521273
49.07934263896141
49.81107381847414
48.01240167999504
47.036038198386905
46.22439890451187
45.78547926679471
47.5408532969675
44.68816763179848
40.34033619964521
44.76600202813938
43.24784398797351
44.346726302931984
44.29963247177079
46.65268122688235
45.32592721411811
44.24965921232388
42.66935578903508
40.51821449196905
39.12356900770533
40.17013502385771
40.63928220388789
44.86725201072363
44.855022067895334
46.88729268388988
49.08979224790369
46.14909048229788
49.15336390025914
51.6733666122218
54.750329581059304
57.594622591062034
59.08561110240316
55.30627612929493
57.42039142429894
59.225969974575946
60.652793701653536
64.01458411007684
60.74208108673224
62.58854833574833
66.22596825021446
67.24395465771636
66.87213533106251
63.74770101419563
63.90189796088998
63.099894726967705
61.34561205322166
60.80838906734357
62.14576625612176
66.99645209258279
66.09647688446557
67.32189710504508
70.95513252677074
69.01917687977107
71.13934506926398
67.57637436245
67.47697927888203
69.34773071921654
66.28025936749646
68.45503658568032
68.22697844074492
67.78831155907756
64.50918237718292
63.23338128647765
64.65034357142304
64.7643021693575
62.315006982705654
59.98217800031193
57.194584121631806
56.965249089405006
56.665722058565734
53.52486074038234
51.87907766412491
52.3622183086768
51.06167449952159
50.288155574849725
50.370862219738456
49.75849655701859
48.41191731051185
48.70596789129877
48.03799791656661
48.4954976189149
50.40848504493056
50.30953355534007
49.803007108467455
48.36630098057776
47.47001041538192
49.24673197660445
48.55265271424605
48.699371974682435
48.37211627964257
56.010149811122574
55.072968613514604
50.88318389915344
48.036066234807095
43.74223318223903
43.17036412383618
43.02050220247588
42.10084811478532
42.37921170335176
42.417290242902254
41.141745008353155
39.51787185726357
42.394755576643774
40.00581424143729
39.692729130389125
38.96857396195037
38.580517245531155
39.2378609765417
37.85407317348745
37.439109795533795
38.38312030159091
37.46891604835719
37.83269402351789
37.36130584052785
37.41735811925355
37.62382955630392
38.07957478859339
48.77186380288367
51.69320593280054
51.0028807298454
51.16900626417191
53.60520964214811
47.91711583373922
49.79361962775556
53.40627076565579
56.44697596301194
53.15268620358438
53.57106856875998
52.63974202102236
55.25950354397196
57.76936527368389
61.92495183927417
62.11816908780156
63.56303669255112
64.64798066151388
63.68338877131373
65.88778046559128
65.43191468342138
65.6531814528148
65.35816874275315
66.17389599968419
63.12223792214763
66.66156622154949
66.50385600266395
67.04409213801955
65.63730809323624
64.71066572149084
66.42937758243556
64.78304938057772
65.44743237354578
66.8057370384945
72.8509701412122
67.94426455649364
68.3383165020764
63.08561478995898
65.86114865224863
65.77328837977348
60.874300397933894
58.219231911293036
57.53745918484583
56.00580219270637
55.82773907673368
60.415408034870325
61.289555706566716
59.18846430923213
56.286908652556576
58.61576673663717
58.43024807868892
58.564564103498924
57.163984603341305
56.804526805836986
60.00495222660766
60.86449851662883
59.25719654132445
58.54309203690946
59.82855491734267
61.073765389493246
58.74505589879459
55.882844155488556
54.07990214706433
52.984937857040904
54.60930455495668
52.86876094848844
53.71263760843749
52.75510985317078
50.761495057097136
48.49965462679893
52.20065869855921
50.904216899790754
51.016188920664945
52.27767710015428
47.93264692506909
47.90316365065951
47.18201418436888
49.053183333141305
48.66227155216984
46.34942032664776
45.53384811897308
48.64486386012254
46.614230239022845
46.49337844849401
45.92055861733547
47.653915376600025
47.98570032497173
48.15794801073912
44.260033936040145
43.26373484951796
45.86256644328387
44.48186313205906
43.53741109417933
42.74983503962335
44.40344086150435
43.35882690228573
41.22856981855466
39.848784635275706
40.88603158593742
41.13222285879647
40.902695033023065
40.861255963234726
42.80678854854523
45.79204912604246
42.89266874897885
47.0106845015971
46.551182950974635
44.350930628676224
43.88617535999947
45.018165088557225
44.15547423489875
44.09241938474338
44.57561324309654
46.86334663676075
47.227728848815104
47.008069448687365
47.50827922373401
47.86740548286821
47.769924606185896
47.391284558222196
46.234241707594265
48.53390783812074
45.62230512233009
53.12026427222304
51.25699695454796
48.6335043854192
47.31246174968237
47.51384445651911
45.97399627414711
51.767385322542395
55.197950662009134
55.88224260551647
49.47729946453478
52.27460718989141
51.244233099828534
51.83786851701461
48.46326649841103
51.833928516530705
53.57412540796986
54.11966713697416
54.72376721851106
53.44629832520059
56.34858398816186
55.07588964569595
52.65896075373894
52.142594915091195
54.68265000467022
53.488264903274285
52.56121468335937
53.55505553993498
53.29993345477328
53.67790054524198
52.86853243829182
52.33218789395505
49.68871009676968
47.1740401253503
49.4169027881203
48.523544953735154
47.8712105026882
48.66145636686656
48.40242576545438
48.7612613479414
47.994720309891136
48.04295395743793
47.44225688781739
49.00426070755066
45.97956003164427
45.22300095944411
43.489321105838144
44.576910306155696
45.338956741970605
44.043065642940974
43.39721593412105
43.415815262048454
43.03258044825566
43.24533441860467
45.67916511517865
45.054131286216034
43.94128510841756
45.03063655974415
46.096812940274276
45.507848842779595
43.747604949468496
43.32866004438688
40.45212118504787
41.93682185064608
43.46965143909233
39.03576376068099
36.82614268366751
39.74310237312261
37.761954333612266
41.660682622054765
39.86387369800627
37.777007716962544
38.08123353051815
41.462841872544686
40.5300181432649
36.79208408702584
39.18814438177969
40.25677052537094
40.89499497112638
44.84989181408082
43.041336536330164
43.66347961724
47.427043808623694
45.90162957466805
47.23825107680932
50.20012010023083
48.88403748535006
48.429534539359565
48.249466050203864
50.48142438480795
49.594199443412435
49.62625196625777
48.17304668231827
46.49585725434872
46.53123832268079
44.89180385096006
48.57256103724421
45.455210376549985
46.35559981252936
48.171150629610565
46.7422434270959
48.950597871217724
46.78229533157287
42.706098675521616
43.59043256255791
44.21751054151491
44.257655798621045
45.166555524459
44.845680517153596
47.3317645172051
48.72123675833291
48.02482299928761
46.9193785775567
48.639443417773236
46.65311757628456
44.30319283369886
43.904619210636156
44.36020331208647
44.48269541504965
43.26157119313666
45.378003656826195
44.34814261664155
42.255987117483755
43.38372601675519
46.86466291289753
48.637146817548455
50.01344323213175
51.20303709413429
48.75739687246005
49.24813718704013
48.82234118242968
53.827413955509655
50.708185093781594
46.82593298385473
45.53887692665444
50.84016441270387
53.28659077163138
51.61258609768538
54.047626207229314
51.94942045593757
51.71130414064601
51.986728778601446
49.539116832777836
49.59986129909635
52.48696278908619
52.51821049869022
52.767526472558984
49.97257758354931
50.507675369284925
49.01283107942959
47.19371938939548
49.00354628792729
46.01354906054826
45.17968172014116
44.00431608132499
43.915930638363534
43.32091540526403
43.767926367865584
41.331499476975296
42.12574078915668
42.827126166685275
42.53806139859262
45.10965245929219
44.66228210803001
40.598226682078575
44.04067870202857
39.71256621603857
40.49549621721076
44.20997840596306
51.68819883522883
50.12339870331334
47.28821519628946
48.002176179448725
53.68721472561606
61.16170342085252
61.568059023460364
62.82905543306697
63.68159026381295
70.75867252940907
68.00624178897328
68.79921627754402
73.18603401381552
73.74221007618053
75.30872767465166
67.64928255536415
71.68115041886858
72.29340907823007
73.25886962002505
72.33100478396682
72.65574411068201
69.28476739755024
68.95582076041364
70.10862912172024
57.12726501780094
57.746902990369335
65.53647843539875
72.26099999542612
72.86561831995823
69.48795266527623
66.49911953537071
71.32960693046198
68.04279899306175
68.43419298778781
66.6213939773711
65.06063596545187
58.65606802318598
56.48775337329789
56.89691635535337
56.00960570414509
55.448020276511215
54.17739777000884
53.008803141598946
53.68107644394604
52.52610617280425
53.99173718219072
56.99391888578407
54.579810544095835
63.33420717837748
64.68460254493925
66.18362112446334
66.95342989625487
64.39426182690613
63.09068270325156
63.21527464685255
62.09450883511863
61.09167011974728
60.49302174062723
63.48349572128768
61.23085779857638
59.63939013615618
62.413205947494134
60.3553635947128
61.27805650082291
60.47554687767638
56.46853556280871
54.09354355670985
55.460356806132495
56.216202618427815
55.43939905533466
53.86977267638758
48.638972849560105
55.682607958609424
54.32328104881162
52.0042104983595
54.268172033994006
53.48199960769921
51.899913067423995
53.44807069262788
51.580309382149835
53.45005385501577
53.36322597000253
52.92996000602989
51.72426244586063
50.607218809804635
47.444827891706154
50.89125864339189
51.94589720281306
50.877515309571436
51.94084317560646
52.7127902638324
51.021240659290925
39.59651023920787
51.70156535893193
52.40789965719682
52.753768013446006
57.28537403036762
57.73630871578416
59.87635161425533
55.92717192263535
60.0111833184103
59.72172765830237
63.60425954020411
62.13134388242429
52.5331909537756
61.17776499055117
67.53347619966257
66.87991118081118
62.83959517716221
65.95730523883276
71.20353033656465
74.0598765785976
73.3511405974723
74.10595150146605
74.49576407222594
73.6277193163794
74.29488237584337
75.41008493440495
74.13106763596215
74.896377828396
74.27121259373689
74.84992111047563
76.0013479971924
70.73152668682133
70.03341853859865
69.86406819344893
68.01379801590383
74.42683031891784
73.39638265346139
73.85440429075197
73.172914014772
71.85277809542845
74.23877429700428
72.83458283787968
66.5394537490265
64.79841041488316
67.58402746308957
63.69962269999678
62.79423471400264
64.35184403025141
67.20525054996597
64.16764284370333
63.564137842104856
65.2959211903667
64.09934044927854
64.46360914517663
63.288307479136165
62.918241443107945
61.46134821208375
61.65019253221999
60.882395501671
58.816797754529034
59.549786923629654
59.87811943592919
57.942116491401066
56.20948530835949
56.41658206169723
55.873952637615275
55.50678147950475
55.393262488736354
57.59539790738131
54.593394877361106
53.76323210785813
54.06731927203805
52.39697567420785
51.514451848731824
51.874385920631994
50.23643474770006
50.10874473858189
48.94936165029958
48.39930044115249
46.92274982635195
48.02285722948932
47.12047276890689
46.51633249961196
47.977551593273574
47.62304946057316
46.304662798454046
46.405325583882586
44.853079052143585
44.52773141275088
39.02777486555101
38.249016607325984
41.59238308409931
43.518526986534425
43.80383624059027
38.44587452823589
36.07380369492307
35.51777444179061
40.17344086798448
42.56504455647996
43.44455616548021
47.84127774774879
49.178936886133215
49.736224100091476
49.84638487092434
53.281840842389556
60.53745163077565
59.95906374317792
60.40435776120421
61.70447486454668
61.10604646219326
61.425437025150586
62.57653606289159
64.80582116038931
64.95818098315294
69.17477948536316
71.67786786971283
67.3335214994836
66.24042736790898
70.1030798920915
69.62528868909521
70.89707668939172
72.63840022614067
73.93102413123324
73.31696748730246
72.80608107232501
73.8690083577294
67.04267808668897
71.44110377899301
69.10856941751172
75.15781506542999
80.5910660025911
82.19268109658151
81.78762695805472
77.73921049992441
77.05694688245285
77.2388191361506
74.59324737536235
71.67430551055531
74.20325649455162
76.39766646338194
74.65141069808374
71.36714715755988
75.80573085798824
70.05090524914135
68.76962698454304
68.3523780503051
71.44370959267917
71.78275821230045
71.0532048041348
67.73374370940928
63.7818171679387
63.08937696566977
58.962575673934225
60.47800294498006
65.24791354049512
62.00954553949214
63.27682137479064
62.60126553371401
64.72192427583923
65.85062799446632
69.39965648596763
66.16421417901802
61.586730698100155
59.18722639222506
59.5113937070314
58.77258763988402
63.86035259425421
60.813945739704195
64.64053819070477
63.97752859376351
63.6588400572582
60.974663526454606
56.373104255008
56.838517665087466
55.96977023154682
54.997320975041475
53.287866743137556
50.5047609676933
50.8354028446945
51.370047601875285
51.250026125819886
51.814186206148406
49.484322131019326
47.79665083038617
46.33931398199002
45.41037159223379
46.079068996248
46.064662139452366
48.64639031638694
44.67191693167729
45.08344537774474
42.87745798276751
44.825954416501645
46.1318222815562
47.811327857350534
58.02140771767108
49.05050316399684
46.685520802801875
53.47022909443103
55.07684678203623
59.943552878098444
59.75331444531048
65.91163618762766
68.29287586973919
66.58730661994355
69.41526321548099
68.24724744836749
67.08137646981231
69.92146119265817
67.77454160164666
69.64532793357353
69.88221287382021
67.84210800491792
67.25558690744901
68.73695098037297
68.89143826642521
66.18819729306733
61.94025749225489
64.90585847387592
66.08471218346358
65.66179497088024
71.13976481081613
74.34883238157613
74.69876564297329
73.34991222411213
78.58999979968894
75.33402432023217
79.55583368410953
75.43945578138732
71.55571408212927
65.39568359743589
68.1279850386345
70.66882178894684
72.60224032011592
63.667584212305655
71.19208452644921
72.45039072414374
70.88073908255637
70.62231486344672
68.78895756480779
63.76681748596593
61.951571391310154
62.78068352080663
60.351116558335434
61.25778159903007
62.43607780012371
61.62311841860401
60.661432172180184
59.729001854538865
65.08498574617943
67.4019537306583
59.25510230315649
55.35595957043097
56.25213541949984
57.41328538088419
58.429944619899516
62.52193982258609
59.01820173139504
57.784483061386936
61.121236606805496
63.53004552366565
54.332409457013455
60.86490684663886
62.84524451919242
54.12143357457671
55.26101308028365
51.72930980888532
53.34194727091881
55.19719192117509
52.408880750906064
51.444250045762146
53.110431931236235
52.289423823132665
51.64238350490791
55.62293473202044
60.52508474620072
57.22025349372461
55.66291062798064
56.8068931129842
59.8317011401864
59.46860126389197
55.09858075019338
58.338680166066524
57.03967670304769
57.06851255863535
55.15148097366
54.54312173127073
55.59697616958647
52.823231764974935
53.88412253504703
55.882796239184245
63.82053648414285
64.58061610518348
65.76330742382015
63.1110729387392
55.87888063570881
62.504951551053864
63.87749564103137
68.78106173417837
62.93055031702397
68.50631670777739
62.801662249721176
65.61961340504445
64.8785893682616
65.6669618445303
69.12478449637615
72.85519157382419
73.11653612315467
77.54812185426454
76.26826835412294
72.65783920669719
70.67819621080594
70.06122729306526
68.41402727645254
72.80337611442019
70.72456024601479
70.1792433756209
64.42716900871756
76.47117760491142
71.36612972057355
62.423041175004755
62.32848679479548
61.238563820232685
61.984266367729106
58.61944182740194
59.891378808358695
63.634702835521466
64.63312691424471
69.7390522254509
70.12275156807027
75.00517057876937
67.44117895674572
69.81547522361325
66.88784242125848
67.43731645469416
68.62236895202773
67.14505313209474
64.2331906003933
64.4561598565856
60.8816207822083
59.62246162792758
60.03062947170747
67.5274939991723
67.5148094214419
68.86622189769037
64.48607453378281
66.53568851411455
64.08219897193135
61.054172874105916
65.46761094759518
58.82953682897164
62.944423245460484
57.272408472500274
59.9182870482573
63.355869821401484
65.96712449115739
67.19805920437352
65.25546836588
61.69027286486198
66.90255726485748
66.2663720771659
63.615570878711424
58.97597448004126
57.77390490679386
55.40182958635933
60.09875400291685
55.44717315835078
55.66959127766654
53.81283912196409
49.955158343679386
49.79561123882877
54.00454971768545
55.79502971316947
53.6982024817662
55.3117560332671
53.41539517959609
52.90955838217519
54.17225700426252
54.32112575533961
53.55669563935135
40.889591581519426
51.9506718075163
51.00815383195095
51.18378074675775
52.7822096428165
50.026882593029086
49.969256601488496
54.3915370657171
49.75616140326497
54.11833476921993
56.718217439879936
58.76051945918039
55.941107968347296
55.51527269444455
53.40007343788625
52.80662555882577
53.82746112423024
54.684557078129956
53.78792412182429
52.724998438760394
54.28142264283542
54.67500159529641
50.37608525537644
37.796440106479395
40.977937974380666
44.024201458333664
45.12445027493095
47.20352037657972
45.14044156981004
49.57969845359639
53.296411436098424
52.05727017332015
52.94984052504492
58.1230325936865
52.109202793069244
54.0069795076713
54.03809588967056
55.87645467596485
57.54528629522201
52.16898072744516
52.98726987696068
53.55250294669713
55.943885553160726
55.6314128823733
56.96793600386968
50.024757235139305
49.289374555952236
50.99121093244594
49.8091718332721
51.54499479231208
47.323173035242235
50.70892670466492
61.10490479987129
57.7640724618625
57.71060421903212
57.63061660570338
60.63040355718135
63.73987302802925
65.34574630619022
61.460639469114085
60.71171906220752
60.20530360739713
64.14612853543349
63.96519091168216
64.22590364670145
60.294843844789966
62.29723263194546
63.6669286282704
61.50003697954071
59.856098986839925
64.66505615942083
62.17819296521361
61.709092271237296
64.67217916376899
62.06121317472025
60.73216268717874
56.87357478563399
58.996418996011016
56.872442133070535
56.71576625595071
61.266540847471106
56.449741259355505
43.39991600930057
47.19822049335289
54.99304524145805
55.497499237127386
52.99452928441133
51.8163941492578
49.83026700895903
50.94422410221796
49.56241222689914
50.53825285859443
52.08676957274406
49.88800682553506
50.192185066358434
51.881146374396394
50.245868489386794
53.34548301709219
50.370767769201166
49.240739206784156
56.59467465633088
57.14244887148038
56.36485839447255
58.26308293126931
56.04182344015112
57.69493991114723
53.009837684103786
52.435093719042925
49.3315260921886
49.993701657276915
53.218280962833205
52.047256622440045
47.834716785434466
46.00886890741617
49.30026718855379
51.80142500651209
51.028587467068064
44.30701435476453
42.04552875833997
46.47753168070153
48.511623179067556
50.89762399011238
48.74601218186217
50.430411533317965
52.19331584361521
50.12085118849791
54.18427575313217
49.126900150355596
58.06355621656303
58.19761501721746
60.412302502953025
59.597228966186094
59.03096154074706
56.24810465358519
60.59642110464256
61.345485176897
59.07289758650313
59.68206517681483
60.76857744636095
61.905338886198024
60.72644890895617
58.236917949092
61.94206305648959
61.523551590129955
60.21105738272922
58.19944459879525
63.91693077029936
58.28120867154985
58.49981601772561
58.09309913446373
58.97744505307105
61.827292551493656
65.95229004830685
63.63280671261964
60.14603062233209
60.59041982965482
58.82440849587829
57.16038680716588
59.98271785482666
59.8132902393495
60.06608341781384
60.90226831436257
59.862140338299696
58.12557074629876
52.56871570634712
62.227436235024925
61.69906088657922
59.749079427264405
61.75278733514324
59.25133829209449
55.70900992319662
59.13141493542889
59.019949841132075
56.65302135802108
58.6266174849477
54.92271193700276
53.79430444736454
55.958049701267555
56.162311033674314
54.21834678399068
47.147167429355704
47.48814955828561
50.05155258531249
48.41568640743321
47.56034647011006
49.356375258470734
50.594188045495684
48.15349754670933
50.18636204128779
48.145098438923014
51.508957357911186
54.3716957943991
53.86155355676033
53.80417646413821
56.45475734704655
54.40537252583454
53.72868151154239
48.893011800918885
47.930770107851004
50.412125027720094
51.44139201504868
48.06370026821128
48.957831404113676
49.87962592749318
58.20762313602563
62.48854776596795
60.38710654305805
52.28814940110374
55.83731242409817
56.010844426482436
65.70531720651206
67.55640879206362
68.07059298281592
67.57884775500997
67.1194600130043
74.0333111557486
71.6075944104914
68.98009289824176
78.11413444791924
78.63310375322135
79.05866612233694
77.102755474883
79.70593233427303
79.06104426511365
79.56224263434638
80.05272959053309
80.03024259808558
81.2969632253189
82.7527133386593
82.92483396777016
81.42664548279481
82.50402725152935
82.28851590913291
81.91495013165081
82.08260857774803
80.95087192760911
81.02864008900838
80.33258411503652
79.40987956145523
80.85923334531594
74.78202481826088
73.64740789445977
74.27490140377563
78.43441610815262
79.63496159656529
77.82842985822913
76.60395371167237
75.94559437896714
74.97557182834134
74.64779605408603
73.57551685301291
73.68348283675596
73.13525737613145
72.95809534436921
72.7815169428161
71.90994226306884
72.13003950403186
73.31064246721257
72.98447320409696
73.14606242210016
72.13276094523917
71.60041507741994
71.5112623112916
70.29656434529966
70.80594910350692
71.04250141389093
70.2364082212257
68.73721675025445
66.09931115894096
68.67949948818045
69.54340951839231
67.75163969620371
67.46609764701066
68.54238353743017
67.92093007977564
67.57922930984819
66.887460321135
65.73452676872421
67.16621292113678
64.50150395031415
63.967043086178364
61.00655511429136
63.042173391916776
59.286131222114136
59.16954088313628
60.01470324971888
60.86019855232507
59.774434054052335
56.73422228554932
61.3407990162093
60.99234341580154
63.40271422795149
60.90206031801881
64.0463268117644
58.506920570338934
61.6496665445261
60.241342830185204
60.86726898050779
60.92682175441928
63.91030676343598
68.98859210431556
70.48007443900383
70.88187780321778
69.17308618411062
68.98600397335986
72.14613516140821
67.22509303153811
68.07349989093382
65.33586832392393
65.30442783148828
64.83360434081942
63.21217405352286
63.25839978447516
59.24157714162129
59.72530829060133
55.6482844348684
57.57969354082138
57.54685935446878
56.69309468252209
55.210278348911515
57.01660228587002
61.30703692440238
59.93849193698588
58.156927389042266
59.35050590313108
59.63650868175955
61.01124837206817
62.962986945914054
65.37157161399045
64.96776277653862
65.89286701727588
65.49625481215594
65.36379871883855
68.10703876537173
65.66518815799691
63.208106740260064
68.5025426178106
66.26864042160332
63.77128933092217
63.10521818930192
64.87699466900767
63.6363901524021
60.63048458881599
60.496373749168015
60.155918714829795
61.764979428558036
61.394720034503734
59.502012671418925
59.454592744462616
54.25550670563098
56.06061164592484
58.37576142457101
56.34844232219643
57.68188884986739
55.34616841324009
53.77952217446955
59.60253997871041
65.87111413803859
67.40793057333212
67.69098869699792
63.74282569991874
66.96397784148212
65.91629442584008
60.94684673365555
65.08893049681456
63.87569028661619
66.73584820777069
62.09656370891548
62.99949749861935
63.39103557830913
63.97312835246407
65.37853792442002
63.27155888035918
61.41055067689035
62.30151995252618
60.22274072316327
61.51460545008672
62.458327617511486
59.90807747804024
59.3735157405747
59.40971484932629
53.53739724349202
52.84665850402075
52.86798928311032
53.227550014584494
54.68118111724107
54.74730694005416
52.80756571800748
54.6265858387103
58.07305279501679
59.17092782091572
59.277612840509164
59.93164961126695
64.51526535945595
61.84075327114556
62.138580326146666
64.92734511034178
61.70632595446159
63.215647073345735
65.73526017800873
71.41836405723734
69.43674114958071
72.24156923769624
73.16339033576651
72.62909546544552
73.16376717304684
75.59403424724496
78.13692221532938
77.61085649041433
76.12781232424004
73.28263732445521
71.74249840546963
69.56122547622226
72.11550101036164
71.70164627694749
67.96859496483717
69.6780883671031
75.99477929384102
76.86886782248166
75.6102596998519
73.53623743985531
74.05897217902475
78.1707028547221
80.74315726666282
77.8848663455733
78.40789142789072
73.9067960175721
74.1784477551812
73.3527131286778
53.13275847457817
54.06952479358188
68.11258863626199
73.1798899591306
69.68455467091599
68.82247271664619
66.60042973573309
66.59002677754324
67.59499039627576
66.48280643473527
65.73844872780091
65.59637450746209
64.95899191652461
65.98083429957796
63.087796357651314
65.38294493123817
63.9928778200574
62.73275207821189
59.875825039055144
62.355854228503404
65.50479620363922
64.97144969941041
66.08928593203063
63.40140226520134
65.54181355832566
62.69054815171762
63.061557768236526
65.94736200764282
64.34950870902071
59.34062377197233
63.789689989108865
60.88481727447993
64.33152183278844
62.42729884406208
66.87731122125342
65.32172830625723
63.980328259391854
65.99308282262109
61.795901665901056
63.59011541869086
61.3255121317452
61.29839624902252
54.90587194430509
46.29467360948479
41.488969964038006
40.481145138372995
49.936141772168185
59.44652122683692
60.11825686533757
59.10869018708581
60.53710170641034
59.39696070784544
59.940673933856715
57.93805608654543
61.22034914798837
59.78431272113039
58.04454793248283
59.10221157906608
60.48801791138021
47.68479637709606
62.43658609811587
65.05185181485649
62.409715875055554
65.86322334261558
63.6394434410106
67.94575746139799
69.20353860430805
73.09813129573831
54.45689206447787
53.80777490217588
56.538853834760175
68.25804593356725
69.2293216972771
71.33174499840902
71.84771847488673
71.72860371966976
73.87420275550016
75.00602518913547
73.12923041662634
73.89275325781091
76.03184804512671
73.8862178095651
72.38992431268662
69.96150285744534
71.38573658655832
72.28837541599387
75.74131743247972
78.56018270646018
78.18691629512864
75.10194193300777
72.76427528664772
69.48678179880676
60.97519719288812
58.977036536537526
60.84159146895627
58.44166739425623
57.5128323895874
61.04936362558897
54.21756455346804
61.491226166486285
68.69651978821958
70.17010097699267
69.46327994398598
66.2012331006465
67.45543823054186
67.54249317496487
70.82778575703946
72.08518225658031
70.75593189482379
71.48350451366719
70.29445966218464
68.96247574458607
69.07759520181935
69.9032748617974
67.03191330732648
64.27286267590898
61.01954841231873
62.04066801432191
60.06758888676859
61.27143305895038
61.89486462815239
61.75438677725151
61.46953861396514
65.39882363450238
63.85809495610056
58.3462864663436
60.93418255398592
59.16483923824239
58.37498397679701
57.087800258530706
58.16422884997655
61.01370839457172
62.07982834939207
57.9763940321393
58.66998182364864
59.485051545430906
55.9070971020667
57.727398502932374
59.230629749006084
57.05690493270458
58.43985886476071
58.05228761014905
58.44083254628322
54.621777929188966
54.40131623578145
53.82986422828367
53.951064463827606
56.2641594576055
52.12145811738014
54.34597041317147
53.30327620349408
57.73299016926694
54.90658488878603
55.72420309604695
60.76956376037333
61.77112284439386
62.316115263514575
64.09924143098874
67.23358995094941
68.26678744221681
70.26267283483935
71.56513561344013
65.58623912660983
58.378004488553415
77.22846393164218
77.68596332793823
77.82003123887102
75.98466119042087
79.12448172011591
80.33321054631733
76.4864698894171
75.7075591112773
73.42087122326666
72.07654525429075
72.41524073628761
73.46016722865215
74.19231083655586
74.29011490951802
69.38501060751332
70.72498802395285
72.60360312301691
73.90527131320323
76.80273682644247
74.05258518482742
73.1373382189372
75.1541815864648
70.59095230255139
66.35934663751596
65.40637361775475
73.90971578469043
80.53038726203363
76.69986048839564
71.1243771035438
75.21757425994178
74.40466353819738
73.59102412130892
75.99945347929656
75.86905305171194
73.11813299843175
73.00649874895862
71.2896940143005
73.6414387032014
72.08558346452082
69.32039442723544
68.98163433139507
68.7950222832817
70.01825620541172
68.21905232012932
69.46917421352646
71.39277974357583
68.05745872868965
68.28830460507902
69.15023559813244
71.12502254088758
70.11961573120425
68.3188503229585
65.08623995137896
65.30337534679029
63.231293207823
65.57655798958376
67.08343149124107
62.46260352098875
69.91617044930604
65.52071608425626
61.42412325352507
62.52369392639116
63.7616534172987
66.57871264922323
62.100742581069426
61.28448639686053
63.05176488972461
64.31941845354504
62.26085523222309
58.180905248234694
60.343064959883804
61.08781903453996
58.62065481784566
62.675405203938226
62.56520378862888
57.24731873362862
57.27766502237114
57.656156629160705
61.076024108735055
58.28889845308595
56.90926145700746
58.89457519534653
57.246139370538685
57.02978424163484
57.73837442742297
58.669753494351426
56.53123956245031
57.204311825743616
58.28049588228919
60.39894875801542
55.307148683913056
52.26789854869503
51.9516788756855
58.3869316378009
60.41309562342394
62.56418482766617
65.77286932156653
68.0724189281566
62.32480062470631
63.83395343908819
63.21819052295177
61.469715188241025
64.04769183379312
62.302570829570186
62.697043912350864
62.43513286735674
66.54494051882443
63.640969254226775
63.88027492704964
69.10370260632021
62.66757930979179
64.3152382277051
65.29347669010917
64.8946068530779
67.02503935825439
64.26905158582736
66.60078335893331
62.84718448144031
65.24373782491898
67.14473278837386
66.4462823321769
69.32028750069048
70.49894499104221
69.70427134758279
66.34391220078282
68.14541932304269
65.68192550508525
59.74187059929659
60.56265966454362
63.513186307978685
65.03577955871265
69.39729574224862
63.47739364696599
65.04018700617576
62.14502263235045
62.833040513362675
66.37021581219096
65.6302102004654
65.46570085249346
65.23336388785447
66.33310859809717
63.89812605981456
64.18618976505923
62.845413731369945
65.63095226307291
62.969178443818464
59.84989269070729
60.208238891060546
60.03728092827805
57.56957621187803
53.9989505889248
55.124205043145366
56.319828979473414
54.00257292499532
55.88560874998893
57.468170382636345
56.36533799554013
52.33873104338909
54.65001349785052
55.497666615134676
52.46993188972374
50.962060393055026
56.783919266986686
54.41215613725194
51.16970297356602
48.688665110508055
49.68275665386136
50.72992463022274
54.54216263048875
49.4951995259803
49.05356885469132
49.106372549319076
49.41718714748458
48.756398469676014
50.06947343166962
52.60788198671753
50.72160875108375
50.857638202151975
0.12973735441528333
104.00081414772171
76.34411831470197
73.08503228563131
73.18524124591067
71.296317639363
70.51078816328072
75.98335594052605
76.86546364721653
74.34658677417269
75.31548834660407
78.0147797360737
77.32683827777828
76.80556898317809
76.32858595393668
77.42132438374256
76.08579852803837
76.49347320303377
72.97110767336198
69.56045290086695
66.82855580421642
67.60501688498039
68.61041549253218
68.12487250015784
65.57752685289006
65.62182531067538
63.882265037563684
66.12297495381495
66.29894020762663
66.93175444726671
67.2694386832186
66.77922141802901
67.02611656695422
70.85936844483967
72.4817468812455
70.15577654050276
66.2134884944287
73.86752979561425
72.28959906430919
70.94549684009326
69.87009328016347
67.10817640101959
66.58351179367219
62.30068294891885
60.13599079468827
63.16868210577127
62.38364947857849
62.68643847134285
62.62500095186738
58.656660698606174
58.4379829790048
58.76343419445084
57.034742950465215
56.88301422559971
58.791958661949366
56.51037864988439
52.78497040016691
55.18856261971382
55.81036443378366
56.23039662826318
57.89202248004881
52.47675795357486
53.569255286579846
55.23891292485109
58.729824987156235
59.7500406628028
57.380047774805234
62.586990118332324
64.74808328277209
64.18972017309784
69.27978561402483
67.86691215414385
65.14467827410544
66.46689304322422
71.21775870551346
70.9929390976722
72.91923190583293
71.9417713260209
74.67176358635857
74.54738926557866
77.29726655131344
76.18605004098936
77.52553285829913
73.36740176056901
74.60775640341944
74.63980171216099
74.24646676453631
73.70868686208905
74.21711976719553
74.91406852454111
78.07097553477956
76.32750894068568
77.13663487157032
78.82652357481766
80.69385030896228
78.21239654180067
78.49378864134542
79.20988424000984
81.39844902781101
79.23831453240928
78.80971086456543
79.68712196958973
75.79893679776615
78.41256004921206
76.59396380334192
75.28535888012357
74.02173916920196
76.62991522926518
73.78642252985651
71.796840204212
74.68008564169395
73.99129194458828
73.10148463897485
73.76549627000554
67.74634823144538
69.11717396993527
69.83489591214948
71.25144474307717
71.40371631226913
68.34192231755242
66.4342705830777
68.58566821754243
68.80124812781696
68.80668314568993
65.77469214356506
65.11188465514942
66.44057112305427
66.56380873767876
65.18386818560612
63.203705887157184
64.85345540070603
60.939191593715805
63.575835226680056
62.675631150927074
65.03875889318442
65.95135861541621
63.636656755832064
61.299974623231265
61.07121233551811
60.042792147824
64.07128528523481
61.062005595707205
61.59388596195413
66.43375670848172
64.76167983285495
62.75411291678574
59.591003962486184
58.728643380618905
60.21956098284454
58.2738530235215
61.05443663797769
61.11577655232804
60.402492636305396
61.00808878392172
60.730658850321106
58.73515326673237
60.147582061959156
59.87429410487039
61.32813194643768
62.38182436675311
60.894287175827685
61.99130416758885
62.35413532033181
61.46532357707588
62.22809878579301
66.07105013545538
71.89317482114507
70.03057173606362
72.72352373805052
72.80430196332054
73.79988393723579
76.27514491894931
77.3343171353431
78.57924383411864
78.8976705092764
78.54186447962343
78.89553677440313
77.34026963127326
77.85589040831337
77.34572228597881
76.67509020033503
79.01962999136072
79.10876699621895
82.84378865306189
82.86205921931241
72.8674985922562
74.61787541565513
71.99162330401214
70.44177037591157
71.12202063410086
70.57432620473173
75.54227367888052
78.31534451155858
76.97714377012039
74.43565526222483
75.27431765763185
78.10083989201485
78.00751745696061
76.73578682325183
75.60754352026424
76.73502532709836
79.29455339472315
82.85825909059508
90.56526161817646
96.46845894161993
92.42072271867437
89.97156335297495
84.988386323756
78.1344132955187
78.22642173410486
77.33802001131016
78.5869706111373
71.80493291833272
70.53764556264423
72.42643771595112
73.7785760530644
75.003863494921
73.36963969738008
74.8395626873048
74.26227255482468
73.27993968944406
70.26034988789206
69.94915140515832
67.46540605842551
67.96219042564644
66.50110997224374
66.94281800637327
63.27446288484384
67.21158198901867
62.2782612550418
65.8485974574678
62.18169747776665
63.80710054075098
63.12554781170593
62.539742555394014
65.14930966041675
68.68516369607642
68.72977855975614
66.77182969186947
63.82929463746041
64.39851162324044
63.8607085024737
60.05535251137826
60.45378046967244
58.485250850193324
56.09899007162676
56.23656954106309
60.7949380166408
59.18428201504116
61.97713730737132
60.02839223080787
60.19332581816889
59.50091087534247
59.276568137360755
61.001738394549875
42.813926637110626
60.14315010453333
58.79336123934331
55.98489656309857
63.81805317325825
58.64001081659262
70.0396697847043
71.5168972889669
68.92231463785924
69.62621731398895
71.62688162389213
68.66042800756668
67.92868019692787
72.03840409308714
69.26626609588538
69.02482865102252
70.3523448080764
71.10703692278958
71.06666192432886
72.34671582179249
73.29208182916273
71.47132337306107
70.28263649037035
69.5298217949512
71.02997855531066
71.20607543695473
72.65474267067475
72.50506284561925
71.0916576419354
69.95251204005717
67.7863312393074
70.02091276100828
67.424652080962
69.37504874388378
68.05205934670448
66.50601815815526
66.10144778354902
68.66170774147804
73.23294805947535
71.74812827592586
73.80424110588183
72.15893978120243
73.89000228036889
73.43025979464574
68.48357620830461
75.8999585218603
77.5956754679039
77.33840112139524
68.57129304658451
66.74990977563857
69.7332765784663
66.49580079614816
67.63114822153852
68.23347711571773
67.33437715373702
68.24805805122787
67.22189994437895
65.24179834418123
67.87814284384262
66.83785204996411
65.72529287815723
66.48316704584181
65.93949954207119
66.76430052147361
60.951798952145964
64.95373089863028
67.1437250823169
65.15574961437414
62.573833007185385
56.6930484363113
59.21616642999129
57.010211066678494
57.9030012985163
56.46279766004477
56.54132701412959
56.80678087193792
56.65303276870918
54.286077953127915
56.07440156670032
52.057912532854516
56.45052478928801
54.19939465408606
52.86498410447916
53.50262897865491
54.26448036750412
52.14355849842923
52.40299383437696
48.38451786163159
48.47271914387238
49.81485901820406
50.15989310901455
48.77003645643845
49.18963989553322
49.94309476095714
47.84966665299248
51.54828458709039
48.69545679604789
46.87399824220347
50.959102096108836
50.56685176195765
52.58958793883539
49.74015106076877
54.454996545272934
60.74592837919408
56.75359153900672
57.28539424188148
61.132711424177614
60.14776187435882
62.02195530292329
63.17761278529065
63.76760124805287
64.06660166469055
65.57070552860068
68.48768741853291
65.03931607102481
67.16518814919868
63.44173191105938
68.95347322329053
67.86216828731426
68.02338953944718
66.6623613457532
65.37405398917144
69.16518613479002
69.18952787417857
68.89714851336157
59.817073556514515
59.88784305158242
61.56516761816033
65.85300683060655
63.7868964390143
60.22941000871447
60.3893977504697
66.31686052066539
63.53555448225916
61.76690689782299
63.46504362596784
61.075427509066685
59.07056282186136
57.505457107395614
58.83567940541138
55.984653675663594
56.524649629997384
58.1038156873733
56.861055757792656
57.66735987608354
55.099738025371835
55.09881558482289
54.242957334955236
54.7584446290964
54.42435181351766
52.58551968208167
52.139189347980164
51.08049781093882
53.37428043701493
50.842693755198525
51.23236207592731
50.40941237703282
49.20406439355611
50.45377570733194
50.471997545107115
50.817863779180016
49.9586006863849
51.672546193316066
49.49344642381652
49.986258288779936
48.30179970377162
47.93331121172241
47.61852541280177
47.04874627938784
46.98439448948534
46.963168268503296
45.59538196877247
45.41626263084777
45.65536754044251
48.98599524083966
48.394810586863514
48.71981883804938
49.14085464145819
46.08314242155916
46.70034499483381
45.45154133137362
44.09368006836007
45.80858090450306
47.159175952477426
48.5165798170035
46.95062863300427
44.40934970327885
47.802240659478
47.51277403321046
47.379237383920554
47.06109373385493
48.156545930723496
48.308622332178174
48.76807144195345
48.543131913465004
46.87021863848395
46.527691786815694
47.708483564585094
50.54349880448058
49.168251542360395
49.20523155344836
50.279247925868276
49.66654407837564
48.72011103436148
51.698105115732005
49.849964586197984
49.35496079708582
49.72359044775885
52.412489953201884
51.59741105869966
52.49345142223433
51.46011537022741
55.41475488788092
53.41274578863454
53.473457110388836
50.35382136503313
51.5024153031286
53.305012674752106
53.320647366989306
54.325002159770065
56.21091299116142
54.10701005325109
54.485109521409186
53.798067607656776
52.80025344536671
51.32584435654758
51.62054778000811
53.65158202207158
54.984828655091405
53.519244739307396
52.902453376409085
53.645815017052655
55.182295898002394
52.98614408686831
53.222166179428314
53.69854224985261
55.377944061859125
52.376177399820335
54.37318171419338
52.62824649131835
54.635756979851976
52.312600997525806
51.86566297021477
52.94620558626684
52.30770399594826
51.532218632234844
51.46965311734289
50.89211674616922
51.058797444953825
51.22607556528328
49.95780244251682
51.54673214645936
52.64206588858019
49.959049109180114
48.80456678854239
51.40526173694161
51.67041547698955
49.70314927507752
50.523578405345916
53.715999123000984
47.48575651536294
48.09087152999473
50.12213481982826
50.27570407980579
48.88663992544889
48.714225696253834
49.48603385112506
49.7302650278059
51.48682565692957
49.18722882399106
46.29652959830878
47.00257449459127
45.83217419814696
45.52783414176747
44.270102307999196
47.54519214395759
45.76768153708235
44.83613650128973
44.722552373745884
47.387408855203375
44.85520103265662
45.71114839366828
43.58359521723037
44.06062070511257
45.2115627955327
42.62709473258974
45.0376343441601
42.64109460178929
43.56143208291519
42.79857762097231
42.8938028014702
43.19721017899292
44.34609233802689
43.97169667919093
43.05607164732419
44.81266310829892
47.72924042390491
45.706513653507045
44.99723622311876
45.872221229301886
47.83483882113114
45.16418338281824
44.90826429304866
47.72848625474285
46.30181600516494
47.7548906790646
46.40978350509158
48.94439574171065
51.21572457142702
49.12273083344462
48.839237431121774
49.01000000034401
48.932638355712925
48.569494272938755
49.59702659170398
48.5051603827128
48.229755124182475
47.55783857833944
48.00961697138837
49.19634928057917
50.124683249778855
50.20388175571634
49.616713459582115
49.25799898163382
51.68618217548669
51.496248127102945
50.90631716374264
49.80701661609305
51.49689622593337
52.22599752688484
51.21886068392246
51.28528196040111
51.012255985224556
50.68846187424788
48.35178009574065
48.41897608867612
52.16916868325325
50.01900511821168
51.81210191172795
48.14296727414444
51.49569663322109
51.348089035640896
48.822855052451814
50.340799486845526
51.39633961313484
50.54549114180804
52.60376692353566
50.549564026112876
50.227490249186985
51.262899069390414
48.46190089356901
49.719051847329865
49.44445625731851
47.992099749821364
47.55511700628085
50.5262269794066
46.162535104035214
50.15581601032227
46.538531484869736
48.72180442808349
48.268015204567064
47.05119457099272
45.5500832775449
47.636396991327274
43.777148158974796
45.19762957807916
44.97633699091102
44.82709333151411
44.49087342881262
45.21906687090427
44.37009891081675
43.70687976309546
44.910624347597604
43.572935000931466
43.342610301478544
43.13417946036543
43.1739428098449
43.936907722029446
43.969210290506
45.938429632785756
43.92536273510245
45.67590271080121
44.25138312535637
43.11527146826529
44.36650590221075
45.68815973959727
44.436942294640176
46.79998698185477
48.60559313479598
50.61906609481366
49.08800044612485
49.89125131264609
52.61842711888971
53.65156478610788
53.985818644421215
55.68441538868001
51.63524836186434
47.470099042918264
46.181088321175594
49.65704502462722
50.36812608851005
49.75871048723002
52.09649287854609
52.125276383520486
52.36260166699185
53.47186978581999
54.006987598542764
54.202601522649275
53.52141112581012
54.70273621651586
52.404608781434035
53.5085649072048
53.48175259864297
53.99719300064339
52.43317907211804
55.5191873740157
55.267065863125936
58.44699529574973
58.850133033199654
57.885981992738834
56.61698375822061
57.27510571212815
58.36029526525181
57.36830863359637
54.08033079267352
54.018834568475995
53.16752159836528
51.89308792944985
51.682033574535126
53.349289443498265
51.2505646392558
50.522591289265165
51.79040547041086
50.9476826586108
50.85645611313498
52.0286743664999
50.715080053728116
49.61741157613892
51.10882990886944
51.31671723094132
46.84521174501879
46.85956268047585
44.32529579919742
46.50123822104342
47.136109813290204
45.401226462048044
45.6320228216
43.847273007254444
43.346686970224255
44.21703935921573
45.88437308705784
43.71643811233844
47.298150110757206
48.37889229196003
47.76320692639865
48.34184891108657
47.036975132722546
44.68449221313358
45.72644173566596
45.742052172348394
45.66915685534673
43.892379398479534
43.734288139476575
43.30400878479486
41.09957122783908
41.94168716271497
40.16212273959195
41.5409281630034
41.052171982641994
40.85698283112333
40.48760856586955
40.02805021897984
39.87434479764124
39.522105239318535
41.143222263635835
40.434509563990105
39.48684896850182
39.18225098063044
40.28482373070551
41.28415623056799
41.23866677748515
41.487684372770445
42.361811484034206
43.262948248086786
43.18646283022372
44.21414177255065
46.06926656340829
48.4218212592823
48.16172523823093
49.46421505507669
52.79671437491379
53.6144129794875
54.86257927032261
55.74325223321989
55.61690559602857
54.769629776237934
52.24153060579101
52.9573241475573
53.60027921894516
55.28229519478191
53.54619987115166
50.20560060901653
53.28866203864004
53.48769658881065
53.98977401177444
53.94101084400927
52.81897705420329
52.54367885374677
53.718182787225714
50.32734394879935
54.43437603256871
51.269332215208124
47.611304129228756
51.391326637397924
51.493139229481585
54.866818283766406
56.47793840397844
53.15308746595474
52.508240347168794
52.16914333591558
52.31536226909293
53.601546380514264
53.829136562338135
53.50845724415353
54.25564936276669
53.88816297936887
49.67887570583571
50.17021176487742
50.371232312666734
49.32226694724886
50.119162957670596
50.686788449927235
49.03609398650224
49.282758978479706
47.47564223422705
48.60154810975109
46.570643625959065
46.332958752668674
48.21272952350114
49.76676356712869
48.95096133329571
48.46331827092672
47.93653768326567
47.69250546959961
47.17120230396176
46.07219989806276
46.24885946750646
45.49103979522374
43.754231229021116
44.71898899739426
43.8905574507819
44.15597927836325
43.73330769571089
42.18772279836253
42.051466986227524
41.91008971368251
41.59035178631916
41.068913672155986
43.339439806723476
42.87484363904082
41.51953349774112
41.70158045106041
40.34037846640604
42.04322636714369
40.36532271977376
39.83771650806875
39.88200822805538
40.117105054941476
39.74991685051327
39.18500496525121
39.80282312369059
39.14904902114972
36.59763955444123
37.82420519537527
39.342015395949375
39.737262382081326
40.046366708993446
40.153042673252685
39.33951487319314
39.23026521289921
40.84652207874524
44.22471794926719
42.76508165507812
43.27634164728988
44.08892327097783
48.498242049017335
49.93131737539625
51.56316788966433
54.01521274689844
51.726064177763874
50.31210578607897
50.18463654434436
50.3756053758309
50.41707942524158
50.83519850387438
53.38822213909225
56.18374677974498
56.36879718946898
56.25805942515785
56.50587538882087
57.10133993553518
58.61314790950064
57.95495797211561
57.4939001818866
56.73805866108523
58.06318246216779
57.633153588122696
54.22695747934563
54.7407019527509
55.51435564020676
54.964696973608625
54.34265020001067
53.019310136170134
52.74453394896386
52.94563347952544
52.32379971010687
52.46282865908279
55.41876856987483
55.653741165325755
56.00908877262327
53.886880406003456
53.825195867369075
53.47730793612436
53.443589127230325
51.702785020697775
51.52652205129766
51.89665862385095
52.86698658287651
52.11324220806955
51.54448533527716
51.89239880647847
51.009240481323786
50.47674611847333
51.63836005746748
50.26966275932887
50.15387865765183
51.225311166808524
50.02120274022354
49.06387682163768
49.688844762198414
48.31599608491115
47.58924904817309
48.57069804212756
47.9485604325298
46.96707378287874
45.210018461660866
45.762516110894694
46.40140882380956
44.45194694892257
44.01932628158943
43.20515089806736
41.43311597401271
41.895593200977146
41.90369511809013
42.15627107962655
41.37304448765008
38.32225803148026
38.19459117145834
37.57495204706788
38.830047085565184
39.98683921437214
38.940003637781956
37.62509892815251
35.69970790204707
35.818827391785135
35.63315913012843
35.428007720387996
36.369697964419174
35.86879558114197
35.72586160143214
35.94629444464522
37.52247659553291
38.10653020030509
37.74766169066561
39.35163164302958
39.39121735089657
40.913981294376526
41.44418352282628
43.69705282893119
43.76847695350989
43.06994827669587
43.69857699789736
45.92237002860361
45.939037283089874
47.570754993600985
48.736514740423445
48.602785961497375
50.36523472423255
52.95268418731848
53.77773105241204
53.36675747109575
53.83512792714805
55.42646318056177
57.17518047782278
58.23455813349756
58.940534434773326
58.48140390805884
59.721990607650696
57.782383010561716
56.65505033563795
60.58067478938119
66.44117744315895
68.1415413562795
69.57812730605247
70.30146445416835
67.04331113983972
67.3681942115777
65.20095089233837
65.2572786011076
66.00609543031737
64.8092468032005
64.33277413703127
65.27545617044098
57.95657706142356
57.537468336370466
58.75691992515408
58.20323956948141
64.1197023434047
66.14524237728983
69.75228743234652
71.23278282475758
68.84674433053897
68.90645401386291
69.56436586526024
70.51521068015518
66.99639028777574
64.29815500804125
64.47603498666945
65.06401683303147
64.30268958131046
60.443177255127466
64.82109733360903
67.02194740125015
63.912486402474315
66.9314339947075
67.26401906192791
66.91809958779231
63.90275439819811
64.30320519855354
63.94637716671946
65.32939613037433
62.782714487349494
62.122808703556075
56.80362821474546
60.373936777601784
57.09896693525775
57.08166172466963
58.60087714181964
58.7846802206127
58.172928883885106
57.3982129202941
55.69937393804639
56.59111488693475
56.50701411692444
56.62371059982797
57.17684563498369
54.88199536858497
56.309223656777476
55.41833575525902
55.32317608536118
56.13575427976298
57.209834510451856
54.239754418404345
55.19996795556381
56.01263886398192
54.643167568671515
53.36656464949397
53.526336938943814
54.69952466996415
53.699516963098176
52.623278922639884
53.72135255588796
54.50356372027227
54.94599725766466
56.974885364390275
56.791340628601574
59.92340442836894
59.415996945480856
57.19608748753967
59.46604975741684
58.80076425423613
54.541582037762055
49.218913806776754
48.73506476035914
50.284323073263295
50.27266305723629
49.782554402956066
50.40148265924199
51.503327766894245
52.942370926977446
53.03428296838479
56.14741851916028
56.52184785203508
54.849165705690666
56.198476324430885
52.31917995568074
51.10268630816881
50.504238232179205
53.71892304870971
52.86886167052853
52.908396972794435
52.758008188470285
59.40699890742553
62.543401874458596
62.9668182349792
63.164255676424546
62.74192366115744
62.525701380547616
62.22610906362888
62.34340599276402
61.718907201360935
61.67655050280473
59.706350005022614
60.22615386786515
58.90394455189471
59.761614758735504
59.39094061859032
57.82310245935014
58.5998083347381
57.95691113947032
58.18906893376425
57.443763156831665
58.34397166102099
57.113660223001716
57.67926635799927
58.22881653286572
57.44033431152047
56.531953777059925
56.01162882275321
55.05584533303772
57.18254857103648
56.11307688814122
56.26029699074047
57.77912687394769
56.27029461389543
56.679113491727094
57.570600807908704
55.55822614035651
56.793202134867215
55.71322478237562
50.12607309729219
52.961724128644846
52.72313659965903
51.313799983325225
51.3803272215539
50.38447275148883
50.46033048450022
50.1597533093709
50.26000932110105
49.86417197976152
48.02060908803492
48.51503278229666
50.52483446273254
49.11292340216983
48.31946378476323
49.30744759051845
49.213617018036985
48.446948481055415
48.49950148150401
48.19285031394429
48.71612861714357
48.24060891883096
47.568230457383834
46.97890310907792
48.336217599204474
47.89391520856611
47.543270750905776
47.06109977050346
45.81283490350188
46.74442510894073
47.67376430477361
48.085898207018545
48.31089299361588
49.61370871617487
49.21500942542525
49.35393830537441
49.948039746453105
50.25740025696609
50.17615040821511
50.48282768018521
50.16011225735974
50.858152405226065
50.90799119579492
52.51309801852017
51.79201844114232
52.45479177742891
52.59630269798413
56.0822751272633
56.80575683297138
55.882324624264356
54.43945994552723
54.183921074467435
55.829036217579414
55.82602443195242
54.92599153716719
55.02997791788425
56.80194768540878
54.0736928887045
52.44620828756479
54.22728797994182
54.80453805672255
59.56650843843909
62.17377105652895
60.963310376509526
58.746124328165024
61.20132873365628
58.014218425718354
58.65179741257134
58.37706351378256
59.78349748312985
59.08610207641709
57.63227527422714
57.3662100150641
58.29825720286158
56.557967720757915
58.444668166000156
55.950645608427294
58.600975362627196
59.71714429974736
57.79411752848023
57.75124351763384
56.33204081069425
54.51308698249363
52.5467492837538
55.661472126124636
52.96959293575628
55.67922611288054
53.98402785004828
57.25503228607522
53.9096502004661
55.61499139095531
52.90313876367145
54.27602924401344
54.85629648524127
56.64639091365984
54.68999290858437
52.691583995452675
53.11980881408999
54.46975058186649
51.745891823379
51.413354908697556
50.850143368195404
51.07012054532015
51.2562407375699
48.91011965598295
49.337163742421126
45.38039121741099
43.12367962532153
40.74777836993462
41.57445474996962
43.3546233918014
45.88316397125732
43.196714545551686
41.82027605716394
41.970978629772844
41.55558369128812
41.200282530149025
39.25175656166812
38.97054427808666
39.82349771198665
40.30025473153296
41.51506110769242
39.47398518875934
38.24296463642213
41.05417047740866
40.382814547511316
40.754091960820006
42.4962486376744
43.60597616976361
43.10386146460519
45.01937080968764
44.506196874287525
44.04903379359803
43.749235210088955
44.127458111980104
46.776817142428854
46.98439619368537
48.16677172940399
46.632186754639406
49.569998995340256
48.305904873181134
47.30525081232963
45.92921605066749
48.84001777947992
48.281575463874105
49.60199399128601
49.30399893621666
50.39027679277524
50.01322469360707
47.305564404181496
46.37757561762237
48.80781530107697
48.636258151772836
47.208078171901434
48.54594593603542
47.984671858516776
46.32184399055632
46.14151059466849
47.047447053941596
44.796964945726586
46.672277911623496
48.257476867993546
50.024837478383915
52.254408004556126
51.027660707157565
49.22036575270113
50.75582037763343
47.33126685061666
48.453411100248786
48.47651569291065
47.326478638502294
47.516403500141905
47.88941105395588
49.74788318355104
50.561668360710655
49.09956717829482
48.21046024194811
49.7777058394156
50.555763185036085
51.900683899383466
48.593334779301586
48.20055939758868
47.869749316625985
50.62140088077399
49.21177296951964
49.90255263405834
46.92362785302885
47.76514443503356
47.17190977830796
47.010414914647754
47.191824097289555
45.73319462159611
46.62063211187183
45.603589814566476
46.40010287115979
45.04684559763177
46.30162441923699
44.95686230150454
42.995185296785166
39.22073183807697
39.033942430051866
41.257789771560965
44.016992982598595
45.03683223402504
42.66428485949859
40.734654935304434
38.16858938791597
40.451900312107
38.570172685368334
37.642413708181266
39.26028382463983
40.06802530811524
39.11296279822977
37.32994567604101
37.60138840093896
39.38197622222992
40.096427139548496
39.69091719098219
39.628037828899096
40.30163351215538
43.8205280376219
44.48117303341837
47.73830683760298
48.23409212365732
53.636724050236126
53.672215182608625
52.811885350180546
53.4305685614529
54.26029696661044
54.78373681401854
56.70272092857749
54.48014044701927
53.00173426663673
54.59325345648858
56.79395596622362
56.31077556288187
55.505409619723196
56.010090388340586
58.219280501465164
56.53802897281048
56.49440806864095
59.001446938469144
60.33765869542913
61.7197437059026
60.75631618052648
59.69992944792966
59.171866944329395
61.16461607992733
62.5520595649964
61.41632191822964
58.7734805187838
57.8240855015797
58.47100006271057
57.485404967481145
56.71253157636738
58.3413170534991
56.26511067894285
55.3459976044428
54.78468167269375
56.51795916323317
57.31482768430283
58.99317810662433
56.64703066654465
55.726253205004014
56.051563266997164
54.454646444670516
57.50618677263651
60.19407743000147
57.15502799332057
58.143498939829215
55.427281491552094
53.826919431021906
56.38863640417276
51.50223777692395
50.411928028399416
52.20892913399621
50.50473910205528
49.62374078977132
50.1157725684393
50.96319971153184
49.069283265043396
49.61052018699115
48.95230169111619
50.091843466173714
50.56153445574364
51.400030902644176
51.15236046658947
53.693836605517845
53.789109553650405
56.33699089687116
57.40856758072118
57.59085143110724
58.543094004912746
55.03168004516306
52.013539914995135
50.81732882264396
53.80007346350294
53.185161133770634
52.240092712881506
51.62006928092137
52.07248780327109
49.839103515842
48.98434344903944
49.79125503664636
46.41468910644244
44.29913221970787
43.68666035421211
46.364034955251554
45.62651886633125
46.99862109503124
47.56419593397004
45.595432964566044
44.61577283364181
45.96022767122895
47.654371191046266
49.954969762731025
49.94298439088357
51.896669596847914
53.23664589278019
52.207091637574194
51.39106023312388
52.91192486756654
50.843418313266284
53.69080716829603
53.19849951056767
54.09200203626369
61.33605013224815
60.391105666457406
64.30420660996901
69.13343825536845
65.39222933400606
64.56628761816228
65.94019462161486
67.81841374528949
68.40290929733965
68.1374851373439
67.53755014950639
69.81938330532489
71.89385666658131
71.37961587109089
69.95180693576913
71.91536006837305
67.47632207605238
64.28679973337694
67.71354192372382
69.45139017278825
68.47227632537442
64.21483957131636
64.17146212873331
64.25562071828335
63.49871746767985
64.34399048585283
65.33716619819006
66.84736079261802
68.98739799262921
66.68289806261669
65.19338754568503
66.62404298444335
63.1834208223886
60.414051018294685
60.647374160339496
61.08783712501349
63.038541871551615
63.01795264554221
60.727979336858425
60.196492850974664
61.11969051957135
63.095530040392305
62.85691176471664
61.60722124858876
58.8459141151352
58.84500898943202
56.91169947159983
58.54835936988525
59.36652053833677
54.50764065116482
53.30985969772337
52.070168979684695
51.507043590624335
51.39502294870272
51.32018557583956
52.729844340053205
53.169784831441575
51.127372259544245
47.63932795990263
47.859207613797025
48.852805798411964
47.36179867068404
47.74490790958339
46.930308094346856
46.44471122965615
47.30169859093735
45.98626356259706
45.9695721691528
45.59703550999939
44.49001455573966
46.05340205118546
45.27023796407866
45.7136918258268
44.85639479300676
44.49528073080228
44.41105616168352
44.269692646324984
42.8811762386174
42.14710283480895
41.87381358338803
41.039738020459936
42.238789948984504
42.550779494930794
43.53419928241692
45.31070916238673
44.787907627983486
45.88263520008536
48.10090465798635
47.80959512725394
48.50332903589242
50.48848584180996
51.397356497904184
53.84325658577859
54.01193066477413
55.67034317520074
58.526587394055696
61.36933096885923
59.80200389463084
59.21720981689532
58.846322537177
59.13316750959825
56.909812983583834
58.41378598468782
57.395378531851975
58.28651812504313
56.48228284424749
57.41308875731238
57.757885188355885
60.56613222393071
62.161507718231405
62.03457531291565
59.59324726299474
68.58090719444294
67.32883406608198
69.55667205046916
69.74520458161032
66.77752044780391
68.28294645028768
67.96794068233203
65.42851969146523
61.86808699386643
63.541441960051316
63.82310751021669
65.56495610047182
65.95556956927976
66.18667053703189
63.96131145449954
62.220125109606215
59.56861175981339
60.35077324437543
57.91604476622251
57.95553092470277
56.41597256209161
56.92405369863718
56.62072539713449
57.26830929420021
58.21060543621775
57.579151088744766
57.83367383356904
56.82289135761357
56.71082487624858
56.827656889405944
55.633486522856856
56.18999179830553
57.48415922915683
57.337831241004096
56.91956597713647
56.855642608577455
55.76005849020521
55.207475008851134
55.48162548428627
53.95368171426071
55.48555634341983
56.61747536739699
55.52289923516787
51.69460638032501
49.49856036368101
49.386851713273245
49.97559320897835
51.61114949409648
49.60081377648294
48.27268842793819
46.97108767590612
45.36527969364738
45.03810237112543
44.96711651720125
44.261507890369785
44.757908737405614
45.25767000594692
44.82086407025599
44.375465930363134
43.640645707411295
44.17336801362194
41.054602317261015
39.36190333876584
35.45320559919378
36.45602102687485
38.46975076763874
37.601447362957515
40.47717146004243
49.25054645218029
48.59757376366451
51.2287107011648
47.996662266556086
49.510876749315685
51.23924861377213
54.69670889672443
55.527254564281975
56.22001122221923
55.88280726386006
61.22708994632558
59.89593720002222
60.9525724124087
58.07478787648006
59.04415705512497
59.19956168432918
57.20771903962782
58.08825517872879
58.35683385978268
57.70686476727724
62.73403739102014
61.65022987959878
58.69561272270357
56.549871614733775
57.244234354703394
60.48789075461946
65.79978410632452
65.63801738704751
67.89323845515719
67.67086316484483
66.63532700413589
62.94082711826877
60.220494517398265
59.965776504105634
59.84008607454848
59.747305475852045
62.32140463331598
64.13429579936837
65.7051594439954
62.86118177886374
62.85114094431765
62.65929959484038
61.532450480023954
61.49070556075503
60.357378643137054
61.02695852174611
59.622386049571105
59.16847770714412
60.722158380569
61.830622493899455
61.03630229183909
60.9458280155543
61.76689823847914
57.58168799159694
57.84901233207643
57.530489798990175
58.675235335429534
55.28593971194687
51.76898849693998
51.13749727622985
51.83285775763238
51.64503605436403
50.80418480808294
51.69635288557129
52.39140381667744
49.889070497727744
50.71497673153158
49.351609485211156
52.464324678230014
53.372597294503066
52.35915804577621
53.37858895116915
51.790135706792626
45.72599758457113
44.20714360015654
44.598422761727306
43.667193292389356
40.273675149337805
39.56553088821511
40.3017207371945
39.49310120514633
40.79327109566066
39.88981322888617
39.623349568549656
38.57515826512304
37.897516107317415
37.80242898012102
36.69029335950631
37.86621292060954
37.62074332080738
36.958973812831346
37.028417777557024
37.74933953014761
37.76493305496206
38.179783325894505
38.04228193407721
40.53560892546102
40.774727103857
40.932064429025786
41.42469193207762
43.376184167903375
44.94426866727554
45.62687353992828
45.94851334443047
47.912442205502884
47.40095478018702
47.26112849840456
48.233365934416724
50.08323303860084
50.49866993467663
51.771940630603694
52.21084321888702
50.24398523942136
51.463972599937506
51.650619404745385
50.675373088951346
52.30021306920571
51.84670470304172
52.07446950233998
50.89035984603879
49.21820485628314
49.136891329147375
48.671057714895596
49.17631145807127
50.05096844216132
49.21525618442047
49.324855445005596
47.00901935298407
47.43346557222367
47.50073192695936
48.02348224103525
47.960207307578
46.938995715800274
47.74727585137521
46.58185649481584
46.9596194117039
46.18672255365709
45.22439897827394
45.0106896372788
45.408806390314794
44.08026506866054
43.46887369669548
43.74887029299134
42.83091659729257
43.146843381309736
42.99417023217666
44.28259553430348
44.6666751724224
44.79254128921252
42.56090188044368
41.76366007805109
42.81978645708841
42.46348907569427
41.70714683472397
40.841373209209905
42.81885603904516
42.46880080366964
41.518677524543364
40.81729696152365
41.98247688801939
40.778898185956905
41.3086356493327
41.0383387631432
40.4045044835384
42.1182935759507
42.453736520110624
40.99372853696241
40.27495308811058
40.64600376057706
40.5129593026295
39.893537798199304
37.99487309460574
37.448877994700524
37.65803937938881
35.57801901679409
34.3628066558706
35.044189602474034
33.735947490074295
33.42248250998409
32.85732222725119
32.24104081593282
31.714749856865637
31.25702976077173
31.288496023305925
32.45434593530422
32.68213125669354
32.7137385431372
31.590119347398286
31.93497935140067
31.137777369918012
31.537114021598654
31.52918635965284
30.32019216046183
31.200077911933477
32.10561632280496
32.01951745747533
33.395022637855845
33.71375721025902
34.46158975374374
33.64745593608404
34.35394760866984
34.29226949435156
36.09263866875244
36.19524822703397
37.80138950816172
37.38348486551013
37.641272484044975
38.16596601530091
37.62063434596644
39.56319003284898
40.682912760832096
41.32844593231107
39.59933728066926
37.981663410700094
38.42457035679695
38.58000152553359
39.099524744663995
39.281937488093035
39.4859585331551
39.389529743201365
38.5208537782396
39.55766092109434
38.190548105177186
37.50038045782071
38.0986907055169
37.949788867703546
38.21966432474869
37.85121435189126
38.226320847428724
37.554497099367154
38.392364162802096
39.22839106846618
41.17287083268252
41.87868652339603
42.0653677535895
42.433035126599634
43.31066927813026
41.77288547138096
41.488191336854015
42.05530833210969
41.971665245156146
42.0480559929465
39.53212660395798
39.194499021722095
39.32289074818755
39.27835840253033
39.025215029961146
39.193767671243904
39.339032030566386
38.77555809713249
38.612894832441725
38.56798985828482
39.44074605309265
39.399027174817775
38.98264118623729
38.7483116162075
37.41939153490466
36.75835158978657
36.71334085792887
36.86807178455615
35.974010694207436
36.75154950131741
36.92207161596707
38.463712278007506
36.07618538349607
34.243597602432146
34.78638237585005
34.010974315303656
33.52581489574436
33.92533384470585
34.402903975289746
33.81921687389831
33.354107578574485
32.689688584026044
31.522748594939685
33.09129301806843
30.892701023277823
30.34175141161313
30.6054056002597
30.088092542818686
30.960650524169978
31.780762512779802
31.571090308703788
31.908793394889244
31.360074407136608
30.980010617862945
31.27992678784358
29.463492837205877
29.598259630500024
30.22586821952177
30.84272930990801
31.292205897714666
31.59778862965254
32.03039363192465
33.45908237409276
33.12759024839488
32.958578446229694
32.02650910419243
33.07135294042769
33.56762714752176
34.21089787373057
34.97500956451722
35.23537731250485
34.486088552784395
34.35103552182318
35.878688035054665
36.956726040886906
36.57162575848929
36.440400784811345
36.43944732971431
37.53339529066011
37.340540869357255
37.4319380497177
36.53406573194434
36.71276434335846
37.884105841173096
38.72943791273042
39.39847059096178
38.613771007395826
38.32740877675019
38.68301059924033
38.813775874425346
38.95233009718413
39.477324729172324
38.7977340894181
38.94275248632039
39.116330558905474
39.556878079693206
40.03118002517749
39.30120031763363
38.27134803425315
38.11692534820645
39.17219589776914
39.75711795088546
40.24934929944084
39.9939706748155
40.508413060515295
40.252762528415815
40.031940867218964
40.237454810498775
40.2839150317011
40.33045291587382
40.159250072834084
40.28237085176556
39.88985318846994
38.98968928864906
38.450770162550725
38.017770689622694
38.176118485159805
36.88780080757738
36.753702246347075
36.06605667883014
37.065452222897875
36.56595877345421
36.731841450220145
36.02107861149307
35.61602424534976
35.14218626497359
35.48972553307476
33.91855739524863
33.83077264617759
32.96058674911865
32.66502592184315
32.83432139124125
33.10936410189561
33.18753374867583
31.671769062711064
31.05967100208136
31.231114123452016
31.46533290593493
30.91155926939564
30.8181985664055
30.282800563948513
29.850440903572917
29.482075610640095
29.188122689525244
30.14840009610316
28.9168329209258
29.04066476592334
29.526515779045894
29.798151257823292
29.360709068126198
29.409617206232042
29.608864082455966
30.416826096953628
31.987977479630672
32.02439140014917
32.97256952582279
34.30715640715016
36.55998911670213
36.63852869847642
37.41218373004972
38.471090253585544
41.610669316357416
41.3399476671957
42.0051397275156
43.12409174763661
43.375359904910056
43.54838425631169
46.47618329648367
46.46014108833333
46.766983382844046
46.90883325774735
46.845545364236386
48.086016513361756
46.330647743473946
46.24794491052057
46.284366406764775
46.230717291963856
45.779271056717334
46.65265613504562
45.898674321073486
47.064217489166595
46.4570859622213
45.7159781293833
45.84074548156332
45.78876131971538
44.97482976635274
44.82358022994549
43.82775495563874
44.718257711732804
44.69453948918476
45.98923936886922
44.66410877645944
45.236238118101255
43.7207021812701
44.02647975110699
43.64321126953428
42.53301323987171
44.76867185127321
45.938631731877194
45.43941004666499
44.6622511572923
45.39321587772292
45.09159399434884
42.54115234619849
43.50606911152113
42.69762127878812
43.05545494740295
42.20269448630893
43.26306700531131
43.48589903754714
43.081672935175675
43.173776354539314
43.44739630820186
42.437478168388
41.18045670488641
41.727738216105536
40.81629797407231
40.12655887914025
39.045706899163406
38.104805916743544
37.8710189299145
39.36959500429634
38.27562737822359
37.696475020074786
38.47821960891633
37.37442435159596
38.679214422391624
36.534382377179554
37.20713522463075
36.22739772380146
36.28471314583794
34.808477843510445
35.055106242161855
35.1655645050223
34.94181972095657
35.80814624980667
33.29651089602703
33.53390319332857
34.69708713555542
34.38485444965181
34.23042959359145
33.7064645914802
33.634652715869606
33.631998351564334
33.75202497179089
33.787968080407154
35.10418286779827
33.93612828380856
34.93147410798292
36.243184186838334
36.31129117641581
37.88871181627178
41.25916769912237
42.0052755048132
42.04839064633734
42.96662656561375
43.75710743079162
46.51182177266833
47.36858548587861
47.008970646797025
46.291037126326046
47.28445490256581
47.5608778145363
48.729497665220606
49.685313088933526
50.007046171073625
52.20306801188849
48.99251535090889
50.02049403208457
50.06155523874622
49.88178152346063
50.98726585598956
52.694513033568
51.01568478024183
50.238858000722985
51.2446155712023
51.54390215652438
56.59961668981714
58.02698513931546
58.352431793064625
58.89553400117029
61.005718066091504
62.48491472084743
60.049700634053806
61.021879768562485
60.34080360505391
60.66076086800058
58.544183320070715
58.90189519372689
59.395887817000585
56.29911079241583
56.209325484336205
54.10881475154156
55.85260223218825
56.00710032490497
54.63260580961105
55.00129068160004
53.47271550528285
54.503738978529555
53.68719974442229
50.64336468531633
50.78648220029254
51.259971125479524
49.64007655074852
49.86707534417269
49.080446111457604
49.11325108373194
47.96603636180498
48.30223554160466
48.995713397116106
48.185781974735846
47.53571924774769
47.97718455290874
49.81144086687641
47.5377508098677
46.371864610729745
46.27580047537185
45.99351396168322
46.844510018454
47.22945553919658
47.792196925818644
47.82009121297824
46.36052388268945
44.83831030672809
45.768662688321
44.779391573837984
43.465757570463666
42.05798198823754
42.312341566204395
42.53517403507658
43.21397242354578
41.05558460994234
40.46122982692759
40.82760976910663
38.96115137211359
39.766958285042165
42.17496678423504
41.51255623915404
41.29739705171369
40.68379421795021
40.95821628724502
39.543417144349405
39.35927696632325
41.43900729728739
43.46761687773778
43.42393338908232
43.643782893492244
46.522204591567515
46.43696659701686
48.05277029725676
46.79684259442274
46.731983197156296
47.08318239265964
46.876170437427845
47.651486077961636
47.93819901257075
49.27545112851567
48.796074995590516
50.50160388756649
50.33679581781416
52.06179118824866
51.57593916599944
52.861926134459964
52.489874934708496
52.18538400780767
52.668221048304304
52.796936421032115
52.44299081152303
52.178627540975185
52.2081072439064
51.559135304224355
50.624065959427526
50.85045731902096
50.92604443782602
49.97077843372881
50.137376069783386
49.85957522484341
50.760826143612576
51.21102594503327
50.48940004092174
49.960937475095534
49.87258443257815
50.81777547174852
49.96689749904908
49.7193968427473
49.11073735783566
48.35367511133586
47.496745034713285
49.10625560944982
50.64413152439556
49.33735704533774
47.620151798925235
46.897380582621736
46.55340266762096
46.218356530213896
45.018586050332715
45.75055206667798
45.60113868370854
45.223693285614445
45.03807884831008
45.45873690547887
44.57542164338315
43.86640913743986
43.6973028800935
43.5036102097863
43.09436577436145
43.16657116234569
42.46583528441079
41.5759678950003
42.13977055026953
40.821646663310275
40.539439027515755
40.58685137717339
41.08952327759425
41.01059958545943
41.496396584025206
41.756808951583935
40.91769447662955
40.35986314816
39.04497266038743
39.18956912784415
39.15185768073343
39.63576579486676
39.438646575696566
41.15625367993266
39.436618833166676
38.77389951854366
38.98010222735138
39.13722033185741
37.221222126427165
37.013480517495736
36.68531599730295
37.29561171670957
36.76781991818643
36.81925513775445
36.5877016841946
37.45602446676662
36.702137175910366
35.527445659402474
36.886328901442766
38.666347193212914
38.34817208052368
39.86047853017817
39.738080923192456
41.153023547096154
41.43840201208354
43.278968227046335
43.84766828236047
44.41470272292213
45.35864986306706
47.35160509996854
47.88106081144224
50.72292598007971
53.0683981308116
53.14029313078049
52.784089399892764
51.5039684463959
52.51304590493464
52.89790236563999
48.62403227086088
49.74267095369896
48.975156937244265
48.828795731821174
48.257970994442985
49.55805572843974
49.631594138626724
49.38382164443533
49.88665242486218
49.34728828040397
49.449918840569126
48.21671144708648
49.05044826948006
49.95301052333161
49.559503109758225
49.833271823743644
49.98036235945233
49.19068444074924
48.59053420217106
49.477844981590124
47.39198131807325
46.850773821691064
48.19818752886931
46.93251229304087
46.25065549428268
46.72264668042044
45.735269356510344
46.314659283369565
44.96175249995804
44.659479652910704
46.0993844932982
45.05686094371595
45.37113793953745
45.83473605217932
46.30426813476856
45.45737425570155
43.65870433978898
43.50330056177586
43.31106979800052
42.61017555251874
42.93573775065806
42.026561181573015
41.570177685078306
42.33345591237753
41.25268294312059
43.499487221899926
43.59291740806475
43.73313626445338
47.29723628999591
46.561704827541234
46.528031738869004
45.902706311416296
43.983996844619924
44.06950590928568
43.74936659330342
42.84665867053309
42.847135157935554
44.01509490227818
42.38662117141689
41.68588546173282
41.620810641425805
41.270470154179975
41.3711150051563
41.3859412528177
38.99977971093335
39.02410997724837
38.44195436941823
37.55541742183732
36.819075128998065
35.93023601739674
35.39042852993839
36.07611742915219
35.472356491276514
36.57698565900796
36.917574935654784
36.83594589162135
37.43566667859545
38.057559041877084
38.108461794933646
39.963429173163604
40.07156966398861
41.713293411765335
41.81111908823368
43.421883467307225
42.63311538173207
44.080422133089314
44.94892671339949
45.89580868715689
46.52275610003517
46.59176340719159
47.85617259794526
48.348762128060116
48.82681782299778
48.55213945866262
48.15725442740677
45.92632330731976
46.988484654638796
47.61854033910822
47.28180362762146
48.392131009641616
47.806437808244254
46.73418903791162
46.496367746632586
46.89880813966283
47.24538098609719
47.56209440454177
47.52797745718999
48.34824385981938
48.317385973235105
48.913280478381694
49.00842103068726
49.247336984816684
48.26589807348046
47.65916745935124
47.28516048573783
47.63962526791806
46.873179721726046
46.68025972817645
45.28946881986303
43.12635994644961
43.51825752063314
44.296028964533434
44.54343582079264
44.34467905199426
44.337857269983715
43.27995255866108
43.054762176584745
42.940112907663206
42.92142266712244
43.097897223145765
42.3606368043977
42.85619163542492
43.30946045268206
44.378549084328824
40.904645994019575
40.69867041307839
40.40315567642915
39.8429971832245
40.632122098891614
40.63336375787139
38.381644456304
39.41519592481859
39.25093482818829
40.0824414159365
39.48524603927194
40.774805626494754
41.333742363469355
40.232374705641405
39.83940338621369
40.56491242171319
41.172632996505854
40.812004769606574
38.77782861536798
39.573497592437434
39.91859457796227
39.23199179751418
38.9239230480448
38.288058881586494
38.26912046432608
37.53733558960539
36.77645132997236
37.23751784743877
36.517006644364756
35.71261112772345
36.58167941737065
33.55169622255835
32.762032384064014
32.49899477200029
32.50163957610994
33.06818273667864
31.912471305437748
32.80096790528819
32.12966814147262
33.478502458548746
31.975039826771535
32.96850393073987
33.347251253512695
34.08436136161572
33.53192692657353
35.246374252094256
34.171953381063304
35.34951404188746
35.98296075968119
36.95479358098328
35.643590286123754
36.45589603182816
37.70131677948257
39.92457452729923
40.61843713548251
39.9544871098617
38.09403711130244
38.55819103424551
38.81127364647682
38.858414944210836
38.16114081612932
38.727219481447264
37.52546064058379
38.140566562462936
38.86983190199999
38.673886594465785
38.319241191589526
38.79927082999234
40.574170393446366
42.57803750081462
42.07998495532502
42.31532071202082
41.155955060113
41.72759840420258
42.591749876962695
43.44847839636395
41.852881670776696
41.380224066065466
40.615327615846354
39.05148105675562
37.935876553571234
39.01855323557902
38.34366474168428
37.70450328002403
37.16370589601752
37.37777110988441
38.117623171703144
38.498619859138216
39.07534348335912
41.14945143469686
41.912020185149004
41.66098389855097
42.41623662783013
43.924068697255734
42.901935836372104
42.07388915533693
41.81441824535773
41.60552790132397
39.76258583573849
39.802749468439515
38.86385866985984
38.73109158038642
38.793330301962214
39.260253079572976
38.67420270216098
38.18856897151227
38.791192056611635
37.339721032165244
36.34590876919128
38.013969690412296
36.84920760481782
36.4890594892895
35.575659600848894
35.47645820945672
35.05049417678674
34.58805332891416
34.73599874023057
35.11978668521715
35.82895032939882
35.1082187754796
33.11622797960922
33.64008688187141
33.36243085679894
32.58178483663005
32.45524432695629
33.344047707533264
32.26046743670031
32.72513863377935
32.089998867047825
31.75316261628359
31.611646390851547
31.367823014115856
31.064284582220807
31.06337587900134
30.587045008228415
30.665254229549646
30.257043925451853
31.089758553815045
31.412911352467518
31.597761521814164
31.375223858296295
33.307564536000655
33.42165083897976
33.85534744697179
33.119011960264515
33.705974484172884
35.063478722348236
34.58165488586383
35.7737617994087
37.11783359356332
36.72045492943971
36.82157903783582
36.20053267555386
37.20543451075605
36.93428200187691
37.77127258181622
36.79239367126843
36.55317682528175
36.443302875711424
38.35384295914787
37.32538737045161
37.57235991081734
38.60249637183915
38.240090065592995
37.787510991713134
37.407140389261485
36.610263216316525
38.24894811292279
38.89092242925676
39.4391750694997
39.61353611364234
38.33435547353383
37.78306490390969
39.58516390464274
39.98781958382824
40.259647536006696
39.762302317759804
39.77700780996679
40.569623173010314
40.039746767902216
39.735728623564
40.2874374927851
40.44049106291118
38.118197956423046
37.905460457975096
38.88981917554793
38.849991978063144
38.344701024900814
37.70035029770156
38.86318015676852
38.517661144976955
39.45028314914339
39.15087098486856
39.90548400194575
38.57850427497169
38.66583452047257
39.08614174018544
38.91342112690404
38.62352702526937
38.66399289252581
37.10234420804318
37.62901100038562
37.1116648364557
37.655684919975556
37.23439518617033
38.13905848884383
36.99337927391548
36.29611301637624
35.3774026977253
36.55904253357107
35.400611383436626
35.30915829550304
33.87910554151881
35.28990849668048
34.07797509293346
33.532915793861775
33.07063702091864
34.104569319983966
35.75791183495676
32.02395851154506
32.64831917865308
32.82738855594448
33.128477779231844
32.283555006241386
32.015003574549155
31.512993717177096
30.949969003680053
31.24982854371183
33.34639928263232
35.80835547520951
35.83991141648835
36.65663655338494
37.66928984616652
39.99977561195351
40.30890001699754
41.573383744072544
41.51571782326914
43.98555853675816
45.31336901872828
45.9705384507115
47.77829224583684
48.572821174797355
49.71229973222262
49.78578150509588
49.329810559858515
49.919726316449896
50.484727435191644
51.60959458092134
53.92079524910059
54.913771101690145
55.635115695014065
56.555665949816785
52.63792026422243
51.1765096971269
51.617704334957125
52.36646294680122
51.89115883198747
51.846463609590046
50.84709946724956
50.726522193991286
51.65276204098518
52.55242754134679
52.04763901404385
51.60868764434008
52.2181387711953
51.35325195992573
51.62733559274193
51.5232275204628
51.31916954883445
50.879052565538586
48.925064442724306
50.986183103219446
50.049087907753346
52.19944944059307
50.52865587739575
48.67962579578261
47.689625148568666
48.68639429092491
46.55212861131895
46.88936644612636
46.388358680885176
46.542045148336456
46.20138491480134
45.58962952651541
45.54303489570066
45.38664358284041
45.131071568289144
44.57601912083919
44.29775231262238
45.47069009152665
45.013395427687556
44.4880356691624
42.35853460983412
42.92517750569823
42.999349372651295
42.21369334737301
42.912482078653056
43.23826811155254
42.21344873274279
42.83972372710946
41.64287236835048
40.65784481670153
40.41801029430417
40.4743682199246
39.55835159047001
39.70007136834897
38.728057900906606
39.22643906084181
38.678556947719244
39.311155264262425
38.78475474048378
38.37329032233811
37.74658039987912
37.380963726353
36.819080552629885
37.20475799650967
36.56803397038675
36.41647198916962
36.44780817890273
37.101527756142104
37.34221916971228
36.44689976802829
36.22725323806753
36.95391079811543
37.75301326245085
38.72904123726721
38.76253289954161
40.05665509982987
42.96045322407667
46.526402993510146
47.6974568153928
49.58336217473834
49.36656370827677
51.124960975972726
50.46756151217505
49.76567447473417
51.36223346362294
52.897017391742565
51.12845030416338
53.60392384031525
55.104946495982176
54.34225852319878
54.255641569037834
55.09876822343267
55.378476167046074
55.44801923196246
56.43868324651248
55.52621858141424
57.96864796105456
61.33650857494945
59.17296734137926
58.61160913830099
55.65162651519063
58.845113550811675
59.28242991944444
57.680750249905486
58.910584629205914
59.0278421378689
58.953772358568585
54.59047686252188
54.685095321256085
54.50817295159959
57.542490945545524
57.03428238736046
56.7589978126648
54.49415430667159
53.77817940514342
53.09258314981116
52.87945379208145
51.630187431791455
51.40597812891838
50.72016768072672
50.79443576814219
50.8814185085057
50.773420343777616
50.35955472916339
50.457730867977716
49.03876270723276
49.11401933616662
49.14022954673533
48.76324654081645
49.49503033814517
48.394830762187894
48.82385073061232
49.47175483306046
47.96581280545138
46.32841681062746
47.97817649712033
46.418504699966434
47.54459383579251
47.51089370561567
45.873932840978796
44.81071721118178
45.65330009399395
44.950635476202706
44.99175754596354
46.16003811245537
44.79959620091745
43.12872125182594
44.016580548588536
43.54342426810763
42.933675744275206
43.09485482206969
42.89248773210784
41.50000930950796
42.53894093959707
41.58256482790284
41.81851702419226
40.67143435277649
41.128849825585576
39.999829280206995
40.19889279178278
39.51318371182924
40.69723480549851
39.41204278047394
39.40944452828808
38.357761293533486
38.771765579258954
38.75404096281591
39.83180227163666
40.1328473319511
39.395133128585485
40.43414815005508
42.3280700646003
44.301364529201464
44.03680491794239
44.7694529546759
46.2165427175139
47.17268806057882
48.59901036447013
48.95935555402207
50.81108976762698
52.20568108061752
52.094132572865874
52.92346332431771
53.90558373021008
51.65736397740852
52.681202805361636
52.11663855592565
52.4662114851285
53.089316531631084
54.11785198171401
53.81719965989441
53.461030815637514
53.00679841235433
54.28200314894343
53.79387202631574
53.96500508621193
54.053979192276074
53.69008050037337
53.41658919846577
54.09846375801635
54.26999998369229
54.21583649664376
53.35130145177072
55.26140403123554
55.25859338345663
56.58927464732369
55.78757964177021
59.32722522285826
58.35577016414754
63.59747108742863
61.994095272525556
64.74211946302262
63.72392887966794
65.66952776005974
64.240947304148
62.93490006101911
62.30524618855452
55.20802054889077
51.381688171225505
52.7254985927234
53.92725964589454
52.306935433021636
52.17545931208997
52.4887535480284
52.383226259367575
66.49799324215155
63.566446709915
63.909245007683694
63.59946113614342
59.81971369868597
61.91323172576904
62.868412292172934
61.7852380580448
60.8479483744336
61.91021058394631
62.04499583445454
58.39068517289593
61.59525463247428
59.107100617588
60.442685604699136
58.80974963914787
59.10945541521505
60.49336799747698
60.34773452816694
59.39328370540261
59.98263206628212
58.42892003397287
57.91780508181023
56.428065429920935
57.85556507983324
51.1344703310715
44.54211187710962
43.764783003330194
45.037398368564936
44.05006785008618
41.50113439295683
43.03682966643851
42.634521307428486
42.98372864199996
42.82337633755992
40.85242934085227
41.35385554782556
41.561240195066375
41.56886077673448
43.24792796465772
43.655283996050684
41.9568741391854
44.76157909181302
46.04478748275551
45.02327981106214
47.125319541970384
46.508572133008556
48.691298563755026
53.45560883916687
63.93275211659807
