8.829416721370546
6.836107779244005
6.596995533313333
6.6561976569987245
6.149641448471776
6.347865981163713
6.548113849554321
7.277476607120016
6.23073379877585
5.901873081378319
5.52218771523599
6.008709249374182
5.5366717844653035
5.547173045045512
5.466070370524149
5.624443896820822
5.613175837779414
4.735420541264505
4.860053392426805
5.217691245603196
4.950422187431405
4.932115047819834
4.716792614242959
4.637562807709461
4.5855990890650125
4.5259522190215336
4.612294942482071
4.6008452515625695
4.449637281152634
4.286276357751085
4.187335342724328
4.1694104586195655
4.080541425851687
3.9073882336857926
4.007614626923019
3.9035362216293996
3.7457693654424915
3.491524658570652
3.4121052990817593
3.3985972890357417
3.427522866798336
3.4519247015002232
3.332468081203916
3.324602631966937
3.3400792049435943
3.242462912662946
3.297123331408013
3.260199817979123
3.2729075145600945
3.2731522485571793
3.261344936803868
3.1099526352212616
3.2075994727777366
3.0028131987498767
3.0873248841936607
3.129441232608327
3.20547063732928
3.9080473218044927
4.0092015675018695
4.872167856151761
5.335267592702733
5.075459195528265
5.210784072412071
5.4228613627769064
5.86844610810248
5.664900163010468
6.7714986724931014
6.925792870572605
6.878922499837044
7.070039270367664
7.58407541672487
7.648316685232438
7.766049866831347
7.628504589339617
8.087611450835675
8.223083687011593
7.717135850153759
7.308809584183666
7.67130639057772
7.915493334198288
7.639451889868392
7.3572004418886365
7.206244889264199
7.364645619303468
7.233009672873497
7.398777448348621
7.4457908680945275
7.245148028765202
7.206341262657605
7.156993523603293
7.241363810292404
6.968054592425394
6.891539181860634
6.437705777599604
6.840342873860523
7.127896729032068
6.983517304865664
6.606963126932614
6.97473917221597
6.282451530381534
6.350184694251718
6.379057874100904
6.221430634322391
5.742068643950137
5.601848739677978
5.769595636582273
5.6951313905394585
6.230210096837664
5.652931852444439
5.939184775557872
6.342237709721717
5.6221048770599396
5.215474782498101
5.186175741543102
5.380068177807934
5.48801704324065
5.847985843514564
5.741529198625233
5.275122141013669
4.5415755089499426
4.510793370141495
4.504375423065801
4.471171487650196
4.31754134198087
4.012932006561929
4.166424257834811
4.12115604144785
4.018643893382899
3.947642777919092
4.0028570424517715
4.017515690188105
3.8142872306944082
3.829941423338284
3.7453031736420344
3.7015040562179427
3.570785305072851
3.5332927596851627
3.483845233683705
3.4117022620559503
3.3648438366951194
3.2011180019561185
3.0509074352393304
2.9912229411430094
3.1027756632743517
3.055068850755423
3.2120499380785077
2.909615900083796
2.936103552446576
2.9879221947946712
3.0811765432854363
2.8181101301050027
2.8377027706530678
2.836866417107096
2.794286737112814
3.2550148963329995
3.8791034296911433
3.9305730976665436
4.024731031376552
4.246644747376327
4.501794636703731
4.689431125961298
4.597875057014424
4.151459255277903
3.704165888628403
3.8956932481466278
4.242015656346448
4.465544669854423
4.623310155576992
4.148391728610063
4.323643112764258
4.510832182385616
5.402380272247862
4.976461888950445
4.621377865875565
4.5361450787418685
4.655074895391239
4.856812171809158
4.716417122488117
4.733538630209181
4.6613194660746675
5.390996853468587
5.338142055486078
5.419856610132426
5.11497803568875
5.273209941969072
5.4655683107771855
5.594923697063628
5.295943282129613
4.975698092687691
4.72976733992816
4.553765899370568
4.698040092696477
4.700729104612458
4.493093147249663
4.665186210300514
4.725662687091632
4.725294104450014
4.745119885582876
4.632549111770487
4.723836262510174
4.743722480172504
4.769907849376605
4.777577379143726
4.577955979914588
4.561858725439689
4.646734997586501
4.604847022081429
4.527883185700298
4.538402328418324
4.537793375069309
4.515818916573828
4.436133256248088
4.374796921689916
4.546021169270512
4.41657773285891
4.468179782493018
5.041152836729094
4.284828098056361
4.329074880962793
3.9980106088308696
4.109727090885671
4.283231225921398
4.263725515227029
4.137282155323021
4.089440210021756
3.9977503610372986
3.880284648379798
3.8651917567092964
3.7670645242366936
3.7643703244969267
3.696756682668036
3.7154436275004743
3.605831895184304
3.7486475843786295
3.6874845611317286
3.5341867762082675
3.538204259866527
3.4446464654344884
3.495272440749138
3.226015981363881
3.3867264294788666
3.357559249517729
3.3043415921237367
3.1765973548042354
3.170146025052743
3.059020766863858
3.040054391371662
2.970734664890082
2.8861169094270767
2.9626264451481608
3.0497329325898916
3.0163660466521196
3.012849113434764
3.1437435037141817
3.1484559614392937
3.212864767502481
3.2028717366961237
3.0727158795940137
3.2614192973542417
3.3004823393699776
3.2033078769177106
3.3823978068882767
3.5363811043899784
3.5466392458273055
3.7094978907570986
3.691840413109625
3.6187052516723477
3.779211839139249
3.753950447424916
3.804988900490857
3.94671081705468
4.103029739853861
3.896639817492071
3.9778060828707598
4.0764761890102905
4.162722348167989
4.1694254832243605
4.163934375081646
4.12128917240602
4.315788892904636
4.246454317034594
4.320366305444675
4.4014517081874605
4.457939242774611
4.383284372473365
4.386888350355758
4.490401656407661
4.423261011993798
4.360572636882127
4.485120081181406
4.389367087506085
4.353518068123154
4.331426317233934
4.397013739849878
4.508740037593193
4.573609233027132
4.334411447010666
4.42055319836623
4.283327594246026
4.239369631450008
4.267503388449429
4.339992093556398
4.303578695262419
4.289442433711664
4.447626988873818
4.368338846599689
4.388765854955352
4.227386939234772
4.24915991566628
4.15723073847692
4.365435625134836
4.1554937221127055
4.170321374465432
4.176166430305868
4.212150300668352
4.1860169543398325
4.0838954826246665
3.9549264892000346
4.03382943718719
3.962930986762291
4.227185684045006
3.9528031415734373
3.8110067387774045
3.774788145680653
3.724303081093274
3.702800790422185
3.701033911640084
3.57912266895763
3.357882621663505
3.3725717198427523
3.314443193547108
3.241311633871553
3.18719368833805
3.0316079330336447
3.0569389359942223
3.0956475767422647
2.9621617471518342
2.8962596270417698
2.9516770206418803
2.9310926643772883
3.0444203130770378
3.0715543876040727
2.991891012835975
2.8663289933048306
3.658012385786575
3.9962536265752355
3.9361977153786953
4.641672350570058
4.806556670411147
5.408041551801212
6.069792400475217
7.0640906002735635
7.474306957974172
7.315007762328148
7.033897200879048
7.429412679379772
7.649200007932211
7.4063129303314845
7.531038766093751
7.175062822708443
7.694614144227847
8.38726269460212
8.333704684298825
7.961703805116315
7.939477505945958
8.138254185700525
8.401386833190863
8.35699079942869
8.060261649174702
7.839671207657321
8.029898891624669
8.400459746361353
8.568183951078366
8.575648293706974
8.514335344452666
8.583939825987997
8.513251897919497
8.258555549410483
7.518506574578245
8.083724913712091
7.679653431212693
7.598924556575313
6.746407697936036
6.9462825802459385
7.038977032240293
6.1612826537475405
5.900201804316603
5.821343961253655
5.947487621151698
5.6311760916987685
5.367538916329536
5.610732765253449
5.156971915465827
5.018261895377426
4.650261917204231
4.932719378239248
4.858131729176936
5.033994635029087
4.776809711064007
4.806622465239588
4.821133247100473
5.268500339812232
5.147333444512871
5.071965470917354
4.766245826571442
5.081455201211548
4.768854117300398
4.461635823906184
4.32379199882965
4.25926945071936
4.184686566083982
4.1703213831658195
4.35804096909142
4.36032716748337
3.937591946523808
4.005901820651632
3.9105848384277624
3.862531697528163
3.964636078388266
3.8095583900007464
3.4667821117335613
3.4531706696128777
3.600213220446583
3.585647838875703
3.5078347664830356
3.482334327601897
3.5320065857544796
3.6152144622611284
3.367745682790342
3.3226956120228555
3.277615222162533
3.3634255403055024
3.2613012080249772
3.081286031666758
3.1026117907015545
3.15848866131169
3.0915017793491866
3.0092520766215762
2.942980431026849
3.067620389467652
3.265368638291854
3.4846793707809454
4.048388791993244
4.396732483460749
4.515560520395356
4.89138093202207
4.718840931827813
5.063817826176314
5.181236212563787
5.190057628943881
5.741972133810685
6.284976256533603
7.190944023252234
6.764308905120767
6.917746382828199
6.88148336057396
7.02361540856959
6.481588018110831
6.862355803169562
7.228290355967642
7.266613216513923
7.668408970676662
7.11150567718859
7.340759960607507
7.421708289982591
7.989402033040519
7.457824375956776
7.513247542491878
7.809213847260541
7.894015838505838
8.182315496208124
7.689566471477976
7.774313644570132
7.904459789399972
7.303006635970249
7.370656918483613
7.780728431358096
7.560546958490342
7.311018993553722
7.656237061805443
7.438720568965128
7.444914601104265
7.02986129246281
6.687911803630483
6.957570790062836
6.765295689477288
6.289642662570956
6.149637303714778
6.243599625857426
6.015944512634681
5.9207337951504515
5.9368741982993205
6.071520253063081
6.189292683123177
5.423825867884881
5.145491134901018
5.084712019268877
5.570729501960621
5.2782431792138444
5.841911514600939
5.141173753990088
5.3241398604295656
5.471353147134036
5.193186383353477
5.0951272462569985
4.986547792940514
5.161201745385991
5.0637429757429535
4.951228257434258
4.8258208980443476
4.854630792237621
4.673493356163565
4.568589420655924
4.549676302719417
4.474045607338286
4.540946803722649
4.404781666054428
4.285363016384947
4.080585237608481
3.890961603401034
4.017740044352398
3.9479377708991303
3.6569959759856245
3.538176074254914
3.570567287505533
3.7894056416599478
3.626221951973372
3.5894474993270453
3.4096504667430687
3.608761477453113
3.5660500143827654
3.56508228725907
3.448417423508081
3.4017557944211556
3.5500388650336436
3.5125445071503782
3.5660364547725423
3.5191732702197216
3.7716718350198857
4.356663089080441
5.135615939859799
5.072025793747278
5.424172762758144
5.955182227239807
6.385259097575607
6.779828581760174
7.421869588583963
7.596293399156356
7.834317982038925
7.685243856969279
7.500583635517156
8.074451719807094
7.933287725492569
8.004332239387747
8.159423302823319
7.88709330942158
7.524463932370823
7.723383037451566
7.829048613304611
7.529796819790085
8.068012796434486
7.833527291980769
7.810189717906515
8.051623393010185
7.951934372403411
8.279595908284346
8.092735366801918
8.044097608105117
8.35889863892143
8.373673793916765
8.25247301430524
7.552943125302006
7.561121514019346
7.474172015770319
7.741206615101495
7.606247344707441
7.335129800123459
7.325860719727184
7.009740311326299
6.512274480244747
6.527586229056373
6.276937810460152
6.5388921180395
6.532726824136925
6.38006889178601
5.921667158253872
6.119359817887066
5.530225504055598
5.801085824359753
5.556483053688516
5.724414765700339
5.552511817118658
5.492454094223289
5.1672492620566945
5.527751286878026
5.843452562589848
5.075571751644306
5.3486389922399065
5.594246097350496
5.318368252369267
5.192747569002022
4.897186510883115
4.82390120339129
4.888633400914075
4.6907110222947495
4.621313133671106
4.3578258205607865
4.498692099959811
4.335742886220392
4.16041805046993
4.065382153861351
4.013866424962619
4.042139231811952
3.9932284375042655
3.864201946281019
3.6160774355875125
3.798017571346357
3.633927071644475
3.660684893244591
3.549720315294969
3.591779573511173
3.6182032869255476
3.4283177123606983
3.499480907838835
3.488831719641475
3.414638887951952
3.4013425002426914
3.276759636529348
3.3481315079855265
3.252469265740735
3.194092351936532
3.220016642095653
3.213225467727258
3.439084225119615
3.5423477933297183
4.184130827539663
6.28542272382457
6.0211195202834515
5.350960723743696
4.85151410171292
4.816512093347633
4.888030093150655
5.89827242107674
5.194008394430952
5.289814179596995
4.9225067971941145
5.661598326480747
5.6312614759043225
5.646788572950928
5.394634858516458
6.044712785746174
5.518099489368511
5.178239513449557
4.798609943848852
4.986815092070903
5.317933844037901
5.390217571832295
5.913671270671952
5.196756812386439
4.943127485491814
5.0917728980871235
5.041741443958174
4.803638334908764
4.759821741496134
4.8052019742930545
4.918629708445878
4.752311011012031
4.766769611193294
4.611032173643264
4.765294879806318
5.013048249792655
4.845733734286872
4.917067058167634
4.900357228603154
4.946960572391327
4.694932194414305
4.755347966644905
4.62749684148232
4.66283348710218
4.7258799392897455
4.834516066867035
4.83047827611848
4.976697903240552
4.924458030658398
4.8031578690420735
4.831272441574928
4.946923461186074
4.8041154465241505
4.86078337891641
4.866951996784995
4.707699139214255
4.786694556151915
4.899181847497799
5.111723542430511
5.023918991972884
4.810780928829676
4.887579040487864
4.964969093988221
4.757552759552858
4.8423312408311645
4.544274047855529
4.516182983494371
4.557645084032258
4.417027067918987
4.276088966947141
4.371456330471379
4.203683629447874
4.140009173758326
4.04300280145614
4.106483444107792
4.046016489256207
3.814374115940204
3.6771892832869266
3.618318262192168
3.62677847312752
3.6462463081555043
3.5473869890200755
3.5304752454235135
3.673755294392987
3.654399958836734
3.511352303094771
3.6145811687380576
3.423075842591007
3.5187392788122476
3.412891889842748
3.2967339399485445
3.333649367726559
3.38939291943663
3.3075436433243146
3.3384446942088526
3.515864662119295
3.6012760671041826
3.603637270288285
3.5461831803152366
3.62520736862048
3.7794950902482554
3.8555981018499024
3.946299009044434
4.145495649326953
4.2662052104210355
4.357360016073879
4.315802636098161
4.581441454155496
4.762672492631271
4.760323500694995
4.822572810176375
4.770998734411953
4.788238756222174
4.860217053468943
5.019026103834544
4.9588947429377805
4.814865877618755
4.885449327202582
5.113146562662679
5.099646698885238
5.120734866953511
5.061330575751035
5.011930840070161
5.018342403638771
5.007458090485893
5.073789426733715
5.0136295667810105
5.014597641392731
5.173098358884748
5.2644638165454385
5.338988470172906
4.9967870632688625
5.011033205438453
5.0357894763575795
4.789962014682533
5.2968092360049015
5.094348286112389
5.118519204823132
4.909871691684304
5.199391361357491
5.049707379865192
5.1466052289424065
4.97166714675873
5.136986964613236
5.19254441464987
5.099099381109016
5.045577762881929
5.0796115836981715
5.019006370623975
5.03592918650083
5.224376099663816
5.279391106846385
5.172241332041593
5.295732607946424
5.678274157307062
5.366212146216036
5.279385982804881
5.280677140258634
5.230060568595304
5.315538569181403
5.164827080590312
5.020341153768377
4.887898141890351
4.9243801992036795
4.707012403212469
4.319911789957906
4.272978866245099
4.1824065840087
4.068453224967773
3.877479212294169
3.881736140689747
3.712308235085003
3.7211013008062275
3.6050861048789997
3.6388183861002625
3.6590000298663665
3.5734719657214447
3.623745907438818
3.705458462397059
3.641000998462918
3.402057684464801
3.3198741009771173
3.172184764407578
3.247793349195414
3.2372802522659314
3.232756758412728
3.3307083119333436
3.2264874486360275
3.2095267110159593
3.158743803891852
3.217621026593177
3.1771097704806417
3.077093245078311
3.2687475537548463
3.446137959798321
3.514294401901265
3.647165349781551
3.697505406726228
3.7536652729049447
3.8842966274066772
4.154965955797976
4.259563722098896
4.314265442493585
4.291714482274951
4.270251189442735
4.57842400012321
4.478497964754806
4.217598318367144
4.2432481117780885
4.379934257608004
4.460089968899231
4.3860553903980195
4.652745558677491
4.327546031162513
4.433924909842107
4.685658119545123
4.927926229751993
4.806343137408109
4.9461185155764404
4.810398960532215
4.772758286821756
4.784327812942575
4.8749392162228595
5.6040083553857745
5.280896655919393
4.956712964252557
5.082948743828777
5.034743383402046
5.433480172327028
5.2148718844093205
5.228180039775914
5.267004897680424
5.351020007576507
4.962887232612014
4.999642268743256
5.0114991606670785
4.7875406462457235
4.822265679938193
5.0225452779333635
4.990497344684307
4.98076856942179
4.781488489604259
4.686850739685299
4.727273565161391
4.691306699687526
4.4836586168478245
4.544926502114516
4.718887447864513
4.547070150102478
4.8891236961092295
4.840470853039668
4.629867064656618
4.4857838525613385
4.405087717532037
4.241982182019312
4.449106120304846
4.620165177882804
4.418599304511109
4.2117423667330005
4.772858357266748
4.094964029790268
4.081813578128862
4.132381464277504
4.0961998398255535
3.9140520176901403
3.757839768496646
3.716790378338229
3.6004730542647785
3.612835842528359
3.4880687548031797
3.459205095062568
3.3799552442075953
3.438795128434115
3.426881134434119
3.450961664432882
3.4637663775474827
3.4595169344975063
3.325188477525248
3.3454330200809648
3.2740928134660745
3.1221119852273236
3.159497644457856
3.155564265631587
3.0791541112191827
3.1870564909594004
3.0956751181154343
3.141891908707324
3.0788044404821395
3.113072009872684
3.13313169843435
3.0318258931631763
3.2246090220292394
3.28710288011738
3.284218895557208
3.357341666820186
3.4719547813335594
3.475906388664131
3.6246164565097527
3.6262880307659078
3.7383118944289904
3.8205055641579646
3.9668876485044766
3.9463892210552647
4.056424187947763
3.9033907165199344
3.9821233706211405
4.0610099194660005
3.937450825659158
3.9548529858749015
4.069433992550974
4.081487179391104
4.046690849762363
4.050136491483437
4.108570860605759
4.20791292823413
4.333065184513326
4.637648748560221
4.409238448567429
4.453395533129227
4.561036962637186
4.287409651280863
4.234127184678087
4.511906499805766
4.221998195158318
4.129186753785825
4.193414462002442
3.8470125611564656
4.516632164494825
4.420396407438312
4.2228998677510665
4.077292733599972
4.001362793472501
4.2043290304739305
4.1431576121302705
4.054261439658123
4.13588542767922
4.219604880926499
3.978430698910664
4.155753175408432
4.164017627615202
4.181926964072639
4.245264264331678
4.197877565485287
4.074507720680133
4.074727121733238
4.3389076330846015
4.453269294663859
3.8984844017745415
3.8872876999538652
3.997490542241865
4.059426547534987
3.9115468740842734
4.1424915117640415
3.9939441270294163
3.935345496981228
3.8218623703474774
3.627173957705707
3.609172425830993
3.543720901785996
3.509696785976095
3.3852534286861937
3.41761232925321
3.3686985864206016
3.2723484377259564
3.205499473869064
3.2326584517664494
3.1585794059030587
3.087454826064161
3.153215458684937
3.183387404514616
2.974992898242346
2.798682754866026
2.6380015149394525
2.680407634201467
2.7915622266064894
2.680174515333594
2.6946718929740228
2.6596354982582406
2.78173902598529
2.8181951667465395
3.0929325492361976
3.4226589025987115
4.493669738064325
4.671991246966964
4.752910354064526
5.181950521732433
5.558901598204177
5.334835660428879
5.606591459984785
5.341464976224619
5.836996618127794
6.2370442789890035
6.4189984251694066
6.474808884009407
7.216711340590898
7.297025077349375
7.098885812226919
7.294097263311298
8.357441504755739
8.05973907624662
7.504747878186696
7.536430781920049
8.219609304504905
8.000536940221519
7.847229895472289
6.660207503624349
7.125246678421576
7.715595942302257
6.830961540487437
6.866397844611551
7.235686841780843
7.499860043395457
7.863390161267649
7.398804620578896
7.833905993126496
7.8432641358134
7.589077454242618
7.351617859475763
6.85466684580073
6.785556971157682
6.713472876897853
7.02060280715087
6.176965510690651
6.4143564644463495
7.0444879705531465
7.234133438544516
6.784318309526492
7.043453894223502
6.60519420564214
6.2195544044757645
5.229936333744651
5.32296143752011
6.342638956929209
5.2711064379224455
4.703284664904911
4.682000676659061
4.588003086334102
4.658432017829017
5.232595523584757
5.15097457574452
5.192514210606288
4.762951911419704
4.764209700255374
4.854301666516954
5.5932098666599925
5.159331156288082
4.877440478540581
4.971328587116617
4.41615689393239
4.643119252600538
4.411053565569123
4.127312275429703
3.8862464898215765
3.791573464756754
3.714078664726088
3.709368165736132
3.603728233931616
3.5055942116475944
3.485085440249986
3.4770911155986166
3.480223452640638
3.50019055470146
3.388295220481466
3.220039754318768
3.248223111385688
3.1549565294000605
3.252511336908939
3.199978430419268
3.260982934635484
3.155261541923104
3.1641033034507156
3.0580349976149757
3.1446030439718946
3.009797308770707
3.0623404507139678
3.1666463220789307
3.2791522003722418
3.58056356451399
2.9764222043423643
3.0096631733503885
3.1557794997628776
3.157078061835046
5.116848740316615
5.360879170343613
5.690616984108946
5.720257552183969
7.053267866410511
6.71597376998224
6.563967786527286
6.402223276421307
6.406822015221065
8.281689814795264
8.410704077443937
8.292865127515554
7.564158664695936
6.681745521870472
6.616624745913792
4.888189429419779
6.638053550846623
5.924191786973282
5.1307135044687495
7.160633822801549
7.130686903661994
7.294418176142183
7.616695781844496
8.051345613013767
7.804565697710927
7.5032975758459015
7.53403948117476
8.473882497694603
8.000126408632928
7.929567374855282
8.10742737124054
7.221189506828773
7.568827204463045
8.301653971500592
7.264279604270744
7.495496427391708
7.088907786712004
6.803548678257646
6.898122599986846
6.838978139481634
6.520285138695504
5.9683940046890225
6.566840950705064
5.9720389138800885
5.959380744445031
5.7398843904406
5.438454036865847
5.778307996909229
5.845427174468981
5.997804034863356
5.991893483963629
5.524941551828416
6.136334181552555
6.354967795691976
6.1620439799479
5.9087976249539444
6.401362858493032
6.184994801451937
6.394091384264559
6.110127248403049
5.454486014782249
5.189272129395726
5.192670577945252
5.499882377360758
5.922334923560437
5.228731840860191
4.912461004500517
4.654354112946474
4.530724793588314
4.575929070111916
4.044546655606681
4.468771682401631
3.9516616748587166
3.9127618324274382
3.8333817666333587
3.845937989163379
3.711874282374096
3.616671954873585
3.572345871992294
3.392471822895929
3.358305123199929
3.3497261230016644
3.4586070686416397
3.299754656017951
3.424614932718439
3.30449405664847
3.2923586144107544
3.4941377902325814
3.3301304036598176
3.281658603257354
3.3613961876870087
4.2642741919151455
4.625031976715073
4.7998683213210995
5.331833509309738
6.746210472129407
6.92895406074585
6.076063436822039
6.570325265941772
6.416802486172498
7.576187854330127
7.477091631744968
7.9465224242153685
7.626491164160365
8.566703056565226
7.959834045811147
7.68525312681176
7.041073501407638
7.253679695949398
6.764214021908685
7.472375263562548
6.971142485309024
7.575234784759986
7.294067556075991
7.558072058824278
7.85407403394168
8.659652927600149
8.81382687189214
8.38407126726376
8.023832633586126
7.879512251222149
7.399213147532337
7.245921369117993
7.546689028801604
7.844247087578095
9.71124363912356
9.704163531970465
9.086869279962071
8.49303554932164
8.11134915402485
7.6395678062038925
6.978858295771431
7.083319357179996
7.051171803987112
7.550521839955186
7.390645550610252
7.113156425438449
5.540420162794398
7.9995770988864825
6.476286635165566
6.31388315492081
6.7282153631693316
6.322741449817547
6.0428601882283735
5.175285402536338
5.369227434600466
5.565829537839724
5.573417343505294
5.245530144019069
5.269296031786143
5.488252406157115
5.46616219172716
5.198615575492624
5.737870216926599
5.0387123062068255
5.037791276304905
5.238271571705351
5.077702393146694
4.904290142207075
4.756254530441107
4.787283313778734
4.600116878117671
4.505193458950265
4.319398336354284
4.197243296908971
3.9823955242887883
4.033560620835517
3.851175566333354
3.7888477230746695
3.848917441895423
3.707772174450665
3.6656073768219857
3.599349862842371
3.5812364641928345
3.369922052832019
3.3504021762871354
3.417955359132708
3.354105558344126
3.340574184915015
3.20932381544365
3.2639818382546757
3.298175335684495
3.2388634469223896
3.305631324266902
3.2387933261742146
3.2407856472311187
3.2286702610861986
3.690212003030975
4.533955283197159
4.874390640593738
5.03406407914089
4.883789473803124
5.771968712759947
6.5525891201931765
6.508233173448234
6.560912649829535
6.837035266486243
7.039215038959392
7.267114709171859
7.4965544041183465
7.191707518869518
7.224792944818544
7.557651007327206
7.763090696594557
7.083995702498629
7.433794141430683
7.2100701109043355
7.538530397376742
6.631231788404923
7.152254392123299
7.014311618880696
7.52561089195891
7.26392281305655
7.5717158931187125
7.747180349324629
8.681386617891707
8.303463204851774
7.9897634018975925
7.880654617265972
8.05186926596791
8.04639039134807
7.889130865997721
8.376837111488552
7.831667956321289
8.09822058603642
7.966558997734168
7.79393881126256
7.1301199725282665
7.301685131487356
7.678054458476816
7.5255391656565
7.70240957453796
7.361022295720216
7.545759652953721
7.187635679714219
5.102706531928119
5.771892932518133
5.632235204668881
5.720777000401793
5.489963566282455
4.964439080002936
5.178192621616315
5.170021156464157
5.2000735149153305
5.181573468948674
5.204416292790068
5.42557412998974
4.86230002742956
4.778798517451614
4.938022858325731
4.86591586882384
4.973473298902145
4.897949008805935
4.742636354207501
4.841143784632738
4.8609779588501825
4.597751482881812
4.518281520921724
4.336829131310836
4.24698681420815
4.094215529615153
4.331787104415698
4.0593884152626005
3.896082092624437
3.682370762980946
3.820043777553282
3.6541048162156082
3.6281904702741787
3.4941179440407044
3.459881813750746
3.3659196321171034
3.390748531300655
3.332303498068988
3.387056667759996
3.430945055663393
3.348527805707758
3.305747711527835
3.3115324766169554
3.182413151630164
3.108219885674448
3.120392703827012
3.0742113944938048
3.056845347342684
3.2581748420500056
4.195791012713521
4.597221456940012
4.707356802380616
5.193808747930303
5.293152600287298
5.161495112466807
6.174747857826731
6.00434610285884
5.880831529368055
6.175429814606405
6.054925404125091
5.719989616062711
6.74930390477702
7.013165294551492
7.602787553427209
7.568720041705287
6.183965329820265
13.314150526781992
6.798960599222281
6.031318601408052
5.58346779766437
5.891029322439358
4.960240408625338
4.8251334001769735
5.2160755610583545
4.985962668645103
5.155622619145729
5.050939246754244
5.62682179952373
5.044606464809083
4.82417379816659
4.8501669024151886
5.04869778355284
5.080499238979986
4.882195685098037
5.222270708039549
4.8806916644789045
4.895251107784927
4.77281425246007
4.752197367345874
4.582442690131313
4.207533019991859
4.299568428801899
4.027929241776396
3.9688421919917736
4.010068147793991
3.8634220747845114
3.838752684586352
3.7003015344649763
3.6267612246502736
3.7582164874210773
3.623827687771527
3.573702081669767
3.311975550830223
3.2476329777076303
3.2282032473005158
3.249639449734207
3.2733122564546724
3.26455512136114
3.2165038833597146
3.078618612171236
2.7668094917144375
3.008381456586921
3.0145090876910032
3.002370746553927
2.9038617979032164
2.9322904544995425
3.145850955976787
3.0701095166622956
3.461933846640735
3.4745709070643325
3.555638631131109
4.2244447434557655
3.7363312010012644
3.4789156627011772
3.4489564487831585
3.587248395613202
3.949607082267245
4.6267284042573875
4.052527399874979
4.479351402699519
4.611861261664391
4.80719025817241
4.873699930346341
4.802742985832737
4.586687824531975
5.134353266518249
4.760743410128043
4.711310078221904
4.662047053456872
4.910803321672593
3.936562959437146
6.476756826295232
5.337738579721256
5.178227355096995
4.9644384419699445
4.8472319100867285
5.409217675716246
4.893561210515553
5.199176624366477
5.151417408820131
5.240611483536892
4.8913745325571325
5.033694542852754
4.526135582776624
4.828800591967759
5.064419340653127
5.099422062925343
4.555285038161547
5.120101691440703
4.624371473799356
4.349717542678378
4.2806710735908675
4.1604864156211825
4.300285395089232
4.335953045916035
4.197263320619208
4.159100182746102
3.9452230943311872
4.156556367418498
4.069731183532898
4.044831167138369
4.290519641987295
4.2552568701077575
4.214092954672596
4.3466738003083485
4.150267887228483
4.120892199564698
4.374555065936155
4.33529344577091
4.0061430261420234
4.129084693325155
3.996160934558174
4.059162499077174
4.1012064514843125
3.9852287333367165
3.8533315034711193
3.8332265820626934
3.8631139203914144
3.9265816779090827
3.7425874115592435
3.7168908756184944
3.796571926442643
3.731404520813404
3.6240259879584977
3.4270462011533267
3.5620863463890076
3.5467058848780226
3.496698426289099
3.243449459538648
3.282524740243075
3.264804816096094
3.225627398431348
3.1926327663031753
3.0124197571708407
3.1078462641477986
3.145724359353116
3.1604324968137947
3.0459647567899255
3.083552834858969
3.049808857466536
3.1487570928728874
3.2235707193157626
2.9626509762673714
2.944275363744611
2.9573377185597125
2.9960981733328436
3.0378976991740463
3.006146144735749
2.9423898806604702
3.064599506094968
3.0707575915768897
3.0615052821875834
3.2636131795717067
3.2612782294163334
3.3604890887909176
3.287403637311452
3.3861538194429044
3.4317778519058226
3.483039962448393
3.293518563430164
3.5509645851212723
3.9190239453440148
3.911023006462564
3.898188797729342
3.9378606633350723
3.908766337318287
4.110080610367173
4.180456889538982
4.075960302933314
4.546380908036091
4.834085053775667
4.894150785216062
5.0787557903555
4.99556175854635
4.276796292401166
4.027123731954249
3.695619286761832
3.8188507117943664
3.844631653532548
3.9408506846427476
3.944045133863274
4.071488348306706
4.137838355388116
4.201551206746659
4.102125335636916
4.024199287431364
4.07319062573912
4.499597197295951
4.4521077187166185
4.246374780762563
4.148408073451906
4.1633283715195715
4.2059683350781265
4.293153657792059
4.0862615558223085
4.150154707339352
4.091140577264346
4.494632877584348
4.5908307583137455
4.416447755125082
4.436350535940769
4.438210627452216
4.515711742816114
4.530718758089838
4.7546865796102065
5.051625430567365
4.264321442044449
4.197510618326527
4.469778535899682
4.008531135134693
4.146541417601474
4.297172527415809
4.692200112526848
3.9438347726027696
3.496534515458992
3.5498902220830897
3.42217341580643
3.485728722060295
3.5140262136163734
3.397074990254534
3.3106199482711776
3.294399600380988
3.3595247439007987
3.3048479867066436
3.2079323932064545
3.1439517551708827
3.0116787764399104
3.0622531323993845
2.997622919584635
2.9227897646479843
2.994355336423219
2.9383683662693527
2.9495699537378677
2.8768903460011135
2.9019250235679968
2.8439066041833665
2.8172440134552215
2.8359249643975617
3.3196193445097184
3.652690841563426
3.893091519302199
3.9283223451497533
4.0289770670359575
4.124047454820586
4.528902991385992
5.444666735177785
5.540988201041553
6.727484259316752
6.794913475068923
6.459352475547983
6.2328602797347745
6.146484825849752
7.072159819211322
7.089503939811535
6.800952695547551
7.506540292244934
8.000791195065036
7.8284616606711666
8.634467547595754
8.095174849817486
7.796278388026678
7.699739747196133
7.43053984285561
7.150519728901628
6.561313508183608
7.286442984013214
7.314280826397395
8.35423101686523
8.086805069005758
7.807066053790563
7.74857881779013
7.285852194366654
8.078162153378837
7.92831184251936
8.130764742339624
7.239505776619003
7.085166507832965
7.20797532369357
7.385826735581661
7.12463763110861
7.22450317190259
6.652126838514339
6.9913615648891545
6.5464954633772905
5.8278846825961566
5.326355062473838
4.97724988872302
5.212311298636551
5.7106840958373315
5.260589144696262
4.925771694668242
4.728481262188155
4.3850094198226754
5.194973172662092
5.021628822859186
5.175869759194527
4.623503252195017
4.6845651139630275
4.735790782072961
5.008366691391102
4.864760962313342
4.714450727515694
4.6235132584315375
4.421892096254297
4.082234366510693
4.379241107671157
3.814050968701948
3.7783874470850622
3.7603042273517464
3.688871273534527
3.7882406875137185
3.717228944723553
4.334777072729826
3.9990058873799685
3.5292290545362732
3.389782237420328
3.2664473329190074
3.3650783362204892
3.2256334474537596
3.1235617823570347
3.174122150559047
3.057225530478282
3.0521115873867926
3.0691700514308264
3.022591086285002
3.0327206762523713
3.125968230847542
3.093343222865311
2.9463151325919075
2.8821589128253584
2.776936386469048
2.8043323748754054
2.7217717409661275
2.7502204913616035
2.836417165451863
2.8341233821850604
3.229214591309075
3.937136005570409
4.538036855899287
4.512203172946779
5.393857717216185
5.879626238966036
5.766376160754151
5.990743594493929
6.149326888085958
6.069118078483931
6.343493910632419
7.025909637786841
6.852534482942059
6.449625692838057
7.013652692629155
6.539878010397241
6.702278138479582
6.300423991111244
7.052201161444196
7.153977628415741
7.344272007451932
6.8679960860611935
6.764101426907596
7.0680723994758745
7.68201974442111
6.963685256212143
7.5101861706914566
7.317882396657224
7.539189375450077
6.986748132968651
7.223711625193965
7.5911975544618375
7.297160628190493
6.522072501438076
7.033200672250165
7.15342024179819
7.510351359665799
7.402343537895468
6.9965448942507615
6.6516925190559935
5.97833043093121
6.00711961213341
6.1140715999298685
6.15551162219653
6.190312868432285
6.175926172596956
5.891184884396619
5.818292538006159
5.452054219385368
5.627151570573449
6.185138886769069
5.5830070368644495
5.2035870118054826
5.010088958232989
5.236293018114801
4.845347290650943
4.766860414396501
4.770435230482981
4.589847860186888
4.823231393489721
4.135995343620304
4.501158007913229
4.538021378102379
4.542694275847448
4.469833421077926
4.3470190732493625
4.32804958675137
4.256089432402611
4.176728284929636
4.01944700416115
3.8957940570373677
3.8974806719564348
3.8102797801302875
3.6707315859448792
3.5945954560258326
3.6691336593605035
3.442976524169199
3.3895624789074446
3.2017128088412954
3.295408714441706
3.2306697542863407
3.258819071755695
3.27395354299975
3.17680891430801
3.1834307582857946
3.131558061960774
3.076589449045118
3.0095222306772254
2.9338003731724687
2.9356218860080996
3.004304388098404
2.936739121458695
3.0100446534015113
2.9376810809367027
2.964104779118753
2.948380821683446
2.884044930323426
3.0298640595085162
3.423411733268249
4.043153927623178
4.398760465382161
5.248797395918486
5.435655478041882
5.568203754946939
6.018371207186893
6.3141055707179925
6.1155485926962925
5.885519718194803
6.3275416753182565
6.533867329227229
6.568816602941877
6.341631191787419
6.87259902652408
6.255036087380352
6.245363449487175
6.5382240354966275
6.783092635648932
6.589530765791341
6.416443699800174
6.855471503244213
7.167230298573408
6.875989182882484
6.752130709677878
7.232919423882569
7.526165578416324
7.1315557731927814
7.754529602812505
7.879082730804873
7.01853973020282
6.903766743826551
6.886461470840589
6.399131711951781
6.511590491419837
6.544463239407045
6.638807287678028
6.3361963114485995
6.723521470714384
7.595763549774821
7.188497328989162
6.733850245476644
6.733121200343729
5.315793695429632
5.01976584279359
5.065615879717385
5.064758500628219
4.860189550758896
4.674417907317292
4.8401341956017685
4.812506000613772
4.729360504277598
4.62868642999507
4.673380289795223
4.703588344682113
4.7751281742474685
4.801258971428061
5.051045479537371
4.9068994235166326
4.8411180657072395
4.48577622647424
4.421197631104822
4.608297429750945
4.430012956113845
4.429888655208583
4.338760548392051
4.166555923824793
4.109980501087646
4.294232916096222
3.851977543008114
3.845572991134494
3.675047595784092
3.5325255463559193
3.5374170178698154
3.7871820619181866
3.622736139429667
3.4692054205038034
3.4579642826193657
3.517715475496658
3.3893132564987463
3.4845512614870677
3.4139951625662546
3.3352698192369132
3.272833094068552
3.1655782297058317
3.202345973136784
3.1400315407238075
2.9925475251393188
3.0296266404619465
3.075128663205182
3.0324908362942162
2.8751955848280604
2.905693575868477
3.3450782035671613
3.7679281554115733
3.9413928564478535
4.598541701243241
4.064125413480417
4.628104485748325
4.964882614171349
6.220352748310087
6.2989819780600085
5.785397954679438
6.365440551765452
6.62324521976908
6.85358281327657
6.790831053664085
7.019835486164863
6.707506602654951
6.735597753981253
6.949134295350714
7.111197311709703
7.006645656431308
7.1511506561278635
7.064833081435422
7.995824193348599
8.435682104809162
7.535436203855903
7.808414428063487
7.730716481479093
7.435328139890937
7.487245192906352
8.046351938946325
7.935947320441007
7.7994773692683275
7.978296502769948
7.692800802256446
8.067355203085777
7.339913566458733
6.6892428056757245
7.727603504384328
8.146354202280294
6.0314948611484605
6.281287232856428
6.018812463631982
6.183030038271922
6.633282177827476
6.314908567807456
6.179590047204706
5.657592923932965
5.5288027651088925
4.937730784262145
5.354262085197522
5.294540504643894
5.002786401177612
5.003722181928265
4.819505331632403
4.492697697923526
4.58990891054187
4.418991830636014
4.340411608506036
4.228681470003043
4.285476759834756
4.706031292628129
4.457219801029492
4.1380569251701536
4.11788755959421
4.3166321065614435
4.106046380567967
4.170837958277165
3.8994675630294147
3.9849998897576895
3.794300622843157
3.888924415275162
3.7570288680138244
3.632510021978661
3.4433592660812358
3.5260631466585024
3.5213641828739557
3.426695464069028
3.3134368901087172
3.339902060341252
3.3717411170152918
3.3370419163710037
3.297112605919793
3.1653531810173887
3.1471564812780533
3.071884672548323
3.09021731626786
3.189392386164384
3.082595819828159
3.060416667787568
3.1047804507644257
2.9745074544731773
2.895977303112232
2.968812582806328
2.9028578252239368
2.942458552365277
3.112494192000182
3.4794334251431507
3.834223782469064
3.3926570420680777
4.099703066667288
4.595809434955013
4.5830457424722875
4.944422909595316
5.261651823958401
6.092528567361535
5.641295937368187
5.840035537959672
5.80888483892283
6.058891492848776
5.657862027557708
5.969813569899619
6.295846830128501
6.68298771630323
5.928491452909059
6.395689401111533
6.777783944591935
5.98727421235393
6.518643972946917
6.316808433028231
6.998704466618481
5.965238912683901
7.055679016913954
7.146092974058744
7.231672246109632
6.967250730912264
6.72836882540145
6.487134289895558
6.07355906863435
6.014263123829138
6.359617675787611
6.406716069381375
7.215444141723846
7.055873124730272
6.81754105361334
6.693687328178101
7.17281050791427
6.264295302604759
6.240841757888253
5.683430519224068
6.038897717640513
5.61972183121233
5.113459841551699
5.48242434791775
5.283609786603572
5.16805138778104
4.76927991758689
4.603564857572873
4.592798325333424
4.796812533105887
4.6977707705670415
4.626611445264815
4.861514167375972
4.704894164570982
4.726788295068733
4.531879863431904
4.69926059161819
4.822833919251673
4.267752713573002
4.322180851358015
4.173727266021287
3.9625200579735917
3.9117183657517685
3.735051947134247
3.8110057249107654
3.7571928736313485
3.64707588805511
3.5287846046606886
3.6704228681742044
3.5408589018606524
3.49269357958666
3.53724409939173
3.4099465907396236
3.3051025845799615
3.1959503338655777
3.2900088034236514
3.2954360881090525
3.3158884293987008
3.2385212069451375
3.2512125839943127
3.2116732057747157
3.2881251131349676
3.2092492330867057
3.178737439642582
3.242559913076262
3.140463489524598
3.0516592677174175
3.294858603886488
3.20425939039431
3.0955044205860123
3.0702898269332204
2.9858228746055695
3.0532511834754423
3.171405733928648
3.1096159010142466
3.0779043403389386
3.2452088561100125
3.245085439665604
3.1945419318939607
3.290052581726591
3.315864320089484
4.082248888965245
4.64477005543733
4.006116564310715
3.7011606714118908
3.4251636290252514
4.29552026882038
4.61076387114763
3.9334705928131344
4.032552607429699
3.8634708815693832
4.013719350106769
4.1003131573003735
4.59112400425658
3.944566905673257
3.8728153649012187
4.08595556898488
4.204244465197796
3.7718361791354167
4.227478709587999
4.2952442576396574
4.4516213554700235
4.384505606313522
4.473490501553048
4.5679802038392445
5.074973835764711
4.723252969958985
4.636546145389607
4.659276722001574
4.577173930516832
5.019890365972545
4.447946208465465
4.881332148333609
4.7619609992608165
4.059796662006563
4.353830636750459
4.543712730999898
1.132552037509374
2.9173607318220593
97346.31286456088
6.091717108413606
8.045577773640217
4.004961459439625
3.665263794369181
3.995283182626178
4.569548041418869
4.526303734330521
3.7082602371673956
4.07101093892437
4.089527557333297
3.9178594824194053
3.99482200362497
3.674790528705413
4.144829309283414
3.5104347798238957
3.6670936971025214
3.347741434712094
3.4739416591651078
3.374730735009234
3.3316580100380433
3.262424899302281
3.718118092636715
3.4715246975994822
3.4371923136100224
3.3482617416311546
3.139667089106362
3.2356244670131757
3.145117438117825
3.1169188817303595
3.108228330669365
3.039489419658054
2.937236015506827
3.08981918470133
3.0256952689885614
2.8252038686161733
3.019288487070909
3.0708708911858036
2.9560628217381453
2.8868014450723334
2.9916193493673306
2.870159396324241
2.805121344776955
2.7834860743055425
2.754612702550561
2.7386874852534353
2.7926566398825035
2.649100117026029
2.7770971285534496
2.7738818551549933
2.742631591738158
2.6571170680077763
2.6063527748894013
2.7037402103357318
2.6472300866119256
2.674296992245215
2.7199066766419833
2.772137541455556
2.8912521444289534
2.8611776747787245
2.9094853139909116
2.9027989658024045
2.9946048458874097
3.185831971189399
3.61764888461978
3.12263305084325
3.612666020634699
3.420068289352281
3.590088501663608
3.518224203308349
3.5244945622326798
3.532571295186775
3.445437548533446
3.6284085332045217
3.747953116294584
3.512585676777551
4.061630771250461
3.803956803909406
3.6872363741121004
4.247292123531113
4.437547204396684
3.8052199303010843
3.7982291353668822
4.507913524734953
3.7899925266201517
3.6901403966013944
3.656326874967855
3.806448874767979
4.089370936549866
3.7905906866197534
3.7482986180685898
3.9621292162781976
3.6671715743270736
3.925525828362986
3.875012528150048
3.7643969228818044
3.9531122817154434
3.7012946385490952
3.6242123996939926
4.1381622678797285
3.998872172138166
4.315032701861613
3.8031731745768838
4.6426825545340344
4.404981608690399
4.358872127179551
3.8317248318922053
3.890496211424753
3.5910905828243576
3.3441114889660764
3.8297312605212674
4.149721793602356
3.7133609601341284
3.986470718301429
4.003253912357705
4.147381177263892
3.4004371955167034
3.0143982868184036
3.1250629435667476
3.2581044807772512
3.1712380387866284
3.0790554088010578
3.154379544268424
3.0304466227332
2.8025003004688602
2.987886410561646
2.8856636386393957
2.934334058469973
3.0444329315380547
3.021783343949118
2.921071056735654
2.7077233579114663
2.820405551953881
2.7309294845986845
2.7179672624664346
2.739387261773227
2.6013968780949632
2.5272551775966057
2.5232679990259643
2.44960505069049
2.509882598506419
2.4644002104984466
2.891858342972012
2.767807738864432
3.323861508652643
3.62346179968225
4.370819102184118
4.579030007757257
4.979156130917188
5.691885721330891
5.428772885847587
5.924533834876882
6.44147218209939
6.672391392366872
6.657673065520676
6.554775186896332
6.471168816964778
6.979381099614328
6.575764846802015
6.703026205008952
6.525471386163045
6.884117899152623
6.918613386566841
7.025907198100639
7.386682790292986
7.748749468463508
7.476652895084174
7.62615230436573
7.804295140372429
7.9743340253433175
7.351624016749659
7.806381866567999
7.607183836965881
7.755410122626843
7.661105403804094
7.513911519672554
7.275095438890105
7.413202497483684
7.148810850391128
7.181127506372669
7.48126875568093
7.917574869225945
6.972339611121203
6.90110657937234
6.880014628380719
6.4013306645282135
6.651442369648019
5.999195044383536
6.58287764613498
5.812407665721331
5.2012069697119845
5.129457868422246
5.406878963306847
5.379771254329387
5.7393852536565335
5.3168178876795755
5.111034413824288
4.892605952431167
4.9168679338231245
4.643214684822623
4.288408373076309
4.381718170498475
4.437570852686306
4.565908792511146
4.40345628998654
4.032659892645727
4.106428427654183
3.847673921098183
4.349713920199011
3.5789631668276765
3.683710638881252
3.7937567939590626
3.7510688764926674
3.6422491230081735
3.474031530704353
3.6520624345953014
3.38924680561907
3.4865328200086365
2.917293288732509
2.903369445797818
2.881156278868795
2.7268387417744377
2.6986632216914717
2.630855015054078
2.6324511523258387
2.6580214061174656
2.547060791901004
2.5901890482842953
2.5938127387046412
2.5205275123332656
2.549141471714459
2.4195885732549
2.4885278301949203
2.439037124543737
2.4644286604170618
2.502350772577565
2.6210209813551724
2.5069610341449446
2.536780658612606
2.9192611479656967
3.3569313376045136
3.558207928155184
3.476729684221221
3.8049784324907496
4.090733088991164
4.455614321235446
5.992002410415342
5.748072393560999
6.013009408636508
5.778905739694029
6.569854001293916
6.129991119840657
5.954916015462442
6.563549494512493
6.85310075254808
6.882097653330054
6.938392802176495
6.931049866256256
7.036033621059835
7.252028040405212
6.96459084292359
7.073144374228806
7.113843884274257
7.662478456651732
6.955284713719887
7.8438041317149745
7.64139870120569
7.658549434963389
7.550524242100035
8.203648166737745
8.387291867911003
7.88597871948515
7.987369611637849
7.378666768049668
7.3999403390719936
7.146900812088839
7.577981936310945
7.778424442661115
7.5171682374681295
7.328842578472226
6.656892308749234
6.9363922757727945
6.439235756631154
5.808049646604798
6.489636963192123
6.9454836629158265
6.380704931015756
5.762470166308779
5.878958736988028
5.700736292713471
4.9994939727554115
4.755215835664695
4.790383686690625
4.780372264452245
4.5882431846303495
4.56266601900466
4.5666079288209325
4.408621342746227
4.591389234872987
4.499882695260681
4.576779166444616
4.829533871873597
4.4331099611217
4.201160689703955
4.367782036789709
4.241985300947751
4.184568118565354
4.094762914135826
5.021129785107452
4.437042399738331
3.9580294879323055
3.7671460640249292
3.724209816456518
3.65736594102429
3.5236654842212394
3.4650344725573023
3.515596473008942
3.489267225255595
3.4517168738681523
3.3912999785690685
3.2702902312412583
3.204135559286769
3.1680365745858006
3.2808060289334513
3.3090179015043266
3.1244419013973297
2.9833324727758606
3.015165747412621
2.9814767246339855
2.998871909655303
2.909450834665544
2.799138507044781
2.863165909162049
3.001500889131051
2.8851216355084888
2.863733885122548
3.2693919072644824
4.1498152098991605
4.65229539281008
4.234590136007959
4.776057284009479
5.61958758895842
5.531789053974792
5.923070521421063
6.2993387535583825
6.240817955349324
6.429567454838958
6.494104725861276
6.413760885765299
6.789166378844412
6.471372893075063
6.763003989434806
6.510004111984214
6.31562787139004
6.975545521552931
7.176974249226621
7.208665172266305
7.024749564136195
7.044810855892221
7.334520464123332
7.206597788054672
7.149815829214116
7.139636537369597
7.5548896931163325
7.312620855942469
7.643072670842845
8.153654374402164
7.569449596041199
6.786975809685965
6.893947388367783
7.027647639018108
7.46117596588554
6.8513476402214035
6.902463342335352
7.748541818720741
0.7051283204304202
3.7042021187447842
2.182583417057304
10.44179369819422
6.559417365961254
0.6204463245912589
11.073012829882583
5.610771592515688
2.146769802381226
9.302312012312676
5.1157888983618625
5.237565843814722
11.505099478001203
5.993730681778807
5.3965061541690424
5.444252352468733
5.288435187286303
5.454335891589502
5.030320112582982
4.987676085067504
5.1438930385500505
5.013682287649676
4.886684140605195
5.158318849351208
4.685340982792335
4.558694566668422
4.472957968794536
4.403514907635259
4.419035375127528
4.055933553830929
3.9768078795899635
4.1453789979302575
4.147592965689328
3.8617472755793614
3.9370967581205463
3.770589461320734
3.690886455565703
3.5822427995416857
3.4852843672092244
3.417796595004629
3.4095546828049117
3.4867356731976127
3.3917740723928853
3.3087535873791536
3.3968208124818458
3.4626119664348263
3.4183938505603066
3.346027455705498
3.4343621035509786
3.299721210679322
3.222762943639428
3.2602219650442303
3.3199102891827383
3.3575313129714157
3.3053585008025532
3.4226255913944756
3.617209330649778
4.089514084807447
4.832656848347777
5.331933456549795
5.204613102052276
5.738380514410508
5.860960392458338
5.5344664816896545
5.441441785675447
5.635812756089865
5.694363229206303
5.6915140080094
6.194336118975295
7.328834366643978
7.992120832303105
8.050989487983276
7.182130143909547
7.1352350826490305
7.113064604174561
7.60562898447083
7.345058211694042
7.60452307386558
7.525574821406477
8.505317224679265
7.978326161344668
7.777063978345517
7.510666594296766
7.769402134537596
7.750887883971854
7.64718642905448
7.65059975626781
6.992956718547917
7.21072828639558
6.858571741459634
7.505315759555827
7.856128530300432
8.299017920596754
7.890095973086823
8.024908860175904
6.641211617204428
6.6090595709261875
6.66026048257836
6.443228232137353
6.498327355461674
5.748206094930897
5.438548665937358
5.849393480164431
6.239491785198234
5.557654639876229
5.503555882058783
5.943333921317827
5.768664739768337
5.351263650937018
4.993024088665044
5.068144040939111
5.0784281837425205
5.008195496457602
4.955687670441319
5.133061564168058
5.147066408568686
4.808374518632763
4.826704027455889
4.920742763898985
4.638931783773979
4.622017675458499
4.411558560939427
4.369991650814237
4.4326197622864285
4.410633116102291
4.3661884471683425
4.053953953322462
3.9544783246111894
3.9024943284181925
3.8287925610352196
3.8411595102260048
3.6889034222315695
3.6542858430138097
3.5002972459670603
3.447862980306502
3.314657229625284
3.3973493455952974
3.298174344855015
3.2656746595219
3.1462707591861627
3.210506209884543
3.1710805566112823
3.1387392786998793
3.139542002666792
3.2468890883275607
3.1465329982710903
3.2461043759224686
3.1523224435543304
3.1690793002483337
3.159485054481206
3.16269030228222
3.566890756193612
4.476338541992866
4.618496789513126
4.25191916739477
4.981100247535879
5.6927341223452625
6.089548181439781
5.92673996159294
6.46061554129876
6.543271472948534
7.333486012286284
6.665623475247246
7.02819460048638
6.984234800666089
6.373910436883025
6.729392940039723
6.468695199801929
6.934839599705065
7.208121156988836
6.87473306953282
6.471505624949664
6.977609304350133
6.640601384735824
6.460407160392246
6.577077024332397
6.41538003650192
6.453683322833625
7.063774359938643
6.717431396284076
7.179757251073087
7.198490630890282
7.014843668969239
6.786242219418528
7.180214049412777
7.03234289164955
6.971626410713333
6.938900841427494
6.340539216509483
6.241094201676918
6.601984764845396
6.61319773324274
5.609997401479847
5.5012272040397185
5.040421620933109
5.062591423648571
4.826619817369923
4.714520009270099
4.881416611791068
4.946676799642573
4.92567430072375
5.02106917055191
5.0478690953080925
4.951326181688299
5.006659633141361
5.176978436546875
5.048947625467184
5.061007916268795
5.06511118578073
5.243374073058425
5.0546249256686435
4.784488280525999
4.968506282539204
4.916856423964179
4.754771141913287
4.7700578220425065
4.973382618891125
4.720897258911038
4.613345906315591
4.228925904402092
4.314599918985297
4.050822306250342
3.9282106307125257
4.076139108724919
3.989111011157178
4.021704678040008
3.8831443898107096
3.8065011698941107
3.784111597051578
3.6103257180660875
3.5318486642608415
3.553804602649152
3.4151605286264335
3.387189519643025
3.419285259832205
3.2882081657934132
3.3384114548189086
3.300630335619443
3.3812478124287444
3.3974960685177313
3.355338752625525
3.308767060328875
3.2849133146848373
3.1927770632035535
3.252792764983319
3.198232837223916
3.3695027020381922
3.399677902216838
3.3965410106425886
3.3159381200400375
3.320513533271624
3.6207659209025804
3.4071053222383543
4.56942212370968
4.158842066765819
4.048837102356004
4.325401936100985
4.204950324201115
3.9847496880944098
4.23030109296267
4.38458803384128
4.329400199435713
4.22685905029643
4.446891417296124
4.392008764623661
4.493499165031956
4.47018730703914
4.876317168510267
5.035824118947953
4.484148469597574
5.169720291646057
7.048438019952714
7.871055875420717
6.63753769555418
6.061803707519894
5.9701308171795056
5.015809401064936
5.0914228798583
5.173022034667124
5.528208072831799
5.316438385793472
5.103269452753702
5.438681777624765
5.189326696043665
4.673801747896209
4.775237485761839
4.7274163689881465
4.891016315073775
5.103887836809388
4.51873197760618
4.292199310444829
4.605360315524539
4.2760552088170645
4.249531126461373
4.246803983054251
4.432464621712154
4.23541281409699
4.429206121872954
4.518299041379137
4.5180911043875245
4.075521575726089
3.913798132352075
3.8973020350107794
3.7801032778664942
4.292439271458138
4.153785108762032
3.950834461990868
3.7444100623486527
3.8698565941118575
3.611168428315257
3.729093253968204
3.632060562689052
3.5287009572124366
3.478175899580295
3.620042576167712
3.470264905878695
3.6993485426824613
3.7983878087668668
3.274108734014467
3.429145747403889
3.3439070267342306
3.2436083518198746
3.207327234285724
3.273358472837857
3.205805196490064
3.060649380014853
3.0673764369267373
3.0514857417657275
3.0183533552500132
2.9948470000048033
3.022362783253514
3.1917184503488354
3.3980787604164764
3.1719910042229276
3.0007385269537723
3.08607987203233
3.0809330776352937
2.9909809273742156
3.264145996287747
2.834188049423299
2.759711628460719
2.7549025103731157
2.6375598927544
2.728292866649757
2.8002102386052927
2.8278411253768474
3.0385064769736556
3.0520136473527417
2.941071835316857
2.874310250662491
3.00365722355985
2.9318342000654427
3.1620813598085302
2.882752628576245
3.032856782886914
3.1039331678945596
3.1587817078196525
3.377883299742878
3.2657669213644756
3.5721977646918606
3.4029368630582817
3.4406698761627648
3.3128006599821442
3.5466497485721185
3.3678972845164825
3.3964448515607306
3.581010485477792
3.3402368978008656
3.2948982726403617
3.3988464812299126
3.4526573239911924
3.6068467446205084
3.8226209472995074
4.223651896239715
3.7776106152516955
3.734630881110774
3.5371924366703165
3.8092468837215416
4.016272721719471
3.9556235755946116
3.7563223462435924
3.726530561731367
4.166083818027027
4.234479863992451
4.660705468997063
4.683593257708362
4.10641133424644
4.0668924751597855
4.670221103412244
4.5828317146324675
4.340783130525071
3.9951357211882006
4.028024858350543
3.8272751625930277
3.8585010256579984
4.100515286312413
3.6973363400219683
3.7428944376875446
3.838015369344636
3.6472757780030705
3.599789376189991
3.7116107404036907
3.4947582383673144
3.3710060903075827
3.350503226623877
3.6777927430619
4.080937448125221
3.7625637652918185
3.7619966426886866
4.036076115992767
3.917813671122136
3.815236823192562
3.945722977011926
3.453839041184825
3.6206097464339266
3.3484513143502173
3.7617257459685622
3.787430293645746
3.22907512467844
3.1073795425451665
2.9701500409802466
2.9187535517377543
2.888052294744225
2.91331501345537
2.8705491624669417
2.8742900096712094
2.9444315904772305
2.90789314235339
2.920533870121784
2.795387927457356
2.7644809207211813
2.9155063897833955
2.7651612183862126
2.7847705925069137
2.777485271139678
2.633228298363976
2.700726880268906
2.7428036749769804
3.0816567342045453
3.567626871410362
4.135314899837476
4.670791913024441
4.3057865965168505
5.42246935285146
5.942613967316502
5.781941165439225
5.882419592277783
6.4612317123495355
6.250729514622055
6.883713738795912
7.197486416269689
7.464876461219725
7.578913441198115
7.074663438854492
7.169206667472022
6.86876766480452
6.857452557767703
6.736889958230228
6.5494588118314665
6.917737089099168
6.759456456747589
6.748348469836184
6.996280319344999
7.310578328628436
7.51132949150639
7.093976930185847
7.114511633600956
7.341554342433411
7.527765329365126
7.521702863709467
7.748360885866796
7.422553375338789
7.255886369522024
7.369011451393387
7.593490851403889
7.0633183724001825
6.311264957077466
6.184210334389248
6.049969843745947
6.288249448336884
6.007550467441193
5.990237297537492
6.138539196535865
6.021520360348731
5.455891246039512
5.6418928904086245
5.70395915902136
5.887296452230557
5.523655557764317
5.195154810936116
5.209744931906293
4.808018923969212
4.922363960959416
4.686300914603173
4.913866470712485
4.938772240347038
4.413210949903268
4.648305547228743
4.507453504258946
4.380413179542044
4.136664501657557
4.301311667335634
4.4890496381229985
4.282551917057259
4.0679333617263005
3.965016400498147
3.8420775821804884
3.834445435258847
3.798556591407095
3.9780105092685942
3.95646615055777
3.772647303021146
3.768293438379159
3.666860430423724
3.5574792257335464
3.4499358763783685
3.3708171596217005
3.2878895538890505
3.315240205933702
3.4102264505068467
3.213641677664786
3.1447445272217553
3.141597389016705
3.1357805229712246
3.094279028247078
3.098823806533299
3.1153377405344997
3.0986293072704876
3.0175229791936835
2.9164739432990285
2.919013236665953
2.8882040276292025
2.875370720564963
2.9207464239326697
3.2938172308337528
3.6122540493179454
4.15718068368843
4.5011910441366085
4.8169937783039405
4.745142198367461
5.180932303276548
5.593230587302116
5.745084409616211
6.136083514082136
5.75366944948827
6.271125618748626
6.081513443314177
6.689126987100006
6.9521171401628195
6.665519977093592
6.475382515357663
5.9970850959256525
6.375405095939077
6.371970499243784
6.813712358760758
7.009213685943332
7.044365173432911
7.0570076170739915
7.23272416510226
7.703645201494618
7.502055427494156
7.094227363473892
6.736483342787615
7.71405118165523
6.932882133986228
7.600596771342757
7.8952636685406965
7.37254328725238
6.77892584707223
6.976734816589947
7.264489398895506
7.560738362347207
6.683446739259216
7.230652443910961
6.492280053468413
6.343250593366196
6.211362327862684
5.801204935073825
5.495580074460382
5.269734517706731
4.8603143337531725
5.147752015734869
5.755914549618489
5.12007780752526
5.635569315455882
5.592246177600411
5.775517166136649
5.411169731978847
5.1010786644517205
5.001804399418289
4.8812186168436025
4.760521096904242
4.76671456415337
4.937125068981177
4.884295328131148
4.547906634119908
4.5970488379619345
4.289023728421519
4.417299998158204
4.320740592830531
4.1144981185766945
4.091342854771533
3.9265723466210614
4.000709719992219
3.896826310320061
3.8908421516600544
3.660681700559291
3.6465184760473113
3.6657510491149767
3.4815555606929958
3.4912013087367604
3.6239960573631174
3.416581454443475
3.278708109052825
3.386070947773778
3.2737194645591114
3.2867325741486164
3.108736759206491
3.102372788947694
3.066296033335098
3.0640496582685905
3.083984429110553
3.0693486895549773
3.1151399942785405
3.0360527205519476
3.031145086276784
2.9189254164242486
3.0211236787543077
2.9879068132969215
2.9319912669010773
3.26943328928673
3.605348021758566
4.42232356728162
4.810312757850735
4.645427041782188
4.85533856524937
5.3882299504605475
5.670348348315755
6.235355202798014
6.376501870249279
5.648821146872675
6.1601616898375635
6.097413565044156
6.065129976356021
6.940816443684701
6.899024637126924
6.4562439226330595
6.39488050255951
6.927863113482216
6.73943553484515
6.365548684981538
6.502762410323152
7.2389398063191575
7.337966901560874
7.070977108310186
7.005119000977085
7.373662304804905
7.315934247596804
8.1830600500569
7.922851569658559
8.10207526582781
8.05457354172942
7.9064214922930764
7.738101372565309
7.763455926237611
6.838673326925289
7.364271699527587
7.634041028050096
6.876375655187848
6.8801463215625915
6.457253776335282
6.139728169179626
5.74853248668316
5.859420449441156
5.757748543548003
6.653772766367744
6.047717387829912
5.846549021989904
6.438283763212213
5.945421189235019
5.960911194854378
6.592747636211194
5.744931823164632
5.0155113486466965
4.88751870658907
5.290353977571796
4.8467482250494704
4.883878567572324
4.68899477900507
4.788173110670992
4.969839376273067
5.062644604019931
5.0388706018782505
4.937852791285092
4.912813454938654
4.942983100019786
4.839883458910889
4.913259456335655
4.774073700334795
4.686876252466855
4.571748146795168
4.477470712993498
4.243764919337215
4.53423632240334
4.359320444427302
4.086166285435889
4.084257554488547
3.8691571653041485
3.7118619733089724
3.7173979303726212
3.7623698497682576
3.677372163047849
3.5486059459498804
3.4781588413101288
3.421258349589556
3.3883037933762457
3.285148471929535
3.2898611963098032
3.189274090080253
3.2546953353848256
3.3154201030106587
3.3053978935479273
3.288030731930197
3.3435194891669666
3.2847288827188814
3.293881869715317
3.6087338017975124
3.839114319127198
4.596873623780856
4.7171832303993755
5.529274256612602
5.1416403600967655
5.377626848484554
5.558797140547868
5.9559741780988675
6.120690625882596
5.967136986174994
5.97997911134818
6.726267436301435
6.234943411025358
6.9506655299052
6.812248766594285
6.848414315729822
7.235720922963602
8.200964344187568
8.279738180635233
7.377488679555132
7.4010503599257405
7.3231866041895
6.7636085678804925
6.723461327721208
7.256727635111656
7.5846829863003755
7.7320805036255384
7.507197405244915
7.199017786888105
7.471114707953285
7.418799867246948
7.407572156321611
7.014927687974839
7.707882680201899
6.9161805212186875
6.81218617511487
6.57506039236812
6.845103605247109
6.948923515720936
6.745552273188021
6.559325279103155
5.3601392523912095
2.4531140322687506
10.899384410300502
4.440717106995502
7.8609900274890325
5.064258937549866
5.385941022273061
5.585934058841168
5.190388369028997
5.10359790371882
5.090016341943672
5.242439647554215
5.225513250087986
5.593926945703294
5.3552599570136294
4.994515224103803
5.20922501739433
5.119828517852439
5.238840070414967
5.2069661426612575
5.062404259156904
4.955919556883681
4.865922069748096
4.7505053798909715
5.0433333678328465
4.55632716394561
4.597737839152839
4.392583987453818
4.309486826963878
4.144251683797927
4.176204257648119
3.992365873115795
3.923218366823653
3.9156196728063546
3.7931806784576185
3.8124122896320283
3.8110192207705533
3.5742347951171847
3.770505829343312
3.724044254411933
3.7555194389862145
3.729565374930524
3.7094518331195987
3.636947247324578
3.6448621139406403
3.525773217441006
3.567083658744102
3.6608884373277877
3.6197644860242963
3.5746783007792975
3.4057832211740706
3.3267848760450796
3.3864080283748677
3.035259004194692
3.4257550685175406
4.006099543475047
4.040073504446175
4.185700228512997
4.487793549485026
4.837880009176386
5.371577406801451
5.322960797643372
5.6782032771911926
5.868963315975719
6.290665316809266
6.178400266015101
6.742660529224894
6.171115521096156
5.941515541017378
6.179992817557357
6.419245980989532
6.04006363695071
6.512028504875644
6.1750913328672095
6.439780637918027
7.133623936117559
7.5439899011583815
7.0224565834776875
7.146184738121652
7.1449884735147196
7.55337087752776
7.260284433366023
7.860249978206442
7.715120094163655
7.056528125658066
7.142026618703058
7.398947967991062
7.0440202228267434
6.34103654024369
5.757121404162342
6.305479205478972
6.291122911867778
6.6457346349282895
6.63117240575175
6.184748327581735
5.278625849521414
5.0467023626772045
5.285848357649856
5.3777342723580235
5.257718439728623
5.17269058704277
4.9177865356048835
4.950386838394865
6.102756112324781
5.425481325834665
4.935021258778512
5.005415718726199
5.080843959652312
4.967086366218492
5.028811177290026
5.303356541192128
5.3526778567572855
5.213817942836348
5.049340379571048
5.17612270062203
5.13312619919305
4.976112734692937
4.606674741731427
4.925643721998144
4.9077158312185665
4.9657745905649096
4.662486002330481
4.4311403591919705
4.219726742656042
4.385602230524259
4.088129501795596
3.9945503638913324
3.8959962418663583
4.163866692247829
3.807791815659216
3.6486720284817267
3.7101015237560824
3.7019748392032015
3.6746934016830477
3.598128464235982
3.461264016785998
3.5021197888124274
3.2606829644906403
3.2862763722115225
3.309904483094293
3.3072732848136823
3.2881403933961484
3.2430560790539293
3.2323585764541027
3.2226600303245387
3.1959332191161107
3.119820634929834
3.1494056294346637
3.0699965925844324
3.1352141998069665
3.233220038151073
3.3478826486392332
3.2754296914130387
3.324031717317507
3.430943744418312
3.5237997028790926
3.619452552414112
3.6039669625381188
3.534462685513322
3.9877739927178815
3.9053155660062306
3.911101068565771
3.973302886330031
4.094615897279044
4.197658099180624
4.615344274708918
4.182387741730375
4.147033070502068
4.223655949980483
4.241333451682858
4.163632846142104
4.216293322572109
4.431569990760341
4.481447834771848
4.5115424515796
5.132574159116344
4.795660867895462
4.7871525838901565
4.529306024005847
4.6320584032530405
4.538049165804851
4.522266649147354
4.427815547278735
4.472041216299999
4.425940955470174
4.384921750769927
4.692462155754546
4.596518902083572
4.635138079532889
4.76444551072176
4.190313549673801
4.458169817945129
4.499005064649052
4.480181976391931
4.331116436392895
4.470055617357751
4.618100202467705
4.589563928763706
4.884753308013456
4.686540372167469
4.149826005547794
4.200859524603582
4.21639741277566
4.269705974206646
4.329788182891749
4.222498660223236
4.147305408792038
3.962248280703857
3.943538169450116
4.238233282365685
4.322266396008449
4.214734810452116
4.134176529069912
4.224464337208746
4.062789926763662
4.10853072588428
4.133378784037671
4.323295593800404
4.131077320568433
4.072808880096996
4.139615170557921
4.13639388032344
4.038652603082516
4.049948405966548
4.016201236312914
3.8154610370693036
3.757983681247141
3.5972846363192565
3.6722970529431374
3.6000468066457554
3.5388823883121354
3.5614216747056378
3.501405708697929
3.510594062210251
3.5109056416355946
3.296939530027901
3.3543205511172767
3.2918293903085787
3.2288423156210073
3.2398277352737948
3.292277697625928
3.3472934606367266
3.3800845320901582
3.201152899013451
3.2500257374613715
3.194878567600753
3.14335662657597
3.121333878194578
3.1410027318017955
3.173647516454923
3.1587429531667013
3.180535397560071
3.2776306263814403
3.0783794956420842
3.4996894806971333
3.51456231233001
3.38324179820157
3.6028742607308177
3.732089761992093
3.7220786861654673
3.63844589807987
3.532042824206771
3.7206635241338923
3.7765553677668686
3.5343634726382014
3.665066136755663
3.78431386205349
3.811848838638609
3.81367472371643
4.022440821781137
4.168955891817706
4.097665072677964
4.111633202272216
4.304526566001405
4.394248432950845
4.307414793337917
4.297552866350666
4.2454507562201895
4.132283504785187
4.126886355419161
4.181231731999951
4.228049580948266
4.287030771003009
4.14503564920901
4.061805861189457
4.3285855874265895
4.394412956369419
4.3646274207539975
4.3581881274536265
4.345342863102829
4.486882901423997
4.4393777109964905
4.317089225040427
4.497666811308242
4.2965748348345185
4.005209683585757
4.191016558512571
4.08794471898667
4.233015294288002
4.2174413645457705
4.519759795367609
4.9908330606694795
4.508762281339656
4.515834643292309
4.29696396088555
4.5733955068072705
4.28970988988519
4.381964996700973
4.2851216810128
4.455842668895059
4.223097223774541
4.2794216203216955
4.25249142151245
4.350828325920558
4.265309063048794
3.9541305729164598
3.864991268840643
3.9896172593671135
3.9549334183019518
3.8442691483111644
4.065565400527197
3.965925798468079
3.9281889733618796
4.005179507661252
3.887754826360759
3.731898187343599
3.7153512348980846
3.588510076710976
3.448919734859703
3.5058249072645276
3.484261807378027
3.3673360662781944
3.275231181703781
3.179898387809404
3.2015234021728483
3.187241187687911
3.2030866194180474
3.132637001076537
3.1654811472007545
3.144383042160806
3.1644035682029332
3.1274845149252055
3.0466861950395314
3.1094845675848704
3.058933961656924
3.1875105613516888
3.069102128696427
3.0976985240037664
3.2261640722621774
4.073174353466553
3.974377630507609
4.18694181459894
4.836786071415173
5.161396494067686
5.04622938228907
5.092510519000783
4.950658520938282
4.872522314115619
5.188008236951135
5.71803572822895
6.624404143514117
4.312703302393462
4.51006781908371
4.530343930533347
4.424481081000821
4.562712556845044
4.718427133537219
4.250638866042071
4.513543177679489
4.748941021552088
4.659411571932651
4.506184088583266
4.353984470022485
4.341933907281079
4.19321673539312
4.205156475761651
4.222628771047549
4.102492581546154
4.103551338901073
4.174149212841882
4.027221285536922
3.9522616717289685
3.668478201683495
4.40468164254922
4.492879778849394
3.647607191688363
3.9356582890034306
4.146792822145117
4.088388626924744
4.31762013741618
3.973311542313416
4.075720546938244
4.424712360591188
4.407439581094686
4.180499014434141
4.093222174077866
4.144606356123014
4.1353434070939805
4.330031966864383
4.311317952848181
4.458444264744403
4.338451622737599
4.175234749898949
4.317504121345167
4.307177830770709
4.420488925282454
4.421622244167371
4.186600955109219
4.259604301196505
4.183509552392675
4.015212950765855
3.991612221923922
3.7547448931379606
3.6549182904436135
3.616789298457168
3.6162349480056286
3.61686092389811
3.4650298331080065
3.5873976474196514
3.5860765800719343
3.5506427329503256
3.438603623591061
3.4097257587904033
3.3519491547291485
3.207659524497606
3.2423923481512307
3.268138099206115
3.312107275953501
3.158190240076052
3.135382539543506
3.0896329519813213
3.1275276087962127
3.0054967849006755
2.9377881289847445
3.040374746966037
3.0990219454736088
3.0890249376401266
3.136708284545296
3.1154615428352304
3.2424245344452047
3.2705654986071835
3.1262257322237774
3.204335103900358
3.4490272086320335
3.598338969729839
3.8209995774600056
3.693189495346642
3.7440631275837815
3.7727965832298214
3.7535287839626723
3.910956776381405
4.166572904062327
4.207888632467081
4.3371785062305745
4.359483062297237
4.4857230355195385
4.532902946674705
4.6428338701573715
4.39408872023996
4.110719364630186
4.327916815930005
4.402551591291538
4.2828197500911065
4.196152699730073
4.2269709121250205
4.214795220631639
4.198133515919076
4.435105739104722
4.1150460567222025
4.0514514549165455
4.150597749081005
4.079818690208504
3.663668385918976
3.7703326138235336
3.782349189096946
3.723595893920478
4.0733864239278175
3.9127018325442027
4.032654240042121
3.9281082547055632
3.8325087294476545
3.9848541613216333
4.296501826254534
4.069316660305137
4.29211801211437
4.3098553103446395
4.662240860645043
4.722198375933186
4.6001019286660005
4.814368617551792
4.571284786322293
4.716091341682722
4.195073556934273
4.744578402812882
4.676784341428705
4.986320376681793
4.828240514566237
5.050403618865392
4.703118237821552
4.9632342669554275
4.594349167856649
4.763441042366234
4.538392283006696
4.766960529970013
4.872185781172207
4.773319231523143
4.787526476837949
4.481774572864432
4.40563896633572
4.637716887818902
4.558369831052934
4.227945663330166
4.356268603287123
4.2682166383707045
4.105237488869835
4.047389821015709
4.182783644119014
4.074073646699623
3.9533426990337066
3.854565803886502
3.82451786285125
3.8102946728937934
3.9406730461322286
3.8069180118523045
3.717759353651955
3.697618884596452
3.5816996066253934
3.479011653899728
3.5539888636328785
3.457852845071526
3.458346447512168
3.489070311243673
3.501082909636593
3.3890881581205083
3.4530193143714887
3.648526872428643
4.0035715544642985
4.4557256735087885
4.902394380158016
5.704274850406422
6.564169880667762
6.783122194842927
6.577447430435314
6.733093584587287
7.126513546159878
6.311817610586022
7.08959465480254
5.4105008443997304
6.023324526371373
5.226268806854904
6.684913551298552
7.435416228678651
7.4020008101827015
7.1700095943504145
6.635869880894461
6.725790658602165
6.760435017444438
5.803282428044109
5.996946759317294
5.70623407683257
7.008028792447219
7.284951020373288
6.183757265197296
5.905438756385288
6.957475150318869
8.042934285888702
7.54756946096689
8.095718068775868
7.603832066889382
6.503527858360658
5.5281783311004595
5.851999199950759
5.618796056059356
6.321593425875946
6.2193795884865395
5.481258894187358
6.691545201531364
5.5306027646927625
5.340314140046013
5.014155737514366
5.285372668961685
5.225809959716497
4.912796739064398
5.089144409963956
5.030465893391208
5.352003957648957
5.688648991716938
5.268940737010408
5.895881156624457
5.644440287094073
5.552773581326917
5.263379380579527
5.036432054881698
5.352876124070395
5.380437579395718
5.254106844854743
5.3773524461356255
5.14654667970206
5.245565088002963
5.226629935539002
5.279863616784638
5.1449604889257525
5.090875463980993
4.816953981344882
4.894606314165341
4.56100399146597
4.5923208059970495
4.483896332350833
4.489682082729145
4.319278315817982
4.262655258888022
4.19456117497265
4.011284234554934
3.839894684162251
3.7606636174957373
3.7584161616932064
3.718653060437537
3.705586127286041
3.611103497707079
3.601070723417112
3.5460053108249965
3.399524374498853
3.332936777999003
3.417958537198835
3.3750395102195903
3.458329544212595
2.959163691425666
2.9904698086163317
3.143440050747065
3.4055567954317176
3.2646736860272756
4.179741073947475
4.92706400221241
5.108239080587616
5.333855905625263
5.210483276055744
6.490102078436094
6.167541672912747
5.949267075827224
7.26277478555914
7.210425542326368
7.538980740603278
7.218884424374649
7.194584952131418
6.586441309630624
6.815570191201685
6.550932619360416
6.143978915834244
6.487450091018516
7.296885552486518
7.574563877613966
7.180369517991939
8.812952792056768
9.311163388425648
8.61875487393542
9.165321279358494
8.973735930693422
8.831951344417307
8.215414195081738
7.830254138527112
7.908385970913838
7.096345171626483
5.6157103986640795
6.461514140965637
6.627209940406652
6.974563212002507
6.804198513491283
7.516731241373136
7.262185181399739
5.568907036551705
8.40027859323288
6.58321469870195
5.944895234603004
5.185103937551094
5.068099831432416
5.157780383975726
5.296069138517475
5.203759720063656
5.263409071670112
4.898192908296805
4.706512990623595
4.199094367190797
4.35654589185071
4.531855930193454
4.5292712920120675
4.610304776488928
4.851363449370142
4.969090222186642
5.139101201239669
5.201348204859155
5.186453394500703
5.174545651066819
5.016603885382322
4.842922499396789
4.856901067295825
4.627644013235835
4.472192345470426
4.5108418508143
4.648076968985075
4.569350613434853
4.448026564048824
4.33587447214334
4.246889102732103
4.2361365153813075
4.161386445565418
4.030547697014928
3.7897699804000595
3.7377532048000206
3.7764714041292273
3.547067539593435
3.5543236566977683
3.5125162060712634
3.5167091634742516
3.4988801655409643
3.431502249136811
3.4040430493196525
3.4898819930902785
3.373540364190032
3.4096518198352617
3.3639260678645715
3.4014534943685253
3.3683870187896936
3.229048068472939
3.2705767568220767
3.2750372112333688
3.339683149801707
3.6356573596581057
3.936910844550119
4.800479058653559
5.62983333000541
5.0849036204690705
5.046674557990003
5.038283504791815
6.013482711207539
5.838559705470697
6.611309995764419
6.478060467964204
6.202129565055079
6.333057447732972
6.207098267255995
5.961449360953896
6.197725221371094
6.771089481137529
6.83898024240759
7.416464690676369
7.593206346071247
7.134972342034093
7.070796283449972
7.645640557180057
0.6553261018852925
6.307744599054139
6.136748595133618
7.124076451610154
7.452217777518605
7.49478385448126
7.924522295247317
7.506031026625986
7.101378020120522
6.738010204978919
7.176387395478816
7.660092771554066
7.2804623785249065
7.499498323551972
7.146058805237934
6.871223401748365
5.984724197533236
5.520467057686192
6.510936615240018
5.729877049366147
5.340339389557448
5.584072150932355
5.53591773986581
5.966384779816734
5.669265583632234
5.63989830014101
5.607170556727241
5.303124112612329
5.310688927977045
5.594467072766362
5.170108717050827
5.226419468778963
5.046240982370304
4.811978331092085
4.422748361885713
4.569262420313588
4.444828567660105
4.333013903662267
4.251738941747835
4.649903012247766
4.617247779629205
4.578763547195088
4.769502410912861
4.671612541255457
4.8562116056453535
3.9876146884950594
4.325983546107289
4.285173848392619
3.9533339403646357
4.021341841948539
4.326730054727023
4.408988650365903
3.782798852903783
3.6410571652430868
3.3703328018638814
3.2426533807861375
3.3544575080915706
3.3798778585612483
3.3623171105996863
3.263254255787784
3.2978402914401577
3.269458844502846
3.2458174317056847
3.160947702738198
3.191906778779686
3.1993688993444542
3.2041447211786815
3.392199724264303
3.1486019955653846
3.1350750205483404
2.9556979255577485
3.001791245913899
3.1082749540053025
3.067728300582446
3.2752678601636847
3.1954118871423756
3.299799767191142
3.5963804483675244
3.4938535367026917
3.447376866416956
3.6865625352765705
3.862674999279911
3.9762327768964787
4.185910891734071
4.110223832172998
4.035197875612696
5.270570499663508
4.68812725016727
5.0182027388378465
5.4957854707098495
6.504467265718584
5.247372783041912
5.262309045576285
4.912082047904314
4.672831572323183
4.81721579065936
4.935405810301786
4.901271212624645
4.686890321881653
4.9779509890876055
4.739336849917639
4.737076441295042
4.851402219159808
4.599073561745787
4.453876299122016
4.1750829923991715
4.224654273868325
3.94834928122133
4.045173883660226
3.6561202901657497
3.922302847033017
4.306938105408438
4.53176573779222
4.352720075276357
4.359579068777566
4.331287309260502
3.921085917541804
3.89695596551862
4.140970892604527
3.7831192080190372
4.106630822141613
3.531474480198951
4.2345771907061875
4.08790710127336
4.019568361005495
3.9679188615335903
4.103614910843658
4.029926005564044
3.6882982386778487
4.164635111479747
3.9348629349304094
3.905015527715489
4.29236436232376
4.217929603855082
4.00591066726346
3.870878747776304
3.8618103867194096
3.8661023163208816
3.9676303601149545
3.983817302388679
3.9407251225969673
4.0572528344270635
4.084841242377539
3.864314836988731
3.970919875825167
3.871690122776821
3.8323382239041646
3.6127458660357203
3.662302377048409
3.565084253316034
3.575750902927368
3.4894023669787337
3.345413126511628
3.2928907752466854
3.2720548411000077
3.1459071491006765
3.0459401392945247
2.9929649073637514
3.000031843589699
3.079583408299043
3.0412199418182633
2.9900583559294494
2.91935663588133
2.894220928847947
2.8419166826936495
2.949132688768928
3.001878943262602
2.9419809280952705
2.9179531662483384
2.833076351322478
2.869272957118592
3.002801369449204
2.9911506294852988
2.9512068909103792
2.9090787760277386
3.0112616630276987
3.005535989831023
2.988548265041029
3.0270700309117986
3.025272107300529
3.0664366460810073
3.2137525627085255
3.220106421318361
3.85621153886687
4.166766261831371
3.841679120599296
3.7380881481692843
4.02930355606392
4.7184758034468075
4.7432899886872395
4.158665729966767
3.915031332637024
3.6982881032143626
3.6724662544501627
3.700669777565181
3.5624803825448916
3.7663823477367937
3.7604326272821043
3.8109092906508533
4.020836969998282
4.202988999410051
3.863617252484362
3.868502019898344
3.900512496963253
3.7259184184152163
3.613414705284222
3.590038578400656
3.428243092475894
3.62108499893362
3.5715802911085506
3.7316128142547305
4.172206463271053
3.718126333496728
4.368127064277022
4.113966586228954
4.409804201373288
4.250137015404927
4.248722293592782
4.162598516419112
4.117213959235483
3.813659985408031
3.932868739191255
4.004152126013413
3.9916237573385787
3.89461434380501
3.913572644562868
4.021237034734596
3.7217611817235166
3.9517587509936627
3.952295571099376
3.8185520017549637
3.7795817206042934
3.6791580446537697
3.6517578854826653
3.751716405299287
3.53238394321563
3.449915002736217
3.542577153275136
3.6269407181184325
3.5632217099744348
3.5276001463016233
3.5248313743721584
3.4253295347025694
3.5755184038704844
3.441080835751125
3.2780769168320267
3.305551501627882
3.2854946193284653
3.2143447586795553
3.0653638908219865
2.921970092105546
2.8527330158910096
2.8587448208874546
2.781429383136789
2.7263255831527404
2.730355092961056
2.6544391206155558
2.6372660977395586
2.5366502721341417
2.5857125282964604
2.508180563415299
2.5541178437032994
2.616880927136812
2.793069862744134
2.945587502586207
3.73180199794651
4.693731999409268
5.399150731871784
5.601174722239297
6.587452344050324
6.462737183829883
6.680928049227596
7.350715681589353
7.823450578683004
7.752877044282327
7.812649337785326
8.437996885272572
8.04499884296309
8.25406688697538
6.898793161560113
7.060088677710252
7.200843939564265
7.096913587888004
7.294534711044512
7.315123149867769
7.819282360791786
7.5962913049204195
7.3442370622063695
7.81261350269882
7.593687650925765
7.3496681297142095
7.968564107412979
7.32644225114045
7.617973443651555
8.112663827645145
8.169119816604233
7.693826240643986
7.986841858760839
8.02661240771172
8.654462476827998
8.449774602179328
8.03921433258435
7.8123028723550885
7.729899754672806
6.860097881708234
6.810328458248703
6.877597496600472
7.015342700579723
6.551916052467677
6.172692664388794
6.350617091500273
6.077408484744428
5.535106670682989
5.863121367260777
5.552250781255464
5.177561883009263
5.216122848900638
4.524226980451206
4.257744082421646
4.8188866500029715
4.648374093276796
4.836330999815586
4.67238736702649
4.928304389922124
4.217830038018755
4.545420908719911
4.502443067481235
4.197409829571655
4.002975446368375
4.31642153150428
4.523078969601842
4.018903271544875
4.03968993559247
3.7489673996499224
3.9028968326400695
3.769476248021302
3.7845306385071167
3.6899283896911523
3.8178094302132437
3.7510849194459386
3.555090871238439
3.4082951766288545
3.625131869700454
3.275279856729645
3.1413104202163855
3.139568977663563
3.0621187965280847
2.897491628908445
2.9583088578465944
2.8278617616232693
2.8530172144789705
2.790167960253418
2.8083049879619817
2.6936839733924094
2.791442040991051
2.841490530707621
2.840785397914818
2.7756907833820272
2.7404116305745267
2.8517617430463575
2.9368979207864294
3.2288619684472475
4.0431121974288
4.35169056363123
5.154581775435129
5.488833948278878
5.332900630437608
5.251231517428416
6.172527911535619
5.779164043342005
6.38252753963249
6.042893681337119
6.073599867661785
6.719803354887002
7.369695684961009
8.061158492870211
8.011739246821321
7.945365446733901
7.531820490523908
7.916264913779225
8.393696740174127
7.971504424368657
6.861128943823179
7.717811350448709
8.369235474104784
7.62258036849702
7.734862820878487
7.592735468699874
6.948021939413717
7.813895213249462
7.844754403590369
7.664294876075913
7.596523356855977
8.089538277605103
9.160553015942558
8.97266995004255
8.229712260570558
8.708976573973924
8.35430831569229
7.1982472309676595
7.4233124513662165
7.040185767846902
6.949977610382491
6.385053737010374
6.142068978339258
5.535049320622945
5.971995678979705
6.395595217245757
6.583588659216331
6.293868808024158
5.810652170375475
5.312090810196426
5.15181678322573
5.282902380414123
5.482030881338114
5.209172294550123
4.998924273825649
5.193535304396461
5.2923094125560874
5.284882298686805
5.529546139686572
5.547804001080539
5.2409152470418725
5.14231082569109
5.332071680391806
4.9742674060180265
4.638515375409624
4.139929924200003
5.388779093961234
5.802875451510957
5.100416205741871
5.660284634435815
5.8055652329549785
5.087521107307782
4.602744157691059
4.316770731281165
3.913505258564116
3.851894946698904
3.758616503063123
3.7225494567126813
3.701182939847925
3.5723754895997515
3.5872344847550015
3.519884937626072
3.325054040086172
3.3382810982178683
3.292906263621669
3.2331131064007312
3.249115743755285
3.2415184174296474
3.179289715908422
3.1360633065760473
3.2143286269976974
3.133469530706097
3.1020238565791964
3.173492626089181
3.2280965189731172
3.533898844206556
3.8348294479930174
4.34577787440883
4.1388913634225295
5.012094740750907
4.861129900030402
5.359012345847435
5.335079218562952
6.617247720810214
6.241005220478221
6.029346281169406
6.026304826245949
6.779238362770184
7.290278815510278
7.129005029553207
7.029869721964743
6.743297832591314
6.873173174071795
6.6638487013455
3.5661574581559403
9.165842954237498
6.739591760846615
7.0154606148098875
6.6973941044906
6.6116784009332195
6.628186790676255
7.513177170963306
8.111274788916129
7.917377331559996
7.736272664931105
7.714751855450383
7.475213047751765
7.64436369730011
6.332410288896142
6.920023702320711
6.895688723108142
7.3922564599756395
7.042472385541809
7.726437749183324
7.020870909353591
7.004152319749839
6.508478672141768
6.007855724709708
5.7343223881215515
5.973855573102003
5.685362440935288
5.545173506189728
5.342514225651874
5.358733475552131
6.024792891213272
5.703122697434644
5.121904792968116
5.19185898157576
5.138787373009509
5.034683478736211
5.245952558164392
4.922499794409521
5.213737869955044
4.855751571908412
4.861316084204527
5.048438542666754
4.673199684771215
4.648561040527095
4.530772627185984
4.580271326409845
4.637035766574425
4.645025120126085
4.4838946849402195
4.385113636817774
4.329679700251208
4.560716284634786
4.3498064333858695
4.431683606064984
4.3923370513444535
4.439686022070724
4.114820321696071
3.997188369095973
4.050316568261683
3.8308889029835655
3.7077861281108064
3.461055936088842
3.4777694910890267
3.2971242662536184
3.3439784136398276
3.3682067535531375
3.3150469391627646
3.278544131239079
3.25364578151091
3.2040816393559455
3.209835957528538
3.287168015762996
3.284310846800865
3.2634319315970433
3.295887975734811
3.3516242208688176
3.3895783778398574
3.3087260172101627
3.4708090088257544
4.533770939669861
4.812057228595885
5.7948467141501565
6.098439656821677
6.664555586978011
5.228798065678563
4.904549343661717
5.654990166138341
5.369742821008874
5.983413827026616
6.372738444877727
6.400480968463349
6.556328404406236
7.561841215809881
7.987976757834567
5.659341354307194
4.969307989643856
5.43979855759271
6.640811461726066
7.313582496438589
7.604056904997128
8.441412868702324
7.976313797789732
7.204123339095336
7.166182632982822
6.782542666704979
7.409723815865072
7.246798031507795
7.25614968792055
6.760337495221407
7.135397863384949
7.126114635582501
7.096316649082533
6.942942474869857
6.9934042292411505
6.7896802189443
6.9279526946677645
6.453007759067355
6.442482899133891
6.242580251685472
6.178789767227811
6.1706851682589505
6.782725382183449
6.444944083747171
6.2428739280945065
5.89506466822013
5.854455002933028
6.373010203469813
6.0514040477191955
5.552360980712099
5.858049235106867
5.250199575530448
5.045975464280612
4.895394723370692
4.820719847172608
4.968732769323641
5.028430930835655
4.841617041173493
4.927131431111151
4.831643061763515
4.8473347100287
5.194223175664919
5.1514279079005005
5.05650611475787
5.3295548382948095
5.109400677970921
5.267729233448605
4.866370342789856
4.760288997760437
4.329091771312848
4.612378105591736
4.2310071159347515
3.7851362517938645
3.9354375822589938
3.857650127729307
3.622168078153108
3.523887134251383
3.459474238252388
3.3374753390761893
3.23794832707941
3.269322612252883
3.2236146848850007
3.2194860359903075
3.1280002044571473
3.085214953345943
3.009749110305411
3.082894389679903
3.015065643100165
3.0130098440331525
3.1281423366613215
3.130221908150522
3.084285147315078
3.1801206656657057
3.125861233940412
3.33107088948913
3.892927439119436
4.330522946730811
5.152263077232669
4.775927382779525
4.66790259104769
5.102316176633512
5.111919802133835
5.089290885384415
5.529967119463115
5.943375870400497
5.985483070290642
6.297902433932202
6.424874640639502
6.7298878900242025
7.494599399897306
8.106509701391934
7.551210722548826
7.850171265786202
7.5551731291761515
7.364624766542689
6.109433841909251
6.9539165955657785
6.554417473183211
6.866818216655184
7.017261064658209
6.996530211900124
7.041903395683283
7.431875774951585
7.215495068689143
7.419073002262373
7.27982108012022
6.712533511444626
6.237012208756474
5.480107814614107
5.3061384529201625
0.909895873954821
11.503952259913651
6.072998631963838
5.010858557874331
4.474620010814071
4.684949937573493
4.852227285604767
4.454782994611762
4.637801635504109
4.6341978866278355
4.707113420586674
4.679650067040201
4.614698123634897
4.612193060590757
4.66881923300094
4.543090196156876
4.61796668231332
4.817908815421519
4.794021575086517
4.931254140196031
5.1231221032851515
5.177956143258922
4.587619064842188
4.6806407971017485
4.807943037802887
4.7564917121173345
4.77445608904813
4.699801386632001
4.490613036638645
4.012789331615051
4.487489612498176
4.266040368578179
4.290924512250642
4.161204807846486
4.1846877282344295
4.103273472973591
3.537154021234776
3.9973049333800477
3.9058832051552197
3.8034374772996835
3.9348962476178735
3.6790890448859
3.6063370159130512
3.5775653014365028
3.4451090769838535
3.5730400119881156
3.471422859917267
3.264722944927498
3.2422643976924532
3.2396603839067897
3.1348660521136797
3.143575902355472
3.081236828207556
3.040397145463212
3.0435720781593814
3.100266429118328
3.083690135277213
3.0696788334012286
2.9855668849815573
3.040912707611571
3.040161948226866
2.941791966133726
2.9314825055134786
2.9442655615500914
3.0826596059329683
3.1258527807507615
3.019846043917614
3.09777484102546
3.181960974384234
3.6333796591000387
3.8985175255398694
3.4422508902493267
3.529673090988566
3.8505107061715473
3.968499336978742
4.039218843944564
3.876984351716106
4.152177238774113
4.344305532009885
4.278625237272949
4.519635751820588
4.622233518672251
4.669217201775001
4.62560543682491
4.7134326356137715
4.611213098935376
4.8539589331732875
4.611741683502615
4.712167113063638
4.559125354698164
4.611461686852804
4.657351323782752
4.7868375552698605
4.84534758249819
4.733728572150317
4.6867584406779725
4.585384505096667
4.636086584898923
4.5721180674086845
4.467332713191788
4.5582048566633135
4.460425257285442
4.42803691614735
4.375512475222419
4.035693048151184
3.9842937213148844
3.9634688535493874
3.8931175911778313
3.992996775420789
0.7334619410485659
5.117619779340485
6.267586201783306
4.497226564605284
4.476261616277175
4.463660104434062
4.401673822725349
4.419560378336224
4.359256671242192
4.25271374117001
4.283600030521502
4.338211407987065
4.3120221712745375
4.210696486633886
4.106419106464984
3.982510945062951
4.027842465611557
3.9777052473985908
4.202343530809106
4.051059049140378
3.886359825244339
3.7976987397358344
3.6631480786512514
3.78728969070269
3.7568147255710627
3.6320784200028178
3.377942402943947
3.3594522125129593
3.308244502569696
3.219016535780353
3.1888539832142424
3.091355044946424
2.9670609863596233
2.9710471906346805
2.9504680606020877
2.9086015142129553
2.90294940808389
2.9214281361072865
2.8687398564556323
2.6996291630680544
2.6658900666415084
2.6660286001035765
2.700743555358121
2.5472583231856207
2.496999029630035
2.6189218476988363
2.686613895436291
2.6625556445661336
2.6796328129084572
2.771667420159283
2.7231670212108496
2.7386935708476075
2.78971360959667
2.8515516378163963
2.9235907818190903
2.9057287094187716
2.9852931047695117
3.087423238572095
3.1654638769770256
3.2068872849693566
3.2544263634518353
3.275471029119135
3.3511902092892805
3.3595194783709244
3.310317034669047
3.4906331029057447
3.546212404106687
3.613044642006348
3.6871520072944977
3.705349205290854
3.725644482654681
3.716455287910718
3.725910497669727
3.7450034368255385
3.8216312868272238
3.8977208836395105
3.8509990595326036
3.8582003421720743
3.8184679837079147
3.79136866322767
3.8503018080152267
4.048461325074595
4.000004845926684
3.9534852211026985
4.362437045976624
4.188499278795338
4.162720032405993
4.026299610697134
4.060733325667956
4.050766507099223
4.168299595961075
4.0953174492645426
4.033175387367007
4.005274593131658
4.0674598451438335
4.299199832342125
4.256997551666658
4.287509404428
4.254672297116908
4.318101963871132
4.131994348329
4.055571633293638
3.9262122366558136
3.8696732133822875
4.067832512267293
3.8972167181380883
3.7657052170702627
3.8341007356546717
3.7823402763742853
3.6880411435598344
3.831546920137249
3.6578219391923588
3.634207903301954
3.638552366012465
3.708102528431691
3.679370293502085
3.70703449882611
3.5641452064728822
3.6768437940599394
3.6590253083523847
3.4801674041028177
3.505291708451832
3.309516246651379
3.3572568352189243
3.2040179120502272
3.141088050438726
3.0802137476483793
2.986646079277595
3.117069281525008
3.002008026895955
2.851114339275369
3.0015526656631373
2.8784217199862585
2.8093519345953966
2.748430918457314
2.6793711805756493
2.700593930779375
2.716223265776542
2.637557779811643
2.6680887591621274
2.676102710335363
2.658685825623313
2.6565074161999624
2.619904212894461
2.526027983269595
2.7195917844251425
3.4615840908023743
3.648680335831241
3.8254312969317974
4.6365346941271515
5.40360195403566
4.059098729743755
4.639090592495674
4.952258175126272
4.488207201687509
4.6026987995992545
4.0105594770163835
4.946931048039639
4.485478250835951
4.83492454337711
4.736982382428738
4.44442621409685
4.150082751492963
4.082554731858024
4.066386899718446
4.255503047124161
4.574168133320022
4.857239951501475
5.34357019252407
4.656792800892768
4.80205036613113
4.851914190888079
5.115129237263145
5.899429792314798
5.0092658890065485
5.500691602261579
5.449011525161616
5.444868188950105
5.16860104705358
4.649205061525268
4.482339436309
4.723528920589755
4.797885970059429
5.533783536820772
4.994018534127185
5.201391399887164
4.635971823042539
4.468741860933059
4.641441238740838
4.844949121038521
4.134230198794279
4.036343592279055
3.7706571714818717
3.821201783244408
3.95215921605835
3.950986223038716
3.8637677652634985
4.099609940132097
4.054848768622713
3.772976645722476
3.8358618307885988
3.9174700607686095
4.215443444783921
4.090386999773044
4.099686643455575
4.12655580740084
4.187275268049106
4.313978812689882
4.348714309856915
4.068481876897864
4.056211316184916
4.000633051212188
3.9223524483753236
3.6723020218796245
3.691263914144988
3.353223661562542
3.351271461819709
3.293290382692729
3.3160521188788783
3.1794677244423406
3.074802979551968
3.047096029845233
2.962438106136593
2.787410396848388
2.7431127853439987
2.745002442018868
2.7720441222399166
2.7231798438306
2.665989454126697
2.7716055448046153
2.7850980908408123
2.719468994007964
2.641921600468552
2.6097455151396165
2.644041978692027
2.6527855756717083
2.69791354306908
2.822458199687646
2.805341882358349
3.310479597810628
2.8213949455025125
2.95448549932427
2.872106262428487
3.2954686827323867
3.9364576217726404
4.277875738054069
4.623193244067071
4.368354671876559
4.926585443668721
4.891236120081301
4.9539240812838115
5.215428906448003
5.26323012504133
5.909666846041774
5.9252687832649285
5.787041948390414
5.677778582574491
6.073434753549376
5.698440302810181
5.4973592837484855
5.946059595842204
1.5974624229458196
10.373592579919963
0.31472918406530936
141.5507514405
104.13507665976114
162.61677806694922
3.4939553264104064
151.81845593176348
132.3989850436508
187.2719904350174
182.37208117372262
231.27452473302358
219.94024661854445
51.17625106500006
81.80994735465326
4.878234057259971
4.832337439019292
3.004389581229385
1.9662439167444083
7.404951308090462
4.5917559407245925
4.641614208271757
4.465874507260912
4.397735216139414
4.362421446672718
4.3063550020532455
4.260682632642269
4.3555061429632245
4.3076823900372165
4.311591781880743
4.412978333186625
4.390183274881508
4.367335678136152
4.55729657965757
4.5673022193906485
4.555668533151274
4.7757325078926405
4.785227359312209
4.775425647175327
4.672589837284091
4.53209278686407
4.52422945192959
4.579856656561181
4.531800955595792
4.239011655419452
4.173108296286254
4.520638133615746
4.465438509175096
4.231328535471825
4.150340924166478
4.011371830682024
3.7534831079464337
3.512618975922142
3.524420093829337
3.4033160162736276
3.4016509122388707
3.35285999209892
3.288952543946996
3.216663466421808
3.1032257722398056
3.202089158587578
3.1425142882378743
3.0537704030789277
3.112673470565173
3.0189578562257005
3.3164310847517053
3.189367942648375
3.0750420539145478
3.000704077570842
3.140323311953666
2.9962018164362414
3.1106370482804704
3.07768655343785
3.0356999948081413
2.9797168372133767
3.022647504712308
3.033577958179404
3.442576407206187
3.8133527327079997
3.88190118403624
4.033461035291854
4.658423113021617
5.1514345320120825
4.509733188438569
4.815808251631234
6.110385700132677
5.807535344219069
5.580926331804033
5.246117557169987
5.512860129717847
6.357755408339524
5.919519712247502
5.206172686476921
5.787671646278925
5.971762833800454
5.378406474641818
5.700814684052994
5.264731569621229
5.551524168766813
5.219080149269454
5.153575803105606
5.490240918505201
5.251589225325944
5.85355068063697
5.866218730820359
5.230102931266359
5.773409708365286
5.534174738208443
4.94023886101672
5.214801465173658
5.546650193122194
4.785665989599056
4.9468719987830685
5.2541784632213515
4.728747652823834
4.475246506259248
1.6286122599436788
1.6615520922906961
1.0619199353011732
7.9020539829957235
7.876079203169243
8.1702984398496
8.088661316999046
8.0645610465795
8.177130809394821
8.33479963760114
8.240210220529965
8.121201842759968
8.300074349490746
7.730712388132417
7.614420041482047
7.512006335727324
7.246558743472951
7.4793031002938335
7.853941598463624
8.061340863528459
7.848033501521739
7.952556256266756
7.882646710424167
7.9748973076093
7.416628353659733
6.947883396386599
6.345604095833914
5.4895826502035545
5.084939908615974
4.873917485103188
5.234972771573055
5.187877806291593
5.060718529963223
4.960423514738359
4.852944978519293
4.706978221267612
5.415272381152539
5.245343893578996
4.9772994124321235
5.161501172219296
4.727931632408724
4.553968802816164
4.342756876457392
4.643353129532531
4.7814621424137185
4.360813063139751
5.309706118729983
5.498378469486822
6.411107220577724
6.512933155739214
6.260350299721105
6.162850625949118
5.80650752928439
5.867510885400242
4.615651098023328
4.388435592951183
3.8146667834113215
3.8535617339452513
3.6735445059422256
3.744619481327938
3.650199523328869
3.945286048755265
3.8728150004096316
3.811459136046616
3.5006643955250043
3.3339949560253976
3.2448988546534494
3.3066241539231953
3.4041594533689503
3.5570572170745387
3.695401737618073
3.4084254198777075
3.4480622292960987
3.3969325241719996
3.48383196869997
3.4757912646649887
4.042597991515633
3.989337972643484
4.754975907988553
4.214306579066101
4.047052654307317
3.84638273963835
4.614917045978337
4.95571362936963
5.741450584274647
6.317302517340698
5.872774343594712
6.594619292000821
6.243310753530521
7.07655545914875
6.39237324170077
6.515363418078242
7.19657737380725
7.8858142995063565
7.690895600414823
7.574960784080616
7.650928693062489
8.145852086540357
7.652658548736438
7.575241662684965
7.772187366206447
7.54976443265861
7.275338129561794
7.745391564020497
7.579573947610231
7.048399214956817
7.530194116973873
7.354445787286548
7.058841308032237
7.01509157720162
7.608569933155985
7.9820477156060825
7.136649470174887
7.156834319517306
6.641418318838822
6.774751728946264
7.070919093636775
6.809614920171832
6.622870143563475
6.433273423308266
6.468688741030283
7.0637715894009405
6.267226337136206
5.3468943064466865
5.636434846122595
5.2730400510489295
5.350026269494246
5.863056273575138
5.17384283887176
5.490627316265486
5.237615145288761
5.818639377399869
5.606570322478454
5.096461344684278
5.17945301990968
5.031835243626175
6.008186860588251
5.827840918131228
5.36211650112419
5.393231217217312
5.3773600411203555
5.448033513366218
4.744252453902703
5.252200193341444
5.984769326546806
6.018783163658442
6.195788634731003
4.806061778242286
4.149955905205205
4.410829990436253
5.863739731932616
5.772824555273591
5.154707577805732
4.749955599894791
4.338712329418887
3.8511484519461683
3.557595698632984
3.5162446198147506
3.4036203880677394
3.2041341939742405
3.1449999645145468
3.146799556488857
3.1425633537972764
3.1278132799555913
3.145148518096627
3.2103579379013207
3.0623818066865938
3.048919152551531
3.0548588577868068
3.0755596510098484
3.1210376243171205
3.0319947915462184
3.0776338170812765
3.3463753756686003
3.9151768149231416
4.518416517552537
5.221139970735952
5.874234072204199
6.500258385693405
5.932260018096144
6.293463095064384
7.108894954670901
8.252132840432726
8.442347001328649
8.38163601606381
8.85560871089381
9.049189294643812
8.86974469217947
8.356104614987087
7.180970754284721
7.157838317397907
7.169538146345209
7.827826644443997
7.377443831105666
7.38101324844136
6.622911677360339
7.177323468524511
6.980249084065786
6.716759602858055
6.926259719270759
7.31599909663288
7.567234510775019
7.38004797693428
6.767000976457445
6.973816510503661
6.739320317844221
6.843561069033747
7.057839540202861
7.131771719895619
7.7551830635488255
7.7615085136020365
7.469195544474451
7.756838985270438
6.647263028105426
6.774398954834243
7.0328892880098675
7.213323185118935
6.919374884080425
6.697239657122177
6.641437898188342
6.498768834353798
6.2188599779132225
6.005672559497446
5.950208698346429
6.615446222076288
6.403831707559438
5.921810889578878
6.053912313472885
5.886347510026375
7.530114735184871
6.946551379252798
6.977748647941596
6.950094998219586
6.543178531415904
6.281049172451817
6.859095609606171
6.745446726674073
6.223024096222632
6.285044851777668
5.81685266805975
5.871447103595034
4.782311736345187
4.39889330203061
4.098199189241136
4.057645950664891
4.015423580927792
4.07991828563417
4.06969815066841
4.073953556809976
3.8992531918737363
3.769014045269827
3.752905784783468
3.671707912856343
3.6408692925152857
3.6335508049927188
3.465057234901843
3.387947174146677
3.4850967019415635
3.4373565004409623
3.4287073563191393
3.2536612934840967
3.3209690770210165
3.29423586505486
3.2877206951659286
3.266513429978784
3.3763332469488843
3.286365258625452
3.273464426715366
3.28498611753991
3.4351937712019427
3.4636777857287826
3.601609819793214
3.1610516015236088
3.2482025306391664
3.8185367665354555
4.505450013030189
5.099091589964412
5.0801375798746555
5.294368128258723
5.384781922705495
6.364217880119344
6.039511113888523
5.999921484660476
6.783724284881682
6.95633830483708
7.427348268906184
7.132695900479956
6.361177569318173
7.6695717367325855
7.850797582402787
7.40086498411101
6.821408927448763
7.249561778846281
6.958289570211123
6.95940185806848
7.950505789222265
8.198419909878156
8.304976891039194
8.170998744659997
7.896887862443525
7.487914994754258
7.0809663185897245
6.457321809104508
7.006186358803826
6.312146447633247
6.303478884462788
6.634967938059574
6.832211779637937
6.388023538756525
6.89797587654405
6.729879837809044
6.568958206271308
6.4353343082950705
7.076728724708151
6.477806129276085
6.036085074692514
6.619728976301856
6.41821121878135
6.052063980493964
6.1604740774428155
5.702956380449901
5.216249044427129
5.86270122446334
5.669216992477779
5.089893767807984
4.594564397976507
4.734839953700417
4.9037132407884005
4.75191563155595
4.676493355793216
4.4862315571950395
4.652176876637663
4.400648399236985
4.4767464716439145
4.444226926011082
4.498089337837511
4.49501656286899
4.890247391627113
4.351380802881759
4.342940214533099
4.300146299129806
4.187015170212104
4.24792574137152
4.276122369473045
4.171831257172105
3.9495064068581525
3.6279449720272776
3.599743339726191
3.782511804885329
3.4638343274277292
3.459958476278431
3.381628879007367
3.267629855795986
3.346917648975933
3.3801764190949064
3.3617940032281846
3.297631566995686
3.390476785035297
3.292757031464846
3.25986454461247
3.1927441491333743
3.1992947924251363
3.065803599745509
3.143933074283024
3.0537458146178538
3.169957499710472
3.097323834660034
5.263263125336214
3.447838685108586
3.129590520803026
4.198725922661248
5.088702813804653
5.6421645840272685
6.067608403283104
6.04151447845629
6.147809845598681
5.770770213187617
5.955812935382651
6.331786996269061
6.496884429830808
6.712758166494273
7.583290298822434
6.949513726931863
7.4813497392382
7.540241932528337
8.550866164461905
7.338843259040875
6.916060372006255
7.352434726198839
7.378764820807609
7.685211829516465
7.457180442114553
7.2387622767269635
8.076809194140184
8.040393869283632
8.356981908412516
7.745403040897532
7.395412742571326
7.244843956680928
7.088327254383227
7.5153359354482285
7.034495317447624
6.925406948990602
7.057987960517119
7.641728074956946
7.736201234760461
6.865380275065682
6.619630981681522
6.228559474023186
6.004984895589509
6.353900871811697
5.893533219115762
5.860223102586881
5.543323987432464
5.234117801512249
5.698877239685716
5.565419231373824
5.446950572661401
5.448999753616799
5.173885547822084
4.993052926848562
4.7786624643889795
4.764512254018448
4.510615393745742
4.627380046641794
4.624102710377519
4.830530331834954
4.685132002011851
4.610562327707045
4.749475827285455
4.659443189647543
4.39159362208009
4.815647978853323
4.707163145318701
4.482294808450551
4.515287253212996
4.453923441667504
4.30830102988346
4.188301454871588
4.131487858649463
3.8418637087974377
3.770105266397379
3.6737851469893776
3.516854968125761
3.6358179846914607
3.557032660869865
3.4163757879384113
3.37298462463402
3.361550469053987
3.405805460429215
3.304462665294061
3.3560876237485675
3.259767889568863
3.2167817743028375
3.133537332807162
3.2527786999036357
3.077514116952903
3.1120549842539793
3.009299145907724
3.054969634712327
3.2217414219475473
2.998416822948936
2.9838761453584413
2.879868188996309
2.913161981986183
2.9899349518251257
3.0215561296944355
3.7527873407976675
4.566552793072823
4.531917836411723
4.74412349829103
5.155709921483833
4.712597966281836
5.795005672794445
4.821753122282909
4.146599076031043
4.387171007556046
4.410377808178548
4.376821044646529
4.030998253510559
4.012317047983727
4.174239331452778
4.679329035381357
5.239745212327695
5.437045646330363
5.900093998918434
5.924019042455634
5.436982184697504
5.915739291151708
5.448225876360475
4.815258134628365
4.5510671142937955
4.8218259597247
4.777620329768205
4.9147945228969165
5.201678401328055
5.249358519630068
5.0705910592031795
4.975681536638224
4.807272075375216
4.661753437732746
4.7148375168270595
4.543628755686435
4.588622334533271
4.759329797356854
4.925551122786329
4.529830428650353
4.50153294825956
4.1360471640956975
4.110975044052435
4.160701969530461
3.9827305465218807
4.446192523091143
4.039980831909538
4.276799600311816
3.9971933684783614
3.92540947886069
3.9673048111387095
3.94139422850858
4.279096535897198
3.7833450281556287
3.851091226816922
4.127818125390331
3.964824876394751
3.873913158511622
3.6686192856819373
3.741239304145696
3.7451930924790413
3.8512038402560584
3.9351730062936414
3.823879972563866
3.8492920278333957
3.6939994171802764
3.4947762422914703
3.416919171398166
3.5537458494113636
3.7032954610713595
3.35405868261973
3.306625331862464
3.2756046950656468
3.259095127771606
3.112961338052352
3.114155803079583
3.0161517544988117
2.8887336396233096
2.874181942350058
2.860255169780793
2.8826089348790633
2.8890306147281395
2.814735203364465
2.7742629466086637
2.709478556847157
2.750713888016559
2.8032750183672888
2.8317397209723594
2.6909610723813966
2.6394129719981714
2.6926588930343613
2.6704334418006557
2.715151469944248
2.6253987346809087
2.567732728107774
2.605315711948348
2.734491221639901
2.921473633846771
3.1686902455871033
2.7431745225316075
2.733384217950241
2.906952703613608
3.2577949301161895
3.388552359605937
3.368912776546549
3.4823003889137905
3.5744421987285913
3.6996396416786133
3.4611662636962715
4.242161870290664
4.181800944698733
3.7410860273130084
3.6567093827160306
3.9967787341460217
5.139396628933545
5.012909034396576
4.482230375374694
4.591854680661141
4.323175599841057
4.566015118246902
4.914666022192489
4.494975988210984
4.429363782880575
4.53392764002183
4.362568964914897
4.5531789829547265
4.322044874082277
4.888901500447946
4.896083849553314
5.060456595018972
5.551487679245879
4.707394555384712
4.065171895867101
4.2674397617465525
4.298509501968622
4.049049053254844
4.067475252082807
4.243106777164023
4.763254853575585
4.729555084086515
3.9406558401132314
3.9141605532867647
4.5447241059952965
4.52337842859591
4.325805002288351
4.493491082995099
4.699054013101753
4.638083307825101
4.518672956631779
4.765936280675924
4.635809647502496
4.176011100983574
4.177422534975973
3.709298307396979
4.453788773551993
4.473081064648691
4.391056885289954
4.585986569497909
3.640681560167522
3.7952088878491073
4.121914744592188
3.6281949925580688
3.3583271974125233
3.419505831110931
3.265143624306673
3.2381206852388025
3.215038577643357
3.111557303755985
3.0857158560345592
3.1117830675950526
2.96418266727253
3.193623253146364
2.836235065243615
2.873718560984677
2.833552965758979
2.909982150381367
2.9013450492770727
2.89634110559418
2.7990771766530376
2.86922337509977
2.809065229041524
2.6685546001440574
2.7198602607270224
2.5805570469753225
2.686824434608911
3.2018882810024922
4.899750261098027
5.204079115963452
5.191586999663824
4.723015949587131
4.439341931904074
5.347094711508699
6.0634154267088105
6.265496115871949
6.4344911723885865
6.808259742261564
7.2914914647933085
7.118104638066082
8.26701559934805
8.301714044432323
8.403209965902006
7.794660091085172
7.687630660952384
7.5557957262004996
7.40687089000475
7.4480116345824765
6.817533887568165
6.869470378160661
6.9983832688916845
7.282396948685222
7.3688205827699695
8.022192876432579
7.394981930081398
7.6141120812779866
7.239336827103421
7.866459609691268
8.319662804380235
8.589259594732711
8.599510639287088
8.069037193923053
7.143376780334983
7.904986341152483
8.275953485625491
8.079856624185995
8.138627776174703
8.064305901024424
7.84237688474896
7.608717932379112
7.404918100463839
6.248186160420851
6.061364241744637
6.18914870708993
5.943540422295513
5.580202561742309
5.317880968837497
4.9833420076666295
5.132573396826831
5.355222968513381
5.135056134410479
4.837065410540237
4.68619765504878
4.58098124062881
4.567637330803363
4.561770263927682
4.386931282989298
5.019423761486812
5.20266933837173
5.141354928707921
5.303782263721938
5.045620336758407
4.567594490255871
4.206051085347708
3.7909349736657996
3.843573802423153
3.819391202228296
3.6022009059374005
3.3718405165536955
3.3373290507942626
3.2687343241783635
3.6909440590391527
3.4017081758373706
3.166193089670441
3.594602606154095
3.3418038540975443
3.2631335013991376
3.4415297728703234
3.0310724251357994
2.886770671079136
2.891949443652717
2.847401809156037
2.8540518719590766
2.9406784081682598
2.8032547456975623
2.768249336466398
2.71420716523011
2.6734974869250223
2.6450993402099416
2.7146159272811694
2.6628254017431954
2.6043282492117865
2.627171475026187
2.606478846454828
3.1152956905069176
3.2882501228739485
4.0707901617106845
3.7798760047730364
5.283659193658997
5.28542846648671
4.354307455567426
5.263278301751992
5.675476496602968
6.531220001551501
6.152931547172312
6.108719092347042
6.7918267418605724
7.1239602776282025
7.721163424587862
7.66041181159561
7.15403208286723
6.821780051216119
6.764684002873924
7.215624565397532
7.089283225794121
6.9930111304676
6.4859611102445305
7.025628547103631
7.536835580875814
7.924555546176787
7.4884192692260925
8.326895459146069
8.171215648095215
7.575602068657406
7.61150740350402
7.479237697455336
7.360435689789048
7.741973500122562
7.939078792693918
8.474106010509885
8.222935512232183
7.663836108728829
7.669156907906058
7.803278693263407
7.330521621266718
6.510416433826767
6.875453843842467
6.653184427813402
6.618372603475815
6.169913182430622
6.499593760987482
6.280036103983805
6.149594774191198
5.495566910182303
5.19938628225326
5.31994714464212
4.9919997660149384
4.59283646444267
4.729393342492934
4.537927471913759
4.333994278628809
4.268639901868382
4.774406845087042
5.041292320991343
4.873715992919633
4.401673278827765
4.392680790664848
4.45808647537915
4.461291122988548
4.271537459319147
4.459096411789114
4.814826963779299
4.351610339440098
4.21023978648197
4.125286699099968
3.943848891974227
3.9634582437697796
3.9891559119285245
3.8617422526146967
3.8786142840012734
3.904325323215398
3.8177076077934733
3.896800356937494
3.6940279253325805
3.7890252901971806
3.703860397997769
3.6751026777868248
3.6116220048090324
3.6187946674018723
3.5712466958406015
3.4190460227878106
3.4702181063329216
3.3111500446025497
3.2984604701455056
3.312658474784166
3.3013311554725897
3.2494555854493004
3.2648741849579856
3.238389550154535
3.134191376024322
3.2211996720919713
2.6559128948968467
4.241389180759282
4.8922321248979905
4.817546600285036
5.084667927729413
5.442778571956003
6.473435611091143
6.869619824930621
6.859067729733438
7.408499891066567
7.084803212983655
6.933002133942741
6.549017840099657
6.910112992369729
7.597871490628513
8.3996858235147
7.676655389327677
7.351877792559538
7.299067090712733
7.513840776100705
6.59008428931692
6.964310148698299
7.1325013725707445
7.4129309372723835
8.046705814524874
7.520304905257434
7.807878908651297
8.058331962404676
7.915069280454363
8.029076521814947
7.810837111592432
7.862494011903789
8.333622545398816
8.120958653565909
8.256184546697193
8.282525258355188
7.806747410466582
7.840764572048899
7.001288503773606
6.819241421969316
6.453485610622098
6.4885098559645025
6.720731914722432
6.143579815551431
5.7383325907357765
5.620729157934293
5.593502993605748
5.4033559110020555
5.509446072212854
5.712424544294755
5.43560434774642
5.127831356286649
5.480317691541009
4.911407612210787
4.999405307612153
4.71665487517451
5.024617805273825
4.8578659013600864
4.671603466169743
5.4570984105753
5.946430017236269
5.516158244733668
5.429459409705399
5.008450281534577
4.899595989699558
5.06185241251228
5.566172993824943
5.750719897560941
5.490131250208382
5.314582509700439
5.2055805216223625
4.638576196128943
4.561899612773724
4.235542120663536
3.647765959873954
3.4592681324805086
3.3465883727847214
4.1679014533981755
3.3025483063403405
3.35940172189321
3.065503533387063
3.0903730614956735
3.01003524221252
2.984422297463537
3.390425006827144
3.067610219612991
2.8342374350303836
2.8431125405073523
2.8277288090640527
2.8663158789109224
2.8110231188837944
2.8369996895579126
2.7956702399344184
2.799453146064055
3.2738622572086036
3.194556177351008
3.6206528074825854
4.675896720040527
4.830514111193455
5.44532211370774
5.737934164090074
6.6982793804724094
6.4919025260077605
6.089099275997742
6.471674597110051
6.530835206531318
6.809393033824041
7.2333546118132706
7.1857636141991375
7.504190827775628
8.158636141085296
7.926225318321994
8.0061307735922
8.014513011990845
7.8709365817622325
7.6724100087936185
8.399993883525626
8.046000587629837
8.24641638935315
8.411562873493972
8.548399325043839
8.016801959975849
8.209652905788847
7.934590251971893
8.683156016214944
8.923511899573361
8.495068496146278
8.419639106305487
8.526497485019178
7.852339178480474
7.941661274078906
7.320582916039139
7.230884190959456
7.868306723253962
8.16787120912658
7.394851153254269
7.528866316964511
7.525440182219366
7.021174411903488
6.269395700088174
6.5005486792271725
5.8281349432126115
5.531926883992001
5.8571879164956595
5.455266582974848
5.566229501147497
5.056746383847319
5.352656665391599
4.667433977518719
5.4872821753863725
5.162600606966243
5.654008347205069
6.401243101249751
5.520252450488781
5.240925689080506
5.019490138339445
5.034587617643933
4.4509868042784335
4.386222823557501
3.9743446746815954
3.7661431423502814
3.730522007481983
4.970377236874978
4.091471625532709
4.059879944531574
3.652920819853454
3.996571542040434
3.7249874293216676
3.3558255079349704
3.4914196511532727
3.458064313383519
3.279523268673631
3.1365823958498993
3.143370473255806
3.1693588808734705
3.098698507543304
2.883675025914019
2.8558214937569093
2.7848455183771565
2.774568681898541
2.8248378370022444
2.734702783767933
2.6499422301341604
2.636240234723056
2.643688993398915
2.66530784073633
2.5964351297811965
2.574040673449076
2.5903361921303563
2.5829249092191726
2.548507120430517
2.755610708400621
3.3395335753827884
4.03684276193929
4.193092768234567
4.993569050792272
4.898770350784289
4.752585158013568
5.251852101878656
5.805339978604263
6.06280540604182
6.424400871452291
6.47572184301536
6.574457912118314
7.189708349794291
7.52290994730955
7.275595878822048
7.180521132974484
7.149618182842247
7.212464193441519
7.9901663890577135
7.4821365339879415
7.263194145472254
7.3113085976245396
7.162019394606795
8.067278451529688
7.835464677518055
7.269105850750221
7.750976326267609
7.435751686558164
7.763756718174116
7.368911013734945
7.414913678726035
7.435674397882907
7.6582038430575725
8.1091673865209
7.789333342100919
7.502457512276322
8.104411295919922
7.7522337525949645
6.839122507698203
6.814394048897373
6.7395757579753965
6.9193084522755965
6.915095246976754
6.620756020485819
5.921941528492294
5.3488839106075154
5.512281716761371
5.179125278828776
5.236416610415795
4.908757378888388
5.073856702068686
5.24070989914934
5.069229194987695
5.562472843027134
5.650681949779689
5.762363549725472
5.402823294911472
5.4552298319450685
5.429845535935592
5.24055160502307
4.838190733308953
4.993404076627456
4.9237759610990794
5.002833475668485
4.476066475686234
4.4352899715592295
4.927265694985929
5.018777896996355
4.4609271464377604
3.950503769225555
3.809411162747169
4.286351650723093
3.8592352693608922
4.134834942128825
3.925726612770593
3.5761833817940842
3.3224379273461784
3.206329122271056
3.054439435173578
3.0178939859269085
2.9535774537095087
2.954694759267241
2.896769258899783
2.9546656118793755
2.9350956411604323
2.89830539384125
2.816459724188044
2.8205951542822847
2.7418506298669296
2.7152279688022265
2.7707219284692877
2.725298655769075
2.6862104188151132
2.639591562515118
2.708802866368475
2.731986624406984
2.873578186177271
2.8110497681416566
3.02071085258588
3.6308348858850144
3.5496032104036916
3.4520282374442077
3.4457692554330874
4.508563165587354
4.4506413322131735
5.044334751255764
4.5611554846654725
4.467758599283513
4.155292455537214
4.1029192089643125
4.525988248495071
4.983761016302882
4.184523033585376
4.259630323080109
4.987245456567167
4.480944844968004
4.527489928053879
4.561067112645333
4.55254344801527
4.830064758926151
4.822937042506414
4.188669791632749
5.422472248760732
5.328775126128507
4.48960482002079
5.18461074091
5.259964982030889
5.789961328638759
5.883758891779647
6.407386965280539
5.908487994626928
5.493681008538004
4.7225351844540935
4.704901140250296
4.982335759687175
4.871138424652018
4.385987034657002
4.032890210431048
4.23244147715642
4.993668446070888
4.527629486491544
4.07320393634173
4.356070016569959
3.964052611819091
3.9682853592312206
4.466984785626863
4.205544984091265
4.261840966364672
4.489476746489333
4.0282573779613955
4.1716890947124075
3.9063735948622322
3.8697145940869353
3.639250864488784
3.178281107327694
3.78226096827199
3.5915907904625834
3.458272473203565
3.333152834320721
3.934063504393234
3.906986334487174
3.7291093735093304
4.084912428803909
3.7512700933695506
3.8101664049395594
3.550033664679706
3.274700305933287
3.834262140423327
3.70917638020795
3.368669286448842
3.038865468203477
2.7078102399742234
2.977386685472895
2.8073171158933223
2.6553785596996318
2.581281505005556
2.5830140616382065
2.528990125829794
2.4874952158985058
2.5160996908301363
2.5314486287013818
2.471326942684521
2.478527105141661
2.4557126520784003
2.349436205786935
2.342464220875536
2.436365229342663
2.6632289835655087
2.4122716678758382
2.479211317819644
2.3713749744954216
2.5451632451459734
2.54366515660702
2.3113767207002156
2.345610807010716
2.444553203279972
2.6757219665177825
2.6000653094624524
2.630134996842305
2.6911852442251685
2.6707283421032963
3.001567452609138
3.216993872065785
3.0603044265669954
3.5414825211015932
3.70807829664676
3.654820754932486
3.6887683503063236
3.875000989934591
3.9783104865172723
4.333665720377088
4.04554494221394
3.304288699322613
3.671114991425993
3.6431845187399294
4.396748450904443
4.614599737120922
3.9577740074939047
3.932658078822215
4.117783528393942
3.7160031190241702
4.099131340957788
4.327400700913558
4.279607212282957
3.9635185676344666
3.9333442198519726
3.668654435243094
3.7779190602573136
4.226077252440963
4.339751968445568
4.657579424394563
5.320811947310693
4.959248316796647
5.082574982083916
5.03014219682623
4.438734293546274
4.731238100737719
4.166010427443662
3.954661232816149
3.6961099238753627
3.958860720635194
3.850795791346422
3.8997925976625476
3.4808449954627907
3.545310362516989
3.671277589634837
3.714003446117066
3.8036233119941643
3.3946815913329114
3.884456199881537
3.48641834389565
3.7577914357647293
4.123654253631258
4.192737964593072
3.9990436858372362
3.8744530247060305
3.4443875337750014
3.30905237031941
3.9385403226608346
3.4770133976325948
3.520812547843678
3.7062968178070115
3.1349071767100725
2.997492777768864
3.327098892728162
2.8875531367676333
3.0089312127446757
2.676279251866686
2.6231828096281364
2.6113194950109095
2.5593859040526192
2.5322284639174986
2.490053945722551
2.487013403428734
2.4609187740382668
2.482812332575427
2.3686528745792876
2.396143867498979
2.3000285211549274
2.311242778858891
2.274939689968628
2.259707021070434
2.261355529131038
2.2528975957499484
2.246036188145039
2.150268824733507
2.385258561952693
3.2332597305829935
3.253938304067099
3.5479215599000704
4.112222525076502
4.630540972939204
5.073090008329991
4.886265001243124
5.21768210142787
5.740582936278316
5.434531407395786
5.988631460602583
6.185924511267789
5.985708362965309
6.523465550627796
6.389896722028986
6.512126575608459
6.9012590747488805
6.468726414674877
7.09361500416711
7.874631919405762
7.181491513102363
6.874062194844551
6.901469365974351
6.725208712321165
7.309263034543856
7.255361550556983
7.404832410633364
8.157574597072793
8.045261057689576
7.351152840090448
7.8033625723617535
7.68957572621634
8.16357049614178
7.447866866116007
7.345723373590279
7.344581912529658
5.932607765062163
6.54484933983856
7.15193193708833
6.696023069410693
6.282004326825615
6.378827653919871
5.63336032341578
6.049917200146876
5.308851070299111
5.920872902816111
5.831284060656476
5.256940056060731
5.250588361868062
5.014660642832853
5.603236884774803
5.134793824864645
4.5017249029380695
4.7229886104025764
4.511416600437236
4.61980990190415
4.712895930514864
4.428206401220068
4.1247345501366395
3.707670655996058
3.875726706682357
4.116066819001195
4.157723655514491
4.163426802970563
4.048781781937653
4.0040631622093255
3.6416323330216396
3.9353957947455487
4.364816657896572
3.8772939324825817
4.228465756939353
3.9522256266933145
3.2673979453230984
4.049431142023516
3.6593861426365146
3.811324513890417
3.3848806345516596
2.5970650666129846
2.423209160670963
2.487673600650588
2.40208310336305
2.418249999109538
2.3107072070613004
2.2616168666750944
2.271065859943189
2.2526044985080427
2.3030935015732994
2.2200684830599156
2.2437692143512122
2.2291456616629053
2.1539165735261188
2.1590443725126067
2.223475945128261
2.2246715443133636
2.182569584626097
2.386777620291171
2.836790839827004
2.8270152202590784
2.864098407892261
3.3867830195934037
4.312740001957909
5.413001313927832
5.640340112702583
5.211407834182099
5.5677449732402025
5.817061147592259
7.0243640162631555
6.559877963657554
6.238977428278381
6.624465491212539
7.507026760844076
7.28071329375622
7.493204066140573
7.9912694263530195
7.432139421941093
6.981112045042936
8.36295023976294
6.9490682759668
7.622606132018569
6.995317046955993
7.333848501862443
7.38071264141127
7.546284636396884
7.513275273062484
7.922030444169655
8.215956666625129
8.24648412968211
7.638466424803176
7.6728086956565456
8.015303489356235
8.092077335959006
7.953648703302419
8.059486638947599
8.302584510762928
7.252166836519602
6.770459576613887
6.758938759770324
5.858445323905647
6.000285912912575
6.421016372035236
5.739788566139344
6.2109619928277535
5.346132849767684
5.1082714293643035
5.158536924407549
5.33386175644763
5.554554238216129
5.8374306281985735
5.577831295189243
5.484317161193858
5.3148702162284165
4.870081884116804
4.233293759116617
4.965625374813516
4.816941305813335
4.4164717903229915
4.461238899429574
5.226831464074533
4.848977957563685
4.515093573024997
4.480354559133518
5.006395394996668
4.7607549127672435
3.9206351938511883
3.9253625170444826
5.724869778619882
4.614330999547068
3.3384565999455735
3.22977299300565
3.4192941621376196
4.636416552454862
2.9089163325326886
2.8612695888814326
2.660845129630467
4.016738504600367
2.9209520254800077
2.8361901620410483
2.7193386927511027
2.575738439081567
2.539820486400103
2.610358581927018
3.61284563087128
5.071219455657034
2.574619418460109
4.2120885509592805
3.824042755091113
4.351675812221894
4.205850352712213
4.57648918023527
4.321903097162382
4.517046723718574
4.121418936717842
4.544641997603177
4.154842217868078
4.359423170110722
4.715230957302899
4.223034032897926
5.4641986852113416
5.567459023291629
4.7795773080421
5.349297841172993
6.206814869732098
6.35377654671501
6.152963852832627
6.581633297331471
6.89399175482924
7.03454772230881
8.352786028760123
8.24486460498935
8.025103877205279
8.189057590528797
8.152240298807508
7.817839170442459
7.419915326964959
7.099009473884505
7.631835958136595
7.425993611559454
7.394566331988676
7.121196393444651
7.109807372025642
6.963144399197737
7.6823873686690565
7.96407446023764
7.410067199245944
7.1996866603884815
6.856513590473285
6.869706270715016
7.184415169438628
6.576727039293314
6.805390360577445
6.952853056019616
6.522401155191027
5.817783168599865
5.2458397413448425
5.778733638378622
6.1191183037323365
6.021134928175141
5.401601106784835
5.352741419682252
5.43716063726684
5.354068082556253
5.350804426741957
5.45856589697127
5.181348167526777
5.37548858146493
5.297542410929374
5.2286580385769
5.088985516052205
5.023047778558969
4.90921051290489
4.727327786890753
4.472996841072646
4.333216380125305
4.438126623899858
4.304760414928772
4.513607298229676
4.580367586599294
4.239068790093796
4.085060838341458
3.803432539845508
3.6885022281693516
4.359727650799271
4.2327865207284825
5.023209154925304
4.210579423023835
3.75148978435138
3.7661851734439065
3.974054118886453
3.5582273056583262
3.3834213083301066
3.0697373019853442
3.174185397756994
2.9627117966951544
2.7222069318854696
2.658591875837829
2.605165594825572
2.6270488910758787
2.5598335369924476
2.586451763583239
2.6479379481753162
2.5616326469730035
2.7209295889422624
2.516598542231988
2.6279110626106057
2.4255743543636905
2.5706944569749384
2.865485786752075
3.2139693327149312
3.9030210408151587
3.9080823571671965
3.605532515632437
4.195687677873989
5.81583636844928
5.790137739046262
5.5951486419006216
5.718453785729111
6.777056218410732
7.313838732431907
7.2616667090135625
6.785302549464771
6.918218870467159
7.425765447625596
7.186598523836303
7.656532934883062
7.4753837911284595
8.017779129605122
8.39614680363126
8.482822599228674
7.9668789467533285
7.989047867317429
8.07431433681025
7.239884911448614
7.283957154499046
7.531149999073697
8.109401391114321
8.188047617055696
7.971188341338632
7.391441872318634
7.001121421152556
7.819689153091838
7.340864502241908
7.480850332055768
7.225158310202805
7.832471234365057
7.247138354540145
7.1588810793371405
6.927083944502986
6.762149538866689
6.812050647873521
7.23710607609153
6.291174287664349
5.797354345202392
5.407951783335775
5.737817947935711
5.435893791855022
5.5328541242368745
5.170927059880887
4.6295530910408935
4.687201474468601
4.544335110646146
4.403861540955515
4.579460500155523
4.289338190323329
4.626512310782122
4.422477003773738
4.640173488158789
4.1928656083822515
3.788654276698477
3.8695009829983715
3.805704058383514
3.674939158717725
4.347413580603016
4.205904558685291
3.8178810985614104
3.368256352960377
3.2901571194788386
3.3765027750307777
3.8024531529220584
3.2186488891863294
3.239629117163219
3.1667203235069588
3.2514345204533597
3.3186723767691277
3.305369054318394
2.9412886568113263
3.1989739047793293
3.082195741613509
2.834068793960049
2.831709133830303
2.8274290782922358
2.7523776808283564
2.738762273615813
2.7671836635088254
2.636166841867138
2.702785239415445
2.532008101393721
2.5384482588930215
2.376061826238907
2.570286382142636
2.482056922100791
2.6447316572879793
2.6355870209821335
2.6273896675178237
2.6440188633325774
2.6370015779098432
2.900753924567651
3.399494454200075
3.7485889579745533
3.7987544427648343
3.820888288145289
4.748019007451574
5.422283758372875
5.011173724893604
5.607170878443514
6.1518619389137275
5.962791392779529
6.9296835283077245
8.165522467904067
7.623120625520174
6.669405035611297
6.844024627709578
6.971366875844111
6.465367893726789
7.187776163828889
6.926119538703124
6.573818159134662
7.135957853896911
7.183638879686885
7.341134794327253
7.622149075129538
7.4506362559709105
7.437550830998089
7.564154917798496
7.166601326708565
7.792933515246538
7.162354391295521
7.379534110397606
7.06918924707825
7.454128101897674
8.269247661820105
8.478348995646183
7.380406656453401
6.826014699393906
7.158575255383733
6.427087234332411
5.953932721005287
5.611655461339302
5.200281751601852
5.493621577643782
5.264297834119994
4.491191114719925
4.74787657193619
4.794685935945828
5.412510721653495
4.693094290589791
4.1578831961626905
4.191398687163182
4.481614384566269
4.228778620822639
3.909240211940128
4.167351419205
4.812296054837038
4.748146925478776
4.322966039203568
4.483207278287564
4.51136112954249
4.15966393838836
3.835796104944979
3.9137831409629986
3.5933372587716077
3.418165702964378
3.5902478402761964
3.480316077673605
3.4030229902230658
3.892802492932089
3.7091927360217136
3.5368141657201435
3.4273025409274696
3.6922137452716246
3.4985900318080225
3.0306667501867905
3.5351419792312013
3.4323555518069147
3.419518090788801
3.2869254629833473
3.110910738849291
2.7892056184982263
2.7324959278680025
2.711572681264919
2.848084570570463
2.6452249074217677
2.766159257067356
2.620618000231292
2.950746031392312
2.7713228583002714
2.7539047208881544
3.208188371546699
2.76763203550822
2.629444590205019
2.5224230861750265
2.438750285422668
2.4236002774129424
2.639718968507439
3.1230413521525104
2.7568382329471395
2.882919535146939
3.0345395927827004
2.8976395573338682
3.3249466678046327
3.3267077165076615
3.522297813528862
3.7230451165508627
4.051815417651126
4.724261378553858
4.816293594594916
4.417800759186869
4.477130306141202
4.720018904988896
4.804241276336155
5.129235874987279
4.929134674441093
4.0829693659101824
4.381976936308337
4.800097746570749
4.640732167375614
4.812994002926419
4.222734357867989
4.451749993506532
4.537306855670338
4.393981292798721
4.229433172149027
4.602163926714807
4.404192779871808
5.1932950263998885
5.502700822391322
4.695156836992662
4.011729735366531
3.964418760167623
4.375835418000352
4.275575070961413
4.072472196153551
3.7960708954054425
4.171950176592802
3.872926133224785
3.8472684434598436
4.176454738922982
3.6328594029114027
3.956176441110884
4.000189609560811
3.710055187184896
3.837688228444217
3.5472573555782243
3.99536172236494
4.498337340997789
3.679431089023964
3.4594679731438216
3.8366995061943574
3.5899000654372784
3.731691426946815
3.5222187970888608
3.481882788155988
3.515543732066108
3.000663188973643
3.278048300953397
3.2668883627238197
3.1254052051950905
2.9379344848210187
3.0497288033748107
3.009556331843387
2.807610534002393
2.948294680036643
2.8655545836760856
2.7478537736737505
3.113143805960319
3.052647398763576
2.9380729362508755
2.9644714061680384
2.7380885590205977
2.539315437468007
2.3487499758004384
2.5668561664056257
2.4778496736740534
2.41932395084498
2.366546847475149
2.447899456775348
2.466224875954353
2.41333957650001
2.412910058515636
2.52092990321789
2.8052061154260337
2.2197984483617517
2.2211027630879485
2.3113183232514825
2.279646829847006
2.2809997855818005
2.2517815928701457
2.2596748690254573
2.2680359818783673
2.2169149865846847
2.274648968939617
2.084511921952094
2.260405856528807
2.110586765496055
2.2611977581023734
2.491977764123082
2.292366743854256
2.452366007748963
2.357687659388024
2.6235746759574314
2.4722862311207563
2.7717653375083606
2.8717630777709804
3.1756691308552054
3.0227862686291203
3.326392705924869
3.133077681125546
3.0021252523223865
3.1584999283321387
3.4816941004149213
3.5133720287881265
3.37150807624593
3.955854847882599
3.794562299003601
3.767281807141267
4.051112129286804
4.023606647473896
4.030302670049612
4.145490041865599
3.874866598427695
3.901978120665942
3.9704147236078815
3.8272401836474446
4.090474337395731
3.8863955006218815
3.712435256952526
4.90365411503355
4.348495044235617
3.8593896260826166
4.195316930457515
4.122378043457864
3.7534335369134255
3.960359381590285
3.8665965009546364
4.160539499734106
4.255021347846338
3.745182091797791
3.498707825768557
3.718448573399447
3.7362579787943537
3.573776335693474
3.840419032344808
4.1342706815579735
3.5282331753192575
3.8830899120619766
3.5070352817291
3.7572479979187885
3.544468269511086
3.7534884199849996
3.7231628477566674
4.080145329861539
3.6085351526159175
4.006915457418352
3.8236480281285363
3.7024271289149855
3.0802525145262423
3.1492716767299878
3.1027348439078
3.344844494121938
2.6949313585769037
2.7765315316384274
2.657892876197104
2.6869056103501197
2.8414342893920876
2.897923079459936
2.4851165935120023
2.5203743229929674
2.503726727655918
2.360542348261851
2.3758380468920635
2.306335392228321
2.3140905439906923
2.298141264419901
2.3051951619077977
2.2750708235824844
2.2589715765694156
2.190947325459069
2.2827025601282642
2.168934516274865
2.1362182367918985
2.0946101486095614
2.114898751595611
2.136378795924605
0.04079325074707034
10.046469902098188
6.667625696159205
6.770432731107208
6.782937067305446
6.263569704471207
5.597612353474359
5.874791611495588
5.828701372169145
5.533636553590559
5.574717609015907
5.20213704723344
4.821204543362088
5.415143982434816
4.658180094738848
4.8746128253448155
4.587826493644499
4.361075652007942
4.317547873807048
4.443783627930783
4.030286375373302
4.139882656399796
4.180281132077156
4.462230460126614
4.712410182937202
4.863935669361025
4.315569239983447
4.201592408438295
4.062714166212678
4.120216815189687
4.261078695195143
3.7198407597578416
3.7172773344054306
3.336650171961117
3.4405307285250712
3.7985727072708544
3.7640505456477795
3.7680295790050558
3.5439535326229334
3.064318043223349
2.7754369242191173
3.0927249303397715
2.773124467379397
2.5953537817710535
2.463035409422864
2.6858811875367503
2.747878107503939
2.695300011471393
2.3977008867045826
2.35236736253813
2.294493645926322
2.273821903865464
2.2970709675529273
2.308546630733019
2.2643644935555702
2.2205713875355553
2.2744917712520145
2.1393059857217454
2.47712331485064
2.4737711410637826
3.128225555783732
3.207683642361251
3.9101546483256144
4.490956124217135
4.475250978816906
4.624265532664803
4.844339870689505
5.002309021219236
5.4024267916138875
6.126647629765197
6.741747247978245
6.406375631847314
5.8849789724336175
6.249495809085252
6.738817885215635
7.376286635761282
7.225079320580257
6.932822246808791
7.004487779504807
7.199703376527787
7.266615565286446
7.170701218558546
7.309722401494924
7.547065699319138
7.573677326566214
7.520796822235999
7.628645701980017
8.288583855454606
8.208674140976298
7.862685740341817
8.899866061825762
8.621357111285326
7.802908653046382
7.744793931101214
7.3404962877327735
6.829345848478919
6.761955213001889
7.1347361653598265
6.75741523388259
6.926144920258431
6.895728010232873
6.419522072772235
6.326518413500331
6.194349438339557
6.0671557291577
6.221051200733031
5.785672636567413
5.971972317165863
5.532433104970913
5.898576360450457
5.481906833303265
5.551022983909236
5.202788746323622
5.198216463547083
5.489487308964093
5.015549031057589
4.812224272763159
5.345784158549818
4.80982275734778
4.990274146477412
5.188837004709703
5.674791911877306
5.447959369898458
5.089923074442797
4.833116104675664
4.537800429681821
4.350511259634937
4.299964464509679
3.284675081366373
3.555527858106072
3.1978470852648346
3.495416493804094
3.547237135711656
3.3238730213789416
3.486838506598424
3.2124402236387906
3.22580850977767
3.5450985354259843
3.1895528196574046
2.7586300582001053
3.0302403213215694
2.855852570027614
2.8312254314341234
2.8008910798161684
2.6517490617011856
2.464632954053642
2.921461030476862
2.613095925462103
2.3937519103065545
2.4188072367134668
2.3457450603518093
2.4107737875061774
2.414572775512106
2.3630910256995836
2.42327557768392
2.6169760073089705
2.88671318349998
3.32420661837535
3.8483944399705554
4.051522986671899
4.398137481247826
5.596402224822036
5.486659622660733
5.794551612975517
6.404052865934027
6.442941796825393
6.41674501490033
6.069884412166264
6.8590926287418394
7.166136306506177
6.776682018777068
7.053748336041823
7.452250149374306
7.373676116481342
7.6313112311164755
8.199330096335995
8.529439668713895
8.323165598303806
8.21412296168129
7.819224295151794
8.103333023411537
8.46939189200458
8.848745035140224
9.012632907831058
9.271937322332917
9.481692114152912
8.911230391032126
8.37867759421458
7.5717956996346
7.266279785420013
6.833265197818761
7.12662315877691
7.007622330854177
6.5006535739434765
6.698601513555665
6.930103003524954
6.635315473265053
6.024354446281292
6.08382066435502
6.236350051647792
6.8914591469530295
6.678961440386678
5.688616772064194
5.200560519394097
5.0039067239698385
5.246804673917706
5.037398220388432
4.446268807032078
4.712080617742212
4.428119840270916
4.34562383176954
4.9535362149799695
4.718559621680547
5.260681492997194
4.490574599943247
4.558439715966382
4.422984621944608
4.31619379430405
4.673271971707988
4.926706511720122
4.789303881470577
4.6581880059289595
4.916822178187881
5.042902381709764
4.650009114380179
4.934335617123404
4.330055546440879
4.33300122909171
3.9337688376198012
4.384826884599025
3.314427732614441
3.5162998671183576
3.2245158414414794
3.2346207510832876
3.6851267576543147
3.2206345670508454
2.7795520762179935
2.7783108675867867
2.5131149094479084
2.600988073193738
2.7114812699949313
2.335739002298578
2.2776079740069823
2.2651076701294737
2.2544005589176748
2.167439375397596
2.061359341568381
2.3959299114370287
2.1422869642734987
2.44438162090496
2.498080908025325
3.2408997899505043
3.303214789085015
3.964265629290159
3.9935060833624436
4.965386373234393
5.096038907806135
6.032904095845759
5.961296920960825
6.615758779728082
6.440085096926723
6.885981312875699
7.5556165338280055
8.943168872645339
8.103420253953509
7.968408022605255
7.855845337314707
8.579312996948538
7.989647712922566
7.407803906271668
7.208995983630429
6.992573555936974
6.7696631371223
6.635940223503488
6.926251522886952
6.9234029799076096
6.896053242130894
6.5322321238599415
7.410200245725935
7.378492411265757
8.597814263745532
7.168572915577361
7.905625168438594
7.628833309083317
7.226116650948739
7.278777563473948
6.945319649767526
7.416264515816248
6.759689755151532
6.10448510200473
6.056347787625956
6.513472706761391
6.26995255266635
5.335058236148671
5.070945599051838
4.850989350905266
4.548667256040421
5.04191201950264
4.9011751205898335
4.757460653716218
4.790721297713079
5.187524647978481
4.509602283972017
5.532229173542699
4.743700364087259
4.603731675731491
4.275218364984659
4.303643487460808
4.410528151477128
3.6710642131870586
4.028113600713071
4.040367325274703
3.849746743269726
3.9737847960646313
4.0241874226464605
3.801712412197645
3.570972611735767
3.373942978040073
3.2669245552878468
3.5123124131919425
3.442930351293449
3.427319984900619
3.2262699979310194
3.4179100991156766
3.644159507291018
3.198472970683961
2.8442303113435816
2.6891762683423193
2.742293644031925
2.652450827959794
2.588114097034243
2.805809537731711
2.592778889781172
2.7081701823787374
2.609488180807547
2.536337209844368
2.6169727499396154
2.496033479360066
2.5622845943890056
2.5772937636184285
2.458758551858588
2.452127044660614
2.4934420191345534
2.4263100004640217
2.3923764651126005
2.4342506668045836
2.316593910599729
2.4716589110196625
2.607182376403088
2.5261472487470065
2.3846941293830697
2.3110126557194057
2.659058873502962
3.1620827952378914
3.240125032284049
3.132911493242011
3.68577012613334
3.3994601239229927
3.174706939747208
3.5520198972928054
2.9577993706056587
3.5000258667411974
3.5307172686053017
3.71916206908387
3.7908452678656115
3.8418652811407985
3.8634615912681305
4.61747733487048
4.702009337019303
4.8543947516549375
5.19329896617644
4.730794822628034
4.8248972197165925
5.1413576724890495
4.961724167826174
3.76175426156079
4.318415701414222
4.067979072943418
4.397351493731038
3.9811378453907147
3.7952379545614985
3.634104442301521
4.328271322615662
3.7435296623695535
4.122798788965485
4.022171332959768
3.928741942413049
3.811810275900347
3.9316449729551413
3.8445670860851835
3.9009210906526377
4.4614335855605045
3.7123825703302313
3.3819642674354293
3.0533879654929694
3.2460643302541143
3.047079150993488
3.2421527073387932
2.9916379526774683
3.350551612302853
3.1425530463910234
2.995773264498313
3.253682357612486
3.1460145599247906
3.19944303751934
3.1039739017203956
2.859696091497033
3.0496615346700366
2.9748292554958327
3.059273178624412
2.9377165676402046
2.6981358198863283
2.6621725165558665
2.7379918990545944
2.561069824416854
2.5963367620262203
2.649762336890331
2.6909622741147423
2.5827736742761687
2.5316747598175073
2.455856967673472
2.9524502227596763
2.9499694018276683
2.77500899895431
2.695429688622368
2.516070022883337
2.346631031990407
2.4162656336161232
2.300207346906748
2.359803355204622
2.2730919335793516
2.3948072202399873
2.338102655367166
2.5838612602070494
2.1983441258892906
2.398868058289265
2.6919566226044376
2.5735019675160706
2.577016400606893
3.0066147921237665
2.7785288058948803
2.6891090977809786
2.615345820473211
2.4549754413324716
2.76122162367768
2.4992217576314677
2.0651783879163976
2.1166567672635836
2.120447211110157
2.054903488403576
2.1790762465923743
1.9802199751676597
2.1349032571813025
2.2185274302770757
2.2292191401675123
2.34320112211505
2.6546668793860992
2.4475834539393797
2.546593225478002
3.058297722169922
2.645966191522487
2.681215980660428
2.5584718614429764
2.678500280305023
2.666780395861457
2.700882720885582
2.6321639723201273
3.138952467220983
3.118247554788343
2.7487327208712915
2.7513952864926514
2.8843123175197727
2.8512042211151125
3.0696183726629536
3.2321099120306847
3.577636651625323
4.139134591234658
3.3520829715189198
3.407313575004492
3.1639152936024963
3.4854810068254998
3.641924832093708
3.705388290058044
3.944356786751913
3.5685138279969855
3.980653755402665
3.731409033917399
4.209581055143911
3.9151586043880595
3.307813813253765
3.4367870186865237
3.650017503156815
3.266245964543228
3.376394447201684
3.168189973031911
3.361241769677472
3.2892479796981595
3.5645345803780746
3.3441155447691995
3.4781778207265703
3.531276325331873
3.8222684584435256
3.467851791516741
3.670783276357088
3.4260885658671594
3.47948549940001
3.978046531702466
3.9096729432813393
3.8372239797106005
3.5412220408275266
3.4505681264042005
3.2540002857562524
3.423069678741516
3.6848380886641756
3.500956615422873
3.1276534312259723
2.9444805211436686
3.139333381524913
3.222694961410963
2.819918779494748
2.4105317008394604
2.465491736621692
2.3277691073269193
2.4608567689919854
2.2517953634477568
2.2905804168118338
2.2858339298736388
2.227701564399985
2.2369504696244906
2.224638863104848
2.3860350405364796
2.180425285126532
2.1610642198386802
2.106785800103228
2.1422403372783627
2.141940086895729
2.062740659680217
2.0006333549320314
2.0073013843440464
2.0892561191277226
2.1995621748337597
3.43194052408618
3.766912598966436
4.219311554570183
4.427903060576054
4.522424566378376
4.688950228595918
5.047298812972892
4.845402560280211
5.382945133360824
5.84869384652379
6.011494999978294
6.18438032139982
6.1806771742338285
6.559164193808454
6.834844350438487
6.636830867253938
6.924549953028744
7.34135179733463
7.114208658418895
8.228461998058664
7.486642910963988
7.3566584338787
7.016714806096452
7.58391703807188
7.284100442634543
7.094664302316563
7.458262864895548
7.643710679217141
7.559991591601787
7.95655702189719
7.290443298345752
7.87050956029609
7.555052136013821
8.184387609597414
8.74864585435516
7.840286487059176
6.84125914348212
6.626031869730763
6.732683437796088
6.655004616427034
6.367085344416896
5.715520637600617
6.202596977797674
5.506221907717469
5.534982739150727
5.786855361065407
6.184800857532842
5.599230948879296
5.0928233694786424
4.452059085543778
4.377064191809001
4.534533674931007
4.4955755417088445
4.240974973079891
4.0841176057145585
4.428223801827469
4.299858770310147
4.338645320527989
4.235711930206431
4.166006215509177
4.351241055461404
4.801634580541417
4.890003286256541
4.724597649710757
4.459755665586458
4.17361344742869
4.296053281823627
4.045295092765652
3.9009973795986954
4.0456386338372194
3.7387907250566244
3.415541160774818
3.739648222658787
4.175153634287163
4.214614869003139
3.6657432461768673
3.8072974032919524
3.637798396600794
3.354389243265387
3.291018737922844
2.820462482193373
2.835870618976631
2.7365396482337183
2.5677500435671203
2.221410271882446
2.4980907351871613
2.155914155685792
2.0556153355821336
2.0837834315573125
2.2368105270991925
2.2697701518328777
2.260946617210743
2.151656002119342
2.245529285182893
2.429649767317845
2.76962060114135
3.659579440010264
3.61586766180554
4.139339435804333
4.3085669946654725
5.066144071887773
5.889749999675377
6.032466478872076
6.43766216419637
6.5784335425035545
8.443253175530277
7.800425542479162
7.66294442826599
7.978357752014002
7.7505588489391775
7.9266230693524475
7.7031712057676724
7.4235987840174245
6.986710070302676
7.497158235030221
7.638310414215609
7.970784253921457
8.23882292688192
8.141650546465618
8.103966720183104
7.934511670599813
8.150095328701132
7.879144333341333
7.615551525916611
7.796161802395409
7.68009180043853
7.5656032527198365
7.841117410076715
7.480394390321806
6.515348323967536
6.788792662741955
6.6780624599953065
6.981931436641981
7.27245904196537
7.41898472087573
6.830856856089693
6.122015892185147
5.798785965338393
5.518341306454169
5.572239061307239
5.46302491414246
5.2558818503622105
5.129639444162311
4.786586206277516
4.580300565582953
4.61903419389814
4.750139792810004
4.776271449445424
4.523557243576011
5.044657724535075
4.818294790698522
4.677024157549752
4.035449209251416
4.165086420761658
3.9958292936226374
4.17873509825871
4.168824745444925
4.105698280250136
4.264811514386021
4.475496781858411
4.059754705869487
3.666252111207057
3.6946333635239395
3.518750008624301
4.333625953972276
3.7177712113456414
3.0402904521353604
2.893795684228927
3.5521493884943864
3.0886984571668266
3.300471227946607
2.7540810328713623
2.847129420623822
2.810857292774186
2.364265266561953
2.2947363134742496
2.5963049239788565
2.233874591138938
2.2220398793893206
2.1879158990463217
2.166384360524674
2.236275952670156
2.08188434345654
2.0828915726777097
2.05622940050467
1.9734168019131
2.262817382199349
2.2832729626028816
2.0271946920555877
2.123477925174567
2.2327853384216
2.199152588127057
2.826468250105188
3.4538997312164663
3.965573097697114
4.383248539729342
4.500662561614111
4.81997524514951
5.356004610514511
5.715855662267127
5.486966420711156
5.600035442792286
6.213458130198681
6.313963980077397
6.068062441923411
6.606854497665181
7.13996771060466
7.133657866955946
7.057446068665777
6.788976600109875
6.915510925493226
6.168359069890553
6.499910121520154
6.395474584103849
6.782539587199248
6.710798000912349
7.722655601144259
8.258803831319554
8.688005363823825
7.676709382477627
7.8530538252015
8.150085667736645
7.446417788504616
7.735378792055943
6.423192588987494
6.525092148578065
6.10665265807596
5.959387333957165
5.59716964414139
6.09104360445472
6.37976773619186
5.7493824489986824
5.533104610477706
5.867345310377959
5.049396513090837
4.813261283986876
4.6742085355365965
4.58338872457935
4.474821829104344
4.732840669912244
4.2332155551200605
4.156757357837025
4.0137482335644945
4.106841772487579
4.266131329099533
4.087501302868576
3.835972942947192
3.844176960357295
3.96018078460439
4.12508987044554
4.468109686285675
4.259951613466948
4.226373739752869
3.6556288103318804
3.528042432928489
3.9613028971466924
3.527342101451733
3.004584611936813
3.012105623891627
2.911912356311851
3.0776506121718805
3.1722658482309543
2.977316585799338
2.6923158803193505
2.7337089074128342
2.7413820562594102
2.841436796877748
2.670198571754874
2.7493755166958054
2.6739468565819147
3.181168170107038
2.9636618958820895
3.04987823771846
3.1817765042047275
3.126173898340108
3.01774140722953
2.6137188884222176
2.6490152997072234
2.688086640050201
2.5076096386558144
3.0058196866704043
2.7018976478808296
2.68985027160911
2.577296779145674
2.535388688850445
2.804051101334398
2.9736481394882563
3.196555751478823
3.8557311821786677
4.425018179243091
4.417430577363898
4.763724321443895
4.972609284841421
5.335573456577566
5.057189901086556
6.061653830665131
6.385472189304971
6.852728456027875
6.747879264320197
6.744114716731836
6.28933228755008
6.531293495197556
6.194858133466964
6.881992838513077
6.706370483875279
6.617821182303362
7.251554515784682
7.571963560192794
6.705802650134025
7.415697571261693
6.895120660100888
7.605012694543261
7.5967829494748065
7.496137278476046
7.336496287805391
7.170568499236357
7.210708744301362
7.038203234884031
7.380016130526954
7.04172512381911
6.555905137532982
6.309876403051723
6.463890468689122
6.409055520868541
6.479704086763345
6.135932090721555
5.716011346681191
6.016128884836549
6.357998555478526
6.278419019556679
6.003358907419965
5.381227577965961
4.973768611358723
4.1816776377689315
4.2270799781975255
4.408320520042595
4.183397013136037
4.030105801851061
4.28621903413207
4.316268207892929
4.454501320138608
4.001053397484085
4.207858516049475
4.203758587222905
4.3850700890152865
4.228691246729589
4.49660913155291
4.712878546975047
4.597242530714647
3.9443123638640083
4.134068415868832
3.727070416172222
3.9249951282037863
3.788633234011491
3.591285040117629
2.9484370091477015
3.551012022958079
3.6667065130385286
3.5517322466074415
3.636888694780952
3.762506475826469
3.7624655599473216
3.547899519359339
3.3429226801762644
3.0827246854954895
2.756410587968455
3.4652969824730695
2.3854103130930513
2.2862229318719005
2.3898851783998705
2.288324007530524
2.13384281363497
2.2755167439695345
2.383184995792877
2.680671035756279
2.4664518790308763
2.4228293755183636
2.252254179688564
2.3268030177208137
2.596199032129797
2.625708781954142
3.0013292815109334
3.284794925002292
3.461687921329458
3.7899915407430544
3.7000463251304545
4.136581593959494
3.978006715100472
5.0059931435099765
5.248340078695611
4.734752368176885
4.938595746367779
4.842250660347666
5.020090790711789
5.403148578109063
5.29629328382261
6.059807340774139
6.433117699335837
6.933168197532891
6.101611998742168
6.476617487725868
7.162452022774565
7.073500478142286
6.963987407560146
7.454053022593772
7.019391094932524
6.941435930260162
7.34851466181594
6.907223260377807
6.303997281120817
6.677733001824416
6.672207507129531
6.919593701747604
7.086145535514192
6.523100160217188
6.418907219484236
6.936055361302168
6.228045919588608
6.851894613127231
6.803068120373644
6.574448339451991
6.149300928339259
5.502833284445523
5.027144126453676
5.506229212981914
5.304544054684294
5.210642740369957
5.779413356136869
5.242867934181675
4.443821275323422
4.097269225309256
4.295299904120759
3.962855823616502
3.867244321189351
3.3857387668648107
3.40303242908011
3.5764934267526605
4.462856155948123
4.561961401267645
4.373984558976331
3.4268124534847155
3.580245989677298
3.7526253612121288
3.5462302408010578
3.4993894649041195
3.306256181896253
3.108604757508477
3.1321742677843667
3.5985543390365695
3.302882399824504
3.5796634635641595
3.221816176864652
3.1835847247828792
3.170410325747914
3.2503898030867235
2.856538721017008
3.1448255487289716
2.989676296544559
2.7848201840978613
3.4824137822979195
3.130614549034088
3.067861825375171
2.4949030232888556
2.3645882430245404
2.4974243848383906
2.3517789664663726
2.3157373900940326
2.2769419866209195
2.188934114078656
2.049419197627472
2.0519803642074526
2.063661025964672
2.0990527837950372
2.015502772149444
2.2335772342111104
2.1063513307387796
2.543452529573642
2.028951480797987
2.2448754917086147
2.1588080835988177
2.1667497411727554
2.4380294323970397
2.8688768383335437
3.170362810631704
3.3716745390151317
3.3774051193705135
3.1777824285115974
3.368322859212735
3.9065669440746453
3.544931397307779
3.6108890129315534
3.668443708959971
3.670133903751084
4.159491748340582
4.282024830834832
4.124289944246599
3.756965343029933
4.163616974343899
4.315672584680664
3.7725956149677895
3.5876237896323473
3.333321633755976
3.8044953643838197
4.411184556244949
4.5476899208416395
4.346632948234977
3.6076269650319106
3.328552751182776
3.824856487491113
3.490689826664704
3.921649851684682
4.037079110626501
3.867404447812406
3.967606203330239
4.243505339288356
3.9343536108774204
3.896792608531127
4.409769210541798
4.327862855532992
4.119976300420899
4.259581114808139
4.314509533621744
4.460524962853568
4.050286154577988
4.09720514263928
3.775957660412491
3.864716836042753
3.692040742582369
3.217113027905172
3.015633274382744
3.1302061061731585
3.7300674573349357
3.320291585148271
3.513027171856375
3.752184404888087
3.945231438443794
3.6369746695322767
3.6131834419275615
4.003764472237944
4.129204861416483
3.613335769697778
3.2611331685067895
3.3007425490232207
3.496102664253615
3.405604947782091
3.459625775100208
3.0166660865082364
2.787952906051512
2.9417631746017334
2.700711575489884
2.8429220833330167
2.767414279156571
2.8391936836212426
2.5933304517728217
2.386458134025798
2.4859173304686513
2.894377747773843
2.5022960005105706
2.5268953377466192
2.402698487611138
2.1543470591398624
2.2516443545022633
3.0295817647985106
2.519230221443104
2.215587054464892
2.041960578684271
2.0883002188556024
2.0854288716552176
2.106804942377168
2.151995880927925
2.112695524379924
2.1275260595944996
2.0372601632698872
2.015431178214987
1.9833352004489444
1.9449815946034723
1.9915465337152463
2.0104769348763707
2.0137966522243866
2.021794371412409
2.670330727903238
2.2866617420333273
2.4819684935005837
2.4139226405479346
2.488748823682512
2.3942821517572193
2.8635715839576132
3.083442802469455
2.8908483277460393
2.89834797803391
3.1154059980313633
2.9839449943880307
3.3143302483699033
3.062955639223306
3.2117019667019853
3.1853108923725113
3.2720282365489184
3.3005441370187114
3.05667559602517
3.4213301370848024
3.34261835936733
3.3182591892655653
3.1597868721548927
3.3249540520831213
3.655617460327804
3.2125197828294576
3.2005288414915807
3.394805768906108
3.4596037143394858
2.971270466729798
3.0451228209012853
3.321408477709467
3.3517673157594157
3.921204799689634
3.351112443055612
3.2991392666642225
3.2826943850641324
2.886142364092326
3.2468889597673307
3.1290507743647997
3.0934466969567485
3.2148703452439555
3.04086930930232
2.859705254501581
3.2686002592791406
3.207839891937547
3.0397780822747857
3.2262048013220492
3.1581978660538983
3.457270227979097
3.3894806606441175
3.5653810508696346
3.5713102703831647
3.4588319760564143
3.5750992359982234
3.5934348632373667
3.762703753815019
3.586147887230819
3.7975665519140374
3.5218590731993085
3.3150032026953475
3.3299567163127572
3.193772554522798
2.7746617307960237
3.0557922922112266
3.0999811642608748
2.849300552221324
3.2218859450573993
2.8454323252489884
2.7333235264133937
2.9396979026911247
2.9461939354099527
2.8703921557273326
2.5872874839442104
2.27791583359629
2.2596442772228382
2.3088092236661795
2.1141545204042433
2.2224239380199364
2.2032450575242977
2.0173548939234185
1.9600853958436992
2.1554976962933976
2.1664616999541058
1.9015084800658975
1.8601252674864162
1.7726280904964158
1.9997563282282307
2.2422667183171847
2.068190665777657
2.4396066017281974
2.5270857396563056
2.6486966238286764
3.413513720381396
3.458313831753666
3.950323068520102
4.452633579961001
4.655419387633776
5.097093522165747
5.68055882080637
5.644834342711489
6.058273002317619
5.795652733378609
6.5483013057697566
6.186718769868223
6.576120452586991
6.683571855699205
7.491080435756571
7.304346858796915
7.474495990183402
7.3915576678710835
8.113277821403116
8.109405822270087
7.54918565394533
8.158501842198836
8.574625112213049
8.235707811333924
7.8883595139591565
7.488908219014932
7.236560296955812
7.368762708017014
7.375702809134849
7.617676245640868
7.015695559844103
7.242877909632731
6.946884965126305
6.737857118045902
7.106265725468028
6.4026567979007485
6.9829328152666115
6.395851587640255
6.6308167896814805
7.417700921997895
7.287226287806676
7.371004640858228
6.819812650675438
5.176490175260244
5.324546296649794
5.188532960149201
4.876448806283
4.967848522576955
5.2209075812355445
4.867179932988335
5.393646269185458
4.757691903634447
4.540326400812622
4.428260140888145
4.323211168680573
4.767897705880083
4.191236981827401
4.092772674145483
4.050005576514959
4.373089609616979
4.224049713639382
3.8891107632777167
4.159250640372369
3.7199639925467003
3.8932433923360654
4.04906418456731
3.7143268913360017
4.0119485845526315
3.752207949625071
3.3139679788827077
3.470026999840744
3.2551771084711665
3.3998793112796695
3.1279947588151473
3.458792897616097
3.282586260819714
3.1216159694977867
3.1092974350953804
3.0453544584143186
2.5457655787810447
2.302675986008855
2.2583801528864655
2.4916107320660545
2.4366251604377975
2.402358518757944
2.391494250145998
2.345034795994454
2.571316142013756
2.223693502767815
2.165353795571344
2.3177295292454736
2.2181780815023386
2.905065079705505
3.2718769891216177
3.057664617504191
3.2143901288158023
3.7478112989800323
4.226715963757713
4.446950699316524
6.216820602225919
5.630249534693447
5.464904541978005
5.674035167742582
6.445156675998469
6.354636761535359
6.731133839108526
7.054391366935462
7.441756022607428
7.480532877192389
7.919628673594247
9.614941619110288
7.831105141560441
6.944996078142843
7.198071248948468
7.820094962375282
7.161578016386285
7.017334237727785
7.377570490974616
8.49137385765909
8.194342550252507
8.163223059728791
7.410013096625811
7.171048669582765
7.197315224813516
6.972761190820787
7.527235379453536
7.250250710008092
6.880493279665866
7.33944602417999
7.730917901820365
7.182221501139762
7.142373735377178
6.872938714116384
6.4672620449416565
5.9630316294354335
6.321590860306955
6.372601472617776
5.7082147014245495
5.635202171825845
5.243868662395632
5.642559951934391
4.6693579128529725
4.463503591091329
4.468595978243014
4.6751748690779955
4.736330935728308
4.275288426934966
4.419766450217127
4.674190113157361
4.2029327633916855
4.510218768343897
4.383145555445681
4.435238866627504
4.3233557219839875
4.203915145447439
4.4851788241346044
4.159052584610236
4.102061097750569
3.5566680359747616
3.8612518027182428
4.07123848014369
4.274182803836742
3.8611124923964666
3.6813168376797716
3.3804688001782592
3.4153005198481923
3.0555007435696617
3.4240318405140973
3.117729225442756
3.3794801246805273
2.790202347692101
2.709214096750345
2.8926812091961436
2.7383840463884015
2.6028366486306473
2.657110882697608
2.5102981809044267
2.5219044232274674
2.7117545310860467
2.4421550528456653
2.614125018764022
2.3478451928152206
2.2684836469103664
2.3100288851284563
2.404080817219237
2.122229071496542
2.267003367007929
2.38285348420743
2.0779765839214663
2.144714239476651
2.850872243787767
3.368263251739789
3.8395317197211765
4.1786993549895035
4.281794713503785
5.636405619618149
5.8040459960391
5.656822747578883
6.022206775132428
6.438978682530672
6.411068433661584
6.6868991763775085
6.763026230831747
7.010242078365283
6.955674128795203
6.896559304879286
6.839043578749561
7.259169914102743
7.195310011075247
7.316834821183779
7.333584571709454
6.795641327396961
6.90692910846087
6.813606319084556
7.030944653855355
6.824018912992245
7.518750576036783
7.995286140439368
8.254201810901442
8.292968933059566
8.07270087339044
7.696090684331409
7.832081512648246
7.208209735342655
8.314145603424802
8.23954225522167
7.573375796448229
7.703145011584089
7.580314810231086
7.51086914861219
7.07681840754228
7.293429025443134
6.540358600424338
6.497155167519475
6.016494981017095
5.459725115819763
5.397063744225311
5.104958785570903
5.128689407488798
5.9721348542893296
4.929283651398458
5.213058196813091
4.721972504947437
4.791513767480261
4.8251998366744715
4.866241731603805
5.052224827953666
5.008622405430244
4.717363047988968
4.6080767301338
4.737407727759031
4.836443281288002
5.664557727620616
19.023877478394702
5.995863097325486
4.286509402840958
4.274130172214318
3.8190639477605925
3.75613337096763
3.515786489946821
3.770855717899708
3.45370835365043
3.0702083967560876
3.6637706533556162
3.126767108011042
3.325129020055265
3.4071243133231603
3.4945631648806876
3.3652519702013395
3.1881321786667383
3.115002244124479
2.749598040036947
2.762754946027046
2.6929656306675374
2.580736141887398
2.4845783176250835
2.440748801614091
2.4788194808658934
2.5577636193483504
2.4864752587040626
2.4823895356488874
2.4568112677042433
2.2453616515306587
2.3776328327638043
3.2072598306088342
3.7677846543816087
3.858150961859383
3.907689941878175
4.135796005903405
4.630657879291443
4.724575491720545
5.350940745043495
5.656755609241319
5.8923406102974925
5.613357413267903
6.1674352244286474
6.205317719298608
6.4744780975044005
6.217107467130531
6.221318727235187
6.666463936706456
7.357344637815747
6.984128757144363
7.023019052271917
7.107189233945983
7.317484481557918
7.580546471566126
7.5263537161220135
7.84800453475557
7.857968442496778
7.29876141055978
7.470055036123553
7.467991225914798
7.155396733649425
7.551413213728122
7.5790337131482675
7.044387266075617
6.723663876425672
6.712571395870592
6.79326244205591
6.903110784585039
6.221906843588204
6.1244429934108915
6.66894870674021
6.945164586446321
6.488344220401802
6.4809191251826
6.350595712480648
5.727098225914564
5.955510067512204
5.479376621237021
5.364754705583907
5.139194104566709
4.947614749460942
4.726830408257161
4.614964169504594
4.757087690897156
4.999611629100016
4.271501578386214
4.081865641183606
4.13254864478449
4.348761375310046
4.3806655205672715
4.211567488296365
4.74662237487217
4.660405894607931
5.134688152367423
4.92810655402965
4.964369974052499
4.241134432892135
4.285039649353363
4.105917812998511
3.9451954349903673
3.8738656765674278
3.6212093416890596
3.470986798197298
4.179610890516337
5.837687843775913
4.241827352406003
2.912292105944181
3.1818499521423664
3.0070098732177173
2.6620573206577154
2.6224747121036964
2.5495912175079423
2.518191981023774
2.511694572636462
2.5692438763660777
2.543984263188415
2.4323361556938994
2.4045023065729265
2.3741773938824515
2.286775136445687
2.4850621740528482
2.3938067108178633
2.275261836456669
2.2990307626918787
2.4012323441729424
2.223646241695087
2.2092759658454955
2.205468051923897
2.5940430027895265
3.300291444763564
3.3802484616477124
3.9581675776775223
3.7118357002435833
4.266493296549153
5.099207297739453
4.825346563970859
5.031331100158139
5.4029606435773125
5.861821745859693
5.480048506362254
6.003590116006328
6.443868715000466
6.493310552232769
6.198916350219254
6.4432017156646655
6.7562688307645145
7.226001796485463
7.2005946209919465
7.069163820633801
6.77353360976193
6.348893605462196
7.220592740322296
7.504389605575814
7.436603499105503
7.3326334029900515
8.061578047023003
7.934116364050181
7.440860161425374
7.520595898154378
8.572344106909942
7.930099425801238
7.176031654496122
7.103512161222034
7.080653611167124
6.771586945566724
6.262497178905426
6.78653719819284
6.701460334816508
6.953919580015256
6.808944351467878
6.7906825940078335
6.035186770227378
5.482261503610029
5.59784760584539
5.1114784225953
5.004811412560326
4.571345632024989
4.350795349609161
4.514533209163466
4.573694045918068
4.605611716587919
4.328957605991425
4.107627736323918
3.916982800320258
3.6981867474222563
3.9289246856632007
4.210993283714898
3.9066367761318452
3.6133442930670268
3.518462708089206
3.598696292027786
3.656342370863591
3.1322439472256725
3.129797064231932
3.316206364627838
3.3073587916173866
3.440621848206337
3.138306173206086
3.4203191726238638
3.0050839665546754
3.071543617483634
2.745672950115009
2.745935035901123
2.8644498795656594
2.6498213665325454
2.6272641737702336
2.513208873497136
2.427306629776202
2.3749844820679673
2.3640927508561496
2.339656834334655
2.2951603242876084
2.2688522320743143
2.2768884352472205
2.189945887213708
2.2199427094751396
2.308562147414165
2.2923998320985612
2.331316147701253
2.322652396787318
2.24730307708872
2.137833567117272
2.226784719507505
2.260764130538913
2.241744821626412
2.1842807459428366
2.2215964268005584
3.038290201573756
2.7693619025185074
2.836834180336645
3.215832589708142
2.9860863401278506
3.0104008222381835
2.8249537461391445
3.10000606229231
2.9486439990247786
2.905715170044159
3.236381486288448
3.5898021528007615
3.7203247117060227
3.942724836330018
3.9415770338034735
3.5605013394713243
3.620250584785972
3.9778469839033597
3.748562735319569
3.547049048937342
4.045876934923382
3.9523509531423446
4.360426572494984
3.9124595857037994
3.796379301928681
3.4602101892909007
3.512996634565813
4.4330154384794005
4.450041950101884
4.483525866027841
3.9130763079260804
4.057098073644012
3.759600647861743
4.10768679547118
3.7317097171699882
3.899086704654221
3.806799306879501
4.264902524881684
4.037663139516649
4.057344635177203
3.8814286978884005
3.810314495019154
3.4771326610043674
3.7679978505012217
3.945351429940594
3.4685073204248087
3.5889262501363244
3.4539302712971054
3.393914703775544
3.188844237855351
3.4026834731217788
3.831627541622567
3.2061668358525885
3.49068588782918
3.131561384270957
3.3082014148523475
3.0809970727552343
3.072545073671527
3.0877848209488854
3.244443672907429
3.100002198384309
3.0752340934170923
3.1771860744713663
3.1196925626349628
3.0703314554753685
2.9219366186094464
3.0635951501284038
3.336967641392202
3.314325516764318
3.029353062568377
2.8579941802769264
3.204181567921096
2.979497493563491
2.6595162008853155
2.6582400712851815
2.532733899093622
2.5294787625931594
2.504508228057956
2.418825511192706
2.3878266490457207
2.298909855412652
2.2521439717361966
2.2796510420516416
2.335585917077567
2.2501874638457946
2.2016925371902025
2.2580654968786993
2.25168737763558
2.244123435581903
2.216518005306287
2.27351513445721
2.215063015290617
2.2228769060854225
2.227820951272372
2.2439274547713914
2.203211891047138
2.3917739918049525
2.405064884517465
2.392264171668642
2.785583122634163
2.3221920233440785
2.7340837760356815
2.498465940021627
2.4590097940570526
2.781295828565979
2.408479310856121
2.6909342094598836
2.6675495455067932
2.762722159123003
2.8261983416004273
2.8644244065979225
2.8872894714489914
3.157095570295646
2.9334661334639467
3.041797781664727
3.082175590968576
3.467949685862997
3.3776467776396166
3.4697087804236424
3.42276920262941
3.259265974004148
3.1439403765785157
3.0083507763442334
3.3144247060864354
3.190225355987647
3.2911453003202618
3.457369737507115
3.7520459188903197
3.6387749562513068
3.936852716511858
3.4573671469411167
3.592453500426682
3.637694567747463
3.6235313751235076
3.755638122528522
4.076080872790953
3.893470211464524
4.0486696437097285
3.9807270892595987
3.9765934891598222
3.9224336849495387
3.947624469437318
3.551516645046816
3.248889847411196
3.4003345935594127
3.395278426574007
3.7699080507908067
4.257866700591151
4.030203520222963
3.860737961408148
3.777056464191289
4.000980226399249
4.091373014032501
3.7943134985890756
3.58763191950685
3.758884709088604
3.7247870173922797
3.5821157164293673
3.2830432172175623
3.34703575306459
3.2042585182503696
3.245596456136634
2.98382676474127
3.220014065909783
2.847395527819506
2.6712730704420173
2.577368377483737
2.8321978670075065
2.7764219318745265
3.072252897762846
2.6417070043649002
2.4897290361519127
2.46238483443424
2.4225717216451517
2.8165450872966318
2.5068789349020433
2.2543562097215126
2.2332880333768377
2.3440953419709496
2.230154373762934
2.2449440041319852
2.1739453228375436
1.9742077067072445
2.0189565876665503
1.9368578774305152
1.9553759877765762
1.8880067197877721
1.807489529778496
2.142184421049645
2.375339624349091
2.7354066652688713
3.008868703019506
3.3346933909098766
3.4191106739009576
3.599340645951168
3.3836390500265168
3.436080149710127
3.5965135694813437
2.025950982019827
4.381901192666849
4.099189743187864
3.7625535400848586
4.17699326869628
4.302654651397222
4.204187838578179
4.8769729368412715
4.604573999867112
4.950217262555394
4.952877027226184
5.20964378341338
5.248063608051397
5.339995562824239
5.68773992076256
5.3696210308123336
5.100893748111483
4.975075965192823
5.37406238128096
5.4464892254905575
5.493229473182105
5.282179645083717
5.602166362735182
5.503710402224453
5.440528960475105
5.323470997323492
5.906785766149177
5.7801299120862
5.50226748246859
5.774369536578746
5.761470682257946
5.448736236821351
4.663489921820013
5.234030434172155
4.3377332742923675
4.243702688351992
4.301325957094822
3.896211027361487
3.994211770098702
4.002706045218982
3.6229698320568913
4.2212856997216495
3.9899399544809384
3.971421898686516
3.5968273699877717
3.404924261961725
3.6056492544128247
3.602831198763769
3.335738849834837
3.466585674118464
3.461019202744369
3.440061964020954
3.750757139045045
3.6786264709569467
3.6485593429285554
3.620626981840015
3.7746019371111057
3.2777279304154994
3.2425649341617664
3.0584150943872808
3.105599025924632
3.006495262293035
2.806007869418088
2.5732295297213885
2.620612844102877
2.854778459639395
2.749291410723595
2.703111027468373
2.6093214074498463
2.5259111360266595
2.4610091778202348
2.3550149521595647
2.338604231359626
2.3793974277431054
2.128934090292873
2.070566436038339
2.048201688592325
2.1193191875873802
2.0437660041567067
2.015126837493946
1.9761985577570569
2.0585315517593172
1.9866279220008605
1.985101081206613
1.9603680948056292
2.116109464304903
2.0863918178577805
2.4443490318743266
2.719574867344547
2.9090244645649714
3.42433536723806
3.4189370116599327
3.9151169956771863
4.1981224297476984
5.105676922313049
4.921877299236187
5.2972813688669875
5.689191466959894
6.10662098090617
5.564620327904616
5.926814228688104
6.637082048393383
6.42473226336661
6.500969426901431
6.522355459516036
6.463167262603627
6.761271031491502
6.64192604465063
6.019689994337914
6.101669665372539
6.0032104143378
6.669957998614505
6.8474503986144475
6.7386185662747256
6.928817986775555
6.882381332865169
6.503317068660492
6.690792159200303
6.4551599940077296
6.306829837527861
6.999822763157594
6.669230433060767
6.001707705305106
5.847219239023862
5.743552202230658
5.931126393683489
5.60087705467786
5.81997673168921
5.465898213866347
6.4207185821688215
5.600761149088264
5.413089552272183
4.80638194282717
5.262422395369494
4.756632236447508
4.951540207613595
4.501317690063975
4.430099895750256
4.639024450845655
4.25826361878214
4.159085079568184
4.743195450596832
4.490383829188162
4.568877871917438
4.648103140013603
4.338514336912437
4.798207867365772
4.886020893394928
3.9590201454394527
4.3339179255540214
3.640955355801166
3.6066565787092393
3.5955230558744002
3.6466850511402953
3.5607743773130016
3.462123649021248
3.0096520491327596
3.0960481491621437
2.9698123662835507
2.9934373218761583
2.8587989644737752
2.8924410365434774
2.8888617683134123
2.840237853295227
2.873138349684132
2.816190779663043
2.7407657082203203
2.807555941229279
2.750049292332901
2.4852586663154455
2.4147309828290133
2.2924716528472
2.436674882684265
2.3191861261601985
2.269894379489701
2.2693818437474933
2.2404838196875905
2.2282523059856567
2.1519949129658795
2.1146386922153435
2.092480423020039
2.0398132933294013
2.1087949604950182
2.392446544435582
2.546720052182411
2.569436427522995
3.151895602171697
3.4659601503854445
3.795548312511856
4.3918138809548175
4.682569152483298
4.870526759057112
5.081723540905074
5.413868817108602
5.153352630123761
5.7409672650886545
5.916992096801959
6.4423853826025
6.313248144437358
6.1056563608036
6.108739717793555
6.132496766197552
5.771138998650373
6.282521683741337
5.91433757044801
5.979781901328518
6.240262883628771
6.344606144002592
6.231995324154723
6.11582914230699
5.7375035924665285
5.817843080476525
6.213786487753856
6.534316355843253
6.494958263428022
6.639034503914983
6.267155916520175
5.759545880867349
5.771727445438287
5.83455964137301
6.134652644294963
5.481119464303739
4.8779688948361555
5.133338279298704
4.990787692288716
5.40894967155202
5.258450745827161
5.134803458726364
5.162458597835362
4.908343862723431
4.537189553438145
5.006372082117371
4.768105818015043
4.749623168990693
4.88496714271232
4.927411425910158
4.593302437939718
4.735007871327569
4.20068317952771
4.413272149600719
4.310651762077331
4.126305862355288
3.9275146128712057
3.7780144850729322
3.310471748704864
3.5673814005097797
3.3022683460765196
3.3110187009006724
3.306625771434514
3.4926389231176413
3.1421401917307614
3.213958427741985
3.3965887729304747
3.491475599325698
3.550722379151401
3.324329827448965
3.018554595032093
2.973608066807945
3.0863066637396996
3.1857396794109967
3.5045515424923908
2.9897972382078173
2.9381400481787914
2.7722933328837
2.6617113584300247
2.861983899091639
2.6019089922172114
2.4978943059530074
2.477747332567323
2.5449738954966383
2.6021074036045926
2.5581378579243474
2.555893050192169
2.4515483305097647
2.3815132715617717
2.3315499548143985
2.450446178479824
2.4552097685121748
2.529111970497787
2.7815535123899786
2.8308274346392492
3.084984247109182
3.428188002612963
4.1479945446459
3.4932897125840316
4.003916135618498
4.648381098940216
4.451332652723179
5.6164069840876065
5.3644345618446545
5.7528360453793175
5.591327296759351
6.082890067798554
6.034700013068699
6.0564093460140676
5.86788604074898
5.727445494300223
5.928519234386835
6.49386917710617
6.802423250463506
6.806837290752204
5.929995929011083
5.657590053643406
5.574532350659458
5.830166404828778
6.273207504560993
6.489978472143641
6.848567016113948
6.912161705324175
7.204491619560014
6.569586476016637
6.886466884701978
7.19778715454782
6.772446727442515
6.5570698740170075
5.438027590167257
5.650787300815147
6.119873631105691
5.646774873765792
6.267522807245571
6.065591655095689
5.950498070578274
5.807370613030064
5.645082891816646
4.831559675795884
4.493064372724497
4.349672595100496
4.183370947803552
4.293725845759244
3.797574520758407
3.8403365820446225
3.6152165626090476
3.512405574870084
3.7849854105563465
3.981565633960817
4.217394935539662
3.873955538185058
3.921537284245505
3.5876640800882935
3.7711118946537643
3.5291482718932072
3.6847643326768003
3.6951296231197115
3.6452147273152886
3.8184662731652756
3.7140207468833086
3.615127554889136
3.9766923531796476
3.9790398024842646
3.8050096011178227
3.702315848280289
3.603730760138852
3.519959136711979
3.427305002060925
3.3790697790766937
3.3588793289252212
3.3919327866176276
3.1303940421908125
3.027685378776711
2.98128247010548
2.983875566830122
2.9365975050088453
2.8702609899195517
2.9107954803575127
2.9045034234167266
2.845929020906451
2.9443808809174397
2.912209146733505
2.775191787181577
2.73276612985336
2.7326129454611845
2.718927011025672
2.7041760262884456
2.752254710883502
2.6517107008232794
2.691965323896803
2.6991541177350387
2.8189679825795158
2.922772647351384
3.3638930620842182
3.4093411768365836
3.8355928714056895
4.344186508709461
4.521302608986802
5.268963120535516
4.803824087441839
5.303876848908464
5.178838175460592
5.222058612571414
5.037297978063255
5.336340551248278
5.442336908967203
5.602789697897735
6.158331674977452
5.667107478318417
5.4752648971991205
5.454419037099287
5.005043968335828
5.806321733773567
6.835492228028207
6.690839877204403
6.49696083073054
5.8614923140339075
5.950074529542544
5.9680287955608105
6.402724837515346
6.037442631331229
6.109964052378391
5.831582453889521
5.719435664359324
6.405367288550805
5.912338887476964
5.755963263284025
5.229320034242512
4.234117124952305
4.612284560941852
4.724628496926511
5.594324444564765
4.988087929905899
5.209118356760172
4.701962133229189
4.2883815219352
4.443642132567945
4.744902245673775
4.756251047300453
4.424614076885363
3.8703743019509824
3.8089078298353876
3.972102201684694
3.815837405260686
4.039022938830146
3.650658236856216
3.624725922030216
3.6379823990235707
3.5584891040831685
3.9165017799927218
3.873588146443532
4.01224552440858
3.369400063089342
3.417646472789168
3.398343542719432
3.5644188947388185
3.276507142171146
3.535367853802694
3.648370635291687
3.6040225702268773
3.4853125168650916
3.6288073725894607
3.130986258298085
2.998795687767895
3.0383640103850427
2.9370326113407077
2.9395217680185985
2.870621419260166
2.9261196516629777
3.032865015397907
2.7987494801679462
2.8221170400935147
2.602275837234103
2.6255109806422823
2.684073301189962
2.5077373555419906
2.5561420957101464
2.525486820457898
2.546895306502062
2.5567080724949673
2.500905903491211
2.5041634868730758
2.4689507318298425
2.50373761995861
2.415058985702414
2.4562124136649093
2.5466806166655953
2.481302023686898
2.455355535473861
2.5084438335060018
2.597323816625756
2.824977386695178
2.816645701772906
2.779238017016267
3.0389688117777687
3.0986032870421734
3.0270140476518943
3.0411153108588334
3.4250513666198286
3.656105398546486
4.1451159011294045
4.303329607504662
4.13637054384627
4.0768273541238225
4.190914004525802
4.773341070472063
4.678019172081991
4.4330914357362525
4.1985475367999845
4.188260057403289
3.8573373303875984
3.783369681643119
4.18031424137281
3.865110260502788
4.197645005451741
3.9351077680863016
3.801496285787148
4.093337631163279
4.324221547011897
4.163528225642821
3.8438187406082522
3.9194912471040335
3.8377372439617634
4.1973754982926685
3.653442003712615
3.9666206535622734
3.974880659448418
4.701227553871372
4.646774289420681
4.218378680416763
3.5936398303988026
4.290757916469443
3.8566979121449796
3.78416323666739
3.707106764069637
4.058720800407124
3.37559576472286
3.4751991606853045
3.5531301742176034
3.5117282439352566
3.819586425088196
3.5274468673095822
3.5085950083194475
3.613669296307351
3.4578282331131933
3.4711410790850055
3.5795100903053063
3.536259017845881
3.483118953396368
3.4430955580207088
3.341835890203867
3.4651232159845162
3.688825741424351
3.45349666439173
3.387800685660469
3.305233366381952
3.428798835535679
3.3120558994083886
3.3481150445228463
3.2492215980172565
2.9956531041733783
3.004218785397791
2.920267661426089
2.909169902457596
2.8544377180489757
2.823036352099381
2.9336943795746913
2.83458461146575
2.6989369685734412
2.790178564627977
2.7298393657762867
2.642181519251279
2.5536057119840416
2.8133718049950787
2.661928327844616
2.6272671831470515
2.5612792181725736
2.505140351881113
2.4926408417555215
2.521422753737767
2.4581035554605597
2.382896989583371
2.4390165049312076
2.430734774110434
2.4085994985932415
2.479915251089314
2.483575155570593
2.4999186012567094
2.5036288076478423
2.525882066222306
2.539601844552295
2.6114150649803
2.5332919382915824
2.7134650947869443
2.6556108204594393
2.584790823135768
2.690870644915202
3.1825489560199314
3.1290705634343774
2.915319099987802
2.964548152683064
3.211745179196672
3.1632076450848814
3.2572996712208933
2.840789583854253
3.2443060646250657
3.0686879973447816
3.4739498642940627
3.6198161029039224
3.086477545223741
3.1796269044671828
3.145836723220221
3.3407601378962197
3.2013824491087712
3.507094459349751
3.1411158294422936
3.159467121238877
3.072565898742806
3.000628191522972
2.9835302009479467
3.1056026436805784
3.039274939548085
3.135114418052018
3.140565957513254
3.185266865801702
3.4567346017181046
3.3765514505960663
3.2999748329581964
3.1530494438352545
3.2038798796080137
3.23990912924404
3.5480535882571846
3.503725859623873
3.5957776942860322
3.704006472608046
3.248169093619324
3.3860295763963366
3.1388075477412887
3.41976851072643
4.012115614501809
3.9145392902399476
3.494418312678168
3.1294821457121476
3.140824028673147
3.104814561069707
3.469127554674905
2.9405467764748687
3.1930136105465357
3.2034698788677285
3.107150291842403
2.974818571479626
2.9153049360199486
2.890408510373355
2.943487052856871
2.7880449816354713
2.850698413943352
2.582154279195382
2.6546972356062355
2.5853361632839844
2.5289363779493343
2.520909138350219
2.4873921663920076
2.489988286790576
2.4799097945832567
2.4798264765023985
2.3962567624731665
2.5329606884667193
2.489204321389441
2.4560098018684178
2.4683788283450467
2.480306213990616
2.4299546462289507
2.3987767061659224
2.434195331594278
2.482871965183923
2.354721265501164
2.330547803824215
2.409517899590922
2.848479820338653
4.316217236729408
4.653174907482294
4.711661744569188
4.665864944460025
4.714897019124956
4.985179424373766
5.482518251167346
5.42126950346494
5.908424620160506
5.99977803998288
5.277100675295183
5.502430351683837
5.572150843216617
5.86971406572453
6.284385660325049
6.127985825375719
6.278565702918155
6.817329910328851
6.0204558783763
5.844383295067219
6.430593380466072
5.8501856656554745
6.422865777756241
6.708560769436037
6.380185536892714
6.016932297717904
6.211245069852185
6.395157487095722
6.680621969408574
5.942666284753074
6.038178240547996
6.131950545923075
5.830382602205808
5.9664752822939375
6.085174368987989
6.600438052543877
6.31099325245254
5.919054227333725
6.228311565011138
6.336514750070114
5.943465239632606
5.481464634825041
5.569594256744977
5.678489613748068
4.990052853772788
4.539421757618096
4.353207335035091
4.531539114611798
5.0512381024462085
4.466954892455365
4.3162970315884355
4.503766159345604
4.140968612627802
4.361041293156775
4.610021997239733
4.566102298940818
4.137538773475948
3.870351808065272
3.811838718720266
3.940109617828344
4.3116616815964734
4.236518369089169
3.762216345219558
3.7618823236671597
3.6661947987441086
3.6462070174002688
3.54603426147015
3.7184465509346483
4.222483782899185
4.284983827334316
3.8915974518745036
4.037489041279144
4.0688007011222025
3.934157453723109
3.183377635050529
2.9396935858801085
3.3584610088115
3.7319401501435374
3.039025640565019
2.787531274551144
2.7900869314684416
2.7577372189625207
2.6714585986822277
2.6623445708111877
2.7704941332507276
2.700287411055255
2.5081402163933055
2.5785409555555714
2.5775541979833396
2.537585827126253
2.524129723405969
2.619914894886177
2.5732662339338748
2.573505420382959
3.1057570635266956
2.8610748030529223
3.4239882158625408
3.799259284440116
3.792792015838675
4.551962264491753
4.697630872399356
5.262258006814273
5.6928636924288645
6.293354122318223
6.76600167814037
6.418345354823834
6.157892866252137
6.142251184704946
6.090307246094931
6.258326509499518
6.572836812315578
7.303441674079535
7.010840313289894
7.1236739392941555
6.467332181317489
6.885490381750026
6.823339991673372
6.548489465207828
6.322878233784704
7.137891357241491
7.2379561409255135
7.2294777534764885
7.021633321389739
6.290276009389557
7.211506307228767
6.408785099771471
6.535525677591213
6.473790066065423
6.6802151430789705
6.2254683076493915
6.462802116777305
6.26778179555161
5.981394065453309
6.305435430674476
5.915061005971868
6.381988170860141
6.201735109384329
6.072238112622367
5.559743051356812
5.513589664134487
5.092402631543982
4.441536799429983
4.283282922545687
4.5100291962268875
4.655080579479771
4.748799533921372
4.482411275944719
4.219870419817082
4.578525698720446
4.108227853244245
4.312409546611724
4.166003350997072
4.264911318312641
4.1554084187928035
4.737828469415261
5.197118698020204
4.460383188420681
4.560337828260376
4.7662978119567025
4.3135490437045485
4.945481011968571
4.443970224026489
3.847959310359268
3.679876665927768
3.654405307837722
3.4521530442671393
4.138595337348352
3.5322195963561795
3.5811941285488973
3.5685110610182145
3.483329498895374
3.378993696764358
3.3501878725658654
3.1492011490821716
3.199385761980774
3.1820250387511937
3.0779506450755156
3.0634019285021115
3.1569168063309245
3.0590934703823054
2.9777475131375644
2.871339024210648
2.9871665587247653
2.8984803473999925
2.908215846133071
2.9255954410126295
2.9183982262392014
2.909989180825298
2.772675569127647
2.9902698561882914
3.032404217135173
2.920161886665969
3.206020344053666
3.4555922469592795
3.6186472171572612
3.927679777418439
4.4682620087097105
4.149777296580788
3.8876179476477186
4.281981504943024
4.8007807801668685
5.208968127546697
5.156518275026137
5.377029285746271
6.001092076735817
6.308407701441511
6.028776185136281
6.773629985786985
6.650280374570182
6.238334820215637
5.986118650372283
5.5175480675102735
5.609431921728941
5.909155078028836
6.163159505361077
6.052182293771157
5.553813321116893
5.967492177509576
6.010554722412648
6.459993225597646
5.838884829969088
6.074112042150955
6.393835490365198
6.896148198285448
7.0263315341044255
7.0139491639450595
6.444222380566307
6.080053968967698
5.747506473627765
5.807749252384826
6.379963641868107
6.1681012813015075
5.862596324364916
5.888471145154389
5.491866160021815
5.146324407678316
4.858585078949128
4.682620697848195
4.626069102056167
4.456710729173473
4.294795858997804
4.043510570832733
3.8570362903777444
3.7604880629820876
3.789197792162497
3.837133510913089
4.3090849596558956
4.298552766437662
4.437452299043682
5.313668150471878
4.7804147867343865
4.350978741292581
3.825612083229685
3.8472415135958746
3.9359571808930687
3.7227905494085367
3.543125198489547
3.455744228109171
3.467019945843012
3.374432334936108
3.3977049906263064
3.1234294505387177
3.3885712019008905
3.5614420033385383
3.4655217135757024
3.4075229230192643
3.237242258832067
3.113858498245741
3.1372022354525697
2.958722469631649
2.936337082635475
2.9501206292452262
2.9897430518184964
2.9972157628175498
2.955970553667505
2.9945143752611156
2.9176427530971467
2.9213849243074113
2.7633354465454536
2.844575476089353
2.9081475173448967
2.813971594001236
2.775577828776135
2.8137550095963317
2.80359731218687
2.7517966686831654
2.8071142586425784
2.804305514072134
3.040312640244323
3.399402089149878
3.9028368982680233
4.701273946450986
5.300146339431231
5.423216018370487
5.753979039882859
6.2657266131889
6.563678579757864
6.6409547929845365
6.700607421067421
6.7556725766002375
6.581086282925081
7.217364068239609
6.968043640696747
7.229681164423311
7.455322933571205
6.939417452735467
6.384911487455385
7.143513516071359
6.936477346888283
6.637100259871693
6.233936265213927
7.105589003241819
7.341426665022483
6.7854368876462825
6.888466925827373
7.320322900345172
7.3247968472178915
7.043473523207641
7.15826093593471
6.275669402798822
6.420370068927652
6.633261607780568
6.3511745000673105
6.195288304447474
6.131972542501757
6.253901773254638
6.368675508036802
5.866313347790586
5.872433893095301
5.904702459275172
6.069607895889914
5.888755695556603
5.641322822070901
4.94168256627682
4.826580924960864
5.0087405052540745
4.836649201665617
5.078977690532655
4.873635098426258
5.173009949577496
4.4053219285754786
3.991705210279091
4.2447077471058465
4.245115565601223
4.064893297374003
4.133094480686981
3.9592550924980148
3.967429571896411
3.9892122597599813
3.9613868866606503
4.219246685361058
4.541087741521529
4.187546920580424
3.9392423157678276
3.7266967896294774
3.7434367951712377
3.8333167729349817
3.661617115306622
3.7887849154119806
3.6159319416426583
3.6263847881016495
3.3198413214910056
3.3589484646042975
3.273247187069127
3.137950997062976
3.078115652661725
3.2202795492394847
3.030341745917349
3.048921617187399
3.0098429042516512
3.008739313280172
3.020553337691198
2.914318475051099
2.9958618103280616
2.889217357012559
3.004102059639326
2.8394005774944615
2.8595109812701307
2.9707294545595953
2.7994734824713317
2.8263494196797443
2.738538112540378
2.840443699158062
3.110138262513828
3.680561896692481
4.062957989239775
4.992412369598063
5.135233980725558
5.596170812494772
5.33109550302879
5.031730937242798
5.493767878498457
5.3896581743782
5.378203611593074
5.996511421895965
6.079425594560741
