4.610691769476441
3.6569318705109892
3.468355436528418
3.5429841101823984
3.2244756500516045
3.347548975507138
3.401577549064164
3.9669007330860624
3.3040971440131193
3.1193631149762653
2.9167605945467856
3.1032248117667076
2.9463090448381557
2.9378986155905413
2.82938878160944
2.960754833073565
2.9942308466593226
2.5251863409879016
2.5655295146987314
2.6893869691604886
2.588689510322615
2.590522615396622
2.502246664015927
2.4193470784019326
2.3919608838790687
2.4027086608445716
2.466982939284506
2.483826151007126
2.3516941964249427
2.2775963780334263
2.199971984312164
2.169563458266115
2.134786227686556
2.052948143948425
2.129312866203651
2.0782578403288037
1.9855290095288094
1.8272124528818807
1.812244902397647
1.8371950417211296
1.8091579802445865
1.8233637919726438
1.781507642889428
1.76400417256647
1.8040272852779307
1.7173547649782719
1.7206977403128239
1.7034437699979208
1.7220113298879947
1.7107540272253434
1.7152534343756756
1.654247496159127
1.7012548263346696
1.6029808648154207
1.6596555387335976
1.6116029054736445
1.656655320336129
2.0725628964900507
2.1290172330714836
2.5812721101829323
2.8260382153250316
2.624165460231407
2.747751733424253
2.949946361523999
3.068722737251235
2.9569157899477143
3.6003561723142283
3.7285921200787686
3.644407977349126
3.69377282388332
4.056010181271232
4.008628862613219
4.086092502738979
4.004944742512585
4.244318917998053
4.254723988245889
4.119177164814199
3.8577119180092003
4.000480203268436
4.166462634773186
3.9866439608514956
3.8942849592568423
3.762554989568023
3.9816026458070573
3.797678720207902
3.876705052770646
3.8668188600510573
3.8053719461481688
3.839214917991069
3.7383852330593634
3.7878695036426695
3.640324476248282
3.690892748146345
3.368616911173915
3.6538668776629124
3.819299081586354
3.7198430617298297
3.4731848320029735
3.7116125765927066
3.3103512366753307
3.4059928144533953
3.3571879123633535
3.300160450724096
3.1059042941408066
2.9718243227116856
3.1554846330375557
3.0144146125027533
3.3183213420955804
2.9920244662178823
3.0976309667362316
3.354821671447564
2.9625087446084226
2.6989489363857304
2.7350699824765905
2.822514872117302
2.883843655713081
3.0881457014551947
2.9747238422043965
2.78924202974151
2.434475325529177
2.390259641941826
2.356542160109178
2.4013064617438595
2.246962029106308
2.140271837803958
2.20439318887939
2.2039716302740797
2.117624360775081
2.0874932171300253
2.1033028722547282
2.1106614179519076
1.9641097981697024
1.9909022416027105
1.976425941044193
1.9581003426415664
1.9054693423321156
1.873589189622569
1.8597693884019384
1.7765484730530259
1.7770692576450562
1.7276954448774113
1.6004207199809524
1.5968873588594439
1.635592254743088
1.6309718140679512
1.6990821979466295
1.5378542382451124
1.5454068684959232
1.5842023335366848
1.6259067469819977
1.5026262302173328
1.5035081486133335
1.484491804713371
1.4690348524469117
1.6963280277126247
2.0671275404064215
2.063244093709036
2.1790394161807516
2.2131551656033635
2.369878892303511
2.486434485339228
2.459628349918847
2.196238206746212
1.9371223373731707
2.0249656028030225
2.241857638618236
2.4122367625480345
2.4184538025851667
2.207361969546825
2.2635027440103315
2.4029524538645433
2.843099402476828
2.6287750330374835
2.415777836955962
2.394080660355911
2.4470756718762527
2.5855357100088368
2.500485966048878
2.473464372200154
2.4360715050502737
2.8408799487509335
2.8638930565891454
2.8776876586934095
2.724548306981865
2.727857850957129
2.902946361325484
2.9696367213994113
2.808629176105512
2.6416305725020948
2.5095312210338956
2.4045734577548425
2.418481820703137
2.5003936119878314
2.398826064008846
2.480559750108251
2.511200840974017
2.5006589861201305
2.524139551781798
2.4445870756044044
2.4759130725511307
2.4924297482507174
2.5298033854978614
2.536396404076286
2.4038348763341673
2.3818951797454013
2.4485358847474723
2.4427319260807376
2.3766975334657854
2.4241966860987776
2.337538242050376
2.4303019928562333
2.3577734401613832
2.3206048652437996
2.4160284052509113
2.311127391562503
2.336399674182649
2.6730047174041056
2.2871052675077173
2.2471217263393055
2.111006453679627
2.1465268598097342
2.249294647585118
2.265308518584292
2.2067797857478118
2.198566153741856
2.1066924294604585
2.0559996710325463
2.0532109241747896
2.0150568937788846
2.041623939322733
1.952894209479468
1.9651368645146712
1.9168015534991634
1.998590502764751
1.916302449540265
1.8844943599598256
1.8417580422194688
1.8068346969388551
1.8443162511257722
1.6690929178622191
1.7870652092168644
1.770739876785732
1.7295811051451586
1.6660963045692905
1.6667027600454902
1.6158398497396906
1.5842974093101287
1.5695564124512948
1.539784496666698
1.5733070041438522
1.596055810942725
1.5792719519233998
1.622079430007596
1.6641509447196787
1.658841447294241
1.7084295458558865
1.7230131467639347
1.623997140179704
1.735424800343888
1.7384614228206612
1.6744176339351462
1.7907484235198163
1.869013348955297
1.8841826312812442
1.9518014846482907
1.9637130837856294
1.910033441892836
2.0042163770110197
1.9919763829897417
2.0227738600310525
2.023125430897738
2.153493228454807
2.047450261219154
2.1018363586419553
2.1643273326629293
2.173723755932422
2.1872677291122153
2.176823220146704
2.193900537045543
2.2834550039227515
2.252251073036646
2.3071645558145826
2.3464133367171365
2.3282261140522644
2.31794309390288
2.3178880039647143
2.3672342286659886
2.3463294316326433
2.3030065201778025
2.3643537208416916
2.2706264657590287
2.2927198834048004
2.2927861919581454
2.343214086896387
2.386816061464063
2.428933592901456
2.256937015835097
2.327253674751135
2.256321882924047
2.2434050255592846
2.2326219541919357
2.310546928232891
2.296020701799298
2.2791882230942795
2.3612396099085786
2.324206983919366
2.339782942414478
2.220459042400358
2.248237632132439
2.1902441727933435
2.2841295028726933
2.194892453262884
2.2189724757640623
2.2027002813496153
2.2106857579384185
2.206634691632096
2.1327634777834965
2.0953230622143253
2.1231540852942468
2.0974347556788677
2.2209309170624776
2.0841734137664907
1.9750194164656873
2.0039575116470862
1.9478958414646237
1.9364208324290257
1.929742069242255
1.867048865716036
1.784499546845292
1.781675307657844
1.7306030476448755
1.7113869974592848
1.6666785826132666
1.6086926223627065
1.6245460971974794
1.6135203651886898
1.5367536716786598
1.5252528538412888
1.5686363804619314
1.5262318560572021
1.6314351485561487
1.603672105505594
1.5842622010195824
1.4910299926820045
1.961451932982458
2.1062532201226793
2.0783557179002656
2.473149709319073
2.5524776121221957
2.909990127841702
3.18573270193513
3.74761507153837
3.914169119707841
3.709463289368729
3.777219625970758
3.8463595571463687
4.090019317247541
3.9252310446358902
3.9848547091123465
3.775493475703955
4.044819912460302
4.357694839368182
4.444506872253682
4.145893588777958
4.191905214771856
4.399451616840195
4.504239687034925
4.4213823645927315
4.2022280626960855
4.140455387822049
4.250619185356425
4.4295814676048435
4.646887797136359
4.48057258231819
4.509499032729178
4.515062036766565
4.445108698687367
4.4233671210981145
3.951601115238973
4.279312550213929
4.103767196835313
3.9519607983995617
3.654275428848363
3.6848086939776414
3.796128059222709
3.2997470517079024
3.0457118192919794
3.069283111272636
3.1655800107992147
2.9861272617529133
2.8453875022314703
2.9256420911609244
2.7330842378702633
2.6185169458805038
2.4843225377852742
2.5923802237545774
2.5968102753756894
2.6780612652680333
2.5491102618858212
2.5165021873220224
2.591796166053452
2.7691160151351153
2.660841364092173
2.653487395242804
2.4732521524370994
2.649514931615406
2.5402798556495956
2.369622896392355
2.2998956122310212
2.2391438276424553
2.2099034796262433
2.170813978432358
2.300425075934859
2.282125273414782
2.0841531837154776
2.111784625010257
2.034291717614974
1.9958256263203256
2.06798839017493
2.0236042984695013
1.7934425461279517
1.8193813418385898
1.9001673570300661
1.8961735694106374
1.8456455965753493
1.8564558926446832
1.8265715472249173
1.9030268525073804
1.771520381931232
1.7544134693580535
1.7244989783229643
1.789040196262941
1.7318237357562087
1.6533491581852515
1.6640665776697752
1.6656655108129554
1.6005949792882161
1.5933400511477387
1.5369822279800116
1.5937933974422527
1.681528446880722
1.840437031656975
2.1129699045457335
2.3282642268277667
2.3711204124793848
2.574561001681909
2.522718932959616
2.7130709100939923
2.740513324643804
2.7720942655675462
3.050201796642571
3.314008201111589
3.7934326308937902
3.5748979803206393
3.6681688180003165
3.6382892330787504
3.640668922283245
3.537704292237691
3.563510644625987
3.882444529095983
3.8443422931159557
4.102522856300817
3.6939724615655942
3.9440209220353064
3.8792045952061667
4.2769420533531965
3.9893869286665247
3.994177624352504
4.171389275739724
4.094762764620994
4.2640723522144395
4.119273785038475
4.145036583567184
4.0807474697754875
3.8054629199657612
3.9640821243387054
4.148177414829887
4.033610400565747
3.8824676526721573
4.044574552719793
3.866609618437314
3.8726074570117808
3.701886255588456
3.6119431916636158
3.6431541360067268
3.6317115294373945
3.2760717532038037
3.256924028094956
3.319190280820865
3.2674868262227794
3.11245064876988
3.122891092183644
3.2140343921377785
3.2519102154795156
2.8482275410853206
2.7416832897072716
2.7145304374534893
2.988337133925899
2.713004827700105
3.075213960823401
2.7330926885544846
2.8365562912380122
2.9132183017430204
2.7225001213737734
2.717073627815356
2.6348659841119275
2.7244030203440714
2.6471383983605308
2.598360980040635
2.5622699315839816
2.569838168741895
2.4323845986774493
2.424020612238253
2.401862050911436
2.3775323915890585
2.405717853165355
2.299547557651477
2.246254522620673
2.121348868454689
2.0603187669912804
2.1237224182709085
2.073633131815454
1.903705379463361
1.8525465883228358
1.8909055775679813
2.007799863083496
1.9130511971897952
1.8850927460150284
1.7981133933905258
1.8862544102303163
1.8889799886742789
1.9088071608531947
1.8314118797725134
1.823404935377835
1.8694976240077212
1.8390772998598282
1.871053501239771
1.8529327937789455
1.988948244254617
2.294237876467764
2.638280432459898
2.685836013849675
2.861212595847833
3.1515786714790064
3.406391071098031
3.5867723880236038
3.9542493566891372
3.9403070809660843
4.138718872486506
3.9819982607636204
3.907611104689622
4.376142927631174
4.160231700818356
4.222979196144272
4.329243332012112
4.218676314583091
3.9921529251980425
4.021910160613105
4.082215129993844
3.997676152167595
4.217493742597573
4.0420061413618145
4.22061246258185
4.15797534812112
4.156633925044236
4.472957662763854
4.292209277040105
4.381393918050253
4.3811590921759445
4.4377770874419395
4.385144234686356
3.902865401225691
3.9467430747680647
3.8876153119725405
4.086907225818139
4.107711226350275
3.923802683745552
3.893060582188609
3.723971691390967
3.3726556301416974
3.4171762317577965
3.359383718148752
3.442292967198893
3.45956642708829
3.334864409606445
3.1037405021174824
3.2461179965777838
2.8806175945102663
3.0730401119395
2.935189469840501
3.0762230694048904
2.965036265442189
2.8733437524672145
2.764497417503585
2.942380221153601
3.044817034366743
2.7535577390369532
2.85065960064493
2.950357203671291
2.804747229440752
2.7091003616741935
2.569712022369235
2.512398793661178
2.6021671052941158
2.475861430270257
2.451502835764646
2.2652955402473216
2.3864961260482884
2.3250759339499116
2.185027004260078
2.1545525909617513
2.1428548843655624
2.1508979212961084
2.108082923478804
2.045393808903026
1.9155802912760875
1.9866176804803282
1.900941956489978
1.9048895783919235
1.8819070306707693
1.89922226941319
1.9276313192939247
1.8256802206817575
1.850963112531646
1.8589155467545875
1.7648260490711083
1.8014061318572356
1.741827173170999
1.758505756402305
1.7227290121502765
1.6716005114861539
1.7165888524169721
1.694220905936156
1.8236248817927152
1.8291240401205295
2.1685974460432837
3.2897314253485748
3.255530665074377
2.795712325528135
2.606339408370641
2.536330502555205
2.533597040776173
3.062970904012061
2.7525686819866504
2.8077654144782014
2.5651389408383567
2.9607589322292336
2.947209351229046
2.942833038943769
2.8992810379518916
3.1673283368976146
2.9328481187194053
2.74048778472742
2.5181328380298913
2.6888357393393516
2.7946885969018616
2.876622024751416
3.0817058720204695
2.7893976418783497
2.5603761258583195
2.698473690300867
2.647573414568259
2.5397146262059445
2.5509150265395033
2.529668078178934
2.591413236767873
2.487849869586159
2.4936678164493697
2.381218663847303
2.5310008077864854
2.5772512776524175
2.5606873135192068
2.6114230755050514
2.5611565749600427
2.5946308494453656
2.4366310455674545
2.5113039244286686
2.3876518289929645
2.4400859262114354
2.484495237048431
2.5948804279666535
2.5410314301006904
2.634868660472953
2.6474087402144377
2.536788567474116
2.5445384638499373
2.607221327969689
2.5351064831674357
2.514541364594247
2.5366474230206415
2.4702005967038128
2.548936616984505
2.626855604627843
2.6512492810669137
2.661461834172673
2.5406404618242298
2.5895997404457294
2.630246693018833
2.5063664904661875
2.586920487402718
2.425232488893266
2.393213497114702
2.357561907800945
2.3663729739044097
2.2501960889554478
2.2975574766557387
2.255070647066047
2.2009862376216045
2.142337040085816
2.164975334452855
2.118869344021554
2.0144597835210334
1.9471320190221322
1.9054371482064958
1.9208464707006632
1.9040217686755783
1.886739019359262
1.8515913465094807
1.9311875126872016
1.9509918170677962
1.8576696955064091
1.906931088698176
1.8254156687776357
1.8575317055041363
1.7791557164306053
1.7469555999469675
1.7646440796019085
1.8076261150701318
1.7593484071941372
1.742785346485438
1.835174088226398
1.9059882004529218
1.9192188055602983
1.883420877006217
1.881717514415695
1.9827527592170582
2.0258611816427274
2.103048951343634
2.17416717745608
2.2477819387271007
2.3252075327107034
2.2850246844552666
2.4077674493143766
2.5435995612448137
2.489438649676834
2.5393548916704827
2.50990628874746
2.546845734202087
2.580001348319364
2.6806943005624824
2.6002798089460644
2.535254038121217
2.6042864506645946
2.6845181342461744
2.6871506972179673
2.721612233078476
2.669560245556782
2.617462392061964
2.645312162881081
2.702908029862503
2.686287233006054
2.607279646126908
2.670164350229137
2.754669437090234
2.7797817605393282
2.8089288463815247
2.6785638253221045
2.6250676468274126
2.6678575240711635
2.506447853828255
2.774433596460831
2.71978290317388
2.6951766391047087
2.6101660329958714
2.7588575261772164
2.6545027235246694
2.7254572666470316
2.605631242222965
2.732733206832146
2.7281982307921235
2.6895950218373748
2.6564650994782433
2.6584461480702313
2.6537057598390796
2.6445329807051334
2.7446457924651964
2.8061721718190253
2.7132588996246034
2.8465074468070073
3.0251783204508076
2.8357736524156536
2.768915813210229
2.7847906511932834
2.767002880878107
2.7970669821538126
2.7451412400970248
2.6745174344878735
2.575366687851795
2.571989312931505
2.4859611122315735
2.2550081057597073
2.260835652786926
2.2077930250387463
2.1612324115199684
2.0489321379816103
2.0778306307482186
1.961887416451166
1.9424332062790102
1.8999066475689443
1.9221525351575723
1.9126194203113287
1.8997939782832578
1.8909054199736504
1.9286042055224502
1.9043637444502302
1.80006363806716
1.7745706193091344
1.6986211038341879
1.7332265256672632
1.667441639234648
1.7256006499578234
1.7841894672715055
1.694656234288273
1.6850585861411327
1.6566880798447619
1.7147318403590097
1.6509809731015717
1.619120195067245
1.7301447556712544
1.8267555687451886
1.874602454615055
1.9268979212759305
1.971588052637342
2.0038733500678623
2.0322249249564526
2.183875664302351
2.2221248927112867
2.275138028226935
2.256156804006626
2.2740135053282664
2.452371987814094
2.4096651419750814
2.2224521874631025
2.2473751047567863
2.3049878242021182
2.4216761298155514
2.3191730970561393
2.4377828897386764
2.3150604519814477
2.3122178551222743
2.481326283683931
2.5871943561565445
2.4950358926426546
2.607923857619216
2.510685847459545
2.5079356640826664
2.51389681214143
2.5259161075500995
2.960696485031421
2.7465414764899965
2.575570471340735
2.6629661864456438
2.6408352472208803
2.9109704707083313
2.7853480822312413
2.7327244984680585
2.7475145030455588
2.7826691029394253
2.611662326790611
2.6329944843555846
2.6455133740637335
2.511353370405285
2.538728151667119
2.6653189396254904
2.650485188035703
2.635201417878891
2.5391957459051886
2.465265579307962
2.4877927449068724
2.473543302775186
2.3464916478887936
2.414149158500624
2.5128950947552138
2.3928259656492448
2.6164008766038926
2.5902049206985542
2.491646865049039
2.4109146514699034
2.3318379723041414
2.225243312579757
2.352167348682691
2.4183902994825504
2.3098787586065397
2.2302197064160314
2.5372443889903944
2.2022686965068052
2.1362541504545356
2.2117177244590733
2.176945109124656
2.0456647257779808
1.9629138438689016
1.967035112326029
1.9440522177260682
1.900250673111458
1.8428175671472216
1.8394738876690104
1.771632911961593
1.8130178450738488
1.8186854874878315
1.8506299181473276
1.790511059513878
1.8159210895650235
1.750523457082163
1.776691666522087
1.7223116015125315
1.6502451727619016
1.6677043510099137
1.6663728843375811
1.6374958461578222
1.6578985991087054
1.6510934677320932
1.6666766940085536
1.6230638565214834
1.642168475925588
1.6439189611532412
1.605344472808571
1.6967161703297733
1.7089359030046236
1.720350882809399
1.7569449720880492
1.8439648788692207
1.8185881620845368
1.9061562548809088
1.9541121716691097
1.9629593957607683
2.023853484717464
2.1010406236638914
2.1278908414657685
2.1368383991268227
2.0500671182054298
2.068670387705374
2.129039142352825
2.0654143204298614
2.042103145755615
2.144124104941517
2.1408830656166016
2.160771470204503
2.1578827757285057
2.151468552542205
2.230929641482378
2.2825796430447345
2.408064499660475
2.2982865884844794
2.370536692922591
2.396750577925996
2.293278588825244
2.213314674649491
2.4045550645166625
2.2915134015581193
2.166526311943076
2.2426627763561724
2.05349547858243
2.4242177576881225
2.3324789534197854
2.2157453246114622
2.155414164080726
2.131481420007164
2.2696895763353773
2.213361605950416
2.184929996006258
2.1601514311916534
2.2130874654166015
2.073764245348624
2.181103396173515
2.2249921466388582
2.2008165584478756
2.2183967387750796
2.202756796154517
2.1403756136811487
2.136968582787947
2.2752544522804654
2.33970578178743
2.073108503374451
2.048085855523883
2.09704702190455
2.1040619697135705
2.0831777469685795
2.1980633939911702
2.0965333739469534
2.107842219359967
2.0018960981282814
1.9017532575366711
1.8941311736816948
1.8855707377218591
1.8455557883866212
1.7663700897338737
1.8288923088688724
1.7745548429558535
1.713146061369181
1.6895626211363715
1.700797484714953
1.6542088748529797
1.6384610066940857
1.66571564939928
1.6691712864687263
1.5706021318486227
1.4595940934426723
1.3927773903319047
1.4417091598599403
1.47758728862856
1.4324174642202812
1.409314487112877
1.395969794293245
1.4796172219540082
1.469152407382991
1.6520279646999474
1.7632607085779326
2.373313427210772
2.433650597637873
2.4398725523209057
2.679962425754204
2.9077762738371082
2.8255535236895795
3.0171431757206353
2.804907030153398
3.167946948648965
3.270931589553951
3.3798314697574803
3.3648177086202233
3.9112629017521017
3.9216009090157242
3.797139127528203
3.8086417166524797
4.454511701648559
4.213450178898644
3.91075486449171
3.9497118395531845
4.305411785141924
4.200959024993699
4.16623528449738
3.569740139226719
3.7259750601511836
4.118730054037877
3.553927462857775
3.6416119353610057
3.867673215775625
4.063649391296457
4.168265018841685
3.9491528056987906
4.05127965357837
4.179273029889072
3.8471056308360727
3.9955438472983724
3.6975346957701927
3.5983706635823642
3.526061783596946
3.6485990876171206
3.209025143878613
3.339966285498437
3.724375519702106
3.830089950135714
3.566906475223633
3.6942012315021326
3.4545443582234068
3.311766193819913
2.685462245725923
2.852406819255611
3.363931910009456
2.723120381812959
2.4561488323303684
2.4392523590388806
2.4298132128739676
2.442034880337116
2.771295510850371
2.726782596222184
2.76990430952633
2.4847350029940736
2.5119795587946365
2.569383977084683
2.9337811439242514
2.712195718360109
2.5922524808597354
2.6425191199079148
2.3414842548751253
2.5276406579790978
2.3178460158348755
2.149579241071698
2.061886522873732
1.9700310041203946
1.9557983702390687
1.9366191518798435
1.8829280542773634
1.8964859188824028
1.8608878812743577
1.8465914912555863
1.837805309025235
1.8470996630468282
1.8296989731321773
1.687730792274293
1.7115822464442574
1.652165436131127
1.7214273097764594
1.707303341332992
1.7253334017653243
1.667329880593113
1.627912493901261
1.6303847309318449
1.6512426448443314
1.5615804781211702
1.5990280321757535
1.696951913889069
1.7391241152528742
1.8686147891604288
1.5618944038784888
1.586050194975206
1.6419390384214103
1.6947815696807775
2.699425975259389
2.750295623419999
3.0021852258733914
3.030009072530666
3.6990403677150807
3.532220763358603
3.4530016708082583
3.397770955030153
3.3407405852431307
4.300460719987636
4.409217515499519
4.4050346265118545
4.002786237836351
3.566837261348195
3.50728331646111
2.5850450231212916
3.5193904343685816
3.081748819856838
2.741825036378743
3.8010878187499513
3.7274528740276
3.880394020115255
4.011070780465358
4.24659182708728
4.064897152832138
3.95440619084525
3.947143315314439
4.476359293886199
4.28959183815786
4.183625484342166
4.307909866840091
3.8674262722417203
4.060782053246223
4.384241816546002
3.8179422931781914
3.9573524598699388
3.7862356613820434
3.700324528455053
3.5768870400460484
3.6071012296527156
3.441054807871786
3.125394578167161
3.5058884012606746
3.181045122831898
3.2120790445201584
3.0167040462662826
2.8307778676051285
2.9918523808713395
3.113337737283727
3.2393784420252225
3.159965614832098
2.8871768706550447
3.211236669440693
3.4189606030170205
3.2287754792391614
3.1261648699016367
3.3799125746713665
3.328774925569349
3.306168840865323
3.1873778621506195
2.905051603837284
2.7321553449602183
2.7909567519774288
2.9232471823971413
3.121130483925522
2.719972285006268
2.6343686399102397
2.500542959592703
2.4043158406015155
2.447974869394009
2.129499011514152
2.3948418683113406
2.079701978624223
2.0752211331357624
1.9815060062644416
2.046231128941263
1.9621251622639724
1.9030037961162258
1.8865534102725816
1.7945345193183975
1.762882416048489
1.77852113198733
1.83245649926452
1.737905925306189
1.809419330506026
1.7497253863944493
1.7336159744961173
1.8493854095856663
1.7618733914119509
1.7524460226789114
1.7877713534396005
2.233192858878951
2.4635297959856097
2.595648544999445
2.7905522548252653
3.5030246737689033
3.6755954363199366
3.2571883228341485
3.4915264995469477
3.3605533525858897
3.9977607850708257
4.02875934980553
4.2247062984155805
3.994740507753356
4.551716056541417
4.270749939487377
4.021767810658617
3.706454479828272
3.790439608583281
3.663655054817519
3.9582176818854786
3.749545563018252
4.0016034898823465
3.935708855299194
4.022926235908422
4.107389597891032
4.611097855840059
4.569471908789005
4.392887050433561
4.212271679284349
4.178845112894746
3.8873160687767037
3.8301782233413593
3.9447619439340613
4.157643078749574
5.022877762934705
5.073190093724336
4.853112618541113
4.482131582440265
4.195513035053639
3.9739943734865903
3.6692063580961913
3.762472261421932
3.7622519781090924
3.945514577564309
3.855312964918723
3.7757705206463616
2.959337580616066
4.124995182710479
3.3915623615904096
3.320455346902856
3.61966867833985
3.3350025226477777
3.142828172182896
2.763432220886365
2.787258920357083
2.9262488560390443
2.9005991313976365
2.7612302243732834
2.736258133162481
2.848382975235929
2.9461051695444733
2.7151451697827467
2.993708567088331
2.7079036118491
2.6715146029923345
2.8369844294063147
2.682395969568597
2.6018623049110925
2.474826703201141
2.5306643872157664
2.4034475862355666
2.3695902328439926
2.310887219692872
2.2298920536611626
2.0801922860758557
2.146293027983956
2.0477202299741495
2.0072707897128064
2.0168636243517724
1.9572642694978044
1.952529789707677
1.9067480253067064
1.900295728354112
1.7539032082144894
1.7834461191970556
1.7861237463209467
1.7911766824655733
1.7658227302698914
1.7029271696062491
1.7036378229042812
1.7678355776862211
1.6974508872810596
1.758422971890965
1.7153472948946726
1.72551651855761
1.720518154241525
1.9643546039434698
2.4286505921484918
2.5408549083908034
2.615561224375508
2.530740370298001
3.0366794934188377
3.441467732687835
3.5195569357411833
3.416891423062219
3.634601156304143
3.8167625476903453
3.8277780251459954
3.9808650446630454
3.7292561880073607
3.823126983558304
3.9519399314976975
4.133279789942532
3.7332915728814844
3.8417713329419168
3.7703402899034573
3.957307753437154
3.513099395585367
3.800605387952655
3.757170090492605
4.020057375998049
3.8640606277626603
3.9233485618488766
4.134034526225888
4.632832329051147
4.358090823965946
4.297405626657099
4.155741768841723
4.082831996355436
4.190178156685568
4.190361527276181
4.4845220632285585
4.08194964813848
4.259947483134149
4.271403082787156
4.0789108804552825
3.798011494611264
3.8311809183997387
4.172470797194546
3.9454690665639602
4.048078819066184
3.7747426355842255
4.055682827842342
3.8086587660959728
2.6997889580132046
3.1001086659585595
3.012015232609702
2.9342795509476773
2.950213833013815
2.623519719697244
2.6610827141817173
2.7338266019721065
2.7527954904916925
2.776496672965934
2.6917686538876415
2.874783008425045
2.559550620066702
2.5634152548080853
2.594298280035785
2.537861536025894
2.620065792670357
2.627356607496167
2.501845811714429
2.5373782449918947
2.602165291538889
2.4446497874994275
2.3897947798669006
2.2881428807368853
2.2679260464989266
2.1444371786371543
2.3118939072800564
2.1195950892076802
2.0751462321374414
1.9574234440817047
2.0337724557318455
1.9053826959747568
1.913280951289414
1.84265125928358
1.8477193115208488
1.7873570428787697
1.8120752177326678
1.7525700470371708
1.7930276397363987
1.8128010828629502
1.7545316225850245
1.7392537064438656
1.7508180437739955
1.6560422867846336
1.6287021796385874
1.6023440698877345
1.6266988263558977
1.592783706000207
1.7363871083391662
2.21048634454639
2.4417501267404265
2.4526542993393745
2.779307229838458
2.700683913881269
2.8056769625370994
3.2764860486341987
3.267816399292915
3.176917272391458
3.159475280496131
3.1024701039767555
3.0450002529318967
3.531945740074924
3.7042471536108574
4.086911016580812
3.9126066649540308
3.2517527393460384
7.087504867423773
3.5575532263538676
3.1481265515185406
2.9295109008896993
3.1196933239008517
2.6521574771665555
2.54492606553745
2.7170473051143693
2.6119829199116915
2.740038209030848
2.692069702191769
2.895696285767463
2.725154504551653
2.591595530847489
2.6429532387887655
2.71686955608757
2.674503575136181
2.618048782947944
2.735268512154417
2.5855181091702812
2.6255841916887728
2.529435065792846
2.484233263102504
2.442126740890354
2.21588978399695
2.270990007656648
2.1490798591249742
2.1128395248531815
2.102521762430647
2.0282062667234846
2.024288182049075
1.944500311007007
1.8852791467051349
1.9857106372954378
1.9227129742271634
1.9141705536787363
1.7281722645781554
1.70349238270874
1.6865619164961523
1.6963624513047841
1.7442305608059372
1.7342012068813266
1.716600397233937
1.6251311616066229
1.4465629277929166
1.5722863096600355
1.6042156507231262
1.5612580186138958
1.5576844210689749
1.5296131753934559
1.6917382341001037
1.6360257347846896
1.840077833098443
1.8318245672851745
1.874533053941065
2.2595125066170607
2.0140662462437815
1.8246868105813683
1.845734864801288
1.9228685413099496
2.151816207428347
2.4432909249704973
2.142197848571933
2.4426928395423793
2.429785516612361
2.5274793044115946
2.5366644486662375
2.5710811430219143
2.4080476771337134
2.6882175860495887
2.49241446623241
2.5695858332706076
2.380718895530325
2.613103822753172
2.088268084646524
3.433373859272793
2.764722833602032
2.746138661904978
2.6230129050209077
2.5712114935905186
2.8616834152561617
2.607974822000647
2.7087456782260495
2.7118235120658647
2.797673999088024
2.596288438422573
2.6282523964552245
2.416726997995844
2.5608785138053323
2.685979986850804
2.72366859148278
2.3318935208949787
2.669016964917443
2.4363287409128813
2.265029322714279
2.22422324622984
2.195504667381233
2.251201704759917
2.330015481118003
2.2135095110389615
2.1949783084988015
2.08923257611273
2.197975487052198
2.147172425488171
2.1225337503025643
2.2426418712345066
2.2413591612223756
2.240511610767834
2.2856690987849273
2.2389133102473733
2.185282746205608
2.3451924264690196
2.282217884074275
2.082471570834417
2.1965616902843754
2.1454424536587973
2.154850759321024
2.1370524937400996
2.110585772704005
2.0451894215226893
2.01407956740144
2.016811584197078
2.069965128731485
2.0064947879370694
1.9454674335715536
2.0124874532715284
1.9650279867644618
1.8796679758208938
1.8013196200564328
1.8849247263113917
1.8872992753745554
1.802723722388895
1.736472509340108
1.7424622712650146
1.6992532111474177
1.7085338848014395
1.6991896611010975
1.5686617852068858
1.626404974860939
1.6431615318101096
1.6723862476074713
1.6049594919819945
1.6417069548279668
1.6253547627764267
1.6282166912635072
1.7038340603267161
1.5521951878265048
1.51923997160341
1.5592797504060132
1.5713529921523792
1.5840871242653276
1.578086705933409
1.5556119204480268
1.593833795881796
1.6545808489355731
1.6224736899568222
1.6924076384140259
1.6980578929032586
1.78647894096577
1.7108719824100718
1.80072616460239
1.859826223464305
1.8431406302663496
1.7334386754014273
1.87199007493542
2.0233312303426767
2.0237874840577144
2.116515067656603
2.1244788229933884
2.129150501920029
2.1539289039434237
2.158704860273429
2.1332533916533163
2.394526315415758
2.544787540673547
2.656028488924173
2.673383974131625
2.7154204867612157
2.296861586095107
2.0933280028259706
1.9498370720150269
1.9823252412346102
2.028781648114358
2.0908932483646185
2.0726465956717375
2.1334435947462205
2.1509623245353406
2.2321717752729167
2.1353772950454033
2.136127762332086
2.1766102067005604
2.4213718599966683
2.338837478340097
2.2023482545430078
2.2087070014465864
2.1624069674924904
2.2095995078793123
2.264019686291807
2.1811595663382426
2.2515621310667338
2.2484903643281986
2.366318552141687
2.423971180640813
2.38219484569982
2.419191541503535
2.3706596644768525
2.32583487478438
2.3781261568026153
2.5890040331451685
2.69962071716839
2.2613455107836136
2.1334420854341696
2.318417244451515
2.0951407910228212
2.198529456475833
2.2854656212371167
2.4387928656233893
2.0945852051594276
1.8777184491768621
1.8982144708931132
1.7959014940632771
1.8161525237637597
1.8573895997570569
1.7823054054546825
1.7395232906261104
1.7400316359374022
1.7730053179472685
1.7113957838141307
1.6886592151762527
1.681460320239095
1.6304616472169196
1.6215342249426845
1.6140818085499817
1.514148482055481
1.5772118492698377
1.5529106105513217
1.5455498298711805
1.5021535676377493
1.5138082394301335
1.4890182825874496
1.48504585294308
1.473666448882645
1.7512862807731198
1.9180721210254517
2.111167242233794
2.0696837220455113
2.110712100272776
2.1999296647201327
2.3174155822922726
2.8068127662771727
2.9219119345748954
3.5735548021606074
3.575319539062373
3.524387154216588
3.3106535914041073
3.3226105301772004
3.688763431492911
3.7259460231812778
3.6328808279805016
3.8518748968424315
4.190609022970294
3.9893131361514373
4.590980298755189
4.095774372046534
4.165527954719662
3.995635676651577
3.813773027076885
3.6453872970569496
3.472552311221741
3.7819493067102097
3.8928134011189575
4.499365059608799
4.400812959695604
4.225269909467645
4.250836601221858
3.7582047002924615
4.105424499185917
4.029185096138987
4.269349824612375
3.917368343389876
3.757443716904849
3.9198047235933284
3.8308567322495857
3.774018730802268
3.8023347519657404
3.4846575448062334
3.641194205001044
3.3577823819990478
2.9666386842943457
2.864284301514926
2.6303157160191835
2.701257327238253
3.045781150480475
2.818142745284248
2.5987106894605074
2.489875682354902
2.4158108765955673
2.6835172768472466
2.708743476850861
2.8103510829951883
2.3960349566781356
2.5177350265433684
2.4657689469029056
2.686494289620865
2.60826298887956
2.4675122634964537
2.3929287832852597
2.3209410465115834
2.150021031245177
2.3275185813928854
1.9851726627864343
1.9601920134293476
2.016930685485412
1.941680392253259
2.005684537184157
1.9907485567662682
2.255981231060401
2.0672983495523614
1.8593442920482586
1.7874542441030281
1.705773701933916
1.7657839912730495
1.6984664904637938
1.6569959477754799
1.6476500766533455
1.6323037839934198
1.6217301310458185
1.6179426986549206
1.5894867815759197
1.6039469320909312
1.6610840920518593
1.6539141291013464
1.5961003595803773
1.5333568921515506
1.4633916536799145
1.498552387815484
1.4157741907018735
1.4279885807299746
1.4995806688575501
1.504109285230702
1.6682135315007094
2.0174836587562766
2.3700504131347335
2.3727753095143975
2.8041470496701275
3.0958463803396237
3.0670909989214037
3.1256932632140995
3.2532671216782183
3.2390600258776177
3.429475749499691
3.7690882258093303
3.5271986532770057
3.446233454656772
3.795228858636755
3.491270126354305
3.448238616016552
3.255369104173491
3.7591332415750522
3.7952055521638424
3.750961306294179
3.597387258502028
3.6410873598338545
3.69661687360421
4.182482645170516
3.653882258690942
4.002641518681781
3.7891698101638944
3.9864372496410647
3.7437177278317573
3.8236779884511156
4.045000123359076
3.8095151448699056
3.3698978581147956
3.7421292641279016
3.761411359717584
3.8566116914304667
3.9147890876742752
3.741906834890088
3.5492048988112606
3.1248881987244874
3.2323410008835753
3.339868490725072
3.275313019011423
3.252571980770139
3.4116939037164262
3.0739908610985
2.993716958671914
2.834335981929058
3.0138668329536733
3.311624751153152
2.9578140525338235
2.6686150467228265
2.701505926247942
2.7003881465595994
2.529284190032073
2.524555302738762
2.4966335352494653
2.4319072426440935
2.5810793684151014
2.17465733775845
2.3747089602459046
2.4031625128950824
2.439245485341075
2.3264499835060026
2.2883840321033584
2.26064301930682
2.2181875914304405
2.1707105930483186
2.0960991241119933
1.9963483325768554
2.050905511604023
1.9713073048473646
1.9595183944979602
1.9316161746993057
1.9183136760519615
1.8499975348647253
1.828181875856898
1.6645262140890458
1.7383554409821236
1.6848545348724688
1.7533403996178818
1.6997096771477982
1.6730129328161714
1.6783620031222777
1.6580407717720178
1.6189821680542382
1.543828788645528
1.5733536903193563
1.509939833022396
1.5517251476603922
1.5509919571694821
1.5809999759161073
1.577235600331226
1.588260584632006
1.5716556664163464
1.5162499006663357
1.6062423874622573
1.7396959498369882
2.200106246950614
2.2699186202517603
2.6792024935464536
2.9483486577318843
2.9722273768659275
3.272001816832641
3.2651850124341286
3.217990649199125
3.1009193448943897
3.432128187400292
3.4586205347302337
3.53689446954306
3.4007211600936875
3.6325076910962784
3.377040052699059
3.2773674019319787
3.4196389068149777
3.6524382071429673
3.4585990204549493
3.37732723473436
3.6755688019701607
3.8051665831375847
3.6105026339074717
3.496016298376616
3.731243869864517
4.026984063606325
3.7652967765687575
4.245690176722733
4.183929510557398
3.5357801089855827
3.6642178420311247
3.665516227918762
3.391340363349821
3.3465057656182484
3.3512081824890902
3.60731476841638
3.398387475896006
3.555182624634207
3.943554733166901
3.842811807004771
3.564157000881459
3.4783553873180897
2.810717577900041
2.7009313078153157
2.7261488433160843
2.587080482222508
2.609247241439197
2.5054553444979404
2.516150171565281
2.550846070982377
2.471642346143377
2.4271798828526583
2.469596482809659
2.506911638978175
2.5375678616482715
2.558032707703101
2.713645073751856
2.5714610580850357
2.5872737664423107
2.388070881438601
2.346678519242819
2.4367398354232814
2.3297562452333853
2.3466495097521483
2.326544402710819
2.200507281274503
2.1570603916818025
2.275368972616235
2.019169444561581
2.0022508802096426
1.9161087465872282
1.8428212235176344
1.8698055738208745
1.9996025646799713
1.8952129742614172
1.8344067143757683
1.8053274569724076
1.8822499567839774
1.759085093031804
1.8547948163618222
1.8189664472932472
1.758428414302134
1.6853599526928833
1.6830965862488163
1.6942329649531576
1.6888294668324864
1.6272276515447295
1.5599297018512623
1.6277524509070458
1.6044357656793329
1.4905593859698159
1.5582302067517815
1.7710561294601659
1.9949636066720038
2.100533106584368
2.4535164477300566
2.146615305595287
2.343280089366852
2.626484437343289
3.412885633978748
3.3555647724348656
3.0480861207036765
3.3473636429730735
3.5997357226362983
3.7215815848969362
3.6105836214752944
3.6904571867633904
3.4383738695571524
3.5919035717239427
3.681014327123285
3.73677416619398
3.5808895807126424
3.7461586655930557
3.61639552695528
4.172820448798884
4.3381368054647025
4.077998902884602
4.054687316007475
4.181105100252631
3.9999774723986583
4.0282069335239346
4.265503158186302
4.1327609474442735
4.241548433472117
4.27725027773076
3.9153358199880337
4.3804904396124105
3.8916891731298255
3.5735898139807523
4.158442878177506
4.3326309558137694
3.2132487678282913
3.286905299717057
3.0913895799961297
3.328369512680747
3.4843412593078575
3.427968614380897
3.2749248118942424
3.05242168466112
2.840602719308448
2.637426848666914
2.887391150087348
2.7786819280309834
2.6436369284387884
2.713498049168778
2.4626447573026407
2.3555999519518376
2.3566820881812176
2.3092448012524835
2.3038575324098787
2.2055021429143924
2.261060054127924
2.481031235593211
2.279338450603611
2.1944099682562754
2.1517018144279443
2.2645969285140426
2.1875497919677658
2.189928862984504
2.060200573882123
2.0735632392391685
1.9880649273680202
2.08883274921085
1.9899495278303343
1.9321510417622556
1.8252931807643393
1.8626490078770717
1.8676705406464273
1.7951249641015656
1.7493196184704989
1.754843699958547
1.7704686935073903
1.7715289368168408
1.7417215322706598
1.704026398201183
1.6605589891151709
1.6260164029989888
1.6326437005486691
1.664369987327531
1.617300515657024
1.6189078613466856
1.6345079483354115
1.5477600339483206
1.5411948632663781
1.565352483659448
1.5290194151102816
1.5750794849483514
1.6229394671027286
1.8324898596109127
2.07272563423942
1.8041971675211501
2.205075474021939
2.3230975574797355
2.422131230335417
2.598038369707429
2.8590079543571165
3.2309342799672134
2.9464425637697267
3.0741098157926947
3.0038185058205404
3.103173669884798
2.942114615331975
3.0444134042874973
3.377585522821276
3.6491169353370263
3.1674048544026174
3.3129456278562412
3.6357827913533307
3.2226007141266777
3.578189658300131
3.369865060765011
3.795554275376646
3.213215930397921
3.75500922656639
3.8017252849104723
3.8923712268866795
3.720603041773759
3.536527734764928
3.5426208523749545
3.19837425601398
3.1080381461363547
3.3772466567423662
3.3182809732791028
3.784833061399207
3.799407521597991
3.6681163424747814
3.555225972124908
3.8586928111180425
3.2983619638915416
3.360685226069524
2.990173779266215
3.1302056128678806
2.9778781631067415
2.7075044594166364
2.9236961289488095
2.8311222140653434
2.73070945419331
2.4809430583872034
2.4710074575451215
2.3896968138801347
2.605018603470228
2.471285543516942
2.435886783401254
2.6123719954891045
2.4686907017523922
2.485557876884184
2.397469124908698
2.4788015509833876
2.5897087037503628
2.26377497577455
2.258203138937773
2.238101742571056
2.107633361721398
2.1056319774536134
1.9793320921795459
1.9947643705123146
2.0148288974957613
1.9275937147160078
1.8756398759525705
1.9582634459732706
1.8878413003818315
1.8454725754992007
1.876725082363552
1.8333000139137483
1.7573982958529681
1.7000389157033144
1.7892603030558678
1.7857986914253035
1.7578280119535286
1.6640234550229842
1.7610412511782556
1.704019383103737
1.6990786918641443
1.678528910188241
1.655919400081577
1.696924425495411
1.608401728056456
1.556082762695745
1.7496657334840902
1.6731457055226526
1.6421037376109382
1.6323417362530088
1.6111057200553696
1.628882001239833
1.6927023230146254
1.7005087067582738
1.6420755924195258
1.6930522186251302
1.705789344216273
1.7375571988691811
1.723187628644113
1.749927442259766
2.173268600716953
2.43380971030703
2.1415252628498456
1.9909179572701972
1.7603634212568757
2.255448033624553
2.3807251336365085
2.0711165617591
2.0945699735655485
2.0187659658705583
2.154942648122769
2.2092471964112845
2.496160715806799
2.081367567757752
2.051777902149037
2.237012195758118
2.2555774847499483
2.035362433450162
2.1664410082083023
2.2903686356918898
2.254667372972145
2.2798722852336075
2.3978352003849457
2.4218047879957703
2.6698943633822303
2.4906732540222007
2.365998134533341
2.486436129134682
2.387253115072823
2.671744264859732
2.3398890294694286
2.622144777010718
2.4826818107044235
2.1638659225488936
2.304414357713798
2.3958764222201743
0.6034945892801382
1.5441181196623581
52988.634253085205
3.181614985330294
4.274438109795577
2.137466988362617
1.930862293941637
2.100258899742949
2.3714613215856084
2.2936027363594156
1.9573108113087854
2.0762597267631873
2.177087412450665
2.02943092387753
2.137304957648647
1.916261402781065
2.178343296146329
1.8517665464564916
1.9751073546531546
1.7755137057193915
1.8346098777621758
1.7653155762726933
1.744416066487852
1.7460739253818776
1.9974867434109165
1.8260361798318054
1.7599648115017321
1.707448019263501
1.6462503885054076
1.680040388119235
1.6518359763831856
1.6333454235475178
1.5834333072169482
1.5667317660392879
1.5790690203814906
1.628007245472623
1.539795004463146
1.4851938856370717
1.5953067860753554
1.6078723388098675
1.5728991963249797
1.490941877628432
1.5933377332956307
1.4698963626552188
1.50289258696989
1.5046762005969234
1.467599547840022
1.506933326271363
1.5192157592982378
1.4003140409563208
1.4738414891529623
1.5309728578769806
1.4882079384168718
1.4247141976885866
1.3579133167730237
1.447478406976859
1.4108877203741854
1.4437665628880858
1.4721133709823089
1.5120600942475757
1.4865039226101087
1.5617503169053595
1.5289615352696881
1.4912794677516312
1.6337190623128743
1.715060290898299
1.9476779000024107
1.6718596956147416
1.966964588404367
1.7601300237501878
1.8957836096956018
1.8776199773301325
1.889148282443431
1.8940842777681657
1.8526396538077792
1.9053534113757693
1.969552949730033
1.8057474534434153
2.0755874269205794
1.9579290441399484
1.874300912285901
2.28721338250921
2.376167462462643
2.034081510019601
1.9730074859280244
2.3975091404435473
1.9247707961671678
1.9521717651669361
1.8826328466706923
2.007625175727924
2.201864112677421
1.982001469142452
1.9398373627749066
2.083851807073964
1.9138252487822758
2.0082018037861533
2.0301596987154813
2.002928471115157
2.0160706250632305
2.0133531762690793
1.880733545438615
2.1049444226004734
2.1097659023272035
2.214541622099206
2.0725924466566354
2.4563495364521146
2.2787503070396755
2.2264988020012604
2.0115233732736586
2.0996976677765247
1.8683690149570549
1.7839883110356185
2.047575945000322
2.0912735108122287
1.9307892229357788
2.1396516973250943
2.2108851815013804
2.2570961178114457
1.8454696164784645
1.5963455436581977
1.5900782237102742
1.7181899762385722
1.675850536603958
1.625840315961171
1.7236274811805907
1.6002589960563502
1.511933371099445
1.5757930474377615
1.5775109671016578
1.5299514205611806
1.6235210016231183
1.6151643759717214
1.5853096448514594
1.4259909187582445
1.4956427837309092
1.4310689901007143
1.4127585655809305
1.4277843763684084
1.351526129862407
1.345475335387899
1.3218189841251429
1.277742063403431
1.2984304030816418
1.292115436699017
1.5595341402718497
1.5198053778567135
1.79534970941274
1.9519342280469953
2.3204908586748823
2.4238860062924728
2.593216955281997
3.0505907047893452
2.8861003724068195
3.156050674519572
3.3210214485402245
3.4830902214618638
3.4628141957124803
3.516141044904729
3.4529329906766133
3.7540150820907785
3.3442798809173273
3.5616914648936526
3.441179397249793
3.8003171110182157
3.6662709599568597
3.766578456994782
3.8594702659132496
4.132806550769475
3.972938502027108
4.029130205420372
4.064390721990143
4.193903888989805
4.023120563939859
4.043940341496597
4.091321999486363
4.019696101188722
3.944855293431111
3.9872088498534626
3.9398066445606106
3.996125260666589
3.776793960156403
3.767105546761282
3.9988271622133564
4.016565834140542
3.6985687430460694
3.6664452928527527
3.527618929621143
3.4612235714342785
3.47582352120484
3.058668069038712
3.5586054717737747
2.9741217908350532
2.7528410503924685
2.633170739514289
2.88994068577172
2.8342522438029483
2.947367513593854
2.7796002590559694
2.7026667639894986
2.6806905277391273
2.5409864787755474
2.4306941631728427
2.3113478739644937
2.3226853358613857
2.2717018413149255
2.3934384827734845
2.3178535521499395
2.1329395946104817
2.211893577188113
2.0328257294210967
2.3700370790308853
1.8862817455076375
1.8802775027543255
1.9837862818440868
1.9238688445769836
1.8728242594790694
1.868622349840878
1.8843535511281113
1.8379241659082504
1.8310696511467328
1.5614368419907625
1.564658477665882
1.526312856024604
1.3932652851504697
1.4197310733667627
1.4339406302901416
1.3718587436147442
1.4101060125844718
1.3786346155971356
1.3729972951144636
1.3449856754589786
1.3169763543622905
1.3341871915841028
1.289151081260827
1.3348424738917553
1.279906514288246
1.2997398223683063
1.3194824239732788
1.3931037382201747
1.3284298116962796
1.3780366080124724
1.5962637422568557
1.690682634425224
1.8415082348699956
1.780962180086635
2.0087376818582006
2.122412842023414
2.3980359942747067
3.2218388454367637
3.0030848422820418
3.1969017806566042
3.097222112944042
3.4522232700067708
3.333092078180977
3.0591542690966054
3.4274942098519223
3.737319445191518
3.695725025751417
3.648629340286085
3.679809014520938
3.6337898786136713
3.926109992042314
3.673778999294947
3.6613116738713662
3.7782697835123487
3.947703089849207
3.692146232951517
4.091894816710088
3.999893166141277
4.032324418910303
4.015734292291397
4.168914584622385
4.459905425141364
4.094839560526398
4.213994141570985
3.7462471540989126
3.941873328636003
3.765501786325076
3.9478114223973733
4.260587756844168
3.982515465653883
3.890527025655399
3.5894312495910494
3.634635038480476
3.5263282435782157
3.034513546528944
3.395382491043623
3.6294418242954407
3.42491447572319
3.0569087162668516
2.99302980445619
3.0633084031717894
2.6455657375476873
2.5554698511955873
2.605810420082868
2.569187446765635
2.4535178506635273
2.4779618981977993
2.4641941528558715
2.3246994346724863
2.433872907932883
2.3376552620295854
2.4052927717178814
2.6358203718193263
2.374716853515559
2.267189821101125
2.2555332419396916
2.2141449405663445
2.210487020438828
2.1444990502401575
2.6459474017713713
2.3583978014093754
2.101519908803542
2.0000895832514596
1.957422788397418
1.926261221742923
1.8658372265963032
1.8570311199522052
1.8425002542199986
1.8236589471119167
1.8111474774811218
1.7772601803623016
1.711828333676212
1.658299230250179
1.7006673949536677
1.7671030678989332
1.7191600423130329
1.6532936352635168
1.5720927199015229
1.5718436295750824
1.5549722229527836
1.6012371471934341
1.5349537353764298
1.4758731899311872
1.4906172265877657
1.562257863758717
1.509146728762007
1.5003311108181325
1.6888917765551934
2.1968652989220683
2.5371474977648507
2.230956181813831
2.452221798239663
2.9936239208038793
3.0442523642222628
3.1902538261861135
3.2512933121824084
3.248393095588508
3.460803576721428
3.506526853604145
3.4040364420618934
3.49300548878806
3.295919809672055
3.523514588376477
3.434773575075454
3.2841649867688867
3.5846917422295874
3.8902665992949514
3.7318275592747545
3.630037655350842
3.717037298503051
3.7988894485815647
3.7498701385132414
3.718235658007499
3.8770217320564178
4.019295864008924
3.841069657718875
4.058337698546367
4.266211752369139
3.983423596073582
3.726183970992638
3.6244827795956187
3.7842414525247086
3.854903583698554
3.7012821400417817
3.7501341123525
4.0723916726084
0.3724032012055721
1.9137630199908728
1.1598080064061345
5.438333990349321
3.352619054711504
0.32819442123082415
6.00874983757257
2.920566619358138
1.1672792892677772
4.902903592947398
2.6964927296366255
2.7958475525281496
5.990144721099352
3.1768312984645406
2.85759946828575
2.910688192505548
2.7233190011574524
2.992126989926861
2.617804741512535
2.679903683759636
2.735530184763817
2.6914295493378257
2.519270295449509
2.67187047115193
2.4623132569371955
2.4163848019203553
2.3719248521066745
2.3248981774455806
2.2817905622760186
2.1394413457437493
2.138206502707391
2.1879214413971777
2.181360447183945
2.0268496343130114
2.092770986228109
1.9726368591795984
1.9368946887383103
1.9148728085366857
1.8366714645637863
1.8189416015280397
1.816590970397153
1.8234370190313502
1.7750464876842365
1.7384985542188187
1.8119108540005455
1.816429713789086
1.8100347797800274
1.7839346642275467
1.7944101291294372
1.7426315145957985
1.6901904066389173
1.7162531708598963
1.769119692071742
1.8175221469202585
1.7569805472663715
1.8202514650562496
1.8668653387626142
2.1254358732848164
2.542897355516525
2.847450817610087
2.744455734350346
3.0420277134321805
3.029362094438607
2.944014915662477
2.9111672368152943
2.899934752343182
2.928839927364196
2.9709890007034794
3.252152814548809
3.8721444086904757
4.055342603113266
4.2508184958031485
3.856827915414447
3.846959883620258
3.599361821990488
3.942290274346206
3.8127090231178515
4.093377375518854
3.985946778223126
4.391863630822255
4.246082032753133
4.1407904966001405
4.032969808107762
4.1944099241176085
3.9216070155643474
4.049598657754885
4.000222778716967
3.7221068276559035
3.9079116977121173
3.5869698314459733
4.118280223551076
4.190230287180377
4.4712630990956885
4.086590173176198
4.271032745774585
3.5057995061516967
3.4289189350518345
3.4818174862692843
3.355118246726844
3.3812783007730185
3.017873377480576
2.897106259048177
3.1221191066596994
3.3173163492239235
2.9263291073543827
2.89477246246408
3.1667693368791388
3.161535320529666
2.776046243727425
2.6871489416217993
2.5988460370118007
2.759039037836212
2.582391066412438
2.6741101134736955
2.6850418257153934
2.7274106387469708
2.562024563887456
2.588358083706696
2.596376509456527
2.4642400849680963
2.4054978671369764
2.3063195046783718
2.2870525147815726
2.347284444303361
2.335975399243461
2.299804859218493
2.120089579968557
2.0907201226075407
2.064472991940054
1.9753126550870617
2.0347534073854194
1.930130546240823
1.9450255924841064
1.8292731754270546
1.8277121591386976
1.757605080529267
1.7653772769891065
1.7622278437773555
1.7273937941251754
1.6664479508074013
1.7106761384110933
1.709551366113265
1.678139853578427
1.6660834412055687
1.7059779783578426
1.646295222338485
1.7188296626837938
1.6232990778382073
1.69864513340168
1.647976930560176
1.6481837414460163
1.874395975014944
2.3563719390186915
2.3922416982809027
2.2477726454829714
2.5289076024210484
3.05136078212063
3.173995857331269
3.1204163460972394
3.2944267427414897
3.4039048454581997
3.9315890461864504
3.6332118692751387
3.829832379273895
3.5625440168451465
3.337578697471411
3.454807090372763
3.3555494079874046
3.5072840232806275
3.8153678249113434
3.7390277731708226
3.4868068367610205
3.7054142863852633
3.521151415593406
3.3368840447549357
3.599669154329663
3.4160418160040393
3.3790053895406245
3.7481277317261177
3.420913244089746
3.735915115365316
3.7701881646331303
3.6890956438820472
3.5896795683476213
3.750570020802262
3.6949832642490055
3.7696566109604643
3.66072280193556
3.4604197136955284
3.2446760288542986
3.6097930841320482
3.4890083585275304
2.992035674305028
2.9334851291438713
2.6872255628613395
2.7543261370645786
2.5946625145123527
2.4627289810837834
2.5676237130149717
2.5814930763815
2.607810797387924
2.648966391380122
2.5603490682750807
2.6079619497544817
2.664786286453955
2.6835884563238346
2.6661044056734218
2.6555991770513026
2.679678704817754
2.7219344714938427
2.6188058035788777
2.4910299722390357
2.6390843391646777
2.591179257567842
2.551146218610534
2.536477972101951
2.6006589582509134
2.534954107147298
2.4712699657314134
2.209657760418317
2.246099880895989
2.1235621014167316
2.0887037914146793
2.1498581054604626
2.1381299327479892
2.1692901724038722
2.0939470010009784
2.04041030081847
2.041130676018483
1.8665084627540502
1.9044455865089924
1.881897546433943
1.7807198329385348
1.7832674596357925
1.80913887256402
1.7001817835819413
1.7895914134921074
1.76977397638381
1.7792701589564843
1.782464045390414
1.7942454134463726
1.7377586106611715
1.7488557202238726
1.6924719843094054
1.6856568210708303
1.7214236662338005
1.809185241494742
1.783788905457846
1.7731295926992632
1.7790985874754641
1.7311543867600048
1.9368968377897933
1.811477786392896
2.4027203299214435
2.1753157465641895
2.1290199211332186
2.3815752996577264
2.2099972864630497
2.1210683369609313
2.2457710081019835
2.302371956327297
2.3246114024639066
2.238544344107155
2.3716481854934255
2.3270892927228295
2.403491847393094
2.3601678570238613
2.6515259543022878
2.6114909877850137
2.383534054123017
2.714965004225233
3.799591048139536
4.193289677329311
3.5047210795891037
3.1098912595022874
3.0643669806231393
2.701374811652795
2.625076937892747
2.7759621404092747
2.878076926812932
2.80002327805168
2.6735551433551974
2.9310745988663407
2.656989837574127
2.384789367268568
2.597875082678145
2.4755720953791576
2.6107267884874155
2.7636631783005154
2.427797652210527
2.309440488308151
2.4802150633816376
2.242554912060395
2.2757358404229127
2.267574274794182
2.3972417979287832
2.216651337815963
2.412103057174186
2.3544660075880577
2.4512648906530363
2.228094473904365
2.0583447129658183
2.0778112801754998
2.0117668632365375
2.2113986803559222
2.2372970913113464
2.0960602326143585
1.9802660299420436
2.039556724169717
1.911928561556941
1.9688815411729388
1.9382387220329949
1.8834843790531226
1.8268752243866213
1.935903367368631
1.845525817890068
1.9149702726091882
2.0674560662764416
1.7464648590857716
1.7750799535889954
1.7728275641974736
1.6869267608585365
1.690609637593843
1.7358996283637083
1.6894468934993456
1.6405135171372225
1.6228528878309405
1.641575738015561
1.558042725052614
1.5755427392825316
1.5969916674282187
1.689565214507194
1.7841010620140436
1.660054816911894
1.5785293015519204
1.6352828617839819
1.6137002854485705
1.5867780679544847
1.6806058308372211
1.4950598584317638
1.4566129200457438
1.4427550831191376
1.3763410210039795
1.453398495588977
1.4727849370836523
1.5105827348645062
1.5593815077731104
1.615540253905233
1.54266398137756
1.5203438699701326
1.5853202425623616
1.5527980986638563
1.6589823958412457
1.5193196771846393
1.6079514281676222
1.6227266750473859
1.6567256127154952
1.7915584420633337
1.7314187465423183
1.8994571173861383
1.774507321995795
1.8074124302867278
1.7245852620027953
1.8853847398805745
1.8019024884376245
1.7641703537116828
1.8485889103744013
1.783456732162777
1.7509675897999921
1.820926395687937
1.8474206643057116
1.943833312478586
2.042906042587163
2.1808207035745664
1.982284467348674
1.9735486683472685
1.8731894414883778
2.0853816650400825
2.070746695427539
2.123574057364198
1.989178169231491
1.950735100077289
2.2586157963098246
2.2831915398505185
2.5059545354506847
2.429245537229744
2.201864521040843
2.1698623288412704
2.4755888183660337
2.4243657881932643
2.308068169509688
2.1222920787079826
2.144931804339093
2.0197664559479755
1.989052406470594
2.161623881104445
1.9178273016554883
2.0278673522435406
1.9948065974642273
1.9399623187791912
1.9137931446113738
1.9538490269497792
1.8055781928360923
1.7614901341206022
1.7681497928121792
1.9407737397637037
2.1596637132341305
1.9503648177719382
2.0715709949914074
2.088368301272774
2.092538616506859
1.982140993037144
2.0798138215135786
1.7928450750543419
1.9447975735905099
1.7533729679722703
1.9457528053104656
1.9850208933359224
1.6912278354516979
1.6499369001983046
1.5555453342880297
1.530891725806989
1.541021035157185
1.507968167250377
1.5359412805483312
1.5160146672624801
1.5318695828069064
1.5342205924853332
1.5406737699622328
1.4699401005516004
1.4640526675795558
1.5090935350905705
1.479055504857147
1.4637503911085017
1.4413678671121004
1.3934578145968382
1.3732654705175054
1.462862866422272
1.6633662851792381
1.8149269560815944
2.2253008221555923
2.516413447244016
2.295520479188081
2.814722912222957
3.1292635137559888
3.0038622869115117
3.178898116588319
3.42432636660941
3.2681457205446613
3.662223730406214
3.7488214880856017
3.9239591244802647
4.052144977318036
3.8065498736015697
3.813133128366717
3.6760726239713
3.510607500431236
3.489834375541513
3.4649146181842894
3.6833929416302964
3.545549149852557
3.547430524684134
3.5395964119713517
3.8362031895752797
3.8727254673690474
3.6713222658109816
3.834888477648636
3.782397547486805
4.019924895313263
3.9918908121758774
3.9263018754777765
3.8013106694734966
3.826340961182416
3.927304794133987
3.9432297265712695
3.7291512532478768
3.2667821451156622
3.3129678600028
3.2181946616774635
3.3192544237591464
3.076131537632766
3.0901137507327965
3.1786391222077754
3.100141496803938
2.8858782606194824
2.9321318603856277
2.987152606977991
3.1465876932486947
2.9027866187472924
2.720120766911257
2.8347515306937456
2.4689973654597117
2.5774643637678887
2.3902412772319486
2.574717284973836
2.5813670437953657
2.2630962171521887
2.384093299096136
2.3135856390980507
2.3859906403284286
2.166796374157327
2.248920089214628
2.3573004155764825
2.2622659368117346
2.1329709735361693
2.1156619641680754
2.021161505585064
2.0249144729666986
2.007602129633312
2.1105450616717194
2.1099197160362664
1.999580079875481
2.0048410090971505
1.9150204102899178
1.8688257515060838
1.801785883223913
1.7730951808321311
1.738641103420731
1.7422139246440038
1.7897587267172899
1.7126211679119103
1.6461877256913777
1.6695116806250143
1.6275636056525216
1.6366829778708283
1.6414227678055522
1.6581805650336687
1.6449212203764678
1.579065054713002
1.5610265925290805
1.5289795487952023
1.568139978369879
1.5400475958121196
1.5419474500976535
1.681390304460699
1.9467390165408605
2.1735952025420686
2.467861015624401
2.520452114388538
2.587203526257227
2.7591228168790507
2.9613124277190845
3.0418670394068648
3.246397558647899
3.0544436595796616
3.315494211415087
3.15153926579067
3.468444527889684
3.6377302036764507
3.525188767162326
3.4173542146128213
3.1411890903497475
3.454808006404785
3.480629016236926
3.5053837217897934
3.698512346642281
3.7291722866896158
3.7769101685581066
3.6675437894164906
4.105646326906149
4.043692615370286
3.725437987414208
3.688471454087503
4.104973802997764
3.6771760577054557
4.032355530522529
4.271592894258891
3.841066670118459
3.5873142325771257
3.7191177277419087
3.763295437238997
3.8435421209736305
3.507819042217247
3.7865726465881635
3.4596663378769152
3.412462150208542
3.2918339343183303
3.1343110978116284
2.904806431766862
2.7003476556618478
2.5376439752218682
2.7188065948322486
2.9844494155325436
2.7283332121979478
2.9467175208836927
2.866861478719945
3.0708573357449516
2.9053729865746463
2.624048317671661
2.6321625134880136
2.5601468212579963
2.536665837657392
2.485317140973091
2.610945770503736
2.536665308518254
2.4048033615656554
2.40621427389863
2.229462355262213
2.368712212390513
2.2576283375443493
2.165109248709975
2.1653473813399935
2.050791996156298
2.099647177473267
2.0777121843441955
2.0420240513858694
1.9423154814219143
1.932114448364843
1.9286287427883266
1.8302762252030047
1.8366969938140583
1.9238345976680322
1.8258691004546224
1.7105213180911916
1.7902443106087882
1.7066104000968958
1.750476516303013
1.652697375470426
1.6510138299637065
1.6416395177778786
1.6215740125550058
1.6064475320816276
1.6121642486137326
1.6501328558380879
1.591725951051636
1.5851553383790706
1.5549954425125667
1.5879342363753028
1.5676862970385061
1.538598774511201
1.7364337317103733
1.9018606643076634
2.375236155393695
2.5839216372828484
2.491555150956664
2.5548278522754613
2.8970240312676374
2.87941119864217
3.3849758656094835
3.3873255494819694
2.911889930686212
3.251690197785825
3.1662479510100177
3.2395226049408223
3.5094657648406757
3.5826929978005664
3.3845708468522697
3.5199349537859814
3.7059630498795113
3.6465994742507295
3.356630885813899
3.364904910549236
3.76837558654507
3.942177135827253
3.7304756099251684
3.554632748182334
3.892600565674746
3.912361318382039
4.319808568776587
4.03812406803658
4.227507597442809
4.206108670667575
4.17575781071458
4.0489577321702095
4.100160123565119
3.606639564052227
3.7531407036907574
3.850701787929832
3.620299764391441
3.6415702397763456
3.4056606288428375
3.2101797819750955
2.900994554699964
3.0555919376749854
3.085478974654695
3.4724399436530042
3.1452269950301712
3.0203397458399004
3.3912082699833244
3.200070202250402
3.1472380517259286
3.4142232339386265
2.9562067376729533
2.7329607671503235
2.5863750703469783
2.8430098368376706
2.528535251644724
2.5417181354345115
2.4862085604127095
2.518135590355087
2.6598513576707976
2.695893929243448
2.64989011862239
2.626786480784522
2.572162070874893
2.60180229182872
2.5381376913021354
2.6267633775932535
2.559657707142945
2.4561867606684635
2.443553866848633
2.3571200521555253
2.2519551397060984
2.3607398474965517
2.275956434753113
2.1603593471802434
2.1779625098587916
2.0524256395838565
1.9574195882582435
1.968797935494539
1.9674252022689287
1.956966174114886
1.881338455535707
1.8352857892916385
1.8323633418459642
1.7719171896321682
1.7434329526577048
1.7292929954949365
1.6842886067446932
1.7161555566902178
1.7421747003571544
1.77654140960961
1.707518036003942
1.7526125219016173
1.715928552712134
1.7273979423488763
1.8804217991652834
2.0671405792505873
2.5113565578736314
2.5525123274343113
2.965257953847803
2.817372742495843
2.8509668617635664
3.0588627044157652
3.2048521704316295
3.2424063611070055
3.017765765273972
3.148361818013053
3.557402819543628
3.286232045340977
3.6722461401146846
3.6693045387099263
3.6488584064314025
3.768158355459897
4.329579670706626
4.476403575110949
3.873269839086928
4.0263552472948785
3.820725743093134
3.4545390033709737
3.4263747159516855
3.8751285156075754
3.920259818290999
4.122513838068395
3.8547490424180744
3.7839872332517404
3.871556113449806
3.93377625173099
3.9192622340772654
3.7377141835152625
4.007445777464027
3.6548641869102996
3.5759730914722354
3.5099236622602183
3.5725428264448986
3.7606970101588333
3.6626831525251156
3.386263298169534
2.815016214364867
1.3242457726149603
5.53512034408485
2.31687941485315
4.052793639463633
2.768183297763635
2.922264778844445
2.930326077001385
2.7855140445840743
2.6855162786404363
2.730675510580005
2.870144945983845
2.7664856638474973
2.943108781381542
2.7529156118840348
2.6604697219347715
2.7639722564953333
2.665649500225243
2.753028559290045
2.7228791954733906
2.6496823190933143
2.632388186345155
2.5653932550314464
2.508407548600152
2.738251479162085
2.422619564502713
2.440066135844644
2.3306180497012794
2.2651705057087197
2.2573151049605302
2.1875849545873924
2.1046232802815887
2.105276919189024
2.067791501004139
2.0318221348140564
1.9838397882712044
2.014093582515969
1.8907238468550103
1.9864308154459625
1.948250666775368
2.0032861617887194
2.0171616675056065
1.9634613220394646
1.9061250071464508
1.9075989187611002
1.9158634437963848
1.9057194462982479
1.9676386874646994
1.9057433509638926
1.9136120810606023
1.802942206968843
1.7666599570136237
1.7938659463200655
1.6308244016760756
1.8464186743432218
2.1077892229335022
2.1923897298491197
2.229824689238609
2.3770789126867586
2.542295534718738
2.856527792408447
2.817322394203087
3.075874202977667
3.0244836975861227
3.2636719348267627
3.2488717976752075
3.551197989022997
3.2279654027135303
3.1717123205708693
3.244497539889273
3.417458841140671
3.2513102750242275
3.4421338175751512
3.392028437941843
3.268716964753167
3.6391900215045916
4.1205441628066515
3.6987132034950743
3.645474742482529
3.8235443806830225
4.157752670363282
3.8363365979716857
4.114859848165992
4.155704868539154
3.7024670470240024
3.708719317692558
3.915828681275656
3.676816590830114
3.4055157646159953
3.0423659004295147
3.3280401998916473
3.384714994771572
3.495097244929977
3.505932769469964
3.3267929992832066
2.7315919556782053
2.671508139131712
2.7960735696011993
2.7474828069547326
2.828211025556545
2.6956567931663287
2.5278500620740574
2.6747459031731275
3.168409083784801
2.8405620209460247
2.5497316972435486
2.6621150724457827
2.685135197546285
2.5771234421785914
2.670562839132947
2.782026679607441
2.838502503002697
2.7750811938054607
2.6327641226931178
2.719260229864113
2.689209084730212
2.6198986214751803
2.438441810687961
2.5864464671694956
2.580165889636312
2.6096463699757324
2.424710015185003
2.3542764390994653
2.2199565764668683
2.3222818497065933
2.117844907807968
2.109860179453592
2.1209808812779767
2.2369691879673654
2.021406893496142
1.9377433600628822
1.9198386795955231
1.9444901615289563
1.9643796067638877
1.8829165568714368
1.847232758231189
1.8337108429520492
1.7484688736018474
1.7408012163436168
1.7525009342164948
1.7606507944188237
1.7471172662971874
1.7097081800744296
1.745588359475499
1.6711720558854872
1.6992279058864082
1.6145164416887263
1.6704835076629152
1.6002921185512
1.6715795747286974
1.7068910475299557
1.7467500925514903
1.7258759643782366
1.7698974551015783
1.8260201997833092
1.8390133494632104
1.9256941397712717
1.907560292473198
1.9189401407665434
2.087516431877023
2.1163639731024597
2.060591208008964
2.0950907975668085
2.174527455324823
2.243558019779669
2.4644611505900187
2.2554645699315103
2.189814134583533
2.2312319592796213
2.2358912851546564
2.1843183659548244
2.2619494164554697
2.355598124898762
2.3562116249594447
2.3776129484674726
2.7187037230449684
2.516195041086119
2.5340341265272155
2.376651005147276
2.425357620630006
2.396560879514939
2.3962758918270297
2.3184134658275033
2.377015593983684
2.342639243702984
2.330007133620591
2.4413450054882215
2.4381634271181607
2.406779448076921
2.4743845712210573
2.2325815939627107
2.2808823638561244
2.3960260549374053
2.3816512495529465
2.2767458283616264
2.351938219829106
2.426674695606577
2.3834059741341513
2.5266943709622964
2.4378050445962867
2.205090099771681
2.249927431716108
2.2140093170481663
2.2518089439358477
2.263288885373168
2.2312904775847042
2.127928946435704
2.108652192293035
2.094869639420256
2.204233372506381
2.279241503862396
2.2385302061729044
2.1743646832223233
2.231176017072107
2.1516358023523106
2.175104687641908
2.1778705171739787
2.240381153330248
2.208360908628351
2.132600913431001
2.150529673547535
2.1567041239899245
2.089907386305697
2.1141438168638107
2.1126794815470853
2.0511827948158516
1.9777820142723201
1.9416914821036562
1.939541128546729
1.9091736207891556
1.8675153843010652
1.8738044925305297
1.8121849617776702
1.8506876025440935
1.8409286496772534
1.7560092273381942
1.7803155847606664
1.7187052127306057
1.7266245051690632
1.741593149648942
1.7217393809733315
1.7598287655529519
1.766835363804461
1.7072404742901781
1.6902911711982425
1.6872632215187984
1.6338813145709776
1.657447214616143
1.6477606298345506
1.6510737478039774
1.6700311109907313
1.6742372997881012
1.7242536717527932
1.6334721015747367
1.83506226308875
1.868136364599213
1.7882856967644296
1.8813490612817074
1.9901877264386698
1.982540474112001
1.9436481883343022
1.8430710856636314
1.9607320805703028
1.9613281561069411
1.8749854944914475
1.9631007973931787
2.017133839480391
2.0245098886606723
2.027617848460161
2.1132087966282977
2.192617069866401
2.1222596847367456
2.1688536500173736
2.287562171374751
2.3447757373078577
2.307184720313699
2.2492730244158254
2.257921651023168
2.165666887050784
2.2028461527703227
2.2323497589861674
2.1809248108134867
2.2126479995072454
2.2642392805341975
2.101218092318675
2.3560659980020904
2.373737642951424
2.2650436863902264
2.3451647749986746
2.317958115395404
2.4276345359728215
2.3252183593676126
2.259916126425805
2.3614764600382254
2.2255490060892185
2.1283256927918175
2.2302147921176445
2.16771163120657
2.2177130405002816
2.263027642470236
2.319888978576956
2.6921894796444503
2.4199666233851578
2.3795191619261487
2.316910000349768
2.385435868700509
2.2641111351078367
2.3159215865519807
2.2902910827590257
2.3623681338469162
2.2037673615927353
2.3062610627247673
2.32428402489431
2.3097321440329543
2.246294085983863
2.087963015428349
2.0364477049659673
2.126512340258923
2.140191517570502
2.054903001023768
2.158890578960331
2.122939337120305
2.0490910862544798
2.1528089278544744
2.044422380335233
1.9611012292483372
1.9544781826949773
1.9006896214520368
1.797911637928207
1.8381786357565484
1.8413247556653909
1.771111297692668
1.7301647055804477
1.677903793864274
1.6888949492120062
1.6794586023802625
1.6701750678781324
1.6588858182296384
1.692609457966324
1.660068456073234
1.660363058576767
1.6662294790697496
1.60760129177472
1.631635928691934
1.5961389780993982
1.6581941961106277
1.6166177497039842
1.6477760534383814
1.7035278945514196
2.1712840218787473
2.0903837922084922
2.12714203851727
2.5066799213938897
2.744651246361685
2.6156007003438613
2.677219053190971
2.5575302633655506
2.5742967446153573
2.7342475264568624
3.0146334408622932
3.496183725359477
2.2807933800396754
2.413699901484681
2.4137059152537077
2.3302825601955472
2.419285806653409
2.5044020548057015
2.259908731279537
2.4126614454000577
2.532891577028974
2.3925633998124387
2.351822333756592
2.217426087252278
2.330953813156361
2.3008057565654365
2.1775301404406235
2.210139689657893
2.156467568228815
2.180598182764693
2.1877744648840474
2.069955985799734
2.1333329816373934
1.9039667481281763
2.23642737659405
2.353965442360824
1.9299134349014075
2.068288868984434
2.184913860027471
2.1279213003642683
2.2497421079732707
2.0910632138759615
2.134505521509354
2.371558248175549
2.347536966490598
2.2393794766219224
2.1368060171722023
2.206177789986407
2.2081725490629225
2.2943064588047326
2.2465735463287566
2.3603450346407744
2.275495466413161
2.209671879856485
2.2639032905749454
2.317251176964469
2.3620469653646277
2.3626815096647196
2.2276226326257937
2.26442342332355
2.2457728460242348
2.072725639764259
2.129456599318589
2.0124098554585075
1.953773178828771
1.90302911486802
1.894543795630371
1.9182426292887076
1.8119484192166857
1.901965326595051
1.8836096408608118
1.8561631218862689
1.8221503085399073
1.765894571610665
1.7326228197337907
1.693220324910872
1.6891260565948119
1.6675000501604753
1.7344686590822564
1.7093902952291455
1.5980529347560644
1.6335292989748191
1.6354931755113356
1.5642359730276858
1.558227253608618
1.6604609278134128
1.68142811551294
1.6807880985199717
1.6537878914101531
1.6393741457326985
1.729093605696557
1.7414971187473645
1.6589459509668811
1.6873247737653825
1.873763682579772
1.94000279707783
2.0598839229568173
1.969153003917185
1.9356420328904056
1.9657277455280828
2.020007447160325
2.102035061691228
2.1771201369961974
2.203171341762469
2.300546751918121
2.3010626899758706
2.3580914157170714
2.3715709319033453
2.4812329664270396
2.3269109832166874
2.1799379772899066
2.262425375029477
2.3598107870729064
2.281965416869
2.1399134237890225
2.215665056516884
2.2266268981283477
2.2274821512940903
2.3920282816813923
2.1431008756002985
2.1680656008721786
2.201861354977507
2.133391031462718
1.9313659096283369
2.0068325571461396
1.9755319800797593
1.9645069541491662
2.1327669821652844
2.0658805421929864
2.1427986475502476
2.0847495282927113
2.01531261492078
2.0992920219578255
2.27665176371407
2.154575382453974
2.300509144667901
2.2789413102708598
2.457622447931013
2.4512948309287417
2.397024849524787
2.5472023181035808
2.419093217683743
2.506626520306459
2.2032240308933817
2.497817395915069
2.4329636410410136
2.6023620268263694
2.5295347619416906
2.6548265978290146
2.4829317122609065
2.6501237318698614
2.4674064702588687
2.5046766600102077
2.36338850243036
2.488461721156867
2.5411941743668858
2.5521894461527723
2.519588963004341
2.346879593930271
2.334861295086637
2.501972496389861
2.4208551073173146
2.216052550183
2.322005376931355
2.294030133571734
2.147598258761911
2.171209936293321
2.2322377218440232
2.1887727186006614
2.1074597692313892
2.0645192993631447
2.015695085512234
2.0204403573143113
2.0790348906260387
2.0285544789803507
1.9774291433610962
1.942132014219521
1.8856890707336964
1.814552567336932
1.8798411933244115
1.8262143534899655
1.7985491404375353
1.8879028786719747
1.8146112998931039
1.7942010156273658
1.8221100121105713
1.922587473190865
2.0816215151632367
2.41562541740198
2.5966437937250593
3.027440737346778
3.432752552450401
3.6179770034480714
3.6126628723804144
3.5418222719605814
3.827761120435915
3.2829162137804024
3.7685464598957874
2.75828255319919
3.1687657186145897
2.7425283541298238
3.4444382001196714
3.796843652349017
3.958363084651466
3.906550344089533
3.496565031724242
3.4652777877397773
3.6684465720814377
3.1018349025299865
3.2507309485734965
2.98631742072713
3.6329851909883617
3.7552434231162306
3.3339025466676913
3.2480760858861752
3.542721233023849
4.202670705667175
3.938057758252293
4.270727210487067
3.976779601862212
3.499630367518556
2.9424794136543477
3.083401622825343
2.958167086409792
3.3501049951736004
3.192249248428444
2.84645646888822
3.4690949792726693
2.8475346796581196
2.8294504768684687
2.621679923981252
2.7794239685286493
2.7475964618883766
2.6253733700666326
2.7266977222977973
2.6487743221201026
2.816506140801874
2.992178986629994
2.7862291352187416
3.094963346808159
2.8650855281230085
2.842106063258232
2.8718887867605503
2.6253855086465747
2.809493889086018
2.8888838511391364
2.806543986340128
2.8831902864978356
2.7271115122622596
2.8027233318237137
2.7511466176161257
2.806448979676882
2.653065100716795
2.6816167213159936
2.5212117325779766
2.6236027618792157
2.392943508734904
2.4756604006683314
2.3989720562337973
2.3950610412385234
2.267874244858166
2.2050180258490553
2.215848506226386
2.109691267770001
2.040594008342417
1.9654561248636986
1.9822003087555844
1.9834106594711909
1.9503115584861985
1.8783885599532448
1.9277325586413459
1.8822380491781665
1.80106307959982
1.7540909220641625
1.7908325413445234
1.8153233123074024
1.8465884860778847
1.5413196049300115
1.5779493310807775
1.6379050906536405
1.7722373158795535
1.7074285977018104
2.223609132192703
2.541479333299213
2.659866451963085
2.8030756567017963
2.6377819450024536
3.450660253334084
3.1391541109510492
3.1493918945369486
3.9263748039373954
3.7874336395686274
4.009694138590675
3.8530489316586745
3.8468185657412324
3.5219322060122678
3.6441265887672487
3.5311876626258982
3.2329841312364196
3.492761952248479
3.8459081490440945
4.033515307963663
3.827016255783998
4.716391881874236
5.036814882643789
4.52430551767127
4.874685902940067
4.844497224639024
4.789812574368268
4.3613789792032565
4.121616061717021
4.171291379925084
3.853137528827177
2.9832157093400284
3.4552590506000387
3.4740760209736448
3.7978257337717687
3.508460586641598
3.9867161964933246
3.829818112905849
3.035383144850739
4.42695484195679
3.4321833065340943
3.113106263722926
2.7712400316396697
2.59535160996819
2.6912793010184175
2.8517199804024003
2.7726913470373944
2.7952254683502153
2.5901316082887336
2.4397470366666285
2.231642181521702
2.2904358717836457
2.3801362151809418
2.3642858149222175
2.401824025499704
2.588717353567697
2.5928170088867333
2.679769918951094
2.7487500042529733
2.7855800584174952
2.740058695138235
2.636553813466849
2.564481993098223
2.5428104172772334
2.4306317054935187
2.3523098214373075
2.387999047785612
2.470091636234433
2.4037452992878743
2.3408831472023333
2.300100689913177
2.298254430007629
2.272231442919039
2.1908631309783675
2.140676267527346
1.9608903143868779
1.965441035561647
1.9973943934234983
1.8784334450594993
1.8831463122407475
1.8382553150023015
1.881115307268203
1.8235599060529666
1.7883826072562332
1.775711178941819
1.8365684596741896
1.8087333197694366
1.8061180818291098
1.7531976006680754
1.8130988909413073
1.7549933818434873
1.7345898692812558
1.7554065531697347
1.7197026117698426
1.757500875662717
1.9101472851626697
1.9981944041934285
2.5028057579282725
2.946871297977913
2.6886064402328693
2.669031054900398
2.681745935020446
3.1258304078375874
3.0694988082929164
3.528922064596174
3.385088106414546
3.182265466183651
3.3244747248893414
3.2935861234309574
3.0237125524283957
3.254113296142897
3.515439827908568
3.5790080352213534
3.9476030407339304
3.8746365816215684
3.7500353853765485
3.775309832180142
4.066652734363796
0.3396967074007022
3.3187514185068547
3.2369743173223093
3.876671954965356
4.009729614074096
3.908748429521903
4.175777281539344
3.9411591033985083
3.728185777494542
3.4166162131822357
3.839855337236905
3.9443790171220345
3.9069490426958686
3.9029582842723207
3.8420222615661874
3.6397196513560583
3.292695391314865
2.858886407899918
3.421984131026557
3.0738316581581753
2.9016298201307404
2.94531056295894
2.8354600476287084
3.2282057348158872
2.9829499963043373
3.0934655380287053
3.049961708318428
2.7545542386485766
2.788553857940534
2.9183260147652277
2.7295478646345415
2.6697589763400518
2.5893621581797506
2.608858666053851
2.3522304699150105
2.34720358892136
2.29149452233635
2.3241354166204053
2.2526693141835206
2.4499847482547823
2.424136865736915
2.422750677914343
2.479652216300196
2.499089569550511
2.4857780331151598
2.025160937697278
2.267435350389771
2.2358263155040237
2.1065400982324824
2.1735119075783302
2.3031796610512667
2.303331726204381
1.9518501939409463
1.9578689773171962
1.759754052250372
1.736597556567111
1.7772839697799174
1.764763666714483
1.790795839995361
1.72102854693467
1.711278544773839
1.7363096216491243
1.7166306853110744
1.6911404567100494
1.6912945384757645
1.643171386707029
1.6547194525627578
1.7701415918617747
1.6786885522189918
1.6403990139398454
1.5591701851854964
1.6015487767767729
1.6227197469892078
1.6076967021736663
1.7428822180940535
1.686120346484335
1.7428544534429546
1.9186957987205713
1.8360117721560536
1.8249090509298882
1.925822733731802
2.0190612264403063
2.0993030551712755
2.2399924127826614
2.160917921952209
2.1269911892861852
2.705413452680318
2.483621766843512
2.6673434782320613
2.8259526931558887
3.3739902664632564
2.853187945269985
2.7976694918373797
2.6035139405753323
2.434902234269866
2.538282235523272
2.6219368571965376
2.568209580856178
2.4581965424793424
2.613855473130124
2.4496751864557424
2.489154139522225
2.5671076229841345
2.3870183244616254
2.386768648266618
2.1872016717227334
2.2510660154263262
2.08883783255895
2.0925468617323455
1.9588031174902838
2.041353879886419
2.2558998584076706
2.3790497348744943
2.3031352775114575
2.2851240739879066
2.25529564801016
2.0522533436165373
2.0514559120991565
2.188714086052294
2.005180091431539
2.137623367301964
1.9108154712263028
2.248017088774121
2.0820754202025675
2.0868334900281167
2.080436028525907
2.149896297471561
2.1090806372192703
1.9734130307199786
2.257361153276487
2.0917518903500674
2.063450641359243
2.264864011883247
2.2751876781468487
2.104635610797609
2.0473016335546417
2.0302462074530307
2.0009553072437014
2.0863575481885173
2.0765551192475313
2.103810811688588
2.129333579732741
2.1218387936709715
2.040210508049407
2.0944140243679468
2.04930955928205
1.9942022342491394
1.94211356275179
1.9650633970111553
1.8724343435568147
1.8878859965243497
1.840456779274788
1.8146849381140058
1.700963643474772
1.7500628166941568
1.6629873124787509
1.6142155338531232
1.5805118184186289
1.6113675112727115
1.6478438902438064
1.5913524576013955
1.5760310925079213
1.5786844496601065
1.5350783345169134
1.5200199709307631
1.5734424703052572
1.5909258381435367
1.5542646110248766
1.5525014853193388
1.4904570160665944
1.518294546256624
1.575322506506359
1.6009107810499148
1.541847865926178
1.5616054258463736
1.5722046544729837
1.5906409638803198
1.568165158725062
1.6352151830065944
1.6135416912892417
1.6141296093454776
1.7116847303743798
1.688119758973537
1.9906391962206391
2.185760589702813
1.995854241296027
1.9319917994084392
2.1683164547407996
2.4650979330525757
2.5506262553804087
2.233512938989925
2.0616107238457135
1.9584349317803065
1.9035128448230227
1.9824102934484655
1.8957401019544948
2.0404260809812813
1.9979225030617043
2.0166957138038755
2.1053006045106892
2.1536103673633606
2.0960094416675172
1.987728850565951
2.1213001384005707
1.9672379764914159
1.903151421834213
1.8857843133264225
1.7828827589890097
1.9451203777958466
1.8405368510719518
1.9652035116093653
2.227843077595264
1.9548419640826273
2.3076105093464436
2.15950803317241
2.255758592699565
2.1719438194565335
2.241258595114041
2.1981058347731635
2.1537846259140547
2.0036414975885743
2.0681384427642535
2.1114486622345106
2.120711267364041
2.0736982533833777
2.0897119713163184
2.1406329384175677
2.009649722311332
2.100193788777808
2.058045886990754
2.023731152643882
1.999649900321995
1.9611376853903875
1.9860060570332114
1.967906292296418
1.852017792658605
1.8450399030179605
1.8640807747417665
1.9090088258434255
1.890997208393053
1.865516569622943
1.8671396906079356
1.8135160547825149
1.9042577869045225
1.8435548320452855
1.7400205349890427
1.7608206016340393
1.7182313012427755
1.6581299440909767
1.6057879035549747
1.5653163559539092
1.5094233496691882
1.487278475690074
1.4598651631451651
1.435605813823701
1.432963970024146
1.3983131525631152
1.4234693664537603
1.3329145606841772
1.3605034433772272
1.31288946841254
1.3576571662580201
1.417029614764068
1.5049888189805922
1.5013953671423075
2.009472479210957
2.4094465823342865
2.838890371309273
2.886881268713652
3.567572781637492
3.3764704072516407
3.5736653729784043
3.8712819089202495
4.111945022326753
4.005149754681982
4.06929527685936
4.491943072164293
4.218716829170092
4.331204526947633
3.6350316396691307
3.7886880665998333
3.7853212189293868
3.80489120061755
3.9376545981176645
3.954027569832824
4.0838326423251985
4.0149056130803675
3.8526755855758825
3.9775998509882076
4.000102527945437
3.912025776977712
4.174822322519347
3.8241955665207836
4.069574956039366
4.407352741055722
4.499581681020331
3.9200929509914313
4.135413959229397
4.184806165259817
4.611920829668455
4.4087758920360764
4.189163820365179
4.195883729328095
4.006084638362722
3.683991187027966
3.5156286061731126
3.655452414237091
3.70767689451738
3.4044000642274352
3.2591104755233404
3.392872732972779
3.1789158877698807
2.8935956235367937
3.217810142474439
2.89250435001751
2.695313245830721
2.7384222287350393
2.495832687939127
2.2627142143243444
2.597206716993794
2.4654818275086483
2.5769725921579107
2.386243941753331
2.6670888311421455
2.237717749374549
2.4138277231082665
2.326837934244131
2.173122901946088
2.1311756677009406
2.363390805979348
2.3423976066937064
2.1271103489058185
2.1347687757499387
1.9849568428828785
2.0451144498832825
1.9891060020749491
1.9859243266300666
1.9552924680998631
1.9624519597194114
1.9336822365159834
1.9020947957454655
1.7985748374752009
1.9119668922894797
1.7003282303376137
1.631788297749608
1.6635172417746253
1.5954427949091319
1.5438522368294445
1.5837092272976614
1.4825012796799653
1.4852574323393424
1.4446563485594583
1.489401613930524
1.4216062094665487
1.463963243031299
1.4825303255011437
1.4843946428615002
1.4696336650233475
1.4555487753525678
1.5020071399529409
1.5365872384904453
1.668419836571566
2.1803148487191866
2.303100778791674
2.6702081954977963
2.893238419281912
2.7641474601907103
2.806502959567999
3.254135032849813
3.044618057898255
3.255110099381501
3.2580632392393563
3.1466448248942607
3.5724522371995264
3.8177779644211274
4.335736386965472
4.342448728392299
4.199775735923908
4.045275674429395
4.082764561720345
4.383345735191369
4.353203302338118
3.6214510959209703
4.035235180703076
4.315792276672521
4.008733593702946
4.082108616119698
4.09827534093168
3.7242336220899586
4.08156166988243
4.098446221611851
4.021419567970573
4.10283920818601
4.355463929744372
4.813967175215831
4.667661556274258
4.361737635787122
4.661339570493364
4.4406713384506515
3.7027378327850213
3.876645292730947
3.811539482722593
3.715763588077327
3.3400355577601237
3.2035880372548795
2.8607818260899447
3.2233704985072062
3.46242648579231
3.394936560390677
3.3684208549831327
3.125216922268972
2.811044882344156
2.7671830134763127
2.8662402753640195
2.8802561564146876
2.764810072982638
2.6663657994944083
2.7793093608852213
2.7779052305231224
2.6965731080229576
2.8532267564636093
2.953807849041764
2.731637557498349
2.631653997341693
2.7864622243118973
2.6096478286915175
2.447503586035621
2.1803864441543945
2.899699658328827
2.979146434252331
2.748063175070166
2.909022068792412
3.1046593535519813
2.6242402679590078
2.4650213049742664
2.230828380710954
2.0392911006726893
2.035268852070552
1.9859462683492652
1.9668761011848868
1.9704294200543397
1.8824336316880588
1.8623216674528427
1.8696649417779119
1.7550975367064932
1.7556083695740456
1.7293905598735442
1.7265806492707216
1.7041251483224265
1.719486349636808
1.6745617643234125
1.6810465108018855
1.6823513209943368
1.6390766378333157
1.6572644087058268
1.69978758360368
1.704016089316113
1.9108730285555242
2.077425340741112
2.257909914557889
2.1508777651466287
2.6463123263381294
2.5414712115851725
2.814463350355119
2.8168061009374927
3.579122691364721
3.379909846218059
3.1487455668922353
3.2715949330614826
3.552669244292298
3.804858689073166
3.8220264611272525
3.8756708728047484
3.5521451257642167
3.615708110472314
3.566565002332614
1.8482787841544648
4.77291403229333
3.4558202879111772
3.7219420962761998
3.5306303335041775
3.474198984967479
3.36769549901932
4.094346112088918
4.187574171411071
4.171206060871203
4.120274658308567
3.9846994039155206
3.8636975171845895
4.021589644075845
3.381608908749034
3.5721513817249573
3.7656251512861334
4.042982446844669
3.7410324067270926
4.147376298922733
3.6606160808945263
3.6414881026879797
3.4342469996021547
3.0794153083050757
2.9289472807002057
3.2310139597062246
3.072090608287322
2.903020913274018
2.82752799970135
2.8983881543204024
3.1738952341598425
3.073128204064451
2.713768664042785
2.7520410233994284
2.73833142043488
2.6598567372041724
2.719179907039515
2.5936741408387602
2.764550772085286
2.539212522449989
2.531945541233517
2.6693686876156284
2.4644186594784268
2.445806772718996
2.4103199666616466
2.4105648697745075
2.483963782027876
2.4641754779167333
2.3794037090789533
2.3148957757274244
2.320648543440975
2.4074798312507824
2.3563467852213926
2.266327416251075
2.3259706683445978
2.3435713451295412
2.18301749430557
2.1207626718974697
2.112473158665528
2.0212157298852524
1.9681879307882242
1.8101986381668924
1.835740472438472
1.7857399786956336
1.7726193363145806
1.7819344116390716
1.7472561784033345
1.7214264351907729
1.7688896769224365
1.7056993951494352
1.6805138083327271
1.728242447507035
1.718046448537791
1.71171909053515
1.7297653036615954
1.775031556493696
1.8156823626989007
1.7983579728447567
1.8296266594283
2.419035400520207
2.4921216899789496
3.0324634850343264
3.2622330942735576
3.5046504961129603
2.6936328833833305
2.6675922148562132
3.0607943655393646
2.934857655763468
3.2161603988312795
3.2620961195293825
3.377123198913697
3.469286121653693
3.943383880032507
4.2880116335808065
2.8838251878469343
2.623482689150439
2.9474775624589413
3.4817545327590365
3.7944470774852994
4.019350784792012
4.502454237758583
4.192871491143813
3.881340252943392
3.826983493025594
3.615985133760085
3.959857680077038
3.7891844213000887
3.872367305410686
3.655017052104071
3.621319566914301
3.7632978871936205
3.790622115162434
3.6788397627327813
3.78441855308388
3.522921810646729
3.5878379600455435
3.492670557885449
3.4003102852566753
3.305659472110341
3.2235052477395323
3.316450219440241
3.468195753338381
3.406314362352463
3.3063336900678393
3.164601357135003
3.057474419885501
3.338286121592459
3.190106448941865
2.8938123419599795
3.139609172267545
2.7500123866321178
2.718199037163712
2.5395407749320653
2.5134717509960485
2.623927269950219
2.689638007340024
2.616561049484654
2.587637756370182
2.53324495868882
2.57912076560973
2.7802980743687815
2.7355621803163115
2.7145950385070785
2.784169752400909
2.6891681780533183
2.808696327396692
2.564573100428186
2.480985808753009
2.243156232200118
2.4990149351201403
2.182192095665516
1.9998217604271484
2.1269951105487714
1.973792554497292
1.8964318688342559
1.8599588048478417
1.809743676460854
1.7497544791234123
1.7082358990544595
1.693248439355929
1.7066573656898454
1.6960978424215074
1.6275462251477766
1.6578617750540632
1.5850991064589195
1.644117865860991
1.6007976989014678
1.5769439644592262
1.646866504521953
1.6627211549343892
1.626806732313622
1.677511389889995
1.668171421481013
1.734913827165879
2.0257953339589116
2.3050410732497904
2.6846347843439173
2.509984012679926
2.5104850871871682
2.7506806424384815
2.7065023430660036
2.721472058967393
2.9914951783899615
3.120501392043358
3.15907214255743
3.3436818522288436
3.3689806340653448
3.491699476572482
3.9785097216898593
4.221413040502888
3.8703438152778746
4.120550696602325
3.9263019775136225
3.860702700308848
3.181774369299971
3.6177962367445335
3.5011163844899267
3.6127759727888513
3.6245665029219976
3.6194451711039886
3.70993852388108
3.9519814968083504
3.8577480003739857
3.9958828336623147
3.8439878127067937
3.623761830898822
3.295959202209476
2.8514148151798295
2.8551554819142044
0.4866558316420825
6.150022169983877
3.229436313188278
2.645553088032222
2.3602652858699815
2.421254110796328
2.5321795875908206
2.3518451284206043
2.4380616995590634
2.4808417741102997
2.457429066213022
2.437343701517754
2.3877613772816817
2.400753774041744
2.4574001757840613
2.3606941156136783
2.454161022442621
2.5222358642618423
2.50477696485351
2.636292605341748
2.727583382984327
2.7158109341708485
2.471356701402913
2.506316014731509
2.554807892364858
2.5076793157164614
2.5425668816370446
2.510842036911993
2.372440320388258
2.077902284810378
2.3586595824994228
2.2246717439041626
2.260882851300514
2.190823864635696
2.18000293933684
2.1780713798810467
1.8503819387204312
2.08532540835567
2.052278484010056
2.037052308476574
2.0659957273627034
1.9383675350246699
1.889891883492188
1.8651810065161791
1.843881609818632
1.914159550309121
1.8201488535166865
1.7266093883728093
1.7344232492901588
1.7097900433948952
1.649264553480558
1.6571828880592252
1.62872424944149
1.6071980310279965
1.6001298390491947
1.6182945776849198
1.6549697020124043
1.6192944766613824
1.5794330612636858
1.628037867661683
1.599397788686228
1.5495404543005882
1.5511590787237612
1.5724266063548267
1.6306895860513617
1.6312861572692763
1.6048683383746
1.6452735814979442
1.6746913218225774
1.9425128744733045
2.011934418463798
1.8121625034670803
1.8532187095645336
2.0430956310203787
2.120280487455027
2.1025661612685145
2.0709679782363373
2.1543602530816406
2.282336356961635
2.2977975081305235
2.3648645095642244
2.420759740101868
2.431722571054415
2.4617480836163645
2.464210683350757
2.436102771236017
2.5440870982581827
2.435652023995892
2.468430664338686
2.4275503986070834
2.4567061225857336
2.470995927012523
2.5438026693929903
2.5520699985129016
2.455719275539868
2.514274070760434
2.455628805907291
2.4043493115231125
2.340113442947816
2.348678402761158
2.3710708559063036
2.3216438899710776
2.322021845213076
2.304835203307745
2.120790763967259
2.103104383953674
2.1068564900455287
2.0543617968064902
2.133675160487723
0.3869503275472125
2.7209100706596328
3.295970789780463
2.3743702164836553
2.3706501907111663
2.340412698984591
2.306477725044391
2.3105073377961403
2.3338845857268025
2.2636384622112242
2.29647215928721
2.279483898929463
2.26310066665089
2.228611784228666
2.1572717765423963
2.1262071328861993
2.1082778242655875
2.1060576593805846
2.239954448335302
2.125014728054419
2.062147411802333
1.9810904865721257
1.9460838525819197
2.0044402386074123
1.9727496703856657
1.9124107323278676
1.7982277355458447
1.7548621746489836
1.7443196856460248
1.6900817288491783
1.6792482930950223
1.6310389067694746
1.5843422161052763
1.5497455892890328
1.5581420592978532
1.5398096550017446
1.5265097174251332
1.5454381673482245
1.5114478973875447
1.427549360314175
1.4055099955057135
1.3999902341664379
1.4250146539784576
1.3572531114467883
1.2954824207952422
1.3667224368132411
1.42438789796051
1.42163022938838
1.4050886733325336
1.4662715984252643
1.4442175974196032
1.4543505662652254
1.4981925236597833
1.491600595654842
1.5409870448436949
1.5187617791347003
1.5787115322193108
1.603488704279528
1.6373345365644643
1.7024505974966657
1.7178883724767806
1.7233677740303048
1.7583433264178352
1.7521900751688098
1.7593942452290177
1.8067150540487473
1.899033911188318
1.8914415421909885
1.9318611095475127
1.916891240625673
1.9604862961390699
1.934657741908649
1.9787404036469838
1.98792340729534
2.045446779032605
2.0440306808044144
2.0415816826308593
2.048247798304665
2.018764416000936
1.9960568332826676
2.028863610104297
2.1132310626060873
2.123351294919747
2.0890542461612505
2.298059115693192
2.1920072202144887
2.149605563628896
2.080431787822705
2.141182242204596
2.0845269584265473
2.186972375951495
2.141963594887469
2.14931716952212
2.1109933424574856
2.1723549249988
2.241435833557014
2.242906234134651
2.266697815097351
2.2099517738353787
2.2939494831381406
2.1873377522354613
2.1272680208843395
2.083462111129174
2.0610553091133683
2.1520866543950747
2.049439109505166
2.023775360794815
2.0099654713208452
1.9995133744138003
1.923768470769974
2.0470876883861053
1.9370327498424793
1.9196807330639336
1.9399782956489657
1.9767353565658714
1.9581836425296488
1.957100842059515
1.885708093847872
1.9516661227437142
1.967214364048944
1.836318211162317
1.86172120043635
1.7570394809969991
1.7759788411890371
1.6810465795384335
1.6494996409561475
1.6198969814747075
1.5779890268080734
1.6457249990306346
1.5911165430993293
1.5132591338885275
1.5820958252277315
1.4985238199844373
1.4846441084849862
1.439465629081071
1.415994740162068
1.4291911027721318
1.406075312151715
1.3935024140727588
1.4057904303521063
1.3758158649019014
1.4013611262383057
1.410416004729613
1.368500829290909
1.3424677861043879
1.4306528945638533
1.8666191327951343
1.8982196641729623
2.053300106365393
2.5253794369846867
2.8781671930826818
2.076616467382664
2.358709488725826
2.587668406975566
2.274608140583368
2.4010929073200424
2.1325497737388504
2.624576038586794
2.386078865639218
2.560431818008229
2.472097189059708
2.2682462634287615
2.1861653333411204
2.23536486095482
2.1755245072541713
2.2530373850826684
2.3977549259055126
2.5825742179541327
2.760443376547534
2.450120671795623
2.5439668145294574
2.5793762930984365
2.746914187639561
2.998907088869786
2.6148651094591613
2.9249325947094187
2.9092393612952194
2.8336533786531812
2.61903761389742
2.4374054389083266
2.3316657284315676
2.475412050162688
2.4706680449095155
2.9846320926261845
2.6183655559084307
2.7851025401308855
2.4721134631984407
2.2825441601589946
2.462649249913448
2.5306835184163354
2.161351055365832
2.1331450708756665
1.9740177984316818
1.9973368927637192
2.073431698464186
2.0588560006020624
2.067646241486368
2.177857969570005
2.1522472209373116
2.0023513456035587
2.0472264387604806
2.054389136189738
2.2425951791697187
2.152474762322559
2.1739938078294077
2.1563051261816084
2.2248090047284714
2.268206531888618
2.2849141540257247
2.1149727648167413
2.126600622404411
2.10334679083024
2.063169105281657
1.9432872387319187
1.9689154840325216
1.8187517122220869
1.7600229338023274
1.7482065429813867
1.7307105764457804
1.6900369938979702
1.604243053191457
1.6077539601403854
1.5680664748203568
1.4501133013476777
1.435053326695538
1.4550016100326029
1.4638516483515496
1.445323329452325
1.4064877162588838
1.4812975119689717
1.4686072864466877
1.4307415587117072
1.3783624711684346
1.387617038580566
1.3976840073346102
1.3892419757064078
1.4000059130494984
1.478186503435389
1.5103263724139766
1.7679111573681352
1.5175402445925925
1.5572550827589429
1.5570907793388933
1.7018210108983318
2.059959271299435
2.229695155891755
2.465166693973234
2.300884531948355
2.5672612370286405
2.6093970822598647
2.694694287690279
2.720436544110991
2.8064669257405788
3.1187770145199236
3.0723852779498495
3.088446916563654
3.067582329621461
3.1663458936706683
3.0665810273909586
2.9209454396894436
3.144675739061964
0.8488200422879211
5.569829818296737
0.1660200831499824
74.05293252330262
56.32107041640789
86.33447588745847
1.869204709302656
80.87289771662297
70.2036669742566
98.64655067850629
95.64782889284872
123.02265947945769
116.34822913222467
26.85804465328792
42.75278722751138
2.554587920642309
2.5386378978607103
1.6059047934721817
1.045419910698937
3.9110833746123883
2.3994803937247644
2.472656485372768
2.344769704989683
2.3431159998638984
2.2891119375397304
2.2943327631102766
2.215229002573053
2.2983885398554786
2.261005132236547
2.310448519250882
2.308472647806528
2.3167284414398917
2.2821110667392634
2.414340526545597
2.4148850966193964
2.3926842614664485
2.547686753457108
2.517156981214275
2.5219937962692014
2.44930940179287
2.386985565995406
2.3960318913002956
2.398074239291777
2.350762595936141
2.205061136841908
2.223651416213951
2.368762513852962
2.337297322449003
2.238132466031312
2.214899088297141
2.1537000563732116
1.9963237283038913
1.845515569275196
1.8598626763547648
1.7906148302450486
1.8119024607651386
1.7949928081265827
1.752285192946443
1.6964168729057971
1.641324042587163
1.6874481975895796
1.696366950553212
1.6034489892411101
1.6311116327010826
1.5847213058889336
1.7393902548924554
1.6608677714062243
1.6160477531571746
1.5984712784417898
1.6683517914339014
1.5981879343659813
1.6424659367514405
1.6036445017949743
1.5939629246811575
1.5551186035188687
1.5957829221863484
1.593665521728417
1.8923938207325475
2.033345802428413
2.067798060979346
2.0970115947835035
2.382664889980152
2.791082466067471
2.436420105229041
2.5505828831970856
3.2357680832618123
3.0602278494758046
2.9767008322340103
2.713511402103446
2.9529365601063766
3.3489989765753543
3.049280998500026
2.680162274840557
3.170527478895816
3.1711421153594768
2.832277379046311
3.035958620029184
2.697679343270979
2.9112356045918
2.772111678808041
2.778111381133436
2.9675465252633555
2.7804752873899155
3.055575280294527
3.1053979043945046
2.77545921783832
3.0559489170646197
2.944378201270208
2.5834030031286788
2.7195404437832487
2.9230697505331906
2.4785924799502994
2.5406733787537537
2.7298517326295215
2.469761814123013
2.381514914174992
0.8768793086899761
0.8665712790478399
0.5617640443879568
4.065367067945251
4.207458415477833
4.389864735798753
4.303795380779209
4.298136015780542
4.272653988947968
4.381704554262387
4.290506438275541
4.2989430195277265
4.429592805641807
3.988259391600544
4.062176111901808
3.9778253109516117
3.7881774237199357
3.882629170926085
4.1700566772525915
4.09764252775492
4.013893486382178
4.227533180128639
4.086675991832834
4.152278393919497
3.809343546107225
3.6806085137662117
3.340462897476948
2.908765565183471
2.642387842778311
2.569338719520733
2.7299703512558566
2.7302246081369215
2.7250358504691894
2.6980621033135583
2.5305093750549825
2.443156435020236
2.861791616242368
2.759090639307769
2.6464296906429357
2.6356581222791644
2.544666657755933
2.4160454662968953
2.2846135457858945
2.480888811463464
2.521713275005911
2.261294947826554
2.7551295806646534
2.9024567353434296
3.4411014916359863
3.3792564157105067
3.2598237154954424
3.2452665701084564
3.054134988469985
3.0800628039432243
2.442554112654025
2.329866802010786
2.0196949211658297
2.059969198152983
1.9322891931719293
2.013004313699849
1.9647493952625419
2.044244764093469
2.0780506392443554
2.043342745994713
1.8367897057032263
1.7578643133853895
1.7453438181662353
1.7683283813115103
1.7955031679848998
1.892639050812221
1.9205858030477423
1.78380911132267
1.785096425639637
1.795924678327158
1.841320311639377
1.8536948229013055
2.0973788905152797
2.1266661010661307
2.5002398742480736
2.23533238973013
2.120475393906695
2.047714194099718
2.4280483609820074
2.6446645432103777
3.049021052725214
3.4086935317151426
3.0263225254047965
3.5449407164826936
3.3821938264606186
3.671614126895701
3.3881885351524748
3.3990917476304627
3.8881620044976293
4.198061329969333
4.032109610362332
4.007635961199077
4.0468457044858885
4.285312329652975
4.015730957509019
3.9891027106120682
4.073478829653587
3.941620237050712
3.9327302297106863
3.9966971164043863
3.972804970136788
3.6769477161909685
3.8942187010162215
3.94453013444329
3.7045331015277507
3.7559200010476346
4.044226209969641
4.1052376487516575
3.7729335828252553
3.7503158501979486
3.576344786741839
3.5667536241049347
3.657858259366494
3.672927095933681
3.4777989893985177
3.4004965611103604
3.4899478526675605
3.797038069623312
3.352906959445705
2.8230771787658075
2.953299969568884
2.744712919952694
2.779355904955603
3.0507577934804995
2.7662499138811474
2.851984113245786
2.746437331408864
3.0989661797235883
2.9023054788051046
2.635187559457439
2.8034400589989907
2.575533380474584
3.1184939773164335
3.0710232243421154
2.790031406113454
2.8408865031274595
2.8075541985358234
2.895328557753442
2.500773670368884
2.8228667252112487
3.182947151478706
3.148776126551822
3.3043280103940385
2.5268210160337166
2.198905264591847
2.3251012293153717
3.1077775607877225
2.965986813032058
2.741353912002673
2.486303175005947
2.2897098829348788
2.024818698170247
1.8571056893970304
1.8457062369756863
1.8002554795353722
1.6975216474178467
1.6730132318569986
1.6730929725062915
1.6965778453141367
1.6283668315747883
1.6586404857094155
1.67651304536568
1.6115347665342115
1.6022771953180936
1.5838550088299201
1.6131121544254712
1.65725925167957
1.6049298134140704
1.6449433996272518
1.7277275724183963
2.058259007505336
2.423257184719193
2.7922620178605997
3.1180204459627525
3.4505939062569415
3.120926715011228
3.2895991460224163
3.7355587608223835
4.420381292794429
4.34432541827745
4.4144540257245914
4.776043387818058
4.705733034458155
4.672895182810947
4.302348406995928
3.778629880364203
3.7645376985059817
3.7538852524375956
4.134936176860349
3.981027901237131
3.8634625453160525
3.515643495001186
3.8327124754663005
3.597250757365363
3.48760927197855
3.6797752257711123
3.862150882469803
3.925203488221395
3.8997809967803763
3.660710928910858
3.7458151155263506
3.608508525055036
3.6258106870698876
3.671862750188742
3.7159118230106225
4.17121672954932
4.1330547602289585
3.9297815000969556
4.104236522284273
3.461280609985594
3.6136396902179384
3.6864430508739927
3.9246717449716484
3.673525772182617
3.52853619768912
3.473896672603279
3.494009155701273
3.2935714108691547
3.1875041043089496
3.1587109778644638
3.429344665812495
3.365062213800621
3.1587443750661435
3.1603773614024253
3.146307992494734
3.9393684250586407
3.6437356851828966
3.5664530372273564
3.6280741023220036
3.418984357947143
3.316521683421866
3.6641040636926427
3.4851409157230706
3.228941150464092
3.300512364520555
3.119839399000594
3.0320388181232953
2.56093482317544
2.317291351615196
2.1440730151678693
2.1289602036303346
2.130587293713888
2.1432553441991415
2.136631103083988
2.1370418271134977
2.0686093189975003
1.9834100344992005
1.9889630085692476
1.9557708809473797
1.9347688431276264
1.9444352280709438
1.8420619930756947
1.7661217146181694
1.8186170524449536
1.7965222199024455
1.797755460488426
1.7110839497500876
1.7352928844826014
1.747783749797898
1.7443453463999834
1.7425632523994237
1.7539653342373451
1.7379562073083492
1.73986580953475
1.7143165873932833
1.773126472802282
1.8017184109065636
1.8773220064754386
1.6914022227311307
1.7072286895110993
2.02254517421009
2.296355691209749
2.690455128246895
2.6712085881866527
2.7727651098070107
2.8049302653722608
3.365704616192733
3.17038325464693
3.1164179400695806
3.588107089122772
3.675577142130952
3.9014655036539763
3.8086950257245324
3.4297977887941102
3.9075236357302856
4.176478581431012
3.941980719487693
3.6375698650618165
3.7997685101229695
3.629392955340552
3.771704624726297
4.221796074657334
4.290213881875605
4.4358318273581405
4.253759929511368
4.190242048836703
3.8402637342595973
3.718666695657525
3.425156613559889
3.7263861691669025
3.361362483282004
3.3813930384285897
3.6029879524653263
3.562482699876446
3.361467214392268
3.697436086897234
3.54148068709095
3.481397128193639
3.4631990654501057
3.6820009886298677
3.491255490167561
3.1882036611887328
3.5509262907410224
3.444038844054858
3.2819657248907035
3.2662639234916937
3.0340095645003102
2.7749454055922618
3.1156767487616603
2.993858361771511
2.7269837074487366
2.361933365376063
2.421527122814249
2.5717265955652704
2.4457171085550113
2.4565599400941
2.366387853787108
2.477814541040052
2.333418869091123
2.3904183750135113
2.333053334905632
2.3605522324176316
2.328888904178739
2.599650738517084
2.3177807945564664
2.345048721430302
2.2556620105033276
2.199233792464516
2.2790566980447036
2.29905007172098
2.2015377411121424
2.0746180610693203
1.907824131016978
1.908552051935122
2.0480016645258616
1.8454448646880948
1.7944767250768718
1.7883782239829191
1.7247424119716095
1.7809387789532605
1.7830851813629125
1.7716572488861484
1.7536906521071778
1.7763542587109526
1.7555903330777756
1.7310180739857481
1.6761089966655394
1.6902610999015355
1.6202568987188224
1.654221022848367
1.618328789507974
1.6597562073574268
1.6627195866287485
2.7717268477368933
1.8284760992611906
1.6351271214593768
2.204034419969252
2.637251571048294
3.017114141243022
3.161919639166932
3.2137525485973133
3.2707107747563726
3.0453354226956146
3.1329421041776975
3.3734034994322775
3.4014102966987583
3.542541842846335
4.030047508799986
3.699659960097832
4.015924854095088
3.8790096834809304
4.500258287445139
3.8228177164708605
3.612097314310785
3.967919275067663
3.9233342857199616
4.102142026622623
3.9304530237069777
3.8919399714140774
4.1908360014632
4.188602579213651
4.357873742973569
4.198128340902914
3.991633349012206
3.8874041452731154
3.740170271122797
3.9896946295569817
3.640225924114958
3.68028051239107
3.7876845372658767
4.007183296715723
4.110997768659009
3.5809561392664766
3.490678579371256
3.283247816900033
3.2680293815873016
3.3524036277830036
3.1341378545787113
3.187816596080012
2.916900511541623
2.8083826106820564
3.0531458833619984
2.9672952064683744
2.840513062375681
2.9169657540365055
2.7070151949783985
2.653888688876034
2.550383485082239
2.523457156623799
2.3753483515529767
2.4437690893745874
2.4738332212243646
2.5382139913306214
2.47190015582075
2.481646848196728
2.545253457240994
2.455458460390082
2.298863393954385
2.570612853691975
2.4460803049770927
2.3844449009609563
2.3760592776039453
2.336366892285819
2.2781907482761667
2.211723582234017
2.1601276687206745
2.053628175896074
1.9666859382850943
1.9389944056229835
1.8558122660487306
1.9546342004945387
1.868450739975794
1.813680689305766
1.745075781994277
1.7700526459916184
1.7854072225278401
1.7367138111615785
1.780949536206422
1.7577388155234492
1.7184621015212815
1.6610520960479205
1.7094998924158764
1.6420295277928556
1.6452018521830893
1.6094954263663022
1.6165634678418919
1.7028057333556448
1.5716593523168079
1.5212943937575052
1.4931303298647203
1.5528729286138088
1.5741116992021587
1.5938770160139182
2.009411415424878
2.4707464765892686
2.45941504859338
2.5128395396944563
2.7298980677147715
2.4548442619450466
3.103858801829356
2.4936919157515725
2.187232928011957
2.3192866374224663
2.3715103655246814
2.3553435765277255
2.1161730877226246
2.0951015434095126
2.21175266212316
2.4134914486750065
2.75331341182005
2.883485065114097
3.1376256221536294
3.1470013897366833
2.8986975404966073
3.120283036914331
2.878654282577384
2.5244993749204805
2.3684467001987826
2.588888382556438
2.541035304765889
2.5738071096058937
2.71620085572295
2.7511987651041974
2.5976198320250323
2.6579658741402032
2.6054393270547673
2.479259260182171
2.4926323584272185
2.3862821258969427
2.431630972226047
2.4536163583323827
2.5985144079996094
2.4049992064251047
2.407723233868132
2.1732244023013263
2.1593574162411646
2.2171609896420112
2.084782084608338
2.386917340713198
2.105737682181697
2.308634495170293
2.155164771753263
2.087582972424671
2.0706126792428896
2.0426452299712063
2.249380038391186
1.9905204603228108
1.992722576106426
2.1871798925486408
2.083717863693476
2.058177725524277
1.9504607719936986
1.977849561276575
1.985913146659963
2.0425667137137005
2.065597814931105
2.0113691047106546
2.0296621925562137
1.9608164413114777
1.8547326962193207
1.78860188966914
1.8665371538962294
1.977894616337762
1.7438758686678961
1.7540267271603274
1.7102029802649743
1.7085853751566902
1.6575097546367796
1.6445950425720712
1.599029707451567
1.490979132896303
1.5579294693580639
1.533969870662535
1.5327465517658356
1.5167132508400414
1.4786653643573062
1.4505851481009702
1.4170924142986014
1.4675872027408292
1.4857113500986387
1.4976084603845956
1.4065868504905041
1.3881312302333688
1.4263658546179452
1.4138773895474563
1.4690146499063186
1.394957117679246
1.350499657356728
1.3888866324816393
1.4607282223323592
1.5422552401004133
1.6911125335404509
1.4465911773753268
1.446459997198441
1.5490773211565887
1.72160011279228
1.8032604730129307
1.7476845977872835
1.8361936079783634
1.8922765955663314
1.9424776219246667
1.7737271102113346
2.272602803866805
2.238614189336229
2.0009187674828115
1.973874158654538
2.164251542686688
2.6941345180652836
2.6189583148997744
2.3147714847548966
2.414203348601856
2.253034483148766
2.386674685509374
2.56559864992959
2.401811622879953
2.3409977920292335
2.4414812460974082
2.283861428454856
2.345234913473897
2.309712900334961
2.622271491323577
2.600667220230689
2.7190941781890343
2.916964416196763
2.467334534769479
2.194643710910456
2.308766397092323
2.293427874614834
2.158569822383472
2.192681898876491
2.190419600816991
2.546759006592655
2.4441538252106625
2.0858828130552927
2.0452788482447173
2.3935394072367324
2.3524431432173047
2.2979806910143026
2.437554328675784
2.540913568147777
2.4732886630002042
2.3754873818124818
2.5030148094720506
2.402709230289375
2.185833482165744
2.181444765468576
1.9485794825220253
2.3442479154432427
2.357442097120487
2.3502839761302794
2.388286295458413
1.8934382206558047
1.9894840952236779
2.151002071232799
1.9088532817144697
1.7987891819730353
1.7896026872486004
1.7315034085266878
1.6949822927412952
1.7153851059115488
1.6244172005173598
1.6359189346593
1.6279709771043165
1.5590444754526205
1.6948511442022143
1.479170564113861
1.531584815210318
1.5116510241754277
1.506769286994039
1.535600516589954
1.526855566256221
1.4374340441930733
1.4926947688141274
1.531058373933103
1.412499121447033
1.4613232339408195
1.366932921721263
1.4279312129535662
1.6708313098980712
2.572014784540404
2.7520833768100292
2.740603534630864
2.4777569894710214
2.3351528237314074
2.7941336876644227
3.2214933766368623
3.202592143292409
3.50341196026701
3.5783187465666186
3.690381773295688
3.896302102006919
4.47617435647516
4.317094361936808
4.381178804090797
4.082090440654213
3.9760307178857417
3.9135963791378896
3.8636152558967214
3.919270220794558
3.5944842811811686
3.564949419430484
3.557370561409238
3.8038425925574213
3.94469352816735
4.2310004344043515
3.915374277365563
4.0583837216109355
3.8380043630980016
4.261673125310613
4.49921524360544
4.520438119120045
4.507396603883922
4.287922156803109
3.734935167998709
4.231485945506849
4.499307783375778
4.285330100112814
4.267450134080935
4.149396048446779
4.150886871176233
3.9530983281264755
3.9203488097757213
3.3098960328023272
3.182537082654171
3.2581871265579925
3.150317465606496
2.8764959950687476
2.7857247928961053
2.6146510382132533
2.6715728290774505
2.8292622631894746
2.77634374973944
2.5118612059913517
2.472869795596566
2.371989535668076
2.3569672956685794
2.454233623644187
2.3051601047576527
2.6360743584941915
2.7546271148213894
2.740700303337993
2.865889944446332
2.6448279372754957
2.433616498596861
2.186502068211905
2.0087033612378358
2.0292933953265164
2.0418603269714475
1.9197354324122857
1.790145543575338
1.760864352941104
1.7389063845824444
1.9183634195003771
1.818377851303856
1.6913744873279621
1.8955325808441947
1.7733600768758886
1.7081859594561495
1.8601792120858696
1.6477432325738013
1.5592840735452123
1.523439348467119
1.4846126146087792
1.526112740840626
1.5518864879369143
1.467872037713513
1.4479456350733162
1.4098146331670336
1.3974758647008447
1.4045724575183969
1.4409109218109688
1.3815927295760935
1.3794548722194693
1.3810024676750656
1.3786978611949272
1.6653057638442044
1.7735850960907331
2.131224944502895
1.9957779826696864
2.80119106759878
2.7472800720647017
2.296660974733154
2.731542783772586
3.0505040950461173
3.379628936509926
3.291077628245506
3.2927477413375414
3.5859817823161366
3.6875693945116557
3.9877165990956094
4.067658847276089
3.8021455414651597
3.559990099673366
3.6277753183864903
3.8425061424774225
3.7992819920887086
3.674522302757934
3.3751865595283874
3.6827819804814363
3.961816884940966
4.224810763911098
3.962994597391206
4.414399134411141
4.269612577677041
4.070703894483885
3.9965907789600728
3.959656389307121
3.8653722411444527
3.94389732038418
4.203470504525943
4.4969102263433305
4.314858676569514
3.9699863407234974
3.9758728199929516
4.122861713393361
3.873048787963077
3.4552587944439748
3.765579123025744
3.5150705822855346
3.5449785369613265
3.303114722731992
3.5106802798271013
3.3651996427464548
3.322021605966323
2.9350582651663526
2.7577083859925806
2.881099764139042
2.7058580069994074
2.402966175681051
2.480997359816033
2.390168602907929
2.2732584176404496
2.2655206925978413
2.5209241066641352
2.6882372328421065
2.5213139628048635
2.3099186016930737
2.306880698597161
2.378207571379847
2.3269554634687526
2.2229455263764213
2.303223605950712
2.490957034785623
2.2838715690345808
2.23179096871161
2.1854580114875635
2.0853277274914914
2.1189908248185567
2.0691589723954538
2.019946337053881
2.043862442604577
2.034780622631506
2.03386618485729
2.0578984245051637
1.9343991179972635
2.0044813771177714
1.9397635696630848
1.9208444708768286
1.8958305228116028
1.9091669222961036
1.9008979546737914
1.7825905301792726
1.8244923185498414
1.7447576495261892
1.7317116813422941
1.7358720238316068
1.7587570367551715
1.6961575597897174
1.7391452960639735
1.704488929384268
1.688929370023399
1.7135838826984902
1.3848942089167884
2.293703544461462
2.6330253036297053
2.4888887203532075
2.7243436102862733
2.905595109966033
3.3884919596132197
3.5600294280976925
3.6868299256765753
3.9382606830435933
3.6740726633239316
3.5966034066879997
3.5395056760958425
3.5796906588917836
3.9681520451341386
4.407229783217074
4.0945560386709765
3.8504477818975236
3.760671959556245
3.9067107659884073
3.473496865616101
3.690987847134654
3.786076375511006
3.913531579707095
4.3345499666121645
3.9763638790360294
4.011777763292154
4.2240952540572945
4.1343833180874965
4.271901885238726
4.155515823003712
4.0023792296617895
4.3762459137565495
4.235581868591055
4.34712154320875
4.343375873250131
4.067492264071497
4.18781579261557
3.6879789032304244
3.590069813846388
3.4287593820331206
3.4435640799998115
3.5173367682557846
3.3457167632134452
3.046514741599458
2.9785356359621167
2.9554200729977187
2.855499730515277
2.9886441062615217
2.999769016634612
2.9058039687326507
2.767670168677916
2.9266671363661714
2.549413443733084
2.5706674963563114
2.459978640013688
2.662790568811688
2.492644828259228
2.4591806448443787
2.8727025400150903
3.135953017301289
2.859172390857069
2.8132799774326585
2.639893963326373
2.5669448505623347
2.6631274724733323
3.028369818368453
3.070777696124667
2.8786561647505953
2.8146143711539375
2.7860880256551996
2.3848540872707713
2.4081652897333723
2.305958117315801
1.891205080787373
1.8168343950647883
1.8053849841723275
2.216001226963201
1.7687124977195325
1.8015524721364213
1.6386585736736539
1.6116648677679146
1.5766469111891401
1.5925351025747634
1.7629910227453776
1.6253529975580259
1.4891370531571275
1.5090265005619372
1.4846707041547043
1.513679715467222
1.493923555638948
1.5008754073578248
1.4475421177940135
1.4844222659602764
1.7007369708679545
1.7016117714292223
1.9432247405510326
2.446925731770803
2.59299563561543
2.8639210201348515
3.0638752919761467
3.57533280780478
3.465101714294954
3.235371245095573
3.477844357928907
3.3882651119385474
3.6001524679736416
3.8749046085934267
3.6776456120639547
3.9600521322551683
4.379134088345656
4.1026377720372365
4.201168828080375
4.143152733492793
4.159984449301459
4.037511652411168
4.508575589636136
4.315642566183804
4.322806830935399
4.5014175284939615
4.431019834538803
4.250406565137612
4.390844521079047
4.082070181825583
4.426263492267595
4.641495341289094
4.468210238243392
4.3184394466524205
4.350774257408576
4.209763721441038
4.184112345821415
3.9020935163630908
3.729374594361935
4.214086337187814
4.276120083989209
3.9062043562465534
3.975676987702186
4.00899545578834
3.6827256310923535
3.3816288990884913
3.4269643423671585
3.1404882508156575
2.875917037957766
3.077050269504689
2.9035053776414124
2.931772467478133
2.6706252350833837
2.7592154059964917
2.410848630071101
2.9446013781071114
2.6977181587179304
3.003261618926031
3.365926429771882
2.9634840170102428
2.748737668035085
2.712503887681324
2.707658242720318
2.374176742393484
2.274831247586198
2.075816888345881
1.9848339768008942
1.9516985189879585
2.6796190548861376
2.1507989978625615
2.0798230881618456
1.9558528877634984
2.1305042697646726
1.9893029651925525
1.7453854755860703
1.8611948457730134
1.8191923238848524
1.7396760238356406
1.6316971086964258
1.6395316469095538
1.6660026554708185
1.6366991038337197
1.5458664416709922
1.495251993255469
1.4958557213967083
1.4599929128247855
1.5221684972243414
1.415655448828162
1.3798903023408726
1.3631312791152865
1.4025324330005509
1.4202317850202213
1.3656327716474554
1.3666745958084339
1.37388265720795
1.3460250926570654
1.3615230285302353
1.4159227660225517
1.771035502970674
2.1169836537160776
2.224162267571183
2.6114550614114993
2.532556771389381
2.472882009086947
2.8540864647646877
3.0783594457556496
3.185994646957104
3.3329109161578483
3.3795865386370556
3.4471797433143205
3.8520882577056788
3.813878009646144
3.849109309931484
3.694040902494341
3.843038740960596
3.8633566199207907
4.200369134305707
3.9273458105373216
3.9140429579923315
3.8458385796436034
3.780374585427416
4.192330737105546
4.120102945754164
3.7602121975738347
4.093374560602496
4.072212129620625
4.084286482711608
3.822211879420246
3.991925918054771
3.9871614037036442
3.988861511411856
4.265706880250185
4.086242417599374
3.998732352112442
4.216486909164019
4.067413194218096
3.6399697216825113
3.633028826590457
3.5538448070365836
3.6589248206570444
3.7073174087393395
3.593547327676933
3.1148382152170826
2.842869845622677
2.9070336359805915
2.7399507543205486
2.6732522215271257
2.626503475684841
2.6747325318007733
2.845124625895861
2.7249721381885412
2.961811030942723
2.939182059665046
2.9913107817477815
2.8193914141479963
2.982156913112606
2.8949225974809156
2.8240203882168773
2.561388379381794
2.611391885847352
2.5977401428301605
2.6908637580517873
2.401578949613895
2.40163565470993
2.5683403920668546
2.683527114628099
2.349159376708107
2.099380520447261
1.983645687655597
2.208389025109668
2.0672648909059097
2.1552703285444346
2.0444324932010294
1.8823032744484356
1.7655206504789793
1.7032253803050397
1.6132685173430203
1.62914055281241
1.5559090756756455
1.555515081498845
1.5134154517810874
1.5760398036476357
1.5352400614426753
1.5382953965703234
1.5032849440837064
1.5193867790331967
1.43245650806365
1.4380462250774582
1.4707225312013714
1.4610911018766826
1.4200413835728967
1.3715824337162932
1.4133176947509059
1.4389835251934635
1.5254148209075202
1.4870060217929013
1.578628522235085
1.8845893701987022
1.8961890346657362
1.8019408095796845
1.8247422467721737
2.4471709838263673
2.294311136403058
2.6455525221908087
2.425290075448907
2.422819492409762
2.214363070090468
2.148894420722415
2.41095978650876
2.613708921540893
2.213370433944882
2.271557798937402
2.637187241500506
2.4322501616018255
2.4256421582181233
2.4252616213513267
2.372255535452395
2.5398150481118926
2.556659981457277
2.19230405085623
2.84193438937324
2.8386739905154816
2.3436405018626756
2.784739508437769
2.8235726870473434
3.0242002278297417
3.0880551386876833
3.418025714790304
3.191983555502725
2.9032666787785715
2.5390694246793064
2.5231078267819416
2.6203001635616907
2.5789167183555737
2.2429443277688232
2.087128938441093
2.240408580975992
2.6525683557025426
2.4657988370818926
2.1461914863733265
2.289957344649315
2.065392611055115
2.108894638886842
2.3861452501154217
2.216375963892065
2.2374319207517863
2.365459545462838
2.103681042735723
2.1754270993494864
2.06479578133843
2.0907541037077015
1.8717857971189733
1.693859432769135
1.9909912897144892
1.8677196465743064
1.8334782577482889
1.768437234175307
2.0987313018910623
2.0743835889194244
1.9290701068463374
2.13533974413499
1.97490006834066
2.0511920155135206
1.9060494718819467
1.7297744864039226
2.0081943101951754
1.9387235755005152
1.7840494105250015
1.623327151985551
1.401125385952666
1.594319847904034
1.4601747628670674
1.3864834685992875
1.388634553129552
1.3553363114922221
1.3347516397475037
1.3111405241823926
1.3081597418170927
1.3251723213290134
1.2923333431278363
1.335940644252534
1.2939586348993142
1.2635854967378772
1.2562541784871808
1.2873056467656032
1.3560704124543135
1.2797078615002377
1.3355026058459272
1.2824083957405592
1.336285777589678
1.3489868453805107
1.2189081885774877
1.2539867772425164
1.2780952050559367
1.3960579622077935
1.3757905133972843
1.3699897922961235
1.4283672222547195
1.4045991259223611
1.5722705790443698
1.6626328516856728
1.6107885332620617
1.8329031739668977
1.9473446152379212
1.9276078644881869
1.918507116424702
2.0200735137310586
2.0393282819272702
2.2680831391957788
2.153081117874794
1.688766672336093
1.9459913416637875
1.9154344912343233
2.2428883844298326
2.3772446296325738
2.118926534907137
2.0756091136496164
2.2134275143385516
1.9396329826181031
2.1340024754256155
2.250263408480461
2.2914545367784678
2.0507043496031305
2.0674340791960506
1.963031639891621
1.980873040398213
2.1667995678920007
2.2777047569450612
2.4299387342741303
2.7849883410936727
2.5989068394254566
2.686618395249094
2.623321293759652
2.362521867232059
2.552674742846167
2.176242827139497
2.0758752108071845
1.9618330431836826
2.111815402567458
2.0664659818323425
2.0836627386032673
1.848729241147786
1.8054849132314097
1.948598377236954
1.9273783509887819
2.0642906766015705
1.8065719198310073
2.0228114490876443
1.8448812452859409
2.013159093636067
2.1876158838007376
2.27865169391119
2.167126053033366
2.040017339224181
1.8068840355130331
1.7193495890236676
2.0441738861798493
1.8409245420015
1.8211753127737438
1.970641724328988
1.6482179120060456
1.6023026337242294
1.7266258870181017
1.5469539942983488
1.5685810574983368
1.4185730975162023
1.3751443687675762
1.3784501986410096
1.3548907546747953
1.3248530580220452
1.3179836819108532
1.3392909465563974
1.290782806152887
1.3336735108765643
1.2565993878663237
1.243081133082722
1.2060940344073348
1.2214655602679942
1.2019370942112537
1.1955480856867164
1.2034525336220407
1.1919447888388697
1.1712975277083904
1.1276083081584676
1.245383510672145
1.7509713343298272
1.6993528694252427
1.875145762197443
2.161304084591894
2.4723846518718164
2.723915005779263
2.589105888601357
2.7766464825823327
2.964891268281818
2.8108675454755803
3.159253900644873
3.3468663542864596
3.180329608393978
3.3842520618644008
3.408635554766448
3.491981883837599
3.6083806963242355
3.360924049877061
3.8235431712975765
4.172777724513404
3.870313204660508
3.6092888028727867
3.5616518434760307
3.5265803366445145
3.810323800295759
3.8042407879567857
3.959393176269943
4.393900960326907
4.195912672412348
3.8402647391919524
4.165041467974752
4.066648167467554
4.3267952322601975
3.9653766755793662
3.9452678158042174
3.777426729286764
3.0806378212688528
3.3325089039726943
3.691830731206613
3.52699316552416
3.327412163571029
3.4046824427461035
3.002163036082608
3.146325708300161
2.851200962115893
3.0797731186682555
3.0674774238291964
2.7328400402115114
2.763632092236125
2.703230744443656
2.9394271428079963
2.657791875909798
2.339025370452995
2.465092039008953
2.3469359108836954
2.394608686107798
2.390755534262056
2.362645986998439
2.151991103029384
1.9475332183466512
2.029970566598169
2.124095965197764
2.180409724516001
2.195464060532035
2.173562557677623
2.1570760488350906
1.9330634213398517
2.0870959794839443
2.3243225766236164
2.093783092092379
2.268308530992994
2.0575722491666317
1.738423170232015
2.164171658289218
1.9044229791976754
1.9973111003648159
1.7318018778507094
1.3447724854489163
1.2679212510273514
1.3097451757070981
1.2804725082179347
1.2959052812756724
1.2276355257541378
1.1967726264775027
1.1967387187986755
1.174150164227209
1.2211138572658333
1.1806681904873106
1.181612540292896
1.16630894819236
1.1407874704436083
1.1467111697390189
1.1707508177305856
1.1777331278241978
1.1588933261189516
1.2755057819798001
1.4663516091863267
1.5291384265232058
1.4735968042614886
1.7835482005978054
2.308427963410811
2.848474943951428
3.026339803077178
2.7430082780157585
2.9557616053032962
3.0238493210574626
3.7658188777185764
3.463503735106686
3.3148575447399944
3.5302369350049143
4.033583237214724
3.769576681073883
3.898905790183685
4.2408775341176295
3.908332028241986
3.699780084805408
4.380001439740075
3.7414196951365932
3.9838128700505058
3.73525295527439
3.8758521487076147
3.985336555932729
3.992561647371795
3.944629963910411
4.208846190857177
4.30964300483578
4.281931614214102
4.155547520128714
4.016827128212017
4.266644207676087
4.220159707984287
4.248007181967467
4.295272287984385
4.3852896139097854
3.8626985743412257
3.558361734790189
3.630291599301736
3.049484503108063
3.1926340550270083
3.3871380949828276
3.005260019227947
3.298210263817514
2.836218776428701
2.7334861848215968
2.743454795720279
2.7652379572265646
2.9360848367080377
3.0704836552313797
2.93912344060403
2.847945409200221
2.813082697367686
2.5854706586731053
2.2652681480810934
2.6699974596276728
2.524171237750307
2.3096392875627387
2.3615689438534475
2.721833663839788
2.5269027232576473
2.4205919219712815
2.4228513810481758
2.6238325803173144
2.5201579008573844
2.038714057285289
2.108546846233678
3.037654319834717
2.4284735581689656
1.775590847626621
1.7057459433084943
1.8314016501096444
2.4111056926046333
1.566896683927929
1.4927170471936007
1.402844289610453
2.059938806415239
1.5447036515253494
1.5480519683842207
1.447965620074684
1.3694988145983404
1.3367893327554792
1.4279628787121648
1.9409237399885506
2.6529319642392144
1.357474986681283
2.1914372386389522
2.0407977028281183
2.3874902075888165
2.2372380419522986
2.468780786689342
2.309740275708221
2.467207289482839
2.1954524307814056
2.392998924913413
2.1567430356739186
2.2903218955471596
2.4867156482255823
2.1865172268002357
2.8414031861632956
2.872731997696929
2.588224256508575
2.76877937214324
3.317429325592752
3.3396502188905535
3.209865189023709
3.4482154852143423
3.6216057020113315
3.686329413723384
4.349236312184841
4.419936446243374
4.291058170928851
4.3233478230558395
4.214352804714906
4.16760462507343
3.9518641536425596
3.8185259435236834
4.031593237149736
3.8067403833802995
3.91820390091315
3.6868884682730503
3.782350900678657
3.7252532357193213
4.07640570736704
4.145211212585308
3.891785523727333
3.7939024417956193
3.652526532939071
3.6333647009351764
3.7293389188305763
3.4568158987483053
3.6013454983341195
3.6162026918747063
3.4268948746592542
3.0978171442404343
2.74985371919442
3.0836979677956453
3.187315790734524
3.151035958538209
2.7884432517766267
2.8163498128848508
2.8758611196209176
2.8654540285490295
2.806236658613786
2.8470103087428176
2.7805879115782615
2.828398794813637
2.7748971609779893
2.7700752986469084
2.671573593117018
2.5845571583203273
2.5907168593535737
2.5154088120156417
2.352722779415161
2.2868737878424614
2.3446738936347415
2.225262052767649
2.401781965508105
2.422837594268197
2.1751527850313597
2.1229842711398015
1.9513079690318584
1.9047431328195517
2.3164874947492615
2.2203680261081997
2.676607042005711
2.2058664531215153
1.9457963920979482
1.9677497287572414
2.12157543487416
1.8976768625863416
1.7629945470953
1.6166641242485182
1.705322454352735
1.561479669159476
1.4509260354293163
1.3950857538659862
1.3418779588632883
1.4300621197368177
1.32062325638231
1.342890711736774
1.4338255380552587
1.3464941018892624
1.437936435112744
1.2934931899590387
1.3958852925909528
1.2726301412636132
1.3498136334349249
1.5192852166993926
1.6723841722261803
2.069389146522414
2.0366972758765938
1.929894454706997
2.2320872406054186
3.031655647225735
3.0419280669967543
2.972345639637152
3.0334387938831786
3.631908015317644
3.7471269100255093
3.8384550883971307
3.6360421211460228
3.668316451267139
3.922015569406386
3.7029766357373926
4.01182040124954
4.017404851740749
4.166965285522866
4.467651197471016
4.466764247114391
4.182678360097616
4.048030641626465
4.38651170945486
3.71383176602848
3.8641345450772198
4.011445946136061
4.353946248112348
4.3684757543286885
4.288817312774854
3.9587761767137106
3.739815167969026
4.136298838329347
3.82795361980509
3.8849159498330237
3.77914721190812
4.155376659624526
3.855827938621633
3.7099525740518944
3.689651628437476
3.617166631640753
3.6025365917327514
3.840420785038348
3.2235888422514876
3.0414988117864215
2.7821377862824836
3.0796629202289276
2.854406013107074
2.9545715382752857
2.7583987339898397
2.4574903970777413
2.492196362918838
2.4001036576671417
2.312385604391445
2.38887682481807
2.230064811297453
2.4248593824218045
2.288833777044428
2.488731083970731
2.1822339282822725
2.041553718237726
1.9854949321139619
2.012204754764236
1.9061180653334382
2.325392992099017
2.1748670392117533
1.9907747124454382
1.7418076362620274
1.7790659437849956
1.744517343785719
1.9986537423679767
1.7509519678241656
1.657661314420287
1.6561466358631924
1.7359702085684179
1.7740711840702637
1.7402335184580828
1.5529865871609283
1.689219912730517
1.6283709739303496
1.4962755072522043
1.48629977467803
1.5455730413940207
1.4306536964892138
1.3893074466819106
1.4030402662290327
1.4112517383687673
1.454183059283271
1.3664919644981917
1.3066079278725866
1.2385029493991186
1.319501202062451
1.3027191217118623
1.3974779981580512
1.3798395633770364
1.3912361051922177
1.3932688445981591
1.4055843312836884
1.5279254978481385
1.7745387639754397
1.9752524251447308
2.0189760446256613
1.9931634624544716
2.516771098028578
2.85606871998067
2.6501351646979754
2.9652235600810646
3.2290627086258255
3.1466067030499008
3.6719004484834175
4.323841374682162
3.9742800646357153
3.5302587820746334
3.706911421220288
3.6740791071872954
3.4274573611239716
3.8102025514115723
3.665577213217421
3.500684395601126
3.8391923813080413
3.749874072562947
3.904370840325301
3.976477643107272
3.924613119812657
3.9052052850581784
4.069293123412766
3.8260133161582033
4.017149468928641
3.7457908313910786
3.8911775622882936
3.6732130707934476
3.9504271938169184
4.337813247065748
4.385254703534319
3.989465300865708
3.5921316969795876
3.709508799864458
3.4613777494429137
3.1297973947812494
2.9405757334286218
2.7092151205817316
2.8383674955712825
2.7331255580414027
2.376362645585216
2.467000362987861
2.4743063155552654
2.8201067218400344
2.48335633389371
2.180750511928218
2.1834036113440574
2.394958272290551
2.1830062122161054
2.070565460272706
2.2129636655995926
2.559629219266074
2.5294888847737305
2.2711148878900773
2.354095158963078
2.3380714848689332
2.1696286220482346
2.0030321448911064
2.018806405968384
1.857059265694036
1.8116777011003358
1.9025918397296797
1.8729225276531087
1.7957263723925174
2.089470577072148
1.966530665541831
1.8980294091215186
1.7871627151142278
1.9494095375967642
1.8418072465906552
1.5734957959331277
1.8821929325108389
1.8013283872049861
1.8124125967189602
1.7305577112999613
1.6337787458952795
1.4228487094864746
1.4322330593133636
1.4278709545140655
1.4896746286329814
1.4006567546827957
1.4863372580920315
1.3807137661601512
1.569485889039198
1.447721371983064
1.4461305478578932
1.6594900384428928
1.4278549696287226
1.3869016824663702
1.33814585310219
1.2835560521275402
1.3264877029170496
1.3733348505841148
1.630929255169893
1.4726023204526584
1.5294234076769362
1.6062959143165472
1.5360705571779276
1.7505490790267297
1.781056363020185
1.8974477953760422
1.9660532241416155
2.1601318385098867
2.493456927755745
2.5147072341372443
2.301929417127417
2.3402316865574533
2.4922739397289595
2.5388258439576377
2.669849211778865
2.6133952897006356
2.1165834968690804
2.271235053879645
2.4859123506894147
2.5142634864570064
2.5274936566529904
2.20130842494541
2.363637576266631
2.3552342844409644
2.295732051406575
2.2154668738706937
2.428728385066364
2.3376142255423575
2.7466362834033005
2.9634898867917845
2.487388305605855
2.183438210388293
2.127112612610331
2.3756040594605508
2.192812250793369
2.1431564275533326
1.9924813855276562
2.2469888364105173
2.0549695903889376
2.0501264899107174
2.2061762610203592
1.9904387839333237
2.0842458287718477
2.096301992647928
1.990761140704625
1.997579800952515
1.9191208668584703
2.1020187305084033
2.3086542604428018
1.9443042574367146
1.8327293426878375
2.0434587115364935
1.860315919770383
1.95656525927474
1.825801795762969
1.8758756477075784
1.8579036362037438
1.5619861595425963
1.743085052452825
1.6941019529109334
1.608276524518267
1.564769247523844
1.5920779819320356
1.5862972084898768
1.527497031355326
1.5314678467511724
1.5181191077871525
1.461257802470149
1.6625778493551746
1.5783611220169216
1.5324511540497228
1.5579039120704845
1.4636587667967487
1.3086468581322306
1.2250824267246745
1.306116455688703
1.3150647273627316
1.2784705048982092
1.2758277682365378
1.2882175374544083
1.2952647895071048
1.2568352304549595
1.2446926809243604
1.3305647582327573
1.4572667208009107
1.182387898351207
1.149629381964073
1.1997787884160338
1.177062599255672
1.1685558128709628
1.2065050276008313
1.1980487596985487
1.1956438373663425
1.1816194665891184
1.1983862715819875
1.0880332721979342
1.2126052933072682
1.1269046988268185
1.1896309225848145
1.3160476786528414
1.193961287786715
1.3305217305109966
1.2406041846381348
1.3857409436331918
1.3119243688251496
1.501513210218173
1.501899585730454
1.673581913754968
1.6148087308014067
1.6951941315183012
1.6601233647378513
1.6027220967968476
1.708244533582549
1.8491029913128008
1.84489094016776
1.7967153879950675
2.092967817362032
2.0154487543302633
1.9816343383127366
2.1757451767080993
2.10390336654251
2.074463667809615
2.201755103396214
2.091080446524332
2.1087450725513723
2.097273992428733
2.022031538219301
2.1466608494149804
2.0510531013592144
1.9845094676853876
2.5328460824815715
2.295127059501396
1.9757090948687634
2.229969340391287
2.20897385755374
1.9833975872555596
2.106262905864869
2.0522567358725103
2.231056534289842
2.2466060248901365
1.9589165137985078
1.877303155673418
1.931459166404297
2.0099444892391896
1.9205328021581813
2.0542846689697747
2.1616894297692095
1.889842422021904
2.0153068527779756
1.8140695760352652
2.0189041663894747
1.8916278345622322
1.962609304729536
1.9494061923163923
2.1729561915274767
1.8823874179850615
2.144829042545007
2.0295102029177476
1.9976728172847342
1.6520735872593704
1.660413669534612
1.651414674228423
1.7819062143149909
1.4285225190307063
1.4494238938912527
1.413733436085186
1.4362753097907628
1.481665495164697
1.5614708236588162
1.3307702179517062
1.355677283342571
1.3143005713946576
1.2560965377474715
1.281407165811447
1.194184244089065
1.243454197389496
1.214332442415974
1.1876789379776964
1.2004378480427254
1.2180628862072127
1.152370058399263
1.18640361285854
1.175631920117872
1.1339026213250227
1.0992376915905546
1.08432119190269
1.1560567951747198
0.021642279743218303
5.110691898818956
3.5405572179146483
3.6921793535864436
3.514120191103541
3.2991278249308627
2.9912310529169095
3.1096078702862777
3.0766903810093926
2.9420431403470024
2.935776955256175
2.7321396319621627
2.519797515613237
2.827468010906138
2.4486678476505874
2.5650187102721476
2.381370095588384
2.3383601215164758
2.2895890002064974
2.332889284018678
2.0865633082020576
2.1761657018509757
2.2595961122115766
2.3927738151831357
2.479611837268105
2.559330822106091
2.2903014704253875
2.2486261418418056
2.0678207167100617
2.1745102747915404
2.1933077329564394
1.9718044670506556
1.956681345446279
1.7528198244977578
1.8269510281423884
2.006069322077829
2.0068407090407656
1.975413171291044
1.8591569681869196
1.5938262138354822
1.4543545081152665
1.6418579696165765
1.496566498612382
1.3611099751910114
1.293967623710477
1.4151440452042148
1.4197719854204622
1.4287458527294967
1.281040194841342
1.2220542609165097
1.2295228666998104
1.2191235684360564
1.2294664644139437
1.226113740140596
1.17040942258084
1.2039064296090827
1.2186984863234542
1.1321758165881124
1.2836303321148188
1.3021225170394046
1.6594718968397304
1.6760139341872589
2.0720438319444936
2.400524205650657
2.343890552246385
2.3805063478315116
2.5833069810136013
2.629886916069623
2.8436712676564393
3.253834063906243
3.569630960669102
3.3945092692009498
3.008242878411443
3.2487327533950525
3.5137456308128123
3.8475347642130413
3.8478975365932877
3.700343636293288
3.592371886541573
3.7258989653237826
3.9282688498422575
3.6967170868301453
3.927327611551281
3.9547128342745035
3.987004685740598
3.971220479333947
4.068686232373142
4.372050572072673
4.348608752697484
4.179884955394616
4.719621031711408
4.462710466119588
4.110082009055279
4.065714573352502
3.938491408643709
3.5107933315192086
3.6629244646398336
3.7161809967452197
3.490392288185404
3.7293415330374167
3.6365276916440084
3.4574388562602887
3.2933134389286263
3.2632481601814898
3.258154319557358
3.349014378991774
3.0637791467749573
3.1657720522275574
2.9223084453310215
3.1180741946817094
2.910930691509066
2.984685439984784
2.784459803307993
2.731860590982209
2.8622178101572846
2.6475021028805403
2.5742933579774476
2.784944377837956
2.5252386032749774
2.6981430427488844
2.7637000797509472
3.0250846748190776
2.8452210683693444
2.6528455676359015
2.5548564827177924
2.36467615674879
2.315093214537796
2.2851145220067317
1.705641740341331
1.868689842538764
1.6794098521750465
1.8947525953317552
1.9360131540134178
1.7397953779408175
1.8287657861277649
1.6618464074866683
1.6938226082511902
1.8270713692290943
1.7109376358923014
1.4420018531081606
1.598634977567514
1.5293844142393525
1.5188338887978978
1.4782108091269532
1.391791168695703
1.3017655470100935
1.5229889915784431
1.412719811639313
1.247057464096891
1.2284216695529613
1.271068063281817
1.2696056369847306
1.3008213939485422
1.2466300224713396
1.3217186817762705
1.3466929722127374
1.523550943215316
1.7739434850487072
2.0170042350561963
2.2059036078381835
2.31953337897797
2.988670320235288
2.923874295843301
3.049404945797984
3.3520856890158206
3.421918168095495
3.419519108363051
3.152121538869345
3.7031069944519666
3.731249021780652
3.551374233796447
3.7783759036409057
3.9298958325972535
3.8707844680174768
4.008426735549246
4.507410862242599
4.54904076707515
4.383848169997594
4.2592795198457996
4.220899774981374
4.299280630550181
4.564690942970094
4.576231435186862
4.81280864436337
4.839265481882555
4.920867335540091
4.777094387005019
4.489970831293218
4.039981667835397
3.828107328661243
3.587345048878326
3.7917024628874385
3.6564350964102252
3.384685792751446
3.532464995246407
3.592311432556024
3.4892138584711936
3.1590518354437447
3.230611795063604
3.3395335459175506
3.6372920407424862
3.5188827292080385
3.010504263222397
2.7209333235718716
2.6203905429879883
2.8060132518962444
2.6299434439664275
2.3533410587996837
2.5424814830471565
2.358881410289566
2.276260369924061
2.562241329152507
2.4866031247836613
2.74203867032555
2.3709229119411166
2.444250381497872
2.3083300779834133
2.2568537516197034
2.457044281073904
2.606589349021589
2.5063814495370016
2.483602038050307
2.578146134563695
2.703989512543835
2.42296148631624
2.5709994726010716
2.2608002008707886
2.2856296570822994
2.016771438036579
2.2930575425721793
1.753760943887738
1.8816413223209338
1.7131795074324998
1.7147925465266258
1.888076883059536
1.709680233710408
1.4496945004096256
1.483350192110462
1.3296145177669998
1.3981740702521692
1.390028666974239
1.2166983457087819
1.1907869314603063
1.1995486298823932
1.194453360439614
1.1392531417710063
1.0892659845084587
1.2795990410245122
1.1270752300714775
1.3084185688906143
1.3080224586359652
1.7339444886799655
1.7458017808562714
2.1012930138017114
2.1364107040538793
2.6566145751543493
2.6504496408929987
3.231930124086028
3.13854428454794
3.4135234755307864
3.3035961305795194
3.630957488898328
3.9951301054129558
4.746233055037205
4.315468832875029
4.167316515740181
4.120716752001208
4.662471244624561
4.1751774976532925
3.9443577859801597
3.774462430765147
3.763654871190843
3.630807035079251
3.5543150656137557
3.5813750228773524
3.6746220326859023
3.600556250019671
3.404556965383537
3.9287055952828607
3.93568011018719
4.53979617612465
3.725903905153722
4.193670434397291
4.070202207450581
3.808949602886493
3.777568455316508
3.624701115326129
3.9028067215824507
3.5311001043884978
3.227603300916273
3.128312893650521
3.371141110404824
3.296579352619371
2.829940547556643
2.670362966758665
2.493770839698026
2.3913291663569725
2.722181601365688
2.5588932189647053
2.519984095272133
2.5115160920527244
2.779464531889904
2.393651146718346
2.9451154098700365
2.491651355397849
2.464257992830953
2.2639368397273465
2.234871876541479
2.3316324468376544
1.9703927147466997
2.153863892050169
2.1518304297257913
2.0129883182527
2.0857720080969293
2.0903963200116142
2.0660895298495743
1.8735350458439228
1.7817356231045802
1.7670167498396923
1.8694144730099325
1.8084103222377446
1.7839707605180524
1.7302941364637237
1.8520262469231508
1.918892700601015
1.657044654524396
1.502552143861397
1.4416653601804763
1.4200521206901044
1.385172938441556
1.3563574162422716
1.5175713664344286
1.383072860852618
1.4003709436985337
1.357160198766991
1.3213553684263277
1.3726891908717354
1.3324231156239
1.3884785547597034
1.3656314776766556
1.2951437546665743
1.2789205237843158
1.3334738302275433
1.284421815428505
1.280109115911854
1.245241286601265
1.2462855705145055
1.3362077539388892
1.3835017460048422
1.3541844252909256
1.2640405315429573
1.228163974881958
1.4064580805558053
1.647245558258053
1.7351739831734363
1.627877366508354
1.9301293670582913
1.7661747541490946
1.6546372078614313
1.9063331122525653
1.568766984326146
1.8499727312530094
1.8710076950889696
1.9056806617515065
1.9846825590820771
2.0088201528360545
1.9887422530980148
2.4663976802770393
2.5615482192356844
2.596057311512245
2.843852906487893
2.480975370887022
2.4955140367223967
2.6950953963026745
2.6623083028343055
2.0276561183336237
2.285632348088138
2.133511975390317
2.2666787285570917
2.1298766803976745
2.005338891807351
1.8918943483236301
2.2712812972253427
1.9692900825509234
2.218760096735794
2.183366833702928
2.0931459348096695
1.9787355820425205
2.0754194234508843
1.9969584536465095
2.0593127478711133
2.3576235909163414
1.9301983784155026
1.7926554671687498
1.6327791773019407
1.7215371640458468
1.5757167696671779
1.702883326385473
1.5904276963672384
1.7582694105214711
1.6715901693608042
1.557123698242608
1.748107628648918
1.6809529176405
1.678996586497251
1.6678924989312185
1.4807959152688526
1.6137671084392173
1.5541057825669284
1.6184067910115585
1.5144112278077757
1.4332519220181348
1.4237060456102146
1.4654897514477405
1.357085610371617
1.384380648346094
1.395604682373093
1.426790897159431
1.3851507866970456
1.3566519341430026
1.2783059101545713
1.5167618392297866
1.5532675569848062
1.4663353943558015
1.4291585712764112
1.3303894455166696
1.221026998659315
1.2949126783735996
1.200155385585078
1.260892023470044
1.2086903397927813
1.2974643089815918
1.272812727495054
1.3921356651412857
1.1480998912941267
1.2888563228340792
1.4040686454069156
1.368855464690171
1.3430008025638016
1.5642281355371757
1.4578508149908904
1.4212371190128192
1.3756209495601328
1.3068205634071164
1.4424730950569349
1.3218325147393353
1.109884114347843
1.1509800269068986
1.1171476328026164
1.081609578614829
1.1285339488345014
1.0318509012690433
1.0987110916916587
1.1847248119599745
1.1985535078150114
1.2340181497065348
1.4029941761578721
1.2632857630903533
1.354222432160494
1.6312750407982985
1.3941445547979918
1.4272251242262564
1.3411182759247566
1.4097976870832158
1.3779743459073734
1.4606077680142935
1.3815518823650657
1.6333616409174452
1.620924193101368
1.4173890456867293
1.4828406111710006
1.485671939396985
1.5015734068609217
1.5982548643332828
1.7288225584447066
1.8892422522353383
2.1637087427928905
1.750574142373897
1.734830004312083
1.6698458638162337
1.831245922563805
1.929725866820312
1.96306864987781
2.0983370205751903
1.9041189948086616
2.1640565800784857
2.0054599198749825
2.20067031697622
2.117722732622489
1.7783310004666155
1.8367790298606839
1.942017159378408
1.7246413772819777
1.7752120799840574
1.6842761255648095
1.8198237084534168
1.7803082262577394
1.9066036473569943
1.736061483120963
1.8176531337828703
1.8963350233581715
2.031655133853026
1.8325045278131307
1.9695907563125568
1.8536542606717583
1.8147712025933194
2.139179339122531
2.091622448583717
2.0505694880900065
1.8611053426656146
1.8254369187287387
1.733954846695033
1.804923983541668
2.002237351784083
1.8030974877315058
1.6756837381766805
1.5594446511397737
1.625290256524907
1.680942937015625
1.5170598619862212
1.2589390960032123
1.3072394805779897
1.2370496019186037
1.2969152956567398
1.1810444789728516
1.2251425388685033
1.2383548704049507
1.199968590474293
1.175734973997569
1.1921958488467037
1.2360522236344058
1.1356653535818557
1.124297080754472
1.0985821075574087
1.108547682377569
1.1596305578265367
1.06667597318187
1.0619722979608426
1.0861255579153475
1.1043366333394058
1.1749285399661438
1.8121521405888883
1.9435499088185735
2.217170322602283
2.3416479236799512
2.3838439521110923
2.5057962212951237
2.615593657592367
2.5596564501466434
2.811982790104615
3.0395186434351156
3.2440153576670108
3.2087957260266284
3.3147522221906067
3.5062870551986394
3.6543177593970553
3.526956132852092
3.56821858620437
3.9052361863848497
3.7753380640323897
4.3215532256830995
3.9144258911986514
3.8451381024520663
3.6524656035974465
3.8954904870545164
3.864311402997238
3.7579278171657218
3.9366352386126846
4.0727192021069945
3.986782324018395
4.177247448275195
3.8556736035882837
4.214475771968231
3.973276759866288
4.411541875010343
4.647737150629784
4.149060338726874
3.5315839614373865
3.4482954853354655
3.5133032591481106
3.4186678612009147
3.3808667658788836
3.014164616283504
3.2162656820775477
2.90877870661431
2.9077122499780534
3.0832435495214954
3.2869072770719425
2.995799508298912
2.7209823765647587
2.354714864983525
2.344817360346905
2.370441701176153
2.3015288820958917
2.2402338658798846
2.1929967926677145
2.2526004564431417
2.2839096976473305
2.227969228171736
2.2489188900976793
2.207116379582419
2.2625594362452435
2.5323532481133517
2.5983235149886883
2.533464041526523
2.329388445690472
2.179678425189333
2.312433589618034
2.1082495370526497
2.056353776844652
2.08458306628484
1.9629880941118167
1.7474470722875295
2.028324354051286
2.221119119744275
2.2364500445837954
1.9409671851369579
2.0369923495575324
1.9191399288320634
1.811565747718683
1.8009722393896
1.4729671745795059
1.4896923781643079
1.471754321123566
1.3238120252074905
1.1690277615914453
1.3026990786770778
1.1166273863053122
1.0975859322220105
1.0738482553179896
1.171109930917455
1.1855460098692807
1.2124698475429163
1.1235867624400557
1.2035754912216403
1.310967289569571
1.4938292201421768
1.9508266652137178
1.9659440738324285
2.162470813000229
2.253007045011093
2.6064726587169558
3.1110678918956607
3.2680600974237244
3.3370853172808004
3.4553971545904907
4.402142017855151
4.171386019229864
4.0427003220799875
4.139589479214317
4.128490730594198
4.211554000927511
3.939901983737587
3.878730257452742
3.7893228393810436
3.916230168549328
4.06347319804555
4.201245564484672
4.330982649758542
4.234792126058905
4.26062856400346
4.193549856614648
4.380158301726546
4.241076852740218
4.110840233856167
4.191915492937469
4.064429725870712
4.013481461295563
4.146609201860211
3.9222357969704933
3.4645631555581042
3.5329810373463904
3.458288038960512
3.7504209036413254
3.8164434983133373
3.8689430657864996
3.662837339514219
3.274693740339243
3.019912378960165
2.8916128325108663
2.94921912501452
2.913596048685389
2.805557509149638
2.773371247313863
2.4532758722528873
2.412707800934137
2.449971764638592
2.544364261855184
2.5334565907592665
2.3541098211817393
2.695453489634236
2.5754857518394974
2.511377990573635
2.077820959841717
2.192771289795508
2.102863972959728
2.2075528347581934
2.1770657535541864
2.1361526239047164
2.176554438367672
2.3916292247379225
2.132940952219138
1.8985636711771274
1.8976744557649594
1.857946555982382
2.2748448200964093
1.9212298853977579
1.5777057615373848
1.5147545504450621
1.83847059733523
1.6368645052691917
1.7228110022041434
1.443187678798793
1.4810006129560804
1.4767331047133858
1.2397804696496828
1.2002662092525072
1.3655192745344422
1.1834378157471062
1.1598834939071996
1.1518742187789421
1.122590702775659
1.1647860712726237
1.0963208096504187
1.096700791255769
1.085614186045422
1.0655296924127815
1.2096296783778315
1.1967062251526288
1.0688671492142165
1.145443259699841
1.1674396913427285
1.151697728030084
1.4989902492269762
1.7884797806182833
2.0986885584021664
2.350540681340623
2.3904346871989492
2.5297334864596954
2.7761358662243034
2.9566067180013693
2.821213544372136
3.046005146035562
3.3602291523569963
3.2691402497736575
3.185755951755689
3.397508389258577
3.776679247953316
3.7147034554932152
3.749701317787146
3.5900626083139944
3.6611389471430273
3.280043688514865
3.4030837458970637
3.3996086266186025
3.654555072684459
3.5340373079379828
4.084412320745909
4.324507074085568
4.539351545469375
4.005831776749018
4.231374008762974
4.231387407839532
3.9899990238980885
4.059573993641397
3.4711306538508953
3.418857437712076
3.1967020344290376
3.094206199682599
2.963554122550003
3.21713850664963
3.492567440715934
3.014478345236632
2.879467330198409
3.098470972892861
2.683949616616841
2.582898750946655
2.4590333873218673
2.4180706900503854
2.369818217806526
2.5257776127816327
2.207245755852483
2.2277490738464176
2.0997373859527566
2.123902876407945
2.2059113594995536
2.1506072396131026
1.980299961772728
2.004051137558165
2.1014373783245817
2.1692689660520235
2.3586675004016473
2.247224637374946
2.2105367514645033
1.9560378764870734
1.852734492472512
2.0569007744577705
1.8913696894990368
1.6006604365144863
1.600535058937112
1.5366825997808928
1.62117854167211
1.640975209174538
1.5057134550267808
1.4248510413903983
1.4413367959725683
1.4725856951815566
1.513746680626975
1.4315119324704413
1.4566020502596846
1.4228166618032547
1.6993315320521378
1.572069119407313
1.6280961274821053
1.68941757413609
1.6684772273297679
1.5452316118912364
1.385912493059037
1.4137810234030743
1.4208782975327596
1.3037343162508703
1.5799499244129531
1.413060309841414
1.4252940366688582
1.3668486279448688
1.334535433043633
1.4481280509461376
1.5829277603033063
1.678671834691983
2.121175760265282
2.3361042956993257
2.353163012011994
2.548010308535137
2.688086089316571
2.8288287190278223
2.721506381324588
3.1963807627798686
3.3743867002164833
3.690681163161269
3.552462373289079
3.548308094106418
3.2984099012467456
3.421500946857116
3.2727026428028783
3.6009605280165635
3.5456537616496213
3.435846721547064
3.772862325758209
3.9447810129899317
3.5358882718803426
3.8778344922188266
3.7355998460798907
4.068819973740745
4.120673519565245
3.9851519502606756
3.778034735997811
3.8168015092657477
3.8432975392582795
3.779033028709216
3.792443917847371
3.7075251169108956
3.4010275936745282
3.320092512666367
3.4037232040611083
3.314458250386199
3.490952701763702
3.27577749493535
2.9625391050122074
3.1690356042193013
3.3776106115607845
3.295472838012318
3.1914218253945954
2.83278014532161
2.641393145590197
2.2469408014304886
2.223922774240505
2.314333103338976
2.2200989198628083
2.147800905741489
2.250363684713436
2.2236216186639584
2.3855166035747355
2.078420019030928
2.2159420023351797
2.228924516381217
2.297045719186492
2.2339565550018508
2.3325059377922073
2.482769533714797
2.497953092709485
2.1217399504446317
2.18991208580856
1.9695280359439047
2.050512471567391
2.027432372755944
1.8616054720232562
1.5315904021248739
1.8232016574736922
1.929976217118968
1.859130741715016
1.8886006280077428
1.9512506042512983
1.953735626738616
1.911966241597892
1.7709575338994836
1.6323158656671335
1.4558362101848148
1.8710181501479628
1.2441880411242179
1.2002950371221277
1.2510288020733253
1.220392950252966
1.1039725905103397
1.1927031597021744
1.2558369680731576
1.4207673950947959
1.303882036959177
1.2812974266229462
1.1755898913197926
1.2148965066456006
1.3652200890089987
1.378219245260233
1.6112816636322254
1.748607807139494
1.8068475896658998
2.0240003619281133
1.961175628697688
2.167286164244986
2.1273463050319763
2.5823844914037184
2.7627183096836303
2.463284629898744
2.567560894941119
2.6070750707455645
2.7021820640138876
2.828892280785134
2.827803260578719
3.1663192622019185
3.36464020384534
3.669523515897046
3.2239083434016713
3.350256765251863
3.7815296307218533
3.7323840228916927
3.7780421831432482
3.93052668018894
3.6072440635029404
3.7106782179334683
3.828529904254036
3.746730812178782
3.2565842710543778
3.496356341137513
3.5440341134937525
3.630746003122348
3.744129115618273
3.4930527706988634
3.4218480347679177
3.7793937541190736
3.251941407929163
3.54995500151304
3.4926026256499445
3.5152898387473375
3.1869866321741944
2.97437105782762
2.6033973886934336
2.879451217805665
2.6994691645254374
2.8026738576040096
3.0193515582770614
2.6942491848306007
2.391765746781095
2.1778977294649473
2.3160349250507792
2.1095298742135378
2.0384377373991183
1.7380992571881575
1.7950424188345047
1.8915039973432284
2.3491923203271665
2.367740778596567
2.2688937408074548
1.8049224960726755
1.9128741231623758
1.9470889659631865
1.85266709920596
1.8213268331019714
1.71665099110855
1.6520743625824674
1.672111077005292
1.8722959781149648
1.7595395227658488
1.869649084159061
1.7006382968961324
1.641101416652739
1.7104432053095626
1.6933540017106148
1.4921294185407694
1.6614113735060214
1.5710794456795714
1.4574494790400252
1.7898035222244106
1.6310229583906222
1.6095827923256787
1.315730362834169
1.2689327442094458
1.3125566903865198
1.2230779731971666
1.244905699784695
1.2193541026863415
1.153989408964299
1.0769592550066929
1.072835907810189
1.0851856115080882
1.1198483690515157
1.0662026978623786
1.165372267602069
1.1358213232891408
1.3552480705725
1.0775144945710589
1.1821923594539516
1.1325443505478667
1.1410880891280148
1.3229486070325027
1.5006299491898119
1.7100000395158816
1.7717745663482967
1.7926356423877996
1.6532955369503066
1.7585134589301707
2.051821382288685
1.8798743184977058
1.9073626572125082
1.9740743938775793
1.9767054424593276
2.2227872972093587
2.2319855004914846
2.149072218286693
1.9777273046648827
2.2179872094023256
2.2410557632886356
1.9985057015181324
1.9118998581822697
1.7440422811784932
1.9639454764046749
2.3265744423620776
2.3989768060029504
2.2808307411721698
1.9155900733778353
1.755767764137553
2.0545335901981563
1.8198263981727685
2.110406052546242
2.158138750146466
2.045131806041487
2.0955895113714136
2.2285253238160916
2.0581119226353444
2.0321048260887236
2.346798114640795
2.2606728475943476
2.1804838778223767
2.2560252968741867
2.2499886149365955
2.3334219041344832
2.171567041612717
2.1777410356092233
1.9883688383048084
2.0671195377085305
1.9220375139080301
1.7262844427701136
1.5659738314305331
1.6550530268939296
1.9904176154926363
1.73001447310589
1.8988374816545095
1.9567846449595039
2.0762154727893636
1.9370402488295049
1.907505781072318
2.1406925347918166
2.1416059383104376
1.9205794073733509
1.7240639530132131
1.7287694327050656
1.870289000106977
1.832119886635184
1.8505667255869038
1.548370084195141
1.4672400972744049
1.532057296828495
1.4711660421011354
1.5210694957276476
1.4414349815562197
1.5296285876147522
1.360151650123492
1.2767417004643038
1.2965064030669453
1.5142380276699605
1.3146821248509155
1.3190503224662895
1.2495603228595382
1.153603940364606
1.1839480310374735
1.5873278104093136
1.2953447284621697
1.1649314051636797
1.0936338623777742
1.0830957394758352
1.1095196093601782
1.1180041496874835
1.1319604651528021
1.1338078504240643
1.0877735024466018
1.085981723572972
1.0697541454814066
1.0170565947168106
1.0266340111628691
1.068395473067014
1.0598284452926088
1.0500446007411885
1.0750856993798155
1.4002963056929998
1.1925171434848147
1.2824164207003905
1.2579896875737822
1.30482161114376
1.2685384860184237
1.5106373901701469
1.6591428572720792
1.52012404521247
1.529771612183319
1.6588762606423122
1.5584989928489377
1.7316576798625796
1.6261139742381583
1.7452000635495126
1.6951451741478962
1.716627721673837
1.7790155055349917
1.5787651365884408
1.7762871862464165
1.8082288202359535
1.7564084976792602
1.6516661770203307
1.7291062019017192
1.9371116082712554
1.6950744419483244
1.7288219051808789
1.7678471854474942
1.8435604554735077
1.5784207697244808
1.603749522114577
1.7600004733291479
1.775440890376713
2.0891336987177636
1.7449731231832586
1.6975265465859215
1.7715231404786076
1.5213057869109594
1.7183754232453228
1.647914439068079
1.6327691121477979
1.6819933486060525
1.6498695952397662
1.4920027408826428
1.6647448626984762
1.6979620508383082
1.6278160493599558
1.6769813683458394
1.7008890685983726
1.7983675201495437
1.8012526770077488
1.8677505441544704
1.9038425064352829
1.8659186556300018
1.8810915775439747
1.8931619552709886
1.9748588845840447
1.8879265717324218
2.0274840495375774
1.8645957446834993
1.722731170568761
1.7643738103104443
1.7067497461242769
1.4693357369673932
1.6209875900798394
1.672510763626757
1.549376626653878
1.7351900086747905
1.4924230928235074
1.4519194429123843
1.5143729557782042
1.5797278333267564
1.5083086018124836
1.4033523834058443
1.2199355937343057
1.1808472320693766
1.1917865420269351
1.1213733792681384
1.1917802166240912
1.1734077563225536
1.0675486072907145
1.03960929529666
1.1592292954541412
1.1317178147577622
1.009993857086844
0.9894332069160305
0.9519136682802448
1.091646376733323
1.205543394378125
1.1024194960078402
1.2980736480089765
1.3199761192012875
1.3821448528822424
1.7985902771634665
1.8578031441784064
2.076745632484089
2.2858977344016993
2.407867073740632
2.6970791768781277
2.948115335844792
2.8741632416302068
3.1735385172648223
3.0590012430025237
3.4506528460682655
3.278594076066828
3.3680997571284794
3.5994356544394703
3.995744034281099
3.9832865111741733
3.9114366882938456
3.8541325422020183
4.30615073934128
4.175073565212117
4.043661140145157
4.237314433822948
4.538841248008204
4.28828289774909
4.2371863055813375
3.917451581049216
3.7588554562045813
3.921905437425753
3.930632305425014
4.029675869020203
3.7482415913024894
3.775072815786568
3.651459342080545
3.452930495332629
3.830062940221325
3.3800618355344736
3.676019696192173
3.292544524934782
3.5557863866713713
3.917495696932563
3.9015447015663387
3.9064872285993237
3.696214095271528
2.726692722858946
2.7981634965182316
2.796900394805973
2.5814099542517432
2.6486677275405577
2.7605927625445696
2.594693470349678
2.870694080540736
2.547688202391821
2.460786645322251
2.330497274744913
2.250587268653679
2.5536791232783096
2.2007562148552013
2.1338187686409866
2.2017008090602346
2.2543283711270896
2.1847503198683738
2.037234476582316
2.153258437219573
1.9745412050534523
2.042810435923652
2.0450243994263015
1.9592800239839698
2.0846876945634554
1.993095330703521
1.7875213049570156
1.8196744847928037
1.7623228151756611
1.7769263082604532
1.6384399615957286
1.8288728910420327
1.7148994109368392
1.6925752217813712
1.6136069303801681
1.5688732690193732
1.378810959558423
1.211886970461703
1.1706469972178468
1.3172555262631542
1.2877249380127473
1.2699855442697474
1.26275669475533
1.259859044835743
1.3730351609803513
1.195374007842536
1.1367945264270944
1.232638866931416
1.1517114301336528
1.5355686645840099
1.6866988283045061
1.5882084042956501
1.7277812987265215
1.9298020051784892
2.2914901577478313
2.3732361052423565
3.346708325883489
2.975307954672168
2.8733297168526226
2.9536388270531235
3.4095832398546233
3.363486772837111
3.5154117099639293
3.7093513549638537
3.975466755600824
4.00607034994984
4.163601444968705
5.014039466403664
4.099274295533855
3.6428207911206245
3.7510983434292884
4.141902749414305
3.73491262349261
3.6737495117099956
3.899367848904856
4.446226574869541
4.334337889803397
4.306026801061931
3.9244137616639767
3.7285485221177757
3.757352666522232
3.666044256139851
4.067296270003203
3.921778785712865
3.6375500591204872
3.9561000416164585
4.083989179451059
3.70902438304426
3.722678761248146
3.550434676980167
3.4861170905167813
3.176826989617419
3.414102983187633
3.31186574268479
3.072483429621302
3.0116989691018863
2.780261584525126
3.033844908813548
2.430820366606019
2.314964382640075
2.421076321960068
2.3975004377619733
2.5548589030025433
2.310205180066083
2.3852785961727863
2.4348236310526308
2.2514472481745966
2.410546113712956
2.278305901666987
2.3901291536306584
2.3154137277664244
2.2281167398134967
2.401249713912776
2.1571854996232527
2.1557252333496373
1.8306280697068094
2.0179106116557635
2.171125739379265
2.3070594803287072
2.063117191974732
1.9360874399980783
1.7834688289613396
1.8128215079123646
1.636120991627735
1.8476554065253838
1.6421310261269793
1.7963951266794442
1.4723792077841722
1.4155360795164307
1.547066795440951
1.465728131537678
1.355901653485444
1.4283838002272675
1.3077234267539917
1.332171262546908
1.4026210856077044
1.2666017157576706
1.4078778541377173
1.2230220511165244
1.190072056622975
1.2273492823352186
1.2462796717801459
1.1354206464998815
1.1934322593239255
1.2859707736869346
1.1171553277198893
1.1119199353387441
1.5075302802157384
1.8134936866022582
2.0576987440308363
2.254490090373649
2.2690321038922066
2.965169198756832
3.0695727899978182
3.0060447914182733
3.216745402567306
3.4304437441615723
3.328449851151521
3.555516242765962
3.586175928551023
3.697953856144389
3.738550982349975
3.6324750453318786
3.6420974787503564
3.816604601611517
3.842774726838316
3.867437406842901
3.876133117463577
3.596243580409074
3.7788255831188216
3.6377028572790637
3.625420832610247
3.6240009784741165
3.9353477826714363
4.280052819674233
4.367830591712771
4.270251947783496
4.139351430137243
3.9720651757604464
4.1870807332508155
3.8241609749240877
4.426708398346162
4.380338742821344
3.9565682090976306
4.068439281295614
4.021985693775407
3.9640991552095564
3.6873565547635083
3.8693542653616353
3.538667549369289
3.3791257966327493
3.1430346446671766
2.8918376984907774
2.849283342279456
2.630485917928765
2.71965317070276
3.2113876693843464
2.5344228460178804
2.755908583597626
2.5098458955458933
2.4814224382315855
2.5541444867430547
2.545638877586095
2.62229831582033
2.668961942503378
2.4895840659182786
2.3613577493867415
2.4718377996815617
2.574865735256484
2.9308532588389595
10.108322369842845
3.1623375811282726
2.288014868282005
2.2876561570994705
1.9965633532684615
2.0105769299399308
1.8578528737781794
1.9665890135436348
1.8400151683905075
1.633286959404891
1.9275822349783511
1.6339266966602544
1.7487852406075188
1.8178756220201047
1.816155447614247
1.7473218408610127
1.6936603048502192
1.6725057641446184
1.4563134564748745
1.459759268632055
1.4332200937413737
1.3638154635755655
1.327873928993159
1.2828414275987043
1.3238900094847017
1.3219698662986117
1.3167281327654827
1.2963967397395744
1.2795338104025067
1.1904736862834968
1.287653920708068
1.7005313158630457
2.011695489096879
2.0343634498045216
2.078551440084206
2.148601605377071
2.4501279451304088
2.5067655417819594
2.8710095832039304
2.945843541620916
3.1159358918106226
2.929334674860521
3.267901601696785
3.2393367322275988
3.521421631651352
3.314172042490455
3.2732080386715148
3.596557873541598
3.979193890913346
3.6765820934272337
3.6064549238724073
3.7256558748503363
3.8501921170866655
3.918245959671372
4.098458970004889
4.10094783677243
4.096088252425151
3.8695702366346074
3.824705630128171
3.8942188438939844
3.7656167796467606
3.9679490354669933
4.008076726738766
3.754460019301734
3.6045518609108873
3.5049579808047184
3.561645816757056
3.607957005987111
3.2283659139956615
3.2281434146890677
3.4378676749387465
3.582986966546451
3.4218187682195587
3.4597485571449322
3.3417535328899524
3.045105615843519
3.1255387047545495
2.776603830345972
2.8515135151483633
2.772113662976758
2.5767870652074056
2.520684015426695
2.429848114132542
2.4830861662271717
2.584149934695195
2.2983093614981818
2.150870888219887
2.1792330058568785
2.275476162172775
2.2610858279258883
2.165997680028324
2.5352436641288945
2.428624613276123
2.7130487422116216
2.6189283514864
2.6519810217475652
2.249910997862523
2.3013444434162578
2.1963278624849076
2.0964096551081908
2.072574508759902
1.8739931066692714
1.8210172787172731
2.175081069546799
3.084946580486722
2.1722723829896595
1.525109299809495
1.703436374370144
1.6003182707752028
1.4132344563356558
1.4003504754475518
1.3414066227995742
1.3179126209759038
1.3187226732728958
1.336109604569738
1.317448470107808
1.2738040752114745
1.2827621145290689
1.260127533297298
1.202611226507004
1.2944915606756766
1.2630742232013865
1.205090483355546
1.2259591351018804
1.2619805784133853
1.164879937320825
1.170830348425866
1.1642161769697679
1.3757781561431228
1.7467395701572772
1.7428178587957124
2.0762117363290415
1.9777941046777343
2.2772808587413294
2.680419141505707
2.5747036558479444
2.6496620753382665
2.8777462209553804
3.0588671945577506
2.951854626724258
3.0970887542027934
3.425628964774791
3.422200672878352
3.3177060861966763
3.3938466594851477
3.5280104136346697
3.8846204599817287
3.7451251834823434
3.6152957333709796
3.4701665809195466
3.452232382732854
3.8157356807767577
3.8864738757989072
3.9899000562039126
3.781691298764192
4.216051894837866
4.2389128089586485
3.927517205677187
4.067354731193093
4.491660466369498
4.197175105670849
3.735477176531601
3.7800359012998164
3.761179570504013
3.5447438202220107
3.3489015420659203
3.6686514069107803
3.5776254089570654
3.591845726637927
3.5910487161333084
3.6471880424891436
3.197796883291229
2.85827811605972
2.9141867547755966
2.6674647577117456
2.647476851313191
2.4638449310290156
2.3298746864061837
2.3993497649691533
2.399588610971152
2.37073669563768
2.331249767474803
2.1502477305704844
2.069957335573086
1.9606529178214192
2.0410901229263647
2.245019017662241
2.0850736491841064
1.9088947945725543
1.8826640306298212
1.8639072197089384
1.9514357202698096
1.6076254150223583
1.6757451288469827
1.7671444898131652
1.740053444500457
1.8024038587943418
1.659276344395745
1.8167434978738306
1.5955767182667306
1.5900348312046984
1.440603825657317
1.431780675337636
1.4902246482501322
1.4156283085263013
1.3622453838295325
1.3054930005504213
1.283905443867211
1.265876870523673
1.2504235237188723
1.2441698602726317
1.2101756860972355
1.187319005709304
1.1899030836779625
1.1810063012068024
1.1900190517057434
1.2139214190523253
1.207260203458614
1.251143051092476
1.2110036298060716
1.1757219574033362
1.1377751380009904
1.2066947825218006
1.1723986522178136
1.1806325368469146
1.14273659972107
1.1676946095189287
1.6299698943280783
1.4621869650434778
1.5282798040256438
1.6960816958833085
1.5898561099877622
1.5850661855695867
1.488524435453419
1.6639242147572244
1.5594664322693512
1.5655892239850873
1.7048054316066825
1.887012067985352
1.953221464126652
2.0382604928656636
2.0823542443002383
1.9041048871141448
1.9469278798484788
2.0840832819403214
1.993402638490899
1.9276322282917466
2.109098748746497
2.050231742645102
2.3098047994496262
2.0813164983430323
1.9460468653470258
1.8002948705439663
1.806828029546201
2.4056861199255386
2.256867264502653
2.3582780328781645
2.098526954766307
2.1283934943115237
1.98813360511079
2.0945811737614104
1.9941194649640162
2.0491315335138847
1.978664230975402
2.1918635542714604
2.1424295032134277
2.166331847545613
2.030546806455758
2.006673910646713
1.866865302665759
1.9706142101235762
2.117934603550855
1.792535204088315
1.9157239774221857
1.765550172633308
1.8079585417247295
1.6837395752954314
1.7899149102626684
2.0638018054937843
1.69620083044139
1.8464987181330115
1.6578585012699878
1.7217686752103436
1.6294892353455699
1.5973029386067148
1.641446291972301
1.7196300803463989
1.6571550888047246
1.6406601482134264
1.6583291158636286
1.6414349290862829
1.600109514796646
1.5415238652642258
1.6280287489013059
1.769862750540042
1.7735493956440624
1.607044052204531
1.4871918359961822
1.699055894628787
1.5813526458536231
1.4042919336429995
1.386437632205097
1.344459683099341
1.3220190056364758
1.3290685957448052
1.2465174806505217
1.2741487741215916
1.2077327519884171
1.1952218376630122
1.2148904990522087
1.2238672193926645
1.1748478723006843
1.1754110326070764
1.2005293296554984
1.1963988265801198
1.1546499109131962
1.1882051309401347
1.1833075262944097
1.1616306062454775
1.1667904283510082
1.1808416895471012
1.173728829933407
1.1596046141443426
1.2702196213523622
1.2674938734674424
1.2730911807803618
1.486198268864556
1.2243454459486656
1.4052562995060334
1.33143878979921
1.3230724997435275
1.4691126313463991
1.2586854896267028
1.405535279118961
1.4356796109056902
1.4521274990514363
1.486807132473981
1.5172313550259588
1.521196301956822
1.6168308135640543
1.5647429920729858
1.605824962271007
1.6412597562050428
1.8519365393069187
1.7624500098753895
1.8092061592105808
1.7585011276903237
1.7459019520535541
1.615503852390916
1.5734643993663142
1.74833326482505
1.7175432753194173
1.6808952803213415
1.7930936038382905
1.9951316665036023
1.8983400141242504
2.075060019846627
1.869298126057872
1.8982126776762862
1.9231294933065375
1.9253219303130127
1.9659523281081346
2.1151414317305397
2.0977379517101924
2.1109378833372228
2.109600502487874
2.078465830061375
2.025458501357684
2.0447616847097927
1.9100096729431
1.7522666710952628
1.7528855053405883
1.8226362008135346
1.9896001029950785
2.227156664794106
2.1370872661455085
2.06023582287642
1.9503175068403729
2.0828484745460574
2.2123327162595765
1.9991753990902077
1.8846723941178973
1.9610492636652153
2.0139881756780382
1.897076910145604
1.6872817858006688
1.7333790378669411
1.6669113145600432
1.6738823069480968
1.5576781833780675
1.6923221240115562
1.5224114098272856
1.4182586589549468
1.3592860053379343
1.4922227533114352
1.5033450000146946
1.6487287409072156
1.4143534008552725
1.3380327362804136
1.3069651968134803
1.2706977049989412
1.4767050933036294
1.3110327058787719
1.196638897298305
1.1478843511486163
1.2741643854291853
1.1803689968768392
1.2040665797248211
1.1538703404096353
1.031284845932315
1.0460366673515527
1.0185021269200643
1.0339484388532127
1.0268596109024868
0.9498750612430015
1.1403291056828835
1.2799526709970674
1.4354403093011265
1.616404751278577
1.748696225344064
1.8442200824223867
1.8605823319316097
1.79079270055505
1.8365954805496463
1.9204914689380777
1.0792481883025677
2.3442796640013057
2.17365337198921
1.9877828839314433
2.2216489611780506
2.3273624743202883
2.2019619546077824
2.551087888195292
2.4574904744062964
2.6394921981789246
2.589183562651971
2.7514565061137746
2.7657658484874363
2.8105903542198907
3.0403901408326792
2.8429790055541084
2.73717299373356
2.59646637297961
2.7900083795973414
2.855285813819395
2.9296769878801174
2.8833765351247047
3.0092564621591578
2.8887102705117513
2.827542374520805
2.8318189210061138
3.1003237226576257
3.0924768915458674
2.9468900832321925
3.111261119096479
2.9851875219533475
2.883425235752279
2.4035261392266696
2.7630880410103758
2.2696226780434556
2.303578194834754
2.2223760647694037
2.009115113869466
2.1016960088773184
2.1206322889039435
1.9261988575745677
2.257600510424414
2.1361165232812094
2.032465081867884
1.8527725092907146
1.785144508003301
1.8903372158984915
1.9119873807442374
1.7928412740716544
1.8449297245387979
1.8402659616945745
1.8019859269371286
1.9967130343432826
1.99087637152245
1.92018450152543
1.8742831868252232
1.9862677978426695
1.7556868616846835
1.7506264967657872
1.6110987755958517
1.6401021331864143
1.5538249877081656
1.4916137588603056
1.381092888409305
1.40111333122938
1.5031213828282337
1.4400654567011357
1.4381344010100219
1.377711747283183
1.3446967293695822
1.289583981991884
1.2459523007539046
1.2354524402324858
1.2368919837396137
1.1420893134706722
1.1068167181586008
1.0782184150630871
1.1178392766249559
1.0714950923181952
1.042975440428822
1.0636722315107585
1.073393345067302
1.0379957265690043
1.0324825892264813
1.0417999213830706
1.1185325161562907
1.0676091214374932
1.277248394390614
1.4569907700073135
1.535456315064226
1.8049014214618977
1.8042637648580817
2.103588429601909
2.1752483715306883
2.6694911671115564
2.561798676769675
2.797393448727732
2.948444088533993
3.234846619140933
2.9858158828338586
3.0602061300990515
3.485569789376432
3.362383551565415
3.476121310079618
3.549739534637443
3.4555484167698474
3.5922019881284157
3.60180255541825
3.118205881524299
3.250830440901907
3.2255287865006586
3.577105546610835
3.648387399798195
3.520647937421588
3.6123296456427796
3.5923602136997648
3.4905210146770362
3.5728357938846482
3.4678374496391178
3.356562642992358
3.5981611778060745
3.498913998238875
3.0702057011551305
3.1386267054870385
3.0509676762479327
3.197742489807764
2.944463837313221
3.1855222899816167
2.8910058316467975
3.3579210173011425
2.9299824253433098
2.836086134804731
2.538075038275997
2.834396491937652
2.557118581740061
2.5445208217593387
2.4008457437815216
2.3583914551693694
2.4878003844990024
2.2218243032867644
2.155653795687446
2.4364270906534
2.3823811744967576
2.442285472598676
2.4639558870556755
2.279009706446404
2.4923053822689667
2.545575272716079
2.0799950254788118
2.265870569558117
1.925060562103528
1.8833340103194658
1.879465020413618
1.8712689245529983
1.8663552694939751
1.8109594635486874
1.5914645935059997
1.6265899679085682
1.5237338473274284
1.581704673246969
1.4955059249601153
1.5118481686203795
1.5261979674064166
1.4932228441151472
1.507732166286098
1.496163919188126
1.451870953352079
1.4842083790754397
1.458349381767267
1.3071128733964557
1.2829872516515273
1.2333685827912615
1.279281873658648
1.228138238373462
1.199680008185034
1.1981661065520954
1.189389088676634
1.1673561576463232
1.1307171885483749
1.1117377161409512
1.123449819959027
1.0796763289971694
1.0938592364964563
1.230067039125564
1.3519410266954999
1.3506008445002473
1.6609403976179378
1.8011064355889026
2.0320102046370634
2.3048813928777014
2.471199144361453
2.53627664169334
2.698787635424822
2.910557798785922
2.717035841167477
2.961422995421149
3.14813947859533
3.4740854483095194
3.2685257318163923
3.25465382627088
3.260276219484823
3.2669599602829495
3.0375807432078283
3.3012109552019386
3.147921122641895
3.1470124356487665
3.2520488157032132
3.388973547827786
3.3967493859440485
3.1806180701717546
3.0643698489807676
3.153298135054794
3.2426244627270213
3.4242407335618426
3.43151306332446
3.4037792736004766
3.3234473973849363
3.0345006999873907
3.0612762046774997
2.984060308121166
3.172420762406258
2.8760392823831027
2.5192145309453613
2.7144151845195967
2.6075019237010295
2.8279207745721853
2.869684589077649
2.7301336656783577
2.679372496503886
2.627569679679768
2.3377616600667994
2.6700250182821126
2.505538501838964
2.5328107793550863
2.570235716091047
2.642959995959298
2.3887316985454903
2.5452094284566065
2.2175665374078077
2.3369776001646594
2.237357355375089
2.129653697804115
2.110675536993031
2.031301671510999
1.7297393339621343
1.8823159628650856
1.7570204520295172
1.730183589421534
1.7775551258951592
1.8514365084293147
1.6560247850865042
1.6900509519389217
1.8018075976915597
1.827523292919123
1.8785195620703306
1.7460203811532158
1.5984118164638912
1.5614255179535685
1.594644459334101
1.6534314020036813
1.8830178386626877
1.5733430388233032
1.5313369093376528
1.4774293817549198
1.4150416864898332
1.509740489224249
1.3725355289203487
1.305105617227707
1.3393863392517054
1.3520252863751074
1.3866870505860383
1.3597283433829987
1.362034211782837
1.3090659719857733
1.250596136565376
1.2326833533899548
1.3112830949223617
1.2886944624540346
1.3254608214772015
1.4740671925633073
1.5239345232801684
1.603741201149135
1.8053671714872697
2.1518185048440897
1.78474283109974
2.1232271007777173
2.467767548036093
2.3265887546637103
2.9950043432769657
2.839759891925515
3.021254684094529
2.9657844462297622
3.149919305666928
3.192354391107345
3.1929847242129314
3.0064421709152023
3.0311344536914997
3.1204599748048225
3.4917621410339756
3.522951670916735
3.603341289435784
3.1418939466610873
2.9460380700090765
2.9771065886130748
3.1473773702903136
3.2832130294771886
3.423342903242575
3.6735623928430394
3.6526673999052663
3.8604471165305116
3.565844746557759
3.718689377980521
3.8025727820873074
3.56646737853875
3.4808798121975806
2.9092623742702166
2.9828260603823242
3.253668900690971
2.9524951113836115
3.30221030839493
3.1533094901109346
3.1780839618839396
3.057665417974655
2.891960402869556
2.5432764501144574
2.346785047979473
2.247219887371463
2.2282120901229097
2.2904182394484796
1.9770989126079743
2.001098247036674
1.8908127621649475
1.8739793761535743
2.0061810117766647
2.1236553690239672
2.265211764787147
2.0522773119132434
2.061366904120647
1.882986861046039
1.9971231052464395
1.8447124689655088
1.955873037844163
1.9415796609845517
1.9603821084581936
1.9766502976190286
1.9686453432634474
1.9069519673529678
2.0886318250559555
2.096829975689323
2.0138225850175657
1.935258117573639
1.8890523678338513
1.8862505202608386
1.818424823592185
1.7863581044171575
1.7389274095804117
1.77658593541635
1.668014901271161
1.57785164003434
1.5527627034703357
1.5956882748888872
1.5499974827329097
1.524479510376337
1.5236341075396262
1.5150518050219233
1.4988004739045564
1.5472872809985883
1.5036728242840016
1.4665998745428233
1.4597234320664434
1.427183757233593
1.4377560117414256
1.4149788945303214
1.4420098538560004
1.4157244262185518
1.4114137508200812
1.399084687951211
1.495493960360698
1.5608465683400021
1.7724171882029984
1.823090761017818
2.0355737318216
2.3339555591840404
2.4379445236121056
2.7787909667150843
2.497947988583321
2.864594557664878
2.765010292437783
2.6874419792652855
2.594973778228511
2.8535631870502347
2.84008789409426
2.964882360068969
3.1790614922091507
2.9745451541507975
2.8986588835434888
2.9499909971589457
2.5856488085630898
3.0171753259999172
3.528556843032902
3.612988634683523
3.482038150411504
3.0764449352459082
3.12970272652832
3.2151219197541923
3.3836891665037707
3.191771058200595
3.2053308391826296
3.028770493288163
2.9490300086548347
3.4390321504009425
3.0732631343774717
2.959746253622412
2.775734687631143
2.207018591517268
2.3919534369126585
2.4936250180933595
2.9613833658724036
2.7065029419981412
2.789930840322704
2.4968268172365433
2.266475907639685
2.3193297793100136
2.5441021460048017
2.5005674364765307
2.3240150184392925
2.063960224884539
2.0429885930455396
2.0951865297489065
1.9951618416415775
2.138373995060451
1.9222810761421374
1.8585999495734888
1.9079972845371151
1.9176198637099804
2.0612209306269436
2.049428943643773
2.1210861078381527
1.7914127667081388
1.813121701114766
1.7985509317258317
1.881804462033563
1.7111562534968732
1.8565565804585933
1.9097428008313648
1.9217329647821915
1.8269267151645852
1.8888552853895517
1.666686025674424
1.6082490148799025
1.599274575502759
1.5489006128331995
1.53954779397522
1.5132383067100712
1.5444072249493255
1.565103466942171
1.504600555673094
1.4814964863413325
1.3523146804623554
1.3731439401168253
1.4169244676094044
1.3381967834468342
1.3226958618971785
1.3277386337118544
1.3290157828194693
1.3342882285871838
1.3246929137445074
1.328295058113004
1.3092918145753474
1.3341129158389575
1.2758862848923094
1.2953394046174584
1.3263572148412182
1.32281409647922
1.3132142141404686
1.3345893975260488
1.3678568343592084
1.5244332051833926
1.4560204172594493
1.4369732891544211
1.5961786112280563
1.6435717792713969
1.635831866555349
1.613387076325523
1.8592506798160198
1.876575789822891
2.215057308411557
2.278607167643743
2.1841042456087174
2.1772359703881867
2.197963858108513
2.5097883222327453
2.4847310737983976
2.30353552766224
2.205979141709006
2.1693133353886385
2.031256232553901
1.9312776921169779
2.203860549824213
2.0568175216877136
2.183168692633676
2.0423068930285013
2.0571629135602616
2.1357385836211464
2.2309109663386777
2.165864181027761
2.05985366216278
2.0559311413957575
2.0072453569817776
2.1947165255314114
1.8754286292311704
2.0679062451106702
2.1034914508571343
2.498076566747592
2.408511754755806
2.218114138014959
1.9222504423958835
2.2695193827989604
2.045606697737424
2.030722441840882
1.9790649715932114
2.1320849021212678
1.807066808185882
1.8353497795548075
1.8716609488075633
1.8751435104615106
2.0302783963147855
1.860941705312649
1.8502017459649813
1.9240318556497529
1.796906889894754
1.843373577204651
1.896220695421424
1.8604850785841138
1.8223752477654054
1.8418574862976087
1.7456674179264253
1.8594179214708193
1.9571240810453885
1.811040417185602
1.8069708455487377
1.759042082331588
1.8004623415841041
1.7390786036415518
1.7309453442730123
1.7026512850122038
1.5697882440074766
1.5987361632365535
1.5497272808109541
1.508917966180289
1.5114033490054506
1.4712728698883144
1.556250678821386
1.4981469334723325
1.4280605282124286
1.4842223262254488
1.4477388709309829
1.3700744681007673
1.3414615658379723
1.4974213174119442
1.3966471422581166
1.378763959368455
1.3533469117297916
1.354388516968196
1.2994887435338456
1.3245330794090808
1.3034970117638993
1.2685034587584174
1.2989390199045525
1.2875833759422795
1.2890545247189111
1.3182835816144889
1.3135014191726022
1.3071377163316575
1.3399936511620274
1.336295930932133
1.3449976174450953
1.3800975232167978
1.3458329329724754
1.4054879756011966
1.4144553295550384
1.3814968904591536
1.4328171557891474
1.6780587803897717
1.6582083955970937
1.5874541136148819
1.5141262980959074
1.6855134258357027
1.6732672665877786
1.693169652049401
1.5114425509742573
1.720754226977354
1.6365972715769672
1.8414132949967583
1.959770026159945
1.6838994132613987
1.6599148509249468
1.70923412873779
1.772785098033373
1.7064282430116664
1.8294958856435575
1.6391089871558961
1.650542645875496
1.629707997343213
1.5949887771240783
1.5506421948703788
1.6226839603448944
1.623788624351934
1.6496826615262095
1.6439189879373783
1.6693230959401346
1.784975559406009
1.8148953463878075
1.7235227804017792
1.6638288012456717
1.6809079324901905
1.6846091062679152
1.852603275715364
1.816909052160501
1.9016505064484621
1.9782993124332742
1.7464151760613031
1.7507786839106931
1.6591717707818092
1.8195833858478838
2.0901022594454965
2.0556915621565244
1.7971756821318647
1.603506512067082
1.6588339940790933
1.6666650846235487
1.8116251779263879
1.5291795072340528
1.6740186986979062
1.6909827618731925
1.637335553219319
1.5440230363668475
1.5417860248911837
1.5304077111194465
1.5843623629128463
1.4656296787556218
1.5135065129616667
1.3994285426243276
1.3992328737722115
1.3666217692949214
1.329513072980698
1.3280132174216168
1.3128045370012413
1.301248239334639
1.2979292171605836
1.3076976516510173
1.2530376463815767
1.3309461279282255
1.3241501245093463
1.2761180385267141
1.2925318749795853
1.3133289915498243
1.2734108544917466
1.2870392947584275
1.2986283692818403
1.2985345168572004
1.21616297321197
1.2324892774835257
1.2725441324466982
1.4648584920131047
2.2681499935945957
2.48675345261213
2.5061402559770873
2.5015767906977526
2.5261957205486563
2.587120656904193
2.86916624490446
2.922288493220167
3.0861104151956957
3.1768396526563967
2.7646431615259206
2.884009794209905
2.9581115524551977
3.0966587873790563
3.31625866357552
3.257891424150355
3.3299833484819596
3.6168812738456917
3.159091657459398
3.070133452212761
3.5173032849079093
3.0210796785230896
3.3541378422863537
3.585812239608464
3.3849743247755
3.1655463472786667
3.326467544798062
3.3404171973505963
3.55908321738187
3.0801515126341283
3.1997982639733933
3.277090114015228
3.125745282164503
3.091422940976683
3.257364309364111
3.3993220093707346
3.4149646227163766
3.049093512982914
3.29258387600538
3.3707378923511593
3.0796121803938923
2.880737290041796
2.9128424077845194
2.9479042127333526
2.717809145152451
2.388625865452344
2.3509666222628836
2.3995804668037386
2.701736793077005
2.3554021802711893
2.3029979376446867
2.3774519520488413
2.1623714038504405
2.249781169052818
2.352835315249601
2.422712751341637
2.1723406535403416
2.0307990022297506
2.0317843102013073
2.0283904855825083
2.2318666356782573
2.287695063884772
1.9410881917611897
1.9688140092771615
1.9344038144529
1.9322067598997221
1.915359087560495
2.006220613445176
2.235064594072821
2.2409189440435813
2.0819795680856226
2.1136396510277713
2.146843512567037
2.091034824089597
1.683262548367615
1.5710240036786989
1.7848877822091709
1.9392884955329208
1.562028086709107
1.473702759890508
1.4958922058744095
1.4831090109356104
1.4112097757923352
1.4144140455858918
1.4641313711201298
1.4217233673650747
1.32606498153951
1.3872993994605107
1.3511212854817005
1.3402319366543538
1.3079009384948344
1.3733058234981077
1.377182325632639
1.3257575120373095
1.643555049563105
1.485803677509807
1.7815589367787008
1.992810987969147
2.049814533547665
2.360530990418367
2.5067861570986745
2.7945707466028944
3.0387481019535385
3.372650865887111
3.614611476946583
3.367491688825968
3.2202280387651343
3.2749341488797357
3.19327718556175
3.223761979476145
3.566809784618124
3.884120369073461
3.7016988441726806
3.758828069408287
3.3949370399788097
3.649224244874547
3.631102495149187
3.439875120086606
3.3722375335877914
3.797588363400005
3.806642231591493
3.785962685648918
3.7650976605289395
3.33845944135006
3.765266614163626
3.4082229807255744
3.4234749562263
3.3667118840289607
3.5241241100626857
3.2364966349126862
3.4435797573253684
3.3358332652183305
3.1653525256755515
3.393616985081031
3.0713489827930984
3.2966844774370845
3.3562958707131587
3.1929115115277824
2.9550952769179473
2.8667598975809923
2.6676944529079507
2.331708625257348
2.2607417412050266
2.4049099379907632
2.488275871033644
2.530680508567182
2.380271818088235
2.1986784084149207
2.4382299001162333
2.180837005601601
2.2286285423239334
2.2158311322955555
2.227287905855143
2.128876237742674
2.520589341990413
2.7340485704210677
2.3923984565709775
2.4804834976871417
2.4473938686102694
2.2674672938571594
2.569774823802512
2.387068438095378
2.0462190257473756
1.93824853133777
1.9337926936771175
1.7884573048431216
2.2109325780884577
1.8570972334936764
1.9042555487493158
1.9076212570633957
1.809105203723039
1.7746960577709339
1.766554477075302
1.6547847735756294
1.6601803711074308
1.669410658206764
1.6226972693579746
1.6123048491931185
1.6750053943427656
1.5951355793535626
1.568851119980898
1.539070315888612
1.5467067334951836
1.5303205131762927
1.5205112223744823
1.549978457716849
1.5892731203805903
1.5541119308877969
1.4951081935173625
1.5859401235215858
1.5458085643127917
1.5569938391381233
1.6856150756799357
1.7844462086693316
1.9066181132786266
2.116451208147316
2.2714232216967494
2.205875148395156
2.042072353671781
2.258731668282807
2.4844616938401405
2.764238256690985
2.7517116773259707
2.835170300735871
3.2292264550760605
3.3287879608004967
3.1962267997553253
3.52152667471262
3.5871663965089615
3.3158853143571916
3.140496586413601
2.9387549842970198
2.9286554488482177
3.1506119615214487
3.237013461476129
3.1840860090299827
2.943282076968743
3.1807620430511285
3.1743491697990716
3.5186063014608924
2.9828495043728824
3.197090612239198
3.283166770824207
3.650704516559463
3.7427189392237645
3.7765867371971398
3.4145201805533967
3.1672348368684267
3.041301722944411
3.0242171554031976
3.335593638310147
3.2906789794864935
3.131487846525696
3.1588780054423693
2.976959176288962
2.6606278648171937
2.549783116056741
2.4834483247801997
2.4652484171532305
2.3185784197680075
2.2389461725899213
2.1280516729219854
2.0947328007132686
1.9869443632285728
1.9992863751961139
1.9988079408063713
2.2961535764297434
2.2613130600766977
2.3205959751693057
2.825259926961302
2.5172240496316913
2.310344024399518
2.0279414464331413
2.0129042230898784
2.043366446807316
1.9495279595791042
1.8718325278125647
1.8206614947815023
1.842955794560856
1.7977793748305217
1.7621732005448671
1.6568611850798292
1.794320084772276
1.8747839798889894
1.8398263232436327
1.807486955932542
1.7066150415323473
1.6589663132639556
1.6597120206420903
1.6058257335393074
1.530189353045893
1.5798535363448605
1.6195853362923571
1.5675233193663245
1.5908548840148358
1.564300097875164
1.5597847888785796
1.5282524609435246
1.476664126466282
1.4853675471172447
1.5316006248019212
1.4908106313736582
1.4672253624431044
1.4771055621053368
1.4535547325583336
1.4428936436623456
1.4960712185442309
1.4763279395457591
1.6068770392484468
1.75663933678945
2.0801179018932716
2.5394528567629906
2.755458148912452
2.8994268007008954
3.054641351568264
3.309832452134982
3.4255560612006932
3.509119964415473
3.508295937787737
3.5079795396579705
3.5610589836209083
3.7141169340873006
3.655010223949401
3.9261798541955266
4.041131758383544
3.6463538696186157
3.3749755931277425
3.746626604386927
3.5995839457684076
3.45601732245377
3.251621997482887
3.6877139287847496
3.8992063857703525
3.6161230545090732
3.620711442579943
3.8661899119429424
3.871476558331302
3.662606972425802
3.7355480534000414
3.3524046842085635
3.3432863229131233
3.4314763199343865
3.3658789384241357
3.2726309287514304
3.2638447708536558
3.3526553482192574
3.315972130853637
3.063938132847669
3.092503455474069
3.123197836544888
3.188298327075524
3.06233290388771
2.9724315897662668
2.6782670159342983
2.4768422647717063
2.6772000899908
2.60470807116646
2.67698801710677
2.525633697305673
2.759797881761355
2.2985857022747243
2.1077593207184577
2.2530342698706995
2.1902013012944046
2.112347762343551
2.193376548414156
2.0925069643590137
2.075792314071935
2.150166193713946
2.0824031770924414
2.213943958182491
2.38732004579829
2.166247921772886
2.0790509985469035
1.917696022697418
1.9713349534607272
2.0086189810321295
1.917164794782767
2.013601577415342
1.897317509547154
1.96725417010616
1.7823438182338425
1.7679346561128553
1.7238236206861437
1.6685785659738097
1.602193306327718
1.6834403229413388
1.6193947309574073
1.5842986383831574
1.618922237669625
1.6302702733376349
1.600306700049707
1.5601239979596209
1.539950204713209
1.5074658241694836
1.5848043817293944
1.5092054679544555
1.5026900067596143
1.5795896305575243
1.4887121628789148
1.4759141297110725
1.4711656202481596
1.5119083187562485
1.6560871997042037
1.9295197131529427
2.1415481385213666
2.6381299865123
2.6838794200071767
2.879517739360906
2.7825556162776808
2.6536785948240755
2.8714321163125933
2.770590615601907
2.844687320375896
3.1724300940367685
3.251473296677138
