split,snapshot,actual_high_demand,pred_high_demand,pred_error_high_demand,pred_abs_error_high_demand,edge_pred_mae_high,actual_medium_demand,pred_medium_demand,pred_error_medium_demand,pred_abs_error_medium_demand,edge_pred_mae_medium,actual_low_demand,pred_low_demand,pred_error_low_demand,pred_abs_error_low_demand,edge_pred_mae_low,feature_mean_pred_high_load,feature_max_pred_high_load,feature_mean_pred_medium_load,feature_max_pred_medium_load,feature_mean_pred_low_load,feature_max_pred_low_load,feature_mean_pred_high_medium_load,feature_max_pred_high_medium_load,feature_mean_pred_total_load,feature_max_pred_total_load,feature_mean_pred_residual_after_high,feature_max_pred_residual_after_high,feature_mean_pred_residual_after_high_medium,feature_max_pred_residual_after_high_medium,fraction_edges_pred_high_ge_1,fraction_edges_pred_high_medium_ge_1,medium_predicted_active_set_zero_escape_pred_weighted,medium_predicted_active_set_zero_escape_actual_weighted,medium_predicted_active_set_min_active_edges_pred_weighted,medium_predicted_active_set_base_escape_mass_pred_weighted,medium_predicted_active_set_candidate_escape_mass_pred_weighted,medium_predicted_active_set_escape_mass_shift_pred_weighted,medium_actual_active_set_zero_escape_pred_weighted,medium_actual_active_set_zero_escape_actual_weighted,medium_actual_active_set_min_active_edges_pred_weighted,medium_actual_active_set_base_escape_mass_pred_weighted,medium_actual_active_set_candidate_escape_mass_pred_weighted,medium_actual_active_set_escape_mass_shift_pred_weighted,medium_exact_actual_residual_active_set_zero_escape_pred_weighted,medium_exact_actual_residual_active_set_zero_escape_actual_weighted,medium_exact_actual_residual_active_set_min_active_edges_pred_weighted,medium_exact_actual_residual_active_set_base_escape_mass_pred_weighted,medium_exact_actual_residual_active_set_candidate_escape_mass_pred_weighted,medium_exact_actual_residual_active_set_escape_mass_shift_pred_weighted,medium_policy_tv_pred_weighted,medium_policy_tv_actual_weighted,medium_policy_argmax_flip_pred_weighted,medium_base_effective_paths_pred_weighted,medium_candidate_effective_paths_pred_weighted,medium_base_pmax_pred_weighted,medium_candidate_pmax_pred_weighted,medium_path_cost_range_pred_weighted,low_policy_tv_pred_weighted,low_policy_tv_actual_weighted,low_policy_argmax_flip_pred_weighted,low_base_effective_paths_pred_weighted,low_candidate_effective_paths_pred_weighted,low_base_pmax_pred_weighted,low_candidate_pmax_pred_weighted,low_path_cost_range_pred_weighted,medium_gate,medium_toll_abs_mean,medium_toll_abs_max,low_gate,low_toll_abs_mean,low_toll_abs_max,medium_base_norm,medium_candidate_norm,medium_gain,medium_headroom,low_base_norm,low_candidate_norm,low_gain
train,0,63.838218688964844,63.8382682800293,4.9591064453125e-05,4.9591064453125e-05,1.0980033948726486e-06,58.152122497558594,58.15216827392578,4.57763671875e-05,4.57763671875e-05,1.0693394187910599e-06,13.937427520751953,13.93747329711914,4.57763671875e-05,4.57763671875e-05,1.1200835388081032e-06,0.5823551416397095,3.0812056064605713,0.5801010131835938,2.818166494369507,0.13307438790798187,0.5909168124198914,1.1624560356140137,5.899372100830078,1.2955305576324463,6.490288734436035,0.5321396589279175,0.9917327165603638,0.29939043521881104,0.9809596538543701,0.1944444477558136,0.4722222089767456,0.7259002327919006,0.7259003520011902,1.3306888341903687,0.2396770715713501,0.23999641835689545,0.0003193467855453491,0.7259002327919006,0.7259003520011902,1.3306888341903687,0.2396770715713501,0.23999641835689545,0.0003193467855453491,0.6725744009017944,0.672574520111084,1.0493751764297485,0.28832244873046875,0.2883572578430176,3.4809112548828125e-05,0.08260460942983627,0.08260462433099747,0.14975088834762573,2.242818593978882,2.2713112831115723,0.744724452495575,0.7588740587234497,1.452566146850586,0.2084127962589264,0.20841281116008759,0.3801110088825226,3.096395969390869,2.8168365955352783,0.6327677965164185,0.6560434103012085,3.9803080558776855,0.9993864297866821,0.2616614103317261,1.2195885181427002,0.9999895095825195,0.6137551069259644,1.2499487400054932,0.9038050174713135,0.9068178534507751,0.00301283597946167,0.09619498252868652,1.1030668020248413,1.219422698020935,0.11635589599609375
train,1,57.246360778808594,63.8382682800293,6.591907501220703,6.591907501220703,0.06747011840343475,51.564414978027344,58.15216827392578,6.5877532958984375,6.5877532958984375,0.07703175395727158,12.617111206054688,13.93747329711914,1.3203620910644531,1.3203620910644531,0.01870221085846424,0.5823551416397095,3.0812056064605713,0.5801010131835938,2.818166494369507,0.13307438790798187,0.5909168124198914,1.1624560356140137,5.899372100830078,1.2955305576324463,6.490288734436035,0.5321396589279175,0.9917327165603638,0.29939043521881104,0.9809596538543701,0.1944444477558136,0.4722222089767456,0.7259002327919006,0.7224828600883484,1.3306888341903687,0.2396770715713501,0.23999641835689545,0.0003193467855453491,0.6168256402015686,0.6149270534515381,1.0363702774047852,0.32415997982025146,0.324175626039505,1.564621925354004e-05,0.5584071278572083,0.557553231716156,0.7467334866523743,0.3495897352695465,0.3492162823677063,-0.00037345290184020996,0.08260460942983627,0.08295905590057373,0.14975088834762573,2.242818593978882,2.2713112831115723,0.744724452495575,0.7588740587234497,1.452566146850586,0.2084127962589264,0.20301580429077148,0.3801110088825226,3.096395969390869,2.8168365955352783,0.6327677965164185,0.6560434103012085,3.9803080558776855,0.9993864297866821,0.2616614103317261,1.2195885181427002,0.9999895095825195,0.6137551069259644,1.2499487400054932,0.9037246704101562,0.9141502380371094,0.010425567626953125,0.09627532958984375,1.2729343175888062,1.3232001066207886,0.05026578903198242
train,2,59.09652328491211,60.54233169555664,1.4458084106445312,1.4458084106445312,0.036391109228134155,52.77309036254883,54.85832214355469,2.0852317810058594,2.0852317810058594,0.038673192262649536,12.263781547546387,13.277315139770508,1.013533592224121,1.013533592224121,0.012889006175100803,0.5506532788276672,2.7597455978393555,0.5436896085739136,2.4710042476654053,0.12434718012809753,0.5408225655555725,1.0943429470062256,5.2230682373046875,1.218690037727356,5.763890743255615,0.5466539859771729,0.9927167296409607,0.31166547536849976,0.9832615256309509,0.1666666716337204,0.4444444477558136,0.6998766660690308,0.6975754499435425,1.2606136798858643,0.28688183426856995,0.28742915391921997,0.0005473196506500244,0.6115397810935974,0.6153794527053833,1.1697659492492676,0.32899168133735657,0.3296757936477661,0.0006841123104095459,0.5539551973342896,0.5581543445587158,0.7840859293937683,0.3547913730144501,0.3550563454627991,0.000264972448348999,0.07967179268598557,0.07986312359571457,0.15424996614456177,2.25630784034729,2.2894134521484375,0.7472566962242126,0.7597275376319885,1.453970193862915,0.20651356875896454,0.2007286697626114,0.3381766080856323,3.108431100845337,2.8871946334838867,0.6356151103973389,0.6415071487426758,3.955540657043457,0.9986503720283508,0.2597767412662506,1.2123961448669434,0.9999628067016602,0.6075617074966431,1.249890923500061,0.9083676934242249,0.9181993007659912,0.009831607341766357,0.09163230657577515,1.2538913488388062,1.3297302722930908,0.07583892345428467
train,3,59.40140151977539,59.81945037841797,0.4180488586425781,0.4180488586425781,0.024280734360218048,52.63624954223633,53.81572341918945,1.179473876953125,1.179473876953125,0.03194184601306915,11.927382469177246,12.770570755004883,0.8431882858276367,0.8431882858276367,0.013525816611945629,0.5378350019454956,2.5358142852783203,0.5286065936088562,2.2772865295410156,0.12007847428321838,0.5411645770072937,1.0664416551589966,4.810334205627441,1.1865200996398926,5.350812911987305,0.5500531196594238,0.9925862550735474,0.3152484893798828,0.9833729267120361,0.1388888955116272,0.4305555522441864,0.6569772958755493,0.6599035263061523,1.2229516506195068,0.30632439255714417,0.3069959878921509,0.0006715953350067139,0.6987484693527222,0.7044039368629456,1.2655014991760254,0.28795185685157776,0.28864243626594543,0.0006905794143676758,0.6849588751792908,0.68961101770401,1.0792527198791504,0.29711267352104187,0.2976780831813812,0.0005654096603393555,0.08029495924711227,0.07969128340482712,0.16001926362514496,2.304713726043701,2.3305845260620117,0.7402544617652893,0.7553285956382751,1.4566264152526855,0.20691196620464325,0.21286578476428986,0.34963226318359375,3.117644786834717,2.9307076930999756,0.6370782256126404,0.6394038796424866,3.8873982429504395,0.9978693723678589,0.2585550844669342,1.2069469690322876,0.9999222755432129,0.6040307283401489,1.2498184442520142,0.9154736995697021,0.9232239723205566,0.007750272750854492,0.08452630043029785,1.2067564725875854,1.2294343709945679,0.022677898406982422
train,4,57.0054931640625,59.610450744628906,2.6049575805664062,2.6049575805664062,0.035724930465221405,51.7415771484375,53.22601318359375,1.48443603515625,1.48443603515625,0.02637336403131485,12.196742057800293,12.349000930786133,0.15225887298583984,0.15225887298583984,0.011111374944448471,0.5324804782867432,2.448758125305176,0.5165426731109619,2.177686929702759,0.11785360425710678,0.5866349935531616,1.049023151397705,4.62503719329834,1.1668769121170044,5.211672306060791,0.5516483783721924,0.9931812882423401,0.32072892785072327,0.9843430519104004,0.1388888955116272,0.4444444477558136,0.7015447020530701,0.7054304480552673,1.2665038108825684,0.2856573462486267,0.28639963269233704,0.0007422864437103271,0.6584241390228271,0.6647162437438965,1.2224963903427124,0.30420973896980286,0.3049294352531433,0.0007196962833404541,0.6000987887382507,0.609565019607544,0.8397178053855896,0.32905155420303345,0.329204261302948,0.00015270709991455078,0.08043796569108963,0.0828053429722786,0.15507912635803223,2.308790922164917,2.3328256607055664,0.7402022480964661,0.7557379007339478,1.453414797782898,0.2081422656774521,0.21196483075618744,0.3986983597278595,3.1541852951049805,2.9959347248077393,0.6322087645530701,0.6271713376045227,3.789248466491699,0.9974660873413086,0.25777608156204224,1.2041301727294922,0.9998962879180908,0.6022474765777588,1.249773383140564,0.9153621792793274,0.9216066598892212,0.006244480609893799,0.08463782072067261,1.22968590259552,1.3047497272491455,0.07506382465362549
train,5,56.39521026611328,58.3079948425293,1.9127845764160156,1.9127845764160156,0.021509554237127304,50.76859664916992,52.48381805419922,1.7152214050292969,1.7152214050292969,0.021838588640093803,11.879334449768066,12.272892951965332,0.3935585021972656,0.3935585021972656,0.010827593505382538,0.5188890099525452,2.301365375518799,0.5087866187095642,2.0654807090759277,0.11636388301849365,0.5405158996582031,1.027675747871399,4.36188268661499,1.144039511680603,4.902376174926758,0.5578390955924988,0.9938400983810425,0.32551702857017517,0.9865621328353882,0.1388888955116272,0.4305555522441864,0.6615256071090698,0.6635816097259521,1.2340669631958008,0.3029353618621826,0.3036825656890869,0.0007472038269042969,0.6165876984596252,0.6240924000740051,1.1870609521865845,0.3470368981361389,0.34798166155815125,0.0009447634220123291,0.5982344746589661,0.6056044101715088,0.9222667217254639,0.3638725280761719,0.3645437955856323,0.0006712675094604492,0.08016041666269302,0.08255735784769058,0.17920444905757904,2.295754909515381,2.3205180168151855,0.741856575012207,0.7567420601844788,1.4593406915664673,0.20877128839492798,0.1942242681980133,0.39406514167785645,3.199251174926758,3.0371501445770264,0.6236887574195862,0.621189296245575,3.8159799575805664,0.9964888095855713,0.25678306818008423,1.199668049812317,0.9998255372047424,0.5996983051300049,1.2496650218963623,0.9183843731880188,0.9282642006874084,0.009879827499389648,0.0816156268119812,1.2085604667663574,1.2290774583816528,0.02051699161529541
train,6,54.74556350708008,57.351627349853516,2.6060638427734375,2.6060638427734375,0.022441469132900238,49.131614685058594,51.6262321472168,2.494617462158203,2.494617462158203,0.027194716036319733,11.394442558288574,12.07613754272461,0.6816949844360352,0.6816949844360352,0.008764238096773624,0.5107161402702332,2.268731117248535,0.5017116665840149,2.0336556434631348,0.11298445612192154,0.5134093761444092,1.012427806854248,4.298394203186035,1.1254123449325562,4.8089399337768555,0.5639889240264893,0.9933553338050842,0.3314354121685028,0.9846760630607605,0.1388888955116272,0.4166666567325592,0.6202777028083801,0.6302110552787781,1.1987589597702026,0.3223409056663513,0.3233269453048706,0.0009860396385192871,0.5682554841041565,0.5872530937194824,0.9576901197433472,0.3823736608028412,0.38379335403442383,0.0014196932315826416,0.5172221064567566,0.5369672775268555,0.7144250869750977,0.4131580889225006,0.41346392035484314,0.0003058314323425293,0.08053050935268402,0.0834575816988945,0.18051835894584656,2.299105167388916,2.3292696475982666,0.7405425906181335,0.7549887895584106,1.4679518938064575,0.1975250542163849,0.1971622109413147,0.38420796394348145,3.1678524017333984,3.0152759552001953,0.6270554661750793,0.626990020275116,3.7652456760406494,0.9961089491844177,0.2569414973258972,1.1983283758163452,0.9997952580451965,0.5965842008590698,1.2496211528778076,0.9350436925888062,0.9486002922058105,0.013556599617004395,0.06495630741119385,1.1094236373901367,1.1170034408569336,0.007579803466796875
train,7,54.871891021728516,56.048622131347656,1.1767311096191406,1.1767311096191406,0.031965021044015884,48.733028411865234,50.378944396972656,1.6459159851074219,1.6459159851074219,0.028653906658291817,11.527116775512695,11.735313415527344,0.20819664001464844,0.20819664001464844,0.01364932581782341,0.5023109912872314,2.270115852355957,0.49288055300712585,2.0659759044647217,0.10966000705957413,0.5053173899650574,0.9951916933059692,4.333532333374023,1.1048516035079956,4.834224700927734,0.5728908777236938,0.9944181442260742,0.34059688448905945,0.988227367401123,0.1388888955116272,0.3888888955116272,0.5779271125793457,0.5968108773231506,0.9734965562820435,0.3417541980743408,0.3423563241958618,0.0006021261215209961,0.572644829750061,0.5910696983337402,0.9659556746482849,0.39275848865509033,0.3943988084793091,0.00164031982421875,0.5268502235412598,0.545806348323822,0.7253934144973755,0.4277048707008362,0.4283863306045532,0.000681459903717041,0.08056873828172684,0.0799645185470581,0.18694013357162476,2.2970194816589355,2.332439661026001,0.7402713894844055,0.7521349787712097,1.4703357219696045,0.20039601624011993,0.20431895554065704,0.3972383141517639,3.186852216720581,3.0363824367523193,0.621955394744873,0.6177875995635986,3.7656404972076416,0.9961563944816589,0.2575826942920685,1.1989580392837524,0.9998012185096741,0.592790424823761,1.2496325969696045,0.9252756237983704,0.9432620406150818,0.017986416816711426,0.07472437620162964,1.0833091735839844,1.0904791355133057,0.007169961929321289
train,8,51.82263946533203,55.46027374267578,3.63763427734375,3.63763427734375,0.034104470163583755,46.40983963012695,49.55601501464844,3.1461753845214844,3.1461753845214844,0.03293411433696747,11.126052856445312,11.63123893737793,0.5051860809326172,0.5051860809326172,0.007370663806796074,0.501071572303772,2.4586377143859863,0.4847694933414459,2.1398117542266846,0.10936815291643143,0.5491122603416443,0.9858410954475403,4.59844970703125,1.0952092409133911,5.133559226989746,0.57993483543396,0.9955451488494873,0.34988394379615784,0.9913412928581238,0.1388888955116272,0.3611111044883728,0.5868727564811707,0.5959420800209045,0.9798957705497742,0.36580178141593933,0.3672843277454376,0.001482546329498291,0.5725144147872925,0.5809985995292664,0.8773735761642456,0.39127862453460693,0.3928130567073822,0.0015344321727752686,0.5361700057983398,0.5453566908836365,0.733135461807251,0.4192398488521576,0.42000311613082886,0.0007632672786712646,0.07952065765857697,0.08046923577785492,0.2294543832540512,2.2550413608551025,2.2779650688171387,0.743903398513794,0.7559970021247864,1.464314579963684,0.2022474855184555,0.20761331915855408,0.39784106612205505,3.1114113330841064,2.9544668197631836,0.6284897327423096,0.6277870535850525,3.8233373165130615,0.9971676468849182,0.25918900966644287,1.203132152557373,0.9998774528503418,0.590446949005127,1.2497457265853882,0.9451934695243835,0.9630966782569885,0.01790320873260498,0.054806530475616455,1.0174942016601562,1.0208823680877686,0.0033881664276123047
train,9,54.42940139770508,53.6414794921875,-0.7879219055175781,0.7879219055175781,0.026191433891654015,49.05817413330078,47.982948303222656,-1.075225830078125,1.075225830078125,0.031678780913352966,11.095460891723633,11.378668785095215,0.28320789337158203,0.28320789337158203,0.012576889246702194,0.48522865772247314,2.3329999446868896,0.469409316778183,2.0468666553497314,0.10827505588531494,0.5416688323020935,0.9546379446983337,4.379866600036621,1.0629130601882935,4.907207012176514,0.5887072086334229,0.9945467114448547,0.3594001829624176,0.9893270134925842,0.1388888955116272,0.3472222089767456,0.5859302282333374,0.5915645360946655,0.981119692325592,0.3808416426181793,0.3826736509799957,0.0018320083618164062,0.591646671295166,0.5970641374588013,1.0276377201080322,0.3672087490558624,0.3672240972518921,1.5348196029663086e-05,0.5406131148338318,0.5478762984275818,0.7381255030632019,0.3939720094203949,0.39381125569343567,-0.00016075372695922852,0.07995261996984482,0.08206259459257126,0.23460331559181213,2.2778847217559814,2.297394037246704,0.7377471923828125,0.7520169019699097,1.464434266090393,0.20570148527622223,0.19647926092147827,0.3669189512729645,3.141589403152466,2.9887044429779053,0.6287716627120972,0.6251112222671509,3.7982590198516846,0.9963172674179077,0.25791850686073303,1.1993328332901,0.999813973903656,0.5861524939537048,1.2496494054794312,0.919684112071991,0.929418683052063,0.009734570980072021,0.08031588792800903,1.2578068971633911,1.3095921277999878,0.05178523063659668
train,10,53.78447723388672,54.03546142578125,0.25098419189453125,0.25098419189453125,0.024219414219260216,49.05107498168945,48.52058410644531,-0.5304908752441406,0.5304908752441406,0.024485701695084572,11.139348983764648,11.237089157104492,0.09774017333984375,0.09774017333984375,0.00735860550776124,0.48526376485824585,2.2084667682647705,0.4764364957809448,1.9502651691436768,0.10467950254678726,0.4889217019081116,0.9617002010345459,4.158731937408447,1.0663797855377197,4.637646675109863,0.5860801339149475,0.9934571385383606,0.35519716143608093,0.9859881401062012,0.1388888955116272,0.3472222089767456,0.588778555393219,0.5846778154373169,0.9922237396240234,0.37964102625846863,0.3812462091445923,0.0016051828861236572,0.5890122652053833,0.584896981716156,0.9941779375076294,0.3706912696361542,0.3710794746875763,0.00038820505142211914,0.5442848801612854,0.5396075248718262,0.7487264275550842,0.39200636744499207,0.39215949177742004,0.00015312433242797852,0.081412672996521,0.08079449832439423,0.17415331304073334,2.320452928543091,2.3572640419006348,0.7347097992897034,0.7481033802032471,1.4781607389450073,0.20123305916786194,0.20589734613895416,0.40716075897216797,3.1632273197174072,3.0063884258270264,0.6281474232673645,0.625554621219635,3.7900259494781494,0.9951927661895752,0.25767412781715393,1.1950690746307373,0.9997143149375916,0.5874208807945251,1.2495051622390747,0.921333372592926,0.9336530566215515,0.012319684028625488,0.07866662740707397,1.0544379949569702,1.0887073278427124,0.03426933288574219
train,11,54.515541076660156,53.90998840332031,-0.6055526733398438,0.6055526733398438,0.016575559973716736,48.71040344238281,48.78585433959961,0.07545089721679688,0.07545089721679688,0.022142749279737473,11.640810012817383,11.188241958618164,-0.45256805419921875,0.45256805419921875,0.01062904391437769,0.4804745316505432,2.0785253047943115,0.47590330243110657,1.843657374382019,0.10412043333053589,0.49529609084129333,0.9563777446746826,3.922182559967041,1.0604981184005737,4.40857458114624,0.5880094170570374,0.9927313923835754,0.35596585273742676,0.9826632738113403,0.125,0.3472222089767456,0.5867169499397278,0.580132007598877,0.9916353225708008,0.3859679102897644,0.38728293776512146,0.0013150274753570557,0.5783729553222656,0.5700100660324097,0.893614649772644,0.39114460349082947,0.39229699969291687,0.0011523962020874023,0.5419334173202515,0.5295265913009644,0.7460840344429016,0.41572216153144836,0.4162440299987793,0.0005218684673309326,0.08053729683160782,0.07895886152982712,0.17292682826519012,2.323145627975464,2.362152099609375,0.7379206418991089,0.7506487965583801,1.4742720127105713,0.201391339302063,0.20054087042808533,0.37607139348983765,3.1593973636627197,2.9915435314178467,0.6288344264030457,0.628075897693634,3.818373441696167,0.9938377737998962,0.2564924955368042,1.1928107738494873,0.9995707869529724,0.5867152214050293,1.2493187189102173,0.9246070981025696,0.9329282641410828,0.008321166038513184,0.07539290189743042,1.1197346448898315,1.1581106185913086,0.03837597370147705
train,12,52.16088104248047,54.21278762817383,2.0519065856933594,2.0519065856933594,0.02573356032371521,46.950592041015625,48.74814987182617,1.7975578308105469,1.7975578308105469,0.024541011080145836,10.558629035949707,11.414548873901367,0.8559198379516602,0.8559198379516602,0.013514526188373566,0.4759597182273865,2.075571298599243,0.4721809923648834,1.8908727169036865,0.10347428172826767,0.4249829351902008,0.9481406807899475,3.9664440155029297,1.0516149997711182,4.382190704345703,0.5903756022453308,0.9928441643714905,0.3593975603580475,0.978110134601593,0.125,0.3472222089767456,0.5834269523620605,0.5939384698867798,0.9859458804130554,0.3905859589576721,0.39177507162094116,0.001189112663269043,0.5741946697235107,0.5829956531524658,0.8888604044914246,0.39637479186058044,0.3973816931247711,0.0010069012641906738,0.5346430540084839,0.5461575984954834,0.7219066023826599,0.42822733521461487,0.4277980327606201,-0.000429302453994751,0.08120201528072357,0.08317606896162033,0.17028100788593292,2.3020565509796143,2.337552785873413,0.7408626675605774,0.7551533579826355,1.472723364830017,0.20227041840553284,0.2030881941318512,0.38102006912231445,3.138904094696045,2.985492467880249,0.6322660446166992,0.628552258014679,3.7558200359344482,0.993721604347229,0.2569742202758789,1.1921873092651367,0.9995661377906799,0.584270715713501,1.2493094205856323,0.9353476762771606,0.943265974521637,0.007918298244476318,0.06465232372283936,1.148033857345581,1.1549568176269531,0.00692296028137207
train,13,51.18510055541992,53.186851501464844,2.001750946044922,2.001750946044922,0.017867783084511757,45.66209411621094,47.849395751953125,2.1873016357421875,2.1873016357421875,0.02270752377808094,10.575382232666016,10.986612319946289,0.41123008728027344,0.41123008728027344,0.010515166446566582,0.465392529964447,2.0225985050201416,0.46246063709259033,1.8106591701507568,0.0996926873922348,0.39773696660995483,0.9278531670570374,3.8332576751708984,1.0275459289550781,4.217724800109863,0.5979371666908264,0.9900954961776733,0.36950841546058655,0.973903477191925,0.125,0.3333333432674408,0.5785123705863953,0.5834778547286987,0.8990846276283264,0.3948231339454651,0.3959503173828125,0.0011271834373474121,0.5456748008728027,0.5499181151390076,0.8645405173301697,0.4028925597667694,0.403369665145874,0.00047710537910461426,0.5402920246124268,0.5457205176353455,0.7313066124916077,0.45962876081466675,0.4596005380153656,-2.822279930114746e-05,0.0822356790304184,0.08265199512243271,0.17199313640594482,2.303135633468628,2.3366570472717285,0.7420888543128967,0.7567049264907837,1.4833812713623047,0.20672498643398285,0.21637991070747375,0.4181729853153229,3.164055347442627,3.010383129119873,0.6291252374649048,0.627676248550415,3.7124733924865723,0.992487907409668,0.2563835680484772,1.190556287765503,0.9994207620620728,0.5813276767730713,1.2491265535354614,0.9390994310379028,0.9496932625770569,0.010593831539154053,0.06090056896209717,1.1819690465927124,1.2280917167663574,0.04612267017364502
train,14,51.2026252746582,52.18600082397461,0.9833755493164062,0.9833755493164062,0.02861408330500126,45.52729797363281,46.75576400756836,1.2284660339355469,1.2284660339355469,0.028758086264133453,10.592220306396484,10.78101921081543,0.1887989044189453,0.1887989044189453,0.011932166293263435,0.4584772288799286,1.9934858083724976,0.4520688056945801,1.775337815284729,0.09870105981826782,0.39742016792297363,0.9105460047721863,3.7665882110595703,1.0092469453811646,4.138622760772705,0.6015665531158447,0.9916985630989075,0.3758390247821808,0.9766797423362732,0.125,0.3194444477558136,0.5477467775344849,0.5449613332748413,0.8658292889595032,0.4000296890735626,0.400582879781723,0.0005531907081604004,0.5839874148368835,0.6057949066162109,0.9483123421669006,0.36379918456077576,0.36435016989707947,0.0005509853363037109,0.5804848670959473,0.6026515960693359,0.8335859179496765,0.379445344209671,0.38023701310157776,0.0007916688919067383,0.08243569731712341,0.08223369717597961,0.17819301784038544,2.3108601570129395,2.3410043716430664,0.7384719848632812,0.7543901205062866,1.482117772102356,0.213688924908638,0.22468440234661102,0.43254777789115906,3.1782355308532715,3.016721248626709,0.6246423125267029,0.6243127584457397,3.802386999130249,0.9917981624603271,0.25607240200042725,1.188457727432251,0.9993320107460022,0.5789228677749634,1.249005913734436,0.9217808842658997,0.9338376522064209,0.01205676794052124,0.07821911573410034,1.15290105342865,1.201918125152588,0.04901707172393799
train,15,51.15374755859375,51.6943359375,0.54058837890625,0.54058837890625,0.031083660200238228,45.624656677246094,46.14155578613281,0.5168991088867188,0.5168991088867188,0.030172668397426605,10.180023193359375,10.686643600463867,0.5066204071044922,0.5066204071044922,0.013885793276131153,0.4585678279399872,1.9424799680709839,0.4523698091506958,1.7723159790039062,0.10054785758256912,0.41848915815353394,0.9109376072883606,3.7044177055358887,1.0114854574203491,4.122906684875488,0.5978565216064453,0.9926497936248779,0.37247148156166077,0.9837478995323181,0.125,0.3611111044883728,0.6274622678756714,0.662030816078186,1.0546724796295166,0.35090216994285583,0.35179802775382996,0.0008958578109741211,0.6274622678756714,0.662030816078186,1.0546724796295166,0.35090216994285583,0.35179802775382996,0.0008958578109741211,0.6270197033882141,0.6618281006813049,0.9710946083068848,0.36074426770210266,0.3618770241737366,0.0011327564716339111,0.08048166334629059,0.08057437092065811,0.1687917858362198,2.310338258743286,2.3436944484710693,0.7403497099876404,0.7540333271026611,1.4814846515655518,0.21401533484458923,0.20218123495578766,0.4131985902786255,3.2314107418060303,3.0569870471954346,0.6181290745735168,0.6204879879951477,3.818829298019409,0.9914748668670654,0.2550739645957947,1.1869624853134155,0.999289870262146,0.5835282802581787,1.248944640159607,0.9261327385902405,0.9414740800857544,0.015341341495513916,0.07386726140975952,1.1165766716003418,1.1330645084381104,0.016487836837768555
train,16,49.64509582519531,51.4240608215332,1.7789649963378906,1.7789649963378906,0.023027122020721436,44.14735794067383,45.88312911987305,1.7357711791992188,1.7357711791992188,0.027558714151382446,10.205886840820312,10.433356285095215,0.22746944427490234,0.22746944427490234,0.01257038488984108,0.4605018198490143,1.9613237380981445,0.4538968503475189,1.7789167165756226,0.09961521625518799,0.43832558393478394,0.9143986105918884,3.7287449836730957,1.0140138864517212,4.167070388793945,0.5948881506919861,0.9932318925857544,0.3776383399963379,0.9860995411872864,0.125,0.3611111044883728,0.644649088382721,0.6713934540748596,1.0675910711288452,0.3346569240093231,0.33553996682167053,0.0008830428123474121,0.6443257927894592,0.6712099313735962,0.985878586769104,0.34075120091438293,0.3416760265827179,0.0009248256683349609,0.6101812124252319,0.636634111404419,0.858916699886322,0.3505682945251465,0.35149085521698,0.0009225606918334961,0.07979850471019745,0.07914049923419952,0.16830982267856598,2.3388900756835938,2.37023663520813,0.7352039813995361,0.7474297881126404,1.4806023836135864,0.21983592212200165,0.22580237686634064,0.4036340117454529,3.268587350845337,3.1108899116516113,0.6155699491500854,0.6180285215377808,3.791722297668457,0.9918519854545593,0.25462397933006287,1.186468482017517,0.9993367791175842,0.5870984196662903,1.2489956617355347,0.9283654093742371,0.9490939378738403,0.02072852849960327,0.07163459062576294,1.0528433322906494,1.062209129333496,0.00936579704284668
train,17,48.873687744140625,50.534603118896484,1.6609153747558594,1.6609153747558594,0.025424569845199585,43.542266845703125,45.01526641845703,1.4729995727539062,1.4729995727539062,0.02526676282286644,10.210709571838379,10.319644927978516,0.10893535614013672,0.10893535614013672,0.010344675742089748,0.45806679129600525,1.983015775680542,0.44796356558799744,1.7639427185058594,0.0979212149977684,0.4017714262008667,0.9060303568840027,3.7360568046569824,1.0039515495300293,4.12628698348999,0.5965249538421631,0.9922366738319397,0.3847045302391052,0.9839454889297485,0.125,0.3472222089767456,0.6575085520744324,0.6862371563911438,0.9928460717201233,0.3271161615848541,0.3281375765800476,0.0010214149951934814,0.6575085520744324,0.6862371563911438,0.9928460717201233,0.33010134100914,0.3312886655330658,0.0011873245239257812,0.6231104135513306,0.6526786088943481,0.8464312553405762,0.37675514817237854,0.3766586482524872,-9.649991989135742e-05,0.08075539767742157,0.08348648995161057,0.18887606263160706,2.4015467166900635,2.4285953044891357,0.7227338552474976,0.7339091897010803,1.4726228713989258,0.22776386141777039,0.22193510830402374,0.37959346175193787,3.2626583576202393,3.0636515617370605,0.618497908115387,0.623222291469574,3.8393661975860596,0.9916051626205444,0.2544597089290619,1.1845111846923828,0.9993053674697876,0.5879591703414917,1.2489453554153442,0.9186581969261169,0.9400997161865234,0.021441519260406494,0.08134180307388306,1.2112957239151,1.231840968132019,0.020545244216918945
train,18,48.08631896972656,49.70417022705078,1.6178512573242188,1.6178512573242188,0.02355784922838211,43.289344787597656,44.27878952026367,0.9894447326660156,0.9894447326660156,0.02056272141635418,9.733856201171875,10.265199661254883,0.5313434600830078,0.5313434600830078,0.010103566572070122,0.45230722427368164,1.8367149829864502,0.44254204630851746,1.6238845586776733,0.09724012762308121,0.3776279389858246,0.8948493599891663,3.4465436935424805,0.9920893907546997,3.803147315979004,0.597611665725708,0.9929721355438232,0.3895222842693329,0.9852488040924072,0.1527777761220932,0.3333333432674408,0.6377124190330505,0.6579145193099976,0.8854550719261169,0.319818377494812,0.32060176134109497,0.000783383846282959,0.6409150958061218,0.6614068746566772,0.9600204229354858,0.3552875220775604,0.3555015027523041,0.00021398067474365234,0.6376484632492065,0.65779048204422,0.8648232817649841,0.36218494176864624,0.3620811402797699,-0.00010380148887634277,0.08511853963136673,0.08933352679014206,0.17443422973155975,2.47092342376709,2.5043976306915283,0.7151147723197937,0.7249228358268738,1.474785566329956,0.22533835470676422,0.22496825456619263,0.3801816701889038,3.3619561195373535,3.1377053260803223,0.6027992963790894,0.6139749884605408,3.804868221282959,0.9882815480232239,0.2527448236942291,1.180399775505066,0.998798131942749,0.5867696404457092,1.248307228088379,0.933869481086731,0.9556795954704285,0.02181011438369751,0.06613051891326904,1.0816450119018555,1.0887477397918701,0.0071027278900146484
train,19,48.03663635253906,48.895263671875,0.8586273193359375,0.8586273193359375,0.011970705352723598,42.34052276611328,43.78409194946289,1.4435691833496094,1.4435691833496094,0.017371835187077522,9.7593994140625,9.999551773071289,0.24015235900878906,0.24015235900878906,0.007829871028661728,0.4479600489139557,1.7538378238677979,0.4393247663974762,1.5741140842437744,0.0945422574877739,0.36256152391433716,0.8872848153114319,3.31387996673584,0.9818270802497864,3.6735732555389404,0.5987328290939331,0.9930097460746765,0.3942185640335083,0.9852340221405029,0.1388888955116272,0.3055555522441864,0.6476055979728699,0.6544399261474609,0.8794898986816406,0.3522331416606903,0.35213541984558105,-9.772181510925293e-05,0.6476055979728699,0.6544399261474609,0.8794898986816406,0.3522331416606903,0.35213541984558105,-9.772181510925293e-05,0.6476055979728699,0.6544399261474609,0.8794898986816406,0.3522331416606903,0.35213541984558105,-9.772181510925293e-05,0.0894542708992958,0.09097190946340561,0.17031851410865784,2.5030009746551514,2.550752878189087,0.7114818692207336,0.7207111716270447,1.4735029935836792,0.22377686202526093,0.23212513327598572,0.43022415041923523,3.4059269428253174,3.1896820068359375,0.5953914523124695,0.6092460751533508,3.7752599716186523,0.9863226413726807,0.25199854373931885,1.1788438558578491,0.9984613656997681,0.5864841938018799,1.24789297580719,0.9288228750228882,0.9474367499351501,0.018613874912261963,0.07117712497711182,1.0599501132965088,1.0677777528762817,0.00782763957977295
train,20,47.37286376953125,48.46596908569336,1.0931053161621094,1.0931053161621094,0.018024029210209846,42.30486297607422,43.06232833862305,0.7574653625488281,0.7574653625488281,0.022819938138127327,9.228004455566406,9.879497528076172,0.6514930725097656,0.6514930725097656,0.01061306893825531,0.44784197211265564,1.7768480777740479,0.4370482265949249,1.6362693309783936,0.09539017081260681,0.3814815282821655,0.8848901391029358,3.399172067642212,0.9802802205085754,3.7772600650787354,0.6006696224212646,0.9931939244270325,0.3985830843448639,0.9857388138771057,0.1388888955116272,0.3055555522441864,0.6509653925895691,0.6686250567436218,0.8822981715202332,0.3489063084125519,0.3488450050354004,-6.130337715148926e-05,0.6509653925895691,0.6686250567436218,0.8822981715202332,0.3489063084125519,0.3488450050354004,-6.130337715148926e-05,0.6509653925895691,0.6686250567436218,0.8822981715202332,0.3489063084125519,0.3488450050354004,-6.130337715148926e-05,0.08959835767745972,0.09230548143386841,0.16925054788589478,2.493561267852783,2.541382312774658,0.7120586633682251,0.721455991268158,1.4797980785369873,0.22825513780117035,0.23017984628677368,0.40900588035583496,3.3973324298858643,3.1737658977508545,0.5954527854919434,0.6115302443504333,3.7926197052001953,0.9876261353492737,0.2524631917476654,1.1801565885543823,0.9986991882324219,0.5870485901832581,1.2481880187988281,0.9273526668548584,0.9472366571426392,0.01988399028778076,0.0726473331451416,1.145789384841919,1.1560521125793457,0.010262727737426758
train,21,47.86115264892578,47.9194450378418,0.058292388916015625,0.058292388916015625,0.015628622844815254,42.96118927001953,42.683616638183594,-0.2775726318359375,0.2775726318359375,0.016842981800436974,9.838565826416016,9.553773880004883,-0.2847919464111328,0.2847919464111328,0.008999507874250412,0.44341787695884705,1.7224926948547363,0.4340547025203705,1.56230628490448,0.0932101309299469,0.41756927967071533,0.8774725794792175,3.2760963439941406,0.970682680606842,3.6936655044555664,0.6030861139297485,0.9938182234764099,0.40180861949920654,0.9868249297142029,0.1388888955116272,0.3055555522441864,0.659716784954071,0.6611288785934448,0.9058630466461182,0.3401559591293335,0.3401072025299072,-4.875659942626953e-05,0.659716784954071,0.6611288785934448,0.9058630466461182,0.3401559591293335,0.3401072025299072,-4.875659942626953e-05,0.659716784954071,0.6611288785934448,0.9058630466461182,0.3401559591293335,0.3401072025299072,-4.875659942626953e-05,0.08981617540121078,0.09014540910720825,0.1776212900876999,2.510908842086792,2.5534677505493164,0.7098677754402161,0.7195959687232971,1.4903677701950073,0.22896383702754974,0.2361302524805069,0.40358689427375793,3.4106791019439697,3.2369110584259033,0.5961870551109314,0.6022858023643494,3.775851011276245,0.9862039089202881,0.2525019943714142,1.1795693635940552,0.9984337687492371,0.5850041508674622,1.2478656768798828,0.9317706227302551,0.9550437927246094,0.023273169994354248,0.06822937726974487,0.9862037301063538,1.007154107093811,0.020950376987457275
train,22,46.84734344482422,47.890323638916016,1.0429801940917969,1.0429801940917969,0.033861707895994186,41.75239944458008,42.822425842285156,1.0700263977050781,1.0700263977050781,0.03283476084470749,9.933636665344238,9.69619369506836,-0.2374429702758789,0.2374429702758789,0.015011751092970371,0.44113561511039734,1.7173762321472168,0.43250805139541626,1.5549609661102295,0.09438112378120422,0.3880070745944977,0.8736436367034912,3.2723371982574463,0.9680247902870178,3.5979433059692383,0.6027500629425049,0.9922520518302917,0.40045973658561707,0.9839254021644592,0.1388888955116272,0.3055555522441864,0.6604250073432922,0.6194127202033997,0.9117586612701416,0.3394325077533722,0.33937543630599976,-5.7071447372436523e-05,0.5730247497558594,0.5788602828979492,0.7733242511749268,0.4029594361782074,0.4128638803958893,0.009904444217681885,0.5730247497558594,0.5788602828979492,0.7733242511749268,0.4029594361782074,0.4128638803958893,0.009904444217681885,0.08969837427139282,0.08370688557624817,0.17032471299171448,2.52408766746521,2.557116746902466,0.7084780931472778,0.7196342349052429,1.4885082244873047,0.23435279726982117,0.22953173518180847,0.41472652554512024,3.4572184085845947,3.2655351161956787,0.5891091227531433,0.5985237956047058,3.7412233352661133,0.9853940010070801,0.2522754967212677,1.1790105104446411,0.9982826709747314,0.5847834944725037,1.2476803064346313,0.9296969175338745,0.9503312706947327,0.020634353160858154,0.07030308246612549,1.0668940544128418,1.0715104341506958,0.004616379737854004
train,23,45.76142501831055,47.36885452270508,1.6074295043945312,1.6074295043945312,0.03544735535979271,41.20232391357422,42.287437438964844,1.085113525390625,1.085113525390625,0.030494047328829765,9.322795867919922,9.81493854522705,0.4921426773071289,0.4921426773071289,0.011491645127534866,0.4306476414203644,1.6941838264465332,0.42341363430023193,1.5148929357528687,0.09308996796607971,0.34704160690307617,0.8540612459182739,3.2090768814086914,0.9471513032913208,3.5561184883117676,0.6095998287200928,0.9953290224075317,0.39903393387794495,0.9912205338478088,0.0972222238779068,0.3194444477558136,0.6434600353240967,0.6179350018501282,0.9877123236656189,0.35427454113960266,0.3544164001941681,0.0001418590545654297,0.575905442237854,0.583656907081604,0.7768345475196838,0.42299672961235046,0.4232613146305084,0.000264585018157959,0.575905442237854,0.583656907081604,0.7768345475196838,0.42299672961235046,0.4232613146305084,0.000264585018157959,0.08189018070697784,0.0811077430844307,0.18256831169128418,2.402785062789917,2.4350783824920654,0.7264943718910217,0.7362301349639893,1.4839211702346802,0.2301788032054901,0.22511138021945953,0.4002200961112976,3.3882741928100586,3.256878614425659,0.5941058993339539,0.5890581011772156,3.724440336227417,0.9840260148048401,0.25277990102767944,1.1764053106307983,0.9980375170707703,0.5800881385803223,1.247365951538086,0.9284549951553345,0.9463781714439392,0.017923176288604736,0.07154500484466553,1.1437995433807373,1.152124047279358,0.008324503898620605
train,24,45.629066467285156,46.565162658691406,0.93609619140625,0.93609619140625,0.022113129496574402,40.879554748535156,41.744903564453125,0.8653488159179688,0.8653488159179688,0.024819672107696533,9.470295906066895,9.568889617919922,0.09859371185302734,0.09859371185302734,0.008106458932161331,0.4214574694633484,1.6533787250518799,0.41748327016830444,1.5035439729690552,0.08952160179615021,0.32714900374412537,0.8389407992362976,3.1569228172302246,0.9284624457359314,3.484071731567383,0.6154444813728333,0.997343897819519,0.40319621562957764,0.9947476387023926,0.0972222238779068,0.2777777910232544,0.579730749130249,0.5811070799827576,0.7823009490966797,0.4199957549571991,0.41991400718688965,-8.174777030944824e-05,0.5830833911895752,0.5855219960212708,0.9016050100326538,0.40899258852005005,0.4089212715625763,-7.131695747375488e-05,0.579730749130249,0.5811070799827576,0.7823009490966797,0.4199957549571991,0.41991400718688965,-8.174777030944824e-05,0.08190921694040298,0.08127683401107788,0.16000744700431824,2.3897762298583984,2.418632984161377,0.7264840602874756,0.7366037964820862,1.4859305620193481,0.22305363416671753,0.22125765681266785,0.33885014057159424,3.267263174057007,3.076326370239258,0.5979657769203186,0.6053991913795471,3.8099756240844727,0.9825870394706726,0.2527190148830414,1.1737415790557861,0.9977586269378662,0.5767837166786194,1.2470093965530396,0.9317622780799866,0.9503767490386963,0.018614470958709717,0.06823772192001343,1.163219690322876,1.1689541339874268,0.005734443664550781
train,25,46.008941650390625,46.09714126586914,0.08819961547851562,0.08819961547851562,0.016220446676015854,41.15365982055664,41.312255859375,0.15859603881835938,0.15859603881835938,0.01778983324766159,9.380843162536621,9.51961612701416,0.13877296447753906,0.13877296447753906,0.009103314019739628,0.41442835330963135,1.6240172386169434,0.41010454297065735,1.4862747192382812,0.08891744166612625,0.3325933814048767,0.8245328664779663,3.109626293182373,0.9134502410888672,3.4422197341918945,0.618965208530426,0.9976884722709656,0.41101086139678955,0.9954978823661804,0.0972222238779068,0.2916666567325592,0.5842897891998291,0.5817734599113464,0.9037564992904663,0.40858203172683716,0.40848010778427124,-0.00010192394256591797,0.6254830956459045,0.6342887878417969,0.8272461891174316,0.37431493401527405,0.37421420216560364,-0.00010073184967041016,0.6254830956459045,0.6342887878417969,0.8272461891174316,0.37431493401527405,0.37421420216560364,-0.00010073184967041016,0.0820128321647644,0.08039211481809616,0.15927982330322266,2.3904128074645996,2.412944793701172,0.7258057594299316,0.7382659316062927,1.4859199523925781,0.22764138877391815,0.23084920644760132,0.38994017243385315,3.2721645832061768,3.124164581298828,0.5979805588722229,0.5952401161193848,3.8151917457580566,0.9815335869789124,0.25263869762420654,1.1717954874038696,0.9975384473800659,0.5748915672302246,1.2467283010482788,0.9273410439491272,0.9440671801567078,0.016726136207580566,0.0726589560508728,1.1904329061508179,1.2147796154022217,0.02434670925140381
train,26,45.416038513183594,46.05305862426758,0.6370201110839844,0.6370201110839844,0.020093506202101707,40.536502838134766,41.23297882080078,0.6964759826660156,0.6964759826660156,0.01969388872385025,10.11983871459961,9.450251579284668,-0.6695871353149414,0.6695871353149414,0.011920388787984848,0.4144192337989807,1.6128162145614624,0.4097517430782318,1.4562628269195557,0.09001556783914566,0.3531324863433838,0.8241709470748901,3.0689516067504883,0.9141864776611328,3.4124820232391357,0.6190658807754517,0.9976807236671448,0.4115651845932007,0.9952553510665894,0.0972222238779068,0.2777777910232544,0.5792145729064941,0.5893422961235046,0.778157114982605,0.4206537902355194,0.42057445645332336,-7.933378219604492e-05,0.5792145729064941,0.5893422961235046,0.778157114982605,0.3930247128009796,0.39275479316711426,-0.00026991963386535645,0.5792145729064941,0.5893422961235046,0.778157114982605,0.3930247128009796,0.39275479316711426,-0.00026991963386535645,0.08030910044908524,0.08142168819904327,0.1592414379119873,2.393770217895508,2.41774320602417,0.7259978652000427,0.7369189858436584,1.4808639287948608,0.23058536648750305,0.22842614352703094,0.38435661792755127,3.2804746627807617,3.1291544437408447,0.5959734916687012,0.5950413942337036,3.8962013721466064,0.9809860587120056,0.2524740695953369,1.1702730655670166,0.9973982572555542,0.5761911869049072,1.2465453147888184,0.9247636198997498,0.9425659775733948,0.01780235767364502,0.07523638010025024,1.2047581672668457,1.2252612113952637,0.02050304412841797
train,27,44.98845672607422,45.73457717895508,0.7461204528808594,0.7461204528808594,0.020871315151453018,39.90760040283203,40.884761810302734,0.9771614074707031,0.9771614074707031,0.02187175303697586,9.470770835876465,9.785067558288574,0.3142967224121094,0.3142967224121094,0.011214962229132652,0.4110836982727051,1.6299476623535156,0.4066667854785919,1.4411258697509766,0.09251058101654053,0.3777376413345337,0.8177504539489746,3.068600654602051,0.9102610349655151,3.446338176727295,0.620002031326294,0.9976539611816406,0.4117768704891205,0.9952913522720337,0.0972222238779068,0.2777777910232544,0.5842352509498596,0.5852317810058594,0.7872252464294434,0.41565513610839844,0.41559702157974243,-5.811452865600586e-05,0.5842352509498596,0.5852317810058594,0.7872252464294434,0.41565513610839844,0.41559702157974243,-5.811452865600586e-05,0.5842352509498596,0.5852317810058594,0.7872252464294434,0.41565513610839844,0.41559702157974243,-5.811452865600586e-05,0.08053990453481674,0.0812605693936348,0.1599900871515274,2.3979132175445557,2.422384738922119,0.72549968957901,0.7358554005622864,1.4841426610946655,0.22856518626213074,0.2325812578201294,0.39705100655555725,3.3015239238739014,3.1565234661102295,0.5965840816497803,0.5939164757728577,3.864630937576294,0.9813692569732666,0.2528216540813446,1.1709157228469849,0.9974731802940369,0.5764279961585999,1.2466405630111694,0.932439386844635,0.9490627646446228,0.016623377799987793,0.06756061315536499,1.1927943229675293,1.2416248321533203,0.048830509185791016
train,28,43.6705322265625,45.36153793334961,1.6910057067871094,1.6910057067871094,0.025524936616420746,38.97665786743164,40.39620590209961,1.4195480346679688,1.4195480346679688,0.023271720856428146,9.235546112060547,9.62794303894043,0.3923969268798828,0.3923969268798828,0.010619834065437317,0.40596458315849304,1.64255952835083,0.4006293714046478,1.4274020195007324,0.09101540595293045,0.38227370381355286,0.8065938353538513,3.0699615478515625,0.897609293460846,3.452235221862793,0.6220059990882874,0.9980195164680481,0.4147716164588928,0.9960885643959045,0.0833333358168602,0.2777777910232544,0.5847273468971252,0.5934584736824036,0.7895153760910034,0.41517072916030884,0.41513171792030334,-3.9011240005493164e-05,0.5847273468971252,0.5934584736824036,0.7895153760910034,0.41517072916030884,0.41513171792030334,-3.9011240005493164e-05,0.5847273468971252,0.5934584736824036,0.7895153760910034,0.41517072916030884,0.41513171792030334,-3.9011240005493164e-05,0.08058866113424301,0.08154677599668503,0.17288634181022644,2.384629249572754,2.412374496459961,0.7272474765777588,0.7375674247741699,1.4846547842025757,0.22551505267620087,0.22418037056922913,0.3521074056625366,3.3175723552703857,3.1122939586639404,0.595028817653656,0.6040209531784058,3.935997724533081,0.9812706708908081,0.25363606214523315,1.170651912689209,0.9974536299705505,0.5751623511314392,1.246614694595337,0.9236449003219604,0.9389016032218933,0.015256702899932861,0.07635509967803955,1.2320791482925415,1.281352162361145,0.049273014068603516
train,29,43.42941665649414,44.51605987548828,1.0866432189941406,1.0866432189941406,0.025349020957946777,38.738433837890625,39.68645477294922,0.9480209350585938,0.9480209350585938,0.02065679058432579,9.150113105773926,9.431767463684082,0.28165435791015625,0.28165435791015625,0.009429868310689926,0.39772894978523254,1.607544183731079,0.3949192762374878,1.4121986627578735,0.08802866190671921,0.37213197350502014,0.792648196220398,3.019009590148926,0.8806768655776978,3.391141653060913,0.6282002925872803,0.9978455901145935,0.4202284812927246,0.9959574341773987,0.0694444477558136,0.2777777910232544,0.5890147686004639,0.5791250467300415,0.8018084168434143,0.41089534759521484,0.4108680188655853,-2.73287296295166e-05,0.5890147686004639,0.5791250467300415,0.8018084168434143,0.41089534759521484,0.4108680188655853,-2.73287296295166e-05,0.5890147686004639,0.5791250467300415,0.8018084168434143,0.41089534759521484,0.4108680188655853,-2.73287296295166e-05,0.08106887340545654,0.07973264902830124,0.17782682180404663,2.3890089988708496,2.4145312309265137,0.727943480014801,0.7386327981948853,1.4871889352798462,0.22748741507530212,0.22857597470283508,0.3449913263320923,3.356327533721924,3.1576428413391113,0.5915698409080505,0.5960959792137146,3.8998374938964844,0.9797878861427307,0.25417718291282654,1.1681349277496338,0.99713134765625,0.5729686617851257,1.24620521068573,0.9363827109336853,0.9496557116508484,0.013273000717163086,0.0636172890663147,1.1348580121994019,1.1686457395553589,0.03378772735595703
train,30,42.16148376464844,43.97275924682617,1.8112754821777344,1.8112754821777344,0.020980430766940117,37.81169891357422,39.212467193603516,1.4007682800292969,1.4007682800292969,0.019512692466378212,9.313865661621094,9.290963172912598,-0.022902488708496094,0.022902488708496094,0.008766938000917435,0.39080968499183655,1.5652159452438354,0.3899476230144501,1.3794496059417725,0.08670510351657867,0.34798550605773926,0.7807573676109314,2.9446654319763184,0.8674624562263489,3.2926509380340576,0.63166344165802,0.9982079267501831,0.42193862795829773,0.9967132806777954,0.0555555559694767,0.2777777910232544,0.5841295719146729,0.5845630168914795,0.7931422591209412,0.4157940447330475,0.41576826572418213,-2.5779008865356445e-05,0.5841295719146729,0.5845630168914795,0.7931422591209412,0.4157940447330475,0.41576826572418213,-2.5779008865356445e-05,0.5841295719146729,0.5845630168914795,0.7931422591209412,0.4157940447330475,0.41576826572418213,-2.5779008865356445e-05,0.08018315583467484,0.08047790825366974,0.18429206311702728,2.3824074268341064,2.4063098430633545,0.7278167605400085,0.7384723424911499,1.4809573888778687,0.2277219295501709,0.22230884432792664,0.35159921646118164,3.3017704486846924,3.0992343425750732,0.597859799861908,0.6066470742225647,3.939154624938965,0.9774625301361084,0.2530547082424164,1.1638716459274292,0.9965883493423462,0.571453869342804,1.2455127239227295,0.9262727499008179,0.9413018226623535,0.015029072761535645,0.07372725009918213,1.2122007608413696,1.2332565784454346,0.02105581760406494
train,31,42.24559020996094,43.067142486572266,0.8215522766113281,0.8215522766113281,0.017980379983782768,37.41061782836914,38.512107849121094,1.1014900207519531,1.1014900207519531,0.016228877007961273,9.357438087463379,9.302436828613281,-0.055001258850097656,0.055001258850097656,0.006651103496551514,0.3825869560241699,1.51835298538208,0.38315820693969727,1.3507606983184814,0.08726391941308975,0.34028175473213196,0.7657451629638672,2.8691136837005615,0.853009045124054,3.209395408630371,0.6375343799591064,0.998204231262207,0.42521798610687256,0.9966725707054138,0.0555555559694767,0.2777777910232544,0.5843423008918762,0.5743709802627563,0.7961446642875671,0.4155876338481903,0.415559858083725,-2.777576446533203e-05,0.5843423008918762,0.5743709802627563,0.7961446642875671,0.4155876338481903,0.415559858083725,-2.777576446533203e-05,0.5843423008918762,0.5743709802627563,0.7961446642875671,0.4155876338481903,0.415559858083725,-2.777576446533203e-05,0.0813797265291214,0.08229278028011322,0.18636482954025269,2.3944785594940186,2.4124772548675537,0.724912703037262,0.7360191941261292,1.480994462966919,0.22636204957962036,0.21966400742530823,0.344025582075119,3.3945517539978027,3.2104547023773193,0.5826049447059631,0.5862653255462646,3.8513872623443604,0.9751092195510864,0.25295889377593994,1.1599199771881104,0.995999813079834,0.569281280040741,1.244766116142273,0.9311023950576782,0.9441193342208862,0.013016939163208008,0.06889760494232178,1.207875370979309,1.2448947429656982,0.03701937198638916
train,32,41.45282745361328,42.65639114379883,1.2035636901855469,1.2035636901855469,0.015061683021485806,37.34406280517578,37.96138381958008,0.6173210144042969,0.6173210144042969,0.01724940538406372,8.617616653442383,9.329960823059082,0.7123441696166992,0.7123441696166992,0.010121353901922703,0.37743255496025085,1.4849984645843506,0.3766366243362427,1.3427543640136719,0.08759070932865143,0.33098304271698,0.7540691494941711,2.8256707191467285,0.8416598439216614,3.156653881072998,0.6421266198158264,0.9978711605072021,0.4286554157733917,0.9960469603538513,0.0555555559694767,0.2777777910232544,0.5794288516044617,0.5859901309013367,0.7925935983657837,0.4204937815666199,0.4204634726047516,-3.0308961868286133e-05,0.5794288516044617,0.5859901309013367,0.7925935983657837,0.4204937815666199,0.4204634726047516,-3.0308961868286133e-05,0.5794288516044617,0.5859901309013367,0.7925935983657837,0.4204937815666199,0.4204634726047516,-3.0308961868286133e-05,0.08194471150636673,0.08244220912456512,0.18505069613456726,2.375633478164673,2.400273561477661,0.7275789380073547,0.7381465435028076,1.4815934896469116,0.22213442623615265,0.2248922735452652,0.3367937207221985,3.3731837272644043,3.214979648590088,0.5846066474914551,0.5828102231025696,3.8467929363250732,0.9734734892845154,0.25323304533958435,1.1573383808135986,0.99558025598526,0.5678377151489258,1.2442357540130615,0.9285429120063782,0.9416757822036743,0.013132870197296143,0.07145708799362183,1.179507851600647,1.187953233718872,0.008445382118225098
train,33,40.326820373535156,42.05463409423828,1.727813720703125,1.727813720703125,0.018178053200244904,36.09104919433594,37.652748107910156,1.5616989135742188,1.5616989135742188,0.019710086286067963,9.049018859863281,8.973811149597168,-0.07520771026611328,0.07520771026611328,0.00620293989777565,0.3737267553806305,1.453261375427246,0.3738330602645874,1.3235477209091187,0.08527504652738571,0.3154124319553375,0.7475597858428955,2.7768092155456543,0.8328348994255066,3.092221736907959,0.6450437903404236,0.9961209893226624,0.4329453110694885,0.9926623106002808,0.0555555559694767,0.2777777910232544,0.5826824903488159,0.5793418884277344,0.794769287109375,0.4172326326370239,0.4172070622444153,-2.5570392608642578e-05,0.5826824903488159,0.5793418884277344,0.794769287109375,0.4172326326370239,0.4172070622444153,-2.5570392608642578e-05,0.5826824903488159,0.5793418884277344,0.794769287109375,0.4172326326370239,0.4172070622444153,-2.5570392608642578e-05,0.08240071684122086,0.08140293508768082,0.18521474301815033,2.389535427093506,2.4144134521484375,0.7225804328918457,0.733535647392273,1.474450707435608,0.22122754156589508,0.2198043167591095,0.34521088004112244,3.346496343612671,3.1906354427337646,0.5937846899032593,0.5954176783561707,3.8035521507263184,0.9714744687080383,0.2521885931491852,1.153970718383789,0.9950388073921204,0.5674406886100769,1.2435489892959595,0.9380297660827637,0.9511652588844299,0.01313549280166626,0.06197023391723633,1.130720853805542,1.1720565557479858,0.04133570194244385
train,34,40.5755729675293,41.19075012207031,0.6151771545410156,0.6151771545410156,0.018166303634643555,36.329795837402344,36.87192153930664,0.5421257019042969,0.5421257019042969,0.016271255910396576,8.225702285766602,9.011438369750977,0.785736083984375,0.785736083984375,0.01200771052390337,0.3655523359775543,1.410709261894226,0.36481598019599915,1.283668041229248,0.08541429042816162,0.3240412473678589,0.7303683161735535,2.693373203277588,0.8157826662063599,3.0174145698547363,0.6518102884292603,0.9965348839759827,0.43931543827056885,0.9934329986572266,0.0555555559694767,0.2777777910232544,0.5810474157333374,0.5813505053520203,0.7920886278152466,0.4188779294490814,0.41885361075401306,-2.4318695068359375e-05,0.5810474157333374,0.5813505053520203,0.7920886278152466,0.4188779294490814,0.41885361075401306,-2.4318695068359375e-05,0.5810474157333374,0.5813505053520203,0.7920886278152466,0.4188779294490814,0.41885361075401306,-2.4318695068359375e-05,0.0818406343460083,0.08114166557788849,0.1784783899784088,2.3844943046569824,2.408374547958374,0.723135769367218,0.7337661385536194,1.4666823148727417,0.22049462795257568,0.22217310965061188,0.3647955060005188,3.36838960647583,3.2111852169036865,0.5905988812446594,0.5938979387283325,3.833265542984009,0.9686318039894104,0.25121012330055237,1.1489907503128052,0.9941940903663635,0.5647729635238647,1.242476463317871,0.9393771886825562,0.9505889415740967,0.011211752891540527,0.06062281131744385,1.1310540437698364,1.170433759689331,0.03937971591949463
train,35,39.652488708496094,40.883182525634766,1.2306938171386719,1.2306938171386719,0.018719874322414398,35.48991012573242,36.60087966918945,1.1109695434570312,1.1109695434570312,0.015095608308911324,8.458593368530273,8.618592262268066,0.15999889373779297,0.15999889373779297,0.0064161247573792934,0.3628736138343811,1.4164835214614868,0.36070287227630615,1.273166537284851,0.08060851693153381,0.29969894886016846,0.7235764861106873,2.686458110809326,0.8041850328445435,2.986156940460205,0.655626654624939,0.9973101615905762,0.4440504312515259,0.9950162172317505,0.0555555559694767,0.2777777910232544,0.5811977982521057,0.5779970288276672,0.7905526757240295,0.4187367558479309,0.41871967911720276,-1.7076730728149414e-05,0.5811977982521057,0.5779970288276672,0.7905526757240295,0.4187367558479309,0.41871967911720276,-1.7076730728149414e-05,0.5811977982521057,0.5779970288276672,0.7905526757240295,0.4187367558479309,0.41871967911720276,-1.7076730728149414e-05,0.07999762892723083,0.08023666590452194,0.17032894492149353,2.346029281616211,2.379176616668701,0.7274600863456726,0.736991822719574,1.4664205312728882,0.22279533743858337,0.21697905659675598,0.33073312044143677,3.307967185974121,3.1637654304504395,0.6011592745780945,0.602629542350769,3.833826780319214,0.9676423072814941,0.25080955028533936,1.1475521326065063,0.9939019680023193,0.5635557770729065,1.2421082258224487,0.9397256374359131,0.9527722597122192,0.013046622276306152,0.060274362564086914,1.1188350915908813,1.1427688598632812,0.023933768272399902
train,36,38.66535949707031,40.267860412597656,1.6025009155273438,1.6025009155273438,0.018215248361229897,34.42781066894531,36.0454216003418,1.6176109313964844,1.6176109313964844,0.02127525955438614,8.238473892211914,8.538616180419922,0.3001422882080078,0.3001422882080078,0.007157256826758385,0.3565751016139984,1.4033311605453491,0.3541116416454315,1.2499812841415405,0.07983783632516861,0.29256150126457214,0.7106866836547852,2.647071599960327,0.7905246019363403,2.9396331310272217,0.6594982147216797,0.9976977109909058,0.44877636432647705,0.9958085417747498,0.0555555559694767,0.2777777910232544,0.5796219706535339,0.5884367227554321,0.7898591756820679,0.4203133285045624,0.42029547691345215,-1.7851591110229492e-05,0.5779305696487427,0.5870895385742188,0.7878028750419617,0.4218602478504181,0.42184728384017944,-1.2964010238647461e-05,0.5779305696487427,0.5870895385742188,0.7878028750419617,0.4218602478504181,0.42184728384017944,-1.2964010238647461e-05,0.07948684692382812,0.07946950197219849,0.168007954955101,2.336164712905884,2.3724029064178467,0.7286050319671631,0.73543781042099,1.4657623767852783,0.2243756651878357,0.22915498912334442,0.3990839123725891,3.2866358757019043,3.146697759628296,0.6030570864677429,0.6041075587272644,3.8247756958007812,0.9657731652259827,0.2503124475479126,1.1445461511611938,0.9933163523674011,0.5620443224906921,1.2413676977157593,0.9379416704177856,0.9521734118461609,0.014231741428375244,0.062058329582214355,1.1137961149215698,1.1453765630722046,0.031580448150634766
train,37,37.442626953125,39.46663284301758,2.024005889892578,2.024005889892578,0.024847613647580147,33.30213165283203,35.236637115478516,1.9345054626464844,1.9345054626464844,0.02248208411037922,7.934042453765869,8.388567924499512,0.4545254707336426,0.4545254707336426,0.009661518968641758,0.34935665130615234,1.366472601890564,0.3458491563796997,1.2174737453460693,0.07916814088821411,0.30246663093566895,0.695205807685852,2.574932098388672,0.7743739485740662,2.877398729324341,0.663762629032135,0.9979037642478943,0.45302316546440125,0.9962194561958313,0.0555555559694767,0.2777777910232544,0.5839280486106873,0.5888712406158447,0.7940618395805359,0.415998250246048,0.4159773290157318,-2.092123031616211e-05,0.5839280486106873,0.5888712406158447,0.7940618395805359,0.415998250246048,0.4159773290157318,-2.092123031616211e-05,0.5839280486106873,0.5888712406158447,0.7940618395805359,0.415998250246048,0.4159773290157318,-2.092123031616211e-05,0.0801038146018982,0.07966495305299759,0.18202589452266693,2.362339973449707,2.392371654510498,0.7228981852531433,0.7324174642562866,1.4613040685653687,0.22679269313812256,0.2235931158065796,0.4338158071041107,3.3617327213287354,3.2186832427978516,0.5907977223396301,0.5876879096031189,3.823397159576416,0.9628636837005615,0.24952274560928345,1.1396766901016235,0.9923529028892517,0.5601876974105835,1.2401478290557861,0.9442232847213745,0.957375705242157,0.01315242052078247,0.05577671527862549,1.0646089315414429,1.0761966705322266,0.011587738990783691
train,38,36.58303451538086,38.45465087890625,1.8716163635253906,1.8716163635253906,0.018946850672364235,32.402530670166016,34.269405364990234,1.8668746948242188,1.8668746948242188,0.02002275362610817,7.898983955383301,8.161328315734863,0.2623443603515625,0.2623443603515625,0.005888953804969788,0.3386046588420868,1.2928812503814697,0.3358960747718811,1.165601134300232,0.07686406373977661,0.28890877962112427,0.6745007038116455,2.4528698921203613,0.7513648271560669,2.741778612136841,0.6713955402374268,0.9981374144554138,0.4620800018310547,0.9964566230773926,0.0555555559694767,0.2777777910232544,0.5863298773765564,0.5927532315254211,0.7986919283866882,0.41357874870300293,0.4135532081127167,-2.5540590286254883e-05,0.5847630500793457,0.5912476181983948,0.7967162132263184,0.41503581404685974,0.41501355171203613,-2.22623348236084e-05,0.5847630500793457,0.5912476181983948,0.7967162132263184,0.41503581404685974,0.41501355171203613,-2.22623348236084e-05,0.07997865974903107,0.07903365790843964,0.17379166185855865,2.373978853225708,2.3968286514282227,0.7211526036262512,0.7316989898681641,1.4481213092803955,0.22860845923423767,0.2360677719116211,0.4389512240886688,3.380801200866699,3.2781929969787598,0.5906149744987488,0.5832494497299194,3.748859405517578,0.9564530849456787,0.24748952686786652,1.1297963857650757,0.9900818467140198,0.5563237071037292,1.2372831106185913,0.9487912654876709,0.961999237537384,0.013207972049713135,0.0512087345123291,1.023651361465454,1.0351521968841553,0.011500835418701172
train,39,36.17023468017578,37.51886749267578,1.3486328125,1.3486328125,0.015645254403352737,32.28315734863281,33.33599090576172,1.0528335571289062,1.0528335571289062,0.01752961426973343,7.6365790367126465,8.030179977416992,0.3936009407043457,0.3936009407043457,0.007321396842598915,0.33137309551239014,1.2505838871002197,0.3272601068019867,1.1163551807403564,0.07678261399269104,0.3000962734222412,0.6586332321166992,2.36405611038208,0.7354157567024231,2.6641523838043213,0.6775658130645752,0.9985665082931519,0.46832582354545593,0.9971306324005127,0.0555555559694767,0.2777777910232544,0.5894514322280884,0.6078265905380249,0.8047406673431396,0.41043418645858765,0.4104147255420685,-1.946091651916504e-05,0.5894514322280884,0.6078265905380249,0.8047406673431396,0.41043418645858765,0.4104147255420685,-1.946091651916504e-05,0.5886527299880981,0.607714831829071,0.8039419651031494,0.41123294830322266,0.4112134575843811,-1.9490718841552734e-05,0.07969596982002258,0.07828301936388016,0.17148788273334503,2.391507625579834,2.4109747409820557,0.7190736532211304,0.7300207018852234,1.439067006111145,0.23480544984340668,0.23763786256313324,0.455484002828598,3.4472858905792236,3.3349108695983887,0.5794481635093689,0.5737054347991943,3.7527990341186523,0.9519855380058289,0.2462778389453888,1.1227315664291382,0.9883033037185669,0.5535780787467957,1.2350388765335083,0.9441301226615906,0.9580710530281067,0.013940930366516113,0.055869877338409424,1.065062165260315,1.0728744268417358,0.0078122615814208984
train,40,35.68705749511719,36.844573974609375,1.1575164794921875,1.1575164794921875,0.01843930035829544,32.0829963684082,32.80959701538086,0.7266006469726562,0.7266006469726562,0.016943324357271194,7.709339141845703,7.833401679992676,0.12406253814697266,0.12406253814697266,0.007619306445121765,0.3263815641403198,1.2372080087661743,0.32374536991119385,1.0824499130249023,0.07517605274915695,0.2762569785118103,0.6501269340515137,2.319657802581787,0.7253029346466064,2.595914840698242,0.6812654733657837,0.998670756816864,0.47377416491508484,0.9973896145820618,0.0555555559694767,0.2777777910232544,0.5984914898872375,0.5969788432121277,0.8163064122200012,0.40139642357826233,0.4013719856739044,-2.4437904357910156e-05,0.5984914898872375,0.5969788432121277,0.8163064122200012,0.40139642357826233,0.4013719856739044,-2.4437904357910156e-05,0.5980307459831238,0.5968136191368103,0.8158456683158875,0.4018571972846985,0.4018327593803406,-2.4437904357910156e-05,0.07982295751571655,0.08050323277711868,0.23064537346363068,2.4462106227874756,2.4575648307800293,0.7099708318710327,0.7261101007461548,1.429329514503479,0.23690079152584076,0.22524280846118927,0.41504091024398804,3.4527108669281006,3.3084239959716797,0.5817499756813049,0.583037793636322,3.79658842086792,0.9484572410583496,0.24492399394512177,1.1173542737960815,0.986842691898346,0.5524379014968872,1.2331979274749756,0.9468914866447449,0.9622219800949097,0.015330493450164795,0.05310851335525513,1.080774188041687,1.0932621955871582,0.012488007545471191
train,41,36.265560150146484,36.265838623046875,0.000278472900390625,0.000278472900390625,0.013764724135398865,32.42115783691406,32.446319580078125,0.0251617431640625,0.0251617431640625,0.0116317979991436,8.053733825683594,7.771393775939941,-0.28234004974365234,0.28234004974365234,0.00735180638730526,0.32103681564331055,1.2229795455932617,0.3185630440711975,1.0836963653564453,0.0741375982761383,0.25640884041786194,0.6395998001098633,2.306675910949707,0.7137374877929688,2.563084840774536,0.6851180195808411,0.9988310933113098,0.47655215859413147,0.9976034164428711,0.02777777798473835,0.2777777910232544,0.5977434515953064,0.6033071279525757,0.8204172253608704,0.40212923288345337,0.4020846486091614,-4.458427429199219e-05,0.5977434515953064,0.6033071279525757,0.8204172253608704,0.40212923288345337,0.4020846486091614,-4.458427429199219e-05,0.5974288582801819,0.6032561659812927,0.8201025724411011,0.4024438261985779,0.40239930152893066,-4.45246696472168e-05,0.08125447481870651,0.08287367224693298,0.16257229447364807,2.434389352798462,2.4490303993225098,0.7164234519004822,0.7295068502426147,1.4268217086791992,0.23203164339065552,0.2330331653356552,0.4689466059207916,3.491154670715332,3.3858847618103027,0.5763310790061951,0.5665558576583862,3.780308961868286,0.9464169144630432,0.2439609169960022,1.1147074699401855,0.9860516786575317,0.5500168800354004,1.2322064638137817,0.9417014718055725,0.9532958269119263,0.01159435510635376,0.05829852819442749,1.0957714319229126,1.1250624656677246,0.02929103374481201
train,42,35.225215911865234,36.265724182128906,1.0405082702636719,1.0405082702636719,0.017813684418797493,31.196239471435547,32.43376159667969,1.2375221252441406,1.2375221252441406,0.020158786326646805,7.578937530517578,7.912586688995361,0.3336491584777832,0.3336491584777832,0.008872833102941513,0.32057905197143555,1.220227599143982,0.31840160489082336,1.0855236053466797,0.07459122687578201,0.265677273273468,0.6389806270599365,2.305751323699951,0.7135718464851379,2.5714285373687744,0.6854932308197021,0.9987810254096985,0.47836577892303467,0.9972816705703735,0.02777777798473835,0.2777777910232544,0.6005240082740784,0.6120141744613647,0.8255479335784912,0.39935502409935,0.3993132710456848,-4.175305366516113e-05,0.6004865765571594,0.6119675636291504,0.8250868916511536,0.3994194269180298,0.3993743062019348,-4.51207160949707e-05,0.6003037095069885,0.6118788123130798,0.8249040246009827,0.3996022939682007,0.3995571434497833,-4.51505184173584e-05,0.08182300627231598,0.08254367858171463,0.18477316200733185,2.4723775386810303,2.48644757270813,0.7062498927116394,0.7185965776443481,1.4275155067443848,0.22761115431785583,0.24156196415424347,0.4472055435180664,3.5369129180908203,3.3979039192199707,0.572296679019928,0.566016674041748,3.759380578994751,0.9467149972915649,0.24324294924736023,1.1151660680770874,0.9861688017845154,0.5499654412269592,1.2323542833328247,0.9510849118232727,0.9629581570625305,0.011873245239257812,0.048915088176727295,1.0323225259780884,1.0627756118774414,0.030453085899353027
train,43,35.22849655151367,35.74549102783203,0.5169944763183594,0.5169944763183594,0.015785247087478638,31.275007247924805,31.81502342224121,0.5400161743164062,0.5400161743164062,0.015241955406963825,7.361289978027344,7.745785713195801,0.38449573516845703,0.38449573516845703,0.005679922644048929,0.3165454864501953,1.206238865852356,0.3119887709617615,1.0609627962112427,0.07414385676383972,0.279467910528183,0.628534197807312,2.2672016620635986,0.7026781439781189,2.5466694831848145,0.6890980005264282,0.9988455772399902,0.48377084732055664,0.9974054098129272,0.02777777798473835,0.2777777910232544,0.6061573028564453,0.6061028242111206,0.8283495306968689,0.3937112092971802,0.39367297291755676,-3.8236379623413086e-05,0.6061573028564453,0.6061028242111206,0.8283495306968689,0.3937112092971802,0.39367297291755676,-3.8236379623413086e-05,0.6060205101966858,0.6058956384658813,0.8282128572463989,0.3938479423522949,0.3938096761703491,-3.826618194580078e-05,0.08195596188306808,0.08184412866830826,0.19774764776229858,2.483091354370117,2.4994680881500244,0.7034274339675903,0.7143643498420715,1.4169151782989502,0.23621363937854767,0.24410118162631989,0.4567607343196869,3.496537446975708,3.3500046730041504,0.5762132406234741,0.5734599828720093,3.8207147121429443,0.9446685910224915,0.24210399389266968,1.1118348836898804,0.9852348566055298,0.5487639904022217,1.231175422668457,0.9486575722694397,0.9593204855918884,0.01066291332244873,0.0513424277305603,1.0210882425308228,1.0325078964233398,0.01141965389251709
train,44,34.146484375,35.48701858520508,1.3405342102050781,1.3405342102050781,0.019962042570114136,30.513803482055664,31.54503631591797,1.0312328338623047,1.0312328338623047,0.018491238355636597,7.386533260345459,7.553561210632324,0.16702795028686523,0.16702795028686523,0.006957570556551218,0.315887451171875,1.1901782751083374,0.3116019666194916,1.0546908378601074,0.07305160164833069,0.2836720645427704,0.6274893879890442,2.2448692321777344,0.7005409002304077,2.528541326522827,0.6893794536590576,0.9990059733390808,0.48718106746673584,0.997592031955719,0.02777777798473835,0.2777777910232544,0.6061301231384277,0.6136581301689148,0.8269712328910828,0.39376410841941833,0.39373505115509033,-2.905726432800293e-05,0.5775532126426697,0.5859485268592834,0.6622886061668396,0.4215231239795685,0.4217366874217987,0.0002135634422302246,0.5773816108703613,0.5859203934669495,0.6621170043945312,0.4216947555541992,0.42190831899642944,0.0002135634422302246,0.08159860223531723,0.08206082135438919,0.18163621425628662,2.5090343952178955,2.5230953693389893,0.698078989982605,0.7138673663139343,1.418675184249878,0.24153666198253632,0.2370559126138687,0.40018096566200256,3.5630483627319336,3.3884682655334473,0.5653572678565979,0.5713324546813965,3.803528070449829,0.9434533715248108,0.24177996814250946,1.1099187135696411,0.9846776723861694,0.5489621162414551,1.2304726839065552,0.9536656141281128,0.9649101495742798,0.011244535446166992,0.04633438587188721,1.0495021343231201,1.0617403984069824,0.012238264083862305
train,45,34.00686264038086,34.816776275634766,0.8099136352539062,0.8099136352539062,0.014579425565898418,30.383426666259766,31.029443740844727,0.6460170745849609,0.6460170745849609,0.011934531852602959,7.244339942932129,7.470069885253906,0.22572994232177734,0.22572994232177734,0.008894918486475945,0.308993935585022,1.1966222524642944,0.30505889654159546,1.0435175895690918,0.07201235741376877,0.2696210443973541,0.6140527725219727,2.240139961242676,0.6860651969909668,2.509761095046997,0.6964553594589233,0.9980100989341736,0.4924073815345764,0.9958669543266296,0.02777777798473835,0.25,0.5816810131072998,0.5885089635848999,0.8019561767578125,0.41767436265945435,0.4177680015563965,9.363889694213867e-05,0.581726610660553,0.5886045098304749,0.8020747900009155,0.41762322187423706,0.4177175462245941,9.432435035705566e-05,0.5816255807876587,0.5885663628578186,0.8019736409187317,0.4177243411540985,0.4178186357021332,9.429454803466797e-05,0.08142753690481186,0.08147932589054108,0.16944992542266846,2.524096727371216,2.539534330368042,0.6935872435569763,0.7084755301475525,1.4143348932266235,0.2382970154285431,0.2512933015823364,0.3776920735836029,3.551400899887085,3.3792643547058105,0.5655786395072937,0.572107195854187,3.834266424179077,0.941974401473999,0.2411273568868637,1.1079227924346924,0.9840480089187622,0.5471733808517456,1.2296820878982544,0.9535202383995056,0.9603760242462158,0.006855785846710205,0.046479761600494385,1.0473554134368896,1.0642759799957275,0.01692056655883789
train,46,33.725582122802734,34.411842346191406,0.6862602233886719,0.6862602233886719,0.012100473046302795,30.28643035888672,30.706457138061523,0.4200267791748047,0.4200267791748047,0.012664315290749073,6.840576648712158,7.3572282791137695,0.5166516304016113,0.5166516304016113,0.005884441081434488,0.30399179458618164,1.1712077856063843,0.3017258942127228,1.0344696044921875,0.07037284970283508,0.28304803371429443,0.605717658996582,2.2056775093078613,0.6760905385017395,2.4887256622314453,0.7007458806037903,0.9974528551101685,0.49420928955078125,0.9950570464134216,0.02777777798473835,0.2638888955116272,0.5851293206214905,0.58784419298172,0.8058515787124634,0.41426315903663635,0.4143504500389099,8.729100227355957e-05,0.5846757292747498,0.5872945189476013,0.6663998961448669,0.41479089856147766,0.41490229964256287,0.00011140108108520508,0.5846757292747498,0.5872945189476013,0.6663998961448669,0.41479089856147766,0.41490229964256287,0.00011140108108520508,0.080992192029953,0.08200260251760483,0.16403451561927795,2.5269532203674316,2.542855978012085,0.6938732862472534,0.7083874344825745,1.4106521606445312,0.2473393976688385,0.24613052606582642,0.390534907579422,3.555493116378784,3.3475546836853027,0.5645220875740051,0.5814603567123413,3.812059164047241,0.9398902654647827,0.24044615030288696,1.104718804359436,0.9830990433692932,0.5456135272979736,1.22848641872406,0.9526357054710388,0.9630022048950195,0.010366499423980713,0.04736429452896118,1.0728133916854858,1.0883266925811768,0.015513300895690918
train,47,32.869544982910156,34.06873321533203,1.199188232421875,1.199188232421875,0.012878859415650368,29.645532608032227,30.49646759033203,0.8509349822998047,0.8509349822998047,0.011090811342000961,7.285508632659912,7.0989251136779785,-0.1865835189819336,0.1865835189819336,0.006327080074697733,0.2992341220378876,1.159077763557434,0.29848557710647583,1.045113205909729,0.06815434992313385,0.29070913791656494,0.5977196097373962,2.203763961791992,0.6658740639686584,2.4944729804992676,0.7051787972450256,0.9983683228492737,0.4976188838481903,0.9964760541915894,0.02777777798473835,0.2638888955116272,0.5864772200584412,0.5907586812973022,0.8085644245147705,0.41303160786628723,0.4130915105342865,5.990266799926758e-05,0.5864772200584412,0.5907586812973022,0.8085644245147705,0.41303160786628723,0.4130915105342865,5.990266799926758e-05,0.586391270160675,0.5907047390937805,0.8084785342216492,0.41311758756637573,0.4131774604320526,5.987286567687988e-05,0.08120010793209076,0.08253395557403564,0.16791273653507233,2.5221118927001953,2.543485641479492,0.6932626366615295,0.7066683173179626,1.4138582944869995,0.24882906675338745,0.240494966506958,0.37614408135414124,3.601552724838257,3.4043498039245605,0.5594387054443359,0.5730272531509399,3.818037986755371,0.9395902156829834,0.24044926464557648,1.1045573949813843,0.9830121397972107,0.5440462827682495,1.2283806800842285,0.9584256410598755,0.9652133584022522,0.006787717342376709,0.04157435894012451,1.0471209287643433,1.0651626586914062,0.01804172992706299
train,48,32.72559356689453,33.46916198730469,0.7435684204101562,0.7435684204101562,0.015149818733334541,29.51531982421875,30.071022033691406,0.5557022094726562,0.5557022094726562,0.01680690608918667,6.90203857421875,7.192239284515381,0.29020071029663086,0.29020071029663086,0.009125345386564732,0.29474490880966187,1.1478123664855957,0.29378870129585266,1.0450538396835327,0.06879143416881561,0.278936505317688,0.5885336399078369,2.192866325378418,0.6573250889778137,2.4718027114868164,0.7093457579612732,0.9983450770378113,0.5017909407615662,0.9963686466217041,0.02777777798473835,0.2638888955116272,0.5885874629020691,0.6053418517112732,0.8145081400871277,0.4109557271003723,0.41102340817451477,6.768107414245605e-05,0.45135512948036194,0.46954333782196045,0.47157686948776245,0.48901647329330444,0.4951930046081543,0.0061765313148498535,0.4512849450111389,0.46950459480285645,0.47150668501853943,0.48908665776252747,0.49526315927505493,0.006176501512527466,0.08249440044164658,0.08284902572631836,0.1865866780281067,2.54365873336792,2.5613389015197754,0.6908535361289978,0.7053302526473999,1.410194993019104,0.2454431802034378,0.23051735758781433,0.3527815341949463,3.6636507511138916,3.465444803237915,0.5497075319290161,0.5627472400665283,3.7719919681549072,0.9379023313522339,0.2397589385509491,1.1023411750793457,0.9822756052017212,0.5423856377601624,1.2274574041366577,0.9525753855705261,0.9657309651374817,0.013155579566955566,0.04742461442947388,1.0838398933410645,1.097995400428772,0.01415550708770752
train,49,32.44163513183594,33.0974006652832,0.6557655334472656,0.6557655334472656,0.015716668218374252,29.019941329956055,29.793195724487305,0.77325439453125,0.77325439453125,0.015295546501874924,6.591898441314697,7.0471625328063965,0.4552640914916992,0.4552640914916992,0.007016771472990513,0.2896155118942261,1.148561716079712,0.28986656665802,1.0441792011260986,0.06604847311973572,0.2508440613746643,0.5794820189476013,2.1927409172058105,0.6455305218696594,2.44358491897583,0.7144860625267029,0.9989016056060791,0.506678581237793,0.9974057078361511,0.02777777798473835,0.25,0.5968862771987915,0.5970768928527832,0.8169597387313843,0.4028351902961731,0.40291276574134827,7.75754451751709e-05,0.5919591188430786,0.5924553871154785,0.8116506338119507,0.40518227219581604,0.40537357330322266,0.0001913011074066162,0.5919045209884644,0.5924346446990967,0.8115959763526917,0.4052368700504303,0.4054282009601593,0.0001913309097290039,0.08246586471796036,0.08389601856470108,0.1749735325574875,2.5553178787231445,2.5765836238861084,0.6892929673194885,0.7036968469619751,1.4003899097442627,0.23995056748390198,0.23397918045520782,0.3538169860839844,3.639287233352661,3.4737377166748047,0.5496789216995239,0.5609118342399597,3.731299638748169,0.9360949397087097,0.23913301527500153,1.1001434326171875,0.9814913272857666,0.5403568744659424,1.2264759540557861,0.9583615064620972,0.9661505818367004,0.0077890753746032715,0.04163849353790283,1.0512676239013672,1.0703860521316528,0.019118428230285645
train,50,31.86555290222168,32.76953887939453,0.9039859771728516,0.9039859771728516,0.009726585820317268,28.57843589782715,29.40658950805664,0.8281536102294922,0.8281536102294922,0.010782558470964432,6.747513771057129,6.819553375244141,0.07203960418701172,0.07203960418701172,0.007744398433715105,0.2858906388282776,1.144626259803772,0.28546974062919617,1.047277808189392,0.06341815739870071,0.23039071261882782,0.5713603496551514,2.191904067993164,0.6347785592079163,2.422294855117798,0.7181119918823242,0.9990414381027222,0.5103691220283508,0.9976738691329956,0.02777777798473835,0.25,0.5969801545143127,0.598552405834198,0.823413074016571,0.40260210633277893,0.4027053117752075,0.00010320544242858887,0.45456767082214355,0.4571376442909241,0.4748859107494354,0.4846624433994293,0.4897119104862213,0.005049467086791992,0.4545298218727112,0.4571167230606079,0.47484806180000305,0.4847002923488617,0.4897497594356537,0.005049467086791992,0.08278022706508636,0.08401313424110413,0.18825988471508026,2.528294801712036,2.550152063369751,0.6895043849945068,0.7048832774162292,1.4112730026245117,0.2375968098640442,0.24855154752731323,0.3471030592918396,3.624180555343628,3.451775550842285,0.5497763752937317,0.5637282729148865,3.7481696605682373,0.9345231652259827,0.23913413286209106,1.098323106765747,0.9808210134506226,0.5380569100379944,1.225638508796692,0.9587864875793457,0.9633826613426208,0.0045961737632751465,0.0412135124206543,1.087685227394104,1.1054490804672241,0.017763853073120117
train,51,31.758493423461914,32.31756591796875,0.5590724945068359,0.5590724945068359,0.011795494705438614,28.26423454284668,28.992534637451172,0.7283000946044922,0.7283000946044922,0.015394968912005424,6.512398719787598,6.7835564613342285,0.27115774154663086,0.27115774154663086,0.004881942179054022,0.2825806438922882,1.1442205905914307,0.28203585743904114,1.0405515432357788,0.0635194405913353,0.2592674493789673,0.5646164417266846,2.18477201461792,0.6281359195709229,2.4440393447875977,0.7214142084121704,0.9990661144256592,0.5134992599487305,0.9977874159812927,0.02777777798473835,0.2222222238779068,0.5929858088493347,0.5874718427658081,0.6801600456237793,0.40423670411109924,0.4044349789619446,0.00019827485084533691,0.46047309041023254,0.4619159698486328,0.48152458667755127,0.482280969619751,0.48680752515792847,0.00452655553817749,0.46047309041023254,0.4619159698486328,0.48152458667755127,0.482280969619751,0.48680752515792847,0.00452655553817749,0.08303236216306686,0.08080065250396729,0.1903255730867386,2.5241615772247314,2.549670457839966,0.69049072265625,0.7051563858985901,1.4172531366348267,0.24324055016040802,0.253051221370697,0.35222357511520386,3.6069257259368896,3.4164247512817383,0.5557824969291687,0.5694136619567871,3.8306925296783447,0.9351108074188232,0.23926398158073425,1.0989551544189453,0.9810531735420227,0.5372634530067444,1.2259280681610107,0.9688287377357483,0.9712978005409241,0.0024690628051757812,0.03117126226425171,1.071789026260376,1.0798074007034302,0.0080183744430542
train,52,31.64641761779785,32.038055419921875,0.39163780212402344,0.39163780212402344,0.017492670565843582,28.11554718017578,28.62841033935547,0.5128631591796875,0.5128631591796875,0.018503863364458084,6.359874725341797,6.648001194000244,0.28812646865844727,0.28812646865844727,0.010509271174669266,0.2827860713005066,1.1249428987503052,0.2798338830471039,1.0124965906143188,0.06326842308044434,0.2681829631328583,0.5626199245452881,2.134232521057129,0.6258884072303772,2.4024155139923096,0.7206400632858276,0.9989561438560486,0.513727068901062,0.9976498484611511,0.02777777798473835,0.2083333283662796,0.46118512749671936,0.45345231890678406,0.4827726483345032,0.48425573110580444,0.4884602725505829,0.004204541444778442,0.46123063564300537,0.45356208086013794,0.4828181564807892,0.48421022295951843,0.4884147644042969,0.004204541444778442,0.46118512749671936,0.45345231890678406,0.4827726483345032,0.48425573110580444,0.4884602725505829,0.004204541444778442,0.08137262612581253,0.081583172082901,0.18705058097839355,2.5304558277130127,2.554155111312866,0.6896604299545288,0.7053564190864563,1.4030125141143799,0.2465929239988327,0.2340947985649109,0.3627268671989441,3.6063342094421387,3.4123952388763428,0.5580172538757324,0.5666028261184692,3.863081455230713,0.9320659041404724,0.2385118305683136,1.094048023223877,0.9794521331787109,0.5378653407096863,1.2239089012145996,0.97175532579422,0.9764248728752136,0.004669547080993652,0.02824467420578003,1.0432758331298828,1.051108717918396,0.007832884788513184
train,53,31.75547981262207,31.842256546020508,0.0867767333984375,0.0867767333984375,0.014749712310731411,28.418596267700195,28.37200164794922,-0.04659461975097656,0.04659461975097656,0.01629975251853466,7.156945705413818,6.503961086273193,-0.652984619140625,0.652984619140625,0.006322599947452545,0.2836419939994812,1.1292184591293335,0.2798738479614258,1.0139988660812378,0.06189452111721039,0.22988775372505188,0.563515841960907,2.142322301864624,0.6254103779792786,2.3722100257873535,0.7199349999427795,0.9987710118293762,0.513913631439209,0.9974315762519836,0.02777777798473835,0.2083333283662796,0.4573535621166229,0.43014761805534363,0.4790378510951996,0.49151095747947693,0.4946443736553192,0.003133416175842285,0.5835559964179993,0.5636292099952698,0.8074272274971008,0.41373738646507263,0.4139474928379059,0.00021010637283325195,0.5835559964179993,0.5636292099952698,0.8074272274971008,0.41373738646507263,0.4139474928379059,0.00021010637283325195,0.08043058216571808,0.07733990997076035,0.20295262336730957,2.507385730743408,2.537329912185669,0.6941080093383789,0.7079913020133972,1.4070560932159424,0.2455361932516098,0.2413775473833084,0.34792473912239075,3.6072113513946533,3.404461622238159,0.5546138882637024,0.5693840980529785,3.86537504196167,0.9306655526161194,0.2382030189037323,1.0925047397613525,0.9788355827331543,0.5390548706054688,1.2231395244598389,0.9723010063171387,0.974834144115448,0.002533137798309326,0.027698993682861328,1.0237268209457397,1.0422099828720093,0.01848316192626953
train,54,31.188156127929688,31.798891067504883,0.6107349395751953,0.6107349395751953,0.012465949170291424,27.827905654907227,28.39532470703125,0.5674190521240234,0.5674190521240234,0.012612792663276196,7.108360290527344,6.830476760864258,-0.27788352966308594,0.27788352966308594,0.006428008433431387,0.2808530628681183,1.0987848043441772,0.27656590938568115,0.9765422940254211,0.06493671238422394,0.2360885739326477,0.557418942451477,2.0752251148223877,0.6223556995391846,2.3113136291503906,0.7218896150588989,0.9988172054290771,0.5135074853897095,0.9974852204322815,0.02777777798473835,0.1944444477558136,0.43913188576698303,0.4423614740371704,0.46027520298957825,0.5032528638839722,0.5078580379486084,0.0046051740646362305,0.43913188576698303,0.4423614740371704,0.46027520298957825,0.5053654909133911,0.5098943710327148,0.0045288801193237305,0.43913188576698303,0.4423614740371704,0.46027520298957825,0.5053654909133911,0.5098943710327148,0.0045288801193237305,0.08027880638837814,0.08115953952074051,0.15819191932678223,2.489396095275879,2.516392707824707,0.6970492005348206,0.7062071561813354,1.398084044456482,0.24417957663536072,0.2405538260936737,0.4262346923351288,3.6478018760681152,3.496802568435669,0.5520399808883667,0.5526782870292664,3.7424092292785645,0.9258456826210022,0.23711654543876648,1.085395097732544,0.9762124419212341,0.5366466045379639,1.2198411226272583,0.9754390716552734,0.9817186594009399,0.006279587745666504,0.024560928344726562,1.020110011100769,1.0319994688034058,0.011889457702636719
train,55,30.844654083251953,31.493545532226562,0.6488914489746094,0.6488914489746094,0.01190164964646101,27.963294982910156,28.11164093017578,0.148345947265625,0.148345947265625,0.013773432932794094,6.115400791168213,6.9694414138793945,0.8540406227111816,0.8540406227111816,0.007149072363972664,0.2780977785587311,1.1042519807815552,0.2744627594947815,0.9690362811088562,0.0665205717086792,0.23981046676635742,0.552560567855835,2.069992780685425,0.6190810799598694,2.3098032474517822,0.7247523069381714,0.9988901019096375,0.5183286070823669,0.9977729916572571,0.02777777798473835,0.1944444477558136,0.4407302439212799,0.4586193263530731,0.4624451994895935,0.50234055519104,0.5069531202316284,0.004612565040588379,0.5738881230354309,0.5952573418617249,0.6632236838340759,0.4235629439353943,0.4237464666366577,0.00018352270126342773,0.5738881230354309,0.5952573418617249,0.6632236838340759,0.4235629439353943,0.4237464666366577,0.00018352270126342773,0.08088625222444534,0.08391422778367996,0.16415725648403168,2.4975223541259766,2.5238869190216064,0.6956733465194702,0.7056328058242798,1.40439772605896,0.23843635618686676,0.2450164407491684,0.4312556982040405,3.697144031524658,3.5370473861694336,0.5441997051239014,0.5439603328704834,3.7374894618988037,0.9256600141525269,0.23712918162345886,1.0850186347961426,0.9760476350784302,0.5358575582504272,1.219632625579834,0.9707306623458862,0.9747714400291443,0.004040777683258057,0.02926933765411377,1.0188769102096558,1.0332186222076416,0.01434171199798584
train,56,31.127777099609375,31.169124603271484,0.041347503662109375,0.041347503662109375,0.021173128858208656,27.465322494506836,28.037490844726562,0.5721683502197266,0.5721683502197266,0.022306345403194427,6.287837982177734,6.542444229125977,0.2546062469482422,0.2546062469482422,0.007633323315531015,0.2752174735069275,1.0908293724060059,0.27599644660949707,0.9967182874679565,0.06303395330905914,0.23265467584133148,0.5512139797210693,2.082932949066162,0.6142478585243225,2.3155875205993652,0.7272415161132812,0.9988976716995239,0.5219642519950867,0.9977378249168396,0.02777777798473835,0.1944444477558136,0.44965094327926636,0.4612880051136017,0.471076101064682,0.4934321343898773,0.49830320477485657,0.004871070384979248,0.44965094327926636,0.4612880051136017,0.471076101064682,0.4933311343193054,0.49799400568008423,0.004662871360778809,0.44965094327926636,0.4612880051136017,0.471076101064682,0.4933311343193054,0.49799400568008423,0.004662871360778809,0.08255404978990555,0.08371248096227646,0.26400548219680786,2.5307412147521973,2.5528430938720703,0.6870755553245544,0.7017495036125183,1.4134994745254517,0.24702611565589905,0.24030868709087372,0.4449072778224945,3.723655939102173,3.548215389251709,0.5399183630943298,0.547524631023407,3.7237741947174072,0.9258902072906494,0.23694051802158356,1.0857367515563965,0.9763136506080627,0.5364282727241516,1.219972014427185,0.9632865190505981,0.9705299735069275,0.007243454456329346,0.036713480949401855,1.0871689319610596,1.104957103729248,0.017788171768188477
train,57,31.977949142456055,31.148473739624023,-0.8294754028320312,0.8294754028320312,0.026225021108984947,28.81256103515625,27.75143051147461,-1.0611305236816406,1.0611305236816406,0.023851044476032257,6.639727592468262,6.415164470672607,-0.2245631217956543,0.2245631217956543,0.005059821996837854,0.28116121888160706,1.0976598262786865,0.27875274419784546,0.989643394947052,0.0631212368607521,0.21508146822452545,0.5599139332771301,2.0849857330322266,0.623035192489624,2.300067186355591,0.7215193510055542,0.9986607432365417,0.5241754651069641,0.997340738773346,0.02777777798473835,0.2083333283662796,0.4603126347064972,0.45338401198387146,0.48255032300949097,0.4871528744697571,0.4908472001552582,0.0036943256855010986,0.5894652009010315,0.5818759799003601,0.8176602125167847,0.41009533405303955,0.4102206826210022,0.00012534856796264648,0.5892797708511353,0.5818238258361816,0.6789802312850952,0.41028377413749695,0.41040879487991333,0.00012502074241638184,0.0821010172367096,0.08058734238147736,0.1995415836572647,2.5211591720581055,2.548887252807617,0.6922529339790344,0.7025472521781921,1.4150577783584595,0.23904047906398773,0.24165885150432587,0.4275481700897217,3.685032367706299,3.525766134262085,0.5462694764137268,0.5465626120567322,3.7273335456848145,0.9256685376167297,0.23685625195503235,1.0853726863861084,0.9761476516723633,0.5376161336898804,1.2197628021240234,0.9599780440330505,0.96321702003479,0.003238976001739502,0.04002195596694946,1.0876736640930176,1.106621265411377,0.018947601318359375
train,58,33.0362434387207,31.563234329223633,-1.4730091094970703,1.4730091094970703,0.024554438889026642,29.65717124938965,28.28201675415039,-1.3751544952392578,1.3751544952392578,0.020411083474755287,7.404933929443359,6.527469158172607,-0.877464771270752,0.877464771270752,0.01368626207113266,0.28877297043800354,1.1667263507843018,0.2872079610824585,1.044641137123108,0.0640331283211708,0.2272087186574936,0.5759809017181396,2.207880735397339,0.640014111995697,2.411255121231079,0.7184839844703674,0.9973118305206299,0.5189087390899658,0.9952898025512695,0.0555555559694767,0.1944444477558136,0.5854817032814026,0.5692232251167297,0.6744838953018188,0.41423141956329346,0.4143100380897522,7.861852645874023e-05,0.48145991563796997,0.4754765033721924,0.5036453008651733,0.4658346176147461,0.47021397948265076,0.004379361867904663,0.48145991563796997,0.4754765033721924,0.5036453008651733,0.4658346176147461,0.47021397948265076,0.004379361867904663,0.08123625069856644,0.07935906946659088,0.23857252299785614,2.491192579269409,2.509180784225464,0.6945801377296448,0.7099480032920837,1.43105947971344,0.24434596300125122,0.24665342271327972,0.42809024453163147,3.6345510482788086,3.493189811706543,0.5539478659629822,0.55391925573349,3.7231857776641846,0.9354495406150818,0.23937970399856567,1.0971150398254395,0.9811269640922546,0.5416421890258789,1.2259888648986816,0.9769349098205566,0.9793514609336853,0.002416551113128662,0.02306509017944336,1.0243746042251587,1.0375595092773438,0.013184905052185059
train,59,33.72004318237305,32.29976272583008,-1.4202804565429688,1.4202804565429688,0.027413291856646538,29.92522430419922,28.96961784362793,-0.9556064605712891,0.9556064605712891,0.023273907601833344,7.710907936096191,6.966225624084473,-0.7446823120117188,0.7446823120117188,0.014302745461463928,0.297976016998291,1.2951000928878784,0.29487326741218567,1.1548680067062378,0.06887058913707733,0.28463953733444214,0.5928493142127991,2.4397153854370117,0.6617198586463928,2.7243549823760986,0.7126592993736267,0.9963563084602356,0.5113202333450317,0.9939636588096619,0.0555555559694767,0.1944444477558136,0.4480268955230713,0.44860410690307617,0.4694012701511383,0.49719417095184326,0.5021252632141113,0.004931092262268066,0.47857362031936646,0.4845786988735199,0.5005027651786804,0.4693264067173004,0.4740544557571411,0.004728049039840698,0.47839710116386414,0.4841547906398773,0.5003262758255005,0.46950292587280273,0.47423097491264343,0.004728049039840698,0.08039718121290207,0.08006086945533752,0.2378293126821518,2.4340858459472656,2.4446287155151367,0.703727662563324,0.719244122505188,1.4430900812149048,0.2429150640964508,0.24929673969745636,0.4252200126647949,3.5758399963378906,3.4359843730926514,0.5597019195556641,0.5577373504638672,3.81241774559021,0.9527149200439453,0.2434319108724594,1.1174522638320923,0.9887858629226685,0.5483819246292114,1.2355607748031616,0.9781242609024048,0.9836543798446655,0.005530118942260742,0.021875739097595215,1.0169063806533813,1.029232382774353,0.01232600212097168
train,60,34.38935852050781,33.009925842285156,-1.3794326782226562,1.3794326782226562,0.032702650874853134,30.844329833984375,29.447444915771484,-1.3968849182128906,1.3968849182128906,0.03344102203845978,7.040041923522949,7.338589668273926,0.29854774475097656,0.29854774475097656,0.007361701689660549,0.3083733916282654,1.5112593173980713,0.30146265029907227,1.3454978466033936,0.07375368475914001,0.35021525621414185,0.6098360419273376,2.8450803756713867,0.6835896968841553,3.195295572280884,0.7089570164680481,0.9970977306365967,0.5105289816856384,0.9952285885810852,0.0555555559694767,0.2222222238779068,0.4813225269317627,0.4863383173942566,0.5024672150611877,0.46654781699180603,0.4725835621356964,0.006035745143890381,0.6070076823234558,0.6190770864486694,0.6948897838592529,0.3929893970489502,0.3929906487464905,1.2516975402832031e-06,0.6067054271697998,0.6179975867271423,0.6945875287055969,0.3932916224002838,0.3932928740978241,1.2516975402832031e-06,0.08119919896125793,0.08169805258512497,0.2756865620613098,2.3856379985809326,2.3958497047424316,0.7096500396728516,0.7241234183311462,1.4634709358215332,0.24210332334041595,0.23303428292274475,0.4250236451625824,3.526714563369751,3.3667430877685547,0.560950517654419,0.5613500475883484,3.8384485244750977,0.9711905717849731,0.24743911623954773,1.1434475183486938,0.9950666427612305,0.5528477430343628,1.243471622467041,0.959966778755188,0.9711888432502747,0.01122206449508667,0.04003322124481201,1.0158350467681885,1.0331107378005981,0.017275691032409668
train,61,35.31147384643555,33.69966506958008,-1.6118087768554688,1.6118087768554688,0.020535625517368317,31.34033966064453,30.14590835571289,-1.1944313049316406,1.1944313049316406,0.019735263660550117,7.362264633178711,7.189338684082031,-0.1729259490966797,0.1729259490966797,0.007661993149667978,0.3178137540817261,1.7010149955749512,0.31016936898231506,1.5101832151412964,0.07158848643302917,0.3442455530166626,0.6279832124710083,3.2013940811157227,0.6995717287063599,3.542879104614258,0.7054741382598877,0.9975860118865967,0.5117446184158325,0.995903491973877,0.0555555559694767,0.2361111044883728,0.48458829522132874,0.47406065464019775,0.5059813857078552,0.45792829990386963,0.4664383828639984,0.008510082960128784,0.48458829522132874,0.47406065464019775,0.5059813857078552,0.45792829990386963,0.4664383828639984,0.008510082960128784,0.4838884770870209,0.4738321006298065,0.5052815079689026,0.4586281478404999,0.46713823080062866,0.008510082960128784,0.08439146727323532,0.08224554359912872,0.27667567133903503,2.3719358444213867,2.3675663471221924,0.7076301574707031,0.7252272367477417,1.4758964776992798,0.23677638173103333,0.2423822283744812,0.42601749300956726,3.4449377059936523,3.3331661224365234,0.5670785903930664,0.5552167296409607,3.799631357192993,0.9804276823997498,0.24881087243556976,1.16163969039917,0.997403085231781,0.556323230266571,1.2464760541915894,0.9590131044387817,0.9708418250083923,0.011828720569610596,0.04098689556121826,1.0223138332366943,1.0310232639312744,0.008709430694580078
train,62,37.07257080078125,34.505592346191406,-2.5669784545898438,2.5669784545898438,0.022881794720888138,32.908512115478516,30.743148803710938,-2.165363311767578,2.165363311767578,0.021384358406066895,7.77543830871582,7.275825023651123,-0.49961328506469727,0.49961328506469727,0.009206732735037804,0.32453978061676025,1.7291138172149658,0.3181167542934418,1.5747168064117432,0.07297531515359879,0.37377581000328064,0.6426565647125244,3.293891429901123,0.7156317830085754,3.6635735034942627,0.6998198628425598,0.9980081915855408,0.5047624111175537,0.9965803623199463,0.0555555559694767,0.2361111044883728,0.4792221486568451,0.47240862250328064,0.5005658864974976,0.4640880227088928,0.4727412462234497,0.008653223514556885,0.4792221486568451,0.47240862250328064,0.5005658864974976,0.4640880227088928,0.4727412462234497,0.008653223514556885,0.47876253724098206,0.4723499119281769,0.5001062750816345,0.46454763412475586,0.47320085763931274,0.008653223514556885,0.0833665281534195,0.08150701224803925,0.17357468605041504,2.3504815101623535,2.3357770442962646,0.7118621468544006,0.7354316115379333,1.480690360069275,0.23792551457881927,0.2442626953125,0.4219815135002136,3.403088331222534,3.3089356422424316,0.5748335719108582,0.5582586526870728,3.807751178741455,0.9828012585639954,0.2494998574256897,1.1663812398910522,0.997899055480957,0.5599901676177979,1.2471168041229248,0.9532668590545654,0.9673358798027039,0.014069020748138428,0.04673314094543457,1.0231237411499023,1.0330274105072021,0.009903669357299805
train,63,38.713157653808594,35.78910446166992,-2.924053192138672,2.924053192138672,0.02905302494764328,34.82757568359375,31.825855255126953,-3.001720428466797,3.001720428466797,0.0296864602714777,7.9233598709106445,7.5256547927856445,-0.397705078125,0.397705078125,0.007466993294656277,0.33465802669525146,1.7846662998199463,0.3299468457698822,1.6105350255966187,0.07630239427089691,0.4220612645149231,0.6646048426628113,3.385918617248535,0.7409073114395142,3.8018808364868164,0.6918160915374756,0.9972847104072571,0.4923093020915985,0.9955021739006042,0.0555555559694767,0.2361111044883728,0.4756993353366852,0.4653163552284241,0.49706241488456726,0.46879565715789795,0.4768125116825104,0.008016854524612427,0.6015079021453857,0.5923272371292114,0.8233643174171448,0.3983443081378937,0.3982817530632019,-6.255507469177246e-05,0.6015079021453857,0.5923272371292114,0.8233643174171448,0.3983443081378937,0.3982817530632019,-6.255507469177246e-05,0.08237788826227188,0.08014489710330963,0.1683618277311325,2.3370981216430664,2.325566530227661,0.7171844840049744,0.7402327656745911,1.4839609861373901,0.23969805240631104,0.23578836023807526,0.4319249391555786,3.3983800411224365,3.285026788711548,0.571319580078125,0.5608708262443542,3.840618371963501,0.985236644744873,0.25077611207962036,1.170855164527893,0.9983470439910889,0.5640143156051636,1.2476927042007446,0.9408359527587891,0.9536054730415344,0.012769520282745361,0.05916404724121094,1.1041935682296753,1.1304508447647095,0.02625727653503418
train,64,39.69315719604492,37.25115203857422,-2.442005157470703,2.442005157470703,0.026652628555893898,35.250423431396484,33.32673645019531,-1.9236869812011719,1.9236869812011719,0.027100421488285065,8.39295482635498,7.724530220031738,-0.6684246063232422,0.6684246063232422,0.008598621003329754,0.34868302941322327,1.8797639608383179,0.3446512818336487,1.6326440572738647,0.07703369855880737,0.41567346453666687,0.6933343410491943,3.5016469955444336,0.7703679800033569,3.9121811389923096,0.680801272392273,0.9970040321350098,0.47806644439697266,0.9946987628936768,0.0555555559694767,0.25,0.5966811180114746,0.5782262682914734,0.6813642382621765,0.40331724286079407,0.40331795811653137,7.152557373046875e-07,0.5966811180114746,0.5782262682914734,0.6813642382621765,0.40331724286079407,0.40331795811653137,7.152557373046875e-07,0.4702739715576172,0.45731595158576965,0.4908386766910553,0.47256040573120117,0.481202632188797,0.008642226457595825,0.08255238085985184,0.08059857040643692,0.1703614443540573,2.3337159156799316,2.3201513290405273,0.721698522567749,0.7392021417617798,1.4864170551300049,0.2325320541858673,0.2297973334789276,0.38531777262687683,3.4103238582611084,3.244871139526367,0.5686293840408325,0.5733328461647034,3.8320891857147217,0.987250804901123,0.2519412338733673,1.1750847101211548,0.9986863732337952,0.5688064098358154,1.2481337785720825,0.9518671035766602,0.9622291326522827,0.010362029075622559,0.048132896423339844,1.0408821105957031,1.0626001358032227,0.02171802520751953
train,65,40.94343566894531,38.4721794128418,-2.4712562561035156,2.4712562561035156,0.020863955840468407,36.91185760498047,34.28860092163086,-2.6232566833496094,2.6232566833496094,0.029378904029726982,8.979728698730469,8.058765411376953,-0.9209632873535156,0.9209632873535156,0.009046148508787155,0.359878271818161,1.967307209968567,0.3551753759384155,1.7526987791061401,0.07901667058467865,0.39202234148979187,0.7150537371635437,3.7083725929260254,0.7940704226493835,4.095062732696533,0.6731038689613342,0.9961693286895752,0.47016969323158264,0.9927547574043274,0.0555555559694767,0.2361111044883728,0.4636131525039673,0.45808127522468567,0.484480082988739,0.47939372062683105,0.48829472064971924,0.008901000022888184,0.4643562138080597,0.4589100480079651,0.5032455921173096,0.42201855778694153,0.43247804045677185,0.010459482669830322,0.4643562138080597,0.4589100480079651,0.5032455921173096,0.42201855778694153,0.43247804045677185,0.010459482669830322,0.08267045766115189,0.08139189332723618,0.17937402427196503,2.310462713241577,2.293576717376709,0.7229025363922119,0.7432938814163208,1.4835549592971802,0.2333735078573227,0.22233058512210846,0.4042160212993622,3.330965518951416,3.2222461700439453,0.5813068151473999,0.5656753182411194,3.796334981918335,0.9897249937057495,0.2526963949203491,1.1817978620529175,0.9990836381912231,0.5721716284751892,1.2486642599105835,0.9376431703567505,0.955838680267334,0.018195509910583496,0.06235682964324951,1.0151804685592651,1.028328537940979,0.013148069381713867
train,66,44.7625846862793,39.70783233642578,-5.054752349853516,5.054752349853516,0.05083882063627243,39.936424255371094,35.60025405883789,-4.336170196533203,4.336170196533203,0.04557773470878601,9.259761810302734,8.519269943237305,-0.7404918670654297,0.7404918670654297,0.010812879540026188,0.3693496286869049,1.9741965532302856,0.36864253878593445,1.7777475118637085,0.08226363360881805,0.39640048146247864,0.7379921674728394,3.748673677444458,0.8202558159828186,4.130712985992432,0.6649710536003113,0.9967724680900574,0.4581683576107025,0.9938899278640747,0.0555555559694767,0.25,0.46153268218040466,0.45851048827171326,0.5031147003173828,0.4263564944267273,0.43583986163139343,0.009483367204666138,0.5792728662490845,0.5704841613769531,0.808728814125061,0.3344258964061737,0.33604052662849426,0.0016146302223205566,0.5792728662490845,0.5704841613769531,0.808728814125061,0.3344258964061737,0.33604052662849426,0.0016146302223205566,0.08222320675849915,0.08069678395986557,0.16676175594329834,2.336111545562744,2.321605682373047,0.7195608019828796,0.7396523356437683,1.4851447343826294,0.22642645239830017,0.23264670372009277,0.4731195271015167,3.3311634063720703,3.213684558868408,0.5824553370475769,0.5609894394874573,3.773864507675171,0.9903128147125244,0.25297248363494873,1.1830873489379883,0.9991648197174072,0.5751063823699951,1.2487709522247314,0.8852025866508484,0.8984653949737549,0.013262808322906494,0.11479741334915161,1.1317739486694336,1.2124652862548828,0.08069133758544922
train,67,45.44303512573242,42.2352294921875,-3.207805633544922,3.207805633544922,0.03295345604419708,40.650718688964844,37.76835632324219,-2.8823623657226562,2.8823623657226562,0.03334586322307587,9.90768051147461,8.88953971862793,-1.0181407928466797,1.0181407928466797,0.011590719223022461,0.3928748667240143,2.1909420490264893,0.38987162709236145,1.9465142488479614,0.08520860224962234,0.3918412923812866,0.782746434211731,4.134655952453613,0.8679549694061279,4.512736797332764,0.6499345898628235,0.996826171875,0.44076114892959595,0.9942629337310791,0.0833333358168602,0.2777777910232544,0.5746262073516846,0.5647838711738586,0.7957010865211487,0.3622874617576599,0.36445674300193787,0.002169281244277954,0.5746262073516846,0.5647841095924377,0.797686755657196,0.3320983052253723,0.33417046070098877,0.002072155475616455,0.5746262073516846,0.5647841095924377,0.797686755657196,0.3320983052253723,0.33417046070098877,0.002072155475616455,0.08339113742113113,0.08197574317455292,0.20911049842834473,2.3729538917541504,2.348707914352417,0.7078224420547485,0.7314800024032593,1.4808063507080078,0.22602218389511108,0.21292921900749207,0.4469967484474182,3.3015902042388916,3.1471378803253174,0.5883870124816895,0.5764138102531433,3.818706750869751,0.993777871131897,0.25446611642837524,1.1931250095367432,0.9995918869972229,0.5788539052009583,1.2493500709533691,0.8923707604408264,0.9052000641822815,0.012829303741455078,0.10762923955917358,1.2318116426467896,1.2931760549545288,0.06136441230773926
train,68,46.79200744628906,43.83915710449219,-2.952850341796875,2.952850341796875,0.03405545651912689,41.685935974121094,39.20956802368164,-2.476367950439453,2.476367950439453,0.029507819563150406,10.37842845916748,9.39863395690918,-0.9797945022583008,0.9797945022583008,0.014263932593166828,0.4085446000099182,2.342498302459717,0.40291017293930054,2.040328025817871,0.08963391184806824,0.45703423023223877,0.8114548921585083,4.378772258758545,0.9010887145996094,4.823276996612549,0.6413142681121826,0.9943576455116272,0.43279320001602173,0.9895504117012024,0.0833333358168602,0.2916666567325592,0.5695239901542664,0.5556640028953552,0.7953811287879944,0.3643436133861542,0.3661453127861023,0.0018016993999481201,0.6234898567199707,0.6126007437705994,0.8514893054962158,0.2868265211582184,0.28823137283325195,0.0014048516750335693,0.6234898567199707,0.6126007437705994,0.8514893054962158,0.2868265211582184,0.28823137283325195,0.0014048516750335693,0.0837019830942154,0.08179375529289246,0.15799811482429504,2.3479156494140625,2.322938919067383,0.7135115265846252,0.737978458404541,1.4819475412368774,0.21802659332752228,0.22001919150352478,0.3598555624485016,3.253631591796875,3.136789560317993,0.6007474064826965,0.5816607475280762,3.7562808990478516,0.9955419898033142,0.2556876242160797,1.198478102684021,0.9997586607933044,0.5814805626869202,1.2495805025100708,0.8860681056976318,0.8991426229476929,0.013074517250061035,0.11393189430236816,1.2379697561264038,1.302414059638977,0.06444430351257324
train,69,48.340518951416016,45.31560516357422,-3.024913787841797,3.024913787841797,0.03189413994550705,43.30717849731445,40.44777297973633,-2.859405517578125,2.859405517578125,0.036146510392427444,10.250579833984375,9.888553619384766,-0.3620262145996094,0.3620262145996094,0.010482179932296276,0.42359521985054016,2.3904995918273926,0.41701748967170715,2.097400188446045,0.09556815028190613,0.47284194827079773,0.8406127095222473,4.487764835357666,0.936180830001831,4.943576335906982,0.6301636695861816,0.9935460686683655,0.4198307991027832,0.987606406211853,0.0972222238779068,0.3333333432674408,0.5623818635940552,0.5587924718856812,0.7874828577041626,0.3198046386241913,0.3211551010608673,0.0013504624366760254,0.6242112517356873,0.6256352066993713,0.9402472376823425,0.28860393166542053,0.28987622261047363,0.0012722909450531006,0.6178784966468811,0.6193374395370483,0.8433762192726135,0.3177070617675781,0.31925272941589355,0.0015456676483154297,0.08261504024267197,0.08271646499633789,0.15751439332962036,2.3289637565612793,2.3126070499420166,0.7183158993721008,0.7413579225540161,1.4809178113937378,0.22184491157531738,0.2219427227973938,0.3682503402233124,3.282576560974121,3.1474668979644775,0.5977233648300171,0.5806576609611511,3.8029792308807373,0.9961557984352112,0.2572537660598755,1.2006388902664185,0.999809205532074,0.5850452184677124,1.2496527433395386,0.8804223537445068,0.8955481052398682,0.015125751495361328,0.11957764625549316,1.3219377994537354,1.4077293872833252,0.08579158782958984
train,70,50.45216369628906,46.82808303833008,-3.6240806579589844,3.6240806579589844,0.04327426850795746,44.65798568725586,41.877498626708984,-2.780487060546875,2.780487060546875,0.03466704487800598,10.22149658203125,10.069588661193848,-0.15190792083740234,0.15190792083740234,0.013652998954057693,0.438449501991272,2.430244207382202,0.4354488253593445,2.174417018890381,0.09920190274715424,0.5197898149490356,0.8738983273506165,4.604025840759277,0.9731002449989319,5.108419418334961,0.6202265620231628,0.9947134852409363,0.40908971428871155,0.9899600744247437,0.0972222238779068,0.3611111044883728,0.6249474287033081,0.6138123273849487,0.9435392022132874,0.2909252941608429,0.29199010133743286,0.0010648071765899658,0.6247748136520386,0.613610029220581,0.9419178366661072,0.3161064088344574,0.31763023138046265,0.001523822546005249,0.6247748136520386,0.613610029220581,0.9419178366661072,0.3161064088344574,0.31763023138046265,0.001523822546005249,0.08415868133306503,0.08246418833732605,0.17314882576465607,2.3369226455688477,2.3244690895080566,0.7170666456222534,0.7399376034736633,1.487082839012146,0.21941140294075012,0.21915891766548157,0.421441912651062,3.295116662979126,3.151571750640869,0.600210964679718,0.5842166543006897,3.7834739685058594,0.9968047142028809,0.25785282254219055,1.2030200958251953,0.9998571872711182,0.5885459780693054,1.2497225999832153,0.8705040812492371,0.8850860595703125,0.01458197832107544,0.12949591875076294,1.588460922241211,1.6699086427688599,0.08144772052764893
train,71,52.286346435546875,48.6401481628418,-3.646198272705078,3.646198272705078,0.0378880649805069,46.124046325683594,43.26776885986328,-2.8562774658203125,2.8562774658203125,0.038520753383636475,11.130468368530273,10.145566940307617,-0.9849014282226562,0.9849014282226562,0.014079560525715351,0.4559735059738159,2.5692646503448486,0.44893327355384827,2.263974666595459,0.09998810291290283,0.5996693968772888,0.904906690120697,4.833239555358887,1.0048948526382446,5.418856620788574,0.6107476353645325,0.9935804605484009,0.4025271236896515,0.9878907203674316,0.0972222238779068,0.3472222089767456,0.6190129518508911,0.6149836182594299,0.9337911605834961,0.31840193271636963,0.32016316056251526,0.0017612278461456299,0.6190129518508911,0.6149836182594299,0.9337911605834961,0.31840193271636963,0.32016316056251526,0.0017612278461456299,0.6190129518508911,0.6149836182594299,0.9337911605834961,0.31840193271636963,0.32016316056251526,0.0017612278461456299,0.08359062671661377,0.08322223275899887,0.17347146570682526,2.320512056350708,2.315420150756836,0.7176457643508911,0.7389408349990845,1.4829524755477905,0.21771012246608734,0.2182568907737732,0.3804120123386383,3.2100532054901123,3.0811002254486084,0.613459050655365,0.6002392768859863,3.8136026859283447,0.9976939558982849,0.2587887942790985,1.2066850662231445,0.999914288520813,0.5902249217033386,1.2498083114624023,0.8737254738807678,0.8867344856262207,0.01300901174545288,0.12627452611923218,1.439910650253296,1.5226095914840698,0.08269894123077393
train,72,52.728973388671875,50.4632682800293,-2.265705108642578,2.265705108642578,0.030048668384552002,47.538063049316406,44.695926666259766,-2.8421363830566406,2.8421363830566406,0.036048341542482376,11.788681030273438,10.638040542602539,-1.1506404876708984,1.1506404876708984,0.016596054658293724,0.4707935154438019,2.623582601547241,0.46364444494247437,2.344815254211426,0.10490875691175461,0.6360377073287964,0.9344379901885986,4.968332290649414,1.0393468141555786,5.5928449630737305,0.6021177172660828,0.9932078719139099,0.3966768980026245,0.9875714182853699,0.125,0.3472222089767456,0.6169338822364807,0.6117243766784668,0.9340389966964722,0.32100778818130493,0.32270878553390503,0.0017009973526000977,0.6207225322723389,0.6158725023269653,1.0331248044967651,0.30861935019493103,0.31013888120651245,0.001519531011581421,0.6169338822364807,0.6117243766784668,0.9340389966964722,0.3199262022972107,0.3215790092945099,0.0016528069972991943,0.08331674337387085,0.08313611149787903,0.17969661951065063,2.305205821990967,2.295633316040039,0.7175776958465576,0.7388835549354553,1.4886069297790527,0.21607449650764465,0.2166283279657364,0.37926235795021057,3.1465370655059814,2.995633363723755,0.621304988861084,0.6143291592597961,3.8408079147338867,0.9981006979942322,0.25921791791915894,1.2088119983673096,0.9999368190765381,0.5929743051528931,1.2498451471328735,0.8845741152763367,0.8980256915092468,0.013451576232910156,0.11542588472366333,1.3081761598587036,1.341060757637024,0.03288459777832031
train,73,53.047298431396484,51.59614562988281,-1.4511528015136719,1.4511528015136719,0.021363381296396255,47.1362419128418,46.11701965332031,-1.0192222595214844,1.0192222595214844,0.01810445636510849,11.33175277709961,11.213383674621582,-0.11836910247802734,0.11836910247802734,0.01218186691403389,0.47970640659332275,2.676030158996582,0.47788873314857483,2.401397943496704,0.10987637937068939,0.6147257685661316,0.9575951099395752,5.072742462158203,1.0674713850021362,5.6819682121276855,0.5967573523521423,0.9915400147438049,0.3865271806716919,0.9842444658279419,0.125,0.3472222089767456,0.6142488121986389,0.6088008284568787,0.9293943643569946,0.3223571479320526,0.3240344226360321,0.0016772747039794922,0.618222713470459,0.6119330525398254,1.0293948650360107,0.3106152415275574,0.3121664226055145,0.0015511810779571533,0.6142488121986389,0.6088008284568787,0.9293943643569946,0.3223571479320526,0.3240344226360321,0.0016772747039794922,0.0838056430220604,0.08277633786201477,0.17627641558647156,2.3111653327941895,2.311995029449463,0.7167974710464478,0.7361248135566711,1.4942628145217896,0.21314331889152527,0.21730436384677887,0.3751995265483856,3.1814239025115967,3.0139055252075195,0.6189943552017212,0.616348147392273,3.834113359451294,0.9983104467391968,0.2607335150241852,1.210314393043518,0.9999477863311768,0.594506025314331,1.2498648166656494,0.889087438583374,0.8995004296302795,0.010412991046905518,0.11091256141662598,1.3777145147323608,1.433658242225647,0.05594372749328613
train,74,53.810791015625,52.321746826171875,-1.489044189453125,1.489044189453125,0.020874353125691414,48.53590393066406,46.626651763916016,-1.9092521667480469,1.9092521667480469,0.02453519217669964,10.194787979125977,11.272590637207031,1.0778026580810547,1.0778026580810547,0.014969469979405403,0.48551368713378906,2.674687385559082,0.48279911279678345,2.408480405807495,0.11098912358283997,0.5981893539428711,0.9683129191398621,5.080991744995117,1.0793019533157349,5.672908782958984,0.5923996567726135,0.9878982901573181,0.381542831659317,0.977078378200531,0.1527777761220932,0.3472222089767456,0.6114950776100159,0.6021554470062256,0.9295734763145447,0.3250851035118103,0.32670629024505615,0.0016211867332458496,0.6114950776100159,0.6021554470062256,0.9295734763145447,0.3250851035118103,0.32670629024505615,0.0016211867332458496,0.6114950776100159,0.6021554470062256,0.9295734763145447,0.3250851035118103,0.32670629024505615,0.0016211867332458496,0.08285994082689285,0.08203987032175064,0.15808871388435364,2.2834181785583496,2.290517807006836,0.7243434190750122,0.7414368987083435,1.4955227375030518,0.21563120186328888,0.2074984908103943,0.3683067858219147,3.1854701042175293,2.97560977935791,0.6209641695022583,0.6237159371376038,3.8940234184265137,0.9983125925064087,0.2611600160598755,1.2104295492172241,0.9999480247497559,0.5954330563545227,1.2498656511306763,0.8867859244346619,0.8989497423171997,0.012163817882537842,0.11321407556533813,1.4494149684906006,1.5320929288864136,0.08267796039581299
train,75,53.82609176635742,53.0662956237793,-0.759796142578125,0.759796142578125,0.02144664339721203,48.49273681640625,47.581298828125,-0.91143798828125,0.91143798828125,0.02366057224571705,11.664896965026855,10.733713150024414,-0.9311838150024414,0.9311838150024414,0.011862337589263916,0.4908500909805298,2.7563209533691406,0.48966100811958313,2.4870128631591797,0.10434459149837494,0.588157594203949,0.9805110096931458,5.238919734954834,1.084855556488037,5.818885803222656,0.5904569029808044,0.985266387462616,0.37997686862945557,0.97186279296875,0.1527777761220932,0.3472222089767456,0.6067315340042114,0.597497284412384,0.9223038554191589,0.32937031984329224,0.3309459388256073,0.0015756189823150635,0.6067315340042114,0.597497284412384,0.9223038554191589,0.32937031984329224,0.3309459388256073,0.0015756189823150635,0.6067315340042114,0.597497284412384,0.9223038554191589,0.32937031984329224,0.3309459388256073,0.0015756189823150635,0.0825577974319458,0.08068296313285828,0.16035720705986023,2.262953042984009,2.269284248352051,0.7277594208717346,0.7453000545501709,1.4917351007461548,0.21053259074687958,0.20071621239185333,0.35501909255981445,3.1364452838897705,2.940293073654175,0.6274866461753845,0.6284622550010681,3.8698580265045166,0.9985612034797668,0.26130104064941406,1.2123914957046509,0.9999599456787109,0.5977545380592346,1.2498880624771118,0.8836028575897217,0.897318959236145,0.01371610164642334,0.11639714241027832,1.3538527488708496,1.3919001817703247,0.0380474328994751
train,76,55.06708908081055,53.44621276855469,-1.6208763122558594,1.6208763122558594,0.023187361657619476,49.48323440551758,48.03704071044922,-1.4461936950683594,1.4461936950683594,0.0263261366635561,11.732227325439453,11.19932746887207,-0.5328998565673828,0.5328998565673828,0.00992068462073803,0.49207940697669983,2.8003487586975098,0.4920937120914459,2.5663936138153076,0.10838364064693451,0.6026453971862793,0.9841731190681458,5.364357948303223,1.0925568342208862,5.955215930938721,0.5904395580291748,0.9859691262245178,0.37768828868865967,0.9741511344909668,0.1388888955116272,0.3472222089767456,0.6020703911781311,0.6071646809577942,0.9127234220504761,0.3333243727684021,0.3348729610443115,0.0015485882759094238,0.6086705923080444,0.6137904524803162,1.0144810676574707,0.3003007769584656,0.30172792077064514,0.0014271438121795654,0.6020703911781311,0.6071646809577942,0.9127234220504761,0.31233805418014526,0.31379345059394836,0.0014553964138031006,0.08158168196678162,0.0822472795844078,0.1403314620256424,2.249958038330078,2.2566239833831787,0.7282536029815674,0.7457010746002197,1.4825571775436401,0.20341825485229492,0.19913117587566376,0.3308548629283905,3.136399507522583,2.9561755657196045,0.6261081099510193,0.624006450176239,3.8470494747161865,0.9987500905990601,0.26128852367401123,1.2139310836791992,0.9999682903289795,0.5975698232650757,1.2499042749404907,0.8765804171562195,0.8881563544273376,0.011575937271118164,0.12341958284378052,1.4599775075912476,1.5338188409805298,0.07384133338928223
train,77,55.596683502197266,54.256675720214844,-1.3400077819824219,1.3400077819824219,0.02716180309653282,50.429649353027344,48.760162353515625,-1.6694869995117188,1.6694869995117188,0.028919879347085953,11.462812423706055,11.465800285339355,0.0029878616333007812,0.0029878616333007812,0.010951165109872818,0.4999016225337982,2.775855779647827,0.49940142035484314,2.4839682579040527,0.10911604762077332,0.5850735902786255,0.9993031024932861,5.255751132965088,1.1084190607070923,5.83259391784668,0.5852334499359131,0.9843007326126099,0.37099573016166687,0.9701620936393738,0.1527777761220932,0.3611111044883728,0.6086400151252747,0.6069263219833374,1.017002820968628,0.3216968774795532,0.32328981161117554,0.0015929341316223145,0.6589530110359192,0.6516321301460266,1.0698785781860352,0.2934610843658447,0.29551467299461365,0.002053588628768921,0.6046552658081055,0.6026227474212646,0.9190880656242371,0.3119882643222809,0.3133055865764618,0.0013173222541809082,0.081630639731884,0.0811443030834198,0.15116940438747406,2.260913372039795,2.2710371017456055,0.7273991703987122,0.7445610165596008,1.4864602088928223,0.20075470209121704,0.1965857446193695,0.3473871946334839,3.121190071105957,2.9498608112335205,0.6302210688591003,0.6250239014625549,3.8220458030700684,0.9986108541488647,0.26142823696136475,1.2125693559646606,0.9999618530273438,0.5992752909660339,1.2498908042907715,0.891825258731842,0.9035516381263733,0.01172637939453125,0.10817474126815796,1.4014087915420532,1.4692834615707397,0.06787467002868652
train,78,55.91903305053711,54.926700592041016,-0.9923324584960938,0.9923324584960938,0.013168876059353352,50.55037307739258,49.59492492675781,-0.9554481506347656,0.9554481506347656,0.015989938750863075,12.544840812683105,11.46432876586914,-1.0805120468139648,1.0805120468139648,0.014437799341976643,0.49986928701400757,2.6762866973876953,0.5023475885391235,2.392362117767334,0.10626652836799622,0.5495595932006836,1.0022168159484863,5.068648815155029,1.1084834337234497,5.605135917663574,0.5842157602310181,0.9869083762168884,0.3646443784236908,0.9753780364990234,0.1388888955116272,0.3611111044883728,0.607768714427948,0.5986966490745544,1.0138455629348755,0.326549768447876,0.3282243609428406,0.0016745924949645996,0.6552309393882751,0.6460394859313965,1.0635329484939575,0.29810383915901184,0.30000436305999756,0.0019005239009857178,0.6036218404769897,0.5943920612335205,0.9163723587989807,0.3162875175476074,0.3174334466457367,0.0011459290981292725,0.08130887150764465,0.0804159864783287,0.14884352684020996,2.262791633605957,2.2728354930877686,0.7294143438339233,0.7466142773628235,1.489557147026062,0.19940154254436493,0.20735813677310944,0.3358663320541382,3.083780288696289,2.910606861114502,0.6373195052146912,0.6322788000106812,3.795177936553955,0.9982689619064331,0.26148056983947754,1.2101620435714722,0.9999455213546753,0.5990132093429565,1.2498613595962524,0.9003311395645142,0.9099260568618774,0.009594917297363281,0.09966886043548584,1.401726484298706,1.4762510061264038,0.07452452182769775
train,79,57.41791915893555,55.422889709472656,-1.9950294494628906,1.9950294494628906,0.02452482469379902,51.224937438964844,50.07267379760742,-1.1522636413574219,1.1522636413574219,0.018489815294742584,12.242594718933105,12.004607200622559,-0.23798751831054688,0.23798751831054688,0.019880184903740883,0.5014623403549194,2.6738178730010986,0.505165159702301,2.419478416442871,0.11098641902208328,0.5602056980133057,1.0066275596618652,5.093296051025391,1.1176139116287231,5.643279075622559,0.5831921696662903,0.9893895387649536,0.36222532391548157,0.9797980785369873,0.1527777761220932,0.3888888955116272,0.6505913138389587,0.6416327953338623,1.055188536643982,0.302400141954422,0.30432412028312683,0.001923978328704834,0.6505913138389587,0.6416327953338623,1.055188536643982,0.302400141954422,0.30432412028312683,0.001923978328704834,0.5989629030227661,0.5909900665283203,0.9089362025260925,0.32033324241638184,0.3214816153049469,0.0011483728885650635,0.08083002269268036,0.0799291580915451,0.13587042689323425,2.260298013687134,2.2696917057037354,0.7295159697532654,0.7465184926986694,1.4842835664749146,0.2043541520833969,0.2157386839389801,0.35250458121299744,3.1047515869140625,2.9270143508911133,0.6337196230888367,0.6299985647201538,3.845308303833008,0.9983377456665039,0.2614072263240814,1.2106151580810547,0.9999489784240723,0.5990259647369385,1.2498674392700195,0.9254667162895203,0.9337438344955444,0.00827711820602417,0.07453328371047974,1.3241459131240845,1.391323208808899,0.06717729568481445
train,80,58.584815979003906,56.42042922973633,-2.164386749267578,2.164386749267578,0.020849600434303284,52.68999481201172,50.648826599121094,-2.041168212890625,2.041168212890625,0.021820509806275368,11.995861053466797,12.123624801635742,0.1277637481689453,0.1277637481689453,0.012575836852192879,0.5078216791152954,2.729105234146118,0.5085576176643372,2.4599812030792236,0.11206580698490143,0.4759742319583893,1.0163793563842773,5.189086437225342,1.1284451484680176,5.652120590209961,0.5807631015777588,0.9912954568862915,0.36049485206604004,0.9834449291229248,0.1527777761220932,0.375,0.600797176361084,0.6023476719856262,0.9647204875946045,0.3235723078250885,0.3264784812927246,0.0029061734676361084,0.600797176361084,0.6023476719856262,0.9647204875946045,0.3235723078250885,0.3264784812927246,0.0029061734676361084,0.5467960834503174,0.546656608581543,0.7558941841125488,0.34821197390556335,0.34954243898391724,0.0013304650783538818,0.08112768828868866,0.08089262992143631,0.13306427001953125,2.2508327960968018,2.267178773880005,0.7319298386573792,0.7479104995727539,1.4863499402999878,0.2084560990333557,0.1985217183828354,0.36144477128982544,3.169964075088501,2.943887948989868,0.6251702308654785,0.6299096345901489,3.851903200149536,0.9984151124954224,0.2618025243282318,1.2117282152175903,0.9999531507492065,0.5997300744056702,1.2498770952224731,0.9147292971611023,0.9246538877487183,0.009924590587615967,0.0852707028388977,1.27597177028656,1.3462284803390503,0.07025671005249023
train,81,57.886199951171875,57.50264358520508,-0.3835563659667969,0.3835563659667969,0.02154790237545967,51.697166442871094,51.66943359375,-0.02773284912109375,0.02773284912109375,0.02258962020277977,11.438788414001465,12.059764862060547,0.620976448059082,0.620976448059082,0.010353658348321915,0.5142554044723511,2.695056200027466,0.5162984728813171,2.4489128589630127,0.1097937822341919,0.45190832018852234,1.0305540561676025,5.1439690589904785,1.1403475999832153,5.583578586578369,0.5764439702033997,0.9923751354217529,0.3572268486022949,0.9848109483718872,0.1527777761220932,0.375,0.60158771276474,0.6138208508491516,0.9661750793457031,0.3249070644378662,0.3276406228542328,0.002733558416366577,0.60158771276474,0.6138208508491516,0.9661750793457031,0.3249070644378662,0.3276406228542328,0.002733558416366577,0.5467249155044556,0.5551698803901672,0.7573895454406738,0.35029056668281555,0.35152381658554077,0.0012332499027252197,0.08074088394641876,0.08314169943332672,0.13583654165267944,2.254016160964966,2.2694461345672607,0.7333471775054932,0.7488571405410767,1.4906959533691406,0.20464830100536346,0.20634357631206512,0.36279964447021484,3.1435084342956543,2.936509370803833,0.6293109655380249,0.6315385103225708,3.8622848987579346,0.9983276724815369,0.26170772314071655,1.2112184762954712,0.9999488592147827,0.6014156937599182,1.2498698234558105,0.9257954359054565,0.934266984462738,0.008471548557281494,0.07420456409454346,1.1977136135101318,1.2879090309143066,0.0901954174041748
train,82,56.74712371826172,57.69444274902344,0.9473190307617188,0.9473190307617188,0.024896210059523582,51.0306510925293,51.683326721191406,0.6526756286621094,0.6526756286621094,0.024448243901133537,12.381967544555664,11.749300003051758,-0.6326675415039062,0.6326675415039062,0.010744101367890835,0.5182554721832275,2.6468613147735596,0.5193983912467957,2.3812408447265625,0.10868208855390549,0.4811376631259918,1.0376538038253784,5.028101921081543,1.1463358402252197,5.495711803436279,0.5727064609527588,0.9945213198661804,0.3539765179157257,0.9892253875732422,0.1666666716337204,0.375,0.60770583152771,0.6222973465919495,0.9779854416847229,0.3238295316696167,0.3262820839881897,0.002452552318572998,0.6598836779594421,0.6784886121749878,1.1325485706329346,0.2841014564037323,0.2849249541759491,0.0008234977722167969,0.6483525633811951,0.6670829653739929,0.9172296524047852,0.30549824237823486,0.3052954375743866,-0.0002028048038482666,0.08062819391489029,0.08314736932516098,0.1446589082479477,2.2578139305114746,2.2752645015716553,0.7345932722091675,0.7495192289352417,1.5008245706558228,0.20686385035514832,0.2064032107591629,0.3878415524959564,3.1211190223693848,2.897082567214966,0.6302132606506348,0.6370808482170105,3.8950374126434326,0.9981706142425537,0.26121780276298523,1.2096718549728394,0.999940037727356,0.603703498840332,1.2498524188995361,0.9194008708000183,0.9325858950614929,0.01318502426147461,0.08059912919998169,1.2756949663162231,1.3421878814697266,0.06649291515350342
train,83,57.068851470947266,57.22080612182617,0.15195465087890625,0.15195465087890625,0.019122561439871788,51.158172607421875,51.35700988769531,0.1988372802734375,0.1988372802734375,0.017216699197888374,12.82480239868164,12.065656661987305,-0.7591457366943359,0.7591457366943359,0.014277134090662003,0.5168406367301941,2.579364776611328,0.5192299485206604,2.3388607501983643,0.11024440824985504,0.48464539647102356,1.036070704460144,4.918225288391113,1.146315097808838,5.391978740692139,0.5747857093811035,0.9954332113265991,0.3549405634403229,0.9911957383155823,0.1666666716337204,0.3888888955116272,0.6673967242240906,0.6743593215942383,1.1214334964752197,0.27842411398887634,0.2791486978530884,0.0007245838642120361,0.6621345281600952,0.6693671941757202,0.9032007455825806,0.29925328493118286,0.3001277446746826,0.0008744597434997559,0.655927836894989,0.6631463766098022,0.7925795316696167,0.3227362334728241,0.32284849882125854,0.00011226534843444824,0.08212551474571228,0.08264268189668655,0.16094757616519928,2.294945001602173,2.307936906814575,0.7278356552124023,0.7441294193267822,1.5063945055007935,0.20650142431259155,0.20941604673862457,0.3829546868801117,3.100046396255493,2.903404951095581,0.6341907978057861,0.632286787033081,3.8644165992736816,0.9979579448699951,0.2611728608608246,1.2082831859588623,0.9999282360076904,0.6027631759643555,1.249832272529602,0.9063030481338501,0.9197272658348083,0.013424217700958252,0.0936969518661499,1.2191582918167114,1.28489351272583,0.06573522090911865
train,84,56.505401611328125,57.14485168457031,0.6394500732421875,0.6394500732421875,0.017570700496435165,50.954933166503906,51.25761413574219,0.30268096923828125,0.30268096923828125,0.01650266908109188,12.259271621704102,12.445253372192383,0.18598175048828125,0.18598175048828125,0.011098712682723999,0.5173763036727905,2.619537353515625,0.517632246017456,2.2974116802215576,0.11410272121429443,0.49084582924842834,1.0350085496902466,4.916949272155762,1.149111270904541,5.396496295928955,0.575644314289093,0.9936875104904175,0.3549962043762207,0.987899124622345,0.1666666716337204,0.3888888955116272,0.6708711981773376,0.6631925106048584,1.1268947124481201,0.27618101239204407,0.2769327759742737,0.0007517635822296143,0.6666913032531738,0.6586917042732239,1.122460126876831,0.29572421312332153,0.2965945601463318,0.0008703470230102539,0.5656530261039734,0.5599035024642944,0.9432181119918823,0.34464502334594727,0.34665778279304504,0.0020127594470977783,0.08331147581338882,0.08230630308389664,0.15851467847824097,2.3129963874816895,2.3189172744750977,0.7237243056297302,0.7421359419822693,1.507979393005371,0.20822197198867798,0.2095535546541214,0.407252699136734,3.1281301975250244,2.909341335296631,0.6285300850868225,0.6322451233863831,3.878398895263672,0.9979785084724426,0.26092496514320374,1.2080650329589844,0.9999287128448486,0.6023943424224854,1.2498313188552856,0.9030107259750366,0.9102782011032104,0.007267475128173828,0.09698927402496338,1.3159680366516113,1.438122272491455,0.12215423583984375
train,85,56.25129699707031,56.82514953613281,0.5738525390625,0.5738525390625,0.014643248170614243,50.897457122802734,51.10629653930664,0.20883941650390625,0.20883941650390625,0.014194000512361526,11.75042724609375,12.352285385131836,0.6018581390380859,0.6018581390380859,0.011447835713624954,0.5132529139518738,2.5777392387390137,0.5165674090385437,2.296137571334839,0.11397544294595718,0.48863816261291504,1.0298203229904175,4.873876571655273,1.1437958478927612,5.34813117980957,0.5786136984825134,0.9951544404029846,0.3555682599544525,0.9908313751220703,0.1666666716337204,0.375,0.6627033352851868,0.6671195030212402,1.1173206567764282,0.2969966232776642,0.29788634181022644,0.0008897185325622559,0.609650731086731,0.6157331466674805,0.98833829164505,0.3356061577796936,0.33839964866638184,0.0027934908866882324,0.5627867579460144,0.567989706993103,0.9403959512710571,0.3455623388290405,0.34748268127441406,0.0019203424453735352,0.08146101236343384,0.08327806740999222,0.15597084164619446,2.2943553924560547,2.2980122566223145,0.7276470065116882,0.7464787364006042,1.5065436363220215,0.2112427055835724,0.22037582099437714,0.3966522812843323,3.117002487182617,2.8931167125701904,0.6285534501075745,0.6367078423500061,3.880465507507324,0.9978674650192261,0.2607661485671997,1.207502841949463,0.999922513961792,0.6015963554382324,1.2498215436935425,0.9088470935821533,0.9180290699005127,0.009181976318359375,0.09115290641784668,1.293752908706665,1.4118400812149048,0.11808717250823975
train,86,56.181976318359375,56.53824234008789,0.3562660217285156,0.3562660217285156,0.014715022407472134,49.939308166503906,51.00190353393555,1.0625953674316406,1.0625953674316406,0.020142406225204468,12.724967956542969,12.051380157470703,-0.6735877990722656,0.6735877990722656,0.016272466629743576,0.5118072032928467,2.5835776329040527,0.5185028314590454,2.323132038116455,0.112568698823452,0.53562331199646,1.0303101539611816,4.906709671020508,1.1428788900375366,5.428184509277344,0.5798677802085876,0.995049774646759,0.35761702060699463,0.990624725818634,0.1666666716337204,0.375,0.6649067401885986,0.6686529517173767,1.1236037015914917,0.2937268912792206,0.29471662640571594,0.0009897351264953613,0.6566428542137146,0.6638147830963135,1.0778136253356934,0.3142571449279785,0.3162965476512909,0.002039402723312378,0.6103246808052063,0.6203837990760803,1.029868483543396,0.32419559359550476,0.32531434297561646,0.0011187493801116943,0.08163419365882874,0.0817280113697052,0.15832623839378357,2.2956326007843018,2.2991480827331543,0.7264376282691956,0.745625376701355,1.5124764442443848,0.2138739675283432,0.21187977492809296,0.3848075866699219,3.148012399673462,2.92960262298584,0.6269026398658752,0.6301823854446411,3.857037305831909,0.9980049729347229,0.2604428231716156,1.208078145980835,0.9999302625656128,0.602155864238739,1.2498334646224976,0.9049633145332336,0.9162477254867554,0.011284410953521729,0.09503668546676636,1.3965929746627808,1.447636365890503,0.05104339122772217
train,87,58.76640319824219,56.360137939453125,-2.4062652587890625,2.4062652587890625,0.017353542149066925,52.01176071166992,50.47062683105469,-1.5411338806152344,1.5411338806152344,0.01966075226664543,12.96917724609375,12.38819694519043,-0.5809803009033203,0.5809803009033203,0.008722200989723206,0.5122129917144775,2.5832061767578125,0.5165013074874878,2.3559083938598633,0.11675883829593658,0.5754576921463013,1.0287142992019653,4.939114570617676,1.1454731225967407,5.499902725219727,0.5799887776374817,0.9933694005012512,0.36104080080986023,0.9871712923049927,0.1666666716337204,0.3888888955116272,0.7125381827354431,0.6904940605163574,1.2131978273391724,0.2725267708301544,0.27268028259277344,0.00015351176261901855,0.6601910591125488,0.6432310938835144,1.0841577053070068,0.31186509132385254,0.31380847096443176,0.0019433796405792236,0.615301251411438,0.6006595492362976,1.0374462604522705,0.320679634809494,0.32182395458221436,0.001144319772720337,0.08228539675474167,0.07869337499141693,0.1578589379787445,2.3151917457580566,2.313462734222412,0.7236502766609192,0.742836058139801,1.5063817501068115,0.21104542911052704,0.2163253277540207,0.34188905358314514,3.1672322750091553,2.9477779865264893,0.6209380030632019,0.6254125833511353,3.9237191677093506,0.9981223940849304,0.26033613085746765,1.2086442708969116,0.9999366998672485,0.601294219493866,1.2498438358306885,0.9086521863937378,0.9189725518226624,0.01032036542892456,0.09134781360626221,1.3188791275024414,1.388716220855713,0.06983709335327148
train,88,59.385921478271484,57.563297271728516,-1.8226242065429688,1.8226242065429688,0.01344979740679264,52.4112663269043,51.24121856689453,-1.1700477600097656,1.1700477600097656,0.018791643902659416,12.042951583862305,12.678709983825684,0.6357583999633789,0.6357583999633789,0.013657622039318085,0.516846239566803,2.5593106746673584,0.5183261632919312,2.325228214263916,0.11786854267120361,0.5681321620941162,1.0351723432540894,4.88132381439209,1.1530410051345825,5.449456214904785,0.5761864185333252,0.9924215078353882,0.3575740456581116,0.9848871827125549,0.1666666716337204,0.375,0.6515834927558899,0.6332200765609741,1.065450668334961,0.3226395547389984,0.32432323694229126,0.0016836822032928467,0.6558464169502258,0.6373481154441833,1.069930076599121,0.3031499683856964,0.3047177195549011,0.001567751169204712,0.6104540228843689,0.5928077697753906,1.022376537322998,0.3092550039291382,0.3100830316543579,0.0008280277252197266,0.079415462911129,0.07723339647054672,0.16232259571552277,2.301363229751587,2.297030448913574,0.726750373840332,0.7484361529350281,1.4871631860733032,0.21292442083358765,0.20131728053092957,0.35762137174606323,3.1369307041168213,2.9168195724487305,0.6299339532852173,0.635117769241333,3.9177117347717285,0.9980208873748779,0.2602945566177368,1.2080124616622925,0.9999309778213501,0.6027395129203796,1.2498340606689453,0.9090221524238586,0.9198364615440369,0.010814309120178223,0.09097784757614136,1.3022282123565674,1.3711494207382202,0.06892120838165283
train,89,57.93840026855469,58.474632263183594,0.5362319946289062,0.5362319946289062,0.019665552303195,52.00270080566406,51.82626724243164,-0.17643356323242188,0.17643356323242188,0.02017599530518055,12.319876670837402,12.360854148864746,0.04097747802734375,0.04097747802734375,0.011498533189296722,0.5199511051177979,2.5592331886291504,0.5165201425552368,2.2878427505493164,0.11243674159049988,0.5224929451942444,1.0364712476730347,4.845826625823975,1.148908019065857,5.368319511413574,0.5733678340911865,0.9915599226951599,0.356436550617218,0.9816153049468994,0.1805555522441864,0.3888888955116272,0.6464927792549133,0.6390764713287354,1.0582280158996582,0.3099205791950226,0.31156066060066223,0.0016400814056396484,0.6464927792549133,0.6390764713287354,1.0582280158996582,0.3099205791950226,0.31156066060066223,0.0016400814056396484,0.6015312075614929,0.5917978882789612,1.0103777647018433,0.3167480528354645,0.31771421432495117,0.0009661614894866943,0.07917135953903198,0.0783998966217041,0.19985584914684296,2.2840216159820557,2.2895703315734863,0.7287048697471619,0.7467013597488403,1.4769988059997559,0.2022538185119629,0.19884932041168213,0.3020000457763672,3.1069343090057373,2.8611490726470947,0.6301330924034119,0.6470653414726257,3.9302115440368652,0.9978728294372559,0.260097473859787,1.2073482275009155,0.9999226331710815,0.6022140979766846,1.2498209476470947,0.8943350911140442,0.9036339521408081,0.009298861026763916,0.10566490888595581,1.381873607635498,1.4612538814544678,0.07938027381896973
train,90,59.3838005065918,58.20654296875,-1.1772575378417969,1.1772575378417969,0.016374599188566208,52.824859619140625,51.91450500488281,-0.9103546142578125,0.9103546142578125,0.015859149396419525,11.699893951416016,12.340388298034668,0.6404943466186523,0.6404943466186523,0.013660933822393417,0.5180094242095947,2.5255441665649414,0.5167025923728943,2.2868430614471436,0.11493679136037827,0.5663042068481445,1.0347120761871338,4.81219482421875,1.1496487855911255,5.3784990310668945,0.5717010498046875,0.9920405745506287,0.3523400127887726,0.9802659153938293,0.1666666716337204,0.3888888955116272,0.6427783370018005,0.6324602961540222,1.0510157346725464,0.31173256039619446,0.3133132755756378,0.0015807151794433594,0.6900383830070496,0.6813689470291138,1.1740907430648804,0.27528873085975647,0.27538445591926575,9.572505950927734e-05,0.5905601382255554,0.5811582803726196,0.8979623317718506,0.3330634534358978,0.33370205760002136,0.0006386041641235352,0.07818876951932907,0.07698696851730347,0.20402216911315918,2.276383399963379,2.277587413787842,0.7298797965049744,0.7503790855407715,1.4707870483398438,0.20477446913719177,0.196800097823143,0.36149826645851135,3.167802095413208,2.9123456478118896,0.6171875596046448,0.6348567605018616,3.9304890632629395,0.9978582262992859,0.25976845622062683,1.206990122795105,0.9999216794967651,0.6029003858566284,1.249818205833435,0.9009948372840881,0.9104971885681152,0.0095023512840271,0.09900516271591187,1.4523428678512573,1.516662836074829,0.06431996822357178
train,91,58.336944580078125,58.79520034790039,0.4582557678222656,0.4582557678222656,0.02080150693655014,51.825443267822266,52.36970520019531,0.5442619323730469,0.5442619323730469,0.021876052021980286,12.682901382446289,12.020164489746094,-0.6627368927001953,0.6627368927001953,0.011900224722921848,0.521404504776001,2.52667498588562,0.5183667540550232,2.2948975563049316,0.11093062907457352,0.5183827877044678,1.039771318435669,4.818952560424805,1.1507019996643066,5.337335586547852,0.5688133239746094,0.9867380261421204,0.3477349579334259,0.9652140140533447,0.1527777761220932,0.3888888955116272,0.6375743746757507,0.6275507211685181,1.0419156551361084,0.31696373224258423,0.3186381459236145,0.0016744136810302734,0.726830780506134,0.7228231430053711,1.2058072090148926,0.2617119252681732,0.26183077692985535,0.0001188516616821289,0.7206076383590698,0.7171679139137268,1.0577505826950073,0.27909865975379944,0.278924822807312,-0.00017383694648742676,0.07767284661531448,0.07825974375009537,0.15107624232769012,2.2652182579040527,2.2618865966796875,0.7325789928436279,0.751945972442627,1.4672462940216064,0.20525169372558594,0.20792703330516815,0.3947202265262604,3.127305269241333,2.9036824703216553,0.6249419450759888,0.6305108666419983,3.956003427505493,0.9977880716323853,0.25987714529037476,1.2070508003234863,0.9999184608459473,0.6030353903770447,1.2498148679733276,0.9166064858436584,0.9269735217094421,0.010367035865783691,0.08339351415634155,1.4105356931686401,1.5076947212219238,0.09715902805328369
train,92,58.81459045410156,58.56609344482422,-0.24849700927734375,0.24849700927734375,0.017846448346972466,52.53268814086914,52.097599029541016,-0.435089111328125,0.435089111328125,0.020175276324152946,12.49484634399414,12.351555824279785,-0.14329051971435547,0.14329051971435547,0.012808806262910366,0.5193715691566467,2.478914737701416,0.5149221420288086,2.259726047515869,0.11358073353767395,0.5034944415092468,1.0342936515808105,4.733088493347168,1.147874355316162,5.2365827560424805,0.569317102432251,0.988576352596283,0.3470495045185089,0.9700486660003662,0.1666666716337204,0.3888888955116272,0.6325886249542236,0.6257464289665222,1.0343607664108276,0.3217935860157013,0.3235781788825989,0.001784592866897583,0.6325886249542236,0.6257464289665222,1.0343607664108276,0.3217935860157013,0.3235781788825989,0.001784592866897583,0.6325886249542236,0.6257464289665222,1.0343607664108276,0.3217935860157013,0.3235781788825989,0.001784592866897583,0.07897009700536728,0.07926854491233826,0.15442906320095062,2.2826316356658936,2.2823715209960938,0.7309154272079468,0.7512257099151611,1.4763883352279663,0.20787040889263153,0.2100186049938202,0.39752569794654846,3.175140619277954,2.9591307640075684,0.6215072274208069,0.6269247531890869,3.9023311138153076,0.9975530505180359,0.26074227690696716,1.205801248550415,0.9999040365219116,0.6015856862068176,1.2497917413711548,0.904792845249176,0.9134840369224548,0.008691191673278809,0.09520715475082397,1.3100084066390991,1.4055683612823486,0.09555995464324951
train,93,58.52103805541992,58.69036865234375,0.16933059692382812,0.16933059692382812,0.02067657560110092,52.313480377197266,52.31516647338867,0.00168609619140625,0.00168609619140625,0.020001310855150223,11.89894962310791,12.423223495483398,0.5242738723754883,0.5242738723754883,0.009721029549837112,0.5214376449584961,2.471349000930786,0.5150381922721863,2.1982674598693848,0.11401435732841492,0.5083250999450684,1.0364757776260376,4.663681983947754,1.1504902839660645,5.172007083892822,0.5656623840332031,0.9869447350502014,0.3443920314311981,0.9685084223747253,0.1666666716337204,0.3888888955116272,0.6291532516479492,0.6155140399932861,1.031171441078186,0.319032222032547,0.3209189772605896,0.0018867552280426025,0.6738166809082031,0.6611643433570862,1.0771082639694214,0.28860336542129517,0.28986862301826477,0.0012652575969696045,0.6286141872406006,0.6179642677307129,0.9335982799530029,0.3023807406425476,0.3034358322620392,0.0010550916194915771,0.08022336661815643,0.0776810571551323,0.16584989428520203,2.2843174934387207,2.284703493118286,0.7309365272521973,0.7515814900398254,1.4736955165863037,0.2085999697446823,0.20608890056610107,0.3982663154602051,3.1390347480773926,2.91249418258667,0.628063440322876,0.6366463899612427,3.935128927230835,0.997393012046814,0.26046228408813477,1.2045972347259521,0.9998927116394043,0.6022268533706665,1.2497717142105103,0.9102579355239868,0.9193892478942871,0.009131312370300293,0.08974206447601318,1.235856056213379,1.3283113241195679,0.09245526790618896
train,94,56.87040328979492,58.60572814941406,1.7353248596191406,1.7353248596191406,0.02425139769911766,51.12852478027344,52.31434631347656,1.185821533203125,1.185821533203125,0.023936446756124496,11.572577476501465,12.161109924316406,0.5885324478149414,0.5885324478149414,0.013304137624800205,0.5184948444366455,2.3595781326293945,0.5114051699638367,2.1233692169189453,0.11331757158041,0.5378214716911316,1.029900074005127,4.477950096130371,1.1432175636291504,5.015771389007568,0.5643305778503418,0.9830683469772339,0.3426295518875122,0.96034175157547,0.1666666716337204,0.4027777910232544,0.6671907305717468,0.6875208616256714,1.0667684078216553,0.30584847927093506,0.30765506625175476,0.0018065869808197021,0.6433616280555725,0.6624673008918762,1.0834441184997559,0.28913241624832153,0.29014408588409424,0.001011669635772705,0.5987018942832947,0.6212189197540283,0.9967732429504395,0.2941286563873291,0.29500097036361694,0.0008723139762878418,0.0787995383143425,0.08174049854278564,0.1651308536529541,2.290785789489746,2.2852113246917725,0.7308610081672668,0.7531508803367615,1.4603991508483887,0.20604173839092255,0.20999504625797272,0.41211238503456116,3.162540912628174,2.9209372997283936,0.6212397813796997,0.6316232681274414,3.929643392562866,0.9968674778938293,0.259462833404541,1.2016797065734863,0.999855637550354,0.6023194789886475,1.2497122287750244,0.8929922580718994,0.9002009630203247,0.007208704948425293,0.10700774192810059,1.2134664058685303,1.324390172958374,0.11092376708984375
train,95,55.12895584106445,57.73809051513672,2.6091346740722656,2.6091346740722656,0.025980237871408463,49.396324157714844,51.72146224975586,2.3251380920410156,2.3251380920410156,0.02185073494911194,12.031166076660156,11.866867065429688,-0.16429901123046875,0.16429901123046875,0.008425679057836533,0.520365834236145,2.399094581604004,0.5147225856781006,2.1248931884765625,0.11095568537712097,0.48520103096961975,1.0350884199142456,4.518878936767578,1.1460442543029785,5.004021644592285,0.5645522475242615,0.9885727167129517,0.34408897161483765,0.9782307147979736,0.1666666716337204,0.4027777910232544,0.6772391200065613,0.6873871088027954,1.0823748111724854,0.2941654920578003,0.29627853631973267,0.002113044261932373,0.693751335144043,0.7050909399986267,1.0991207361221313,0.2722778916358948,0.2743862569332123,0.002108365297317505,0.6342005133628845,0.6451090574264526,0.9413370490074158,0.29483017325401306,0.2962319254875183,0.001401752233505249,0.07897189259529114,0.08003811538219452,0.14495064318180084,2.331380605697632,2.331355333328247,0.7241160273551941,0.744805097579956,1.4689397811889648,0.20873109996318817,0.21150536835193634,0.4218931496143341,3.206449270248413,2.9873721599578857,0.6152268052101135,0.6214489936828613,3.845083713531494,0.9969167709350586,0.2585977017879486,1.202197551727295,0.9998589754104614,0.6048714518547058,1.2497187852859497,0.9112207293510437,0.9223005175590515,0.011079788208007812,0.0887792706489563,1.1467636823654175,1.21474027633667,0.06797659397125244
train,96,54.23849868774414,56.43354415893555,2.1950454711914062,2.1950454711914062,0.022877920418977737,48.824562072753906,50.55891418457031,1.7343521118164062,1.7343521118164062,0.026292862370610237,12.25156021118164,11.949039459228516,-0.302520751953125,0.302520751953125,0.013035611249506474,0.5150889158248901,2.4749257564544678,0.5092064142227173,2.1664538383483887,0.11335505545139313,0.501427173614502,1.0242953300476074,4.636565208435059,1.1376503705978394,5.1356940269470215,0.5699134469032288,0.9910823702812195,0.34937235713005066,0.9834099411964417,0.1527777761220932,0.4166666567325592,0.6992906928062439,0.7095662355422974,1.107638955116272,0.2677278518676758,0.2696474492549896,0.0019195973873138428,0.6821963787078857,0.6937413215637207,1.0903109312057495,0.2906235456466675,0.2925567328929901,0.0019331872463226318,0.6457915902137756,0.6590369343757629,1.0504150390625,0.29961711168289185,0.3009624183177948,0.001345306634902954,0.07769306749105453,0.07900554686784744,0.15350015461444855,2.2999107837677,2.301933765411377,0.7287563681602478,0.7482717037200928,1.4726976156234741,0.2127845734357834,0.22345320880413055,0.4213252365589142,3.2163288593292236,3.0183305740356445,0.6138533353805542,0.6147614121437073,3.805774450302124,0.997292697429657,0.2589377760887146,1.2040116786956787,0.9998855590820312,0.6032007932662964,1.2497600317001343,0.9077916145324707,0.9220209717750549,0.014229357242584229,0.0922083854675293,1.1238571405410767,1.1604994535446167,0.03664231300354004
train,97,55.82010269165039,55.33604431152344,-0.4840583801269531,0.4840583801269531,0.02219904214143753,50.13434982299805,49.6917610168457,-0.44258880615234375,0.44258880615234375,0.020336328074336052,11.362068176269531,12.100321769714355,0.7382535934448242,0.7382535934448242,0.012410005554556847,0.5091104507446289,2.480142831802368,0.5035220384597778,2.1709227561950684,0.11586543917655945,0.5285438895225525,1.0126324892044067,4.649081230163574,1.1284979581832886,5.171420574188232,0.5741211175918579,0.9924585819244385,0.35596638917922974,0.9860328435897827,0.1805555522441864,0.4027777910232544,0.6878679990768433,0.6799964904785156,1.0953619480133057,0.2893078625202179,0.29095739126205444,0.0016495287418365479,0.6878679990768433,0.6799964904785156,1.0953619480133057,0.2893078625202179,0.29095739126205444,0.0016495287418365479,0.652298629283905,0.64409339427948,1.0557395219802856,0.2943018674850464,0.2955288589000702,0.0012269914150238037,0.07775696367025375,0.07851379364728928,0.16838975250720978,2.3080170154571533,2.310835361480713,0.7281244397163391,0.7462765574455261,1.4679334163665771,0.20884288847446442,0.2059403955936432,0.3669210970401764,3.268234968185425,3.0183463096618652,0.6043573617935181,0.6198183298110962,3.820164442062378,0.9973562955856323,0.2581450343132019,1.2041676044464111,0.9998897314071655,0.6023735404014587,1.2497657537460327,0.8977895379066467,0.9105963706970215,0.012806832790374756,0.10221046209335327,1.3055753707885742,1.34609854221344,0.04052317142486572
train,98,55.87599182128906,55.578094482421875,-0.2978973388671875,0.2978973388671875,0.024591661989688873,49.71784210205078,49.91307830810547,0.1952362060546875,0.1952362060546875,0.026285622268915176,11.497055053710938,11.731219291687012,0.23416423797607422,0.23416423797607422,0.007440626621246338,0.5086405277252197,2.4020838737487793,0.5053561925888062,2.131381034851074,0.11134612560272217,0.4872778356075287,1.0139967203140259,4.529860973358154,1.1253429651260376,5.017138957977295,0.572526752948761,0.9932546019554138,0.3496895432472229,0.9871500730514526,0.1527777761220932,0.4027777910232544,0.6839147806167603,0.6837625503540039,1.0882830619812012,0.2903539538383484,0.292359858751297,0.0020059049129486084,0.6887952089309692,0.6881179213523865,1.1358062028884888,0.2736276090145111,0.2745455503463745,0.0009179413318634033,0.6532295346260071,0.6503651142120361,1.0982824563980103,0.27514639496803284,0.2759604752063751,0.0008140802383422852,0.07900451123714447,0.07822966575622559,0.16054774820804596,2.3179259300231934,2.320016622543335,0.7242773175239563,0.7438958883285522,1.472212314605713,0.21169444918632507,0.21879516541957855,0.43147915601730347,3.237882614135742,3.047524929046631,0.6127440333366394,0.6131543517112732,3.819206953048706,0.9969088435173035,0.2586619555950165,1.2022454738616943,0.999859094619751,0.6025338172912598,1.249719500541687,0.8834131360054016,0.8952588438987732,0.011845707893371582,0.11658686399459839,1.2767802476882935,1.351582646369934,0.07480239868164062
train,99,55.78293991088867,55.72706604003906,-0.055873870849609375,0.055873870849609375,0.022066466510295868,49.6995964050293,49.81548309326172,0.11588668823242188,0.11588668823242188,0.02664276957511902,11.962175369262695,11.614158630371094,-0.34801673889160156,0.34801673889160156,0.01693221926689148,0.5127589106559753,2.440492630004883,0.5063343048095703,2.156731367111206,0.1120876744389534,0.4891362488269806,1.0190931558609009,4.588791370391846,1.1311808824539185,5.075379848480225,0.5681989192962646,0.9928258061408997,0.3448890447616577,0.9862331748008728,0.1666666716337204,0.4166666567325592,0.684195339679718,0.6786672472953796,1.080345630645752,0.2749190628528595,0.27573633193969727,0.0008172690868377686,0.6419049501419067,0.6396900415420532,1.0812077522277832,0.2927683889865875,0.2934695780277252,0.0007011890411376953,0.5926643013954163,0.5906504988670349,0.8878707885742188,0.31329452991485596,0.3134859800338745,0.0001914501190185547,0.07892672717571259,0.07953173667192459,0.16755837202072144,2.334857940673828,2.3484606742858887,0.7246258854866028,0.7389875054359436,1.4612114429473877,0.21035732328891754,0.19996139407157898,0.37921756505966187,3.298192262649536,3.058588981628418,0.5989087820053101,0.6145058870315552,3.816680908203125,0.9971098303794861,0.25871965289115906,1.2032819986343384,0.9998735189437866,0.6038240790367126,1.249742031097412,0.8916612863540649,0.9046980738639832,0.013036787509918213,0.10833871364593506,1.3037405014038086,1.368050217628479,0.06430971622467041
train,100,54.647029876708984,55.755027770996094,1.1079978942871094,1.1079978942871094,0.021930508315563202,49.34474182128906,49.757564544677734,0.4128227233886719,0.4128227233886719,0.023201240226626396,11.788141250610352,11.788190841674805,4.9591064453125e-05,4.9591064453125e-05,0.011502804234623909,0.5108846426010132,2.3250372409820557,0.5037110447883606,2.0727903842926025,0.11351565271615982,0.567327618598938,1.0145957469940186,4.389691352844238,1.1281113624572754,4.957018852233887,0.5690909624099731,0.9933736324310303,0.34266677498817444,0.9876470565795898,0.1527777761220932,0.4166666567325592,0.6814345121383667,0.6784765720367432,1.072946548461914,0.2782432436943054,0.27854570746421814,0.0003024637699127197,0.636277973651886,0.6356716752052307,1.0265288352966309,0.31291040778160095,0.31421324610710144,0.0013028383255004883,0.5975721478462219,0.5997850894927979,0.9840072989463806,0.32323625683784485,0.3239939212799072,0.0007576644420623779,0.0787503570318222,0.07967427372932434,0.1790260374546051,2.3649072647094727,2.381709337234497,0.719078004360199,0.7367690801620483,1.4498552083969116,0.21260446310043335,0.21397103369235992,0.421028733253479,3.3019967079162598,3.1092090606689453,0.5972288846969604,0.6019454598426819,3.8233566284179688,0.9966341853141785,0.25758036971092224,1.2001550197601318,0.9998362064361572,0.6032745838165283,1.2496803998947144,0.9205111861228943,0.9323930144309998,0.011881828308105469,0.07948881387710571,1.1786916255950928,1.246238112449646,0.06754648685455322
train,101,54.487060546875,55.2010498046875,0.7139892578125,0.7139892578125,0.021370308473706245,48.77165603637695,49.55117416381836,0.7795181274414062,0.7795181274414062,0.021416468545794487,11.597055435180664,11.788188934326172,0.1911334991455078,0.1911334991455078,0.013710559345781803,0.5025663375854492,2.2998695373535156,0.4987737834453583,2.0185744762420654,0.11117005348205566,0.49182310700416565,1.0013402700424194,4.311139106750488,1.1125102043151855,4.802190780639648,0.5732656121253967,0.9940352439880371,0.3451032042503357,0.9891144037246704,0.1388888955116272,0.4027777910232544,0.6362347602844238,0.6423101425170898,1.0293397903442383,0.3012239933013916,0.3014606237411499,0.00023663043975830078,0.6306924819946289,0.6373130679130554,1.022607684135437,0.3382778465747833,0.3398755192756653,0.001597672700881958,0.5906664133071899,0.5980856418609619,0.8859051465988159,0.35205525159835815,0.353169709444046,0.0011144578456878662,0.07901883870363235,0.0806189700961113,0.16016650199890137,2.357755184173584,2.374022960662842,0.7210780382156372,0.7387115359306335,1.4575799703598022,0.2167588621377945,0.210201233625412,0.43589943647384644,3.2506675720214844,3.0618672370910645,0.6055957078933716,0.6109523177146912,3.830585241317749,0.996095597743988,0.25733399391174316,1.1983866691589355,0.9997934699058533,0.6006850600242615,1.2496192455291748,0.931614100933075,0.942898690700531,0.011284589767456055,0.06838589906692505,1.1678385734558105,1.2151316404342651,0.04729306697845459
train,102,52.345890045166016,54.844078063964844,2.498188018798828,2.498188018798828,0.020643524825572968,46.880863189697266,49.16143798828125,2.2805747985839844,2.2805747985839844,0.025584019720554352,10.406608581542969,11.692646026611328,1.2860374450683594,1.2860374450683594,0.01695278286933899,0.49630725383758545,2.2704315185546875,0.49449899792671204,2.0157389640808105,0.1111002191901207,0.5432358384132385,0.9908062815666199,4.284274578094482,1.101906418800354,4.822531700134277,0.576183557510376,0.99546879529953,0.34862926602363586,0.9918612837791443,0.1388888955116272,0.4027777910232544,0.6392483115196228,0.6532266139984131,1.035323143005371,0.301628440618515,0.30179476737976074,0.00016632676124572754,0.6339765191078186,0.6486856341362,1.0289862155914307,0.3349400460720062,0.33611977100372314,0.001179724931716919,0.5912037491798401,0.606819748878479,0.7904818058013916,0.3659425377845764,0.366569459438324,0.0006269216537475586,0.07900843024253845,0.08156275749206543,0.18164537847042084,2.351686477661133,2.368481397628784,0.7209694385528564,0.7388240098953247,1.4611234664916992,0.20841480791568756,0.20201829075813293,0.4163355231285095,3.2135815620422363,3.022411823272705,0.6072149276733398,0.6119545698165894,3.845616340637207,0.9960808157920837,0.2570904493331909,1.1979761123657227,0.9997919201850891,0.5984479784965515,1.249614953994751,0.9300331473350525,0.946092426776886,0.016059279441833496,0.06996685266494751,1.103746771812439,1.1073064804077148,0.003559708595275879
train,103,52.52277755737305,53.59500503540039,1.0722274780273438,1.0722274780273438,0.02398396097123623,47.1874885559082,48.02117919921875,0.8336906433105469,0.8336906433105469,0.030458949506282806,10.709654808044434,11.049650192260742,0.3399953842163086,0.3399953842163086,0.0083543099462986,0.4896473288536072,2.2383110523223877,0.4841037392616272,1.982039213180542,0.1041443720459938,0.48067501187324524,0.9737510681152344,4.21864128112793,1.0778955221176147,4.6917619705200195,0.5817145109176636,0.996290385723114,0.357854962348938,0.9932704567909241,0.1388888955116272,0.375,0.6411562561988831,0.6530359983444214,1.0428181886672974,0.32735922932624817,0.3285472095012665,0.0011879801750183105,0.6411562561988831,0.6530359983444214,1.0428181886672974,0.32735922932624817,0.3285472095012665,0.0011879801750183105,0.5487393140792847,0.5606290102005005,0.7512326240539551,0.38496071100234985,0.38565269112586975,0.0006919801235198975,0.0797322615981102,0.08137159049510956,0.17821621894836426,2.369689702987671,2.388535499572754,0.7170301079750061,0.7359851002693176,1.4593640565872192,0.20232361555099487,0.2071598917245865,0.3758678138256073,3.1958837509155273,3.023930549621582,0.6101639866828918,0.6140658855438232,3.7996368408203125,0.9955219030380249,0.25600722432136536,1.19638991355896,0.9997445940971375,0.5952597260475159,1.249549388885498,0.9325411319732666,0.9418728351593018,0.009331703186035156,0.0674588680267334,1.2133183479309082,1.2457624673843384,0.032444119453430176
train,104,51.333518981933594,53.05891418457031,1.7253952026367188,1.7253952026367188,0.028365466743707657,45.89872360229492,47.60435485839844,1.7056312561035156,1.7056312561035156,0.028631359338760376,10.83218765258789,10.879674911499023,0.04748725891113281,0.04748725891113281,0.011405614204704762,0.4826238453388214,2.1571850776672363,0.47921550273895264,1.870102882385254,0.10234895348548889,0.44598785042762756,0.9618393778800964,4.025815963745117,1.0641882419586182,4.463109970092773,0.5856170654296875,0.9961962103843689,0.36409518122673035,0.9928402304649353,0.125,0.375,0.6470440626144409,0.6630674600601196,1.0578783750534058,0.32361307740211487,0.32466116547584534,0.0010480880737304688,0.5974050760269165,0.6139110922813416,1.0077587366104126,0.3495820164680481,0.3507827818393707,0.0012007653713226318,0.5580551028251648,0.5746166706085205,0.871730387210846,0.3659578561782837,0.3667028844356537,0.0007450282573699951,0.08119336515665054,0.08240574598312378,0.22579240798950195,2.361585855484009,2.3817734718322754,0.7207435369491577,0.7376565933227539,1.4787931442260742,0.20231139659881592,0.21379444003105164,0.28631681203842163,3.2345128059387207,3.044726848602295,0.6059253215789795,0.6137771606445312,3.843005418777466,0.9943354725837708,0.2562471628189087,1.1920148134231567,0.9996250867843628,0.5930977463722229,1.2493785619735718,0.9302388429641724,0.9388535618782043,0.008614718914031982,0.06976115703582764,1.1976184844970703,1.2424043416976929,0.04478585720062256
train,105,50.540592193603516,52.19624328613281,1.6556510925292969,1.6556510925292969,0.01850862056016922,45.28289794921875,46.751564025878906,1.4686660766601562,1.4686660766601562,0.01901162974536419,10.818034172058105,10.855955123901367,0.03792095184326172,0.03792095184326172,0.007505962625145912,0.47669410705566406,2.072409152984619,0.4724121689796448,1.8126516342163086,0.10337482392787933,0.43007591366767883,0.9491062164306641,3.882551670074463,1.0524811744689941,4.30366849899292,0.5873337984085083,0.9961228370666504,0.36848172545433044,0.9927121996879578,0.125,0.375,0.6549094915390015,0.6626240611076355,1.0684772729873657,0.31734994053840637,0.318274587392807,0.0009246468544006348,0.5661846995353699,0.5744271278381348,0.8822000622749329,0.35752880573272705,0.35837191343307495,0.0008431077003479004,0.5626506805419922,0.5710545778274536,0.7723598480224609,0.3707801401615143,0.37159258127212524,0.0008124411106109619,0.0817193016409874,0.08111974596977234,0.2315976619720459,2.389291286468506,2.411834239959717,0.7158398628234863,0.7316533327102661,1.4797635078430176,0.20733177661895752,0.205463707447052,0.33500805497169495,3.2983174324035645,3.0863184928894043,0.5999757051467896,0.6115021109580994,3.8645224571228027,0.9932623505592346,0.25628259778022766,1.1886004209518433,0.9995050430297852,0.5902129411697388,1.2492121458053589,0.9216568470001221,0.9349859952926636,0.013329148292541504,0.07834315299987793,1.217225432395935,1.2598356008529663,0.04261016845703125
train,106,50.44444274902344,51.368438720703125,0.9239959716796875,0.9239959716796875,0.015862904489040375,45.44498825073242,46.01725769042969,0.5722694396972656,0.5722694396972656,0.01757998764514923,10.576681137084961,10.837017059326172,0.26033592224121094,0.26033592224121094,0.007569293025881052,0.4701038599014282,2.090909481048584,0.4645918607711792,1.7776106595993042,0.10388840734958649,0.43185409903526306,0.9346957802772522,3.867499589920044,1.0385842323303223,4.288918495178223,0.5926865339279175,0.9952282905578613,0.37427109479904175,0.9908468723297119,0.125,0.3472222089767456,0.5754402875900269,0.5845804810523987,0.9888415336608887,0.35142162442207336,0.3522830903530121,0.0008614659309387207,0.5754402875900269,0.5845804810523987,0.9888003468513489,0.37435096502304077,0.3750288188457489,0.0006778538227081299,0.5667853951454163,0.5764902830123901,0.7795199751853943,0.390220046043396,0.39077281951904297,0.0005527734756469727,0.08177772164344788,0.08201431483030319,0.22902485728263855,2.3854007720947266,2.401982069015503,0.7161532640457153,0.7340837717056274,1.4780584573745728,0.20966334640979767,0.20207519829273224,0.31710678339004517,3.345562696456909,3.154691219329834,0.5918301343917847,0.599343478679657,3.8012640476226807,0.9931002855300903,0.25608131289482117,1.1879327297210693,0.9994841814041138,0.5874015092849731,1.2491819858551025,0.9301203489303589,0.9428049325942993,0.01268458366394043,0.06987965106964111,1.168472170829773,1.1969503164291382,0.028478145599365234
train,107,50.58481979370117,50.906463623046875,0.3216438293457031,0.3216438293457031,0.019947417080402374,45.410789489746094,45.731143951416016,0.3203544616699219,0.3203544616699219,0.019778253510594368,10.495607376098633,10.70687198638916,0.21126461029052734,0.21126461029052734,0.012993572279810905,0.46797117590904236,2.0526528358459473,0.4639683961868286,1.7826645374298096,0.10213889181613922,0.42078346014022827,0.9319395422935486,3.834317684173584,1.0340783596038818,4.2456207275390625,0.5932904481887817,0.9947887659072876,0.3750196397304535,0.9900549650192261,0.125,0.3472222089767456,0.6130653619766235,0.6208997368812561,1.030950903892517,0.36221951246261597,0.36320289969444275,0.0009833872318267822,0.6130653619766235,0.6208997368812561,1.030950903892517,0.36221951246261597,0.36320289969444275,0.0009833872318267822,0.5716074705123901,0.5775965452194214,0.7835302352905273,0.3876839280128479,0.38815680146217346,0.0004728734493255615,0.08158493041992188,0.08161132782697678,0.22075095772743225,2.406601905822754,2.418440341949463,0.7122434973716736,0.7311689257621765,1.4746049642562866,0.20636311173439026,0.21172265708446503,0.27251893281936646,3.3492865562438965,3.168884754180908,0.5899637937545776,0.5957602262496948,3.778665542602539,0.9927473664283752,0.2558491826057434,1.187160611152649,0.9994445443153381,0.5868462324142456,1.2491296529769897,0.9263652563095093,0.938687801361084,0.012322545051574707,0.07363474369049072,1.2062145471572876,1.226606011390686,0.020391464233398438
train,108,49.66278839111328,50.745662689208984,1.0828742980957031,1.0828742980957031,0.02269890531897545,44.105926513671875,45.57099151611328,1.4650650024414062,1.4650650024414062,0.02387317456305027,10.891095161437988,10.601262092590332,-0.28983306884765625,0.28983306884765625,0.009897210635244846,0.4687812626361847,2.1339807510375977,0.4636170566082001,1.8636428117752075,0.102962926030159,0.49175652861595154,0.93239825963974,3.9976234436035156,1.0353611707687378,4.477235317230225,0.5940759181976318,0.9961776733398438,0.3785075843334198,0.9927112460136414,0.1388888955116272,0.3472222089767456,0.6169686317443848,0.6185482740402222,1.0316420793533325,0.3564912676811218,0.35774853825569153,0.0012572705745697021,0.6115793585777283,0.6131532788276672,0.9073638916015625,0.36571353673934937,0.36693692207336426,0.0012233853340148926,0.574230432510376,0.5804429650306702,0.7611436247825623,0.42561861872673035,0.42556315660476685,-5.5462121963500977e-05,0.08198433369398117,0.08417275547981262,0.22124148905277252,2.4194488525390625,2.4325366020202637,0.7129303812980652,0.7297611832618713,1.470690369606018,0.20827245712280273,0.21398743987083435,0.3426875174045563,3.2904276847839355,3.0978646278381348,0.5962774753570557,0.6003981828689575,3.8733103275299072,0.9942039847373962,0.2566280961036682,1.191372275352478,0.9996119141578674,0.5872412919998169,1.2493586540222168,0.9384829998016357,0.9487376809120178,0.01025468111038208,0.06151700019836426,1.1831227540969849,1.1950103044509888,0.011887550354003906
train,109,50.30123519897461,50.204254150390625,-0.09698104858398438,0.09698104858398438,0.014216850511729717,45.42566680908203,44.83848190307617,-0.5871849060058594,0.5871849060058594,0.015818625688552856,10.138280868530273,10.74620246887207,0.6079216003417969,0.6079216003417969,0.014283685013651848,0.46148645877838135,2.066209077835083,0.4537240266799927,1.8186372518539429,0.10446043312549591,0.5319941639900208,0.915210485458374,3.883307456970215,1.0196709632873535,4.408963680267334,0.598533034324646,0.9967214465141296,0.38319212198257446,0.9938682317733765,0.1111111119389534,0.3194444477558136,0.6123533844947815,0.6129199862480164,0.9027817249298096,0.3645123243331909,0.3660864531993866,0.0015741288661956787,0.6176501512527466,0.6193071603775024,1.0028845071792603,0.36147770285606384,0.36312928795814514,0.0016515851020812988,0.577285885810852,0.5807401537895203,0.7619542479515076,0.38834863901138306,0.3880378305912018,-0.0003108084201812744,0.08519751578569412,0.08567001670598984,0.17425037920475006,2.4287896156311035,2.444658041000366,0.711389422416687,0.7241519689559937,1.4728379249572754,0.21230001747608185,0.1969013214111328,0.3181553781032562,3.2708840370178223,3.095266103744507,0.6024066209793091,0.603092610836029,3.8924264907836914,0.9935827851295471,0.2565881907939911,1.18898344039917,0.9995415210723877,0.5844442248344421,1.249258279800415,0.9469341039657593,0.9550350904464722,0.00810098648071289,0.05306589603424072,1.1738351583480835,1.1889119148254395,0.015076756477355957
train,110,49.98240280151367,50.252769470214844,0.2703666687011719,0.2703666687011719,0.019419025629758835,44.578887939453125,45.13209533691406,0.5532073974609375,0.5532073974609375,0.02149219997227192,10.592756271362305,10.442265510559082,-0.15049076080322266,0.15049076080322266,0.014972989447414875,0.4592592418193817,2.0663998126983643,0.45359551906585693,1.8567390441894531,0.10208675265312195,0.563786506652832,0.9128548502922058,3.9219586849212646,1.0149415731430054,4.481513500213623,0.6001783013343811,0.9967477917671204,0.3845703899860382,0.9939552545547485,0.1111111119389534,0.3194444477558136,0.5851932168006897,0.5862056016921997,0.8849907517433167,0.37626880407333374,0.3771028518676758,0.000834047794342041,0.5793477296829224,0.5808688998222351,0.7844159007072449,0.3794764280319214,0.38021302223205566,0.0007365942001342773,0.5793477296829224,0.5808688998222351,0.7844159007072449,0.3794764280319214,0.38021302223205566,0.0007365942001342773,0.08745897561311722,0.08672569692134857,0.17053450644016266,2.435716390609741,2.453214406967163,0.7088527679443359,0.7220451235771179,1.4736217260360718,0.20044083893299103,0.2031048685312271,0.29067158699035645,3.2492752075195312,3.1082603931427,0.6094258427619934,0.6106958985328674,3.805657386779785,0.9939448237419128,0.25696027278900146,1.190169095993042,0.9995840191841125,0.583463728427887,1.2493177652359009,0.9488605260848999,0.9575421810150146,0.008681654930114746,0.0511394739151001,1.1401634216308594,1.1581370830535889,0.017973661422729492
train,111,49.80094909667969,50.11760711669922,0.31665802001953125,0.31665802001953125,0.018118949607014656,44.421695709228516,44.85551452636719,0.4338188171386719,0.4338188171386719,0.019682416692376137,10.421346664428711,10.517534255981445,0.09618759155273438,0.09618759155273438,0.007447692099958658,0.4583067297935486,2.1529109477996826,0.452140748500824,1.927044153213501,0.10023507475852966,0.42924004793167114,0.9104475378990173,4.079955101013184,1.0106825828552246,4.497326374053955,0.6022355556488037,0.9958251714706421,0.3876255452632904,0.992389440536499,0.1111111119389534,0.3055555522441864,0.5801035761833191,0.57981938123703,0.7846510410308838,0.3777223825454712,0.3785454332828522,0.0008230507373809814,0.5856958031654358,0.5868231058120728,0.8832493424415588,0.37494030594825745,0.3760725259780884,0.0011322200298309326,0.5801031589508057,0.57981938123703,0.7830925583839417,0.3805573284626007,0.381691575050354,0.001134246587753296,0.08761175721883774,0.08762689679861069,0.16925863921642303,2.4081122875213623,2.4159226417541504,0.7037282586097717,0.7240715622901917,1.4737805128097534,0.21196959912776947,0.20991754531860352,0.35564735531806946,3.265174627304077,3.1586718559265137,0.6030672192573547,0.593526303768158,3.821380615234375,0.9942920207977295,0.2574595808982849,1.1929314136505127,0.9996299743652344,0.5839007496833801,1.2493919134140015,0.9425466060638428,0.9527888298034668,0.010242223739624023,0.05745339393615723,1.148708701133728,1.1708307266235352,0.02212202548980713
train,112,48.595947265625,49.95929718017578,1.3633499145507812,1.3633499145507812,0.025202438235282898,43.27663040161133,44.63862609863281,1.3619956970214844,1.3619956970214844,0.02613798901438713,10.258729934692383,10.469462394714355,0.21073246002197266,0.21073246002197266,0.008808964863419533,0.4533497393131256,2.0658671855926514,0.44727930426597595,1.8516838550567627,0.09843297302722931,0.41699960827827454,0.9006290435791016,3.917551040649414,0.9990621209144592,4.326047420501709,0.6027529835700989,0.9964438676834106,0.39102253317832947,0.9935816526412964,0.1111111119389534,0.2916666567325592,0.5799618363380432,0.599928081035614,0.7815498113632202,0.37778183817863464,0.3787167966365814,0.0009349584579467773,0.5862566232681274,0.6065580248832703,0.8837161064147949,0.3743568956851959,0.37538403272628784,0.001027137041091919,0.5795291662216187,0.5993586778640747,0.7597925662994385,0.4204535186290741,0.42045748233795166,3.9637088775634766e-06,0.087154820561409,0.08627939224243164,0.16972002387046814,2.4256558418273926,2.455414295196533,0.7080270648002625,0.7209458947181702,1.4784804582595825,0.2010369449853897,0.20233319699764252,0.3126194179058075,3.24611234664917,3.0828664302825928,0.6127775311470032,0.6140091419219971,3.767781972885132,0.9931139349937439,0.25699591636657715,1.189057469367981,0.999498724937439,0.5833844542503357,1.2492092847824097,0.9415717124938965,0.9557998180389404,0.014228105545043945,0.058428287506103516,1.210658073425293,1.2323583364486694,0.021700263023376465
train,113,47.557701110839844,49.27764892578125,1.7199478149414062,1.7199478149414062,0.021463943645358086,42.63779830932617,43.9576530456543,1.319854736328125,1.319854736328125,0.022383639588952065,9.774160385131836,10.364119529724121,0.5899591445922852,0.5899591445922852,0.010055222548544407,0.4471316337585449,1.935146689414978,0.4421354830265045,1.7671911716461182,0.09826801717281342,0.37155309319496155,0.8892672061920166,3.7023377418518066,0.9875352382659912,4.067663669586182,0.6050470471382141,0.9964573979377747,0.39548221230506897,0.9938663244247437,0.1111111119389534,0.3194444477558136,0.5962501168251038,0.6106951236724854,0.8937437534332275,0.3653407096862793,0.36594533920288086,0.0006046295166015625,0.5897902250289917,0.6050222516059875,0.789297342300415,0.369146466255188,0.3698715567588806,0.000725090503692627,0.589290201663971,0.6046451926231384,0.7681350708007812,0.41070258617401123,0.41070449352264404,1.9073486328125e-06,0.0861167386174202,0.08886208385229111,0.22563165426254272,2.462043285369873,2.4739749431610107,0.7010424733161926,0.7161227464675903,1.467454195022583,0.21370398998260498,0.21624873578548431,0.38177013397216797,3.3332998752593994,3.1985268592834473,0.5909051895141602,0.5850591063499451,3.815072774887085,0.9909708499908447,0.2548646032810211,1.1831313371658325,0.9992266893386841,0.5832846760749817,1.2488417625427246,0.923969566822052,0.9419208765029907,0.01795130968093872,0.076030433177948,1.2337653636932373,1.2572989463806152,0.02353358268737793
train,114,47.86886215209961,48.41769790649414,0.5488357543945312,0.5488357543945312,0.013670569285750389,42.431785583496094,43.297752380371094,0.865966796875,0.865966796875,0.014023504219949245,9.74030876159668,10.069162368774414,0.3288536071777344,0.3288536071777344,0.011683032847940922,0.44056448340415955,1.8804516792297363,0.43606430292129517,1.7031340599060059,0.09505397826433182,0.34728795289993286,0.8766287565231323,3.583585739135742,0.9716826677322388,3.925184726715088,0.6095166802406311,0.996359646320343,0.40381214022636414,0.993297815322876,0.125,0.2916666567325592,0.5972899794578552,0.6067363619804382,0.7955934405326843,0.36265459656715393,0.3632728159427643,0.0006182193756103516,0.5972899794578552,0.6067363619804382,0.7955934405326843,0.36265459656715393,0.3632728159427643,0.0006182193756103516,0.5968505144119263,0.6064371466636658,0.7739759087562561,0.4031461477279663,0.4031471312046051,9.834766387939453e-07,0.08689220994710922,0.08921592682600021,0.23944507539272308,2.494755744934082,2.5130810737609863,0.6980136632919312,0.7110340595245361,1.4647501707077026,0.2122703492641449,0.20786209404468536,0.3225603699684143,3.3291962146759033,3.159815549850464,0.5885564684867859,0.5897852778434753,3.863278865814209,0.9894702434539795,0.25352200865745544,1.1792784929275513,0.9990078806877136,0.5818002820014954,1.2485500574111938,0.9364887475967407,0.9495064616203308,0.013017714023590088,0.06351125240325928,1.2020074129104614,1.2336575984954834,0.03165018558502197
train,115,47.602569580078125,48.14330291748047,0.5407333374023438,0.5407333374023438,0.010650482028722763,42.814979553222656,42.86478805541992,0.049808502197265625,0.049808502197265625,0.012901447713375092,10.150178909301758,9.904759407043457,-0.24541950225830078,0.24541950225830078,0.007477502804249525,0.4386183023452759,1.8830851316452026,0.4331960380077362,1.70207941532135,0.09643992781639099,0.43154099583625793,0.8718143701553345,3.5847959518432617,0.9682543277740479,4.010775089263916,0.6112881898880005,0.9971936941146851,0.40961214900016785,0.9944990277290344,0.1111111119389534,0.2916666567325592,0.6019654870033264,0.6019027233123779,0.8048890829086304,0.3584500849246979,0.35902437567710876,0.0005742907524108887,0.6019655466079712,0.6019027233123779,0.8064183592796326,0.3579692244529724,0.35824209451675415,0.0002728700637817383,0.6015954613685608,0.6013872623443604,0.7841139435768127,0.3979218304157257,0.39762094616889954,-0.0003008842468261719,0.08760245889425278,0.08918219804763794,0.18967492878437042,2.506436824798584,2.5291099548339844,0.69772869348526,0.7086983919143677,1.4671046733856201,0.2102774679660797,0.21143542230129242,0.38954922556877136,3.3636972904205322,3.223158359527588,0.5837900042533875,0.5782874822616577,3.788564682006836,0.9901111721992493,0.25315096974372864,1.180171012878418,0.9990940093994141,0.5807877779006958,1.248659372329712,0.9314611554145813,0.9472346901893616,0.015773534774780273,0.0685388445854187,1.1889110803604126,1.223557710647583,0.03464663028717041
train,116,48.35149383544922,47.87295913696289,-0.4785346984863281,0.4785346984863281,0.02086237072944641,43.46639633178711,42.839908599853516,-0.6264877319335938,0.6264877319335938,0.020737431943416595,10.097129821777344,10.02749252319336,-0.06963729858398438,0.06963729858398438,0.012073065154254436,0.4393210709095001,1.9049851894378662,0.43464988470077515,1.7205320596694946,0.09656902402639389,0.44322696328163147,0.8739709258079529,3.6225225925445557,0.970539927482605,4.0618205070495605,0.612136721611023,0.9976223707199097,0.4090532958507538,0.9953016042709351,0.125,0.3055555522441864,0.6019339561462402,0.6119779348373413,0.8100645542144775,0.3572642505168915,0.3577170670032501,0.0004528164863586426,0.6014912724494934,0.6114190220832825,0.7885347008705139,0.3652512729167938,0.3647487759590149,-0.0005024969577789307,0.6014912724494934,0.6114190220832825,0.7885347008705139,0.3981187045574188,0.3978704810142517,-0.00024822354316711426,0.08857148140668869,0.09014855325222015,0.26273226737976074,2.508955955505371,2.5255556106567383,0.6929875612258911,0.7087023258209229,1.4757037162780762,0.21204513311386108,0.21896988153457642,0.37882760167121887,3.323899269104004,3.1906259059906006,0.5897558927536011,0.5825625061988831,3.7920796871185303,0.9906191825866699,0.25356900691986084,1.1814478635787964,0.9991669654846191,0.5810388326644897,1.2487564086914062,0.9443262815475464,0.9585860967636108,0.014259815216064453,0.05567371845245361,1.1772894859313965,1.2230676412582397,0.04577815532684326
train,117,48.275943756103516,48.112247467041016,-0.1636962890625,0.1636962890625,0.016975903883576393,43.56284713745117,43.153175354003906,-0.4096717834472656,0.4096717834472656,0.0199260376393795,9.677781105041504,10.062334060668945,0.3845529556274414,0.3845529556274414,0.012467951513826847,0.443493127822876,1.9843257665634155,0.4374946057796478,1.780529499053955,0.09662339091300964,0.44593897461891174,0.8809877038002014,3.762752056121826,0.9776111245155334,4.201957702636719,0.6109025478363037,0.9979369044303894,0.40916305780410767,0.9958493709564209,0.1111111119389534,0.3055555522441864,0.6069923043251038,0.5978078842163086,0.8244821429252625,0.3526233434677124,0.3532670736312866,0.0006437301635742188,0.6064910888671875,0.5971119403839111,0.8019206523895264,0.3615381717681885,0.36132919788360596,-0.00020897388458251953,0.6064910888671875,0.5971119403839111,0.8019206523895264,0.39350709319114685,0.39350759983062744,5.066394805908203e-07,0.08963456004858017,0.08737941086292267,0.24461670219898224,2.512587547302246,2.5162839889526367,0.693448007106781,0.7124877572059631,1.484238862991333,0.21194200217723846,0.20328176021575928,0.37811747193336487,3.2690787315368652,3.1392407417297363,0.6025709509849548,0.5941480994224548,3.847097873687744,0.9919713735580444,0.2540154755115509,1.185333251953125,0.9993528723716736,0.5806131362915039,1.249008297920227,0.9428887367248535,0.9570290446281433,0.014140307903289795,0.057111263275146484,1.1790698766708374,1.2026516199111938,0.023581743240356445
train,118,48.253448486328125,48.194122314453125,-0.059326171875,0.059326171875,0.019922729581594467,42.9029541015625,43.35803985595703,0.45508575439453125,0.45508575439453125,0.02470429800450802,10.048065185546875,9.870080947875977,-0.17798423767089844,0.17798423767089844,0.010569633916020393,0.4391618072986603,1.987479329109192,0.43435996770858765,1.8133718967437744,0.09272456914186478,0.3839234411716461,0.8735216856002808,3.798149347305298,0.9662463068962097,4.178673267364502,0.6143782734870911,0.9963454604148865,0.4137152433395386,0.9920140504837036,0.1111111119389534,0.3055555522441864,0.602378249168396,0.5911276936531067,0.8195638656616211,0.3554207384586334,0.3563891053199768,0.0009683668613433838,0.602378249168396,0.5911276936531067,0.8195638656616211,0.3578124940395355,0.35887277126312256,0.0010602772235870361,0.6017791628837585,0.5907300114631653,0.7987339496612549,0.39776119589805603,0.3975179195404053,-0.00024327635765075684,0.08837873488664627,0.08774583041667938,0.17871946096420288,2.4681007862091064,2.47810959815979,0.7051376104354858,0.7187384963035583,1.4905705451965332,0.20297643542289734,0.19238126277923584,0.3353027403354645,3.250873327255249,3.077803373336792,0.6109146475791931,0.6097841858863831,3.855367422103882,0.9918093085289001,0.2552914619445801,1.185861349105835,0.9993423819541931,0.578568696975708,1.249000906944275,0.9424579739570618,0.9557415246963501,0.01328355073928833,0.05754202604293823,1.171856164932251,1.1889020204544067,0.01704585552215576
train,119,48.90815353393555,48.22380828857422,-0.6843452453613281,0.6843452453613281,0.023788148537278175,43.056182861328125,43.130523681640625,0.0743408203125,0.0743408203125,0.021929612383246422,10.228951454162598,9.95909595489502,-0.2698554992675781,0.2698554992675781,0.007786794565618038,0.43552911281585693,1.9259430170059204,0.43089568614959717,1.7381062507629395,0.09239333122968674,0.3680398464202881,0.8664247989654541,3.6571550369262695,0.9588181376457214,4.023151397705078,0.6139863133430481,0.9973786473274231,0.41430771350860596,0.9928633570671082,0.1111111119389534,0.3055555522441864,0.5967824459075928,0.5956102013587952,0.8109233975410461,0.36064866185188293,0.36169153451919556,0.001042872667312622,0.5962836146354675,0.5950807929039001,0.7896347045898438,0.40323570370674133,0.4028277099132538,-0.00040799379348754883,0.5962836146354675,0.5950807929039001,0.7885863780975342,0.40371406078338623,0.403714656829834,5.960464477539062e-07,0.08892528712749481,0.08838306367397308,0.23477505147457123,2.481546640396118,2.490598678588867,0.7018370628356934,0.7157996296882629,1.4865163564682007,0.1997561752796173,0.20850655436515808,0.30792346596717834,3.265956401824951,3.1121881008148193,0.608079731464386,0.6041470766067505,3.7963509559631348,0.9903604984283447,0.25471827387809753,1.1818127632141113,0.999140739440918,0.5780824422836304,1.2487291097640991,0.9373623728752136,0.9500511884689331,0.012688815593719482,0.06263762712478638,1.1469765901565552,1.1761842966079712,0.029207706451416016
train,120,47.22074508666992,48.566001892089844,1.3452568054199219,1.3452568054199219,0.023939166218042374,42.277618408203125,43.093379974365234,0.8157615661621094,0.8157615661621094,0.02449183538556099,9.87205696105957,10.094047546386719,0.22199058532714844,0.22199058532714844,0.00836795661598444,0.4340161085128784,1.7752554416656494,0.42810094356536865,1.5767769813537598,0.0939495861530304,0.3817302882671356,0.8621170520782471,3.3450679779052734,0.9560665488243103,3.7267982959747314,0.6123253703117371,0.9980512857437134,0.41247642040252686,0.9921547174453735,0.125,0.2916666567325592,0.5956825017929077,0.593390703201294,0.7865509986877441,0.37296536564826965,0.3722108006477356,-0.0007545650005340576,0.5956825017929077,0.593390703201294,0.7865509986877441,0.4037509858608246,0.4032175540924072,-0.0005334317684173584,0.5956825017929077,0.593390703201294,0.7851876020431519,0.4043146073818207,0.40431520342826843,5.960464477539062e-07,0.08786236494779587,0.08784008026123047,0.17741291224956512,2.5011980533599854,2.510275363922119,0.7006853818893433,0.7130906581878662,1.4800989627838135,0.20920021831989288,0.21177443861961365,0.35433247685432434,3.3102190494537354,3.1715657711029053,0.5927101373672485,0.5869816541671753,3.805817127227783,0.9867410063743591,0.2538350224494934,1.1757892370224,0.9985368251800537,0.5775260925292969,1.2479560375213623,0.9344053864479065,0.9494197368621826,0.015014350414276123,0.0655946135520935,1.218615174293518,1.240421175956726,0.021806001663208008
train,121,46.07575988769531,47.893394470214844,1.8176345825195312,1.8176345825195312,0.024863986298441887,41.49449920654297,42.685523986816406,1.1910247802734375,1.1910247802734375,0.023117251694202423,9.32401180267334,9.983075141906738,0.6590633392333984,0.6590633392333984,0.009067356586456299,0.4252733588218689,1.6667338609695435,0.42132318019866943,1.460290789604187,0.09272343665361404,0.3582797050476074,0.8465964794158936,3.1217474937438965,0.9393200278282166,3.47894024848938,0.6164898872375488,0.9979478120803833,0.41593506932258606,0.9910484552383423,0.1111111119389534,0.2777777910232544,0.59454745054245,0.5979431867599487,0.7870504856109619,0.40489932894706726,0.40450796484947205,-0.00039136409759521484,0.59454745054245,0.597941517829895,0.7847917675971985,0.40544918179512024,0.4054499864578247,8.046627044677734e-07,0.59454745054245,0.597941517829895,0.7847917675971985,0.40544918179512024,0.4054499864578247,8.046627044677734e-07,0.08678775280714035,0.08813758194446564,0.18690264225006104,2.518134832382202,2.545957088470459,0.7016046047210693,0.7161303162574768,1.4785515069961548,0.20907144248485565,0.21530911326408386,0.3310476839542389,3.378769874572754,3.2112221717834473,0.5882381796836853,0.5838963389396667,3.804969310760498,0.9826708436012268,0.2538639008998871,1.171252965927124,0.9977312684059143,0.5752732753753662,1.2469521760940552,0.9215449690818787,0.9396950602531433,0.01815009117126465,0.07845503091812134,1.2167974710464478,1.2428349256515503,0.02603745460510254
train,122,45.30720901489258,46.98460388183594,1.6773948669433594,1.6773948669433594,0.01861335150897503,40.08080291748047,42.09003448486328,2.0092315673828125,2.0092315673828125,0.022441821172833443,9.487184524536133,9.653566360473633,0.1663818359375,0.1663818359375,0.009891895577311516,0.415113240480423,1.580361008644104,0.413854718208313,1.4210401773452759,0.09097334742546082,0.3386012315750122,0.8289679288864136,3.0006446838378906,0.919941246509552,3.336660861968994,0.6203978061676025,0.997947096824646,0.42196109890937805,0.9903072714805603,0.125,0.2777777910232544,0.5962212085723877,0.6059110760688782,0.7886829972267151,0.4033665657043457,0.40311723947525024,-0.000249326229095459,0.5962203741073608,0.6059105396270752,0.7870380282402039,0.4037773907184601,0.40377795696258545,5.662441253662109e-07,0.5962203741073608,0.6059105396270752,0.7870380282402039,0.4037773907184601,0.40377795696258545,5.662441253662109e-07,0.08653613924980164,0.08697951585054398,0.2499803602695465,2.5306854248046875,2.555661201477051,0.6993379592895508,0.710193932056427,1.4711120128631592,0.21682441234588623,0.21438080072402954,0.37205204367637634,3.4094083309173584,3.2404658794403076,0.5749038457870483,0.57350093126297,3.8121349811553955,0.979556679725647,0.25275918841362,1.167648196220398,0.9970541000366211,0.5730235576629639,1.2461068630218506,0.9213686585426331,0.9415407776832581,0.020172119140625,0.07863134145736694,1.170320987701416,1.1998080015182495,0.029487013816833496
train,123,43.774566650390625,46.14592742919922,2.3713607788085938,2.3713607788085938,0.020810909569263458,39.31958770751953,41.08544158935547,1.7658538818359375,1.7658538818359375,0.019797001034021378,9.048384666442871,9.570398330688477,0.5220136642456055,0.5220136642456055,0.01102540921419859,0.41208699345588684,1.592150330543518,0.40749064087867737,1.4031578302383423,0.09032975882291794,0.32866328954696655,0.8195775747299194,2.9953081607818604,0.909907341003418,3.321768045425415,0.6225814819335938,0.9911896586418152,0.4256572127342224,0.9805315136909485,0.125,0.2777777910232544,0.6009475588798523,0.610964298248291,0.7955935001373291,0.3987137973308563,0.39852502942085266,-0.0001887679100036621,0.600946843624115,0.6109613180160522,0.7942171692848206,0.39904865622520447,0.39904966950416565,1.0132789611816406e-06,0.600946843624115,0.6109613180160522,0.7942171692848206,0.39904865622520447,0.39904966950416565,1.0132789611816406e-06,0.08510731160640717,0.08666682988405228,0.25609996914863586,2.520817279815674,2.54306960105896,0.7012301683425903,0.713114857673645,1.4649542570114136,0.21476596593856812,0.21111617982387543,0.37990981340408325,3.3410258293151855,3.169010877609253,0.5852302312850952,0.5849488973617554,3.890199899673462,0.9790615439414978,0.25255435705184937,1.1667274236679077,0.9969474673271179,0.5735818147659302,1.2459702491760254,0.9324542284011841,0.9534838199615479,0.02102959156036377,0.06754577159881592,1.151592493057251,1.1625720262527466,0.010979533195495605
train,124,42.65080261230469,44.960269927978516,2.309467315673828,2.309467315673828,0.025038644671440125,37.61917495727539,40.20254135131836,2.5833663940429688,2.5833663940429688,0.029760189354419708,8.54257869720459,9.309414863586426,0.7668361663818359,0.7668361663818359,0.008759120479226112,0.4059842824935913,1.5472187995910645,0.401684433221817,1.393676519393921,0.08797740936279297,0.31078025698661804,0.8076686859130859,2.9408953189849854,0.8956460952758789,3.251675605773926,0.6257753372192383,0.9882174730300903,0.4289715588092804,0.9765413999557495,0.125,0.2638888955116272,0.6058439612388611,0.6044965386390686,0.8011587858200073,0.3941516578197479,0.39415258169174194,9.238719940185547e-07,0.6058439612388611,0.6044965386390686,0.8011587858200073,0.3941516578197479,0.39415258169174194,9.238719940185547e-07,0.6058439612388611,0.6044965386390686,0.8011587858200073,0.3941516578197479,0.39415258169174194,9.238719940185547e-07,0.08576730638742447,0.08325426280498505,0.2550203502178192,2.550455331802368,2.5744359493255615,0.6952074766159058,0.7079233527183533,1.461999535560608,0.21463221311569214,0.22316670417785645,0.3767731785774231,3.3925940990448,3.234117269515991,0.5774557590484619,0.5770469903945923,3.8085720539093018,0.977165937423706,0.2513488233089447,1.1636279821395874,0.9965153932571411,0.5722231268882751,1.245422601699829,0.9408456683158875,0.9638893008232117,0.02304363250732422,0.05915433168411255,1.0921151638031006,1.0974959135055542,0.005380749702453613
train,125,42.16973876953125,43.80556106567383,1.6358222961425781,1.6358222961425781,0.01892702654004097,37.649539947509766,38.910884857177734,1.2613449096679688,1.2613449096679688,0.020501991733908653,8.87293815612793,8.926019668579102,0.053081512451171875,0.053081512451171875,0.007686926983296871,0.3982546925544739,1.4736062288284302,0.39168787002563477,1.3103785514831543,0.08466362953186035,0.2989298105239868,0.7899425029754639,2.783984661102295,0.874606192111969,3.082914352416992,0.629750669002533,0.9878339171409607,0.4339703917503357,0.9764767289161682,0.125,0.2638888955116272,0.6051924824714661,0.6089445948600769,0.7977453470230103,0.39480501413345337,0.3948056399822235,6.258487701416016e-07,0.6051924824714661,0.6089445948600769,0.7977453470230103,0.39480501413345337,0.3948056399822235,6.258487701416016e-07,0.6051924824714661,0.6089445948600769,0.7977453470230103,0.39480501413345337,0.3948056399822235,6.258487701416016e-07,0.0841793343424797,0.08438344299793243,0.24963730573654175,2.569910764694214,2.597146987915039,0.6951667666435242,0.7044938802719116,1.4436243772506714,0.2220313996076584,0.2384752482175827,0.37353968620300293,3.4218151569366455,3.2670981884002686,0.5729455351829529,0.5701353549957275,3.835268020629883,0.9723432064056396,0.25027406215667725,1.154897928237915,0.995225191116333,0.5709495544433594,1.243780493736267,0.9300394654273987,0.9497509002685547,0.019711434841156006,0.06996053457260132,1.2158176898956299,1.2520676851272583,0.03624999523162842
train,126,41.346717834472656,42.9876708984375,1.6409530639648438,1.6409530639648438,0.01788073219358921,37.13249206542969,38.28023147583008,1.1477394104003906,1.1477394104003906,0.015234306454658508,8.530694961547852,8.89950180053711,0.3688068389892578,0.3688068389892578,0.010064080357551575,0.3908827006816864,1.449906349182129,0.384585976600647,1.287257194519043,0.08556821197271347,0.3275374174118042,0.7754685878753662,2.7351999282836914,0.8610368371009827,3.0569071769714355,0.6360699534416199,0.9900882840156555,0.440293550491333,0.9814038276672363,0.0972222238779068,0.2638888955116272,0.6070376038551331,0.6175991892814636,0.8058677911758423,0.39296096563339233,0.39296138286590576,4.172325134277344e-07,0.6070376038551331,0.6175991892814636,0.8058677911758423,0.39296096563339233,0.39296138286590576,4.172325134277344e-07,0.6070376038551331,0.6175991892814636,0.8058677911758423,0.39296096563339233,0.39296138286590576,4.172325134277344e-07,0.08529636263847351,0.08726340532302856,0.2425902634859085,2.5694518089294434,2.589418411254883,0.6948306560516357,0.7056491374969482,1.4487258195877075,0.22993968427181244,0.22517190873622894,0.35145363211631775,3.4750239849090576,3.3041486740112305,0.5618898868560791,0.5622929334640503,3.8496227264404297,0.9711927175521851,0.25009483098983765,1.1525931358337402,0.9948704242706299,0.5688650608062744,1.2433276176452637,0.9192632436752319,0.938221275806427,0.01895803213119507,0.08073675632476807,1.271648645401001,1.2842191457748413,0.012570500373840332
train,127,40.697410583496094,42.16721725463867,1.4698066711425781,1.4698066711425781,0.018348457291722298,36.29417419433594,37.70638656616211,1.4122123718261719,1.4122123718261719,0.016676561906933784,8.380331039428711,8.715121269226074,0.3347902297973633,0.3347902297973633,0.008236737921833992,0.38433027267456055,1.4618889093399048,0.37817901372909546,1.2854830026626587,0.08377110213041306,0.30091938376426697,0.7625093460083008,2.739044666290283,0.8462804555892944,3.039764881134033,0.6414229869842529,0.9916287660598755,0.44643449783325195,0.9848151206970215,0.0972222238779068,0.2638888955116272,0.6122378706932068,0.6161941289901733,0.815157413482666,0.38776063919067383,0.38776105642318726,4.172325134277344e-07,0.6122378706932068,0.6161941289901733,0.815157413482666,0.38776063919067383,0.38776105642318726,4.172325134277344e-07,0.6122378706932068,0.6161941289901733,0.815157413482666,0.38776063919067383,0.38776105642318726,4.172325134277344e-07,0.08699244260787964,0.08926254510879517,0.24557852745056152,2.5740036964416504,2.5920276641845703,0.6926751732826233,0.7037056684494019,1.4525638818740845,0.22667235136032104,0.22524848580360413,0.4478332996368408,3.492885112762451,3.3493807315826416,0.5591000914573669,0.5555276870727539,3.769587516784668,0.9705837965011597,0.2500453591346741,1.151598334312439,0.9947123527526855,0.5660527944564819,1.2431273460388184,0.9273581504821777,0.9482420682907104,0.020883917808532715,0.07264184951782227,1.1745924949645996,1.1792266368865967,0.00463414192199707
train,128,40.33256912231445,41.432334899902344,1.0997657775878906,1.0997657775878906,0.019858717918395996,36.093971252441406,37.00029754638672,0.9063262939453125,0.9063262939453125,0.021684423089027405,9.250787734985352,8.547748565673828,-0.7030391693115234,0.7030391693115234,0.011294684372842312,0.37633997201919556,1.4264819622039795,0.37133097648620605,1.2755194902420044,0.08071712404489517,0.2863173484802246,0.7476708889007568,2.7006008625030518,0.828387975692749,2.9869182109832764,0.6466080546379089,0.9926416277885437,0.45085567235946655,0.9868096113204956,0.0694444477558136,0.2638888955116272,0.6141782402992249,0.6062900424003601,0.8212102651596069,0.38582074642181396,0.38582104444503784,2.980232238769531e-07,0.6141782402992249,0.6062900424003601,0.8212102651596069,0.38582074642181396,0.38582104444503784,2.980232238769531e-07,0.6141782402992249,0.6062900424003601,0.8212102651596069,0.38582074642181396,0.38582104444503784,2.980232238769531e-07,0.08716147392988205,0.08621780574321747,0.25614601373672485,2.565277099609375,2.58489990234375,0.6932491660118103,0.7040097117424011,1.4598098993301392,0.22743818163871765,0.21712587773799896,0.32778698205947876,3.5193138122558594,3.362233877182007,0.5574564337730408,0.5568195581436157,3.7863364219665527,0.9684485197067261,0.2497895359992981,1.1488490104675293,0.9941142201423645,0.5641679167747498,1.2423774003982544,0.9426528215408325,0.9632776975631714,0.020624876022338867,0.05734717845916748,1.0984464883804321,1.1272377967834473,0.028791308403015137
train,129,39.43339920043945,40.88247299194336,1.4490737915039062,1.4490737915039062,0.018918020650744438,35.1170654296875,36.54716110229492,1.4300956726074219,1.4300956726074219,0.024887390434741974,8.418585777282715,8.899291038513184,0.48070526123046875,0.48070526123046875,0.009563285857439041,0.36980167031288147,1.4114826917648315,0.36453092098236084,1.2614328861236572,0.08387728035449982,0.3134583532810211,0.7343326210975647,2.664973020553589,0.8182099461555481,2.978431463241577,0.6513203382492065,0.9936006665229797,0.45407357811927795,0.9883781671524048,0.0555555559694767,0.2638888955116272,0.610282838344574,0.6065999269485474,0.8163685202598572,0.389715313911438,0.3897158205509186,5.066394805908203e-07,0.610282838344574,0.6065999269485474,0.8163685202598572,0.389715313911438,0.3897158205509186,5.066394805908203e-07,0.610282838344574,0.6065999269485474,0.8163685202598572,0.389715313911438,0.3897158205509186,5.066394805908203e-07,0.0861738845705986,0.08677927404642105,0.24751527607440948,2.560131788253784,2.577302932739258,0.6933606266975403,0.7042702436447144,1.4567370414733887,0.22247764468193054,0.23366709053516388,0.32708629965782166,3.522092819213867,3.388532876968384,0.557905912399292,0.554640531539917,3.801626443862915,0.9676969647407532,0.2488793581724167,1.1474488973617554,0.9938623905181885,0.5644006729125977,1.2420573234558105,0.928967297077179,0.9476708173751831,0.01870352029800415,0.07103270292282104,1.194481611251831,1.2513734102249146,0.056891798973083496
train,130,37.88815689086914,40.157962799072266,2.269805908203125,2.269805908203125,0.025063421577215195,33.81601333618164,35.83213424682617,2.0161209106445312,2.0161209106445312,0.02452983520925045,8.05652141571045,8.658961296081543,0.6024398803710938,0.6024398803710938,0.009601477533578873,0.36321982741355896,1.402126431465149,0.35703688859939575,1.2295925617218018,0.08204731345176697,0.31505879759788513,0.7202566862106323,2.6317191123962402,0.8023040294647217,2.946777820587158,0.6585571765899658,0.9941783547401428,0.46106821298599243,0.9892028570175171,0.0694444477558136,0.2638888955116272,0.6084780693054199,0.6007669568061829,0.813887357711792,0.3915194869041443,0.3915201425552368,6.556510925292969e-07,0.6080706119537354,0.6005558967590332,0.6986014246940613,0.3919278681278229,0.39192837476730347,5.066394805908203e-07,0.6080706119537354,0.6005558967590332,0.6986014246940613,0.3919278681278229,0.39192837476730347,5.066394805908203e-07,0.08668871223926544,0.08665132522583008,0.19912512600421906,2.545271158218384,2.569254159927368,0.694075345993042,0.7080156803131104,1.462104082107544,0.2257934808731079,0.22120781242847443,0.32395806908607483,3.5121893882751465,3.3520467281341553,0.5579495429992676,0.5582715272903442,3.8732478618621826,0.9661461114883423,0.2489156424999237,1.1446532011032104,0.9933663010597229,0.562385618686676,1.2414268255233765,0.946563720703125,0.9639787077903748,0.017414987087249756,0.053436279296875,1.0956368446350098,1.1285291910171509,0.03289234638214111
train,131,38.2761344909668,39.0230827331543,0.7469482421875,0.7469482421875,0.017612524330615997,34.42920684814453,34.824100494384766,0.3948936462402344,0.3948936462402344,0.017250873148441315,8.423330307006836,8.357765197753906,-0.06556510925292969,0.06556510925292969,0.006170026026666164,0.35260874032974243,1.3976131677627563,0.3463904559612274,1.251102328300476,0.0787515789270401,0.2851185202598572,0.6989991664886475,2.6395416259765625,0.7777508497238159,2.909097671508789,0.6679022312164307,0.9942187070846558,0.4702311158180237,0.9892618060112,0.0555555559694767,0.2638888955116272,0.604733943939209,0.6008191108703613,0.8084271550178528,0.39526259899139404,0.39526334404945374,7.450580596923828e-07,0.604733943939209,0.6008191108703613,0.8084271550178528,0.39526259899139404,0.39526334404945374,7.450580596923828e-07,0.604733943939209,0.6008191108703613,0.8084271550178528,0.39526259899139404,0.39526334404945374,7.450580596923828e-07,0.08612176030874252,0.0873601958155632,0.2608282268047333,2.472134590148926,2.501330614089966,0.704192578792572,0.7119470834732056,1.464811086654663,0.22597815096378326,0.22997312247753143,0.3701203167438507,3.4483230113983154,3.3153743743896484,0.564174234867096,0.5609843730926514,3.8921005725860596,0.9648376107215881,0.24861818552017212,1.141790747642517,0.9930052161216736,0.5599722266197205,1.2409610748291016,0.9360598921775818,0.9535108804702759,0.017450988292694092,0.06394010782241821,1.1328847408294678,1.1818374395370483,0.048952698707580566
train,132,38.587921142578125,38.64963150024414,0.061710357666015625,0.061710357666015625,0.012959341518580914,34.83378219604492,34.62667465209961,-0.2071075439453125,0.2071075439453125,0.016344929113984108,8.0829496383667,8.390571594238281,0.30762195587158203,0.30762195587158203,0.008961871266365051,0.3456590473651886,1.3354706764221191,0.3414742350578308,1.2221447229385376,0.078762948513031,0.30397549271583557,0.687133252620697,2.556612968444824,0.7658962607383728,2.860588550567627,0.6721013784408569,0.9945698380470276,0.4739351272583008,0.9895524978637695,0.0555555559694767,0.2638888955116272,0.6027875542640686,0.6049765348434448,0.8123988509178162,0.3972099721431732,0.39721062779426575,6.556510925292969e-07,0.6027875542640686,0.6049765348434448,0.8123988509178162,0.3972099721431732,0.39721062779426575,6.556510925292969e-07,0.6027875542640686,0.6049765348434448,0.8123988509178162,0.3972099721431732,0.39721062779426575,6.556510925292969e-07,0.0869901180267334,0.0861796960234642,0.2572326958179474,2.457592725753784,2.4936470985412598,0.7059066891670227,0.7126303911209106,1.465802550315857,0.2283533215522766,0.23237530887126923,0.32174888253211975,3.4648964405059814,3.319265365600586,0.5628207921981812,0.5604619383811951,3.9444124698638916,0.9618062973022461,0.24809466302394867,1.1383004188537598,0.9920068383216858,0.5571212768554688,1.2397148609161377,0.9322105050086975,0.948593258857727,0.01638275384902954,0.06778949499130249,1.1464757919311523,1.1596078872680664,0.013132095336914062
train,133,38.227012634277344,38.618797302246094,0.39178466796875,0.39178466796875,0.015939801931381226,34.08786392211914,34.730255126953125,0.6423912048339844,0.6423912048339844,0.018707193434238434,8.001635551452637,8.236783981323242,0.23514842987060547,0.23514842987060547,0.006307447794824839,0.3429100811481476,1.3359745740890503,0.3393813371658325,1.2251770496368408,0.0769408568739891,0.30242055654525757,0.6822914481163025,2.5584707260131836,0.7592322826385498,2.860891342163086,0.6729505658149719,0.9951883554458618,0.47336897253990173,0.9909414649009705,0.0555555559694767,0.2638888955116272,0.6038851141929626,0.603111743927002,0.8149623870849609,0.3961128294467926,0.3961133658885956,5.364418029785156e-07,0.6038851141929626,0.603111743927002,0.8149623870849609,0.3961128294467926,0.3961133658885956,5.364418029785156e-07,0.6038851141929626,0.603111743927002,0.8149623870849609,0.3961128294467926,0.3961133658885956,5.364418029785156e-07,0.0862974226474762,0.08518913388252258,0.26780322194099426,2.4509994983673096,2.4875590801239014,0.7059791088104248,0.7125765085220337,1.4674845933914185,0.23139438033103943,0.22841285169124603,0.3290139436721802,3.493900775909424,3.35453724861145,0.5611556172370911,0.5568612217903137,3.8526220321655273,0.961636483669281,0.24806901812553406,1.1381655931472778,0.99196857213974,0.556837797164917,1.2396677732467651,0.9482888579368591,0.9680798053741455,0.019790947437286377,0.05171114206314087,1.040343165397644,1.0508482456207275,0.010505080223083496
train,134,37.65154266357422,38.42292785644531,0.7713851928710938,0.7713851928710938,0.016417160630226135,33.891876220703125,34.40908432006836,0.5172080993652344,0.5172080993652344,0.014854131266474724,8.141871452331543,8.119232177734375,-0.02263927459716797,0.02263927459716797,0.006247727200388908,0.3394821882247925,1.33098304271698,0.33495575189590454,1.2018990516662598,0.07581862807273865,0.28044387698173523,0.674437940120697,2.5328822135925293,0.7502565979957581,2.813326120376587,0.6738193035125732,0.9945767521858215,0.4741817116737366,0.9902315139770508,0.0555555559694767,0.2638888955116272,0.6035018563270569,0.5999234318733215,0.8144546151161194,0.3964953124523163,0.3964960277080536,7.152557373046875e-07,0.6035018563270569,0.5999234318733215,0.8144546151161194,0.3964953124523163,0.3964960277080536,7.152557373046875e-07,0.6033039093017578,0.5997812747955322,0.8142566680908203,0.39669325947761536,0.39669397473335266,7.152557373046875e-07,0.08517003804445267,0.085421122610569,0.26458048820495605,2.473614454269409,2.5048179626464844,0.7030414342880249,0.7102678418159485,1.45940363407135,0.2300567924976349,0.22162097692489624,0.32276272773742676,3.5192019939422607,3.377514123916626,0.5583247542381287,0.5543017983436584,3.840927839279175,0.9596095085144043,0.24686595797538757,1.1351115703582764,0.9912810921669006,0.5558332800865173,1.2388010025024414,0.9425264596939087,0.9621742367744446,0.01964777708053589,0.05747354030609131,1.0389378070831299,1.0543934106826782,0.01545560359954834
train,135,36.73958969116211,38.037261962890625,1.2976722717285156,1.2976722717285156,0.016751743853092194,32.79225158691406,34.15050506591797,1.3582534790039062,1.3582534790039062,0.01809287816286087,7.8279852867126465,8.130575180053711,0.30258989334106445,0.30258989334106445,0.009084390476346016,0.3380244970321655,1.3216794729232788,0.3327770233154297,1.1842275857925415,0.07599317282438278,0.27520155906677246,0.6708015203475952,2.5059070587158203,0.7467947006225586,2.7811086177825928,0.6763240098953247,0.9947459101676941,0.475563108921051,0.9907495975494385,0.0555555559694767,0.2638888955116272,0.6017260551452637,0.6047576069831848,0.8098121285438538,0.3982669413089752,0.3982684314250946,1.4901161193847656e-06,0.6016582250595093,0.6045307517051697,0.6930062174797058,0.3983391225337982,0.39834001660346985,8.940696716308594e-07,0.6014879941940308,0.6041775941848755,0.6928359866142273,0.3985093832015991,0.39851027727127075,8.940696716308594e-07,0.0862465426325798,0.08548203855752945,0.2728547751903534,2.490577220916748,2.5173306465148926,0.7008458375930786,0.708223819732666,1.4552359580993652,0.22642385959625244,0.23638129234313965,0.34415683150291443,3.528217315673828,3.3819234371185303,0.5563454627990723,0.5570527911186218,3.81705379486084,0.9582192897796631,0.24633973836898804,1.1328089237213135,0.9907660484313965,0.5556347370147705,1.2381494045257568,0.9441496133804321,0.9618626236915588,0.01771301031112671,0.05585038661956787,1.0575677156448364,1.0764904022216797,0.01892268657684326
train,136,36.625221252441406,37.38844680786133,0.7632255554199219,0.7632255554199219,0.01572454907000065,32.756160736083984,33.47140121459961,0.715240478515625,0.715240478515625,0.01465079840272665,7.473837852478027,7.979303359985352,0.5054655075073242,0.5054655075073242,0.006916173733770847,0.3317221999168396,1.3012346029281616,0.32504382729530334,1.1485099792480469,0.07497777789831161,0.28076332807540894,0.6567660570144653,2.449744701385498,0.7317438125610352,2.7305080890655518,0.6802818775177002,0.9953092336654663,0.48015540838241577,0.9918884634971619,0.0555555559694767,0.25,0.6030652523040771,0.6034992337226868,0.6932511329650879,0.3969317376613617,0.39693284034729004,1.1026859283447266e-06,0.6032109260559082,0.6035486459732056,0.8096630573272705,0.3967776596546173,0.39677974581718445,2.086162567138672e-06,0.6028053760528564,0.6030266880989075,0.6929912567138672,0.3971916139125824,0.39719268679618835,1.0728836059570312e-06,0.08585882186889648,0.085856594145298,0.2660921812057495,2.5006027221679688,2.5261621475219727,0.6975453495979309,0.7048324942588806,1.4459702968597412,0.23283472657203674,0.23222693800926208,0.3282147943973541,3.554994821548462,3.3809797763824463,0.5513489246368408,0.5542672276496887,3.878967046737671,0.9553728103637695,0.24541769921779633,1.1281511783599854,0.9896861910820007,0.5537303686141968,1.23678457736969,0.9405587315559387,0.958692193031311,0.018133461475372314,0.05944126844406128,1.082350492477417,1.098589539527893,0.016239047050476074
train,137,36.062286376953125,37.00685501098633,0.9445686340332031,0.9445686340332031,0.015202200971543789,32.12249755859375,33.113807678222656,0.9913101196289062,0.9913101196289062,0.017166227102279663,7.507629871368408,7.726593017578125,0.2189631462097168,0.2189631462097168,0.006226405501365662,0.32674869894981384,1.2790173292160034,0.3215469717979431,1.1268208026885986,0.07255677133798599,0.27393820881843567,0.6482956409454346,2.4058380126953125,0.7208525538444519,2.679776191711426,0.6827577352523804,0.9957755208015442,0.4811636507511139,0.9920185208320618,0.0555555559694767,0.25,0.6032797694206238,0.6091474294662476,0.695830225944519,0.39671647548675537,0.3967178761959076,1.4007091522216797e-06,0.6029146313667297,0.6085996627807617,0.6954651474952698,0.39708155393600464,0.39708295464515686,1.4007091522216797e-06,0.6029146313667297,0.6085996627807617,0.6954651474952698,0.39708155393600464,0.39708295464515686,1.4007091522216797e-06,0.08581652492284775,0.0842549130320549,0.2693837881088257,2.5149660110473633,2.53234601020813,0.6944940090179443,0.7031959295272827,1.4413409233093262,0.2346210777759552,0.23958627879619598,0.3469342291355133,3.581589460372925,3.4121851921081543,0.5479125380516052,0.5490139722824097,3.869379997253418,0.9526064991950989,0.24467094242572784,1.124099850654602,0.9886243343353271,0.5532513856887817,1.2354480028152466,0.9599668979644775,0.9790679812431335,0.019101083278656006,0.04003310203552246,1.019465684890747,1.0348187685012817,0.015353083610534668
train,138,35.19738006591797,36.53459548950195,1.3372154235839844,1.3372154235839844,0.02511351928114891,31.776308059692383,32.6181755065918,0.8418674468994141,0.8418674468994141,0.021425634622573853,6.992380619049072,7.617135524749756,0.6247549057006836,0.6247549057006836,0.009398717433214188,0.3225799798965454,1.2649571895599365,0.3159032464027405,1.1051790714263916,0.07271937280893326,0.2819669842720032,0.6384832262992859,2.368769407272339,0.7112025618553162,2.6507363319396973,0.6849620938301086,0.9968899488449097,0.485320508480072,0.9938942790031433,0.0694444477558136,0.25,0.6061688661575317,0.6225774884223938,0.6987263560295105,0.3938273787498474,0.3938288688659668,1.4901161193847656e-06,0.47781896591186523,0.4911472201347351,0.49984240531921387,0.4648565649986267,0.46914196014404297,0.00428539514541626,0.47781896591186523,0.4911472201347351,0.49984240531921387,0.4648565649986267,0.46914196014404297,0.00428539514541626,0.08477437496185303,0.08598059415817261,0.2728765904903412,2.533829689025879,2.550748825073242,0.6935732960700989,0.7001801133155823,1.4303420782089233,0.23927918076515198,0.24219679832458496,0.34165698289871216,3.592811107635498,3.4261136054992676,0.5462981462478638,0.5468541979789734,3.8756351470947266,0.9507125020027161,0.24382556974887848,1.121048927307129,0.9878366589546204,0.552007794380188,1.234453558921814,0.9515668153762817,0.9710032343864441,0.019436419010162354,0.04843318462371826,0.9460263848304749,0.966350793838501,0.020324409008026123
train,139,34.65383529663086,35.86601638793945,1.2121810913085938,1.2121810913085938,0.01374854426831007,30.961841583251953,32.197265625,1.2354240417480469,1.2354240417480469,0.0150337815284729,6.791938781738281,7.304780960083008,0.5128421783447266,0.5128421783447266,0.006761273834854364,0.31789013743400574,1.2306559085845947,0.3128719925880432,1.100008487701416,0.07012191414833069,0.26673802733421326,0.6307621598243713,2.3252530097961426,0.7008841037750244,2.5919909477233887,0.6882599592208862,0.9975062608718872,0.4876440763473511,0.9950821995735168,0.0416666679084301,0.2638888955116272,0.6146185994148254,0.6246463656425476,0.8280339241027832,0.3853634297847748,0.3853694498538971,6.020069122314453e-06,0.6140616536140442,0.6242355108261108,0.827476978302002,0.38592037558555603,0.38592642545700073,6.0498714447021484e-06,0.6140616536140442,0.6242355108261108,0.827476978302002,0.38592037558555603,0.38592642545700073,6.0498714447021484e-06,0.08400412648916245,0.08588847517967224,0.26547619700431824,2.555622100830078,2.585186243057251,0.68912672996521,0.6929414868354797,1.421947956085205,0.24199922382831573,0.24135556817054749,0.40896672010421753,3.591583490371704,3.431335687637329,0.5451905131340027,0.5442562103271484,3.8601772785186768,0.9474098086357117,0.2426815629005432,1.1164278984069824,0.9865089058876038,0.5499012470245361,1.2327854633331299,0.9560126662254333,0.9776826500892639,0.021669983863830566,0.04398733377456665,1.0290842056274414,1.0424178838729858,0.013333678245544434
train,140,33.7021598815918,35.25994873046875,1.5577888488769531,1.5577888488769531,0.014229123480618,30.022274017333984,31.57957649230957,1.557302474975586,1.557302474975586,0.01818341761827469,6.956805229187012,7.0483832359313965,0.09157800674438477,0.09157800674438477,0.005172319244593382,0.3136948049068451,1.2133249044418335,0.3085772693157196,1.0812383890151978,0.06845566630363464,0.2543858587741852,0.6222721338272095,2.287912368774414,0.6907277703285217,2.5422983169555664,0.6919239163398743,0.9977625608444214,0.49107328057289124,0.9954348206520081,0.02777777798473835,0.25,0.6190489530563354,0.6138010621070862,0.8330888152122498,0.3809337019920349,0.3809402883052826,6.586313247680664e-06,0.6190489530563354,0.6138010621070862,0.8330888152122498,0.3809337019920349,0.3809402883052826,6.586313247680664e-06,0.6190489530563354,0.6138010621070862,0.8330888152122498,0.3809337019920349,0.3809402883052826,6.586313247680664e-06,0.08501823991537094,0.08470991253852844,0.27553287148475647,2.5763416290283203,2.6090776920318604,0.6846829056739807,0.6875908970832825,1.4212921857833862,0.24640454351902008,0.23442284762859344,0.39747220277786255,3.6535232067108154,3.483419418334961,0.536576509475708,0.54215407371521,3.7972710132598877,0.9444335699081421,0.2420988380908966,1.1121344566345215,0.985230028629303,0.5481019616127014,1.2311770915985107,0.9621343612670898,0.9790175557136536,0.01688319444656372,0.037865638732910156,1.0382494926452637,1.0527223348617554,0.0144728422164917
train,141,32.93748474121094,34.481075286865234,1.5435905456542969,1.5435905456542969,0.019092708826065063,29.559520721435547,30.80095100402832,1.2414302825927734,1.2414302825927734,0.019622547551989555,7.0417070388793945,7.002617835998535,-0.039089202880859375,0.039089202880859375,0.006862384267151356,0.30874255299568176,1.1880630254745483,0.30154120922088623,1.0341328382492065,0.0676892101764679,0.2428097128868103,0.6102837324142456,2.214132308959961,0.6779730319976807,2.456942081451416,0.6961754560470581,0.9976092576980591,0.4954291582107544,0.9952189922332764,0.02777777798473835,0.25,0.6164910793304443,0.6083969473838806,0.830207347869873,0.3834714889526367,0.3834858536720276,1.436471939086914e-05,0.4827660918235779,0.4879593253135681,0.5055865049362183,0.4596897065639496,0.4614229202270508,0.0017332136631011963,0.4827660918235779,0.4879593253135681,0.5055865049362183,0.4596897065639496,0.4614229202270508,0.0017332136631011963,0.08433908969163895,0.08245214819908142,0.28850841522216797,2.581383466720581,2.607800245285034,0.6824010610580444,0.6868047714233398,1.411242127418518,0.23941287398338318,0.2416946291923523,0.39619961380958557,3.6821393966674805,3.5264651775360107,0.5341062545776367,0.5363615155220032,3.7382962703704834,0.9390113353729248,0.2408314049243927,1.1040664911270142,0.98270583152771,0.5458683967590332,1.2280001640319824,0.9775818586349487,0.9815006256103516,0.003918766975402832,0.02241814136505127,1.0430511236190796,1.0557396411895752,0.012688517570495605
train,142,32.92290496826172,33.70930480957031,0.7863998413085938,0.7863998413085938,0.012914851307868958,29.223583221435547,30.18025779724121,0.9566745758056641,0.9566745758056641,0.015441808849573135,7.049756050109863,7.022185325622559,-0.027570724487304688,0.027570724487304688,0.006754268892109394,0.30235379934310913,1.1319384574890137,0.2965119481086731,1.0038557052612305,0.06752361357212067,0.24965521693229675,0.5988657474517822,2.1251866817474365,0.6663893461227417,2.3748419284820557,0.7010353803634644,0.9959630966186523,0.49761125445365906,0.9919390678405762,0.02777777798473835,0.2222222238779068,0.4853091835975647,0.47647204995155334,0.5077150464057922,0.4619494676589966,0.4630700945854187,0.0011206269264221191,0.4853091835975647,0.47647204995155334,0.5077150464057922,0.4619494676589966,0.4630700945854187,0.0011206269264221191,0.4853091835975647,0.47647204995155334,0.5077150464057922,0.4619494676589966,0.4630700945854187,0.0011206269264221191,0.08179327100515366,0.08159051835536957,0.21021883189678192,2.5825092792510986,2.6171748638153076,0.6838435530662537,0.6844605803489685,1.3902720212936401,0.24414406716823578,0.24852436780929565,0.41357421875,3.720825433731079,3.5485944747924805,0.5269454121589661,0.5361480712890625,3.7116405963897705,0.932711660861969,0.23895202577114105,1.0949020385742188,0.9796247482299805,0.5436888933181763,1.2241262197494507,0.9722414016723633,0.981952965259552,0.00971156358718872,0.02775859832763672,1.0412577390670776,1.058153748512268,0.01689600944519043
train,143,32.19903564453125,33.316131591796875,1.117095947265625,1.117095947265625,0.018123572692275047,28.732179641723633,29.70194435119629,0.9697647094726562,0.9697647094726562,0.018792597576975822,7.264303684234619,7.035994052886963,-0.22830963134765625,0.22830963134765625,0.007466694340109825,0.29977932572364807,1.0972005128860474,0.2929914891719818,0.9655313491821289,0.067653588950634,0.2587827444076538,0.5927708148956299,2.0627317428588867,0.6604244709014893,2.32151460647583,0.7028127908706665,0.9941520690917969,0.4993040859699249,0.9884257912635803,0.02777777798473835,0.2222222238779068,0.4809616804122925,0.4882669150829315,0.5027998089790344,0.46443772315979004,0.46627604961395264,0.0018383264541625977,0.4809616804122925,0.4882669150829315,0.5027998089790344,0.46443772315979004,0.46627604961395264,0.0018383264541625977,0.4809616804122925,0.4882669150829315,0.5027998089790344,0.46443772315979004,0.46627604961395264,0.0018383264541625977,0.08185558766126633,0.0842323899269104,0.20812436938285828,2.608847141265869,2.632841110229492,0.678844153881073,0.6824911236763,1.3811790943145752,0.2459980547428131,0.23551331460475922,0.42016932368278503,3.754610300064087,3.5755813121795654,0.5229992270469666,0.5319292545318604,3.7406158447265625,0.9280269145965576,0.23848247528076172,1.0878453254699707,0.9771631956100464,0.5417179465293884,1.2210278511047363,0.9751522541046143,0.9828798770904541,0.007727622985839844,0.024847745895385742,1.0381978750228882,1.052490234375,0.014292359352111816
train,144,31.824565887451172,32.757606506347656,0.9330406188964844,0.9330406188964844,0.010737800039350986,28.544729232788086,29.217084884643555,0.6723556518554688,0.6723556518554688,0.010956430807709694,6.911612033843994,7.150172233581543,0.23856019973754883,0.23856019973754883,0.006218442693352699,0.2979547679424286,1.1007689237594604,0.2917543351650238,0.9718502163887024,0.06799574196338654,0.23669087886810303,0.5897090435028076,2.071108818054199,0.6577048301696777,2.307799816131592,0.7045970559120178,0.9956871867179871,0.504108190536499,0.9914880990982056,0.02777777798473835,0.2222222238779068,0.4845535457134247,0.4835657477378845,0.5065377354621887,0.462358683347702,0.46399152278900146,0.0016328394412994385,0.5824695229530334,0.5882547497749329,0.673159122467041,0.41620662808418274,0.41651877760887146,0.0003121495246887207,0.5824695229530334,0.5882547497749329,0.673159122467041,0.41620662808418274,0.41651877760887146,0.0003121495246887207,0.0828934833407402,0.08359847962856293,0.21255706250667572,2.598259925842285,2.6295905113220215,0.678841769695282,0.679902970790863,1.382067084312439,0.24363471567630768,0.24863548576831818,0.41265803575515747,3.7973320484161377,3.562405586242676,0.512345016002655,0.5355772376060486,3.7799313068389893,0.9274970293045044,0.23853403329849243,1.087377667427063,0.976922869682312,0.5410654544830322,1.220729947090149,0.971865177154541,0.9795652627944946,0.007700085639953613,0.028134822845458984,1.0358119010925293,1.0579938888549805,0.022181987762451172
train,145,31.35893440246582,32.291107177734375,0.9321727752685547,0.9321727752685547,0.017267152667045593,27.64545440673828,28.88092803955078,1.2354736328125,1.2354736328125,0.019928336143493652,6.784154415130615,7.0309157371521,0.24676132202148438,0.24676132202148438,0.005111945327371359,0.29385608434677124,1.0931493043899536,0.28776195645332336,0.9664146900177002,0.06732645630836487,0.22879564762115479,0.581618070602417,2.0595641136169434,0.6489444971084595,2.2883596420288086,0.7086328864097595,0.9969017505645752,0.508139967918396,0.994053840637207,0.02777777798473835,0.2222222238779068,0.48406529426574707,0.47800591588020325,0.505871593952179,0.4604171812534332,0.46285101771354675,0.0024338364601135254,0.45372745394706726,0.4480486214160919,0.47550469636917114,0.48939067125320435,0.49212974309921265,0.0027390718460083008,0.45372745394706726,0.4480486214160919,0.47550469636917114,0.48939067125320435,0.49212974309921265,0.0027390718460083008,0.08352917432785034,0.08261415362358093,0.2093072086572647,2.6116573810577393,2.635455846786499,0.6758501529693604,0.6786571145057678,1.384285807609558,0.2457984983921051,0.2495833933353424,0.5025239586830139,3.7848761081695557,3.5672385692596436,0.5138254761695862,0.5331979393959045,3.7822930812835693,0.9257484078407288,0.23832446336746216,1.0848829746246338,0.9760177135467529,0.5396320819854736,1.2195920944213867,0.9697117209434509,0.9762914776802063,0.006579756736755371,0.030288279056549072,1.0703362226486206,1.0866557359695435,0.01631951332092285
train,146,30.19143295288086,31.825044631958008,1.6336116790771484,1.6336116790771484,0.015241088345646858,26.950653076171875,28.263216018676758,1.3125629425048828,1.3125629425048828,0.013311227783560753,6.286991119384766,6.907557487487793,0.6205663681030273,0.6205663681030273,0.006341797765344381,0.2909562289714813,1.0718709230422974,0.28294476866722107,0.941494882106781,0.0664563924074173,0.23336735367774963,0.5739009976387024,2.01129412651062,0.6403573751449585,2.244661569595337,0.7123515009880066,0.9968954920768738,0.5145028829574585,0.9945521950721741,0.0555555559694767,0.2083333283662796,0.45094987750053406,0.45103737711906433,0.47280019521713257,0.49257156252861023,0.49530091881752014,0.002729356288909912,0.36242690682411194,0.36818844079971313,0.3785363435745239,0.5302352905273438,0.5325990319252014,0.002363741397857666,0.36242690682411194,0.36818844079971313,0.3785363435745239,0.5302352905273438,0.5325990319252014,0.002363741397857666,0.08282191306352615,0.08413740247488022,0.20219340920448303,2.6114890575408936,2.6338117122650146,0.6778546571731567,0.6817095875740051,1.380505919456482,0.24670754373073578,0.24895097315311432,0.4060409367084503,3.772571325302124,3.553903818130493,0.5175032615661621,0.5314212441444397,3.808966875076294,0.9219003319740295,0.23728473484516144,1.0792802572250366,0.9738086462020874,0.5373907685279846,1.2168155908584595,0.9722711443901062,0.9796037673950195,0.00733262300491333,0.0277288556098938,1.0570142269134521,1.06864595413208,0.01163172721862793
train,147,30.1273136138916,31.008264541625977,0.880950927734375,0.880950927734375,0.016453957185149193,26.927047729492188,27.606956481933594,0.6799087524414062,0.6799087524414062,0.01492651179432869,6.437705039978027,6.597297191619873,0.1595921516418457,0.1595921516418457,0.004494132939726114,0.28433123230934143,1.0508489608764648,0.2774277925491333,0.9271265864372253,0.06474388390779495,0.2274695485830307,0.5617591142654419,1.977975606918335,0.6265029907226562,2.2054450511932373,0.7176253199577332,0.9969501495361328,0.520641565322876,0.9948248863220215,0.0555555559694767,0.2083333283662796,0.45099252462387085,0.4483582377433777,0.4733079671859741,0.49122798442840576,0.4946057200431824,0.0033777356147766113,0.36523911356925964,0.36609748005867004,0.3818126916885376,0.5277217030525208,0.5307055711746216,0.00298386812210083,0.36523911356925964,0.36609748005867004,0.3818126916885376,0.5277217030525208,0.5307055711746216,0.00298386812210083,0.08374758064746857,0.08576129376888275,0.27874937653541565,2.610790491104126,2.634375810623169,0.6766382455825806,0.6794410347938538,1.3785624504089355,0.24769173562526703,0.24549691379070282,0.4930780827999115,3.819979190826416,3.6144003868103027,0.5121068358421326,0.5226356387138367,3.780062675476074,0.9179269671440125,0.2366306036710739,1.0740233659744263,0.9715918898582458,0.5348909497261047,1.2140368223190308,0.9713476896286011,0.9796736240386963,0.008325934410095215,0.028652310371398926,1.0539522171020508,1.0638200044631958,0.00986778736114502
train,148,30.335044860839844,30.567811965942383,0.23276710510253906,0.23276710510253906,0.01157075259834528,27.188692092895508,27.267024993896484,0.07833290100097656,0.07833290100097656,0.010410653427243233,6.487668037414551,6.517523765563965,0.029855728149414062,0.029855728149414062,0.005251822527498007,0.27755415439605713,1.0429980754852295,0.2711609899997711,0.9267902970314026,0.06410539150238037,0.21931520104408264,0.5487152338027954,1.9697883129119873,0.612820565700531,2.189103603363037,0.7235181331634521,0.9975018501281738,0.5241655111312866,0.9956302046775818,0.02777777798473835,0.1944444477558136,0.4447776675224304,0.4437639117240906,0.4664480984210968,0.4937826097011566,0.4970707297325134,0.0032881200313568115,0.371001273393631,0.3750869035720825,0.38749271631240845,0.5670633316040039,0.5700315833091736,0.0029682517051696777,0.371001273393631,0.3750869035720825,0.38749271631240845,0.5670633316040039,0.5700315833091736,0.0029682517051696777,0.08523431420326233,0.08573753386735916,0.3041435182094574,2.624504804611206,2.6518661975860596,0.6717471480369568,0.6738428473472595,1.3792732954025269,0.24688804149627686,0.24412591755390167,0.49451830983161926,3.8564398288726807,3.6307103633880615,0.5037741661071777,0.5205549001693726,3.8028159141540527,0.9158322811126709,0.2360534369945526,1.0715148448944092,0.970482587814331,0.5327161550521851,1.2126498222351074,0.9818457961082458,0.9916968941688538,0.00985109806060791,0.01815420389175415,0.9947502613067627,1.0024374723434448,0.007687211036682129
train,149,30.55730628967285,30.45145034790039,-0.10585594177246094,0.10585594177246094,0.013735608197748661,27.232568740844727,27.227882385253906,-0.0046863555908203125,0.0046863555908203125,0.012922601774334908,6.099820137023926,6.50261926651001,0.402799129486084,0.402799129486084,0.008550520054996014,0.2759872078895569,1.0563151836395264,0.27102014422416687,0.9387526512145996,0.06347107142210007,0.2265446037054062,0.5470073223114014,1.9791193008422852,0.610478401184082,2.2056639194488525,0.7253288626670837,0.9963160753250122,0.5247740149497986,0.9932924509048462,0.02777777798473835,0.1944444477558136,0.37304097414016724,0.3737199008464813,0.389675498008728,0.5211424827575684,0.5233073830604553,0.002164900302886963,0.3675123155117035,0.3686010241508484,0.38414299488067627,0.5704202651977539,0.5730419158935547,0.0026216506958007812,0.3675123155117035,0.3686010241508484,0.38414299488067627,0.5704202651977539,0.5730419158935547,0.0026216506958007812,0.08571992069482803,0.08713576197624207,0.25458240509033203,2.62264347076416,2.6518633365631104,0.6720571517944336,0.674525260925293,1.388632893562317,0.24730005860328674,0.24383176863193512,0.4927968978881836,3.887134313583374,3.675715208053589,0.49600470066070557,0.510306179523468,3.7729015350341797,0.9173393845558167,0.23654228448867798,1.073763370513916,0.97132807970047,0.5323826670646667,1.2137136459350586,0.9821639060974121,0.9912831783294678,0.009119272232055664,0.01783609390258789,0.997931182384491,1.01238214969635,0.01445096731185913
train,150,29.835723876953125,30.50440216064453,0.6686782836914062,0.6686782836914062,0.012811821885406971,26.391660690307617,27.230247497558594,0.8385868072509766,0.8385868072509766,0.012680607847869396,5.822032451629639,6.301242828369141,0.47921037673950195,0.47921037673950195,0.007175866048783064,0.275359183549881,1.075512170791626,0.2704084813594818,0.9565541744232178,0.06219799071550369,0.20195074379444122,0.5457675457000732,2.0199196338653564,0.6079655885696411,2.2218704223632812,0.7264649271965027,0.9964829683303833,0.5233814716339111,0.9936744570732117,0.02777777798473835,0.1805555522441864,0.36805659532546997,0.36400285363197327,0.3847799599170685,0.5242618322372437,0.5263164043426514,0.002054572105407715,0.3733804523944855,0.3701056241989136,0.39010709524154663,0.5659395456314087,0.5681310296058655,0.002191483974456787,0.3733804523944855,0.3701056241989136,0.39010709524154663,0.5659692287445068,0.5681466460227966,0.002177417278289795,0.08639256656169891,0.08507096022367477,0.25821512937545776,2.61177134513855,2.6426944732666016,0.6730255484580994,0.6762742400169373,1.3971863985061646,0.24776200950145721,0.2518463730812073,0.48332950472831726,3.844022750854492,3.6766579151153564,0.500732958316803,0.5147163271903992,3.657003402709961,0.9190130829811096,0.23741766810417175,1.0765526294708252,0.9724686741828918,0.5315318703651428,1.2151509523391724,0.9791333675384521,0.9853285551071167,0.006195187568664551,0.02086663246154785,1.0489476919174194,1.0608677864074707,0.01192009449005127
train,151,29.137279510498047,30.170087814331055,1.0328083038330078,1.0328083038330078,0.012519532814621925,26.295166015625,26.81097984313965,0.5158138275146484,0.5158138275146484,0.009951015934348106,6.329647064208984,6.0616607666015625,-0.2679862976074219,0.2679862976074219,0.00653746398165822,0.2739735245704651,1.0420472621917725,0.26774701476097107,0.9215193390846252,0.05989497900009155,0.1996300369501114,0.5417205691337585,1.9508543014526367,0.6016156077384949,2.150484323501587,0.7269632816314697,0.9964496493339539,0.5255714654922485,0.9935408234596252,0.02777777798473835,0.1944444477558136,0.3717684745788574,0.37262916564941406,0.3887927532196045,0.5215309858322144,0.5239827036857605,0.0024517178535461426,0.366061270236969,0.36714884638786316,0.3830837309360504,0.5693053007125854,0.5721061825752258,0.002800881862640381,0.366061270236969,0.36714884638786316,0.3830837309360504,0.569340705871582,0.5721258521080017,0.0027851462364196777,0.08543609827756882,0.08447732776403427,0.2580993175506592,2.631361961364746,2.6577870845794678,0.6682273149490356,0.6722074747085571,1.384456753730774,0.2491324543952942,0.24513666331768036,0.42403537034988403,3.8586654663085938,3.7033069133758545,0.502149760723114,0.5117424130439758,3.5884969234466553,0.9126254916191101,0.23548561334609985,1.0674444437026978,0.9686235189437866,0.5301455855369568,1.2103219032287598,0.988567054271698,0.9893304705619812,0.0007634162902832031,0.011432945728302002,1.0026429891586304,1.0170056819915771,0.014362692832946777
train,152,29.213729858398438,29.65370750427246,0.43997764587402344,0.43997764587402344,0.011737428605556488,26.20696258544922,26.5530948638916,0.3461322784423828,0.3461322784423828,0.012619489803910255,5.976320266723633,6.195676803588867,0.21935653686523438,0.21935653686523438,0.005410874728113413,0.2690931260585785,1.0257784128189087,0.26427018642425537,0.9079939723014832,0.06025120988488197,0.20588251948356628,0.5333633422851562,1.9213776588439941,0.5936145186424255,2.127260208129883,0.7314081192016602,0.9965450763702393,0.5288636088371277,0.9938117265701294,0.02777777798473835,0.1944444477558136,0.3721945583820343,0.3768007159233093,0.3884671628475189,0.5223549604415894,0.5254285931587219,0.0030736327171325684,0.36650359630584717,0.3712361454963684,0.36669376492500305,0.6213820576667786,0.6263720989227295,0.004990041255950928,0.36650359630584717,0.3712361454963684,0.36669376492500305,0.6213820576667786,0.6263720989227295,0.004990041255950928,0.08493063598871231,0.08562441170215607,0.26101940870285034,2.6325736045837402,2.655609607696533,0.6663451194763184,0.6725165843963623,1.3798022270202637,0.2485402673482895,0.25738048553466797,0.48636099696159363,3.9079105854034424,3.7025060653686523,0.49236100912094116,0.511410117149353,3.606445789337158,0.9098341464996338,0.23458272218704224,1.0635850429534912,0.9668902158737183,0.5282259583473206,1.2081470489501953,0.9926990866661072,0.9927540421485901,5.4955482482910156e-05,0.007300913333892822,0.9775187373161316,0.9931896328926086,0.01567089557647705
train,153,29.882871627807617,29.43374252319336,-0.4491291046142578,0.4491291046142578,0.013280922546982765,26.72134017944336,26.380050659179688,-0.3412895202636719,0.3412895202636719,0.012807957828044891,5.82515811920166,6.086021423339844,0.2608633041381836,0.2608633041381836,0.007001267746090889,0.2697940468788147,1.012006402015686,0.2656225562095642,0.9047702550888062,0.05925612151622772,0.1967594474554062,0.5354166030883789,1.9104286432266235,0.5946727395057678,2.1071879863739014,0.7303727269172668,0.9961716532707214,0.5289232134819031,0.9930922985076904,0.013888888992369175,0.1666666716337204,0.3689184784889221,0.3641214072704315,0.3852872848510742,0.569922924041748,0.5726965069770813,0.002773582935333252,0.3688541650772095,0.3640732169151306,0.3690410256385803,0.5771112442016602,0.5814594030380249,0.004348158836364746,0.3688541650772095,0.3640732169151306,0.3690410256385803,0.5771112442016602,0.5814594030380249,0.004348158836364746,0.08456112444400787,0.08323477953672409,0.260090708732605,2.6393017768859863,2.6667428016662598,0.6646501421928406,0.6706190705299377,1.3769848346710205,0.2531491816043854,0.25954070687294006,0.483834832906723,3.886294364929199,3.6655116081237793,0.49243244528770447,0.5137885212898254,3.6220624446868896,0.9080542325973511,0.23408375680446625,1.061076283454895,0.9658446311950684,0.527638852596283,1.206834316253662,0.9886611104011536,0.9886057376861572,-5.537271499633789e-05,0.011338889598846436,1.0043878555297852,1.0159637928009033,0.011575937271118164
train,154,30.27593994140625,29.658329010009766,-0.6176109313964844,0.6176109313964844,0.018470164388418198,27.432682037353516,26.550718307495117,-0.8819637298583984,0.8819637298583984,0.017276909202337265,6.4966278076171875,5.955613136291504,-0.5410146713256836,0.5410146713256836,0.010348471812903881,0.27166175842285156,0.9955139756202698,0.2684931457042694,0.8951844573020935,0.05877222120761871,0.20429639518260956,0.5401549339294434,1.8906984329223633,0.5989271402359009,2.0949947834014893,0.7283382415771484,0.9963380098342896,0.52556312084198,0.9933848977088928,0.0,0.1388888955116272,0.36644822359085083,0.3673621118068695,0.366639107465744,0.5791815519332886,0.5836706757545471,0.004489123821258545,0.39596423506736755,0.39601168036460876,0.4111332595348358,0.5453794002532959,0.5481970906257629,0.002817690372467041,0.39596423506736755,0.39601168036460876,0.4111332595348358,0.5453794002532959,0.5481970906257629,0.002817690372467041,0.08419463783502579,0.08363210409879684,0.25528377294540405,2.6495280265808105,2.6716365814208984,0.6664786338806152,0.6719481348991394,1.3696587085723877,0.2564186453819275,0.24627892673015594,0.4703395366668701,3.8529000282287598,3.6321985721588135,0.495699018239975,0.5175414085388184,3.6536970138549805,0.9067590236663818,0.2337627410888672,1.0588291883468628,0.9649893641471863,0.527733325958252,1.2057546377182007,0.9925596117973328,0.9948980808258057,0.0023384690284729004,0.007440388202667236,0.978442370891571,0.9883469343185425,0.009904563426971436
train,155,31.473876953125,29.9671573638916,-1.5067195892333984,1.5067195892333984,0.027318786829710007,28.310993194580078,26.991722106933594,-1.3192710876464844,1.3192710876464844,0.026623576879501343,6.919620513916016,6.226144313812256,-0.6934762001037598,0.6934762001037598,0.012212604284286499,0.2767263948917389,1.0028945207595825,0.27508530020713806,0.9191568493843079,0.06209222599864006,0.22609657049179077,0.5518116354942322,1.9220514297485352,0.6139038801193237,2.1474392414093018,0.7233137488365173,0.9962466955184937,0.5217582583427429,0.9932003021240234,0.013888888992369175,0.1527777761220932,0.3959882855415344,0.39724183082580566,0.41054823994636536,0.5445109605789185,0.5475122928619385,0.0030013322830200195,0.3959882855415344,0.39724183082580566,0.41054823994636536,0.5444694757461548,0.547490119934082,0.003020644187927246,0.3959882855415344,0.39724183082580566,0.41054823994636536,0.5444694757461548,0.547490119934082,0.003020644187927246,0.08442320674657822,0.0822121873497963,0.24856887757778168,2.6432619094848633,2.6599373817443848,0.666515052318573,0.6730273962020874,1.3783682584762573,0.2517945170402527,0.2494705468416214,0.4973847270011902,3.851806163787842,3.646981716156006,0.4963851273059845,0.5164952874183655,3.574249029159546,0.9119047522544861,0.2351134866476059,1.0650092363357544,0.9681320786476135,0.5315968990325928,1.2096844911575317,0.9877055883407593,0.9943527579307556,0.006647169589996338,0.012294411659240723,1.007355809211731,1.0130250453948975,0.005669236183166504
train,156,33.388160705566406,30.720539093017578,-2.667621612548828,2.667621612548828,0.024376781657338142,30.080020904541016,27.651382446289062,-2.428638458251953,2.428638458251953,0.02586555667221546,6.744776725769043,6.572905540466309,-0.17187118530273438,0.17187118530273438,0.008849818259477615,0.2834746539592743,1.19353449344635,0.28180357813835144,1.0699443817138672,0.06620955467224121,0.29001057147979736,0.565278172492981,2.2514209747314453,0.6314877271652222,2.538465976715088,0.7217338681221008,0.9965540170669556,0.5225309729576111,0.9938808083534241,0.02777777798473835,0.1666666716337204,0.39662981033325195,0.3876182436943054,0.4128192067146301,0.5423771739006042,0.5470612049102783,0.004684031009674072,0.39662981033325195,0.3876182436943054,0.4128192067146301,0.5399622917175293,0.5447394251823425,0.004777133464813232,0.39662981033325195,0.3876182436943054,0.4128192067146301,0.5399622917175293,0.5447394251823425,0.004777133464813232,0.08437265455722809,0.08239855617284775,0.2561912536621094,2.5268096923828125,2.531022787094116,0.6895365118980408,0.6980160474777222,1.4228367805480957,0.25104227662086487,0.255808025598526,0.4770876169204712,3.7494289875030518,3.5817325115203857,0.5091195106506348,0.5126091241836548,3.706547260284424,0.9412053823471069,0.2427627444267273,1.0996140241622925,0.9838459491729736,0.5421538352966309,1.2293246984481812,0.9783388376235962,0.9939950108528137,0.01565617322921753,0.02166116237640381,0.9975889921188354,1.0009132623672485,0.003324270248413086
train,157,34.08705139160156,32.05437088012695,-2.0326805114746094,2.0326805114746094,0.021494323387742043,30.412841796875,28.86572265625,-1.547119140625,1.547119140625,0.017961084842681885,7.194315433502197,6.658864498138428,-0.5354509353637695,0.5354509353637695,0.009188652038574219,0.2938220202922821,1.2865917682647705,0.29333651065826416,1.162440538406372,0.06759899109601974,0.3262520432472229,0.5871585011482239,2.4388697147369385,0.654757559299469,2.7651216983795166,0.7144038677215576,0.9972243309020996,0.5107942819595337,0.9952319860458374,0.0555555559694767,0.1666666716337204,0.39193445444107056,0.38277173042297363,0.40814507007598877,0.5488680005073547,0.5526648759841919,0.003796875476837158,0.39193445444107056,0.38277173042297363,0.40814507007598877,0.5488680005073547,0.5526648759841919,0.003796875476837158,0.39193445444107056,0.38277173042297363,0.40814507007598877,0.5488680005073547,0.5526648759841919,0.003796875476837158,0.0830974280834198,0.08105751872062683,0.26129797101020813,2.4832992553710938,2.4816417694091797,0.6950098276138306,0.7080387473106384,1.4407522678375244,0.25542137026786804,0.24319955706596375,0.4259200394153595,3.7076315879821777,3.484464406967163,0.5122795104980469,0.5236168503761292,3.806304693222046,0.9537787437438965,0.24539361894130707,1.1156394481658936,0.9891946315765381,0.5490082502365112,1.236027717590332,0.9837369918823242,0.9964320063591003,0.012695014476776123,0.01626300811767578,1.0008114576339722,1.0051469802856445,0.004335522651672363
train,158,35.119468688964844,33.070735931396484,-2.0487327575683594,2.0487327575683594,0.023316936567425728,31.675003051757812,29.639305114746094,-2.0356979370117188,2.0356979370117188,0.02479824796319008,7.083881378173828,6.926612854003906,-0.15726852416992188,0.15726852416992188,0.007644241210073233,0.30263379216194153,1.371883511543274,0.3001505732536316,1.1994118690490723,0.06998354941606522,0.3380381464958191,0.6027843952178955,2.5617518424987793,0.6727678775787354,2.8955259323120117,0.7087194919586182,0.9976855516433716,0.5030974745750427,0.9960804581642151,0.0555555559694767,0.1666666716337204,0.3872333765029907,0.3864346742630005,0.4037541449069977,0.5544812679290771,0.5584104657173157,0.003929197788238525,0.3872333765029907,0.3864346742630005,0.4037541449069977,0.5521578788757324,0.5559561252593994,0.003798246383666992,0.3872333765029907,0.3864346742630005,0.4037541449069977,0.5521578788757324,0.5559561252593994,0.003798246383666992,0.08208474516868591,0.07906325906515121,0.19594888389110565,2.454420328140259,2.4461591243743896,0.6999576091766357,0.7163380980491638,1.4478803873062134,0.24663789570331573,0.2477610856294632,0.4072732925415039,3.658029317855835,3.482403516769409,0.5197323560714722,0.5278615355491638,3.733603000640869,0.9603572487831116,0.24702967703342438,1.124152660369873,0.9915807843208313,0.5526323914527893,1.2390265464782715,0.9809055328369141,0.9925618171691895,0.01165628433227539,0.019094467163085938,0.9678751826286316,0.9710009694099426,0.003125786781311035
train,159,37.684104919433594,34.095123291015625,-3.5889816284179688,3.5889816284179688,0.03308899700641632,33.88751983642578,30.657176971435547,-3.2303428649902344,3.2303428649902344,0.033994123339653015,7.376981735229492,7.005270004272461,-0.37171173095703125,0.37171173095703125,0.006930606439709663,0.3130040466785431,1.4259016513824463,0.3117314577102661,1.2764602899551392,0.06989249587059021,0.29181215167045593,0.6247354745864868,2.6972007751464844,0.6946280002593994,2.9890129566192627,0.7002848386764526,0.9973731637001038,0.49175316095352173,0.99538654088974,0.0555555559694767,0.1805555522441864,0.3868206739425659,0.3800595998764038,0.40349021553993225,0.55049729347229,0.5562965869903564,0.005799293518066406,0.5824780464172363,0.570121169090271,0.6870669722557068,0.3646181523799896,0.3654406666755676,0.0008225142955780029,0.5824780464172363,0.570121169090271,0.6870669722557068,0.3646181523799896,0.3654406666755676,0.0008225142955780029,0.08209893852472305,0.08021123707294464,0.17047597467899323,2.481832265853882,2.4685144424438477,0.7029164433479309,0.720564067363739,1.4443483352661133,0.24241535365581512,0.23724980652332306,0.4915672540664673,3.6299233436584473,3.4659979343414307,0.531507134437561,0.5303671360015869,3.736173152923584,0.9649490714073181,0.24785399436950684,1.132797360420227,0.9932077527046204,0.5568574070930481,1.2411049604415894,0.9681017994880676,0.986051619052887,0.017949819564819336,0.03189820051193237,0.9807795882225037,0.9831122159957886,0.002332627773284912
train,160,38.837772369384766,35.88964080810547,-2.948131561279297,2.948131561279297,0.02450469322502613,34.427772521972656,32.272369384765625,-2.1554031372070312,2.1554031372070312,0.022272277623414993,8.588080406188965,7.1911492347717285,-1.3969311714172363,1.3969311714172363,0.012973709031939507,0.32844433188438416,1.5042929649353027,0.32891809940338135,1.349022626876831,0.07104679197072983,0.29279905557632446,0.6573624014854431,2.853315591812134,0.7284091114997864,3.1461145877838135,0.6871480941772461,0.9976189136505127,0.47556209564208984,0.9958964586257935,0.0555555559694767,0.2083333283662796,0.38800370693206787,0.3762742578983307,0.40328702330589294,0.5492916703224182,0.5572501420974731,0.007958471775054932,0.45144855976104736,0.44119134545326233,0.4716380834579468,0.4892064929008484,0.4972549080848694,0.008048415184020996,0.45144855976104736,0.44119134545326233,0.4716380834579468,0.4892064929008484,0.4972549080848694,0.008048415184020996,0.08431948721408844,0.08108891546726227,0.24572964012622833,2.506443738937378,2.470271587371826,0.6908642649650574,0.7162346243858337,1.4385199546813965,0.2407819926738739,0.23492375016212463,0.5231021046638489,3.520303726196289,3.3934905529022217,0.5447871685028076,0.5352894067764282,3.7120578289031982,0.9710233807563782,0.24945078790187836,1.1432684659957886,0.9950374960899353,0.5619919300079346,1.243435025215149,0.9594122767448425,0.9851796627044678,0.025767385959625244,0.04058772325515747,1.0233204364776611,1.0254830121994019,0.0021625757217407227
train,161,39.90423583984375,37.363731384277344,-2.5405044555664062,2.5405044555664062,0.020062636584043503,35.27423095703125,33.35009765625,-1.92413330078125,1.92413330078125,0.01762654073536396,8.30462646484375,7.889638423919678,-0.41498804092407227,0.41498804092407227,0.006046258378773928,0.3399282693862915,1.5811433792114258,0.3384709358215332,1.4134877920150757,0.07685887813568115,0.33207589387893677,0.6783992648124695,2.994631290435791,0.7552580833435059,3.326707124710083,0.6782991886138916,0.9977432489395142,0.46542394161224365,0.9961666464805603,0.0555555559694767,0.2222222238779068,0.38438767194747925,0.3769776523113251,0.399617999792099,0.5304796695709229,0.5383487343788147,0.007869064807891846,0.44259294867515564,0.4327682852745056,0.48117730021476746,0.44311293959617615,0.4514126777648926,0.00829973816871643,0.380476176738739,0.37343817949295044,0.41547295451164246,0.47779181599617004,0.4865497052669525,0.00875788927078247,0.08296522498130798,0.08096777647733688,0.17568963766098022,2.471592903137207,2.4444971084594727,0.6945061087608337,0.7192108035087585,1.4382660388946533,0.2368973046541214,0.24282671511173248,0.4129374325275421,3.4867608547210693,3.359220027923584,0.5512071847915649,0.5422723889350891,3.716071367263794,0.9762762784957886,0.25018203258514404,1.1522786617279053,0.9964070916175842,0.566040575504303,1.2451809644699097,0.9469115734100342,0.9660835266113281,0.019171953201293945,0.05308842658996582,1.0786346197128296,1.0916064977645874,0.012971878051757812
train,162,41.03704071044922,38.634002685546875,-2.4030380249023438,2.4030380249023438,0.024957263842225075,36.82832717895508,34.312191009521484,-2.5161361694335938,2.5161361694335938,0.02682526595890522,8.832624435424805,8.09715461730957,-0.7354698181152344,0.7354698181152344,0.0083316033706069,0.348019540309906,1.6115446090698242,0.34583961963653564,1.4219392538070679,0.07814683765172958,0.3319714367389679,0.6938592195510864,3.0334839820861816,0.7720059752464294,3.365455389022827,0.6719619035720825,0.9977348446846008,0.45769384503364563,0.9961236119270325,0.0694444477558136,0.2361111044883728,0.38135361671447754,0.3753662109375,0.41739621758461,0.47904953360557556,0.4883945882320404,0.009345054626464844,0.43754276633262634,0.4334448575973511,0.47729793190956116,0.44976624846458435,0.45883166790008545,0.009065419435501099,0.43754276633262634,0.4334448575973511,0.47729793190956116,0.44976624846458435,0.45883166790008545,0.009065419435501099,0.08296416699886322,0.08138810098171234,0.17085663974285126,2.4890670776367188,2.4779412746429443,0.6955676078796387,0.7128756642341614,1.436807632446289,0.2299286276102066,0.22235731780529022,0.3276849687099457,3.4634034633636475,3.284694194793701,0.5657767653465271,0.5633798837661743,3.7047910690307617,0.9775651693344116,0.2509411871433258,1.154521107673645,0.996707022190094,0.5673401951789856,1.2455639839172363,0.937420129776001,0.9548620581626892,0.017441928386688232,0.06257987022399902,1.098107099533081,1.114197850227356,0.016090750694274902
train,163,43.52931594848633,39.835548400878906,-3.693767547607422,3.693767547607422,0.03155277296900749,38.63010025024414,35.570281982421875,-3.0598182678222656,3.0598182678222656,0.027672311291098595,9.804315567016602,8.464913368225098,-1.339402198791504,1.339402198791504,0.011428635567426682,0.35508519411087036,1.5392342805862427,0.3548845946788788,1.3631434440612793,0.08077211678028107,0.3211522698402405,0.7099697589874268,2.9023776054382324,0.7907419204711914,3.223529815673828,0.6640574932098389,0.9902951121330261,0.44492679834365845,0.9811370372772217,0.0694444477558136,0.2361111044883728,0.4354212284088135,0.4180058538913727,0.47465166449546814,0.44972050189971924,0.45797786116600037,0.008257359266281128,0.4354212284088135,0.4180058538913727,0.47465166449546814,0.42392241954803467,0.4324292540550232,0.008506834506988525,0.4354212284088135,0.4180058538913727,0.47465166449546814,0.42392241954803467,0.4324292540550232,0.008506834506988525,0.08275172859430313,0.08025804907083511,0.23321929574012756,2.5098166465759277,2.4843287467956543,0.6888400912284851,0.712149441242218,1.4252516031265259,0.23616330325603485,0.2294900268316269,0.4259587824344635,3.514561653137207,3.3686046600341797,0.5533891320228577,0.5394334197044373,3.678687572479248,0.9742224812507629,0.2502674162387848,1.147945761680603,0.9958550333976746,0.5689482092857361,1.244467854499817,0.9288285374641418,0.9441300630569458,0.015301525592803955,0.07117146253585815,1.0838849544525146,1.1090408563613892,0.02515590190887451
train,164,45.46910095214844,41.68245315551758,-3.7866477966308594,3.7866477966308594,0.033103518187999725,40.26719665527344,37.10021209716797,-3.1669845581054688,3.1669845581054688,0.02772286720573902,9.780224800109863,9.134637832641602,-0.6455869674682617,0.6455869674682617,0.009224515408277512,0.3641686737537384,1.4177217483520508,0.3671055734157562,1.2713768482208252,0.08544452488422394,0.3068026602268219,0.7312742471694946,2.6846818923950195,0.8167188167572021,2.9914846420288086,0.6534484624862671,0.9886780381202698,0.42593109607696533,0.9772201180458069,0.0833333358168602,0.2777777910232544,0.5436996221542358,0.5286023020744324,0.7451793551445007,0.37230974435806274,0.37201616168022156,-0.0002935826778411865,0.6043487787246704,0.5871349573135376,0.8078899383544922,0.32234132289886475,0.32187992334365845,-0.00046139955520629883,0.6043487787246704,0.5871349573135376,0.8078899383544922,0.32234132289886475,0.32187992334365845,-0.00046139955520629883,0.07979568094015121,0.0773715004324913,0.22566254436969757,2.52659273147583,2.5107734203338623,0.6915345191955566,0.7085794806480408,1.4242998361587524,0.2346608191728592,0.22991354763507843,0.49161943793296814,3.529054641723633,3.377563238143921,0.5475778579711914,0.5367596745491028,3.6435048580169678,0.9677860736846924,0.24862435460090637,1.1383250951766968,0.9939670562744141,0.5723092555999756,1.242078185081482,0.9034324884414673,0.9143145084381104,0.010882019996643066,0.09656751155853271,1.1969330310821533,1.2336397171020508,0.03670668601989746
train,165,45.89295959472656,43.575801849365234,-2.317157745361328,2.317157745361328,0.027210194617509842,40.585113525390625,38.6837272644043,-1.9013862609863281,1.9013862609863281,0.025561638176441193,9.280488967895508,9.457453727722168,0.17696475982666016,0.17696475982666016,0.010952133685350418,0.37843698263168335,1.3863605260849,0.37981271743774414,1.2621864080429077,0.0863509550690651,0.27859675884246826,0.7582497000694275,2.6406354904174805,0.8446006774902344,2.9192323684692383,0.6410054564476013,0.9892558455467224,0.41066521406173706,0.9799579381942749,0.0972222238779068,0.2916666567325592,0.5396689176559448,0.5285003185272217,0.7369295954704285,0.3795364201068878,0.37904828786849976,-0.0004881322383880615,0.5915800333023071,0.5830037593841553,0.789932906627655,0.3518542945384979,0.3518869876861572,3.269314765930176e-05,0.5915800333023071,0.5830037593841553,0.789932906627655,0.3552432656288147,0.355373352766037,0.00013008713722229004,0.07862991839647293,0.07885189354419708,0.16765539348125458,2.51782488822937,2.50677227973938,0.6945835947990417,0.7084305286407471,1.4200413227081299,0.232252299785614,0.23100893199443817,0.43539708852767944,3.482120990753174,3.352400302886963,0.5528724789619446,0.5422852635383606,3.6504600048065186,0.9663039445877075,0.2493884265422821,1.1383744478225708,0.9934837222099304,0.5743464827537537,1.2414970397949219,0.9156270027160645,0.9290426969528198,0.013415694236755371,0.08437299728393555,1.205935001373291,1.23388671875,0.027951717376708984
train,166,47.66313171386719,44.73440170288086,-2.928730010986328,2.928730010986328,0.03379121795296669,42.22785568237305,39.63444137573242,-2.593414306640625,2.593414306640625,0.030359480530023575,10.172440528869629,9.36899471282959,-0.8034458160400391,0.8034458160400391,0.008982022292912006,0.38967958092689514,1.441644310951233,0.38856858015060425,1.3009644746780396,0.08736471086740494,0.32832765579223633,0.7782481908798218,2.735996723175049,0.8656128644943237,3.060789108276367,0.6334273815155029,0.9908138513565063,0.3995131254196167,0.9829675555229187,0.0972222238779068,0.3055555522441864,0.5908256769180298,0.5772765874862671,0.7889097929000854,0.35738861560821533,0.357688844203949,0.0003002285957336426,0.6883872747421265,0.6782918572425842,0.8402685523033142,0.29708829522132874,0.29800859093666077,0.0009202957153320312,0.6364157199859619,0.6279981136322021,0.7385663986206055,0.31036826968193054,0.3105049431324005,0.0001366734504699707,0.08011684566736221,0.07827021181583405,0.2300909459590912,2.512786626815796,2.5041918754577637,0.6928513646125793,0.7103644013404846,1.4204316139221191,0.23112252354621887,0.23304088413715363,0.39781251549720764,3.4577462673187256,3.3123371601104736,0.5623406767845154,0.55321204662323,3.6880786418914795,0.9711329936981201,0.25109535455703735,1.1452417373657227,0.994905948638916,0.5752370357513428,1.2432889938354492,0.9129795432090759,0.9241775274276733,0.011197984218597412,0.08702045679092407,1.2132948637008667,1.260175108909607,0.046880245208740234
train,167,47.87836837768555,46.19879150390625,-1.6795768737792969,1.6795768737792969,0.029183877632021904,42.85036849975586,40.931175231933594,-1.9191932678222656,1.9191932678222656,0.029696784913539886,10.498924255371094,9.770740509033203,-0.7281837463378906,0.7281837463378906,0.01282122079282999,0.4047132134437561,1.5255171060562134,0.3998641073703766,1.3344975709915161,0.09028266370296478,0.3215889632701874,0.8045772910118103,2.8558287620544434,0.8948599696159363,3.177417755126953,0.6225138902664185,0.991338849067688,0.3865380883216858,0.9836153984069824,0.0972222238779068,0.3333333432674408,0.5838364362716675,0.5808799862861633,0.7803338766098022,0.35916268825531006,0.3592641353607178,0.00010144710540771484,0.5333553552627563,0.5348373055458069,0.722955048084259,0.38398563861846924,0.3844909369945526,0.000505298376083374,0.5329701900482178,0.5340978503227234,0.7220513820648193,0.38783377408981323,0.38822969794273376,0.0003959238529205322,0.07931415736675262,0.07890170812606812,0.1788499653339386,2.5141522884368896,2.5175905227661133,0.6945643424987793,0.7114250063896179,1.419828176498413,0.22468332946300507,0.23176424205303192,0.36542800068855286,3.4432373046875,3.2960944175720215,0.5736376047134399,0.5688613653182983,3.650461196899414,0.9751283526420593,0.2518819570541382,1.150916337966919,0.995989978313446,0.5779650807380676,1.2446554899215698,0.9144981503486633,0.9285875558853149,0.014089405536651611,0.08550184965133667,1.140473484992981,1.177734375,0.03726089000701904
train,168,51.17329406738281,47.038604736328125,-4.1346893310546875,4.1346893310546875,0.028372658416628838,45.55778121948242,41.89079284667969,-3.6669883728027344,3.6669883728027344,0.026933202520012856,10.745158195495605,10.134855270385742,-0.6103029251098633,0.6103029251098633,0.007009529508650303,0.4136655628681183,1.5699684619903564,0.41084516048431396,1.4040133953094482,0.0923432782292366,0.29366183280944824,0.8245106935501099,2.9739818572998047,0.9168540239334106,3.261096477508545,0.6171544194221497,0.990250825881958,0.38103336095809937,0.982069194316864,0.0972222238779068,0.3194444477558136,0.5335468649864197,0.5155121684074402,0.730950117111206,0.387746661901474,0.3879221975803375,0.0001755356788635254,0.5864336490631104,0.5667840242385864,0.9148299694061279,0.36155399680137634,0.36342963576316833,0.0018756389617919922,0.5335468649864197,0.5155121684074402,0.730950117111206,0.387746661901474,0.3879221975803375,0.0001755356788635254,0.078413225710392,0.07569626718759537,0.2246781438589096,2.4611423015594482,2.449613332748413,0.6998412609100342,0.7187656164169312,1.4228878021240234,0.2287122756242752,0.22031278908252716,0.36934179067611694,3.354877471923828,3.2249131202697754,0.5848553776741028,0.5754229426383972,3.667832374572754,0.9778537154197693,0.2533637583255768,1.1557904481887817,0.9967024922370911,0.5786569118499756,1.245565414428711,0.908500611782074,0.9210207462310791,0.012520134449005127,0.09149938821792603,1.2331414222717285,1.2654095888137817,0.03226816654205322
train,169,56.78370666503906,49.10597229003906,-7.677734375,7.677734375,0.04653143137693405,50.51481246948242,43.724308013916016,-6.790504455566406,6.790504455566406,0.04765380918979645,11.405250549316406,10.440030097961426,-0.9652204513549805,0.9652204513549805,0.01126848254352808,0.424208402633667,1.522016167640686,0.42086702585220337,1.3485314846038818,0.09473071992397308,0.320374459028244,0.8450754880905151,2.8705477714538574,0.9398062229156494,3.190922260284424,0.6085522174835205,0.9909094572067261,0.36925169825553894,0.9821525812149048,0.0972222238779068,0.3472222089767456,0.5761968493461609,0.5532032251358032,0.9023482203483582,0.3706972002983093,0.3728081285953522,0.0021109282970428467,0.7299759984016418,0.7123900055885315,1.3531591892242432,0.26784271001815796,0.26769009232521057,-0.0001526176929473877,0.6809614300727844,0.6622978448867798,1.1961145401000977,0.2943282425403595,0.2939615547657013,-0.0003666877746582031,0.0765068456530571,0.07488878071308136,0.15106138586997986,2.440647602081299,2.429015636444092,0.7075261473655701,0.7227699160575867,1.4203604459762573,0.22324353456497192,0.2164158672094345,0.36051976680755615,3.3231873512268066,3.178135395050049,0.5893966555595398,0.5822480916976929,3.6889665126800537,0.9763095378875732,0.25386086106300354,1.155726432800293,0.9962679743766785,0.5794685482978821,1.245042324066162,0.8897736072540283,0.895116925239563,0.005343317985534668,0.11022639274597168,1.4925141334533691,1.548585057258606,0.056070923805236816
train,170,57.61810302734375,52.94485855102539,-4.673244476318359,4.673244476318359,0.034774020314216614,51.24864959716797,47.11958694458008,-4.129062652587891,4.129062652587891,0.03572487458586693,11.773446083068848,10.922664642333984,-0.8507814407348633,0.8507814407348633,0.009566428139805794,0.4462357759475708,1.5142145156860352,0.44350263476371765,1.3372242450714111,0.09616806358098984,0.3145080804824829,0.8897383809089661,2.848921298980713,0.9859064817428589,3.1634292602539062,0.5923133492469788,0.9923576712608337,0.35298025608062744,0.980492889881134,0.1111111119389534,0.3888888955116272,0.6695637702941895,0.6554673314094543,1.1006805896759033,0.3063027858734131,0.306133508682251,-0.00016927719116210938,0.719805896282196,0.7094100117683411,1.2583130598068237,0.27800416946411133,0.2777984142303467,-0.00020575523376464844,0.719805896282196,0.7094100117683411,1.2583130598068237,0.27800416946411133,0.2777984142303467,-0.00020575523376464844,0.0779850110411644,0.0772504210472107,0.20325914025306702,2.4473676681518555,2.4456608295440674,0.7067910432815552,0.7220557928085327,1.4359358549118042,0.21592707931995392,0.20775961875915527,0.3205369710922241,3.240321397781372,3.0863964557647705,0.6062124371528625,0.601540207862854,3.687161922454834,0.9766256809234619,0.2543870210647583,1.1591689586639404,0.9962988495826721,0.5838134288787842,1.2451142072677612,0.8879263401031494,0.8934889435768127,0.00556260347366333,0.11207365989685059,1.4041039943695068,1.4598827362060547,0.05577874183654785
train,171,57.815406799316406,55.2815055847168,-2.5339012145996094,2.5339012145996094,0.03632862865924835,51.64014434814453,49.184139251708984,-2.456005096435547,2.456005096435547,0.038603492081165314,12.100687026977539,11.348077774047852,-0.7526092529296875,0.7526092529296875,0.014537964016199112,0.46159282326698303,1.537503719329834,0.46143049001693726,1.3923213481903076,0.09791500121355057,0.3220904469490051,0.9230233430862427,2.9298250675201416,1.0209382772445679,3.2479796409606934,0.5826311111450195,0.9914935827255249,0.3421652019023895,0.9645218849182129,0.1111111119389534,0.4305555522441864,0.7143898010253906,0.7068836688995361,1.2484984397888184,0.2833390235900879,0.28302714228630066,-0.00031188130378723145,0.6782914996147156,0.6758127212524414,1.1811180114746094,0.3003976047039032,0.3010576665401459,0.0006600618362426758,0.6782914996147156,0.6758127212524414,1.1811180114746094,0.3003976047039032,0.3010576665401459,0.0006600618362426758,0.0794665589928627,0.07926879078149796,0.19560553133487701,2.430568218231201,2.427074432373047,0.7089993357658386,0.7261001467704773,1.4409645795822144,0.21309338510036469,0.21950523555278778,0.3425759971141815,3.1916069984436035,3.0528016090393066,0.6161819696426392,0.6119603514671326,3.710202693939209,0.979121208190918,0.2552238702774048,1.164549469947815,0.9969182014465332,0.5869998335838318,1.2459123134613037,0.8881964683532715,0.8938838839530945,0.005687415599822998,0.11180353164672852,1.3048856258392334,1.3666492700576782,0.061763644218444824
train,172,57.259822845458984,56.5484733581543,-0.7113494873046875,0.7113494873046875,0.018253276124596596,50.905364990234375,50.41216278076172,-0.49320220947265625,0.49320220947265625,0.01973399706184864,12.414894104003906,11.724406242370605,-0.6904878616333008,0.6904878616333008,0.011098060756921768,0.47331809997558594,1.7172751426696777,0.4726421535015106,1.555202603340149,0.10302566736936569,0.38177502155303955,0.945960283279419,3.2700886726379395,1.0489859580993652,3.640944480895996,0.5773553848266602,0.9929957985877991,0.33842405676841736,0.9619925618171692,0.125,0.4027777910232544,0.6675109267234802,0.6525413393974304,1.158164620399475,0.30906152725219727,0.30901920795440674,-4.2319297790527344e-05,0.5706473588943481,0.5642773509025574,0.8889591693878174,0.3674991726875305,0.36979731917381287,0.0022981464862823486,0.5124145746231079,0.510883092880249,0.7052544355392456,0.38808080554008484,0.3891275227069855,0.0010467171669006348,0.0799880102276802,0.07759134471416473,0.1536947339773178,2.3853094577789307,2.387336254119873,0.7167391180992126,0.7315155267715454,1.4431698322296143,0.2103983461856842,0.22085851430892944,0.2846928536891937,3.1831014156341553,3.021977186203003,0.6200141310691833,0.6189610362052917,3.757601022720337,0.9863739013671875,0.2560790777206421,1.1748747825622559,0.9984573125839233,0.5901973247528076,1.2478524446487427,0.9086456894874573,0.913263738155365,0.004618048667907715,0.09135431051254272,1.2163714170455933,1.3057752847671509,0.08940386772155762
train,173,56.781742095947266,56.9041748046875,0.12243270874023438,0.12243270874023438,0.030652502551674843,51.511592864990234,50.658790588378906,-0.8528022766113281,0.8528022766113281,0.03419758379459381,12.109827041625977,12.069673538208008,-0.04015350341796875,0.04015350341796875,0.009797810576856136,0.4757220447063446,1.7349205017089844,0.47214820981025696,1.5632209777832031,0.1067652776837349,0.3964627981185913,0.9478702545166016,3.2969322204589844,1.0546355247497559,3.684675455093384,0.5761151909828186,0.9943668246269226,0.33624744415283203,0.9618529677391052,0.125,0.3888888955116272,0.6096958518028259,0.608128011226654,1.0283453464508057,0.35563090443611145,0.3570162355899811,0.001385331153869629,0.6090254783630371,0.6164517402648926,1.026065468788147,0.3396376967430115,0.34120550751686096,0.0015678107738494873,0.6018243432044983,0.6091654896736145,0.9515509605407715,0.34369760751724243,0.3453289270401001,0.001631319522857666,0.07837263494729996,0.0787399485707283,0.1520368754863739,2.3733320236206055,2.3758227825164795,0.7180743217468262,0.7360298037528992,1.4342966079711914,0.2174033224582672,0.21120867133140564,0.31567129492759705,3.195749044418335,3.0144832134246826,0.6157792806625366,0.6191422939300537,3.776947021484375,0.9869689345359802,0.25624576210975647,1.1754157543182373,0.9985613226890564,0.5896526575088501,1.2479809522628784,0.8927794694900513,0.899039089679718,0.006259620189666748,0.10722053050994873,1.2976350784301758,1.3946467638015747,0.09701168537139893
train,174,55.749847412109375,56.842979431152344,1.0931320190429688,1.0931320190429688,0.02717253752052784,49.7607421875,51.08521270751953,1.3244705200195312,1.3244705200195312,0.023967839777469635,12.558853149414062,12.089773178100586,-0.46907997131347656,0.46907997131347656,0.01315399445593357,0.47323089838027954,1.5989373922348022,0.4754256010055542,1.4295220375061035,0.10502400994300842,0.3521861433982849,0.9486566185951233,3.02055025100708,1.0536805391311646,3.359992265701294,0.5759538412094116,0.9952182769775391,0.3300604224205017,0.9717977643013,0.1111111119389534,0.4166666567325592,0.6607873439788818,0.6814788579940796,1.1957173347473145,0.3176291882991791,0.31771600246429443,8.681416511535645e-05,0.6555472016334534,0.6758838891983032,1.1485482454299927,0.3017854392528534,0.30187979340553284,9.435415267944336e-05,0.6555472016334534,0.6758838891983032,1.1485482454299927,0.3017854392528534,0.30187979340553284,9.435415267944336e-05,0.07737226039171219,0.07857395708560944,0.20143690705299377,2.3923423290252686,2.3930575847625732,0.7159789204597473,0.7316668629646301,1.433363914489746,0.21447929739952087,0.22547554969787598,0.32500749826431274,3.2062551975250244,2.994051218032837,0.6165787577629089,0.6230599284172058,3.734602928161621,0.9820194840431213,0.2555955946445465,1.1707782745361328,0.9975497126579285,0.5891860127449036,1.2467284202575684,0.8899770379066467,0.8968256115913391,0.006848573684692383,0.11002296209335327,1.2995535135269165,1.3954057693481445,0.09585225582122803
train,175,55.532840728759766,56.29644012451172,0.7635993957519531,0.7635993957519531,0.018670102581381798,49.62367248535156,50.42300033569336,0.7993278503417969,0.7993278503417969,0.02109067514538765,12.08657169342041,12.324336051940918,0.2377643585205078,0.2377643585205078,0.010775106027722359,0.47269704937934875,1.602512240409851,0.47310924530029297,1.4295084476470947,0.10780549049377441,0.36717095971107483,0.9458063840866089,3.026620864868164,1.0536118745803833,3.389146327972412,0.576061487197876,0.9953144192695618,0.33131635189056396,0.9862568378448486,0.1111111119389534,0.3888888955116272,0.6687507033348083,0.668732762336731,1.1688367128372192,0.30795368552207947,0.30840185284614563,0.0004481673240661621,0.5719717144966125,0.5733669996261597,0.8978128433227539,0.3501320481300354,0.3514136075973511,0.0012815594673156738,0.5719717144966125,0.5733669996261597,0.8978128433227539,0.3501320481300354,0.3514136075973511,0.0012815594673156738,0.0780673399567604,0.08063293993473053,0.21211367845535278,2.4299843311309814,2.4285409450531006,0.7094323039054871,0.7260807752609253,1.4324122667312622,0.22013486921787262,0.21947993338108063,0.31287136673927307,3.2498340606689453,3.0421793460845947,0.6126822829246521,0.6209582090377808,3.7762138843536377,0.9824174046516418,0.2552192509174347,1.1713132858276367,0.9976320266723633,0.5905400514602661,1.2468318939208984,0.8834918737411499,0.8904706239700317,0.006978750228881836,0.1165081262588501,1.3708600997924805,1.477171778678894,0.10631167888641357
train,176,55.31706619262695,55.9146614074707,0.59759521484375,0.59759521484375,0.0233584176748991,49.15839767456055,50.02336120605469,0.8649635314941406,0.8649635314941406,0.021590210497379303,11.926909446716309,12.205476760864258,0.2785673141479492,0.2785673141479492,0.014350948855280876,0.47197410464286804,1.6233376264572144,0.47058263421058655,1.4526995420455933,0.10571154206991196,0.355108380317688,0.9425566792488098,3.0694527626037598,1.04826819896698,3.419179916381836,0.5785666704177856,0.9929612874984741,0.3342136740684509,0.9850301742553711,0.1111111119389534,0.4027777910232544,0.6687417030334473,0.6713659167289734,1.171547770500183,0.2884068191051483,0.28802230954170227,-0.0003845095634460449,0.6178397536277771,0.6314467787742615,0.9815431833267212,0.3437141478061676,0.3456166684627533,0.0019025206565856934,0.6178397536277771,0.6314467787742615,0.9815431833267212,0.3437141478061676,0.3456166684627533,0.0019025206565856934,0.07936406880617142,0.08213241398334503,0.20554451644420624,2.430093288421631,2.429797887802124,0.7099069356918335,0.7265173196792603,1.437483787536621,0.2171986997127533,0.21519798040390015,0.33931949734687805,3.2618842124938965,3.0579380989074707,0.6109342575073242,0.6174408793449402,3.7267565727233887,0.9829620718955994,0.2542155385017395,1.172728180885315,0.9977614879608154,0.5900699496269226,1.2470005750656128,0.8892179727554321,0.8956515789031982,0.006433606147766113,0.11078202724456787,1.3213428258895874,1.4008928537368774,0.07955002784729004
train,177,57.294837951660156,55.61589431762695,-1.6789436340332031,1.6789436340332031,0.02076062373816967,51.607643127441406,49.59090042114258,-2.016742706298828,2.016742706298828,0.020115245133638382,11.96594524383545,12.066215515136719,0.10027027130126953,0.10027027130126953,0.00987738836556673,0.47382035851478577,1.647998571395874,0.4690929055213928,1.479149580001831,0.10586448013782501,0.34922564029693604,0.942913293838501,3.1223294734954834,1.0487778186798096,3.445464611053467,0.5789350271224976,0.9932936429977417,0.33571645617485046,0.9864141345024109,0.1111111119389534,0.3888888955116272,0.6662764549255371,0.6600375175476074,1.102839708328247,0.321630597114563,0.32243669033050537,0.0008060932159423828,0.6700423955917358,0.6656166911125183,1.1758854389190674,0.28201809525489807,0.2832968533039093,0.0012787580490112305,0.6700423955917358,0.6656166911125183,1.1758854389190674,0.28201809525489807,0.2832968533039093,0.0012787580490112305,0.08080611377954483,0.0790155902504921,0.22829866409301758,2.427091121673584,2.4231925010681152,0.7092634439468384,0.7279569506645203,1.4437919855117798,0.21362324059009552,0.20628565549850464,0.30904245376586914,3.2367780208587646,3.0408284664154053,0.6133468747138977,0.616483211517334,3.708056926727295,0.9836967587471008,0.2539979815483093,1.1744941473007202,0.9979177117347717,0.5894021987915039,1.2472035884857178,0.8982049822807312,0.9052964448928833,0.0070914626121521,0.1017950177192688,1.2750234603881836,1.3405110836029053,0.06548762321472168
train,178,58.73271179199219,56.45538330078125,-2.2773284912109375,2.2773284912109375,0.020953085273504257,52.15430450439453,50.59929656982422,-1.5550079345703125,1.5550079345703125,0.021729519590735435,11.443061828613281,12.016104698181152,0.5730428695678711,0.5730428695678711,0.010310065001249313,0.4785357117652893,1.6638059616088867,0.4755343198776245,1.4794559478759766,0.10510775446891785,0.3731420040130615,0.9540700912475586,3.1383867263793945,1.0591778755187988,3.4586563110351562,0.5748997926712036,0.9904832243919373,0.3310202360153198,0.9809027314186096,0.1111111119389534,0.3888888955116272,0.6214917898178101,0.6226087212562561,1.052572250366211,0.3273269832134247,0.3277958631515503,0.00046887993812561035,0.6214917898178101,0.6226087212562561,1.052572250366211,0.3273269832134247,0.3277958631515503,0.00046887993812561035,0.6148476004600525,0.6164268851280212,0.9607508778572083,0.3312833607196808,0.3316165804862976,0.0003332197666168213,0.07993648946285248,0.07856229692697525,0.16794170439243317,2.4186007976531982,2.4191641807556152,0.7126367688179016,0.7288125157356262,1.4466618299484253,0.2068873643875122,0.20825614035129547,0.2929704785346985,3.1876423358917236,3.013733148574829,0.6231576800346375,0.6265655755996704,3.687929391860962,0.9842212200164795,0.25490546226501465,1.1753392219543457,0.9980104565620422,0.5894407629966736,1.2473212480545044,0.8985283970832825,0.9062414765357971,0.0077130794525146484,0.10147160291671753,1.2695859670639038,1.3446048498153687,0.07501888275146484
train,179,56.73841094970703,57.59407043457031,0.8556594848632812,0.8556594848632812,0.01617252267897129,50.24578857421875,51.37681579589844,1.1310272216796875,1.1310272216796875,0.017779113724827766,12.348627090454102,11.729606628417969,-0.6190204620361328,0.6190204620361328,0.012141112238168716,0.4837273955345154,1.6631814241409302,0.4814426600933075,1.4961038827896118,0.10349538177251816,0.3772287964820862,0.9651700258255005,3.1508164405822754,1.0686653852462769,3.4675369262695312,0.5686894655227661,0.99178546667099,0.32896503806114197,0.981773316860199,0.1111111119389534,0.3888888955116272,0.6220587491989136,0.6317000389099121,1.047426700592041,0.32780274748802185,0.3284102976322174,0.0006075501441955566,0.6234315037727356,0.6332319378852844,1.0466653108596802,0.3469405174255371,0.34784457087516785,0.0009040534496307373,0.618021547794342,0.6269384622573853,0.9757491946220398,0.35024335980415344,0.35120725631713867,0.0009638965129852295,0.07916972041130066,0.08048444241285324,0.1759495735168457,2.4186575412750244,2.411180257797241,0.7112715244293213,0.7291020750999451,1.442784070968628,0.20945163071155548,0.21967948973178864,0.2922443449497223,3.1993980407714844,3.044912099838257,0.6236940622329712,0.62263023853302,3.7180769443511963,0.9845644235610962,0.2542000710964203,1.1760762929916382,0.9980764389038086,0.5920518040657043,1.2474066019058228,0.8950812816619873,0.9047656059265137,0.009684324264526367,0.1049187183380127,1.331147313117981,1.4074729681015015,0.07632565498352051
train,180,57.89619827270508,57.166263580322266,-0.7299346923828125,0.7299346923828125,0.02401774935424328,51.78239440917969,50.81132507324219,-0.9710693359375,0.9710693359375,0.023668944835662842,12.233377456665039,12.039140701293945,-0.19423675537109375,0.19423675537109375,0.011932109482586384,0.48381295800209045,1.6357084512710571,0.48074162006378174,1.477484107017517,0.10599309206008911,0.3540608286857605,0.9645545482635498,3.1031103134155273,1.0705475807189941,3.448110818862915,0.5690610408782959,0.990993320941925,0.32933446764945984,0.9803794622421265,0.1111111119389534,0.3888888955116272,0.6276513338088989,0.6318554878234863,1.0982156991958618,0.34395819902420044,0.3450366258621216,0.0010784268379211426,0.6729696989059448,0.6775391101837158,1.1707136631011963,0.30463021993637085,0.30500176548957825,0.00037154555320739746,0.6729696989059448,0.6775391101837158,1.1707136631011963,0.30463021993637085,0.30500176548957825,0.00037154555320739746,0.07919508963823318,0.07855835556983948,0.2075463831424713,2.4295153617858887,2.421722650527954,0.7085047960281372,0.7270004153251648,1.4515929222106934,0.21546347439289093,0.20946422219276428,0.3026953339576721,3.2293477058410645,3.0341222286224365,0.6203482151031494,0.625225841999054,3.7337772846221924,0.9838131666183472,0.2532293498516083,1.1743847131729126,0.9979345798492432,0.5936230421066284,1.247222661972046,0.9042669534683228,0.9118972420692444,0.007630288600921631,0.09573304653167725,1.2414746284484863,1.2971850633621216,0.055710434913635254
train,181,58.0852165222168,57.53125,-0.5539665222167969,0.5539665222167969,0.027284549549221992,52.256568908691406,51.29688262939453,-0.959686279296875,0.959686279296875,0.024191496893763542,13.15019416809082,12.136281967163086,-1.0139122009277344,1.0139122009277344,0.011838007718324661,0.4904465675354004,1.751078486442566,0.48393329977989197,1.5866066217422485,0.107081837952137,0.39619430899620056,0.97437983751297,3.336543560028076,1.081461787223816,3.7257285118103027,0.5670333504676819,0.9819298982620239,0.3330223560333252,0.9623023867607117,0.125,0.375,0.6290867328643799,0.6053858399391174,1.0582046508789062,0.3408249020576477,0.3424031734466553,0.0015782713890075684,0.6302751898765564,0.606834888458252,1.0593948364257812,0.3402998447418213,0.34178897738456726,0.0014891326427459717,0.6236891150474548,0.5992926955223083,0.9881640672683716,0.344044029712677,0.34559449553489685,0.0015504658222198486,0.079205222427845,0.0775681585073471,0.22492171823978424,2.4120750427246094,2.4003660678863525,0.7093082666397095,0.7280610799789429,1.4492214918136597,0.20944087207317352,0.19779078662395477,0.33295416831970215,3.185965061187744,3.0083396434783936,0.6304206848144531,0.6353159546852112,3.7208540439605713,0.9877495169639587,0.2532591223716736,1.1796246767044067,0.9986951947212219,0.5950413942337036,1.2481777667999268,0.9038168787956238,0.9146738648414612,0.010856986045837402,0.09618312120437622,1.2071667909622192,1.2566750049591064,0.04950821399688721
train,182,58.13634490966797,57.808258056640625,-0.32808685302734375,0.32808685302734375,0.018146716058254242,51.57944869995117,51.77675247192383,0.19730377197265625,0.19730377197265625,0.021145962178707123,11.640617370605469,12.64326000213623,1.0026426315307617,1.0026426315307617,0.012675229460000992,0.4911765456199646,1.8313672542572021,0.48304256796836853,1.6205824613571167,0.1104225441813469,0.3963238596916199,0.974219024181366,3.4519495964050293,1.084641695022583,3.8470537662506104,0.5691859722137451,0.9847787618637085,0.33249780535697937,0.9662857055664062,0.1388888955116272,0.375,0.6171263456344604,0.61625736951828,1.0407624244689941,0.3528950810432434,0.3544076383113861,0.0015125572681427002,0.6184463500976562,0.6183187961578369,1.0420832633972168,0.35246893763542175,0.35388875007629395,0.0014198124408721924,0.6113777756690979,0.6126013994216919,0.9702168107032776,0.3564462661743164,0.35792863368988037,0.0014823675155639648,0.07692869007587433,0.07623656839132309,0.2074580043554306,2.3642349243164062,2.363312005996704,0.7181398272514343,0.737427830696106,1.439186453819275,0.20291279256343842,0.205245241522789,0.30985206365585327,3.115445613861084,2.9628307819366455,0.6364284157752991,0.6404827237129211,3.7350735664367676,0.9892517924308777,0.2531515061855316,1.1814712285995483,0.9989427924156189,0.5939443111419678,1.2484878301620483,0.9004498720169067,0.9121445417404175,0.011694669723510742,0.09955012798309326,1.2114036083221436,1.2530590295791626,0.04165542125701904
train,183,57.44511413574219,57.972320556640625,0.5272064208984375,0.5272064208984375,0.020504198968410492,51.42171859741211,51.678123474121094,0.2564048767089844,0.2564048767089844,0.024060063064098358,12.275871276855469,12.141962051391602,-0.1339092254638672,0.1339092254638672,0.007635251618921757,0.49296480417251587,1.8766456842422485,0.48302242159843445,1.658980131149292,0.10716035962104797,0.40705636143684387,0.9759871959686279,3.53562593460083,1.0831475257873535,3.9422497749328613,0.568282961845398,0.9896109104156494,0.3329712152481079,0.9777669906616211,0.1388888955116272,0.3888888955116272,0.6183826923370361,0.6115351319313049,1.0407793521881104,0.35222989320755005,0.3537876009941101,0.0015577077865600586,0.6143767237663269,0.6074674725532532,1.0135689973831177,0.3542397916316986,0.3554392158985138,0.0011994242668151855,0.606304407119751,0.5981618762016296,0.9221930503845215,0.3596780300140381,0.36073216795921326,0.001054137945175171,0.07660570740699768,0.07461261004209518,0.2062474638223648,2.3613381385803223,2.3579204082489014,0.7166936993598938,0.7375489473342896,1.4352796077728271,0.2042141556739807,0.2078438699245453,0.31160682439804077,3.087956428527832,2.9110677242279053,0.6393619775772095,0.6480467915534973,3.814439058303833,0.9902718663215637,0.2533942759037018,1.181945562362671,0.9990999698638916,0.5948047041893005,1.2486777305603027,0.904181182384491,0.9134669899940491,0.009285807609558105,0.09581881761550903,1.1783466339111328,1.2377067804336548,0.05936014652252197
train,184,57.594390869140625,57.708740234375,0.114349365234375,0.114349365234375,0.01180864218622446,51.49402618408203,51.54994583129883,0.055919647216796875,0.055919647216796875,0.013937483541667461,12.56997013092041,12.208939552307129,-0.36103057861328125,0.36103057861328125,0.009448133409023285,0.488445907831192,1.8481508493423462,0.4807488024234772,1.6266101598739624,0.107798270881176,0.3889620006084442,0.9691946506500244,3.4747610092163086,1.0769928693771362,3.863723039627075,0.569862961769104,0.9902150630950928,0.3305147886276245,0.9770424962043762,0.1388888955116272,0.3888888955116272,0.614967405796051,0.6119856834411621,1.0368763208389282,0.35677313804626465,0.3580619990825653,0.0012888610363006592,0.614967405796051,0.6119856834411621,1.0368763208389282,0.35677313804626465,0.3580619990825653,0.0012888610363006592,0.6010695099830627,0.5991576313972473,0.8757596611976624,0.36542168259620667,0.3666602373123169,0.0012385547161102295,0.07524442672729492,0.07580529898405075,0.20591509342193604,2.338355779647827,2.333385944366455,0.721356213092804,0.7419847846031189,1.4298932552337646,0.20742127299308777,0.21284162998199463,0.31224554777145386,3.128739356994629,2.9385411739349365,0.631127119064331,0.6409904956817627,3.8189711570739746,0.9894264936447144,0.25488442182540894,1.1799540519714355,0.9989718198776245,0.5923550724983215,1.2485089302062988,0.9128727316856384,0.9227038621902466,0.009831130504608154,0.08712726831436157,1.1335198879241943,1.1941925287246704,0.060672640800476074
train,185,58.444801330566406,57.65159225463867,-0.7932090759277344,0.7932090759277344,0.02140755206346512,52.58171081542969,51.52200698852539,-1.0597038269042969,1.0597038269042969,0.019799305126070976,11.870088577270508,12.38947868347168,0.5193901062011719,0.5193901062011719,0.011961878277361393,0.4883629083633423,1.833872675895691,0.48302045464515686,1.6621705293655396,0.1104465201497078,0.4112536907196045,0.9713833332061768,3.4960432052612305,1.0818299055099487,3.901592493057251,0.5699722766876221,0.9884778261184692,0.3296707570552826,0.9683517813682556,0.1388888955116272,0.4027777910232544,0.6143374443054199,0.6018112897872925,1.0758392810821533,0.3600568175315857,0.36080029606819153,0.000743478536605835,0.6539804339408875,0.6445473432540894,1.0764925479888916,0.31776443123817444,0.31834134459495544,0.0005769133567810059,0.641477644443512,0.633381724357605,0.9164057970046997,0.3262811303138733,0.32680603861808777,0.0005249083042144775,0.07476343959569931,0.0734310895204544,0.15251728892326355,2.3357105255126953,2.333848476409912,0.7241805195808411,0.7410922646522522,1.4247325658798218,0.21057355403900146,0.2191329449415207,0.3350389301776886,3.1670212745666504,2.9794840812683105,0.6263657212257385,0.6356407403945923,3.819976329803467,0.9897850155830383,0.2546643018722534,1.1806999444961548,0.9990311861038208,0.5927011966705322,1.2485859394073486,0.9035230278968811,0.9141672849655151,0.010644257068634033,0.0964769721031189,1.2252336740493774,1.2770899534225464,0.051856279373168945
train,186,58.41104507446289,58.0482177734375,-0.3628273010253906,0.3628273010253906,0.029919803142547607,52.54254150390625,52.051883697509766,-0.4906578063964844,0.4906578063964844,0.026032663881778717,11.836111068725586,12.129806518554688,0.29369544982910156,0.29369544982910156,0.012388489209115505,0.4915890097618103,1.8848837614059448,0.48846518993377686,1.6866282224655151,0.10907620936632156,0.37980005145072937,0.9800541996955872,3.57151198387146,1.0891304016113281,3.944840669631958,0.5668691992759705,0.9904395341873169,0.32367366552352905,0.9709699749946594,0.1388888955116272,0.4166666567325592,0.6094334125518799,0.6165544390678406,1.0641692876815796,0.36492788791656494,0.3654518723487854,0.000523984432220459,0.649215817451477,0.6587717533111572,1.0654135942459106,0.32233133912086487,0.32262560725212097,0.0002942681312561035,0.642309308052063,0.6520214676856995,0.9742782115936279,0.32698655128479004,0.3271911144256592,0.00020456314086914062,0.07342004776000977,0.07361914962530136,0.14930853247642517,2.3187060356140137,2.3148624897003174,0.7273543477058411,0.7439036965370178,1.4144912958145142,0.21604681015014648,0.21003945171833038,0.3808799982070923,3.205430269241333,2.9914286136627197,0.6170685291290283,0.6333935260772705,3.833509922027588,0.9904194474220276,0.2548483610153198,1.1811819076538086,0.9991286396980286,0.5944352149963379,1.248705506324768,0.8946346044540405,0.905296266078949,0.010661661624908447,0.10536539554595947,1.2970296144485474,1.345269799232483,0.04824018478393555
train,187,57.78812789916992,58.229652404785156,0.4415245056152344,0.4415245056152344,0.024386724457144737,51.47785568237305,52.29723358154297,0.8193778991699219,0.8193778991699219,0.02669941633939743,11.906705856323242,11.982982635498047,0.07627677917480469,0.07627677917480469,0.01306306291371584,0.497027724981308,1.9329203367233276,0.4921934902667999,1.718309760093689,0.10842759162187576,0.42359548807144165,0.9892212748527527,3.649503231048584,1.0976488590240479,4.072423934936523,0.5622832775115967,0.9904913306236267,0.32328280806541443,0.9810783267021179,0.1388888955116272,0.4305555522441864,0.6540162563323975,0.6420049667358398,1.06758713722229,0.31592461466789246,0.31596386432647705,3.9249658584594727e-05,0.6807902455329895,0.6719553470611572,0.9494588375091553,0.3060237169265747,0.30667296051979065,0.0006492435932159424,0.6807902455329895,0.6719553470611572,0.9494588375091553,0.3060237169265747,0.30667296051979065,0.0006492435932159424,0.07406599819660187,0.07420097291469574,0.21317969262599945,2.3459675312042236,2.3411943912506104,0.7233015298843384,0.7407594323158264,1.4159190654754639,0.20818209648132324,0.20097729563713074,0.3366409242153168,3.1250171661376953,2.900008201599121,0.6329915523529053,0.6512675285339355,3.8740499019622803,0.9915693402290344,0.2544780969619751,1.1829912662506104,0.9992865920066833,0.597001314163208,1.2489092350006104,0.925006628036499,0.9383585453033447,0.013351917266845703,0.07499337196350098,1.146622896194458,1.1617995500564575,0.015176653861999512
train,188,56.632389068603516,58.008914947509766,1.37652587890625,1.37652587890625,0.030526595190167427,50.943702697753906,51.88756561279297,0.9438629150390625,0.9438629150390625,0.029990745708346367,11.903979301452637,11.944867134094238,0.04088783264160156,0.04088783264160156,0.010560866445302963,0.49194711446762085,1.9042354822158813,0.482613205909729,1.6890450716018677,0.10630610585212708,0.3919559121131897,0.9745603203773499,3.5909171104431152,1.0808664560317993,3.980933666229248,0.5651105642318726,0.9930273294448853,0.3237808048725128,0.98478102684021,0.125,0.4166666567325592,0.6466829776763916,0.649267852306366,1.0531498193740845,0.3216128945350647,0.32146695256233215,-0.00014594197273254395,0.6848899126052856,0.6891677379608154,1.0454946756362915,0.2973790168762207,0.2976835370063782,0.0003045201301574707,0.677952229976654,0.6824573278427124,0.9434499144554138,0.3092285394668579,0.30960914492607117,0.00038060545921325684,0.07328078150749207,0.07427339255809784,0.13806064426898956,2.3296139240264893,2.323085308074951,0.7294846177101135,0.7453380227088928,1.4121172428131104,0.20855192840099335,0.2096484899520874,0.3634360432624817,3.155555486679077,2.9759438037872314,0.6214562654495239,0.6356061100959778,3.8310985565185547,0.9906933903694153,0.2537038028240204,1.1820255517959595,0.9991675615310669,0.5949928164482117,1.2487584352493286,0.9179561138153076,0.9272761344909668,0.00932002067565918,0.08204388618469238,1.1856529712677002,1.2344304323196411,0.04877746105194092
train,189,56.44175720214844,57.3206787109375,0.8789215087890625,0.8789215087890625,0.02585216984152794,50.31929397583008,51.4156608581543,1.0963668823242188,1.0963668823242188,0.027757465839385986,11.277168273925781,11.924446105957031,0.64727783203125,0.64727783203125,0.0091702276840806,0.4885827302932739,1.8333818912506104,0.48031023144721985,1.6236605644226074,0.10783593356609344,0.394957572221756,0.9688929319381714,3.453728437423706,1.0767289400100708,3.8484411239624023,0.5637337565422058,0.9936860799789429,0.32391297817230225,0.987639307975769,0.1111111119389534,0.4305555522441864,0.6443920135498047,0.6417546272277832,0.9698691964149475,0.31255391240119934,0.3127077519893646,0.0001538395881652832,0.6869204640388489,0.6862761974334717,1.0133757591247559,0.294454425573349,0.2946080267429352,0.00015360116958618164,0.6814616918563843,0.6808246374130249,0.9448727965354919,0.3059438467025757,0.3063403367996216,0.00039649009704589844,0.07413005083799362,0.0737021341919899,0.15159577131271362,2.3460748195648193,2.3474678993225098,0.7284932136535645,0.7421008348464966,1.4086081981658936,0.20898820459842682,0.21801675856113434,0.39417365193367004,3.2159814834594727,3.0586650371551514,0.6097404360771179,0.6199526786804199,3.794499635696411,0.9892411828041077,0.2539619207382202,1.1796681880950928,0.9989427924156189,0.5939316153526306,1.248471975326538,0.9213877320289612,0.9312433004379272,0.009855568408966064,0.07861226797103882,1.1416840553283691,1.1632159948349,0.02153193950653076
train,190,55.6923828125,56.88124084472656,1.1888580322265625,1.1888580322265625,0.028775295242667198,49.85539627075195,50.86750030517578,1.0121040344238281,1.0121040344238281,0.02711113542318344,11.887908935546875,11.600830078125,-0.287078857421875,0.287078857421875,0.01027950644493103,0.4831550419330597,1.7536630630493164,0.4729311764240265,1.5513596534729004,0.10613768547773361,0.38531503081321716,0.9560861587524414,3.304595470428467,1.0622239112854004,3.6876726150512695,0.563892126083374,0.9934800863265991,0.32428163290023804,0.9869272708892822,0.125,0.4305555522441864,0.6430875062942505,0.6474748849868774,0.9671967625617981,0.3134962022304535,0.31373825669288635,0.00024205446243286133,0.6399641036987305,0.6442743539810181,0.9640568494796753,0.3238815665245056,0.3236747980117798,-0.00020676851272583008,0.6399641036987305,0.6442743539810181,0.9640568494796753,0.32610857486724854,0.3260030746459961,-0.0001055002212524414,0.0743679627776146,0.07482048124074936,0.15609247982501984,2.368506669998169,2.3602852821350098,0.725375235080719,0.7406404614448547,1.4026907682418823,0.21792079508304596,0.21778997778892517,0.36496666073799133,3.27809739112854,3.112114191055298,0.5983753800392151,0.6128162145614624,3.7589759826660156,0.9871152639389038,0.25391510128974915,1.1762393712997437,0.9985854625701904,0.5914691090583801,1.248017430305481,0.9327192902565002,0.9436640739440918,0.010944783687591553,0.06728070974349976,1.1614261865615845,1.2095962762832642,0.04817008972167969
train,191,56.144432067871094,56.28683090209961,0.14239883422851562,0.14239883422851562,0.017182551324367523,50.268760681152344,50.361473083496094,0.09271240234375,0.09271240234375,0.017435044050216675,12.22038459777832,11.744392395019531,-0.47599220275878906,0.47599220275878906,0.012454759329557419,0.47732406854629517,1.6563526391983032,0.4693710505962372,1.4658474922180176,0.10695972293615341,0.36288684606552124,0.94669508934021,3.118633270263672,1.0536550283432007,3.4812612533569336,0.5670261383056641,0.9932808876037598,0.3246714770793915,0.9849534034729004,0.125,0.4166666567325592,0.6438844799995422,0.6496301889419556,0.9724681973457336,0.3120083510875702,0.3122141361236572,0.00020578503608703613,0.6866603493690491,0.6939497590065002,1.0158894062042236,0.2938845455646515,0.2943159341812134,0.00043138861656188965,0.6816170811653137,0.6878941655158997,0.9480924010276794,0.3043290376663208,0.3049350678920746,0.0006060302257537842,0.07548192143440247,0.07480653375387192,0.21214503049850464,2.400867223739624,2.392216444015503,0.7169042825698853,0.736328125,1.4011199474334717,0.2200075387954712,0.2257857322692871,0.34959566593170166,3.309338331222534,3.1336138248443604,0.5972917675971985,0.6083553433418274,3.7352912425994873,0.9839518666267395,0.25307849049568176,1.1729934215545654,0.9979754090309143,0.5893958210945129,1.2472596168518066,0.9295531511306763,0.9386992454528809,0.00914609432220459,0.07044684886932373,1.1589409112930298,1.2089897394180298,0.050048828125
train,192,56.790008544921875,56.21565246582031,-0.5743560791015625,0.5743560791015625,0.020238352939486504,50.6884765625,50.31513977050781,-0.3733367919921875,0.3733367919921875,0.02178448811173439,12.335847854614258,11.982412338256836,-0.3534355163574219,0.3534355163574219,0.016951628029346466,0.4766980707645416,1.636222243309021,0.4684356451034546,1.4960551261901855,0.10881150513887405,0.3744295537471771,0.9451337456703186,3.126760959625244,1.0539451837539673,3.4987189769744873,0.5675642490386963,0.9939956068992615,0.3275240659713745,0.986939013004303,0.125,0.4305555522441864,0.6917687058448792,0.6841910481452942,1.021378755569458,0.2889167368412018,0.2891026735305786,0.00018593668937683105,0.6863958239555359,0.6794649362564087,0.9677039384841919,0.2925921082496643,0.2928397059440613,0.00024759769439697266,0.6530555486679077,0.6492785811424255,0.8984192609786987,0.3027231991291046,0.3027028441429138,-2.03549861907959e-05,0.0757354348897934,0.07451138645410538,0.2208520919084549,2.4057695865631104,2.400390386581421,0.7187339663505554,0.7369753122329712,1.405015468597412,0.2220943123102188,0.221140518784523,0.32024842500686646,3.2881648540496826,3.0748887062072754,0.6017285585403442,0.6234799027442932,3.8368358612060547,0.9841811656951904,0.2534158229827881,1.173234462738037,0.9980284571647644,0.5884618759155273,1.2473258972167969,0.936939001083374,0.9472387433052063,0.010299742221832275,0.06306099891662598,1.1106528043746948,1.1691848039627075,0.058531999588012695
train,193,57.20524215698242,56.50285339355469,-0.7023887634277344,0.7023887634277344,0.018020031973719597,51.48362350463867,50.5018310546875,-0.9817924499511719,0.9817924499511719,0.0176495760679245,11.87570571899414,12.159153938293457,0.2834482192993164,0.2834482192993164,0.014504503458738327,0.4797004461288452,1.6531084775924683,0.46880143880844116,1.4825611114501953,0.10836218297481537,0.3456157445907593,0.9485018253326416,3.1298880577087402,1.0568641424179077,3.4635796546936035,0.5658686757087708,0.9940286874771118,0.32653796672821045,0.9882073402404785,0.125,0.4305555522441864,0.6879657506942749,0.6773633360862732,1.013253927230835,0.2923293709754944,0.29258501529693604,0.0002556443214416504,0.6865726709365845,0.6760451793670654,1.0118606090545654,0.29301396012306213,0.2934117913246155,0.0003978312015533447,0.6813284754753113,0.671116292476654,0.9451857209205627,0.3025244474411011,0.303061842918396,0.0005373954772949219,0.07327746599912643,0.07217232137918472,0.212004616856575,2.386854648590088,2.384852170944214,0.7222331762313843,0.739478588104248,1.4012062549591064,0.22054938971996307,0.21544493734836578,0.3294307291507721,3.2667787075042725,3.1352016925811768,0.6058610081672668,0.6116028428077698,3.8102991580963135,0.9839178323745728,0.2528837323188782,1.1732038259506226,0.9979709982872009,0.5896141529083252,1.2472562789916992,0.9348047971725464,0.9454749226570129,0.010670125484466553,0.06519520282745361,1.05303955078125,1.0724347829818726,0.01939523220062256
train,194,58.321006774902344,56.85407257080078,-1.4669342041015625,1.4669342041015625,0.02132965624332428,51.98028564453125,50.99275207519531,-0.9875335693359375,0.9875335693359375,0.022436849772930145,12.537944793701172,12.017452239990234,-0.5204925537109375,0.5204925537109375,0.009557344019412994,0.4798368811607361,1.6258801221847534,0.46964821219444275,1.4438778162002563,0.10592111945152283,0.3643782436847687,0.9494851231575012,3.063404083251953,1.0554062128067017,3.3790180683135986,0.5647405982017517,0.9933502674102783,0.32437917590141296,0.9822625517845154,0.125,0.4166666567325592,0.6812582015991211,0.6854247450828552,1.002485990524292,0.29823213815689087,0.2985874116420746,0.0003552734851837158,0.6812582015991211,0.6854247450828552,1.002485990524292,0.29823213815689087,0.2985874116420746,0.0003552734851837158,0.6452983021736145,0.6500017046928406,0.8811213970184326,0.3117646872997284,0.3118673861026764,0.00010269880294799805,0.07195504009723663,0.07192719727754593,0.1471891850233078,2.3886046409606934,2.3834469318389893,0.7234575152397156,0.7377537488937378,1.3923083543777466,0.22264181077480316,0.2262089103460312,0.30753111839294434,3.2451140880584717,3.1403419971466064,0.608893096446991,0.6097182631492615,3.8275327682495117,0.98272705078125,0.2515907287597656,1.1714555025100708,0.9977009892463684,0.5903542041778564,1.2469158172607422,0.9288588166236877,0.9395654797554016,0.010706663131713867,0.07114118337631226,1.1067728996276855,1.178534746170044,0.0717618465423584
train,195,58.22053146362305,57.587554931640625,-0.6329765319824219,0.6329765319824219,0.014802781865000725,51.611717224121094,51.48653793334961,-0.12517929077148438,0.12517929077148438,0.017445851117372513,11.908159255981445,12.277722358703613,0.36956310272216797,0.36956310272216797,0.010640922002494335,0.4820100963115692,1.6421940326690674,0.4701730012893677,1.443394660949707,0.1085224449634552,0.3888072073459625,0.9521830677986145,3.0711166858673096,1.060705542564392,3.4422190189361572,0.5626877546310425,0.9917048215866089,0.32537123560905457,0.9729731678962708,0.125,0.4166666567325592,0.6833613514900208,0.6846417784690857,1.0039753913879395,0.2980726957321167,0.298349529504776,0.00027683377265930176,0.6878073215484619,0.6891583204269409,1.1254477500915527,0.29712769389152527,0.29711461067199707,-1.3083219528198242e-05,0.6495925784111023,0.6530237793922424,0.9256685376167297,0.309725284576416,0.30951961874961853,-0.00020566582679748535,0.07300832867622375,0.07333263009786606,0.1545151174068451,2.3949804306030273,2.388424873352051,0.7228647470474243,0.7372878193855286,1.3919343948364258,0.2255377322435379,0.22898229956626892,0.3730115294456482,3.29118013381958,3.160243034362793,0.6020640730857849,0.6089014410972595,3.837280035018921,0.9834730625152588,0.2514192759990692,1.1731441020965576,0.997855007648468,0.5904067158699036,1.2471156120300293,0.9327790141105652,0.9456343054771423,0.012855291366577148,0.06722098588943481,1.0546976327896118,1.0676119327545166,0.012914299964904785
train,196,56.497215270996094,57.90406799316406,1.4068527221679688,1.4068527221679688,0.024122267961502075,50.64128875732422,51.549156188964844,0.907867431640625,0.907867431640625,0.020552553236484528,12.057134628295898,12.092964172363281,0.03582954406738281,0.03582954406738281,0.008099636994302273,0.4825674593448639,1.6649614572525024,0.46800100803375244,1.4590855836868286,0.10808191448450089,0.39169013500213623,0.9505684971809387,3.114246368408203,1.0586504936218262,3.493727922439575,0.5619270205497742,0.9864386320114136,0.32658901810646057,0.9527624249458313,0.125,0.4166666567325592,0.6840022802352905,0.6859486699104309,1.0084370374679565,0.29778674244880676,0.29804450273513794,0.00025776028633117676,0.6340521574020386,0.6405988335609436,0.9951234459877014,0.33984124660491943,0.34065869450569153,0.0008174479007720947,0.6042099595069885,0.6106858253479004,0.884337842464447,0.35232749581336975,0.35222071409225464,-0.0001067817211151123,0.0729123130440712,0.07456553727388382,0.15497703850269318,2.3961148262023926,2.3862807750701904,0.7254182696342468,0.7395779490470886,1.3966751098632812,0.2290802001953125,0.22292184829711914,0.35144272446632385,3.3134829998016357,3.1627166271209717,0.5990740060806274,0.6117674708366394,3.8483009338378906,0.9841271042823792,0.25165510177612305,1.1747325658798218,0.9980047345161438,0.5896706581115723,1.247309923171997,0.9387176632881165,0.9509178996086121,0.012200236320495605,0.061282336711883545,1.0279840230941772,1.042391300201416,0.01440727710723877
train,197,56.439945220947266,57.200660705566406,0.7607154846191406,0.7607154846191406,0.022429699078202248,49.720577239990234,51.095245361328125,1.3746681213378906,1.3746681213378906,0.022259462624788284,11.351105690002441,12.075071334838867,0.7239656448364258,0.7239656448364258,0.012941038236021996,0.47610557079315186,1.6733522415161133,0.4641413688659668,1.474212408065796,0.10780748724937439,0.36158040165901184,0.9402468800544739,3.136418342590332,1.0480543375015259,3.489372491836548,0.5667460560798645,0.9873806238174438,0.330446720123291,0.9543288946151733,0.125,0.4166666567325592,0.6446384787559509,0.6433274149894714,1.0950649976730347,0.3151112496852875,0.31519636511802673,8.511543273925781e-05,0.6368783712387085,0.6359296441078186,0.9161906242370605,0.3181878328323364,0.31849032640457153,0.0003024935722351074,0.605366587638855,0.6054583191871643,0.849170982837677,0.36170992255210876,0.36146774888038635,-0.0002421736717224121,0.07233700156211853,0.0738726481795311,0.15524178743362427,2.396399974822998,2.3906681537628174,0.724546492099762,0.7378662824630737,1.401362657546997,0.22678032517433167,0.21357733011245728,0.318117618560791,3.3110580444335938,3.203796625137329,0.6001937389373779,0.6016103625297546,3.8036019802093506,0.9840304851531982,0.2517142593860626,1.175055742263794,0.9980006814002991,0.5878182649612427,1.247308611869812,0.9401453733444214,0.9534914493560791,0.013346076011657715,0.05985462665557861,1.0678443908691406,1.0789467096328735,0.01110231876373291
train,198,54.163856506347656,56.82032775878906,2.6564712524414062,2.6564712524414062,0.02460113912820816,48.676429748535156,50.407928466796875,1.7314987182617188,1.7314987182617188,0.018875131383538246,11.611078262329102,11.713111877441406,0.10203361511230469,0.10203361511230469,0.008580359630286694,0.4704796373844147,1.6842420101165771,0.45638740062713623,1.4789565801620483,0.10242120176553726,0.3216381072998047,0.9268670678138733,3.154582977294922,1.0292882919311523,3.471538543701172,0.5731236934661865,0.9879381656646729,0.3368709981441498,0.9580576419830322,0.1388888955116272,0.4027777910232544,0.6407950520515442,0.6513005495071411,0.9725430607795715,0.3177303969860077,0.31794488430023193,0.00021448731422424316,0.6053902506828308,0.615506649017334,0.8503117561340332,0.35154739022254944,0.351598858833313,5.1468610763549805e-05,0.6053902506828308,0.615506649017334,0.8503117561340332,0.3823322355747223,0.3825565278530121,0.00022429227828979492,0.07213514298200607,0.07376263290643692,0.19459441304206848,2.375089406967163,2.377674102783203,0.7266057133674622,0.7394456267356873,1.4074212312698364,0.21771559119224548,0.23412860929965973,0.3172638416290283,3.2372326850891113,3.1619186401367188,0.6112550497055054,0.6095150709152222,3.769239902496338,0.983653724193573,0.2520082890987396,1.1749004125595093,0.9979425072669983,0.5847890377044678,1.247238278388977,0.943720281124115,0.9584519863128662,0.01473170518875122,0.05627971887588501,1.0236073732376099,1.032358169555664,0.0087507963180542
train,199,53.1605224609375,55.49211502075195,2.331592559814453,2.331592559814453,0.02191048115491867,47.75178909301758,49.54220199584961,1.7904129028320312,1.7904129028320312,0.021827585995197296,10.904203414916992,11.662117958068848,0.7579145431518555,0.7579145431518555,0.010980550199747086,0.4627015292644501,1.6621042490005493,0.4506349563598633,1.4684505462646484,0.1035107895731926,0.3451654314994812,0.913336455821991,3.1269476413726807,1.0168472528457642,3.4677231311798096,0.5783876180648804,0.9861279129981995,0.3440284729003906,0.9599741697311401,0.125,0.375,0.6442926526069641,0.6523815393447876,0.9762908220291138,0.3418402373790741,0.34223705530166626,0.0003968179225921631,0.6103600263595581,0.6174729466438293,0.8553307056427002,0.3478022813796997,0.3479210436344147,0.00011876225471496582,0.6079919338226318,0.6157011389732361,0.7825550436973572,0.392006516456604,0.39200717210769653,6.556510925292969e-07,0.0731251984834671,0.07514365017414093,0.1480243057012558,2.3854687213897705,2.399768829345703,0.7258862853050232,0.7414467334747314,1.407484769821167,0.22380724549293518,0.22141745686531067,0.3209698498249054,3.2881247997283936,3.2153947353363037,0.6067289113998413,0.6025568842887878,3.800541877746582,0.9832456111907959,0.251265287399292,1.1739256381988525,0.9978604912757874,0.5836525559425354,1.2471317052841187,0.9459401965141296,0.963063657283783,0.01712346076965332,0.05405980348587036,1.0179818868637085,1.044956088066101,0.026974201202392578
train,200,52.179649353027344,54.32634353637695,2.1466941833496094,2.1466941833496094,0.02941947430372238,47.36613082885742,48.64701843261719,1.2808876037597656,1.2808876037597656,0.02462082728743553,10.71393871307373,11.283182144165039,0.5692434310913086,0.5692434310913086,0.008629430085420609,0.45328283309936523,1.6610342264175415,0.44256648421287537,1.487748384475708,0.101557157933712,0.34692278504371643,0.895849347114563,3.1385512351989746,0.9974064230918884,3.485474109649658,0.5861266255378723,0.987899899482727,0.3519958257675171,0.9635442495346069,0.1388888955116272,0.3611111044883728,0.6179438829421997,0.6383089423179626,0.9343797564506531,0.3422536849975586,0.3422654867172241,1.1801719665527344e-05,0.5695674419403076,0.5942291617393494,0.884467363357544,0.39809778332710266,0.3987360894680023,0.0006383061408996582,0.5654231905937195,0.5900306701660156,0.8128281235694885,0.400917112827301,0.40161508321762085,0.0006979703903198242,0.07580257952213287,0.07919222861528397,0.16586168110370636,2.39939284324646,2.4082329273223877,0.7219136953353882,0.7338114976882935,1.4136041402816772,0.22922222316265106,0.24296554923057556,0.35132309794425964,3.355998992919922,3.273918867111206,0.5920040607452393,0.5881012678146362,3.75561785697937,0.9832752346992493,0.2511831521987915,1.174392819404602,0.997879147529602,0.5800339579582214,1.2471588850021362,0.9427505731582642,0.959494948387146,0.016744375228881836,0.05724942684173584,0.9931780695915222,1.0092332363128662,0.016055166721343994
train,201,52.227806091308594,53.25301742553711,1.0252113342285156,1.0252113342285156,0.01577066443860531,46.933223724365234,48.00659942626953,1.0733757019042969,1.0733757019042969,0.015568681992590427,11.37251091003418,10.998584747314453,-0.37392616271972656,0.37392616271972656,0.00961193535476923,0.44424501061439514,1.668285608291626,0.4374960660934448,1.498844861984253,0.10020775347948074,0.35426199436187744,0.8817411661148071,3.1529383659362793,0.9819488525390625,3.507200241088867,0.5896519422531128,0.9909834861755371,0.35825008153915405,0.9648475050926208,0.125,0.3472222089767456,0.581733763217926,0.5981677174568176,0.9018102884292603,0.3581233322620392,0.3585968613624573,0.0004735291004180908,0.581733763217926,0.5981677174568176,0.9018102884292603,0.3803800046443939,0.3804400563240051,6.0051679611206055e-05,0.5775626301765442,0.5941882133483887,0.8268071413040161,0.4131869673728943,0.4134160578250885,0.00022909045219421387,0.0796160027384758,0.08048724383115768,0.1736309677362442,2.453799247741699,2.4607748985290527,0.7115642428398132,0.7239493727684021,1.4162992238998413,0.2359359860420227,0.23620595037937164,0.3917187750339508,3.421525478363037,3.3137402534484863,0.5839137434959412,0.585232675075531,3.7980504035949707,0.983435332775116,0.25178077816963196,1.1748595237731934,0.9979189038276672,0.5773506164550781,1.2472108602523804,0.9454916715621948,0.9632192254066467,0.017727553844451904,0.054508328437805176,1.0484859943389893,1.0616849660873413,0.01319897174835205
train,202,52.83327102661133,52.74043655395508,-0.09283447265625,0.09283447265625,0.02249108999967575,47.06550598144531,47.469932556152344,0.40442657470703125,0.40442657470703125,0.02386612817645073,11.355441093444824,11.185571670532227,-0.16986942291259766,0.16986942291259766,0.01100507564842701,0.4417862892150879,1.6831461191177368,0.4331238567829132,1.4980548620224,0.10203346610069275,0.35912954807281494,0.8749101161956787,3.17024564743042,0.9769435524940491,3.5293750762939453,0.5909323692321777,0.9930201768875122,0.36325421929359436,0.9634825587272644,0.1111111119389534,0.3333333432674408,0.5898577570915222,0.6022493839263916,0.9141415357589722,0.37339964509010315,0.37352773547172546,0.00012809038162231445,0.5898577570915222,0.6022493839263916,0.9141415357589722,0.37339964509010315,0.37352773547172546,0.00012809038162231445,0.5881316065788269,0.6002201437950134,0.9124153852462769,0.38190340995788574,0.3818027675151825,-0.00010064244270324707,0.0796533077955246,0.08026857674121857,0.1824968457221985,2.4578466415405273,2.463954210281372,0.7105443477630615,0.7241601347923279,1.4211459159851074,0.2358538806438446,0.2300574779510498,0.4405864477157593,3.41426157951355,3.318337917327881,0.5862972736358643,0.5837655663490295,3.8044564723968506,0.9837285876274109,0.25153857469558716,1.1753829717636108,0.9979775547981262,0.577338695526123,1.2472856044769287,0.9436387419700623,0.9580498933792114,0.01441115140914917,0.056361258029937744,1.0594382286071777,1.0663048028945923,0.006866574287414551
train,203,51.93021011352539,52.78688049316406,0.8566703796386719,0.8566703796386719,0.023174067959189415,46.6714973449707,47.26774215698242,0.5962448120117188,0.5962448120117188,0.020435797050595284,11.371201515197754,11.270528793334961,-0.10067272186279297,0.10067272186279297,0.009377983398735523,0.44453588128089905,1.6918630599975586,0.4331018328666687,1.4970982074737549,0.1007934957742691,0.35114577412605286,0.8776376247406006,3.1814651489257812,0.9784312844276428,3.5326108932495117,0.5910629034042358,0.9941715002059937,0.368705153465271,0.9649916887283325,0.1111111119389534,0.3333333432674408,0.5960270762443542,0.5946405529975891,0.9243025779724121,0.36761149764060974,0.36776986718177795,0.0001583695411682129,0.5035309791564941,0.5063648819923401,0.5991031527519226,0.41791996359825134,0.41886189579963684,0.000941932201385498,0.49805667996406555,0.5010061264038086,0.5222209095954895,0.4601849913597107,0.46096763014793396,0.0007826387882232666,0.08090133965015411,0.0803489089012146,0.1964680701494217,2.46978759765625,2.469062566757202,0.706498384475708,0.7209730744361877,1.4210855960845947,0.2303118258714676,0.23027992248535156,0.35215112566947937,3.35660457611084,3.2613048553466797,0.5982640981674194,0.5957967638969421,3.8112785816192627,0.9838768839836121,0.2511933743953705,1.1756901741027832,0.9980034232139587,0.5774037837982178,1.2473188638687134,0.9567000865936279,0.9753971695899963,0.018697082996368408,0.04329991340637207,1.009484887123108,1.014134168624878,0.0046492815017700195
train,204,50.10768127441406,52.35856246948242,2.2508811950683594,2.2508811950683594,0.01916353963315487,44.856666564941406,46.969642639160156,2.11297607421875,2.11297607421875,0.025779221206903458,10.316723823547363,11.32088851928711,1.004164695739746,1.004164695739746,0.010245237499475479,0.443291574716568,1.6521146297454834,0.43293625116348267,1.4726883172988892,0.1015503853559494,0.3490654528141022,0.8762277960777283,3.1221933364868164,0.9777781367301941,3.4712588787078857,0.5928201675415039,0.9933590292930603,0.3705695569515228,0.9673898220062256,0.0972222238779068,0.3194444477558136,0.591589629650116,0.5968613624572754,0.8468647003173828,0.371493399143219,0.3716767728328705,0.00018337368965148926,0.49952200055122375,0.5147164463996887,0.5232933163642883,0.4316846430301666,0.431264191865921,-0.00042045116424560547,0.49952200055122375,0.5147164463996887,0.5232933163642883,0.46157073974609375,0.4613368809223175,-0.00023385882377624512,0.08041465282440186,0.08170376718044281,0.18750214576721191,2.497776508331299,2.4976911544799805,0.7035276293754578,0.717229962348938,1.4122648239135742,0.22968383133411407,0.23282741010189056,0.33816099166870117,3.342360734939575,3.1908042430877686,0.5972804427146912,0.6107223033905029,3.8256399631500244,0.9827658534049988,0.25015753507614136,1.1733462810516357,0.9977729916572571,0.5776249170303345,1.2470223903656006,0.9664162397384644,0.9876593947410583,0.021243155002593994,0.033583760261535645,1.0166264772415161,1.022113561630249,0.00548708438873291
train,205,51.20054626464844,51.23314666748047,0.03260040283203125,0.03260040283203125,0.021328413859009743,45.898075103759766,45.913177490234375,0.015102386474609375,0.015102386474609375,0.02412484958767891,10.878458976745605,10.818828582763672,-0.059630393981933594,0.059630393981933594,0.008331689983606339,0.4373292326927185,1.6234163045883179,0.42894139885902405,1.463110327720642,0.09846927225589752,0.33852484822273254,0.8662706017494202,3.08652663230896,0.9647399187088013,3.42505145072937,0.5983166694641113,0.99116450548172,0.37449586391448975,0.9702357649803162,0.0972222238779068,0.3194444477558136,0.5941647887229919,0.6040758490562439,0.8485216498374939,0.3686680793762207,0.3688839375972748,0.00021585822105407715,0.5941647887229919,0.6040758490562439,0.8485216498374939,0.39876559376716614,0.3992116451263428,0.00044605135917663574,0.5919709205627441,0.6017633676528931,0.7717167735099792,0.4080280065536499,0.40802842378616333,4.172325134277344e-07,0.07884719222784042,0.07986115664243698,0.18950042128562927,2.5166242122650146,2.5274972915649414,0.7004038691520691,0.7104021906852722,1.4125664234161377,0.23532073199748993,0.22845973074436188,0.3482302725315094,3.3895392417907715,3.2729246616363525,0.5893484354019165,0.5918426513671875,3.7914509773254395,0.9817343950271606,0.2493593394756317,1.1715610027313232,0.9975647926330566,0.5764423608779907,1.2467572689056396,0.9338865280151367,0.9521010518074036,0.018214523792266846,0.06611347198486328,1.1469281911849976,1.1709328889846802,0.024004697799682617
train,206,49.23003387451172,51.21687316894531,1.9868392944335938,1.9868392944335938,0.0223458930850029,44.2044677734375,45.90564727783203,1.7011795043945312,1.7011795043945312,0.021199475973844528,10.141963958740234,10.84866714477539,0.7067031860351562,0.7067031860351562,0.010655272752046585,0.4353662431240082,1.6332547664642334,0.4281747043132782,1.4670695066452026,0.0979112833738327,0.33381155133247375,0.8635409474372864,3.094001293182373,0.9614523649215698,3.4278128147125244,0.5989668369293213,0.9910034537315369,0.37550389766693115,0.9705631732940674,0.1111111119389534,0.3055555522441864,0.5991194844245911,0.599132239818573,0.8596495389938354,0.39456209540367126,0.3949134945869446,0.00035139918327331543,0.5647754669189453,0.5690370202064514,0.8246269226074219,0.40319985151290894,0.4043895900249481,0.0011897385120391846,0.540313720703125,0.5480890870094299,0.7237624526023865,0.4283407926559448,0.42881521582603455,0.0004744231700897217,0.07962803542613983,0.08062607049942017,0.1812952160835266,2.4997920989990234,2.508045196533203,0.704795777797699,0.7164697647094727,1.4172261953353882,0.23009788990020752,0.23025670647621155,0.361638605594635,3.366708517074585,3.309372663497925,0.5898168683052063,0.5825158357620239,3.7956252098083496,0.9818127155303955,0.24954022467136383,1.1718839406967163,0.9975829124450684,0.5769882202148438,1.2467819452285767,0.9492795467376709,0.9685407280921936,0.019261181354522705,0.0507204532623291,1.0580581426620483,1.073690414428711,0.015632271766662598
train,207,48.89928436279297,50.223480224609375,1.3241958618164062,1.3241958618164062,0.02164987474679947,43.986751556396484,45.055084228515625,1.0683326721191406,1.0683326721191406,0.02342972531914711,10.313039779663086,10.495338439941406,0.1822986602783203,0.1822986602783203,0.0079815573990345,0.4285513162612915,1.6370937824249268,0.4214807152748108,1.4551812410354614,0.09560371935367584,0.3373855948448181,0.8500320911407471,3.087233066558838,0.9456357955932617,3.424618721008301,0.6034367084503174,0.9910411238670349,0.37898921966552734,0.9697454571723938,0.0972222238779068,0.3055555522441864,0.5991255640983582,0.5924136638641357,0.8603220582008362,0.3941618800163269,0.39449378848075867,0.0003319084644317627,0.5406141877174377,0.5471922755241394,0.7222422361373901,0.4323537051677704,0.43274304270744324,0.00038933753967285156,0.5406141877174377,0.5471922755241394,0.7222422361373901,0.4323537051677704,0.43274304270744324,0.00038933753967285156,0.08183646947145462,0.08387859165668488,0.2335290163755417,2.5058367252349854,2.5197556018829346,0.7042507529258728,0.7171308994293213,1.4172600507736206,0.22647401690483093,0.22731435298919678,0.3240946829319,3.364962339401245,3.258331298828125,0.5930529236793518,0.5918198823928833,3.8469738960266113,0.9814907312393188,0.2505796551704407,1.17125403881073,0.99751877784729,0.5738977193832397,1.246699571609497,0.9395250082015991,0.9553035497665405,0.015778541564941406,0.06047499179840088,1.0778077840805054,1.1044292449951172,0.026621460914611816
train,208,49.20685577392578,49.5614013671875,0.35454559326171875,0.35454559326171875,0.017880167812108994,43.54275894165039,44.52094268798828,0.9781837463378906,0.9781837463378906,0.0200154110789299,9.684301376342773,10.404211044311523,0.71990966796875,0.71990966796875,0.00859781913459301,0.4196946918964386,1.6161572933197021,0.413976788520813,1.445206880569458,0.09418806433677673,0.33999136090278625,0.8336713910102844,3.057737350463867,0.9278595447540283,3.397728681564331,0.6094590425491333,0.9904472231864929,0.38314011693000793,0.9674034714698792,0.0972222238779068,0.3055555522441864,0.595809817314148,0.5978905558586121,0.8611463904380798,0.3967556655406952,0.3971169888973236,0.00036132335662841797,0.5418834686279297,0.5504866242408752,0.8066802620887756,0.432573139667511,0.4339316487312317,0.0013585090637207031,0.5392423272132874,0.5478165745735168,0.7249819040298462,0.4606211185455322,0.4606776535511017,5.653500556945801e-05,0.08468259125947952,0.08477291464805603,0.23216982185840607,2.497209310531616,2.5086400508880615,0.7043168544769287,0.7192395925521851,1.4242050647735596,0.22635716199874878,0.23083828389644623,0.3133256733417511,3.353414535522461,3.257922649383545,0.593817412853241,0.5912734270095825,3.8387839794158936,0.9806095957756042,0.25075653195381165,1.1697099208831787,0.9973375201225281,0.5706149339675903,1.2464686632156372,0.9441333413124084,0.9592460989952087,0.015112757682800293,0.05586665868759155,1.0729926824569702,1.0824190378189087,0.009426355361938477
train,209,48.04484558105469,49.384151458740234,1.3393058776855469,1.3393058776855469,0.0215661209076643,43.262596130371094,44.03187561035156,0.7692794799804688,0.7692794799804688,0.01957331970334053,10.396238327026367,10.044280052185059,-0.3519582748413086,0.3519582748413086,0.007120842579752207,0.41701269149780273,1.620489478111267,0.4103761911392212,1.4276013374328613,0.09221487492322922,0.33433324098587036,0.8273888826370239,3.0457558631896973,0.9196036458015442,3.380089044570923,0.6105644106864929,0.9851166009902954,0.3848612606525421,0.9573391079902649,0.0972222238779068,0.2916666567325592,0.5461371541023254,0.5487073659896851,0.809420108795166,0.4211065173149109,0.4213292598724365,0.00022274255752563477,0.5457342863082886,0.5485531091690063,0.6923251748085022,0.4215094745159149,0.4217321276664734,0.00022265315055847168,0.4433061182498932,0.45392513275146484,0.4666607975959778,0.4865736663341522,0.4877341091632843,0.00116044282913208,0.08499599993228912,0.08560546487569809,0.2358648180961609,2.5254404544830322,2.541259765625,0.6998345255851746,0.7143095135688782,1.424263834953308,0.22389695048332214,0.21847853064537048,0.303183913230896,3.3902347087860107,3.2788896560668945,0.5878187417984009,0.5810801386833191,3.8189778327941895,0.9800832271575928,0.2513430416584015,1.1688029766082764,0.997227132320404,0.5690031051635742,1.2463279962539673,0.9549774527549744,0.9731048345565796,0.018127381801605225,0.045022547245025635,1.0250205993652344,1.0358288288116455,0.010808229446411133
train,210,49.38068389892578,48.71452331542969,-0.6661605834960938,0.6661605834960938,0.019880542531609535,43.549415588378906,43.647254943847656,0.09783935546875,0.09783935546875,0.021404948085546494,10.159897804260254,10.220282554626465,0.06038475036621094,0.06038475036621094,0.008653849363327026,0.4106546640396118,1.5935112237930298,0.4071950614452362,1.4498618841171265,0.09264206886291504,0.345035195350647,0.8178498148918152,3.0369229316711426,0.9104918241500854,3.3819580078125,0.6136325597763062,0.9866998791694641,0.3909083604812622,0.9627517461776733,0.0972222238779068,0.3055555522441864,0.60088050365448,0.605111300945282,0.8683454990386963,0.3920821249485016,0.3923948109149933,0.0003126859664916992,0.60088050365448,0.605111300945282,0.8683454990386963,0.3920821249485016,0.3923948109149933,0.0003126859664916992,0.5981327295303345,0.6024741530418396,0.7858235836029053,0.4018658399581909,0.4018663465976715,5.066394805908203e-07,0.08359119296073914,0.08171190321445465,0.23774413764476776,2.531532049179077,2.547880172729492,0.7001917362213135,0.7118537425994873,1.4254950284957886,0.22454126179218292,0.22299519181251526,0.3750920593738556,3.397806167602539,3.282874345779419,0.5854483246803284,0.580004096031189,3.8090109825134277,0.979896068572998,0.25055402517318726,1.1687192916870117,0.9971966743469238,0.5694111585617065,1.2462915182113647,0.9398612380027771,0.9570677876472473,0.017206549644470215,0.0601387619972229,1.0838011503219604,1.0965287685394287,0.012727618217468262
train,211,48.375553131103516,49.04762268066406,0.6720695495605469,0.6720695495605469,0.01394727360457182,43.29351806640625,43.598358154296875,0.304840087890625,0.304840087890625,0.016110559925436974,9.911972045898438,10.190114974975586,0.27814292907714844,0.27814292907714844,0.007064006291329861,0.4161287844181061,1.6120543479919434,0.4075043499469757,1.419379472732544,0.0908820629119873,0.31688764691352844,0.8236331939697266,3.029660224914551,0.9145151972770691,3.346547842025757,0.61052405834198,0.9895707964897156,0.39072927832603455,0.9631184339523315,0.0972222238779068,0.3055555522441864,0.6029934287071228,0.6022124290466309,0.8705163598060608,0.39107662439346313,0.39135122299194336,0.0002745985984802246,0.6003009676933289,0.5995479226112366,0.7898695468902588,0.3996978998184204,0.39969828724861145,3.8743019104003906e-07,0.6003009676933289,0.5995479226112366,0.7898695468902588,0.3996978998184204,0.39969828724861145,3.8743019104003906e-07,0.08220823854207993,0.08102676272392273,0.23077359795570374,2.541158676147461,2.5472922325134277,0.6995298266410828,0.7151980400085449,1.4236963987350464,0.22156980633735657,0.2306608110666275,0.2953229248523712,3.408693313598633,3.312837839126587,0.5875396132469177,0.5743127465248108,3.811769485473633,0.9794546365737915,0.25010594725608826,1.1677780151367188,0.9970827698707581,0.5715172290802002,1.2461450099945068,0.9440574049949646,0.9596085548400879,0.015551149845123291,0.0559425950050354,1.0270968675613403,1.0387314558029175,0.011634588241577148
train,212,48.786190032958984,48.711612701416016,-0.07457733154296875,0.07457733154296875,0.019093304872512817,43.23158645629883,43.445960998535156,0.21437454223632812,0.21437454223632812,0.019192826002836227,10.569563865661621,10.051066398620605,-0.5184974670410156,0.5184974670410156,0.010042962618172169,0.4130436182022095,1.596576452255249,0.4065747857093811,1.4039571285247803,0.09047380089759827,0.32251039147377014,0.8196184635162354,3.0005335807800293,0.9100922346115112,3.321659803390503,0.61353999376297,0.9920480847358704,0.3924162685871124,0.9672859907150269,0.0972222238779068,0.2916666567325592,0.5999257564544678,0.5965715050697327,0.7891756892204285,0.4000731110572815,0.4000735580921173,4.470348358154297e-07,0.6041192412376404,0.6009299159049988,0.9415637850761414,0.39586541056632996,0.3958640992641449,-1.3113021850585938e-06,0.5999257564544678,0.5965715050697327,0.7891756892204285,0.4000731110572815,0.4000735580921173,4.470348358154297e-07,0.08067766577005386,0.07932372391223907,0.201668843626976,2.557131290435791,2.561473846435547,0.6963734030723572,0.7123042345046997,1.424312949180603,0.2280474454164505,0.2245384007692337,0.3166051506996155,3.4292447566986084,3.332655191421509,0.5855097770690918,0.5726420879364014,3.826249361038208,0.9788458347320557,0.24974223971366882,1.1664153337478638,0.9969329833984375,0.5719505548477173,1.2459520101547241,0.9485675692558289,0.9631970524787903,0.014629483222961426,0.05143243074417114,1.062369465827942,1.0761840343475342,0.013814568519592285
train,213,48.611454010009766,48.74892044067383,0.1374664306640625,0.1374664306640625,0.016744010150432587,44.05451202392578,43.33879852294922,-0.7157135009765625,0.7157135009765625,0.01860741525888443,10.346782684326172,10.310338020324707,-0.036444664001464844,0.036444664001464844,0.006117941811680794,0.4107327461242676,1.5769253969192505,0.40444496273994446,1.3866000175476074,0.09203144162893295,0.3261631429195404,0.8151777386665344,2.9635252952575684,0.9072091579437256,3.288937568664551,0.6131434440612793,0.9939484596252441,0.39394059777259827,0.9701747894287109,0.0972222238779068,0.2916666567325592,0.5982526540756226,0.5919049978256226,0.7885701060295105,0.4017459750175476,0.4017464518547058,4.76837158203125e-07,0.5982526540756226,0.5919049978256226,0.7885701060295105,0.4017459750175476,0.4017464518547058,4.76837158203125e-07,0.5982526540756226,0.5919049978256226,0.7885701060295105,0.4017459750175476,0.4017464518547058,4.76837158203125e-07,0.08033925294876099,0.0799286961555481,0.2209847867488861,2.569819211959839,2.567538022994995,0.6921771764755249,0.709338366985321,1.423089861869812,0.226790651679039,0.2236156016588211,0.3743665814399719,3.438880443572998,3.3571839332580566,0.588110625743866,0.5750940442085266,3.827115058898926,0.9780226945877075,0.2509811818599701,1.1648179292678833,0.9967308044433594,0.5719367265701294,1.245693564414978,0.9458473920822144,0.9599841237068176,0.014136731624603271,0.054152607917785645,1.1222933530807495,1.1446664333343506,0.022373080253601074
train,214,48.45527648925781,48.680213928222656,0.22493743896484375,0.22493743896484375,0.019901618361473083,43.7291374206543,43.69668197631836,-0.0324554443359375,0.0324554443359375,0.01957836002111435,9.718822479248047,10.328584671020508,0.6097621917724609,0.6097621917724609,0.01030556857585907,0.4069727063179016,1.597409963607788,0.40211889147758484,1.405388593673706,0.09117510169744492,0.3256554901599884,0.8090915679931641,3.002798557281494,0.9002666473388672,3.3251712322235107,0.616293728351593,0.9938586354255676,0.39703676104545593,0.9714745283126831,0.0972222238779068,0.2916666567325592,0.5950527787208557,0.5787554979324341,0.7895382642745972,0.40494629740715027,0.40494662523269653,3.2782554626464844e-07,0.5359621047973633,0.5344989895820618,0.7309529185295105,0.46346643567085266,0.4635300040245056,6.35683536529541e-05,0.5359621047973633,0.5344989895820618,0.7309529185295105,0.46346643567085266,0.4635300040245056,6.35683536529541e-05,0.0796947032213211,0.07987964153289795,0.20907610654830933,2.5109171867370605,2.504359722137451,0.7016573548316956,0.7191668152809143,1.430938959121704,0.2272748351097107,0.22331306338310242,0.3101291060447693,3.390042781829834,3.3146331310272217,0.594622790813446,0.580997109413147,3.8452460765838623,0.9787763953208923,0.25140058994293213,1.1663726568222046,0.9969210624694824,0.5711357593536377,1.245937466621399,0.9428776502609253,0.957651674747467,0.014774024486541748,0.05712234973907471,1.0549569129943848,1.0622481107711792,0.007291197776794434
train,215,47.98885726928711,48.56776809692383,0.5789108276367188,0.5789108276367188,0.02006928250193596,43.077640533447266,43.712928771972656,0.6352882385253906,0.6352882385253906,0.021151293069124222,9.94963550567627,10.023726463317871,0.07409095764160156,0.07409095764160156,0.00626802584156394,0.4033532440662384,1.575479507446289,0.4010731279850006,1.4061213731765747,0.08962830901145935,0.3246884047985077,0.8044264316558838,2.97586727142334,0.8940547108650208,3.30055570602417,0.6194306015968323,0.9895851612091064,0.39530107378959656,0.9712823629379272,0.0972222238779068,0.3055555522441864,0.586901068687439,0.5948390960693359,0.8337762951850891,0.41287752985954285,0.41276657581329346,-0.00011095404624938965,0.535230278968811,0.5476785898208618,0.7347659468650818,0.46447253227233887,0.46439024806022644,-8.228421211242676e-05,0.535230278968811,0.5476785898208618,0.7347659468650818,0.46447253227233887,0.46439024806022644,-8.228421211242676e-05,0.07887311279773712,0.08135223388671875,0.20661602914333344,2.47452974319458,2.4655001163482666,0.7070369720458984,0.725201427936554,1.4321911334991455,0.22396166622638702,0.22568820416927338,0.3809233009815216,3.362776041030884,3.280132532119751,0.5912268757820129,0.5758159160614014,3.822146415710449,0.9780364632606506,0.2519204616546631,1.1652636528015137,0.9967576861381531,0.5701252222061157,1.2457313537597656,0.9387443661689758,0.9554616212844849,0.016717255115509033,0.06125563383102417,1.1188850402832031,1.1226260662078857,0.003741025924682617
train,216,46.936859130859375,48.27833557128906,1.3414764404296875,1.3414764404296875,0.027302851900458336,41.76218032836914,43.39530944824219,1.6331291198730469,1.6331291198730469,0.026115864515304565,9.777029037475586,9.986703872680664,0.20967483520507812,0.20967483520507812,0.010770916938781738,0.40277400612831116,1.5713697671890259,0.401283860206604,1.4132705926895142,0.08934865146875381,0.32160454988479614,0.8040578365325928,2.9825429916381836,0.8934064507484436,3.304147481918335,0.6229342222213745,0.991361677646637,0.399863600730896,0.9728705883026123,0.0833333358168602,0.2777777910232544,0.5414087772369385,0.5545064210891724,0.7425090074539185,0.4583228826522827,0.4582110047340393,-0.0001118779182434082,0.5414087772369385,0.5545064210891724,0.741491973400116,0.4585398733615875,0.4585556089878082,1.5735626220703125e-05,0.5414087772369385,0.5545064210891724,0.741491973400116,0.4585398733615875,0.4585556089878082,1.5735626220703125e-05,0.08148596435785294,0.08281058818101883,0.20911316573619843,2.4929134845733643,2.4858789443969727,0.7015243768692017,0.7203607559204102,1.4353047609329224,0.22104838490486145,0.22663982212543488,0.3892015218734741,3.3866868019104004,3.279141902923584,0.5872439742088318,0.5744736790657043,3.841411590576172,0.9781413674354553,0.2518851161003113,1.1655077934265137,0.9967830181121826,0.5688766837120056,1.245764136314392,0.9385021924972534,0.9538419842720032,0.015339791774749756,0.06149780750274658,1.128652572631836,1.1468087434768677,0.01815617084503174
train,217,46.08500671386719,47.60762023925781,1.522613525390625,1.522613525390625,0.021450486034154892,41.394859313964844,42.578765869140625,1.1839065551757812,1.1839065551757812,0.025300346314907074,10.063841819763184,9.881889343261719,-0.18195247650146484,0.18195247650146484,0.010320422239601612,0.40601351857185364,1.5530585050582886,0.40031468868255615,1.3845982551574707,0.09023936837911606,0.3338824510574341,0.8063282370567322,2.928914785385132,0.8965676426887512,3.253726005554199,0.6250026226043701,0.9934808015823364,0.40537941455841064,0.9734708070755005,0.0694444477558136,0.2638888955116272,0.5478320121765137,0.5502590537071228,0.7465851902961731,0.45211905241012573,0.45213451981544495,1.5467405319213867e-05,0.5976707935333252,0.6056646704673767,0.7969987988471985,0.40232834219932556,0.40232864022254944,2.980232238769531e-07,0.5976707935333252,0.6056646704673767,0.7969987988471985,0.40232834219932556,0.40232864022254944,2.980232238769531e-07,0.08218705654144287,0.08246897161006927,0.23022739589214325,2.514338254928589,2.5097157955169678,0.6983681917190552,0.715304970741272,1.4299215078353882,0.22425831854343414,0.2220543473958969,0.38714706897735596,3.374903440475464,3.2502739429473877,0.5885441303253174,0.5838863253593445,3.8697731494903564,0.9772157073020935,0.2513379454612732,1.1632672548294067,0.996518611907959,0.5691865086555481,1.2454229593276978,0.949760377407074,0.9666304588317871,0.016870081424713135,0.050239622592926025,1.0585459470748901,1.071999192237854,0.013453245162963867
train,218,46.61982727050781,46.846336364746094,0.22650909423828125,0.22650909423828125,0.01927882991731167,42.191654205322266,41.98683547973633,-0.2048187255859375,0.2048187255859375,0.02063572406768799,9.199586868286133,9.972888946533203,0.7733020782470703,0.7733020782470703,0.011032267473638058,0.4000098705291748,1.5419543981552124,0.3940281867980957,1.3584785461425781,0.09029307216405869,0.34177976846694946,0.7940380573272705,2.891246795654297,0.8843311667442322,3.2330265045166016,0.6265884637832642,0.9936081171035767,0.4064241647720337,0.970192551612854,0.0694444477558136,0.2777777910232544,0.5534078478813171,0.554226815700531,0.7489054203033447,0.42420464754104614,0.4244854152202606,0.00028076767921447754,0.601450502872467,0.6108830571174622,0.6947060227394104,0.39854833483695984,0.39854881167411804,4.76837158203125e-07,0.601450502872467,0.6108830571174622,0.6947060227394104,0.39854833483695984,0.39854881167411804,4.76837158203125e-07,0.08317306637763977,0.08310094475746155,0.2306586652994156,2.554701805114746,2.552316665649414,0.6938464045524597,0.7101529836654663,1.422785758972168,0.22579196095466614,0.22379475831985474,0.38030457496643066,3.446423292160034,3.329423666000366,0.5777065753936768,0.5718576908111572,3.8716847896575928,0.9762460589408875,0.25110167264938354,1.1615689992904663,0.996278703212738,0.567949652671814,1.2451177835464478,0.9560016393661499,0.9739328622817993,0.017931222915649414,0.0439983606338501,1.0186808109283447,1.0300732851028442,0.011392474174499512
train,219,45.89427947998047,46.73310852050781,0.8388290405273438,0.8388290405273438,0.0207842905074358,41.19371795654297,42.089263916015625,0.8955459594726562,0.8955459594726562,0.020557403564453125,9.460405349731445,9.586261749267578,0.1258563995361328,0.1258563995361328,0.006285920739173889,0.3987818956375122,1.5246706008911133,0.3962860703468323,1.3749057054519653,0.08776512742042542,0.3202516734600067,0.7950679659843445,2.891623020172119,0.8828331232070923,3.2118747234344482,0.62494295835495,0.9895448684692383,0.4053046405315399,0.9700196981430054,0.0694444477558136,0.2916666567325592,0.6063414812088013,0.6022503972053528,0.8010884523391724,0.39365753531455994,0.3936578631401062,3.2782554626464844e-07,0.6061782240867615,0.6020341515541077,0.6992315649986267,0.39382103085517883,0.3938213288784027,2.980232238769531e-07,0.6061782240867615,0.6020341515541077,0.6992315649986267,0.39382103085517883,0.3938213288784027,2.980232238769531e-07,0.08170338720083237,0.0797426849603653,0.2304559350013733,2.575615644454956,2.5770328044891357,0.688905656337738,0.7029974460601807,1.419511318206787,0.22851558029651642,0.2285134643316269,0.41242456436157227,3.4769582748413086,3.4113428592681885,0.5686200261116028,0.5537054538726807,3.874560832977295,0.9757245182991028,0.2510838210582733,1.1611299514770508,0.9961776733398438,0.5683022141456604,1.2449933290481567,0.9573416709899902,0.976484477519989,0.01914280652999878,0.042658329010009766,1.015811800956726,1.0277961492538452,0.01198434829711914
train,220,44.36798858642578,46.313716888427734,1.9457283020019531,1.9457283020019531,0.02401956357061863,39.89344024658203,41.64151382446289,1.7480735778808594,1.7480735778808594,0.025603802874684334,9.620570182800293,9.523356437683105,-0.0972137451171875,0.0972137451171875,0.00961187481880188,0.3955952823162079,1.4691914319992065,0.3924761414527893,1.3146637678146362,0.08726233243942261,0.31088873744010925,0.7880713939666748,2.7838551998138428,0.875333845615387,3.0947439670562744,0.625852644443512,0.9922891855239868,0.4053753614425659,0.9729877710342407,0.0694444477558136,0.2916666567325592,0.604317843914032,0.5950912833213806,0.7916193604469299,0.395680695772171,0.3956812024116516,5.066394805908203e-07,0.5474228858947754,0.5436142086982727,0.7340078949928284,0.422881156206131,0.423153281211853,0.0002721250057220459,0.5474228858947754,0.5436142086982727,0.7340078949928284,0.422881156206131,0.423153281211853,0.0002721250057220459,0.08060342818498611,0.08121155202388763,0.18273739516735077,2.5958094596862793,2.5998308658599854,0.682912290096283,0.6947287917137146,1.407822608947754,0.22980652749538422,0.2343764305114746,0.4383004307746887,3.515864849090576,3.450953722000122,0.5613507628440857,0.5498447418212891,3.876676082611084,0.9723915457725525,0.250024676322937,1.1550523042678833,0.9952709078788757,0.5678780674934387,1.2438390254974365,0.9572917819023132,0.9759131073951721,0.018621325492858887,0.04270821809768677,1.0195260047912598,1.03275728225708,0.013231277465820312
train,221,44.474937438964844,45.340877532958984,0.8659400939941406,0.8659400939941406,0.022018255665898323,39.611427307128906,40.76750183105469,1.1560745239257812,1.1560745239257812,0.02403939701616764,9.620758056640625,9.571986198425293,-0.04877185821533203,0.04877185821533203,0.006337324157357216,0.38973677158355713,1.434239149093628,0.38874590396881104,1.2805426120758057,0.08851911127567291,0.3206116855144501,0.7784826755523682,2.7126803398132324,0.8670017123222351,3.033292055130005,0.6321699619293213,0.9933371543884277,0.40901121497154236,0.9714833498001099,0.0555555559694767,0.2916666567325592,0.5998033285140991,0.5982421040534973,0.7856780886650085,0.4001944661140442,0.4001951515674591,6.854534149169922e-07,0.44046905636787415,0.44697606563568115,0.46259254217147827,0.516501247882843,0.5173750519752502,0.0008738040924072266,0.44046905636787415,0.44697606563568115,0.46259254217147827,0.516501247882843,0.5173750519752502,0.0008738040924072266,0.08126121014356613,0.08409665524959564,0.23388853669166565,2.615875005722046,2.6233325004577637,0.6774236559867859,0.6883229613304138,1.4025468826293945,0.2318379431962967,0.2302131950855255,0.4523454010486603,3.521873712539673,3.404233694076538,0.5581362843513489,0.555310845375061,3.845283031463623,0.9702948927879333,0.25035205483436584,1.1512072086334229,0.9946474432945251,0.5652866959571838,1.2430458068847656,0.9634754061698914,0.9826048016548157,0.019129395484924316,0.03652459383010864,1.0079361200332642,1.012742042541504,0.004805922508239746
train,222,44.295127868652344,44.907928466796875,0.6128005981445312,0.6128005981445312,0.02340681478381157,39.04655838012695,40.18948745727539,1.1429290771484375,1.1429290771484375,0.02065519243478775,9.021720886230469,9.596395492553711,0.5746746063232422,0.5746746063232422,0.006454882677644491,0.38314393162727356,1.4720462560653687,0.37934792041778564,1.3181982040405273,0.08758889883756638,0.3127214014530182,0.7624918818473816,2.7902445793151855,0.8500807881355286,3.102818489074707,0.6368772387504578,0.9932041764259338,0.4145447909832001,0.9717235565185547,0.0555555559694767,0.2916666567325592,0.5990338921546936,0.6117974519729614,0.7885264158248901,0.4009637236595154,0.40096452832221985,8.046627044677734e-07,0.5950726866722107,0.6080926060676575,0.6853928565979004,0.40294432640075684,0.40301328897476196,6.896257400512695e-05,0.5950726866722107,0.6080926060676575,0.6853928565979004,0.40294432640075684,0.40301328897476196,6.896257400512695e-05,0.08326826244592667,0.08472882956266403,0.2557755708694458,2.589944362640381,2.6061317920684814,0.6813574433326721,0.6915943622589111,1.416589379310608,0.2300170660018921,0.2412916123867035,0.44771653413772583,3.5014102458953857,3.3915183544158936,0.5621461868286133,0.5571064949035645,3.8490374088287354,0.9720296263694763,0.2511344850063324,1.1546763181686401,0.9951987862586975,0.5622682571411133,1.2437494993209839,0.9556151032447815,0.9726759195327759,0.017060816287994385,0.044384896755218506,1.025618076324463,1.0441811084747314,0.018563032150268555
train,223,42.60549545288086,44.60155487060547,1.9960594177246094,1.9960594177246094,0.018484264612197876,37.87999725341797,39.618045806884766,1.7380485534667969,1.7380485534667969,0.020555533468723297,9.099661827087402,9.30908203125,0.20942020416259766,0.20942020416259766,0.00812437292188406,0.3791103959083557,1.495185136795044,0.37173992395401,1.325526237487793,0.08549250662326813,0.31819024682044983,0.7508503198623657,2.81966495513916,0.8363428115844727,3.137855291366577,0.6386133432388306,0.9911706447601318,0.41894546151161194,0.9723289012908936,0.0555555559694767,0.2777777910232544,0.6051185727119446,0.6150373220443726,0.6993489861488342,0.3948798179626465,0.39488035440444946,5.364418029785156e-07,0.5429830551147461,0.5601050853729248,0.6360740065574646,0.4252476990222931,0.42553314566612244,0.0002854466438293457,0.5429830551147461,0.5601050853729248,0.6360740065574646,0.4252476990222931,0.42553314566612244,0.0002854466438293457,0.08380666375160217,0.08550188690423965,0.20973670482635498,2.580554962158203,2.5956971645355225,0.6785861849784851,0.6889657378196716,1.423090934753418,0.23541171848773956,0.23928001523017883,0.4451121687889099,3.51505446434021,3.4249353408813477,0.5647681355476379,0.5580644011497498,3.829796552658081,0.9726945161819458,0.2502383291721344,1.156023621559143,0.99540114402771,0.5627131462097168,1.24400794506073,0.9581572413444519,0.9783079028129578,0.02015066146850586,0.041842758655548096,0.9919624924659729,1.006932258605957,0.01496976613998413
train,224,42.495269775390625,43.603546142578125,1.1082763671875,1.1082763671875,0.016203807666897774,37.72719955444336,38.749046325683594,1.0218467712402344,1.0218467712402344,0.01783343032002449,8.552310943603516,9.204395294189453,0.6520843505859375,0.6520843505859375,0.010322380810976028,0.37161532044410706,1.4875471591949463,0.36459410190582275,1.3062785863876343,0.0853399932384491,0.3215827941894531,0.7362094521522522,2.7932753562927246,0.8215494155883789,3.1148581504821777,0.6447335481643677,0.9927753806114197,0.4244089722633362,0.9744814038276672,0.0555555559694767,0.2638888955116272,0.6063672304153442,0.6071761250495911,0.7011101841926575,0.39181050658226013,0.39188605546951294,7.554888725280762e-05,0.5484994649887085,0.5592431426048279,0.7428188323974609,0.4494646489620209,0.4495055675506592,4.0918588638305664e-05,0.5484994649887085,0.5592431426048279,0.7428188323974609,0.4494646489620209,0.4495055675506592,4.0918588638305664e-05,0.08478012681007385,0.08534827083349228,0.24465052783489227,2.5981547832489014,2.6153416633605957,0.6790472269058228,0.6881226301193237,1.4260833263397217,0.23704981803894043,0.22977638244628906,0.4620092511177063,3.5599751472473145,3.4569242000579834,0.5572293996810913,0.5486243963241577,3.8453824520111084,0.9716975688934326,0.25001800060272217,1.1542823314666748,0.9951222538948059,0.5610150694847107,1.2436535358428955,0.9556050300598145,0.9762771725654602,0.020672142505645752,0.04439496994018555,1.007967233657837,1.0136265754699707,0.005659341812133789
train,225,41.47959899902344,43.04943084716797,1.5698318481445312,1.5698318481445312,0.015741653740406036,37.275272369384766,38.2381477355957,0.9628753662109375,0.9628753662109375,0.014716695062816143,8.93225383758545,8.878375053405762,-0.0538787841796875,0.0538787841796875,0.007086596451699734,0.36706653237342834,1.4806514978408813,0.3607040047645569,1.2857776880264282,0.0815327987074852,0.31409838795661926,0.7277705669403076,2.7614617347717285,0.809303343296051,3.0755600929260254,0.648486852645874,0.9940827488899231,0.42773082852363586,0.9763488173484802,0.0555555559694767,0.2361111044883728,0.5536166429519653,0.553875744342804,0.6483122110366821,0.44453227519989014,0.4446239173412323,9.164214134216309e-05,0.5537993907928467,0.5540294051170349,0.7521914839744568,0.4461092948913574,0.44614505767822266,3.5762786865234375e-05,0.5537993907928467,0.5540294051170349,0.7521914839744568,0.4461092948913574,0.44614505767822266,3.5762786865234375e-05,0.08511998504400253,0.08658158779144287,0.24857492744922638,2.6005396842956543,2.6137197017669678,0.6764301061630249,0.6861476302146912,1.429154396057129,0.23579159379005432,0.23589862883090973,0.4593375623226166,3.533223867416382,3.4041335582733154,0.5578900575637817,0.5568803548812866,3.831113338470459,0.9703900814056396,0.24988344311714172,1.1521800756454468,0.9947443008422852,0.559981644153595,1.2431752681732178,0.9563781023025513,0.9764319658279419,0.020053863525390625,0.04362189769744873,0.989611029624939,0.9986855983734131,0.009074568748474121
train,226,40.834014892578125,42.2645378112793,1.4305229187011719,1.4305229187011719,0.0165006835013628,36.31613540649414,37.75672912597656,1.4405937194824219,1.4405937194824219,0.020647577941417694,9.371740341186523,8.905338287353516,-0.4664020538330078,0.4664020538330078,0.006920638959854841,0.36094027757644653,1.4462084770202637,0.3545681834220886,1.27255380153656,0.08128580451011658,0.31330764293670654,0.7155084013938904,2.717655897140503,0.7967942357063293,3.03096342086792,0.6539705395698547,0.9949025511741638,0.4345831274986267,0.9745439291000366,0.0555555559694767,0.2361111044883728,0.5537444949150085,0.5505642294883728,0.6479470133781433,0.44442224502563477,0.44451236724853516,9.012222290039062e-05,0.4441041946411133,0.44260865449905396,0.46790754795074463,0.5064408183097839,0.5092207193374634,0.0027799010276794434,0.4441041946411133,0.44260865449905396,0.46790754795074463,0.5064408183097839,0.5092207193374634,0.0027799010276794434,0.08642256259918213,0.08589852601289749,0.19131922721862793,2.6063392162323,2.630108118057251,0.6749890446662903,0.6874370574951172,1.4320223331451416,0.2319173663854599,0.23409125208854675,0.41201937198638916,3.5279924869537354,3.389533042907715,0.5571539402008057,0.5580101609230042,3.888474464416504,0.9685741066932678,0.24960558116436005,1.149217128753662,0.9942219853401184,0.5571852326393127,1.2425143718719482,0.9637085795402527,0.9858796000480652,0.0221710205078125,0.036291420459747314,1.003159523010254,1.0122188329696655,0.009059309959411621
train,227,40.44880676269531,41.5493049621582,1.1004981994628906,1.1004981994628906,0.014275994151830673,36.34238815307617,37.03645324707031,0.6940650939941406,0.6940650939941406,0.015097079798579216,8.707200050354004,9.138562202453613,0.4313621520996094,0.4313621520996094,0.009602129459381104,0.3541695773601532,1.4120709896087646,0.34608209133148193,1.246942162513733,0.08374571800231934,0.3286801278591156,0.7002516984939575,2.653322458267212,0.7839974164962769,2.9820024967193604,0.6594669818878174,0.9951868057250977,0.44085249304771423,0.9764449000358582,0.0555555559694767,0.2083333283662796,0.44337087869644165,0.44059598445892334,0.46692776679992676,0.5082951188087463,0.5099353194236755,0.0016402006149291992,0.44337087869644165,0.44059598445892334,0.46692776679992676,0.5082951188087463,0.5099353194236755,0.0016402006149291992,0.44337087869644165,0.44059598445892334,0.46692776679992676,0.5082951188087463,0.5099353194236755,0.0016402006149291992,0.08536189794540405,0.08485924452543259,0.1619899421930313,2.5992133617401123,2.6335864067077637,0.6758161187171936,0.6843308806419373,1.4265886545181274,0.2355131357908249,0.22519312798976898,0.4249538481235504,3.635518789291382,3.4854702949523926,0.5434553623199463,0.544562816619873,3.898812770843506,0.966448962688446,0.2491333782672882,1.1455788612365723,0.9935518503189087,0.5554258823394775,1.241665005683899,0.9698325991630554,0.9884104132652283,0.01857781410217285,0.03016740083694458,0.9853520393371582,0.9946072697639465,0.00925523042678833
train,228,39.512840270996094,40.99907684326172,1.486236572265625,1.486236572265625,0.018175793811678886,35.11809539794922,36.6894416809082,1.5713462829589844,1.5713462829589844,0.017478592693805695,8.198990821838379,8.922904014587402,0.7239131927490234,0.7239131927490234,0.008818240836262703,0.3483128547668457,1.3947199583053589,0.34290415048599243,1.2307184934616089,0.08117616176605225,0.3111061453819275,0.6912170052528381,2.6160879135131836,0.7723932266235352,2.927194118499756,0.6640713810920715,0.9957682490348816,0.4445510506629944,0.9727531671524048,0.0555555559694767,0.2083333283662796,0.4419964849948883,0.4430873692035675,0.4651032090187073,0.51226806640625,0.5131887197494507,0.0009206533432006836,0.4419964849948883,0.4430873692035675,0.4651032090187073,0.51226806640625,0.5131887197494507,0.0009206533432006836,0.4419964849948883,0.4430873692035675,0.4651032090187073,0.51226806640625,0.5131887197494507,0.0009206533432006836,0.0837535485625267,0.08408559858798981,0.19661740958690643,2.611358642578125,2.645982027053833,0.6686498522758484,0.6772912740707397,1.4198850393295288,0.2316034734249115,0.24201571941375732,0.4069783687591553,3.678314447402954,3.542348861694336,0.5355959534645081,0.5372552871704102,3.83357310295105,0.9643561244010925,0.24860896170139313,1.142446756362915,0.9928943514823914,0.5542881488800049,1.2408361434936523,0.9706743955612183,0.9875521063804626,0.016877710819244385,0.02932560443878174,1.0203564167022705,1.0272186994552612,0.006862282752990723
train,229,39.493492126464844,40.2559814453125,0.7624893188476562,0.7624893188476562,0.013504267670214176,34.811439514160156,35.90379333496094,1.0923538208007812,1.0923538208007812,0.020888889208436012,8.68754768371582,8.560970306396484,-0.12657737731933594,0.12657737731933594,0.00619775615632534,0.341605544090271,1.3726383447647095,0.3358136713504791,1.1981754302978516,0.07842301577329636,0.2994944155216217,0.6774192452430725,2.568514585494995,0.7558422088623047,2.868009090423584,0.6705842018127441,0.9960474371910095,0.4535960555076599,0.9765164256095886,0.0555555559694767,0.2083333283662796,0.4425298869609833,0.44671550393104553,0.4663793444633484,0.5127657055854797,0.513248860836029,0.0004831552505493164,0.4425298869609833,0.44671550393104553,0.4663793444633484,0.5127657055854797,0.513248860836029,0.0004831552505493164,0.4425298869609833,0.44671550393104553,0.4663793444633484,0.5127657055854797,0.513248860836029,0.0004831552505493164,0.08323347568511963,0.0824815183877945,0.32222482562065125,2.5954179763793945,2.6245620250701904,0.6690386533737183,0.6740955114364624,1.4167765378952026,0.23928485810756683,0.22512461245059967,0.42939493060112,3.664365530014038,3.5124423503875732,0.5326769351959229,0.5390025973320007,3.831705331802368,0.9617008566856384,0.24760225415229797,1.138175129890442,0.9920076131820679,0.5517281293869019,1.2397152185440063,0.9784409403800964,0.9891664981842041,0.010725557804107666,0.021559059619903564,1.0162495374679565,1.023224949836731,0.006975412368774414
train,230,39.17861557006836,39.87476348876953,0.6961479187011719,0.6961479187011719,0.0159040167927742,35.45681381225586,35.35763931274414,-0.09917449951171875,0.09917449951171875,0.01336151547729969,8.839315414428711,8.624281883239746,-0.21503353118896484,0.21503353118896484,0.008188747800886631,0.33749163150787354,1.3696702718734741,0.3280777931213379,1.1733914613723755,0.07822507619857788,0.2788638174533844,0.6655694842338562,2.5430617332458496,0.7437945604324341,2.821925640106201,0.6731815338134766,0.9958710670471191,0.45908260345458984,0.9743255376815796,0.0555555559694767,0.2083333283662796,0.444590300321579,0.434932678937912,0.46824172139167786,0.513317346572876,0.5137081146240234,0.00039076805114746094,0.444590300321579,0.434932678937912,0.46824172139167786,0.48482435941696167,0.48463138937950134,-0.00019297003746032715,0.444590300321579,0.434932678937912,0.46824172139167786,0.48482435941696167,0.48463138937950134,-0.00019297003746032715,0.08213280886411667,0.08178158104419708,0.2243141531944275,2.589919090270996,2.623918294906616,0.6688382625579834,0.6718172430992126,1.4084067344665527,0.23197278380393982,0.24947009980678558,0.41907915472984314,3.674130916595459,3.531787872314453,0.5292657017707825,0.5360653400421143,3.815570831298828,0.9596572518348694,0.24664531648159027,1.1351091861724854,0.9913101196289062,0.5504747629165649,1.2388356924057007,0.9752255082130432,0.9854422807693481,0.010216772556304932,0.024774491786956787,1.0204468965530396,1.0374712944030762,0.01702439785003662
train,231,38.782470703125,39.526710510253906,0.7442398071289062,0.7442398071289062,0.011904389597475529,34.392826080322266,35.407249450683594,1.0144233703613281,1.0144233703613281,0.01210913248360157,7.910259246826172,8.73182201385498,0.8215627670288086,0.8215627670288086,0.011709301732480526,0.33475571870803833,1.3378866910934448,0.3283737599849701,1.1701661348342896,0.07970672100782394,0.3131878077983856,0.6631295084953308,2.5080528259277344,0.7428362369537354,2.8212406635284424,0.6751551032066345,0.9954562783241272,0.4578108787536621,0.9707050919532776,0.0555555559694767,0.2222222238779068,0.4411811828613281,0.4436401426792145,0.4649910628795624,0.4832533597946167,0.48399877548217773,0.0007454156875610352,0.4411811828613281,0.4436401426792145,0.4649910628795624,0.481330007314682,0.48198071122169495,0.0006507039070129395,0.4397549033164978,0.44348064064979553,0.46356475353240967,0.4827563166618347,0.48340699076652527,0.0006506741046905518,0.08215216547250748,0.08393556624650955,0.2280227094888687,2.6267478466033936,2.656022310256958,0.662018895149231,0.6659252047538757,1.40498685836792,0.23987427353858948,0.2415238469839096,0.4325420558452606,3.701758623123169,3.53096866607666,0.5249578952789307,0.538419783115387,3.881500482559204,0.9590325951576233,0.24650634825229645,1.1337041854858398,0.9910734295845032,0.5490221381187439,1.2385326623916626,0.9729629755020142,0.984725296497345,0.01176232099533081,0.02703702449798584,0.953768789768219,0.9765980839729309,0.022829294204711914
train,232,38.651123046875,39.15461349487305,0.5034904479980469,0.5034904479980469,0.015290068462491035,34.17311096191406,34.90005874633789,0.7269477844238281,0.7269477844238281,0.017507480457425117,8.113096237182617,8.321063995361328,0.20796775817871094,0.20796775817871094,0.006513688713312149,0.33221331238746643,1.3284111022949219,0.3254244029521942,1.1691721677780151,0.07632014155387878,0.3057335317134857,0.6576377749443054,2.4937825202941895,0.7339579463005066,2.799515962600708,0.6767116189002991,0.9920253157615662,0.46021896600723267,0.9671940803527832,0.02777777798473835,0.2083333283662796,0.440919429063797,0.443479061126709,0.4649081230163574,0.5158860683441162,0.5159774422645569,9.137392044067383e-05,0.440919429063797,0.443479061126709,0.4649081230163574,0.5158860683441162,0.5159774422645569,9.137392044067383e-05,0.44011735916137695,0.4427400827407837,0.4641059935092926,0.5166881084442139,0.5167794823646545,9.137392044067383e-05,0.08312110602855682,0.08244568854570389,0.22783426940441132,2.6205897331237793,2.650287389755249,0.6629144549369812,0.6666293740272522,1.4101592302322388,0.24356378614902496,0.2481805980205536,0.44476112723350525,3.693377733230591,3.5487287044525146,0.5252978801727295,0.5325846076011658,3.850961208343506,0.9578459858894348,0.24657201766967773,1.1322118043899536,0.9906803965568542,0.5486838817596436,1.238040566444397,0.9779205918312073,0.9905968904495239,0.01267629861831665,0.022079408168792725,1.000377893447876,1.0139572620391846,0.013579368591308594
train,233,39.181217193603516,38.90289306640625,-0.2783241271972656,0.2783241271972656,0.0143206138163805,35.21697998046875,34.5366096496582,-0.6803703308105469,0.6803703308105469,0.01498376950621605,8.101469039916992,8.217103004455566,0.11563396453857422,0.11563396453857422,0.007856836542487144,0.3274664282798767,1.3078945875167847,0.3222164213657379,1.14757239818573,0.0750822201371193,0.29596850275993347,0.649682879447937,2.4536170959472656,0.7247650623321533,2.7495856285095215,0.6808555126190186,0.9902938604354858,0.4617038369178772,0.9644918441772461,0.02777777798473835,0.2083333283662796,0.4421856701374054,0.43453148007392883,0.46552518010139465,0.5154094696044922,0.5149004459381104,-0.0005090236663818359,0.5487204194068909,0.5419020652770996,0.6409797072410583,0.45113930106163025,0.45120733976364136,6.80387020111084e-05,0.5487204194068909,0.5419020652770996,0.6409797072410583,0.45113930106163025,0.45120733976364136,6.80387020111084e-05,0.08224327862262726,0.08220607787370682,0.21931855380535126,2.6034843921661377,2.639603853225708,0.6692339777946472,0.6721428036689758,1.405155062675476,0.24482637643814087,0.23395688831806183,0.4619372487068176,3.70013427734375,3.5411434173583984,0.5218668580055237,0.5294109582901001,3.824150562286377,0.95530766248703,0.24595101177692413,1.1282967329025269,0.9897554516792297,0.547397255897522,1.2368738651275635,0.9759718775749207,0.9886357188224792,0.012663841247558594,0.024028122425079346,1.0149604082107544,1.0292192697525024,0.014258861541748047
train,234,38.46916198730469,39.04207992553711,0.5729179382324219,0.5729179382324219,0.021422425284981728,34.823970794677734,34.87681579589844,0.052845001220703125,0.052845001220703125,0.020464159548282623,8.338430404663086,8.159309387207031,-0.1791210174560547,0.1791210174560547,0.007753274403512478,0.32699054479599,1.3233325481414795,0.322147935628891,1.1576088666915894,0.07262536883354187,0.2737799286842346,0.6491385102272034,2.4809412956237793,0.7217638492584229,2.754721164703369,0.6817871928215027,0.9904091358184814,0.4642343521118164,0.9658375978469849,0.02777777798473835,0.2083333283662796,0.43832117319107056,0.4316442906856537,0.46130234003067017,0.5174634456634521,0.5180640816688538,0.0006006360054016113,0.5452778339385986,0.5453795194625854,0.637749433517456,0.428114652633667,0.42775627970695496,-0.00035837292671203613,0.544632077217102,0.5452280640602112,0.6371036767959595,0.4287604093551636,0.4284020662307739,-0.00035834312438964844,0.08272546529769897,0.08340761065483093,0.154877170920372,2.5897936820983887,2.6309187412261963,0.6728394031524658,0.6781128644943237,1.4087494611740112,0.23958764970302582,0.2370450794696808,0.4392089247703552,3.61169695854187,3.4806694984436035,0.5346593856811523,0.5438317060470581,3.8277394771575928,0.9557772278785706,0.24544350802898407,1.129355549812317,0.989968478679657,0.5466139316558838,1.2371457815170288,0.9550394415855408,0.9727300405502319,0.017690598964691162,0.04496055841445923,1.024292230606079,1.0514848232269287,0.02719259262084961
train,235,38.130149841308594,38.75564193725586,0.6254920959472656,0.6254920959472656,0.021509462967514992,33.85198211669922,34.85041809082031,0.9984359741210938,0.9984359741210938,0.025034256279468536,8.200408935546875,8.248893737792969,0.04848480224609375,0.04848480224609375,0.009075161069631577,0.3233528435230255,1.3061344623565674,0.3206399381160736,1.1695748567581177,0.07298758625984192,0.2576124370098114,0.6439927220344543,2.4757094383239746,0.7169803380966187,2.7333219051361084,0.6848908066749573,0.9930391907691956,0.4680267870426178,0.9681238532066345,0.02777777798473835,0.2083333283662796,0.4349851608276367,0.4129970073699951,0.4576883316040039,0.5175145864486694,0.5191301107406616,0.0016155242919921875,0.49581432342529297,0.48830166459083557,0.519723117351532,0.45685163140296936,0.45838624238967896,0.0015346109867095947,0.49581432342529297,0.48830166459083557,0.519723117351532,0.45685163140296936,0.45838624238967896,0.0015346109867095947,0.0845775380730629,0.08389251679182053,0.1643708497285843,2.582714080810547,2.6276915073394775,0.6705917716026306,0.6773157715797424,1.4073975086212158,0.23841577768325806,0.24087421596050262,0.33032548427581787,3.6009507179260254,3.486370325088501,0.5312696695327759,0.5408831834793091,3.8687996864318848,0.9548115730285645,0.24480798840522766,1.1281929016113281,0.989646852016449,0.5457411408424377,1.2367438077926636,0.9738396406173706,0.9832404851913452,0.00940084457397461,0.026160359382629395,1.030100703239441,1.053739070892334,0.023638367652893066
train,236,37.51469802856445,38.44291687011719,0.9282188415527344,0.9282188415527344,0.013461356051266193,33.52935028076172,34.351226806640625,0.8218765258789062,0.8218765258789062,0.013274699449539185,7.442866325378418,8.224674224853516,0.7818078994750977,0.7818078994750977,0.007997199892997742,0.31845927238464355,1.2860628366470337,0.3157697916030884,1.1353230476379395,0.07310052961111069,0.26663219928741455,0.6342290043830872,2.4192700386047363,0.707329511642456,2.6859021186828613,0.6892228722572327,0.9940011501312256,0.46685123443603516,0.9662590622901917,0.02777777798473835,0.2361111044883728,0.4256332814693451,0.42550504207611084,0.4474363923072815,0.486833781003952,0.48833122849464417,0.0014974474906921387,0.4252083897590637,0.42506736516952515,0.4470115303993225,0.487258642911911,0.48875609040260315,0.0014974474906921387,0.4252083897590637,0.42506736516952515,0.4470115303993225,0.487258642911911,0.48875609040260315,0.0014974474906921387,0.08472228795289993,0.08555447310209274,0.18150216341018677,2.584993600845337,2.6148462295532227,0.6656970977783203,0.6754701733589172,1.3982681035995483,0.24464569985866547,0.24000942707061768,0.4347486197948456,3.668752908706665,3.5599305629730225,0.5242973566055298,0.5315408110618591,3.807454824447632,0.9520565271377563,0.24398000538349152,1.1237736940383911,0.9885475635528564,0.5454643368721008,1.2353559732437134,0.973688006401062,0.985095739364624,0.011407732963562012,0.02631199359893799,0.9703934788703918,0.9879776835441589,0.01758420467376709
train,237,37.874717712402344,37.97882843017578,0.1041107177734375,0.1041107177734375,0.020540697500109673,33.95177459716797,33.9403076171875,-0.01146697998046875,0.01146697998046875,0.02203480154275894,8.226261138916016,7.833792686462402,-0.3924684524536133,0.3924684524536133,0.007231753785163164,0.31356802582740784,1.2611452341079712,0.31254881620407104,1.13541841506958,0.07016317546367645,0.25836989283561707,0.6261168718338013,2.390958309173584,0.6962800621986389,2.6493282318115234,0.6934376358985901,0.9945414662361145,0.4699476957321167,0.9664356708526611,0.02777777798473835,0.2222222238779068,0.4251386225223541,0.42147567868232727,0.44690820574760437,0.4887501299381256,0.4894583821296692,0.0007082521915435791,0.423627644777298,0.41991162300109863,0.4453972578048706,0.528127908706665,0.528829038143158,0.0007011294364929199,0.423627644777298,0.41991162300109863,0.4453972578048706,0.528127908706665,0.528829038143158,0.0007011294364929199,0.08353043347597122,0.0817636251449585,0.19821377098560333,2.582167387008667,2.6161556243896484,0.6650145053863525,0.6737061142921448,1.3973069190979004,0.2428084909915924,0.24051307141780853,0.4138738811016083,3.689915657043457,3.5759668350219727,0.5191464424133301,0.5281281471252441,3.8042335510253906,0.9498823881149292,0.24327553808689117,1.1208387613296509,0.9877203106880188,0.5442928671836853,1.2343178987503052,0.9836930632591248,0.9902907609939575,0.006597697734832764,0.016306936740875244,1.0163620710372925,1.0236268043518066,0.00726473331451416
train,238,37.68365478515625,37.92679977416992,0.24314498901367188,0.24314498901367188,0.015904409810900688,33.57725524902344,33.94606399536133,0.3688087463378906,0.3688087463378906,0.016459591686725616,7.373795509338379,8.030049324035645,0.6562538146972656,0.6562538146972656,0.008362329564988613,0.3082369565963745,1.2360996007919312,0.30853283405303955,1.1135220527648926,0.0717935711145401,0.2744135558605194,0.6167697310447693,2.3496217727661133,0.688563346862793,2.6176838874816895,0.698107123374939,0.9949508309364319,0.47047191858291626,0.9690700769424438,0.02777777798473835,0.2222222238779068,0.4221615493297577,0.4166536331176758,0.4430285692214966,0.5320104360580444,0.5328409075737,0.0008304715156555176,0.42611488699913025,0.42128604650497437,0.44729408621788025,0.5300779938697815,0.5308124423027039,0.0007344484329223633,0.35130006074905396,0.35541126132011414,0.3692115843296051,0.5612565875053406,0.5620712637901306,0.0008146762847900391,0.08212710171937943,0.08172419667243958,0.15152643620967865,2.5639820098876953,2.6010866165161133,0.6742395758628845,0.6820372343063354,1.3826310634613037,0.24121767282485962,0.24144287407398224,0.4365289509296417,3.6618826389312744,3.505612373352051,0.5267350077629089,0.533877432346344,3.8207170963287354,0.9477311372756958,0.24211488664150238,1.1172763109207153,0.9868080019950867,0.5416274666786194,1.2331652641296387,0.9807479381561279,0.9913206696510315,0.010572731494903564,0.01925206184387207,1.0089267492294312,1.0188390016555786,0.009912252426147461
train,239,34.916175842285156,37.80525207519531,2.8890762329101562,2.8890762329101562,0.026881199330091476,31.701051712036133,33.76168441772461,2.0606327056884766,2.0606327056884766,0.023685619235038757,7.906043529510498,7.701946258544922,-0.20409727096557617,0.20409727096557617,0.007445669732987881,0.3054627776145935,1.2348109483718872,0.3049308657646179,1.1084145307540894,0.06900934875011444,0.2568037211894989,0.6103936433792114,2.3432254791259766,0.6794030070304871,2.600029230117798,0.7008975148200989,0.9952880144119263,0.4737110733985901,0.9746741056442261,0.02777777798473835,0.2361111044883728,0.4237135946750641,0.42189961671829224,0.44423285126686096,0.5317867398262024,0.5326348543167114,0.0008481144905090332,0.3179500699043274,0.32104864716529846,0.33518922328948975,0.5946785807609558,0.5958572030067444,0.0011786222457885742,0.3179500699043274,0.32104864716529846,0.33518922328948975,0.5946785807609558,0.5958572030067444,0.0011786222457885742,0.08146402984857559,0.08094177395105362,0.16140995919704437,2.5383713245391846,2.573367118835449,0.6785735487937927,0.6876367926597595,1.3860079050064087,0.24124111235141754,0.24671845138072968,0.4956898093223572,3.633574962615967,3.481330633163452,0.5279037952423096,0.5371496081352234,3.773627996444702,0.9465349316596985,0.24186253547668457,1.1157511472702026,0.9863428473472595,0.5398728847503662,1.2325822114944458,0.9889234900474548,0.9929208755493164,0.003997385501861572,0.011076509952545166,1.0047221183776855,1.0078413486480713,0.003119230270385742
train,240,35.59789276123047,36.36073303222656,0.7628402709960938,0.7628402709960938,0.013569517992436886,31.588268280029297,32.73139190673828,1.1431236267089844,1.1431236267089844,0.014150070026516914,7.916131973266602,7.804018020629883,-0.11211395263671875,0.11211395263671875,0.0057779476046562195,0.29263222217559814,1.1771231889724731,0.2933279275894165,1.0726261138916016,0.06992535293102264,0.2699572741985321,0.5859601497650146,2.2488927841186523,0.6558855772018433,2.518850088119507,0.7121137976646423,0.9949573874473572,0.48676401376724243,0.9717255234718323,0.02777777798473835,0.2083333283662796,0.41842570900917053,0.41026729345321655,0.4395996630191803,0.5352824926376343,0.5364353656768799,0.0011528730392456055,0.3238859474658966,0.3245852589607239,0.34182167053222656,0.6282780766487122,0.6294476389884949,0.0011695623397827148,0.3238859474658966,0.3245852589607239,0.34182167053222656,0.6282780766487122,0.6294476389884949,0.0011695623397827148,0.08008751273155212,0.08187680691480637,0.18836960196495056,2.54763126373291,2.5876314640045166,0.6788392663002014,0.6853620409965515,1.3709027767181396,0.24356846511363983,0.2377098649740219,0.45652246475219727,3.7086029052734375,3.5211424827575684,0.5174420475959778,0.5292173624038696,3.858797073364258,0.9404304623603821,0.2401503175497055,1.1067333221435547,0.9836476445198059,0.5354185700416565,1.2291911840438843,0.984504222869873,0.9936980605125427,0.009193837642669678,0.015495777130126953,1.0168437957763672,1.0201785564422607,0.0033347606658935547
train,241,35.1901741027832,35.979339599609375,0.7891654968261719,0.7891654968261719,0.012164873071014881,31.78450584411621,32.15985107421875,0.37534523010253906,0.37534523010253906,0.012433179654181004,7.615890979766846,7.860097408294678,0.24420642852783203,0.24420642852783203,0.006608959753066301,0.28945499658584595,1.186305046081543,0.28885239362716675,1.0705815553665161,0.07022856175899506,0.2686232328414917,0.5783073902130127,2.2568864822387695,0.648535966873169,2.525509834289551,0.7155762910842896,0.9949529767036438,0.4914049506187439,0.9699677228927612,0.02777777798473835,0.1805555522441864,0.3196237087249756,0.3174734115600586,0.33693942427635193,0.5900906324386597,0.5915684103965759,0.0014777779579162598,0.3196237087249756,0.3174734115600586,0.33693942427635193,0.631275475025177,0.6323343515396118,0.0010588765144348145,0.3196237087249756,0.3174734115600586,0.33693942427635193,0.631275475025177,0.6323343515396118,0.0010588765144348145,0.08143984526395798,0.08235179632902145,0.17056052386760712,2.529752492904663,2.5585572719573975,0.6789090037345886,0.6884542107582092,1.3800469636917114,0.24371439218521118,0.2485422044992447,0.50926673412323,3.6763596534729004,3.4860892295837402,0.5173380970954895,0.5361496806144714,3.851163148880005,0.9405413866043091,0.2404356747865677,1.1069326400756836,0.9837123155593872,0.5345034599304199,1.2292726039886475,0.9864170551300049,0.9945329427719116,0.008115887641906738,0.013582944869995117,0.9889119863510132,0.999140202999115,0.010228216648101807
train,242,35.30173873901367,35.58477783203125,0.2830390930175781,0.2830390930175781,0.013006559573113918,31.535791397094727,31.972204208374023,0.4364128112792969,0.4364128112792969,0.011888102628290653,7.041171550750732,7.738018035888672,0.6968464851379395,0.6968464851379395,0.008167663589119911,0.2881484031677246,1.1866174936294556,0.2881149351596832,1.0643976926803589,0.06917572021484375,0.26700010895729065,0.5762633085250854,2.2510151863098145,0.645439088344574,2.5180153846740723,0.7168741822242737,0.9949398040771484,0.4921506345272064,0.9727910757064819,0.02777777798473835,0.1527777761220932,0.3185547888278961,0.32113364338874817,0.3354005813598633,0.6327728629112244,0.6334494948387146,0.0006766319274902344,0.3185547888278961,0.32113364338874817,0.3354005813598633,0.6059603095054626,0.606187105178833,0.00022679567337036133,0.3185547888278961,0.32113364338874817,0.3354005813598633,0.6059603095054626,0.606187105178833,0.00022679567337036133,0.08131952583789825,0.08140336722135544,0.16082315146923065,2.5633816719055176,2.6036596298217773,0.6780423521995544,0.6837052702903748,1.3833948373794556,0.24275191128253937,0.24495665729045868,0.44530126452445984,3.728376865386963,3.53509783744812,0.5143834948539734,0.5343251824378967,3.8244590759277344,0.940033495426178,0.24056734144687653,1.1061758995056152,0.9834708571434021,0.5338761210441589,1.228968858718872,0.9640114307403564,0.972222089767456,0.00821065902709961,0.035988569259643555,1.0350817441940308,1.060128927230835,0.0250471830368042
train,243,33.876705169677734,35.44328308105469,1.5665779113769531,1.5665779113769531,0.018221020698547363,30.687257766723633,31.754016876220703,1.0667591094970703,1.0667591094970703,0.0175158753991127,7.096549034118652,7.389617919921875,0.29306888580322266,0.29306888580322266,0.0054306406527757645,0.28746601939201355,1.1728767156600952,0.2877159118652344,1.0579357147216797,0.06810775399208069,0.25994977355003357,0.5751819014549255,2.228384494781494,0.6432896852493286,2.4883341789245605,0.7171711921691895,0.9954016208648682,0.4918805658817291,0.9763175249099731,0.02777777798473835,0.1527777761220932,0.3198353052139282,0.3231187164783478,0.3366703689098358,0.630423903465271,0.6306887269020081,0.00026482343673706055,0.3198353052139282,0.3231187164783478,0.3366703689098358,0.6044065356254578,0.6044634580612183,5.692243576049805e-05,0.3198353052139282,0.3231187164783478,0.3366703689098358,0.6044065356254578,0.6044634580612183,5.692243576049805e-05,0.08133773505687714,0.08111981302499771,0.15601974725723267,2.565670967102051,2.5956530570983887,0.6724109649658203,0.6813174486160278,1.3793162107467651,0.24707923829555511,0.24570518732070923,0.5284397006034851,3.7574572563171387,3.5789542198181152,0.5097144842147827,0.5212844014167786,3.7973129749298096,0.938267707824707,0.24007858335971832,1.1037428379058838,0.98265141248703,0.5341699123382568,1.2279399633407593,0.9779669046401978,0.9835765957832336,0.005609691143035889,0.022033095359802246,1.0182995796203613,1.0321478843688965,0.013848304748535156
train,244,34.157554626464844,34.66001892089844,0.5024642944335938,0.5024642944335938,0.010271760635077953,30.840463638305664,31.220661163330078,0.38019752502441406,0.38019752502441406,0.009924431331455708,6.871201038360596,7.243106842041016,0.3719058036804199,0.3719058036804199,0.009610102511942387,0.2841511368751526,1.145249605178833,0.28409239649772644,1.0326955318450928,0.06677021831274033,0.24090786278247833,0.5682435631752014,2.1762795448303223,0.6350138187408447,2.417187452316284,0.7197056412696838,0.9952624440193176,0.49904176592826843,0.9763162136077881,0.02777777798473835,0.1527777761220932,0.3214488923549652,0.3183152973651886,0.3385860323905945,0.6268216967582703,0.6277738213539124,0.0009521245956420898,0.32383665442466736,0.32083094120025635,0.34208735823631287,0.6052069067955017,0.6062806844711304,0.0010737776756286621,0.32383665442466736,0.32083094120025635,0.34208735823631287,0.6052069067955017,0.6062806844711304,0.0010737776756286621,0.0808134526014328,0.0805869773030281,0.20039699971675873,2.569699764251709,2.6031506061553955,0.6722713112831116,0.6800848841667175,1.3769768476486206,0.24282869696617126,0.2297961711883545,0.4659084677696228,3.825483560562134,3.629621744155884,0.500706672668457,0.519029438495636,3.74493670463562,0.9335508346557617,0.23908108472824097,1.0970343351364136,0.9803828001022339,0.5324897766113281,1.225089430809021,0.9876714944839478,0.9904550313949585,0.002783536911010742,0.012328505516052246,0.9849056601524353,0.996654748916626,0.011749088764190674
train,245,34.285526275634766,34.40880584716797,0.12327957153320312,0.12327957153320312,0.012624896131455898,30.84760284423828,31.03058433532715,0.1829814910888672,0.1829814910888672,0.012375629507005215,7.12051248550415,7.057176113128662,-0.06333637237548828,0.06333637237548828,0.007030722219496965,0.2838978171348572,1.1317094564437866,0.28534889221191406,1.0174978971481323,0.06425877660512924,0.22493472695350647,0.5692467093467712,2.149207353591919,0.6335055232048035,2.3615496158599854,0.7195742726325989,0.9953477382659912,0.49603545665740967,0.9708070158958435,0.02777777798473835,0.1527777761220932,0.31989163160324097,0.31002065539360046,0.33689233660697937,0.630231499671936,0.6310116052627563,0.0007801055908203125,0.3218984603881836,0.3124697506427765,0.338899165391922,0.5878260135650635,0.5883155465126038,0.0004895329475402832,0.3218984603881836,0.3124697506427765,0.338899165391922,0.5878260135650635,0.5883155465126038,0.0004895329475402832,0.08070039749145508,0.07812139391899109,0.19670121371746063,2.5971968173980713,2.6177265644073486,0.6638755202293396,0.6740289330482483,1.365549087524414,0.2420656383037567,0.24409498274326324,0.5277652144432068,3.8401012420654297,3.6429288387298584,0.49459636211395264,0.5166682004928589,3.777061700820923,0.9303622245788574,0.2379635125398636,1.092621922492981,0.9787870049476624,0.5335167050361633,1.223085880279541,0.9867438673973083,0.9890468120574951,0.0023029446601867676,0.01325613260269165,0.9932112693786621,1.0051108598709106,0.011899590492248535
train,246,33.40373229980469,34.347190856933594,0.9434585571289062,0.9434585571289062,0.012520534917712212,29.961015701293945,30.939117431640625,0.9781017303466797,0.9781017303466797,0.012316589243710041,6.715989112854004,7.088868141174316,0.3728790283203125,0.3728790283203125,0.005851364694535732,0.2814803123474121,1.1082258224487305,0.2824040651321411,0.9911393523216248,0.06439488381147385,0.21962669491767883,0.5638843774795532,2.099365234375,0.6282792687416077,2.3119208812713623,0.7213285565376282,0.9956941604614258,0.4962363839149475,0.9745227098464966,0.02777777798473835,0.1666666716337204,0.3171979486942291,0.32015058398246765,0.3339196443557739,0.592057466506958,0.592987596988678,0.0009301304817199707,0.3171979486942291,0.32015058398246765,0.3339196443557739,0.592057466506958,0.592987596988678,0.0009301304817199707,0.3171979486942291,0.32015058398246765,0.3339196443557739,0.592057466506958,0.592987596988678,0.0009301304817199707,0.07862236350774765,0.08054070174694061,0.15941834449768066,2.600558042526245,2.6287801265716553,0.6674261093139648,0.6748431921005249,1.355910301208496,0.24039465188980103,0.2507387399673462,0.45191577076911926,3.8770811557769775,3.6715312004089355,0.4903840124607086,0.5126857757568359,3.7919211387634277,0.9263291358947754,0.23692049086093903,1.086665391921997,0.9766606688499451,0.5316015481948853,1.2204116582870483,0.9797137975692749,0.9869797825813293,0.007265985012054443,0.020286202430725098,0.9820247888565063,0.9944680333137512,0.012443244457244873
train,247,32.11690902709961,33.875484466552734,1.758575439453125,1.758575439453125,0.014326360076665878,28.936668395996094,30.450092315673828,1.5134239196777344,1.5134239196777344,0.014120591804385185,6.798877716064453,6.902451515197754,0.10357379913330078,0.10357379913330078,0.00587175227701664,0.27715492248535156,1.0861390829086304,0.2777593731880188,0.9818287491798401,0.06309092044830322,0.22974100708961487,0.5549142360687256,2.0679678916931152,0.6180052161216736,2.2857706546783447,0.7250303626060486,0.9958285689353943,0.5029220581054688,0.9815983772277832,0.02777777798473835,0.1527777761220932,0.316621333360672,0.3309984505176544,0.3336697518825531,0.6289803981781006,0.6314297318458557,0.002449333667755127,0.316621333360672,0.3309984505176544,0.3336697518825531,0.6289803981781006,0.6314297318458557,0.002449333667755127,0.316621333360672,0.3309984505176544,0.3336697518825531,0.6289803981781006,0.6314297318458557,0.002449333667755127,0.08105738461017609,0.08215159177780151,0.1799757480621338,2.62497615814209,2.6511776447296143,0.6629481315612793,0.6717070937156677,1.3597748279571533,0.24450545012950897,0.2483534812927246,0.4501563608646393,3.8700666427612305,3.636168956756592,0.4901563227176666,0.5226046442985535,3.799207925796509,0.9238344430923462,0.23648756742477417,1.0830577611923218,0.9752851724624634,0.5293126106262207,1.2186833620071411,0.9844851493835449,0.990241527557373,0.005756378173828125,0.015514850616455078,1.0350209474563599,1.0384896993637085,0.003468751907348633
train,248,31.381778717041016,32.99622344970703,1.6144447326660156,1.6144447326660156,0.012344610877335072,28.222063064575195,29.693401336669922,1.4713382720947266,1.4713382720947266,0.015544470399618149,6.7457356452941895,6.850687503814697,0.10495185852050781,0.10495185852050781,0.006428063847124577,0.27270010113716125,1.0705434083938599,0.27451032400131226,0.9578073620796204,0.06261572241783142,0.24096453189849854,0.5472103953361511,2.028350830078125,0.6098260879516602,2.2571024894714355,0.7290369272232056,0.9962145090103149,0.5095798373222351,0.9856746196746826,0.02777777798473835,0.1527777761220932,0.32362663745880127,0.3234822154045105,0.34046703577041626,0.6235615015029907,0.624769389629364,0.001207888126373291,0.3236005902290344,0.32345739006996155,0.32371681928634644,0.6635993123054504,0.6692605018615723,0.005661189556121826,0.3236005902290344,0.32345739006996155,0.32371681928634644,0.6635993123054504,0.6692605018615723,0.005661189556121826,0.0812501460313797,0.0820719301700592,0.17376622557640076,2.61454701423645,2.635995388031006,0.6660613417625427,0.67569899559021,1.3604201078414917,0.2517186999320984,0.2531352639198303,0.456728458404541,3.8450889587402344,3.6060500144958496,0.4941447973251343,0.5249693989753723,3.8396384716033936,0.9210188984870911,0.23555810749530792,1.0788346529006958,0.9736185669898987,0.5280102491378784,1.2165875434875488,0.9893234968185425,0.9895983934402466,0.00027489662170410156,0.01067650318145752,1.0250880718231201,1.0307824611663818,0.005694389343261719
train,249,32.23826599121094,32.189022064208984,-0.049243927001953125,0.049243927001953125,0.01213260367512703,28.8361759185791,28.957754135131836,0.12157821655273438,0.12157821655273438,0.01251408364623785,6.715633392333984,6.798234939575195,0.08260154724121094,0.08260154724121094,0.005347271915525198,0.26760679483413696,1.052943468093872,0.2681124210357666,0.9278334975242615,0.06362773478031158,0.24836598336696625,0.5357191562652588,1.9797587394714355,0.599346935749054,2.217874050140381,0.7336302995681763,0.9961997270584106,0.5156741738319397,0.9871851205825806,0.02777777798473835,0.1527777761220932,0.32355618476867676,0.3106686472892761,0.3406446576118469,0.622018575668335,0.6233334541320801,0.0013148784637451172,0.3235307037830353,0.31065547466278076,0.3236486613750458,0.6561573147773743,0.6657301187515259,0.009572803974151611,0.3235307037830353,0.31065547466278076,0.3236486613750458,0.6648938655853271,0.6714431643486023,0.0065492987632751465,0.08165919780731201,0.0817757099866867,0.15791773796081543,2.649726390838623,2.6849076747894287,0.6606335043907166,0.6668896079063416,1.3531354665756226,0.25068607926368713,0.24619083106517792,0.4180733859539032,3.899433135986328,3.636606454849243,0.48704811930656433,0.5235011577606201,3.881319522857666,0.9169933199882507,0.2347765564918518,1.0729693174362183,0.9712210297584534,0.5249726176261902,1.2135744094848633,0.9922654032707214,0.9925156235694885,0.00025022029876708984,0.0077345967292785645,1.0148463249206543,1.0243746042251587,0.009528279304504395
train,250,32.21302032470703,32.21366882324219,0.00064849853515625,0.00064849853515625,0.015530520118772984,28.7059326171875,28.896987915039062,0.1910552978515625,0.1910552978515625,0.014903347007930279,6.8197431564331055,6.756957054138184,-0.06278610229492188,0.06278610229492188,0.004837422631680965,0.2677912414073944,1.0548385381698608,0.26784947514533997,0.927253246307373,0.06317443400621414,0.23262092471122742,0.5356407165527344,1.9811235666275024,0.5988152027130127,2.210416793823242,0.7335063219070435,0.9958418011665344,0.5122946500778198,0.9881008267402649,0.02777777798473835,0.1527777761220932,0.31712594628334045,0.32156655192375183,0.33381786942481995,0.6308420300483704,0.632439911365509,0.0015978813171386719,0.31712594628334045,0.32156655192375183,0.33381786942481995,0.6023386716842651,0.6036721467971802,0.001333475112915039,0.31712594628334045,0.32156655192375183,0.33381786942481995,0.6023386716842651,0.6036721467971802,0.001333475112915039,0.08308231830596924,0.08443452417850494,0.17680343985557556,2.655587673187256,2.6825666427612305,0.6585700511932373,0.668003499507904,1.3456388711929321,0.2522982954978943,0.2500065863132477,0.433440625667572,3.917745351791382,3.6661322116851807,0.48239919543266296,0.5170034766197205,3.8930492401123047,0.9163105487823486,0.2344037890434265,1.0722084045410156,0.9709094166755676,0.525514543056488,1.213185429573059,0.9798799753189087,0.9840713143348694,0.004191339015960693,0.02012002468109131,1.0614471435546875,1.0704525709152222,0.009005427360534668
train,251,32.00891876220703,32.2133674621582,0.20444869995117188,0.20444869995117188,0.011954667046666145,28.630695343017578,28.801485061645508,0.1707897186279297,0.1707897186279297,0.013235333375632763,6.982848167419434,6.7883734703063965,-0.1944746971130371,0.1944746971130371,0.006596042308956385,0.268149733543396,1.063353419303894,0.2683189809322357,0.9507376551628113,0.06366804242134094,0.2302904576063156,0.5364686846733093,2.0085043907165527,0.6001366972923279,2.2387948036193848,0.7333886623382568,0.9961073398590088,0.513515293598175,0.987853467464447,0.02777777798473835,0.1666666716337204,0.3213276267051697,0.3198084831237793,0.3389213979244232,0.5801566243171692,0.5811169147491455,0.0009602904319763184,0.3213065564632416,0.3197971284389496,0.32141080498695374,0.6116554141044617,0.6210640072822571,0.00940859317779541,0.3213065564632416,0.3197971284389496,0.32141080498695374,0.6116554141044617,0.6210640072822571,0.00940859317779541,0.08405563235282898,0.08292360603809357,0.17549625039100647,2.6647472381591797,2.6961240768432617,0.661518394947052,0.6694695353507996,1.3569622039794922,0.24987848103046417,0.2542019188404083,0.4668271243572235,4.003520488739014,3.7260427474975586,0.4748992621898651,0.5067196488380432,3.841956615447998,0.9187185764312744,0.23537203669548035,1.0758668184280396,0.9723764657974243,0.5271629095077515,1.2150311470031738,0.9850223064422607,0.9857693910598755,0.0007470846176147461,0.014977693557739258,1.0474342107772827,1.0628479719161987,0.015413761138916016
train,252,31.64919662475586,32.111167907714844,0.4619712829589844,0.4619712829589844,0.015684237703680992,28.134777069091797,28.716114044189453,0.5813369750976562,0.5813369750976562,0.016763262450695038,6.6196489334106445,6.88563346862793,0.26598453521728516,0.26598453521728516,0.007377674803137779,0.26880064606666565,1.0606402158737183,0.2694711983203888,0.9533395767211914,0.06391004472970963,0.23501285910606384,0.5382718443870544,2.013979911804199,0.6021818518638611,2.248992681503296,0.7327026724815369,0.9961126446723938,0.5146840810775757,0.9865362048149109,0.02777777798473835,0.1666666716337204,0.3205702304840088,0.3235776424407959,0.33903172612190247,0.5749291181564331,0.5761777758598328,0.0012486577033996582,0.3205702304840088,0.3235776424407959,0.33903172612190247,0.572543203830719,0.5736441016197205,0.0011008977890014648,0.3205539882183075,0.3235492706298828,0.3206588923931122,0.6056844592094421,0.6143321990966797,0.008647739887237549,0.08276696503162384,0.0836862176656723,0.17307685315608978,2.6492440700531006,2.672492265701294,0.6673885583877563,0.6757301092147827,1.3596892356872559,0.2486044466495514,0.23953628540039062,0.39529353380203247,3.9887032508850098,3.6941301822662354,0.4833005368709564,0.5139505863189697,3.8195016384124756,0.9193823337554932,0.23545366525650024,1.0766959190368652,0.9727664589881897,0.5285536646842957,1.2155194282531738,0.9766486883163452,0.9763033986091614,-0.0003452897071838379,0.023351311683654785,0.9869328141212463,1.0031379461288452,0.016205132007598877
train,253,31.841861724853516,31.880203247070312,0.038341522216796875,0.038341522216796875,0.016493340954184532,28.545883178710938,28.42546844482422,-0.12041473388671875,0.12041473388671875,0.015458537265658379,6.656051158905029,6.752664566040039,0.09661340713500977,0.09661340713500977,0.006629385985434055,0.27003446221351624,1.0730767250061035,0.26989004015922546,0.9411527514457703,0.06324464827775955,0.23209531605243683,0.5399245023727417,2.0142295360565186,0.6031692028045654,2.2463247776031494,0.731847882270813,0.996130108833313,0.5159503221511841,0.9865235686302185,0.02777777798473835,0.1666666716337204,0.32205846905708313,0.3274713158607483,0.34029096364974976,0.5766652226448059,0.5789949297904968,0.002329707145690918,0.348596453666687,0.35999253392219543,0.36696964502334595,0.5952343940734863,0.5980265140533447,0.0027921199798583984,0.3485742509365082,0.3599609434604645,0.3488428592681885,0.629285991191864,0.6397103667259216,0.010424375534057617,0.08309483528137207,0.08388364315032959,0.22505061328411102,2.6498677730560303,2.662501811981201,0.6646418571472168,0.6756368279457092,1.361167550086975,0.24530600011348724,0.23321948945522308,0.4429547190666199,3.967925786972046,3.70451283454895,0.48133763670921326,0.5152918100357056,3.7887790203094482,0.9194691777229309,0.23554903268814087,1.0766746997833252,0.9727363586425781,0.5298954844474792,1.2154796123504639,0.9940500259399414,0.9961825013160706,0.0021324753761291504,0.005949974060058594,1.0071555376052856,1.0109120607376099,0.0037565231323242188
train,254,32.93732833862305,31.861061096191406,-1.0762672424316406,1.0762672424316406,0.013268135488033295,29.44339370727539,28.485698699951172,-0.9576950073242188,0.9576950073242188,0.01300863642245531,6.798368453979492,6.704380989074707,-0.09398746490478516,0.09398746490478516,0.0059746247716248035,0.2706352472305298,1.092507243156433,0.27012285590171814,0.9643967747688293,0.06249965727329254,0.2266378551721573,0.5407580733299255,2.0569040775299072,0.6032578349113464,2.2835419178009033,0.7318260669708252,0.9959483742713928,0.5166800022125244,0.9858020544052124,0.02777777798473835,0.1666666716337204,0.32283148169517517,0.3174666166305542,0.3414789140224457,0.6213769316673279,0.6238360404968262,0.002459108829498291,0.3543064296245575,0.3492640554904938,0.373084157705307,0.5931535363197327,0.5953348875045776,0.0021813511848449707,0.3543064296245575,0.3492640554904938,0.373084157705307,0.5931535363197327,0.5953348875045776,0.0021813511848449707,0.0835978239774704,0.08406247198581696,0.175148144364357,2.630150318145752,2.660400152206421,0.6690382957458496,0.6767306923866272,1.3720142841339111,0.2381143718957901,0.24153709411621094,0.4672435522079468,3.9061741828918457,3.6622955799102783,0.48855775594711304,0.5155326724052429,3.791043996810913,0.9225738644599915,0.23669224977493286,1.081372857093811,0.9745686054229736,0.5274460911750793,1.2177845239639282,0.9917303919792175,0.99662184715271,0.004891455173492432,0.00826960802078247,1.0044394731521606,1.0086387395858765,0.00419926643371582
train,255,33.39434051513672,32.39921569824219,-0.9951248168945312,0.9951248168945312,0.012771612033247948,29.884784698486328,28.964569091796875,-0.9202156066894531,0.9202156066894531,0.012115770019590855,6.507358074188232,6.751398086547852,0.24404001235961914,0.24404001235961914,0.00758950412273407,0.27449193596839905,1.1009305715560913,0.2735116183757782,0.9813088774681091,0.0634077861905098,0.2237044870853424,0.5480034947395325,2.0822393894195557,0.6114113330841064,2.3059439659118652,0.7282096743583679,0.9957669377326965,0.510936439037323,0.9856075644493103,0.02777777798473835,0.1527777761220932,0.3201046288013458,0.32527920603752136,0.3388047218322754,0.6247940063476562,0.6284347772598267,0.00364077091217041,0.3517434597015381,0.3593190908432007,0.37058067321777344,0.5921248197555542,0.5953222513198853,0.0031974315643310547,0.3517434597015381,0.3593190908432007,0.37058067321777344,0.5921248197555542,0.5953222513198853,0.0031974315643310547,0.08594687283039093,0.08474087715148926,0.1794678270816803,2.661317825317383,2.6878039836883545,0.6643053293228149,0.6736840605735779,1.3764703273773193,0.2387065291404724,0.23616935312747955,0.4748619794845581,3.872480630874634,3.58756160736084,0.49119672179222107,0.5218091011047363,3.798126220703125,0.9247588515281677,0.23783962428569794,1.0844526290893555,0.9758066534996033,0.5267296433448792,1.21933913230896,0.9872848987579346,0.9953275918960571,0.008042693138122559,0.01271510124206543,1.006952166557312,1.0131860971450806,0.006233930587768555
train,256,33.6932373046875,32.89680099487305,-0.7964363098144531,0.7964363098144531,0.013250455260276794,30.086124420166016,29.424699783325195,-0.6614246368408203,0.6614246368408203,0.012163068167865276,7.130639553070068,6.629401206970215,-0.5012383460998535,0.5012383460998535,0.008371707983314991,0.2783679664134979,1.122451901435852,0.27799877524375916,0.9924741983413696,0.06277485936880112,0.2207971215248108,0.5563667416572571,2.1149260997772217,0.6191415786743164,2.3357231616973877,0.7249129414558411,0.9954206943511963,0.5075780153274536,0.9849832653999329,0.02777777798473835,0.1666666716337204,0.32273226976394653,0.3136669397354126,0.341018408536911,0.6222344636917114,0.625007152557373,0.002772688865661621,0.35559043288230896,0.34640175104141235,0.3740115463733673,0.5931657552719116,0.5955381989479065,0.002372443675994873,0.35559043288230896,0.34640175104141235,0.3740115463733673,0.5931657552719116,0.5955381989479065,0.002372443675994873,0.08445828408002853,0.08367318660020828,0.17944782972335815,2.6397271156311035,2.6719253063201904,0.6672650575637817,0.67479008436203,1.3852413892745972,0.23631903529167175,0.24109359085559845,0.406566858291626,3.8178584575653076,3.5822880268096924,0.5020025968551636,0.5223604440689087,3.7948036193847656,0.9275588989257812,0.23877064883708954,1.0884782075881958,0.9772921800613403,0.5279388427734375,1.221205711364746,0.9920188784599304,0.9967777132987976,0.0047588348388671875,0.00798112154006958,0.9952322244644165,1.0042082071304321,0.008975982666015625
train,257,34.24858093261719,33.295040130615234,-0.9535408020019531,0.9535408020019531,0.013579769060015678,30.738723754882812,29.755435943603516,-0.9832878112792969,0.9832878112792969,0.01404610462486744,7.703421592712402,6.880043983459473,-0.8233776092529297,0.8233776092529297,0.008923320099711418,0.2825896441936493,1.1387726068496704,0.2803722023963928,0.9898064136505127,0.06462506204843521,0.233699768781662,0.5629618167877197,2.1285791397094727,0.6275869011878967,2.362278938293457,0.7211159467697144,0.9953674674034119,0.5038002729415894,0.9848036170005798,0.02777777798473835,0.1805555522441864,0.3509449362754822,0.3433298170566559,0.36956605315208435,0.5943756103515625,0.5971962809562683,0.0028206706047058105,0.3509449362754822,0.3433298170566559,0.36956605315208435,0.5943756103515625,0.5971962809562683,0.0028206706047058105,0.3509449362754822,0.3433298170566559,0.36956605315208435,0.5943756103515625,0.5971962809562683,0.0028206706047058105,0.0845644623041153,0.0822712853550911,0.23113574087619781,2.632086753845215,2.66410756111145,0.6654231548309326,0.6713780760765076,1.385432243347168,0.24180711805820465,0.2396775633096695,0.4662402272224426,3.8456053733825684,3.6288716793060303,0.5006538033485413,0.5247629284858704,3.804046869277954,0.9297444224357605,0.23920710384845734,1.091241478919983,0.9783435463905334,0.5294507741928101,1.222522258758545,0.9909121990203857,0.9967447519302368,0.005832552909851074,0.009087800979614258,1.0014188289642334,1.005506157875061,0.004087328910827637
train,258,34.816200256347656,33.77183532714844,-1.0443649291992188,1.0443649291992188,0.016698136925697327,30.900259017944336,30.24710464477539,-0.6531543731689453,0.6531543731689453,0.01890902779996395,7.293904781341553,7.291755676269531,-0.0021491050720214844,0.0021491050720214844,0.006572888698428869,0.2856053113937378,1.112524390220642,0.2859710454940796,0.9774721264839172,0.06804785132408142,0.26047590374946594,0.5715764164924622,2.089996576309204,0.639624297618866,2.3504724502563477,0.7173957824707031,0.9943281412124634,0.4963940382003784,0.98309326171875,0.02777777798473835,0.1944444477558136,0.35196980834007263,0.3615930676460266,0.3699330985546112,0.5959201455116272,0.5983306765556335,0.0024105310440063477,0.3470754027366638,0.35673272609710693,0.36503657698631287,0.5982281565666199,0.6007749438285828,0.0025467872619628906,0.3470754027366638,0.35673272609710693,0.36503657698631287,0.5982281565666199,0.6007749438285828,0.0025467872619628906,0.08318638801574707,0.08132430911064148,0.17048706114292145,2.650303363800049,2.6808133125305176,0.6657179594039917,0.6735605597496033,1.3760067224502563,0.2377018928527832,0.23393121361732483,0.40382465720176697,3.885197877883911,3.659162998199463,0.49540388584136963,0.5213209390640259,3.75748610496521,0.9287995100021362,0.23909682035446167,1.0893982648849487,0.9777440428733826,0.5301986336708069,1.221763014793396,0.9878015518188477,0.9959245324134827,0.00812298059463501,0.012198448181152344,1.004773497581482,1.0084576606750488,0.0036841630935668945
train,259,35.11486053466797,34.294044494628906,-0.8208160400390625,0.8208160400390625,0.01429109275341034,31.370094299316406,30.57370376586914,-0.7963905334472656,0.7963905334472656,0.014718487858772278,6.9526519775390625,7.292853355407715,0.34020137786865234,0.34020137786865234,0.006221546791493893,0.28917670249938965,1.1374047994613647,0.28995123505592346,0.9984461069107056,0.06801226735115051,0.24622295796871185,0.5791279673576355,2.1358509063720703,0.6471402049064636,2.3820738792419434,0.7145039439201355,0.9927745461463928,0.492914080619812,0.9818982481956482,0.02777777798473835,0.1805555522441864,0.3519555628299713,0.3617669641971588,0.37059277296066284,0.5989953875541687,0.6000956892967224,0.001100301742553711,0.3519555628299713,0.3617669641971588,0.37059277296066284,0.5989953875541687,0.6000956892967224,0.001100301742553711,0.3519555628299713,0.3617669641971588,0.37059277296066284,0.5989953875541687,0.6000956892967224,0.001100301742553711,0.08096501976251602,0.08056171983480453,0.20884159207344055,2.610347270965576,2.6511716842651367,0.675590455532074,0.6828586459159851,1.3820946216583252,0.2388008087873459,0.23706026375293732,0.4057627022266388,3.8341610431671143,3.593339443206787,0.5013850331306458,0.5256504416465759,3.753356456756592,0.9317337870597839,0.24023577570915222,1.0938045978546143,0.9793181419372559,0.5310851335525513,1.2237435579299927,0.9929206967353821,0.9964019060134888,0.0034812092781066895,0.00707930326461792,1.0027120113372803,1.0074387788772583,0.004726767539978027
train,260,35.601531982421875,34.70447540283203,-0.8970565795898438,0.8970565795898438,0.016367075964808464,31.823802947998047,30.971921920776367,-0.8518810272216797,0.8518810272216797,0.012847032397985458,7.14920711517334,7.122776031494141,-0.02643108367919922,0.02643108367919922,0.0071833813562989235,0.29371944069862366,1.1524202823638916,0.29594480991363525,1.019305944442749,0.06657204031944275,0.2319415807723999,0.5896642208099365,2.1717238426208496,0.6562363505363464,2.403665542602539,0.710328996181488,0.9937298893928528,0.488947331905365,0.9815040230751038,0.02777777798473835,0.1805555522441864,0.35692426562309265,0.3530781865119934,0.37596872448921204,0.5951770544052124,0.5959383249282837,0.0007612705230712891,0.3616853952407837,0.3580124080181122,0.38073086738586426,0.5928389430046082,0.5934593677520752,0.000620424747467041,0.3616853952407837,0.3580124080181122,0.38073086738586426,0.5928389430046082,0.5934593677520752,0.000620424747467041,0.07973313331604004,0.0782187283039093,0.165585458278656,2.557413339614868,2.591120481491089,0.6891822218894958,0.6969392895698547,1.3836735486984253,0.23813194036483765,0.24220895767211914,0.4476224482059479,3.7837181091308594,3.5619122982025146,0.5070816278457642,0.5294410586357117,3.7530555725097656,0.9339972734451294,0.2409943789243698,1.0973118543624878,0.9804936051368713,0.5339063405990601,1.2252241373062134,0.9954878687858582,0.9968505501747131,0.0013626813888549805,0.004512131214141846,1.0021977424621582,1.008110761642456,0.0059130191802978516
train,261,36.81975555419922,35.15302658081055,-1.6667289733886719,1.6667289733886719,0.031117524951696396,32.509437561035156,31.397886276245117,-1.111551284790039,1.111551284790039,0.028018496930599213,8.02845573425293,7.136013984680176,-0.8924417495727539,0.8924417495727539,0.01352126058191061,0.29949405789375305,1.1369842290878296,0.3012565076351166,1.021432876586914,0.06818368285894394,0.23597639799118042,0.6007505655288696,2.158417224884033,0.6689342856407166,2.3943936824798584,0.7048933506011963,0.9946399927139282,0.4837530553340912,0.9821449518203735,0.0555555559694767,0.1944444477558136,0.35982391238212585,0.3603372275829315,0.3784584403038025,0.5945128798484802,0.595416784286499,0.0009039044380187988,0.35982391238212585,0.3603372275829315,0.3784584403038025,0.5945128798484802,0.595416784286499,0.0009039044380187988,0.35982391238212585,0.3603372275829315,0.3784584403038025,0.5945128798484802,0.595416784286499,0.0009039044380187988,0.07960131764411926,0.0788896232843399,0.16806931793689728,2.5755882263183594,2.5995302200317383,0.6863023638725281,0.6944413781166077,1.3754428625106812,0.23934254050254822,0.2304670810699463,0.48283612728118896,3.7843825817108154,3.5357449054718018,0.5046896934509277,0.5299705862998962,3.733599901199341,0.9338735342025757,0.24094006419181824,1.096858024597168,0.980389416217804,0.5352437496185303,1.2250899076461792,0.9923219084739685,0.9971268773078918,0.00480496883392334,0.007678091526031494,0.9908378720283508,0.9960346221923828,0.005196750164031982
train,262,37.6290283203125,35.986412048339844,-1.6426162719726562,1.6426162719726562,0.030590517446398735,33.61139678955078,31.95368194580078,-1.65771484375,1.65771484375,0.033031024038791656,8.08734130859375,7.582258224487305,-0.5050830841064453,0.5050830841064453,0.00845587532967329,0.3149270713329315,1.1484646797180176,0.313979834318161,1.0251227617263794,0.07479199022054672,0.2787405252456665,0.6289069056510925,2.1735873222351074,0.7036989331245422,2.413015842437744,0.6921055912971497,0.9949861168861389,0.4731501042842865,0.9815882444381714,0.0555555559694767,0.1944444477558136,0.36008507013320923,0.3640930652618408,0.3784748613834381,0.5931358337402344,0.594075620174408,0.000939786434173584,0.36036229133605957,0.36477938294410706,0.37875205278396606,0.592858612537384,0.5937983989715576,0.000939786434173584,0.36036229133605957,0.36477938294410706,0.37875205278396606,0.592858612537384,0.5937983989715576,0.000939786434173584,0.08012337982654572,0.08026792109012604,0.15168125927448273,2.606579065322876,2.6254947185516357,0.6821408867835999,0.6898578405380249,1.3783074617385864,0.23830126225948334,0.23861196637153625,0.3950425386428833,3.801210403442383,3.5943877696990967,0.5049278140068054,0.5215962529182434,3.687093734741211,0.9377308487892151,0.2416687309741974,1.1017277240753174,0.9819674491882324,0.5418320894241333,1.2270663976669312,0.9871471524238586,0.9957781434059143,0.008630990982055664,0.012852847576141357,0.9720936417579651,0.9864330887794495,0.014339447021484375
train,263,38.21995544433594,36.807743072509766,-1.4122123718261719,1.4122123718261719,0.02199336141347885,33.810333251953125,32.78256607055664,-1.0277671813964844,1.0277671813964844,0.02093633823096752,8.09467887878418,7.834822654724121,-0.2598562240600586,0.2598562240600586,0.007365241646766663,0.32910799980163574,1.1836401224136353,0.32889991998672485,1.0472770929336548,0.07755540311336517,0.2657046318054199,0.6580078601837158,2.2200772762298584,0.7355632781982422,2.4857659339904785,0.6804417967796326,0.9948652386665344,0.4647737741470337,0.9796581268310547,0.0555555559694767,0.2083333283662796,0.3626265525817871,0.3701631426811218,0.3796863555908203,0.5880377292633057,0.5898611545562744,0.00182342529296875,0.3626265525817871,0.3701631426811218,0.3796863555908203,0.5880377292633057,0.5898611545562744,0.00182342529296875,0.3626265525817871,0.3701631426811218,0.3796863555908203,0.5880377292633057,0.5898611545562744,0.00182342529296875,0.0816601812839508,0.08195196092128754,0.17442332208156586,2.6308934688568115,2.6436984539031982,0.6786223649978638,0.6875867247581482,1.3878103494644165,0.2367870956659317,0.24007479846477509,0.3928180932998657,3.821176528930664,3.62192964553833,0.5051620006561279,0.5199492573738098,3.7211625576019287,0.9427246451377869,0.24271456897258759,1.1084263324737549,0.9842758178710938,0.5500741600990295,1.2299621105194092,0.982796311378479,0.9963973760604858,0.013601064682006836,0.017203688621520996,0.9986541271209717,1.0004223585128784,0.0017682313919067383
train,264,38.89796829223633,37.51387405395508,-1.38409423828125,1.38409423828125,0.02372007817029953,34.591453552246094,33.296470642089844,-1.29498291015625,1.29498291015625,0.027565473690629005,8.212480545043945,7.964773654937744,-0.24770689010620117,0.24770689010620117,0.007432959042489529,0.3348594605922699,1.2226945161819458,0.33417633175849915,1.079866647720337,0.0780453234910965,0.2706167697906494,0.6690357327461243,2.293093681335449,0.7470811009407043,2.5376203060150146,0.6765420436859131,0.9951780438423157,0.45743098855018616,0.9815182089805603,0.0555555559694767,0.2083333283662796,0.36645299196243286,0.3663141131401062,0.3829158544540405,0.5854218006134033,0.5868369936943054,0.0014151930809020996,0.4711891710758209,0.47320351004600525,0.5489680767059326,0.5236607789993286,0.5240246057510376,0.0003638267517089844,0.4711891710758209,0.47320351004600525,0.5489680767059326,0.5236607789993286,0.5240246057510376,0.0003638267517089844,0.08171042799949646,0.08278194069862366,0.19294776022434235,2.617424964904785,2.633411407470703,0.6790530681610107,0.6883428692817688,1.3980389833450317,0.239644855260849,0.24009467661380768,0.4059285819530487,3.7707841396331787,3.576298713684082,0.514701247215271,0.5285232663154602,3.7633533477783203,0.9470751285552979,0.2454466074705124,1.114485263824463,0.986186146736145,0.5519249439239502,1.232361912727356,0.9807171821594238,0.992614209651947,0.011897027492523193,0.019282817840576172,0.9792357087135315,0.981148362159729,0.0019126534461975098
train,265,39.93853759765625,38.2059440612793,-1.7325935363769531,1.7325935363769531,0.020981691777706146,35.80207443237305,33.94398498535156,-1.8580894470214844,1.8580894470214844,0.025864753872156143,7.990059852600098,8.08864974975586,0.09858989715576172,0.09858989715576172,0.008717391639947891,0.3352999985218048,1.2647855281829834,0.3357997536659241,1.131554126739502,0.07840327173471451,0.27937397360801697,0.6710997819900513,2.3851730823516846,0.7495030164718628,2.6645469665527344,0.6779124140739441,0.9928593039512634,0.45516273379325867,0.971607506275177,0.0555555559694767,0.2083333283662796,0.3663821518421173,0.36998656392097473,0.3827280104160309,0.5843027830123901,0.5868414044380188,0.002538621425628662,0.47255268692970276,0.48365405201911926,0.5503384470939636,0.5235293507575989,0.5238634347915649,0.00033408403396606445,0.47255268692970276,0.48365405201911926,0.5503384470939636,0.5235293507575989,0.5238634347915649,0.00033408403396606445,0.08297260105609894,0.0837264433503151,0.19042833149433136,2.6139514446258545,2.6263370513916016,0.6752053499221802,0.686869204044342,1.4114601612091064,0.2397608608007431,0.23843030631542206,0.39240002632141113,3.703209400177002,3.5217597484588623,0.5233908891677856,0.5375301241874695,3.793992757797241,0.9526441693305969,0.24611932039260864,1.1224056482315063,0.988616406917572,0.5523107051849365,1.2354166507720947,0.9685587882995605,0.9881153106689453,0.019556522369384766,0.03144121170043945,1.0004948377609253,1.0030624866485596,0.0025676488876342773
train,266,39.976966857910156,39.072265625,-0.9047012329101562,0.9047012329101562,0.018447060137987137,35.548362731933594,34.87305450439453,-0.6753082275390625,0.6753082275390625,0.02025626227259636,8.640985488891602,8.03937816619873,-0.6016073226928711,0.6016073226928711,0.008381490595638752,0.3396371901035309,1.2699321508407593,0.3432697057723999,1.148367166519165,0.07715729624032974,0.279082715511322,0.6829069256782532,2.4012861251831055,0.7600642442703247,2.6707701683044434,0.6748583316802979,0.9935006499290466,0.44866594672203064,0.9625027179718018,0.0555555559694767,0.2083333283662796,0.36823228001594543,0.36990097165107727,0.3849368989467621,0.5800613760948181,0.5832487344741821,0.0031873583793640137,0.36323198676109314,0.3655647039413452,0.37992918491363525,0.5544947385787964,0.5575223565101624,0.003027617931365967,0.36323198676109314,0.3655647039413452,0.37992918491363525,0.5544947385787964,0.5575223565101624,0.003027617931365967,0.08496272563934326,0.08388055115938187,0.22284342348575592,2.628580331802368,2.6366779804229736,0.6736767888069153,0.6866506934165955,1.421882152557373,0.2372858226299286,0.24860532581806183,0.3798377811908722,3.672093391418457,3.4772706031799316,0.5281184315681458,0.5404547452926636,3.759963274002075,0.9536539316177368,0.24708271026611328,1.1251178979873657,0.9890046715736389,0.5524395704269409,1.2359206676483154,0.960659384727478,0.9833409190177917,0.02268153429031372,0.03934061527252197,0.9550198316574097,0.9635724425315857,0.008552610874176025
train,267,40.71574401855469,39.52464294433594,-1.19110107421875,1.19110107421875,0.018338961526751518,36.04237365722656,35.210731506347656,-0.8316421508789062,0.8316421508789062,0.02127116732299328,8.802329063415527,8.340205192565918,-0.4621238708496094,0.4621238708496094,0.011509474366903305,0.33985769748687744,1.276564598083496,0.34130966663360596,1.1305577754974365,0.07952114194631577,0.2876683175563812,0.6811673641204834,2.4071223735809326,0.7606884837150574,2.6935815811157227,0.6736633777618408,0.9940661787986755,0.4503488540649414,0.9723339080810547,0.0555555559694767,0.2083333283662796,0.36907458305358887,0.3739415407180786,0.38625675439834595,0.5788237452507019,0.5819405913352966,0.0031168460845947266,0.36907458305358887,0.3739415407180786,0.38625675439834595,0.5788237452507019,0.5819405913352966,0.0031168460845947266,0.36907458305358887,0.3739415407180786,0.38625675439834595,0.5788237452507019,0.5819405913352966,0.0031168460845947266,0.08509279787540436,0.08482515811920166,0.17013730108737946,2.6216776371002197,2.633366107940674,0.6733946204185486,0.6850840449333191,1.4204859733581543,0.24615560472011566,0.22767077386379242,0.39936262369155884,3.654022455215454,3.491577625274658,0.5267909169197083,0.53899747133255,3.7783145904541016,0.9542562365531921,0.24668604135513306,1.1261017322540283,0.9892246127128601,0.5519643425941467,1.2361990213394165,0.9752263426780701,0.9963275194168091,0.021101176738739014,0.02477365732192993,1.000601887702942,1.0007716417312622,0.0001697540283203125
train,268,42.207061767578125,40.120216369628906,-2.0868453979492188,2.0868453979492188,0.01484489906579256,37.601417541503906,35.62657928466797,-1.9748382568359375,1.9748382568359375,0.013993059284985065,8.440855979919434,8.571290016174316,0.1304340362548828,0.1304340362548828,0.00780802546069026,0.3412170112133026,1.3124277591705322,0.3410555124282837,1.1576578617095947,0.0793047770857811,0.271638423204422,0.6822724938392639,2.4685001373291016,0.761577308177948,2.740138530731201,0.6728978753089905,0.9944028258323669,0.45454904437065125,0.9763377904891968,0.0555555559694767,0.2083333283662796,0.37153634428977966,0.3634215295314789,0.38860630989074707,0.5793200135231018,0.5815739631652832,0.0022539496421813965,0.37153634428977966,0.3634215295314789,0.38860630989074707,0.5793200135231018,0.5815739631652832,0.0022539496421813965,0.37153634428977966,0.3634215295314789,0.38860630989074707,0.5793200135231018,0.5815739631652832,0.0022539496421813965,0.08509714901447296,0.0822187289595604,0.17079319059848785,2.582477331161499,2.6060309410095215,0.6802917718887329,0.6890226602554321,1.4202402830123901,0.2356424629688263,0.23819877207279205,0.35128694772720337,3.5730106830596924,3.409625768661499,0.5379678606987,0.5523383617401123,3.8023581504821777,0.9567655920982361,0.24706700444221497,1.1303024291992188,0.9902091026306152,0.5503342747688293,1.2374440431594849,0.9743776917457581,0.9961123466491699,0.021734654903411865,0.025622308254241943,1.0016026496887207,1.0013610124588013,-0.0002416372299194336
train,269,43.919403076171875,41.163658142089844,-2.7557449340820312,2.7557449340820312,0.02032036893069744,39.16840744018555,36.6140251159668,-2.55438232421875,2.55438232421875,0.016215166077017784,9.0548095703125,8.506095886230469,-0.5487136840820312,0.5487136840820312,0.0076735969632864,0.34446561336517334,1.3238859176635742,0.34518560767173767,1.1663973331451416,0.07917898148298264,0.2811015844345093,0.6896512508392334,2.490283250808716,0.7688301801681519,2.7713847160339355,0.6700055003166199,0.9932450652122498,0.4501075744628906,0.9772869348526001,0.0555555559694767,0.2083333283662796,0.36736947298049927,0.3500943183898926,0.3833215534687042,0.5861194729804993,0.5874351859092712,0.0013157129287719727,0.4759241044521332,0.4609317481517792,0.5503657460212708,0.5240556001663208,0.5240629315376282,7.331371307373047e-06,0.4759241044521332,0.4609317481517792,0.5503657460212708,0.5240556001663208,0.5240629315376282,7.331371307373047e-06,0.08315421640872955,0.08036880940198898,0.14452455937862396,2.548041820526123,2.5752503871917725,0.685853898525238,0.6932401061058044,1.4210819005966187,0.23737363517284393,0.22790169715881348,0.4662078619003296,3.5362894535064697,3.364340305328369,0.5413183569908142,0.5583686232566833,3.7942917346954346,0.9582464098930359,0.24746918678283691,1.1324677467346191,0.9907480478286743,0.550147533416748,1.2381224632263184,0.9633676409721375,0.9801458120346069,0.016778171062469482,0.03663235902786255,1.0520201921463013,1.0560367107391357,0.004016518592834473
train,270,43.537235260009766,42.54155349731445,-0.9956817626953125,0.9956817626953125,0.01700090803205967,38.932735443115234,37.891239166259766,-1.0414962768554688,1.0414962768554688,0.022150883451104164,9.426599502563477,8.780475616455078,-0.6461238861083984,0.6461238861083984,0.009019684046506882,0.3510969877243042,1.339719295501709,0.3494793176651001,1.177527666091919,0.08116737008094788,0.30054253339767456,0.7005762457847595,2.5160956382751465,0.7817437052726746,2.804387092590332,0.6633030772209167,0.9927986860275269,0.4421772360801697,0.9716711640357971,0.0555555559694767,0.2361111044883728,0.4681752026081085,0.4810838997364044,0.5404338240623474,0.5318055748939514,0.5318133234977722,7.748603820800781e-06,0.4681752026081085,0.4810838997364044,0.5404338240623474,0.5318055748939514,0.5318133234977722,7.748603820800781e-06,0.4681752026081085,0.4810838997364044,0.5404338240623474,0.5318055748939514,0.5318133234977722,7.748603820800781e-06,0.08194458484649658,0.08359242230653763,0.18354032933712006,2.5059666633605957,2.541994571685791,0.6919407248497009,0.6973886489868164,1.4220963716506958,0.2272723913192749,0.22849060595035553,0.39808139204978943,3.49271297454834,3.328749179840088,0.5533108115196228,0.5679839253425598,3.780639886856079,0.9601020812988281,0.24865368008613586,1.1352574825286865,0.991385817527771,0.5500924587249756,1.2389262914657593,0.956156849861145,0.97344571352005,0.01728886365890503,0.04384315013885498,1.0822681188583374,1.0991709232330322,0.016902804374694824
train,271,42.51750946044922,43.03942108154297,0.52191162109375,0.52191162109375,0.017210176214575768,38.1931037902832,38.412010192871094,0.21890640258789062,0.21890640258789062,0.019617535173892975,9.057393074035645,9.103560447692871,0.04616737365722656,0.04616737365722656,0.00905626267194748,0.3567962050437927,1.3447099924087524,0.35754749178886414,1.2014521360397339,0.08475164324045181,0.30597031116485596,0.7143437266349792,2.545468807220459,0.7990953922271729,2.84834623336792,0.6600196361541748,0.9922729134559631,0.4389472007751465,0.973480224609375,0.0555555559694767,0.2361111044883728,0.47471702098846436,0.4989328384399414,0.5472679138183594,0.5252602696418762,0.5252701044082642,9.834766387939453e-06,0.47471702098846436,0.4989328384399414,0.5472679138183594,0.5252602696418762,0.5252701044082642,9.834766387939453e-06,0.47471702098846436,0.4989328384399414,0.5472679138183594,0.5252602696418762,0.5252701044082642,9.834766387939453e-06,0.0841507762670517,0.08843880146741867,0.2142169326543808,2.5454485416412354,2.5768930912017822,0.6844974756240845,0.6943706274032593,1.4243674278259277,0.2300414890050888,0.22740904986858368,0.3700025975704193,3.5159974098205566,3.3574817180633545,0.5482349991798401,0.5552106499671936,3.814192533493042,0.9621154069900513,0.24914471805095673,1.1383371353149414,0.9920821189880371,0.5520226359367371,1.2398048639297485,0.9587718844413757,0.97802734375,0.019255459308624268,0.04122811555862427,1.0042380094528198,1.0067013502120972,0.0024633407592773438
train,272,41.72667694091797,42.77848815917969,1.0518112182617188,1.0518112182617188,0.01395467109978199,37.28765869140625,38.302581787109375,1.014923095703125,1.014923095703125,0.013102065771818161,8.69088363647461,9.080499649047852,0.3896160125732422,0.3896160125732422,0.010709192603826523,0.35904744267463684,1.393223762512207,0.35788655281066895,1.2517603635787964,0.08418546617031097,0.33038589358329773,0.7169339656829834,2.644984245300293,0.8011195063591003,2.93092942237854,0.6603200435638428,0.9930699467658997,0.44470563530921936,0.9742483496665955,0.0555555559694767,0.2361111044883728,0.4867902398109436,0.49663710594177246,0.5625066161155701,0.5131898522377014,0.5131969451904297,7.092952728271484e-06,0.4867902398109436,0.49663710594177246,0.5625066161155701,0.5131898522377014,0.5131969451904297,7.092952728271484e-06,0.4867902398109436,0.49663710594177246,0.5625066161155701,0.5131898522377014,0.5131969451904297,7.092952728271484e-06,0.08614719659090042,0.08887933194637299,0.21854892373085022,2.4966912269592285,2.5187604427337646,0.6931582689285278,0.7046112418174744,1.4390709400177002,0.23000334203243256,0.24420621991157532,0.5045242309570312,3.469393491744995,3.3588857650756836,0.5564696788787842,0.5557433366775513,3.7941651344299316,0.9660833477973938,0.24974782764911652,1.1449772119522095,0.993374764919281,0.554771900177002,1.2414418458938599,0.964807391166687,0.9872450828552246,0.022437691688537598,0.03519260883331299,0.9983928799629211,1.0006283521652222,0.0022354722023010254
train,273,42.06018829345703,42.25260543823242,0.19241714477539062,0.19241714477539062,0.013930397108197212,37.31287384033203,37.79514694213867,0.4822731018066406,0.4822731018066406,0.01958959549665451,8.65342903137207,8.885714530944824,0.2322854995727539,0.2322854995727539,0.00777039909735322,0.35905149579048157,1.3825523853302002,0.3603729009628296,1.2427867650985718,0.08396133780479431,0.31836703419685364,0.7194244265556335,2.622959613800049,0.803385853767395,2.94132661819458,0.660503625869751,0.9934372305870056,0.442841112613678,0.971301794052124,0.0555555559694767,0.2361111044883728,0.4916474223136902,0.48657557368278503,0.5665611624717712,0.5083301663398743,0.5083386301994324,8.463859558105469e-06,0.37804773449897766,0.38384005427360535,0.3940737843513489,0.5700592398643494,0.5718069076538086,0.0017476677894592285,0.37804773449897766,0.38384005427360535,0.3940737843513489,0.5700592398643494,0.5718069076538086,0.0017476677894592285,0.08804522454738617,0.08717986196279526,0.20245173573493958,2.5543863773345947,2.5870251655578613,0.682673454284668,0.6906206011772156,1.4400269985198975,0.23440001904964447,0.2326834797859192,0.4025459587574005,3.5415735244750977,3.371210813522339,0.5471214056015015,0.5549138784408569,3.782747268676758,0.9656322002410889,0.25035178661346436,1.1441073417663574,0.9932581186294556,0.5552951693534851,1.2412924766540527,0.9731059670448303,0.9953738451004028,0.02226787805557251,0.026894032955169678,0.995689332485199,0.9968806505203247,0.0011913180351257324
train,274,43.28534698486328,42.15641784667969,-1.1289291381835938,1.1289291381835938,0.020982651039958,38.480857849121094,37.55403137207031,-0.9268264770507812,0.9268264770507812,0.01836869865655899,8.576848983764648,8.769594192504883,0.19274520874023438,0.19274520874023438,0.006356175988912582,0.35886773467063904,1.3945674896240234,0.35876545310020447,1.2472717761993408,0.08235903084278107,0.3220956027507782,0.7176331281661987,2.6395416259765625,0.7999922633171082,2.961637258529663,0.6591055393218994,0.9940983057022095,0.4411398470401764,0.9692949056625366,0.0555555559694767,0.2222222238779068,0.4889419674873352,0.4902583062648773,0.5641842484474182,0.5110246539115906,0.511041522026062,1.6868114471435547e-05,0.5450137853622437,0.5683324337005615,0.8843258023262024,0.454907089471817,0.4549058675765991,-1.2218952178955078e-06,0.5394787192344666,0.5637339353561401,0.6155944466590881,0.46051865816116333,0.4605194330215454,7.748603820800781e-07,0.08651354163885117,0.08604397624731064,0.19924549758434296,2.553886651992798,2.5947136878967285,0.6842207312583923,0.689261794090271,1.435128927230835,0.23539383709430695,0.2442418485879898,0.39920610189437866,3.526400089263916,3.3687095642089844,0.5520817041397095,0.5589057207107544,3.76965069770813,0.9662045240402222,0.25014588236808777,1.145097255706787,0.9934525489807129,0.5563601851463318,1.2415387630462646,0.965681254863739,0.9811659455299377,0.01548469066619873,0.034318745136260986,1.0068649053573608,1.0225056409835815,0.015640735626220703
train,275,42.487815856933594,42.72090530395508,0.23308944702148438,0.23308944702148438,0.016768045723438263,38.379173278808594,38.01746368408203,-0.3617095947265625,0.3617095947265625,0.015123358927667141,9.51502799987793,8.67324447631836,-0.8417835235595703,0.8417835235595703,0.010393434204161167,0.3670825958251953,1.4233423471450806,0.36572980880737305,1.260967493057251,0.08234881609678268,0.3151795566082001,0.7328123450279236,2.683264970779419,0.8151612281799316,2.9984445571899414,0.6527197360992432,0.9944141507148743,0.43563932180404663,0.9732517600059509,0.0694444477558136,0.25,0.5517541766166687,0.5634347796440125,0.6291795372962952,0.4482441842556,0.4482448399066925,6.556510925292969e-07,0.5517541766166687,0.5634347796440125,0.6291795372962952,0.4482441842556,0.4482448399066925,6.556510925292969e-07,0.4452038109302521,0.4600176215171814,0.46270719170570374,0.5084612369537354,0.5090110898017883,0.0005498528480529785,0.08666437864303589,0.08777998387813568,0.1606791615486145,2.5730371475219727,2.6137027740478516,0.6793244481086731,0.6879557967185974,1.4384510517120361,0.24113252758979797,0.24382714927196503,0.41379258036613464,3.5455167293548584,3.4143178462982178,0.5537886023521423,0.5556833148002625,3.812472343444824,0.9680120944976807,0.250613808631897,1.147951364517212,0.994002640247345,0.5599498748779297,1.2422338724136353,0.9680650234222412,0.9877124428749084,0.019647419452667236,0.03193497657775879,1.0052964687347412,1.0156800746917725,0.01038360595703125
train,276,43.63452911376953,42.60438537597656,-1.0301437377929688,1.0301437377929688,0.012446858920156956,39.0121955871582,38.198341369628906,-0.8138542175292969,0.8138542175292969,0.013701732270419598,8.584310531616211,9.094160079956055,0.5098495483398438,0.5098495483398438,0.009047659114003181,0.36538782715797424,1.4361530542373657,0.365803599357605,1.2956570386886597,0.08452992886304855,0.34218719601631165,0.7311913967132568,2.7318100929260254,0.8157213926315308,3.0739972591400146,0.6538326740264893,0.9933329224586487,0.4384917616844177,0.9758605360984802,0.0555555559694767,0.2361111044883728,0.4526457190513611,0.44535884261131287,0.47053056955337524,0.50168377161026,0.502569317817688,0.0008855462074279785,0.5577921867370605,0.5539440512657166,0.730482280254364,0.4422058165073395,0.4422065317630768,7.152557373046875e-07,0.5577921867370605,0.5539440512657166,0.730482280254364,0.4422058165073395,0.4422065317630768,7.152557373046875e-07,0.08733966946601868,0.08842813223600388,0.23217010498046875,2.5559780597686768,2.5892577171325684,0.6797685623168945,0.6842502951622009,1.4467504024505615,0.2420140951871872,0.2439630925655365,0.45370304584503174,3.512181282043457,3.4118709564208984,0.5594799518585205,0.5606139302253723,3.8654727935791016,0.970173180103302,0.2508847713470459,1.1515138149261475,0.994661271572113,0.559872567653656,1.2430678606033325,0.9547933340072632,0.9746317267417908,0.019838392734527588,0.045206665992736816,1.0159071683883667,1.0292311906814575,0.01332402229309082
train,277,42.37802505493164,43.119476318359375,0.7414512634277344,0.7414512634277344,0.015094440430402756,37.838829040527344,38.60529327392578,0.7664642333984375,0.7664642333984375,0.020764637738466263,8.60368537902832,8.839258193969727,0.23557281494140625,0.23557281494140625,0.008397776633501053,0.3672008216381073,1.4522356986999512,0.3682815134525299,1.3092434406280518,0.08291048556566238,0.33557218313217163,0.7354823350906372,2.757654905319214,0.8183928728103638,3.0932271480560303,0.6526448726654053,0.9931792616844177,0.4353938102722168,0.9774779081344604,0.0555555559694767,0.25,0.5556387305259705,0.548912525177002,0.633018434047699,0.44436007738113403,0.44436049461364746,4.172325134277344e-07,0.49010300636291504,0.5016328692436218,0.5671983361244202,0.5091293454170227,0.5095208287239075,0.0003914833068847656,0.49010300636291504,0.5016328692436218,0.5671983361244202,0.5091293454170227,0.5095208287239075,0.0003914833068847656,0.08829791098833084,0.09075857698917389,0.2098618894815445,2.5652942657470703,2.603520154953003,0.6805427670478821,0.6916958093643188,1.4502047300338745,0.2387295365333557,0.2365889698266983,0.44773760437965393,3.4768168926239014,3.3483479022979736,0.5660032033920288,0.5704393982887268,3.8803961277008057,0.9709500074386597,0.2515535056591034,1.1530170440673828,0.9948916435241699,0.5599709749221802,1.2433618307113647,0.9494044780731201,0.9695257544517517,0.020121276378631592,0.05059552192687988,1.0373612642288208,1.0421898365020752,0.0048285722732543945
train,278,41.84096908569336,42.74877166748047,0.9078025817871094,0.9078025817871094,0.0199994295835495,37.168758392333984,38.222084045410156,1.0533256530761719,1.0533256530761719,0.020081190392374992,9.12158489227295,8.721494674682617,-0.40009021759033203,0.40009021759033203,0.006745351944118738,0.3654992878437042,1.4565646648406982,0.3641270697116852,1.3175463676452637,0.08273283392190933,0.319719135761261,0.7296263575553894,2.771091938018799,0.812359094619751,3.090811014175415,0.6550373435020447,0.9930579662322998,0.4372040927410126,0.9775468111038208,0.0555555559694767,0.2361111044883728,0.49905407428741455,0.5128974318504333,0.578159511089325,0.47344470024108887,0.4737355709075928,0.00029087066650390625,0.4915000796318054,0.5057644248008728,0.5708650350570679,0.506101131439209,0.5062484741210938,0.00014734268188476562,0.4912465214729309,0.5056361556053162,0.5703461766242981,0.5063914656639099,0.5065322518348694,0.00014078617095947266,0.09100808948278427,0.09160401672124863,0.23384885489940643,2.540862560272217,2.5714054107666016,0.6839057803153992,0.6919916868209839,1.4567053318023682,0.2382289469242096,0.2368306815624237,0.4917484223842621,3.4984724521636963,3.348625421524048,0.5557411313056946,0.5635579824447632,3.856060028076172,0.9708533883094788,0.25163885951042175,1.153122067451477,0.9948869347572327,0.557502031326294,1.2433581352233887,0.9477195143699646,0.9655587077140808,0.01783919334411621,0.0522804856300354,1.095629096031189,1.1233090162277222,0.027679920196533203
train,279,44.128746032714844,42.294891357421875,-1.8338546752929688,1.8338546752929688,0.026264458894729614,38.77142333984375,37.69544219970703,-1.0759811401367188,1.0759811401367188,0.02318083867430687,8.829578399658203,8.921563148498535,0.09198474884033203,0.09198474884033203,0.008463133126497269,0.3616924285888672,1.4629675149917603,0.35840684175491333,1.3014795780181885,0.08256126195192337,0.32003602385520935,0.7200992703437805,2.7644472122192383,0.8026605248451233,3.0844831466674805,0.6596092581748962,0.990713357925415,0.44375890493392944,0.9753668308258057,0.0555555559694767,0.2361111044883728,0.502545952796936,0.5036735534667969,0.5835558176040649,0.4974118769168854,0.4974217712879181,9.894371032714844e-06,0.5026386380195618,0.5037500858306885,0.6018131375312805,0.4612226188182831,0.4613053798675537,8.276104927062988e-05,0.502545952796936,0.5036735534667969,0.5835558176040649,0.4709062874317169,0.47073909640312195,-0.0001671910285949707,0.09074689447879791,0.09157497435808182,0.15384919941425323,2.499894857406616,2.5346744060516357,0.6930437088012695,0.7057846188545227,1.4669568538665771,0.23408514261245728,0.2293725609779358,0.4483312964439392,3.4226064682006836,3.270357131958008,0.5668457746505737,0.5752934813499451,3.8956875801086426,0.9704232215881348,0.25206229090690613,1.152298927307129,0.9947616457939148,0.5546982288360596,1.2431981563568115,0.9375821352005005,0.949091374874115,0.011509239673614502,0.06241786479949951,1.2253590822219849,1.2651808261871338,0.039821743965148926
train,280,42.44732666015625,43.21184158325195,0.7645149230957031,0.7645149230957031,0.010613747872412205,37.99204635620117,38.233455657958984,0.2414093017578125,0.2414093017578125,0.011674994602799416,9.386002540588379,8.875594139099121,-0.5104084014892578,0.5104084014892578,0.011746102012693882,0.37280577421188354,1.4830526113510132,0.3669264018535614,1.3219653367996216,0.08205081522464752,0.32422029972076416,0.7397320866584778,2.79746675491333,0.8217828869819641,3.114271640777588,0.6520980596542358,0.99085932970047,0.4375535249710083,0.9740015268325806,0.0694444477558136,0.2361111044883728,0.5031176209449768,0.502131998538971,0.5870176553726196,0.49682852625846863,0.4968458116054535,1.728534698486328e-05,0.5031176209449768,0.502131998538971,0.5870176553726196,0.49682852625846863,0.4968458116054535,1.728534698486328e-05,0.5031176209449768,0.502131998538971,0.5870176553726196,0.49682852625846863,0.4968458116054535,1.728534698486328e-05,0.09209691733121872,0.09317854791879654,0.15625229477882385,2.50976824760437,2.5418648719787598,0.6908677816390991,0.7044734358787537,1.4743390083312988,0.23157694935798645,0.23422858119010925,0.4420490562915802,3.391411066055298,3.2605392932891846,0.5734863877296448,0.5789943337440491,3.881443738937378,0.9719832539558411,0.25263094902038574,1.154938817024231,0.9951804876327515,0.558452308177948,1.2437297105789185,0.9539470076560974,0.9734700918197632,0.01952308416366577,0.04605299234390259,1.0299201011657715,1.0345536470413208,0.004633545875549316
train,281,42.80673599243164,42.82960510253906,0.022869110107421875,0.022869110107421875,0.018077725544571877,38.47062301635742,38.11277389526367,-0.35784912109375,0.35784912109375,0.01726350747048855,9.040839195251465,9.130821228027344,0.0899820327758789,0.0899820327758789,0.005205415189266205,0.371699720621109,1.4965332746505737,0.36716896295547485,1.3257777690887451,0.08595147728919983,0.329345166683197,0.7388687133789062,2.818415641784668,0.8248201608657837,3.1477608680725098,0.6529667377471924,0.9920239448547363,0.4365994930267334,0.9748724102973938,0.0694444477558136,0.2361111044883728,0.5026262998580933,0.49390387535095215,0.5869340896606445,0.497314453125,0.4973331093788147,1.8656253814697266e-05,0.38559073209762573,0.3835049271583557,0.40491294860839844,0.5586134195327759,0.561474084854126,0.0028606653213500977,0.38559073209762573,0.3835049271583557,0.40491294860839844,0.5586134195327759,0.561474084854126,0.0028606653213500977,0.09296666085720062,0.0917736142873764,0.15737812221050262,2.544893741607666,2.5739667415618896,0.6858319640159607,0.7000203728675842,1.472467303276062,0.23197448253631592,0.23248368501663208,0.45521312952041626,3.4419238567352295,3.2834784984588623,0.5663722157478333,0.5743472576141357,3.8966064453125,0.9728223085403442,0.25266674160957336,1.1562118530273438,0.9954132437705994,0.5582926273345947,1.2440234422683716,0.9616391658782959,0.9805579781532288,0.01891881227493286,0.0383608341217041,1.0232958793640137,1.02339506149292,9.918212890625e-05
train,282,44.139678955078125,42.81819534301758,-1.3214836120605469,1.3214836120605469,0.016408180817961693,39.37682342529297,38.29172134399414,-1.0851020812988281,1.0851020812988281,0.015814611688256264,9.66250991821289,9.085853576660156,-0.5766563415527344,0.5766563415527344,0.010045522823929787,0.36924830079078674,1.5197340250015259,0.36615660786628723,1.3334397077560425,0.0860503613948822,0.33050602674484253,0.735404908657074,2.852260112762451,0.8214552402496338,3.1827661991119385,0.6544061303138733,0.992425799369812,0.43677887320518494,0.9762230515480042,0.0694444477558136,0.2361111044883728,0.49824461340904236,0.48785436153411865,0.5820743441581726,0.5016835927963257,0.5016995668411255,1.5974044799804688e-05,0.49824461340904236,0.48785436153411865,0.5820743441581726,0.5016835927963257,0.5016995668411255,1.5974044799804688e-05,0.49824461340904236,0.48785436153411865,0.5820743441581726,0.5016835927963257,0.5016995668411255,1.5974044799804688e-05,0.09199624508619308,0.08967197686433792,0.20883841812610626,2.524906873703003,2.5556836128234863,0.6899193525314331,0.7031746506690979,1.4725227355957031,0.23313561081886292,0.21950964629650116,0.4281719923019409,3.478853940963745,3.30228590965271,0.5653757452964783,0.5710781812667847,3.8810882568359375,0.9737241268157959,0.25324854254722595,1.1578516960144043,0.9956652522087097,0.5573715567588806,1.2443437576293945,0.9601155519485474,0.9783663749694824,0.01825082302093506,0.03988444805145264,1.0429977178573608,1.0459458827972412,0.002948164939880371
train,283,44.40978240966797,43.47895812988281,-0.9308242797851562,0.9308242797851562,0.015318195335566998,40.18174743652344,38.83429718017578,-1.3474502563476562,1.3474502563476562,0.0151264863088727,9.873967170715332,9.374204635620117,-0.49976253509521484,0.49976253509521484,0.013654953800141811,0.36890482902526855,1.546911597251892,0.3640393018722534,1.351559042930603,0.08611473441123962,0.32218822836875916,0.732944130897522,2.898362636566162,0.819058895111084,3.2076528072357178,0.654124915599823,0.9909296631813049,0.4396185874938965,0.9770424962043762,0.0694444477558136,0.2361111044883728,0.4929768443107605,0.4849955439567566,0.5759206414222717,0.50698322057724,0.5069930553436279,9.834766387939453e-06,0.4929768443107605,0.4849955439567566,0.5759206414222717,0.50698322057724,0.5069930553436279,9.834766387939453e-06,0.4929768443107605,0.4849955439567566,0.5759206414222717,0.50698322057724,0.5069930553436279,9.834766387939453e-06,0.09036771208047867,0.09005660563707352,0.15499062836170197,2.4400107860565186,2.475184440612793,0.7075392603874207,0.7203390002250671,1.475793480873108,0.2274077832698822,0.23060736060142517,0.4286125600337982,3.3553354740142822,3.230442762374878,0.5845171809196472,0.5785818099975586,3.8820838928222656,0.9746408462524414,0.25345632433891296,1.1597052812576294,0.9959178566932678,0.557043194770813,1.2446668148040771,0.9627118110656738,0.9825984239578247,0.01988661289215088,0.03728818893432617,0.9972873330116272,1.0002846717834473,0.0029973387718200684
train,284,44.79035568237305,43.94438934326172,-0.8459663391113281,0.8459663391113281,0.012566733174026012,39.74394989013672,39.50804138183594,-0.23590850830078125,0.23590850830078125,0.016416171565651894,9.29340648651123,9.624109268188477,0.3307027816772461,0.3307027816772461,0.00967460498213768,0.369546115398407,1.552055835723877,0.3675784766674042,1.3869003057479858,0.08701098710298538,0.34289389848709106,0.7371246218681335,2.9389562606811523,0.8241356015205383,3.2818500995635986,0.6531479358673096,0.9910733103752136,0.43786534667015076,0.9754382371902466,0.0694444477558136,0.2361111044883728,0.48891815543174744,0.49691081047058105,0.5705183744430542,0.5110365748405457,0.511045515537262,8.940696716308594e-06,0.48891815543174744,0.49691081047058105,0.5705183744430542,0.5110365748405457,0.511045515537262,8.940696716308594e-06,0.48891815543174744,0.49691081047058105,0.5705183744430542,0.5110365748405457,0.511045515537262,8.940696716308594e-06,0.09048300236463547,0.08996656537055969,0.20932622253894806,2.424687623977661,2.4648799896240234,0.7098126411437988,0.7174435257911682,1.4766713380813599,0.22835327684879303,0.22971221804618835,0.4159930944442749,3.33333420753479,3.18564772605896,0.587323009967804,0.5841929316520691,3.9291326999664307,0.9762258529663086,0.25406399369239807,1.1624102592468262,0.9963392019271851,0.5572896003723145,1.2452017068862915,0.9476194977760315,0.9644615054130554,0.016842007637023926,0.052380502223968506,1.105962872505188,1.1150884628295898,0.009125590324401855
train,285,44.25515365600586,44.367393493652344,0.11223983764648438,0.11223983764648438,0.015691356733441353,39.809600830078125,39.62602233886719,-0.1835784912109375,0.1835784912109375,0.014900237321853638,9.591556549072266,9.458781242370605,-0.13277530670166016,0.13277530670166016,0.010334597900509834,0.37207093834877014,1.5524113178253174,0.36803728342056274,1.3813706636428833,0.08493980020284653,0.344446063041687,0.7401081919670105,2.93359375,0.82504802942276,3.2780399322509766,0.6515105962753296,0.9921241998672485,0.4391230046749115,0.9774993658065796,0.0694444477558136,0.2361111044883728,0.4929262697696686,0.4953025281429291,0.575365424156189,0.5070178508758545,0.5070266127586365,8.761882781982422e-06,0.4929262697696686,0.4953025281429291,0.575365424156189,0.48543936014175415,0.48558157682418823,0.00014221668243408203,0.4929262697696686,0.4953025281429291,0.575365424156189,0.48543936014175415,0.48558157682418823,0.00014221668243408203,0.09053925424814224,0.09085788577795029,0.2357919067144394,2.4323370456695557,2.464674234390259,0.7059987187385559,0.7174787521362305,1.4746904373168945,0.22931940853595734,0.23066756129264832,0.43046167492866516,3.3585891723632812,3.2190542221069336,0.581375002861023,0.5789656043052673,3.897099494934082,0.9761847257614136,0.2538161873817444,1.16228449344635,0.9963198900222778,0.5573962330818176,1.2451767921447754,0.9463289976119995,0.962990939617157,0.01666194200515747,0.05367100238800049,1.1201927661895752,1.133567214012146,0.0133744478225708
train,286,44.084754943847656,44.31129837036133,0.22654342651367188,0.22654342651367188,0.01594432443380356,39.6764030456543,39.71783447265625,0.041431427001953125,0.041431427001953125,0.015116710215806961,9.985589027404785,9.525191307067871,-0.46039772033691406,0.46039772033691406,0.00742946146056056,0.37305748462677,1.5510646104812622,0.3689825236797333,1.3806947469711304,0.0879298746585846,0.34845486283302307,0.7420399785041809,2.930981159210205,0.8299699425697327,3.2794361114501953,0.6507784724235535,0.9912718534469604,0.4346166253089905,0.977579653263092,0.0694444477558136,0.2222222238779068,0.4938110113143921,0.500093936920166,0.5770750045776367,0.5061826109886169,0.50618577003479,3.159046173095703e-06,0.4938110113143921,0.500093936920166,0.5770750045776367,0.5061826109886169,0.50618577003479,3.159046173095703e-06,0.4938110113143921,0.500093936920166,0.5770750045776367,0.5061826109886169,0.50618577003479,3.159046173095703e-06,0.09190615266561508,0.09245990961790085,0.2322355955839157,2.4497509002685547,2.478727102279663,0.7033360600471497,0.7164482474327087,1.4762423038482666,0.22669313848018646,0.2229302078485489,0.3776993453502655,3.348914861679077,3.2004501819610596,0.5871222019195557,0.5867778658866882,3.8618838787078857,0.9762603640556335,0.254702627658844,1.1623835563659668,0.9963361024856567,0.5573117136955261,1.245197057723999,0.9557583928108215,0.9751505255699158,0.01939213275909424,0.04424160718917847,1.048026204109192,1.0640698671340942,0.016043663024902344
train,287,45.25838088989258,44.19804763793945,-1.060333251953125,1.060333251953125,0.019277144223451614,39.866920471191406,39.6971435546875,-0.16977691650390625,0.16977691650390625,0.01224918570369482,9.873910903930664,9.755413055419922,-0.11849784851074219,0.11849784851074219,0.00805196724832058,0.37651926279067993,1.5658427476882935,0.37108635902404785,1.401175618171692,0.08924688398838043,0.35329341888427734,0.7476056218147278,2.9670183658599854,0.8368525505065918,3.3203117847442627,0.6479947566986084,0.9920235276222229,0.4334433376789093,0.9768751859664917,0.0694444477558136,0.2222222238779068,0.49695080518722534,0.49914711713790894,0.580557644367218,0.5030390620231628,0.5030441880226135,5.125999450683594e-06,0.5031033158302307,0.5077525973320007,0.5867101550102234,0.47855648398399353,0.47887155413627625,0.00031507015228271484,0.5031033158302307,0.5077525973320007,0.5867101550102234,0.47855648398399353,0.47887155413627625,0.00031507015228271484,0.09190613776445389,0.09207022190093994,0.23412804305553436,2.4366116523742676,2.4624431133270264,0.7026610970497131,0.7168786525726318,1.4792382717132568,0.22910773754119873,0.2394762933254242,0.457920640707016,3.343355417251587,3.206439256668091,0.5842875838279724,0.5803497433662415,3.911345958709717,0.9773404598236084,0.25363680720329285,1.164222002029419,0.9966048002243042,0.5594147443771362,1.2455381155014038,0.9494000673294067,0.9623798131942749,0.012979745864868164,0.05059993267059326,1.087506890296936,1.1602122783660889,0.07270538806915283
train,288,43.6771354675293,44.72823715209961,1.0511016845703125,1.0511016845703125,0.020428553223609924,38.860748291015625,39.78205490112305,0.9213066101074219,0.9213066101074219,0.02019490674138069,9.905385971069336,9.81468391418457,-0.09070205688476562,0.09070205688476562,0.009224814362823963,0.38306868076324463,1.5674206018447876,0.3741055727005005,1.392747402191162,0.09116968512535095,0.38359534740448,0.7571741938591003,2.96016788482666,0.8483438491821289,3.3437633514404297,0.6430386304855347,0.9927614331245422,0.4290006458759308,0.9773507714271545,0.0833333358168602,0.2222222238779068,0.4980511963367462,0.5056621432304382,0.5814179182052612,0.5019273161888123,0.5019383430480957,1.1026859283447266e-05,0.5054328441619873,0.5136677026748657,0.5887995958328247,0.47382715344429016,0.4741460084915161,0.00031885504722595215,0.5054328441619873,0.5136677026748657,0.5887995958328247,0.47382715344429016,0.4741460084915161,0.00031885504722595215,0.09316690266132355,0.09488912671804428,0.2578159272670746,2.453648805618286,2.4856464862823486,0.6990567445755005,0.7110913991928101,1.4787845611572266,0.23486314713954926,0.23335634171962738,0.4627312123775482,3.3849406242370605,3.225717067718506,0.5781658887863159,0.57993483543396,3.9295973777770996,0.9779133200645447,0.25354623794555664,1.1647865772247314,0.9967183470726013,0.5617176294326782,1.2456790208816528,0.9385879635810852,0.9542630314826965,0.015675067901611328,0.061412036418914795,1.142037272453308,1.184365153312683,0.042327880859375
train,289,43.833099365234375,44.20271301269531,0.3696136474609375,0.3696136474609375,0.01615702360868454,39.02293395996094,39.32142639160156,0.298492431640625,0.298492431640625,0.018748953938484192,9.269432067871094,9.86005973815918,0.5906276702880859,0.5906276702880859,0.011806424707174301,0.3842535614967346,1.5539376735687256,0.37504294514656067,1.3844314813613892,0.09087839722633362,0.35886427760124207,0.7592965364456177,2.9383692741394043,0.8501749038696289,3.2972335815429688,0.643290102481842,0.9934788942337036,0.42960160970687866,0.977471113204956,0.0694444477558136,0.25,0.5097797513008118,0.5027840733528137,0.6903429627418518,0.4682419002056122,0.46861255168914795,0.0003706514835357666,0.3863496780395508,0.38367190957069397,0.4050431251525879,0.5570918917655945,0.5602797269821167,0.003187835216522217,0.3863496780395508,0.38367190957069397,0.4050431251525879,0.5570918917655945,0.5602797269821167,0.003187835216522217,0.09321869909763336,0.09130913019180298,0.2670974135398865,2.466719388961792,2.4998741149902344,0.6985126733779907,0.7085637450218201,1.4783539772033691,0.2349320352077484,0.23632489144802094,0.39004644751548767,3.3924291133880615,3.263793468475342,0.576093852519989,0.5750539302825928,3.9326837062835693,0.9770281314849854,0.25313809514045715,1.1633093357086182,0.9965040683746338,0.5629861950874329,1.2454071044921875,0.9556713700294495,0.9757863283157349,0.0201149582862854,0.04432862997055054,1.04058837890625,1.0751032829284668,0.0345149040222168
train,290,44.1406364440918,44.01792907714844,-0.12270736694335938,0.12270736694335938,0.011152044869959354,39.78451156616211,39.172203063964844,-0.6123085021972656,0.6123085021972656,0.015652447938919067,8.970312118530273,9.56476879119873,0.594456672668457,0.594456672668457,0.010080198757350445,0.3843972980976105,1.5465819835662842,0.37625443935394287,1.3659026622772217,0.09139350801706314,0.36363929510116577,0.7606517672538757,2.912484645843506,0.8520452976226807,3.2761240005493164,0.6447851657867432,0.9942259788513184,0.4279901087284088,0.9741054773330688,0.0833333358168602,0.2361111044883728,0.5060584545135498,0.5009856224060059,0.5872330665588379,0.4726667106151581,0.4729924499988556,0.00032573938369750977,0.4399513602256775,0.4481237530708313,0.4602947235107422,0.5053122043609619,0.5081785321235657,0.0028663277626037598,0.4399513602256775,0.4481237530708313,0.4602947235107422,0.5053122043609619,0.5081785321235657,0.0028663277626037598,0.09180301427841187,0.09184826165437698,0.15510325133800507,2.4781954288482666,2.516068458557129,0.6982024312019348,0.7103075385093689,1.471964955329895,0.23443573713302612,0.23265321552753448,0.40402522683143616,3.4169669151306152,3.2521157264709473,0.5748286247253418,0.5797072052955627,3.932225465774536,0.9765315055847168,0.2532064914703369,1.1621980667114258,0.9963662624359131,0.5631046891212463,1.2452298402786255,0.9573246240615845,0.9787192344665527,0.02139461040496826,0.04267537593841553,1.0307358503341675,1.0409148931503296,0.01017904281616211
train,291,45.23917007446289,44.079307556152344,-1.1598625183105469,1.1598625183105469,0.01796589605510235,40.08622741699219,39.47837829589844,-0.60784912109375,0.60784912109375,0.01666119135916233,9.707416534423828,9.267563819885254,-0.4398527145385742,0.4398527145385742,0.006207344122231007,0.3847949504852295,1.5337769985198975,0.37850868701934814,1.3883849382400513,0.08877318352460861,0.3556375205516815,0.7633036375045776,2.9221620559692383,0.8520767688751221,3.277799606323242,0.6442253589630127,0.9944316744804382,0.4263561964035034,0.9702799916267395,0.0694444477558136,0.2638888955116272,0.5535145401954651,0.5547285079956055,0.732502281665802,0.44648391008377075,0.4464845061302185,5.960464477539062e-07,0.5535145401954651,0.5547285079956055,0.732502281665802,0.44648391008377075,0.4464845061302185,5.960464477539062e-07,0.5535145401954651,0.5547285079956055,0.732502281665802,0.44648391008377075,0.4464845061302185,5.960464477539062e-07,0.08895115554332733,0.0880546048283577,0.1845392882823944,2.456150531768799,2.5021116733551025,0.7022228240966797,0.7121419906616211,1.476709008216858,0.23384492099285126,0.23376047611236572,0.3962842524051666,3.411600351333618,3.263275384902954,0.5752923488616943,0.5817122459411621,3.917588233947754,0.9765576720237732,0.2531100809574127,1.1626306772232056,0.9963942170143127,0.5644919872283936,1.2452689409255981,0.955240786075592,0.9730240702629089,0.017783284187316895,0.04475921392440796,1.076576828956604,1.096028208732605,0.019451379776000977
train,292,44.67724609375,44.659263610839844,-0.01798248291015625,0.01798248291015625,0.011804589070379734,39.826805114746094,39.78232955932617,-0.044475555419921875,0.044475555419921875,0.012297355569899082,10.000349998474121,9.487513542175293,-0.5128364562988281,0.5128364562988281,0.01124897226691246,0.38761237263679504,1.5349377393722534,0.38138169050216675,1.3820642232894897,0.09010469913482666,0.3639649450778961,0.7689940333366394,2.917001962661743,0.8590987920761108,3.2809669971466064,0.6399304270744324,0.9939051270484924,0.4220673143863678,0.9660045504570007,0.0694444477558136,0.2638888955116272,0.554125964641571,0.559551477432251,0.7323819398880005,0.44587233662605286,0.4458729326725006,5.960464477539062e-07,0.554125964641571,0.559551477432251,0.7323819398880005,0.44587233662605286,0.4458729326725006,5.960464477539062e-07,0.554125964641571,0.559551477432251,0.7323819398880005,0.44587233662605286,0.4458729326725006,5.960464477539062e-07,0.08776521682739258,0.08747812360525131,0.18306903541088104,2.470996379852295,2.5132856369018555,0.7022256255149841,0.7119237184524536,1.474526047706604,0.23312363028526306,0.23258070647716522,0.3927103281021118,3.417611598968506,3.2582457065582275,0.5778624415397644,0.5820590257644653,3.919111728668213,0.9766740202903748,0.25322067737579346,1.1625792980194092,0.9964157342910767,0.5663495063781738,1.2452940940856934,0.9456401467323303,0.9635292291641235,0.017889082431793213,0.05435985326766968,1.1215163469314575,1.1749809980392456,0.053464651107788086
train,293,44.34815216064453,44.668277740478516,0.3201255798339844,0.3201255798339844,0.013889201916754246,39.28749084472656,39.804588317871094,0.5170974731445312,0.5170974731445312,0.01490110345184803,9.601570129394531,9.743955612182617,0.14238548278808594,0.14238548278808594,0.008127748034894466,0.386730819940567,1.536274790763855,0.3799959719181061,1.3714582920074463,0.08991830050945282,0.37569451332092285,0.7667267322540283,2.9048595428466797,0.8566451668739319,3.2805540561676025,0.6402071118354797,0.9932793378829956,0.42478564381599426,0.9687645435333252,0.0694444477558136,0.2638888955116272,0.5568402409553528,0.5593284964561462,0.7363004684448242,0.44315826892852783,0.4431588351726532,5.662441253662109e-07,0.5042757391929626,0.5128477215766907,0.5847172737121582,0.4719098210334778,0.4722411632537842,0.0003313422203063965,0.5042757391929626,0.5128477215766907,0.5847172737121582,0.4719098210334778,0.4722411632537842,0.0003313422203063965,0.08811862766742706,0.08794382959604263,0.1801498532295227,2.466519832611084,2.5033116340637207,0.7038840651512146,0.7155411243438721,1.4719833135604858,0.23085865378379822,0.23943784832954407,0.32078060507774353,3.398608922958374,3.2636590003967285,0.5817512273788452,0.5808971524238586,3.9733431339263916,0.9765927195549011,0.25304925441741943,1.162275791168213,0.9963825941085815,0.565524160861969,1.2452507019042969,0.9516769051551819,0.9678497314453125,0.016172826290130615,0.048323094844818115,1.0623914003372192,1.0812232494354248,0.018831849098205566
train,294,43.689849853515625,44.50823974609375,0.818389892578125,0.818389892578125,0.016314558684825897,39.486019134521484,39.54606628417969,0.060047149658203125,0.060047149658203125,0.013194852508604527,8.404667854309082,9.672785758972168,1.268117904663086,1.268117904663086,0.013460738584399223,0.3844705820083618,1.551081895828247,0.3760914206504822,1.3725701570510864,0.08944737911224365,0.36883342266082764,0.7605620622634888,2.923652172088623,0.8500093817710876,3.2924857139587402,0.6417017579078674,0.9927527904510498,0.4270212948322296,0.9685165286064148,0.0694444477558136,0.2638888955116272,0.5580760836601257,0.5665702819824219,0.7366425395011902,0.44192227721214294,0.4419228732585907,5.960464477539062e-07,0.49948155879974365,0.5100632309913635,0.5793524980545044,0.5003119707107544,0.5003955364227295,8.356571197509766e-05,0.49948155879974365,0.5100632309913635,0.5793524980545044,0.5003119707107544,0.5003955364227295,8.356571197509766e-05,0.08838409930467606,0.09075117856264114,0.18235471844673157,2.4677743911743164,2.507626533508301,0.7037040591239929,0.7144975066184998,1.4728620052337646,0.23436430096626282,0.2189580351114273,0.3970922529697418,3.387789726257324,3.262220621109009,0.5801170468330383,0.577942430973053,3.9380245208740234,0.9767922759056091,0.25295811891555786,1.1626770496368408,0.9964424967765808,0.5646182298660278,1.2453269958496094,0.9564443230628967,0.9732267260551453,0.016782402992248535,0.04355567693710327,1.0547668933868408,1.0731909275054932,0.018424034118652344
train,295,42.859012603759766,44.09906768798828,1.2400550842285156,1.2400550842285156,0.013165625743567944,38.8547248840332,39.51606369018555,0.6613388061523438,0.6613388061523438,0.011661319993436337,9.201903343200684,9.038749694824219,-0.16315364837646484,0.16315364837646484,0.01194070465862751,0.3833121657371521,1.5748564004898071,0.3771767318248749,1.3925162553787231,0.08350154757499695,0.33405256271362305,0.7604888081550598,2.9673726558685303,0.8439904451370239,3.3014252185821533,0.6414565443992615,0.992091178894043,0.42688778042793274,0.9669862389564514,0.0694444477558136,0.25,0.5140991806983948,0.5151157975196838,0.6962542533874512,0.46546033024787903,0.46585461497306824,0.000394284725189209,0.5045130848884583,0.505425214767456,0.5860841870307922,0.49540284276008606,0.4954470098018646,4.416704177856445e-05,0.5045130848884583,0.505425214767456,0.5860841870307922,0.49540284276008606,0.4954470098018646,4.416704177856445e-05,0.08968515694141388,0.09069408476352692,0.24851195514202118,2.486132860183716,2.523526430130005,0.6972891688346863,0.7050209045410156,1.477802038192749,0.22711798548698425,0.2194298952817917,0.36960917711257935,3.3635714054107666,3.234367609024048,0.5829626321792603,0.5825163125991821,3.9017398357391357,0.9771411418914795,0.2537792921066284,1.16399347782135,0.996557354927063,0.5641285181045532,1.245478868484497,0.9595093727111816,0.9813439846038818,0.021834611892700195,0.04049062728881836,0.9911339282989502,0.996524453163147,0.005390524864196777
train,296,43.245033264160156,43.47906494140625,0.23403167724609375,0.23403167724609375,0.016294250264763832,38.11707305908203,39.18541717529297,1.0683441162109375,1.0683441162109375,0.016519473865628242,9.062555313110352,9.120349884033203,0.05779457092285156,0.05779457092285156,0.009088055230677128,0.379605233669281,1.5996860265731812,0.373207151889801,1.4127604961395264,0.08492398262023926,0.31071773171424866,0.7528123259544373,3.012446403503418,0.8377363085746765,3.323164224624634,0.64644855260849,0.992696225643158,0.43144142627716064,0.9694316387176514,0.0694444477558136,0.25,0.5146031379699707,0.511792004108429,0.6997110843658447,0.4659513235092163,0.46628159284591675,0.00033026933670043945,0.5052038431167603,0.5061491131782532,0.5885228514671326,0.4946870803833008,0.4947161376476288,2.905726432800293e-05,0.5052038431167603,0.5061491131782532,0.5885228514671326,0.4946870803833008,0.4947161376476288,2.905726432800293e-05,0.09027450531721115,0.09016652405261993,0.18541498482227325,2.481964349746704,2.529608726501465,0.6980171203613281,0.7083566784858704,1.4795899391174316,0.22169005870819092,0.23024119436740875,0.3639088273048401,3.383643865585327,3.252971649169922,0.5846512913703918,0.5813260674476624,3.848492383956909,0.9777389168739319,0.25390827655792236,1.165459394454956,0.9967184662818909,0.5625755786895752,1.2456868886947632,0.9622282981872559,0.9834621548652649,0.021233856678009033,0.03777170181274414,1.0365688800811768,1.0463910102844238,0.00982213020324707
train,297,43.285865783691406,43.3620719909668,0.07620620727539062,0.07620620727539062,0.014839625917375088,39.15119552612305,38.651268005371094,-0.4999275207519531,0.4999275207519531,0.014962717890739441,8.8200101852417,9.091475486755371,0.2714653015136719,0.2714653015136719,0.00956134032458067,0.3777942955493927,1.5561109781265259,0.37130647897720337,1.4033576250076294,0.08476877212524414,0.31065016984939575,0.7491008043289185,2.9594686031341553,0.8338695764541626,3.2701187133789062,0.6454034447669983,0.9947339296340942,0.43207091093063354,0.9723700881004333,0.0694444477558136,0.2361111044883728,0.5056699514389038,0.5131639838218689,0.5888879895210266,0.49427148699760437,0.4942869246006012,1.5437602996826172e-05,0.5056699514389038,0.5131639838218689,0.5888879895210266,0.49427148699760437,0.4942869246006012,1.5437602996826172e-05,0.5056699514389038,0.5131639838218689,0.5888879895210266,0.49427148699760437,0.4942869246006012,1.5437602996826172e-05,0.08860743045806885,0.08778656274080276,0.24564775824546814,2.479398727416992,2.520887613296509,0.6998952031135559,0.7071329355239868,1.477918267250061,0.22622980177402496,0.23130160570144653,0.3653144836425781,3.3860299587249756,3.215009927749634,0.5801581144332886,0.5831812620162964,3.952751636505127,0.9763359427452087,0.2547173500061035,1.1627854108810425,0.9963811039924622,0.562055230140686,1.2452564239501953,0.9446231722831726,0.9690890312194824,0.024465858936309814,0.05537682771682739,1.0059996843338013,1.0062077045440674,0.00020802021026611328
train,298,42.71139144897461,43.32399368286133,0.6126022338867188,0.6126022338867188,0.01594100147485733,37.97932815551758,38.90125274658203,0.9219245910644531,0.9219245910644531,0.016003919765353203,9.548944473266602,8.955765724182129,-0.5931787490844727,0.5931787490844727,0.009033655747771263,0.3766993284225464,1.5555295944213867,0.3727404773235321,1.399786353111267,0.08485250920057297,0.32315537333488464,0.7494398355484009,2.9553160667419434,0.8342922925949097,3.2784714698791504,0.6472015976905823,0.9957841634750366,0.4334723651409149,0.9743146896362305,0.0694444477558136,0.2361111044883728,0.5094408988952637,0.5091614127159119,0.5931591391563416,0.4904879927635193,0.4904996156692505,1.1622905731201172e-05,0.5094408988952637,0.5091614127159119,0.6987270712852478,0.4698469042778015,0.4708104729652405,0.0009635686874389648,0.5094408988952637,0.5091614127159119,0.6987270712852478,0.4698469042778015,0.4708104729652405,0.0009635686874389648,0.08754079043865204,0.0872967317700386,0.18161694705486298,2.437775135040283,2.4810636043548584,0.7078903317451477,0.7185345888137817,1.4803940057754517,0.22750312089920044,0.23000575602054596,0.3834339380264282,3.4065027236938477,3.258033037185669,0.5778907537460327,0.5756539106369019,3.879100799560547,0.9765027761459351,0.25429341197013855,1.1630539894104004,0.9964106678962708,0.5621166825294495,1.2452938556671143,0.9520739912986755,0.9749887585639954,0.022914767265319824,0.04792600870132446,0.9807947874069214,0.9878255724906921,0.007030785083770752
train,299,43.35730743408203,43.01771545410156,-0.33959197998046875,0.33959197998046875,0.01575506664812565,39.15911102294922,38.44031524658203,-0.7187957763671875,0.7187957763671875,0.016769828274846077,8.791627883911133,9.252378463745117,0.4607505798339844,0.4607505798339844,0.013092593289911747,0.37617090344429016,1.5331847667694092,0.37137168645858765,1.3767492771148682,0.08708030730485916,0.32916614413261414,0.7475426197052002,2.9099340438842773,0.8346229195594788,3.239100217819214,0.6463388800621033,0.9947949051856995,0.435127317905426,0.9744688868522644,0.0694444477558136,0.2361111044883728,0.5093027353286743,0.49943897128105164,0.5924652814865112,0.49067097902297974,0.4906768798828125,5.900859832763672e-06,0.5093027353286743,0.49943897128105164,0.6982824206352234,0.4674358069896698,0.46824872493743896,0.000812917947769165,0.5093027353286743,0.49943897128105164,0.6982824206352234,0.4674358069896698,0.46824872493743896,0.000812917947769165,0.08645660430192947,0.08442463725805283,0.18983864784240723,2.4623329639434814,2.504946708679199,0.703890323638916,0.7145535349845886,1.476961612701416,0.22993943095207214,0.24170251190662384,0.42190536856651306,3.4703688621520996,3.322619915008545,0.5648130774497986,0.5624832510948181,3.8725385665893555,0.9754531383514404,0.2540284991264343,1.1609721183776855,0.9961339235305786,0.562680184841156,1.244940161705017,0.9482205510139465,0.9715865254402161,0.02336597442626953,0.05177944898605347,1.0225811004638672,1.0276018381118774,0.005020737648010254
train,300,43.28746795654297,43.18753433227539,-0.09993362426757812,0.09993362426757812,0.017908159643411636,38.939537048339844,38.79973602294922,-0.139801025390625,0.139801025390625,0.016018902882933617,9.434466361999512,9.022026062011719,-0.41244029998779297,0.41244029998779297,0.008802360855042934,0.37821176648139954,1.5171478986740112,0.37361061573028564,1.3588975667953491,0.08374401926994324,0.3297981023788452,0.7518222332000732,2.8760454654693604,0.8355662822723389,3.205843448638916,0.6434236168861389,0.9936346411705017,0.43068376183509827,0.9710424542427063,0.0694444477558136,0.25,0.5043250918388367,0.505233883857727,0.6882282495498657,0.4685443043708801,0.4689925014972687,0.0004481971263885498,0.559597909450531,0.5661070346832275,0.748328447341919,0.4403717517852783,0.44037705659866333,5.304813385009766e-06,0.559597909450531,0.5661070346832275,0.748328447341919,0.4403717517852783,0.44037705659866333,5.304813385009766e-06,0.08555148541927338,0.08548565208911896,0.24542604386806488,2.4932777881622314,2.526590585708618,0.6946110725402832,0.7025672793388367,1.4618054628372192,0.2347654104232788,0.23124490678310394,0.4205716550350189,3.4475977420806885,3.269887685775757,0.5663953423500061,0.5708420872688293,3.921095848083496,0.9745571613311768,0.25392574071884155,1.1590979099273682,0.9958981871604919,0.5639147758483887,1.2446376085281372,0.9436456561088562,0.961795449256897,0.01814979314804077,0.0563543438911438,1.1078777313232422,1.1384631395339966,0.030585408210754395
train,301,44.01470947265625,43.237525939941406,-0.7771835327148438,0.7771835327148438,0.019168078899383545,39.39498519897461,38.869659423828125,-0.5253257751464844,0.5253257751464844,0.018417589366436005,9.307916641235352,9.228269577026367,-0.07964706420898438,0.07964706420898438,0.009337480179965496,0.3756538927555084,1.505815863609314,0.3703404664993286,1.3576345443725586,0.08457070589065552,0.3494831919670105,0.7459943294525146,2.863450527191162,0.8305650353431702,3.2129337787628174,0.6449453234672546,0.9949051141738892,0.43145042657852173,0.9748743772506714,0.0694444477558136,0.2638888955116272,0.5628582239151001,0.5587053298950195,0.7488960027694702,0.437105268239975,0.4371124804019928,7.212162017822266e-06,0.5582954287528992,0.5549993515014648,0.7440576553344727,0.43911388516426086,0.4392038583755493,8.997321128845215e-05,0.5582954287528992,0.5549993515014648,0.7440576553344727,0.43911388516426086,0.4392038583755493,8.997321128845215e-05,0.08609400689601898,0.08590354770421982,0.2487136721611023,2.4838132858276367,2.527151346206665,0.6973491907119751,0.7024205923080444,1.4608509540557861,0.23092325031757355,0.22528479993343353,0.4065227806568146,3.415740728378296,3.2436470985412598,0.5674857497215271,0.5733534097671509,3.986851930618286,0.9744841456413269,0.25346091389656067,1.1589667797088623,0.9958755373954773,0.5626389384269714,1.2446091175079346,0.9365140795707703,0.9538078904151917,0.017293810844421387,0.06348592042922974,1.1310062408447266,1.1373592615127563,0.006353020668029785
train,302,44.104469299316406,43.62614059448242,-0.4783287048339844,0.4783287048339844,0.014265403151512146,39.15425491333008,39.13234329223633,-0.02191162109375,0.02191162109375,0.011482056230306625,8.690547943115234,9.268117904663086,0.5775699615478516,0.5775699615478516,0.011632096022367477,0.3757568597793579,1.5264400243759155,0.37124934792518616,1.354744553565979,0.08374793827533722,0.34740161895751953,0.7470061779022217,2.8811845779418945,0.8307542204856873,3.228586196899414,0.6436767578125,0.9932834506034851,0.4269886314868927,0.9736243486404419,0.0694444477558136,0.2638888955116272,0.5607677698135376,0.5665051341056824,0.7502473592758179,0.4392102062702179,0.4392154812812805,5.27501106262207e-06,0.5566362142562866,0.5626001954078674,0.7458880543708801,0.44114214181900024,0.4412219524383545,7.981061935424805e-05,0.5566362142562866,0.5626001954078674,0.7458880543708801,0.44114214181900024,0.4412219524383545,7.981061935424805e-05,0.08527607470750809,0.08472458273172379,0.2409597933292389,2.498202323913574,2.53572678565979,0.6950104832649231,0.7014687061309814,1.4602632522583008,0.2273421585559845,0.22243890166282654,0.3925800621509552,3.421863317489624,3.269132614135742,0.5704696774482727,0.5742113590240479,3.920963764190674,0.9749182462692261,0.25370264053344727,1.1598025560379028,0.9959911704063416,0.5630611777305603,1.2447564601898193,0.9372327923774719,0.9558101892471313,0.018577396869659424,0.06276720762252808,1.1269519329071045,1.1359916925430298,0.009039759635925293
train,303,43.59922790527344,43.86532974243164,0.2661018371582031,0.2661018371582031,0.0155150992795825,38.827484130859375,39.1433219909668,0.3158378601074219,0.3158378601074219,0.017425082623958588,9.383713722229004,8.979354858398438,-0.4043588638305664,0.4043588638305664,0.010722151957452297,0.3775199055671692,1.5312929153442383,0.3721923828125,1.3469940423965454,0.08347653597593307,0.325803279876709,0.7497122287750244,2.878286838531494,0.8331888914108276,3.204090118408203,0.6434330344200134,0.9929879307746887,0.42737194895744324,0.9732754230499268,0.0694444477558136,0.2638888955116272,0.5636371970176697,0.5615928173065186,0.7537845969200134,0.43632715940475464,0.4363342225551605,7.063150405883789e-06,0.5636371970176697,0.5615928173065186,0.7537845969200134,0.43632715940475464,0.4363342225551605,7.063150405883789e-06,0.5636371970176697,0.5615928173065186,0.7537845969200134,0.43632715940475464,0.4363342225551605,7.063150405883789e-06,0.08543180674314499,0.08728712052106857,0.24632690846920013,2.534113645553589,2.5681893825531006,0.6862526535987854,0.6936912536621094,1.4564311504364014,0.2237800657749176,0.22069445252418518,0.3770536780357361,3.407803773880005,3.271947145462036,0.5739161372184753,0.5759168267250061,3.8491806983947754,0.9745202660560608,0.25411003828048706,1.1592556238174438,0.9958856701850891,0.5615996718406677,1.2446236610412598,0.944669246673584,0.9644513130187988,0.019782066345214844,0.055330753326416016,1.055565357208252,1.0637035369873047,0.008138179779052734
train,304,43.153900146484375,43.7322998046875,0.578399658203125,0.578399658203125,0.016011204570531845,38.724239349365234,38.98542785644531,0.2611885070800781,0.2611885070800781,0.015669817104935646,8.6682710647583,9.181558609008789,0.5132875442504883,0.5132875442504883,0.009134165942668915,0.3799714744091034,1.5291911363601685,0.3742568790912628,1.343553900718689,0.08585230261087418,0.3159753978252411,0.7542283535003662,2.8727450370788574,0.8400806784629822,3.188720464706421,0.6439337134361267,0.9934865236282349,0.4282921254634857,0.9712308049201965,0.0833333358168602,0.2638888955116272,0.5626190900802612,0.5696200728416443,0.7519416809082031,0.4373478591442108,0.43735471367836,6.854534149169922e-06,0.5626190900802612,0.5696200728416443,0.7519416809082031,0.4373478591442108,0.43735471367836,6.854534149169922e-06,0.5626190900802612,0.5696200728416443,0.7519416809082031,0.4373478591442108,0.43735471367836,6.854534149169922e-06,0.08641981333494186,0.09025920182466507,0.2525404095649719,2.542806386947632,2.5796396732330322,0.6857563257217407,0.6931082010269165,1.4563111066818237,0.22350770235061646,0.22608138620853424,0.3860861659049988,3.444516181945801,3.294342041015625,0.5683179497718811,0.5701857209205627,3.8403782844543457,0.9743524193763733,0.25385695695877075,1.158953070640564,0.9958317875862122,0.5626199245452881,1.2445552349090576,0.939280092716217,0.9584131240844727,0.019133031368255615,0.06071990728378296,1.1633102893829346,1.1773974895477295,0.014087200164794922
train,305,44.44032669067383,43.44312286376953,-0.9972038269042969,0.9972038269042969,0.014884067699313164,39.43286895751953,38.854854583740234,-0.5780143737792969,0.5780143737792969,0.01613316684961319,9.511116981506348,8.924938201904297,-0.5861787796020508,0.5861787796020508,0.008134755305945873,0.3766038715839386,1.5552328824996948,0.371648907661438,1.368662714958191,0.08306442201137543,0.3304383456707001,0.7482527494430542,2.9206085205078125,0.8313171863555908,3.251046895980835,0.646986186504364,0.9935041666030884,0.4339398741722107,0.9719293713569641,0.0694444477558136,0.2638888955116272,0.5661077499389648,0.5576248168945312,0.7570716738700867,0.4338768720626831,0.43388041853904724,3.546476364135742e-06,0.5661077499389648,0.5576248168945312,0.7570716738700867,0.4338768720626831,0.43388041853904724,3.546476364135742e-06,0.5661077499389648,0.5576248168945312,0.7570716738700867,0.4338768720626831,0.43388041853904724,3.546476364135742e-06,0.09023085981607437,0.08738328516483307,0.23480509221553802,2.543085813522339,2.5867998600006104,0.6848673820495605,0.6913731694221497,1.463191032409668,0.22409877181053162,0.22204269468784332,0.3942921459674835,3.451674461364746,3.284548044204712,0.5664202570915222,0.5694794058799744,3.907395124435425,0.97575843334198,0.2540595233440399,1.1615674495697021,0.9962051510810852,0.5606527924537659,1.2450309991836548,0.9462012052536011,0.9612993001937866,0.015098094940185547,0.053798794746398926,1.0916308164596558,1.1070846319198608,0.015453815460205078
train,306,45.91029739379883,43.941749572753906,-1.9685478210449219,1.9685478210449219,0.02034742198884487,41.16219711303711,39.14388656616211,-2.018310546875,2.018310546875,0.0199593473225832,9.710639953613281,9.218050003051758,-0.49258995056152344,0.49258995056152344,0.006777151953428984,0.37473347783088684,1.556695818901062,0.3688611388206482,1.3679548501968384,0.08400678634643555,0.35018980503082275,0.7435945868492126,2.918518304824829,0.827601432800293,3.2687082290649414,0.6472472548484802,0.9946824908256531,0.43373072147369385,0.9704921841621399,0.0694444477558136,0.2638888955116272,0.5618348121643066,0.536870002746582,0.7525215744972229,0.43813636898994446,0.4381422996520996,5.930662155151367e-06,0.5119132399559021,0.48935458064079285,0.8754980564117432,0.44076478481292725,0.44113942980766296,0.0003746449947357178,0.5064196586608887,0.484026163816452,0.6917961239814758,0.44568556547164917,0.44605886936187744,0.0003733038902282715,0.08823148906230927,0.08383473008871078,0.2317664623260498,2.4995791912078857,2.539334774017334,0.69447261095047,0.7010480761528015,1.464289665222168,0.2236485332250595,0.2124723494052887,0.3933974802494049,3.3954288959503174,3.242966413497925,0.578010618686676,0.5783271789550781,3.9090282917022705,0.9759952425956726,0.2545711100101471,1.1618090867996216,0.9962602853775024,0.5599976778030396,1.2450997829437256,0.9345530867576599,0.9491428732872009,0.014589786529541016,0.06544691324234009,1.2505677938461304,1.2820361852645874,0.03146839141845703
train,307,44.79230499267578,44.926048278808594,0.1337432861328125,0.1337432861328125,0.015096727758646011,39.8289680480957,40.15306854248047,0.3241004943847656,0.3241004943847656,0.013308059424161911,9.595913887023926,9.464367866516113,-0.1315460205078125,0.1315460205078125,0.012004817835986614,0.37986791133880615,1.5632778406143188,0.37493520975112915,1.3663359880447388,0.08494675904512405,0.3232823610305786,0.7548031210899353,2.9278225898742676,0.8397498726844788,3.2511048316955566,0.6446287035942078,0.9954500198364258,0.42700091004371643,0.9733045697212219,0.0694444477558136,0.2638888955116272,0.5490386486053467,0.542173445224762,0.7394514679908752,0.4509182870388031,0.45093250274658203,1.4215707778930664e-05,0.5490386486053467,0.542173445224762,0.7394514679908752,0.4509182870388031,0.45093250274658203,1.4215707778930664e-05,0.5490386486053467,0.542173445224762,0.7394514679908752,0.4509182870388031,0.45093250274658203,1.4215707778930664e-05,0.08549446612596512,0.08432094007730484,0.17909635603427887,2.47489333152771,2.5150537490844727,0.6988534331321716,0.7104313969612122,1.4580641984939575,0.21754731237888336,0.22455158829689026,0.37445932626724243,3.3868823051452637,3.2418508529663086,0.5803186893463135,0.5785692930221558,3.9063472747802734,0.9759857058525085,0.25420865416526794,1.1618300676345825,0.9962568283081055,0.562366247177124,1.2450956106185913,0.9533768892288208,0.9699280858039856,0.016551196575164795,0.0466231107711792,1.0500227212905884,1.0694011449813843,0.0193784236907959
train,308,44.715457916259766,44.85919952392578,0.14374160766601562,0.14374160766601562,0.013276158832013607,40.23704147338867,39.99103927612305,-0.246002197265625,0.246002197265625,0.013690005987882614,8.755434036254883,9.53016471862793,0.7747306823730469,0.7747306823730469,0.011279306374490261,0.3774264454841614,1.526253342628479,0.3740226924419403,1.3517087697982788,0.08598963916301727,0.3351351022720337,0.7514491677284241,2.877962112426758,0.8374388217926025,3.213097095489502,0.6460517048835754,0.9951343536376953,0.4289822578430176,0.9757800102233887,0.0694444477558136,0.2638888955116272,0.5456198453903198,0.5434710383415222,0.7382723689079285,0.45435458421707153,0.4543638527393341,9.268522262573242e-06,0.5971980690956116,0.6035371422767639,0.7906903028488159,0.40280118584632874,0.40280142426490784,2.384185791015625e-07,0.5971980690956116,0.6035371422767639,0.7906903028488159,0.40280118584632874,0.40280142426490784,2.384185791015625e-07,0.08376436680555344,0.0819559097290039,0.2372034788131714,2.490307092666626,2.5204050540924072,0.6919198036193848,0.7013674974441528,1.45355224609375,0.2225813865661621,0.23621153831481934,0.3684512674808502,3.435532331466675,3.262704372406006,0.5704097151756287,0.5766370296478271,3.9238171577453613,0.9748186469078064,0.25334063172340393,1.1595786809921265,0.9959508180618286,0.5618811249732971,1.244705080986023,0.9510442018508911,0.9688621163368225,0.017817914485931396,0.04895579814910889,1.03481924533844,1.058764100074768,0.023944854736328125
train,309,43.451019287109375,44.787353515625,1.336334228515625,1.336334228515625,0.012957447208464146,38.99291229248047,40.11406326293945,1.1211509704589844,1.1211509704589844,0.01594180427491665,9.405942916870117,9.142822265625,-0.2631206512451172,0.2631206512451172,0.009283890016376972,0.37750691175460815,1.5160726308822632,0.3755316138267517,1.3449574708938599,0.0851423591375351,0.3465135097503662,0.7530386447906494,2.861030101776123,0.8381809592247009,3.2075436115264893,0.645742654800415,0.9950340390205383,0.4266751706600189,0.9770294427871704,0.0694444477558136,0.2777777910232544,0.5445420145988464,0.5589461922645569,0.7349901795387268,0.4272476136684418,0.4272180199623108,-2.9593706130981445e-05,0.6003772616386414,0.6174847483634949,0.7916437983512878,0.3996219038963318,0.39962220191955566,2.980232238769531e-07,0.6003772616386414,0.6174847483634949,0.7916437983512878,0.3996219038963318,0.39962220191955566,2.980232238769531e-07,0.08168162405490875,0.08295483887195587,0.23853343725204468,2.5090625286102295,2.532883882522583,0.6848461031913757,0.6961085200309753,1.4475024938583374,0.22921821475028992,0.223207026720047,0.37167853116989136,3.4136016368865967,3.23213267326355,0.5719097256660461,0.5821279287338257,3.947969675064087,0.9745932817459106,0.2528188228607178,1.1589313745498657,0.9958842396736145,0.5630080699920654,1.2446181774139404,0.9424100518226624,0.9610232710838318,0.018613219261169434,0.057589948177337646,1.0460375547409058,1.0666803121566772,0.020642757415771484
train,310,43.14285659790039,44.11920928955078,0.9763526916503906,0.9763526916503906,0.020925888791680336,38.5251350402832,39.55351257324219,1.0283775329589844,1.0283775329589844,0.021183934062719345,8.839265823364258,9.274406433105469,0.43514060974121094,0.43514060974121094,0.009824552573263645,0.3764064610004425,1.4921722412109375,0.37269383668899536,1.329984188079834,0.0863884836435318,0.32695090770721436,0.7491002678871155,2.8221564292907715,0.8354887962341309,3.1486854553222656,0.646693229675293,0.9955278038978577,0.4299052655696869,0.9767010807991028,0.0694444477558136,0.2916666567325592,0.6088095903396606,0.6252034902572632,0.8043143153190613,0.3911893665790558,0.39118972420692444,3.5762786865234375e-07,0.5549610257148743,0.5751139521598816,0.7497290968894958,0.4195536971092224,0.4197164475917816,0.0001627504825592041,0.5549610257148743,0.5751139521598816,0.7497290968894958,0.4195536971092224,0.4197164475917816,0.0001627504825592041,0.08123938739299774,0.08300209045410156,0.24420173466205597,2.5022923946380615,2.5235602855682373,0.6864204406738281,0.6984918117523193,1.4507627487182617,0.22646762430667877,0.21725121140480042,0.380155473947525,3.455841302871704,3.2957704067230225,0.5644282102584839,0.5729846954345703,3.953273057937622,0.9730671048164368,0.25207334756851196,1.1564068794250488,0.9954777359962463,0.5643499493598938,1.2441030740737915,0.9395367503166199,0.9555814862251282,0.0160447359085083,0.06046324968338013,1.0840144157409668,1.1222882270812988,0.03827381134033203
train,311,41.54063415527344,43.63105392456055,2.0904197692871094,2.0904197692871094,0.021341292187571526,36.94644546508789,39.03934860229492,2.0929031372070312,2.0929031372070312,0.020205220207571983,8.490657806396484,9.056859016418457,0.5662012100219727,0.5662012100219727,0.009954654611647129,0.3797108232975006,1.4812839031219482,0.3763275146484375,1.309694528579712,0.08493058383464813,0.3137352466583252,0.7560383677482605,2.79097843170166,0.8409688472747803,3.1047136783599854,0.6461473107337952,0.9962961673736572,0.43118640780448914,0.9754882454872131,0.0833333358168602,0.2777777910232544,0.5649046301841736,0.5866071581840515,0.7651952505111694,0.40959104895591736,0.4098363220691681,0.0002452731132507324,0.5616419315338135,0.5831593871116638,0.7619324922561646,0.4382822811603546,0.4383147656917572,3.248453140258789e-05,0.5616419315338135,0.5831593871116638,0.7619324922561646,0.4382822811603546,0.4383147656917572,3.248453140258789e-05,0.08137289434671402,0.08373688906431198,0.2471696138381958,2.516157388687134,2.5326218605041504,0.685562789440155,0.6976884007453918,1.4510892629623413,0.22092083096504211,0.23914580047130585,0.38344424962997437,3.4079949855804443,3.2444069385528564,0.5657281279563904,0.5723876953125,4.01093864440918,0.9720930457115173,0.25120723247528076,1.1547138690948486,0.995186984539032,0.5664994716644287,1.2437341213226318,0.9503082036972046,0.9719001054763794,0.021591901779174805,0.04969179630279541,1.014984369277954,1.0299066305160522,0.014922261238098145
train,312,41.99935531616211,42.58586883544922,0.5865135192871094,0.5865135192871094,0.010269280523061752,37.47361755371094,37.992919921875,0.5193023681640625,0.5193023681640625,0.013094441965222359,9.431001663208008,8.773780822753906,-0.6572208404541016,0.6572208404541016,0.00891814660280943,0.3744530975818634,1.477198839187622,0.36850297451019287,1.3103190660476685,0.08308186382055283,0.3214767873287201,0.7429559826850891,2.78751802444458,0.8260378241539001,3.1013879776000977,0.6509387493133545,0.9973534941673279,0.4405679702758789,0.9763076305389404,0.0694444477558136,0.2638888955116272,0.5721042156219482,0.5803562998771667,0.77460116147995,0.42787477374076843,0.42787984013557434,5.066394805908203e-06,0.5720508098602295,0.5800801515579224,0.6643197536468506,0.4279441237449646,0.4279465079307556,2.384185791015625e-06,0.5720508098602295,0.5800801515579224,0.6643197536468506,0.4279441237449646,0.4279465079307556,2.384185791015625e-06,0.08358721435070038,0.08410549908876419,0.2517659068107605,2.5120303630828857,2.5344507694244385,0.6861281394958496,0.6975575089454651,1.453816294670105,0.2290906310081482,0.2287341058254242,0.3807997405529022,3.423555850982666,3.2525129318237305,0.566203236579895,0.5733517408370972,3.9589054584503174,0.971757709980011,0.25020354986190796,1.1541715860366821,0.9950966238975525,0.5650963187217712,1.2436197996139526,0.9614865183830261,0.9824463725090027,0.020959854125976562,0.03851348161697388,1.013463020324707,1.0208362340927124,0.007373213768005371
train,313,43.55380630493164,42.292633056640625,-1.2611732482910156,1.2611732482910156,0.016662484034895897,38.48518753051758,37.73329162597656,-0.7518959045410156,0.7518959045410156,0.021170133724808693,9.008737564086914,9.10241413116455,0.09367656707763672,0.09367656707763672,0.008482924662530422,0.3733518421649933,1.4834885597229004,0.36903107166290283,1.3222832679748535,0.0855160802602768,0.32275691628456116,0.7423828840255737,2.786238193511963,0.8278989791870117,3.108995199203491,0.6516523957252502,0.9971902966499329,0.44319528341293335,0.9771035313606262,0.0694444477558136,0.2638888955116272,0.5762017369270325,0.5722532868385315,0.7790694236755371,0.4237762987613678,0.42378145456314087,5.155801773071289e-06,0.5762017369270325,0.5722532868385315,0.7790694236755371,0.4237762987613678,0.42378145456314087,5.155801773071289e-06,0.5761597752571106,0.5722114443778992,0.7790274620056152,0.42381832003593445,0.42382344603538513,5.125999450683594e-06,0.08319056779146194,0.08247668296098709,0.2518555223941803,2.5164120197296143,2.5452210903167725,0.6861629486083984,0.6961833238601685,1.4544336795806885,0.22896215319633484,0.2351761758327484,0.38394975662231445,3.440061330795288,3.272067070007324,0.5635147094726562,0.5683498382568359,3.9116411209106445,0.9720773696899414,0.2488251030445099,1.154640793800354,0.9951748847961426,0.5659749507904053,1.2437185049057007,0.9378917813301086,0.9546738862991333,0.016782104969024658,0.06210821866989136,1.1149896383285522,1.1678146123886108,0.052824974060058594
train,314,42.508209228515625,42.923240661621094,0.41503143310546875,0.41503143310546875,0.02272539585828781,38.404457092285156,38.10926055908203,-0.295196533203125,0.295196533203125,0.02844078093767166,8.658035278320312,9.055599212646484,0.3975639343261719,0.3975639343261719,0.011015413329005241,0.3754865825176239,1.4803779125213623,0.3720870614051819,1.3123860359191895,0.08539456874132156,0.34038135409355164,0.7475736141204834,2.7878432273864746,0.8329682350158691,3.1282246112823486,0.6486669778823853,0.9969748258590698,0.4356893301010132,0.9723515510559082,0.0694444477558136,0.2638888955116272,0.5742080211639404,0.5674468278884888,0.7825695872306824,0.42576631903648376,0.4257730543613434,6.735324859619141e-06,0.45737195014953613,0.46218058466911316,0.48014330863952637,0.4661698639392853,0.46617862582206726,8.761882781982422e-06,0.45737195014953613,0.46218058466911316,0.48014330863952637,0.4661698639392853,0.46617862582206726,8.761882781982422e-06,0.08280695974826813,0.08320138603448868,0.24501973390579224,2.5284531116485596,2.5501134395599365,0.6837145090103149,0.6954712867736816,1.4577070474624634,0.2328224629163742,0.22529146075248718,0.4046550393104553,3.496670722961426,3.293694019317627,0.5534936785697937,0.5635482668876648,3.9875595569610596,0.9723983407020569,0.25190380215644836,1.1551306247711182,0.9952665567398071,0.5653892755508423,1.2438342571258545,0.9406760334968567,0.9582367539405823,0.017560720443725586,0.05932396650314331,1.055477261543274,1.0759950876235962,0.020517826080322266
train,315,41.865386962890625,42.71574783325195,0.8503608703613281,0.8503608703613281,0.017459101974964142,37.44042205810547,38.25688552856445,0.8164634704589844,0.8164634704589844,0.016768107190728188,8.335067749023438,8.856840133666992,0.5217723846435547,0.5217723846435547,0.010521819815039635,0.37439271807670593,1.4827911853790283,0.3717171251773834,1.3236699104309082,0.0831136405467987,0.3140191435813904,0.7461099028587341,2.803359031677246,0.8292235136032104,3.1173713207244873,0.6496060490608215,0.996277391910553,0.4310377538204193,0.9715992212295532,0.0833333358168602,0.2638888955116272,0.5708142518997192,0.5627172589302063,0.7742751836776733,0.42912203073501587,0.4291417598724365,1.9729137420654297e-05,0.5666654706001282,0.5591440796852112,0.7699139714241028,0.4041736423969269,0.4039180874824524,-0.0002555549144744873,0.5666654706001282,0.5591440796852112,0.7699139714241028,0.4041736423969269,0.4039180874824524,-0.0002555549144744873,0.0821647197008133,0.08306367695331573,0.25056859850883484,2.540297508239746,2.571460008621216,0.6754047870635986,0.6852949261665344,1.4521484375,0.23149792850017548,0.22355826199054718,0.39372342824935913,3.4623305797576904,3.2787749767303467,0.5584545731544495,0.5659940838813782,3.966796398162842,0.9721501469612122,0.25172683596611023,1.1551159620285034,0.9952322840690613,0.5653796792030334,1.243794322013855,0.9609604477882385,0.9827746152877808,0.021814167499542236,0.039039552211761475,0.9809228777885437,1.0027621984481812,0.02183932065963745
train,316,41.50852966308594,42.290592193603516,0.7820625305175781,0.7820625305175781,0.01579354517161846,37.592796325683594,37.84867858886719,0.25588226318359375,0.25588226318359375,0.012568612582981586,8.621210098266602,8.595977783203125,-0.025232315063476562,0.025232315063476562,0.009264130145311356,0.36987897753715515,1.481418490409851,0.3669983744621277,1.3230582475662231,0.0798836275935173,0.2981138527393341,0.7368773818016052,2.8000693321228027,0.8167610168457031,3.0981831550598145,0.6527960896492004,0.9961304664611816,0.4311883747577667,0.9690508842468262,0.0694444477558136,0.2638888955116272,0.5668092966079712,0.5649763345718384,0.7733440399169922,0.4331468939781189,0.43316224217414856,1.5348196029663086e-05,0.5629451274871826,0.5615404844284058,0.7692558765411377,0.43505263328552246,0.43515175580978394,9.912252426147461e-05,0.5628923177719116,0.5614959001541138,0.7692030668258667,0.43510544300079346,0.43520456552505493,9.912252426147461e-05,0.0831301286816597,0.08272683620452881,0.24923385679721832,2.540740489959717,2.570054531097412,0.6752389073371887,0.6849050521850586,1.4557209014892578,0.22669756412506104,0.23347947001457214,0.378510057926178,3.462432622909546,3.283245801925659,0.5575137138366699,0.5689115524291992,3.9230339527130127,0.971407413482666,0.2514718770980835,1.1542381048202515,0.9950513243675232,0.5624718070030212,1.2435681819915771,0.9622287750244141,0.9840153455734253,0.02178657054901123,0.03777122497558594,0.9857288002967834,0.9957308769226074,0.010002076625823975
train,317,41.396854400634766,41.89958190917969,0.5027275085449219,0.5027275085449219,0.017460716888308525,37.048004150390625,37.72075653076172,0.6727523803710938,0.6727523803710938,0.02096005156636238,8.600433349609375,8.608616828918457,0.008183479309082031,0.008183479309082031,0.0062663196586072445,0.36454465985298157,1.4559392929077148,0.3650342524051666,1.311740517616272,0.08086248487234116,0.30759239196777344,0.7295788526535034,2.7676796913146973,0.8104413747787476,3.070936918258667,0.6563605666160583,0.9963586926460266,0.4327181577682495,0.9691942930221558,0.0694444477558136,0.2638888955116272,0.5658957958221436,0.5570182800292969,0.7721877694129944,0.4340674877166748,0.43407779932022095,1.0311603546142578e-05,0.4537663459777832,0.4478028118610382,0.475994735956192,0.49997445940971375,0.5005356073379517,0.000561147928237915,0.45371758937835693,0.44773614406585693,0.47594600915908813,0.5000231862068176,0.5005843043327332,0.0005611181259155273,0.0833289697766304,0.08130376785993576,0.2448682188987732,2.5350358486175537,2.557190418243408,0.6809819936752319,0.6925783753395081,1.451974868774414,0.22903233766555786,0.22752119600772858,0.314267098903656,3.463777780532837,3.259629726409912,0.5569443702697754,0.5707828998565674,3.900876045227051,0.9703359007835388,0.25025808811187744,1.1522895097732544,0.9947468638420105,0.5604302883148193,1.2431808710098267,0.9676150679588318,0.9890958666801453,0.021480798721313477,0.03238493204116821,1.015405535697937,1.0222909450531006,0.006885409355163574
safety,318,40.383018493652344,41.64823913574219,1.2652206420898438,1.2652206420898438,0.017648089677095413,36.302581787109375,37.384403228759766,1.0818214416503906,1.0818214416503906,0.020546313375234604,8.306894302368164,8.604547500610352,0.2976531982421875,0.2976531982421875,0.010205253958702087,0.358054518699646,1.4297407865524292,0.3578185737133026,1.2767863273620605,0.08133164048194885,0.3162621259689331,0.7158730626106262,2.703497886657715,0.7972047328948975,3.0197601318359375,0.6604669094085693,0.996504545211792,0.43846210837364197,0.9747693538665771,0.0694444477558136,0.2222222238779068,0.5575156807899475,0.5669044256210327,0.652231752872467,0.4424557089805603,0.4424675703048706,1.1861324310302734e-05,0.5579776763916016,0.5670863389968872,0.7617804408073425,0.41367194056510925,0.4135133624076843,-0.00015857815742492676,0.5579200387001038,0.5670040845870972,0.7617227435112,0.4137295186519623,0.41357097029685974,-0.00015854835510253906,0.08240317553281784,0.08397615700960159,0.25072237849235535,2.5316944122314453,2.5552310943603516,0.6827534437179565,0.6929055452346802,1.445648431777954,0.23031839728355408,0.21968276798725128,0.31701934337615967,3.5071723461151123,3.313491106033325,0.5507402420043945,0.5585290789604187,3.9246840476989746,0.9682585000991821,0.249627485871315,1.1486965417861938,0.994114100933075,0.558251142501831,1.2423782348632812,0.9377727508544922,0.9595283269882202,0.021755576133728027,0.06222724914550781,1.0416314601898193,1.0616549253463745,0.020023465156555176
safety,319,39.24254608154297,41.01565170288086,1.7731056213378906,1.7731056213378906,0.019272789359092712,35.51871871948242,36.8435173034668,1.324798583984375,1.324798583984375,0.019347531720995903,8.48572063446045,8.455743789672852,-0.029976844787597656,0.029976844787597656,0.006772067863494158,0.35340389609336853,1.4278453588485718,0.35264602303504944,1.2771728038787842,0.07858113199472427,0.2944033145904541,0.706049919128418,2.6997315883636475,0.784631073474884,2.9941349029541016,0.6631863117218018,0.9964175820350647,0.4430200755596161,0.9773399829864502,0.0555555559694767,0.2222222238779068,0.5621410012245178,0.5548610687255859,0.6598958373069763,0.43781566619873047,0.43783533573150635,1.9669532775878906e-05,0.4521857798099518,0.4466744363307953,0.4748041331768036,0.5001564621925354,0.5007991790771484,0.0006427168846130371,0.4521160423755646,0.446613609790802,0.4747343361377716,0.5002261996269226,0.5008689165115356,0.0006427168846130371,0.08241840451955795,0.08224919438362122,0.2542629539966583,2.535482883453369,2.5533597469329834,0.6780427694320679,0.6898607015609741,1.4507458209991455,0.22764696180820465,0.22315175831317902,0.30937257409095764,3.5226166248321533,3.360933780670166,0.544137716293335,0.5540795922279358,3.878899574279785,0.9673115611076355,0.2508072257041931,1.1475290060043335,0.9938547015190125,0.5574681758880615,1.242053508758545,0.9686161279678345,0.9879435300827026,0.019327402114868164,0.03138387203216553,0.9947714805603027,1.0113904476165771,0.016618967056274414
safety,320,39.804237365722656,40.129119873046875,0.32488250732421875,0.32488250732421875,0.017879344522953033,35.3890380859375,36.18114471435547,0.7921066284179688,0.7921066284179688,0.020438693463802338,8.366225242614746,8.470756530761719,0.10453128814697266,0.10453128814697266,0.00916052982211113,0.34462881088256836,1.419609546661377,0.3439141511917114,1.265627145767212,0.07877658307552338,0.2869809865951538,0.6885429620742798,2.672177791595459,0.7673195600509644,2.9591588973999023,0.670281171798706,0.9962084889411926,0.4504636228084564,0.9775291085243225,0.0555555559694767,0.2222222238779068,0.558567464351654,0.5843372941017151,0.6576244235038757,0.44138744473457336,0.44140881299972534,2.136826515197754e-05,0.5623188018798828,0.5896904468536377,0.7734808325767517,0.4376361668109894,0.4376552104949951,1.9043684005737305e-05,0.5622533559799194,0.5896222591400146,0.7734154462814331,0.43770158290863037,0.4377205967903137,1.901388168334961e-05,0.08220386505126953,0.08598059415817261,0.25275281071662903,2.5312538146972656,2.554081916809082,0.6778776049613953,0.6886354684829712,1.4466456174850464,0.22579774260520935,0.22904673218727112,0.3068366050720215,3.5381174087524414,3.3838417530059814,0.5420516729354858,0.5472668409347534,3.86662220954895,0.9657882452011108,0.24996158480644226,1.1452752351760864,0.9933896064758301,0.5548848509788513,1.2414673566818237,0.9578835964202881,0.9794282913208008,0.021544694900512695,0.042116403579711914,1.0169947147369385,1.025999665260315,0.009004950523376465
safety,321,39.68900680541992,39.966705322265625,0.2776985168457031,0.2776985168457031,0.015677981078624725,35.79682922363281,35.78511428833008,-0.011714935302734375,0.011714935302734375,0.016051985323429108,8.44826889038086,8.418513298034668,-0.029755592346191406,0.029755592346191406,0.006721930578351021,0.34489208459854126,1.4568620920181274,0.34282371401786804,1.3012394905090332,0.07770155370235443,0.28460693359375,0.6877157688140869,2.752225160598755,0.7654173374176025,3.026505947113037,0.6713262796401978,0.9943007826805115,0.45568424463272095,0.977487325668335,0.0694444477558136,0.2222222238779068,0.5712429285049438,0.5574734210968018,0.6765831708908081,0.42688778042793274,0.42698559165000916,9.781122207641602e-05,0.5720027089118958,0.5604071617126465,0.792266309261322,0.4261196255683899,0.42621901631355286,9.939074516296387e-05,0.5720027089118958,0.5604071617126465,0.792266309261322,0.4261196255683899,0.42621901631355286,9.939074516296387e-05,0.08473258465528488,0.08252405375242233,0.19182662665843964,2.5528275966644287,2.5788345336914062,0.675384521484375,0.6903576850891113,1.460428237915039,0.22458668053150177,0.2279762625694275,0.2844022512435913,3.5142741203308105,3.3302741050720215,0.5499186515808105,0.5588999390602112,3.888369560241699,0.9682562351226807,0.24961130321025848,1.1495558023452759,0.9941787719726562,0.5553916096687317,1.242467999458313,0.9629916548728943,0.9803732633590698,0.017381608486175537,0.03700834512710571,0.99759441614151,1.016014575958252,0.018420159816741943
safety,322,38.93126678466797,39.827880859375,0.8966140747070312,0.8966140747070312,0.0175155121833086,35.075645446777344,35.790992736816406,0.7153472900390625,0.7153472900390625,0.01831701584160328,7.812758445739746,8.433414459228516,0.6206560134887695,0.6206560134887695,0.01005431916564703,0.34565287828445435,1.4285904169082642,0.342938631772995,1.2735166549682617,0.07931903004646301,0.29874110221862793,0.6885915398597717,2.699130058288574,0.7679106593132019,2.9848687648773193,0.6706463694572449,0.9945877194404602,0.4534018933773041,0.9772728681564331,0.0555555559694767,0.25,0.5700366497039795,0.5631846785545349,0.7844834923744202,0.42993900179862976,0.42994868755340576,9.685754776000977e-06,0.4573138654232025,0.4567059278488159,0.47973161935806274,0.4663705825805664,0.46762654185295105,0.0012559592723846436,0.4573138654232025,0.4567059278488159,0.47973161935806274,0.4663705825805664,0.46762654185295105,0.0012559592723846436,0.08342833817005157,0.08205021172761917,0.24861304461956024,2.5476651191711426,2.566642999649048,0.6760971546173096,0.6882938742637634,1.4530540704727173,0.22999973595142365,0.22513866424560547,0.3127688765525818,3.5607640743255615,3.347712755203247,0.5391106605529785,0.5542658567428589,3.922459602355957,0.9667679667472839,0.24960356950759888,1.1467283964157104,0.9936949610710144,0.5550770163536072,1.2418522834777832,0.955093264579773,0.9750613570213318,0.019968092441558838,0.04490673542022705,1.0330737829208374,1.0593806505203247,0.026306867599487305
safety,323,38.07177734375,39.37959671020508,1.3078193664550781,1.3078193664550781,0.017144327983260155,34.11186981201172,35.43334197998047,1.32147216796875,1.32147216796875,0.01986788772046566,8.459698677062988,8.123108863830566,-0.3365898132324219,0.3365898132324219,0.009868756867945194,0.34213098883628845,1.378376841545105,0.341356098651886,1.25188410282135,0.07706756144762039,0.26630792021751404,0.683487057685852,2.6225152015686035,0.7605545520782471,2.8888230323791504,0.6722767949104309,0.9953523874282837,0.45395427942276,0.9794289469718933,0.0555555559694767,0.25,0.5666451454162598,0.5653591752052307,0.7775636911392212,0.4332975745201111,0.43332430720329285,2.6732683181762695e-05,0.5683029294013977,0.5683459639549255,0.6672281622886658,0.4052393138408661,0.4053991138935089,0.00015980005264282227,0.4590153694152832,0.4545632004737854,0.4812954366207123,0.46962934732437134,0.4686942398548126,-0.0009351074695587158,0.080191470682621,0.08004439622163773,0.24945493042469025,2.535320997238159,2.5697131156921387,0.6799212694168091,0.6876527667045593,1.446342945098877,0.2326248437166214,0.23530825972557068,0.31231939792633057,3.613124132156372,3.4261577129364014,0.5318722724914551,0.5401268601417542,3.8329803943634033,0.963070809841156,0.24849244952201843,1.1410993337631226,0.9925374388694763,0.5552642345428467,1.2403923273086548,0.96901535987854,0.9852883219718933,0.01627296209335327,0.03098464012145996,1.0196659564971924,1.048925757408142,0.029259800910949707
safety,324,39.40090560913086,38.725711822509766,-0.6751937866210938,0.6751937866210938,0.01920926384627819,34.98357391357422,34.77262878417969,-0.21094512939453125,0.21094512939453125,0.016171494498848915,7.590216636657715,8.291426658630371,0.7012100219726562,0.7012100219726562,0.0108895068988204,0.33713498711586,1.365265130996704,0.334261953830719,1.220874309539795,0.0773739218711853,0.27089446783065796,0.6713969707489014,2.5729575157165527,0.7487708926200867,2.843726873397827,0.6770868897438049,0.9957606196403503,0.4609866738319397,0.9795144200325012,0.0555555559694767,0.2638888955116272,0.5691853761672974,0.5767526626586914,0.7784883379936218,0.4008658528327942,0.4010101854801178,0.0001443326473236084,0.5691853761672974,0.5767526626586914,0.7784883379936218,0.4008658528327942,0.4010101854801178,0.0001443326473236084,0.5691853761672974,0.5767526626586914,0.7784883379936218,0.4008658528327942,0.4010101854801178,0.0001443326473236084,0.08091242611408234,0.08043400943279266,0.24774380028247833,2.5319666862487793,2.571411371231079,0.6792705655097961,0.6851413249969482,1.4396342039108276,0.2337825745344162,0.23587743937969208,0.3356141746044159,3.6538567543029785,3.482063055038452,0.5283781290054321,0.5345346927642822,3.867882251739502,0.9610118269920349,0.24801556766033173,1.1376248598098755,0.9918068647384644,0.5537712574005127,1.2394676208496094,0.9543135166168213,0.9739539623260498,0.019640445709228516,0.04568648338317871,1.0627002716064453,1.0905101299285889,0.027809858322143555
safety,325,38.61784744262695,39.063331604003906,0.4454841613769531,0.4454841613769531,0.018312010914087296,34.40300369262695,34.87812423706055,0.47512054443359375,0.47512054443359375,0.01851842924952507,7.331151962280273,7.94084358215332,0.6096916198730469,0.6096916198730469,0.008735590614378452,0.3377872109413147,1.3380008935928345,0.33675405383110046,1.2049614191055298,0.07529252022504807,0.26107412576675415,0.6745412945747375,2.5315964221954346,0.7498337626457214,2.792670488357544,0.6739564538002014,0.9954113960266113,0.4593464136123657,0.9815031290054321,0.0555555559694767,0.2638888955116272,0.5729803442955017,0.5624426007270813,0.7813177108764648,0.3960995376110077,0.3962023854255676,0.00010284781455993652,0.5729803442955017,0.5624426007270813,0.7813177108764648,0.3960995376110077,0.3962023854255676,0.00010284781455993652,0.5729803442955017,0.5624426007270813,0.7813177108764648,0.3960995376110077,0.3962023854255676,0.00010284781455993652,0.08054295927286148,0.08023639023303986,0.24577607214450836,2.5566818714141846,2.5931849479675293,0.6802912950515747,0.6867637634277344,1.4328054189682007,0.2348383069038391,0.23327015340328217,0.35430029034614563,3.63405442237854,3.470241069793701,0.531431257724762,0.5337374806404114,3.8501601219177246,0.9589596390724182,0.24637140333652496,1.1344178915023804,0.9910882711410522,0.5543931722640991,1.238560676574707,0.9567072987556458,0.9741830229759216,0.01747572422027588,0.04329270124435425,1.0496565103530884,1.0784860849380493,0.028829574584960938
safety,326,37.74797058105469,38.84061050415039,1.0926399230957031,1.0926399230957031,0.01588849164545536,33.822898864746094,34.64059066772461,0.8176918029785156,0.8176918029785156,0.01610443741083145,7.97274923324585,7.636021614074707,-0.3367276191711426,0.3367276191711426,0.008507085032761097,0.3328135907649994,1.3203935623168945,0.3320821225643158,1.1916621923446655,0.07165076583623886,0.2484932243824005,0.6648956537246704,2.505598306655884,0.7365463972091675,2.754091501235962,0.6786341071128845,0.9947657585144043,0.46391645073890686,0.9694303870201111,0.0555555559694767,0.2638888955116272,0.5677474141120911,0.5792983770370483,0.7775533199310303,0.4001774787902832,0.40028491616249084,0.0001074373722076416,0.560518205165863,0.5732250213623047,0.7699507474899292,0.43695688247680664,0.43718406558036804,0.00022718310356140137,0.560518205165863,0.5732250213623047,0.7699507474899292,0.43695688247680664,0.43718406558036804,0.00022718310356140137,0.08060310035943985,0.08265621960163116,0.2529333233833313,2.524327516555786,2.558600664138794,0.6836069822311401,0.6899481415748596,1.4310872554779053,0.234200119972229,0.2320152223110199,0.3412345349788666,3.6245107650756836,3.4738945960998535,0.5342853665351868,0.5394116044044495,3.851313591003418,0.9567909240722656,0.24533650279045105,1.1312675476074219,0.9903488159179688,0.55264812707901,1.2376298904418945,0.9564990997314453,0.9757945537567139,0.019295454025268555,0.04350090026855469,1.0302939414978027,1.0441851615905762,0.013891220092773438
safety,327,36.90336990356445,38.294315338134766,1.3909454345703125,1.3909454345703125,0.01696874015033245,33.302024841308594,34.23176574707031,0.9297409057617188,0.9297409057617188,0.01816616766154766,7.620956897735596,7.804408550262451,0.18345165252685547,0.18345165252685547,0.005759876221418381,0.330441951751709,1.3081779479980469,0.3294311463832855,1.1894375085830688,0.07346604764461517,0.2721826732158661,0.6598731875419617,2.488037109375,0.7333391904830933,2.7602198123931885,0.6827169060707092,0.9942528605461121,0.4686690866947174,0.9718889594078064,0.0555555559694767,0.25,0.5709415674209595,0.5730313062667847,0.7860860824584961,0.4290022552013397,0.42902904748916626,2.6792287826538086e-05,0.5709415674209595,0.5730313062667847,0.7860860824584961,0.4290022552013397,0.42902904748916626,2.6792287826538086e-05,0.5709415674209595,0.5730313062667847,0.7860860824584961,0.4290022552013397,0.42902904748916626,2.6792287826538086e-05,0.08196576684713364,0.08219130337238312,0.24842683970928192,2.534426212310791,2.5635106563568115,0.6829951405525208,0.6912146210670471,1.4351471662521362,0.2331945300102234,0.23590849339962006,0.3839614689350128,3.6499032974243164,3.48042631149292,0.5269055962562561,0.5365764498710632,3.856645345687866,0.9567176103591919,0.2450626641511917,1.1309696435928345,0.9902873039245605,0.5510158538818359,1.2375507354736328,0.9515619874000549,0.970838189125061,0.019276201725006104,0.04843801259994507,1.0340646505355835,1.0482600927352905,0.014195442199707031
safety,328,36.329505920410156,37.5988655090332,1.2693595886230469,1.2693595886230469,0.024967724457383156,32.39543914794922,33.76691818237305,1.3714790344238281,1.3714790344238281,0.027705391868948936,7.969630718231201,7.712706089019775,-0.2569246292114258,0.2569246292114258,0.007725658360868692,0.3232475519180298,1.2819889783859253,0.32588499784469604,1.1667115688323975,0.07252290099859238,0.2654515504837036,0.6491325497627258,2.441310405731201,0.7216554284095764,2.7067618370056152,0.6874333620071411,0.9937372207641602,0.47273096442222595,0.9719730615615845,0.0555555559694767,0.25,0.5719719529151917,0.5589198470115662,0.7920028567314148,0.4280013144016266,0.42801347374916077,1.2159347534179688e-05,0.4505327045917511,0.44107872247695923,0.4733189344406128,0.49931618571281433,0.5013876557350159,0.002071470022201538,0.4505327045917511,0.44107872247695923,0.4733189344406128,0.49931618571281433,0.5013876557350159,0.002071470022201538,0.08265980333089828,0.0793682113289833,0.246530219912529,2.5404131412506104,2.5599496364593506,0.6840417981147766,0.6943538784980774,1.434893012046814,0.23421606421470642,0.24164630472660065,0.3361664414405823,3.631735324859619,3.4354710578918457,0.5262670516967773,0.5394535064697266,3.884490489959717,0.953832745552063,0.24522608518600464,1.126564621925354,0.9892114400863647,0.5481579303741455,1.2361944913864136,0.9734928607940674,0.9870694875717163,0.013576626777648926,0.026507139205932617,1.0293498039245605,1.0399119853973389,0.01056218147277832
safety,329,36.0185546875,36.964210510253906,0.9456558227539062,0.9456558227539062,0.01654086261987686,32.09944534301758,33.08120346069336,0.9817581176757812,0.9817581176757812,0.019692083820700645,7.446063995361328,7.841190814971924,0.3951268196105957,0.3951268196105957,0.009435002692043781,0.31288135051727295,1.240037202835083,0.314893513917923,1.1084949970245361,0.07352650165557861,0.2876969575881958,0.6277748942375183,2.3434834480285645,0.7013013362884521,2.6295928955078125,0.693516731262207,0.9940503835678101,0.4792901277542114,0.9699375033378601,0.02777777798473835,0.25,0.5655810832977295,0.5512493252754211,0.7799631953239441,0.4343909025192261,0.43440327048301697,1.2367963790893555e-05,0.441473126411438,0.4322506785392761,0.46387937664985657,0.5094242095947266,0.5111114978790283,0.0016872882843017578,0.441473126411438,0.4322506785392761,0.46387937664985657,0.5094242095947266,0.5111114978790283,0.0016872882843017578,0.08052469789981842,0.07963955402374268,0.24690179526805878,2.5274887084960938,2.5462653636932373,0.6866404414176941,0.696252167224884,1.4168627262115479,0.2398860901594162,0.22862505912780762,0.38880690932273865,3.6874983310699463,3.4607810974121094,0.5182204246520996,0.5380234122276306,3.905763864517212,0.9487791657447815,0.2432069182395935,1.1184360980987549,0.9871341586112976,0.546149492263794,1.233572006225586,0.9781621694564819,0.9879789352416992,0.009816765785217285,0.021837830543518066,1.0271412134170532,1.0385961532592773,0.011454939842224121
safety,330,36.39688491821289,36.49140930175781,0.09452438354492188,0.09452438354492188,0.021667230874300003,32.955684661865234,32.59034729003906,-0.3653373718261719,0.3653373718261719,0.021572627127170563,7.556555271148682,7.643651485443115,0.0870962142944336,0.0870962142944336,0.007603065110743046,0.3061446249485016,1.2181248664855957,0.3072975277900696,1.0848177671432495,0.07057845592498779,0.2615508437156677,0.6134421825408936,2.2998781204223633,0.6840205788612366,2.561429023742676,0.6996627449989319,0.9939882755279541,0.48219144344329834,0.9708528518676758,0.02777777798473835,0.2361111044883728,0.5584681630134583,0.5590424537658691,0.6516329050064087,0.441487580537796,0.44150957465171814,2.199411392211914e-05,0.5543057322502136,0.5550727844238281,0.7632821202278137,0.4148453176021576,0.4148958623409271,5.054473876953125e-05,0.5543057322502136,0.5550727844238281,0.7632821202278137,0.4148453176021576,0.4148958623409271,5.054473876953125e-05,0.07994233816862106,0.07805925607681274,0.24479328095912933,2.534336566925049,2.5584943294525146,0.686233639717102,0.6937900185585022,1.4034608602523804,0.2354753166437149,0.2295837700366974,0.40864551067352295,3.7082724571228027,3.5153541564941406,0.5159979462623596,0.5308111906051636,3.8519303798675537,0.9445992112159729,0.24192312359809875,1.112563133239746,0.985413670539856,0.5432084202766418,1.2314096689224243,0.9560264945030212,0.973457932472229,0.017431437969207764,0.04397350549697876,1.0261834859848022,1.0452351570129395,0.019051671028137207
safety,331,35.144840240478516,36.44416809082031,1.2993278503417969,1.2993278503417969,0.017948010936379433,31.586166381835938,32.773040771484375,1.1868743896484375,1.1868743896484375,0.020459262654185295,7.6329474449157715,7.600126266479492,-0.0328211784362793,0.0328211784362793,0.005918765906244516,0.3029440641403198,1.1915291547775269,0.3063599765300751,1.0733450651168823,0.06893881410360336,0.24966998398303986,0.6093040108680725,2.2573659420013428,0.6782428622245789,2.507035970687866,0.7020951509475708,0.9923389554023743,0.48118701577186584,0.9762722253799438,0.02777777798473835,0.2361111044883728,0.5587567090988159,0.5519352555274963,0.651043176651001,0.4411279857158661,0.4411865472793579,5.856156349182129e-05,0.4793502688407898,0.4819965362548828,0.5656834840774536,0.47489678859710693,0.4751793444156647,0.00028255581855773926,0.4793502688407898,0.4819965362548828,0.5656834840774536,0.47489678859710693,0.4751793444156647,0.00028255581855773926,0.07903740555047989,0.0790066197514534,0.25627830624580383,2.5780370235443115,2.5948097705841064,0.6761449575424194,0.6839241981506348,1.3926658630371094,0.2338726669549942,0.22978655993938446,0.36406370997428894,3.7242767810821533,3.5519351959228516,0.5125941038131714,0.5257381200790405,3.8721671104431152,0.9413843154907227,0.2409178912639618,1.1080000400543213,0.9840009212493896,0.5428410172462463,1.2296342849731445,0.9778885245323181,0.9879620671272278,0.010073542594909668,0.022111475467681885,0.9997268915176392,1.0026496648788452,0.0029227733612060547
safety,332,34.69890213012695,35.79452896118164,1.0956268310546875,1.0956268310546875,0.019403614103794098,31.06326675415039,32.179622650146484,1.1163558959960938,1.1163558959960938,0.02248295396566391,7.522946357727051,7.616559982299805,0.0936136245727539,0.0936136245727539,0.008251306600868702,0.29636210203170776,1.16867196559906,0.2988961935043335,1.0478781461715698,0.06830474734306335,0.2491336464881897,0.5952582955360413,2.2103376388549805,0.6635630130767822,2.4594712257385254,0.7081150412559509,0.994705080986023,0.48636293411254883,0.9803457856178284,0.02777777798473835,0.2222222238779068,0.5514090657234192,0.5531281232833862,0.6413281559944153,0.44656872749328613,0.4467069208621979,0.00013819336891174316,0.4347483515739441,0.44276416301727295,0.45690470933914185,0.5159568190574646,0.5179249048233032,0.001968085765838623,0.4347483515739441,0.44276416301727295,0.45690470933914185,0.5159568190574646,0.5179249048233032,0.001968085765838623,0.07842192053794861,0.07856539636850357,0.24148719012737274,2.5607755184173584,2.5777628421783447,0.678919792175293,0.6864454746246338,1.3880685567855835,0.23422224819660187,0.2272823601961136,0.39537495374679565,3.758484125137329,3.6136248111724854,0.5082535743713379,0.5164355635643005,3.800649404525757,0.9378003478050232,0.24019183218479156,1.1028059720993042,0.9823234677314758,0.540492594242096,1.2275248765945435,0.9824647903442383,0.9885485172271729,0.00608372688293457,0.01753520965576172,1.0167925357818604,1.0305566787719727,0.013764142990112305
safety,333,34.235496520996094,35.24673843383789,1.0112419128417969,1.0112419128417969,0.016934553161263466,30.509292602539062,31.621469497680664,1.1121768951416016,1.1121768951416016,0.01956561952829361,7.333250522613525,7.56977653503418,0.2365260124206543,0.2365260124206543,0.0068352799862623215,0.29133498668670654,1.1439061164855957,0.29454171657562256,1.0307257175445557,0.06825581938028336,0.2304917424917221,0.5858767032623291,2.171631097793579,0.6541325449943542,2.402122735977173,0.7124471068382263,0.9953920841217041,0.4907059073448181,0.9831768870353699,0.02777777798473835,0.2222222238779068,0.4386853873729706,0.4290323257446289,0.4605332314968109,0.51395183801651,0.5149440169334412,0.0009921789169311523,0.4083196520805359,0.39789268374443054,0.43013590574264526,0.5431720614433289,0.544424831867218,0.0012527704238891602,0.4083196520805359,0.39789268374443054,0.43013590574264526,0.5432143807411194,0.5444461107254028,0.0012317299842834473,0.07841421663761139,0.07614805549383163,0.2393912523984909,2.564321994781494,2.591538429260254,0.6810063719749451,0.685937762260437,1.3769017457962036,0.2318444699048996,0.23206321895122528,0.396881103515625,3.7705447673797607,3.608320713043213,0.5068407654762268,0.5176733732223511,3.769257068634033,0.9338465332984924,0.2385874092578888,1.0972684621810913,0.9804487824440002,0.5376424789428711,1.2251702547073364,0.9846396446228027,0.9860841631889343,0.0014445185661315918,0.015360355377197266,1.0369857549667358,1.0511038303375244,0.014118075370788574
safety,334,34.03852081298828,34.74113845825195,0.7026176452636719,0.7026176452636719,0.014978651888668537,30.448930740356445,31.06540298461914,0.6164722442626953,0.6164722442626953,0.015134381130337715,6.993930816650391,7.451537132263184,0.45760631561279297,0.45760631561279297,0.007993344217538834,0.28596770763397217,1.1100724935531616,0.28794199228286743,0.9892731308937073,0.06810666620731354,0.23726288974285126,0.5739096999168396,2.0993456840515137,0.6420163512229919,2.336608648300171,0.7169300317764282,0.9942808151245117,0.49508148431777954,0.9833163022994995,0.02777777798473835,0.2222222238779068,0.4339452385902405,0.4253958463668823,0.4549136757850647,0.5201330184936523,0.5207313299179077,0.0005983114242553711,0.4031994044780731,0.3981356918811798,0.42412906885147095,0.5492854714393616,0.5502483248710632,0.0009628534317016602,0.40311214327812195,0.39811351895332336,0.40732020139694214,0.5880601406097412,0.5928314924240112,0.0047713518142700195,0.07734809070825577,0.07672707736492157,0.2441202700138092,2.5725462436676025,2.6045329570770264,0.6797880530357361,0.6822171211242676,1.3576064109802246,0.23403337597846985,0.23639699816703796,0.4144171178340912,3.8383665084838867,3.6595404148101807,0.4976995289325714,0.5142453908920288,3.7235913276672363,0.9283506274223328,0.2372291088104248,1.0891258716583252,0.9775977730751038,0.5347822308540344,1.2215839624404907,0.9790610671043396,0.9787952303886414,-0.0002658367156982422,0.0209389328956604,1.0364015102386475,1.0545918941497803,0.018190383911132812
safety,335,33.33092498779297,34.389854431152344,1.058929443359375,1.058929443359375,0.01775088906288147,29.74756622314453,30.75718879699707,1.009622573852539,1.009622573852539,0.01749158278107643,6.690474510192871,7.222756385803223,0.5322818756103516,0.5322818756103516,0.0068830945529043674,0.2850077748298645,1.0988181829452515,0.28516438603401184,0.973108172416687,0.06699826568365097,0.23128856718540192,0.5701721906661987,2.0719263553619385,0.6371704339981079,2.3032150268554688,0.7175944447517395,0.9948039650917053,0.49684926867485046,0.9839345812797546,0.02777777798473835,0.2083333283662796,0.4006928503513336,0.3943307399749756,0.42152881622314453,0.5525025725364685,0.5533289313316345,0.0008263587951660156,0.32782426476478577,0.3324543237686157,0.3445386290550232,0.6236415505409241,0.6244127154350281,0.0007711648941040039,0.32782426476478577,0.3324543237686157,0.3445386290550232,0.6236415505409241,0.6244127154350281,0.0007711648941040039,0.07713062316179276,0.07860948890447617,0.22223523259162903,2.5876011848449707,2.6198465824127197,0.6756035685539246,0.6777339577674866,1.3474565744400024,0.2361706644296646,0.24155043065547943,0.4280836880207062,3.8443472385406494,3.6774959564208984,0.4958045780658722,0.5116186141967773,3.729419469833374,0.9257621169090271,0.23636171221733093,1.0854177474975586,0.976207971572876,0.5345615744590759,1.2198375463485718,0.9927034378051758,0.9938694834709167,0.0011660456657409668,0.007296562194824219,0.9754608273506165,0.9868499636650085,0.01138913631439209
safety,336,32.85928726196289,33.86041259765625,1.0011253356933594,1.0011253356933594,0.016485139727592468,29.339487075805664,30.25240135192871,0.9129142761230469,0.9129142761230469,0.014820696786046028,6.943125247955322,6.956638813018799,0.013513565063476562,0.013513565063476562,0.006038425024598837,0.27834320068359375,1.0888456106185913,0.27955180406570435,0.9818670749664307,0.06417933851480484,0.23303242027759552,0.5578950047492981,2.0707125663757324,0.6220743656158447,2.3037450313568115,0.7240092754364014,0.9954479336738586,0.5030049681663513,0.9816712141036987,0.02777777798473835,0.1944444477558136,0.33010053634643555,0.32978367805480957,0.34718480706214905,0.5824077129364014,0.5827998518943787,0.0003921389579772949,0.346721351146698,0.357713520526886,0.35027217864990234,0.6398345232009888,0.6448380351066589,0.005003511905670166,0.346721351146698,0.357713520526886,0.35027217864990234,0.6398345232009888,0.6448380351066589,0.005003511905670166,0.07770473510026932,0.0777973011136055,0.22039435803890228,2.5728893280029297,2.6118929386138916,0.6745750904083252,0.6751797199249268,1.350582480430603,0.2395862489938736,0.2315867692232132,0.3971112370491028,3.828502655029297,3.6619365215301514,0.4970400929450989,0.5129757523536682,3.7316153049468994,0.924814760684967,0.23638814687728882,1.0843740701675415,0.97580885887146,0.5328941345214844,1.2193399667739868,0.986197292804718,0.9860706925392151,-0.0001266002655029297,0.013802707195281982,1.0138685703277588,1.0243080854415894,0.010439515113830566
safety,337,32.37104797363281,33.3598747253418,0.9888267517089844,0.9888267517089844,0.013949493877589703,28.787900924682617,29.79596710205078,1.008066177368164,1.008066177368164,0.01671740598976612,7.172442436218262,6.949904918670654,-0.22253751754760742,0.22253751754760742,0.0054746526293456554,0.27565526962280273,1.0594757795333862,0.27655088901519775,0.9669663310050964,0.06369858235120773,0.2206253707408905,0.5522061586380005,2.026442050933838,0.615904688835144,2.247067451477051,0.7258615493774414,0.9957935810089111,0.5068739652633667,0.9846370220184326,0.02777777798473835,0.2083333283662796,0.40230792760849,0.39171746373176575,0.42380446195602417,0.5520068407058716,0.5528542399406433,0.0008473992347717285,0.2791432738304138,0.277118444442749,0.2791564464569092,0.7095882892608643,0.7144683003425598,0.004880011081695557,0.2791432738304138,0.277118444442749,0.2791564464569092,0.7095882892608643,0.7144683003425598,0.004880011081695557,0.07736247777938843,0.07732510566711426,0.247068390250206,2.594041347503662,2.6291255950927734,0.6719163656234741,0.6731199622154236,1.3362377882003784,0.23698915541172028,0.2321280688047409,0.458224892616272,3.8749516010284424,3.6836588382720947,0.4924299716949463,0.5133136510848999,3.7363102436065674,0.9202607274055481,0.23456287384033203,1.0780786275863647,0.9733145833015442,0.5323374271392822,1.2162095308303833,0.9962390065193176,0.996985912322998,0.0007469058036804199,0.003760993480682373,0.9866663813591003,0.9892262816429138,0.0025599002838134766
safety,338,32.95616912841797,32.86548614501953,-0.0906829833984375,0.0906829833984375,0.012279365211725235,29.255342483520508,29.29195785522461,0.03661537170410156,0.03661537170410156,0.012985341250896454,6.7032575607299805,7.061197280883789,0.3579397201538086,0.3579397201538086,0.007501841522753239,0.27087894082069397,1.0423022508621216,0.27142032980918884,0.9409192800521851,0.06424203515052795,0.21311624348163605,0.5422992706298828,1.9832215309143066,0.6065413951873779,2.1963376998901367,0.7301135063171387,0.9959744811058044,0.5116595029830933,0.9859042167663574,0.02777777798473835,0.1527777761220932,0.27814817428588867,0.27221521735191345,0.2781611680984497,0.6578153371810913,0.6669883728027344,0.009173035621643066,0.28319698572158813,0.2773207128047943,0.30006369948387146,0.6376538872718811,0.6394617557525635,0.001807868480682373,0.28315988183021545,0.2772897183895111,0.2831728160381317,0.6788462400436401,0.6837447285652161,0.004898488521575928,0.07780376821756363,0.07695306837558746,0.23465338349342346,2.6026039123535156,2.6339492797851562,0.6705078482627869,0.6723102927207947,1.3344730138778687,0.2339756041765213,0.24136899411678314,0.44110554456710815,3.858455181121826,3.684326171875,0.49341487884521484,0.514817476272583,3.707308292388916,0.9157238006591797,0.23339098691940308,1.0716809034347534,0.9706692099571228,0.5291841626167297,1.2128877639770508,0.9927569031715393,0.993499755859375,0.0007428526878356934,0.007243096828460693,0.9715191721916199,0.9877644777297974,0.01624530553817749
safety,339,32.739566802978516,32.910850524902344,0.17128372192382812,0.17128372192382812,0.01261004339903593,29.014677047729492,29.273672103881836,0.25899505615234375,0.25899505615234375,0.011612435802817345,6.713002681732178,6.882250785827637,0.16924810409545898,0.16924810409545898,0.005659015383571386,0.27133476734161377,1.0471166372299194,0.27131861448287964,0.9346448183059692,0.06314962357282639,0.2054578959941864,0.5426533818244934,1.9817614555358887,0.6058030724525452,2.18347430229187,0.7297973036766052,0.996277928352356,0.5102894902229309,0.9875327348709106,0.02777777798473835,0.1666666716337204,0.2802606225013733,0.28366371989250183,0.2965608537197113,0.6680261492729187,0.6697773337364197,0.0017511844635009766,0.3238585889339447,0.3289043605327606,0.34032881259918213,0.626652181148529,0.6282673478126526,0.0016151666641235352,0.3238585889339447,0.3289043605327606,0.34032881259918213,0.626652181148529,0.6282673478126526,0.0016151666641235352,0.07721979171037674,0.07759306579828262,0.2526223361492157,2.5919196605682373,2.620378255844116,0.6707504391670227,0.6739951372146606,1.3390353918075562,0.23742417991161346,0.23273617029190063,0.4476235508918762,3.8608572483062744,3.6798360347747803,0.4952249825000763,0.5157535076141357,3.6702630519866943,0.9150631427764893,0.2336680293083191,1.0706820487976074,0.9702609181404114,0.5301430225372314,1.2123738527297974,0.9944456219673157,0.9952707290649414,0.0008251070976257324,0.005554378032684326,0.9481882452964783,0.9570795893669128,0.00889134407043457
safety,340,32.021385192871094,32.825233459472656,0.8038482666015625,0.8038482666015625,0.014296133071184158,28.654937744140625,29.14419937133789,0.4892616271972656,0.4892616271972656,0.011125757358968258,6.814319133758545,6.797649383544922,-0.016669750213623047,0.016669750213623047,0.004361684899777174,0.2737736701965332,1.035712480545044,0.2729993164539337,0.9360190629959106,0.06336656212806702,0.19572415947914124,0.5467729568481445,1.9717315435409546,0.6101394891738892,2.1674556732177734,0.7270355820655823,0.995817244052887,0.5099937915802002,0.9863696694374084,0.02777777798473835,0.1666666716337204,0.2819545567035675,0.29006630182266235,0.2978239357471466,0.6666433215141296,0.6677227020263672,0.0010793805122375488,0.2819545567035675,0.29006630182266235,0.2978239357471466,0.6666433215141296,0.6677227020263672,0.0010793805122375488,0.2819545567035675,0.29006630182266235,0.2978239357471466,0.6666433215141296,0.6677227020263672,0.0010793805122375488,0.07702520489692688,0.07873234152793884,0.2553350031375885,2.583075523376465,2.6127123832702637,0.671257495880127,0.6736831665039062,1.3413630723953247,0.23559780418872833,0.24020247161388397,0.4578946828842163,3.91019344329834,3.7233593463897705,0.48949122428894043,0.5152813196182251,3.6550416946411133,0.9139035940170288,0.23340103030204773,1.069246530532837,0.9696128964424133,0.5317080020904541,1.2115631103515625,0.9943279027938843,0.9966434836387634,0.0023155808448791504,0.005672097206115723,0.966757595539093,0.9717540144920349,0.0049964189529418945
safety,341,31.583513259887695,32.42333221435547,0.8398189544677734,0.8398189544677734,0.012450430542230606,28.24258041381836,28.899593353271484,0.657012939453125,0.657012939453125,0.012589824385941029,6.989180564880371,6.806007385253906,-0.18317317962646484,0.18317317962646484,0.006251150742173195,0.2724156677722931,1.0639863014221191,0.2725284993648529,0.939307451248169,0.06328855454921722,0.20831431448459625,0.5449441075325012,2.003293752670288,0.6082327365875244,2.2116081714630127,0.7292061448097229,0.9960296154022217,0.5154983997344971,0.9855417609214783,0.02777777798473835,0.1666666716337204,0.2859760522842407,0.29678425192832947,0.30162104964256287,0.6631854772567749,0.6641643643379211,0.0009788870811462402,0.2859760522842407,0.29678425192832947,0.30162104964256287,0.6631854772567749,0.6641643643379211,0.0009788870811462402,0.28595131635665894,0.29677486419677734,0.28596505522727966,0.7045129537582397,0.7089192867279053,0.004406332969665527,0.0770602598786354,0.079987533390522,0.17588652670383453,2.5587997436523438,2.592871904373169,0.6817947030067444,0.6864905953407288,1.3558951616287231,0.23599840700626373,0.23509393632411957,0.3834519684314728,3.8720755577087402,3.6633737087249756,0.4941489100456238,0.521939754486084,3.6952977180480957,0.9174590706825256,0.23445695638656616,1.0740925073623657,0.971618115901947,0.5322854518890381,1.214078664779663,0.9972215890884399,0.9977722764015198,0.000550687313079834,0.0027784109115600586,0.9802125692367554,0.9855095744132996,0.0052970051765441895
safety,342,31.811931610107422,32.003440856933594,0.19150924682617188,0.19150924682617188,0.015522778034210205,28.45721435546875,28.571109771728516,0.11389541625976562,0.11389541625976562,0.015067759901285172,6.59323263168335,6.897617340087891,0.304384708404541,0.304384708404541,0.00720300292596221,0.2680310606956482,1.0691410303115845,0.26979389786720276,0.9607012867927551,0.06462732702493668,0.2072778344154358,0.5378249287605286,2.0298423767089844,0.602452278137207,2.2371201515197754,0.7337400317192078,0.9960207939147949,0.5221903920173645,0.9859306812286377,0.02777777798473835,0.1666666716337204,0.29131796956062317,0.29651591181755066,0.30781686305999756,0.658021867275238,0.6592044234275818,0.00118255615234375,0.33537042140960693,0.3515395224094391,0.33555421233177185,0.6485976576805115,0.6567347645759583,0.008137106895446777,0.33537042140960693,0.3515395224094391,0.33555421233177185,0.6565653681755066,0.661376416683197,0.00481104850769043,0.07902804017066956,0.07924667745828629,0.16226625442504883,2.5641603469848633,2.598771095275879,0.6822929978370667,0.687126874923706,1.3659483194351196,0.23574534058570862,0.25617390871047974,0.39660361409187317,3.913707971572876,3.689274549484253,0.48361241817474365,0.5170148611068726,3.675630807876587,0.919209361076355,0.234919011592865,1.076791524887085,0.9727199077606201,0.5311465263366699,1.2154653072357178,0.9777684211730957,0.9783985614776611,0.0006301403045654297,0.022231578826904297,1.0749822854995728,1.083960771560669,0.008978486061096191
safety,343,30.19141387939453,31.907712936401367,1.716299057006836,1.716299057006836,0.019011009484529495,27.242223739624023,28.51418685913086,1.271963119506836,1.271963119506836,0.017158888280391693,6.626021385192871,6.745448112487793,0.11942672729492188,0.11942672729492188,0.007871240377426147,0.2715546786785126,1.0640925168991089,0.27233755588531494,0.9530316591262817,0.06489256024360657,0.22341670095920563,0.5438922047615051,2.0171241760253906,0.6087849140167236,2.2405409812927246,0.730111300945282,0.9962266087532043,0.5221049189567566,0.9874911308288574,0.02777777798473835,0.1666666716337204,0.3434387445449829,0.3548911213874817,0.34361162781715393,0.6412753462791443,0.649002194404602,0.007726848125457764,0.29389095306396484,0.3060353994369507,0.29391783475875854,0.695148229598999,0.6997868418693542,0.004638612270355225,0.29389095306396484,0.3060353994369507,0.29391783475875854,0.695148229598999,0.6997868418693542,0.004638612270355225,0.07937034219503403,0.0803961381316185,0.23368215560913086,2.5810413360595703,2.610682725906372,0.6754104495048523,0.6816423535346985,1.3633673191070557,0.24628020823001862,0.24531258642673492,0.46679559350013733,3.8919084072113037,3.639000415802002,0.48691219091415405,0.521503210067749,3.7787232398986816,0.919562816619873,0.23485009372234344,1.0768026113510132,0.9727957248687744,0.5315275192260742,1.215554118156433,0.9986546635627747,0.9988727569580078,0.0002180933952331543,0.0013453364372253418,0.9734312891960144,0.9756410717964172,0.002209782600402832
safety,344,30.287195205688477,31.04958724975586,0.7623920440673828,0.7623920440673828,0.02124214917421341,27.326000213623047,27.87822723388672,0.5522270202636719,0.5522270202636719,0.01923469454050064,6.416230201721191,6.685757637023926,0.2695274353027344,0.2695274353027344,0.009212506003677845,0.26687178015708923,1.0325640439987183,0.269137442111969,0.9372868537902832,0.06547483801841736,0.22595593333244324,0.5360091924667358,1.9698508977890015,0.6014840602874756,2.1893744468688965,0.7338783740997314,0.9961971044540405,0.5300348401069641,0.9871082901954651,0.02777777798473835,0.1527777761220932,0.34903424978256226,0.3487224876880646,0.3492238521575928,0.6438025832176208,0.6479719281196594,0.004169344902038574,0.2998245656490326,0.3012067675590515,0.2998446524143219,0.6138908863067627,0.6180291771888733,0.004138290882110596,0.2998245656490326,0.3012067675590515,0.2998446524143219,0.6138908863067627,0.6180291771888733,0.004138290882110596,0.07883357256650925,0.0789746344089508,0.23089148104190826,2.577984571456909,2.616210699081421,0.6781452298164368,0.6805774569511414,1.356590747833252,0.2477193921804428,0.25263717770576477,0.4346289038658142,3.9304842948913574,3.653357744216919,0.48472559452056885,0.5221767425537109,3.8360328674316406,0.915080189704895,0.2336118221282959,1.0704824924468994,0.9701418280601501,0.5295327305793762,1.2122220993041992,0.996431291103363,0.9962108135223389,-0.00022047758102416992,0.003568708896636963,0.9794266223907471,0.9910199642181396,0.011593341827392578
safety,345,30.694700241088867,30.668411254882812,-0.026288986206054688,0.026288986206054688,0.018206849694252014,27.187240600585938,27.602134704589844,0.41489410400390625,0.41489410400390625,0.0189480260014534,6.324591636657715,6.5510172843933105,0.2264256477355957,0.2264256477355957,0.009642323479056358,0.27037790417671204,1.1068953275680542,0.26974210143089294,0.9784579873085022,0.06477832794189453,0.24595163762569427,0.5401199460029602,2.085353374481201,0.6048983335494995,2.3279716968536377,0.7328693866729736,0.9956306219100952,0.5355694890022278,0.9870606660842896,0.0555555559694767,0.1388888955116272,0.3005087375640869,0.2964721918106079,0.3005279004573822,0.687317430973053,0.6929055452346802,0.005588114261627197,0.3005087375640869,0.2964721918106079,0.3005279004573822,0.687317430973053,0.6929055452346802,0.005588114261627197,0.3005087375640869,0.2964721918106079,0.3005279004573822,0.687317430973053,0.6929055452346802,0.005588114261627197,0.07957617193460464,0.07905583828687668,0.254852294921875,2.5618155002593994,2.5807487964630127,0.6803268790245056,0.6865705847740173,1.3712706565856934,0.25007447600364685,0.24244260787963867,0.4878416061401367,3.905411720275879,3.6820590496063232,0.48707008361816406,0.5179258584976196,3.793400526046753,0.9260998964309692,0.2362540066242218,1.082781195640564,0.9763563871383667,0.5347875952720642,1.2199783325195312,0.9958751201629639,0.9968217611312866,0.0009466409683227539,0.004124879837036133,0.9867160320281982,0.9897693395614624,0.00305330753326416
safety,346,30.469772338867188,30.68157958984375,0.2118072509765625,0.2118072509765625,0.017066577449440956,27.281890869140625,27.394712448120117,0.11282157897949219,0.11282157897949219,0.015627752989530563,6.915133953094482,6.437828063964844,-0.47730588912963867,0.47730588912963867,0.007953539490699768,0.2736057639122009,1.257186770439148,0.2691316604614258,1.121930718421936,0.06359532475471497,0.2874448299407959,0.5427374243736267,2.371786117553711,0.6063327789306641,2.6587700843811035,0.7339193820953369,0.9954948425292969,0.5403459072113037,0.9862462878227234,0.0555555559694767,0.1388888955116272,0.29850566387176514,0.29466626048088074,0.2985299527645111,0.6885342597961426,0.69499272108078,0.006458461284637451,0.29850566387176514,0.29466626048088074,0.2985299527645111,0.6602722406387329,0.6667907238006592,0.0065184831619262695,0.29850566387176514,0.29466626048088074,0.2985299527645111,0.6602722406387329,0.6667907238006592,0.0065184831619262695,0.07945118844509125,0.07975122332572937,0.24842742085456848,2.49849271774292,2.5089073181152344,0.6902087926864624,0.6984375715255737,1.396382212638855,0.24708892405033112,0.2603320777416229,0.43949094414711,3.806401491165161,3.646146297454834,0.5002626180648804,0.5220641493797302,3.8503410816192627,0.9469733238220215,0.24156464636325836,1.106641411781311,0.9865471124649048,0.5421097874641418,1.2327032089233398,0.9794406294822693,0.9806334376335144,0.0011928081512451172,0.020559370517730713,1.0292181968688965,1.038609266281128,0.009391069412231445
safety,347,30.875835418701172,30.575698852539062,-0.3001365661621094,0.3001365661621094,0.020165853202342987,27.60805320739746,27.33832550048828,-0.2697277069091797,0.2697277069091797,0.018063828349113464,7.043655872344971,6.676504135131836,-0.36715173721313477,0.36715173721313477,0.007578006945550442,0.27593448758125305,1.3237745761871338,0.27008384466171265,1.1859469413757324,0.06638375669717789,0.3065694570541382,0.5460183024406433,2.5010509490966797,0.612402081489563,2.8076205253601074,0.7339483499526978,0.9954624772071838,0.5414502024650574,0.986473023891449,0.0555555559694767,0.1527777761220932,0.29658985137939453,0.29328423738479614,0.29661303758621216,0.6843727827072144,0.694233238697052,0.009860455989837646,0.3437168300151825,0.3427099287509918,0.34388747811317444,0.6133303046226501,0.62042635679245,0.007096052169799805,0.3437168300151825,0.3427099287509918,0.34388747811317444,0.6133303046226501,0.62042635679245,0.007096052169799805,0.07971837371587753,0.07973078638315201,0.19188913702964783,2.5006892681121826,2.5161755084991455,0.6877481341362,0.7001379132270813,1.4094582796096802,0.2527734637260437,0.25009939074516296,0.3731139600276947,3.7585346698760986,3.626223087310791,0.5133346915245056,0.5231866240501404,3.9034948348999023,0.9545824527740479,0.2431798279285431,1.1161357164382935,0.989623486995697,0.545531153678894,1.2365626096725464,0.9909717440605164,0.9923915266990662,0.0014197826385498047,0.009028255939483643,0.9514011144638062,0.9588746428489685,0.0074735283851623535
safety,348,30.363868713378906,30.725791931152344,0.3619232177734375,0.3619232177734375,0.018512077629566193,27.222557067871094,27.47321319580078,0.2506561279296875,0.2506561279296875,0.016886567696928978,6.645074844360352,6.860103130340576,0.2150282859802246,0.2150282859802246,0.00687415711581707,0.2811308205127716,1.4894945621490479,0.2747844159603119,1.3241474628448486,0.06808266043663025,0.3419642448425293,0.5559152364730835,2.802875280380249,0.6239979267120361,3.1448395252227783,0.7330152988433838,0.9955695271492004,0.5420739054679871,0.9855113625526428,0.0555555559694767,0.1527777761220932,0.29492881894111633,0.29865050315856934,0.29495102167129517,0.6849052906036377,0.6949875950813293,0.01008230447769165,0.29492881894111633,0.29865050315856934,0.29495102167129517,0.6849052906036377,0.6949875950813293,0.01008230447769165,0.29492881894111633,0.29865050315856934,0.29495102167129517,0.6908732056617737,0.6982396841049194,0.007366478443145752,0.07940831035375595,0.08022568374872208,0.16951030492782593,2.477175235748291,2.486142873764038,0.6855327486991882,0.6994532346725464,1.4266948699951172,0.25134846568107605,0.2331896871328354,0.36496615409851074,3.720479726791382,3.5847058296203613,0.5167349576950073,0.5299378633499146,3.943347930908203,0.9681769013404846,0.2461717128753662,1.1389665603637695,0.9942591190338135,0.5506078600883484,1.2424505949020386,0.9940512180328369,0.9960438013076782,0.0019925832748413086,0.005948781967163086,0.9708994626998901,0.9724036455154419,0.0015041828155517578
safety,349,30.500099182128906,30.54485321044922,0.0447540283203125,0.0447540283203125,0.020583899691700935,27.296985626220703,27.34790802001953,0.050922393798828125,0.050922393798828125,0.017465202137827873,6.171332836151123,6.752612590789795,0.5812797546386719,0.5812797546386719,0.009342432022094727,0.2830710709095001,1.598183274269104,0.27664095163345337,1.4183831214904785,0.0664483830332756,0.35176411271095276,0.5597119927406311,3.005980968475342,0.6261604428291321,3.3577451705932617,0.73393315076828,0.995989978313446,0.5467281341552734,0.986283004283905,0.0555555559694767,0.1388888955116272,0.296781063079834,0.30644214153289795,0.29680782556533813,0.6897261738777161,0.6965000033378601,0.006773829460144043,0.3455180823802948,0.35996973514556885,0.3457719087600708,0.6448239684104919,0.6512487530708313,0.0064247846603393555,0.3455180823802948,0.35996973514556885,0.3457719087600708,0.6448239684104919,0.6512487530708313,0.0064247846603393555,0.07864392548799515,0.08061382919549942,0.23658639192581177,2.422189235687256,2.434490919113159,0.6910499334335327,0.7027982473373413,1.4334849119186401,0.241889089345932,0.2471810132265091,0.3221043050289154,3.6560490131378174,3.561495065689087,0.5230477452278137,0.5312404632568359,3.848985433578491,0.9746062159538269,0.24771840870380402,1.1508632898330688,0.9960569143295288,0.5522782206535339,1.2447501420974731,0.9881751537322998,0.9892797470092773,0.001104593276977539,0.011824846267700195,1.0067553520202637,1.01128351688385,0.004528164863586426
validation,350,30.488197326660156,30.522499084472656,0.0343017578125,0.0343017578125,0.024398073554039,27.06021499633789,27.322467803955078,0.2622528076171875,0.2622528076171875,0.027995232492685318,6.620657920837402,6.461995601654053,-0.1586623191833496,0.1586623191833496,0.0069941263645887375,0.2876439690589905,1.7738760709762573,0.27995264530181885,1.5462520122528076,0.06503411382436752,0.38567063212394714,0.5675966143608093,3.305278778076172,0.6326306462287903,3.6909494400024414,0.7337673902511597,0.9949731826782227,0.5488184690475464,0.9859619140625,0.0416666679084301,0.1388888955116272,0.30160707235336304,0.30108389258384705,0.30162766575813293,0.6845371127128601,0.6906687617301941,0.006131649017333984,0.30160707235336304,0.30108389258384705,0.30162766575813293,0.6845371127128601,0.6906687617301941,0.006131649017333984,0.30160707235336304,0.30108389258384705,0.30162766575813293,0.6845371127128601,0.6906687617301941,0.006131649017333984,0.07871723175048828,0.07836883515119553,0.23306015133857727,2.3897476196289062,2.40397310256958,0.6872581243515015,0.6979333758354187,1.4438858032226562,0.24390809237957,0.253132164478302,0.4321058690547943,3.5519726276397705,3.4578146934509277,0.5377828478813171,0.5436855554580688,3.854219436645508,0.9821380376815796,0.24915117025375366,1.1655536890029907,0.997785210609436,0.5533421039581299,1.2469735145568848,0.996240496635437,0.9962531328201294,1.2636184692382812e-05,0.0037595033645629883,0.9986088275909424,1.0011448860168457,0.0025360584259033203
validation,351,30.678672790527344,30.50537109375,-0.17330169677734375,0.17330169677734375,0.025602327659726143,27.366069793701172,27.191364288330078,-0.17470550537109375,0.17470550537109375,0.024509521201252937,6.367339134216309,6.541350364685059,0.17401123046875,0.17401123046875,0.005000868812203407,0.28937894105911255,1.9551290273666382,0.2805555760860443,1.7368383407592773,0.06597808003425598,0.3750571012496948,0.5699345469474792,3.6774067878723145,0.6359126567840576,4.052464008331299,0.7368751168251038,0.9944939613342285,0.5512183904647827,0.9852113723754883,0.02777777798473835,0.1388888955116272,0.30134665966033936,0.30408409237861633,0.3013642728328705,0.687624990940094,0.6925123929977417,0.004887402057647705,0.30134665966033936,0.30408409237861633,0.3013642728328705,0.687624990940094,0.6925123929977417,0.004887402057647705,0.30134665966033936,0.30408409237861633,0.3013642728328705,0.687624990940094,0.6925123929977417,0.004887402057647705,0.07689929753541946,0.07698957622051239,0.1901017725467682,2.342308282852173,2.3605306148529053,0.6991165280342102,0.711929976940155,1.4438436031341553,0.2547794580459595,0.24491815268993378,0.45073753595352173,3.522139072418213,3.4518916606903076,0.5416960716247559,0.5390529632568359,3.897892951965332,0.9878514409065247,0.25085732340812683,1.179048776626587,0.9988376498222351,0.5541073679924011,1.248352289199829,0.9966433644294739,0.9966913461685181,4.798173904418945e-05,0.003356635570526123,0.9991174936294556,1.0010851621627808,0.0019676685333251953
validation,352,30.50065040588379,30.592044830322266,0.09139442443847656,0.09139442443847656,0.022999100387096405,27.473098754882812,27.27873992919922,-0.19435882568359375,0.19435882568359375,0.025467995554208755,7.145359992980957,6.454367637634277,-0.6909923553466797,0.6909923553466797,0.009878996759653091,0.295249342918396,2.229454755783081,0.2838382124900818,1.971144437789917,0.06510989367961884,0.39960771799087524,0.5790875554084778,4.200599193572998,0.6441974639892578,4.595801830291748,0.7389281988143921,0.9944862723350525,0.5551949143409729,0.9874885082244873,0.0555555559694767,0.1388888955116272,0.30271971225738525,0.3140660226345062,0.3027333617210388,0.6856477856636047,0.6913756728172302,0.005727887153625488,0.3511657416820526,0.36440372467041016,0.3514254093170166,0.6407377123832703,0.6462097764015198,0.005472064018249512,0.3511657416820526,0.36440372467041016,0.3514254093170166,0.6407377123832703,0.6462097764015198,0.005472064018249512,0.07751606404781342,0.0796901062130928,0.1891140639781952,2.2564358711242676,2.279594898223877,0.7198827266693115,0.7291343808174133,1.4456146955490112,0.24922123551368713,0.25285792350769043,0.4049651324748993,3.4337124824523926,3.406888961791992,0.5571649670600891,0.5439793467521667,3.8500871658325195,0.9931325316429138,0.25327134132385254,1.1931984424591064,0.9995443224906921,0.5541704893112183,1.2492965459823608,0.9964764714241028,0.9961455464363098,-0.00033092498779296875,0.003523528575897217,1.0030802488327026,1.0117610692977905,0.00868082046508789
validation,353,31.49576187133789,30.546371459960938,-0.9493904113769531,0.9493904113769531,0.016310127452015877,27.955320358276367,27.37594223022461,-0.5793781280517578,0.5793781280517578,0.02033943682909012,6.439234733581543,6.799886703491211,0.36065196990966797,0.36065196990966797,0.01004314236342907,0.29992806911468506,2.421557664871216,0.287847638130188,2.1781885623931885,0.0685139149427414,0.41037312150001526,0.587775707244873,4.599746227264404,0.6562896370887756,5.002779960632324,0.7398799061775208,0.9938632249832153,0.5576958060264587,0.987079381942749,0.0555555559694767,0.1388888955116272,0.30841290950775146,0.31061094999313354,0.3084265887737274,0.677709698677063,0.6846325993537903,0.006922900676727295,0.3578081429004669,0.36513108015060425,0.35804975032806396,0.6274796724319458,0.6357938051223755,0.008314132690429688,0.3578081429004669,0.36513108015060425,0.35804975032806396,0.6322051286697388,0.6388667225837708,0.006661593914031982,0.07955728471279144,0.08063387870788574,0.16620515286922455,2.2034718990325928,2.2446794509887695,0.7328594923019409,0.7388920187950134,1.4504567384719849,0.25547629594802856,0.24439212679862976,0.3571712076663971,3.3369221687316895,3.317730188369751,0.5690327882766724,0.5514463782310486,3.9387717247009277,0.9955385327339172,0.25473105907440186,1.201396107673645,0.9997757077217102,0.5529967546463013,1.249619722366333,0.9914824962615967,0.9920383095741272,0.0005558133125305176,0.00851750373840332,1.0220004320144653,1.0330830812454224,0.011082649230957031
validation,354,32.7496337890625,31.02109146118164,-1.7285423278808594,1.7285423278808594,0.022465793415904045,28.9894962310791,27.6656551361084,-1.3238410949707031,1.3238410949707031,0.022030485793948174,6.841325759887695,6.619584083557129,-0.2217416763305664,0.2217416763305664,0.007456269580870867,0.3056236505508423,2.4509036540985107,0.29407745599746704,2.2923073768615723,0.06822025030851364,0.47716739773750305,0.5997011065483093,4.743210792541504,0.6679213643074036,5.207241058349609,0.7352913022041321,0.9938870072364807,0.5546395778656006,0.9873793721199036,0.0555555559694767,0.1527777761220932,0.3615078926086426,0.3561320900917053,0.36174800992012024,0.6274607181549072,0.6347480416297913,0.007287323474884033,0.3896044194698334,0.38644933700561523,0.38989242911338806,0.570970356464386,0.5800604224205017,0.009090065956115723,0.3896044194698334,0.38644933700561523,0.38989242911338806,0.5761156678199768,0.5834903120994568,0.0073746442794799805,0.080910325050354,0.07884608954191208,0.17580625414848328,2.204284429550171,2.2481887340545654,0.7320604920387268,0.7386137843132019,1.4511771202087402,0.24930042028427124,0.24729236960411072,0.3055892288684845,3.351580858230591,3.3448052406311035,0.5693565607070923,0.5488678216934204,3.882176637649536,0.996343195438385,0.25547629594802856,1.2043867111206055,0.9998378753662109,0.5530569553375244,1.2497092485427856,0.9831553101539612,0.9847201108932495,0.00156480073928833,0.01684468984603882,0.9546451568603516,0.9706927537918091,0.01604759693145752
validation,355,32.80662536621094,31.885385513305664,-0.9212398529052734,0.9212398529052734,0.014865962788462639,29.71087646484375,28.327598571777344,-1.3832778930664062,1.3832778930664062,0.016749147325754166,7.201403617858887,6.730477809906006,-0.47092580795288086,0.47092580795288086,0.00840310100466013,0.3157743215560913,2.4871411323547363,0.30008938908576965,2.235363245010376,0.07012469321489334,0.47939860820770264,0.6158637404441833,4.722504615783691,0.6859883666038513,5.189043045043945,0.7265834212303162,0.9938902258872986,0.5466219782829285,0.9868272542953491,0.0555555559694767,0.1666666716337204,0.3587570786476135,0.35563141107559204,0.35902267694473267,0.6257234215736389,0.634706437587738,0.008983016014099121,0.38798996806144714,0.38435691595077515,0.38829585909843445,0.5971094965934753,0.6059378981590271,0.008828401565551758,0.38798996806144714,0.38435691595077515,0.38829585909843445,0.6015155911445618,0.608648955821991,0.007133364677429199,0.08022895455360413,0.07788576185703278,0.21559345722198486,2.216892719268799,2.2563490867614746,0.7281337380409241,0.7323838472366333,1.443621039390564,0.24441592395305634,0.24049369990825653,0.2990419566631317,3.3917460441589355,3.362257719039917,0.5649262070655823,0.5499525666236877,3.847684860229492,0.9963474869728088,0.25519561767578125,1.2038366794586182,0.999835729598999,0.5560736060142517,1.249703288078308,0.9930453300476074,0.9948042035102844,0.001758873462677002,0.006954669952392578,1.007448673248291,1.0151315927505493,0.007682919502258301
validation,356,33.58313751220703,32.346031188964844,-1.2371063232421875,1.2371063232421875,0.02012036368250847,30.237628936767578,29.019264221191406,-1.2183647155761719,1.2183647155761719,0.017377382144331932,7.494750499725342,6.965963840484619,-0.5287866592407227,0.5287866592407227,0.007786778267472982,0.3214772343635559,2.5276923179626465,0.3070865869522095,2.315142869949341,0.07238776236772537,0.5209048986434937,0.6285637617111206,4.842835426330566,0.7009515762329102,5.34269380569458,0.7220783233642578,0.993842363357544,0.5427544116973877,0.9873233437538147,0.0555555559694767,0.1805555522441864,0.3861300051212311,0.3763888478279114,0.38639605045318604,0.5987315773963928,0.6077932715415955,0.009061694145202637,0.3861300051212311,0.3763888478279114,0.38639605045318604,0.5987315773963928,0.6077932715415955,0.009061694145202637,0.3861300051212311,0.3763888478279114,0.38639605045318604,0.5987315773963928,0.6077932715415955,0.009061694145202637,0.07958690077066422,0.07748884707689285,0.19288834929466248,2.193387031555176,2.2335574626922607,0.7339811325073242,0.7369321584701538,1.4419203996658325,0.24456360936164856,0.24758873879909515,0.2707778513431549,3.371708631515503,3.3724241256713867,0.5728290677070618,0.5504730343818665,3.8083388805389404,0.9968909621238708,0.2559090554714203,1.2060267925262451,0.9998732805252075,0.5578644275665283,1.2497587203979492,0.993532121181488,0.9957010746002197,0.0021689534187316895,0.006467878818511963,1.0014580488204956,1.0093249082565308,0.007866859436035156
validation,357,33.856685638427734,32.96460723876953,-0.8920783996582031,0.8920783996582031,0.011295456439256668,30.414020538330078,29.628467559814453,-0.785552978515625,0.785552978515625,0.009014936164021492,7.067470550537109,7.230380058288574,0.16290950775146484,0.16290950775146484,0.006177483592182398,0.3275194466114044,2.6251845359802246,0.31150496006011963,2.353177547454834,0.07240401953458786,0.48823145031929016,0.6390244364738464,4.978362083435059,0.7114284038543701,5.4438796043396,0.7186951041221619,0.9950924515724182,0.5349107980728149,0.9904381036758423,0.0555555559694767,0.1805555522441864,0.3811592757701874,0.38149887323379517,0.3814409077167511,0.6014605760574341,0.6119698882102966,0.010509312152862549,0.3813992142677307,0.3820338249206543,0.39678099751472473,0.5745671987533569,0.5791462063789368,0.004579007625579834,0.3811592757701874,0.38149887323379517,0.3814409077167511,0.6014605760574341,0.6119698882102966,0.010509312152862549,0.07942645251750946,0.07949846982955933,0.18682821094989777,2.1561954021453857,2.1937625408172607,0.7442841529846191,0.7475674152374268,1.43923819065094,0.245130255818367,0.24287068843841553,0.2856957018375397,3.2430460453033447,3.299860954284668,0.596608579158783,0.5669718384742737,3.847555637359619,0.9972659349441528,0.2573827803134918,1.207800030708313,0.9998970031738281,0.559251606464386,1.249794840812683,0.9918075203895569,0.9944767355918884,0.002669215202331543,0.008192479610443115,1.005639672279358,1.015832543373108,0.01019287109375
validation,358,33.217926025390625,33.410667419433594,0.19274139404296875,0.19274139404296875,0.017893144860863686,30.065622329711914,30.021268844604492,-0.044353485107421875,0.044353485107421875,0.021962115541100502,7.486209392547607,7.148948669433594,-0.33726072311401367,0.33726072311401367,0.008236896246671677,0.33043256402015686,2.6226842403411865,0.3137185573577881,2.345118284225464,0.07257876545190811,0.4784209430217743,0.6441511511802673,4.96780252456665,0.7167298793792725,5.427820205688477,0.716237485408783,0.9953216314315796,0.5325852632522583,0.990794837474823,0.0555555559694767,0.1805555522441864,0.381331205368042,0.3977309763431549,0.38159075379371643,0.6010648012161255,0.6115366220474243,0.010471820831298828,0.38172057271003723,0.3983350396156311,0.3983420729637146,0.5740349888801575,0.5786603689193726,0.004625380039215088,0.38172057271003723,0.3983350396156311,0.3983420729637146,0.5740349888801575,0.5786603689193726,0.004625380039215088,0.07957131415605545,0.08311411738395691,0.1440790891647339,2.180600881576538,2.2161803245544434,0.7391050457954407,0.7475854754447937,1.438698172569275,0.24067263305187225,0.24308885633945465,0.2816447913646698,3.2612178325653076,3.296963930130005,0.5928517580032349,0.5699892044067383,3.7479491233825684,0.9972338080406189,0.25669416785240173,1.2075514793395996,0.9998949766159058,0.5593812465667725,1.249791145324707,0.9890126585960388,0.9942148923873901,0.005202233791351318,0.010987341403961182,1.003873348236084,1.0128804445266724,0.009007096290588379
validation,359,33.95027542114258,33.31432342529297,-0.6359519958496094,0.6359519958496094,0.019845696166157722,29.97263526916504,30.043468475341797,0.07083320617675781,0.07083320617675781,0.01566181890666485,7.115428924560547,7.317601680755615,0.20217275619506836,0.20217275619506836,0.006810951977968216,0.33161789178848267,2.6395986080169678,0.3163685202598572,2.3615236282348633,0.0734071284532547,0.4694715440273285,0.6479864716529846,5.00112247467041,0.7213935852050781,5.450906753540039,0.7157614231109619,0.9960989356040955,0.5352805256843567,0.9922007322311401,0.0555555559694767,0.1944444477558136,0.39003387093544006,0.39615488052368164,0.4076545834541321,0.5613831281661987,0.5681559443473816,0.006772816181182861,0.39003387093544006,0.39615488052368164,0.4076545834541321,0.5613831281661987,0.5681559443473816,0.006772816181182861,0.39003387093544006,0.39615488052368164,0.4076545834541321,0.5613831281661987,0.5681559443473816,0.006772816181182861,0.08229973912239075,0.0812574028968811,0.17031189799308777,2.1948587894439697,2.2169229984283447,0.737629771232605,0.7509995698928833,1.4449471235275269,0.23698706924915314,0.24061404168605804,0.30107277631759644,3.2494258880615234,3.25549054145813,0.5906517505645752,0.5680466294288635,3.838627815246582,0.9973226189613342,0.25675472617149353,1.2080644369125366,0.999900221824646,0.5582743287086487,1.2497997283935547,0.9851371049880981,0.9927424192428589,0.007605314254760742,0.014862895011901855,1.009896993637085,1.017604112625122,0.007707118988037109
validation,360,35.64476013183594,33.63232421875,-2.0124359130859375,2.0124359130859375,0.020785560831427574,31.786283493041992,30.008075714111328,-1.778207778930664,1.778207778930664,0.0209150779992342,7.554770469665527,7.216537952423096,-0.33823251724243164,0.33823251724243164,0.008464867249131203,0.334445595741272,2.5817697048187256,0.3159126937389374,2.3182575702667236,0.0731673538684845,0.4961428940296173,0.6503582000732422,4.900027275085449,0.7235255241394043,5.3821940422058105,0.71200031042099,0.9959761500358582,0.5340086221694946,0.9922406077384949,0.0555555559694767,0.1944444477558136,0.39309069514274597,0.3861549198627472,0.41211891174316406,0.5559929609298706,0.5625773072242737,0.006584346294403076,0.395379900932312,0.38808682560920715,0.4155741333961487,0.5330667495727539,0.5406511425971985,0.00758439302444458,0.395379900932312,0.38808682560920715,0.4155741333961487,0.5330667495727539,0.5406511425971985,0.00758439302444458,0.08280853182077408,0.0808822363615036,0.14639687538146973,2.196230411529541,2.2006165981292725,0.7359604835510254,0.7522304058074951,1.4454137086868286,0.24150921404361725,0.24494828283786774,0.3521229028701782,3.227025032043457,3.2448971271514893,0.5900318026542664,0.5600427389144897,3.9343433380126953,0.9970927238464355,0.2566438913345337,1.2066783905029297,0.9998855590820312,0.558356523513794,1.249776005744934,0.9778268933296204,0.9894309639930725,0.011604070663452148,0.02217310667037964,1.0085657835006714,1.0167728662490845,0.008207082748413086
validation,361,36.45530319213867,34.6385612487793,-1.816741943359375,1.816741943359375,0.02315654419362545,32.7701301574707,30.897201538085938,-1.8729286193847656,1.8729286193847656,0.02564227394759655,7.667099475860596,7.385677814483643,-0.2814216613769531,0.2814216613769531,0.011879749596118927,0.3433156907558441,2.637625217437744,0.3219987452030182,2.382436990737915,0.07591021806001663,0.5684900879859924,0.6653144359588623,5.020062446594238,0.7412246465682983,5.563019752502441,0.7051182389259338,0.9961510896682739,0.5270558595657349,0.9920750260353088,0.0555555559694767,0.1944444477558136,0.3895229697227478,0.39055389165878296,0.40768754482269287,0.5548048615455627,0.5647388100624084,0.009933948516845703,0.3895229697227478,0.39055389165878296,0.40768754482269287,0.5548048615455627,0.5647388100624084,0.009933948516845703,0.3895229697227478,0.39055389165878296,0.40768754482269287,0.5548048615455627,0.5647388100624084,0.009933948516845703,0.08293966203927994,0.0836554542183876,0.16405905783176422,2.1947829723358154,2.2022409439086914,0.7372775077819824,0.754555344581604,1.4373931884765625,0.23460787534713745,0.23139545321464539,0.29903551936149597,3.1780335903167725,3.197901487350464,0.60421222448349,0.5786465406417847,3.938443660736084,0.9975851774215698,0.25627586245536804,1.2086338996887207,0.9999144077301025,0.5602328777313232,1.249819040298462,0.9744394421577454,0.9936326146125793,0.019193172454833984,0.02556055784225464,0.9849911332130432,0.9911937713623047,0.006202638149261475
validation,362,36.72677230834961,35.54695510864258,-1.1798171997070312,1.1798171997070312,0.020961901172995567,32.55989074707031,31.833688735961914,-0.7262020111083984,0.7262020111083984,0.015845708549022675,7.783336162567139,7.526412010192871,-0.2569241523742676,0.2569241523742676,0.01135582011193037,0.35158342123031616,2.777442216873169,0.3301713168621063,2.547919750213623,0.08051823079586029,0.6654951572418213,0.6817547082901001,5.3128461837768555,0.7622729539871216,5.951503753662109,0.701339840888977,0.9962896704673767,0.5234377980232239,0.9917587637901306,0.0555555559694767,0.1944444477558136,0.39005354046821594,0.39922186732292175,0.40810856223106384,0.5504981875419617,0.562870979309082,0.012372791767120361,0.39005354046821594,0.39922186732292175,0.40810856223106384,0.5504981875419617,0.562870979309082,0.012372791767120361,0.39005354046821594,0.39922186732292175,0.40810856223106384,0.5504981875419617,0.562870979309082,0.012372791767120361,0.08604356646537781,0.08695614337921143,0.13635028898715973,2.1745598316192627,2.1743133068084717,0.7376496195793152,0.7549459338188171,1.4338324069976807,0.23667815327644348,0.23391935229301453,0.3718266785144806,3.193704128265381,3.2516274452209473,0.5982986688613892,0.566156804561615,3.9035091400146484,0.9983676075935364,0.2568284869194031,1.2126288414001465,0.9999542236328125,0.5607502460479736,1.2498830556869507,0.9677180051803589,0.9935560822486877,0.025838077068328857,0.03228199481964111,1.000856637954712,1.0012362003326416,0.0003795623779296875
validation,363,36.44484329223633,36.13688659667969,-0.3079566955566406,0.3079566955566406,0.017172837629914284,32.86846160888672,32.196815490722656,-0.6716461181640625,0.6716461181640625,0.018608994781970978,8.09658432006836,7.6548967361450195,-0.44168758392333984,0.44168758392333984,0.009973673149943352,0.3592936098575592,2.8773906230926514,0.33441224694252014,2.584512233734131,0.07862702012062073,0.6022993922233582,0.6937058568000793,5.441335678100586,0.7723328471183777,6.016242504119873,0.6970590949058533,0.9967454075813293,0.5194323658943176,0.9923890829086304,0.0555555559694767,0.1944444477558136,0.39468926191329956,0.39873069524765015,0.4122786819934845,0.5457644462585449,0.5580151677131653,0.012250721454620361,0.3947775661945343,0.39885058999061584,0.41236695647239685,0.5456761121749878,0.5579268336296082,0.012250721454620361,0.39468926191329956,0.39873069524765015,0.4122786819934845,0.5457644462585449,0.5580151677131653,0.012250721454620361,0.08574482053518295,0.08830051869153976,0.2193005532026291,2.1678831577301025,2.184436798095703,0.7389863729476929,0.7578549385070801,1.4422632455825806,0.22541597485542297,0.231279194355011,0.30227887630462646,3.1575448513031006,3.2064545154571533,0.6110637784004211,0.5816647410392761,3.8472402095794678,0.9985257983207703,0.2579033076763153,1.2139698266983032,0.999961256980896,0.5612719058990479,1.2498964071273804,0.9592275619506836,0.9842268228530884,0.024999260902404785,0.040772438049316406,1.0010846853256226,1.0032812356948853,0.0021965503692626953
validation,364,37.957557678222656,36.29088592529297,-1.6666717529296875,1.6666717529296875,0.022661950439214706,33.805824279785156,32.53266143798828,-1.273162841796875,1.273162841796875,0.018290918320417404,7.800010681152344,7.875763893127441,0.07575321197509766,0.07575321197509766,0.011799232102930546,0.35811617970466614,2.8239967823028564,0.3382567763328552,2.571017026901245,0.08123869448900223,0.6520886421203613,0.696372926235199,5.378080368041992,0.7776116728782654,6.009498596191406,0.6970168948173523,0.9965608716011047,0.5154794454574585,0.9922455549240112,0.0555555559694767,0.1944444477558136,0.39673084020614624,0.3934304714202881,0.4134708642959595,0.5425764322280884,0.5547341704368591,0.012157738208770752,0.396835058927536,0.39351001381874084,0.41357511281967163,0.5424721837043762,0.554629921913147,0.012157738208770752,0.39673084020614624,0.3934304714202881,0.4134708642959595,0.5425764322280884,0.5547341704368591,0.012157738208770752,0.08710797876119614,0.08515679091215134,0.20152387022972107,2.18904185295105,2.2017147541046143,0.7340331673622131,0.7536630630493164,1.4584715366363525,0.22650806605815887,0.23903101682662964,0.2943587899208069,3.1490564346313477,3.2028558254241943,0.6133927702903748,0.581138551235199,3.8319215774536133,0.9984858632087708,0.25902268290519714,1.2134466171264648,0.9999593496322632,0.5601407289505005,1.249892234802246,0.9632768630981445,0.9874537587165833,0.02417689561843872,0.03672313690185547,0.9960280656814575,0.9918919801712036,-0.004136085510253906
validation,365,39.40068817138672,37.124244689941406,-2.2764434814453125,2.2764434814453125,0.03191617503762245,34.754852294921875,33.16926574707031,-1.5855865478515625,1.5855865478515625,0.024623369798064232,8.80775260925293,7.8379106521606445,-0.9698419570922852,0.9698419570922852,0.014367040246725082,0.3678445816040039,2.8101110458374023,0.3461264371871948,2.5434718132019043,0.08393711596727371,0.6688590049743652,0.713970959186554,5.343520641326904,0.7979081273078918,5.986117362976074,0.687439501285553,0.996012806892395,0.5056753158569336,0.9902480244636536,0.0555555559694767,0.2083333283662796,0.39514052867889404,0.40836361050605774,0.4116760194301605,0.5437440872192383,0.5556633472442627,0.011919260025024414,0.39514052867889404,0.40836361050605774,0.4116760194301605,0.5437440872192383,0.5556633472442627,0.011919260025024414,0.39514052867889404,0.40836361050605774,0.4116760194301605,0.5437440872192383,0.5556633472442627,0.011919260025024414,0.08703992515802383,0.0858779028058052,0.13660350441932678,2.2215845584869385,2.215639114379883,0.7259835004806519,0.7482616901397705,1.4468224048614502,0.23581023514270782,0.2215421199798584,0.38453200459480286,3.195434808731079,3.212221145629883,0.5969603657722473,0.5707085132598877,3.9023847579956055,0.9984673857688904,0.25853589177131653,1.212978720664978,0.9999581575393677,0.5631592869758606,1.2498888969421387,0.9656238555908203,0.995296835899353,0.029672980308532715,0.03437614440917969,1.0000569820404053,1.0001957416534424,0.00013875961303710938
validation,366,39.868900299072266,38.262489318847656,-1.6064109802246094,1.6064109802246094,0.02423839457333088,35.83589553833008,33.96208190917969,-1.8738136291503906,1.8738136291503906,0.025340570136904716,8.376248359680176,8.322854042053223,-0.053394317626953125,0.053394317626953125,0.008037562482059002,0.38307642936706543,2.8754496574401855,0.35650134086608887,2.528886556625366,0.08908896148204803,0.6983612179756165,0.7395777702331543,5.391510009765625,0.8286668062210083,6.062791347503662,0.6747170090675354,0.9957138895988464,0.4976625442504883,0.9905279874801636,0.0555555559694767,0.2083333283662796,0.4019063413143158,0.40742796659469604,0.41913339495658875,0.5390998125076294,0.5510933995246887,0.011993587017059326,0.4019063413143158,0.40742796659469604,0.41913339495658875,0.5390998125076294,0.5510933995246887,0.011993587017059326,0.4019063413143158,0.40742796659469604,0.41913339495658875,0.5390998125076294,0.5510933995246887,0.011993587017059326,0.08655361831188202,0.08647869527339935,0.21447357535362244,2.215456008911133,2.2359063625335693,0.7247398495674133,0.7443116307258606,1.4528746604919434,0.21879516541957855,0.2134150266647339,0.3039356768131256,3.115239143371582,3.130558967590332,0.6165419816970825,0.5913150310516357,3.8808844089508057,0.9986159801483154,0.25850018858909607,1.2134027481079102,0.9999638795852661,0.5654630661010742,1.2498968839645386,0.9606640934944153,0.9848649501800537,0.024200856685638428,0.03933590650558472,1.0010261535644531,1.0011708736419678,0.00014472007751464844
validation,367,38.830291748046875,39.06571960449219,0.2354278564453125,0.2354278564453125,0.020979462191462517,34.953548431396484,34.89901351928711,-0.054534912109375,0.054534912109375,0.019182853400707245,8.18226432800293,8.349574089050293,0.16730976104736328,0.16730976104736328,0.009234705939888954,0.39339616894721985,2.946784257888794,0.36860570311546326,2.5823535919189453,0.08825787901878357,0.6523802876472473,0.7620018720626831,5.507458686828613,0.8502596616744995,6.12800407409668,0.6698458194732666,0.9940826892852783,0.49133265018463135,0.9880693554878235,0.1111111119389534,0.2083333283662796,0.40474119782447815,0.40624910593032837,0.4219572842121124,0.5350000262260437,0.5476601719856262,0.01266014575958252,0.40474119782447815,0.40624910593032837,0.4219572842121124,0.5350000262260437,0.5476601719856262,0.01266014575958252,0.40463390946388245,0.40614232420921326,0.4218499958515167,0.5351073145866394,0.5477674603462219,0.01266014575958252,0.08735118806362152,0.08965251594781876,0.16366992890834808,2.209031105041504,2.2343337535858154,0.7237078547477722,0.7385687232017517,1.4604305028915405,0.212650865316391,0.21613860130310059,0.291135311126709,3.0306663513183594,3.058614492416382,0.6356369853019714,0.6074867248535156,3.8496124744415283,0.9987554550170898,0.25888174772262573,1.2145745754241943,0.999969482421875,0.5682685375213623,1.2499079704284668,0.9552490711212158,0.9821149110794067,0.026865839958190918,0.04475092887878418,1.0008983612060547,1.0005964040756226,-0.0003019571304321289
validation,368,39.598411560058594,38.94802474975586,-0.6503868103027344,0.6503868103027344,0.01810014806687832,35.427459716796875,34.92630386352539,-0.5011558532714844,0.5011558532714844,0.01638609915971756,7.953799724578857,8.265942573547363,0.31214284896850586,0.31214284896850586,0.009659674018621445,0.3950655162334442,2.953092575073242,0.37090882658958435,2.618013858795166,0.08585385978221893,0.5819948315620422,0.7659743428230286,5.54848051071167,0.8518282175064087,6.097417831420898,0.6711283326148987,0.9932836890220642,0.49342918395996094,0.9874419569969177,0.1111111119389534,0.2083333283662796,0.40549567341804504,0.4001334607601166,0.42324647307395935,0.5339464545249939,0.5457629561424255,0.01181650161743164,0.40549567341804504,0.4001334607601166,0.42324647307395935,0.5339464545249939,0.5457629561424255,0.01181650161743164,0.40538862347602844,0.40006592869758606,0.42313939332962036,0.5340535044670105,0.5458700060844421,0.01181650161743164,0.08783397078514099,0.08737580478191376,0.13429933786392212,2.203157901763916,2.2305660247802734,0.7283585667610168,0.743020236492157,1.4688328504562378,0.21383613348007202,0.20537930727005005,0.29007965326309204,3.046811819076538,3.0445404052734375,0.6329156160354614,0.6119531393051147,3.8784608840942383,0.998744010925293,0.2598394453525543,1.2150737047195435,0.999969482421875,0.5689004063606262,1.2499098777770996,0.9549611806869507,0.9770975708961487,0.022136390209197998,0.045038819313049316,1.000456690788269,1.0003830194473267,-7.367134094238281e-05
validation,369,39.544090270996094,39.27323913574219,-0.27085113525390625,0.27085113525390625,0.02253633551299572,35.20367431640625,35.176902770996094,-0.02677154541015625,0.02677154541015625,0.022750943899154663,8.61862564086914,8.109893798828125,-0.5087318420410156,0.5087318420410156,0.011182297021150589,0.39576706290245056,2.8774709701538086,0.37459665536880493,2.604105234146118,0.08346137404441833,0.5295231938362122,0.7703636884689331,5.469923973083496,0.853825032711029,5.974296569824219,0.6689366698265076,0.9916671514511108,0.48934227228164673,0.9824311137199402,0.0972222238779068,0.2083333283662796,0.4027954936027527,0.4074211120605469,0.4217848479747772,0.5370382070541382,0.5482167601585388,0.011178553104400635,0.4027954936027527,0.4074211120605469,0.4217848479747772,0.5370382070541382,0.5482167601585388,0.011178553104400635,0.4027954936027527,0.4074211120605469,0.4217848479747772,0.5370382070541382,0.5482167601585388,0.011178553104400635,0.08742589503526688,0.0876585990190506,0.2188665270805359,2.2048981189727783,2.2245328426361084,0.726976215839386,0.746277391910553,1.472566843032837,0.20939499139785767,0.2106139361858368,0.23493711650371552,3.060647964477539,3.054595947265625,0.6282981634140015,0.6046628952026367,3.87707257270813,0.9985769987106323,0.2601364254951477,1.2143309116363525,0.9999631643295288,0.5701180696487427,1.2498998641967773,0.9585411548614502,0.9856547117233276,0.02711355686187744,0.041458845138549805,1.0003262758255005,1.0004007816314697,7.450580596923828e-05
validation,370,40.650848388671875,39.40869140625,-1.242156982421875,1.242156982421875,0.022815527394413948,36.14927673339844,35.190311431884766,-0.9589653015136719,0.9589653015136719,0.020861085504293442,8.53580379486084,8.364283561706543,-0.17152023315429688,0.17152023315429688,0.01200056727975607,0.39121896028518677,2.816826343536377,0.371124804019928,2.544236421585083,0.08563252538442612,0.5526584386825562,0.7623437643051147,5.359382629394531,0.8479763269424438,5.893610000610352,0.6689206957817078,0.9918538331985474,0.4891738295555115,0.9825567007064819,0.0833333358168602,0.2083333283662796,0.40510913729667664,0.4039716124534607,0.4238460659980774,0.5373810529708862,0.5465606451034546,0.00917959213256836,0.40510913729667664,0.4039716124534607,0.4238460659980774,0.5373810529708862,0.5465606451034546,0.00917959213256836,0.40510913729667664,0.4039716124534607,0.4238460659980774,0.5373810529708862,0.5465606451034546,0.00917959213256836,0.08696381002664566,0.08657784014940262,0.1414458453655243,2.185521125793457,2.1918959617614746,0.7310076355934143,0.7504453659057617,1.4802486896514893,0.21619251370429993,0.22185003757476807,0.33043336868286133,3.1050350666046143,3.076486349105835,0.6150031685829163,0.5947473645210266,3.925600528717041,0.9984208345413208,0.26038387417793274,1.2130039930343628,0.9999563694000244,0.5680268406867981,1.2498868703842163,0.9715222120285034,0.9950940608978271,0.02357184886932373,0.028477787971496582,0.9665326476097107,0.9702351093292236,0.0037024617195129395
validation,371,41.74717712402344,40.02979278564453,-1.7173843383789062,1.7173843383789062,0.02388014644384384,37.27532196044922,35.66981506347656,-1.6055068969726562,1.6055068969726562,0.024440141394734383,8.762779235839844,8.450066566467285,-0.3127126693725586,0.3127126693725586,0.007757533807307482,0.394919753074646,2.828589677810669,0.3748202323913574,2.537520408630371,0.08919841796159744,0.6109927296638489,0.7697399854660034,5.3586883544921875,0.858938455581665,5.944860935211182,0.6656939387321472,0.9900748133659363,0.48117658495903015,0.9789004921913147,0.0833333358168602,0.2083333283662796,0.40453261137008667,0.419940710067749,0.42387184500694275,0.5390680432319641,0.5480929017066956,0.009024858474731445,0.40492889285087585,0.4202863574028015,0.4397968053817749,0.48939836025238037,0.4996950030326843,0.010296642780303955,0.40453261137008667,0.419940710067749,0.42387184500694275,0.5390680432319641,0.5480929017066956,0.009024858474731445,0.08717126399278641,0.08481227606534958,0.14156517386436462,2.188793420791626,2.199561595916748,0.729987621307373,0.7501352429389954,1.4796866178512573,0.21965347230434418,0.21964748203754425,0.33464449644088745,3.128720760345459,3.0885019302368164,0.6108503341674805,0.5921176671981812,3.8721923828125,0.9984968900680542,0.26003748178482056,1.2131776809692383,0.9999592304229736,0.5695202350616455,1.2498908042907715,0.9714552760124207,0.999978244304657,0.028522968292236328,0.028544723987579346,1.0002537965774536,1.0000395774841309,-0.0002142190933227539
validation,372,40.641563415527344,40.88850784301758,0.24694442749023438,0.24694442749023438,0.01960914582014084,36.175254821777344,36.47258758544922,0.297332763671875,0.297332763671875,0.019694563001394272,8.309675216674805,8.606446266174316,0.2967710494995117,0.2967710494995117,0.009141971357166767,0.40600502490997314,2.89349365234375,0.386770099401474,2.6021547317504883,0.0895204246044159,0.627799391746521,0.7927750945091248,5.48661994934082,0.8822954893112183,6.087813377380371,0.6601899266242981,0.9882179498672485,0.472796767950058,0.9805687069892883,0.0833333358168602,0.2083333283662796,0.41240623593330383,0.4086487293243408,0.4316408038139343,0.5344690680503845,0.5434970259666443,0.009027957916259766,0.41240623593330383,0.4086487293243408,0.4316408038139343,0.5344690680503845,0.5434970259666443,0.009027957916259766,0.41240623593330383,0.4086487293243408,0.4316408038139343,0.5344690680503845,0.5434970259666443,0.009027957916259766,0.08600927144289017,0.08434483408927917,0.13605286180973053,2.1988964080810547,2.210369348526001,0.7316842079162598,0.7514834403991699,1.4736131429672241,0.21759949624538422,0.21341301500797272,0.344428688287735,3.0634307861328125,3.054382562637329,0.6224921941757202,0.6016175150871277,3.8665430545806885,0.9987230896949768,0.2604333758354187,1.214670181274414,0.9999685287475586,0.5722466111183167,1.2499074935913086,0.9721295237541199,1.0008972883224487,0.028767764568328857,0.027870476245880127,0.9704973101615906,0.9761098027229309,0.005612492561340332
validation,373,41.771907806396484,40.76506042480469,-1.0068473815917969,1.0068473815917969,0.017444662749767303,37.43397521972656,36.32394790649414,-1.1100273132324219,1.1100273132324219,0.02452082931995392,8.802957534790039,8.458084106445312,-0.34487342834472656,0.34487342834472656,0.007539139129221439,0.40796786546707153,2.9999070167541504,0.38458773493766785,2.6212258338928223,0.08836601674556732,0.6364604830741882,0.792555570602417,5.608249664306641,0.8809216022491455,6.213700294494629,0.6595728397369385,0.9900384545326233,0.4741303026676178,0.9841269850730896,0.0833333358168602,0.2083333283662796,0.41053506731987,0.3997870981693268,0.42950013279914856,0.5375246405601501,0.5461294651031494,0.008604824542999268,0.41053506731987,0.3997870981693268,0.42950013279914856,0.5375246405601501,0.5461294651031494,0.008604824542999268,0.41053506731987,0.3997870981693268,0.42950013279914856,0.5375246405601501,0.5461294651031494,0.008604824542999268,0.0840606763958931,0.08466344326734543,0.1376165747642517,2.181110143661499,2.1902174949645996,0.7329748868942261,0.752821683883667,1.466062068939209,0.2180558294057846,0.21311871707439423,0.32936787605285645,3.094722270965576,3.0908825397491455,0.6180535554885864,0.5964366793632507,3.871631622314453,0.9988871216773987,0.26105940341949463,1.215751051902771,0.9999746084213257,0.573196530342102,1.2499183416366577,0.9684308767318726,0.9884155988693237,0.019984722137451172,0.03156912326812744,1.000164270401001,0.9998089671134949,-0.0003553032875061035
validation,374,42.894752502441406,41.26850891113281,-1.6262435913085938,1.6262435913085938,0.01886747218668461,38.08325958251953,36.87898254394531,-1.2042770385742188,1.2042770385742188,0.018936283886432648,8.652984619140625,8.630542755126953,-0.022441864013671875,0.022441864013671875,0.011486822739243507,0.40691688656806946,3.017230987548828,0.3861445486545563,2.7000255584716797,0.0885370671749115,0.6523458361625671,0.7930614948272705,5.66333532333374,0.8815985321998596,6.298904895782471,0.6606466174125671,0.9876765608787537,0.4782748818397522,0.9754402041435242,0.0972222238779068,0.2083333283662796,0.4050801396369934,0.389699786901474,0.4229721128940582,0.5424894690513611,0.5503001809120178,0.007810711860656738,0.4050801396369934,0.389699786901474,0.4229721128940582,0.5424894690513611,0.5503001809120178,0.007810711860656738,0.4050801396369934,0.389699786901474,0.4229721128940582,0.5424894690513611,0.5503001809120178,0.007810711860656738,0.08408690243959427,0.08228449523448944,0.1360846757888794,2.1704936027526855,2.1888654232025146,0.7325515151023865,0.7509849071502686,1.4595870971679688,0.2133331149816513,0.21275833249092102,0.2988344728946686,3.0177321434020996,3.01054048538208,0.6296547055244446,0.6089617609977722,3.884742498397827,0.9989752769470215,0.2615760564804077,1.216565728187561,0.9999778270721436,0.5715306997299194,1.2499252557754517,0.9757252335548401,0.9974234104156494,0.021698176860809326,0.024274766445159912,1.000190258026123,1.000169038772583,-2.1219253540039062e-05
validation,375,43.05598449707031,42.0816535949707,-0.9743309020996094,0.9743309020996094,0.015612823888659477,38.6280517578125,37.481143951416016,-1.1469078063964844,1.1469078063964844,0.01867922581732273,8.575443267822266,8.641786575317383,0.06634330749511719,0.06634330749511719,0.009272562339901924,0.40788352489471436,3.037712335586548,0.3845962882041931,2.695188045501709,0.08775336295366287,0.6950497627258301,0.7924798727035522,5.677116394042969,0.8802331686019897,6.372166156768799,0.6612446308135986,0.9890616536140442,0.47895848751068115,0.9753834009170532,0.1111111119389534,0.2083333283662796,0.3972663879394531,0.38981589674949646,0.4135659635066986,0.549338698387146,0.5576236844062805,0.008284986019134521,0.3972663879394531,0.38981589674949646,0.4135659635066986,0.549338698387146,0.5576236844062805,0.008284986019134521,0.3972663879394531,0.38981589674949646,0.4135659635066986,0.549338698387146,0.5576236844062805,0.008284986019134521,0.08336726576089859,0.08157812803983688,0.13663427531719208,2.1492245197296143,2.166046619415283,0.7389543652534485,0.7554835677146912,1.4482271671295166,0.21468788385391235,0.20954738557338715,0.29883095622062683,2.991088390350342,2.959761142730713,0.6344991326332092,0.6183291077613831,3.95914626121521,0.9990288019180298,0.26148200035095215,1.2168523073196411,0.9999794960021973,0.5682297945022583,1.2499281167984009,0.9743152856826782,0.9926539659500122,0.018338680267333984,0.025684714317321777,1.0002144575119019,0.999958336353302,-0.0002561211585998535
validation,376,42.430484771728516,42.568843841552734,0.13835906982421875,0.13835906982421875,0.016224771738052368,38.137542724609375,38.05461883544922,-0.08292388916015625,0.08292388916015625,0.01600884087383747,9.095963478088379,8.608637809753418,-0.48732566833496094,0.48732566833496094,0.01028644759207964,0.4077495336532593,3.0435738563537598,0.3851246237754822,2.7207138538360596,0.08728843182325363,0.6568676829338074,0.7928740978240967,5.702766418457031,0.8801626563072205,6.359633922576904,0.6619994640350342,0.9926625490188599,0.4793895184993744,0.9738584160804749,0.1111111119389534,0.2083333283662796,0.3934849798679352,0.39565327763557434,0.409832239151001,0.5518143177032471,0.5607813596725464,0.008967041969299316,0.3934849798679352,0.39565327763557434,0.409832239151001,0.5518143177032471,0.5607813596725464,0.008967041969299316,0.3934849798679352,0.39565327763557434,0.409832239151001,0.5518143177032471,0.5607813596725464,0.008967041969299316,0.08299601078033447,0.08242198079824448,0.1373872458934784,2.1372032165527344,2.1725142002105713,0.748246431350708,0.7593735456466675,1.44366455078125,0.20307350158691406,0.20406696200370789,0.28597012162208557,2.9602110385894775,2.9212868213653564,0.6470240354537964,0.6303805112838745,3.860700845718384,0.9990289211273193,0.26158401370048523,1.2171436548233032,0.9999796152114868,0.5658841133117676,1.2499293088912964,0.9757376313209534,0.9987845420837402,0.023046910762786865,0.02426236867904663,1.0004525184631348,0.9997380971908569,-0.000714421272277832
validation,377,40.74475860595703,42.49968338012695,1.7549247741699219,1.7549247741699219,0.015531808137893677,36.492645263671875,38.096107482910156,1.6034622192382812,1.6034622192382812,0.018885307013988495,8.957651138305664,8.852323532104492,-0.10532760620117188,0.10532760620117188,0.010650121606886387,0.4090317487716675,3.0172648429870605,0.38700681924819946,2.7248995304107666,0.09119853377342224,0.7172636389732361,0.7960385680198669,5.694437503814697,0.8872371315956116,6.411701202392578,0.6608238220214844,0.9891416430473328,0.479227751493454,0.9751957058906555,0.1111111119389534,0.2083333283662796,0.3945702314376831,0.40610194206237793,0.4112659692764282,0.5516992807388306,0.5613582730293274,0.009658992290496826,0.3945702314376831,0.40610194206237793,0.4112659692764282,0.5516992807388306,0.5613582730293274,0.009658992290496826,0.3945702314376831,0.40610194206237793,0.4112659692764282,0.5516992807388306,0.5613582730293274,0.009658992290496826,0.08239231258630753,0.08668939024209976,0.13646022975444794,2.1291959285736084,2.161978244781494,0.7493043541908264,0.761037290096283,1.4413490295410156,0.20115818083286285,0.21877455711364746,0.27192696928977966,2.9578611850738525,2.895418405532837,0.646636962890625,0.635091245174408,3.898679256439209,0.9990602135658264,0.26052096486091614,1.2171590328216553,0.9999805688858032,0.5676020979881287,1.2499306201934814,0.9671213030815125,0.9853118658065796,0.01819056272506714,0.03287869691848755,1.0006287097930908,0.999955415725708,-0.0006732940673828125
validation,378,40.866397857666016,41.62224197387695,0.7558441162109375,0.7558441162109375,0.031085647642612457,36.74014663696289,37.294395446777344,0.5542488098144531,0.5542488098144531,0.02758501097559929,8.945064544677734,8.905010223388672,-0.0400543212890625,0.0400543212890625,0.008524246513843536,0.40578243136405945,2.9872381687164307,0.38312092423439026,2.65726637840271,0.09207978844642639,0.664466917514801,0.7889034152030945,5.602776527404785,0.8809832334518433,6.252290725708008,0.6637281775474548,0.9873361587524414,0.4810292422771454,0.9764619469642639,0.125,0.2083333283662796,0.4002120792865753,0.4050058126449585,0.4180344343185425,0.542855441570282,0.5533843040466309,0.010528862476348877,0.4002120792865753,0.4050058126449585,0.4180344343185425,0.542855441570282,0.5533843040466309,0.010528862476348877,0.4002120792865753,0.4050058126449585,0.4180344343185425,0.542855441570282,0.5533843040466309,0.010528862476348877,0.08500809967517853,0.08827309310436249,0.14300772547721863,2.1415727138519287,2.1796019077301025,0.746345579624176,0.7609436511993408,1.4595924615859985,0.2068578153848648,0.2088678777217865,0.28688931465148926,2.9472289085388184,2.859959602355957,0.6488482356071472,0.6400914192199707,3.948145866394043,0.998916506767273,0.2608768343925476,1.215946912765503,0.9999755620956421,0.5678170323371887,1.24992036819458,0.9584425091743469,0.9836177229881287,0.02517521381378174,0.041557490825653076,1.0318647623062134,1.0238946676254272,-0.007970094680786133
validation,379,41.55525588989258,41.244346618652344,-0.3109092712402344,0.3109092712402344,0.016901453956961632,36.71625518798828,37.017295837402344,0.3010406494140625,0.3010406494140625,0.012299537658691406,8.916873931884766,8.925061225891113,0.008187294006347656,0.008187294006347656,0.013389114290475845,0.4001646041870117,2.8026669025421143,0.38089439272880554,2.5122671127319336,0.09278623014688492,0.6505414247512817,0.7810590267181396,5.310400009155273,0.8738452196121216,5.947826385498047,0.6617212295532227,0.9898558259010315,0.4771784543991089,0.9780175089836121,0.0833333358168602,0.2083333283662796,0.40259096026420593,0.41025134921073914,0.42079904675483704,0.5376567840576172,0.548032283782959,0.010375499725341797,0.40259096026420593,0.41025134921073914,0.42079904675483704,0.5376567840576172,0.548032283782959,0.010375499725341797,0.40259096026420593,0.41025134921073914,0.42079904675483704,0.5376567840576172,0.548032283782959,0.010375499725341797,0.08837530761957169,0.08953328430652618,0.18235711753368378,2.174551010131836,2.1881682872772217,0.7320141196250916,0.754106879234314,1.466896653175354,0.22409282624721527,0.2333947718143463,0.33137816190719604,3.088775634765625,3.0263023376464844,0.6193920969963074,0.6025927662849426,3.934169292449951,0.9984886646270752,0.2595497667789459,1.212805151939392,0.9999585151672363,0.5677724480628967,1.2498884201049805,0.9649302959442139,0.9922393560409546,0.027309060096740723,0.03506970405578613,1.0004860162734985,1.0004481077194214,-3.790855407714844e-05
validation,380,41.93563461303711,41.39982604980469,-0.5358085632324219,0.5358085632324219,0.017165718600153923,37.74302291870117,36.866798400878906,-0.8762245178222656,0.8762245178222656,0.02338520996272564,8.40359115600586,8.920989990234375,0.5173988342285156,0.5173988342285156,0.017095018178224564,0.40310949087142944,2.8295891284942627,0.38140571117401123,2.536404609680176,0.08963767439126968,0.5311261415481567,0.7845151424407959,5.360115051269531,0.8741528391838074,5.866542339324951,0.6611731052398682,0.992322564125061,0.47516930103302,0.9827836751937866,0.0833333358168602,0.2083333283662796,0.4064054489135742,0.41488245129585266,0.42502593994140625,0.5351777076721191,0.5457051992416382,0.010527491569519043,0.4064054489135742,0.41488245129585266,0.42502593994140625,0.5351777076721191,0.5457051992416382,0.010527491569519043,0.4064054489135742,0.41488245129585266,0.42502593994140625,0.5351777076721191,0.5457051992416382,0.010527491569519043,0.08932873606681824,0.0890393927693367,0.16199268400669098,2.187154531478882,2.200146198272705,0.7288511395454407,0.752052366733551,1.4663511514663696,0.228515625,0.21031688153743744,0.3460111618041992,3.1035244464874268,3.0313398838043213,0.6171491742134094,0.6026490926742554,3.9418139457702637,0.9984311461448669,0.2596248388290405,1.2131426334381104,0.999956488609314,0.5681267976760864,1.2498873472213745,0.9726959466934204,1.003437876701355,0.03074193000793457,0.02730405330657959,1.0002517700195312,1.0005286931991577,0.00027692317962646484
validation,381,41.98882293701172,41.66775131225586,-0.3210716247558594,0.3210716247558594,0.012781422585248947,37.39209747314453,37.304935455322266,-0.08716201782226562,0.08716201782226562,0.008440655656158924,9.00367546081543,8.662313461303711,-0.34136199951171875,0.34136199951171875,0.0077582416124641895,0.4038882851600647,2.7823939323425293,0.38225412368774414,2.46058988571167,0.08871790766716003,0.6299065947532654,0.7861423492431641,5.240716457366943,0.8748602271080017,5.855527877807617,0.6624041199684143,0.9937548041343689,0.47399091720581055,0.9858800768852234,0.0972222238779068,0.2083333283662796,0.41069358587265015,0.4086524546146393,0.4296857714653015,0.5373403429985046,0.5458449125289917,0.00850456953048706,0.41069358587265015,0.4086524546146393,0.4296857714653015,0.5373403429985046,0.5458449125289917,0.00850456953048706,0.41069358587265015,0.4086524546146393,0.4296857714653015,0.5373403429985046,0.5458449125289917,0.00850456953048706,0.08698481321334839,0.08685292303562164,0.16321174800395966,2.1607909202575684,2.198742628097534,0.7496465444564819,0.7640349864959717,1.4763989448547363,0.20457249879837036,0.21129432320594788,0.2659793794155121,2.977597951889038,2.9118669033050537,0.6430029273033142,0.6302796602249146,3.844879388809204,0.9983617663383484,0.2600891888141632,1.211854100227356,0.9999524354934692,0.5674445629119873,1.2498772144317627,0.9785287976264954,1.0066726207733154,0.02814382314682007,0.02147120237350464,1.0220766067504883,1.0169036388397217,-0.0051729679107666016
validation,382,43.32780456542969,41.828311920166016,-1.4994926452636719,1.4994926452636719,0.027997003868222237,38.85211944580078,37.34853744506836,-1.5035820007324219,1.5035820007324219,0.030963480472564697,9.119743347167969,8.833017349243164,-0.2867259979248047,0.2867259979248047,0.01294825877994299,0.40404456853866577,2.7109506130218506,0.38421738147735596,2.4462270736694336,0.09135355055332184,0.6446228623390198,0.7882619500160217,5.157177925109863,0.8796155452728271,5.786611080169678,0.6587607860565186,0.9938709735870361,0.47001519799232483,0.9853875041007996,0.0972222238779068,0.2083333283662796,0.409671813249588,0.4028659164905548,0.42890143394470215,0.5371942520141602,0.545832097530365,0.008637845516204834,0.409671813249588,0.4028659164905548,0.42890143394470215,0.5371942520141602,0.545832097530365,0.008637845516204834,0.409671813249588,0.4028659164905548,0.42890143394470215,0.5371942520141602,0.545832097530365,0.008637845516204834,0.08813849091529846,0.08795402199029922,0.15637443959712982,2.179549217224121,2.1871659755706787,0.7378412485122681,0.759718120098114,1.4687846899032593,0.22314876317977905,0.2312318980693817,0.32584381103515625,3.0953619480133057,3.0336060523986816,0.6200173497200012,0.603263258934021,3.913879871368408,0.9982289671897888,0.2589545249938965,1.2109850645065308,0.999946117401123,0.5685563683509827,1.2498663663864136,0.9523254632949829,0.9659284949302673,0.013603031635284424,0.04767453670501709,1.054720163345337,1.0585459470748901,0.0038257837295532227
validation,383,43.62568664550781,42.57807922363281,-1.047607421875,1.047607421875,0.02046174556016922,39.03755187988281,38.1003532409668,-0.9371986389160156,0.9371986389160156,0.019385067746043205,9.457353591918945,8.97640323638916,-0.48095035552978516,0.48095035552978516,0.006273159757256508,0.40545332431793213,2.5795650482177734,0.3853720426559448,2.2518677711486816,0.09064099192619324,0.5587708950042725,0.790825366973877,4.831432819366455,0.8814663887023926,5.374569892883301,0.6551645398139954,0.9951598048210144,0.46079859137535095,0.9864201545715332,0.0972222238779068,0.2083333283662796,0.40620163083076477,0.4080541431903839,0.4252754747867584,0.5377165675163269,0.5465871095657349,0.008870542049407959,0.40620163083076477,0.4080541431903839,0.4252754747867584,0.5377165675163269,0.5465871095657349,0.008870542049407959,0.40620163083076477,0.4080541431903839,0.4252754747867584,0.5377165675163269,0.5465871095657349,0.008870542049407959,0.08956099301576614,0.09194963425397873,0.16228055953979492,2.202742576599121,2.2102415561676025,0.736028790473938,0.7592601180076599,1.4788085222244263,0.23261979222297668,0.22622372210025787,0.3681735694408417,3.0783467292785645,3.0460851192474365,0.6264093518257141,0.6000983715057373,3.903848886489868,0.9973773956298828,0.25886547565460205,1.2062429189682007,0.9998977184295654,0.5682581663131714,1.2497872114181519,0.9575616121292114,0.9781438708305359,0.020582258701324463,0.042438387870788574,1.048878788948059,1.0466251373291016,-0.0022536516189575195
validation,384,42.461143493652344,43.101905822753906,0.6407623291015625,0.6407623291015625,0.015046583488583565,37.99505615234375,38.568973541259766,0.5739173889160156,0.5739173889160156,0.01778613217175007,8.9861421585083,9.216901779174805,0.2307596206665039,0.2307596206665039,0.008075345307588577,0.4059923589229584,2.522333860397339,0.3871305286884308,2.213582754135132,0.09118475019931793,0.5618287324905396,0.7931229472160339,4.734619140625,0.8843076229095459,5.28172492980957,0.6529715657234192,0.9951736330986023,0.4588044583797455,0.987043559551239,0.0833333358168602,0.2083333283662796,0.4071391224861145,0.40997543931007385,0.42577069997787476,0.536611020565033,0.5451270341873169,0.008516013622283936,0.4071391224861145,0.40997543931007385,0.42577069997787476,0.536611020565033,0.5451270341873169,0.008516013622283936,0.4071391224861145,0.40997543931007385,0.42577069997787476,0.536611020565033,0.5451270341873169,0.008516013622283936,0.09131728112697601,0.09193656593561172,0.21732988953590393,2.2228469848632812,2.2477669715881348,0.7328585982322693,0.7482208013534546,1.4926427602767944,0.21737955510616302,0.21770738065242767,0.29047662019729614,3.111043930053711,2.9985885620117188,0.6270521879196167,0.6200974583625793,3.9027347564697266,0.9971126317977905,0.2592286765575409,1.2048288583755493,0.9998801946640015,0.5674623847007751,1.2497594356536865,0.9620594382286072,0.9924574494361877,0.030398011207580566,0.03794056177139282,1.0005686283111572,1.000241756439209,-0.0003268718719482422
validation,385,42.587196350097656,42.78154754638672,0.1943511962890625,0.1943511962890625,0.020066192373633385,37.660953521728516,38.28203582763672,0.6210823059082031,0.6210823059082031,0.021024830639362335,9.06340217590332,9.101545333862305,0.038143157958984375,0.038143157958984375,0.007330945692956448,0.4039316773414612,2.5304441452026367,0.3843994736671448,2.191619634628296,0.08998535573482513,0.5467495322227478,0.788331151008606,4.713678359985352,0.8783164620399475,5.253025054931641,0.6555801630020142,0.9958435893058777,0.4603603184223175,0.9879554510116577,0.0833333358168602,0.2083333283662796,0.4085465669631958,0.4086616337299347,0.42656734585762024,0.5365626811981201,0.5441429615020752,0.007580280303955078,0.4085465669631958,0.4086616337299347,0.42656734585762024,0.5365626811981201,0.5441429615020752,0.007580280303955078,0.4085465669631958,0.4086616337299347,0.42656734585762024,0.5365626811981201,0.5441429615020752,0.007580280303955078,0.09139180928468704,0.0910191759467125,0.16343891620635986,2.22975754737854,2.2532520294189453,0.7328730821609497,0.7478822469711304,1.4907710552215576,0.21762943267822266,0.2176673859357834,0.2921598255634308,3.1262269020080566,2.987304925918579,0.6225584149360657,0.6168667078018188,3.972435235977173,0.9970269799232483,0.25970569252967834,1.204481601715088,0.9998742341995239,0.5665244460105896,1.2497503757476807,0.962695300579071,0.9926776885986328,0.029982388019561768,0.037304699420928955,0.9996980428695679,1.0000700950622559,0.0003720521926879883
validation,386,42.52816390991211,42.68439483642578,0.15623092651367188,0.15623092651367188,0.02592492662370205,38.26275634765625,37.971519470214844,-0.29123687744140625,0.29123687744140625,0.021212352439761162,8.736806869506836,9.082496643066406,0.3456897735595703,0.3456897735595703,0.011161229573190212,0.3995169997215271,2.368701457977295,0.38089248538017273,2.051116704940796,0.09015444666147232,0.5013618469238281,0.780409574508667,4.412724494934082,0.8705639243125916,4.90968132019043,0.656730055809021,0.9953966736793518,0.4564853310585022,0.9857662320137024,0.0972222238779068,0.2083333283662796,0.40860357880592346,0.40560880303382874,0.4265348017215729,0.5398975610733032,0.5456701517105103,0.005772590637207031,0.40860357880592346,0.40560880303382874,0.4265348017215729,0.5226221680641174,0.5281896591186523,0.005567491054534912,0.40860357880592346,0.40560880303382874,0.4265348017215729,0.5226221680641174,0.5281896591186523,0.005567491054534912,0.08973339945077896,0.09055236726999283,0.16398102045059204,2.2399744987487793,2.2566123008728027,0.7349052429199219,0.7547638416290283,1.4849313497543335,0.23158571124076843,0.22513912618160248,0.37655699253082275,3.1171462535858154,3.054361343383789,0.6207427978515625,0.5976030230522156,4.005687713623047,0.9957642555236816,0.2585414946079254,1.1991779804229736,0.9997774958610535,0.5660051703453064,1.2496068477630615,0.9643006920814514,0.988922655582428,0.024621963500976562,0.035699307918548584,0.9816697835922241,0.9828299880027771,0.0011602044105529785
validation,387,43.10572814941406,42.60630416870117,-0.4994239807128906,0.4994239807128906,0.015867676585912704,38.5455322265625,38.11716079711914,-0.4283714294433594,0.4283714294433594,0.018073566257953644,9.168479919433594,8.909674644470215,-0.2588052749633789,0.2588052749633789,0.011399217881262302,0.39425531029701233,2.2025294303894043,0.38242530822753906,1.9785984754562378,0.0866161361336708,0.4417625665664673,0.7766806483268738,4.174518585205078,0.8632968068122864,4.609530448913574,0.6550188064575195,0.9933754205703735,0.45383086800575256,0.9797093868255615,0.0833333358168602,0.2083333283662796,0.4071004390716553,0.40810731053352356,0.4249214828014374,0.5406480431556702,0.5459101796150208,0.005262136459350586,0.4071004390716553,0.40810731053352356,0.4249214828014374,0.5406480431556702,0.5459101796150208,0.005262136459350586,0.4071004390716553,0.40810731053352356,0.4249214828014374,0.5406480431556702,0.5459101796150208,0.005262136459350586,0.0919324979186058,0.09211082756519318,0.19321754574775696,2.3253793716430664,2.345581531524658,0.7152540683746338,0.7339509725570679,1.4896149635314941,0.22629670798778534,0.22594290971755981,0.3567185401916504,3.2349536418914795,3.1370301246643066,0.6008085608482361,0.5881376266479492,3.943734884262085,0.9942331910133362,0.25853481888771057,1.1943773031234741,0.9996384382247925,0.5647761225700378,1.2494134902954102,0.9585551619529724,0.9790926575660706,0.020537495613098145,0.04144483804702759,0.9990541934967041,1.0055955648422241,0.0065413713455200195
validation,388,43.164695739746094,42.85603332519531,-0.30866241455078125,0.30866241455078125,0.013057706877589226,38.83659362792969,38.33136749267578,-0.5052261352539062,0.5052261352539062,0.019380347803235054,9.564369201660156,9.039100646972656,-0.5252685546875,0.5252685546875,0.013193042017519474,0.3955379128456116,2.126354932785034,0.3833662271499634,1.9077987670898438,0.08903658390045166,0.5135455131530762,0.7789041996002197,4.028584957122803,0.8679407835006714,4.537050247192383,0.6521538496017456,0.9924476146697998,0.4524877369403839,0.9792355895042419,0.0972222238779068,0.2083333283662796,0.4076065719127655,0.4127119481563568,0.4262417256832123,0.5400819778442383,0.5445432662963867,0.0044612884521484375,0.5184177756309509,0.5263124108314514,0.6051197648048401,0.48157039284706116,0.48157253861427307,2.1457672119140625e-06,0.5184177756309509,0.5263124108314514,0.6051197648048401,0.48157039284706116,0.48157253861427307,2.1457672119140625e-06,0.09069935977458954,0.08975384384393692,0.18870526552200317,2.31256103515625,2.338904619216919,0.717425525188446,0.7356135845184326,1.498897671699524,0.2266869843006134,0.23821605741977692,0.3660928010940552,3.232741117477417,3.1916377544403076,0.604666531085968,0.5824480652809143,3.8758902549743652,0.9936521053314209,0.25782787799835205,1.1914870738983154,0.9995715022087097,0.5666239261627197,1.2493144273757935,0.954097330570221,0.9738321900367737,0.019734859466552734,0.04590266942977905,1.0301415920257568,1.0340790748596191,0.003937482833862305
validation,389,43.43248748779297,43.01039505004883,-0.4220924377441406,0.4220924377441406,0.016361676156520844,38.94633483886719,38.584007263183594,-0.36232757568359375,0.36232757568359375,0.015862371772527695,8.842031478881836,9.301758766174316,0.45972728729248047,0.45972728729248047,0.012056662701070309,0.3982630968093872,2.120664596557617,0.38697564601898193,1.8799439668655396,0.0915464535355568,0.4850676357746124,0.7852388024330139,4.000608444213867,0.8767852783203125,4.479581356048584,0.6495439410209656,0.9912585616111755,0.44970014691352844,0.9772613048553467,0.0972222238779068,0.2083333283662796,0.4101758897304535,0.4028664529323578,0.4288087487220764,0.5362191796302795,0.5417070984840393,0.005487918853759766,0.5221495628356934,0.5172866582870483,0.607266902923584,0.47784876823425293,0.47784942388534546,6.556510925292969e-07,0.5221495628356934,0.5172866582870483,0.607266902923584,0.47784876823425293,0.47784942388534546,6.556510925292969e-07,0.09138330072164536,0.09257110953330994,0.1875343918800354,2.3452651500701904,2.3647143840789795,0.713233232498169,0.733073890209198,1.4943013191223145,0.23340946435928345,0.2298857867717743,0.36919042468070984,3.2426488399505615,3.158510446548462,0.5997098684310913,0.5873923301696777,3.9469761848449707,0.9933609962463379,0.25716665387153625,1.1905733346939087,0.999538779258728,0.568533182144165,1.2492690086364746,0.9526267647743225,0.9703910946846008,0.01776432991027832,0.04737323522567749,1.0940377712249756,1.1003010272979736,0.006263256072998047
validation,390,44.41515350341797,43.221466064453125,-1.1936874389648438,1.1936874389648438,0.02350357361137867,39.1851692199707,38.765193939208984,-0.41997528076171875,0.41997528076171875,0.022941436618566513,8.878816604614258,9.071918487548828,0.1931018829345703,0.1931018829345703,0.007916614413261414,0.3980056643486023,2.0599608421325684,0.38814666867256165,1.8222442865371704,0.08800331503152847,0.41718724370002747,0.7861523032188416,3.882205009460449,0.8741557002067566,4.298024654388428,0.6479846239089966,0.9909766316413879,0.4459289014339447,0.9761927723884583,0.0694444477558136,0.2222222238779068,0.519706666469574,0.5325511693954468,0.6066471934318542,0.48029205203056335,0.48029252886772156,4.76837158203125e-07,0.5198937058448792,0.5326299667358398,0.6068440079689026,0.4800911843776703,0.48009416460990906,2.9802322387695312e-06,0.5198937058448792,0.5326299667358398,0.6068440079689026,0.4800911843776703,0.48009416460990906,2.9802322387695312e-06,0.09218581020832062,0.09445896744728088,0.18867526948451996,2.3491334915161133,2.372331380844116,0.7109789848327637,0.730290412902832,1.501268982887268,0.2307739108800888,0.23073044419288635,0.36542588472366333,3.2385637760162354,3.1357500553131104,0.5974113345146179,0.5882811546325684,3.959352493286133,0.992089033126831,0.2576158344745636,1.1871964931488037,0.9993910789489746,0.5685279369354248,1.2490698099136353,0.9407399296760559,0.9554946422576904,0.014754712581634521,0.05926007032394409,1.1725986003875732,1.2003390789031982,0.027740478515625
validation,391,43.91505432128906,43.81833267211914,-0.09672164916992188,0.09672164916992188,0.01611190289258957,39.96746826171875,38.97520446777344,-0.9922637939453125,0.9922637939453125,0.019012467935681343,9.046786308288574,8.975391387939453,-0.0713949203491211,0.0713949203491211,0.006898095831274986,0.3979017436504364,1.9817270040512085,0.38665008544921875,1.7524011135101318,0.08597154170274734,0.4279214143753052,0.7845517992973328,3.732434034347534,0.8705233335494995,4.153711795806885,0.6472708582878113,0.9931901097297668,0.4493980407714844,0.9802567958831787,0.0833333358168602,0.2361111044883728,0.526296079158783,0.5377989411354065,0.6138566732406616,0.47369384765625,0.4736956059932709,1.7583370208740234e-06,0.526296079158783,0.5377989411354065,0.6138566732406616,0.47369384765625,0.4736956059932709,1.7583370208740234e-06,0.526296079158783,0.5377989411354065,0.6138566732406616,0.47369384765625,0.4736956059932709,1.7583370208740234e-06,0.09461396932601929,0.09658326208591461,0.18880413472652435,2.351433038711548,2.376575231552124,0.7102192044258118,0.7307242751121521,1.5138684511184692,0.2287324219942093,0.2183334231376648,0.3590637743473053,3.2215914726257324,3.1307523250579834,0.6039051413536072,0.5923131108283997,3.9579291343688965,0.990799069404602,0.2557124197483063,1.1832776069641113,0.9992157220840454,0.5675608515739441,1.248831033706665,0.9369400143623352,0.952951967716217,0.016011953353881836,0.0630599856376648,1.2190347909927368,1.2519505023956299,0.032915711402893066
validation,392,42.49372482299805,43.86671829223633,1.3729934692382812,1.3729934692382812,0.018703600391745567,37.63877487182617,39.47135925292969,1.8325843811035156,1.8325843811035156,0.024685125797986984,8.946614265441895,9.011112213134766,0.0644979476928711,0.0644979476928711,0.010470375418663025,0.397816926240921,1.9696788787841797,0.390756756067276,1.7716678380966187,0.08550601452589035,0.4242064356803894,0.7885737419128418,3.741346836090088,0.8740797638893127,4.161612033843994,0.648422360420227,0.9945563673973083,0.45116737484931946,0.9838520288467407,0.0833333358168602,0.2361111044883728,0.5321196913719177,0.5362893342971802,0.6212857961654663,0.4678690731525421,0.4678710997104645,2.0265579223632812e-06,0.531994640827179,0.5361862778663635,0.6211409568786621,0.46800491213798523,0.46800509095191956,1.7881393432617188e-07,0.531994640827179,0.5361862778663635,0.6211409568786621,0.46800491213798523,0.46800509095191956,1.7881393432617188e-07,0.0973064973950386,0.09650460630655289,0.19633421301841736,2.3673086166381836,2.410451650619507,0.7132328748703003,0.7283671498298645,1.5275019407272339,0.21016579866409302,0.2168470174074173,0.3306257724761963,3.1573073863983154,3.049880266189575,0.6215626001358032,0.6096964478492737,3.893265962600708,0.9908913969993591,0.2567159831523895,1.1835949420928955,0.999229907989502,0.5655503273010254,1.248850703239441,0.9514041543006897,0.9697049260139465,0.018300771713256836,0.0485958456993103,1.0892380475997925,1.1083852052688599,0.019147157669067383
validation,393,42.17103576660156,43.18024444580078,1.0092086791992188,1.0092086791992188,0.016432758420705795,38.005977630615234,38.555091857910156,0.5491142272949219,0.5491142272949219,0.014767314307391644,9.279470443725586,8.978885650634766,-0.3005847930908203,0.3005847930908203,0.007051524240523577,0.39175689220428467,1.8991470336914062,0.3822827935218811,1.6939493417739868,0.08666247874498367,0.44507527351379395,0.7740396857261658,3.592007637023926,0.8607021570205688,4.033478260040283,0.6518585085868835,0.9936646223068237,0.4563049077987671,0.9840206503868103,0.0833333358168602,0.2361111044883728,0.5341548919677734,0.5331146121025085,0.6260674595832825,0.4658331871032715,0.465835303068161,2.115964889526367e-06,0.41531163454055786,0.42067164182662964,0.43975183367729187,0.5278555750846863,0.533348798751831,0.005493223667144775,0.41531163454055786,0.42067164182662964,0.43975183367729187,0.5278555750846863,0.533348798751831,0.005493223667144775,0.09593787044286728,0.09510869532823563,0.1745479553937912,2.3801429271698,2.417543411254883,0.7116697430610657,0.726686418056488,1.5193547010421753,0.21553637087345123,0.21052929759025574,0.3169634938240051,3.1928868293762207,3.077239751815796,0.6184167265892029,0.6094078421592712,3.9073989391326904,0.9893997311592102,0.25623619556427,1.1805510520935059,0.9990092515945435,0.5634782314300537,1.248560905456543,0.9542107582092285,0.9789008498191833,0.024690091609954834,0.045789241790771484,1.0210901498794556,1.0208748579025269,-0.00021529197692871094
validation,394,43.63330078125,42.6756591796875,-0.9576416015625,0.9576416015625,0.018775802105665207,38.720916748046875,38.28055953979492,-0.4403572082519531,0.4403572082519531,0.01962343603372574,9.358975410461426,9.129201889038086,-0.22977352142333984,0.22977352142333984,0.01029727142304182,0.38648712635040283,1.826485514640808,0.38238322734832764,1.6479063034057617,0.0884905755519867,0.4103800356388092,0.7688703536987305,3.4743919372558594,0.8573608994483948,3.883694648742676,0.6548735499382019,0.9938393831253052,0.4548332989215851,0.983063817024231,0.0694444477558136,0.2361111044883728,0.5336383581161499,0.5371476411819458,0.6277276873588562,0.46634459495544434,0.4663473963737488,2.8014183044433594e-06,0.5336383581161499,0.5371476411819458,0.6277276873588562,0.46634459495544434,0.4663473963737488,2.8014183044433594e-06,0.5336383581161499,0.5371476411819458,0.6277276873588562,0.46634459495544434,0.4663473963737488,2.8014183044433594e-06,0.09580755978822708,0.09565884619951248,0.25049373507499695,2.413445472717285,2.4382734298706055,0.7010746002197266,0.7199273109436035,1.5087299346923828,0.22436408698558807,0.23127533495426178,0.3639757037162781,3.262770891189575,3.169839382171631,0.5997199416160583,0.5872014760971069,3.8884761333465576,0.9876322746276855,0.25524988770484924,1.1786119937896729,0.9987323880195618,0.5623899102210999,1.2482163906097412,0.936890721321106,0.951842188835144,0.014951467514038086,0.06310927867889404,1.1775453090667725,1.2289574146270752,0.051412105560302734
validation,395,43.97515869140625,43.154502868652344,-0.8206558227539062,0.8206558227539062,0.017202742397785187,39.16173553466797,38.50075912475586,-0.6609764099121094,0.6609764099121094,0.017110120505094528,9.156400680541992,9.244112014770508,0.08771133422851562,0.08771133422851562,0.008652875199913979,0.38863447308540344,1.7436500787734985,0.3824595808982849,1.5463476181030273,0.08879531919956207,0.43158742785453796,0.7710940837860107,3.2881617546081543,0.8598893284797668,3.7125368118286133,0.6498550176620483,0.9943060278892517,0.4517174959182739,0.980550229549408,0.0694444477558136,0.2361111044883728,0.5354029536247253,0.5417521595954895,0.6281015276908875,0.46458959579467773,0.46459105610847473,1.4603137969970703e-06,0.5354029536247253,0.5417521595954895,0.6281015276908875,0.46458959579467773,0.46459105610847473,1.4603137969970703e-06,0.5354029536247253,0.5417521595954895,0.6281015276908875,0.46458959579467773,0.46459105610847473,1.4603137969970703e-06,0.09404867887496948,0.09648977965116501,0.2265717089176178,2.4231395721435547,2.459132194519043,0.7057818174362183,0.7177193760871887,1.5110365152359009,0.2267802655696869,0.23059655725955963,0.3792940378189087,3.272683620452881,3.1529927253723145,0.5956345796585083,0.5921176075935364,3.927002429962158,0.9852021336555481,0.2540093660354614,1.1755701303482056,0.9982806444168091,0.5645942687988281,1.2476508617401123,0.9304068088531494,0.9477851986885071,0.017378389835357666,0.06959319114685059,1.223067283630371,1.270726203918457,0.04765892028808594
validation,396,42.69497299194336,43.56485366821289,0.8698806762695312,0.8698806762695312,0.012605380266904831,38.488525390625,38.83127212524414,0.3427467346191406,0.3427467346191406,0.01568487659096718,9.145751953125,9.200279235839844,0.05452728271484375,0.05452728271484375,0.0075208586640655994,0.3945167362689972,1.734281301498413,0.3885788917541504,1.559174656867981,0.08683913201093674,0.37119126319885254,0.7830955982208252,3.2897138595581055,0.8699347972869873,3.6533524990081787,0.6458194851875305,0.994771420955658,0.44794002175331116,0.9793118834495544,0.0694444477558136,0.2361111044883728,0.5386044979095459,0.5468853116035461,0.633693516254425,0.46139299869537354,0.4613935947418213,5.960464477539062e-07,0.5386044979095459,0.5468853116035461,0.633693516254425,0.46139299869537354,0.4613935947418213,5.960464477539062e-07,0.5386044979095459,0.5468853116035461,0.633693516254425,0.46139299869537354,0.4613935947418213,5.960464477539062e-07,0.09668479859828949,0.09908010065555573,0.25633013248443604,2.4442288875579834,2.4757299423217773,0.6996477246284485,0.7139710783958435,1.5204681158065796,0.2297462373971939,0.22723574936389923,0.42933353781700134,3.268137216567993,3.135030508041382,0.5976595282554626,0.5907641649246216,3.995485544204712,0.984666109085083,0.25626635551452637,1.1763383150100708,0.9981901049613953,0.5643452405929565,1.2475498914718628,0.9343422055244446,0.954177737236023,0.01983553171157837,0.06565779447555542,1.2184144258499146,1.25395929813385,0.03554487228393555
validation,397,43.36555099487305,43.12993240356445,-0.23561859130859375,0.23561859130859375,0.018061917275190353,38.877750396728516,38.6599235534668,-0.21782684326171875,0.21782684326171875,0.017709342762827873,9.209551811218262,9.173038482666016,-0.036513328552246094,0.036513328552246094,0.009033269248902798,0.3921653628349304,1.7358622550964355,0.3909607529640198,1.5354498624801636,0.08744453638792038,0.3709026873111725,0.7831261157989502,3.2657663822174072,0.8705706000328064,3.630366086959839,0.6480053663253784,0.99561607837677,0.4474262595176697,0.9827085733413696,0.0833333358168602,0.2361111044883728,0.542726457118988,0.5414381623268127,0.6388887763023376,0.4572701156139374,0.45727092027664185,8.046627044677734e-07,0.542726457118988,0.5414381623268127,0.6388887763023376,0.4572701156139374,0.45727092027664185,8.046627044677734e-07,0.542726457118988,0.5414381623268127,0.6388887763023376,0.4572701156139374,0.45727092027664185,8.046627044677734e-07,0.09884107857942581,0.09795192629098892,0.2319345921278,2.486314535140991,2.5168983936309814,0.6956432461738586,0.710654616355896,1.5259562730789185,0.2264939248561859,0.22995439171791077,0.32041388750076294,3.303335189819336,3.128896713256836,0.5908942818641663,0.590941846370697,4.079348564147949,0.9843489527702332,0.2568955421447754,1.1761916875839233,0.998119056224823,0.5624685883522034,1.2474631071090698,0.9289054274559021,0.946949303150177,0.018043875694274902,0.0710945725440979,1.2371253967285156,1.2898383140563965,0.05271291732788086
validation,398,43.686100006103516,43.24776840209961,-0.43833160400390625,0.43833160400390625,0.015693599358201027,39.594017028808594,38.76885986328125,-0.8251571655273438,0.8251571655273438,0.016162896528840065,8.766448020935059,9.19131851196289,0.42487049102783203,0.42487049102783203,0.009395042434334755,0.39394962787628174,1.763816237449646,0.39358383417129517,1.555202603340149,0.08879242837429047,0.38183847069740295,0.7875334620475769,3.312108039855957,0.8763258457183838,3.688567638397217,0.646361231803894,0.9931650757789612,0.44816792011260986,0.9760313034057617,0.0972222238779068,0.2361111044883728,0.5420804023742676,0.5328385233879089,0.6370376944541931,0.45791617035865784,0.45791691541671753,7.450580596923828e-07,0.5420804023742676,0.5328385233879089,0.748257577419281,0.4391569495201111,0.4401358664035797,0.000978916883468628,0.5420804023742676,0.5328385233879089,0.748257577419281,0.4391569495201111,0.4401358664035797,0.000978916883468628,0.09854423254728317,0.09755122661590576,0.23624053597450256,2.5015504360198975,2.5336151123046875,0.6908538341522217,0.708468496799469,1.52511465549469,0.22481931746006012,0.2232561558485031,0.32983285188674927,3.3306360244750977,3.113353729248047,0.5907862782478333,0.5933796763420105,4.062197685241699,0.9852781891822815,0.2552802562713623,1.17643141746521,0.998296320438385,0.5649702548980713,1.2476773262023926,0.9323746562004089,0.9480036497116089,0.01562899351119995,0.06762534379959106,1.2037138938903809,1.2320878505706787,0.02837395668029785
validation,399,43.95683670043945,43.466957092285156,-0.4898796081542969,0.4898796081542969,0.01487217377871275,39.1486930847168,39.181461334228516,0.03276824951171875,0.03276824951171875,0.011490549892187119,8.806989669799805,8.97890567779541,0.17191600799560547,0.17191600799560547,0.009893111884593964,0.3952731490135193,1.734434723854065,0.3991564214229584,1.5267913341522217,0.08762364834547043,0.37480199337005615,0.7944295406341553,3.2494630813598633,0.8820531368255615,3.624265193939209,0.6436075568199158,0.993013858795166,0.4386257827281952,0.9739934802055359,0.0694444477558136,0.2361111044883728,0.5374107360839844,0.5385758280754089,0.632592499256134,0.4625755548477173,0.46257826685905457,2.7120113372802734e-06,0.5374107360839844,0.5385758280754089,0.632592499256134,0.4625755548477173,0.46257826685905457,2.7120113372802734e-06,0.5374107360839844,0.5385758280754089,0.632592499256134,0.4625755548477173,0.46257826685905457,2.7120113372802734e-06,0.09964724630117416,0.10043387115001678,0.30197811126708984,2.5365936756134033,2.562972068786621,0.6805112957954407,0.696514368057251,1.5121231079101562,0.23010988533496857,0.23202592134475708,0.4511152505874634,3.3400511741638184,3.1703946590423584,0.5847707390785217,0.583791196346283,3.9843523502349854,0.9843000769615173,0.2554191052913666,1.175253987312317,0.9981054067611694,0.5666794776916504,1.2474387884140015,0.9344465732574463,0.9519286155700684,0.01748204231262207,0.06555342674255371,1.2177016735076904,1.2527010440826416,0.03499937057495117
test,400,45.574806213378906,43.71192169189453,-1.862884521484375,1.862884521484375,0.020853804424405098,40.628265380859375,39.16510009765625,-1.463165283203125,1.463165283203125,0.01976737380027771,10.242644309997559,8.89297103881836,-1.3496732711791992,1.3496732711791992,0.009919135831296444,0.3936278820037842,1.7017289400100708,0.39792340993881226,1.5188102722167969,0.08556404709815979,0.3544008135795593,0.7915513515472412,3.208282232284546,0.8771153688430786,3.5298264026641846,0.645020604133606,0.9924136996269226,0.44025272130966187,0.9742591977119446,0.0694444477558136,0.2361111044883728,0.5379929542541504,0.5137713551521301,0.634725034236908,0.46199196577072144,0.46199503540992737,3.069639205932617e-06,0.5379929542541504,0.5137713551521301,0.634725034236908,0.46199196577072144,0.46199503540992737,3.069639205932617e-06,0.5379929542541504,0.5137713551521301,0.634725034236908,0.46199196577072144,0.46199503540992737,3.069639205932617e-06,0.09979331493377686,0.09474240243434906,0.2789570987224579,2.5297608375549316,2.5581319332122803,0.6842207908630371,0.6986270546913147,1.516452431678772,0.22968381643295288,0.2170243114233017,0.46998506784439087,3.3326938152313232,3.1621062755584717,0.5849430561065674,0.5837164521217346,3.9918694496154785,0.9830563068389893,0.2545231878757477,1.174546718597412,0.9978572726249695,0.5664785504341125,1.247135043144226,0.9454576969146729,0.9635149240493774,0.01805722713470459,0.05454230308532715,1.1124448776245117,1.1325175762176514,0.02007269859313965
test,401,46.099605560302734,44.64338684082031,-1.4562187194824219,1.4562187194824219,0.016135603189468384,41.385414123535156,39.896705627441406,-1.48870849609375,1.48870849609375,0.01959017664194107,9.40978717803955,9.567831039428711,0.15804386138916016,0.15804386138916016,0.008915947750210762,0.3975864052772522,1.7175716161727905,0.3926583528518677,1.502454161643982,0.08878069370985031,0.37358659505844116,0.7902448177337646,3.2143006324768066,0.8790254592895508,3.540928363800049,0.6431596875190735,0.9910432696342468,0.44135963916778564,0.9735233783721924,0.0972222238779068,0.2361111044883728,0.5256599187850952,0.516823947429657,0.619163990020752,0.4743262231349945,0.4743290841579437,2.86102294921875e-06,0.5256599187850952,0.516823947429657,0.619163990020752,0.4743262231349945,0.4743290841579437,2.86102294921875e-06,0.5256599187850952,0.516823947429657,0.619163990020752,0.4743262231349945,0.4743290841579437,2.86102294921875e-06,0.09592834115028381,0.09292258322238922,0.2772252559661865,2.459841012954712,2.4804911613464355,0.6998852491378784,0.7166813611984253,1.5013498067855835,0.2230651080608368,0.22603341937065125,0.4041720926761627,3.264777660369873,3.119727611541748,0.5971612334251404,0.5912656188011169,4.032867908477783,0.9833214282989502,0.25461480021476746,1.1746975183486938,0.9978986978530884,0.5656471252441406,1.247185230255127,0.9365357756614685,0.9533923864364624,0.016856610774993896,0.0634642243385315,1.1890153884887695,1.2203253507614136,0.03130996227264404
test,402,46.516517639160156,45.37152099609375,-1.1449966430664062,1.1449966430664062,0.01496530044823885,41.25141143798828,40.641082763671875,-0.6103286743164062,0.6103286743164062,0.022223450243473053,9.626876831054688,9.488832473754883,-0.1380443572998047,0.1380443572998047,0.008604446426033974,0.39956194162368774,1.783676266670227,0.3944035768508911,1.585390567779541,0.08900094032287598,0.3712368607521057,0.7939655184745789,3.3690667152404785,0.8829664587974548,3.7325360774993896,0.6430031061172485,0.9902498722076416,0.44013455510139465,0.9715859889984131,0.1111111119389534,0.2361111044883728,0.5211609601974487,0.5010453462600708,0.6114159226417542,0.4788224697113037,0.47882571816444397,3.248453140258789e-06,0.5211609601974487,0.5010453462600708,0.6114159226417542,0.4788224697113037,0.47882571816444397,3.248453140258789e-06,0.5211609601974487,0.5010453462600708,0.6114159226417542,0.4788224697113037,0.47882571816444397,3.248453140258789e-06,0.09360896795988083,0.09072969853878021,0.2741328179836273,2.4044647216796875,2.420620918273926,0.7077034711837769,0.7264801859855652,1.498311161994934,0.22529825568199158,0.20983168482780457,0.3704332709312439,3.233473300933838,3.0997564792633057,0.6033406257629395,0.5942753553390503,4.016475677490234,0.9859961867332458,0.2555210292339325,1.1774852275848389,0.9984399676322937,0.5659287571907043,1.2478581666946411,0.9447323083877563,0.9615845680236816,0.016852259635925293,0.05526769161224365,1.170817494392395,1.1908626556396484,0.020045161247253418
test,403,45.1319580078125,45.94403839111328,0.8120803833007812,0.8120803833007812,0.014426897279918194,40.52296447753906,40.94627380371094,0.423309326171875,0.423309326171875,0.014002629555761814,9.709461212158203,9.557878494262695,-0.1515827178955078,0.1515827178955078,0.00794289167970419,0.40020596981048584,1.7817931175231934,0.39417731761932373,1.621389627456665,0.08866660296916962,0.37256884574890137,0.7943833470344543,3.4031827449798584,0.8830499649047852,3.7723841667175293,0.6416701078414917,0.9925109148025513,0.4361392557621002,0.9755069613456726,0.1111111119389534,0.2361111044883728,0.5110280513763428,0.5227566957473755,0.598058819770813,0.4889531433582306,0.4889562129974365,3.069639205932617e-06,0.5110280513763428,0.5227566957473755,0.598058819770813,0.4889531433582306,0.4889562129974365,3.069639205932617e-06,0.5110280513763428,0.5227566957473755,0.598058819770813,0.4889531433582306,0.4889562129974365,3.069639205932617e-06,0.09035433083772659,0.0919020026922226,0.2614002525806427,2.353024482727051,2.3727359771728516,0.7203094363212585,0.7358983159065247,1.495996356010437,0.2188684493303299,0.2136450856924057,0.38491353392601013,3.224810838699341,3.1253206729888916,0.6023086905479431,0.5884127020835876,3.968081474304199,0.986492931842804,0.255562961101532,1.1777864694595337,0.9985380172729492,0.5670922994613647,1.2479780912399292,0.9365684390068054,0.9535249471664429,0.01695650815963745,0.06343156099319458,1.1926623582839966,1.2216984033584595,0.02903604507446289
test,404,44.697906494140625,45.53802490234375,0.840118408203125,0.840118408203125,0.018132897093892097,40.07636642456055,40.734642028808594,0.6582756042480469,0.6582756042480469,0.02516438253223896,9.20159912109375,9.633692741394043,0.43209362030029297,0.43209362030029297,0.01053523551672697,0.3998171091079712,1.7787415981292725,0.39728325605392456,1.6176856756210327,0.08851312100887299,0.35433629155158997,0.7971003651618958,3.3942337036132812,0.8856136202812195,3.7446787357330322,0.6422716975212097,0.9939349889755249,0.4337500333786011,0.9769032001495361,0.1111111119389534,0.2361111044883728,0.5168618559837341,0.5264256000518799,0.602264940738678,0.48312968015670776,0.48313108086586,1.4007091522216797e-06,0.5168618559837341,0.5264256000518799,0.7106641530990601,0.46141648292541504,0.46225419640541077,0.0008377134799957275,0.5168618559837341,0.5264256000518799,0.7106641530990601,0.46141648292541504,0.46225419640541077,0.0008377134799957275,0.09081697463989258,0.09485899657011032,0.2568899393081665,2.3797049522399902,2.3996763229370117,0.7142044305801392,0.7314711809158325,1.5014091730117798,0.21925631165504456,0.23029178380966187,0.33849450945854187,3.225862503051758,3.127650022506714,0.6032307147979736,0.5851234197616577,3.9559197425842285,0.9862301349639893,0.2557840049266815,1.1772422790527344,0.998491644859314,0.5678463578224182,1.2479181289672852,0.9322336912155151,0.9478369355201721,0.015603244304656982,0.06776630878448486,1.2260030508041382,1.2755403518676758,0.0495373010635376
test,405,45.856956481933594,45.11799621582031,-0.7389602661132812,0.7389602661132812,0.02303444594144821,40.681983947753906,40.40552520751953,-0.276458740234375,0.276458740234375,0.023759767413139343,9.86595344543457,9.417669296264648,-0.4482841491699219,0.4482841491699219,0.010126633569598198,0.3982353210449219,1.6608630418777466,0.397407591342926,1.4966223239898682,0.08691167831420898,0.33920347690582275,0.7956429719924927,3.141986608505249,0.8825545907020569,3.4811902046203613,0.6404606103897095,0.9949614405632019,0.4294291138648987,0.9773443341255188,0.0972222238779068,0.2361111044883728,0.5216047167778015,0.5286641120910645,0.6108481287956238,0.47839000821113586,0.4783911406993866,1.1324882507324219e-06,0.5216047167778015,0.5286641120910645,0.6108481287956238,0.47839000821113586,0.4783911406993866,1.1324882507324219e-06,0.5216047167778015,0.5286641120910645,0.6108481287956238,0.47839000821113586,0.4783911406993866,1.1324882507324219e-06,0.09300292283296585,0.09659752249717712,0.1886848658323288,2.439652919769287,2.463406801223755,0.705114483833313,0.724141001701355,1.5094748735427856,0.2187775820493698,0.22069688141345978,0.3226780295372009,3.3109211921691895,3.1217896938323975,0.5928978323936462,0.5930715203285217,3.9737801551818848,0.981908917427063,0.25599294900894165,1.1728864908218384,0.9976246953010559,0.5670387744903564,1.2468419075012207,0.9379282593727112,0.9514696002006531,0.013541340827941895,0.06207174062728882,1.1929563283920288,1.2270599603652954,0.0341036319732666
test,406,43.98003005981445,45.48749542236328,1.5074653625488281,1.5074653625488281,0.024311549961566925,39.240108489990234,40.54378128051758,1.3036727905273438,1.3036727905273438,0.020777523517608643,9.56319808959961,9.641834259033203,0.07863616943359375,0.07863616943359375,0.007436240557581186,0.4035961329936981,1.709614872932434,0.4006642699241638,1.5605442523956299,0.08862702548503876,0.3457595109939575,0.8042604327201843,3.2701592445373535,0.892887532711029,3.6159186363220215,0.6362412571907043,0.9915946125984192,0.43029123544692993,0.9706081748008728,0.0972222238779068,0.2361111044883728,0.5251463055610657,0.533735454082489,0.6175461411476135,0.47484925389289856,0.4748503267765045,1.0728836059570312e-06,0.5251463055610657,0.533735454082489,0.7277786731719971,0.45175376534461975,0.452792763710022,0.0010389983654022217,0.5251463055610657,0.533735454082489,0.6175461411476135,0.47484925389289856,0.4748503267765045,1.0728836059570312e-06,0.09688429534435272,0.09735472500324249,0.25271230936050415,2.4335806369781494,2.4681966304779053,0.7050872445106506,0.7209818363189697,1.5250509977340698,0.22131896018981934,0.22227421402931213,0.31639203429222107,3.285259246826172,3.101332664489746,0.6006066203117371,0.6019232869148254,4.022650241851807,0.984257161617279,0.2556689977645874,1.1776971817016602,0.9981202483177185,0.5685021281242371,1.2474780082702637,0.9340630769729614,0.9530300498008728,0.018966972827911377,0.06593692302703857,1.1531169414520264,1.175842523574829,0.022725582122802734
test,407,43.46099853515625,44.73379135131836,1.2727928161621094,1.2727928161621094,0.021328169852495193,38.75175857543945,39.8919677734375,1.1402091979980469,1.1402091979980469,0.024824785068631172,9.749268531799316,9.6025390625,-0.1467294692993164,0.1467294692993164,0.006206240504980087,0.3995962142944336,1.7059301137924194,0.39669784903526306,1.524239182472229,0.08898431807756424,0.32699692249298096,0.7962940335273743,3.2301692962646484,0.8852782845497131,3.55716609954834,0.638339638710022,0.9915122389793396,0.4372153878211975,0.9701919555664062,0.0833333358168602,0.2361111044883728,0.5293705463409424,0.5251550078392029,0.6224770545959473,0.4706215262413025,0.47062307596206665,1.5497207641601562e-06,0.5293705463409424,0.5251550078392029,0.7343318462371826,0.44699597358703613,0.44791683554649353,0.0009208619594573975,0.5293705463409424,0.5251550078392029,0.6224770545959473,0.4706215262413025,0.47062307596206665,1.5497207641601562e-06,0.09738188982009888,0.09483247995376587,0.25958362221717834,2.4603991508483887,2.4853615760803223,0.6990640163421631,0.7176700234413147,1.520797848701477,0.22387494146823883,0.2308424711227417,0.326130747795105,3.301499605178833,3.12959623336792,0.59771329164505,0.594023585319519,3.9956822395324707,0.9832899570465088,0.2545906901359558,1.1757373809814453,0.9979244470596313,0.56871098279953,1.247226357460022,0.934578001499176,0.9521847367286682,0.017606735229492188,0.06542199850082397,1.1501734256744385,1.191679835319519,0.041506409645080566
test,408,42.881805419921875,44.097412109375,1.215606689453125,1.215606689453125,0.02071884274482727,38.27203369140625,39.32188415527344,1.0498504638671875,1.0498504638671875,0.019155574962496758,9.627033233642578,9.67592716217041,0.04889392852783203,0.04889392852783203,0.008761778473854065,0.3935103118419647,1.6474180221557617,0.3943328857421875,1.4586453437805176,0.09013491123914719,0.3358708620071411,0.7878431081771851,3.1060633659362793,0.8779780864715576,3.441934108734131,0.6410251259803772,0.9917182922363281,0.4376143217086792,0.972896933555603,0.0972222238779068,0.2361111044883728,0.52729332447052,0.5203045010566711,0.6179016828536987,0.47269439697265625,0.47269701957702637,2.6226043701171875e-06,0.52729332447052,0.5203045010566711,0.7314162254333496,0.44776543974876404,0.4487834572792053,0.0010180175304412842,0.52729332447052,0.5203045010566711,0.7314162254333496,0.44776543974876404,0.4487834572792053,0.0010180175304412842,0.09576293081045151,0.0937190130352974,0.25375494360923767,2.4922895431518555,2.51322865486145,0.6933466792106628,0.712250828742981,1.5088114738464355,0.22876621782779694,0.22594548761844635,0.3139220178127289,3.368553638458252,3.1852197647094727,0.5820122957229614,0.5787455439567566,4.001932144165039,0.9809747934341431,0.254414439201355,1.1709083318710327,0.9974217414855957,0.5677313208580017,1.2465804815292358,0.9338468313217163,0.9525485634803772,0.01870173215866089,0.06615316867828369,1.1669026613235474,1.2004910707473755,0.033588409423828125
test,409,43.73356628417969,43.48963165283203,-0.24393463134765625,0.24393463134765625,0.021209074184298515,39.09888458251953,38.79698181152344,-0.30190277099609375,0.30190277099609375,0.021305792033672333,8.909894943237305,9.65150260925293,0.741607666015625,0.741607666015625,0.010045121423900127,0.38752472400665283,1.5943762063980103,0.38810694217681885,1.4047192335128784,0.09004417061805725,0.3431837558746338,0.7756316661834717,2.9971988201141357,0.8656758069992065,3.3403825759887695,0.6425392627716064,0.9937938451766968,0.438250333070755,0.9756501317024231,0.0694444477558136,0.25,0.5238460898399353,0.5240773558616638,0.725283682346344,0.4498089849948883,0.4503743648529053,0.0005653798580169678,0.5238460898399353,0.5240773558616638,0.6127466559410095,0.4761471450328827,0.47614866495132446,1.519918441772461e-06,0.5238460898399353,0.5240773558616638,0.6127466559410095,0.4761471450328827,0.47614866495132446,1.519918441772461e-06,0.09347175061702728,0.09187260270118713,0.20308956503868103,2.5091676712036133,2.5249667167663574,0.6948341131210327,0.7103665471076965,1.4944442510604858,0.23279277980327606,0.23726610839366913,0.3868314325809479,3.391561508178711,3.2599122524261475,0.5779361128807068,0.5645330548286438,4.006033420562744,0.978570282459259,0.25382810831069946,1.1661913394927979,0.9968607425689697,0.5675245523452759,1.245862603187561,0.9411191344261169,0.9583221077919006,0.01720297336578369,0.05888086557388306,1.1731266975402832,1.2128043174743652,0.03967761993408203
test,410,44.92241668701172,43.61162185668945,-1.3107948303222656,1.3107948303222656,0.027828620746731758,40.306732177734375,38.94795227050781,-1.3587799072265625,1.3587799072265625,0.028643658384680748,8.999979019165039,9.280721664428711,0.2807426452636719,0.2807426452636719,0.010677640326321125,0.3866267204284668,1.5465346574783325,0.39325258135795593,1.3779077529907227,0.08719902485609055,0.3329811692237854,0.7798793315887451,2.9244422912597656,0.867078423500061,3.2574234008789062,0.6441492438316345,0.9944250583648682,0.43292728066444397,0.9731626510620117,0.0972222238779068,0.2361111044883728,0.523962140083313,0.5192701816558838,0.6112541556358337,0.4760332405567169,0.47603440284729004,1.1622905731201172e-06,0.523962140083313,0.5192701816558838,0.7236785292625427,0.4383352994918823,0.4385787844657898,0.0002434849739074707,0.523962140083313,0.5192701816558838,0.7236785292625427,0.4383352994918823,0.4385787844657898,0.0002434849739074707,0.09402261674404144,0.0906752422451973,0.23771288990974426,2.572636127471924,2.593419075012207,0.6795388460159302,0.6958122253417969,1.4879345893859863,0.23613393306732178,0.22943608462810516,0.4822612404823303,3.4114880561828613,3.2376043796539307,0.5687896013259888,0.5663570761680603,4.017227649688721,0.9766647815704346,0.25307029485702515,1.162588357925415,0.9963923096656799,0.5657060146331787,1.2452646493911743,0.9333798289299011,0.9453213214874268,0.011941492557525635,0.06662017107009888,1.1640084981918335,1.2243863344192505,0.06037783622741699
test,411,43.65886688232422,44.26704025268555,0.6081733703613281,0.6081733703613281,0.0204785093665123,39.041133880615234,39.62736892700195,0.5862350463867188,0.5862350463867188,0.019905082881450653,9.60665512084961,9.140373229980469,-0.4662818908691406,0.4662818908691406,0.007310362532734871,0.3883092701435089,1.512431025505066,0.3935829699039459,1.348075270652771,0.08755003660917282,0.3396180272102356,0.7818922400474548,2.860506296157837,0.869442343711853,3.2001242637634277,0.6413789391517639,0.9946340322494507,0.42931169271469116,0.9729504585266113,0.0972222238779068,0.25,0.5215758085250854,0.5132078528404236,0.7192203402519226,0.4536241292953491,0.4541094899177551,0.00048536062240600586,0.5215758085250854,0.5132078528404236,0.7192203402519226,0.4536241292953491,0.4541094899177551,0.00048536062240600586,0.5215758085250854,0.5132078528404236,0.7192203402519226,0.4536241292953491,0.4541094899177551,0.00048536062240600586,0.09050559252500534,0.0893995612859726,0.17843428254127502,2.578634738922119,2.5912373065948486,0.6836175918579102,0.6963061690330505,1.4845058917999268,0.23474083840847015,0.2242952585220337,0.46616843342781067,3.453251361846924,3.270441770553589,0.561318039894104,0.5617250800132751,3.984544515609741,0.9751797318458557,0.25253671407699585,1.159720540046692,0.9959968328475952,0.5682797431945801,1.2447597980499268,0.9436501860618591,0.9569924473762512,0.01334226131439209,0.05634981393814087,1.163873314857483,1.191367745399475,0.027494430541992188
test,412,42.69314956665039,43.96297836303711,1.2698287963867188,1.2698287963867188,0.023790858685970306,38.230735778808594,39.33427429199219,1.1035385131835938,1.1035385131835938,0.023907644674181938,9.068095207214355,9.373537063598633,0.30544185638427734,0.30544185638427734,0.00781258475035429,0.3845711946487427,1.4648786783218384,0.39217159152030945,1.312220811843872,0.08930231630802155,0.3243124485015869,0.7767428159713745,2.777099609375,0.8660451173782349,3.101412057876587,0.6436770558357239,0.9945801496505737,0.4289812445640564,0.9746456742286682,0.0972222238779068,0.25,0.5174229145050049,0.5203512907028198,0.7099186778068542,0.4564870297908783,0.4569728970527649,0.0004858672618865967,0.5174229145050049,0.5203512907028198,0.7099186778068542,0.4564870297908783,0.4569728970527649,0.0004858672618865967,0.5174229145050049,0.5203512907028198,0.7099186778068542,0.4564870297908783,0.4569728970527649,0.0004858672618865967,0.08844425529241562,0.09023100137710571,0.17564274370670319,2.598125696182251,2.6210010051727295,0.6813507080078125,0.6962606310844421,1.4769816398620605,0.22863711416721344,0.22910712659358978,0.3710820972919464,3.488961935043335,3.3020553588867188,0.5536226630210876,0.5538226366043091,3.9444150924682617,0.9724823832511902,0.2511101961135864,1.1550160646438599,0.9952594637870789,0.56821608543396,1.2438232898712158,0.9263977408409119,0.9432806372642517,0.016882896423339844,0.07360225915908813,1.2807894945144653,1.303412675857544,0.022623181343078613
test,413,41.97462463378906,43.328086853027344,1.3534622192382812,1.3534622192382812,0.016453592106699944,37.70672607421875,38.782527923583984,1.0758018493652344,1.0758018493652344,0.017969956621527672,8.8336820602417,9.22083854675293,0.38715648651123047,0.38715648651123047,0.010464197024703026,0.3803589940071106,1.4855060577392578,0.38704684376716614,1.3371059894561768,0.08852161467075348,0.3166142702102661,0.7674057483673096,2.8218703269958496,0.8559273481369019,3.138484477996826,0.6472031474113464,0.9950013756752014,0.43614012002944946,0.9758931994438171,0.0694444477558136,0.25,0.5188661813735962,0.5160337090492249,0.715552031993866,0.45472490787506104,0.455269992351532,0.0005450844764709473,0.5188661813735962,0.5160337090492249,0.715552031993866,0.45472490787506104,0.455269992351532,0.0005450844764709473,0.5188661813735962,0.5160337090492249,0.715552031993866,0.45472490787506104,0.455269992351532,0.0005450844764709473,0.08860722929239273,0.08885397017002106,0.2359195202589035,2.5750937461853027,2.5940661430358887,0.6809938549995422,0.6907616853713989,1.4801814556121826,0.22653238475322723,0.2199835479259491,0.432684987783432,3.46590518951416,3.258957862854004,0.5525215864181519,0.5569551587104797,4.0177083015441895,0.9734014272689819,0.25157254934310913,1.1568586826324463,0.9955387711524963,0.5666155219078064,1.2441799640655518,0.9372047781944275,0.9543303847312927,0.017125606536865234,0.06279522180557251,1.1816505193710327,1.200055718421936,0.01840519905090332
test,414,41.58016586303711,42.6513786315918,1.0712127685546875,1.0712127685546875,0.022320060059428215,37.231597900390625,38.244651794433594,1.0130538940429688,1.0130538940429688,0.024548474699258804,8.365398406982422,9.027283668518066,0.6618852615356445,0.6618852615356445,0.008931434713304043,0.37584349513053894,1.5004675388336182,0.38001906871795654,1.363691806793213,0.08492691069841385,0.33104777336120605,0.7558626532554626,2.864159345626831,0.8407895565032959,3.195207118988037,0.6516426801681519,0.9951653480529785,0.4423539340496063,0.973616361618042,0.0694444477558136,0.25,0.5174697637557983,0.5058085322380066,0.7131818532943726,0.4570038318634033,0.4575393795967102,0.0005355477333068848,0.5174697637557983,0.5058085322380066,0.7142314910888672,0.4566434621810913,0.45708388090133667,0.00044041872024536133,0.5174697637557983,0.5058085322380066,0.7142314910888672,0.4566434621810913,0.45708388090133667,0.00044041872024536133,0.08801232278347015,0.08604788780212402,0.23582667112350464,2.5492496490478516,2.5684974193573,0.6842169165611267,0.6937572360038757,1.4778923988342285,0.22112910449504852,0.232157364487648,0.4364902377128601,3.4245574474334717,3.2425692081451416,0.5607426166534424,0.5655673742294312,4.018076419830322,0.9744904637336731,0.2519625425338745,1.157847285270691,0.9958569407463074,0.565269410610199,1.2445741891860962,0.938115656375885,0.9509104490280151,0.012794792652130127,0.06188434362411499,1.1261556148529053,1.1684417724609375,0.04228615760803223
test,415,41.27081298828125,42.11579513549805,0.8449821472167969,0.8449821472167969,0.021048888564109802,36.871315002441406,37.7381477355957,0.8668327331542969,0.8668327331542969,0.019564183428883553,7.891170501708984,8.69636344909668,0.8051929473876953,0.8051929473876953,0.013483386486768723,0.3689197897911072,1.4420887231826782,0.3719560205936432,1.2778931856155396,0.08325538039207458,0.326837956905365,0.7408758401870728,2.7199819087982178,0.8241312503814697,3.0321314334869385,0.65521240234375,0.9947966933250427,0.4426850974559784,0.96915203332901,0.0555555559694767,0.25,0.5117172598838806,0.5097858309745789,0.7096196413040161,0.46308037638664246,0.4635857343673706,0.0005053579807281494,0.5117172598838806,0.5097858309745789,0.5958369374275208,0.4599400758743286,0.4593299925327301,-0.0006100833415985107,0.5117172598838806,0.5097858309745789,0.5958369374275208,0.4599400758743286,0.4593299925327301,-0.0006100833415985107,0.08634744584560394,0.08622194826602936,0.23535773158073425,2.5500502586364746,2.5634219646453857,0.6803421378135681,0.6905969977378845,1.468754768371582,0.22817613184452057,0.21491149067878723,0.4000513553619385,3.483851671218872,3.2942628860473633,0.5461580157279968,0.5530391931533813,3.9780492782592773,0.9696244597434998,0.2512100338935852,1.150499939918518,0.9944555163383484,0.5630750060081482,1.2428066730499268,0.9424902200698853,0.9549180865287781,0.012427866458892822,0.057509779930114746,1.1722769737243652,1.206020712852478,0.03374373912811279
test,416,39.73426818847656,41.693328857421875,1.9590606689453125,1.9590606689453125,0.029638580977916718,35.235679626464844,37.304752349853516,2.069072723388672,2.069072723388672,0.026730235666036606,8.123055458068848,8.293790817260742,0.17073535919189453,0.17073535919189453,0.008054287172853947,0.36174333095550537,1.4283852577209473,0.3649483323097229,1.2725698947906494,0.07716892659664154,0.2863278388977051,0.7266916632652283,2.7009551525115967,0.8038606643676758,2.976881742477417,0.659537136554718,0.9946564435958862,0.4464602470397949,0.9741062521934509,0.0555555559694767,0.2638888955116272,0.5107627511024475,0.5181560516357422,0.7129808068275452,0.4629354178905487,0.4634186029434204,0.0004831850528717041,0.5107627511024475,0.5181560516357422,0.5952581763267517,0.4889519214630127,0.48885011672973633,-0.00010180473327636719,0.5107627511024475,0.5181560516357422,0.5952581763267517,0.4892294108867645,0.48923149704933167,2.086162567138672e-06,0.08521406352519989,0.08675134181976318,0.1731359213590622,2.5409817695617676,2.558414936065674,0.682059645652771,0.6954513788223267,1.4667671918869019,0.22303053736686707,0.227179154753685,0.40303707122802734,3.446512460708618,3.278132915496826,0.5521290302276611,0.5567498803138733,3.9236536026000977,0.9675792455673218,0.25115740299224854,1.1476960182189941,0.9938919544219971,0.5609230995178223,1.242098093032837,0.9352995157241821,0.9504575729370117,0.01515805721282959,0.06470048427581787,1.1782052516937256,1.1911767721176147,0.01297152042388916
test,417,39.704002380371094,40.71382141113281,1.0098190307617188,1.0098190307617188,0.016050314530730247,36.29119110107422,36.270240783691406,-0.0209503173828125,0.0209503173828125,0.011633547022938728,8.185287475585938,8.208446502685547,0.023159027099609375,0.023159027099609375,0.006618361454457045,0.35078510642051697,1.3956806659698486,0.35409048199653625,1.2643741369247437,0.07603374123573303,0.2787289023399353,0.704875648021698,2.6600546836853027,0.7809092998504639,2.938783645629883,0.6652011871337891,0.9929923415184021,0.4553268253803253,0.9759283065795898,0.0555555559694767,0.25,0.5143538117408752,0.5082149505615234,0.7210096120834351,0.4594748616218567,0.4600035846233368,0.0005287230014801025,0.5143538117408752,0.5082149505615234,0.7210096120834351,0.4594748616218567,0.4600035846233368,0.0005287230014801025,0.5143538117408752,0.5082149505615234,0.7210096120834351,0.4594748616218567,0.4600035846233368,0.0005287230014801025,0.08608841150999069,0.08659664541482925,0.2384953498840332,2.5289998054504395,2.5409724712371826,0.6799752116203308,0.6949807405471802,1.4708980321884155,0.2246977835893631,0.2280063033103943,0.49521782994270325,3.4512293338775635,3.253265619277954,0.5519098043441772,0.5638555884361267,3.9318995475769043,0.9653499126434326,0.2501201629638672,1.144301414489746,0.9932470321655273,0.5583544969558716,1.2412843704223633,0.9361426830291748,0.9501391649246216,0.013996481895446777,0.0638573169708252,1.1819719076156616,1.1960036754608154,0.014031767845153809
test,418,38.790985107421875,40.20893859863281,1.4179534912109375,1.4179534912109375,0.019979674369096756,34.75883483886719,36.280738830566406,1.5219039916992188,1.5219039916992188,0.02300781011581421,8.518709182739258,8.196889877319336,-0.3218193054199219,0.3218193054199219,0.007868064567446709,0.3455643653869629,1.366173267364502,0.3517434597015381,1.256028413772583,0.07598013430833817,0.27851948142051697,0.697307825088501,2.622201681137085,0.7732878923416138,2.9007210731506348,0.668664813041687,0.9930844902992249,0.4568230211734772,0.9760770797729492,0.0555555559694767,0.25,0.5112833976745605,0.5138217806816101,0.715606153011322,0.46396100521087646,0.46444737911224365,0.0004863739013671875,0.5112833976745605,0.5138217806816101,0.5970763564109802,0.4887075424194336,0.4887096583843231,2.115964889526367e-06,0.5112833976745605,0.5138217806816101,0.5970763564109802,0.4887075424194336,0.4887096583843231,2.115964889526367e-06,0.08733371645212173,0.08948013931512833,0.2452385574579239,2.5496389865875244,2.564302682876587,0.678367555141449,0.6906225681304932,1.4674761295318604,0.22520285844802856,0.2264472246170044,0.47075217962265015,3.4920918941497803,3.297032356262207,0.5496553182601929,0.5591931939125061,3.891887903213501,0.963648796081543,0.24933388829231262,1.1416689157485962,0.9927102327346802,0.5566965937614441,1.2406070232391357,0.9511494636535645,0.9683695435523987,0.01722007989883423,0.04885053634643555,1.0394134521484375,1.076974868774414,0.03756141662597656
test,419,38.974910736083984,39.49998092651367,0.5250701904296875,0.5250701904296875,0.011906282044947147,35.06664276123047,35.51980972290039,0.4531669616699219,0.4531669616699219,0.012849557213485241,8.231069564819336,8.35782241821289,0.1267528533935547,0.1267528533935547,0.005207246635109186,0.3400658667087555,1.3757275342941284,0.3437710106372833,1.2604387998580933,0.07639528065919876,0.29211750626564026,0.6838368773460388,2.6361663341522217,0.7602322101593018,2.928283929824829,0.6722195148468018,0.9929060935974121,0.46315351128578186,0.9767557382583618,0.0555555559694767,0.2361111044883728,0.5125253200531006,0.5049970746040344,0.5974494218826294,0.48746877908706665,0.4874703288078308,1.5497207641601562e-06,0.5125253200531006,0.5049970746040344,0.5974494218826294,0.48746877908706665,0.4874703288078308,1.5497207641601562e-06,0.5118999481201172,0.5048144459724426,0.596824049949646,0.4880942106246948,0.4880957007408142,1.4901161193847656e-06,0.08789756894111633,0.08603185415267944,0.24783405661582947,2.5445988178253174,2.5750014781951904,0.6772786378860474,0.6868431568145752,1.4715193510055542,0.22621813416481018,0.22803154587745667,0.4112465977668762,3.5026304721832275,3.299295425415039,0.5517567992210388,0.5633237957954407,3.9220869541168213,0.9641560912132263,0.24908310174942017,1.1425937414169312,0.9928908348083496,0.554870069026947,1.2408363819122314,0.9489967226982117,0.9658921957015991,0.01689547300338745,0.05100327730178833,1.0910826921463013,1.1093933582305908,0.01831066608428955
test,420,38.22622299194336,39.23747253417969,1.0112495422363281,1.0112495422363281,0.02220027521252632,34.48597717285156,35.293251037597656,0.8072738647460938,0.8072738647460938,0.023212991654872894,8.692742347717285,8.29446792602539,-0.39827442169189453,0.39827442169189453,0.010656594298779964,0.3369516134262085,1.3666610717773438,0.3394641578197479,1.227905511856079,0.07586561888456345,0.2849434018135071,0.676415741443634,2.594566583633423,0.7522813677787781,2.879509925842285,0.6747804284095764,0.9931829571723938,0.46539852023124695,0.9769502282142639,0.0555555559694767,0.2361111044883728,0.5087852478027344,0.5003250241279602,0.5923579931259155,0.4912084639072418,0.49121010303497314,1.6391277313232422e-06,0.5082321166992188,0.4999503791332245,0.5917988419532776,0.4670077860355377,0.4671104848384857,0.00010269880294799805,0.5082321166992188,0.4999503791332245,0.5917988419532776,0.4670077860355377,0.4671104848384857,0.00010269880294799805,0.08610903471708298,0.0828482061624527,0.2441921979188919,2.5314011573791504,2.559260129928589,0.6805179715156555,0.6922386288642883,1.4617114067077637,0.2272559553384781,0.2260793149471283,0.33300840854644775,3.471920967102051,3.2502784729003906,0.5541606545448303,0.5692331790924072,3.949540138244629,0.9621759653091431,0.24856728315353394,1.139217734336853,0.9922158122062683,0.5533628463745117,1.2399810552597046,0.9572792649269104,0.9776661396026611,0.020386874675750732,0.0427207350730896,0.948432207107544,0.9815874695777893,0.03315526247024536
test,421,38.0543327331543,38.731868743896484,0.6775360107421875,0.6775360107421875,0.014923651702702045,33.80597686767578,34.88963317871094,1.0836563110351562,1.0836563110351562,0.020817674696445465,8.296121597290039,8.49362850189209,0.19750690460205078,0.19750690460205078,0.008934305980801582,0.33305561542510986,1.286635160446167,0.3357653021812439,1.1703534126281738,0.07909125089645386,0.29601484537124634,0.6688209772109985,2.456392765045166,0.7479121685028076,2.7524075508117676,0.6753703355789185,0.9938157200813293,0.4636193513870239,0.977635383605957,0.0555555559694767,0.2361111044883728,0.5046041011810303,0.5008314847946167,0.586511492729187,0.4953811466693878,0.49538612365722656,4.976987838745117e-06,0.5042827725410461,0.5004866719245911,0.5861902236938477,0.49570247530937195,0.4957074224948883,4.947185516357422e-06,0.5042827725410461,0.5004866719245911,0.5861902236938477,0.49570247530937195,0.4957074224948883,4.947185516357422e-06,0.08390531688928604,0.08232060074806213,0.18533773720264435,2.5674190521240234,2.5994789600372314,0.679858386516571,0.6903432011604309,1.4363175630569458,0.23310589790344238,0.2306821197271347,0.3281801640987396,3.546034574508667,3.3307607173919678,0.5385660529136658,0.5507419109344482,4.027398586273193,0.9563642144203186,0.24647484719753265,1.1297576427459717,0.99010169506073,0.5526816844940186,1.237309455871582,0.953559160232544,0.9709460735321045,0.017386913299560547,0.046440839767456055,1.0080541372299194,1.0168137550354004,0.008759617805480957
test,422,36.603145599365234,38.39312744140625,1.7899818420410156,1.7899818420410156,0.0249649491161108,32.99626541137695,34.34782791137695,1.3515625,1.3515625,0.024324914440512657,8.15096664428711,8.3948974609375,0.24393081665039062,0.24393081665039062,0.008962784893810749,0.3287769556045532,1.2531620264053345,0.32953494787216187,1.130289912223816,0.07776021957397461,0.2876870930194855,0.6583119034767151,2.382124662399292,0.7360721230506897,2.669811725616455,0.6780329942703247,0.9902671575546265,0.46629074215888977,0.9604489803314209,0.02777777798473835,0.2222222238779068,0.5024145841598511,0.5027499794960022,0.5844308137893677,0.4975660443305969,0.4975734353065491,7.3909759521484375e-06,0.5022455453872681,0.5025672912597656,0.5842452645301819,0.4977387487888336,0.4977453052997589,6.556510925292969e-06,0.5022455453872681,0.5025672912597656,0.5842452645301819,0.4977387487888336,0.4977453052997589,6.556510925292969e-06,0.08300213515758514,0.08482526242733002,0.17572706937789917,2.5745227336883545,2.600846290588379,0.6788381338119507,0.6901926398277283,1.4309502840042114,0.2344297617673874,0.23736993968486786,0.4049188196659088,3.592761516571045,3.4192373752593994,0.5311756730079651,0.5393729209899902,3.8893370628356934,0.9518837928771973,0.24537523090839386,1.12294602394104,0.9883877635002136,0.550381600856781,1.2351490259170532,0.9614302515983582,0.9799516797065735,0.018521428108215332,0.038569748401641846,1.0201795101165771,1.0414865016937256,0.021306991577148438
test,423,36.000083923339844,37.49816131591797,1.498077392578125,1.498077392578125,0.019829578697681427,32.084327697753906,33.67206954956055,1.5877418518066406,1.5877418518066406,0.021498335525393486,7.874683380126953,8.272954940795898,0.3982715606689453,0.3982715606689453,0.00986845325678587,0.31881794333457947,1.2635622024536133,0.3213282823562622,1.133447527885437,0.075739286839962,0.2791680693626404,0.6401461362838745,2.39700984954834,0.7158854007720947,2.675067186355591,0.6882925629615784,0.9833060503005981,0.4763217568397522,0.9630185961723328,0.02777777798473835,0.2222222238779068,0.5025787949562073,0.5062301754951477,0.5857214331626892,0.4974120259284973,0.4974144399166107,2.4139881134033203e-06,0.4766886830329895,0.4821084141731262,0.5594652891159058,0.5229172706604004,0.523007869720459,9.059906005859375e-05,0.4766886830329895,0.4821084141731262,0.5594652891159058,0.5229172706604004,0.523007869720459,9.059906005859375e-05,0.08310113102197647,0.08591850101947784,0.2714571952819824,2.532527446746826,2.555901288986206,0.6803149580955505,0.6896374225616455,1.4333629608154297,0.23651616275310516,0.2301488071680069,0.4072302579879761,3.5767946243286133,3.36711049079895,0.5324839353561401,0.5483331084251404,3.974543809890747,0.9514995217323303,0.24546225368976593,1.1226550340652466,0.9883058071136475,0.5475947856903076,1.2350486516952515,0.9550822377204895,0.9740031957626343,0.018920958042144775,0.0449177622795105,0.9904778003692627,1.0045784711837769,0.01410067081451416
test,424,36.333152770996094,36.7491455078125,0.41599273681640625,0.41599273681640625,0.018472228199243546,32.78163146972656,32.87821960449219,0.096588134765625,0.096588134765625,0.01539105549454689,7.341937065124512,8.07384204864502,0.7319049835205078,0.7319049835205078,0.008539577014744282,0.31093910336494446,1.2670254707336426,0.31262287497520447,1.129639744758606,0.07284694164991379,0.2726195752620697,0.6235619783401489,2.396665096282959,0.6964089274406433,2.6692845821380615,0.6962847113609314,0.9853596091270447,0.48864465951919556,0.9682131409645081,0.02777777798473835,0.2222222238779068,0.5043603181838989,0.5057212114334106,0.5887455344200134,0.4956319332122803,0.4956335723400116,1.6391277313232422e-06,0.5379933714866638,0.5502502918243408,0.7511172890663147,0.46170780062675476,0.46177583932876587,6.80387020111084e-05,0.5379933714866638,0.5502502918243408,0.7511172890663147,0.46170780062675476,0.46177583932876587,6.80387020111084e-05,0.08328712731599808,0.08257350325584412,0.1863052248954773,2.526998519897461,2.5535480976104736,0.6850727200508118,0.696532666683197,1.4420037269592285,0.22809632122516632,0.22839032113552094,0.3568536341190338,3.5918779373168945,3.387995958328247,0.53671795129776,0.5520162582397461,3.9015583992004395,0.9506868720054626,0.2443612664937973,1.1217507123947144,0.9880000948905945,0.5449144840240479,1.2346669435501099,0.9551647305488586,0.9723500609397888,0.017185330390930176,0.04483526945114136,1.038246989250183,1.0550116300582886,0.01676464080810547
test,425,36.793052673339844,36.54117202758789,-0.2518806457519531,0.2518806457519531,0.012653157114982605,33.00126647949219,32.829952239990234,-0.17131423950195312,0.17131423950195312,0.01572013460099697,7.6469950675964355,7.707912921905518,0.06091785430908203,0.06091785430908203,0.006142028607428074,0.3087053894996643,1.2531352043151855,0.3108755350112915,1.119658350944519,0.07020152360200882,0.2623710334300995,0.6195809245109558,2.372793674468994,0.689782440662384,2.635164737701416,0.698107123374939,0.9864228963851929,0.49198469519615173,0.9726440906524658,0.02777777798473835,0.25,0.5695499777793884,0.5685828328132629,0.7828816175460815,0.430442750453949,0.4304448366165161,2.086162567138672e-06,0.5441126823425293,0.5431643724441528,0.7571643590927124,0.4555469751358032,0.4556243121623993,7.733702659606934e-05,0.5441126823425293,0.5431643724441528,0.7571643590927124,0.4555469751358032,0.4556243121623993,7.733702659606934e-05,0.08197076618671417,0.07968884706497192,0.18187357485294342,2.538358688354492,2.5632669925689697,0.6813710927963257,0.6937602758407593,1.4369949102401733,0.22755242884159088,0.23068134486675262,0.3267589807510376,3.5786802768707275,3.370711088180542,0.5394172668457031,0.554563045501709,3.940412759780884,0.9488735795021057,0.24307815730571747,1.1190794706344604,0.9872653484344482,0.545211136341095,1.2337422370910645,0.9605820178985596,0.9781067371368408,0.01752471923828125,0.03941798210144043,1.0376410484313965,1.0535892248153687,0.015948176383972168
test,426,37.17595672607422,36.66712951660156,-0.5088272094726562,0.5088272094726562,0.018422242254018784,33.52149200439453,32.91563415527344,-0.6058578491210938,0.6058578491210938,0.018213467672467232,7.210050582885742,7.67747688293457,0.4674263000488281,0.4674263000488281,0.008215094916522503,0.3082462549209595,1.2484134435653687,0.30941644310951233,1.1048974990844727,0.0708397701382637,0.26791948080062866,0.6176626682281494,2.353311061859131,0.6885024905204773,2.6212306022644043,0.6984606981277466,0.9889963269233704,0.49313271045684814,0.9722707271575928,0.02777777798473835,0.2361111044883728,0.5436371564865112,0.5435802340507507,0.7503041625022888,0.45600593090057373,0.45608803629875183,8.210539817810059e-05,0.543884813785553,0.5436943769454956,0.7505518198013306,0.455758273601532,0.4558403789997101,8.210539817810059e-05,0.5434849858283997,0.5434404611587524,0.6309198141098022,0.45616498589515686,0.4562453329563141,8.034706115722656e-05,0.08103014528751373,0.0808345377445221,0.182390034198761,2.5565783977508545,2.580669641494751,0.6792478561401367,0.6909549236297607,1.421057939529419,0.2304665446281433,0.22401170432567596,0.33841371536254883,3.6100575923919678,3.3914082050323486,0.534188449382782,0.5505974888801575,3.958252429962158,0.9480608105659485,0.2422257512807846,1.1175501346588135,0.9868844747543335,0.5444925427436829,1.233258843421936,0.958821713924408,0.9759455323219299,0.017123818397521973,0.04117828607559204,1.034065842628479,1.0471022129058838,0.013036370277404785
test,427,37.54222106933594,36.92156982421875,-0.6206512451171875,0.6206512451171875,0.01386498287320137,33.20214080810547,33.21858215332031,0.01644134521484375,0.01644134521484375,0.013701637275516987,7.974863052368164,7.44378662109375,-0.5310764312744141,0.5310764312744141,0.008249035105109215,0.3082998991012573,1.2356783151626587,0.3126506805419922,1.1202055215835571,0.06824440509080887,0.2666763961315155,0.6209505200386047,2.355883836746216,0.6891949772834778,2.6225602626800537,0.6980776190757751,0.9924052357673645,0.48857709765434265,0.9743470549583435,0.02777777798473835,0.25,0.5689111351966858,0.5677352547645569,0.7759033441543579,0.4310777485370636,0.4310813248157501,3.5762786865234375e-06,0.5436426997184753,0.5444046258926392,0.6316232085227966,0.4560379087924957,0.4561135470867157,7.56382942199707e-05,0.5434623956680298,0.5443066954612732,0.6314428448677063,0.4562182128429413,0.45629385113716125,7.56382942199707e-05,0.08037779480218887,0.0810408666729927,0.1851615309715271,2.549926996231079,2.5808255672454834,0.6822179555892944,0.6930860877037048,1.416807770729065,0.23000727593898773,0.22849102318286896,0.3453879952430725,3.594682455062866,3.400193214416504,0.535549521446228,0.5520220398902893,3.916381597518921,0.9481462240219116,0.2422884851694107,1.1180187463760376,0.9869557619094849,0.5450147390365601,1.233352780342102,0.9622356295585632,0.9813386797904968,0.019103050231933594,0.03776437044143677,1.0308301448822021,1.0457801818847656,0.014950037002563477
test,428,35.29963684082031,37.23191833496094,1.932281494140625,1.932281494140625,0.021519696339964867,31.912837982177734,33.21038818359375,1.2975502014160156,1.2975502014160156,0.017376137897372246,7.160965919494629,7.709347724914551,0.5483818054199219,0.5483818054199219,0.006586549803614616,0.31026893854141235,1.253490686416626,0.31207311153411865,1.1327344179153442,0.07040489464998245,0.2739405333995819,0.622342050075531,2.3862252235412598,0.6927468776702881,2.660165786743164,0.6966517567634583,0.994042694568634,0.488515168428421,0.9759543538093567,0.02777777798473835,0.2638888955116272,0.5684622526168823,0.5709574222564697,0.7720124125480652,0.4315274655818939,0.43153053522109985,3.069639205932617e-06,0.5440321564674377,0.5463041663169861,0.747162938117981,0.4557003080844879,0.45576271414756775,6.240606307983398e-05,0.5440321564674377,0.5463041663169861,0.747162938117981,0.4557003080844879,0.45576271414756775,6.240606307983398e-05,0.08148841559886932,0.08075697720050812,0.27493610978126526,2.5432233810424805,2.5734703540802,0.6810612082481384,0.6885707378387451,1.4152553081512451,0.2308804988861084,0.2273315042257309,0.40037551522254944,3.6623523235321045,3.465426445007324,0.5231143832206726,0.538632333278656,3.8795504570007324,0.9502147436141968,0.24232132732868195,1.1210564374923706,0.9877949953079224,0.5455305576324463,1.234408974647522,0.9617918133735657,0.9718080759048462,0.010016262531280518,0.038208186626434326,1.0757800340652466,1.0935903787612915,0.017810344696044922
test,429,35.49671173095703,36.26580047607422,0.7690887451171875,0.7690887451171875,0.014402057975530624,31.66139793395996,32.5616340637207,0.9002361297607422,0.9002361297607422,0.017426706850528717,7.669747352600098,7.435179710388184,-0.23456764221191406,0.23456764221191406,0.006733500398695469,0.3009225130081177,1.2194693088531494,0.30471980571746826,1.0976712703704834,0.06843143701553345,0.26473942399024963,0.6056423187255859,2.317140579223633,0.6740738153457642,2.5818800926208496,0.7050522565841675,0.9950898289680481,0.4956388473510742,0.9786860942840576,0.02777777798473835,0.2361111044883728,0.5451454520225525,0.5428610444068909,0.7483073472976685,0.4545848071575165,0.45464685559272766,6.204843521118164e-05,0.4220302700996399,0.4284966289997101,0.442894846200943,0.5271784067153931,0.528805673122406,0.0016272664070129395,0.4220302700996399,0.4284966289997101,0.442894846200943,0.5271784067153931,0.528805673122406,0.0016272664070129395,0.08040114492177963,0.07846161723136902,0.19088494777679443,2.5659494400024414,2.6010124683380127,0.6816326379776001,0.690294623374939,1.4016294479370117,0.22576361894607544,0.2238025665283203,0.29286304116249084,3.6730573177337646,3.4913110733032227,0.5283405780792236,0.5400359034538269,3.7884209156036377,0.945417046546936,0.24112732708454132,1.1140366792678833,0.9857805371284485,0.5421434640884399,1.2318744659423828,0.9690141081809998,0.9757668375968933,0.006752729415893555,0.030985891819000244,1.084635615348816,1.0977356433868408,0.013100028038024902
test,430,34.91438293457031,35.881282806396484,0.9668998718261719,0.9668998718261719,0.015788942575454712,31.421878814697266,32.11153793334961,0.6896591186523438,0.6896591186523438,0.016380349174141884,7.479405403137207,7.552486419677734,0.07308101654052734,0.07308101654052734,0.007795294281095266,0.29737192392349243,1.1990658044815063,0.29907575249671936,1.0734224319458008,0.06852725148200989,0.26523974537849426,0.5964477062225342,2.2683815956115723,0.6649749279022217,2.533621311187744,0.7079713344573975,0.9948673248291016,0.5011016726493835,0.9779031276702881,0.02777777798473835,0.2222222238779068,0.5438464879989624,0.5378085970878601,0.6314607858657837,0.45598304271698,0.45602527260780334,4.222989082336426e-05,0.5438464879989624,0.5378085970878601,0.6314607858657837,0.45598304271698,0.45602527260780334,4.222989082336426e-05,0.5438464879989624,0.5378085970878601,0.6314607858657837,0.45598304271698,0.45602527260780334,4.222989082336426e-05,0.07864736765623093,0.07828690856695175,0.25605398416519165,2.54386043548584,2.5807981491088867,0.6832572221755981,0.6866435408592224,1.3874101638793945,0.22641241550445557,0.22788195312023163,0.29612332582473755,3.664362668991089,3.467625856399536,0.5305951833724976,0.5447808504104614,3.832225799560547,0.9422903656959534,0.23975637555122375,1.109308123588562,0.9843675494194031,0.541466474533081,1.230095386505127,0.9641304612159729,0.9751108884811401,0.010980427265167236,0.0358695387840271,1.0777214765548706,1.0949513912200928,0.017229914665222168
test,431,35.26498794555664,35.39785385131836,0.13286590576171875,0.13286590576171875,0.013443955220282078,31.215497970581055,31.766733169555664,0.5512351989746094,0.5512351989746094,0.0129564069211483,7.676029205322266,7.515968322753906,-0.16006088256835938,0.16006088256835938,0.0068061030469834805,0.2921985685825348,1.177167296409607,0.2953900098800659,1.0538444519042969,0.06901855021715164,0.2536129057407379,0.5875886082649231,2.2310118675231934,0.6566072106361389,2.4846248626708984,0.7125518918037415,0.9956042170524597,0.5040081739425659,0.9795400500297546,0.02777777798473835,0.2222222238779068,0.5408601760864258,0.5412407517433167,0.628596842288971,0.45898211002349854,0.45902156829833984,3.9458274841308594e-05,0.4194592535495758,0.4153101444244385,0.44027501344680786,0.5309258103370667,0.5324750542640686,0.0015492439270019531,0.4194592535495758,0.4153101444244385,0.44027501344680786,0.5309258103370667,0.5324750542640686,0.0015492439270019531,0.07916070520877838,0.08064307272434235,0.18226021528244019,2.552793264389038,2.588261127471924,0.6836217641830444,0.6914332509040833,1.3829731941223145,0.22814777493476868,0.22259783744812012,0.31513652205467224,3.698031187057495,3.50425124168396,0.5262998342514038,0.5391992926597595,3.7945632934570312,0.9390333294868469,0.23904350399971008,1.1045790910720825,0.9828894734382629,0.5403976440429688,1.228236436843872,0.9549915194511414,0.972169041633606,0.0171775221824646,0.04500848054885864,1.0818554162979126,1.0950847864151,0.0132293701171875
test,432,34.19259262084961,35.331443786621094,1.1388511657714844,1.1388511657714844,0.016612602397799492,30.64992904663086,31.491138458251953,0.8412094116210938,0.8412094116210938,0.01501712016761303,6.819363594055176,7.596022129058838,0.7766585350036621,0.7766585350036621,0.00909160915762186,0.29037612676620483,1.1871534585952759,0.2918393611907959,1.0520005226135254,0.06896615028381348,0.24831567704677582,0.5822154879570007,2.2391538619995117,0.6511816382408142,2.487469434738159,0.7146756649017334,0.995954155921936,0.5067250728607178,0.9784238934516907,0.02777777798473835,0.2222222238779068,0.5410486459732056,0.5462852716445923,0.6286824941635132,0.4588298797607422,0.45885932445526123,2.944469451904297e-05,0.4174027740955353,0.4240202009677887,0.4381033778190613,0.53199303150177,0.5328369736671448,0.0008439421653747559,0.4174027740955353,0.4240202009677887,0.4381033778190613,0.53199303150177,0.5328369736671448,0.0008439421653747559,0.08067294955253601,0.0809851810336113,0.27229151129722595,2.5375261306762695,2.571925401687622,0.6807594299316406,0.6885347962379456,1.3867188692092896,0.22786840796470642,0.2310163378715515,0.37025731801986694,3.696507453918457,3.5269908905029297,0.5234583616256714,0.5323825478553772,3.803550958633423,0.9390961527824402,0.23940865695476532,1.1048095226287842,0.9829330444335938,0.5396843552589417,1.2282925844192505,0.9693414568901062,0.9809216856956482,0.011580228805541992,0.0306585431098938,1.0362966060638428,1.0493290424346924,0.01303243637084961
test,433,33.32727813720703,34.76203918457031,1.4347610473632812,1.4347610473632812,0.014752083458006382,29.743459701538086,31.070556640625,1.327096939086914,1.327096939086914,0.016448860988020897,7.145410537719727,7.207716464996338,0.06230592727661133,0.06230592727661133,0.004604014568030834,0.28584539890289307,1.174078345298767,0.2883369028568268,1.036736011505127,0.0649590790271759,0.23649358749389648,0.5741823315620422,2.2108144760131836,0.6391413807868958,2.44730806350708,0.7188273072242737,0.9958041906356812,0.5122014284133911,0.9816564917564392,0.02777777798473835,0.2222222238779068,0.543631374835968,0.5506617426872253,0.6326119899749756,0.45624661445617676,0.45627567172050476,2.905726432800293e-05,0.543631374835968,0.5506617426872253,0.6326119899749756,0.45624661445617676,0.45627567172050476,2.905726432800293e-05,0.543631374835968,0.5506617426872253,0.6326119899749756,0.45624661445617676,0.45627567172050476,2.905726432800293e-05,0.07994458079338074,0.07917685806751251,0.2788454592227936,2.5394811630249023,2.5757193565368652,0.6816952228546143,0.6894413232803345,1.3799052238464355,0.22852662205696106,0.2382463961839676,0.3703519403934479,3.690476894378662,3.510040044784546,0.5281274318695068,0.5357528924942017,3.7994537353515625,0.9362510442733765,0.2384202778339386,1.1007732152938843,0.9816015958786011,0.5389518737792969,1.2266196012496948,0.9795753955841064,0.9842186570167542,0.004643261432647705,0.020424604415893555,1.0247639417648315,1.0395257472991943,0.014761805534362793
test,434,33.82408905029297,34.04468536376953,0.2205963134765625,0.2205963134765625,0.014254401437938213,29.894237518310547,30.407032012939453,0.5127944946289062,0.5127944946289062,0.016087783500552177,6.911328315734863,7.176586151123047,0.2652578353881836,0.2652578353881836,0.0073232501745224,0.2814720869064331,1.1399556398391724,0.28360801935195923,0.9966878890991211,0.06517388671636581,0.24277059733867645,0.5650801658630371,2.136643409729004,0.6302540302276611,2.3794140815734863,0.7222844958305359,0.9956343173980713,0.5153207778930664,0.9830873012542725,0.02777777798473835,0.2083333283662796,0.4227614998817444,0.4082770049571991,0.444263756275177,0.5273950695991516,0.5292612314224243,0.001866161823272705,0.4227614998817444,0.4082770049571991,0.444263756275177,0.5273950695991516,0.5292612314224243,0.001866161823272705,0.4227614998817444,0.4082770049571991,0.444263756275177,0.5273950695991516,0.5292612314224243,0.001866161823272705,0.07949467748403549,0.07934395223855972,0.20102907717227936,2.5727460384368896,2.5970590114593506,0.6761908531188965,0.6857292056083679,1.3691089153289795,0.2347472459077835,0.23107175529003143,0.40621936321258545,3.717803955078125,3.51080584526062,0.523615300655365,0.5380480885505676,3.8545732498168945,0.931066632270813,0.23666387796401978,1.092929720878601,0.9789506793022156,0.5374243259429932,1.2232829332351685,0.9775098562240601,0.9883490800857544,0.010839223861694336,0.02249014377593994,1.0260432958602905,1.0389728546142578,0.012929558753967285
test,435,32.937843322753906,33.93440628051758,0.9965629577636719,0.9965629577636719,0.016874896362423897,29.511154174804688,30.150657653808594,0.6395034790039062,0.6395034790039062,0.01709030382335186,6.895732879638672,7.043980121612549,0.14824724197387695,0.14824724197387695,0.011215642094612122,0.28109967708587646,1.128324270248413,0.283021479845047,0.9797792434692383,0.06501298397779465,0.2255881428718567,0.5641211867332458,2.1081035137176514,0.6291341781616211,2.3336915969848633,0.7222980260848999,0.9953264594078064,0.51320481300354,0.9846600890159607,0.02777777798473835,0.2083333283662796,0.41558074951171875,0.4061317443847656,0.4360067844390869,0.5340307950973511,0.5360279083251953,0.0019971132278442383,0.46057361364364624,0.4757700264453888,0.5405347347259521,0.5388345718383789,0.5389262437820435,9.167194366455078e-05,0.46057361364364624,0.4757700264453888,0.5405347347259521,0.5388345718383789,0.5389262437820435,9.167194366455078e-05,0.08025834709405899,0.0826137587428093,0.22387544810771942,2.602379560470581,2.6243741512298584,0.6702864766120911,0.6797537803649902,1.3665575981140137,0.23634552955627441,0.22260351479053497,0.4057596027851105,3.73801851272583,3.5257318019866943,0.5169124603271484,0.533748984336853,3.806586503982544,0.9280776381492615,0.23646368086338043,1.0886826515197754,0.9774044752120972,0.5365617275238037,1.2213401794433594,0.9771197438240051,0.9892058372497559,0.012086093425750732,0.022880256175994873,0.9644615054130554,0.9748629927635193,0.010401487350463867
test,436,32.804405212402344,33.43614959716797,0.631744384765625,0.631744384765625,0.010481487028300762,29.681346893310547,29.830928802490234,0.1495819091796875,0.1495819091796875,0.007097411435097456,7.086631774902344,6.969880104064941,-0.11675167083740234,0.11675167083740234,0.006408521439880133,0.2781861424446106,1.121317744255066,0.2797950804233551,0.9906433820724487,0.06365302950143814,0.19831696152687073,0.5579812526702881,2.1119611263275146,0.6216342449188232,2.3102781772613525,0.7250469923019409,0.9957311153411865,0.515981912612915,0.9848027229309082,0.02777777798473835,0.2083333283662796,0.4109067916870117,0.41283613443374634,0.4313441216945648,0.5342320799827576,0.5371122360229492,0.0028801560401916504,0.4109067916870117,0.41283613443374634,0.4313441216945648,0.5342320799827576,0.5371122360229492,0.0028801560401916504,0.4109067916870117,0.41283613443374634,0.4313441216945648,0.5342320799827576,0.5371122360229492,0.0028801560401916504,0.0815332680940628,0.08224513381719589,0.1824074238538742,2.6063272953033447,2.6299312114715576,0.6713890433311462,0.6802639961242676,1.3781154155731201,0.22823090851306915,0.23154544830322266,0.3411715030670166,3.7296438217163086,3.5533413887023926,0.5155004262924194,0.5330632925033569,3.752983808517456,0.9264386296272278,0.23645980656147003,1.0869190692901611,0.9766828417778015,0.5360283851623535,1.2204407453536987,0.9735814929008484,0.9813666939735413,0.007785201072692871,0.02641850709915161,0.9892693758010864,1.000495195388794,0.01122581958770752
test,437,32.877994537353516,33.12030029296875,0.24230575561523438,0.24230575561523438,0.009874473325908184,29.400880813598633,29.756160736083984,0.35527992248535156,0.35527992248535156,0.013298694044351578,6.994507312774658,7.028278827667236,0.033771514892578125,0.033771514892578125,0.006397502962499857,0.27548155188560486,1.0965889692306519,0.27969884872436523,0.9941155314445496,0.06467324495315552,0.22058440744876862,0.5551804304122925,2.0907044410705566,0.6198536157608032,2.2977383136749268,0.7270667552947998,0.9960070848464966,0.5172449946403503,0.9856187701225281,0.02777777798473835,0.2083333283662796,0.41186895966529846,0.40532100200653076,0.43332380056381226,0.534101665019989,0.5368449091911316,0.002743244171142578,0.4678725302219391,0.4717164635658264,0.5484926104545593,0.5318163633346558,0.5318782329559326,6.186962127685547e-05,0.4678725302219391,0.4717164635658264,0.5484926104545593,0.5318163633346558,0.5318782329559326,6.186962127685547e-05,0.08235830068588257,0.0813540443778038,0.18590211868286133,2.5998244285583496,2.619499683380127,0.6677999496459961,0.6783366203308105,1.3748970031738281,0.23162375390529633,0.24117814004421234,0.44655898213386536,3.7806308269500732,3.57663893699646,0.5055912733078003,0.5231718420982361,3.8112452030181885,0.925431489944458,0.23572373390197754,1.0854313373565674,0.9760982394218445,0.5359326004981995,1.2197061777114868,0.9702928066253662,0.9780526161193848,0.007759809494018555,0.02970719337463379,0.9615659117698669,0.9724778532981873,0.010911941528320312
test,438,31.556705474853516,32.999168395996094,1.4424629211425781,1.4424629211425781,0.015921061858534813,28.379138946533203,29.57854461669922,1.1994056701660156,1.1994056701660156,0.017018666490912437,6.484364986419678,7.011416435241699,0.5270514488220215,0.5270514488220215,0.006692586001008749,0.2761133313179016,1.081093192100525,0.2794807553291321,0.9725386500358582,0.06494367122650146,0.21916048228740692,0.5555940866470337,2.0536317825317383,0.6205377578735352,2.272792339324951,0.7260254621505737,0.995881199836731,0.5172528624534607,0.9851736426353455,0.02777777798473835,0.2083333283662796,0.40861454606056213,0.4091343879699707,0.4306734800338745,0.5360994935035706,0.5399478673934937,0.0038483738899230957,0.33563390374183655,0.33977219462394714,0.35300078988075256,0.6064181923866272,0.6101841926574707,0.003766000270843506,0.33563390374183655,0.33977219462394714,0.35300078988075256,0.6064181923866272,0.6101841926574707,0.003766000270843506,0.08177357167005539,0.08192649483680725,0.18121403455734253,2.6030149459838867,2.6109800338745117,0.668097734451294,0.6814894676208496,1.373065710067749,0.23693761229515076,0.22803808748722076,0.4506565034389496,3.7341268062591553,3.510420560836792,0.5122436285018921,0.5361334085464478,3.8254010677337646,0.9229166507720947,0.23524753749370575,1.081539511680603,0.9746947288513184,0.5356539487838745,1.2179388999938965,0.9838929176330566,0.9924435615539551,0.008550643920898438,0.01610708236694336,0.9481686949729919,0.9554518461227417,0.007283151149749756
test,439,32.03056335449219,32.277957916259766,0.24739456176757812,0.24739456176757812,0.01672886312007904,28.721599578857422,28.978862762451172,0.25726318359375,0.25726318359375,0.01642521284520626,6.828071594238281,6.747913837432861,-0.08015775680541992,0.08015775680541992,0.005764075554907322,0.2722569704055786,1.0571473836898804,0.2760308086872101,0.9524592161178589,0.06290115416049957,0.21220830082893372,0.5482876896858215,2.0096065998077393,0.6111888885498047,2.2218148708343506,0.7291551828384399,0.9960991740226746,0.5252083539962769,0.9856983423233032,0.02777777798473835,0.1944444477558136,0.33766016364097595,0.34523817896842957,0.35428470373153687,0.5619451999664307,0.5654857158660889,0.003540515899658203,0.33766016364097595,0.34523817896842957,0.35428470373153687,0.5619451999664307,0.5654857158660889,0.003540515899658203,0.33766016364097595,0.34523817896842957,0.35428470373153687,0.5619451999664307,0.5654857158660889,0.003540515899658203,0.0816887840628624,0.0833313837647438,0.177601158618927,2.5986804962158203,2.6114330291748047,0.6712046265602112,0.6827934980392456,1.363724708557129,0.23349855840206146,0.22944024205207825,0.4112083613872528,3.7616333961486816,3.5579047203063965,0.5084294676780701,0.5298035740852356,3.7694811820983887,0.918485701084137,0.2339516282081604,1.0755841732025146,0.9721783399581909,0.5335378050804138,1.2147834300994873,0.9898284077644348,0.9947242140769958,0.004895806312561035,0.010171592235565186,0.9200420379638672,0.9302583932876587,0.010216355323791504
test,440,32.23224639892578,32.15428161621094,-0.07796478271484375,0.07796478271484375,0.018373722210526466,28.806852340698242,28.850255966186523,0.04340362548828125,0.04340362548828125,0.019728465005755424,7.231462478637695,6.788015365600586,-0.4434471130371094,0.4434471130371094,0.010658321902155876,0.27391692996025085,1.061386227607727,0.2775443494319916,0.9703683257102966,0.0628996267914772,0.20347705483436584,0.5514612793922424,2.031754493713379,0.6143608689308167,2.235231637954712,0.7276578545570374,0.9960841536521912,0.5287302732467651,0.9852225184440613,0.02777777798473835,0.1944444477558136,0.3414321839809418,0.3444049656391144,0.35794851183891296,0.5607653856277466,0.5641738176345825,0.0034084320068359375,0.3414321839809418,0.3444049656391144,0.35794851183891296,0.5607653856277466,0.5641738176345825,0.0034084320068359375,0.3414321839809418,0.3444049656391144,0.35794851183891296,0.5607653856277466,0.5641738176345825,0.0034084320068359375,0.08153577893972397,0.08228152245283127,0.17846669256687164,2.5680229663848877,2.587902307510376,0.6782849431037903,0.6897040009498596,1.371361494064331,0.23063603043556213,0.23575438559055328,0.4122006595134735,3.7256264686584473,3.5230329036712646,0.5173152089118958,0.5365177989006042,3.8351564407348633,0.9199780225753784,0.23422397673130035,1.0778260231018066,0.9730860590934753,0.5348054766654968,1.215924859046936,0.9761145114898682,0.9809976816177368,0.004883170127868652,0.023885488510131836,1.0125749111175537,1.01901113986969,0.0064362287521362305
test,441,32.65622329711914,32.19329071044922,-0.4629325866699219,0.4629325866699219,0.01814012974500656,29.499435424804688,28.828577041625977,-0.6708583831787109,0.6708583831787109,0.02121591567993164,6.986618995666504,7.009761810302734,0.02314281463623047,0.02314281463623047,0.008507926017045975,0.2786438465118408,1.0700346231460571,0.2814040184020996,0.9572317004203796,0.06676413118839264,0.2308797985315323,0.5600478649139404,2.027266263961792,0.6268119812011719,2.2483277320861816,0.723412811756134,0.9957217574119568,0.5270571112632751,0.9845437407493591,0.0555555559694767,0.1944444477558136,0.34291738271713257,0.33835792541503906,0.359396368265152,0.5613665580749512,0.5638297200202942,0.0024631619453430176,0.34291738271713257,0.33835792541503906,0.359396368265152,0.6041056513786316,0.6064797639846802,0.002374112606048584,0.34291738271713257,0.33835792541503906,0.359396368265152,0.6041086316108704,0.6064810752868652,0.002372443675994873,0.08122511953115463,0.0783880203962326,0.18438756465911865,2.5793673992156982,2.6047017574310303,0.6831488013267517,0.6908120512962341,1.3737163543701172,0.23148426413536072,0.237810879945755,0.3465876579284668,3.79396390914917,3.5719616413116455,0.5134273767471313,0.5351377129554749,3.8128886222839355,0.9217542409896851,0.23486468195915222,1.079696774482727,0.9738403558731079,0.53629070520401,1.2168643474578857,0.9761909246444702,0.9783046841621399,0.0021137595176696777,0.023809075355529785,0.9868392944335938,0.9996336698532104,0.0127943754196167
test,442,36.38453674316406,32.424781799316406,-3.9597549438476562,3.9597549438476562,0.040253255516290665,32.53779602050781,29.164030075073242,-3.3737659454345703,3.3737659454345703,0.03901123255491257,7.349735260009766,6.998213768005371,-0.35152149200439453,0.35152149200439453,0.008647372014820576,0.2809772491455078,1.1233603954315186,0.2833898067474365,1.0146781206130981,0.06664171814918518,0.2521515488624573,0.5643670558929443,2.1322484016418457,0.6310088038444519,2.3818511962890625,0.7234746813774109,0.9957338571548462,0.525042712688446,0.9840378165245056,0.0555555559694767,0.1944444477558136,0.3406113386154175,0.3236636817455292,0.35714125633239746,0.5630621314048767,0.5661309957504272,0.003068864345550537,0.46694016456604004,0.4538083076477051,0.5446882843971252,0.5329152345657349,0.5329474210739136,3.218650817871094e-05,0.46694016456604004,0.4538083076477051,0.5446882843971252,0.5329152345657349,0.5329474210739136,3.218650817871094e-05,0.08129999786615372,0.07906550168991089,0.19762066006660461,2.553452491760254,2.563088893890381,0.6816532015800476,0.6939075589179993,1.3741618394851685,0.23781302571296692,0.23332883417606354,0.388642281293869,3.698448657989502,3.4906601905822754,0.5215197205543518,0.5427324771881104,3.921534538269043,0.9313278794288635,0.23701326549053192,1.0898040533065796,0.979058563709259,0.5386061668395996,1.2233684062957764,0.9635698199272156,0.9794716238975525,0.015901803970336914,0.036430180072784424,1.0217297077178955,1.043275237083435,0.02154552936553955
test,443,36.02265930175781,34.40468215942383,-1.6179771423339844,1.6179771423339844,0.02324378676712513,32.11758041381836,30.850936889648438,-1.2666435241699219,1.2666435241699219,0.025285711511969566,8.128368377685547,7.17399787902832,-0.9543704986572266,0.9543704986572266,0.011318638920783997,0.29582154750823975,1.2695598602294922,0.2965947985649109,1.1614478826522827,0.06803247332572937,0.28056520223617554,0.5924163460731506,2.4186010360717773,0.6604487895965576,2.6991662979125977,0.7130029201507568,0.995873749256134,0.5065958499908447,0.9842996597290039,0.0555555559694767,0.1805555522441864,0.33167406916618347,0.33221012353897095,0.3474496603012085,0.608599841594696,0.6124129295349121,0.0038130879402160645,0.3519706726074219,0.3541606366634369,0.3679405152797699,0.5884104371070862,0.5921976566314697,0.003787219524383545,0.3519706726074219,0.3541606366634369,0.3679405152797699,0.5884104371070862,0.5921976566314697,0.003787219524383545,0.08060180395841599,0.07868064939975739,0.17726360261440277,2.5066330432891846,2.502650737762451,0.6788283586502075,0.6974790692329407,1.406332015991211,0.2337118238210678,0.22990572452545166,0.3758474290370941,3.6067941188812256,3.4549310207366943,0.5293864011764526,0.5408645272254944,3.8989408016204834,0.9512435793876648,0.24293476343154907,1.1138938665390015,0.988262951374054,0.5463483333587646,1.2348812818527222,0.9878020882606506,0.9933011531829834,0.005499064922332764,0.012197911739349365,0.9868611693382263,0.9970840215682983,0.010222852230072021
test,444,36.288124084472656,35.21369552612305,-1.0744285583496094,1.0744285583496094,0.02628549002110958,32.61118698120117,31.484283447265625,-1.1269035339355469,1.1269035339355469,0.025026166811585426,7.652279853820801,7.651206016540527,-0.0010738372802734375,0.0010738372802734375,0.006585928611457348,0.30498287081718445,1.4127628803253174,0.302751749753952,1.275582194328308,0.07206190377473831,0.33014795184135437,0.6077346801757812,2.678372383117676,0.6797964572906494,3.0085203647613525,0.7085985541343689,0.994123637676239,0.4999958574771881,0.983341634273529,0.0555555559694767,0.1805555522441864,0.3319474160671234,0.33919557929039,0.3470059037208557,0.6155986189842224,0.618311882019043,0.0027132630348205566,0.35312578082084656,0.3622119426727295,0.3683111071586609,0.5945916771888733,0.5972641110420227,0.002672433853149414,0.3530876040458679,0.36213842034339905,0.36827290058135986,0.5946298241615295,0.597302258014679,0.002672433853149414,0.07876751571893692,0.07974731177091599,0.17542363703250885,2.436599016189575,2.4555251598358154,0.6923178434371948,0.7046418190002441,1.4237680435180664,0.23760703206062317,0.23780329525470734,0.3785403072834015,3.5740280151367188,3.4607605934143066,0.5307512879371643,0.5304070115089417,3.8470523357391357,0.9647506475448608,0.24653884768486023,1.132261037826538,0.9931467175483704,0.550716757774353,1.2410252094268799,0.9880856275558472,0.9934758543968201,0.0053902268409729,0.011914372444152832,0.9887273907661438,0.9967256188392639,0.007998228073120117
test,445,38.70869445800781,35.75093078613281,-2.957763671875,2.957763671875,0.03206739202141762,34.435882568359375,32.047760009765625,-2.38812255859375,2.38812255859375,0.026350073516368866,7.880474090576172,7.651766777038574,-0.22870731353759766,0.22870731353759766,0.012203737162053585,0.31047937273979187,1.5007662773132324,0.312982976436615,1.3567768335342407,0.07260768860578537,0.3104347586631775,0.6234623193740845,2.844552993774414,0.6960700154304504,3.1549878120422363,0.7068649530410767,0.9931555986404419,0.4922596216201782,0.9833588600158691,0.0555555559694767,0.1805555522441864,0.33563512563705444,0.32543450593948364,0.35079869627952576,0.6166127920150757,0.6185334920883179,0.0019207000732421875,0.3577486574649811,0.3536517322063446,0.3730106055736542,0.5946952700614929,0.5965703129768372,0.0018750429153442383,0.35769250988960266,0.35361137986183167,0.37295442819595337,0.5947513580322266,0.5966264009475708,0.0018750429153442383,0.08132082968950272,0.07842011749744415,0.17850971221923828,2.452179193496704,2.4640049934387207,0.6883449554443359,0.7034345269203186,1.4286552667617798,0.2431131899356842,0.25370845198631287,0.45925626158714294,3.5569777488708496,3.4451992511749268,0.5340828895568848,0.5268102288246155,3.8139760494232178,0.9704163670539856,0.24859611690044403,1.1426736116409302,0.9948920011520386,0.5528355240821838,1.2432550191879272,0.9890368580818176,0.9970945119857788,0.008057653903961182,0.010963141918182373,0.9797919392585754,0.9882612228393555,0.00846928358078003
test,446,41.172664642333984,37.229835510253906,-3.942829132080078,3.942829132080078,0.03980037197470665,37.233638763427734,33.241844177246094,-3.9917945861816406,3.9917945861816406,0.04044974967837334,9.017853736877441,7.766143798828125,-1.2517099380493164,1.2517099380493164,0.01324425544589758,0.32544130086898804,1.6099848747253418,0.3244040012359619,1.4551154375076294,0.07534334063529968,0.3588126003742218,0.64984530210495,3.0557947158813477,0.7251886129379272,3.414607286453247,0.6956102252006531,0.9933052659034729,0.47818121314048767,0.979695737361908,0.0555555559694767,0.2083333283662796,0.35562658309936523,0.340322345495224,0.3701969385147095,0.5981494784355164,0.6002339720726013,0.002084493637084961,0.46414312720298767,0.4499167203903198,0.5365510582923889,0.5066758990287781,0.5065510869026184,-0.00012481212615966797,0.4640951454639435,0.4497973620891571,0.5365030765533447,0.5067238807678223,0.5065990090370178,-0.00012487173080444336,0.07971706241369247,0.07454780489206314,0.17128199338912964,2.4190497398376465,2.4287455081939697,0.6911534667015076,0.7063611149787903,1.4277304410934448,0.2474873661994934,0.2376304268836975,0.4583081007003784,3.474806547164917,3.3497440814971924,0.5483288168907166,0.5435959696769714,3.854943037033081,0.9776356816291809,0.25067639350891113,1.1555907726287842,0.996766209602356,0.5574852228164673,1.2456501722335815,0.9751213192939758,0.985237717628479,0.010116398334503174,0.02487868070602417,1.0065767765045166,1.0243146419525146,0.017737865447998047
test,447,43.67449951171875,39.201271057128906,-4.473228454589844,4.473228454589844,0.044688716530799866,38.92070770263672,35.237762451171875,-3.6829452514648438,3.6829452514648438,0.0355980284512043,8.94107723236084,8.392021179199219,-0.5490560531616211,0.5490560531616211,0.010367107577621937,0.34463298320770264,1.6486804485321045,0.34211790561676025,1.4610434770584106,0.07922310382127762,0.3357086479663849,0.6867508292198181,3.0995309352874756,0.7659739851951599,3.435239553451538,0.67768794298172,0.9865358471870422,0.45367103815078735,0.9681006669998169,0.0555555559694767,0.2083333283662796,0.34754103422164917,0.34300217032432556,0.36251959204673767,0.6021113395690918,0.6068599224090576,0.00474858283996582,0.46386557817459106,0.4737076759338379,0.48329198360443115,0.48807403445243835,0.4928496479988098,0.00477561354637146,0.46386557817459106,0.4737076759338379,0.48329198360443115,0.48807403445243835,0.4928496479988098,0.00477561354637146,0.07887108623981476,0.07579562813043594,0.16614507138729095,2.3760831356048584,2.367582082748413,0.7038119435310364,0.7246923446655273,1.4152281284332275,0.23885506391525269,0.22345641255378723,0.4391948878765106,3.4027774333953857,3.3300628662109375,0.5597681999206543,0.5471884608268738,3.8123772144317627,0.9788858294487,0.25101467967033386,1.1578314304351807,0.997048556804657,0.5648612380027771,1.2460111379623413,0.9664425849914551,0.9875030517578125,0.021060466766357422,0.03355741500854492,1.0255178213119507,1.0290460586547852,0.0035282373428344727
test,448,45.747554779052734,41.437904357910156,-4.309650421142578,4.309650421142578,0.042859409004449844,40.89851760864258,37.079261779785156,-3.819255828857422,3.819255828857422,0.04046626389026642,9.870681762695312,8.666572570800781,-1.2041091918945312,1.2041091918945312,0.014271237887442112,0.36586058139801025,1.731906533241272,0.36122748255729675,1.5151755809783936,0.08188590407371521,0.3509863615036011,0.7270880937576294,3.2389369010925293,0.808974027633667,3.58992338180542,0.6600276231765747,0.98871248960495,0.4347107708454132,0.9709056615829468,0.0555555559694767,0.2638888955116272,0.41106969118118286,0.40471547842025757,0.4266081154346466,0.5170490741729736,0.52180016040802,0.004751086235046387,0.4690309464931488,0.4740257263183594,0.4876307547092438,0.4853464961051941,0.48943257331848145,0.0040860772132873535,0.4690309464931488,0.4740257263183594,0.4876307547092438,0.4853464961051941,0.48943257331848145,0.0040860772132873535,0.07850215584039688,0.07730305194854736,0.1696988344192505,2.404623508453369,2.39272403717041,0.7039724588394165,0.7235590219497681,1.4062923192977905,0.22890233993530273,0.22801212966442108,0.41283711791038513,3.404323101043701,3.337080478668213,0.5618380308151245,0.5453831553459167,3.779735803604126,0.9826291799545288,0.2512567639350891,1.1648484468460083,0.997835099697113,0.5709834694862366,1.2470221519470215,0.9658201932907104,0.9846975803375244,0.018877387046813965,0.03417980670928955,1.0172064304351807,1.0198124647140503,0.002606034278869629
test,449,48.80077362060547,43.59275436401367,-5.208019256591797,5.208019256591797,0.037994977086782455,43.87458801269531,38.988914489746094,-4.885673522949219,4.885673522949219,0.0384809747338295,9.923047065734863,9.26865005493164,-0.6543970108032227,0.6543970108032227,0.011233929544687271,0.3853141963481903,1.7845393419265747,0.3792034387588501,1.5757219791412354,0.08713819831609726,0.3414190113544464,0.7645175457000732,3.34708833694458,0.8516557812690735,3.688507318496704,0.6426101326942444,0.9887836575508118,0.42171528935432434,0.9711644649505615,0.0555555559694767,0.2916666567325592,0.4716506600379944,0.45852112770080566,0.4898020327091217,0.48358896374702454,0.4877658188343048,0.0041768550872802734,0.4723229706287384,0.4591754376888275,0.5059728026390076,0.4166034460067749,0.42172521352767944,0.005121767520904541,0.4723229706287384,0.4591754376888275,0.5059728026390076,0.4166034460067749,0.42172521352767944,0.005121767520904541,0.07850439101457596,0.07410401850938797,0.1705455482006073,2.398170232772827,2.3870720863342285,0.7106494307518005,0.7311031222343445,1.397524118423462,0.22362075746059418,0.22639362514019012,0.2753300368785858,3.3616385459899902,3.2870495319366455,0.574657678604126,0.5575454235076904,3.750912666320801,0.9849361777305603,0.25232577323913574,1.169750452041626,0.9982763528823853,0.5756042003631592,1.247596025466919,0.9484433531761169,0.964897632598877,0.01645427942276001,0.05155664682388306,0.9653178453445435,0.9722841382026672,0.006966292858123779
test,450,50.8914909362793,46.1967887878418,-4.6947021484375,4.6947021484375,0.04028409719467163,45.53669738769531,41.43177032470703,-4.104927062988281,4.104927062988281,0.037819646298885345,10.689220428466797,9.595871925354004,-1.093348503112793,1.093348503112793,0.008889464661478996,0.40233543515205383,1.819230318069458,0.3964908719062805,1.5967897176742554,0.09023776650428772,0.3811436593532562,0.7988263368606567,3.403573513031006,0.8890640735626221,3.784717082977295,0.6276170611381531,0.987347424030304,0.4035071134567261,0.9675015211105347,0.0555555559694767,0.2916666567325592,0.464698851108551,0.45509812235832214,0.4821290373802185,0.49104759097099304,0.49511417746543884,0.004066586494445801,0.465361624956131,0.4555894434452057,0.4991723597049713,0.4168139696121216,0.42183274030685425,0.005018770694732666,0.465361624956131,0.4555894434452057,0.4991723597049713,0.4168139696121216,0.42183274030685425,0.005018770694732666,0.07640577107667923,0.07291731983423233,0.1813185214996338,2.3637726306915283,2.3606269359588623,0.7204956412315369,0.7354909777641296,1.3949151039123535,0.21966351568698883,0.2186688631772995,0.292929470539093,3.2809462547302246,3.2289557456970215,0.5951484441757202,0.5763952732086182,3.6889076232910156,0.98661208152771,0.2527388036251068,1.1727229356765747,0.9985620379447937,0.5784774422645569,1.2479629516601562,0.938276469707489,0.9539998173713684,0.015723347663879395,0.061723530292510986,0.972198486328125,0.984744668006897,0.012546181678771973
test,451,55.49192810058594,48.544158935546875,-6.9477691650390625,6.9477691650390625,0.056019630283117294,49.677146911621094,43.48426055908203,-6.1928863525390625,6.1928863525390625,0.05498282611370087,11.823734283447266,10.142568588256836,-1.6811656951904297,1.6811656951904297,0.017208147794008255,0.42229852080345154,1.9289064407348633,0.4135364890098572,1.6972216367721558,0.09375826269388199,0.3848772943019867,0.8358349204063416,3.61678409576416,0.9295932054519653,3.9990477561950684,0.6119633913040161,0.9901859164237976,0.3898923993110657,0.9734684228897095,0.0833333358168602,0.3194444477558136,0.4602448046207428,0.434232234954834,0.4939905107021332,0.44366270303726196,0.44898661971092224,0.005323916673660278,0.6477510333061218,0.637270450592041,0.9538996815681458,0.3414551615715027,0.34222710132598877,0.000771939754486084,0.6477510333061218,0.637270450592041,0.9538996815681458,0.3414551615715027,0.34222710132598877,0.000771939754486084,0.07380422949790955,0.07333898544311523,0.14823214709758759,2.297910690307617,2.2836546897888184,0.7259945273399353,0.7472586035728455,1.3828449249267578,0.22657881677150726,0.21968331933021545,0.3255453407764435,3.2163195610046387,3.211298942565918,0.6005641222000122,0.5769768357276917,3.699540853500366,0.9896793365478516,0.25347575545310974,1.1801377534866333,0.9990542531013489,0.5849151015281677,1.2486132383346558,0.9262576699256897,0.9351994395256042,0.00894176959991455,0.0737423300743103,1.170371413230896,1.1904562711715698,0.020084857940673828
test,452,58.30208206176758,52.01806640625,-6.284015655517578,6.284015655517578,0.05490575730800629,52.251319885253906,46.58072280883789,-5.670597076416016,5.670597076416016,0.05033683031797409,12.052978515625,10.983175277709961,-1.069803237915039,1.069803237915039,0.01057704258710146,0.44832420349121094,2.0690226554870605,0.4356629252433777,1.8418259620666504,0.1002630889415741,0.5008620619773865,0.8839871883392334,3.9050986766815186,0.9842503070831299,4.405960559844971,0.5930981636047363,0.9921199083328247,0.37381723523139954,0.9769119620323181,0.1111111119389534,0.3472222089767456,0.4953394830226898,0.4808678925037384,0.5316921472549438,0.40399816632270813,0.4098977744579315,0.005899608135223389,0.6008492708206177,0.5826982259750366,0.9052892923355103,0.3498472571372986,0.35071468353271484,0.0008674263954162598,0.5926973819732666,0.5750367045402527,0.7595744729042053,0.3561877906322479,0.3570558428764343,0.0008680522441864014,0.0771913081407547,0.07340255379676819,0.1480025053024292,2.305027961730957,2.3158581256866455,0.7269240021705627,0.7397534847259521,1.3887369632720947,0.20876160264015198,0.20473754405975342,0.29876434803009033,3.141754388809204,3.1059789657592773,0.6209244728088379,0.6058857440948486,3.7049598693847656,0.9933075904846191,0.25560930371284485,1.18919837474823,0.9995236396789551,0.5881841778755188,1.2492402791976929,0.9302639961242676,0.9385194778442383,0.008255481719970703,0.06973600387573242,1.1721181869506836,1.2046585083007812,0.032540321350097656
test,453,57.382362365722656,55.16009521484375,-2.2222671508789062,2.2222671508789062,0.023196876049041748,51.68361282348633,49.416046142578125,-2.267566680908203,2.267566680908203,0.026509786024689674,12.81307315826416,11.518099784851074,-1.294973373413086,1.294973373413086,0.012625517323613167,0.47051727771759033,2.299750566482544,0.45604488253593445,2.0512495040893555,0.10288995504379272,0.5123060941696167,0.9265621900558472,4.350136756896973,1.0294520854949951,4.858930587768555,0.5800971388816833,0.9928725957870483,0.35903874039649963,0.979565441608429,0.1111111119389534,0.3611111044883728,0.5832404494285583,0.5660378932952881,0.6667826175689697,0.3666296601295471,0.36764392256736755,0.0010142624378204346,0.48768851161003113,0.4793710708618164,0.5243712067604065,0.413066565990448,0.41933029890060425,0.00626373291015625,0.48768851161003113,0.4793710708618164,0.5243712067604065,0.413066565990448,0.41933029890060425,0.00626373291015625,0.07584618777036667,0.07338561862707138,0.14074952900409698,2.251192092895508,2.262420177459717,0.7339386940002441,0.7476621270179749,1.3796484470367432,0.20241868495941162,0.1935400813817978,0.29549822211265564,3.063199758529663,3.019765853881836,0.6355565190315247,0.6225506663322449,3.7179455757141113,0.9959732890129089,0.25643548369407654,1.1988197565078735,0.9997907280921936,0.5914115905761719,1.2496198415756226,0.9172323346138,0.9326364398002625,0.015404105186462402,0.08276766538619995,1.1526094675064087,1.166290044784546,0.013680577278137207
test,454,58.65031433105469,56.27125549316406,-2.379058837890625,2.379058837890625,0.039220619946718216,52.344093322753906,50.54985427856445,-1.7942390441894531,1.7942390441894531,0.03738805651664734,11.914324760437012,12.165609359741211,0.2512845993041992,0.2512845993041992,0.012151352129876614,0.47515425086021423,2.343116521835327,0.4621817171573639,2.0887317657470703,0.10598303377628326,0.49075666069984436,0.9373360872268677,4.431848526000977,1.0433191061019897,4.916874408721924,0.578249990940094,0.9859287142753601,0.35303542017936707,0.9657545685768127,0.1111111119389534,0.375,0.5746257305145264,0.5719609260559082,0.7335782647132874,0.37486138939857483,0.37573477625846863,0.0008733868598937988,0.5298802852630615,0.5352916717529297,0.6865727305412292,0.3968539535999298,0.39762258529663086,0.0007686316967010498,0.5298802852630615,0.5352916717529297,0.6865727305412292,0.3968539535999298,0.39762258529663086,0.0007686316967010498,0.07430882751941681,0.0752163976430893,0.1188027560710907,2.215313196182251,2.2289912700653076,0.741500198841095,0.7548416256904602,1.375002384185791,0.19568613171577454,0.19661656022071838,0.27256688475608826,3.023089647293091,2.957869291305542,0.6424837112426758,0.6320731043815613,3.7350926399230957,0.9962607026100159,0.2566453218460083,1.2002432346343994,0.9998152852058411,0.5914380550384521,1.249657154083252,0.9209584593772888,0.9305928945541382,0.009634435176849365,0.07904154062271118,1.1364731788635254,1.1790828704833984,0.04260969161987305
test,455,58.40483856201172,57.46080780029297,-0.94403076171875,0.94403076171875,0.03349108621478081,52.440345764160156,51.446998596191406,-0.99334716796875,0.99334716796875,0.03311874344944954,12.404804229736328,12.03999137878418,-0.36481285095214844,0.36481285095214844,0.01620519533753395,0.48986518383026123,2.394378900527954,0.4751519560813904,2.130005121231079,0.10490340739488602,0.46302729845046997,0.9650170803070068,4.524384021759033,1.069920539855957,4.979552745819092,0.5673025250434875,0.9863179326057434,0.34689420461654663,0.9683985710144043,0.1111111119389534,0.375,0.5732700228691101,0.5799760818481445,0.7294339537620544,0.37765541672706604,0.37853124737739563,0.0008758306503295898,0.5816673636436462,0.5877488851547241,0.811905026435852,0.3716016113758087,0.3725889325141907,0.000987321138381958,0.5732700228691101,0.5799760818481445,0.7294339537620544,0.37765541672706604,0.37853124737739563,0.0008758306503295898,0.07387612760066986,0.07263416796922684,0.11195012927055359,2.1971137523651123,2.2212445735931396,0.7453790307044983,0.7570435404777527,1.3814096450805664,0.19396129250526428,0.1974310576915741,0.2551608681678772,2.993952989578247,2.9058704376220703,0.6477580666542053,0.6397265791893005,3.752385377883911,0.996613085269928,0.2587827146053314,1.201827049255371,0.9998420476913452,0.5943738222122192,1.2496975660324097,0.9179183840751648,0.9272978901863098,0.00937950611114502,0.0820816159248352,1.1404908895492554,1.1746115684509277,0.03412067890167236
test,456,60.499717712402344,57.93284606933594,-2.5668716430664062,2.5668716430664062,0.03559949994087219,54.493499755859375,51.943695068359375,-2.5498046875,2.5498046875,0.0420861542224884,12.085302352905273,12.222421646118164,0.13711929321289062,0.13711929321289062,0.014084652066230774,0.5004522204399109,2.4101457595825195,0.4849303662776947,2.1495471000671387,0.11044912785291672,0.5391222834587097,0.985382616519928,4.559692859649658,1.0958317518234253,5.0876030921936035,0.56038898229599,0.9895548820495605,0.33942466974258423,0.9731642007827759,0.1111111119389534,0.3888888955116272,0.5847371816635132,0.6027752161026001,0.8225268125534058,0.37035641074180603,0.3712211847305298,0.0008647739887237549,0.6316480040550232,0.6544846892356873,0.9967072606086731,0.3581540286540985,0.359225332736969,0.0010713040828704834,0.6316480040550232,0.6544846892356873,0.9967072606086731,0.3581540286540985,0.359225332736969,0.0010713040828704834,0.07389150559902191,0.07597187906503677,0.11511774361133575,2.212230920791626,2.219115972518921,0.7373573184013367,0.7537215948104858,1.3768121004104614,0.2047094702720642,0.20882293581962585,0.3113066256046295,3.0444397926330566,2.965078830718994,0.6345006227493286,0.6255149841308594,3.776174306869507,0.9969792366027832,0.25781241059303284,1.2026140689849854,0.9998664855957031,0.5975749492645264,1.2497304677963257,0.9090034365653992,0.9127028584480286,0.0036994218826293945,0.09099656343460083,1.2209417819976807,1.273820400238037,0.052878618240356445
test,457,62.77009582519531,59.21630859375,-3.5537872314453125,3.5537872314453125,0.0351639948785305,56.50138854980469,53.21862030029297,-3.2827682495117188,3.2827682495117188,0.04178408533334732,13.721075057983398,12.153883934020996,-1.5671911239624023,1.5671911239624023,0.018553277477622032,0.5138882398605347,2.420133113861084,0.5023478269577026,2.207048177719116,0.10867813229560852,0.46691787242889404,1.0162359476089478,4.627181053161621,1.1249141693115234,5.076289176940918,0.5493985414505005,0.9912522435188293,0.3318518400192261,0.9754491448402405,0.125,0.4027777910232544,0.6358842253684998,0.6350816488265991,0.9399711489677429,0.35140007734298706,0.352482408285141,0.0010823309421539307,0.6807259321212769,0.6835063099861145,1.0758962631225586,0.3192732334136963,0.3192734718322754,2.384185791015625e-07,0.6807259321212769,0.6835063099861145,1.0758962631225586,0.3192732334136963,0.3192734718322754,2.384185791015625e-07,0.07527056336402893,0.07100378721952438,0.15788693726062775,2.2209527492523193,2.247343063354492,0.7381998300552368,0.7503286004066467,1.392501950263977,0.20197448134422302,0.19673392176628113,0.2741659879684448,3.0668344497680664,2.952094554901123,0.6383107900619507,0.6338726878166199,3.7490060329437256,0.9970883727073669,0.2587749660015106,1.2037177085876465,0.9998750686645508,0.6024163365364075,1.2497467994689941,0.8973429799079895,0.9048974514007568,0.007554471492767334,0.1026570200920105,1.350756049156189,1.3982354402542114,0.04747939109802246
test,458,64.16187286376953,60.993221282958984,-3.168651580810547,3.168651580810547,0.030878178775310516,57.492794036865234,54.86003112792969,-2.632762908935547,2.632762908935547,0.03124149702489376,13.619311332702637,12.937501907348633,-0.6818094253540039,0.6818094253540039,0.010052826255559921,0.5246403217315674,2.390429735183716,0.5081731081008911,2.0857064723968506,0.11585063487291336,0.4813949763774872,1.032813549041748,4.476136207580566,1.148664116859436,4.944650650024414,0.5399630069732666,0.9872998595237732,0.3247698247432709,0.9631855487823486,0.1527777761220932,0.4027777910232544,0.6045495271682739,0.5987265110015869,0.9638161659240723,0.3643115162849426,0.36603882908821106,0.0017273128032684326,0.6455948948860168,0.6442796587944031,1.067315936088562,0.33208221197128296,0.3325270414352417,0.00044482946395874023,0.6431100368499756,0.6424152255058289,1.0260571241378784,0.33991140127182007,0.3401299715042114,0.00021857023239135742,0.0742000937461853,0.07140225172042847,0.19601669907569885,2.2406399250030518,2.254460096359253,0.7342845797538757,0.7493677139282227,1.3785369396209717,0.20207180082798004,0.19780372083187103,0.27176016569137573,3.1129283905029297,3.0161516666412354,0.6378629207611084,0.6320226192474365,3.7598726749420166,0.996711254119873,0.2566303014755249,1.201095700263977,0.9998446702957153,0.606189489364624,1.2496955394744873,0.9082707762718201,0.9150792956352234,0.00680851936340332,0.09172922372817993,1.3295954465866089,1.373900055885315,0.044304609298706055
test,459,65.10098266601562,62.577571868896484,-2.5234107971191406,2.5234107971191406,0.03283512219786644,58.5275993347168,56.17643356323242,-2.351165771484375,2.351165771484375,0.026555350050330162,12.780935287475586,13.278430938720703,0.4974956512451172,0.4974956512451172,0.012760083191096783,0.5367148518562317,2.3834879398345947,0.5197588801383972,2.141836404800415,0.11802339553833008,0.4961889088153839,1.0564736127853394,4.52532434463501,1.174497127532959,5.01552152633667,0.5294034481048584,0.9880938529968262,0.3172266185283661,0.9595271348953247,0.1666666716337204,0.4166666567325592,0.6400796175003052,0.6342755556106567,0.9977391958236694,0.34323298931121826,0.3449791669845581,0.0017461776733398438,0.6015698313713074,0.5972208976745605,0.9574158787727356,0.34752047061920166,0.34945541620254517,0.0019349455833435059,0.5613036155700684,0.5577083230018616,0.9170905351638794,0.35523250699043274,0.356770783662796,0.0015382766723632812,0.07363459467887878,0.07277841866016388,0.15426120162010193,2.247711181640625,2.247136354446411,0.7288600206375122,0.7454281449317932,1.3721526861190796,0.1974155753850937,0.18813715875148773,0.3148464560508728,3.094881296157837,2.9959030151367188,0.642145574092865,0.6385104060173035,3.712589979171753,0.996964156627655,0.25670111179351807,1.202337622642517,0.9998636245727539,0.6096410751342773,1.249725341796875,0.894116997718811,0.903232991695404,0.009115993976593018,0.10588300228118896,1.398335576057434,1.4494158029556274,0.05108022689819336
test,460,65.79720306396484,63.83929443359375,-1.9579086303710938,1.9579086303710938,0.03680397570133209,58.105037689208984,57.3520393371582,-0.7529983520507812,0.7529983520507812,0.02961847558617592,13.045042037963867,13.029706001281738,-0.015336036682128906,0.015336036682128906,0.010655486956238747,0.5473027229309082,2.4857168197631836,0.529608964920044,2.1874778270721436,0.11550405621528625,0.5310037136077881,1.0769115686416626,4.673194885253906,1.192415714263916,5.199048042297363,0.5246608257293701,0.9892988801002502,0.3106733560562134,0.9601200819015503,0.1527777761220932,0.4027777910232544,0.5993507504463196,0.5804849863052368,0.9554427862167358,0.36708030104637146,0.3690621852874756,0.001981884241104126,0.6300985813140869,0.6173219084739685,0.9288384318351746,0.3330027163028717,0.3343934416770935,0.0013907253742218018,0.5898482203483582,0.5746691226959229,0.8266722559928894,0.34154945611953735,0.3425711691379547,0.0010217130184173584,0.07281333208084106,0.07144633680582047,0.1379525512456894,2.2448854446411133,2.233654499053955,0.7286006212234497,0.7436932921409607,1.3677226305007935,0.19415448606014252,0.19765712320804596,0.29235711693763733,3.0552430152893066,2.950906276702881,0.6464813351631165,0.6452445983886719,3.6879231929779053,0.9975131750106812,0.2571105659008026,1.2046754360198975,0.9999001026153564,0.6102982759475708,1.2497806549072266,0.9095177054405212,0.9186658263206482,0.009148120880126953,0.09048229455947876,1.3906198740005493,1.4176756143569946,0.027055740356445312
test,461,65.16857147216797,64.81827545166016,-0.3502960205078125,0.3502960205078125,0.02474423497915268,58.00352096557617,57.72856140136719,-0.2749595642089844,0.2749595642089844,0.02453426457941532,14.20466136932373,13.037397384643555,-1.1672639846801758,1.1672639846801758,0.012264578603208065,0.5496509075164795,2.525233507156372,0.5296108722686768,2.2411112785339355,0.11455541104078293,0.5296542644500732,1.0792617797851562,4.766345024108887,1.1938172578811646,5.278387069702148,0.5249350666999817,0.9908434748649597,0.3058588206768036,0.9695996046066284,0.1527777761220932,0.4305555522441864,0.6299101710319519,0.6213306188583374,0.9851406216621399,0.3336421549320221,0.33501729369163513,0.0013751387596130371,0.668122410774231,0.6624239087104797,1.0255857706069946,0.30805277824401855,0.30974069237709045,0.0016879141330718994,0.6618807911872864,0.6563320755958557,0.9599096775054932,0.3192913234233856,0.3210490643978119,0.0017577409744262695,0.07116197794675827,0.06963764876127243,0.1372033804655075,2.2079036235809326,2.202669382095337,0.7338880896568298,0.7513843178749084,1.3710927963256836,0.19706544280052185,0.19531367719173431,0.29997536540031433,3.012598991394043,2.921424150466919,0.65201735496521,0.645831286907196,3.752309799194336,0.9977328777313232,0.2566940486431122,1.2059423923492432,0.9999141693115234,0.609951376914978,1.2498036623001099,0.900786817073822,0.9070530533790588,0.006266236305236816,0.09921318292617798,1.3349201679229736,1.3846324682235718,0.049712300300598145
test,462,65.53604888916016,64.99344635009766,-0.5426025390625,0.5426025390625,0.023061994463205338,58.51735305786133,57.866065979003906,-0.6512870788574219,0.6512870788574219,0.02220490574836731,14.118457794189453,13.621051788330078,-0.497406005859375,0.497406005859375,0.014878652058541775,0.5513132810592651,2.6313893795013428,0.529104471206665,2.3173274993896484,0.11665965616703033,0.4841594398021698,1.0804177522659302,4.94871711730957,1.1970773935317993,5.416459083557129,0.5254276394844055,0.9925447702407837,0.3060089647769928,0.9733949303627014,0.1666666716337204,0.4305555522441864,0.6256101727485657,0.6247976422309875,0.9778673052787781,0.33588141202926636,0.3372383117675781,0.0013568997383117676,0.6652663350105286,0.665661096572876,1.0197317600250244,0.310354083776474,0.3120559751987457,0.0017018914222717285,0.6181915998458862,0.6186634302139282,0.8522889018058777,0.3307677209377289,0.33225753903388977,0.0014898180961608887,0.07098203897476196,0.07084860652685165,0.168815478682518,2.191373109817505,2.2009949684143066,0.739916205406189,0.7526065111160278,1.3722138404846191,0.18568189442157745,0.18821458518505096,0.24455124139785767,2.981780767440796,2.8869495391845703,0.6615759134292603,0.6565081477165222,3.7220418453216553,0.9980694651603699,0.25780224800109863,1.2083065509796143,0.9999343156814575,0.6097614765167236,1.249838948249817,0.8921952843666077,0.8991600871086121,0.0069648027420043945,0.10780471563339233,1.3665424585342407,1.4139634370803833,0.04742097854614258
test,463,67.10050964355469,65.2647705078125,-1.8357391357421875,1.8357391357421875,0.025867605581879616,59.464752197265625,58.191734313964844,-1.2730178833007812,1.2730178833007812,0.021616866812109947,13.828115463256836,13.869778633117676,0.041663169860839844,0.041663169860839844,0.015418272465467453,0.5488170981407166,2.5478906631469727,0.5296280384063721,2.3035285472869873,0.1203828677535057,0.5361870527267456,1.0784449577331543,4.847863674163818,1.1988279819488525,5.364311218261719,0.5267821550369263,0.9932576417922974,0.30393704771995544,0.9750227332115173,0.1527777761220932,0.4583333432674408,0.6654647588729858,0.666357696056366,1.018599033355713,0.31252947449684143,0.31391751766204834,0.0013880431652069092,0.6654647588729858,0.666357696056366,1.018599033355713,0.31252947449684143,0.31391751766204834,0.0013880431652069092,0.6184288263320923,0.620768129825592,0.8495826125144958,0.33335888385772705,0.33455178141593933,0.0011928975582122803,0.07044468820095062,0.07059387862682343,0.10920899361371994,2.1982083320617676,2.1965339183807373,0.7412712574005127,0.7546027898788452,1.3688092231750488,0.18913792073726654,0.18888665735721588,0.2486855834722519,3.0129048824310303,2.945303440093994,0.6523948311805725,0.6439181566238403,3.733813524246216,0.9979307651519775,0.25735563039779663,1.2072069644927979,0.9999262094497681,0.6107792854309082,1.2498244047164917,0.9053667187690735,0.9106546640396118,0.00528794527053833,0.09463328123092651,1.3681715726852417,1.4111045598983765,0.042932987213134766
test,464,67.90958404541016,66.18266296386719,-1.7269210815429688,1.7269210815429688,0.03006204031407833,60.34041976928711,58.82826232910156,-1.5121574401855469,1.5121574401855469,0.03093014843761921,14.994234085083008,13.848970413208008,-1.145263671875,1.145263671875,0.015996940433979034,0.5552302002906799,2.5879135131835938,0.5325955748558044,2.2901759147644043,0.11857843399047852,0.4996359646320343,1.0878257751464844,4.878089427947998,1.206404209136963,5.3636555671691895,0.5265175700187683,0.9933149814605713,0.30409565567970276,0.97516268491745,0.1527777761220932,0.4583333432674408,0.6659160852432251,0.6569678783416748,1.0233771800994873,0.31104859709739685,0.3125412166118622,0.001492619514465332,0.6317679286003113,0.636525571346283,0.9397784471511841,0.33427292108535767,0.33602288365364075,0.001749962568283081,0.6208004951477051,0.6265789866447449,0.914255678653717,0.34275415539741516,0.3445591628551483,0.0018050074577331543,0.0709875151515007,0.07185928523540497,0.1099471002817154,2.1998605728149414,2.2008161544799805,0.7404913902282715,0.7549043297767639,1.3685908317565918,0.18687523901462555,0.1848517805337906,0.24950645864009857,3.0034689903259277,2.895188808441162,0.6550751328468323,0.6521303653717041,3.793614149093628,0.9979667663574219,0.25742942094802856,1.2074275016784668,0.9999279975891113,0.6109655499458313,1.249827265739441,0.9012576341629028,0.9062880277633667,0.005030393600463867,0.09874236583709717,1.253902792930603,1.2812738418579102,0.02737104892730713
test,465,67.71635437011719,67.04615020751953,-0.6702041625976562,0.6702041625976562,0.028629355132579803,61.006317138671875,59.5843620300293,-1.4219551086425781,1.4219551086425781,0.024733630940318108,13.941164016723633,14.421625137329102,0.48046112060546875,0.48046112060546875,0.015285957604646683,0.5613737106323242,2.5893280506134033,0.5377532243728638,2.3282175064086914,0.12446632981300354,0.5812014937400818,1.0991268157958984,4.912807464599609,1.2235932350158691,5.482204437255859,0.5252213478088379,0.9924109578132629,0.3014792203903198,0.9743015766143799,0.1527777761220932,0.4583333432674408,0.6613852381706238,0.6610241532325745,1.0254806280136108,0.31608736515045166,0.31764087080955505,0.0015535056591033936,0.6185616850852966,0.6232055425643921,0.9814890027046204,0.3367915451526642,0.338519424200058,0.0017278790473937988,0.6126001477241516,0.6170642971992493,0.9133269190788269,0.34832268953323364,0.3501352071762085,0.0018125176429748535,0.07124969363212585,0.0712684839963913,0.11355222761631012,2.1924619674682617,2.20028018951416,0.7418519854545593,0.7572973370552063,1.3723535537719727,0.18310366570949554,0.18183661997318268,0.2670573890209198,2.9833788871765137,2.8373982906341553,0.6590527892112732,0.6586728096008301,3.844853639602661,0.9981780052185059,0.25715917348861694,1.2082875967025757,0.9999390840530396,0.6111329197883606,1.2498445510864258,0.9060736894607544,0.9101835489273071,0.004109859466552734,0.0939263105392456,1.3404651880264282,1.3911163806915283,0.0506511926651001
test,466,68.825927734375,67.38127136230469,-1.4446563720703125,1.4446563720703125,0.03240715712308884,61.541778564453125,60.29536437988281,-1.2464141845703125,1.2464141845703125,0.03331597521901131,15.059968948364258,14.181417465209961,-0.8785514831542969,0.8785514831542969,0.018481798470020294,0.5626989603042603,2.72363543510437,0.5410804748535156,2.4023091793060303,0.12349559366703033,0.6043933629989624,1.1037793159484863,5.116961479187012,1.227275013923645,5.720662593841553,0.52796471118927,0.990084171295166,0.30035534501075745,0.9705384969711304,0.1527777761220932,0.4444444477558136,0.6238861680030823,0.6269031167030334,0.9891737699508667,0.33546459674835205,0.3371662199497223,0.0017016232013702393,0.5857422947883606,0.5881364941596985,0.9506884813308716,0.3521760106086731,0.353885680437088,0.001709669828414917,0.5843894481658936,0.5868563652038574,0.947767972946167,0.3608115613460541,0.36218178272247314,0.0013702213764190674,0.071614108979702,0.07282529771327972,0.11803428083658218,2.187100887298584,2.197275161743164,0.7435232400894165,0.758726179599762,1.3718210458755493,0.1795736849308014,0.1873447597026825,0.2533032298088074,2.967677354812622,2.8084592819213867,0.6623354554176331,0.6625886559486389,3.803712844848633,0.9985656142234802,0.2589978277683258,1.2109870910644531,0.9999583959579468,0.6100001335144043,1.2498795986175537,0.9000300168991089,0.90559321641922,0.005563199520111084,0.09996998310089111,1.3474903106689453,1.4109365940093994,0.0634462833404541
test,467,67.70396423339844,68.10362243652344,0.399658203125,0.399658203125,0.02527310699224472,59.55256652832031,60.9185905456543,1.3660240173339844,1.3660240173339844,0.028112130239605904,13.998594284057617,14.62071704864502,0.6221227645874023,0.6221227645874023,0.013084512203931808,0.5711942911148071,2.6920604705810547,0.5531880855560303,2.3621227741241455,0.12531845271587372,0.5182649493217468,1.1243822574615479,5.048837661743164,1.2497007846832275,5.557992935180664,0.5220498442649841,0.9875797629356384,0.29314595460891724,0.9693930149078369,0.1527777761220932,0.4722222089767456,0.7041379809379578,0.7076511383056641,1.1439061164855957,0.28525635600090027,0.2852778732776642,2.1517276763916016e-05,0.6653216481208801,0.6719855070114136,1.1031172275543213,0.3026018738746643,0.30264416337013245,4.228949546813965e-05,0.622494637966156,0.630648672580719,0.9954867959022522,0.3461225926876068,0.34623730182647705,0.00011470913887023926,0.07235315442085266,0.07391077280044556,0.12499897927045822,2.2016446590423584,2.2151763439178467,0.7416590452194214,0.7559893131256104,1.3706468343734741,0.18322622776031494,0.18120156228542328,0.25717905163764954,2.9946460723876953,2.805314540863037,0.6567872166633606,0.6666992902755737,3.7999095916748047,0.9983850717544556,0.2591545879840851,1.209967017173767,0.9999498128890991,0.6137743592262268,1.2498648166656494,0.9044202566146851,0.9057103991508484,0.00129014253616333,0.09557974338531494,1.3109937906265259,1.3917421102523804,0.08074831962585449
test,468,66.291015625,67.90381622314453,1.6128005981445312,1.6128005981445312,0.024942249059677124,59.781578063964844,60.23560333251953,0.4540252685546875,0.4540252685546875,0.02636651322245598,13.772737503051758,14.309677124023438,0.5369396209716797,0.5369396209716797,0.011379227042198181,0.5714881420135498,2.6797804832458496,0.5512751936912537,2.356735944747925,0.12549740076065063,0.6011793613433838,1.1227632761001587,5.02916145324707,1.248260736465454,5.625191688537598,0.52242112159729,0.9893104434013367,0.2945317029953003,0.973240852355957,0.1527777761220932,0.4444444477558136,0.6334388256072998,0.652908205986023,1.0731356143951416,0.3189160227775574,0.31897369027137756,5.766749382019043e-05,0.628236711025238,0.6483045816421509,1.016769289970398,0.33471375703811646,0.33521077036857605,0.0004970133304595947,0.6265254020690918,0.6461602449417114,0.9998370409011841,0.34295591711997986,0.3432311713695526,0.0002752542495727539,0.0728386789560318,0.07526200264692307,0.11901742219924927,2.2155022621154785,2.232668399810791,0.7388725280761719,0.7523074746131897,1.3709348440170288,0.1818951666355133,0.1884070336818695,0.27945083379745483,3.013612985610962,2.81038236618042,0.6536579132080078,0.6676443815231323,3.8085787296295166,0.9984525442123413,0.2586328983306885,1.209832787513733,0.9999525547027588,0.6126391887664795,1.2498674392700195,0.9074299335479736,0.9119782447814941,0.004548311233520508,0.09257006645202637,1.285206913948059,1.3507119417190552,0.0655050277709961
test,469,67.03771209716797,67.0974349975586,0.059722900390625,0.059722900390625,0.027641121298074722,60.038482666015625,60.00861358642578,-0.02986907958984375,0.02986907958984375,0.029718948528170586,14.018317222595215,14.041231155395508,0.02291393280029297,0.02291393280029297,0.014187272638082504,0.5687059760093689,2.7293543815612793,0.551308274269104,2.395021438598633,0.12541887164115906,0.58646559715271,1.1200141906738281,5.122727394104004,1.2454332113265991,5.696525573730469,0.5267398357391357,0.9893755912780762,0.30047690868377686,0.9716354012489319,0.1527777761220932,0.4305555522441864,0.6426330804824829,0.6363018155097961,1.082259178161621,0.31247013807296753,0.31216564774513245,-0.000304490327835083,0.6413557529449463,0.6350858211517334,1.080981731414795,0.3300415575504303,0.32989200949668884,-0.00014954805374145508,0.6362847089767456,0.6292695999145508,1.0090817213058472,0.3526386320590973,0.3530953526496887,0.00045672059059143066,0.07392825186252594,0.07566719502210617,0.12173591554164886,2.21016263961792,2.2278223037719727,0.7399837970733643,0.7536498308181763,1.3803611993789673,0.1836797297000885,0.18732813000679016,0.2739272117614746,3.007423162460327,2.8049545288085938,0.6537007689476013,0.6679255366325378,3.8427252769470215,0.9985716342926025,0.2584637403488159,1.210895299911499,0.9999583959579468,0.6124882698059082,1.249879002571106,0.910754919052124,0.9130915403366089,0.0023366212844848633,0.08924508094787598,1.2762600183486938,1.3333882093429565,0.057128190994262695
test,470,67.52896881103516,67.06759643554688,-0.46137237548828125,0.46137237548828125,0.028610818088054657,60.340335845947266,60.02357482910156,-0.3167610168457031,0.3167610168457031,0.028395364060997963,14.061542510986328,14.02979850769043,-0.03174400329589844,0.03174400329589844,0.009136824868619442,0.5711761713027954,2.729891061782837,0.5557535886764526,2.4650566577911377,0.12565888464450836,0.6661220788955688,1.126929759979248,5.193569660186768,1.2525887489318848,5.851681709289551,0.5248298645019531,0.9915093183517456,0.29808297753334045,0.9711905717849731,0.1527777761220932,0.4305555522441864,0.6394665241241455,0.6295252442359924,1.0789415836334229,0.316824734210968,0.3166128993034363,-0.00021183490753173828,0.5922490358352661,0.5866966843605042,0.9668298959732056,0.36950990557670593,0.37107616662979126,0.0015662610530853271,0.5854714512825012,0.5809154510498047,0.8915656208992004,0.39153221249580383,0.3936746120452881,0.002142399549484253,0.07418648898601532,0.07539627701044083,0.12941481173038483,2.1783945560455322,2.197852373123169,0.7468322515487671,0.7607260942459106,1.3926447629928589,0.18444927036762238,0.18943753838539124,0.26729294657707214,2.9858195781707764,2.791600227355957,0.6595098376274109,0.6680817008018494,3.870593547821045,0.9987502098083496,0.259145051240921,1.212043285369873,0.9999665021896362,0.612014889717102,1.2498939037322998,0.9112618565559387,0.9138550758361816,0.00259321928024292,0.08873814344406128,1.2385094165802002,1.2908095121383667,0.052300095558166504
test,471,68.47381591796875,67.29830932617188,-1.175506591796875,1.175506591796875,0.025704005733132362,60.8510856628418,60.18198013305664,-0.6691055297851562,0.6691055297851562,0.024751098826527596,13.672536849975586,14.045692443847656,0.3731555938720703,0.3731555938720703,0.011492333374917507,0.5758537650108337,2.787053108215332,0.5603253841400146,2.5389883518218994,0.12614671885967255,0.650360107421875,1.1361790895462036,5.326041221618652,1.2623258829116821,5.968812942504883,0.5214345455169678,0.9812771677970886,0.2952849268913269,0.9404194355010986,0.1527777761220932,0.4027777910232544,0.5894654989242554,0.5964396595954895,0.9684860110282898,0.3713213801383972,0.3729420304298401,0.001620650291442871,0.5911380052566528,0.5982624888420105,0.9714242219924927,0.35324689745903015,0.35472550988197327,0.0014786124229431152,0.5899158120155334,0.5969605445861816,0.9685607552528381,0.3621021807193756,0.36359962821006775,0.0014974474906921387,0.07478930801153183,0.07615078240633011,0.12843552231788635,2.1742656230926514,2.196284294128418,0.7463833689689636,0.7605657577514648,1.405216932296753,0.18664784729480743,0.17861953377723694,0.2748093008995056,2.9862444400787354,2.7845215797424316,0.6606956720352173,0.669612467288971,3.87874174118042,0.9988920092582703,0.258951872587204,1.2136486768722534,0.9999727010726929,0.6121414303779602,1.2499078512191772,0.9032751321792603,0.9059733152389526,0.002698183059692383,0.09672486782073975,1.3872098922729492,1.4658708572387695,0.07866096496582031
test,472,67.67727661132812,67.88607788085938,0.20880126953125,0.20880126953125,0.02227519080042839,60.56924819946289,60.51655578613281,-0.052692413330078125,0.052692413330078125,0.018610605970025063,14.711695671081543,13.859137535095215,-0.8525581359863281,0.8525581359863281,0.009945235215127468,0.5820761322975159,2.7674622535705566,0.5655850768089294,2.460170030593872,0.12566064298152924,0.6554096937179565,1.1476612091064453,5.227632522583008,1.2733218669891357,5.876465797424316,0.5181781053543091,0.9719089865684509,0.2912853956222534,0.9268598556518555,0.1527777761220932,0.4305555522441864,0.5947198867797852,0.5952073335647583,0.9816022515296936,0.34940305352211,0.3507634103298187,0.0013603568077087402,0.6376575231552124,0.6416904330253601,1.0889195203781128,0.31632378697395325,0.3162149488925934,-0.00010883808135986328,0.6308321952819824,0.635089099407196,1.0117162466049194,0.33745089173316956,0.3380116820335388,0.0005607903003692627,0.07536449283361435,0.07470803707838058,0.12792690098285675,2.1801774501800537,2.202995538711548,0.7470638751983643,0.7618193030357361,1.4132192134857178,0.18157429993152618,0.18845556676387787,0.260890930891037,2.959038734436035,2.7522237300872803,0.663427472114563,0.6754216551780701,3.87445330619812,0.9987900853157043,0.2596747577190399,1.2123839855194092,0.9999682903289795,0.6141515970230103,1.2498973608016968,0.9090237617492676,0.9075340032577515,-0.0014897584915161133,0.09097623825073242,1.2762354612350464,1.3454278707504272,0.06919240951538086
test,473,68.33329772949219,67.78170013427734,-0.5515975952148438,0.5515975952148438,0.02986912615597248,61.56744384765625,60.54292678833008,-1.0245170593261719,1.0245170593261719,0.031189097091555595,14.028364181518555,14.285440444946289,0.2570762634277344,0.2570762634277344,0.01442334707826376,0.5825545787811279,2.766493082046509,0.5659005641937256,2.43930983543396,0.1283135861158371,0.6522253751754761,1.1484551429748535,5.205802917480469,1.2767688035964966,5.853703498840332,0.5168578624725342,0.974795937538147,0.29295676946640015,0.9375358819961548,0.1805555522441864,0.4305555522441864,0.5949636697769165,0.5908670425415039,0.981948733329773,0.3456384539604187,0.34724506735801697,0.0016066133975982666,0.6396748423576355,0.6370257139205933,1.0896525382995605,0.31351134181022644,0.31334617733955383,-0.00016516447067260742,0.6396748423576355,0.6370257139205933,1.0896525382995605,0.31351134181022644,0.31334617733955383,-0.00016516447067260742,0.07485266774892807,0.07192555069923401,0.12961919605731964,2.184173345565796,2.2004048824310303,0.7442718148231506,0.7595701813697815,1.4099724292755127,0.1858774572610855,0.1819668859243393,0.2714553773403168,2.9803171157836914,2.7702291011810303,0.6600050330162048,0.6712660193443298,3.857473373413086,0.9987700581550598,0.2592296898365021,1.212117075920105,0.9999672174453735,0.6150442957878113,1.2498947381973267,0.8922290802001953,0.8970462083816528,0.0048171281814575195,0.10777091979980469,1.3642340898513794,1.4085744619369507,0.04434037208557129
test,474,68.20462036132812,68.05752563476562,-0.1470947265625,0.1470947265625,0.027284756302833557,61.02027130126953,61.055206298828125,0.03493499755859375,0.03493499755859375,0.026365183293819427,14.51121711730957,14.156925201416016,-0.3542919158935547,0.3542919158935547,0.012381460517644882,0.5840820670127869,2.7446539402008057,0.5698978900909424,2.4969074726104736,0.12546572089195251,0.5879338979721069,1.1539798974990845,5.241561412811279,1.2794456481933594,5.819711208343506,0.5136001110076904,0.9822925925254822,0.29326486587524414,0.9552929401397705,0.1388888955116272,0.4444444477558136,0.6351894736289978,0.6378889679908752,1.0147444009780884,0.3202287554740906,0.3219295144081116,0.001700758934020996,0.6351894736289978,0.6378889679908752,1.0147444009780884,0.3202287554740906,0.3219295144081116,0.001700758934020996,0.6338711977005005,0.6366574168205261,1.012062668800354,0.3293280601501465,0.3310706913471222,0.001742631196975708,0.07324565201997757,0.07392609864473343,0.1282290369272232,2.1945042610168457,2.2158541679382324,0.7431230545043945,0.7557858228683472,1.3995579481124878,0.18379241228103638,0.1906212866306305,0.26543059945106506,2.971153736114502,2.7654788494110107,0.6623287200927734,0.6739171147346497,3.86462140083313,0.9987578392028809,0.2600747346878052,1.212659478187561,0.999967098236084,0.6171191930770874,1.2498971223831177,0.9087802767753601,0.9130761027336121,0.004295825958251953,0.09121972322463989,1.2993152141571045,1.3717604875564575,0.07244527339935303
test,475,69.97579193115234,68.13108825683594,-1.8447036743164062,1.8447036743164062,0.023561423644423485,61.73448181152344,61.03776550292969,-0.69671630859375,0.69671630859375,0.027903901413083076,14.049904823303223,14.334094047546387,0.28418922424316406,0.28418922424316406,0.011346002109348774,0.5811951160430908,2.6408238410949707,0.5699313282966614,2.4167115688323975,0.12929394841194153,0.6082890629768372,1.1511263847351074,5.057535171508789,1.2804203033447266,5.656160831451416,0.5132970809936523,0.9863812327384949,0.2919718325138092,0.9641312956809998,0.1666666716337204,0.4583333432674408,0.6816170811653137,0.6588277816772461,1.1267703771591187,0.287051796913147,0.2869061231613159,-0.0001456737518310547,0.672614336013794,0.6584059596061707,1.0549380779266357,0.3045238256454468,0.30598363280296326,0.0014598071575164795,0.666868269443512,0.6518716812133789,0.9820578098297119,0.3160078227519989,0.3177080750465393,0.0017002522945404053,0.07322145998477936,0.07272709906101227,0.12296441942453384,2.202514886856079,2.219970703125,0.7435252666473389,0.7564151287078857,1.4076300859451294,0.18925485014915466,0.187089741230011,0.2798442840576172,3.0337328910827637,2.827155113220215,0.6518955826759338,0.6645677089691162,3.840135335922241,0.9985242486000061,0.2603086233139038,1.2104597091674805,0.9999562501907349,0.617158055305481,1.2498748302459717,0.9026448726654053,0.9102984070777893,0.007653534412384033,0.09735512733459473,1.3430886268615723,1.4050241708755493,0.06193554401397705
test,476,67.96894836425781,69.05345916748047,1.0845108032226562,1.0845108032226562,0.029684990644454956,61.524070739746094,61.386138916015625,-0.13793182373046875,0.13793182373046875,0.030902398750185966,13.83987045288086,14.192022323608398,0.35215187072753906,0.35215187072753906,0.013060782104730606,0.5863476395606995,2.6426236629486084,0.5674071311950684,2.3444948196411133,0.12684985995292664,0.6103184819221497,1.1537548303604126,4.987118721008301,1.2806047201156616,5.589730262756348,0.5099421739578247,0.9892821907997131,0.2868751287460327,0.9704826474189758,0.1666666716337204,0.4722222089767456,0.7078122496604919,0.6985501646995544,1.1466624736785889,0.2815490663051605,0.28143149614334106,-0.00011757016181945801,0.665007472038269,0.6570563316345215,1.0392276048660278,0.31512466073036194,0.31637251377105713,0.0012478530406951904,0.641604483127594,0.6425349712371826,0.9639862775802612,0.3311859667301178,0.3327423632144928,0.001556396484375,0.07262471318244934,0.07163087278604507,0.13069847226142883,2.2024827003479004,2.220946788787842,0.742613673210144,0.7556068301200867,1.3993604183197021,0.19042164087295532,0.1842297464609146,0.2859051525592804,3.001823902130127,2.7984352111816406,0.6502793431282043,0.6651538014411926,3.8444948196411133,0.998429000377655,0.2592112720012665,1.2093944549560547,0.9999510049819946,0.6170191764831543,1.2498635053634644,0.8997507691383362,0.9031512141227722,0.003400444984436035,0.10024923086166382,1.246482491493225,1.3039274215698242,0.05744493007659912
test,477,68.79931640625,68.51123046875,-0.2880859375,0.2880859375,0.02727031707763672,61.196983337402344,61.45512390136719,0.25814056396484375,0.25814056396484375,0.0301092267036438,14.160572052001953,14.015968322753906,-0.14460372924804688,0.14460372924804688,0.011678237468004227,0.5840995907783508,2.7062673568725586,0.5672184228897095,2.3880441188812256,0.1255841851234436,0.5967743992805481,1.151318073272705,5.094311714172363,1.2769023180007935,5.672938823699951,0.5120747089385986,0.9903357625007629,0.2890688180923462,0.9726053476333618,0.1666666716337204,0.4583333432674408,0.6614754796028137,0.6608619093894958,1.0368443727493286,0.31910440325737,0.3204154968261719,0.0013110935688018799,0.6610274314880371,0.6603578329086304,1.0352462530136108,0.31955236196517944,0.32086342573165894,0.0013110637664794922,0.6420702338218689,0.6412209868431091,0.9656299352645874,0.33220386505126953,0.3338688015937805,0.0016649365425109863,0.07144837081432343,0.07240254431962967,0.13539864122867584,2.1915037631988525,2.211512804031372,0.7477557063102722,0.7585296630859375,1.3946194648742676,0.18532343208789825,0.18493688106536865,0.28614065051078796,2.986318826675415,2.7864558696746826,0.6536853313446045,0.6661471128463745,3.821709394454956,0.998572587966919,0.2600206136703491,1.2105838060379028,0.9999581575393677,0.6145820617675781,1.2498772144317627,0.9034172296524048,0.905474841594696,0.0020576119422912598,0.09658277034759521,1.2478408813476562,1.289953589439392,0.04211270809173584
test,478,67.3658447265625,68.6552963256836,1.2894515991210938,1.2894515991210938,0.02762077935039997,60.40022277832031,61.326080322265625,0.9258575439453125,0.9258575439453125,0.030198361724615097,14.367559432983398,14.08829402923584,-0.2792654037475586,0.2792654037475586,0.01407026220113039,0.5813673734664917,2.7001404762268066,0.5613483190536499,2.3751564025878906,0.12470841407775879,0.5769325494766235,1.1427158117294312,5.075296878814697,1.2674241065979004,5.631134033203125,0.5142988562583923,0.9876260161399841,0.28978368639945984,0.9678548574447632,0.1666666716337204,0.4583333432674408,0.6611693501472473,0.6784076690673828,1.0348840951919556,0.3199504613876343,0.32122600078582764,0.0012755393981933594,0.660693347454071,0.6779110431671143,1.0333786010742188,0.32042640447616577,0.3217019736766815,0.001275569200515747,0.6416463851928711,0.6624866127967834,0.9610666036605835,0.3334636986255646,0.33524560928344727,0.0017819106578826904,0.07209975272417068,0.076592355966568,0.12214139103889465,2.1962225437164307,2.220151662826538,0.7472401261329651,0.7569220662117004,1.3939367532730103,0.18418458104133606,0.17975156009197235,0.27786099910736084,2.9815101623535156,2.769008159637451,0.6530221700668335,0.6708152294158936,3.8657944202423096,0.9985070824623108,0.2589751183986664,1.2102125883102417,0.9999551773071289,0.6136945486068726,1.249872088432312,0.9133051633834839,0.917262613773346,0.0039574503898620605,0.08669483661651611,1.20050847530365,1.22914719581604,0.028638720512390137
test,479,66.86679077148438,68.0105972290039,1.1438064575195312,1.1438064575195312,0.024925880134105682,60.86935043334961,60.86317825317383,-0.00617218017578125,0.00617218017578125,0.027861300855875015,13.77448844909668,14.227949142456055,0.453460693359375,0.453460693359375,0.013880991376936436,0.5778514742851257,2.6433846950531006,0.5605312585830688,2.3327906131744385,0.12483995407819748,0.6209585666656494,1.1383826732635498,4.976175308227539,1.263222575187683,5.58167839050293,0.5173708200454712,0.9861115217208862,0.29549354314804077,0.9670270085334778,0.1666666716337204,0.4305555522441864,0.6368153691291809,0.652677059173584,1.0194571018218994,0.3280830681324005,0.32915621995925903,0.0010731518268585205,0.6368153691291809,0.652677059173584,1.0194571018218994,0.3280830681324005,0.32915621995925903,0.0010731518268585205,0.630961000919342,0.6471496224403381,0.9547243714332581,0.34163957834243774,0.3432271182537079,0.0015875399112701416,0.07456409931182861,0.07680720835924149,0.12041577696800232,2.2167723178863525,2.2425243854522705,0.7443047761917114,0.7558498978614807,1.4089362621307373,0.18265600502490997,0.179900124669075,0.28512611985206604,2.9406566619873047,2.737577199935913,0.6630703806877136,0.6757009625434875,3.908501625061035,0.9983968138694763,0.2579362690448761,1.209078073501587,0.9999494552612305,0.6145724058151245,1.2498602867126465,0.9157945513725281,0.920425534248352,0.004630982875823975,0.08420544862747192,1.2560726404190063,1.2729921340942383,0.016919493675231934
test,480,66.5469970703125,67.438720703125,0.8917236328125,0.8917236328125,0.02387416921555996,59.198463439941406,60.86628723144531,1.6678237915039062,1.6678237915039062,0.02860252745449543,13.91535472869873,14.001242637634277,0.08588790893554688,0.08588790893554688,0.009189661592245102,0.5727534294128418,2.6713192462921143,0.5600128173828125,2.3758561611175537,0.12117660045623779,0.5415289402008057,1.1327662467956543,5.047175407409668,1.2539429664611816,5.56788969039917,0.5229262113571167,0.9864113330841064,0.301596999168396,0.9680271744728088,0.1666666716337204,0.4305555522441864,0.6447464823722839,0.657588005065918,1.0320379734039307,0.323626309633255,0.32471340894699097,0.001087099313735962,0.641638457775116,0.6550726890563965,1.0288619995117188,0.3243567943572998,0.3256506323814392,0.0012938380241394043,0.6359414458274841,0.649921715259552,0.9624646902084351,0.33688223361968994,0.3386136591434479,0.0017314255237579346,0.0761326402425766,0.07823861390352249,0.13056136667728424,2.219484806060791,2.2460267543792725,0.7428191900253296,0.7556577324867249,1.418398380279541,0.17885929346084595,0.18374620378017426,0.2850028872489929,2.940904140472412,2.763188123703003,0.6638150215148926,0.6701418161392212,3.912184476852417,0.9984063506126404,0.25818589329719543,1.2099120616912842,0.999950647354126,0.6134296655654907,1.2498655319213867,0.9352493286132812,0.9412162899971008,0.00596696138381958,0.06475067138671875,1.0591131448745728,1.094519853591919,0.03540670871734619
test,481,65.56578063964844,66.99288177490234,1.4271011352539062,1.4271011352539062,0.023607032373547554,58.66551208496094,60.03240203857422,1.3668899536132812,1.3668899536132812,0.026712771505117416,13.397420883178711,13.958321571350098,0.5609006881713867,0.5609006881713867,0.011327024549245834,0.5679953694343567,2.625873565673828,0.554465115070343,2.3798482418060303,0.1210501566529274,0.5325658321380615,1.1224606037139893,5.0057220458984375,1.2435107231140137,5.522374153137207,0.5270604491233826,0.9865525364875793,0.304841011762619,0.9669983386993408,0.1805555522441864,0.4305555522441864,0.6510780453681946,0.6489806175231934,1.0426801443099976,0.3208349943161011,0.3216044008731842,0.0007694065570831299,0.6486384868621826,0.6467929482460022,1.0412139892578125,0.32095181941986084,0.3218615651130676,0.0009097456932067871,0.6486384868621826,0.6467929482460022,1.0412139892578125,0.32095181941986084,0.3218615651130676,0.0009097456932067871,0.07706577330827713,0.07569664716720581,0.12137648463249207,2.2284555435180664,2.2579290866851807,0.742398202419281,0.7548162937164307,1.417275309562683,0.181650772690773,0.18604731559753418,0.2955724895000458,2.952199697494507,2.792696237564087,0.6615444421768188,0.6655817627906799,3.8508851528167725,0.9983078241348267,0.25807416439056396,1.209557294845581,0.999946117401123,0.6123973727226257,1.2498588562011719,0.9040736556053162,0.9105196595191956,0.0064460039138793945,0.09592634439468384,1.1797916889190674,1.218469500541687,0.03867781162261963
test,482,63.896728515625,66.27935791015625,2.38262939453125,2.38262939453125,0.027383608743548393,56.79513931274414,59.348976135253906,2.5538368225097656,2.5538368225097656,0.029723696410655975,13.403579711914062,13.677894592285156,0.27431488037109375,0.27431488037109375,0.012145819142460823,0.5627561211585999,2.6050302982330322,0.5492078065872192,2.382232189178467,0.12112106382846832,0.5538620352745056,1.1119639873504639,4.987262725830078,1.2330851554870605,5.527693271636963,0.5294978618621826,0.9852682948112488,0.3048407733440399,0.9635516405105591,0.1666666716337204,0.4305555522441864,0.650041401386261,0.6446124911308289,1.0366708040237427,0.3198660612106323,0.32024380564689636,0.0003777444362640381,0.6477263569831848,0.6425943374633789,1.035514235496521,0.3208628296852112,0.32129713892936707,0.0004343092441558838,0.6053473949432373,0.6047462224960327,0.8485644459724426,0.33778682351112366,0.3382512927055359,0.00046446919441223145,0.07570390403270721,0.07610606402158737,0.12439768761396408,2.2286171913146973,2.258540630340576,0.7444533705711365,0.7553636431694031,1.4095882177352905,0.18455012142658234,0.1882902830839157,0.3000556230545044,3.01804780960083,2.834866762161255,0.6506834030151367,0.6571829319000244,3.8557260036468506,0.998281717300415,0.25844550132751465,1.2094007730484009,0.9999450445175171,0.6122024655342102,1.2498570680618286,0.9121125340461731,0.9200192093849182,0.007906675338745117,0.0878874659538269,1.159522294998169,1.2144958972930908,0.054973602294921875
test,483,62.97758483886719,65.08806610107422,2.1104812622070312,2.1104812622070312,0.023955918848514557,56.927589416503906,58.07208251953125,1.1444931030273438,1.1444931030273438,0.02666996233165264,13.837244033813477,13.540761947631836,-0.2964820861816406,0.2964820861816406,0.008024360053241253,0.5535994172096252,2.537864923477173,0.5380595922470093,2.3012750148773193,0.1212787926197052,0.5762401819229126,1.0916590690612793,4.839139938354492,1.212937831878662,5.404287815093994,0.5354242920875549,0.9861021637916565,0.3081386387348175,0.9679540991783142,0.1666666716337204,0.4305555522441864,0.646561861038208,0.6500136256217957,1.0376899242401123,0.3227761685848236,0.32331883907318115,0.0005426704883575439,0.6449182033538818,0.6485159397125244,1.0348111391067505,0.3233611583709717,0.32397133111953735,0.0006101727485656738,0.5977749824523926,0.6047736406326294,0.8483984470367432,0.35026514530181885,0.3507996201515198,0.0005344748497009277,0.07598354667425156,0.07627299427986145,0.12502515316009521,2.246356964111328,2.2771339416503906,0.7397803068161011,0.7507728338241577,1.406947374343872,0.18903009593486786,0.1907874047756195,0.3174504339694977,3.080399990081787,2.88967227935791,0.6390418410301208,0.6484149694442749,3.8486928939819336,0.9980027079582214,0.2569230794906616,1.207345962524414,0.999929666519165,0.60948646068573,1.2498291730880737,0.9277006983757019,0.9300293922424316,0.0023286938667297363,0.0722993016242981,1.0989370346069336,1.1573010683059692,0.058364033699035645
test,484,64.6754379272461,64.03285217285156,-0.6425857543945312,0.6425857543945312,0.022488869726657867,57.70574951171875,57.49986267089844,-0.2058868408203125,0.2058868408203125,0.025280704721808434,13.139537811279297,13.68902587890625,0.5494880676269531,0.5494880676269531,0.0157758891582489,0.5450111031532288,2.4746971130371094,0.5303098559379578,2.1779403686523438,0.12220941483974457,0.582697868347168,1.0753209590911865,4.652637481689453,1.1975303888320923,5.224749565124512,0.5407639741897583,0.9904661774635315,0.3124675750732422,0.9768010377883911,0.1666666716337204,0.4166666567325592,0.6479432582855225,0.6432456374168396,1.036283254623413,0.32198163866996765,0.32254403829574585,0.0005623996257781982,0.6809362769126892,0.6790972352027893,1.0704418420791626,0.304121732711792,0.30486881732940674,0.0007470846176147461,0.611936092376709,0.6068735122680664,0.9382126331329346,0.3252983093261719,0.32610219717025757,0.0008038878440856934,0.07579564303159714,0.07504234462976456,0.1257699579000473,2.2496590614318848,2.283553123474121,0.740424633026123,0.7506865859031677,1.4085434675216675,0.19245481491088867,0.17914161086082458,0.3296844959259033,3.0954461097717285,2.911625862121582,0.6364211440086365,0.6433379650115967,3.879199266433716,0.9975795149803162,0.2563387155532837,1.204369068145752,0.9999028444290161,0.6081671714782715,1.2497819662094116,0.9045946002006531,0.9139803647994995,0.009385764598846436,0.09540539979934692,1.1976040601730347,1.2443901300430298,0.04678606986999512
test,485,64.74214172363281,64.35416412353516,-0.38797760009765625,0.38797760009765625,0.018120547756552696,57.88555908203125,57.60282516479492,-0.2827339172363281,0.2827339172363281,0.025746334344148636,14.011348724365234,13.414304733276367,-0.5970439910888672,0.5970439910888672,0.012171800248324871,0.5465620160102844,2.4527974128723145,0.5309904217720032,2.1970722675323486,0.11726363748311996,0.5178293585777283,1.0775524377822876,4.649869918823242,1.1948161125183105,5.156403064727783,0.5406171083450317,0.9932527542114258,0.31312596797943115,0.9793575406074524,0.1527777761220932,0.4166666567325592,0.6447656750679016,0.6489560604095459,1.033078670501709,0.32342419028282166,0.32406502962112427,0.0006408393383026123,0.6489053964614868,0.6530535221099854,1.0359470844268799,0.3226286470890045,0.32295265793800354,0.00032401084899902344,0.6434664726257324,0.64802485704422,0.9757478833198547,0.3392867147922516,0.33998721837997437,0.0007005035877227783,0.07480088621377945,0.07556059956550598,0.13094085454940796,2.260420083999634,2.2936666011810303,0.7395628690719604,0.7488594651222229,1.3982094526290894,0.188471719622612,0.19458648562431335,0.3410392999649048,3.0526540279388428,2.8926331996917725,0.642839252948761,0.6482536196708679,3.806759834289551,0.9974461793899536,0.25531646609306335,1.204312801361084,0.9998952150344849,0.6096612215042114,1.2497729063034058,0.9268417954444885,0.9312301278114319,0.004388332366943359,0.07315820455551147,1.0807623863220215,1.1179304122924805,0.037168025970458984
test,486,62.95967483520508,64.54817199707031,1.5884971618652344,1.5884971618652344,0.02578536979854107,56.209693908691406,57.74421691894531,1.5345230102539062,1.5345230102539062,0.020261460915207863,13.093757629394531,13.712850570678711,0.6190929412841797,0.6190929412841797,0.009584372863173485,0.5468126535415649,2.437713384628296,0.531706690788269,2.142366647720337,0.12075409293174744,0.5656538009643555,1.078519344329834,4.580080032348633,1.1992734670639038,5.138125419616699,0.5404739379882812,0.9946659803390503,0.31213727593421936,0.9776147603988647,0.1666666716337204,0.4027777910232544,0.6464822888374329,0.6547922492027283,1.0373398065567017,0.32196494936943054,0.32233354449272156,0.0003685951232910156,0.6464822888374329,0.6547922492027283,1.0373398065567017,0.32196494936943054,0.32233354449272156,0.0003685951232910156,0.641246497631073,0.650658130645752,0.9763834476470947,0.3375563621520996,0.3384750187397003,0.000918656587600708,0.07536318153142929,0.07657396793365479,0.12518100440502167,2.247236490249634,2.2789363861083984,0.7435628175735474,0.7538107633590698,1.4070488214492798,0.18937593698501587,0.19463570415973663,0.32203495502471924,3.0422749519348145,2.863482713699341,0.6449798941612244,0.6523569226264954,3.8281800746917725,0.9973714351654053,0.25582966208457947,1.203290343284607,0.9998886585235596,0.6081833839416504,1.2497594356536865,0.930823564529419,0.936400294303894,0.005576729774475098,0.06917643547058105,1.1070303916931152,1.1608753204345703,0.05384492874145508
test,487,63.67009735107422,63.75394821166992,0.08385086059570312,0.08385086059570312,0.021761326119303703,57.414371490478516,56.97697448730469,-0.4373970031738281,0.4373970031738281,0.02859947830438614,13.009535789489746,13.403326034545898,0.39379024505615234,0.39379024505615234,0.009390735067427158,0.5406952500343323,2.312018871307373,0.5278666019439697,2.077756881713867,0.1178445816040039,0.5260400176048279,1.0685619115829468,4.38977575302124,1.1864064931869507,4.905729293823242,0.5434904098510742,0.9955257177352905,0.3171757757663727,0.9812493920326233,0.1666666716337204,0.4027777910232544,0.6505813002586365,0.6541880369186401,1.0474491119384766,0.31996047496795654,0.3203072249889374,0.00034675002098083496,0.6072139739990234,0.6142115592956543,0.9487432837486267,0.35208573937416077,0.3527316451072693,0.0006459057331085205,0.6072139739990234,0.6142115592956543,0.9487432837486267,0.35208573937416077,0.3527316451072693,0.0006459057331085205,0.07513970881700516,0.07675908505916595,0.1257173717021942,2.2666451930999756,2.2997801303863525,0.7414297461509705,0.7512630224227905,1.4144643545150757,0.194241002202034,0.19536595046520233,0.33327245712280273,3.0532970428466797,2.868898391723633,0.6449253559112549,0.6500130295753479,3.8666131496429443,0.9966577291488647,0.2554865777492523,1.2001104354858398,0.9998370409011841,0.6069237589836121,1.249680757522583,0.9025768637657166,0.9082705974578857,0.0056937336921691895,0.09742313623428345,1.1282920837402344,1.1915929317474365,0.06330084800720215
test,488,61.59347152709961,63.71204376220703,2.118572235107422,2.118572235107422,0.017549125477671623,54.704986572265625,57.195701599121094,2.4907150268554688,2.4907150268554688,0.019940078258514404,13.435593605041504,13.206453323364258,-0.2291402816772461,0.2291402816772461,0.011058244854211807,0.5391671657562256,2.242347478866577,0.5305978059768677,2.00317645072937,0.11731085181236267,0.5294584631919861,1.0697649717330933,4.245523929595947,1.1870758533477783,4.768558979034424,0.5437617301940918,0.9917924404144287,0.31365662813186646,0.9768325686454773,0.1666666716337204,0.4027777910232544,0.6523914933204651,0.6556833982467651,1.0554537773132324,0.3194245398044586,0.3196597993373871,0.0002352595329284668,0.6069037318229675,0.6117224097251892,0.9530971646308899,0.3508336842060089,0.35154396295547485,0.0007102787494659424,0.569100558757782,0.5765621662139893,0.8217374086380005,0.371090292930603,0.37110716104507446,1.6868114471435547e-05,0.07672916352748871,0.0789070725440979,0.17350518703460693,2.282443046569824,2.312133550643921,0.7367452383041382,0.7475739121437073,1.4281986951828003,0.19791491329669952,0.20346584916114807,0.3376544117927551,3.0866644382476807,2.894575357437134,0.6413410902023315,0.6527833938598633,3.894456386566162,0.9961291551589966,0.2548254728317261,1.1975094079971313,0.9997926354408264,0.6073620319366455,1.2496123313903809,0.921493411064148,0.9308620691299438,0.009368658065795898,0.07850658893585205,1.2017005681991577,1.2441359758377075,0.042435407638549805
test,489,62.836219787597656,62.65277862548828,-0.183441162109375,0.183441162109375,0.021744616329669952,55.81777572631836,55.95036315917969,0.13258743286132812,0.13258743286132812,0.025287769734859467,13.055215835571289,13.321046829223633,0.26583099365234375,0.26583099365234375,0.011785545386373997,0.5331199169158936,2.2283523082733154,0.521507740020752,1.9784002304077148,0.11887482553720474,0.5162386298179626,1.054627776145935,4.206752777099609,1.1735024452209473,4.715023040771484,0.5493866801261902,0.9941542744636536,0.32206255197525024,0.984330415725708,0.1666666716337204,0.375,0.6092594265937805,0.6099945902824402,0.9607824683189392,0.3485349416732788,0.34928834438323975,0.0007534027099609375,0.6178990602493286,0.6182316541671753,1.0276143550872803,0.33462297916412354,0.33472922444343567,0.00010624527931213379,0.573128342628479,0.5724210143089294,0.8312414884567261,0.35461151599884033,0.3544387221336365,-0.00017279386520385742,0.07819009572267532,0.0786811113357544,0.17710743844509125,2.2935943603515625,2.323434352874756,0.7345089912414551,0.7459083199501038,1.435878038406372,0.1984652429819107,0.19459043443202972,0.3443038761615753,3.1054089069366455,2.904778242111206,0.6369555592536926,0.6475496888160706,3.905203104019165,0.9958974123001099,0.2542732357978821,1.1966091394424438,0.9997721314430237,0.6048763394355774,1.2495824098587036,0.9015962481498718,0.9082062840461731,0.0066100358963012695,0.09840375185012817,1.2448052167892456,1.294366478919983,0.049561262130737305
test,490,61.23728561401367,62.744529724121094,1.5072441101074219,1.5072441101074219,0.021251339465379715,54.76729202270508,55.88409423828125,1.1168022155761719,1.1168022155761719,0.023089200258255005,13.190929412841797,13.188154220581055,-0.0027751922607421875,0.0027751922607421875,0.012423146516084671,0.533035933971405,2.204880714416504,0.5194159150123596,1.9058407545089722,0.1173483282327652,0.5031383633613586,1.0524518489837646,4.110721588134766,1.1698002815246582,4.605653285980225,0.5489007234573364,0.9948661923408508,0.3223857879638672,0.9862868785858154,0.1666666716337204,0.3888888955116272,0.6139020919799805,0.6105544567108154,1.0237783193588257,0.3311038315296173,0.3313499093055725,0.0002460777759552002,0.6137598156929016,0.6111037731170654,1.0249567031860352,0.3501458168029785,0.350676029920578,0.0005302131175994873,0.5654199123382568,0.5639355778694153,0.7413434982299805,0.37591445446014404,0.37604421377182007,0.0001297593116760254,0.07887465506792068,0.07939045876264572,0.13572128117084503,2.3058159351348877,2.332061290740967,0.7346439361572266,0.7465960383415222,1.4383901357650757,0.1933034509420395,0.19165730476379395,0.3212493658065796,3.0750300884246826,2.88196063041687,0.6410303711891174,0.6535162925720215,3.92234468460083,0.995429277420044,0.25393691658973694,1.1944944858551025,0.9997267127037048,0.6053744554519653,1.2495143413543701,0.9141102433204651,0.9220297336578369,0.007919490337371826,0.08588975667953491,1.1434106826782227,1.171095609664917,0.027684926986694336
test,491,60.0231819152832,61.99092483520508,1.967742919921875,1.967742919921875,0.027841737493872643,53.56825256347656,55.325714111328125,1.7574615478515625,1.7574615478515625,0.024945588782429695,12.907079696655273,13.189565658569336,0.2824859619140625,0.2824859619140625,0.012385482899844646,0.5280218720436096,2.1405649185180664,0.5148652791976929,1.8900946378707886,0.11593888700008392,0.47289416193962097,1.0428872108459473,4.0306596755981445,1.158826231956482,4.496289253234863,0.5512160658836365,0.9952688217163086,0.3228229880332947,0.9849153757095337,0.1666666716337204,0.3888888955116272,0.6122452020645142,0.6157603859901428,1.0227792263031006,0.33290210366249084,0.33324429392814636,0.0003421902656555176,0.6069950461387634,0.6098742485046387,0.9589520692825317,0.3676452934741974,0.3685987591743469,0.0009534657001495361,0.5646851658821106,0.5711713433265686,0.739253580570221,0.3952401876449585,0.39568760991096497,0.0004474222660064697,0.07844486832618713,0.07876473665237427,0.13639289140701294,2.3046884536743164,2.335526943206787,0.7362258434295654,0.7471898198127747,1.4379225969314575,0.1969219148159027,0.20445416867733002,0.29747551679611206,3.0876429080963135,2.9183099269866943,0.6393047571182251,0.6446789503097534,3.9006264209747314,0.9948514103889465,0.25359511375427246,1.1936588287353516,0.9996721744537354,0.6033042073249817,1.2494428157806396,0.9337671399116516,0.941265344619751,0.007498204708099365,0.06623286008834839,1.1248774528503418,1.1766210794448853,0.05174362659454346
test,492,59.747337341308594,61.007080078125,1.2597427368164062,1.2597427368164062,0.016035625711083412,52.619384765625,54.44700622558594,1.8276214599609375,1.8276214599609375,0.01938910037279129,12.856515884399414,13.048345565795898,0.19182968139648438,0.19182968139648438,0.010770311579108238,0.5173165798187256,2.1128487586975098,0.5061081647872925,1.8844144344329834,0.1182512417435646,0.5337735414505005,1.0234248638153076,3.997263193130493,1.1416760683059692,4.521656036376953,0.5575872659683228,0.9958685636520386,0.33099398016929626,0.9747014045715332,0.1666666716337204,0.3611111044883728,0.6084113717079163,0.6182867884635925,0.9620163440704346,0.3657374680042267,0.3666965961456299,0.0009591281414031982,0.6096662282943726,0.6197667717933655,0.9632739424705505,0.3654935657978058,0.36638832092285156,0.0008947551250457764,0.567875862121582,0.5758054852485657,0.7434704303741455,0.3917602002620697,0.39220234751701355,0.00044214725494384766,0.07841422408819199,0.08115404844284058,0.13200592994689941,2.3061273097991943,2.3356800079345703,0.7366951704025269,0.7472410202026367,1.433274507522583,0.20304419100284576,0.20257778465747833,0.3164304196834564,3.1367344856262207,2.9759998321533203,0.6311291456222534,0.6340646743774414,3.883249282836914,0.9948053956031799,0.2540980577468872,1.192568063735962,0.9996671676635742,0.5992031097412109,1.2494292259216309,0.938978910446167,0.9451891183853149,0.006210207939147949,0.06102108955383301,1.1360266208648682,1.1666887998580933,0.030662178993225098
test,493,59.652069091796875,60.377235412597656,0.7251663208007812,0.7251663208007812,0.027545951306819916,53.32154846191406,53.53322219848633,0.21167373657226562,0.21167373657226562,0.026083389297127724,12.208854675292969,12.95245361328125,0.7435989379882812,0.7435989379882812,0.015315862372517586,0.5136668086051941,2.129887819290161,0.4998469948768616,1.8987693786621094,0.1160406544804573,0.5119077563285828,1.0135138034820557,4.028656959533691,1.129554271697998,4.531500339508057,0.5617662072181702,0.9963189363479614,0.3388832211494446,0.981153666973114,0.1666666716337204,0.3611111044883728,0.6132647395133972,0.6125313639640808,0.9709551930427551,0.36199191212654114,0.3631003499031067,0.0011084377765655518,0.6179983615875244,0.6169022917747498,1.035066843032837,0.34776565432548523,0.34833189845085144,0.0005662441253662109,0.5767937898635864,0.577625572681427,0.9063736796379089,0.36846724152565,0.3688657879829407,0.0003985464572906494,0.07988014072179794,0.08045021444559097,0.17974653840065002,2.2925946712493896,2.323819875717163,0.7370835542678833,0.7479890584945679,1.4403454065322876,0.20320989191532135,0.2000158578157425,0.2727085053920746,3.0972330570220947,2.961270332336426,0.6369064450263977,0.635538637638092,3.9161672592163086,0.9948535561561584,0.25464436411857605,1.1927839517593384,0.9996738433837891,0.5973773002624512,1.24944007396698,0.9171767830848694,0.9240378141403198,0.0068610310554504395,0.08282321691513062,1.1781374216079712,1.1986491680145264,0.020511746406555176
test,494,59.363502502441406,60.01466751098633,0.6511650085449219,0.6511650085449219,0.02299296110868454,53.33636474609375,53.427406311035156,0.09104156494140625,0.09104156494140625,0.026492558419704437,12.87557601928711,12.580677032470703,-0.29489898681640625,0.29489898681640625,0.009123597294092178,0.5139074325561523,2.1512820720672607,0.5003273487091064,1.9337542057037354,0.11072230339050293,0.4243484437465668,1.0142347812652588,4.085036277770996,1.1249569654464722,4.496466636657715,0.559238076210022,0.9963220357894897,0.3396255075931549,0.9806927442550659,0.1666666716337204,0.375,0.6170971989631653,0.6272897124290466,1.0337872505187988,0.3447154462337494,0.3457251787185669,0.0010097324848175049,0.6181517839431763,0.6282646656036377,1.0362777709960938,0.34383049607276917,0.3444743752479553,0.0006438791751861572,0.578766405582428,0.5896247029304504,0.8407484889030457,0.36316603422164917,0.36373499035835266,0.0005689561367034912,0.081075519323349,0.08198361098766327,0.17738430202007294,2.2954554557800293,2.3338851928710938,0.7364751696586609,0.748731255531311,1.445562720298767,0.19964754581451416,0.1952429562807083,0.280665785074234,3.0551095008850098,2.933577299118042,0.6466916799545288,0.6414939761161804,3.9092679023742676,0.9947878122329712,0.2553308308124542,1.1934406757354736,0.9996724128723145,0.5976813435554504,1.2494443655014038,0.9180555939674377,0.9279841780662537,0.009928584098815918,0.08194440603256226,1.189285159111023,1.236232042312622,0.04694688320159912
test,495,58.23219299316406,59.689109802246094,1.4569168090820312,1.4569168090820312,0.03063175454735756,51.93688201904297,53.38190841674805,1.4450263977050781,1.4450263977050781,0.029852382838726044,12.396708488464355,12.7281494140625,0.33144092559814453,0.33144092559814453,0.01008379552513361,0.5106827616691589,2.0272786617279053,0.5018822550773621,1.8267954587936401,0.11253956705331802,0.43573471903800964,1.0125648975372314,3.854074001312256,1.1251044273376465,4.277288436889648,0.5606696605682373,0.9960768818855286,0.3388596773147583,0.9809101819992065,0.1666666716337204,0.4027777910232544,0.6232038736343384,0.637615442276001,1.0478519201278687,0.3391408920288086,0.3399316966533661,0.0007908046245574951,0.622887909412384,0.6373627781867981,1.0461355447769165,0.33945679664611816,0.34024757146835327,0.0007907748222351074,0.5838749408721924,0.6007304787635803,0.8532564640045166,0.377040833234787,0.37773606181144714,0.0006952285766601562,0.08141160011291504,0.08351130038499832,0.1400914490222931,2.3244988918304443,2.3539466857910156,0.7312703132629395,0.7424694299697876,1.4518436193466187,0.20256604254245758,0.21159116923809052,0.26803892850875854,3.069185733795166,2.9676029682159424,0.6406338214874268,0.6348698139190674,3.9059441089630127,0.9934207797050476,0.25375092029571533,1.1911282539367676,0.9995181560516357,0.5990723967552185,1.2492444515228271,0.9488917589187622,0.9544559121131897,0.00556415319442749,0.05110824108123779,1.123465895652771,1.1486811637878418,0.0252152681350708
test,496,58.16365051269531,58.960670471191406,0.7970199584960938,0.7970199584960938,0.02865312248468399,51.758033752441406,52.659420013427734,0.9013862609863281,0.9013862609863281,0.025444380939006805,11.940253257751465,12.56245231628418,0.6221990585327148,0.6221990585327148,0.012720650993287563,0.503676176071167,1.9300345182418823,0.4990447759628296,1.7170413732528687,0.1106802225112915,0.4073765277862549,1.0027211904525757,3.647075891494751,1.1134012937545776,4.005946636199951,0.5658085346221924,0.9953434467315674,0.34202754497528076,0.978146493434906,0.1666666716337204,0.4027777910232544,0.6303107142448425,0.6320486068725586,1.0673143863677979,0.33571305871009827,0.33619487285614014,0.0004818141460418701,0.6255276799201965,0.6270279884338379,1.0042107105255127,0.3541713356971741,0.35494911670684814,0.0007777810096740723,0.5921869874000549,0.5950533747673035,0.8728736042976379,0.3720596730709076,0.3725190758705139,0.00045940279960632324,0.08209146559238434,0.0817127451300621,0.14818906784057617,2.3439855575561523,2.374338388442993,0.7289090156555176,0.7389604449272156,1.4640225172042847,0.20877397060394287,0.21298657357692719,0.28475379943847656,3.1229605674743652,3.019784688949585,0.6301440000534058,0.6243001818656921,3.924025535583496,0.9914727210998535,0.25304436683654785,1.1883587837219238,0.9992615580558777,0.5978789925575256,1.2489206790924072,0.9450647234916687,0.9571712613105774,0.012106537818908691,0.0549352765083313,1.1550360918045044,1.190647840499878,0.035611748695373535
test,497,58.11243438720703,58.56218719482422,0.4497528076171875,0.4497528076171875,0.024626709520816803,52.122440338134766,52.208744049072266,0.0863037109375,0.0863037109375,0.024423720315098763,12.190511703491211,12.251375198364258,0.060863494873046875,0.060863494873046875,0.008606825023889542,0.5002138018608093,1.8419115543365479,0.4967750310897827,1.6674766540527344,0.11044237017631531,0.4213423430919647,0.996988832950592,3.5093882083892822,1.1074310541152954,3.88590931892395,0.5692394971847534,0.9948058724403381,0.3435266613960266,0.972626805305481,0.1666666716337204,0.375,0.6262713074684143,0.6235641837120056,1.006932258605957,0.3551124036312103,0.35576382279396057,0.0006514191627502441,0.6275495290756226,0.6250198483467102,1.0082107782363892,0.3548239767551422,0.35540518164634705,0.000581204891204834,0.5936077833175659,0.5925805568695068,0.8748748302459717,0.3707963228225708,0.3710816204547882,0.0002852976322174072,0.08218462765216827,0.08082377910614014,0.1607816517353058,2.3767712116241455,2.4103903770446777,0.7238174676895142,0.7370380163192749,1.461609125137329,0.21087628602981567,0.20622996985912323,0.2998720109462738,3.2008755207061768,3.0407140254974365,0.6185064315795898,0.6183574795722961,3.9483072757720947,0.9901801347732544,0.25466978549957275,1.1866660118103027,0.9990710020065308,0.5944545865058899,1.2486811876296997,0.9476569890975952,0.9567790627479553,0.009122073650360107,0.052343010902404785,1.1135988235473633,1.125022053718567,0.011423230171203613
test,498,57.828330993652344,58.33732604980469,0.5089950561523438,0.5089950561523438,0.02592022903263569,52.16197967529297,52.16562271118164,0.003643035888671875,0.003643035888671875,0.023957623168826103,11.726059913635254,12.220967292785645,0.4949073791503906,0.4949073791503906,0.010952170006930828,0.4975701868534088,1.9191515445709229,0.4951397180557251,1.697802186012268,0.10911566764116287,0.4223739504814148,0.9927098155021667,3.6169538497924805,1.101825475692749,3.973766326904297,0.5716089606285095,0.9943865537643433,0.345994234085083,0.9719172716140747,0.1666666716337204,0.375,0.6249186992645264,0.635970413684845,0.9991064667701721,0.3561750650405884,0.3569367825984955,0.0007617175579071045,0.6249186992645264,0.635970413684845,0.9991064667701721,0.3561750650405884,0.3569367825984955,0.0007617175579071045,0.5930944085121155,0.6044137477874756,0.868848443031311,0.3724033832550049,0.37295857071876526,0.000555187463760376,0.0813499242067337,0.08373118191957474,0.19110384583473206,2.3567240238189697,2.389620780944824,0.7257867455482483,0.7354578375816345,1.4619100093841553,0.20836599171161652,0.2015855312347412,0.31531861424446106,3.1899616718292236,3.0322160720825195,0.6208999156951904,0.6178267598152161,3.9613277912139893,0.9911547899246216,0.25368034839630127,1.186631202697754,0.999214768409729,0.5952823162078857,1.2488514184951782,0.9697484970092773,0.9785503149032593,0.008801817893981934,0.030251502990722656,1.1356762647628784,1.1473779678344727,0.011701703071594238
test,499,56.957611083984375,58.082855224609375,1.125244140625,1.125244140625,0.030544038861989975,50.53978729248047,52.163818359375,1.6240310668945312,1.6240310668945312,0.030187329277396202,12.073347091674805,11.973536491394043,-0.09981060028076172,0.09981060028076172,0.013073029927909374,0.4948897361755371,1.8666304349899292,0.49593985080718994,1.7027055025100708,0.10775946825742722,0.39190244674682617,0.990829586982727,3.5675740242004395,1.0985890626907349,3.951946496963501,0.5719547271728516,0.9953007102012634,0.34839871525764465,0.9747804403305054,0.1666666716337204,0.375,0.6304444074630737,0.6362493634223938,1.0073790550231934,0.3518565595149994,0.3525334298610687,0.0006768703460693359,0.5840594172477722,0.5917729735374451,0.9605785012245178,0.3758624196052551,0.3768921494483948,0.0010297298431396484,0.5455913543701172,0.5546172857284546,0.7132178544998169,0.40014252066612244,0.4000149965286255,-0.00012752413749694824,0.08346286416053772,0.0865006223320961,0.14305517077445984,2.3946139812469482,2.4300177097320557,0.721012532711029,0.7341855764389038,1.463104009628296,0.2036372572183609,0.20551639795303345,0.2485596090555191,3.1992664337158203,3.07892107963562,0.6221407651901245,0.6135550141334534,3.9059746265411377,0.9906250238418579,0.25321945548057556,1.186568021774292,0.999148964881897,0.5949986577033997,1.248773455619812,0.977324366569519,0.9873405694961548,0.010016202926635742,0.022675633430480957,1.1264004707336426,1.1503289937973022,0.023928523063659668
