snapshot,edge_id,source,target,edge,capacity,oracle_high_load,hattrick_high_load,oracle_medium_load,hattrick_medium_load,high_excess,high_util_excess,medium_deficit,medium_util_deficit
400,0,0,2,0→2,10.0,7.042426655433474,4.342077732086182,1.4983994998385697,0.8675225973129272,-2.700348923347292,-0.2700348923347292,0.6308769025256424,0.06308769025256425
400,1,0,4,0→4,10.0,3.418128238206897,6.114837169647217,2.217235165181627,0.41025516390800476,2.6967089314403196,0.269670893144032,1.8069800012736223,0.18069800012736223
400,2,0,9,0→9,10.0,3.146105794817231,5.189975261688232,2.5612147044071207,1.5984255075454712,2.0438694668710014,0.20438694668710014,0.9627891968616495,0.09627891968616495
400,3,0,15,0→15,2.4000000953674316,1.2548800328804646,1.2341313362121582,0.9818217147230682,0.883855938911438,-0.020748696668306366,-0.008645289934928028,0.09796577581163024,0.04081907163284176
400,4,0,19,0→19,2.4000000953674316,2.400001049041748,2.399998188018799,0.0,1.9073484054388246e-06,-2.86102294921875e-06,-1.1920928481382988e-06,-1.9073484054388246e-06,-7.947284706865048e-07
400,5,1,6,1→6,2.4000000953674316,0.7652369963648198,0.136832594871521,0.6036377199002345,0.11261281371116638,-0.6284044014932988,-0.26183515688448017,0.49102490618906813,0.20459370278228842
400,6,1,13,1→13,0.1550000011920929,0.04593800019824812,0.04626433178782463,0.10357677751403571,0.05211388319730759,0.00032633158957651176,0.002105365077849813,0.051462894316728125,0.3320186704576195
400,7,1,14,1→14,2.4000000953674316,0.04442954760202156,0.2282346785068512,0.06576645514724078,1.640943169593811,0.18380513090482964,0.0765854681671126,-1.5751767144465703,-0.6563236049394474
400,8,2,0,2→0,10.0,4.362182598888467,4.993156433105469,1.7362795657118113,1.2398960590362549,0.6309738342170021,0.06309738342170021,0.4963835066755564,0.04963835066755564
400,9,2,6,2→6,10.0,8.617338200637505,4.708587169647217,1.3025175278041843,1.2570040225982666,-3.908751030990288,-0.39087510309902884,0.04551350520591768,0.0045513505205917685
400,10,2,12,2→12,10.0,1.37644782369739,1.68490731716156,1.3243416112292152,0.8126383423805237,0.30845949346417,0.030845949346417,0.5117032688486916,0.05117032688486915
400,11,3,4,3→4,10.0,0.29547700344073746,0.6297963857650757,2.9594279620741517,1.4344109296798706,0.3343193823243382,0.033431938232433824,1.525017032394281,0.1525017032394281
400,12,3,16,3→16,2.4000000953674316,1.9515601238631106,0.1039251834154129,0.04677079316388699,1.5247341394424438,-1.8476349404476977,-0.7698478612622018,-1.4779633462785569,-0.6158180364789885
400,13,3,20,3→20,2.4000000953674316,2.203823262464539,0.09531141817569733,0.10509061656466656,1.1292093992233276,-2.1085118442888415,-0.8785465668767133,-1.024118782658661,-0.4267161424849327
400,14,4,0,4→0,10.0,2.638516172418349,4.2911481857299805,2.0363738391042716,1.4390276670455933,1.6526320133116315,0.16526320133116315,0.5973461720586783,0.05973461720586783
400,15,4,3,4→3,10.0,4.206344128479451,0.34270477294921875,0.236310582698934,1.352423071861267,-3.863639355530232,-0.3863639355530232,-1.116112489162333,-0.11161124891623331
400,16,4,6,4→6,10.0,3.8387691668758634,3.2006030082702637,1.4808291179174375,0.6986290812492371,-0.6381661586055998,-0.06381661586055998,0.7822000366682005,0.07822000366682005
400,17,4,7,4→7,2.4000000953674316,0.0452428122080164,0.7616877555847168,0.7245724030653946,0.7091996073722839,0.7164449433767004,0.29851871454489054,0.015372795693110675,0.006405331284271117
400,18,4,10,4→10,2.4000000953674316,1.3175959564587174,0.07800281047821045,1.0723868390426787,0.12193319201469421,-1.239593145980507,-0.5164971236347928,0.9504536470279845,0.39602233719181307
400,19,4,12,4→12,10.0,3.0989484334199915,1.270704984664917,0.3711740227931841,0.5847072005271912,-1.8282434487550745,-0.18282434487550744,-0.21353317773400704,-0.021353317773400705
400,20,4,14,4→14,10.0,4.186261659582669,2.7785162925720215,0.6729394055000739,1.5140910148620605,-1.407745367010648,-0.1407745367010648,-0.8411516093619866,-0.08411516093619867
400,21,4,18,4→18,10.0,5.725901895557399,7.034555912017822,4.154761778563625,0.3552221655845642,1.308654016460423,0.1308654016460423,3.7995396129790606,0.37995396129790604
400,22,5,6,5→6,10.0,0.20225401300558588,0.9331437945365906,0.4304282082196096,0.6578848361968994,0.7308897815310047,0.07308897815310048,-0.22745662797728983,-0.022745662797728983
400,23,5,12,5→12,10.0,0.20726760949764866,0.30020442605018616,0.1867450678619207,0.2586757242679596,0.0929368165525375,0.009293681655253749,-0.0719306564060389,-0.0071930656406038905
400,24,5,17,5→17,2.4000000953674316,0.9767470707035955,0.4528580605983734,0.8829111107594372,0.39090895652770996,-0.523889010105222,-0.21828707886989332,0.4920021542317272,0.20500088945054953
400,25,6,1,6→1,2.4000000953674316,0.18348906263031495,0.1562681794166565,0.15437543973939682,1.5471607446670532,-0.027220883213658453,-0.011342034221665742,-1.3927853049276564,-0.5803271873263929
400,26,6,2,6→2,10.0,0.6895191111341319,1.6739293336868286,0.5612133108994612,0.6328769326210022,0.9844102225526967,0.09844102225526967,-0.07166362172154095,-0.007166362172154095
400,27,6,4,6→4,10.0,6.441342137816704,3.5443806648254395,2.7243229335462047,1.2375177145004272,-2.896961472991265,-0.2896961472991265,1.4868052190457774,0.14868052190457776
400,28,6,5,6→5,10.0,0.9021728893908403,0.20718759298324585,1.0431527546135158,0.16612398624420166,-0.6949852964075944,-0.06949852964075945,0.8770287683693141,0.08770287683693141
400,29,6,13,6→13,0.1550000011920929,0.11659028160556772,0.06788399815559387,0.011432473157356071,0.04939844459295273,-0.04870628344997385,-0.31423408435727507,-0.03796597143559666,-0.24494174931356993
400,30,6,21,6→21,10.0,6.196810050970285,4.1810994148254395,1.8008961885518602,1.1647415161132812,-2.0157106361448456,-0.20157106361448457,0.6361546724385789,0.06361546724385789
400,31,7,4,7→4,2.4000000953674316,2.400001049041748,2.3426499366760254,0.0,0.057052940130233765,-0.057351112365722656,-0.02389629586949762,-0.057052940130233765,-0.02377205744298071
400,32,7,12,7→12,2.4000000953674316,2.322712921006314,2.3936374187469482,0.07728812803543406,0.00631396658718586,0.07092449774063425,0.02955187288431168,0.0709741614482482,0.029572566094995218
400,33,8,9,8→9,2.4000000953674316,2.3995775016728444,2.3999996185302734,0.00042354736890359845,4.7683624870842323e-07,0.0004221168574289891,0.00017588201693982203,0.00042307053265489003,0.0001762793816014909
400,34,8,19,8→19,2.4000000953674316,0.9867132604122162,1.9003974199295044,0.010129937902092934,0.02913321927189827,0.9136841595172882,0.38070171800447633,-0.019003281369805336,-0.00791803358945117
400,35,9,0,9→0,10.0,7.3548619690647925,7.219847679138184,2.645138984609524,0.9445270299911499,-0.1350142899266089,-0.01350142899266089,1.700611954618374,0.1700611954618374
400,36,9,8,9→8,2.4000000953674316,2.400001049041748,2.3377926349639893,0.0,0.06211692839860916,-0.06220841407775879,-0.02592017150242442,-0.06211692839860916,-0.02588205247096012
400,37,9,20,9→20,2.4000000953674316,0.027358985331375152,0.07848509401082993,1.9515389321331542,2.1156396865844727,0.051126108679454774,0.021302544436619095,-0.16410075445131844,-0.06837531163772524
400,38,10,4,10→4,2.4000000953674316,0.0030030077323317528,0.02174028754234314,0.004657289013266563,0.05800384655594826,0.018737279810011387,0.0078071996106078385,-0.053346557542681694,-0.022227731426200017
400,39,10,21,10→21,2.4000000953674316,1.260539111332264,0.018185961991548538,1.0206923052994625,0.07070104777812958,-1.2423531493407154,-0.5176471249891827,0.949991257521333,0.3958296749050306
400,40,11,12,11→12,0.1550000011920929,0.1144941093862144,0.11885532736778259,0.04050689018367848,0.03591122478246689,0.004361217981568188,0.028136889987267107,0.0045956654012115905,0.029649453973333465
400,41,11,14,11→14,0.1550000011920929,0.1415738899831922,0.13728344440460205,0.01342710958670068,0.017710335552692413,-0.004290445578590152,-0.027680293842533357,-0.004283225965991733,-0.027633715697095333
400,42,12,2,12→2,10.0,2.935496342302031,1.8238098621368408,0.9371021626902802,0.4066259264945984,-1.11168648016519,-0.111168648016519,0.5304762361956818,0.053047623619568184
400,43,12,4,12→4,10.0,3.9121849376138016,3.561718463897705,1.648314576465964,1.1265316009521484,-0.3504664737160965,-0.03504664737160965,0.5217829755138155,0.05217829755138155
400,44,12,5,12→5,10.0,0.46685303268600364,1.2979626655578613,0.26109395640014554,0.9973516464233398,0.8311096328718577,0.08311096328718577,-0.7362576900231943,-0.07362576900231943
400,45,12,7,12→7,2.4000000953674316,1.5738950511440635,0.8640576601028442,0.7876845730643254,0.8019266724586487,-0.7098373910412192,-0.29576556784784025,-0.014242099394323304,-0.00593420784516381
400,46,12,11,12→11,0.1550000011920929,0.15500099956989288,0.1550000011920929,0.0,0.0,-9.98377799987793e-07,-6.44114704715708e-06,0.0,0.0
400,47,13,1,13→1,0.1550000011920929,0.07336639922596078,0.06068277731537819,0.06097248198602756,0.0574713870882988,-0.012683621910582588,-0.08182981814860543,0.0035010948977287626,0.022587708843884616
400,48,13,6,13→6,0.1550000011920929,0.0799193472096249,0.0441550686955452,0.04602074158913183,0.035925980657339096,-0.035764278514079706,-0.23073727896141571,0.010094760931792734,0.06512748938164334
400,49,14,1,14→1,2.4000000953674316,0.5357339454051271,0.13091951608657837,0.49986273679974147,0.14317171275615692,-0.4048144293185487,-0.16867267218027882,0.35669102404358455,0.1486212541124822
400,50,14,4,14→4,10.0,3.915237580194116,3.125450611114502,1.376439886812932,2.719170093536377,-0.7897869690796142,-0.07897869690796142,-1.342730206723445,-0.1342730206723445
400,51,14,11,14→11,0.1550000011920929,0.15500099956989288,0.1550000011920929,0.0,0.0,-9.98377799987793e-07,-6.44114704715708e-06,0.0,0.0
400,52,14,21,14→21,10.0,1.0728520186578407,3.2576181888580322,2.9596613748876734,2.0839717388153076,2.1847661702001915,0.21847661702001914,0.8756896360723658,0.08756896360723658
400,53,15,0,15→0,2.4000000953674316,0.5291663696989417,0.40552031993865967,0.9249274260364473,0.21516071259975433,-0.12364604976028204,-0.05151918535292902,0.709766713436693,0.29573611884712453
400,54,15,21,15→21,2.4000000953674316,0.5918833970790729,0.7458314299583435,0.08006455533904955,0.7902860641479492,0.1539480328792706,0.06414501115080236,-0.7102215088088997,-0.29592561691134733
400,55,16,3,16→3,2.4000000953674316,0.1549981296993792,0.21338285505771637,0.8189172948277701,0.4848121702671051,0.058384725358337164,0.024326967932640296,0.334105124560665,0.13921046303521695
400,56,16,18,16→18,10.0,1.920620546717565,0.4194192588329315,0.2491117405006662,1.7402706146240234,-1.5012012878846335,-0.15012012878846334,-1.4911588741233572,-0.14911588741233572
400,57,17,5,17→5,2.4000000953674316,0.09301317553536137,0.2543056905269623,0.2325706764215738,0.17977838218212128,0.1612925149916009,0.06720521190933852,0.05279229423945253,0.021996788392364717
400,58,17,21,17→21,2.4000000953674316,1.3083986920164534,0.7859902381896973,1.059675727667809,0.8000357151031494,-0.5224084538267562,-0.21767018044504588,0.25964001256465963,0.10818333426978871
400,59,18,4,18→4,10.0,4.706101254852911,1.5533185005187988,1.166157639294397,0.7168861627578735,-3.152782754334112,-0.3152782754334112,0.44927147653652355,0.044927147653652355
400,60,18,16,18→16,10.0,0.27305679925302684,0.6699793338775635,1.1440258793663816,0.8042867183685303,0.39692253462453664,0.03969225346245366,0.3397391609978513,0.03397391609978513
400,61,18,21,18→21,10.0,1.0772147866946398,1.901097059249878,1.4253021939198334,1.281860113143921,0.8238822725552382,0.08238822725552382,0.14344208077591247,0.014344208077591247
400,62,19,0,19→0,2.4000000953674316,2.400001049041748,2.4000000953674316,0.0,0.0,-9.5367431640625e-07,-3.9736428271276624e-07,0.0,0.0
400,63,19,8,19→8,2.4000000953674316,0.03364601964130998,1.1699448823928833,0.018884333338995418,0.011951128020882607,1.1362988627515733,0.4734578406662979,0.006933205318112812,0.002888835434421665
400,64,20,3,20→3,2.4000000953674316,0.031534173438558355,0.1792113184928894,2.003797080481,2.196969747543335,0.14767714505433105,0.06153214132757032,-0.19317266706233482,-0.08048860807764291
400,65,20,9,20→9,2.4000000953674316,2.2661691910616355,0.0642915666103363,0.11905269655107986,1.0907920598983765,-2.201877624451299,-0.9174489737318946,-0.9717393633472966,-0.4048913853057688
400,66,21,6,21→6,10.0,1.2764766747131944,1.048964262008667,2.6626107375341235,2.2610034942626953,-0.22751241270452738,-0.02275124127045274,0.40160724327142816,0.040160724327142815
400,67,21,10,21→10,2.4000000953674316,0.003186396332921504,0.010636996477842331,0.0027381511508792755,0.05635032057762146,0.007450600144920827,0.003104416603691912,-0.053612169426742184,-0.022338403040160857
400,68,21,14,21→14,10.0,0.8850618748749639,3.0791361331939697,3.7024164166534774,1.3824129104614258,2.194074258319006,0.2194074258319006,2.3200035061920516,0.23200035061920515
400,69,21,15,21→15,2.4000000953674316,1.0757408484641928,1.1424243450164795,1.0574740499432664,1.1273441314697266,0.06668349655228667,0.02778478912605112,-0.06987008152646013,-0.02911253281253027
400,70,21,17,21→17,2.4000000953674316,0.08355540002230555,0.24665714800357819,0.037624588891048916,0.2168286144733429,0.16310174798127264,0.06795905895841323,-0.17920402558229398,-0.0746683410255692
400,71,21,18,21→18,10.0,7.44300874532928,4.235050678253174,1.8710166425271382,2.5485165119171143,-3.207958067076106,-0.3207958067076106,-0.6774998693899761,-0.06774998693899761
405,0,0,2,0→2,10.0,4.539278158631987,5.208186149597168,2.0838751718620188,1.280777096748352,0.6689079909651809,0.0668907990965181,0.8030980751136667,0.08030980751136667
405,1,0,4,0→4,10.0,6.789535346378557,6.330005168914795,1.4508156629809719,0.3258824944496155,-0.4595301774637619,-0.04595301774637619,1.1249331685313564,0.11249331685313564
405,2,0,9,0→9,10.0,3.210807373538728,5.2299089431762695,2.6513438151299624,1.5953105688095093,2.0191015696375416,0.20191015696375417,1.0560332463204531,0.10560332463204532
405,3,0,15,0→15,2.4000000953674316,1.7426596767977856,1.1877158880233765,0.6296856940462021,0.8355040550231934,-0.5549437887744091,-0.23122656946788542,-0.20581836097699124,-0.08575764699937696
405,4,0,19,0→19,2.4000000953674316,2.400001049041748,2.399977445602417,0.0,2.2649739548796788e-05,-2.3603439331054688e-05,-9.834765997140964e-06,-2.2649739548796788e-05,-9.4373911036571e-06
405,5,1,6,1→6,2.4000000953674316,0.2685455379112227,0.14245419204235077,1.2947590446989352,0.11776651442050934,-0.12609134586887194,-0.05253805869102176,1.1769925302784259,0.4904135347953944
405,6,1,13,1→13,0.1550000011920929,0.041786431840165505,0.043731123208999634,0.10183192251133732,0.06606614589691162,0.0019446913688341283,0.012546395831468767,0.035765776614425704,0.23074694412486393
405,7,1,14,1→14,2.4000000953674316,0.2154545946800397,0.20207923650741577,0.04145830774450587,1.5916848182678223,-0.013375358172623919,-0.0055730656838062324,-1.5502265105233164,-0.6459276870511883
405,8,2,0,2→0,10.0,5.517545302847907,5.021880149841309,1.389001188610564,1.1863510608673096,-0.4956651530065983,-0.04956651530065983,0.20265012774325442,0.020265012774325443
405,9,2,6,2→6,10.0,2.9354788794468334,4.903029918670654,0.546951490920037,1.25173020362854,1.967551039223821,0.1967551039223821,-0.704778712708503,-0.0704778712708503
405,10,2,12,2→12,10.0,2.9599342778537903,1.737572431564331,1.8610884598464281,0.7848789691925049,-1.2223618462894592,-0.12223618462894592,1.0762094906539232,0.10762094906539232
405,11,3,4,3→4,10.0,1.605213093104794,0.6496584415435791,2.9461437631116496,1.4083077907562256,-0.955554651561215,-0.0955554651561215,1.537835972355424,0.1537835972355424
405,12,3,16,3→16,2.4000000953674316,0.19716087821689143,0.10737088322639465,0.04452178906649351,1.4901539087295532,-0.08978999499049678,-0.037412496426067955,-1.4456321196630597,-0.6023466925911678
405,13,3,20,3→20,2.4000000953674316,2.277372147733786,0.15522514283657074,0.11619737804721808,1.2751250267028809,-2.122147004897215,-0.8842278835711137,-1.1589276486556628,-0.48288650108500725
405,14,4,0,4→0,10.0,2.7829046958759136,4.233933448791504,1.9920977465375245,1.4119287729263306,1.4510287529155903,0.14510287529155902,0.5801689736111939,0.05801689736111939
405,15,4,3,4→3,10.0,2.5657027404340624,0.49585843086242676,0.22970872159362443,1.466914415359497,-2.0698443095716357,-0.20698443095716357,-1.2372056937658726,-0.12372056937658726
405,16,4,6,4→6,10.0,6.927300478052047,3.1366350650787354,2.936038504579784,0.6502550840377808,-3.7906654129733113,-0.37906654129733114,2.2857834205420033,0.22857834205420033
405,17,4,7,4→7,2.4000000953674316,0.9211700468149502,0.8655856251716614,0.15960403432836756,0.762177586555481,-0.055584421643288806,-0.02316017476440101,-0.6025735522271134,-0.2510723034512469
405,18,4,10,4→10,2.4000000953674316,0.9448419831387582,0.15502896904945374,1.4481045605875806,0.17560520768165588,-0.7898130140893045,-0.3290887427937318,1.2724993529059248,0.5302080426422273
405,19,4,12,4→12,10.0,1.1843592840732526,1.2823944091796875,0.9354813290119637,0.5815334320068359,0.09803512510643486,0.009803512510643486,0.35394789700512774,0.035394789700512776
405,20,4,14,4→14,10.0,3.6213479877915233,2.674190044403076,0.21503056958317757,1.4227489233016968,-0.9471579433884472,-0.09471579433884472,-1.2077183537185192,-0.12077183537185192
405,21,4,18,4→18,10.0,5.578990965437129,7.13002872467041,3.2360304739296453,0.3715258836746216,1.5510377592332816,0.15510377592332816,2.8645045902550237,0.28645045902550237
405,22,5,6,5→6,10.0,1.0269091219433903,1.188131332397461,0.6240921226590217,0.8726646900177002,0.1612222104540706,0.01612222104540706,-0.2485725673586785,-0.02485725673586785
405,23,5,12,5→12,10.0,0.47008929448702474,0.30986806750297546,0.251867032604423,0.25900590419769287,-0.16022122698404928,-0.016022122698404927,-0.007138871593269869,-0.0007138871593269869
405,24,5,17,5→17,2.4000000953674316,0.7797019372110299,0.4451654553413391,1.069367539466839,0.39302268624305725,-0.33453648186969076,-0.1393901952401691,0.6763448532237817,0.28181034431177204
405,25,6,1,6→1,2.4000000953674316,0.0762750625872286,0.16302791237831116,0.18975240788131487,1.543221116065979,0.08675284979108255,0.0361470193099309,-1.3534687081846641,-0.5639452726677716
405,26,6,2,6→2,10.0,2.5941621597278584,1.6972041130065918,0.4947115504572821,0.7013803720474243,-0.8969580467212666,-0.08969580467212665,-0.20666882159014222,-0.020666882159014223
405,27,6,4,6→4,10.0,5.41975405812309,3.7487268447875977,1.3905488339310068,1.2531002759933472,-1.671027213335492,-0.1671027213335492,0.13744855793765964,0.013744855793765965
405,28,6,5,6→5,10.0,0.44813841728091575,0.22959353029727936,0.4907790549150377,0.16277851164340973,-0.2185448869836364,-0.02185448869836364,0.328000543271628,0.0328000543271628
405,29,6,13,6→13,0.1550000011920929,0.11839103321995026,0.07555025815963745,0.024914651537102428,0.03593984991312027,-0.04284077506031281,-0.27639209503759843,-0.011025198376017842,-0.07113031155628324
405,30,6,21,6→21,10.0,6.486996920551633,4.214722156524658,3.2435344734409455,1.2517244815826416,-2.2722747640269745,-0.22722747640269744,1.9918099918583039,0.19918099918583038
405,31,7,4,7→4,2.4000000953674316,2.106941728899983,2.225613594055176,0.29305932014176506,0.17328014969825745,0.11867186515519279,0.04944660851649864,0.11977917044350761,0.049907985701629666
405,32,7,12,7→12,2.4000000953674316,2.400001049041748,2.2960712909698486,0.0,0.10315413028001785,-0.10392975807189941,-0.043304064142542516,-0.10315413028001785,-0.04298088590876715
405,33,8,9,8→9,2.4000000953674316,2.399576326478723,2.4000000953674316,0.00042472256302517053,0.0,0.0004237688887087643,0.0001765703632790426,0.00042472256302517053,0.00017696772756175535
405,34,8,19,8→19,2.4000000953674316,1.7252235542982817,1.939486026763916,0.09265569597482681,0.06296050548553467,0.21426247246563435,0.08927602664650373,0.029695190489292145,0.01237299554554639
405,35,9,0,9→0,10.0,7.588715716367801,7.684300422668457,2.4112852373065152,0.7925202250480652,0.09558470630065585,0.009558470630065586,1.61876501225845,0.16187650122584502
405,36,9,8,9→8,2.4000000953674316,2.400001049041748,2.2972588539123535,0.0,0.10272975265979767,-0.10274219512939453,-0.04280924626949444,-0.10272975265979767,-0.04280406190736843
405,37,9,20,9→20,2.4000000953674316,0.13801666302606463,0.08391058444976807,2.1036557029365213,2.12219500541687,-0.05410607857629657,-0.022544198510964272,-0.01853930248034885,-0.007724709059859662
405,38,10,4,10→4,2.4000000953674316,0.5383861360751325,0.02152855694293976,0.00375779285968747,0.11276749521493912,-0.5168575791321928,-0.21535731608088277,-0.10900970235525165,-0.04542070750983143
405,39,10,21,10→21,2.4000000953674316,0.9436229996033489,0.015156791545450687,1.4251265335674361,0.07819443941116333,-0.9284662080578983,-0.38686090465165307,1.3469320941562728,0.5612216835975009
405,40,11,12,11→12,0.1550000011920929,0.15286780074984563,0.13582351803779602,0.002133198820047255,0.019104033708572388,-0.017044282712049608,-0.10996311342557007,-0.016970834888525133,-0.10948925650325012
405,41,11,14,11→14,0.1550000011920929,0.13414157026363682,0.15214115381240845,0.020859429306256068,0.0028549302369356155,0.017999583548771625,0.11612634458282732,0.018004499069320452,0.1161580576183823
405,42,12,2,12→2,10.0,1.1350039094186286,1.7941336631774902,0.4205691724855569,0.38263219594955444,0.6591297537588616,0.06591297537588617,0.037936976536002476,0.0037936976536002477
405,43,12,4,12→4,10.0,5.659416664721448,3.684628486633301,2.164569506050725,1.2294164896011353,-1.974788178088147,-0.1974788178088147,0.9351530164495898,0.09351530164495898
405,44,12,5,12→5,10.0,1.3977960047013767,1.3185949325561523,0.7708172487198226,1.041472315788269,-0.07920107214522432,-0.007920107214522432,-0.27065506706844644,-0.027065506706844645
405,45,12,7,12→7,2.4000000953674316,0.7893660854019799,0.8637700080871582,1.3945499342607945,0.794113039970398,0.07440392268517826,0.031001633220263385,0.6004368942903966,0.2501820293463246
405,46,12,11,12→11,0.1550000011920929,0.15500099956989288,0.1549978405237198,0.0,2.15971931538661e-06,-3.159046173095703e-06,-2.0380942895482102e-05,-2.15971931538661e-06,-1.3933672895331469e-05
405,47,13,1,13→1,0.1550000011920929,0.08454212725041543,0.05509164556860924,0.03745314939490646,0.05417396500706673,-0.029450481681806195,-0.19000310616325705,-0.016720815612160267,-0.10787622892620503
405,48,13,6,13→6,0.1550000011920929,0.06414992772491246,0.05277619883418083,0.08223066505013321,0.04058545082807541,-0.011373728890731627,-0.07337889550488495,0.0416452142220578,0.26867879936624334
405,49,14,1,14→1,2.4000000953674316,0.3662352167266363,0.17227116227149963,1.2202452755159072,0.18774795532226562,-0.19396405445513665,-0.0808183528115408,1.0324973201936416,0.43020719965245247
405,50,14,4,14→4,10.0,2.023512356875898,1.8034613132476807,1.8473878902086653,1.2705399990081787,-0.22005104362821726,-0.022005104362821725,0.5768478912004866,0.057684789120048666
405,51,14,11,14→11,0.1550000011920929,0.15500099956989288,0.15499937534332275,0.0,6.258090934352367e-07,-1.6242265701293945e-06,-1.0478881017016741e-05,-6.258090934352367e-07,-4.0374779911108895e-06
405,52,14,21,14→21,10.0,1.3763358888118091,3.206977367401123,0.16312230202311184,2.0944161415100098,1.830641478589314,0.18306414785893138,-1.931293839486898,-0.19312938394868978
405,53,15,0,15→0,2.4000000953674316,0.3496352528119644,0.9820303916931152,1.0415724302947638,0.6579903364181519,0.6323951388811508,0.26349796406334447,0.3835820938766119,0.159825866097679
405,54,15,21,15→21,2.4000000953674316,1.6071825662365882,0.8512730002403259,0.6017677588170045,0.9511032700538635,-0.7559095659962622,-0.31496230664963165,-0.349335511236859,-0.14555645723146396
405,55,16,3,16→3,2.4000000953674316,1.264381467014573,0.2418263852596283,0.6589684767395738,0.4859228730201721,-1.0225550817549447,-0.4260646004676075,0.1730456037194017,0.07210233201799478
405,56,16,18,16→18,10.0,0.2856895073327905,0.3975389003753662,0.2430215592321474,1.6933726072311401,0.11184939304257568,0.011184939304257568,-1.4503510479989927,-0.14503510479989928
405,57,17,5,17→5,2.4000000953674316,0.24573503641295247,0.25457367300987244,0.5324519470723317,0.16979923844337463,0.008838636596919969,0.0036827651023767166,0.36265270862895704,0.1511052892576807
405,58,17,21,17→21,2.4000000953674316,1.3326347552192601,0.8767711520195007,0.8649009203654714,0.7768463492393494,-0.4558636031997594,-0.18994316045223666,0.08805457112612203,0.03668940317797828
405,59,18,4,18→4,10.0,0.7341991269859136,1.3020577430725098,0.947032430397968,0.7039803862571716,0.5678586160865962,0.056785861608659616,0.2430520441407964,0.02430520441407964
405,60,18,16,18→16,10.0,1.513159361842554,0.6949667930603027,0.9645301513228333,0.8048484325408936,-0.8181925687822513,-0.08181925687822514,0.1596817187819397,0.015968171878193972
405,61,18,21,18→21,10.0,0.7578321618639166,1.6999149322509766,0.8204178695636699,1.2032071352005005,0.94208277038706,0.094208277038706,-0.3827892656368306,-0.038278926563683056
405,62,19,0,19→0,2.4000000953674316,2.400001049041748,2.4000000953674316,0.0,0.0,-9.5367431640625e-07,-3.9736428271276624e-07,0.0,0.0
405,63,19,8,19→8,2.4000000953674316,0.9171928081195801,1.2377254962921143,0.005540422983017379,0.002743544289842248,0.3205326881725341,0.1335552814315458,0.002796878693175131,0.0011653660758488172
405,64,20,3,20→3,2.4000000953674316,0.2110681452722929,0.16635090112686157,2.188932903769455,2.2015511989593506,-0.04471724414543132,-0.0186321843202199,-0.012618295189895434,-0.005257622786870605
405,65,20,9,20→9,2.4000000953674316,2.189256677139383,0.07596398890018463,0.03246431288698659,1.1924960613250732,-2.1132926882391985,-0.8805385851102063,-1.1600317484380867,-0.4833465426427368
405,66,21,6,21→6,10.0,4.313386564278744,1.1021476984024048,0.7172712132337438,2.3824782371520996,-3.2112388658763393,-0.3211238865876339,-1.6652070239183558,-0.16652070239183558
405,67,21,10,21→10,2.4000000953674316,0.6417523745931248,0.013345932587981224,0.0673188805145628,0.10208588093519211,-0.6284064420051436,-0.26183600709771504,-0.0347670004206293,-0.014486249599630368
405,68,21,14,21→14,10.0,1.1053410788244946,3.5209879875183105,4.043575806549114,1.607272744178772,2.415646908693816,0.2415646908693816,2.4363030623703423,0.24363030623703424
405,69,21,15,21→15,2.4000000953674316,0.5997061325184632,1.057730793952942,1.3304541055599657,1.054171085357666,0.45802466143447873,0.19084360134758943,0.27628302020229967,0.11511792050991636
405,70,21,17,21→17,2.4000000953674316,0.3889417760788092,0.276256263256073,0.0044129394350420625,0.2301885187625885,-0.1126855128227362,-0.04695229514375684,-0.22577557932754644,-0.09407315431501305
405,71,21,18,21→18,10.0,4.857236298938005,4.27603006362915,1.652102190288133,2.5289785861968994,-0.581206235308855,-0.0581206235308855,-0.8768763959087664,-0.08768763959087664
410,0,0,2,0→2,10.0,4.966547951989924,5.382504463195801,2.900382101144487,1.5230515003204346,0.4159565112058772,0.04159565112058772,1.3773306008240525,0.13773306008240524
410,1,0,4,0→4,10.0,5.5019698614199015,6.482172012329102,2.1986904673353465,0.3966479003429413,0.9802021509092,0.09802021509092,1.8020425669924052,0.1802042566992405
410,2,0,9,0→9,10.0,5.445488272038347,5.3460001945495605,2.74148897960913,1.5438612699508667,-0.09948807748878608,-0.009948807748878607,1.1976277096582635,0.11976277096582635
410,3,0,15,0→15,2.4000000953674316,1.2691711373627186,1.448317050933838,1.1308299116790295,0.8121459484100342,0.1791459135711193,0.0746441276885419,0.3186839632689953,0.13278497941901368
410,4,0,19,0→19,2.4000000953674316,2.400001049041748,2.3999886512756348,0.0,1.1444059055065736e-05,-1.239776611328125e-05,-5.165735675265961e-06,-1.1444059055065736e-05,-4.7683577501332105e-06
410,5,1,6,1→6,2.4000000953674316,0.46662611118108543,0.14246311783790588,0.5013983217045279,0.12468362599611282,-0.32416299334317955,-0.135067908525875,0.3767146957084151,0.15696445030796607
410,6,1,13,1→13,0.1550000011920929,0.0946689032643917,0.03187675401568413,0.05511845642240587,0.039866454899311066,-0.06279214924870757,-0.40511063719856816,0.015252001523094805,0.09840000906963131
410,7,1,14,1→14,2.4000000953674316,0.00039243308719960623,0.1909153312444687,0.06159541178931249,1.7439919710159302,0.19052289815726908,0.079384537744404,-1.6823965592266177,-0.7009985384892448
410,8,2,0,2→0,10.0,3.7827681298862217,5.003300666809082,0.7152328509105246,1.145560383796692,1.2205325369228603,0.12205325369228603,-0.4303275328861673,-0.043032753288616735
410,9,2,6,2→6,10.0,3.921160699261236,4.9265851974487305,2.548944442973152,1.2184149026870728,1.0054244981874945,0.10054244981874945,1.3305295402860793,0.13305295402860792
410,10,2,12,2→12,10.0,5.013868783578005,1.6564760208129883,1.6522393738152914,0.7666932344436646,-3.3573927627650164,-0.33573927627650163,0.8855461393716269,0.08855461393716269
410,11,3,4,3→4,10.0,2.300379817277644,0.47555750608444214,1.6730512475000978,1.3618443012237549,-1.824822311193202,-0.18248223111932022,0.31120694627634293,0.031120694627634293
410,12,3,16,3→16,2.4000000953674316,2.3413531758997124,0.10863699018955231,0.038573295692913234,1.6961281299591064,-2.23271618571016,-0.9302983737458306,-1.6575548342661932,-0.6906478201670352
410,13,3,20,3→20,2.4000000953674316,0.09214463458147293,0.12621775269508362,0.07210394967478351,1.2898157835006714,0.03407311811361069,0.014197131983194448,-1.2177118338258879,-0.5073799105993204
410,14,4,0,4→0,10.0,6.277572306338811,4.604736328125,3.331669864077412,1.383204698562622,-1.6728359782138114,-0.16728359782138114,1.94846516551479,0.194846516551479
410,15,4,3,4→3,10.0,2.7029915502566837,0.5219646692276001,0.37390080779186974,1.5040359497070312,-2.1810268810290836,-0.21810268810290837,-1.1301351419151615,-0.11301351419151615
410,16,4,6,4→6,10.0,2.3704777680352436,3.4172372817993164,2.0897016306914438,0.7500426173210144,1.0467595137640728,0.10467595137640728,1.3396590133704294,0.13396590133704295
410,17,4,7,4→7,2.4000000953674316,0.9042574603518005,0.8134872317314148,0.16123058542143553,0.7039886713027954,-0.09077022862038575,-0.03782092708895878,-0.5427580858813599,-0.22614919346420506
410,18,4,10,4→10,2.4000000953674316,0.05101104505638432,0.0564228892326355,0.6525654761583155,0.1340334266424179,0.005411844176251179,0.0022549349838349255,0.5185320495158976,0.21605501204636918
410,19,4,12,4→12,10.0,2.487794208133664,1.2782031297683716,0.9353464156133668,0.5816708207130432,-1.2095910783652926,-0.12095910783652926,0.35367559490032363,0.03536755949003236
410,20,4,14,4→14,10.0,0.32509791304028113,2.52038311958313,2.8742821225023363,1.3100922107696533,2.1952852065428488,0.21952852065428488,1.564189911732683,0.1564189911732683
410,21,4,18,4→18,10.0,6.721870583089675,7.225723743438721,2.501363618758205,0.34782251715660095,0.5038531603490455,0.05038531603490455,2.153541101601604,0.21535411016016043
410,22,5,6,5→6,10.0,0.8533182885439601,0.9738731980323792,0.3168232395128143,0.6512737274169922,0.12055490948841907,0.012055490948841906,-0.33445048790417786,-0.033445048790417785
410,23,5,12,5→12,10.0,0.2455369984591016,0.32933309674263,0.03521336851918022,0.26527470350265503,0.08379609828352841,0.00837960982835284,-0.2300613349834748,-0.02300613349834748
410,24,5,17,5→17,2.4000000953674316,0.9505245202481092,0.5107595920562744,0.9894425658403634,0.43380042910575867,-0.43976492819183477,-0.18323537946547802,0.5556421367346047,0.23151754777307118
410,25,6,1,6→1,2.4000000953674316,0.07895510660546279,0.14426463842391968,0.12936494957989453,1.6618592739105225,0.06530953181845689,0.027212303843037234,-1.532494324330628,-0.6385392764311572
410,26,6,2,6→2,10.0,1.4868609953532541,1.9516011476516724,1.0168682805101525,0.7865047454833984,0.46474015229841825,0.04647401522984183,0.2303635350267541,0.02303635350267541
410,27,6,4,6→4,10.0,1.7477155256488004,3.8246593475341797,2.1591606599220086,1.2453140020370483,2.0769438218853793,0.20769438218853792,0.9138466578849602,0.09138466578849602
410,28,6,5,6→5,10.0,0.3635358812798586,0.21222540736198425,0.3767487977138444,0.17022261023521423,-0.15131047391787433,-0.015131047391787434,0.20652618747863016,0.020652618747863016
410,29,6,13,6→13,0.1550000011920929,0.004195899087108046,0.05390313267707825,0.1222764541528818,0.03763199970126152,0.0497072335899702,0.3206918271462952,0.08464445445162028,0.5460932503266219
410,30,6,21,6→21,10.0,6.105578291576421,4.418455123901367,3.2982386634448275,1.307831048965454,-1.687123167675054,-0.1687123167675054,1.9904076144793734,0.19904076144793734
410,31,7,4,7→4,2.4000000953674316,2.2610084452498995,2.2995550632476807,0.13899260379184852,0.09978112578392029,0.03854661799778114,0.016061090194198425,0.039211478007928235,0.016338115187418397
410,32,7,12,7→12,2.4000000953674316,2.400001049041748,2.380692958831787,0.0,0.01920575648546219,-0.019308090209960938,-0.008045037267802665,-0.01920575648546219,-0.00800239821762251
410,33,8,9,8→9,2.4000000953674316,2.3995764791475622,2.4000000953674316,0.00042456989418593327,0.0,0.000423616219869416,0.0001765067512651752,0.00042456989418593327,0.00017690411554793423
410,34,8,19,8→19,2.4000000953674316,1.5147848278284073,2.122283935546875,0.06668993830680847,0.018241815268993378,0.6074991077184677,0.2531246181577596,0.048448123037815094,0.020186717130274888
410,35,9,0,9→0,10.0,6.7763654228443,7.757602214813232,3.223635530830016,0.8640803098678589,0.9812367919689322,0.09812367919689322,2.3595552209621573,0.23595552209621573
410,36,9,8,9→8,2.4000000953674316,2.400001049041748,2.3787341117858887,0.0,0.021265249699354172,-0.021266937255859375,-0.008861223504494687,-0.021265249699354172,-0.008860520355978794
410,37,9,20,9→20,2.4000000953674316,1.020814234179852,0.066841259598732,1.362783467946393,2.2826273441314697,-0.9539729745811201,-0.39748872361401727,-0.9198438761850767,-0.38326826651406937
410,38,10,4,10→4,2.4000000953674316,0.4791607702791225,0.03260892629623413,0.038106574985022235,0.11432674527168274,-0.4465518439828884,-0.18606326093271378,-0.0762201702866605,-0.03175840302414299
410,39,10,21,10→21,2.4000000953674316,0.023492294772040623,0.014293855056166649,0.6118170611662208,0.10011308640241623,-0.009198439715873974,-0.0038326830626503475,0.5117039747638046,0.21320998101271513
410,40,11,12,11→12,0.1550000011920929,0.15495441455641412,0.12008656561374664,4.658501347876154e-05,0.034634388983249664,-0.03486784894266748,-0.2249538624161392,-0.0345878039697709,-0.22314712066941164
410,41,11,14,11→14,0.1550000011920929,0.09807395485768211,0.13301263749599457,0.05692704471221077,0.02197791449725628,0.03493868263831246,0.22541085399743083,0.034949130214954494,0.22547825771718363
410,42,12,2,12→2,10.0,3.723456340681878,1.7792460918426514,0.5133302188510243,0.33319640159606934,-1.9442102488392266,-0.19442102488392266,0.18013381725495492,0.018013381725495492
410,43,12,4,12→4,10.0,6.529252090916202,3.5943150520324707,1.5487870756478515,1.1265878677368164,-2.9349370388837315,-0.29349370388837315,0.42219920791103505,0.0422199207911035
410,44,12,5,12→5,10.0,0.8860515553415098,1.1621298789978027,0.6988191488535449,0.868236780166626,0.2760783236562929,0.027607832365629293,-0.16941763131308107,-0.01694176313130811
410,45,12,7,12→7,2.4000000953674316,0.669233502849238,0.7689070701599121,1.2522120612447907,0.7116627097129822,0.09967356731067412,0.0415306513958344,0.5405493515318085,0.22522888752179498
410,46,12,11,12→11,0.1550000011920929,0.15500099956989288,0.15498706698417664,0.0,1.2924464499519672e-05,-1.3932585716247559e-05,-8.988764909092343e-05,-1.2924464499519672e-05,-8.338364129108791e-05
410,47,13,1,13→1,0.1550000011920929,0.0009513599970887299,0.050541236996650696,0.14126752090152195,0.05169614031910896,0.049589876999561966,0.3199346878591619,0.08957138058241298,0.5778798702808161
410,48,13,6,13→6,0.1550000011920929,0.10330174799810266,0.04059046506881714,0.04444877418086435,0.03339998796582222,-0.06271128292928552,-0.4045889190127609,0.011048786215042128,0.07128249116172114
410,49,14,1,14→1,2.4000000953674316,0.511746063845294,0.2005450576543808,0.364194923936509,0.2195371836423874,-0.3112010061909132,-0.12966708076037364,0.1446577402941216,0.0602740560608082
410,50,14,4,14→4,10.0,1.812459215765557,1.7151503562927246,0.5709075352497166,1.1795294284820557,-0.09730885947283241,-0.009730885947283241,-0.6086218932323391,-0.06086218932323391
410,51,14,11,14→11,0.1550000011920929,0.15500099956989288,0.15499399602413177,0.0,6.002927420922788e-06,-7.0035457611083984e-06,-4.518416585319145e-05,-6.002927420922788e-06,-3.872856370809511e-05
410,52,14,21,14→21,10.0,0.7747511627735548,3.1900649070739746,1.6978406879159706,2.099482536315918,2.41531374430042,0.24153137443004197,-0.4016418483999473,-0.04016418483999473
410,53,15,0,15→0,2.4000000953674316,0.3588521044002846,1.2618966102600098,1.7163639391073957,0.9035793542861938,0.9030445058597252,0.3762685291566508,0.8127845848212019,0.3386602302183523
410,54,15,21,15→21,2.4000000953674316,1.7908921342459507,0.9320899248123169,0.24633399612503126,1.0595312118530273,-0.8588022094336338,-0.3578342397116256,-0.8131972157279961,-0.33883215975601805
410,55,16,3,16→3,2.4000000953674316,1.1696592839434743,0.27249765396118164,0.1338466943448111,0.6628210544586182,-0.8971616299822927,-0.3738173309717891,-0.528974360113807,-0.2204059746226064
410,56,16,18,16→18,10.0,2.512236681265904,0.45372965931892395,0.2796785364785137,1.9524104595184326,-2.05850702194698,-0.20585070219469798,-1.672731923039919,-0.1672731923039919
410,57,17,5,17→5,2.4000000953674316,0.6136731316391888,0.25360649824142456,0.10272272975635133,0.15854060649871826,-0.36006663339776424,-0.15002775795416762,-0.055817876742366934,-0.02325744771848495
410,58,17,21,17→21,2.4000000953674316,0.6632840653096537,0.7845370769500732,1.6514769520713344,0.7545130252838135,0.12125301164041957,0.050522086175940825,0.8969639267875209,0.37373495464390755
410,59,18,4,18→4,10.0,1.3451807221219951,1.97360098361969,4.3349107841045225,0.6445482969284058,0.6284202614976948,0.06284202614976948,3.6903624871761167,0.36903624871761165
410,60,18,16,18→16,10.0,1.4021737141956692,0.6938756704330444,0.40913546874799067,0.9646333456039429,-0.7082980437626247,-0.07082980437626248,-0.5554978768559522,-0.05554978768559522
410,61,18,21,18→21,10.0,1.7625166734796949,1.9237734079360962,1.1421103447369205,1.140128493309021,0.16125673445640132,0.016125673445640133,0.001981851427899528,0.0001981851427899528
410,62,19,0,19→0,2.4000000953674316,2.400001049041748,2.4000000953674316,0.0,0.0,-9.5367431640625e-07,-3.9736428271276624e-07,0.0,0.0
410,63,19,8,19→8,2.4000000953674316,0.3378010066226125,1.139420747756958,0.004861126144042882,0.003216004930436611,0.8016197411343455,0.3340082122003501,0.001645121213606271,0.0006854671450979292
410,64,20,3,20→3,2.4000000953674316,1.0334539035570742,0.08203379809856415,1.3665471454846738,2.2957799434661865,-0.9514201054585101,-0.39642502818853054,-0.9292327979815127,-0.38718031710713346
410,65,20,9,20→9,2.4000000953674316,0.03687636158429086,0.07915668189525604,0.02500564232468605,1.2418959140777588,0.04228032031096518,0.01761679942954011,-1.2168902717530727,-0.5070375930825832
410,66,21,6,21→6,10.0,2.159803802490387,1.1896432638168335,1.6703470825330555,2.5168192386627197,-0.9701605386735537,-0.09701605386735537,-0.8464721561296642,-0.08464721561296643
410,67,21,10,21→10,2.4000000953674316,0.4650363309783643,0.004697700962424278,0.006131205096608028,0.0894618108868599,-0.46033863001594,-0.19180775488488627,-0.08333060579025187,-0.034721084366246345
410,68,21,14,21→14,10.0,3.846072559806089,3.3239810466766357,0.6545074778878188,1.4625663757324219,-0.5220915131294532,-0.052209151312945325,-0.808058897844603,-0.08080588978446031
410,69,21,15,21→15,2.4000000953674316,1.28909141717304,1.185412883758545,0.9657659645090462,1.1598162651062012,-0.10367853341449518,-0.04319938720611691,-0.194050300597155,-0.08085428870262049
410,70,21,17,21→17,2.4000000953674316,0.020677204185631126,0.21995635330677032,0.5023063324624673,0.21783733367919922,0.1992791491211392,0.08303297550104066,0.28446899878326803,0.1185287447831192
410,71,21,18,21→18,10.0,1.5494704631346394,4.116225242614746,5.764946489269242,2.3839452266693115,2.5667547794801067,0.25667547794801066,3.3810012625999306,0.3381001262599931
415,0,0,2,0→2,10.0,4.97090583573663,5.224512577056885,3.238008050073404,1.4065308570861816,0.2536067413202545,0.025360674132025453,1.8314771929872222,0.18314771929872223
415,1,0,4,0→4,10.0,4.828041743489848,6.669839382171631,2.8671877578226486,0.4257713258266449,1.8417976386817827,0.18417976386817828,2.4414164319960037,0.24414164319960036
415,2,0,9,0→9,10.0,4.744970320001812,4.230700969696045,1.1761627073865384,1.7941676378250122,-0.5142693503057671,-0.051426935030576715,-0.6180049304384738,-0.06180049304384738
415,3,0,15,0→15,2.4000000953674316,0.7962689837440848,1.329383373260498,1.6037320652976632,0.8577632904052734,0.5331143895164132,0.22213098680514645,0.7459687748923898,0.3108203105209396
415,4,0,19,0→19,2.4000000953674316,1.3945216098335962,1.9429829120635986,1.0054794392081519,0.45632636547088623,0.5484613022300024,0.2285255335150455,0.5491530737372656,0.22881377163161828
415,5,1,6,1→6,2.4000000953674316,0.3493378595997001,0.1393822878599167,0.6680297021055139,0.1316584050655365,-0.2099555717397834,-0.08748148474870787,0.5363712970399774,0.22348803155270744
415,6,1,13,1→13,0.1550000011920929,0.03241452575389303,0.04783690348267555,0.11089338435289164,0.04376564174890518,0.015422377728782521,0.09949921038819497,0.06712774260398646,0.43308220701749833
415,7,1,14,1→14,2.4000000953674316,0.12381039246247383,0.1915266513824463,0.186749582000175,1.879714012145996,0.06771625891997246,0.02821510676215425,-1.692964430145821,-0.7054018178639423
415,8,2,0,2→0,10.0,3.7744974104150515,4.248146057128906,0.38446641213795374,1.5841543674468994,0.47364864671385476,0.047364864671385475,-1.1996879553089457,-0.11996879553089457
415,9,2,6,2→6,10.0,4.061478308962251,4.804677486419678,3.5951825058755276,1.2489914894104004,0.7431991774574271,0.07431991774574272,2.346191016465127,0.23461910164651273
415,10,2,12,2→12,10.0,1.5509856216351636,1.4373120069503784,0.4539866935023156,0.7311705350875854,-0.1136736146847852,-0.011367361468478521,-0.2771838415852699,-0.02771838415852699
415,11,3,4,3→4,10.0,1.5689473272395844,0.5351251363754272,0.16462522142319358,1.2635905742645264,-1.0338221908641572,-0.10338221908641572,-1.0989653528413328,-0.10989653528413328
415,12,3,16,3→16,2.4000000953674316,1.7116470393157854,0.11140743643045425,0.057433446403592825,1.7065380811691284,-1.6002396028853312,-0.6667664747073021,-1.6491046347655356,-0.6871269038483365
415,13,3,20,3→20,2.4000000953674316,0.12244279272817948,0.10065735131502151,1.026612804906108,0.953148365020752,-0.02178544141315797,-0.009077266894784308,0.07346443988535611,0.030610182069225694
415,14,4,0,4→0,10.0,3.62314946868441,3.626650810241699,4.409285368657997,1.695777177810669,0.003501341557289095,0.00035013415572890947,2.713508190847328,0.2713508190847328
415,15,4,3,4→3,10.0,0.7262963499661694,0.3702794909477234,1.1502515218115832,1.140734076499939,-0.35601685901844604,-0.03560168590184461,0.009517445311644224,0.0009517445311644224
415,16,4,6,4→6,10.0,6.610484129216495,3.4141101837158203,1.7102645447165514,0.956445574760437,-3.1963739455006746,-0.31963739455006746,0.7538189699561144,0.07538189699561144
415,17,4,7,4→7,2.4000000953674316,0.898944978354848,0.7901976108551025,0.8342391878541093,0.7054222226142883,-0.10874736749974545,-0.04531140132438062,0.128816965239821,0.05367373338378954
415,18,4,10,4→10,2.4000000953674316,1.3416952482698434,0.06756377220153809,1.0467043182189855,0.20142602920532227,-1.2741314760683053,-0.5308880939328631,0.8452782890136632,0.3521992730938846
415,19,4,12,4→12,10.0,1.217700629791807,1.4415864944458008,0.09620494339833385,0.8525483012199402,0.22388586465399385,0.022388586465399384,-0.7563433578216063,-0.07563433578216064
415,20,4,14,4→14,10.0,3.98627457527391,2.7265748977661133,0.1900467772356933,1.4246864318847656,-1.2596996775077969,-0.12596996775077968,-1.2346396546490723,-0.12346396546490723
415,21,4,18,4→18,10.0,5.531956551419796,7.375804901123047,4.240859051480868,0.4508476257324219,1.8438483497032507,0.18438483497032507,3.790011425748446,0.37900114257484463
415,22,5,6,5→6,10.0,0.5806575860056,1.0967158079147339,0.4578909906786066,0.7908867597579956,0.5160582219091339,0.051605822190913385,-0.332995769079389,-0.0332995769079389
415,23,5,12,5→12,10.0,1.75693211895873,0.4200359582901001,1.2629762410276726,0.37450432777404785,-1.3368961606686298,-0.13368961606686297,0.8884719132536247,0.08884719132536248
415,24,5,17,5→17,2.4000000953674316,1.7974521604628535,0.4565389156341553,0.5110961285195117,0.3967306911945343,-1.3409132448286982,-0.5587138298106646,0.11436543732497739,0.04765226365854308
415,25,6,1,6→1,2.4000000953674316,0.11393397295614704,0.19539660215377808,0.2913998589425546,1.8481403589248657,0.08146262919763103,0.03394276081691546,-1.5567404999823111,-0.6486418492179183
415,26,6,2,6→2,10.0,0.8371671609420446,1.7644827365875244,0.6743124361968285,0.9253047704696655,0.9273155756454798,0.09273155756454798,-0.25099233427283707,-0.025099233427283707
415,27,6,4,6→4,10.0,4.133598451184753,3.540215015411377,2.6349197317063044,1.185997486114502,-0.5933834357733758,-0.05933834357733758,1.4489222455918025,0.14489222455918024
415,28,6,5,6→5,10.0,1.226799509058992,0.25724005699157715,0.9268578721296308,0.19968226552009583,-0.9695594520674149,-0.09695594520674149,0.727175606609535,0.0727175606609535
415,29,6,13,6→13,0.1550000011920929,0.07991827368823579,0.05629787594079971,0.05504689965334819,0.05017615109682083,-0.023620397747436073,-0.15238966171466736,0.00487074855652736,0.03142418399397944
415,30,6,21,6→21,10.0,6.613567329227628,4.449708461761475,2.0782144690992936,1.291903018951416,-2.1638588674661534,-0.21638588674661535,0.7863114501478776,0.07863114501478777
415,31,7,4,7→4,2.4000000953674316,2.375796172055459,2.147423267364502,0.024204876986289037,0.2519875764846802,-0.22837290469095706,-0.09515537317343063,-0.22778269949839114,-0.09490945435296677
415,32,7,12,7→12,2.4000000953674316,2.050212098698246,2.2823712825775146,0.34914212993544425,0.11710011959075928,0.23215918387926848,0.09673298943920489,0.23204201034468497,0.09668416713506844
415,33,8,9,8→9,2.4000000953674316,2.400001049041748,2.3999998569488525,0.0,2.384185791015625e-07,-1.1920928955078125e-06,-4.967053533909578e-07,-2.384185791015625e-07,-9.934107067819156e-08
415,34,8,19,8→19,2.4000000953674316,1.0304331083898433,1.6754531860351562,0.007475780788809061,0.22907519340515137,0.645020077645313,0.26875835500604955,-0.2215994126163423,-0.09233308492115548
415,35,9,0,9→0,10.0,5.574349500188873,7.880290985107422,4.425651453485443,0.8301693797111511,2.3059414849185487,0.23059414849185486,3.595482073774292,0.3595482073774292
415,36,9,8,9→8,2.4000000953674316,2.400001049041748,1.8520506620407104,0.0,0.5464014410972595,-0.5479503870010376,-0.22831265217810265,-0.5464014410972595,-0.2276672580771741
415,37,9,20,9→20,2.4000000953674316,2.37857322425225,0.056382741779088974,0.0034250179305672646,2.211617946624756,-2.322190482473161,-0.9675793292490023,-2.2081929286941886,-0.9200803503952036
415,38,10,4,10→4,2.4000000953674316,0.9849430651447619,0.018748391419649124,0.017315742617938668,0.08071445673704147,-0.9661946737251128,-0.40258109805499476,-0.0633987141191028,-0.026416129833276812
415,39,10,21,10→21,2.4000000953674316,1.2857182514662782,0.00823648925870657,1.019397430732738,0.15586844086647034,-1.2774817622075716,-0.5322840464354205,0.8635289898662677,0.3598037314802958
415,40,11,12,11→12,0.1550000011920929,0.12943136572448566,0.10779879242181778,0.025569633845407225,0.04644552990794182,-0.02163257330266788,-0.13956498797608677,-0.020875896062534594,-0.13468319936761103
415,41,11,14,11→14,0.1550000011920929,0.09968680308975308,0.1213223934173584,0.0553141964801398,0.033674292266368866,0.021635590327605314,0.13958445265295277,0.021639904213770933,0.13961228417638788
415,42,12,2,12→2,10.0,1.7599480614535423,1.6889779567718506,0.2320303519409208,0.5079379677772522,-0.07097010468169174,-0.0070970104681691735,-0.2759076158363314,-0.02759076158363314
415,43,12,4,12→4,10.0,4.015050804918026,3.4946746826171875,2.1299089159546156,1.284195899963379,-0.5203761223008385,-0.05203761223008385,0.8457130159912367,0.08457130159912367
415,44,12,5,12→5,10.0,1.7967002842228794,1.2303755283355713,0.6222050338005829,0.9886640906333923,-0.5663247558873081,-0.056632475588730816,-0.36645905683280944,-0.036645905683280945
415,45,12,7,12→7,2.4000000953674316,0.6137684431728303,0.7288592457771301,0.5524359871710658,0.6887204647064209,0.11509080260429982,0.04795449917958433,-0.1362844775353551,-0.056785196716623645
415,46,12,11,12→11,0.1550000011920929,0.15500099956989288,0.15499433875083923,0.0,5.660554961650632e-06,-6.660819053649902e-06,-4.297302582207783e-05,-5.660554961650632e-06,-3.6519709149133845e-05
415,47,13,1,13→1,0.1550000011920929,0.01637360892095785,0.04126312956213951,0.0656016197625604,0.04288340359926224,0.02488952064118166,0.16057755128876325,0.022718216163298166,0.14656913541015576
415,48,13,6,13→6,0.1550000011920929,0.06591288639538107,0.032815754413604736,0.07504496280245121,0.025554876774549484,-0.03309713198177633,-0.21352988211115403,0.049490086027901725,0.3192908751437248
415,49,14,1,14→1,2.4000000953674316,0.4077570277036102,0.17487306892871857,0.6116551383778983,0.1841440051794052,-0.23288395877489165,-0.0970349789670479,0.4275111331984931,0.17812963175446983
415,50,14,4,14→4,10.0,1.825327947054575,1.3205726146697998,3.0478374856311348,0.9882093071937561,-0.5047553323847751,-0.05047553323847751,2.0596281784373787,0.20596281784373788
415,51,14,11,14→11,0.1550000011920929,0.15500099956989288,0.15499764680862427,0.0,2.3539298581454204e-06,-3.3527612686157227e-06,-2.163071769567676e-05,-2.3539298581454204e-06,-1.5186644129300193e-05
415,52,14,21,14→21,10.0,1.4696548278334376,2.989553689956665,0.359879108338248,1.932990312576294,1.5198988621232274,0.15198988621232273,-1.573111204238046,-0.1573111204238046
415,53,15,0,15→0,2.4000000953674316,1.3727248123741447,1.2614353895187378,0.7129186122911051,0.8627144694328308,-0.11128942285540688,-0.0463705910138178,-0.14979585714172572,-0.062414937995572246
415,54,15,21,15→21,2.4000000953674316,0.5651277438009856,0.6872978806495667,1.0297041640806128,0.8831520676612854,0.12217013684858102,0.05090422166415673,0.14655209641932743,0.061063371081612736
415,55,16,3,16→3,2.4000000953674316,0.2617628563020844,0.248207226395607,0.10729237870600628,0.538564920425415,-0.013555629906477407,-0.0056481789032604545,-0.43127254171940876,-0.17969688524257432
415,56,16,18,16→18,10.0,2.0114623849695548,0.43159955739974976,0.29660762939602137,1.9348307847976685,-1.579862827569805,-0.1579862827569805,-1.638223155401647,-0.16382231554016471
415,57,17,5,17→5,2.4000000953674316,0.8711912445651251,0.247285857796669,0.4725089847925119,0.16511328518390656,-0.6239053867684561,-0.2599605674902852,0.30739569960860536,0.12808153641408257
415,58,17,21,17→21,2.4000000953674316,1.3129520955653788,0.779961884021759,1.0272534491559782,0.7197819352149963,-0.5329902115436198,-0.2220792459852052,0.3074715139409818,0.1281131257179842
415,59,18,4,18→4,10.0,3.8074718429661516,1.3151459693908691,1.5961247284722049,0.6841766834259033,-2.4923258735752825,-0.24923258735752823,0.9119480450463016,0.09119480450463016
415,60,18,16,18→16,10.0,0.6150226713580196,0.6388152837753296,0.3714449052085911,0.80947345495224,0.02379261241731001,0.0023792612417310012,-0.4380285497436489,-0.04380285497436489
415,61,18,21,18→21,10.0,1.612773810938961,1.6738094091415405,1.060803312083408,1.0829799175262451,0.06103559820257942,0.006103559820257942,-0.02217660544283717,-0.0022176605442837173
415,62,19,0,19→0,2.4000000953674316,2.400001049041748,2.4000000953674316,0.0,0.0,-9.5367431640625e-07,-3.9736428271276624e-07,0.0,0.0
415,63,19,8,19→8,2.4000000953674316,0.06411217809904457,1.094726800918579,0.01939067960393004,0.10066914558410645,1.0306146228195345,0.4294227424444127,-0.0812784659801764,-0.0338660261460252
415,64,20,3,20→3,2.4000000953674316,2.400001049041748,0.11796621978282928,0.0,2.261345148086548,-2.2820348292589188,-0.9508478077412523,-2.261345148086548,-0.9422271075953202
415,65,20,9,20→9,2.4000000953674316,0.10795253777178004,0.04707515984773636,0.9709688960574567,0.9007314443588257,-0.060877377924043685,-0.025365573127080886,0.07023745169863105,0.029265603711518994
415,66,21,6,21→6,10.0,1.7288349938899046,1.1759408712387085,0.53366655239887,2.7308197021484375,-0.5528941226511961,-0.05528941226511961,-2.1971531497495675,-0.21971531497495675
415,67,21,10,21→10,2.4000000953674316,0.9748815205239225,0.00534605048596859,0.023857929768382746,0.07065707445144653,-0.9695354700379539,-0.40397309646336554,-0.04679914468306379,-0.019499642843097055
415,68,21,14,21→14,10.0,1.1505605489364825,3.073404550552368,4.994076020142074,1.2518293857574463,1.9228440016158856,0.19228440016158857,3.742246634384628,0.37422466343846283
415,69,21,15,21→15,2.4000000953674316,1.6393024941717158,1.1833341121673584,0.4344703000388108,1.2006185054779053,-0.4559683820043574,-0.18998681828575104,-0.7661482054390945,-0.31922840624795884
415,70,21,17,21→17,2.4000000953674316,0.07647784445089201,0.26247525215148926,0.767830310386671,0.26703038811683655,0.18599740770059725,0.07749891679571859,0.5007999222698345,0.20866662598743096
415,71,21,18,21→18,10.0,6.154242187202037,4.192944526672363,1.2099341490247753,2.3673410415649414,-1.9612976605296737,-0.19612976605296736,-1.1574068925401662,-0.11574068925401662
420,0,0,2,0→2,10.0,1.3381390219601599,5.129064083099365,4.142458030005642,1.6004595756530762,3.7909250611392054,0.37909250611392054,2.5419984543525658,0.2541998454352566
420,1,0,4,0→4,10.0,7.495060119319305,6.173505783081055,1.3358738788888194,0.5500081777572632,-1.3215543362382505,-0.13215543362382504,0.7858657011315562,0.07858657011315562
420,2,0,9,0→9,10.0,3.2766390821488613,3.6334500312805176,2.926570135550989,1.7793900966644287,0.35681094913165623,0.03568109491316562,1.1471800388865603,0.11471800388865602
420,3,0,15,0→15,2.4000000953674316,1.2117029229475658,1.3170222043991089,1.0438501177059014,0.8787915110588074,0.10531928145154312,0.04388303219438794,0.16505860664709404,0.0687744167034394
420,4,0,19,0→19,2.4000000953674316,2.3245401920430595,1.993933916091919,0.07546085699868854,0.405630886554718,-0.33060627595114056,-0.137752609505845,-0.3301700295560295,-0.13757084018177157
420,5,1,6,1→6,2.4000000953674316,0.567057710618883,0.16596192121505737,0.4593220541875098,0.1554434895515442,-0.4010957894038256,-0.1671232389440465,0.30387856463596563,0.1266160635670487
420,6,1,13,1→13,0.1550000011920929,0.0009391048224642873,0.043184638023376465,0.05358941646409221,0.04143984243273735,0.04224553320091218,0.2725518250064844,0.01214957403135486,0.07838434798653829
420,7,1,14,1→14,2.4000000953674316,0.030502946556225652,0.27444642782211304,0.016480322853567486,1.8094950914382935,0.24394348126588739,0.1016431131551853,-1.793014768584726,-0.7470894572236347
420,8,2,0,2→0,10.0,2.8463597138975274,3.8420403003692627,2.0981422420852596,1.622382402420044,0.9956805864717353,0.09956805864717352,0.4757598396652156,0.04757598396652156
420,9,2,6,2→6,10.0,0.5709580157722485,4.455324172973633,3.5475754124297647,1.2438324689865112,3.8843661572013843,0.38843661572013843,2.3037429434432535,0.23037429434432535
420,10,2,12,2→12,10.0,0.00781779435237695,1.5516963005065918,0.006226105010227915,0.8853733539581299,1.5438785061542148,0.15438785061542148,-0.879147248947902,-0.0879147248947902
420,11,3,4,3→4,10.0,1.8491271364960085,0.3466264605522156,0.2021822905026056,1.1736552715301514,-1.5025006759437929,-0.15025006759437928,-0.9714729810275458,-0.09714729810275458
420,12,3,16,3→16,2.4000000953674316,1.9491627907693783,0.0986519455909729,0.37841682996372583,1.6790844202041626,-1.8505108451784054,-0.7710461548523808,-1.3006675902404368,-0.5419448077318968
420,13,3,20,3→20,2.4000000953674316,0.0941713993825033,0.07721798121929169,0.08412396033054392,0.7688192129135132,-0.01695341816321161,-0.007063923953976385,-0.6846952525829693,-0.28528967723984394
420,14,4,0,4→0,10.0,4.518517952297287,3.531893730163574,2.338919888723055,1.643211007118225,-0.9866242221337131,-0.09866242221337132,0.6957088816048298,0.06957088816048299
420,15,4,3,4→3,10.0,1.5010540153496095,0.3287995457649231,0.5213861695617652,0.9729587435722351,-1.1722544695846864,-0.11722544695846863,-0.4515725740104699,-0.045157257401046993
420,16,4,6,4→6,10.0,3.4318771526814786,2.989147663116455,0.556033214702993,0.9964996576309204,-0.44272948956502356,-0.044272948956502356,-0.44046644292792736,-0.04404664429279274
420,17,4,7,4→7,2.4000000953674316,0.7083169573452324,0.7048967480659485,0.6384719445049996,0.6165071725845337,-0.003420209279283881,-0.0014250871430737419,0.021964771920465864,0.009151987936526784
420,18,4,10,4→10,2.4000000953674316,0.5998024314105381,0.0633663758635521,0.0976539190243102,0.13996621966362,-0.536436055546986,-0.22351501426288883,-0.0423123006393098,-0.017630124565820873
420,19,4,12,4→12,10.0,0.10840331525014335,1.1546359062194824,0.09144631375738754,0.7107421159744263,1.046232590969339,0.1046232590969339,-0.6192958022170387,-0.061929580221703875
420,20,4,14,4→14,10.0,0.3769607030553743,2.5037364959716797,0.2387086870148778,1.3772163391113281,2.1267757929163054,0.21267757929163053,-1.1385076520964503,-0.11385076520964503
420,21,4,18,4→18,10.0,6.251149081689137,6.89980411529541,2.7191504794723325,0.49779874086380005,0.6486550336062731,0.06486550336062731,2.2213517386085324,0.22213517386085324
420,22,5,6,5→6,10.0,0.6528197203278978,1.036191701889038,0.572649164181712,0.767033576965332,0.3833719815611403,0.03833719815611403,-0.19438441278362006,-0.019438441278362008
420,23,5,12,5→12,10.0,0.04848165607836563,0.31698817014694214,0.04464214133986388,0.2672439515590668,0.2685065140685765,0.02685065140685765,-0.2226018102192029,-0.02226018102192029
420,24,5,17,5→17,2.4000000953674316,0.4330093902824501,0.49248555302619934,0.39436548598985155,0.43703362345695496,0.05947616274374923,0.024781733491824564,-0.042668137467103406,-0.01777838990484334
420,25,6,1,6→1,2.4000000953674316,0.20315793912550362,0.1670181155204773,0.22879247943819792,1.6846842765808105,-0.03613982360502632,-0.015058259237066173,-1.4558917971426126,-0.6066215580377803
420,26,6,2,6→2,10.0,0.1675546336714433,1.6353604793548584,0.18913686631981363,1.0155688524246216,1.467805845683415,0.1467805845683415,-0.826431986104808,-0.08264319861048079
420,27,6,4,6→4,10.0,0.996189892712664,3.3277382850646973,2.926990407007579,1.1510355472564697,2.3315483923520333,0.23315483923520333,1.7759548597511094,0.17759548597511093
420,28,6,5,6→5,10.0,0.38167154040979767,0.2676057815551758,0.3367051779927124,0.19895029067993164,-0.11406575885462189,-0.011406575885462188,0.13775488731278074,0.013775488731278073
420,29,6,13,6→13,0.1550000011920929,0.09683612481512682,0.054767340421676636,0.0332482029740504,0.045504894107580185,-0.04206878439345019,-0.2714115101284029,-0.012256691133529785,-0.07907542605977116
420,30,6,21,6→21,10.0,4.109462892046691,4.271667003631592,2.172468609470784,1.5802534818649292,0.16220411158490045,0.016220411158490045,0.5922151276058547,0.059221512760585474
420,31,7,4,7→4,2.4000000953674316,1.9584806663971934,2.135159969329834,0.4415203826445546,0.26447901129722595,0.17667930293264056,0.0736163732966817,0.17704137134732867,0.07376723513014039
420,32,7,12,7→12,2.4000000953674316,2.3883432007860392,2.2148003578186035,0.011657848255708814,0.18496264517307281,-0.17354284296743572,-0.07230951502977624,-0.173304796917364,-0.07221032917952099
420,33,8,9,8→9,2.4000000953674316,2.400001049041748,2.3999998569488525,0.0,2.3841856489070778e-07,-1.1920928955078125e-06,-4.967053533909578e-07,-2.3841856489070778e-07,-9.934106475700233e-08
420,34,8,19,8→19,2.4000000953674316,0.7730056125003557,1.6952505111694336,0.8270139778032899,0.24784567952156067,0.9222448986690779,0.3842686925093165,0.5791682982817292,0.24132011469485404
420,35,9,0,9→0,10.0,4.783755872439315,7.049862384796143,4.139296755109612,1.1016079187393188,2.266106512356828,0.22661065123568278,3.037688836370293,0.3037688836370293
420,36,9,8,9→8,2.4000000953674316,1.3212186633795258,1.652014970779419,1.0787823856622223,0.6402465105056763,0.3307963073998932,0.13783178927301226,0.438535875156546,0.18272327405445696
420,37,9,20,9→20,2.4000000953674316,2.316559120611373,0.048720017075538635,0.060258142882958055,2.290452480316162,-2.2678391035358345,-0.9449329222583369,-2.230194337433204,-0.9292476036721862
420,38,10,4,10→4,2.4000000953674316,0.08246348858619967,0.04146910086274147,0.03615960342631297,0.1633789986371994,-0.0409943877234582,-0.017080994206036523,-0.12721939521088643,-0.05300807923151753
420,39,10,21,10→21,2.4000000953674316,0.5372134011219745,0.006779938004910946,0.038891151151347,0.0898020789027214,-0.5304334631170635,-0.22101393418313844,-0.0509109277513744,-0.021212885720148324
420,40,11,12,11→12,0.1550000011920929,0.09384601082615518,0.11400410532951355,0.0611549887437377,0.04077449440956116,0.02015809450335837,0.1300522216020906,0.02038049433417654,0.1314870592092371
420,41,11,14,11→14,0.1550000011920929,0.15320510962010303,0.13305014371871948,0.0017958899497898528,0.021948182955384254,-0.020154965901383548,-0.13003203707337602,-0.0201522930055944,-0.1300147925845464
420,42,12,2,12→2,10.0,0.43746736401180897,1.6010578870773315,0.37987149697528366,0.5330771207809448,1.1635905230655226,0.11635905230655226,-0.15320562380566116,-0.015320562380566116
420,43,12,4,12→4,10.0,2.758244496067846,3.485250949859619,0.33530880618877745,1.4044435024261475,0.7270064537917733,0.07270064537917734,-1.06913469623737,-0.106913469623737
420,44,12,5,12→5,10.0,0.40295349044026807,1.2115956544876099,0.3723282446153462,1.0065975189208984,0.8086421640473418,0.08086421640473418,-0.6342692743055522,-0.06342692743055522
420,45,12,7,12→7,2.4000000953674316,0.6470136707648635,0.6519452333450317,0.5841985147890227,0.6039881706237793,0.004931562580168247,0.002054817660085652,-0.01978965583475656,-0.0082456896034943
420,46,12,11,12→11,0.1550000011920929,0.1510977981661199,0.15220382809638977,0.0039032014037729858,0.0027952841483056545,0.0011060299302698695,0.007135676914603095,0.0011079172554673312,0.007147853206105976
420,47,13,1,13→1,0.1550000011920929,1.3188142929720925e-05,0.04317190498113632,1.1644673122646054e-05,0.039710115641355515,0.0431587168382066,0.27844333229855667,-0.03969847096823287,-0.2561191655671938
420,48,13,6,13→6,0.1550000011920929,0.0697721852795894,0.026791295036673546,0.0600579676607822,0.020225752145051956,-0.04298089024291585,-0.2772960639506657,0.03983221551573024,0.25698203360892763
420,49,14,1,14→1,2.4000000953674316,0.21732965244063962,0.09533670544624329,0.14170578252515043,0.12020572274923325,-0.12199294699439633,-0.050830392561180146,0.02150005977591718,0.008958357883992333
420,50,14,4,14→4,10.0,1.0601667738762899,1.3071529865264893,0.9339366264011915,1.0061054229736328,0.24698621265019938,0.024698621265019937,-0.07216879657244135,-0.007216879657244135
420,51,14,11,14→11,0.1550000011920929,0.15500099956989288,0.1542600393295288,0.0,0.0007398535963147879,-0.0007409602403640747,-0.004780388610744564,-0.0007398535963147879,-0.004773248971771817
420,52,14,21,14→21,10.0,0.6601627426700816,2.838930606842041,0.4930804578734751,1.9299921989440918,2.1787678641719594,0.21787678641719593,-1.4369117410706167,-0.14369117410706167
420,53,15,0,15→0,2.4000000953674316,1.1594871556735598,1.4843189716339111,0.9967637726658722,0.9066298604011536,0.3248318159603514,0.13534658460528967,0.09013391226471867,0.03755579528463289
420,54,15,21,15→21,2.4000000953674316,1.0561540901601347,0.7379387021064758,0.9684452063013396,0.9340272545814514,-0.3182153880536589,-0.132589739753715,0.03441795171988815,0.014340812646767367
420,55,16,3,16→3,2.4000000953674316,0.12896330612352358,0.18055354058742523,0.11534648806446057,0.37833091616630554,0.05159023446390165,0.021495930172454165,-0.26298442810184497,-0.10957684068824296
420,56,16,18,16→18,10.0,1.6649656607253291,0.34269028902053833,0.1563630039202053,1.8385193347930908,-1.3222753717047908,-0.13222753717047908,-1.6821563308728855,-0.16821563308728854
420,57,17,5,17→5,2.4000000953674316,0.25883744041857426,0.27527564764022827,0.22011889993336808,0.17791959643363953,0.01643820722165401,0.006849252736857654,0.04219930349972856,0.01758304242619957
420,58,17,21,17→21,2.4000000953674316,0.7235169958585175,0.7073507905006409,0.657073661848699,0.6989079713821411,-0.016166205357876606,-0.006735918631453895,-0.04183430953344214,-0.017430961612956708
420,59,18,4,18→4,10.0,1.941973270301801,1.8066353797912598,1.1720214600791223,0.7975161075592041,-0.13533789051054113,-0.013533789051054113,0.37450535251991823,0.03745053525199182
420,60,18,16,18→16,10.0,0.0834591541354257,0.6589770913124084,0.07340879586990923,0.7051515579223633,0.5755179371769827,0.05755179371769827,-0.631742762052454,-0.0631742762052454
420,61,18,21,18→21,10.0,1.761370912537118,1.6879312992095947,0.6207047541392967,1.1069031953811646,-0.07343961332752325,-0.007343961332752324,-0.48619844124186784,-0.04861984412418678
420,62,19,0,19→0,2.4000000953674316,2.400001049041748,2.4000003337860107,0.0,0.0,-7.152557373046875e-07,-2.980232120345747e-07,0.0,0.0
420,63,19,8,19→8,2.4000000953674316,0.07761617751498306,0.9549912810325623,0.008113658986985683,0.04680734872817993,0.8773751035175792,0.3655729452724276,-0.03869368974119425,-0.016122370084852174
420,64,20,3,20→3,2.4000000953674316,2.3177504961859086,0.06675917655229568,0.062297260512423236,2.311802625656128,-2.250991319633613,-0.9379130125780241,-2.2495053651437047,-0.9372938648984984
420,65,20,9,20→9,2.4000000953674316,0.07647504319265863,0.042813315987586975,0.06808190473930154,0.7344061732292175,-0.033661727205071656,-0.014025719111447853,-0.666324268489916,-0.2776351008385706
420,66,21,6,21→6,10.0,0.9211692758310619,1.30813467502594,0.887023050806647,2.6670384407043457,0.38696539919487805,0.03869653991948781,-1.7800153898976987,-0.17800153898976986
420,67,21,10,21→10,2.4000000953674316,0.03990633901912588,0.004900994710624218,0.000168094764376292,0.13582338392734528,-0.03500534430850166,-0.014585559548964296,-0.13565528916296898,-0.056523034905213466
420,68,21,14,21→14,10.0,2.9891525024722796,2.940412998199463,2.651698780275183,1.1942925453186035,-0.0487395042728167,-0.00487395042728167,1.4574062349565793,0.14574062349565792
420,69,21,15,21→15,2.4000000953674316,1.1348442375046806,1.1302361488342285,0.9782195910834162,1.1359851360321045,-0.004608088670452037,-0.0019200368697262719,-0.15776554494868833,-0.06573564111652044
420,70,21,17,21→17,2.4000000953674316,0.3572935974179927,0.2986452281475067,0.3186184765518192,0.2756275236606598,-0.058648369270486,-0.0244368195583372,0.042990952891159395,0.017912896326188532
420,71,21,18,21→18,10.0,3.3766348732774807,3.923264503479004,1.305551884000565,2.3281149864196777,0.5466296302015232,0.05466296302015232,-1.0225631024191126,-0.10225631024191126
425,0,0,2,0→2,10.0,2.2522855982240344,4.347408294677734,1.7363469798522146,1.2243365049362183,2.0951226964537,0.20951226964537,0.5120104749159964,0.051201047491599636
425,1,0,4,0→4,10.0,6.393292627220603,6.18505334854126,2.8272012242097375,0.6270802021026611,-0.20823927867934344,-0.020823927867934345,2.2001210221070764,0.22001210221070763
425,2,0,9,0→9,10.0,2.799316306896799,3.2468645572662354,3.19004348033652,2.0544912815093994,0.4475482503694366,0.044754825036943655,1.1355521988271207,0.11355521988271207
425,3,0,15,0→15,2.4000000953674316,1.359284183010459,1.7050340175628662,1.040716866031289,0.6253223419189453,0.34574983455240726,0.14406242533897656,0.4153945241123438,0.1730810448358538
425,4,0,19,0→19,2.4000000953674316,1.936434255236236,1.466559886932373,0.4635281345972544,0.9325091242790222,-0.46987436830386287,-0.19578097901363906,-0.4689809896817678,-0.19540873793589097
425,5,1,6,1→6,2.4000000953674316,0.4159116332177746,0.1468469202518463,0.3637803502325596,0.11824602633714676,-0.26906471296592827,-0.112110292614274,0.24553432389541285,0.10230596422448159
425,6,1,13,1→13,0.1550000011920929,0.000554330246814061,0.024212392047047615,0.0004993765542167239,0.021412868052721024,0.023658061800233554,0.15263265560181452,-0.0209134914985043,-0.13492575056555015
425,7,1,14,1→14,2.4000000953674316,0.18825614975924054,0.19664084911346436,0.07273485620589781,1.8090529441833496,0.008384699354223812,0.00349362459210242,-1.7363180879774518,-0.7234658412426552
425,8,2,0,2→0,10.0,2.680606715088743,3.678050994873047,2.160321493101719,2.006096839904785,0.9974442797843039,0.09974442797843039,0.15422465319693401,0.015422465319693402
425,9,2,6,2→6,10.0,2.0026656574484605,4.224806785583496,1.626552495801434,1.2747628688812256,2.2221411281350356,0.22221411281350356,0.3517896269202083,0.03517896269202083
425,10,2,12,2→12,10.0,0.13669036155761205,1.4501150846481323,0.009891882360079762,0.8756651878356934,1.3134247230905203,0.13134247230905202,-0.8657733054756136,-0.08657733054756137
425,11,3,4,3→4,10.0,2.076890436166309,0.4664323031902313,0.3163155754983791,1.217979907989502,-1.6104581329760776,-0.16104581329760775,-0.9016643324911229,-0.09016643324911229
425,12,3,16,3→16,2.4000000953674316,1.4745425451352503,0.11382213234901428,0.6676680011679323,1.7720658779144287,-1.360720412786236,-0.5669668161316945,-1.1043978767464964,-0.46016576369236223
425,13,3,20,3→20,2.4000000953674316,0.08501145101170238,0.05872495844960213,0.0729197261596255,0.6324551701545715,-0.02628649256210025,-0.01095270479898705,-0.559535443994946,-0.23313975906708584
425,14,4,0,4→0,10.0,3.9522071100145695,3.161562442779541,2.935305655973046,1.823136568069458,-0.7906446672350285,-0.07906446672350284,1.1121690879035881,0.11121690879035881
425,15,4,3,4→3,10.0,1.6230642624505904,0.3018280267715454,0.43621195410992186,0.8527421951293945,-1.321236235679045,-0.1321236235679045,-0.41653024101947267,-0.04165302410194727
425,16,4,6,4→6,10.0,0.660620140367655,3.137993335723877,1.9276121820321777,1.2161366939544678,2.477373195356222,0.2477373195356222,0.7114754880777099,0.071147548807771
425,17,4,7,4→7,2.4000000953674316,0.6144998914387543,0.6479583978652954,0.5729236928746104,0.5823991298675537,0.033458506426541135,0.013941043790424832,-0.009475436992943287,-0.003948098590176361
425,18,4,10,4→10,2.4000000953674316,0.05663165975579432,0.05842037871479988,0.051854650899372245,0.1614549458026886,0.001788718959005564,0.0007452995366367756,-0.10960029490331635,-0.04566678772841337
425,19,4,12,4→12,10.0,0.1463184275232834,1.347561001777649,0.12510634703880896,0.9636743664741516,1.2012425742543655,0.12012425742543656,-0.8385680194353426,-0.08385680194353426
425,20,4,14,4→14,10.0,2.1102456882435945,2.8789429664611816,0.34023781801806763,1.527313232421875,0.7686972782175872,0.07686972782175872,-1.1870754144038074,-0.11870754144038073
425,21,4,18,4→18,10.0,6.71935598233415,6.742220878601074,2.67374456403072,0.5649322867393494,0.022864896266924006,0.0022864896266924007,2.1088122772913707,0.21088122772913706
425,22,5,6,5→6,10.0,0.6877776579721058,1.1561976671218872,0.5420053888010443,0.824739396572113,0.46842000914978144,0.046842000914978144,-0.2827340077710687,-0.028273400777106873
425,23,5,12,5→12,10.0,0.05998780853133212,0.30300822854042053,0.057372647216652695,0.2516764998435974,0.2430204200090884,0.024302042000908842,-0.19430385262694472,-0.019430385262694472
425,24,5,17,5→17,2.4000000953674316,0.37054087072556285,0.4222968816757202,0.33484434962292653,0.3640963137149811,0.05175601095015736,0.02156500370564931,-0.02925196409205455,-0.012188317887369156
425,25,6,1,6→1,2.4000000953674316,0.37118880321861525,0.16245034337043762,0.23612015241519657,1.7692028284072876,-0.20873845984817763,-0.08697435481402366,-1.533082675992091,-0.6387844229470255
425,26,6,2,6→2,10.0,0.17504068311836818,1.4728305339813232,0.33544118330360106,0.8525054454803467,1.297789850862955,0.1297789850862955,-0.5170642621767456,-0.05170642621767456
425,27,6,4,6→4,10.0,0.8789900432150262,3.3332674503326416,1.9838205374077234,1.1472731828689575,2.4542774071176154,0.24542774071176154,0.8365473545387658,0.08365473545387658
425,28,6,5,6→5,10.0,0.3535001163254492,0.23168602585792542,0.3012794480127923,0.16004344820976257,-0.12181409046752378,-0.012181409046752379,0.1412359998030297,0.01412359998030297
425,29,6,13,6→13,0.1550000011920929,0.05119909224526964,0.027653425931930542,0.04605615688853959,0.025283697992563248,-0.023545666313339098,-0.15190752343387884,0.020772458895976342,0.13401586281430314
425,30,6,21,6→21,10.0,2.472694919379137,4.213559627532959,2.227336668701966,1.5988454818725586,1.740864708153822,0.1740864708153822,0.6284911868294074,0.06284911868294074
425,31,7,4,7→4,2.4000000953674316,1.8257667002971871,2.0378575325012207,0.5742142278091009,0.36185961961746216,0.21209083220403357,0.08837117657345893,0.21235460819163876,0.0884810832305938
425,32,7,12,7→12,2.4000000953674316,2.3921204970465624,2.1828014850616455,0.007837827375624329,0.21704280376434326,-0.20931901198491687,-0.0872162515280529,-0.20920497638871893,-0.08716873669819183
425,33,8,9,8→9,2.4000000953674316,2.400001049041748,2.4000000953674316,0.0,0.0,-9.5367431640625e-07,-3.9736428271276624e-07,0.0,0.0
425,34,8,19,8→19,2.4000000953674316,0.005768494680523872,1.4149270057678223,0.6656231265287929,0.27239376306533813,1.4091585110872984,0.5871493562884884,0.3932293634634547,0.16384556159913513
425,35,9,0,9→0,10.0,5.250156765532552,6.922753810882568,3.7583014710434313,1.1635671854019165,1.6725970453500167,0.16725970453500166,2.5947342856415148,0.25947342856415145
425,36,9,8,9→8,2.4000000953674316,0.900612648604671,1.3709946870803833,1.499239784759105,0.9284255504608154,0.47038203847571225,0.19599250824350423,0.5708142342982896,0.23783925484007112
425,37,9,20,9→20,2.4000000953674316,1.7802266493241632,0.04183695837855339,0.4181447490719634,2.290585994720459,-1.7383896909456098,-0.7243290091117552,-1.8724412456484956,-0.7801838213518202
425,38,10,4,10→4,2.4000000953674316,0.05724947155886184,0.02987576834857464,0.05229353034064843,0.1535629779100418,-0.027373703210287204,-0.011405709217730837,-0.10126944756939338,-0.042195601477211346
425,39,10,21,10→21,2.4000000953674316,0.0005793545842607273,0.012497033923864365,0.000500341357110301,0.1225181445479393,0.011917679339603637,0.004965699527515678,-0.122017803190829,-0.050840749309282215
425,40,11,12,11→12,0.1550000011920929,0.1528629046815695,0.1097068339586258,0.0018639489730958303,0.045111797749996185,-0.043156070722943696,-0.2784262605873144,-0.043247848776900355,-0.2790183770599002
425,41,11,14,11→14,0.1550000011920929,0.0710574837103195,0.114217609167099,0.0839323973267696,0.04077782481908798,0.0431601254567795,0.2784524201602474,0.04315457250768162,0.2784165946824721
425,42,12,2,12→2,10.0,0.4213190651316836,1.5586843490600586,0.32896028837967606,0.5821643471717834,1.137365283928375,0.1137365283928375,-0.2532040587921074,-0.02532040587921074
425,43,12,4,12→4,10.0,2.782245723861706,3.330845594406128,0.24673858539244975,1.3779149055480957,0.5485998705444217,0.05485998705444217,-1.131176320155646,-0.1131176320155646
425,44,12,5,12→5,10.0,0.4658634412716083,1.3179600238800049,0.33435948969190576,1.0641281604766846,0.8520965826083966,0.08520965826083966,-0.7297686707847788,-0.07297686707847788
425,45,12,7,12→7,2.4000000953674316,0.6316015863758366,0.6002401113510132,0.5743992711668398,0.564786434173584,-0.03136147502482345,-0.013067280741096018,0.009612836993255769,0.004005348588031651
425,46,12,11,12→11,0.1550000011920929,0.1484306929991135,0.14694765210151672,0.006508534612066796,0.008047705516219139,-0.0014830408975967657,-0.00956800571736009,-0.0015391709041523427,-0.009930134789127094
425,47,13,1,13→1,0.1550000011920929,0.00010035263494501123,0.03573853522539139,8.583468274991901e-05,0.0326051190495491,0.03563818259044638,0.22992375687971547,-0.032519284366799184,-0.20980183301094135
425,48,13,6,13→6,0.1550000011920929,0.05980333044362851,0.024336300790309906,0.054270088228804525,0.01942398212850094,-0.035467029653318605,-0.22881954439060936,0.03484610610030359,0.22481358601487036
425,49,14,1,14→1,2.4000000953674316,0.27035670654004207,0.20643211901187897,0.2406158098092419,0.22873076796531677,-0.0639245875281631,-0.026635243745011798,0.011885041843925137,0.0049521005715233435
425,50,14,4,14→4,10.0,1.0730657940330275,1.3374356031417847,1.0030563531762695,1.0454388856887817,0.2643698091087572,0.026436980910875717,-0.04238253251251223,-0.004238253251251223
425,51,14,11,14→11,0.1550000011920929,0.14682738597059597,0.14841118454933167,0.00817243502058318,0.006587057840079069,0.0015837985787356956,0.010218055268095641,0.0015853771805041106,0.010228239795555474
425,52,14,21,14→21,10.0,2.2489261807131697,2.7373909950256348,0.47638834547251463,1.7772971391677856,0.488464814312465,0.0488464814312465,-1.300908793695271,-0.1300908793695271
425,53,15,0,15→0,2.4000000953674316,0.4372447356581688,0.7662045359611511,0.38421362498775125,0.4609368145465851,0.32895980030298233,0.1370665780130395,-0.07672318955883384,-0.031967994379220134
425,54,15,21,15→21,2.4000000953674316,0.9234588628169149,0.6002181172370911,0.8301827518984055,0.7510952353477478,-0.32324074557982385,-0.1346836386397463,0.07908751655065771,0.032953130586667614
425,55,16,3,16→3,2.4000000953674316,0.1167200206182315,0.1511388123035431,0.10211380698456196,0.37986257672309875,0.03441879168531159,0.01434116263234656,-0.2777487697385368,-0.1157286494590803
425,56,16,18,16→18,10.0,1.2548637951209685,0.35794466733932495,0.5166224139412421,1.9124424457550049,-0.8969191277816435,-0.08969191277816435,-1.3958200318137628,-0.13958200318137629
425,57,17,5,17→5,2.4000000953674316,0.23006824858475738,0.2623215615749359,0.2213770629996361,0.17669205367565155,0.03225331299017853,0.01343887987856128,0.04468500932398456,0.01861875314515079
425,58,17,21,17→21,2.4000000953674316,0.7382547784945928,0.7062346935272217,0.6412732802891696,0.6816251277923584,-0.032020084967371076,-0.013341701539586361,-0.040351847503188765,-0.01681326912489603
425,59,18,4,18→4,10.0,0.7413224908377742,1.2596712112426758,0.6842371967395593,0.553914487361908,0.5183487204049015,0.05183487204049016,0.13032270937765134,0.013032270937765133
425,60,18,16,18→16,10.0,0.035641484428197145,0.5234352350234985,0.030969475861638784,0.6278481483459473,0.4877937505953014,0.04877937505953014,-0.5968786724843085,-0.05968786724843085
425,61,18,21,18→21,10.0,1.3565965314130608,1.4230536222457886,1.3446007769089192,0.8547791242599487,0.06645709083272777,0.006645709083272777,0.4898216526489705,0.04898216526489705
425,62,19,0,19→0,2.4000000953674316,2.400001049041748,2.4000000953674316,0.0,0.0,-9.5367431640625e-07,-3.9736428271276624e-07,0.0,0.0
425,63,19,8,19→8,2.4000000953674316,0.11424024968732738,0.9495019912719727,0.010597611544653773,0.0721922516822815,0.8352617415846453,0.3480257118309696,-0.06159464013762772,-0.0256644323708653
425,64,20,3,20→3,2.4000000953674316,1.7747318158075132,0.06369078159332275,0.41358224497387397,2.3089499473571777,-1.7110410342141904,-0.7129337359264712,-1.8953677023833038,-0.7897365112784004
425,65,20,9,20→9,2.4000000953674316,0.09511834043130563,0.04151802510023117,0.08270551107852953,0.6109592914581299,-0.053600315331074455,-0.022333463833828903,-0.5282537803796004,-0.22010573307861747
425,66,21,6,21→6,10.0,1.1094206865891465,1.3846632242202759,1.1714888899077778,2.6962640285491943,0.2752425376311294,0.02752425376311294,-1.5247751386414166,-0.15247751386414166
425,67,21,10,21→10,2.4000000953674316,0.020683742652181536,0.003435632213950157,0.018511646285332972,0.13230744004249573,-0.01724811043823138,-0.0071867123970221145,-0.11379579375716276,-0.047414912181385147
425,68,21,14,21→14,10.0,3.123694162350148,2.992687225341797,2.7471571037398235,1.1947169303894043,-0.1310069370083511,-0.013100693700835109,1.5524401733504192,0.15524401733504192
425,69,21,15,21→15,2.4000000953674316,1.598861458216561,1.3373804092407227,0.801139590825187,1.0534417629241943,-0.26148104897583835,-0.10895043274396475,-0.2523021720990073,-0.10512590086392505
425,70,21,17,21→17,2.4000000953674316,0.3081248048110865,0.25658857822418213,0.2513615718780784,0.2225322127342224,-0.05153622658690438,-0.02147342689126617,0.02882935914385598,0.012012232499283425
425,71,21,18,21→18,10.0,2.484573640394956,3.8217949867248535,1.711032344216754,2.144416332244873,1.3372213463298976,0.13372213463298976,-0.43338398802811895,-0.043338398802811894
430,0,0,2,0→2,10.0,2.1869798878415168,4.394389629364014,1.5188865018308206,1.3407632112503052,2.207409741522497,0.2207409741522497,0.17812329058051546,0.017812329058051544
430,1,0,4,0→4,10.0,6.804369270548705,5.945050239562988,2.411382806765687,0.6430373191833496,-0.8593190309857164,-0.08593190309857164,1.7683454875823372,0.17683454875823373
430,2,0,9,0→9,10.0,2.6877572780399532,2.9492027759552,2.9344119927291104,1.84163498878479,0.26144549791524696,0.026144549791524696,1.0927770039443203,0.10927770039443203
430,3,0,15,0→15,2.4000000953674316,1.788326956948687,1.6473028659820557,0.611674092093061,0.6957653164863586,-0.14102409096663138,-0.05876003556784904,-0.08409122439329764,-0.035038008771588636
430,4,0,19,0→19,2.4000000953674316,1.5433515065715255,1.2549188137054443,0.8333612919782354,1.1438740491867065,-0.2884326928660812,-0.12018028391866507,-0.31051275720847116,-0.129380310362418
430,5,1,6,1→6,2.4000000953674316,0.4409251566388548,0.14501763880252838,0.36748710440065224,0.11949978768825531,-0.2959075178363264,-0.1232947941991744,0.24798731671239693,0.1033280445242778
430,6,1,13,1→13,0.1550000011920929,0.0002005589385589701,0.031054876744747162,0.0001728557181195356,0.01948680728673935,0.030854317806188192,0.1990601133476777,-0.019313951568619814,-0.12460613819404982
430,7,1,14,1→14,2.4000000953674316,0.024705216854272294,0.18430101871490479,0.03058547070509121,1.931024193763733,0.1595958018606325,0.06649824813286057,-1.9004387230586417,-0.7918494364758312
430,8,2,0,2→0,10.0,2.439142726522597,3.4197001457214355,1.5227069041857249,2.1355695724487305,0.9805574191988384,0.09805574191988384,-0.6128626682630056,-0.06128626682630056
430,9,2,6,2→6,10.0,1.6973246562574786,3.935483932495117,1.7711251494210956,1.2694603204727173,2.2381592762376386,0.22381592762376384,0.5016648289483783,0.05016648289483783
430,10,2,12,2→12,10.0,0.16122614821688327,1.3597784042358398,0.06598174791452038,0.8289947509765625,1.1985522560189565,0.11985522560189565,-0.7630130030620421,-0.07630130030620422
430,11,3,4,3→4,10.0,1.561756270011756,0.42160165309906006,0.30262245979065483,1.1911214590072632,-1.140154616912696,-0.1140154616912696,-0.8884989992166084,-0.08884989992166084
430,12,3,16,3→16,2.4000000953674316,1.0735548710490548,0.1122128888964653,1.258779970019532,1.8120447397232056,-0.9613419821525895,-0.4005591433134553,-0.5532647697036737,-0.2305269782162116
430,13,3,20,3→20,2.4000000953674316,0.05757801589288647,0.04945814236998558,0.052374251520859616,0.6149619221687317,-0.008119873522900889,-0.003383280500102549,-0.5625876706478721,-0.23441152012193645
430,14,4,0,4→0,10.0,3.977422940321958,2.8168420791625977,3.1683977565736754,1.7926946878433228,-1.1605808611593602,-0.11605808611593602,1.3757030687303526,0.13757030687303526
430,15,4,3,4→3,10.0,1.1763715545121158,0.2831968367099762,0.3773666135316489,0.8581699132919312,-0.8931747178021396,-0.08931747178021396,-0.48080329976028224,-0.04808032997602822
430,16,4,6,4→6,10.0,3.2600151898094296,2.986685037612915,1.0179889823002668,1.2082582712173462,-0.2733301521965146,-0.02733301521965146,-0.1902692889170794,-0.01902692889170794
430,17,4,7,4→7,2.4000000953674316,0.542646200830859,0.557831883430481,0.46283602745279495,0.4605824947357178,0.015185682599621941,0.006327367498415481,0.002253532717077178,0.000938971928137432
430,18,4,10,4→10,2.4000000953674316,0.6593546181968576,0.05253341794013977,0.04491808649470386,0.15486660599708557,-0.6068212002567178,-0.2528421567265878,-0.10994851950238171,-0.04581188130559177
430,19,4,12,4→12,10.0,0.25424214226950426,1.6158592700958252,0.11176130585226929,1.311577320098877,1.361617127826321,0.1361617127826321,-1.1998160142466077,-0.11998160142466077
430,20,4,14,4→14,10.0,0.2781890193259642,2.676708698272705,0.24093784269643947,1.3496489524841309,2.398519678946741,0.23985196789467408,-1.1087111097876914,-0.11087111097876914
430,21,4,18,4→18,10.0,7.3649172632613045,6.479477882385254,1.99762173999261,0.6860642433166504,-0.8854393808760506,-0.08854393808760505,1.3115574966759596,0.13115574966759597
430,22,5,6,5→6,10.0,0.6412636599111465,1.4935314655303955,0.5442425521059704,1.2164841890335083,0.852267805619249,0.0852267805619249,-0.6722416369275379,-0.06722416369275379
430,23,5,12,5→12,10.0,0.005509191525561619,0.28558725118637085,0.003982610715866031,0.24007874727249146,0.28007805966080923,0.028007805966080924,-0.23609613655662542,-0.023609613655662543
430,24,5,17,5→17,2.4000000953674316,0.3735158391045843,0.4274861812591553,0.4000111870946057,0.3733329176902771,0.05397034215457097,0.022487641670825977,0.026678269404328603,0.011115945143428943
430,25,6,1,6→1,2.4000000953674316,0.16698929144331487,0.13741663098335266,0.16048087341368955,1.871581792831421,-0.029572660459962208,-0.012321941368687628,-1.7111009194177313,-0.7129586880936218
430,26,6,2,6→2,10.0,0.28587455282340823,1.3741199970245361,0.22205867756565567,0.9858280420303345,1.088245444201128,0.1088245444201128,-0.7637693644646788,-0.07637693644646788
430,27,6,4,6→4,10.0,2.0570180722544364,3.1601359844207764,1.4032689918791448,1.158116340637207,1.10311791216634,0.110311791216634,0.24515265124193775,0.024515265124193775
430,28,6,5,6→5,10.0,0.34708761283332024,0.21989794075489044,0.31938869318128127,0.14570093154907227,-0.1271896720784298,-0.01271896720784298,0.173687761632209,0.0173687761632209
430,29,6,13,6→13,0.1550000011920929,0.055467294550453516,0.024819176644086838,0.04713610127419088,0.028064273297786713,-0.03064811790636668,-0.19772979142357677,0.019071827976404165,0.12304405051434986
430,30,6,21,6→21,10.0,3.029614529203627,4.210313320159912,1.4184614574560328,1.6879745721817017,1.180698790956285,0.1180698790956285,-0.26951311472566886,-0.026951311472566887
430,31,7,4,7→4,2.4000000953674316,1.5836977101098455,2.0432474613189697,0.8162870601709075,0.3567379117012024,0.4595497512091242,0.1914790553951077,0.45954914846970507,0.19147880425369304
430,32,7,12,7→12,2.4000000953674316,2.390487062282773,1.9324390888214111,0.00946786257554777,0.46755310893058777,-0.45804797346136183,-0.19085331469173808,-0.45808524635504,-0.19086884506348686
430,33,8,9,8→9,2.4000000953674316,2.400001049041748,2.3999996185302734,0.0,4.76837158203125e-07,-1.430511474609375e-06,-5.960464240691494e-07,-4.76837158203125e-07,-1.9868214135638312e-07
430,34,8,19,8→19,2.4000000953674316,0.6790393628853053,1.3593378067016602,0.693529283395037,0.2555501461029053,0.6802984438163548,0.2834576736598852,0.4379791372921318,0.18249129995350216
430,35,9,0,9→0,10.0,5.479783313547159,6.701756954193115,2.9767549802563735,1.2435351610183716,1.221973640645956,0.12219736406459561,1.733219819238002,0.1733219819238002
430,36,9,8,9→8,2.4000000953674316,0.9643550051000602,1.2529428005218506,1.4066512693043478,0.906762957572937,0.28858779542179036,0.12024490998097588,0.4998883117314108,0.20828678827818115
430,37,9,20,9→20,2.4000000953674316,1.303162748550676,0.035791631788015366,1.0437048750645772,2.281985282897949,-1.2673711167626607,-0.5280712776674413,-1.238280407833372,-0.5159501494285548
430,38,10,4,10→4,2.4000000953674316,0.09062799467697155,0.010278756730258465,0.04221247072064216,0.1331501603126526,-0.08034923794671309,-0.0334788478141339,-0.09093768959201043,-0.03789070249102977
430,39,10,21,10→21,2.4000000953674316,0.609367664936144,0.010220875963568687,0.002398719246912151,0.12098602205514908,-0.5991467889725753,-0.24964448548525914,-0.11858730280823693,-0.049411374206667115
430,40,11,12,11→12,0.1550000011920929,0.1531686694632981,0.10211342573165894,0.00162771480995616,0.05274904519319534,-0.051055243731639166,-0.3293886667030792,-0.05112133038323918,-0.3298150321939937
430,41,11,14,11→14,0.1550000011920929,0.06480981544584818,0.11621391773223877,0.09017953631362008,0.03878263384103775,0.051404102286390585,0.3316393670390042,0.05139690247258233,0.3315929166276953
430,42,12,2,12→2,10.0,0.34147007925298567,1.4626585245132446,0.2894975215822342,0.6810616254806519,1.121188445260259,0.1121188445260259,-0.39156410389841767,-0.039156410389841766
430,43,12,4,12→4,10.0,2.922878612439604,2.890806198120117,0.225603996561631,1.334088921546936,-0.0320724143194866,-0.0032072414319486596,-1.108484924985305,-0.1108484924985305
430,44,12,5,12→5,10.0,0.35161004734345624,1.6480300426483154,0.32557896618163795,1.468113660812378,1.2964199953048592,0.1296419995304859,-1.14253469463074,-0.11425346946307399
430,45,12,7,12→7,2.4000000953674316,0.5628970264515374,0.5489814281463623,0.4614519833448867,0.46346622705459595,-0.013915598305175081,-0.0057981657300912115,-0.0020142437097092625,-0.0008392681790293382
430,46,12,11,12→11,0.1550000011920929,0.14969547335522293,0.10922317206859589,0.005002273740899399,0.045462675392627716,-0.040472301286627044,-0.26111161919585635,-0.04046040165172832,-0.2610348473583905
430,47,13,1,13→1,0.1550000011920929,0.0007533614443673287,0.03504849225282669,0.0006958120866329409,0.030822595581412315,0.03429513080845936,0.22125890673998833,-0.030126783494779374,-0.1943663436327525
430,48,13,6,13→6,0.1550000011920929,0.05757284978426469,0.023484496399760246,0.05199219728672233,0.020708242431282997,-0.034088353384504444,-0.21992485885376506,0.03128395485543933,0.20183196525701214
430,49,14,1,14→1,2.4000000953674316,0.31887286627022604,0.208673357963562,0.26046077839419013,0.2201058715581894,-0.11019950830666403,-0.045916459969887156,0.04035490683600074,0.016814543846850365
430,50,14,4,14→4,10.0,0.898275931191165,1.221246600151062,0.8148144216975197,0.9187164902687073,0.322970668959897,0.0322970668959897,-0.10390206857118756,-0.010390206857118755
430,51,14,11,14→11,0.1550000011920929,0.08100771209001323,0.12188263237476349,0.0739929564308568,0.03299610689282417,0.04087492028475026,0.26370916109925446,0.04099684953803262,0.26449580143696166
430,52,14,21,14→21,10.0,0.487178172368978,2.5694899559020996,0.5253341362734075,1.665711760520935,2.0823117835331217,0.20823117835331217,-1.1403776242475274,-0.11403776242475275
430,53,15,0,15→0,2.4000000953674316,0.783857787726447,0.9215468168258667,0.7088678032159805,0.5702331066131592,0.1376890290994197,0.05737042651172895,0.13863469660282135,0.05776445462248903
430,54,15,21,15→21,2.4000000953674316,0.6821743825657904,0.5500236749649048,0.6114872501666468,0.7460023760795593,-0.13215070760088565,-0.05506279264570356,-0.13451512591291248,-0.056047966903234096
430,55,16,3,16→3,2.4000000953674316,0.1433971387177735,0.18326756358146667,0.1290714065908105,0.41557928919792175,0.03987042486369319,0.016612676366410378,-0.28650788260711124,-0.11937827967596305
430,56,16,18,16→18,10.0,0.9230082809408486,0.4096038043498993,1.1463232775167853,1.9998502731323242,-0.5134044765909493,-0.051340447659094936,-0.8535269956155389,-0.08535269956155389
430,57,17,5,17→5,2.4000000953674316,0.2288090957631539,0.24566417932510376,0.2170580809124658,0.16530780494213104,0.01685508356194987,0.00702295120507877,0.05175027597033477,0.021562614130818183
430,58,17,21,17→21,2.4000000953674316,0.6799469857824079,0.6632906198501587,0.6356216730573578,0.6330363750457764,-0.016656365932249173,-0.006940152195993618,0.0025852980115814717,0.0010772074620212344
430,59,18,4,18→4,10.0,1.194997671598685,1.2406344413757324,0.662075469019328,0.5451178550720215,0.04563676977704745,0.0045636769777047444,0.11695761394730653,0.011695761394730653
430,60,18,16,18→16,10.0,0.027453536342363805,0.511237621307373,0.025742493715370074,0.6269230842590332,0.48378408496500924,0.04837840849650092,-0.6011805905436631,-0.06011805905436631
430,61,18,21,18→21,10.0,0.5181695006322116,1.3461697101593018,0.8981290296651423,0.8153594732284546,0.8280002095270902,0.08280002095270902,0.08276955643668771,0.00827695564366877
430,62,19,0,19→0,2.4000000953674316,2.400001049041748,2.4000003337860107,0.0,0.0,-7.152557373046875e-07,-2.980232120345747e-07,0.0,0.0
430,63,19,8,19→8,2.4000000953674316,0.18370058814934967,0.8610159158706665,0.0028325102757662535,0.06084366515278816,0.6773153277213169,0.2822147086696771,-0.05801115487702191,-0.024171313571610755
430,64,20,3,20→3,2.4000000953674316,1.3251973292535695,0.0686986967921257,1.063659637920864,2.3089938163757324,-1.2564986324614438,-0.5235410760552817,-1.2453341784548684,-0.5188892204040567
430,65,20,9,20→9,2.4000000953674316,0.052280953314038925,0.033339906483888626,0.04673826674115844,0.5981191992759705,-0.0189410468301503,-0.00789210253229198,-0.551380932534812,-0.22974204609370966
430,66,21,6,21→6,10.0,0.7202286583724344,1.4175450801849365,0.7161059377131096,2.851013422012329,0.6973164218125021,0.0697316421812502,-2.1349074842992195,-0.21349074842992194
430,67,21,10,21→10,2.4000000953674316,0.07538304903696522,0.0027066697366535664,0.028536752194668225,0.1283591240644455,-0.07267637930031165,-0.030281823505171633,-0.09982237186977727,-0.04159265329299698
430,68,21,14,21→14,10.0,3.131740780969267,2.8571600914001465,2.8231452251202427,1.0446031093597412,-0.2745806895691203,-0.02745806895691203,1.7785421157605015,0.17785421157605014
430,69,21,15,21→15,2.4000000953674316,1.0965675131883472,1.2952008247375488,1.3034335358534008,1.0956919193267822,0.1986333115492016,0.08276387652342636,0.2077416165266186,0.08655900344654531
430,70,21,17,21→17,2.4000000953674316,0.22223469727032352,0.16840383410453796,0.19671651511612254,0.17141428589820862,-0.05383086316578556,-0.02242952542780805,0.02530222921791392,0.010542595088539043
430,71,21,18,21→18,10.0,1.55238105609169,3.906688690185547,0.8746160597986757,2.1040637493133545,2.354307634093857,0.23543076340938568,-1.2294476895146786,-0.12294476895146786
435,0,0,2,0→2,10.0,3.474991041247222,4.512243270874023,0.9699443957406402,1.2850914001464844,1.0372522296268016,0.10372522296268016,-0.3151470044058442,-0.03151470044058442
435,1,0,4,0→4,10.0,6.903220568933875,6.0735249519348145,2.291963240809082,0.6832380294799805,-0.8296956169990608,-0.08296956169990607,1.6087252113291015,0.16087252113291015
435,2,0,9,0→9,10.0,2.376777237274837,2.7261829376220703,2.8653411164942213,1.7999413013458252,0.3494057003472335,0.03494057003472335,1.065399815148396,0.10653998151483961
435,3,0,15,0→15,2.4000000953674316,1.416390735656023,1.3212498426437378,0.7957343216985464,0.8371220827102661,-0.09514089301228523,-0.03964203717988582,-0.041387761011719704,-0.017244899736299127
435,4,0,19,0→19,2.4000000953674316,1.5250947321014792,1.1352415084838867,0.662946301416298,1.131944179534912,-0.38985322361759245,-0.1624388367192574,-0.46899787811861415,-0.19541577478429734
435,5,1,6,1→6,2.4000000953674316,0.38188590333083994,0.15791571140289307,0.33432278763075374,0.14426189661026,-0.22397019192794687,-0.09332090959507142,0.19006089102049373,0.07919203477839698
435,6,1,13,1→13,0.1550000011920929,0.0003723098125192337,0.03417453542351723,0.000332638097461313,0.017869003117084503,0.033802225610997993,0.21807887323243688,-0.01753636501962319,-0.11313783796614436
435,7,1,14,1→14,2.4000000953674316,0.06808434438971744,0.16427969932556152,0.05112536093474773,1.9108972549438477,0.09619535493584408,0.04008139629724344,-1.8597718940091,-0.7749049250451697
435,8,2,0,2→0,10.0,2.2559340527841414,3.0378963947296143,1.3961720126278578,2.079695701599121,0.7819623419454729,0.07819623419454728,-0.6835236889712633,-0.06835236889712633
435,9,2,6,2→6,10.0,2.464819797945893,3.9166769981384277,0.4374810307244843,1.253073811531067,1.451857200192535,0.1451857200192535,-0.8155927808065826,-0.08155927808065826
435,10,2,12,2→12,10.0,1.0802042538532532,1.332615613937378,0.6914475887133449,0.8885536789894104,0.2524113600841247,0.02524113600841247,-0.19710609027606552,-0.019710609027606553
435,11,3,4,3→4,10.0,0.3177099971139796,0.4198322594165802,0.2851966654748139,1.1181784868240356,0.10212226230260057,0.010212226230260057,-0.8329818213492217,-0.08329818213492217
435,12,3,16,3→16,2.4000000953674316,0.26570620132588374,0.10590460896492004,2.087218373327005,1.8113092184066772,-0.1598015923609637,-0.06658399417125799,0.27590915492032764,0.1149621433152847
435,13,3,20,3→20,2.4000000953674316,0.04217952429189609,0.051826417446136475,0.034602491504301724,0.5590766668319702,0.009646893154240388,0.004019538654544712,-0.5244741753276685,-0.21853089770289086
435,14,4,0,4→0,10.0,3.3964949143971808,2.5485105514526367,3.242426268885424,1.9045147895812988,-0.847984362944544,-0.08479843629445441,1.3379114793041254,0.13379114793041252
435,15,4,3,4→3,10.0,0.41840056018895666,0.3392256796360016,0.34100246424804936,0.8002957701683044,-0.07917488055295507,-0.007917488055295508,-0.4592933059202551,-0.04592933059202551
435,16,4,6,4→6,10.0,0.6320111367454047,2.7613601684570312,1.5973916618843305,1.2943391799926758,2.1293490317116266,0.21293490317116265,0.3030524818916547,0.030305248189165468
435,17,4,7,4→7,2.4000000953674316,0.5164455253616325,0.491703599691391,0.46307576804383643,0.42180368304252625,-0.02474192567024147,-0.010309135286285716,0.04127208500131019,0.017196701400543725
435,18,4,10,4→10,2.4000000953674316,0.05203618366454066,0.053140055388212204,0.047333334277254835,0.13771940767765045,0.0011038717236715456,0.00045994653325317754,-0.09038607340039562,-0.037660862420323286
435,19,4,12,4→12,10.0,0.2141527244111785,1.1596615314483643,0.1321046266994017,0.9614173769950867,0.9455088070371858,0.09455088070371857,-0.829312750295685,-0.0829312750295685
435,20,4,14,4→14,10.0,0.3816138903544013,2.664212942123413,0.9776403742143884,1.4474939107894897,2.2825990517690116,0.22825990517690115,-0.4698535365751013,-0.04698535365751013
435,21,4,18,4→18,10.0,8.703946984081995,6.719120025634766,0.6611155856080586,0.6826231479644775,-1.9848269584472291,-0.19848269584472292,-0.02150756235641893,-0.002150756235641893
435,22,5,6,5→6,10.0,0.6367874468558057,1.0267424583435059,0.5769088486135843,0.8111819624900818,0.3899550114877002,0.03899550114877002,-0.23427311387649752,-0.023427311387649752
435,23,5,12,5→12,10.0,0.004226434644806432,0.28723692893981934,0.003140936502859404,0.24544142186641693,0.2830104942950129,0.02830104942950129,-0.24230048536355753,-0.024230048536355752
435,24,5,17,5→17,2.4000000953674316,0.3660055951645518,0.41917169094085693,0.313202417174125,0.3391241431236267,0.053166095776305156,0.022152539026531002,-0.025921725949501706,-0.010800718716443709
435,25,6,1,6→1,2.4000000953674316,0.25356144429406413,0.14279058575630188,0.22066166237163998,1.87788987159729,-0.11077085853776225,-0.04615452255671832,-1.65722820922565,-0.69051172640555
435,26,6,2,6→2,10.0,0.1403482362620707,1.2480460405349731,0.17944778846663212,1.1873445510864258,1.1076978042729024,0.11076978042729024,-1.0078967626197937,-0.10078967626197936
435,27,6,4,6→4,10.0,0.8356651118067475,3.2414369583129883,0.7512012147522,1.1361758708953857,2.4057718465062408,0.24057718465062408,-0.3849746561431857,-0.03849746561431857
435,28,6,5,6→5,10.0,0.4311655361643716,0.22285428643226624,0.38658768330878956,0.1354944407939911,-0.20831124973210535,-0.020831124973210536,0.2510932425147985,0.025109324251479846
435,29,6,13,6→13,0.1550000011920929,0.05715027542282769,0.023541277274489403,0.050159855846686696,0.03298695385456085,-0.03360899814833829,-0.21683224445067167,0.017172901992125844,0.11079291522613159
435,30,6,21,6→21,10.0,2.84333829888692,3.938300848007202,1.7928572769112634,1.7118579149246216,1.0949625491202823,0.10949625491202823,0.08099936198664182,0.008099936198664181
435,31,7,4,7→4,2.4000000953674316,1.4874740240236834,1.8829259872436523,0.9125050502772891,0.5170546770095825,0.3954519632199689,0.1647716447942168,0.3954503732677066,0.16477098231413384
435,32,7,12,7→12,2.4000000953674316,2.3891157478428795,1.9951436519622803,0.010868283803574741,0.4048500061035156,-0.3939720958805992,-0.16415503342731472,-0.3939817222999409,-0.16415904443521434
435,33,8,9,8→9,2.4000000953674316,2.400001049041748,2.4000000953674316,0.0,0.0,-9.5367431640625e-07,-3.9736428271276624e-07,0.0,0.0
435,34,8,19,8→19,2.4000000953674316,0.2115402343647476,1.3049125671386719,0.6878753254499657,0.25597715377807617,1.0933723327739242,0.45557178721967206,0.4318981716718895,0.1799575643790828
435,35,9,0,9→0,10.0,6.76175480689426,6.768639087677002,2.154369743649795,1.2446632385253906,0.00688428078274228,0.0006884280782742281,0.9097065051244044,0.09097065051244044
435,36,9,8,9→8,2.4000000953674316,0.8134535733393022,1.2035160064697266,1.4039415699417646,0.8869930505752563,0.3900624331304243,0.16252600734614017,0.5169485193665082,0.2153952078436752
435,37,9,20,9→20,2.4000000953674316,0.09478226980945692,0.037472330033779144,1.9609661391089048,2.3199312686920166,-0.057309939775677776,-0.023879140624327277,-0.3589651295831118,-0.1495687980496332
435,38,10,4,10→4,2.4000000953674316,0.5910181740671305,0.01654481329023838,0.060384582800793396,0.18963170051574707,-0.5744733607768922,-0.2393638908122386,-0.12924711771495367,-0.05385296357463952
435,39,10,21,10→21,2.4000000953674316,0.0003849738986900775,0.00650928495451808,0.0003353732490722905,0.09752903878688812,0.006124311055828002,0.002551796171862398,-0.09719366553781583,-0.04049735903153613
435,40,11,12,11→12,0.1550000011920929,0.15336074145602652,0.11387070268392563,0.0014765671069199016,0.041084546595811844,-0.03949003877210089,-0.25477444173152314,-0.03960797948889194,-0.25553534957593593
435,41,11,14,11→14,0.1550000011920929,0.08964006628639254,0.12913399934768677,0.06527214706466111,0.025864753872156143,0.03949393306129423,0.2547995661777386,0.03940739319250497,0.2542412444479083
435,42,12,2,12→2,10.0,1.0290764251312794,1.3698629140853882,0.2946402989564376,0.6909313201904297,0.3407864889541088,0.03407864889541088,-0.39629102123399207,-0.03962910212339921
435,43,12,4,12→4,10.0,3.2372223447684547,3.0291199684143066,0.9118329946361428,1.3861136436462402,-0.20810237635414808,-0.020810237635414806,-0.4742806490100975,-0.047428064901009745
435,44,12,5,12→5,10.0,0.3528847890047473,1.2397966384887695,0.29550339872821496,1.0666697025299072,0.8869118494840222,0.08869118494840222,-0.7711663038016923,-0.07711663038016922
435,45,12,7,12→7,2.4000000953674316,0.5004562042304315,0.5261394381523132,0.44311246705183294,0.48406267166137695,0.025683233921881765,0.01070134704221741,-0.040950204609544016,-0.01706258457597048
435,46,12,11,12→11,0.1550000011920929,0.08298596006243053,0.08518145978450775,0.07175262827806261,0.06930948793888092,0.002195499722077221,0.014164514227043899,0.002443140339181693,0.01576219561543027
435,47,13,1,13→1,0.1550000011920929,2.7118840534967603e-05,0.034298837184906006,2.5307401415375352e-05,0.030917111784219742,0.03427171834437104,0.2211078585857415,-0.030891804382804366,-0.19930196222721233
435,48,13,6,13→6,0.1550000011920929,0.06241709953292229,0.028353745117783546,0.05486306601119395,0.024207178503274918,-0.03406335441513875,-0.21976357518167838,0.030655887507919033,0.19777991788481933
435,49,14,1,14→1,2.4000000953674316,0.12936622313645785,0.11185956001281738,0.11872812508954667,0.11777642369270325,-0.017506663123640465,-0.007294442678328417,0.0009517013968434185,0.0003965422329275851
435,50,14,4,14→4,10.0,0.7626181556406664,1.1081008911132812,0.6630844157771207,0.8094915747642517,0.3454827354726149,0.03454827354726149,-0.14640715898713097,-0.014640715898713097
435,51,14,11,14→11,0.1550000011920929,0.11563683161512017,0.11414332687854767,0.03936416795477271,0.04062628746032715,-0.001493504736572504,-0.009635514355394038,-0.0012621195055544376,-0.008142706424823065
435,52,14,21,14→21,10.0,0.5485814973781087,2.2279675006866455,1.153000705114664,1.537675380706787,1.6793860033085368,0.16793860033085367,-0.3846746755921231,-0.03846746755921231
435,53,15,0,15→0,2.4000000953674316,0.8718039226369001,1.0027174949645996,0.7730008128855843,0.47804802656173706,0.1309135723276995,0.05454731963569239,0.29495278632384725,0.12289698941811542
435,54,15,21,15→21,2.4000000953674316,0.7570222382591965,0.6309855580329895,0.6858860833508515,0.9794360399246216,-0.12603668022620695,-0.052515281340816435,-0.29354995657377003,-0.12231247704547635
435,55,16,3,16→3,2.4000000953674316,0.0700313718043617,0.13512474298477173,0.06280836899350106,0.2993726432323456,0.06509337118041003,0.02712223691409665,-0.23656427423884452,-0.0985684436827605
435,56,16,18,16→18,10.0,0.2350557429017499,0.384542316198349,2.065599305068872,2.017336368560791,0.1494865732965991,0.01494865732965991,0.04826293650808111,0.004826293650808111
435,57,17,5,17→5,2.4000000953674316,0.2171075285984898,0.2643037736415863,0.20006314072861642,0.1819273978471756,0.047196245043096496,0.019665101319869288,0.01813574288144082,0.007556559233662989
435,58,17,21,17→21,2.4000000953674316,0.6791738471365534,0.6321714520454407,0.614995158102829,0.6345505714416504,-0.0470023950911127,-0.01958433050975225,-0.01955541333882138,-0.008148088567399625
435,59,18,4,18→4,10.0,0.5648300527009269,1.247936487197876,0.5460240188112948,0.6250352263450623,0.6831064344969491,0.06831064344969491,-0.07901120753376745,-0.007901120753376744
435,60,18,16,18→16,10.0,0.023162712779594585,0.3959551453590393,0.020788252004422247,0.46287664771080017,0.3727924325794447,0.037279243257944475,-0.4420883957063779,-0.044208839570637794
435,61,18,21,18→21,10.0,1.0108497488545254,1.1899495124816895,0.8799297309305985,0.8087965250015259,0.17909976362716407,0.017909976362716407,0.07113320592907257,0.007113320592907257
435,62,19,0,19→0,2.4000000953674316,2.400001049041748,2.4000000953674316,0.0,0.0,-9.5367431640625e-07,-3.9736428271276624e-07,0.0,0.0
435,63,19,8,19→8,2.4000000953674316,0.0027127773500978947,0.9442189335823059,0.002976827701786533,0.0886511579155922,0.941506156232208,0.3922942161750484,-0.08567433021380566,-0.035697636170589075
435,64,20,3,20→3,2.4000000953674316,0.08426109653782987,0.05022863671183586,1.952309254509828,2.3307645320892334,-0.03403245982599401,-0.014180191030694005,-0.37845527757940545,-0.15768969272539352
435,65,20,9,20→9,2.4000000953674316,0.04330048957490362,0.02975686639547348,0.033956128696445376,0.5375058650970459,-0.013543623179430142,-0.0056431761005228875,-0.5035497364006005,-0.2098123818297219
435,66,21,6,21→6,10.0,0.835609168508654,1.3781495094299316,0.7813376712329045,2.9555811882019043,0.5425403409212777,0.05425403409212777,-2.1742435169689998,-0.21742435169689997
435,67,21,10,21→10,2.4000000953674316,0.5721528961148579,0.0026977257803082466,0.04379492919542827,0.17984552681446075,-0.5694551703345496,-0.23727297821101462,-0.1360505976190325,-0.05668774675536153
435,68,21,14,21→14,10.0,3.0232956703403033,2.610008716583252,2.6330145089887083,0.870169997215271,-0.4132869537570514,-0.04132869537570514,1.7628445117734373,0.17628445117734373
435,69,21,15,21→15,2.4000000953674316,0.9433935108536389,1.089436650276184,1.234512188413646,1.192734956741333,0.1460431394225452,0.06085130567471353,0.041777231672313064,0.01740717917176462
435,70,21,17,21→17,2.4000000953674316,0.19999644881954737,0.14663508534431458,0.17930690559478535,0.15468250215053558,-0.05336136347523279,-0.022233900564517833,0.024624403444249765,0.010260167694068302
435,71,21,18,21→18,10.0,0.8804195536940824,3.6404125690460205,1.1956835941007284,1.9604427814483643,2.759993015351938,0.2759993015351938,-0.7647591873476358,-0.07647591873476359
440,0,0,2,0→2,10.0,1.5271465408184213,3.782686948776245,1.219547217546733,1.0685315132141113,2.255540407957824,0.2255540407957824,0.15101570433262168,0.015101570433262167
440,1,0,4,0→4,10.0,8.056690111019407,5.940666675567627,0.996552971832898,0.686034083366394,-2.1160234354517797,-0.21160234354517798,0.310518888466504,0.0310518888466504
440,2,0,9,0→9,10.0,2.7345054100023845,3.0387778282165527,2.9309851014365904,1.9493751525878906,0.3042724182141683,0.030427241821416828,0.9816099488486998,0.09816099488486998
440,3,0,15,0→15,2.4000000953674316,1.1301018754020333,1.4297049045562744,1.2271986526902765,0.8863155841827393,0.2996030291542411,0.12483459052045284,0.34088306850753725,0.14203460623419234
440,4,0,19,0→19,2.4000000953674316,1.4411383156356905,1.1938345432281494,0.7618026694217406,1.2053894996643066,-0.2473037724075411,-0.10304323440857187,-0.44358683024256607,-0.1848278385900041
440,5,1,6,1→6,2.4000000953674316,0.4356747591135388,0.15077747404575348,0.35593632507925577,0.15344703197479248,-0.28489728506778533,-0.118707197394577,0.20248929310446329,0.0843705354409425
440,6,1,13,1→13,0.1550000011920929,0.0006940131861483678,0.03259599953889847,0.000613597672781907,0.02908763661980629,0.0319019863527501,0.20581926520899624,-0.028474038947024383,-0.18370347566472758
440,7,1,14,1→14,2.4000000953674316,0.15056743904733594,0.14681078493595123,0.13931676759511902,1.8481805324554443,-0.003756654111384705,-0.0015652724842119534,-1.7088637648603253,-0.7120265403984095
440,8,2,0,2→0,10.0,2.6816667608741227,3.3246560096740723,2.2350687004834526,2.267437696456909,0.6429892487999496,0.06429892487999496,-0.03236899597345655,-0.003236899597345655
440,9,2,6,2→6,10.0,0.84067676564905,3.848848342895508,0.36821118485181614,1.4056930541992188,3.0081715772464577,0.3008171577246458,-1.0374818693474026,-0.10374818693474026
440,10,2,12,2→12,10.0,0.6153667417852375,1.2941997051239014,0.7986421440134563,0.8761676549911499,0.6788329633386638,0.06788329633386639,-0.07752551097769356,-0.007752551097769356
440,11,3,4,3→4,10.0,0.4492137114662002,0.42566239833831787,0.5759943512121593,1.1310696601867676,-0.023551313127882334,-0.0023551313127882336,-0.5550753089746083,-0.055507530897460834
440,12,3,16,3→16,2.4000000953674316,0.30455522610054686,0.1044163852930069,2.0361976496078,1.8254001140594482,-0.20013884080753996,-0.08339118035614053,0.2107975355483518,0.08783230298833776
440,13,3,20,3→20,2.4000000953674316,0.1474829696849156,0.08652937412261963,0.13230908758714577,0.6055964231491089,-0.06095359556229596,-0.025397330475090744,-0.4732873355619631,-0.1972030486480062
440,14,4,0,4→0,10.0,3.275061844608409,2.7893760204315186,3.142503251195194,2.0555825233459473,-0.48568582417689043,-0.04856858241768904,1.0869207278492468,0.10869207278492468
440,15,4,3,4→3,10.0,0.4685654113500277,0.28698068857192993,0.41282188191075875,0.8078066110610962,-0.18158472277809778,-0.018158472277809777,-0.39498472915033744,-0.03949847291503374
440,16,4,6,4→6,10.0,3.23157560367963,2.9111413955688477,0.9983294578555615,1.420148253440857,-0.3204342081107825,-0.03204342081107825,-0.42181879558529545,-0.04218187955852955
440,17,4,7,4→7,2.4000000953674316,0.5592807576260839,0.5396811962127686,0.4918259700451699,0.45766958594322205,-0.019599561413315314,-0.00816648359770781,0.03415638410194788,0.014231826143622988
440,18,4,10,4→10,2.4000000953674316,0.255090324741559,0.06288821995258331,0.05389219665357814,0.13293899595737457,-0.1922021047889757,-0.0800842071464794,-0.07904679930379643,-0.032936165067816235
440,19,4,12,4→12,10.0,0.1041697162836499,1.0705690383911133,0.08886724579861038,0.8079283237457275,0.9663993221074634,0.09663993221074633,-0.7190610779471172,-0.07190610779471171
440,20,4,14,4→14,10.0,0.1976744121639058,2.5588300228118896,0.3513484634532916,1.4051523208618164,2.361155610647984,0.2361155610647984,-1.053803857408525,-0.10538038574085248
440,21,4,18,4→18,10.0,7.690650294998022,6.432140350341797,1.9824901130391483,0.753268837928772,-1.2585099446562253,-0.12585099446562253,1.2292212751103764,0.12292212751103763
440,22,5,6,5→6,10.0,0.7110448115104191,1.0022188425064087,0.7524256126780529,0.7691807150840759,0.2911740309959896,0.02911740309959896,-0.01675510240602307,-0.001675510240602307
440,23,5,12,5→12,10.0,0.0383550534643291,0.3219970464706421,0.033258808779464744,0.262044221162796,0.283641993006313,0.028364199300631297,-0.22878541238333128,-0.022878541238333126
440,24,5,17,5→17,2.4000000953674316,0.33684077806492496,0.3817891776561737,0.3029378369456026,0.32930684089660645,0.044948399591248744,0.018728499085483286,-0.026369003951003833,-0.010987084542997416
440,25,6,1,6→1,2.4000000953674316,0.33671925478188314,0.15004834532737732,0.30471981410710214,1.8273526430130005,-0.18667090945450582,-0.07777954251536276,-1.5226328289058984,-0.6344303201674617
440,26,6,2,6→2,10.0,0.14782180227939534,1.2652959823608398,0.13128358074550306,0.9353978037834167,1.1174741800814445,0.11174741800814444,-0.8041142230379137,-0.08041142230379136
440,27,6,4,6→4,10.0,1.1920487111213731,3.1590991020202637,0.6206055208980388,1.1961673498153687,1.9670503908988906,0.19670503908988907,-0.5755618289173299,-0.05755618289173299
440,28,6,5,6→5,10.0,0.3246527913408954,0.23061153292655945,0.2823047441122526,0.1448742151260376,-0.09404125841433597,-0.009404125841433597,0.137430528986215,0.013743052898621499
440,29,6,13,6→13,0.1550000011920929,0.06217740691045037,0.03038899041712284,0.05422785782525352,0.025854479521512985,-0.03178841649332753,-0.20508655644416326,0.028373378303740537,0.18305405216466517
440,30,6,21,6→21,10.0,3.594663108751547,4.089506149291992,1.4520929520076606,2.0005667209625244,0.49484304054044514,0.04948430405404451,-0.5484737689548638,-0.054847376895486376
440,31,7,4,7→4,2.4000000953674316,1.5541539849800756,1.7554293870925903,0.8457003992463116,0.6434613466262817,0.2012754021125147,0.08386474754772881,0.20223905262002984,0.08426626857657177
440,32,7,12,7→12,2.4000000953674316,2.075890618335926,1.8781410455703735,0.32411043070582213,0.5207542181015015,-0.19774957276555227,-0.08239565204487106,-0.19664378739567934,-0.08193490815906566
440,33,8,9,8→9,2.4000000953674316,2.400001049041748,2.399991273880005,0.0,8.820989933155943e-06,-9.775161743164062e-06,-4.072983897805854e-06,-8.820989933155943e-06,-3.6754123261005454e-06
440,34,8,19,8→19,2.4000000953674316,1.5863111441644833,1.3467566967010498,0.7122897959779948,0.2540051341056824,-0.23955444746343346,-0.09981434914349806,0.4582846618723124,0.19095193485904868
440,35,9,0,9→0,10.0,6.288212499293195,6.464318752288818,1.5170463866069213,1.262035608291626,0.17610625299562344,0.017610625299562345,0.2550107783152953,0.02550107783152953
440,36,9,8,9→8,2.4000000953674316,0.9596976897455534,1.2075190544128418,1.3739405537198763,0.8685151934623718,0.24782136466728844,0.10325889784156356,0.5054253602575045,0.21059389173904414
440,37,9,20,9→20,2.4000000953674316,0.21929846743796605,0.03131283447146416,2.1483585807145573,2.277552366256714,-0.1879856329665019,-0.07832734395692678,-0.12919378554215655,-0.053830741836857064
440,38,10,4,10→4,2.4000000953674316,0.019522409427963794,0.013084045611321926,0.034023886952127214,0.1401491016149521,-0.006438363816641868,-0.0026826514836684524,-0.10612521466282487,-0.04421883768574496
440,39,10,21,10→21,2.4000000953674316,0.19484003782281434,0.006136936601251364,0.0008822129821055569,0.08642967790365219,-0.18870310122156297,-0.07862628905132323,-0.08554746492154663,-0.0356447756342483
440,40,11,12,11→12,0.1550000011920929,0.1524906401120063,0.10036507248878479,0.0021194522826135653,0.05458943173289299,-0.052125567623221514,-0.3362939820795345,-0.052469979450279425,-0.3385159938499156
440,41,11,14,11→14,0.1550000011920929,0.09390378073689476,0.14603154361248016,0.061092610214615206,0.008967681787908077,0.052127762875585404,0.3363081449979023,0.05212492842670713,0.3362898582310863
440,42,12,2,12→2,10.0,0.6296540837543034,1.5861908197402954,0.3467431269637018,0.8731560707092285,0.956536735985992,0.09565367359859919,-0.5264129437455267,-0.05264129437455267
440,43,12,4,12→4,10.0,2.991641331346379,3.0655763149261475,1.376618717780083,1.6635611057281494,0.07393498357976824,0.0073934983579768245,-0.28694238794806637,-0.028694238794806638
440,44,12,5,12→5,10.0,0.32712762649907745,0.9740430116653442,0.4286414930434148,0.8456573486328125,0.6469153851662668,0.06469153851662668,-0.4170158555893977,-0.04170158555893977
440,45,12,7,12→7,2.4000000953674316,0.557195078672521,0.5793653726577759,0.4814701292607424,0.5159947872161865,0.02217029398525483,0.009237622126786055,-0.03452465795544413,-0.014385273576482305
440,46,12,11,12→11,0.1550000011920929,0.15500099956989288,0.1550000011920929,0.0,0.0,-9.98377799987793e-07,-6.44114704715708e-06,0.0,0.0
440,47,13,1,13→1,0.1550000011920929,2.093150123982923e-05,0.03684336319565773,1.8940013433166314e-05,0.032453589141368866,0.0368224316944179,0.2375640736207707,-0.0324346491279357,-0.2092557992160216
440,48,13,6,13→6,0.1550000011920929,0.06846463897591093,0.03175631910562515,0.060893563810964224,0.028245965018868446,-0.03670831987028578,-0.23682786830945135,0.03264759879209578,0.21062966800648805
440,49,14,1,14→1,2.4000000953674316,0.21507119589327317,0.10814635455608368,0.154363733385253,0.1363639086484909,-0.10692484133718949,-0.04455201545349092,0.017999824736762093,0.007499926675630562
440,50,14,4,14→4,10.0,0.7878526001004502,1.0146095752716064,0.7531964837272938,0.7452293634414673,0.22675697517115623,0.022675697517115623,0.007967120285826468,0.0007967120285826468
440,51,14,11,14→11,0.1550000011920929,0.15500099956989288,0.1550000011920929,0.0,0.0,-9.98377799987793e-07,-6.44114704715708e-06,0.0,0.0
440,52,14,21,14→21,10.0,0.37969284428982064,2.110408067703247,0.5073817194280538,1.4962842464447021,1.7307152234134264,0.17307152234134265,-0.9889025270166484,-0.09889025270166484
440,53,15,0,15→0,2.4000000953674316,0.25484605465317145,0.41608163714408875,0.22576613526325673,0.19740046560764313,0.1612355824909173,0.06718149003499631,0.0283656696556136,0.011819028553526335
440,54,15,21,15→21,2.4000000953674316,0.6748820776119828,0.5178947448730469,0.6055986141764151,0.6345289945602417,-0.15698733273893595,-0.06541138604200836,-0.02893038038382656,-0.012054324680931906
440,55,16,3,16→3,2.4000000953674316,0.07562225505171227,0.15281419456005096,0.0674348157372151,0.34918272495269775,0.07719193950833869,0.03216330685041947,-0.28174790921548265,-0.11739495750826127
440,56,16,18,16→18,10.0,0.21020561060868204,0.3686489164829254,1.959255486006839,2.0138325691223145,0.15844330587424338,0.01584433058742434,-0.05457708311547549,-0.0054577083115475485
440,57,17,5,17→5,2.4000000953674316,0.23219730970504315,0.29901206493377686,0.21046569187592468,0.20013278722763062,0.0668147552287337,0.027839480239064157,0.010332904648294061,0.00430537676570889
440,58,17,21,17→21,2.4000000953674316,0.7148317284445511,0.6482252478599548,0.6393445620815328,0.6505594253540039,-0.06660648058459628,-0.0277526991407886,-0.01121486327247112,-0.0046728595111802124
440,59,18,4,18→4,10.0,0.8003673700441141,1.298990249633789,1.1067742834475212,0.6542413234710693,0.498622879589675,0.0498622879589675,0.4525329599764518,0.04525329599764518
440,60,18,16,18→16,10.0,0.09641981608001515,0.5313271284103394,0.08519883520784788,0.6300052404403687,0.4349073123303242,0.04349073123303242,-0.5448064052325208,-0.05448064052325208
440,61,18,21,18→21,10.0,2.371614335803315,1.2700002193450928,1.183144434413407,0.8401191234588623,-1.1016141164582223,-0.11016141164582223,0.3430253109545447,0.03430253109545447
440,62,19,0,19→0,2.4000000953674316,2.400001049041748,2.3999924659729004,0.0,7.628569619555492e-06,-8.58306884765625e-06,-3.576278544414896e-06,-7.628569619555492e-06,-3.1785705485097426e-06
440,63,19,8,19→8,2.4000000953674316,1.4745041160963055,0.8453710079193115,0.0011457934451755136,0.04838001728057861,-0.629133108176994,-0.26213878465728807,-0.0472342238354031,-0.019680925816034898
440,64,20,3,20→3,2.4000000953674316,0.23326193631373843,0.05293317139148712,2.1604863435331936,2.2982959747314453,-0.1803287649222513,-0.07513698239859595,-0.13780963119825174,-0.05742067738424551
440,65,20,9,20→9,2.4000000953674316,0.09786110632671807,0.029298556968569756,0.09006314004375326,0.5544931292533875,-0.06856254935814832,-0.028567727764048954,-0.4644299892096342,-0.19351248781451885
440,66,21,6,21→6,10.0,0.7023723093770968,1.3119537830352783,0.6040731086159212,2.647508382797241,0.6095814736581815,0.06095814736581815,-2.04343527418132,-0.204343527418132
440,67,21,10,21→10,2.4000000953674316,0.005958620851743035,0.003021320328116417,0.021999953962222207,0.1346031129360199,-0.002937300523626618,-0.0012238751695453278,-0.11260315897379769,-0.046917981041395974
440,68,21,14,21→14,10.0,3.0861807470209897,2.528031587600708,2.6155967350350693,0.8660896420478821,-0.5581491594202816,-0.055814915942028163,1.7495070929871872,0.17495070929871873
440,69,21,15,21→15,2.4000000953674316,1.3694929008488543,1.1196237802505493,0.9212507550837472,1.2225781679153442,-0.24986912059830502,-0.10411212944558276,-0.30132741283159703,-0.1255530836908008
440,70,21,17,21→17,2.4000000953674316,0.17632124778901925,0.13326884806156158,0.16472223801974906,0.1394975781440735,-0.04305239972745767,-0.01793849917362878,0.02522465987567557,0.010510274530557367
440,71,21,18,21→18,10.0,3.1580330748054166,3.8830533027648926,1.198244323583026,2.3062782287597656,0.725020227959476,0.0725020227959476,-1.1080339051767396,-0.11080339051767396
445,0,0,2,0→2,10.0,2.397875886180003,4.187250137329102,0.8351568962279998,1.3374050855636597,1.7893742511490984,0.17893742511490984,-0.5022481893356598,-0.050224818933565986
445,1,0,4,0→4,10.0,7.299543795399956,5.786915302276611,1.9173334335151537,0.5615835189819336,-1.5126284931233442,-0.1512628493123344,1.3557499145332201,0.13557499145332202
445,2,0,9,0→9,10.0,4.4858973249563405,4.898247718811035,3.708460670608474,2.4828598499298096,0.41235039385469463,0.04123503938546946,1.2256008206786646,0.12256008206786646
445,3,0,15,0→15,2.4000000953674316,1.090326785225443,1.308845043182373,1.1516935876134085,0.8302065134048462,0.21851825795693003,0.09104927053074789,0.32148707420856226,0.13395294226408924
445,4,0,19,0→19,2.4000000953674316,2.0293185411609684,1.6420924663543701,0.3706070100548331,0.7572052478790283,-0.3872260748065983,-0.1613441914248405,-0.3865982378241952,-0.16108259269256753
445,5,1,6,1→6,2.4000000953674316,0.5611514292579614,0.22078722715377808,0.5105169780420056,0.19866780936717987,-0.3403642021041833,-0.14181841190805233,0.3118491686748257,0.12993714845127233
445,6,1,13,1→13,0.1550000011920929,0.054411625199833225,0.04884568974375725,0.06375296414580589,0.06536993384361267,-0.005565935456075977,-0.03590926073076647,-0.0016169696978067805,-0.01043206248626318
445,7,1,14,1→14,2.4000000953674316,0.08474055459737428,0.21388009190559387,0.07523288899938052,1.8880536556243896,0.1291395373082196,0.053808138406948175,-1.8128207666250091,-0.7553419560791611
445,8,2,0,2→0,10.0,3.0783712537264236,4.412834167480469,2.3735974576156877,2.0746395587921143,1.3344629137540451,0.1334462913754045,0.2989578988235735,0.02989578988235735
445,9,2,6,2→6,10.0,2.2079700962547975,4.370764255523682,0.6756715173559087,1.7660977840423584,2.162794159268884,0.21627941592688843,-1.0904262666864497,-0.10904262666864498
445,10,2,12,2→12,10.0,0.8075437558544891,1.9092382192611694,0.015444558262970531,1.2819308042526245,1.1016944634066803,0.11016944634066803,-1.266486245989654,-0.1266486245989654
445,11,3,4,3→4,10.0,0.5375917654064324,0.3799355924129486,0.6039934745213957,1.0865213871002197,-0.15765617299348378,-0.01576561729934838,-0.482527912578824,-0.0482527912578824
445,12,3,16,3→16,2.4000000953674316,0.3441360971555696,0.0923965647816658,1.9802510712790067,1.7319841384887695,-0.2517395323739038,-0.10489146765444747,0.24826693279023715,0.10344455121874832
445,13,3,20,3→20,2.4000000953674316,0.12360107173094548,0.0943952351808548,0.11053104158247606,0.9452764987945557,-0.02920583655009068,-0.012169098078981271,-0.8347454572120796,-0.3478105933509486
445,14,4,0,4→0,10.0,4.9395203576141995,3.823585033416748,3.182629017713303,2.2416694164276123,-1.1159353241974515,-0.11159353241974515,0.9409596012856909,0.09409596012856909
445,15,4,3,4→3,10.0,0.5989587445963025,0.3634772002696991,0.7507209011687054,1.20998215675354,-0.2354815443266034,-0.02354815443266034,-0.45926125558483466,-0.045926125558483466
445,16,4,6,4→6,10.0,0.9880728303581563,3.235220193862915,0.8536515519306249,1.3096692562103271,2.2471473635047587,0.22471473635047587,-0.45601770427970223,-0.04560177042797022
445,17,4,7,4→7,2.4000000953674316,1.1064924841339234,1.1135667562484741,1.0505098025023472,1.0869451761245728,0.007074272114550695,0.002947613263935162,-0.0364353736222256,-0.015181405072672495
445,18,4,10,4→10,2.4000000953674316,0.4824274937457176,0.06083298474550247,0.08633043553118114,0.11716113239526749,-0.4215945090002151,-0.17566437176981464,-0.03083069686408635,-0.01284612318291024
445,19,4,12,4→12,10.0,0.3506994770577876,1.6790493726730347,0.18042935970879626,1.1890898942947388,1.328349895615247,0.1328349895615247,-1.0086605345859425,-0.10086605345859426
445,20,4,14,4→14,10.0,2.629850695760979,2.4023003578186035,0.2753084217256401,1.3352980613708496,-0.22755033794237534,-0.022755033794237534,-1.0599896396452095,-0.10599896396452095
445,21,4,18,4→18,10.0,5.685454870248265,6.49440336227417,2.4513182263002236,0.6292686462402344,0.8089484920259054,0.08089484920259053,1.8220495800599892,0.18220495800599892
445,22,5,6,5→6,10.0,1.288604744291355,1.3733718395233154,0.530058476283557,1.1682837009429932,0.08476709523196035,0.008476709523196036,-0.6382252246594362,-0.06382252246594362
445,23,5,12,5→12,10.0,0.060603909034398384,0.40062403678894043,0.05084377036837395,0.35261160135269165,0.34002012775454205,0.034002012775454206,-0.3017678309843177,-0.03017678309843177
445,24,5,17,5→17,2.4000000953674316,0.3428358921285053,0.3970705270767212,0.3114365099651195,0.335102379322052,0.0542346349482159,0.022597763663802173,-0.02366586935693249,-0.009860778506889737
445,25,6,1,6→1,2.4000000953674316,0.4233884381046664,0.2661307156085968,0.3819836013467466,1.9122717380523682,-0.15725772249606962,-0.06552404843633726,-1.5302881367056216,-0.637620031623932
445,26,6,2,6→2,10.0,0.246683965691318,1.7857601642608643,0.21882557231583633,1.1114394664764404,1.5390761985695462,0.15390761985695461,-0.8926138941606041,-0.0892613894160604
445,27,6,4,6→4,10.0,0.7827767941450929,3.4934189319610596,0.6931313878343417,1.6630151271820068,2.7106421378159666,0.2710642137815967,-0.9698837393476651,-0.09698837393476652
445,28,6,5,6→5,10.0,0.560448612384107,0.31495237350463867,0.5183370531063929,0.23961615562438965,-0.24549623887946836,-0.024549623887946837,0.27872089748200324,0.027872089748200324
445,29,6,13,6→13,0.1550000011920929,0.07522350395274202,0.08089308440685272,0.05364389965245664,0.050072044134140015,0.005669580454110701,0.036577938132299356,0.0035718555183166245,0.02304422897319847
445,30,6,21,6→21,10.0,3.002621058031167,3.9350838661193848,0.718164508260088,1.7336010932922363,0.9324628080882178,0.09324628080882177,-1.0154365850321483,-0.10154365850321483
445,31,7,4,7→4,2.4000000953674316,2.34806918858294,1.9265687465667725,0.05189720431189926,0.47103163599967957,-0.42150044201616765,-0.17562517719468565,-0.4191344316877803,-0.17463933959703126
445,32,7,12,7→12,2.4000000953674316,1.6301879178824166,2.0552775859832764,0.7698131311593315,0.3426046669483185,0.4250896681008598,0.17712068800388112,0.427208464211013,0.17800351968136438
445,33,8,9,8→9,2.4000000953674316,2.400001049041748,2.399980068206787,0.0,2.0026818674523383e-05,-2.09808349609375e-05,-8.742014219680856e-06,-2.0026818674523383e-05,-8.344507449470475e-06
445,34,8,19,8→19,2.4000000953674316,0.6914352501338143,1.5884809494018555,0.0016979543725028634,0.22906920313835144,0.8970456992680411,0.3737690265094371,-0.22737124876584858,-0.09473801655455302
445,35,9,0,9→0,10.0,6.130288164643844,6.383139610290527,1.739427651138243,1.2066024541854858,0.2528514456466837,0.02528514456466837,0.5328251969527571,0.05328251969527571
445,36,9,8,9→8,2.4000000953674316,1.429502122292206,1.817191243171692,0.9702971530532523,0.58208829164505,0.3876891208794859,0.16153712728087707,0.3882088614082022,0.1617536858259036
445,37,9,20,9→20,2.4000000953674316,0.32001887822343633,0.04804990440607071,1.8586254430323663,2.1738646030426025,-0.2719689738173656,-0.1133204012542875,-0.3152391600102362,-0.13134964478489913
445,38,10,4,10→4,2.4000000953674316,0.04599720492205961,0.03504250943660736,0.040707465471768955,0.10965068638324738,-0.010954695485452248,-0.004564456270896574,-0.06894322091147842,-0.02872634090496711
445,39,10,21,10→21,2.4000000953674316,0.42010561046686234,0.015542757697403431,0.03208941006778332,0.08029542118310928,-0.4045628527694589,-0.16856784862232338,-0.048206011115325964,-0.020085837166579693
445,40,11,12,11→12,0.1550000011920929,0.08548292434943505,0.10394337773323059,0.06936452790978365,0.05098626762628555,0.01846045338379554,0.11909969833430732,0.018378260283498093,0.11856942027195051
445,41,11,14,11→14,0.1550000011920929,0.12169963074302359,0.10324155539274216,0.033131482293491166,0.05175801366567612,-0.018458075350281433,-0.11908435618272141,-0.01862653137218495,-0.12017116921890164
445,42,12,2,12→2,10.0,0.4749468985639851,1.7450352907180786,0.3186788842193664,0.7601324915885925,1.2700883921540935,0.12700883921540934,-0.4414536073692261,-0.044145360736922615
445,43,12,4,12→4,10.0,2.1390638058777895,3.458409309387207,1.197611028873176,1.6811211109161377,1.3193455035094175,0.13193455035094176,-0.48351008204296164,-0.048351008204296164
445,44,12,5,12→5,10.0,1.0231452718177607,1.6980400085449219,0.3119827542686835,1.557124376296997,0.6748947367271612,0.06748947367271611,-1.2451416220283136,-0.12451416220283136
445,45,12,7,12→7,2.4000000953674316,1.296857716923114,1.2983709573745728,0.9982682567060692,0.9611308574676514,0.0015132404514588416,0.0006305168297200296,0.037137399238417856,0.015473915734462607
445,46,12,11,12→11,0.1550000011920929,0.15500099956989288,0.1550000011920929,0.0,0.0,-9.98377799987793e-07,-6.44114704715708e-06,0.0,0.0
445,47,13,1,13→1,0.1550000011920929,0.000125421673146775,0.03488726541399956,0.00010920394197455607,0.03532779589295387,0.03476184374085278,0.22426995789356233,-0.03521859195097932,-0.22721672051687664
445,48,13,6,13→6,0.1550000011920929,0.07383283492640658,0.03917498141527176,0.06885018828484135,0.031469009816646576,-0.03465785351113482,-0.22359905319086434,0.037381178468194776,0.241168891488381
445,49,14,1,14→1,2.4000000953674316,0.2553766809072897,0.16107192635536194,0.24358276423299685,0.17527082562446594,-0.09430475455192777,-0.03929364616858069,0.06831193860853091,0.02846330662252436
445,50,14,4,14→4,10.0,1.3376311802517193,1.3443440198898315,1.0451961278223718,1.1031960248947144,0.0067128396381122,0.00067128396381122,-0.05799989707234254,-0.005799989707234254
445,51,14,11,14→11,0.1550000011920929,0.15500099956989288,0.1550000011920929,0.0,0.0,-9.98377799987793e-07,-6.44114704715708e-06,0.0,0.0
445,52,14,21,14→21,10.0,2.5204950707757234,2.1633150577545166,0.27224296587883146,1.4979934692382812,-0.35718001302120683,-0.03571800130212068,-1.2257505033594498,-0.12257505033594499
445,53,15,0,15→0,2.4000000953674316,0.6946167864280142,0.7425162196159363,0.6181752599622996,0.4231373965740204,0.047899433187922114,0.019958096368570717,0.19503786338827922,0.08126577318257132
445,54,15,21,15→21,2.4000000953674316,0.6855188214035479,0.5687046647071838,0.6200772622396471,0.7483527660369873,-0.11681415669636408,-0.0486725633560778,-0.1282755037973402,-0.05344812445838744
445,55,16,3,16→3,2.4000000953674316,0.11398623733612112,0.16736051440238953,0.10002741069411059,0.3784078359603882,0.053374277066268405,0.022239281227235532,-0.2783804252662776,-0.11599183925184742
445,56,16,18,16→18,10.0,0.18846020265482366,0.3644307553768158,1.871043476831936,1.9179105758666992,0.17597055272199214,0.017597055272199215,-0.04686709903476327,-0.0046867099034763274
445,57,17,5,17→5,2.4000000953674316,0.23382299372042326,0.2837413251399994,0.20368902287282253,0.19949547946453094,0.049918331419576134,0.02079930393166664,0.004193543408291589,0.00174730968402298
445,58,17,21,17→21,2.4000000953674316,0.7163798824512924,0.6666338443756104,0.645541410514852,0.6495074033737183,-0.04974603807568201,-0.020727515041230056,-0.00396599285886623,-0.0016524969588632662
445,59,18,4,18→4,10.0,1.0772954876520089,1.3961212635040283,1.3171134308649926,0.7481290102005005,0.31882577585201943,0.031882577585201945,0.5689844206644921,0.05689844206644921
445,60,18,16,18→16,10.0,0.055321774510957766,0.5321903228759766,0.04907985617319355,0.6198892593383789,0.4768685483650188,0.04768685483650188,-0.5708094031651854,-0.05708094031651854
445,61,18,21,18→21,10.0,0.9908252818859182,1.3990660905838013,1.0947633814066648,0.9939597249031067,0.40824080869788304,0.0408240808697883,0.10080365650355816,0.010080365650355815
445,62,19,0,19→0,2.4000000953674316,2.400001049041748,2.399956703186035,0.0,4.338924554758705e-05,-4.4345855712890625e-05,-1.847743914614363e-05,-4.338924554758705e-05,-1.807885159310559e-05
445,63,19,8,19→8,2.4000000953674316,0.263549514364513,0.9783358573913574,0.001389412791468203,0.05196013301610947,0.7147863430268444,0.29782763109324506,-0.050570720224641263,-0.02107113258964228
445,64,20,3,20→3,2.4000000953674316,0.3296450656630441,0.07197528332471848,1.868579040590845,2.2001729011535645,-0.2576697823383256,-0.10736240504143699,-0.33159386056271956,-0.13816410307765162
445,65,20,9,20→9,2.4000000953674316,0.06949211069149897,0.02633080631494522,0.06082460592733696,0.8791942000389099,-0.043161304376553744,-0.01798387610894903,-0.818369594111573,-0.34098731733020343
445,66,21,6,21→6,10.0,0.6776882728568978,1.3432762622833252,0.5926927299624367,2.8794171810150146,0.6655879894264274,0.06655879894264274,-2.286724451052578,-0.2286724451052578
445,67,21,10,21→10,2.4000000953674316,1.353346942778444e-05,0.006089325528591871,1.2131897619838128e-05,0.08632927387952805,0.006075792059164087,0.0025315799240557546,-0.08631714198190821,-0.03596547439665554
445,68,21,14,21→14,10.0,3.452532052076009,3.1310930252075195,2.9833318245073315,1.321915626525879,-0.32143902686848946,-0.03214390268684895,1.6614161979814526,0.16614161979814526
445,69,21,15,21→15,2.4000000953674316,1.301382857403496,1.0587552785873413,0.8372182107559638,1.117844820022583,-0.2426275788161547,-0.10109482048958389,-0.2806266092666192,-0.11692774921480002
445,70,21,17,21→17,2.4000000953674316,0.2405526574079886,0.18612982332706451,0.222322474772227,0.19843342900276184,-0.054422834080924076,-0.022676179965981265,0.023889045769465156,0.009953768675083251
445,71,21,18,21→18,10.0,4.329519082485007,4.074365139007568,1.2366849838654161,2.4984958171844482,-0.25515394347743836,-0.025515394347743837,-1.261810833319032,-0.1261810833319032
450,0,0,2,0→2,10.0,5.868199472577544,5.564584732055664,1.9266447857953608,1.7820827960968018,-0.30361474052187987,-0.030361474052187986,0.14456198969855905,0.014456198969855904
450,1,0,4,0→4,10.0,6.832308243175845,6.1497039794921875,1.6827131510913205,0.5321547389030457,-0.6826042636836576,-0.06826042636836575,1.1505584121882748,0.11505584121882748
450,2,0,9,0→9,10.0,4.742829251217017,6.632079124450684,3.611234922937001,1.7504323720932007,1.8892498732336662,0.18892498732336663,1.8608025508438004,0.18608025508438003
450,3,0,15,0→15,2.4000000953674316,1.824514478445053,1.6499450206756592,0.575486570596695,0.6837457418441772,-0.17456945776939392,-0.07273727118026133,-0.1082591712474823,-0.04510798622735396
450,4,0,19,0→19,2.4000000953674316,2.400001049041748,2.399996757507324,0.0,3.337860562169226e-06,-4.291534423828125e-06,-1.788139272207448e-06,-3.337860562169226e-06,-1.3907751789727371e-06
450,5,1,6,1→6,2.4000000953674316,1.267953386393856,0.2640548646450043,0.9543394754764449,0.1975090503692627,-1.0038985217488516,-0.41829103410729584,0.7568304251071822,0.3153459979306018
450,6,1,13,1→13,0.1550000011920929,0.15405490342527628,0.135129913687706,0.0009460961446166039,0.01979982480406761,-0.018924989737570286,-0.12209670704528819,-0.018853728659451008,-0.12163695815773196
450,7,1,14,1→14,2.4000000953674316,2.1381841365359833,0.383480966091156,0.2058651503175497,1.381408452987671,-1.7547031704448273,-0.7311262919663294,-1.1755433026701212,-0.48980968998259544
450,8,2,0,2→0,10.0,4.681310449992367,6.341926574707031,1.6557071391289355,1.3032363653182983,1.6606161247146645,0.16606161247146645,0.3524707738106372,0.03524707738106372
450,9,2,6,2→6,10.0,6.515065201056359,5.499175071716309,2.3034256903907817,1.6642051935195923,-1.0158901293400504,-0.10158901293400505,0.6392204968711894,0.06392204968711894
450,10,2,12,2→12,10.0,4.627037523663603,2.6512691974639893,1.3853440862149,1.4224858283996582,-1.9757683261996135,-0.19757683261996134,-0.037141742184758186,-0.003714174218475819
450,11,3,4,3→4,10.0,0.3200083716487825,0.48787009716033936,2.3778310391676314,1.313173532485962,0.16786172551155687,0.016786172551155686,1.0646575066816695,0.10646575066816695
450,12,3,16,3→16,2.4000000953674316,1.0951716016655553,0.11173360049724579,0.14254163690202404,1.7623485326766968,-0.9834380011683095,-0.4097658175374983,-1.6198068957746727,-0.6749195130872218
450,13,3,20,3→20,2.4000000953674316,2.1693732396950054,0.20920313894748688,0.20487299889737187,1.5345091819763184,-1.9601701007475185,-0.8167375095239,-1.3296361830789465,-0.554015054268314
450,14,4,0,4→0,10.0,6.448929406230036,5.081005573272705,2.9628790079586906,1.5245347023010254,-1.3679238329573309,-0.1367923832957331,1.4383443056576652,0.14383443056576653
450,15,4,3,4→3,10.0,3.329953142832977,0.5966998338699341,0.5245267248465098,1.9083207845687866,-2.733253308963043,-0.2733253308963043,-1.3837940597222769,-0.1383794059722277
450,16,4,6,4→6,10.0,5.6191766483945855,3.828608274459839,3.7541261828965844,0.9328819513320923,-1.7905683739347467,-0.17905683739347467,2.821244231564492,0.2821244231564492
450,17,4,7,4→7,2.4000000953674316,2.2550661277782638,1.7684184312820435,0.14493492126348428,0.6198940873146057,-0.4866476964962203,-0.20276986548274126,-0.47495916605112143,-0.19789964465747525
450,18,4,10,4→10,2.4000000953674316,2.0064530763443145,0.06303585320711136,0.3170514833695961,0.06795959919691086,-1.943417223137203,-0.80975714413031,0.24909188417268524,0.10378828094777644
450,19,4,12,4→12,10.0,2.3701552782513318,3.00376033782959,2.0511764640400543,1.922196865081787,0.6336050595782581,0.0633605059578258,0.12897959895826716,0.012897959895826715
450,20,4,14,4→14,10.0,4.177994546508444,2.5222795009613037,1.5339671161304977,1.3487681150436401,-1.65571504554714,-0.165571504554714,0.1851990010868576,0.01851990010868576
450,21,4,18,4→18,10.0,5.136695936697208,6.782419204711914,4.077790655067929,0.5863713026046753,1.6457232680147058,0.16457232680147058,3.4914193524632537,0.34914193524632536
450,22,5,6,5→6,10.0,2.020493380739026,2.1823506355285645,0.4455374176322948,1.7020976543426514,0.16185725478953827,0.016185725478953826,-1.2565602367103565,-0.12565602367103565
450,23,5,12,5→12,10.0,0.6669066407193895,0.6155434250831604,0.47520760411862284,0.43588224053382874,-0.05136321563622914,-0.005136321563622914,0.039325363584794104,0.003932536358479411
450,24,5,17,5→17,2.4000000953674316,1.613281959732376,0.5558220744132996,0.3922258440902624,0.4310796856880188,-1.0574598853190764,-0.4406082680414156,-0.0388538415977564,-0.016189100022434795
450,25,6,1,6→1,2.4000000953674316,2.1192334291690713,0.3125716745853424,0.25615012499565637,1.2397465705871582,-1.806661754583729,-0.7527757011639349,-0.9835964455915018,-0.40983183604453843
450,26,6,2,6→2,10.0,2.2434667212555723,2.528036594390869,1.802909529185854,0.9599494934082031,0.2845698731352968,0.02845698731352968,0.8429600357776508,0.08429600357776508
450,27,6,4,6→4,10.0,5.872117401911737,4.257264137268066,2.515759945105856,1.4451806545257568,-1.6148532646436706,-0.16148532646436706,1.070579290580099,0.1070579290580099
450,28,6,5,6→5,10.0,1.0760469928272869,0.6335071325302124,0.24732164505985565,0.43653857707977295,-0.4425398602970745,-0.04425398602970745,-0.1892169320199173,-0.01892169320199173
450,29,6,13,6→13,0.1550000011920929,0.10686283634402127,0.12655621767044067,0.048138163225871604,0.02828729897737503,0.0196933813264194,0.12705407209651062,0.019850864248496573,0.12807009094080726
450,30,6,21,6→21,10.0,6.0046938455869565,4.640878200531006,3.2081041492211853,1.8549543619155884,-1.3638156450559507,-0.13638156450559508,1.3531497873055969,0.1353149787305597
450,31,7,4,7→4,2.4000000953674316,1.8329028378228713,2.111133098602295,0.5670982112188767,0.2858302891254425,0.2782302607794236,0.11592927071814449,0.2812679220934342,0.1171949628820215
450,32,7,12,7→12,2.4000000953674316,2.400001049041748,2.1503472328186035,0.0,0.24639379978179932,-0.24965381622314453,-0.10402241929283065,-0.24639379978179932,-0.1026640791629124
450,33,8,9,8→9,2.4000000953674316,2.400001049041748,2.399946451187134,0.0,5.364205571822822e-05,-5.459785461425781e-05,-2.2749105185305865e-05,-5.364205571822822e-05,-2.235085566111855e-05
450,34,8,19,8→19,2.4000000953674316,1.4911321769468486,1.942671775817871,0.0030108648352324963,0.0006522333715111017,0.45153959887102246,0.1881414920535215,0.0023586314637213945,0.0009827630708324185
450,35,9,0,9→0,10.0,7.125928306642436,7.119858741760254,2.1296954576068856,1.1039390563964844,-0.006069564882182021,-0.0006069564882182022,1.0257564012104012,0.10257564012104012
450,36,9,8,9→8,2.4000000953674316,2.400001049041748,2.399981737136841,0.0,1.8358230590820312e-05,-1.9311904907226562e-05,-8.046626724933515e-06,-1.8358230590820312e-05,-7.64926244222075e-06
450,37,9,20,9→20,2.4000000953674316,0.2854339410009743,0.08373681455850601,2.095055078756104,2.2816293239593506,-0.2016971264424683,-0.08404046601156037,-0.1865742452032464,-0.07773926574560512
450,38,10,4,10→4,2.4000000953674316,0.04790932069590781,0.051146168261766434,0.6980329753132537,0.09365392476320267,0.003236847565858625,0.0013486864321824432,0.604379050550051,0.25182459438924426
450,39,10,21,10→21,2.4000000953674316,2.021229762395251,0.044818006455898285,0.3739091438054629,0.057317446917295456,-1.9764117559393526,-0.8235048655849203,0.31659169688816746,0.13191320179497676
450,40,11,12,11→12,0.1550000011920929,0.1509815363006055,0.12363189458847046,0.004019463269287371,0.031216436997056007,-0.027349641712135053,-0.17644930001155545,-0.027196973727768636,-0.17546434528128282
450,41,11,14,11→14,0.1550000011920929,0.09834894821915441,0.12616558372974396,0.056652051350738475,0.028811372816562653,0.02781663551058955,0.17946216320421923,0.027840678534175822,0.179617279484228
450,42,12,2,12→2,10.0,3.5628984571150397,2.3497371673583984,0.26414264760387596,0.6923189759254456,-1.2131612897566413,-0.12131612897566413,-0.4281763283215696,-0.04281763283215696
450,43,12,4,12→4,10.0,4.57291608414252,3.99489164352417,1.8603711179848688,1.4095206260681152,-0.5780244406183499,-0.05780244406183499,0.4508504919167535,0.04508504919167535
450,44,12,5,12→5,10.0,3.1662343259367844,2.842395305633545,0.9394519940283317,2.355577230453491,-0.3238390203032395,-0.03238390203032395,-1.4161252364251595,-0.14161252364251595
450,45,12,7,12→7,2.4000000953674316,1.2015974521636963,1.7162257432937622,1.1984035968780518,0.6719968914985657,0.5146282911300659,0.21442844611690656,0.5264067053794861,0.21933611852581825
450,46,12,11,12→11,0.1550000011920929,0.15500099956989288,0.1549999862909317,0.0,1.4901161193847656e-08,-1.0132789611816406e-06,-6.537283570248976e-06,-1.4901161193847656e-08,-9.613652309189671e-08
450,47,13,1,13→1,0.1550000011920929,0.03705741463045342,0.059884652495384216,0.013310630252817646,0.0403553768992424,0.022827237864930794,0.1472725012217309,-0.027044746646424755,-0.17448223508661756
450,48,13,6,13→6,0.1550000011920929,0.06811104563848858,0.045581184327602386,0.07214536604169552,0.04977642372250557,-0.02252986131088619,-0.1453539428232954,0.022368942319189955,0.1443157557880785
450,49,14,1,14→1,2.4000000953674316,1.4051205325749834,0.4457453489303589,0.9105994381015989,0.38870590925216675,-0.9593751836446245,-0.39973964396770056,0.5218935288494322,0.21745562837968643
450,50,14,4,14→4,10.0,5.618247197125129,2.3085010051727295,3.3262055715158567,1.8633519411087036,-3.3097461919523994,-0.33097461919523996,1.462853630407153,0.14628536304071532
450,51,14,11,14→11,0.1550000011920929,0.15500099956989288,0.1550000160932541,0.0,0.0,-9.834766387939453e-07,-6.345010524065183e-06,0.0,0.0
450,52,14,21,14→21,10.0,1.4102514664355112,3.137178421020508,1.81088666510459,1.9875975847244263,1.7269269545849966,0.17269269545849966,-0.1767109196198362,-0.01767109196198362
450,53,15,0,15→0,2.4000000953674316,0.993522091419436,1.450940728187561,1.1382037544390187,0.9076853394508362,0.457418636768125,0.1905910910799759,0.23051841498818249,0.09604933576175168
450,54,15,21,15→21,2.4000000953674316,1.3193693681687364,0.8893319964408875,0.8690954609428445,1.1092183589935303,-0.43003737172784895,-0.1791822310998749,-0.24012289805068576,-0.10005120354544143
450,55,16,3,16→3,2.4000000953674316,0.16904441669248627,0.2112121880054474,0.19790856961844838,0.4860799014568329,0.04216777131296112,0.017569904015568544,-0.2881713318383845,-0.12007138349478544
450,56,16,18,16→18,10.0,1.1228985375576883,0.4542037546634674,0.2737667784676887,1.929993987083435,-0.6686947828942209,-0.0668694782894221,-1.6562272086157463,-0.16562272086157465
450,57,17,5,17→5,2.4000000953674316,0.4153443785762647,0.2334841787815094,0.5652828556485474,0.15007352828979492,-0.18186019979475532,-0.07577508023678356,0.4152093273587525,0.1730038795249237
450,58,17,21,17→21,2.4000000953674316,1.5056288123014383,0.7985149621963501,0.7723816246143542,0.7502440810203552,-0.7071138501050882,-0.29463075916954556,0.022137543593999,0.009223976130971702
450,59,18,4,18→4,10.0,3.691874540912977,1.6126296520233154,0.30463172431336716,0.7993137836456299,-2.0792448888896615,-0.20792448888896614,-0.4946820593322627,-0.049468205933226275
450,60,18,16,18→16,10.0,0.4141178493446205,0.7847989201545715,0.6090271080865932,0.8680959939956665,0.37068107080995105,0.0370681070809951,-0.2590688859090733,-0.02590688859090733
450,61,18,21,18→21,10.0,2.486919586916116,1.7201850414276123,1.984478878538539,1.145958662033081,-0.7667345454885037,-0.07667345454885037,0.8385202165054579,0.0838520216505458
450,62,19,0,19→0,2.4000000953674316,2.400001049041748,2.399862289428711,0.0,0.00013778044376522303,-0.00013875961303710938,-5.7816503134707484e-05,-0.00013778044376522303,-5.740851595430013e-05
450,63,19,8,19→8,2.4000000953674316,1.5407199096034674,1.5047478675842285,0.015693262219429016,0.006872242316603661,-0.03597204201923887,-0.014988350245766,0.008821019902825356,0.0036754248134623045
450,64,20,3,20→3,2.4000000953674316,0.1544657007857495,0.07812218368053436,2.0759301656280513,2.2902016639709473,-0.07634351710521514,-0.03180979752983185,-0.21427149834289594,-0.08927978742854663
450,65,20,9,20→9,2.4000000953674316,2.2247654114391935,0.12390858680009842,0.14451730434666388,1.4549884796142578,-2.100856824639095,-0.8753569754827285,-1.310471175267594,-0.5460296346642292
450,66,21,6,21→6,10.0,3.0667700369667728,1.810309648513794,1.598503819718644,2.651090383529663,-1.2564603884529788,-0.12564603884529787,-1.052586563811019,-0.1052586563811019
450,67,21,10,21→10,2.4000000953674316,0.030403595296320418,0.00339340977370739,0.724852375797127,0.05452214926481247,-0.02701018552261303,-0.01125424352055197,0.6703302265323146,0.2793042499565773
450,68,21,14,21→14,10.0,2.7979465154069203,3.6105949878692627,4.702690795762464,1.8976917266845703,0.8126484724623424,0.08126484724623424,2.804999069077894,0.2804999069077894
450,69,21,15,21→15,2.4000000953674316,1.1151535328681348,1.3374159336090088,1.2848475161736133,1.051472783088684,0.222262400740874,0.0926093299620667,0.23337473308492918,0.09723946825477119
450,70,21,17,21→17,2.4000000953674316,0.13914357374528663,0.30950233340263367,0.7844674567712673,0.3122871220111847,0.17035875965734704,0.070982813703291,0.4721803347600826,0.19674179833221775
450,71,21,18,21→18,10.0,7.917125975269755,4.807247161865234,1.6513365464411436,3.095228672027588,-3.1098788134045208,-0.3109878813404521,-1.4438921255864443,-0.14438921255864443
455,0,0,2,0→2,10.0,6.017675372560916,5.890508651733398,1.29964439052128,1.5875352621078491,-0.12716672082751757,-0.012716672082751757,-0.2878908715865691,-0.028789087158656912
455,1,0,4,0→4,10.0,4.938560992912329,6.482142925262451,4.9394097688994805,0.5859842896461487,1.543581932350122,0.1543581932350122,4.353425479253332,0.43534254792533317
455,2,0,9,0→9,10.0,5.662918091323263,6.701872825622559,3.873354143223878,1.5048539638519287,1.0389547342992955,0.10389547342992955,2.3685001793719493,0.23685001793719493
455,3,0,15,0→15,2.4000000953674316,0.9509777054190636,1.3672157526016235,1.3256742060184479,0.7983633875846863,0.41623804718255997,0.1734325127678111,0.5273108184337616,0.21971283228346378
455,4,0,19,0→19,2.4000000953674316,2.400001049041748,2.3999991416931152,0.0,9.5367431640625e-07,-1.9073486328125e-06,-7.947285654255325e-07,-9.5367431640625e-07,-3.9736428271276624e-07
455,5,1,6,1→6,2.4000000953674316,1.2833362304579623,0.2698930501937866,0.6214583909486464,0.2293175458908081,-1.0134431802641757,-0.4222679749973181,0.3921408450578383,0.16339201228148406
455,6,1,13,1→13,0.1550000011920929,0.15445384136182838,0.13488680124282837,0.0005471582080645021,0.019973134621977806,-0.019567040119000012,-0.12623896753878347,-0.019425976413913304,-0.12532887912586863
455,7,1,14,1→14,2.4000000953674316,0.16432033391902223,0.2687698006629944,0.24011683341814205,0.3817198872566223,0.10444946674397215,0.043520609413968084,-0.14160305383848026,-0.05900127008820028
455,8,2,0,2→0,10.0,8.255124330823492,6.033114433288574,1.575112070520845,1.1839725971221924,-2.2220098975349174,-0.22220098975349173,0.3911394733986526,0.039113947339865264
455,9,2,6,2→6,10.0,5.258418251603871,6.000720500946045,0.22975909786887883,1.5954123735427856,0.742302249342174,0.07423022493421741,-1.3656532756739068,-0.13656532756739068
455,10,2,12,2→12,10.0,4.202612406372737,3.239877462387085,3.717797166442324,1.538124918937683,-0.9627349439856516,-0.09627349439856517,2.179672247504641,0.2179672247504641
455,11,3,4,3→4,10.0,2.737494153106951,0.8464136123657227,0.27438350200100103,1.9891315698623657,-1.8910805407412283,-0.18910805407412284,-1.7147480678613647,-0.17147480678613647
455,12,3,16,3→16,2.4000000953674316,1.1345756776063354,0.26816773414611816,0.9966481572483588,1.5896058082580566,-0.8664079434602172,-0.3610032954301084,-0.5929576510096979,-0.24706567810319946
455,13,3,20,3→20,2.4000000953674316,1.3458792630372045,0.30163323879241943,0.21831973245207334,1.8098180294036865,-1.044246024244785,-0.43510249281257407,-1.5914982969516132,-0.6631242640463146
455,14,4,0,4→0,10.0,2.063838427187875,5.209508419036865,4.6860550477149445,1.3948352336883545,3.1456699918489903,0.31456699918489905,3.29121981402659,0.329121981402659
455,15,4,3,4→3,10.0,2.6219608474384586,0.7746718525886536,1.0894827241390885,2.3870277404785156,-1.847288994849805,-0.1847288994849805,-1.297545016339427,-0.1297545016339427
455,16,4,6,4→6,10.0,6.421185461353161,3.9921247959136963,2.8073720856918953,0.8726012706756592,-2.429060665439465,-0.2429060665439465,1.9347708150162362,0.19347708150162363
455,17,4,7,4→7,2.4000000953674316,1.7476908195530996,2.147235631942749,0.6523102294886484,0.2465672343969345,0.39954481238964945,0.16647699854715237,0.40574299509171385,0.16905957457039017
455,18,4,10,4→10,2.4000000953674316,1.8559384003301602,0.08303271234035492,0.5022875313516124,0.09361177682876587,-1.7729056879898053,-0.7387106739753607,0.40867575452284655,0.17028155761813824
455,19,4,12,4→12,10.0,0.7634408871026608,2.8058156967163086,0.7890855909863603,1.3439286947250366,2.042374809613648,0.2042374809613648,-0.5548431037386763,-0.055484310373867626
455,20,4,14,4→14,10.0,1.8862961200447899,2.6670660972595215,3.138378050236497,1.4461495876312256,0.7807699772147316,0.07807699772147317,1.6922284626052715,0.16922284626052714
455,21,4,18,4→18,10.0,6.819093249917074,7.205716133117676,2.872770360666749,0.5074896812438965,0.38662288320060156,0.038662288320060155,2.3652806794228525,0.23652806794228526
455,22,5,6,5→6,10.0,2.294708959860145,2.008927583694458,1.665549790370278,1.3561302423477173,-0.2857813761656871,-0.02857813761656871,0.3094195480225608,0.030941954802256078
455,23,5,12,5→12,10.0,0.902136979966599,0.8127415180206299,0.1829089383390965,0.5383349061012268,-0.08939546194596915,-0.008939546194596915,-0.3554259677621303,-0.035542596776213034
455,24,5,17,5→17,2.4000000953674316,0.5818126213673622,1.0989711284637451,1.5738783091683217,0.9829666018486023,0.5171585070963829,0.21548270272764625,0.5909117073197194,0.24621320159958282
455,25,6,1,6→1,2.4000000953674316,0.1639699413208291,0.3834233283996582,0.5671109249815345,0.364981472492218,0.2194533870788291,0.09143890764938972,0.20212945248931646,0.08422060185725583
455,26,6,2,6→2,10.0,5.840411959211906,2.633660316467285,1.7545783497043885,0.9241449236869812,-3.2067516427446208,-0.3206751642744621,0.8304334260174073,0.08304334260174073
455,27,6,4,6→4,10.0,2.9891233365096923,4.166319847106934,3.5002104260447595,1.2844899892807007,1.1771965105972413,0.11771965105972412,2.215720436764059,0.22157204367640587
455,28,6,5,6→5,10.0,1.0659201084563392,0.900397539138794,0.5530385103947992,0.5933088064193726,-0.16552256931754528,-0.01655225693175453,-0.04027029602457333,-0.004027029602457333
455,29,6,13,6→13,0.1550000011920929,0.1225331221738486,0.14390648901462555,0.03246787739604429,0.011053302325308323,0.021373366840776953,0.1378926882348133,0.021414575070735964,0.13815854778089123
455,30,6,21,6→21,10.0,6.816245677560119,4.7545576095581055,2.615857222757768,1.721998929977417,-2.061688068002013,-0.2061688068002013,0.8938582927803509,0.0893858292780351
455,31,7,4,7→4,2.4000000953674316,2.400001049041748,2.394651412963867,0.0,0.005284068174660206,-0.005349636077880859,-0.002229014943877262,-0.005284068174660206,-0.0022016949852875873
455,32,7,12,7→12,2.4000000953674316,2.400001049041748,2.393576145172119,0.0,0.006302571389824152,-0.006424903869628906,-0.002677043172635906,-0.006302571389824152,-0.0026260713080760315
455,33,8,9,8→9,2.4000000953674316,2.400001049041748,2.399946689605713,0.0,5.3403768106363714e-05,-5.435943603515625e-05,-2.2649764114627674e-05,-5.3403768106363714e-05,-2.2251569160120297e-05
455,34,8,19,8→19,2.4000000953674316,0.9321000701747835,1.9734876155853271,0.0029075501952320337,0.0004738805000670254,1.0413875454105437,0.4339114600123009,0.0024336696951650083,0.0010140289993581947
455,35,9,0,9→0,10.0,5.6005856734410315,7.619914531707764,4.398534562943809,1.10524320602417,2.019328858266732,0.2019328858266732,3.2932913569196387,0.32932913569196387
455,36,9,8,9→8,2.4000000953674316,2.400001049041748,2.3999977111816406,0.0,2.384185791015625e-06,-3.337860107421875e-06,-1.3907749894946817e-06,-2.384185791015625e-06,-9.934107067819156e-07
455,37,9,20,9→20,2.4000000953674316,2.145198015750708,0.17539089918136597,0.2436407662245017,2.147200345993042,-1.969807116569342,-0.8207529326234345,-1.9035595797685403,-0.7931497933866173
455,38,10,4,10→4,2.4000000953674316,0.03230977265047841,0.04648415371775627,0.05460900049365591,0.051567547023296356,0.014174381067277864,0.005905991876682745,0.0030414534703595564,0.0012672722289596078
455,39,10,21,10→21,2.4000000953674316,1.8361904457774472,0.05128295719623566,0.47251808363580494,0.0684438943862915,-1.7849074885812115,-0.743711424023068,0.40407418924951344,0.16836423883043683
455,40,11,12,11→12,0.1550000011920929,0.13427317138484796,0.14191658794879913,0.020727828185044928,0.01305530034005642,0.0076434165639511775,0.04931236454945973,0.007672527844988508,0.04950017926438514
455,41,11,14,11→14,0.1550000011920929,0.15394064971405896,0.1463683694601059,0.0010603498558339197,0.008629175834357738,-0.007572280253953068,-0.048853420617517754,-0.007568825978523819,-0.048831134969758515
455,42,12,2,12→2,10.0,1.1349482367950259,2.7098450660705566,0.7199007125927892,0.6312205791473389,1.5748968292755308,0.15748968292755308,0.08868013344545034,0.008868013344545034
455,43,12,4,12→4,10.0,5.7350804180671275,4.749997138977051,3.1248059157587704,1.3646847009658813,-0.9850832790900768,-0.09850832790900768,1.760121214792889,0.1760121214792889
455,44,12,5,12→5,10.0,2.250199819082127,2.9802238941192627,2.4384005529573187,2.3098957538604736,0.7300240750371358,0.07300240750371359,0.1285047990968451,0.01285047990968451
455,45,12,7,12→7,2.4000000953674316,2.400001049041748,2.038613796234131,0.0,0.35479509830474854,-0.3613872528076172,-0.15057801601974105,-0.35479509830474854,-0.1478312850860244
455,46,12,11,12→11,0.1550000011920929,0.15500099956989288,0.1550000011920929,0.0,0.0,-9.98377799987793e-07,-6.44114704715708e-06,0.0,0.0
455,47,13,1,13→1,0.1550000011920929,0.01863086601292707,0.07235121726989746,0.07022120372948848,0.06061592698097229,0.05372035125697039,0.3465829086697507,0.00960527674851619,0.06196952693317907
455,48,13,6,13→6,0.1550000011920929,0.0959904700541756,0.042347971349954605,0.03153781434866687,0.04017043113708496,-0.053642498704221,-0.34608063413974666,-0.00863261678841809,-0.05569430143242135
455,49,14,1,14→1,2.4000000953674316,1.7610560081757285,0.5682913064956665,0.4088174326952867,0.4865878224372864,-1.192764701680062,-0.4969852726182721,-0.07777038974199968,-0.032404327771534236
455,50,14,4,14→4,10.0,2.681637865728135,2.3786449432373047,3.140318531583034,1.893028736114502,-0.3029929224908301,-0.03029929224908301,1.2472897954685322,0.12472897954685322
455,51,14,11,14→11,0.1550000011920929,0.15500099956989288,0.1550000160932541,0.0,0.0,-9.834766387939453e-07,-6.345010524065183e-06,0.0,0.0
455,52,14,21,14→21,10.0,2.449592914806999,3.5809884071350098,0.6369132866493601,2.1854023933410645,1.1313954923280107,0.11313954923280108,-1.5484891066917044,-0.15484891066917045
455,53,15,0,15→0,2.4000000953674316,1.6155876033008099,1.544137954711914,0.7844134457409382,0.8013348579406738,-0.0714496485888958,-0.02977068572905915,-0.01692141219973564,-0.007050588136391317
455,54,15,21,15→21,2.4000000953674316,1.221683028554338,1.3339611291885376,1.17831802048741,1.038833737373352,0.11227810063419952,0.04678254007194534,0.13948428311405792,0.05811844898810446
455,55,16,3,16→3,2.4000000953674316,0.37708147648663726,0.38784581422805786,0.10457309087360045,0.7758344411849976,0.010764337741420604,0.004485140547368446,-0.6712613503113971,-0.2796922181824453
455,56,16,18,16→18,10.0,1.382070900996041,0.6556327939033508,1.2112529264269085,1.7586781978607178,-0.7264381070926902,-0.07264381070926902,-0.5474252714338093,-0.054742527143380924
455,57,17,5,17→5,2.4000000953674316,0.6961550609557889,0.2676456868648529,0.5963229950866662,0.1917104721069336,-0.42850937409093603,-0.1785455654431267,0.4046125229797326,0.16858854454244837
455,58,17,21,17→21,2.4000000953674316,0.8544669445034287,0.8363259434700012,0.5820353979688662,0.7835947871208191,-0.01814100103342753,-0.007558750130237059,-0.20155938915195293,-0.08398307547612613
455,59,18,4,18→4,10.0,1.4942744889922324,2.034491777420044,1.5917015868380986,0.857852578163147,0.5402172884278116,0.054021728842781155,0.7338490086749516,0.07338490086749516
455,60,18,16,18→16,10.0,0.9658193159557413,1.143587589263916,0.590640960377641,1.2651692628860474,0.17776827330817468,0.01777682733081747,-0.6745283025084063,-0.06745283025084063
455,61,18,21,18→21,10.0,2.8425834841036703,2.1028857231140137,1.7259233736058377,1.4581654071807861,-0.7396977609896567,-0.07396977609896567,0.26775796642505156,0.026775796642505158
455,62,19,0,19→0,2.4000000953674316,2.400001049041748,2.3998758792877197,0.0,0.0001241989666596055,-0.0001251697540283203,-5.215406210605056e-05,-0.0001241989666596055,-5.174956738515924e-05
455,63,19,8,19→8,2.4000000953674316,0.3944078221903453,1.5623828172683716,0.010636258870363235,0.0037639285437762737,1.1679749950780263,0.4866562286111965,0.006872330326586962,0.0028634708556271255
455,64,20,3,20→3,2.4000000953674316,2.167502258016526,0.19430601596832275,0.23249879102522183,2.1905953884124756,-1.9731962420482034,-0.8221650681835135,-1.9580965973872537,-0.815873549824787
455,65,20,9,20→9,2.4000000953674316,1.181295413065527,0.16055068373680115,0.12983514973893762,1.679353952407837,-1.020744729328726,-0.42531028698665674,-1.5495188026688993,-0.6456328087902319
455,66,21,6,21→6,10.0,2.863510852558278,1.8970178365707397,4.435346749891238,1.6584742069244385,-0.9664930159875382,-0.09664930159875382,2.7768725429667995,0.27768725429667995
455,67,21,10,21→10,2.4000000953674316,0.004580011613370516,0.005902913864701986,0.021103512670379132,0.02538852021098137,0.0013229022513314703,0.000551209249485025,-0.004285007540602237,-0.0017854197376380593
455,68,21,14,21→14,10.0,5.165149182507321,3.9104394912719727,1.3529608933549753,3.3128857612609863,-1.2547096912353481,-0.1254709691235348,-1.959924867906011,-0.1959924867906011
455,69,21,15,21→15,2.4000000953674316,1.5313920938933734,1.257871150970459,0.7317253656074172,1.1241883039474487,-0.2735209429229144,-0.11396705502257044,-0.39246293834003154,-0.1635262178103984
455,70,21,17,21→17,2.4000000953674316,1.7995487913722172,0.8507076501846313,0.34230616490822285,0.7416950464248657,-0.9488411411875859,-0.39535045978501165,-0.39938888151664287,-0.166412027352648
455,71,21,18,21→18,10.0,4.277012813628289,4.832589626312256,2.3610961473168572,3.003093957901001,0.5555768126839666,0.055557681268396664,-0.6419978105841437,-0.06419978105841437
459,0,0,2,0→2,10.0,8.90372054491354,6.408999919891357,0.9371567217167467,0.8357833623886108,-2.4947206250221825,-0.24947206250221826,0.10137335932813585,0.010137335932813584
459,1,0,4,0→4,10.0,5.975460720001138,7.567392826080322,2.226261974618282,0.3272172212600708,1.5919321060791845,0.15919321060791844,1.8990447533582113,0.18990447533582114
459,2,0,9,0→9,10.0,5.388293030956447,7.268416881561279,4.3025513104803395,1.2615777254104614,1.8801238506048321,0.1880123850604832,3.040973585069878,0.3040973585069878
459,3,0,15,0→15,2.4000000953674316,0.6098298759898171,1.6042345762252808,1.790171173051931,0.5677005648612976,0.9944047002354637,0.41433527530057196,1.2224706081906334,0.5093627331725074
459,4,0,19,0→19,2.4000000953674316,2.400001049041748,2.399996757507324,0.0,3.3378582884324715e-06,-4.291534423828125e-06,-1.788139272207448e-06,-3.3378582884324715e-06,-1.3907742315824604e-06
459,5,1,6,1→6,2.4000000953674316,1.6508114141470287,0.26078906655311584,0.6430009073810652,0.1884067803621292,-1.3900223475939129,-0.5791759551497456,0.454594127018936,0.18941421206457879
459,6,1,13,1→13,0.1550000011920929,0.11021541744275964,0.13455894589424133,0.044785582127133246,0.020137310028076172,0.02434352845148169,0.1570550210597259,0.024648272099057074,0.15902110909347833
459,7,1,14,1→14,2.4000000953674316,0.1863091255654581,0.3473462164402008,0.39179871836677194,0.48450273275375366,0.16103709087474272,0.06709878519820996,-0.09270401438698173,-0.03862667112635638
459,8,2,0,2→0,10.0,5.52498358127059,6.633403301239014,2.5520063605150654,0.9745132923126221,1.108419719968424,0.1108419719968424,1.5774930682024433,0.15774930682024432
459,9,2,6,2→6,10.0,8.051455895998515,6.441427230834961,1.8400132087990642,1.2230620384216309,-1.6100286651635543,-0.16100286651635543,0.6169511703774333,0.06169511703774333
459,10,2,12,2→12,10.0,3.9882810780418367,3.050659656524658,1.9009519159338595,1.2565468549728394,-0.9376214215171785,-0.09376214215171785,0.6444050609610201,0.06444050609610201
459,11,3,4,3→4,10.0,0.6604010382836805,0.881394624710083,1.0337249834465467,1.8229384422302246,0.22099358642640254,0.022099358642640253,-0.7892134587836779,-0.07892134587836779
459,12,3,16,3→16,2.4000000953674316,0.7639100672593315,0.18741102516651154,1.5592123372564115,1.6079399585723877,-0.57649904209282,-0.2402079246603363,-0.04872762131597619,-0.020303174741547733
459,13,3,20,3→20,2.4000000953674316,2.165948542751721,0.3488590717315674,0.23405250629002694,1.9467713832855225,-1.8170894710201537,-0.7571205828397951,-1.7127188769954955,-0.7136328370575686
459,14,4,0,4→0,10.0,5.4240907251069075,5.986636638641357,4.488633721032215,1.2063212394714355,0.5625459135344499,0.056254591353444995,3.28231248156078,0.32823124815607796
459,15,4,3,4→3,10.0,3.1560114204974354,0.8533042669296265,0.4537322168907849,2.5278820991516113,-2.302707153567809,-0.2302707153567809,-2.0741498822608264,-0.20741498822608265
459,16,4,6,4→6,10.0,6.770361344345929,4.529348373413086,3.153869593711079,0.8157280087471008,-2.241012970932843,-0.2241012970932843,2.338141584963978,0.2338141584963978
459,17,4,7,4→7,2.4000000953674316,2.398399123339914,2.212059497833252,0.0016019257018342614,0.18227767944335938,-0.18633962550666183,-0.07764150754257945,-0.1806757537415251,-0.07528156106754832
459,18,4,10,4→10,2.4000000953674316,2.038643010870146,0.08932000398635864,0.36075477631402464,0.12275485694408417,-1.9493230068837875,-0.8122178872602723,0.23799991936994047,0.09916662913028072
459,19,4,12,4→12,10.0,2.4625646815313758,3.1706340312957764,2.2743646438324703,1.4971816539764404,0.7080693497644006,0.07080693497644006,0.7771829898560298,0.07771829898560298
459,20,4,14,4→14,10.0,2.3556480343527255,3.270022392272949,2.4041741437845303,2.024320602416992,0.9143743579202237,0.09143743579202238,0.37985354136753813,0.037985354136753816
459,21,4,18,4→18,10.0,8.55939292103696,7.688780784606934,1.2980267480236591,0.3540846109390259,-0.8706121364300259,-0.0870612136430026,0.9439421370846333,0.09439421370846332
459,22,5,6,5→6,10.0,1.3758664024644531,2.1131396293640137,1.1186139345663833,1.4241740703582764,0.7372732268995605,0.07372732268995605,-0.3055601357918931,-0.03055601357918931
459,23,5,12,5→12,10.0,0.9564588553912472,0.7825911045074463,0.3801481911141309,0.50557941198349,-0.1738677508838009,-0.01738677508838009,-0.1254312208693591,-0.01254312208693591
459,24,5,17,5→17,2.4000000953674316,1.6051654962052737,1.3433812856674194,0.7948355528364743,1.0191166400909424,-0.2617842105378543,-0.109076750056452,-0.22428108725446805,-0.09345044930930779
459,25,6,1,6→1,2.4000000953674316,0.5384644299047068,0.38679376244544983,0.3126263021695195,0.40463492274284363,-0.15167066745925695,-0.06319610893016932,-0.09200862057332415,-0.03833692371551258
459,26,6,2,6→2,10.0,2.2322531960671768,3.158020496368408,1.1373303244672286,0.6576144695281982,0.9257673003012314,0.09257673003012315,0.47971585493903035,0.047971585493903034
459,27,6,4,6→4,10.0,8.273716264971426,4.769002914428711,1.4041318723288896,1.1232725381851196,-3.5047133505427155,-0.3504713350542715,0.28085933414376996,0.028085933414376995
459,28,6,5,6→5,10.0,2.0695880054977636,1.1676617860794067,1.1292713644156436,0.780838668346405,-0.9019262194183568,-0.09019262194183568,0.34843269606923855,0.034843269606923855
459,29,6,13,6→13,0.1550000011920929,0.15468426538427593,0.13318708539009094,0.00031673418561695144,0.021665632724761963,-0.02149717999418499,-0.1386914827667862,-0.02134889853914501,-0.1377348282254987
459,30,6,21,6→21,10.0,6.115832639002264,4.878468990325928,3.7601189528768657,1.6760528087615967,-1.237363648676336,-0.12373636486763359,2.084066144115269,0.2084066144115269
459,31,7,4,7→4,2.4000000953674316,2.400001049041748,2.394974946975708,0.0,0.004961606580764055,-0.005026102066040039,-0.002094209110966956,-0.004961606580764055,-0.0020673359931698046
459,32,7,12,7→12,2.4000000953674316,2.400001049041748,2.394129753112793,0.0,0.0057790083810687065,-0.005871295928955078,-0.002446373206521145,-0.0057790083810687065,-0.002407920063096481
459,33,8,9,8→9,2.4000000953674316,2.400001049041748,2.399998903274536,0.0,1.1920917586394353e-06,-2.1457672119140625e-06,-8.94069636103724e-07,-1.1920917586394353e-06,-4.967048796958194e-07
459,34,8,19,8→19,2.4000000953674316,0.040015969425439835,1.9284696578979492,0.02007744275033474,0.0031110767740756273,1.8884536884725094,0.786855672263377,0.016966365976259112,0.007069318875865136
459,35,9,0,9→0,10.0,8.009612858251785,7.941571235656738,1.9896655947803623,0.8704019784927368,-0.06804162259504665,-0.006804162259504665,1.1192636162876255,0.11192636162876254
459,36,9,8,9→8,2.4000000953674316,2.400001049041748,2.399996757507324,0.0,3.337858515806147e-06,-4.291534423828125e-06,-1.788139272207448e-06,-3.337858515806147e-06,-1.390774326321488e-06
459,37,9,20,9→20,2.4000000953674316,0.11026515293633565,0.12683887779712677,2.196661558513142,2.005392551422119,0.016573724860791117,0.006905718417587703,0.191269007091023,0.07969541645444826
459,38,10,4,10→4,2.4000000953674316,0.6307599485153332,0.05649993568658829,0.3085829406045377,0.08294793218374252,-0.574260012828745,-0.2392749958373763,0.2256350084207952,0.09401458310619411
459,39,10,21,10→21,2.4000000953674316,2.075392658166038,0.030234141275286674,0.3187365859789679,0.07513255625963211,-2.0451585168907513,-0.8521493481764403,0.2436040297193358,0.10150167501640907
459,40,11,12,11→12,0.1550000011920929,0.13973241931405767,0.12812793254852295,0.015268580255835218,0.026717813685536385,-0.011604486765534716,-0.07486765597603558,-0.011449233429701167,-0.0738660215590065
459,41,11,14,11→14,0.1550000011920929,0.15357326867524534,0.15499764680862427,0.0014277308946475387,2.3542470444226637e-06,0.001424378133378923,0.009189536273704143,0.001425376647603116,0.009195978300907456
459,42,12,2,12→2,10.0,2.533021614086465,3.16252064704895,1.7931079019667777,0.6343393325805664,0.6294990329624852,0.06294990329624853,1.1587685693862113,0.11587685693862113
459,43,12,4,12→4,10.0,7.411540811852319,4.606302738189697,1.9190432835159896,1.2841753959655762,-2.805238073662622,-0.2805238073662622,0.6348678875504135,0.06348678875504135
459,44,12,5,12→5,10.0,1.6732730035146233,3.170443296432495,1.4803719793999335,2.3383994102478027,1.4971702929178718,0.14971702929178718,-0.8580274308478693,-0.08580274308478693
459,45,12,7,12→7,2.4000000953674316,1.849972822489761,2.0795669555664062,0.5500282265519871,0.31238746643066406,0.22959413307664533,0.09566421831391439,0.23764076012132307,0.09901697944930335
459,46,12,11,12→11,0.1550000011920929,0.15500099956989288,0.1549999862909317,0.0,1.4901161193847656e-08,-1.0132789611816406e-06,-6.537283570248976e-06,-1.4901161193847656e-08,-9.613652309189671e-08
459,47,13,1,13→1,0.1550000011920929,0.08059722228790633,0.08096494525671005,0.07028269223519601,0.06750909239053726,0.0003677229688037187,0.002372406232100581,0.0027735998446587473,0.01789419240856263
459,48,13,6,13→6,0.1550000011920929,0.047922595514137356,0.04774673655629158,0.040869196847779676,0.04223246872425079,-0.00017585895784577588,-0.0011345739128597314,-0.0013632718764711171,-0.008795302361201933
459,49,14,1,14→1,2.4000000953674316,1.5329602502883972,0.47900497913360596,0.7842933514634751,0.32931792736053467,-1.0539552711547913,-0.43914801219765554,0.45497542410294045,0.18957308584326757
459,50,14,4,14→4,10.0,3.9479427176120225,3.7025043964385986,2.905515418649884,2.7549736499786377,-0.2454383211734239,-0.02454383211734239,0.15054176867124625,0.015054176867124625
459,51,14,11,14→11,0.1550000011920929,0.15500099956989288,0.1549999862909317,0.0,1.4901161193847656e-08,-1.0132789611816406e-06,-6.537283570248976e-06,-1.4901161193847656e-08,-9.613652309189671e-08
459,52,14,21,14→21,10.0,4.946051505627111,4.1581220626831055,1.150921386157279,2.7937073707580566,-0.7879294429440051,-0.07879294429440051,-1.6427859846007777,-0.16427859846007778
459,53,15,0,15→0,2.4000000953674316,2.066825910937041,2.382641077041626,0.333175138104707,0.016920821741223335,0.31581516610458493,0.13158964731467426,0.31625431636348367,0.13177262658194447
459,54,15,21,15→21,2.4000000953674316,2.3174189732749255,1.96735417842865,0.08258207576682253,0.42853474617004395,-0.3500647948462756,-0.1458603253899796,-0.3459526704032214,-0.14414694027345748
459,55,16,3,16→3,2.4000000953674316,0.312073211727693,0.32035771012306213,0.10365094763028537,0.7452930212020874,0.008284498395369155,0.003451874194238658,-0.641642073571802,-0.2673508533646824
459,56,16,18,16→18,10.0,0.9673148602221602,0.6270049214363098,1.919664133610439,1.7869055271148682,-0.34030993878585036,-0.034030993878585034,0.1327586064955708,0.01327586064955708
459,57,17,5,17→5,2.4000000953674316,0.5873395723465364,0.2965921461582184,0.024979405250633135,0.2004883885383606,-0.29074742618831806,-0.1211447560979391,-0.17550898328772746,-0.07312874013067805
459,58,17,21,17→21,2.4000000953674316,0.7285917199915275,1.0224061012268066,1.1486251853348222,0.9696344137191772,0.29381438123527914,0.12242265398339378,0.17899077161564492,0.0745794852096629
459,59,18,4,18→4,10.0,1.605262637080159,1.9774799346923828,4.05214054912949,0.9389067888259888,0.3722172976122238,0.03722172976122238,3.113233760303501,0.3113233760303501
459,60,18,16,18→16,10.0,0.7540151127614081,1.0349359512329102,0.6254981683450751,1.0929057598114014,0.28092083847150207,0.028092083847150208,-0.46740759146632627,-0.04674075914663263
459,61,18,21,18→21,10.0,1.6776712049322668,2.0483603477478027,1.1493736733682454,1.4023382663726807,0.3706891428155359,0.03706891428155359,-0.2529645930044353,-0.02529645930044353
459,62,19,0,19→0,2.4000000953674316,2.400001049041748,2.3999979496002197,0.0,2.1457622096932027e-06,-3.0994415283203125e-06,-1.2914339188164903e-06,-2.1457622096932027e-06,-8.940675518451152e-07
459,63,19,8,19→8,2.4000000953674316,0.07961559388786554,1.6388490200042725,0.012239756062626839,0.003284349339082837,1.559233426116407,0.6496805683991832,0.008955406723544002,0.003731419319870052
459,64,20,3,20→3,2.4000000953674316,0.13819617610556634,0.2582996189594269,2.2618048729361817,2.125394344329834,0.12010344285386054,0.05004309920057446,0.13641052860634773,0.05683771799411689
459,65,20,9,20→9,2.4000000953674316,2.0935396019694963,0.18897466361522675,0.11751990020275116,1.7909622192382812,-1.9045649383542695,-0.7935686927806923,-1.67344231903553,-0.6972676052245456
459,66,21,6,21→6,10.0,2.8989013891973627,2.5007104873657227,1.3859064952798406,1.5623583793640137,-0.3981909018316401,-0.039819090183164006,-0.17645188408417312,-0.017645188408417313
459,67,21,10,21→10,2.4000000953674316,0.6784923332893413,0.00960826687514782,0.2779206130694547,0.050451748073101044,-0.6688840664141935,-0.2787016832646374,0.22746886499635366,0.09477868998231392
459,68,21,14,21→14,10.0,7.60904838447459,4.364631652832031,1.9400810874212766,3.326850414276123,-3.244416731642559,-0.32444167316425593,-1.3867693268548464,-0.13867693268548464
459,69,21,15,21→15,2.4000000953674316,1.9234834726667032,1.0539840459823608,0.4099075570702553,1.3244566917419434,-0.8694994266843423,-0.3622914133889753,-0.9145491346716881,-0.3810621243044883
459,70,21,17,21→17,2.4000000953674316,0.8666238059317664,1.1462959051132202,1.4867641793084942,1.1246922016143799,0.27967209918145386,0.11653003669511815,0.36207197769411437,0.15086331804444467
459,71,21,18,21→18,10.0,4.290423736748835,5.37906551361084,4.95102801242183,3.1907520294189453,1.088641776862005,0.10886417768620049,1.7602759830028845,0.17602759830028844
460,0,0,2,0→2,10.0,6.618839963834034,6.061246871948242,0.5662128295680375,1.1461971998214722,-0.5575930918857921,-0.05575930918857921,-0.5799843702534346,-0.05799843702534346
460,1,0,4,0→4,10.0,7.545669824525817,7.512289524078369,2.2559624206854707,0.4460408091545105,-0.03338030044744755,-0.0033380300447447553,1.8099216115309602,0.18099216115309602
460,2,0,9,0→9,10.0,7.420648584404262,7.701968669891357,2.5793523692700546,1.1306813955307007,0.28132008548709564,0.028132008548709564,1.448670973739354,0.14486709737393538
460,3,0,15,0→15,2.4000000953674316,2.2781628588552394,1.8529045581817627,0.12183819018650865,0.4646807312965393,-0.4252583006734767,-0.17719095157301282,-0.34284254111003065,-0.14285105311945526
460,4,0,19,0→19,2.4000000953674316,2.400001049041748,2.3999972343444824,0.0,2.86102294921875e-06,-3.814697265625e-06,-1.589457130851065e-06,-2.86102294921875e-06,-1.1920928481382988e-06
460,5,1,6,1→6,2.4000000953674316,0.6382404264004435,0.3844401240348816,1.6779745387029834,0.28918421268463135,-0.25380030236556195,-0.10575012178351852,1.388790326018352,0.5786626128469937
460,6,1,13,1→13,0.1550000011920929,0.08547697434551083,0.11668156087398529,0.06952402522438206,0.03677905350923538,0.031204586528474465,0.20131991153859632,0.032744971715146676,0.2112578804084365
460,7,1,14,1→14,2.4000000953674316,0.12531881034374237,0.4290277361869812,0.08639138846774586,0.48604878783226013,0.30370892584323883,0.12654538073955454,-0.3996573993645143,-0.1665239097848153
460,8,2,0,2→0,10.0,6.022986930394836,6.95545768737793,1.6101759459936602,0.8867300152778625,0.9324707569830935,0.09324707569830934,0.7234459307157977,0.07234459307157977
460,9,2,6,2→6,10.0,6.5134919317715685,6.694283962249756,2.1692765781826964,1.1947993040084839,0.18079203047818737,0.018079203047818737,0.9744772741742125,0.09744772741742125
460,10,2,12,2→12,10.0,3.6374962628397043,3.2025396823883057,1.3003072433639318,1.2572336196899414,-0.4349565804513986,-0.043495658045139864,0.04307362367399037,0.004307362367399037
460,11,3,4,3→4,10.0,0.7231247467709636,1.0122147798538208,2.8393434885887245,1.7927494049072266,0.2890900330828572,0.02890900330828572,1.046594083681498,0.1046594083681498
460,12,3,16,3→16,2.4000000953674316,0.7673553317284814,0.21047446131706238,1.530455988759627,1.794377088546753,-0.556880870411419,-0.2320336867845676,-0.26392109978712597,-0.10996712054160171
460,13,3,20,3→20,2.4000000953674316,0.5972594700542686,0.38920828700065613,1.8027415789874794,1.9996591806411743,-0.20805118305361248,-0.08668798949433398,-0.19691760165369487,-0.0820489974287053
460,14,4,0,4→0,10.0,7.378272845800666,6.284460544586182,2.439745013736683,1.0697076320648193,-1.0938123012144843,-0.10938123012144843,1.3700373816718638,0.1370037381671864
460,15,4,3,4→3,10.0,1.4007159180400777,0.9648017287254333,3.639709556363073,2.620168685913086,-0.4359141893146443,-0.04359141893146443,1.0195408704499869,0.10195408704499868
460,16,4,6,4→6,10.0,7.765989294413885,4.420997619628906,2.169076210084313,0.8531317710876465,-3.3449916747849784,-0.33449916747849784,1.3159444389966666,0.13159444389966665
460,17,4,7,4→7,2.4000000953674316,2.400001049041748,2.3936328887939453,0.0,0.006262830458581448,-0.006368160247802734,-0.0026533999978144963,-0.006262830458581448,-0.0026095125873828893
460,18,4,10,4→10,2.4000000953674316,1.205390375071147,0.08260494470596313,1.1851774835840843,0.12196275591850281,-1.1227854303651839,-0.46782724406237547,1.0632147276655814,0.44300611892384406
460,19,4,12,4→12,10.0,1.2266450959571102,3.166084051132202,0.6607698015643635,1.4304578304290771,1.939438955175092,0.19394389551750918,-0.7696880288647137,-0.07696880288647137
460,20,4,14,4→14,10.0,5.85201651204261,3.645071029663086,1.634535260636767,2.291806221008301,-2.206945482379524,-0.2206945482379524,-0.6572709603715339,-0.06572709603715339
460,21,4,18,4→18,10.0,6.24373916837942,7.956550598144531,3.667360027522932,0.34769243001937866,1.712811429765111,0.1712811429765111,3.3196675975035532,0.33196675975035533
460,22,5,6,5→6,10.0,0.9397848101798445,2.0667314529418945,1.0899731923309446,1.359819769859314,1.12694664276205,0.112694664276205,-0.2698465775283694,-0.026984657752836937
460,23,5,12,5→12,10.0,0.4629993614871637,0.8040202260017395,0.48258491390151903,0.5063170194625854,0.3410208645145758,0.03410208645145758,-0.02373210556106642,-0.002373210556106642
460,24,5,17,5→17,2.4000000953674316,1.519633173942566,1.4376245737075806,0.8803678750991821,0.9392492175102234,-0.08200860023498535,-0.03417024874010687,-0.05888134241104126,-0.024533891696377926
460,25,6,1,6→1,2.4000000953674316,0.1868621440953575,0.33422014117240906,0.25252846250805305,0.35024917125701904,0.14735799707705155,0.06139916300898794,-0.09772070874896599,-0.04071696036078919
460,26,6,2,6→2,10.0,3.5593714294955134,3.1711833477020264,2.3399136172047292,0.9278475046157837,-0.38818808179348707,-0.038818808179348706,1.4120661125889455,0.14120661125889455
460,27,6,4,6→4,10.0,7.839870759773476,5.104336738586426,2.0759858917444944,1.1445554494857788,-2.73553402118705,-0.273553402118705,0.9314304422587156,0.09314304422587157
460,28,6,5,6→5,10.0,0.34447331764386036,1.2881656885147095,1.4473532773554325,0.8078495264053345,0.9436923708708491,0.09436923708708492,0.639503750950098,0.06395037509500981
460,29,6,13,6→13,0.1550000011920929,0.1480766619424685,0.12019933760166168,0.006924337627424393,0.03443436697125435,-0.02787732434080681,-0.17985370404131926,-0.027510029343829956,-0.17748405891775787
460,30,6,21,6→21,10.0,7.572666810301598,5.195306777954102,2.0642703375069757,1.754789113998413,-2.3773600323474966,-0.23773600323474967,0.30948122350856266,0.030948122350856266
460,31,7,4,7→4,2.4000000953674316,2.400001049041748,2.395984649658203,0.0,0.003974058199673891,-0.004016399383544922,-0.001673499676644815,-0.003974058199673891,-0.0016558575173995886
460,32,7,12,7→12,2.4000000953674316,2.400001049041748,2.394266366958618,0.0,0.005655067972838879,-0.005734682083129883,-0.0023894507730225414,-0.005655067972838879,-0.002356278228386115
460,33,8,9,8→9,2.4000000953674316,2.400001049041748,2.39983868598938,0.0,0.0001613835629541427,-0.00016236305236816406,-6.765126913184845e-05,-0.0001613835629541427,-6.724314855889013e-05
460,34,8,19,8→19,2.4000000953674316,1.8928603483363986,1.9148738384246826,0.019663773477077484,0.003219230566173792,0.022013490088284016,0.00917228717231106,0.016444542910903692,0.0068518926072734555
460,35,9,0,9→0,10.0,8.263826063700094,8.31340503692627,1.7361748899742224,0.768426239490509,0.04957897322617555,0.004957897322617555,0.9677486504837134,0.09677486504837134
460,36,9,8,9→8,2.4000000953674316,2.400001049041748,2.3999927043914795,0.0,7.390975497401087e-06,-8.344650268554688e-06,-3.4769374737367044e-06,-7.390975497401087e-06,-3.079573001545883e-06
460,37,9,20,9→20,2.4000000953674316,0.18260943917209715,0.10822205245494843,2.208888023801933,2.0822322368621826,-0.07438738671714873,-0.0309947432338582,0.12665578693975021,0.052773242461209006
460,38,10,4,10→4,2.4000000953674316,1.417756289447425,0.0783623456954956,0.11818069877335802,0.08307129144668579,-1.3393939437519293,-0.5580807877204992,0.035109407326672226,0.014628919138145742
460,39,10,21,10→21,2.4000000953674316,1.1957424525753595,0.041350677609443665,1.1514079340768149,0.09678229689598083,-1.1543917749659158,-0.4809965537893791,1.054625637180834,0.4394273313640742
460,40,11,12,11→12,0.1550000011920929,0.1455354947545331,0.1301959753036499,0.009465504815359797,0.024673905223608017,-0.015339519450883188,-0.09896464085747189,-0.01520840040824822,-0.0981187115566555
460,41,11,14,11→14,0.1550000011920929,0.12497181917660782,0.1409049928188324,0.03002918039328506,0.014072679914534092,0.015933173642224574,0.10279466786892762,0.015956500478750968,0.10294516358729529
460,42,12,2,12→2,10.0,0.872144138753356,3.2897768020629883,0.4019230775386404,0.6922671794891357,2.4176326633096323,0.24176326633096323,-0.2903441019504953,-0.029034410195049532
460,43,12,4,12→4,10.0,5.771536905209359,5.0062689781188965,2.0897585049890566,1.3064277172088623,-0.7652679270904628,-0.07652679270904628,0.7833307877801943,0.07833307877801943
460,44,12,5,12→5,10.0,3.0019868607923854,3.178232192993164,1.1779097453108989,2.2170002460479736,0.17624533220077865,0.017624533220077863,-1.0390905007370748,-0.10390905007370747
460,45,12,7,12→7,2.4000000953674316,2.395963159179466,2.291931629180908,0.004037889862281933,0.10691908001899719,-0.10403152999855791,-0.04334646911029853,-0.10288119015671526,-0.04286716086191009
460,46,12,11,12→11,0.1550000011920929,0.15500099956989288,0.1550000011920929,0.0,0.0,-9.98377799987793e-07,-6.44114704715708e-06,0.0,0.0
460,47,13,1,13→1,0.1550000011920929,0.024283231265144423,0.07209844142198563,0.0299376001348719,0.0595078207552433,0.047815210156841204,0.30848522444579457,-0.0295702206203714,-0.1907756154383816
460,48,13,6,13→6,0.1550000011920929,0.09111654723528773,0.04338342323899269,0.0626267775442102,0.037173446267843246,-0.047733123996295035,-0.30795563631731165,0.025453331276366953,0.16421503922972497
460,49,14,1,14→1,2.4000000953674316,0.5448479179176502,0.43258193135261536,1.477329778157582,0.32352498173713684,-0.11226598656503484,-0.0467774925433273,1.1538047964204452,0.4807519794051515
460,50,14,4,14→4,10.0,2.544785221932898,3.510530710220337,4.478346295189112,2.662508964538574,0.965745488287439,0.0965745488287439,1.8158373306505382,0.18158373306505382
460,51,14,11,14→11,0.1550000011920929,0.15500099956989288,0.1549999862909317,0.0,1.4901161193847656e-08,-1.0132789611816406e-06,-6.537283570248976e-06,-1.4901161193847656e-08,-9.613652309189671e-08
460,52,14,21,14→21,10.0,4.972179567674175,4.503968715667725,1.9946997626020675,2.952895402908325,-0.4682108520064503,-0.04682108520064503,-0.9581956403062577,-0.09581956403062578
460,53,15,0,15→0,2.4000000953674316,2.400001049041748,1.7389105558395386,0.0,0.5435097813606262,-0.6610904932022095,-0.2754543612220144,-0.5435097813606262,-0.22646239990145367
460,54,15,21,15→21,2.4000000953674316,0.7814654776921088,1.4889106750488281,1.6185355713496392,0.8965865969657898,0.7074451973567193,0.2947688205189058,0.7219489743838494,0.30081206070673994
460,55,16,3,16→3,2.4000000953674316,0.3398724519111056,0.31760701537132263,0.26963074197919923,0.6855659484863281,-0.022265436539782968,-0.009277264856264187,-0.4159352065071289,-0.17330632915806224
460,56,16,18,16→18,10.0,0.6383610584547341,0.5883527398109436,1.575398874112473,1.91497004032135,-0.05000831864379052,-0.005000831864379052,-0.3395711662088772,-0.03395711662088772
460,57,17,5,17→5,2.4000000953674316,0.028108824779337738,0.299048513174057,0.2881871702447825,0.20316310226917267,0.27093968839471927,0.11289153234522657,0.08502406797560985,0.035426693582107115
460,58,17,21,17→21,2.4000000953674316,1.3048697232770792,1.0358617305755615,0.8611502541862137,0.9567674994468689,-0.26900799270151765,-0.11208665917170868,-0.09561724526065518,-0.0398405172754864
460,59,18,4,18→4,10.0,3.5172153733828964,1.9871068000793457,1.223590190310695,0.9386723041534424,-1.5301085733035507,-0.15301085733035508,0.28491788615725255,0.028491788615725256
460,60,18,16,18→16,10.0,0.588176549693344,1.1096131801605225,0.6915573962032795,1.1066261529922485,0.5214366304671785,0.052143663046717845,-0.41506875678896904,-0.0415068756788969
460,61,18,21,18→21,10.0,0.641208384942729,2.075187921524048,1.772996398853138,1.3779679536819458,1.4339795365813188,0.14339795365813188,0.3950284451711923,0.03950284451711923
460,62,19,0,19→0,2.4000000953674316,2.400001049041748,2.399888038635254,0.0,0.00011204149632249027,-0.00011301040649414062,-4.70876675014628e-05,-0.00011204149632249027,-4.6683954945983915e-05
460,63,19,8,19→8,2.4000000953674316,0.08255607727915049,1.6767868995666504,0.013204067014157772,0.003658632282167673,1.5942308222875,0.6642628162243588,0.009545434731990099,0.003977264313620257
460,64,20,3,20→3,2.4000000953674316,0.19861779810037206,0.20294739305973053,2.201383250941376,2.177407741546631,0.004329594959358474,0.0018039978280482642,0.02397550939474513,0.009989795184185008
460,65,20,9,20→9,2.4000000953674316,0.4356200880538381,0.16186149418354034,1.6560563498387637,1.7993358373641968,-0.2737585938702978,-0.1140660762467121,-0.14327948752543307,-0.05969978409667416
460,66,21,6,21→6,10.0,4.193027929897653,2.1022260189056396,1.2099321864407102,1.6818909645080566,-2.0908019109920133,-0.20908019109920134,-0.47195877806734643,-0.04719587780673464
460,67,21,10,21→10,2.4000000953674316,1.3780507653500536,0.00888819806277752,0.09366906039213063,0.039518725126981735,-1.369162567287276,-0.5704843803673525,0.0541503352651489,0.022562638797253325
460,68,21,14,21→14,10.0,1.835277895184845,4.090390682220459,6.261757983302232,3.301527976989746,2.255112787035614,0.2255112787035614,2.960230006312486,0.2960230006312486
460,69,21,15,21→15,2.4000000953674316,0.6206104374723509,1.191482663154602,1.7793906115693972,1.1932281255722046,0.5708722256822512,0.23786341791576163,0.5861624859971926,0.2442343594604954
460,70,21,17,21→17,2.4000000953674316,1.1591566039496684,1.249186396598816,1.2408444450920797,1.117040753364563,0.09002979264914757,0.03751241211320215,0.12380369172751671,0.051584869503333415
460,71,21,18,21→18,10.0,6.580417570443387,5.642517566680908,1.3414483010656113,3.3934166431427,-0.9379000037624792,-0.09379000037624792,-2.051968342077089,-0.2051968342077089
465,0,0,2,0→2,10.0,8.889798527922757,5.945666313171387,1.004658352496108,1.48154878616333,-2.94413221475137,-0.29441322147513704,-0.47689043366722217,-0.047689043366722216
465,1,0,4,0→4,10.0,6.920691597653977,6.913277626037598,2.813913210161253,0.4140135645866394,-0.007413971616379023,-0.0007413971616379023,2.3998996455746138,0.23998996455746138
465,2,0,9,0→9,10.0,5.623323268593245,7.559131145477295,4.376677685081072,1.1549900770187378,1.9358078768840503,0.19358078768840503,3.221687608062334,0.3221687608062334
465,3,0,15,0→15,2.4000000953674316,1.218877398467157,1.865579605102539,1.181123650574591,0.46225887537002563,0.646702206635382,0.26945924205739424,0.7188647752045654,0.29952697776643616
465,4,0,19,0→19,2.4000000953674316,2.400001049041748,2.3999929428100586,0.0,7.152557827794226e-06,-8.106231689453125e-06,-3.377596403058513e-06,-7.152557827794226e-06,-2.980232309823802e-06
465,5,1,6,1→6,2.4000000953674316,0.948533933207609,0.37938106060028076,1.3236118509521475,0.22686351835727692,-0.5691528726073283,-0.23714702082967748,1.0967483325948706,0.4569784537558371
465,6,1,13,1→13,0.1550000011920929,0.07334633985101391,0.11141885817050934,0.08165465971887897,0.03718988597393036,0.03807251831949543,0.245629148559243,0.044464773744948616,0.2868695058256356
465,7,1,14,1→14,2.4000000953674316,1.8048634506412782,0.45643293857574463,0.4900840942573268,0.6032103300094604,-1.3484305120655335,-0.5618460243682172,-0.11312623575213365,-0.04713592969037546
465,8,2,0,2→0,10.0,9.718345845059956,6.715127944946289,0.18740834965137765,0.8179076910018921,-3.0032179001136665,-0.30032179001136666,-0.6304993413505144,-0.06304993413505144
465,9,2,6,2→6,10.0,5.821850828678443,6.577460765838623,0.8193927924961505,1.3177549839019775,0.7556099371601803,0.07556099371601803,-0.49836219140582705,-0.049836219140582706
465,10,2,12,2→12,10.0,3.648625265450164,3.3024775981903076,3.6545837207965683,1.4411009550094604,-0.34614766725985646,-0.034614766725985645,2.213482765787108,0.22134827657871078
465,11,3,4,3→4,10.0,1.175896954593945,1.1807820796966553,2.3990607168013867,1.9752137660980225,0.004885125102710219,0.0004885125102710219,0.4238469507033642,0.04238469507033642
465,12,3,16,3→16,2.4000000953674316,0.41196690406650305,0.2657988965511322,1.818613441183743,1.5151000022888184,-0.14616800751537085,-0.06090333404465679,0.30351343889492455,0.12646392784766022
465,13,3,20,3→20,2.4000000953674316,2.3449067443783727,0.4781942367553711,0.05509430466337528,1.9108729362487793,-1.8667125076230016,-0.7777968472693808,-1.855778631585404,-0.7732410657680789
465,14,4,0,4→0,10.0,3.9314585515484075,6.027166843414307,5.9165655139078215,1.0260250568389893,2.095708291865899,0.20957082918658992,4.890540457068832,0.4890540457068832
465,15,4,3,4→3,10.0,3.1823844987906207,1.4169461727142334,1.5367277184946437,2.8183939456939697,-1.7654383260763873,-0.17654383260763873,-1.281666227199326,-0.1281666227199326
465,16,4,6,4→6,10.0,6.301843035122276,4.26758337020874,3.6191754358877546,0.8784497380256653,-2.0342596649135354,-0.20342596649135353,2.7407256978620893,0.2740725697862089
465,17,4,7,4→7,2.4000000953674316,2.212186796183232,2.3826711177825928,0.18781425285851594,0.016794489696621895,0.17048432159936056,0.07103513117705106,0.17101976316189405,0.07125823181924146
465,18,4,10,4→10,2.4000000953674316,1.508572323887698,0.09991706907749176,0.8759210646967404,0.21035490930080414,-1.4086552548102063,-0.5869396661813657,0.6655661553959362,0.27731922039529766
465,19,4,12,4→12,10.0,1.7711304108321926,3.202098846435547,1.6888837257865816,1.5357427597045898,1.4309684356033543,0.14309684356033542,0.1531409660819918,0.01531409660819918
465,20,4,14,4→14,10.0,3.5083555387040875,3.5937020778656006,3.877366770990193,1.984167218208313,0.08534653916151314,0.008534653916151314,1.89319955278188,0.18931995527818798
465,21,4,18,4→18,10.0,8.923456500775163,7.231041431427002,0.6498174415755784,0.39337825775146484,-1.6924150693481614,-0.16924150693481615,0.25643918382411357,0.025643918382411358
465,22,5,6,5→6,10.0,2.1188062019718927,2.123931646347046,1.1604819120839238,1.4037392139434814,0.005125444375153165,0.0005125444375153165,-0.24325730185955763,-0.02432573018595576
465,23,5,12,5→12,10.0,0.6002996950119268,0.8131954073905945,0.072348076311755,0.44552159309387207,0.21289571237866767,0.021289571237866768,-0.3731735167821171,-0.03731735167821171
465,24,5,17,5→17,2.4000000953674316,0.3635400329782712,1.5017756223678589,2.036461016063477,0.8862301111221313,1.1382355893895877,0.4742648100667379,1.1502309049413455,0.47926285801469903
465,25,6,1,6→1,2.4000000953674316,1.6651034780661575,0.3222629725933075,0.553533459064738,0.45011305809020996,-1.34284050547285,-0.559516855047152,0.10342040097452809,0.04309183202707115
465,26,6,2,6→2,10.0,2.60213390882735,2.6721267700195312,1.241452393415166,0.6879407167434692,0.06999286119218118,0.0069992861192181175,0.5535116766716968,0.05535116766716967
465,27,6,4,6→4,10.0,4.9821867283227235,5.04421329498291,4.584636461249479,1.3501075506210327,0.06202656666018669,0.006202656666018669,3.2345289106284465,0.32345289106284464
465,28,6,5,6→5,10.0,0.8241337719555304,1.3879789113998413,1.3491622387664393,0.7513752579689026,0.5638451394443109,0.05638451394443109,0.5977869807975367,0.05977869807975367
465,29,6,13,6→13,0.1550000011920929,0.10760071109416458,0.07274840772151947,0.04740028847572831,0.07312358915805817,-0.03485230337264511,-0.22485356841676626,-0.025723300682329857,-0.16595677731931588
465,30,6,21,6→21,10.0,7.03707714469856,5.0482635498046875,2.75718303623772,1.6589384078979492,-1.9888135948938723,-0.19888135948938723,1.0982446283397707,0.10982446283397707
465,31,7,4,7→4,2.4000000953674316,2.400001049041748,2.3924663066864014,0.0,0.007434410974383354,-0.00753474235534668,-0.0031394758566428878,-0.007434410974383354,-0.0030976711162360067
465,32,7,12,7→12,2.4000000953674316,2.400001049041748,2.3914871215820312,0.0,0.008369643241167068,-0.008513927459716797,-0.0035474696339182206,-0.008369643241167068,-0.0034873512119113917
465,33,8,9,8→9,2.4000000953674316,2.400001049041748,2.399944543838501,0.0,5.554941890295595e-05,-5.650520324707031e-05,-2.35438337507314e-05,-5.554941890295595e-05,-2.3145590289841854e-05
465,34,8,19,8→19,2.4000000953674316,0.3636367723244026,2.0212693214416504,0.21319448947906494,0.023983268067240715,1.6576325491172477,0.6906802013536878,0.18921122141182423,0.07883800578885254
465,35,9,0,9→0,10.0,8.117977925670857,8.219151496887207,1.881045200029611,0.840191125869751,0.10117357121634996,0.010117357121634996,1.04085407415986,0.104085407415986
465,36,9,8,9→8,2.4000000953674316,2.400001049041748,2.3999977111816406,0.0,2.3841855636419496e-06,-3.337860107421875e-06,-1.3907749894946817e-06,-2.3841855636419496e-06,-9.934106120428879e-07
465,37,9,20,9→20,2.4000000953674316,0.3326514102955116,0.1237235739827156,1.9619516798760017,1.820890188217163,-0.208927836312796,-0.08705326167114584,0.14106149165883863,0.05877561918898283
465,38,10,4,10→4,2.4000000953674316,0.26072248838318046,0.052025649696588516,0.3014200121106114,0.043073203414678574,-0.20869683868659195,-0.08695701266405208,0.25834680869593285,0.10764449934589726
465,39,10,21,10→21,2.4000000953674316,1.489001603291932,0.05118519812822342,0.8205867243777902,0.16732487082481384,-1.4378164051637086,-0.5990901450125083,0.6532618535529764,0.2721924281644515
465,40,11,12,11→12,0.1550000011920929,0.10071774181415095,0.13773006200790405,0.05428325775574193,0.01722283475100994,0.0370123201937531,0.23878916070383377,0.03706042300473199,0.23909950141743982
465,41,11,14,11→14,0.1550000011920929,0.15500099956989288,0.11800476163625717,0.0,0.03692270815372467,-0.03699623793363571,-0.2386854041877454,-0.03692270815372467,-0.23821101851454843
465,42,12,2,12→2,10.0,1.7243800682828025,3.0141749382019043,0.27240533888107166,0.5024270415306091,1.2897948699191017,0.12897948699191017,-0.23002170264953747,-0.02300217026495375
465,43,12,4,12→4,10.0,5.749833455398298,5.0523881912231445,4.120176778064328,1.4460015296936035,-0.6974452641751538,-0.06974452641751538,2.674175248370725,0.2674175248370725
465,44,12,5,12→5,10.0,2.29447427816347,3.066863536834717,2.3649448863164437,2.1232829093933105,0.7723892586712466,0.07723892586712466,0.24166197692313318,0.024166197692313318
465,45,12,7,12→7,2.4000000953674316,2.400001049041748,2.224318265914917,0.0,0.17348483204841614,-0.17568278312683105,-0.07320115672742698,-0.17348483204841614,-0.07228534381447857
465,46,12,11,12→11,0.1550000011920929,0.15500099956989288,0.1549999862909317,0.0,1.4901160305669237e-08,-1.0132789611816406e-06,-6.537283570248976e-06,-1.4901160305669237e-08,-9.613651736171341e-08
465,47,13,1,13→1,0.1550000011920929,0.023368059410131536,0.05987364798784256,0.0687769634387223,0.066719651222229,0.03650558857771102,0.2355199244964477,0.002057312216493301,0.013272981939810798
465,48,13,6,13→6,0.1550000011920929,0.08761823342501884,0.0516817681491375,0.029850741934069447,0.03577444702386856,-0.035936465275881346,-0.23184816128707614,-0.005923705089799114,-0.03821745189832491
465,49,14,1,14→1,2.4000000953674316,0.9862481930239209,0.4074271321296692,1.2814793460731835,0.3120366930961609,-0.5788210608942517,-0.24117543245582088,0.9694426529770226,0.40393442268951424
465,50,14,4,14→4,10.0,6.287776976011855,4.155327796936035,3.526560224563582,3.3390448093414307,-2.13244917907582,-0.21324491790758202,0.1875154152221512,0.018751541522215122
465,51,14,11,14→11,0.1550000011920929,0.15500099956989288,0.1550000160932541,0.0,0.0,-9.834766387939453e-07,-6.345010524065183e-06,0.0,0.0
465,52,14,21,14→21,10.0,3.32577672658852,4.615170955657959,1.3013563910499215,2.918837547302246,1.2893942290694391,0.1289394229069439,-1.6174811562523246,-0.16174811562523245
465,53,15,0,15→0,2.4000000953674316,0.9245888786390424,1.3356925249099731,1.4754121704027057,0.8358065485954285,0.41110364627093077,0.17129317913964176,0.6396056218072772,0.2665023318298476
465,54,15,21,15→21,2.4000000953674316,1.5837450965409516,1.2137035131454468,0.7026026817038655,1.166812777519226,-0.37004158339550486,-0.15418398695473917,-0.46421009581536055,-0.19342086557054558
465,55,16,3,16→3,2.4000000953674316,0.5388662872719578,0.3503780663013458,0.9981547808856703,0.7980765104293823,-0.18848822097061202,-0.07853675561698473,0.200078270456288,0.0833659427107884
465,56,16,18,16→18,10.0,0.2953571150683274,0.5993707180023193,1.5154040458630789,1.545811414718628,0.30401360293399193,0.030401360293399193,-0.030407368855549066,-0.003040736885554907
465,57,17,5,17→5,2.4000000953674316,0.3188663927503512,0.35141849517822266,0.06735799209855031,0.24746350944042206,0.03255210242787143,0.013563375472652978,-0.18010551734187175,-0.07504396257713407
465,58,17,21,17→21,2.4000000953674316,1.0473899378193892,1.0196419954299927,1.2208720236376394,1.0444165468215942,-0.027747942389396485,-0.01156164220283015,0.17645547681604512,0.0735231124184728
465,59,18,4,18→4,10.0,2.6555920147565173,1.8984289169311523,0.8629400626832648,0.7924246788024902,-0.757163097825365,-0.07571630978253649,0.07051538388077461,0.00705153838807746
465,60,18,16,18→16,10.0,0.7871101732598618,1.0558083057403564,1.1045768461190164,1.1416780948638916,0.2686981324804947,0.02686981324804947,-0.03710124874487519,-0.0037101248744875193
465,61,18,21,18→21,10.0,4.351095200545387,2.362161874771118,1.6133793317494565,1.6626884937286377,-1.9889333257742692,-0.19889333257742692,-0.049309161979181226,-0.0049309161979181225
465,62,19,0,19→0,2.4000000953674316,2.400001049041748,2.3998522758483887,0.0,0.00014779347111470997,-0.000148773193359375,-6.198882810319153e-05,-0.00014779347111470997,-6.158061051746889e-05
465,63,19,8,19→8,2.4000000953674316,0.7729263955276243,1.777886152267456,0.06337632983922958,0.01285275537520647,1.0049597567398316,0.4187332153359668,0.05052357446402311,0.021051488523498633
465,64,20,3,20→3,2.4000000953674316,0.44379206993624365,0.38028761744499207,1.9562089791055044,2.0026326179504395,-0.06350445249125158,-0.02646018748658811,-0.046423638844935056,-0.019343182083427276
465,65,20,9,20→9,2.4000000953674316,2.3389453829789866,0.32083290815353394,0.060199460649177694,1.776928186416626,-2.0181124748254526,-0.840880164430363,-1.7167287257674482,-0.7153036073128252
465,66,21,6,21→6,10.0,2.619611231426904,1.8307602405548096,4.333489163678969,1.7503597736358643,-0.7888509908720946,-0.07888509908720946,2.583129390043105,0.2583129390043105
465,67,21,10,21→10,2.4000000953674316,0.2460881575534586,0.008802355267107487,0.2719791333095145,0.021595750004053116,-0.2372858022863511,-0.09886908035727535,0.2503833833054614,0.10432640556505002
465,68,21,14,21→14,10.0,4.47593964419459,4.289191722869873,0.9582795510962113,3.3731822967529297,-0.18674792132471651,-0.01867479213247165,-2.4149027456567183,-0.24149027456567182
465,69,21,15,21→15,2.4000000953674316,1.786377415060997,1.2718998193740845,0.613623633980751,1.114656925201416,-0.5144775956869125,-0.21436565635142102,-0.501033291220665,-0.20876386304641315
465,70,21,17,21→17,2.4000000953674316,2.3961883718147874,1.2692210674285889,0.003812677226960659,1.1211992502212524,-1.1269673043861985,-0.4695696915018929,-1.1173865729942918,-0.46557772024722516
465,71,21,18,21→18,10.0,6.277576361679399,5.432730197906494,3.2343534815007473,3.3593556880950928,-0.844846163772905,-0.0844846163772905,-0.12500220659434547,-0.012500220659434546
470,0,0,2,0→2,10.0,5.524798624017208,5.932976722717285,1.6994134808774106,1.2119107246398926,0.40817809870007693,0.040817809870007694,0.48750275623751804,0.0487502756237518
470,1,0,4,0→4,10.0,5.710167750497,6.832886695861816,3.587396721891544,0.35365089774131775,1.1227189453648165,0.11227189453648165,3.233745824150226,0.3233745824150226
470,2,0,9,0→9,10.0,5.657321670590278,7.493228435516357,4.342679283084038,1.1579233407974243,1.8359067649260794,0.18359067649260793,3.184755942286614,0.3184755942286614
470,3,0,15,0→15,2.4000000953674316,0.9262154828757048,1.486224889755249,1.4737855661660433,0.6291702389717102,0.5600094068795443,0.23333724359448776,0.8446153271943331,0.3519230390134736
470,4,0,19,0→19,2.4000000953674316,2.400001049041748,2.3999972343444824,0.0,2.861023403966101e-06,-3.814697265625e-06,-1.589457130851065e-06,-2.861023403966101e-06,-1.192093037616354e-06
470,5,1,6,1→6,2.4000000953674316,1.2751495915328945,0.3495291769504547,0.8085392646205634,0.2646588683128357,-0.9256204145824398,-0.38567515741732944,0.5438803963077277,0.22661682278994305
470,6,1,13,1→13,0.1550000011920929,0.1514290290651843,0.13648247718811035,0.003571970504708588,0.018180565908551216,-0.014946551877073944,-0.09642936620723343,-0.014608595403842628,-0.0942490018805746
470,7,1,14,1→14,2.4000000953674316,1.5316994551030803,0.42415279150009155,0.337287251255475,0.685415506362915,-1.1075466636029887,-0.46147775816376674,-0.34812825510744005,-0.14505343386419442
470,8,2,0,2→0,10.0,5.635189523100053,6.564197540283203,1.1356538780928531,0.8897275924682617,0.9290080171831505,0.09290080171831505,0.2459262856245914,0.02459262856245914
470,9,2,6,2→6,10.0,6.867346581760799,6.560605049133301,3.0273390950262495,1.13468599319458,-0.30674153262749826,-0.030674153262749825,1.8926531018316695,0.18926531018316695
470,10,2,12,2→12,10.0,3.2516914239386097,3.4360694885253906,2.0246073117094454,1.5878418684005737,0.18437806458678097,0.018437806458678097,0.4367654433088717,0.04367654433088717
470,11,3,4,3→4,10.0,3.151849624884562,0.9586726427078247,0.6830702183942776,2.042781114578247,-2.1931769821767375,-0.21931769821767375,-1.3597108961839695,-0.13597108961839693
470,12,3,16,3→16,2.4000000953674316,1.6299518049345352,0.22829100489616394,0.6140725426375866,1.6102293729782104,-1.4016608000383712,-0.5840253101422406,-0.9961568303406239,-0.4150653294820456
470,13,3,20,3→20,2.4000000953674316,2.258704181712204,0.465872585773468,0.14129686732954383,1.923076868057251,-1.7928315959387362,-0.7470131352908383,-1.7817800007277071,-0.7424083041358891
470,14,4,0,4→0,10.0,4.358042579467252,5.730959415435791,5.567457887490349,1.166084885597229,1.3729168359685389,0.1372916835968539,4.40137300189312,0.44013730018931196
470,15,4,3,4→3,10.0,4.707262503580608,1.6101891994476318,1.368787623590066,3.0357418060302734,-3.0970733041329765,-0.3097073304132977,-1.6669541824402074,-0.16669541824402073
470,16,4,6,4→6,10.0,7.332966224420488,4.028814315795898,2.327861338703748,0.7736963629722595,-3.30415190862459,-0.33041519086245896,1.5541649757314886,0.15541649757314885
470,17,4,7,4→7,2.4000000953674316,2.062735650455579,2.320810556411743,0.3372653985861691,0.07751049101352692,0.258074905956164,0.10753120654216208,0.2597549075726422,0.10823120718787914
470,18,4,10,4→10,2.4000000953674316,1.1269871081030942,0.11749502271413803,0.8174524543693735,0.18446654081344604,-1.0094920853889562,-0.4206216855313943,0.6329859135559275,0.2637441201680534
470,19,4,12,4→12,10.0,0.5794282763326919,2.941890239715576,1.0628509605303407,1.3745707273483276,2.3624619633828843,0.23624619633828842,-0.31171976681798697,-0.031171976681798698
470,20,4,14,4→14,10.0,7.168027646490351,3.4854679107666016,2.7214057862875265,1.8712393045425415,-3.68255973572375,-0.368255973572375,0.850166481744985,0.0850166481744985
470,21,4,18,4→18,10.0,7.350202483146859,7.221355438232422,2.418557322737797,0.32299864292144775,-0.128847044914437,-0.012884704491443699,2.0955586798163495,0.20955586798163495
470,22,5,6,5→6,10.0,0.998464482039708,2.7894375324249268,0.8452072116342606,2.0169403553009033,1.7909730503852188,0.1790973050385219,-1.1717331436666427,-0.11717331436666427
470,23,5,12,5→12,10.0,0.7269251221559898,0.7473583817481995,0.5902125544052979,0.43530553579330444,0.02043325959220965,0.002043325959220965,0.1549070186119934,0.01549070186119934
470,24,5,17,5→17,2.4000000953674316,1.0107231168658473,1.1818346977233887,1.385662958418834,1.0167306661605835,0.1711115808575414,0.07129648919090764,0.3689322922582505,0.1537217823325829
470,25,6,1,6→1,2.4000000953674316,1.5868735384610986,0.6388778686523438,0.7238775115656395,0.7414325475692749,-0.9479956698087548,-0.3949981800578304,-0.017555036003635394,-0.007314598044192069
470,26,6,2,6→2,10.0,3.7105839017458493,2.5229597091674805,0.3811408079127432,0.6141934394836426,-1.1876241925783688,-0.11876241925783688,-0.2330526315708994,-0.023305263157089938
470,27,6,4,6→4,10.0,8.580708138768387,4.963047504425049,0.9341889415809419,1.374782919883728,-3.6176606343433377,-0.36176606343433376,-0.4405939783027861,-0.04405939783027861
470,28,6,5,6→5,10.0,1.2948058989886704,1.001550316810608,1.9870128295005998,0.5789792537689209,-0.29325558217806247,-0.029325558217806247,1.4080335757316789,0.1408033575731679
470,29,6,13,6→13,0.1550000011920929,0.11394168651986546,0.132165789604187,0.04048820845876855,0.022574791684746742,0.018224103084321555,0.11757485770426711,0.017913416774021806,0.11557042991129754
470,30,6,21,6→21,10.0,6.9343844161785455,4.952230930328369,2.954193323922482,1.5133700370788574,-1.9821534858501764,-0.19821534858501763,1.4408232868436244,0.14408232868436244
470,31,7,4,7→4,2.4000000953674316,2.400001049041748,2.3942201137542725,0.0,0.0057059479877352715,-0.005780935287475586,-0.0024087229407341107,-0.0057059479877352715,-0.0023774782337505325
470,32,7,12,7→12,2.4000000953674316,2.400001049041748,2.393251895904541,0.0,0.0066374195739626884,-0.006749153137207031,-0.0028121470287582467,-0.0066374195739626884,-0.0027655913792563923
470,33,8,9,8→9,2.4000000953674316,2.400001049041748,2.3999617099761963,0.0,3.838421980617568e-05,-3.933906555175781e-05,-1.6391276661901606e-05,-3.838421980617568e-05,-1.5993424283718284e-05
470,34,8,19,8→19,2.4000000953674316,1.3573203258547437,1.8916391134262085,0.023349268189122085,0.003472114447504282,0.5343187875714648,0.22263281930814358,0.019877153741617803,0.008282147063237795
470,35,9,0,9→0,10.0,6.218021816086548,8.325331687927246,3.7819791375877685,0.7172821164131165,2.107309871840698,0.21073098718406982,3.064697021174652,0.3064697021174652
470,36,9,8,9→8,2.4000000953674316,2.3994217796116573,2.3999948501586914,0.0005792694300907897,5.245209194981726e-06,0.0005730705470341491,0.00023877938510932182,0.000574024220895808,0.00023917674920255654
470,37,9,20,9→20,2.4000000953674316,2.317070260505716,0.21559324860572815,0.06279923021793365,2.0922601222991943,-2.1014770118999877,-0.8756153868311655,-2.0294608920812607,-0.8456086714323889
470,38,10,4,10→4,2.4000000953674316,0.0764122417604085,0.06478182971477509,0.04718421140569262,0.06366235762834549,-0.01163041204563342,-0.0048460048264509946,-0.016478146222652867,-0.00686589398661258
470,39,10,21,10→21,2.4000000953674316,1.083507054068832,0.0724269226193428,0.8459959080155386,0.14846128225326538,-1.0110801314494893,-0.42128337136365673,0.6975346257622732,0.2906394158519744
470,40,11,12,11→12,0.1550000011920929,0.15500099956989288,0.15495991706848145,0.0,4.006449307780713e-05,-4.108250141143799e-05,-0.00026504839416435923,-4.006449307780713e-05,-0.00025848059851402735
470,41,11,14,11→14,0.1550000011920929,0.15500099956989288,0.15323209762573242,0.0,0.00176762614864856,-0.0017689019441604614,-0.011412270519715967,-0.00176762614864856,-0.011404039580992809
470,42,12,2,12→2,10.0,1.6027872840604687,2.875312566757202,1.5971996487351134,0.5621175169944763,1.2725252826967335,0.12725252826967334,1.0350821317406371,0.10350821317406371
470,43,12,4,12→4,10.0,5.80451448992244,4.956361770629883,2.6597063585985268,1.350616216659546,-0.8481527192925569,-0.08481527192925568,1.3090901419389809,0.13090901419389808
470,44,12,5,12→5,10.0,1.2365423123956134,3.5744245052337646,0.8778844689950347,2.828782796859741,2.3378821928381512,0.23378821928381513,-1.9508983278647065,-0.19508983278647066
470,45,12,7,12→7,2.4000000953674316,2.400001049041748,2.166684627532959,0.0,0.22994455695152283,-0.23331642150878906,-0.09721517176567826,-0.22994455695152283,-0.0958102282559781
470,46,12,11,12→11,0.1550000011920929,0.15500099956989288,0.1549999862909317,0.0,1.4901160305669237e-08,-1.0132789611816406e-06,-6.537283570248976e-06,-1.4901160305669237e-08,-9.613651736171341e-08
470,47,13,1,13→1,0.1550000011920929,0.11310024472913938,0.08419856429100037,0.01071528228931129,0.06853120774030685,-0.02890168043813901,-0.18646245300553835,-0.057815925450995564,-0.3730059677828245
470,48,13,6,13→6,0.1550000011920929,0.03210959493571863,0.06140271574258804,0.11684373697062256,0.05689877271652222,0.02929312080686941,0.18898787471986006,0.05994496425410034,0.3867417018907633
470,49,14,1,14→1,2.4000000953674316,1.5949369326192127,0.5608720779418945,0.7161841557752169,0.4224989712238312,-1.0340648546773181,-0.43086033899469756,0.2936851845513857,0.1223688220339106
470,50,14,4,14→4,10.0,5.215683718902255,3.5182747840881348,3.1509988652542233,2.7402658462524414,-1.6974089348141206,-0.16974089348141205,0.41073301900178194,0.041073301900178195
470,51,14,11,14→11,0.1550000011920929,0.15500099956989288,0.1550000011920929,0.0,0.0,-9.98377799987793e-07,-6.44114704715708e-06,0.0,0.0
470,52,14,21,14→21,10.0,4.0501342506104265,4.61163330078125,2.1114868280530885,2.8971190452575684,0.5614990501708235,0.05614990501708235,-0.7856322172044798,-0.07856322172044798
470,53,15,0,15→0,2.4000000953674316,1.6765517516275779,1.1216789484024048,0.7016931706359699,0.6032561659812927,-0.5548728032251731,-0.23119699215687906,0.0984370046546772,0.04101541697630926
470,54,15,21,15→21,2.4000000953674316,0.6459738957092966,1.2396351099014282,1.3529690985779084,1.138158917427063,0.5936612141921316,0.2473588294175647,0.21481018115084538,0.08950423858960668
470,55,16,3,16→3,2.4000000953674316,0.48192983630906383,0.3022213280200958,0.41012553876498714,0.8543321490287781,-0.179708508288968,-0.0748785421449974,-0.44420661026379094,-0.18508608025525283
470,56,16,18,16→18,10.0,1.6956444671959616,0.6026370525360107,0.7870231212000363,1.6927740573883057,-1.0930074146599509,-0.10930074146599508,-0.9057509361882694,-0.09057509361882694
470,57,17,5,17→5,2.4000000953674316,0.2846646798079746,0.23312941193580627,0.015602242780005326,0.1480664610862732,-0.05153526787216833,-0.02147302742680869,-0.13246421830626787,-0.055193422101088734
470,58,17,21,17→21,2.4000000953674316,1.0068317629684316,1.0599101781845093,1.0937800981919281,0.9604026079177856,0.0530784152160777,0.022116005461221278,0.13337749027414247,0.05557395207258225
470,59,18,4,18→4,10.0,1.2894979492411949,2.0241198539733887,5.33844043229788,0.8939328789710999,0.7346219047321938,0.07346219047321938,4.44450755332678,0.44445075533267797
470,60,18,16,18→16,10.0,0.8762015271640848,1.002518892288208,0.8160562081320677,1.1945401430130005,0.12631736512412317,0.012631736512412317,-0.3784839348809328,-0.03784839348809328
470,61,18,21,18→21,10.0,2.568763241986744,2.571308135986328,0.9986141406143076,1.873952031135559,0.002544893999584019,0.0002544893999584019,-0.8753378905212514,-0.08753378905212514
470,62,19,0,19→0,2.4000000953674316,2.400001049041748,2.399933099746704,0.0,6.699076038785279e-05,-6.794929504394531e-05,-2.8312205143284595e-05,-6.699076038785279e-05,-2.791281571911635e-05
470,63,19,8,19→8,2.4000000953674316,0.10404074378311634,1.766831398010254,0.07820741832256317,0.01576196774840355,1.6627906542271376,0.69282941173074,0.06244545057415962,0.026018936705333524
470,64,20,3,20→3,2.4000000953674316,2.3387019131332636,0.254198282957077,0.06129913590848446,2.1222646236419678,-2.0845036301761866,-0.868543144727274,-2.0609654877334833,-0.8587355857658651
470,65,20,9,20→9,2.4000000953674316,2.1389731631741995,0.3295014798641205,0.10863779379647553,1.8084346055984497,-1.809471683310079,-0.7539465047533905,-1.6997968118019742,-0.7082486434408833
470,66,21,6,21→6,10.0,6.962369750312995,1.6773885488510132,1.0773553029050476,1.7257778644561768,-5.2849812014619815,-0.5284981201461981,-0.6484225615511292,-0.06484225615511292
470,67,21,10,21→10,2.4000000953674316,0.04451780613351275,0.031151335686445236,0.10314354696581063,0.04704282805323601,-0.013366470447067513,-0.0055693624649715496,0.05610071891257462,0.02337529861805518
470,68,21,14,21→14,10.0,2.3756927438218867,4.985719680786133,3.1840398403910513,3.8210718631744385,2.610026936964246,0.2610026936964246,-0.6370320227833872,-0.06370320227833873
470,69,21,15,21→15,2.4000000953674316,1.580648620512875,1.1756649017333984,0.7352088498882949,1.201768159866333,-0.4049837187794765,-0.1687432094528625,-0.4665593099780381,-0.19439970476609897
470,70,21,17,21→17,2.4000000953674316,1.2600591875816463,1.0960993766784668,0.6134005781059386,0.9424397945404053,-0.16395981090317946,-0.06831658516166758,-0.32903921643446665,-0.13709966806650975
470,71,21,18,21→18,10.0,4.05681328423816,5.6415581703186035,5.411641732774136,3.485335111618042,1.5847448860804434,0.15847448860804433,1.926306621156094,0.1926306621156094
473,0,0,2,0→2,10.0,6.313804557860067,7.014220237731934,1.3812549902359024,0.6072242856025696,0.7004156798718668,0.07004156798718668,0.7740307046333328,0.07740307046333328
473,1,0,4,0→4,10.0,7.546095957964781,6.778783321380615,1.9990770075255566,0.3886437714099884,-0.7673126365841654,-0.07673126365841654,1.6104332361155682,0.16104332361155682
473,2,0,9,0→9,10.0,6.660053894725934,7.528921604156494,3.3399470589483826,1.1723544597625732,0.8688677094305604,0.08688677094305604,2.1675925991858094,0.21675925991858094
473,3,0,15,0→15,2.4000000953674316,1.1401649845902284,1.8972833156585693,1.2598360644515196,0.4248586893081665,0.7571183310683409,0.31546595874298444,0.8349773751433531,0.3479072258184727
473,4,0,19,0→19,2.4000000953674316,2.400001049041748,2.3999974727630615,0.0,2.622604142743512e-06,-3.5762786865234375e-06,-1.4901160601728732e-06,-2.622604142743512e-06,-1.0927516827210794e-06
473,5,1,6,1→6,2.4000000953674316,1.4720641685416922,0.2839125990867615,0.49994699654052965,0.1707472801208496,-1.1881515694549307,-0.49506313426751297,0.32919971641968004,0.1371665430576913
473,6,1,13,1→13,0.1550000011920929,0.10809206416888628,0.1172056496143341,0.0469089354010066,0.036805592477321625,0.009113585445447825,0.05879732500229646,0.010103342923684977,0.06518285707084488
473,7,1,14,1→14,2.4000000953674316,1.752014492318267,0.37990832328796387,0.5602595495001879,0.46944454312324524,-1.3721061690303031,-0.571710881044877,0.09081500637694262,0.03783958448678276
473,8,2,0,2→0,10.0,6.0715751463267225,6.56534481048584,3.841261230105374,0.8820858001708984,0.4937696641591174,0.04937696641591174,2.9591754299344757,0.2959175429934476
473,9,2,6,2→6,10.0,5.8389626719147145,6.616978168487549,1.6306237643020722,1.0478712320327759,0.7780154965728343,0.07780154965728343,0.5827525322692964,0.058275253226929634
473,10,2,12,2→12,10.0,3.639008882249982,3.305739402770996,1.6730760176142212,1.2913150787353516,-0.3332694794789859,-0.03332694794789859,0.38176093887886964,0.03817609388788697
473,11,3,4,3→4,10.0,1.6172954884896171,0.8009039759635925,2.182565367271309,1.6909544467926025,-0.8163915125260246,-0.08163915125260246,0.49161092047870625,0.04916109204787063
473,12,3,16,3→16,2.4000000953674316,2.226145263723083,0.23074303567409515,0.11444818616200791,1.546038031578064,-1.995402228048988,-0.831417561982846,-1.431589845416056,-0.5964957452207453
473,13,3,20,3→20,2.4000000953674316,1.4707433152198064,0.6677690744400024,0.9292577338219417,1.7252556085586548,-0.802974240779804,-0.33457258703019815,-0.7959978747367131,-0.3316657679610836
473,14,4,0,4→0,10.0,6.03770331303258,6.111822128295898,1.5491245674143101,0.992294192314148,0.07411881526331854,0.0074118815263318535,0.5568303751001622,0.05568303751001622
473,15,4,3,4→3,10.0,4.184181611007261,1.4888012409210205,1.5051407973242021,2.542202949523926,-2.695380370086241,-0.2695380370086241,-1.0370621521997236,-0.10370621521997236
473,16,4,6,4→6,10.0,7.394225793585065,4.137209415435791,2.546544027296477,0.7302661538124084,-3.257016378149274,-0.3257016378149274,1.8162778734840686,0.18162778734840684
473,17,4,7,4→7,2.4000000953674316,2.400001049041748,2.2680680751800537,0.0,0.1286223977804184,-0.13193297386169434,-0.054972070257978824,-0.1286223977804184,-0.05359266361225988
473,18,4,10,4→10,2.4000000953674316,1.00148349771257,0.0508611723780632,1.3616275662564024,0.11604435741901398,-0.9506223253345067,-0.3960926198167379,1.2455832088373884,0.5189929830593168
473,19,4,12,4→12,10.0,2.303210549711366,3.1319963932037354,3.088661676971242,1.4990029335021973,0.8287858434923692,0.08287858434923692,1.5896587434690446,0.15896587434690446
473,20,4,14,4→14,10.0,3.9916302361380076,3.3161988258361816,3.307814570478513,1.8591482639312744,-0.675431410301826,-0.0675431410301826,1.4486663065472385,0.14486663065472385
473,21,4,18,4→18,10.0,6.511586277243623,7.249528408050537,3.2513341996254894,0.3529652953147888,0.7379421308069141,0.07379421308069141,2.8983689043107006,0.2898368904310701
473,22,5,6,5→6,10.0,1.273578456195537,2.7754595279693604,0.8489370315510314,1.9306833744049072,1.5018810717738234,0.15018810717738235,-1.0817463428538758,-0.10817463428538758
473,23,5,12,5→12,10.0,1.2236950561200501,0.8397364616394043,1.4832063991343603,0.4811442792415619,-0.38395859448064584,-0.03839585944806458,1.0020621198927984,0.10020621198927984
473,24,5,17,5→17,2.4000000953674316,1.3160368006820136,1.4735910892486572,1.0839642483597345,0.9081592559814453,0.15755428856664366,0.06564761762749957,0.17580499237828917,0.07325207724684446
473,25,6,1,6→1,2.4000000953674316,1.585146463025012,0.27256667613983154,0.5227549715491477,0.3497401475906372,-1.3125797868851805,-0.5469082228033116,0.17301482395851053,0.07208950711813308
473,26,6,2,6→2,10.0,1.2984221797560167,2.683490037918091,0.6191408115009835,0.6546989679336548,1.3850678581620741,0.1385067858162074,-0.03555815643267124,-0.003555815643267124
473,27,6,4,6→4,10.0,5.099491933910031,4.975913047790527,4.750175738620783,1.395048975944519,-0.1235788861195033,-0.01235788861195033,3.3551267626762638,0.3355126762676264
473,28,6,5,6→5,10.0,2.0602899630366664,1.0514066219329834,0.6754614440246769,0.5569918155670166,-1.008883341103683,-0.10088833411036831,0.11846962845766029,0.01184696284576603
473,29,6,13,6→13,0.1550000011920929,0.1544917889405042,0.14869599044322968,0.00050921062938869,0.006173810921609402,-0.005795798497274518,-0.03739224808193216,-0.005664600292220712,-0.03654580805583686
473,30,6,21,6→21,10.0,7.991172240491551,5.096017837524414,1.804885006393306,1.5323050022125244,-2.8951544029671368,-0.28951544029671367,0.27258000418078154,0.027258000418078153
473,31,7,4,7→4,2.4000000953674316,2.400001049041748,2.3937807083129883,0.0,0.00614594342187047,-0.006220340728759766,-0.0025918085339940175,-0.00614594342187047,-0.0025608096573552625
473,32,7,12,7→12,2.4000000953674316,2.400001049041748,2.3938546180725098,0.0,0.0060650985687971115,-0.006146430969238281,-0.0025610128020837784,-0.0060650985687971115,-0.0025271243032465654
473,33,8,9,8→9,2.4000000953674316,2.400001049041748,2.3999650478363037,0.0,3.504654887365177e-05,-3.600120544433594e-05,-1.5000501672406925e-05,-3.504654887365177e-05,-1.4602728117094624e-05
473,34,8,19,8→19,2.4000000953674316,1.7831145681063845,1.994473934173584,0.035515282303094864,0.004292474128305912,0.21135936606719952,0.08806639902855551,0.031222808174788952,0.013009502889210864
473,35,9,0,9→0,10.0,7.231845634880301,8.170975685119629,2.767218697235876,0.7940608859062195,0.9391300502393278,0.09391300502393278,1.9731578113296564,0.19731578113296563
473,36,9,8,9→8,2.4000000953674316,2.400001049041748,2.3999953269958496,0.0,4.76837158203125e-06,-5.7220458984375e-06,-2.3841856962765975e-06,-4.76837158203125e-06,-1.986821413563831e-06
473,37,9,20,9→20,2.4000000953674316,1.1438512401291518,0.2513911724090576,1.2381787225604057,2.0715255737304688,-0.8924600677200942,-0.37185834677371615,-0.833346851170063,-0.3472278408565982
473,38,10,4,10→4,2.4000000953674316,0.12108153889857931,0.05091105028986931,0.08293636451708153,0.0444522351026535,-0.07017048860871,-0.029237702425160588,0.038484129414428025,0.016035053285502573
473,39,10,21,10→21,2.4000000953674316,0.9897502207174964,0.03075830638408661,1.326149827746349,0.10141696035861969,-0.9589919143334098,-0.39957994842770683,1.2247328673877294,0.5103053411338415
473,40,11,12,11→12,0.1550000011920929,0.12712412837328912,0.1391276717185974,0.027876871196603766,0.0158239733427763,0.012003543345308287,0.07744221453541919,0.012052897853827467,0.07776063071696498
473,41,11,14,11→14,0.1550000011920929,0.15500099956989288,0.14356856048107147,0.0,0.01142800785601139,-0.011432439088821411,-0.0737576709735188,-0.01142800785601139,-0.07372908237496435
473,42,12,2,12→2,10.0,2.9479352533089695,2.840394973754883,2.5183958429843187,0.538588285446167,-0.10754027955408674,-0.010754027955408673,1.9798075575381517,0.19798075575381519
473,43,12,4,12→4,10.0,6.852391020989671,4.866720199584961,2.9312380948637653,1.2455259561538696,-1.9856708214047103,-0.19856708214047103,1.6857121387098957,0.16857121387098956
473,44,12,5,12→5,10.0,1.7338306821311562,3.725151538848877,2.1250146431134453,2.6087703704833984,1.9913208567177207,0.19913208567177207,-0.4837557273699531,-0.04837557273699531
473,45,12,7,12→7,2.4000000953674316,2.0556297701762745,2.211261749267578,0.3443712788654736,0.184631809592247,0.15563197909130366,0.06484665537793528,0.15973946927322658,0.06655810955239609
473,46,12,11,12→11,0.1550000011920929,0.15500099956989288,0.1550000160932541,0.0,0.0,-9.834766387939453e-07,-6.345010524065183e-06,0.0,0.0
473,47,13,1,13→1,0.1550000011920929,0.10562520954408683,0.07579535990953445,0.041397407330805436,0.06149134412407875,-0.029829849634552374,-0.19245064132344086,-0.020093936793273315,-0.12963830089504785
473,48,13,6,13→6,0.1550000011920929,0.0384852211263933,0.0685722827911377,0.07814379137789729,0.06128561496734619,0.030087061664744397,0.19411007376353004,0.016858176410551096,0.10876242761868501
473,49,14,1,14→1,2.4000000953674316,1.631911611664691,0.42579129338264465,0.6315091541036963,0.34330692887306213,-1.2061203182820464,-0.502550112647972,0.2882022252306342,0.12008425574104466
473,50,14,4,14→4,10.0,4.574272002762882,2.9614768028259277,2.405998522634036,2.1909663677215576,-1.6127951999369543,-0.16127951999369544,0.2150321549124783,0.02150321549124783
473,51,14,11,14→11,0.1550000011920929,0.15500099956989288,0.1550000011920929,0.0,0.0,-9.98377799987793e-07,-6.44114704715708e-06,0.0,0.0
473,52,14,21,14→21,10.0,2.994909101897065,4.524997711181641,2.219418971610139,2.87404203414917,1.5300886092845758,0.15300886092845759,-0.6546230625390308,-0.06546230625390308
473,53,15,0,15→0,2.4000000953674316,2.400001049041748,2.3837192058563232,0.0,0.01594954915344715,-0.016281843185424805,-0.00678410105768438,-0.01594954915344715,-0.006645645216528765
473,54,15,21,15→21,2.4000000953674316,1.223074423003709,1.1481611728668213,1.176926626038039,1.2226536273956299,-0.07491325013688765,-0.03121385298337611,-0.04572700135759078,-0.01905291647523461
473,55,16,3,16→3,2.4000000953674316,0.28391828962776344,0.26947319507598877,0.7992240777239203,0.6676873564720154,-0.014445094551774673,-0.006018789157407587,0.13153672125190496,0.05480696501046062
473,56,16,18,16→18,10.0,1.9817651671764906,0.5716806650161743,0.2806253906214806,1.554083228111267,-1.4100845021603163,-0.14100845021603164,-1.2734578374897865,-0.12734578374897865
473,57,17,5,17→5,2.4000000953674316,0.01273147834581323,0.28922903537750244,0.7092077329580206,0.17630578577518463,0.2764975570316892,0.11520731085194327,0.532901947182836,0.22204246916967335
473,58,17,21,17→21,2.4000000953674316,1.4138520048363716,1.1517844200134277,0.5517153138498543,1.0906190872192383,-0.2620675848229439,-0.10919482267054754,-0.538903773369384,-0.2245432299813637
473,59,18,4,18→4,10.0,4.092233671618487,1.8089255094528198,1.3488469622623145,0.7242097854614258,-2.2833081621656675,-0.22833081621656676,0.6246371768008887,0.06246371768008887
473,60,18,16,18→16,10.0,0.5052768430032302,1.0731265544891357,1.3937100811162964,1.0555487871170044,0.5678497114859056,0.05678497114859056,0.33816129399929196,0.033816129399929194
473,61,18,21,18→21,10.0,2.546920723078074,2.313201665878296,1.179852035183785,1.6368709802627563,-0.23371905719977804,-0.023371905719977805,-0.45701894507897145,-0.04570189450789715
473,62,19,0,19→0,2.4000000953674316,2.400001049041748,2.399916172027588,0.0,8.391471055801958e-05,-8.487701416015625e-05,-3.5365421161436195e-05,-8.391471055801958e-05,-3.496446134314529e-05
473,63,19,8,19→8,2.4000000953674316,1.155419835662542,1.8850734233856201,0.30320820212364197,0.047065261751413345,0.7296535877230781,0.3040223161371878,0.2561429403722286,0.10672622091417627
473,64,20,3,20→3,2.4000000953674316,1.1623396947979927,0.28410637378692627,1.2376613542437553,2.0897066593170166,-0.8782333210110664,-0.3659305358805046,-0.8520453050732613,-0.35501886300667673
473,65,20,9,20→9,2.4000000953674316,1.1681636081029865,0.3464265763759613,0.947962954714967,1.5016719102859497,-0.8217370317270252,-0.34239041628088773,-0.5537089555709827,-0.23071205565356936
473,66,21,6,21→6,10.0,3.359761279894883,1.5305159091949463,3.93569532400943,1.4887630939483643,-1.8292453706999368,-0.18292453706999368,2.4469322300610656,0.24469322300610657
473,67,21,10,21→10,2.4000000953674316,0.08356929388264689,0.004405582323670387,0.038627556423307396,0.012696782127022743,-0.0791637115589765,-0.0329848785055389,0.025930774296284653,0.010804488860786792
473,68,21,14,21→14,10.0,3.145918402442476,3.944795608520508,1.3721602164587239,3.108412742614746,0.798877206078032,0.0798877206078032,-1.7362525261560222,-0.17362525261560222
473,69,21,15,21→15,2.4000000953674316,1.9794299602508545,1.3620870113372803,0.42057108879089355,1.0250306129455566,-0.6173429489135742,-0.2572262184927377,-0.6044595241546631,-0.25185812505650024
473,70,21,17,21→17,2.4000000953674316,1.3136367946863174,1.162631869316101,1.0863642543554306,1.0642257928848267,-0.15100492537021637,-0.06291871640409166,0.022138461470603943,0.009224358579541899
473,71,21,18,21→18,10.0,6.52806350733681,5.519739627838135,2.1050566696940223,3.2653656005859375,-1.0083238794986755,-0.10083238794986756,-1.1603089308919152,-0.11603089308919153
475,0,0,2,0→2,10.0,7.061352208266726,6.229321002960205,2.033327390672639,1.3097871541976929,-0.8320312053065209,-0.08320312053065208,0.7235402364749461,0.07235402364749462
475,1,0,4,0→4,10.0,6.912210480725335,6.945279598236084,2.0523264864471997,0.33317679166793823,0.033069117510748924,0.0033069117510748924,1.7191496947792615,0.17191496947792614
475,2,0,9,0→9,10.0,5.521010912155361,7.5433783531188965,4.478990041518955,1.1755739450454712,2.022367440963535,0.2022367440963535,3.3034160964734838,0.3303416096473484
475,3,0,15,0→15,2.4000000953674316,1.381498497488792,1.8227765560150146,1.018502551552956,0.491952121257782,0.4412780585262226,0.18386585041308695,0.526550430295174,0.21939600390497524
475,4,0,19,0→19,2.4000000953674316,2.400001049041748,2.399991035461426,0.0,9.059907824848779e-06,-1.0013580322265625e-05,-4.172324968484045e-06,-9.059907824848779e-06,-3.7749614436835004e-06
475,5,1,6,1→6,2.4000000953674316,1.178757885010782,0.27248454093933105,0.9623906954366248,0.18407632410526276,-0.906273344071451,-0.3776138783580772,0.778314371331362,0.32429764183497034
475,6,1,13,1→13,0.1550000011920929,0.08957895983770925,0.12974506616592407,0.06542203973218363,0.024129308760166168,0.04016610632821482,0.25913616786645444,0.041292730972017466,0.2664047138996019
475,7,1,14,1→14,2.4000000953674316,1.7557759673218243,0.5737488269805908,0.5734662354807369,0.6601875424385071,-1.1820271403412335,-0.49251128890487367,-0.08672130695777014,-0.03613387646323964
475,8,2,0,2→0,10.0,7.025857508259833,6.703744888305664,1.2784280728446902,0.8762365579605103,-0.3221126199541686,-0.032211261995416865,0.4021915148841799,0.040219151488417995
475,9,2,6,2→6,10.0,7.134580822316821,6.846114158630371,2.7003894305044014,1.287408471107483,-0.28846666368644946,-0.028846666368644948,1.4129809593969185,0.14129809593969184
475,10,2,12,2→12,10.0,1.0892109550113673,3.14992094039917,2.900203502583281,1.3415902853012085,2.0607099853878026,0.20607099853878025,1.5586132172820726,0.15586132172820727
475,11,3,4,3→4,10.0,2.1514225556114894,0.8177423477172852,2.0738061704098527,1.6489450931549072,-1.3336802078942043,-0.13336802078942042,0.4248610772549455,0.04248610772549455
475,12,3,16,3→16,2.4000000953674316,1.9291615330512286,0.18568842113018036,0.3894070670939982,1.5510727167129517,-1.7434731119210483,-0.7264471011006892,-1.1616656496189535,-0.48402733477437904
475,13,3,20,3→20,2.4000000953674316,2.3083166405558586,0.34089264273643494,0.09168440848588943,2.0463366508483887,-1.9674239978194237,-0.8197599665170922,-1.9546522423624992,-0.8144384019548336
475,14,4,0,4→0,10.0,5.23915892758032,5.921995639801025,4.652795480410532,1.0468835830688477,0.6828367122207055,0.06828367122207055,3.6059118973416844,0.3605911897341684
475,15,4,3,4→3,10.0,4.4318998410114006,0.9347313046455383,0.7245229744585231,2.5922646522521973,-3.4971685363658622,-0.3497168536365862,-1.8677416777936742,-0.18677416777936742
475,16,4,6,4→6,10.0,4.3449807936653,4.36175537109375,1.763373376948266,0.7358393669128418,0.01677457742844979,0.001677457742844979,1.0275340100354242,0.10275340100354242
475,17,4,7,4→7,2.4000000953674316,2.400001049041748,2.3350155353546143,0.0,0.06389938294887543,-0.06498551368713379,-0.027077296293683994,-0.06389938294887543,-0.026624741837392576
475,18,4,10,4→10,2.4000000953674316,2.0969307401428523,0.05512804165482521,0.2673093570047058,0.15068364143371582,-2.041802698488027,-0.8507510905642003,0.11662571557099,0.04859404622362526
475,19,4,12,4→12,10.0,5.401293402037481,3.191497325897217,1.7739887083880603,1.468196153640747,-2.2097960761402646,-0.22097960761402646,0.30579255474731326,0.030579255474731327
475,20,4,14,4→14,10.0,5.40777591772985,3.3577895164489746,3.1199899265775457,1.8135223388671875,-2.0499864012808757,-0.20499864012808758,1.3064675877103582,0.13064675877103582
475,21,4,18,4→18,10.0,5.743713186721507,7.522334098815918,4.119609889266357,0.3094859719276428,1.7786209120944108,0.17786209120944108,3.8101239173387143,0.3810123917338714
475,22,5,6,5→6,10.0,3.165412490727249,3.3477957248687744,1.9185945831704885,2.3300130367279053,0.18238323414152546,0.018238323414152546,-0.4114184535574168,-0.04114184535574168
475,23,5,12,5→12,10.0,1.6940032542916015,1.4692342281341553,0.6318179458548911,1.0418577194213867,-0.2247690261574462,-0.022476902615744622,-0.41003977356649557,-0.041003977356649554
475,24,5,17,5→17,2.4000000953674316,2.1228327368407918,1.6605883836746216,0.27716831220095617,0.7304319739341736,-0.4622443531661702,-0.19260180616592942,-0.4532636617332174,-0.18885985155089102
475,25,6,1,6→1,2.4000000953674316,2.023932260381116,0.47443801164627075,0.22081706137396395,0.46683576703071594,-1.5494942487348453,-0.6456225779847826,-0.246018705656752,-0.10250778995035306
475,26,6,2,6→2,10.0,1.1627852140445611,3.6138148307800293,2.127008850555285,1.2556567192077637,2.451029616735468,0.2451029616735468,0.8713521313475212,0.08713521313475212
475,27,6,4,6→4,10.0,6.466445260713954,4.890274524688721,3.3666850417794194,1.2373666763305664,-1.576170736025233,-0.1576170736025233,2.129318365448853,0.2129318365448853
475,28,6,5,6→5,10.0,1.6738902445649728,1.3026195764541626,0.8576014539576136,0.6421377658843994,-0.3712706681108102,-0.03712706681108102,0.21546368807321414,0.021546368807321414
475,29,6,13,6→13,0.1550000011920929,0.15498448353787353,0.12021441757678986,1.6516032019353588e-05,0.03431813418865204,-0.034770065961083674,-0.22432300447528913,-0.034301618156632685,-0.22130076059884918
475,30,6,21,6→21,10.0,5.739726381534638,5.023857116699219,3.188277621981797,1.436949372291565,-0.715869264835419,-0.0715869264835419,1.751328249690232,0.17513282496902322
475,31,7,4,7→4,2.4000000953674316,2.400001049041748,2.3953909873962402,0.0,0.004561677109450102,-0.0046100616455078125,-0.001920858942633512,-0.004561677109450102,-0.0019006987200772278
475,32,7,12,7→12,2.4000000953674316,2.400001049041748,2.3953840732574463,0.0,0.004564449656754732,-0.004616975784301758,-0.0019237398336831794,-0.004564449656754732,-0.0019018539480749191
475,33,8,9,8→9,2.4000000953674316,2.400001049041748,2.3999884128570557,0.0,1.1682353942887858e-05,-1.2636184692382812e-05,-5.2650767459441525e-06,-1.1682353942887858e-05,-4.867647282780349e-06
475,34,8,19,8→19,2.4000000953674316,0.3475029147384703,1.9918334484100342,0.04136669263243675,0.0051030307076871395,1.644330533671564,0.6851376951382256,0.03626366192474961,0.015109858534900504
475,35,9,0,9→0,10.0,7.456480849998698,8.255006790161133,2.5435201036756183,0.7304799556732178,0.7985259401624347,0.07985259401624348,1.8130401480024005,0.18130401480024005
475,36,9,8,9→8,2.4000000953674316,2.400001049041748,2.399988889694214,0.0,1.1205671398784034e-05,-1.2159347534179688e-05,-5.0663946045877695e-06,-1.1205671398784034e-05,-4.669029563962782e-06
475,37,9,20,9→20,2.4000000953674316,1.044059455421447,0.21047571301460266,1.3471899410251353,2.084726333618164,-0.8335837424068444,-0.34732654553466824,-0.7375363925930287,-0.3073068180358195
475,38,10,4,10→4,2.4000000953674316,0.21853097894927487,0.06565593928098679,0.38931851765664766,0.05783746764063835,-0.15287503966828808,-0.06369793066399168,0.3314810500160093,0.1381170986850568
475,39,10,21,10→21,2.4000000953674316,2.1086965066333505,0.04685738682746887,0.2263291051494889,0.14601333439350128,-2.0618391198058816,-0.8590995991148997,0.08031577075598761,0.03346490315188573
475,40,11,12,11→12,0.1550000011920929,0.14919667693902738,0.14474138617515564,0.005804322630865499,0.010216545313596725,-0.004455290763871744,-0.028743811158751298,-0.004412222682731226,-0.028465952572884944
475,41,11,14,11→14,0.1550000011920929,0.13862760603751667,0.14337530732154846,0.016373393532376206,0.011614869348704815,0.004747701284031791,0.030630330629145754,0.004758524183671391,0.03070015578757389
475,42,12,2,12→2,10.0,3.2705474920221604,3.887049674987793,2.0088665817993387,1.311506748199463,0.6165021829656325,0.06165021829656325,0.6973598335998759,0.06973598335998758
475,43,12,4,12→4,10.0,5.572667944656132,4.793332576751709,3.581736822685343,1.2310268878936768,-0.779335367904423,-0.0779335367904423,2.3507099347916665,0.23507099347916666
475,44,12,5,12→5,10.0,4.196557184472113,3.80340576171875,0.9083560066392237,2.4718122482299805,-0.39315142275336257,-0.03931514227533626,-1.5634562415907567,-0.15634562415907566
475,45,12,7,12→7,2.4000000953674316,2.1483096252195537,2.2331368923187256,0.25169142382219434,0.16466303169727325,0.08482726709917188,0.03534469322018303,0.08702839212492108,0.03626182861113484
475,46,12,11,12→11,0.1550000011920929,0.15500099956989288,0.1549999862909317,0.0,1.4901161193847656e-08,-1.0132789611816406e-06,-6.537283570248976e-06,-1.4901161193847656e-08,-9.613652309189671e-08
475,47,13,1,13→1,0.1550000011920929,0.037171181642406737,0.07352537661790848,0.0672414277214557,0.061545874923467636,0.03635419497550174,0.23454319158648043,0.005695552797988057,0.03674550163989681
475,48,13,6,13→6,0.1550000011920929,0.08852363919777417,0.05269515514373779,0.03608107674517669,0.045784056186676025,-0.03582848405403638,-0.23115150824827296,-0.009702979441499338,-0.06259986688306117
475,49,14,1,14→1,2.4000000953674316,1.112796847262544,0.5722905397415161,1.2592111880861552,0.40551552176475525,-0.5405063075210279,-0.22521095251801573,0.8536956663213999,0.35570651349940974
475,50,14,4,14→4,10.0,6.061891188268419,3.2566616535186768,3.274148296389285,2.501713275909424,-2.805229534749742,-0.2805229534749742,0.7724350204798611,0.0772435020479861
475,51,14,11,14→11,0.1550000011920929,0.15500099956989288,0.1550000011920929,0.0,0.0,-9.98377799987793e-07,-6.44114704715708e-06,0.0,0.0
475,52,14,21,14→21,10.0,3.3406137346031386,4.654656410217285,1.6706461522262543,2.928178071975708,1.3140426756141466,0.13140426756141466,-1.2575319197494537,-0.12575319197494536
475,53,15,0,15→0,2.4000000953674316,1.1859974209219217,1.6413601636886597,1.2140036281198263,0.6832864284515381,0.45536274276673794,0.18973446861343707,0.5307171996682882,0.22113215774145095
475,54,15,21,15→21,2.4000000953674316,1.9318569600582123,1.5166453123092651,0.46814408898353577,0.859992504119873,-0.41521164774894714,-0.17300484635413305,-0.3918484151363373,-0.16327016648570036
475,55,16,3,16→3,2.4000000953674316,0.9211313703344786,0.2555002272129059,0.6326331521850079,0.6208451986312866,-0.6656311431215727,-0.2773462986132369,0.011787953553721309,0.004911647118879224
475,56,16,18,16→18,10.0,1.967038041602791,0.5713221430778503,0.4999427091661346,1.6402344703674316,-1.3957158985249407,-0.13957158985249407,-1.140291761201297,-0.11402917612012971
475,57,17,5,17→5,2.4000000953674316,0.06126637801207835,0.34169915318489075,0.33847878593314823,0.2210749387741089,0.2804327751728124,0.11684698501225647,0.11740384715903934,0.048918267705762415
475,58,17,21,17→21,2.4000000953674316,1.42416620804579,1.1555516719818115,0.9724497751731178,1.0964006185531616,-0.26861453606397845,-0.11192271891258175,-0.12395084338004381,-0.05164618268945
475,59,18,4,18→4,10.0,3.9946714889116635,1.824838399887085,1.246129305973227,0.7497965693473816,-2.1698330890245785,-0.21698330890245784,0.4963327366258454,0.04963327366258454
475,60,18,16,18→16,10.0,1.2658579309136258,0.9580217599868774,1.077920913870912,0.9826821088790894,-0.3078361709267483,-0.030783617092674832,0.09523880499182269,0.009523880499182269
475,61,18,21,18→21,10.0,1.5862081125778786,2.2857604026794434,2.6402400169463363,1.5112429857254028,0.6995522901015647,0.06995522901015647,1.1289970312209334,0.11289970312209334
475,62,19,0,19→0,2.4000000953674316,2.400001049041748,2.3999924659729004,0.0,7.629305400769226e-06,-8.58306884765625e-06,-3.576278544414896e-06,-7.629305400769226e-06,-3.1788771240032833e-06
475,63,19,8,19→8,2.4000000953674316,0.7643537693656981,1.7749135494232178,0.1837071180343628,0.0362606979906559,1.0105597800575197,0.4210665582922848,0.1474464200437069,0.061436005910297
475,64,20,3,20→3,2.4000000953674316,1.0901748793658044,0.2582928538322449,1.3098261696759437,2.114171028137207,-0.8318820255335595,-0.34661749686564125,-0.8043448584612634,-0.33514367770811315
475,65,20,9,20→9,2.4000000953674316,2.1951007171401216,0.2136891484260559,0.013820873573422432,1.9086483716964722,-1.9814115687140657,-0.8255881208249363,-1.8948274981230497,-0.7895114261789054
475,66,21,6,21→6,10.0,2.6834848541460445,1.9304553270339966,3.588614826614503,1.5900914669036865,-0.753029527112048,-0.0753029527112048,1.9985233597108163,0.19985233597108162
475,67,21,10,21→10,2.4000000953674316,0.18026103444572072,0.007001424208283424,0.31612923116335884,0.01801556535065174,-0.1732596102374373,-0.07219150139696634,0.2981136658127071,0.1242140224861395
475,68,21,14,21→14,10.0,2.84200032836452,3.9896035194396973,2.383855308542806,3.37034273147583,1.1476031910751772,0.11476031910751772,-0.986487422933024,-0.09864874229330241
475,69,21,15,21→15,2.4000000953674316,1.7058934420347214,1.3900344371795654,0.6941076070070267,0.9971797466278076,-0.31585900485515594,-0.13160791346001968,-0.30307213962078094,-0.12628005315740692
475,70,21,17,21→17,2.4000000953674316,0.8524246491188023,1.3264877796173096,1.5475763999229457,1.0647329092025757,0.47406313049850723,0.1975262965253882,0.48284349072037,0.20118477980578928
475,71,21,18,21→18,10.0,7.286315090016615,5.525158882141113,2.19643126003848,3.3304409980773926,-1.7611562078755014,-0.17611562078755014,-1.1340097380389125,-0.11340097380389125
476,0,0,2,0→2,10.0,3.0275317588238977,5.792721748352051,4.2261192291588685,1.2405756711959839,2.765189989528153,0.2765189989528153,2.9855435579628846,0.2985543557962885
476,1,0,4,0→4,10.0,8.222192031525083,6.918019771575928,1.6540489036515282,0.3093434274196625,-1.304172259949155,-0.1304172259949155,1.3447054762318658,0.13447054762318658
476,2,0,9,0→9,10.0,5.851583973533707,7.353348255157471,4.14841698014061,1.193573236465454,1.501764281623764,0.1501764281623764,2.9548437436751556,0.29548437436751557
476,3,0,15,0→15,2.4000000953674316,2.1167722046375275,1.9619303941726685,0.2832288444042206,0.3812706470489502,-0.154841810464859,-0.06451741846333271,-0.09804180264472961,-0.04085074947870773
476,4,0,19,0→19,2.4000000953674316,2.400001049041748,2.399977207183838,0.0,2.288814721396193e-05,-2.384185791015625e-05,-9.934107067819156e-06,-2.288814721396193e-05,-9.536727626861962e-06
476,5,1,6,1→6,2.4000000953674316,1.301224179303972,0.3078617751598358,0.46702938195085153,0.21175310015678406,-0.9933624041441362,-0.413900985279776,0.25527628179406747,0.10636511318762493
476,6,1,13,1→13,0.1550000011920929,0.1512384523707624,0.15449734032154083,0.003762547199130495,0.0004897418548353016,0.003258887950778444,0.021025083391707042,0.003272805344295193,0.021114873026608406
476,7,1,14,1→14,2.4000000953674316,1.1798364923379268,0.4379158616065979,1.0155347025081483,0.47200191020965576,-0.7419206307313289,-0.3091335838541887,0.5435327922984925,0.2264719877918503
476,8,2,0,2→0,10.0,7.155593869629385,6.910961627960205,0.4932147690369675,0.8775792717933655,-0.24463224166917996,-0.024463224166917995,-0.384364502756398,-0.0384364502756398
476,9,2,6,2→6,10.0,3.1424522423767485,6.790683269500732,4.638649738899787,1.3434486389160156,3.648231027123984,0.3648231027123984,3.295201099983771,0.3295201099983771
476,10,2,12,2→12,10.0,5.737334305321383,3.3001012802124023,3.41100457311245,1.5181076526641846,-2.4372330251089807,-0.24372330251089808,1.8928969204482655,0.18928969204482654
476,11,3,4,3→4,10.0,2.381810741302388,0.7628762125968933,0.9872426732283657,1.672816514968872,-1.6189345287054948,-0.1618934528705495,-0.6855738417405064,-0.06855738417405063
476,12,3,16,3→16,2.4000000953674316,1.4831763860420324,0.18443092703819275,0.8878578347503208,1.5629111528396606,-1.2987454590038396,-0.5411439197484724,-0.6750533180893399,-0.28127220469380504
476,13,3,20,3→20,2.4000000953674316,1.9261746335250791,0.4941343367099762,0.47382641551666893,1.8985068798065186,-1.432040296815103,-0.5966834332962235,-1.4246804642898496,-0.5936168365325569
476,14,4,0,4→0,10.0,4.514035990111324,5.785801410675049,5.393002016114224,0.9834772348403931,1.2717654205637245,0.12717654205637247,4.409524781273831,0.4409524781273831
476,15,4,3,4→3,10.0,3.1233358678773584,1.0644207000732422,1.4795272491610376,2.410947561264038,-2.058915167804116,-0.20589151678041162,-0.9314203121030005,-0.09314203121030004
476,16,4,6,4→6,10.0,8.239758942209164,4.325279235839844,1.4661127106462573,0.7805449962615967,-3.9144797063693204,-0.39144797063693204,0.6855677143846606,0.06855677143846606
476,17,4,7,4→7,2.4000000953674316,2.400001049041748,2.086345672607422,0.0,0.30841365456581116,-0.31365537643432617,-0.13068973498782574,-0.30841365456581116,-0.1285056842960642
476,18,4,10,4→10,2.4000000953674316,1.4287360097951023,0.06147727370262146,0.23960220381559338,0.1758166402578354,-1.3672587360924808,-0.5696911174010425,0.063785563557758,0.026577317092978135
476,19,4,12,4→12,10.0,0.918771223143267,3.147033214569092,1.341970568872057,1.5000567436218262,2.228261991425825,0.22282619914258248,-0.15808617474976927,-0.015808617474976926
476,20,4,14,4→14,10.0,6.4860939346779105,3.2606005668640137,3.3647681534696403,1.6762440204620361,-3.225493367813897,-0.3225493367813897,1.6885241330076042,0.16885241330076042
476,21,4,18,4→18,10.0,5.81601502101671,7.522523403167725,3.696029333840073,0.30272263288497925,1.7065083821510143,0.17065083821510144,3.393306700955094,0.3393306700955094
476,22,5,6,5→6,10.0,4.403468782633581,3.115396738052368,1.909580646752147,2.2026491165161133,-1.288072044581213,-0.1288072044581213,-0.2930684697639663,-0.029306846976396628
476,23,5,12,5→12,10.0,0.6066621768986806,0.9888238310813904,0.2393998508050572,0.6660465002059937,0.38216165418270975,0.03821616541827098,-0.42664664940093644,-0.04266466494009365
476,24,5,17,5→17,2.4000000953674316,2.400001049041748,1.6361206769943237,0.0,0.7580962777137756,-0.7638803720474243,-0.31828347570564447,-0.7580962777137756,-0.31587343649572386
476,25,6,1,6→1,2.4000000953674316,1.2762255242050742,0.3982165455818176,0.7784172493791175,0.38794225454330444,-0.8780089786232566,-0.3658370598892982,0.39047499483581305,0.1626979080498881
476,26,6,2,6→2,10.0,5.532109440645556,3.3751378059387207,1.5013475513551384,1.2132844924926758,-2.156971634706835,-0.21569716347068352,0.28806305886246264,0.028806305886246265
476,27,6,4,6→4,10.0,2.1476548596838256,4.8185625076293945,4.382504987162903,1.24641752243042,2.670907647945569,0.2670907647945569,3.1360874647324835,0.3136087464732483
476,28,6,5,6→5,10.0,2.462954811635427,1.4998761415481567,0.6918407005432528,0.7721961140632629,-0.9630786700872704,-0.09630786700872704,-0.08035541352001019,-0.008035541352001019
476,29,6,13,6→13,0.1550000011920929,0.14141793252588286,0.12099504470825195,0.013583067044010022,0.03367473557591438,-0.020422887817630908,-0.13176056555200047,-0.02009166853190436,-0.12962366695084457
476,30,6,21,6→21,10.0,6.081978628506704,5.034278869628906,2.661278111972024,1.49176824092865,-1.0476997588777976,-0.10476997588777977,1.169509871043374,0.1169509871043374
476,31,7,4,7→4,2.4000000953674316,2.400001049041748,2.3873167037963867,0.0,0.012481344863772392,-0.012684345245361328,-0.005285143642221147,-0.012481344863772392,-0.00520056015325347
476,32,7,12,7→12,2.4000000953674316,2.400001049041748,2.3886072635650635,0.0,0.011223220266401768,-0.01139378547668457,-0.004747410426640096,-0.011223220266401768,-0.0046763415918462834
476,33,8,9,8→9,2.4000000953674316,2.400001049041748,2.399994134902954,0.0,5.960442194918869e-06,-6.9141387939453125e-06,-2.880891049667555e-06,-5.960442194918869e-06,-2.483517482530077e-06
476,34,8,19,8→19,2.4000000953674316,2.239778194227256,2.1440320014953613,0.12751583755016327,0.00900206994265318,-0.09574619273189455,-0.03989424538636785,0.11851376760751009,0.04938073454091511
476,35,9,0,9→0,10.0,6.782230524029799,8.245824813842773,3.217770429644517,0.7290022373199463,1.4635942898129741,0.14635942898129742,2.488768192324571,0.24887681923245708
476,36,9,8,9→8,2.4000000953674316,2.400001049041748,2.3999905586242676,0.0,9.5367431640625e-06,-1.049041748046875e-05,-4.371007109840428e-06,-9.5367431640625e-06,-3.973642827127662e-06
476,37,9,20,9→20,2.4000000953674316,1.6638697258267712,0.17281243205070496,0.7348783230947903,2.092935562133789,-1.4910572937760662,-0.6212738477194896,-1.3580572390389989,-0.5658571604477728
476,38,10,4,10→4,2.4000000953674316,1.9667845008209497,0.05737187713384628,0.3457609270933517,0.05171255022287369,-1.9094126236871034,-0.7955885615891107,0.294048376870478,0.12252015216085241
476,39,10,21,10→21,2.4000000953674316,1.4201979413944628,0.030073363333940506,0.2371834658347325,0.15030312538146973,-1.3901245780605223,-0.5792185511758069,0.08688034045326276,0.03620014041706181
476,40,11,12,11→12,0.1550000011920929,0.13691277262569201,0.14744846522808075,0.01808822694420087,0.00753774493932724,0.010535692602388735,0.06797220981522288,0.01055048200487363,0.06806762531439159
476,41,11,14,11→14,0.1550000011920929,0.15500099956989288,0.14446893334388733,0.0,0.010529442690312862,-0.010532066226005554,-0.06794881383873713,-0.010529442690312862,-0.06793188780214027
476,42,12,2,12→2,10.0,2.5545071276137605,3.648512125015259,1.3812279788598971,1.0696449279785156,1.0940049974014983,0.10940049974014983,0.3115830508813815,0.03115830508813815
476,43,12,4,12→4,10.0,5.846235330742047,4.79010009765625,3.862258566956598,1.405248999595642,-1.0561352330857972,-0.10561352330857972,2.4570095673609558,0.24570095673609557
476,44,12,5,12→5,10.0,4.282197139762729,3.9496712684631348,1.5973139856359921,2.7102415561676025,-0.33252587129959466,-0.03325258712995947,-1.1129275705316104,-0.11129275705316104
476,45,12,7,12→7,2.4000000953674316,1.7084321112779435,2.0361239910125732,0.6905882804511663,0.35995426774024963,0.32769187973462977,0.1365382777972187,0.33063401271091664,0.1377641664886258
476,46,12,11,12→11,0.1550000011920929,0.15500099956989288,0.1550000160932541,0.0,0.0,-9.834766387939453e-07,-6.345010524065183e-06,0.0,0.0
476,47,13,1,13→1,0.1550000011920929,0.057171138061676174,0.07465996593236923,0.0829716352163814,0.06267980486154556,0.017488827870693058,0.1128311466850829,0.020291830354835838,0.13091503354047068
476,48,13,6,13→6,0.1550000011920929,0.061228411257616244,0.04419977590441704,0.015037546909297816,0.038288190960884094,-0.017028635353199206,-0.10986216272408582,-0.023250644051586278,-0.15000415401785414
476,49,14,1,14→1,2.4000000953674316,1.4204550801264304,0.5415290594100952,0.8816093368036491,0.3892664313316345,-0.8789260207163352,-0.366219160746231,0.49234290547201454,0.20514286912836083
476,50,14,4,14→4,10.0,5.541500071422888,3.1987743377685547,4.2959536869311705,2.30363130569458,-2.3427257336543335,-0.23427257336543333,1.9923223812365904,0.19923223812365903
476,51,14,11,14→11,0.1550000011920929,0.15500099956989288,0.1549999713897705,0.0,2.980232594040899e-08,-1.0281801223754883e-06,-6.633420093340873e-06,-2.980232594040899e-08,-1.9227306910452665e-07
476,52,14,21,14→21,10.0,5.240281031005907,4.705934524536133,1.7217746563255787,2.995774745941162,-0.5343465064697739,-0.05343465064697739,-1.2740000896155834,-0.12740000896155834
476,53,15,0,15→0,2.4000000953674316,0.8953286360483617,1.151262879371643,1.3628300059353933,0.5965337753295898,0.2559342433232814,0.10663926381390362,0.7662962306058034,0.31929008339830345
476,54,15,21,15→21,2.4000000953674316,1.4756594185600989,1.259605884552002,0.6600505377282389,1.1135187149047852,-0.2160535340080969,-0.09002230225954215,-0.4534681771765463,-0.18894506631555857
476,55,16,3,16→3,2.4000000953674316,1.079544196209099,0.2731879949569702,0.26780022820457816,0.7091646790504456,-0.8063562012521288,-0.3359817371710056,-0.4413644508458674,-0.18390184721150857
476,56,16,18,16→18,10.0,1.4417348250153736,0.6153853535652161,0.871661263164242,1.69640052318573,-0.8263494714501576,-0.08263494714501576,-0.824739260021488,-0.0824739260021488
476,57,17,5,17→5,2.4000000953674316,0.7034310798626393,0.34341081976890564,0.037349704041844234,0.2270175665616989,-0.36002026009373367,-0.15000843574492267,-0.18966786251985468,-0.07902827290963803
476,58,17,21,17→21,2.4000000953674316,0.8171487861472997,1.182147741317749,1.3309946968220174,1.1484098434448242,0.36499895517044934,0.15208289194445607,0.1825848533771932,0.07607701921746804
476,59,18,4,18→4,10.0,3.1745580734602754,1.891155481338501,1.4924002010893673,0.8185665607452393,-1.2834025921217744,-0.12834025921217745,0.6738336403441281,0.06738336403441281
476,60,18,16,18→16,10.0,1.2546474370756187,0.9594136476516724,0.608274393613101,1.090232491493225,-0.2952337894239463,-0.02952337894239463,-0.4819580978801241,-0.04819580978801241
476,61,18,21,18→21,10.0,2.1786805767187616,2.4455084800720215,2.401508381591313,1.6572768688201904,0.2668279033532599,0.02668279033532599,0.7442315127711225,0.07442315127711226
476,62,19,0,19→0,2.4000000953674316,2.400001049041748,2.3999834060668945,0.0,1.6688965843059123e-05,-1.7642974853515625e-05,-7.351239230186175e-06,-1.6688965843059123e-05,-6.9537354916246784e-06
476,63,19,8,19→8,2.4000000953674316,0.5634996556909755,1.5908037424087524,0.10873109847307205,0.030168045312166214,1.027304086717777,0.42804335245682573,0.07856305316090584,0.032734604182954465
476,64,20,3,20→3,2.4000000953674316,1.6680091935602377,0.23810884356498718,0.7319918554815105,2.1355578899383545,-1.4299003499952505,-0.5957917888233825,-1.4035660344568441,-0.5848191577850597
476,65,20,9,20→9,2.4000000953674316,1.7720897535530185,0.26926571130752563,0.30442601317190565,1.712971568107605,-1.5028240422454928,-0.6261766593869305,-1.4085455549356993,-0.5868939579021375
476,66,21,6,21→6,10.0,2.0907311038383085,2.2827816009521484,3.1012171888198736,1.918365716934204,0.19205049711383992,0.01920504971138399,1.1828514718856695,0.11828514718856695
476,67,21,10,21→10,2.4000000953674316,1.942471105640152,0.008318841457366943,0.34452059745103725,0.01967887207865715,-1.934152264182785,-0.8058967447193677,0.3248417253723801,0.13535071352680425
476,68,21,14,21→14,10.0,4.075383744336023,4.109680652618408,2.401141822610498,3.487924098968506,0.03429690828238563,0.003429690828238563,-1.086782276358008,-0.10867822763580079
476,69,21,15,21→15,2.4000000953674316,1.1511798550498753,1.4423832893371582,1.2488211939918727,0.9459649920463562,0.2912034342872829,0.12133475946495771,0.30285620194551655,0.126190079129622
476,70,21,17,21→17,2.4000000953674316,0.4650925799842298,1.236547589302063,1.9349084690575182,1.1535316705703735,0.7714550093178332,0.3214395744429027,0.7813767984871447,0.3255736530991757
476,71,21,18,21→18,10.0,7.259945492203769,5.371411323547363,1.7645233690273017,3.418713331222534,-1.888534168656406,-0.1888534168656406,-1.6541899621952325,-0.16541899621952325
480,0,0,2,0→2,10.0,5.422751285441336,5.481231689453125,3.318390426276892,1.1050763130187988,0.05848040401178878,0.005848040401178878,2.213314113258093,0.2213314113258093
480,1,0,4,0→4,10.0,5.6879801095690254,6.818321704864502,1.0546792176849067,0.3542177677154541,1.1303415952954765,0.11303415952954765,0.7004614499694526,0.07004614499694525
480,2,0,9,0→9,10.0,5.2601886421671225,6.634904384613037,3.9256402695318684,1.569838285446167,1.3747157424459147,0.13747157424459147,2.3558019840857014,0.23558019840857014
480,3,0,15,0→15,2.4000000953674316,1.6176324268599274,2.203256607055664,0.7823686221818207,0.17859092354774475,0.5856241801957367,0.2440100653854681,0.6037776986340759,0.2515740311008778
480,4,0,19,0→19,2.4000000953674316,2.400001049041748,2.3999929428100586,0.0,7.15255464456277e-06,-8.106231689453125e-06,-3.377596403058513e-06,-7.15255464456277e-06,-2.9802309834774146e-06
480,5,1,6,1→6,2.4000000953674316,1.124663463779143,0.22855831682682037,1.1165494070010027,0.15073610842227936,-0.8961051469523227,-0.37337712972679366,0.9658132985787233,0.4024221917503135
480,6,1,13,1→13,0.1550000011920929,0.09462410001924582,0.07895729690790176,0.06037689955064707,0.0662403553724289,-0.015666803111344052,-0.10107614832807674,-0.005863455821781827,-0.03782874694636417
480,7,1,14,1→14,2.4000000953674316,0.7610529379016953,0.4475184679031372,0.26517287638853304,0.5278515815734863,-0.31353446999855805,-0.13063935730825754,-0.2626787051849533,-0.1094494561445999
480,8,2,0,2→0,10.0,5.370538364872061,6.417904853820801,1.0440892378683202,1.0104212760925293,1.0473664889487395,0.10473664889487395,0.0336679617757909,0.00336679617757909
480,9,2,6,2→6,10.0,6.54392881393693,6.438214302062988,3.3464061297345324,1.297865867614746,-0.10571451187394132,-0.010571451187394132,2.0485402621197863,0.20485402621197862
480,10,2,12,2→12,10.0,3.098433634455432,3.2938568592071533,3.397321464137349,1.5391405820846558,0.19542322475172114,0.019542322475172114,1.858180882052693,0.1858180882052693
480,11,3,4,3→4,10.0,2.5848814177431905,0.95079505443573,0.37628340073365507,1.8996481895446777,-1.6340863633074605,-0.16340863633074604,-1.5233647888110227,-0.15233647888110227
480,12,3,16,3→16,2.4000000953674316,2.0821790681875427,0.22749529778957367,0.2433839348886977,1.3898789882659912,-1.854683770397969,-0.7727848736247752,-1.1464950533772935,-0.47770625325819793
480,13,3,20,3→20,2.4000000953674316,1.6814093836874235,0.3205963969230652,0.20572009232273558,1.7050135135650635,-1.3608129867643584,-0.5670053886210461,-1.499293421242328,-0.6247055673607343
480,14,4,0,4→0,10.0,4.76137472931174,5.457430362701416,4.606103202005897,1.014617919921875,0.6960556333896761,0.06960556333896761,3.5914852820840224,0.35914852820840226
480,15,4,3,4→3,10.0,3.0271125372798906,1.0138928890228271,0.651150459976634,2.404057264328003,-2.0132196482570635,-0.20132196482570636,-1.752906804351369,-0.1752906804351369
480,16,4,6,4→6,10.0,3.3026382648620256,4.170970916748047,3.832844059724522,0.6298731565475464,0.8683326518860213,0.08683326518860213,3.2029709031769755,0.32029709031769754
480,17,4,7,4→7,2.4000000953674316,1.8020332117885118,2.154245615005493,0.5979678372532362,0.24027451872825623,0.35221240321698133,0.14675516217554935,0.35769331852498,0.1490388767964688
480,18,4,10,4→10,2.4000000953674316,2.2152560391041334,0.1170322597026825,0.17229286557267187,0.13219895958900452,-2.098223779401451,-0.8742598733439717,0.040093905983667355,0.016705793496032805
480,19,4,12,4→12,10.0,4.236229650967289,2.9715447425842285,0.20672604721039534,1.4590818881988525,-1.2646849083830602,-0.12646849083830602,-1.2523558409884572,-0.12523558409884572
480,20,4,14,4→14,10.0,1.4862872427397065,3.255183219909668,0.36282998850219883,1.5121138095855713,1.7688959771699615,0.17688959771699614,-1.1492838210833725,-0.11492838210833725
480,21,4,18,4→18,10.0,8.072453261089521,7.331829071044922,1.399408203396689,0.3392602205276489,-0.7406241900445991,-0.07406241900445991,1.06014798286904,0.10601479828690401
480,22,5,6,5→6,10.0,4.320894704644161,2.734880208969116,1.4324551821487148,1.8305857181549072,-1.5860144956750446,-0.15860144956750447,-0.3981305360061924,-0.03981305360061924
480,23,5,12,5→12,10.0,0.8215163401182508,0.7519978880882263,0.4045914865564555,0.42751818895339966,-0.06951845203002449,-0.006951845203002449,-0.022926702396944165,-0.0022926702396944163
480,24,5,17,5→17,2.4000000953674316,0.8500684735774656,1.7350729703903198,1.5499325754642825,0.6513777375221252,0.8850044968128542,0.3687518590191402,0.8985548379421573,0.37439783426533224
480,25,6,1,6→1,2.4000000953674316,1.001716226048302,0.27751851081848145,0.28475659507284945,0.33615756034851074,-0.7241977152298205,-0.30174903602199576,-0.05140096527566129,-0.02141706801382105
480,26,6,2,6→2,10.0,0.7766897688270546,2.6936779022216797,1.9387989136157557,0.6607614755630493,1.916988133394625,0.1916988133394625,1.2780374380527064,0.12780374380527065
480,27,6,4,6→4,10.0,7.700400463314509,5.05131721496582,2.202113361825468,1.4609075784683228,-2.6490832483486884,-0.2649083248348688,0.7412057833571453,0.07412057833571453
480,28,6,5,6→5,10.0,1.6710482713098997,1.420513391494751,2.1056448356537487,0.6253709197044373,-0.25053487981514877,-0.025053487981514876,1.4802739159493115,0.14802739159493114
480,29,6,13,6→13,0.1550000011920929,0.06841760836118738,0.08638068288564682,0.0865833912087055,0.0547313317656517,0.017963074524459444,0.1158908024923022,0.031852059443053804,0.20549715611665872
480,30,6,21,6→21,10.0,6.077111429010984,5.153140068054199,3.762436752731446,1.281616449356079,-0.9239713609567843,-0.09239713609567843,2.480820303375367,0.2480820303375367
480,31,7,4,7→4,2.4000000953674316,2.400001049041748,2.3961546421051025,0.0,0.003803370986133814,-0.003846406936645508,-0.0016026694932512644,-0.003803370986133814,-0.0015847378479172647
480,32,7,12,7→12,2.4000000953674316,2.400001049041748,2.39616322517395,0.0,0.0037914677523076534,-0.0038378238677978516,-0.0015990932147068495,-0.0037914677523076534,-0.0015797781673534447
480,33,8,9,8→9,2.4000000953674316,2.400001049041748,2.4000003337860107,0.0,0.0,-7.152557373046875e-07,-2.980232120345747e-07,0.0,0.0
480,34,8,19,8→19,2.4000000953674316,0.18884557858109471,1.9232308864593506,0.02935854345560074,0.0044882167130708694,1.7343853078782558,0.7226605162333244,0.02487032674252987,0.010362635730946632
480,35,9,0,9→0,10.0,6.67369112492247,8.38453483581543,3.326309828751846,0.6987369060516357,1.7108437108929593,0.17108437108929592,2.6275729227002103,0.26275729227002104
480,36,9,8,9→8,2.4000000953674316,2.400001049041748,2.399989128112793,0.0,1.0967255548166577e-05,-1.1920928955078125e-05,-4.967053533909578e-06,-1.0967255548166577e-05,-4.569689630152922e-06
480,37,9,20,9→20,2.4000000953674316,2.343294338172427,0.2831258773803711,0.016651280224323273,1.9902055263519287,-2.060168460792056,-0.8584034912201333,-1.9735542461276054,-0.8223142365440036
480,38,10,4,10→4,2.4000000953674316,0.3138473444269039,0.04812779277563095,0.5153211017604917,0.04401188716292381,-0.2657195516512729,-0.11071647545521959,0.4713092145975679,0.19637883161225964
480,39,10,21,10→21,2.4000000953674316,2.197918718909932,0.043960098177194595,0.1389132691110717,0.11430130898952484,-2.1539586207327375,-0.8974827229758814,0.024611960121546872,0.010254982976481452
480,40,11,12,11→12,0.1550000011920929,0.11930718099594628,0.1457662582397461,0.0356938185739466,0.009207386523485184,0.02645907724379981,0.17070372284067817,0.026486432050461417,0.1708802054629441
480,41,11,14,11→14,0.1550000011920929,0.15500099956989288,0.12801481783390045,0.0,0.026743704453110695,-0.02698618173599243,-0.17410439695770205,-0.026743704453110695,-0.17254002740275454
480,42,12,2,12→2,10.0,4.404678140301257,3.14866042137146,0.33900607583200326,0.615561306476593,-1.2560177189297974,-0.12560177189297975,-0.27655523064458976,-0.027655523064458974
480,43,12,4,12→4,10.0,4.009037329325764,4.935791015625,3.3324480853057707,1.270012378692627,0.9267536862992358,0.09267536862992358,2.062435706613144,0.20624357066131438
480,44,12,5,12→5,10.0,4.2492740818925085,3.6762561798095703,1.467895767709706,2.391280174255371,-0.5730179020829382,-0.057301790208293825,-0.9233844065456651,-0.0923384406545665
480,45,12,7,12→7,2.4000000953674316,2.400001049041748,2.06618332862854,0.0,0.32927465438842773,-0.333817720413208,-0.13909071131186837,-0.32927465438842773,-0.13719776721009544
480,46,12,11,12→11,0.1550000011920929,0.15500099956989288,0.1550000011920929,0.0,0.0,-9.98377799987793e-07,-6.44114704715708e-06,0.0,0.0
480,47,13,1,13→1,0.1550000011920929,0.07013429983635433,0.0637257993221283,0.030171213817084208,0.06802061200141907,-0.006408500514226034,-0.04134516428992747,-0.03784939818433486,-0.24418966382734256
480,48,13,6,13→6,0.1550000011920929,0.03794928270508535,0.04465799778699875,0.06836276449757861,0.029565682634711266,0.006708715081913397,0.04328203245365931,0.038797081862867344,0.25030375202891625
480,49,14,1,14→1,2.4000000953674316,0.7923994674047208,0.29623499512672424,1.043322834121227,0.2542876601219177,-0.49616447227799654,-0.20673518856758025,0.7890351739993093,0.3287646427691124
480,50,14,4,14→4,10.0,3.1652698056768713,2.9236392974853516,2.4388399730232777,2.2445480823516846,-0.24163050819151977,-0.024163050819151977,0.19429189067159314,0.019429189067159312
480,51,14,11,14→11,0.1550000011920929,0.15500099956989288,0.1550000011920929,0.0,0.0,-9.98377799987793e-07,-6.44114704715708e-06,0.0,0.0
480,52,14,21,14→21,10.0,3.7024305903519235,4.692568302154541,1.3405145315628033,2.791541576385498,0.9901377118026176,0.09901377118026175,-1.4510270448226947,-0.14510270448226947
480,53,15,0,15→0,2.4000000953674316,1.235334767276072,0.8744021058082581,0.1437419947978924,0.5424554944038391,-0.3609326614678139,-0.1503886029690163,-0.3987134996059467,-0.16613061823437347
480,54,15,21,15→21,2.4000000953674316,0.6920943269433337,1.0950078964233398,1.577441574758268,1.1395926475524902,0.4029135694800061,0.167880647279025,0.4378489272057777,0.1824370457530105
480,55,16,3,16→3,2.4000000953674316,1.0597536673667491,0.30124443769454956,0.2959596619111835,0.6986473202705383,-0.7585092296721996,-0.31604549980489666,-0.4026876583593548,-0.16778651764916067
480,56,16,18,16→18,10.0,2.1270428660345715,0.5506939888000488,0.18057043270573558,1.3778237104415894,-1.5763488772345227,-0.15763488772345227,-1.1972532777358538,-0.11972532777358538
480,57,17,5,17→5,2.4000000953674316,0.2790907428279752,0.3444601893424988,0.18452948385720444,0.21992164850234985,0.06536944651452359,0.027237268298739695,-0.03539216464514541,-0.014746734682828
480,58,17,21,17→21,2.4000000953674316,1.1805056302041521,1.125815749168396,1.138189960663567,1.103563904762268,-0.054689881035756116,-0.02278744952607316,0.03462605590129897,0.01442752271890966
480,59,18,4,18→4,10.0,0.9690518231363967,1.7560070753097534,2.2595417909499247,0.6301477551460266,0.7869552521733567,0.07869552521733567,1.629394035803898,0.1629394035803898
480,60,18,16,18→16,10.0,1.520290871936595,1.0730026960372925,0.7250953582115471,1.1538186073303223,-0.4472881758993026,-0.04472881758993026,-0.42872324911877513,-0.042872324911877514
480,61,18,21,18→21,10.0,1.8117079722715062,2.374490976333618,0.9326507328707976,1.4038970470428467,0.562783004062112,0.0562783004062112,-0.4712463141720491,-0.04712463141720491
480,62,19,0,19→0,2.4000000953674316,2.400001049041748,2.4000000953674316,0.0,0.0,-9.5367431640625e-07,-3.9736428271276624e-07,0.0,0.0
480,63,19,8,19→8,2.4000000953674316,0.11518894252367318,1.653192400932312,0.07886893302202225,0.020768677815794945,1.5380034584086388,0.6408347488724478,0.0581002552062273,0.02420843870730445
480,64,20,3,20→3,2.4000000953674316,2.379437094554305,0.3480205237865448,0.02056395448744297,2.030095338821411,-2.0314165707677603,-0.8464235375193839,-2.009531384333968,-0.8373047102009868
480,65,20,9,20→9,2.4000000953674316,1.5805594874545932,0.20507507026195526,0.10343243274837732,1.5943493843078613,-1.375484417192638,-0.5731184843899166,-1.490916951559484,-0.6212153717982373
480,66,21,6,21→6,10.0,2.557317592949545,1.6714205741882324,1.6412029265775345,1.426109790802002,-0.8858970187613124,-0.08858970187613124,0.21509313577553257,0.021509313577553257
480,67,21,10,21→10,2.4000000953674316,0.27834963023633463,0.019170787185430527,0.46652773322421126,0.014318646863102913,-0.2591788430509041,-0.10799118031335941,0.45220908636110835,0.188420445163306
480,68,21,14,21→14,10.0,5.396258990705121,4.143439292907715,4.029484752427834,3.1294162273406982,-1.2528196977974062,-0.12528196977974063,0.9000685250871356,0.09000685250871357
480,69,21,15,21→15,2.4000000953674316,2.3442707024514675,1.8793039321899414,0.05573034659028053,0.5154810547828674,-0.4649667702615261,-0.19373614657725308,-0.4597507081925869,-0.19156278746822328
480,70,21,17,21→17,2.4000000953674316,2.2780898064374924,1.415053129196167,0.12191124260425568,0.9817128777503967,-0.8630366772413254,-0.3595986012280543,-0.859801635146141,-0.35825066707528963
480,71,21,18,21→18,10.0,3.5137983907495993,5.354363918304443,3.537811145124806,3.2870469093322754,1.840565527554844,0.1840565527554844,0.2507642357925306,0.02507642357925306
485,0,0,2,0→2,10.0,3.8960070381287153,5.734189033508301,4.372914881030141,1.2060424089431763,1.8381819953795855,0.18381819953795855,3.1668724720869648,0.31668724720869645
485,1,0,4,0→4,10.0,6.6592487159232405,6.557977676391602,0.7231232229387388,0.2921975553035736,-0.10127103953163896,-0.010127103953163897,0.43092566763516515,0.04309256676351651
485,2,0,9,0→9,10.0,5.035853891822626,6.450748443603516,3.256695515040292,1.536344289779663,1.4148945517808897,0.14148945517808897,1.7203512252606288,0.17203512252606287
485,3,0,15,0→15,2.4000000953674316,1.5013778863446419,2.1270196437835693,0.8986231626971062,0.24586687982082367,0.6256417574389275,0.26068405524089944,0.6527562828762825,0.2719817737241997
485,4,0,19,0→19,2.4000000953674316,2.400001049041748,2.3999977111816406,0.0,2.3841860183893004e-06,-3.337860107421875e-06,-1.3907749894946817e-06,-2.3841860183893004e-06,-9.934108015209433e-07
485,5,1,6,1→6,2.4000000953674316,1.6866716022652213,0.21320892870426178,0.5595201245769204,0.1528509110212326,-1.4734626735609595,-0.6139427562545066,0.40666921355568775,0.16944549891504404
485,6,1,13,1→13,0.1550000011920929,0.1508498633538693,0.0632261112332344,0.004151136216023588,0.0616641491651535,-0.08762375212063489,-0.5653145254627578,-0.057513012949129916,-0.37105169359226986
485,7,1,14,1→14,2.4000000953674316,2.033658245811239,0.5010925531387329,0.14733508370153459,0.6019698977470398,-1.532565692672506,-0.6385690132390913,-0.4546348140455052,-0.1894311649916423
485,8,2,0,2→0,10.0,6.363483753684704,6.137904644012451,1.890633497042245,1.0293097496032715,-0.22557910967225325,-0.022557910967225325,0.8613237474389734,0.08613237474389734
485,9,2,6,2→6,10.0,2.1398829015398917,6.644620418548584,2.9964474495620266,1.435896635055542,4.504737517008692,0.45047375170086923,1.5605508145064846,0.15605508145064845
485,10,2,12,2→12,10.0,3.8110420948360115,3.0555386543273926,4.303506337930372,1.410575032234192,-0.755503440508619,-0.07555034405086189,2.8929313056961803,0.28929313056961803
485,11,3,4,3→4,10.0,0.6847072490245409,0.9624844789505005,0.42963823535410484,1.8546409606933594,0.27777722992595955,0.027777722992595955,-1.4250027253392545,-0.14250027253392544
485,12,3,16,3→16,2.4000000953674316,2.250811667540802,0.15830467641353607,0.12810837765300676,1.5651745796203613,-2.092506991127266,-0.8718778783243799,-1.4370662019673546,-0.5987775603597819
485,13,3,20,3→20,2.4000000953674316,1.7404964895795274,0.3278460204601288,0.6261462835489056,1.6288230419158936,-1.4126504691193986,-0.5886043387440477,-1.002676758366988,-0.4177819660517479
485,14,4,0,4→0,10.0,3.608378457045262,5.432547092437744,2.996823185725873,1.0732128620147705,1.824168635392482,0.1824168635392482,1.9236103237111024,0.19236103237111024
485,15,4,3,4→3,10.0,2.188732817328855,0.9751290678977966,1.0147148019848373,2.2199742794036865,-1.2136037494310585,-0.12136037494310585,-1.2052594774188492,-0.12052594774188492
485,16,4,6,4→6,10.0,3.5502117099916575,4.227412700653076,1.8507233188481678,0.7146313190460205,0.6772009906614187,0.06772009906614188,1.1360919998021473,0.11360919998021472
485,17,4,7,4→7,2.4000000953674316,2.1379026230424643,1.8424254655838013,0.2620984259992838,0.5446257591247559,-0.295477157458663,-0.12311547738227338,-0.28252733312547207,-0.11771971745785206
485,18,4,10,4→10,2.4000000953674316,2.1007157230986593,0.0822487398982048,0.2884799080722189,0.1939624547958374,-2.0184669832004545,-0.8410278762474108,0.0945174532763815,0.039382270633581455
485,19,4,12,4→12,10.0,4.483120167249581,2.978790044784546,1.1132544765714556,1.6144808530807495,-1.504330122465035,-0.1504330122465035,-0.5012263765092939,-0.05012263765092939
485,20,4,14,4→14,10.0,6.916180225678545,3.541858673095703,0.47146803166833706,1.8668885231018066,-3.374321552582842,-0.3374321552582842,-1.3954204914334696,-0.13954204914334695
485,21,4,18,4→18,10.0,6.189061876684235,7.376456260681152,3.773621130786097,0.277454674243927,1.1873943839969172,0.11873943839969173,3.49616645654217,0.349616645654217
485,22,5,6,5→6,10.0,4.998557915743419,2.489990472793579,2.213786369335139,1.6538143157958984,-2.5085674429498397,-0.25085674429498395,0.5599720535392407,0.05599720535392407
485,23,5,12,5→12,10.0,0.761420421738876,0.7552561163902283,0.4091427447492606,0.4614872336387634,-0.006164305348647758,-0.0006164305348647758,-0.05234448888950283,-0.005234448888950282
485,24,5,17,5→17,2.4000000953674316,2.309081386658363,1.485617756843567,0.090919662383385,0.8792513012886047,-0.8234636298147961,-0.3431098321222053,-0.7883316389052197,-0.3284715031582234
485,25,6,1,6→1,2.4000000953674316,2.0825033492928924,0.2123287469148636,0.19184056103222247,0.363427996635437,-1.8701746023780288,-0.7792393866933208,-0.17158743560321454,-0.07149476199372613
485,26,6,2,6→2,10.0,0.8446746408480976,2.531189441680908,2.1058360491631447,0.7071733474731445,1.6865148008328106,0.16865148008328107,1.3986627016900002,0.13986627016900002
485,27,6,4,6→4,10.0,3.933506031580265,5.073934555053711,3.2434855384620676,1.6307214498519897,1.140428523473446,0.1140428523473446,1.6127640886100778,0.16127640886100778
485,28,6,5,6→5,10.0,3.0693435946886893,1.3295109272003174,0.5976539236071403,0.7392969131469727,-1.739832667488372,-0.17398326674883718,-0.14164298953983234,-0.014164298953983235
485,29,6,13,6→13,0.1550000011920929,0.012361299834992677,0.10341338813304901,0.13483806986732816,0.04696447402238846,0.09105208829805633,0.5874328232114957,0.0878735958449397,0.5669264204458757
485,30,6,21,6→21,10.0,5.237837219316276,5.534826755523682,2.319078193054935,1.3527429103851318,0.29698953620740554,0.029698953620740553,0.9663352826698031,0.09663352826698031
485,31,7,4,7→4,2.4000000953674316,2.400001049041748,2.3949859142303467,0.0,0.004948058165609837,-0.005015134811401367,-0.0020896394217157594,-0.004948058165609837,-0.0020616908204131993
485,32,7,12,7→12,2.4000000953674316,2.400001049041748,2.393691301345825,0.0,0.0062042782083153725,-0.0063097476959228516,-0.0026290614354983395,-0.0062042782083153725,-0.002585115817408132
485,33,8,9,8→9,2.4000000953674316,2.400001049041748,2.39997935295105,0.0,2.0741896150866523e-05,-2.1696090698242188e-05,-9.040037431715432e-06,-2.0741896150866523e-05,-8.642456386107355e-06
485,34,8,19,8→19,2.4000000953674316,0.9626852869987487,1.881548285484314,0.010568743571639061,0.0017791145946830511,0.9188629984855653,0.38285956748884653,0.00878962897695601,0.0036623452615364787
485,35,9,0,9→0,10.0,6.2202821512661615,8.329370498657227,3.779718802408155,0.6861835718154907,2.109088347391065,0.21090883473910652,3.093535230592664,0.30935352305926644
485,36,9,8,9→8,2.4000000953674316,2.400001049041748,2.399991035461426,0.0,9.059905096364673e-06,-1.0013580322265625e-05,-4.172324968484045e-06,-9.059905096364673e-06,-3.7749603068151685e-06
485,37,9,20,9→20,2.4000000953674316,2.2632382252877505,0.1416623741388321,0.079550647632459,2.1058554649353027,-2.1215758511489184,-0.8839899028521132,-2.0263048173028437,-0.8442936403269699
485,38,10,4,10→4,2.4000000953674316,0.03579510856889101,0.034054234623909,0.04003713550446264,0.04809263348579407,-0.0017408739449820132,-0.0007253641149191253,-0.008055497981331428,-0.003356457358847796
485,39,10,21,10→21,2.4000000953674316,2.1050746209319584,0.025966621935367584,0.26055973043381186,0.14312277734279633,-2.079107998996591,-0.8662949651584437,0.11743695309101554,0.0489320618435377
485,40,11,12,11→12,0.1550000011920929,0.11348424660036471,0.13424500823020935,0.04151675296952817,0.0205941554158926,0.020760761629844637,0.13394039658177576,0.02092259755363557,0.13498449930788067
485,41,11,14,11→14,0.1550000011920929,0.15405900338691936,0.13351541757583618,0.0009419961829735257,0.02145233005285263,-0.020543585811083176,-0.1325392622779617,-0.020510333869879105,-0.13232473362668212
485,42,12,2,12→2,10.0,3.493920458191951,2.9773707389831543,0.6435420375710237,0.6706966161727905,-0.5165497192087969,-0.051654971920879686,-0.027154578601766843,-0.0027154578601766843
485,43,12,4,12→4,10.0,5.890815231913024,4.8483476638793945,3.9864178740896534,1.4371836185455322,-1.0424675680336293,-0.10424675680336293,2.549234255544121,0.2549234255544121
485,44,12,5,12→5,10.0,4.3653182998238265,3.2424187660217285,2.504214260756271,2.3489909172058105,-1.122899533802098,-0.11228995338020979,0.1552233435504604,0.015522334355046042
485,45,12,7,12→7,2.4000000953674316,1.482974539860152,1.799362063407898,0.9170265091815961,0.5913702249526978,0.316387523547746,0.13182812957318163,0.32565628422889836,0.13569011303686698
485,46,12,11,12→11,0.1550000011920929,0.15500099956989288,0.1549999862909317,0.0,1.4901160305669237e-08,-1.0132789611816406e-06,-6.537283570248976e-06,-1.4901160305669237e-08,-9.613651736171341e-08
485,47,13,1,13→1,0.1550000011920929,0.0009692510357126594,0.06922317296266556,0.06255150302348511,0.0665532723069191,0.0682539219269529,0.44034788001301495,-0.004001769283433987,-0.025817866146172208
485,48,13,6,13→6,0.1550000011920929,0.11295313893788261,0.04509441554546356,0.03438625678501239,0.028475595638155937,-0.06785872339241905,-0.43779821206788977,0.005910661146856455,0.03813329742837434
485,49,14,1,14→1,2.4000000953674316,1.5148734944888815,0.22396379709243774,0.34537304828154447,0.24100251495838165,-1.2909096973964438,-0.5378790192084597,0.10437053332316282,0.04348772048993775
485,50,14,4,14→4,10.0,4.734282982006334,2.908586263656616,2.1466337443250154,2.265953540802002,-1.8256967183497181,-0.1825696718349718,-0.11931979647698654,-0.011931979647698654
485,51,14,11,14→11,0.1550000011920929,0.15500099956989288,0.1550000011920929,0.0,0.0,-9.98377799987793e-07,-6.44114704715708e-06,0.0,0.0
485,52,14,21,14→21,10.0,4.6492981452106505,5.03378963470459,2.2252848305215593,3.1629786491394043,0.3844914894939393,0.03844914894939393,-0.937693818617845,-0.09376938186178449
485,53,15,0,15→0,2.4000000953674316,1.0301232236060969,1.0160040855407715,0.7421455170951958,0.6127079129219055,-0.014119138065325387,-0.005882973960117196,0.1294376041732903,0.05393233292912593
485,54,15,21,15→21,2.4000000953674316,1.0564486939829294,1.1256834268569946,1.048841255134903,1.1569364070892334,0.06923473287406523,0.028847804217885097,-0.1080951519543305,-0.04503964485792302
485,55,16,3,16→3,2.4000000953674316,0.13289426717346942,0.25108978152275085,0.17912442772649229,0.716238796710968,0.11819551434928144,0.049248129021922445,-0.5371143689844757,-0.22379764485061213
485,56,16,18,16→18,10.0,2.645024250638926,0.5748596787452698,0.2957672444417767,1.7026773691177368,-2.070164571893656,-0.20701645718936562,-1.40691012467596,-0.14069101246759602
485,57,17,5,17→5,2.4000000953674316,0.8983494428393897,0.4292285442352295,0.03927469492191449,0.30178380012512207,-0.4691208986041602,-0.1954670333179047,-0.2625091052032076,-0.10937878948834723
485,58,17,21,17→21,2.4000000953674316,0.690715051812731,1.1669385433197021,1.3874222375707177,1.119274377822876,0.4762234915069712,0.19842644690981273,0.2681478597478417,0.11172827045525147
485,59,18,4,18→4,10.0,4.347939442467094,1.792313814163208,1.0741206460888861,0.7060629725456238,-2.5556256283038863,-0.25556256283038864,0.36805767354326235,0.03680576735432624
485,60,18,16,18→16,10.0,0.6789852494039224,0.8443045020103455,0.6063769932370633,1.0936497449874878,0.1653192526064231,0.01653192526064231,-0.4872727517504245,-0.04872727517504245
485,61,18,21,18→21,10.0,1.6832743398474008,2.2705278396606445,1.4146928778591246,1.329345703125,0.5872534998132437,0.05872534998132437,0.08534717473412456,0.008534717473412456
485,62,19,0,19→0,2.4000000953674316,2.400001049041748,2.399975299835205,0.0,2.4794422643026337e-05,-2.574920654296875e-05,-1.0728835633244688e-05,-2.4794422643026337e-05,-1.0331009024076892e-05
485,63,19,8,19→8,2.4000000953674316,0.2058702064678073,1.7653098106384277,0.1294417530298233,0.0251635629683733,1.5594396041706204,0.6497664759183586,0.10427819006145,0.043449244132419663
485,64,20,3,20→3,2.4000000953674316,2.3369632194990118,0.22099392116069794,0.06303782954273629,2.1543009281158447,-2.115969298338314,-0.8816538392738548,-2.0912630985731084,-0.8713595897807427
485,65,20,9,20→9,2.4000000953674316,1.6385998831628967,0.22063586115837097,0.5333590380098485,1.530511498451233,-1.4179640220045258,-0.590818319024875,-0.9971524604413844,-0.415480175340878
485,66,21,6,21→6,10.0,2.9786140290965193,1.4506466388702393,1.4895754962344654,1.3437526226043701,-1.52796739022628,-0.152796739022628,0.14582287363009527,0.014582287363009528
485,67,21,10,21→10,2.4000000953674316,0.0661456643292695,0.0032317237928509712,0.03999622669653036,0.026513507589697838,-0.06291394053641852,-0.026214140848518017,0.01348271910683252,0.005617799404615591
485,68,21,14,21→14,10.0,1.9443441600416804,4.113541603088379,3.9680166836024,3.161024808883667,2.1691974430466985,0.21691974430466984,0.806991874718733,0.0806991874718733
485,69,21,15,21→15,2.4000000953674316,2.3998731385302676,1.9147813320159912,0.0,0.4806798994541168,-0.4850918065142764,-0.20212157801602526,-0.4806798994541168,-0.2002832834806727
485,70,21,17,21→17,2.4000000953674316,0.5003849534547555,1.3327549695968628,1.8996160955869925,1.0501008033752441,0.8323700161421073,0.34682082627778993,0.8495152922117484,0.3539646910229354
485,71,21,18,21→18,10.0,6.563202984859515,5.605041027069092,2.474353960957899,3.434921979904175,-0.9581619577904235,-0.09581619577904235,-0.960568018946276,-0.09605680189462759
490,0,0,2,0→2,10.0,5.404421745151922,5.775721549987793,1.3074411082070583,1.4577486515045166,0.3712998048358713,0.037129980483587136,-0.15030754329745832,-0.015030754329745832
490,1,0,4,0→4,10.0,7.047466950250964,6.42932653427124,2.865924027811161,0.3376729488372803,-0.6181404159797239,-0.061814041597972394,2.528251078973881,0.2528251078973881
490,2,0,9,0→9,10.0,6.168465401598951,6.331139087677002,1.960903037968819,1.5983524322509766,0.1626736860780511,0.01626736860780511,0.3625506057178425,0.03625506057178425
490,3,0,15,0→15,2.4000000953674316,2.2407651096582413,2.2079498767852783,0.15923593938350677,0.1692322939634323,-0.03281523287296295,-0.01367301315375117,-0.009996354579925537,-0.004165147576127546
490,4,0,19,0→19,2.4000000953674316,2.400001049041748,2.3999850749969482,0.0,1.502036138845142e-05,-1.5974044799804688e-05,-6.655851735438834e-06,-1.502036138845142e-05,-6.258483663164961e-06
490,5,1,6,1→6,2.4000000953674316,0.3759072499624381,0.21711541712284088,0.554457868274767,0.2137499451637268,-0.1587918328395972,-0.06616326105407372,0.34070792311104015,0.14196162898855175
490,6,1,13,1→13,0.1550000011920929,0.06456000976686482,0.06139218807220459,0.09044098980302806,0.0676029771566391,-0.0031678216946602333,-0.02043755916320493,0.02283801264638896,0.14734201594028123
490,7,1,14,1→14,2.4000000953674316,0.3617508345050737,0.41360706090927124,0.26684492454879205,0.7484092712402344,0.051856226404197514,0.021606760143173455,-0.4815643466914423,-0.20065180314824801
490,8,2,0,2→0,10.0,5.384820703009609,5.976071357727051,2.064997677160136,1.0062804222106934,0.5912506547174416,0.05912506547174416,1.0587172549494426,0.10587172549494425
490,9,2,6,2→6,10.0,5.611831429166081,6.166528224945068,1.9924018376636212,1.4717211723327637,0.5546967957789875,0.055469679577898744,0.5206806653308576,0.05206806653308575
490,10,2,12,2→12,10.0,3.6629968139059983,3.0700998306274414,1.2913676997850416,1.5301265716552734,-0.5928969832785569,-0.05928969832785569,-0.23875887187023181,-0.02387588718702318
490,11,3,4,3→4,10.0,1.471991231861466,0.875492513179779,1.3657714945456974,1.583827257156372,-0.596498718681687,-0.059649871868168704,-0.21805576261067472,-0.021805576261067473
490,12,3,16,3→16,2.4000000953674316,0.132807539019268,0.15924149751663208,2.180933530604989,1.5421730279922485,0.026433958497364074,0.01101414893623874,0.6387605026127403,0.2661501988461164
490,13,3,20,3→20,2.4000000953674316,0.4441658939467743,0.2785559594631195,1.9263921505553299,1.699639081954956,-0.1656099344836548,-0.06900413662621147,0.2267530686003738,0.09448044149584031
490,14,4,0,4→0,10.0,7.277338513315044,5.45262336730957,0.526933895701404,1.0119966268539429,-1.8247151460054738,-0.1824715146005474,-0.48506273115253884,-0.048506273115253885
490,15,4,3,4→3,10.0,0.6607157299149549,0.9279535412788391,3.0612983727285155,2.1673030853271484,0.26723781136388425,0.026723781136388423,0.893995287401367,0.08939952874013671
490,16,4,6,4→6,10.0,6.47194872101295,4.187094688415527,3.030021035132677,0.8295794725418091,-2.2848540325974227,-0.22848540325974226,2.2004415625908678,0.22004415625908677
490,17,4,7,4→7,2.4000000953674316,1.9899358308757655,1.6679408550262451,0.4100652181659825,0.7126030921936035,-0.3219949758495204,-0.13416456793941256,-0.302537874027621,-0.12605744250243603
490,18,4,10,4→10,2.4000000953674316,0.15942455972981406,0.048393364995718,1.5516722402026062,0.3689073324203491,-0.11103119473409606,-0.046262995967547065,1.182764907782257,0.4928186919930851
490,19,4,12,4→12,10.0,2.1965826046216534,2.3606014251708984,0.5082224423531443,1.2662553787231445,0.164018820549245,0.0164018820549245,-0.7580329363700002,-0.07580329363700003
490,20,4,14,4→14,10.0,4.718886178918183,3.1140050888061523,2.7804237545933574,1.364910364151001,-1.6048810901120305,-0.16048810901120306,1.4155133904423565,0.14155133904423564
490,21,4,18,4→18,10.0,8.076261937226796,7.1985063552856445,1.6542416599243168,0.3118518888950348,-0.8777555819411518,-0.08777555819411517,1.342389771029282,0.1342389771029282
490,22,5,6,5→6,10.0,3.162280892865965,2.5228140354156494,1.8572915186778118,1.7358170747756958,-0.6394668574503157,-0.06394668574503157,0.12147444390211604,0.012147444390211603
490,23,5,12,5→12,10.0,1.7503323115561216,0.5420470237731934,1.3856867722046644,0.28820547461509705,-1.2082852877829282,-0.12082852877829282,1.0974812975895674,0.10974812975895673
490,24,5,17,5→17,2.4000000953674316,1.093005222195643,1.225848913192749,1.0556019516779998,1.0100646018981934,0.13284369099710602,0.05535153571598843,0.04553734977980639,0.01897389498763115
490,25,6,1,6→1,2.4000000953674316,0.2193009341481229,0.19589364528656006,0.18290305116238414,0.5673317909240723,-0.023407288861562847,-0.009753036638100331,-0.3844287397616881,-0.16017863520244294
490,26,6,2,6→2,10.0,2.2526240163160764,2.369626998901367,0.9070245290422463,0.6337423324584961,0.11700298258529074,0.011700298258529074,0.2732821965837502,0.02732821965837502
490,27,6,4,6→4,10.0,5.918863029962644,4.67903470993042,3.918050666025401,1.4121392965316772,-1.239828320032224,-0.1239828320032224,2.505911369493724,0.2505911369493724
490,28,6,5,6→5,10.0,2.980153293305193,1.2184116840362549,2.504534151793834,0.7815911769866943,-1.7617416092689382,-0.1761741609268938,1.7229429748071396,0.17229429748071395
490,29,6,13,6→13,0.1550000011920929,0.08511971616417213,0.09264214336872101,0.049545222004326206,0.05811235308647156,0.007522427204548876,0.04853178804319017,-0.008567131082145352,-0.05527181300810462
490,30,6,21,6→21,10.0,7.738298723251319,5.036859512329102,1.9879323612423505,1.389116883277893,-2.701439210922217,-0.27014392109222174,0.5988154779644574,0.05988154779644574
490,31,7,4,7→4,2.4000000953674316,2.400001049041748,2.396407127380371,0.0,0.0035617793910205364,-0.003593921661376953,-0.0014974672994030596,-0.0035617793910205364,-0.001484074687286727
490,32,7,12,7→12,2.4000000953674316,2.400001049041748,2.396646022796631,0.0,0.003306420287117362,-0.0033550262451171875,-0.0013979275465835115,-0.003306420287117362,-0.0013776750648883456
490,33,8,9,8→9,2.4000000953674316,2.400001049041748,2.399994373321533,0.0,5.7219394875573926e-06,-6.67572021484375e-06,-2.7815499789893635e-06,-5.7219394875573926e-06,-2.384141358411648e-06
490,34,8,19,8→19,2.4000000953674316,0.3029526570643739,1.9798767566680908,0.06690169870853424,0.008554203435778618,1.676924099603717,0.6987183470703094,0.05834749527275562,0.024311455397597735
490,35,9,0,9→0,10.0,7.881000922584462,7.978422164916992,2.119000031089854,0.7586714625358582,0.0974212423325298,0.00974212423325298,1.3603285685539959,0.1360328568553996
490,36,9,8,9→8,2.4000000953674316,2.400001049041748,2.3999884128570557,0.0,1.1682510375976562e-05,-1.2636184692382812e-05,-5.2650767459441525e-06,-1.1682510375976562e-05,-4.8677124632313865e-06
490,37,9,20,9→20,2.4000000953674316,0.14580782980192453,0.1420542597770691,2.2401631737357093,2.167496919631958,-0.003753570024855435,-0.0015639874482091536,0.07266625410375127,0.030277604673439117
490,38,10,4,10→4,2.4000000953674316,0.16023731406312436,0.03222053870558739,0.06118245811012457,0.04153706878423691,-0.12801677535753697,-0.053340320946086484,0.019645389325887663,0.008185578560520858
490,39,10,21,10→21,2.4000000953674316,0.15742079209553594,0.028422288596630096,1.5513859711320492,0.357322633266449,-0.12899850349890585,-0.05374937432206919,1.1940633378656003,0.4975263710074117
490,40,11,12,11→12,0.1550000011920929,0.15187825614702888,0.14306175708770752,0.003122743422864005,0.011898376978933811,-0.008816499059321359,-0.056880638654931315,-0.008775633556069806,-0.05661699024888448
490,41,11,14,11→14,0.1550000011920929,0.12808813495901455,0.13722410798072815,0.02691286461087833,0.017655106261372566,0.009135973021713595,0.05894176097709381,0.009257758349505762,0.059727472763258495
490,42,12,2,12→2,10.0,1.8874901121671428,2.7973244190216064,1.333995007152609,0.5320520401000977,0.9098343068544636,0.09098343068544637,0.8019429670525113,0.08019429670525113
490,43,12,4,12→4,10.0,7.08026539825233,4.5814361572265625,1.0010412694855404,1.4393892288208008,-2.498829241025767,-0.2498829241025767,-0.4383479593352604,-0.04383479593352604
490,44,12,5,12→5,10.0,3.6065492949273903,3.31032133102417,1.7098179350796272,2.676579475402832,-0.29622796390322037,-0.02962279639032204,-0.9667615403232048,-0.09667615403232048
490,45,12,7,12→7,2.4000000953674316,1.2687790377363655,1.6102157831192017,1.1312220113053826,0.7775723338127136,0.3414367453828362,0.14226530492306644,0.35364967749266896,0.14735402643328913
490,46,12,11,12→11,0.1550000011920929,0.15500099956989288,0.1549999862909317,0.0,1.4901159417490817e-08,-1.0132789611816406e-06,-6.537283570248976e-06,-1.4901159417490817e-08,-9.613651163153009e-08
490,47,13,1,13→1,0.1550000011920929,0.020241420446836855,0.06942649185657501,0.04062817844751976,0.07055976241827011,0.04918507140973816,0.3173230389126427,-0.029931583970750353,-0.19310699187450892
490,48,13,6,13→6,0.1550000011920929,0.08764410046342164,0.03879138454794884,0.04971881265313982,0.019864870235323906,-0.0488527159154728,-0.3151788099338734,0.029853942417815915,0.19260607863362308
490,49,14,1,14→1,2.4000000953674316,0.3253895393163475,0.19018614292144775,0.5815916866624775,0.27277469635009766,-0.13520339639489976,-0.056334746259333206,0.30881699031237986,0.12867374085045652
490,50,14,4,14→4,10.0,5.604876290875453,2.575195550918579,2.4660965785131594,2.046241044998169,-3.0296807399568735,-0.30296807399568737,0.4198555335149905,0.04198555335149905
490,51,14,11,14→11,0.1550000011920929,0.15500099956989288,0.1550000011920929,0.0,0.0,-9.98377799987793e-07,-6.44114704715708e-06,0.0,0.0
490,52,14,21,14→21,10.0,2.1161844119487796,4.739862442016602,1.363957866527926,2.764481544494629,2.623678030067822,0.2623678030067822,-1.400523677966703,-0.1400523677966703
490,53,15,0,15→0,2.4000000953674316,0.4784392902192849,1.4359582662582397,1.7454164801165462,0.9127013087272644,0.9575189760389549,0.3989662241627378,0.8327151713892817,0.34696464095839796
490,54,15,21,15→21,2.4000000953674316,1.8898750893886245,0.9851776361465454,0.3705579139177644,1.0349526405334473,-0.9046974532420791,-0.376957257205264,-0.6643947266156829,-0.2768311250895873
490,55,16,3,16→3,2.4000000953674316,1.256490944444522,0.24557563662528992,0.300538411159323,0.5491253137588501,-1.0109153078192321,-0.42121469485377855,-0.2485869025995271,-0.10357787196732145
490,56,16,18,16→18,10.0,0.47365054509805304,0.5979303121566772,2.2911048959906566,1.677108883857727,0.1242797670586242,0.012427976705862421,0.6139960121329295,0.06139960121329295
490,57,17,5,17→5,2.4000000953674316,0.004792361261934275,0.35230904817581177,0.7620563925011083,0.22811377048492432,0.3475166869138775,0.14479861379366898,0.533942622016184,0.22247608366633806
490,58,17,21,17→21,2.4000000953674316,1.4514016474495293,1.1064316034317017,0.5353144225591677,1.0710830688476562,-0.3449700440178276,-0.1437375126291459,-0.5357686462884885,-0.22323692708289838
490,59,18,4,18→4,10.0,0.69511958821181,1.7216602563858032,0.92515585070214,0.59992915391922,1.0265406681739933,0.10265406681739933,0.32522669678292004,0.032522669678292
490,60,18,16,18→16,10.0,1.7523070601068866,0.823935866355896,0.7030171476799296,0.9446873664855957,-0.9283711937509906,-0.09283711937509906,-0.24167021880566608,-0.02416702188056661
490,61,18,21,18→21,10.0,2.879775278001034,2.2772295475006104,1.2575347078011418,1.263116717338562,-0.6025457305004238,-0.06025457305004238,-0.005582009537420163,-0.0005582009537420163
490,62,19,0,19→0,2.4000000953674316,2.400001049041748,2.399995803833008,0.0,4.291453478799667e-06,-5.245208740234375e-06,-2.185503554920214e-06,-4.291453478799667e-06,-1.7881055451135975e-06
490,63,19,8,19→8,2.4000000953674316,0.22439907025545835,1.6675901412963867,0.04295909032225609,0.010042178444564342,1.4431910710409284,0.6013295890390291,0.032916911877691746,0.013715379404038016
490,64,20,3,20→3,2.4000000953674316,0.16645537909062114,0.1759042590856552,2.233545669951127,2.1918258666992188,0.009448879995034076,0.003937033174820556,0.04171980325190816,0.017383250664213413
490,65,20,9,20→9,2.4000000953674316,0.3902239912713412,0.21908661723136902,1.8743906314957712,1.6366207599639893,-0.1711373740399722,-0.07130723634982676,0.23776987153178197,0.09907077586819021
490,66,21,6,21→6,10.0,4.3413462906953555,1.3132946491241455,2.9185181579052824,1.3989959955215454,-3.02805164157121,-0.302805164157121,1.519522162383737,0.15195221623837368
490,67,21,10,21→10,2.4000000953674316,0.14853314064384904,0.003542889840900898,0.05369243181485217,0.02306751348078251,-0.14499025080294814,-0.060412602100647264,0.030624918334069662,0.012760382132143663
490,68,21,14,21→14,10.0,2.8742404930235352,3.873525619506836,1.3295866625551298,2.9091620445251465,0.9992851264833007,0.09992851264833007,-1.5795753819700167,-0.15795753819700167
490,69,21,15,21→15,2.4000000953674316,1.718600326998967,1.914665937423706,0.6814007220427811,0.4787583649158478,0.19606561042473913,0.08169400109741336,0.20264235712693335,0.08443431211443744
490,70,21,17,21→17,2.4000000953674316,1.1651111850951565,1.0420708656311035,1.0078863044764148,1.0111223459243774,-0.12304031946405303,-0.051266797739529246,-0.0032360414479626343,-0.0013483505497391272
490,71,21,18,21→18,10.0,6.015374741342384,5.238509178161621,2.1821949540082315,3.3626868724823,-0.7768655631807633,-0.07768655631807633,-1.1804919184740683,-0.11804919184740684
495,0,0,2,0→2,10.0,3.781542738403914,5.66760778427124,3.3135554598181898,1.3261516094207764,1.8860650458673263,0.18860650458673262,1.9874038503974134,0.19874038503974134
495,1,0,4,0→4,10.0,7.2589618862556335,6.954499244689941,1.9420456695770556,0.26686349511146545,-0.30446264156569214,-0.030446264156569213,1.6751821744655901,0.167518217446559
495,2,0,9,0→9,10.0,4.41931810461756,6.2212934494018555,3.212862849934936,1.5113108158111572,1.8019753447842959,0.1801975344784296,1.7015520341237789,0.1701552034123779
495,3,0,15,0→15,2.4000000953674316,2.1324193896725774,1.8860002756118774,0.26758165936917067,0.43256592750549316,-0.24641911406069994,-0.10267462677870187,-0.1649842681363225,-0.06874344232518206
495,4,0,19,0→19,2.4000000953674316,2.400001049041748,2.399996757507324,0.0,3.3378587431798223e-06,-4.291534423828125e-06,-1.788139272207448e-06,-3.3378587431798223e-06,-1.3907744210605158e-06
495,5,1,6,1→6,2.4000000953674316,0.4945931818663212,0.18669229745864868,0.8468204705454809,0.1638628989458084,-0.3079008844076725,-0.1282920300719963,0.6829575715996725,0.2845656435255742
495,6,1,13,1→13,0.1550000011920929,0.07144170699973529,0.053017809987068176,0.06717974089917789,0.05862041190266609,-0.018423897012667112,-0.11886385078045393,0.008559328996511795,0.05522147697214622
495,7,1,14,1→14,2.4000000953674316,0.2970393295449867,0.3492533266544342,0.0903950876537465,0.9094535112380981,0.05221399710944752,0.021755831264437402,-0.8190584235843517,-0.34127432959912307
495,8,2,0,2→0,10.0,4.825007124456874,5.765158653259277,0.7248221846512024,1.0725250244140625,0.9401515288024029,0.09401515288024029,-0.3477028397628601,-0.03477028397628601
495,9,2,6,2→6,10.0,3.7868558141663016,5.697794437408447,1.8214196731230459,1.2947394847869873,1.9109386232421457,0.19109386232421458,0.5266801883360586,0.052668018833605855
495,10,2,12,2→12,10.0,3.7801673978959798,2.6812005043029785,3.8581283869571052,1.4151519536972046,-1.0989668935930013,-0.10989668935930012,2.4429764332599007,0.24429764332599008
495,11,3,4,3→4,10.0,2.4803250141214264,0.7007986307144165,0.5716121669472614,1.3228950500488281,-1.7795263834070099,-0.177952638340701,-0.7512828831015668,-0.07512828831015668
495,12,3,16,3→16,2.4000000953674316,1.8345819581763292,0.13607028126716614,0.46160588043591155,1.4582232236862183,-1.698511676909163,-0.7077131705901565,-0.9966173432503067,-0.4152572098534555
495,13,3,20,3→20,2.4000000953674316,2.0629707321872957,0.25092774629592896,0.33695611721827845,1.6324741840362549,-1.8120429858913667,-0.7550178807863545,-1.2955180668179764,-0.5397991730577982
495,14,4,0,4→0,10.0,5.793040383907282,5.285833358764648,3.4132382089617295,1.1684603691101074,-0.5072070251426339,-0.050720702514263395,2.244777839851622,0.22447778398516222
495,15,4,3,4→3,10.0,4.102728018031883,0.8145081996917725,0.927189437478994,2.017439365386963,-3.28821981834011,-0.328821981834011,-1.090249927907969,-0.10902499279079689
495,16,4,6,4→6,10.0,3.8716179367505106,3.980168581008911,0.13305905353809067,0.7046248912811279,0.10855064425840055,0.010855064425840055,-0.5715658377430373,-0.05715658377430373
495,17,4,7,4→7,2.4000000953674316,0.5906874971841418,1.4651048183441162,1.8093135518576062,0.9129642248153687,0.8744173211599744,0.3643405360057305,0.8963493270422376,0.373478871426882
495,18,4,10,4→10,2.4000000953674316,1.6708839517464256,0.09329713881015778,0.7264194449512544,0.3002544641494751,-1.5775868129362678,-0.6573278126035844,0.42616498080177934,0.1775687349447938
495,19,4,12,4→12,10.0,0.9193004517612735,2.197584629058838,1.084664846304804,1.130094289779663,1.2782841772975644,0.12782841772975645,-0.045429443474859,-0.0045429443474859
495,20,4,14,4→14,10.0,3.318087949156393,2.8139469623565674,2.974411411458277,1.2668719291687012,-0.5041409867998254,-0.05041409867998255,1.707539482289576,0.1707539482289576
495,21,4,18,4→18,10.0,7.3402155206163044,7.65125846862793,2.4283407216321464,0.24336019158363342,0.31104294801162524,0.031104294801162523,2.184980530048513,0.2184980530048513
495,22,5,6,5→6,10.0,2.6385969040267128,1.8049441576004028,1.3682722512457985,1.20247220993042,-0.8336527464263099,-0.083365274642631,0.16580004131537862,0.016580004131537863
495,23,5,12,5→12,10.0,0.4334793569494195,0.6074581742286682,1.2082395191305295,0.41535484790802,0.1739788172792487,0.01739788172792487,0.7928846712225095,0.07928846712225095
495,24,5,17,5→17,2.4000000953674316,1.3928981203693525,1.0076793432235718,0.9628703570875246,0.8637580871582031,-0.3852187771457807,-0.16050781743273432,0.09911226992932143,0.04129677749623076
495,25,6,1,6→1,2.4000000953674316,0.2071465874905698,0.1668926626443863,0.1550904211417219,0.7574386596679688,-0.04025392484618351,-0.016772468019431795,-0.6023482385262469,-0.250978422746283
495,26,6,2,6→2,10.0,4.033044452799686,2.4044764041900635,0.6805801798745961,0.8310291171073914,-1.6285680486096226,-0.16285680486096227,-0.1504489372327953,-0.015044893723279528
495,27,6,4,6→4,10.0,5.30309967639181,4.470831394195557,0.30404894325931764,1.3635119199752808,-0.832268282196253,-0.0832268282196253,-1.0594629767159631,-0.10594629767159632
495,28,6,5,6→5,10.0,1.0838713089040084,0.6547952890396118,0.7326203521529919,0.45944058895111084,-0.4290760198643966,-0.042907601986439656,0.2731797632018811,0.02731797632018811
495,29,6,13,6→13,0.1550000011920929,0.07393657076306681,0.07648871839046478,0.06215611873153648,0.050368763506412506,0.0025521476273979715,0.016465468437223248,0.011787355225123974,0.07604745248044095
495,30,6,21,6→21,10.0,6.475937668624795,4.78414249420166,3.2023896797327325,1.1098487377166748,-1.6917951744231345,-0.16917951744231347,2.0925409420160577,0.20925409420160576
495,31,7,4,7→4,2.4000000953674316,2.400001049041748,2.3973464965820312,0.0,0.0026369604747742414,-0.002654552459716797,-0.0011060634809309847,-0.0026369604747742414,-0.0010987334874961877
495,32,7,12,7→12,2.4000000953674316,2.400001049041748,2.3977224826812744,0.0,0.0022569135762751102,-0.002278566360473633,-0.0009494026124714767,-0.0022569135762751102,-0.0009403806194139274
495,33,8,9,8→9,2.4000000953674316,2.400001049041748,2.3999996185302734,0.0,4.768356518525252e-07,-1.430511474609375e-06,-5.960464240691494e-07,-4.768356518525252e-07,-1.986815137103248e-07
495,34,8,19,8→19,2.4000000953674316,0.14606115967035294,2.0660951137542725,0.02881738357245922,0.0028611195739358664,1.9200339540839195,0.8000141157452617,0.025956263998523355,0.01081510956963089
495,35,9,0,9→0,10.0,6.666963558363932,8.469585418701172,3.3330373953103845,0.5874201059341431,1.80262186033724,0.180262186033724,2.7456172893762414,0.27456172893762415
495,36,9,8,9→8,2.4000000953674316,2.400001049041748,2.399988889694214,0.0,1.1205672308278736e-05,-1.2159347534179688e-05,-5.0663946045877695e-06,-1.1205672308278736e-05,-4.669029942918893e-06
495,37,9,20,9→20,2.4000000953674316,2.2527386369765736,0.11545036733150482,0.09378184730082495,2.0410304069519043,-2.137288269645069,-0.8905367436320278,-1.9472485596510793,-0.8113535342809902
495,38,10,4,10→4,2.4000000953674316,0.02978093626734335,0.02250247448682785,0.01983142950666661,0.0561101958155632,-0.007278461780515499,-0.0030326922880397605,-0.03627876630889659,-0.015116152028045
495,39,10,21,10→21,2.4000000953674316,1.592347251672443,0.01668228954076767,0.6629829898456521,0.23579205572605133,-1.5756649621316754,-0.6565270414668241,0.42719093411960074,0.1779962154768995
495,40,11,12,11→12,0.1550000011920929,0.11835907676254463,0.132820263504982,0.03664192280734825,0.022055450826883316,0.014461186742437362,0.09329797826591939,0.014586471980464935,0.09410627011794528
495,41,11,14,11→14,0.1550000011920929,0.1549928955496398,0.14069771766662598,8.104020253085764e-06,0.01430025789886713,-0.014295177883013821,-0.09222695337464984,-0.014292153878614045,-0.09220744366899487
495,42,12,2,12→2,10.0,1.7458307608303585,2.4593329429626465,1.024792969754344,0.5437787175178528,0.713502182132288,0.0713502182132288,0.4810142522364913,0.04810142522364913
495,43,12,4,12→4,10.0,3.3037910313823886,4.275763511657715,5.18562723705589,1.446669340133667,0.9719724802753262,0.09719724802753263,3.738957896922223,0.37389578969222226
495,44,12,5,12→5,10.0,3.1647459090232246,2.5643703937530518,2.02150889459881,2.0213747024536133,-0.6003755152701729,-0.060037551527017285,0.00013419214519672096,1.3419214519672096e-05
495,45,12,7,12→7,2.4000000953674316,2.3547449301004804,1.5013556480407715,0.04525611894126769,0.8783586621284485,-0.8533892820597089,-0.35557885339544454,-0.8331025431871808,-0.34712604586777557
495,46,12,11,12→11,0.1550000011920929,0.15500099956989288,0.1550000011920929,0.0,0.0,-9.98377799987793e-07,-6.44114704715708e-06,0.0,0.0
495,47,13,1,13→1,0.1550000011920929,0.08032970053818644,0.06219220161437988,0.014955387993268232,0.06710698455572128,-0.01813749892380656,-0.11701612118911274,-0.05215159656245305,-0.33646191071844644
495,48,13,6,13→6,0.1550000011920929,0.03597272182582856,0.033867307007312775,0.09125980091323527,0.01891467161476612,-0.002105414818515783,-0.01358332130531098,0.07234512929846915,0.4667427660778607
495,49,14,1,14→1,2.4000000953674316,0.3782112577531507,0.16425055265426636,0.7606019276929601,0.20986096560955048,-0.21396070509888432,-0.08915029024868755,0.5507409620834096,0.22947539174955453
495,50,14,4,14→4,10.0,2.691702830652048,2.2860188484191895,1.904535247467372,1.7833161354064941,-0.4056839822328584,-0.04056839822328584,0.12121911206087788,0.012121911206087788
495,51,14,11,14→11,0.1550000011920929,0.15500099956989288,0.1549999713897705,0.0,2.9802320611338473e-08,-1.0281801223754883e-06,-6.633420093340873e-06,-2.9802320611338473e-08,-1.9227303472342681e-07
495,52,14,21,14→21,10.0,1.9067417951296193,4.040203094482422,0.6545991411903813,2.3049230575561523,2.1334612993528026,0.21334612993528027,-1.650323916365771,-0.1650323916365771
495,53,15,0,15→0,2.4000000953674316,0.3009482373017818,1.214611530303955,1.3842570767737925,0.7897094488143921,0.9136632930021733,0.3806930236235239,0.5945476279594004,0.24772816847258386
495,54,15,21,15→21,2.4000000953674316,1.8810337331233313,1.0258326530456543,0.4896217534915195,1.0928981304168701,-0.855201080077677,-0.3563337692062669,-0.6032763769253506,-0.2513651470638759
495,55,16,3,16→3,2.4000000953674316,0.2108688037842512,0.28342437744140625,0.6349458415388654,0.5314067006111145,0.07255557365715504,0.030231487822523204,0.10353914092775085,0.043141307005614665
495,56,16,18,16→18,10.0,2.0332197883184904,0.5082108974456787,0.4360488776549689,1.6164162158966064,-1.5250088908728117,-0.15250088908728116,-1.1803673382416375,-0.11803673382416376
495,57,17,5,17→5,2.4000000953674316,0.337975241976892,0.3278088867664337,1.0626686045798124,0.22758632898330688,-0.010166355210458278,-0.004235981169368181,0.8350822755965055,0.34795093433888274
495,58,17,21,17→21,2.4000000953674316,1.3884834773916168,1.010156512260437,0.5816033395140039,0.9429234862327576,-0.3783269651311798,-0.15763622920742396,-0.3613201467187537,-0.15055005515049233
495,59,18,4,18→4,10.0,1.399663209598657,2.020433187484741,2.993460099751246,0.7400708794593811,0.6207699778860842,0.06207699778860842,2.253389220291865,0.2253389220291865
495,60,18,16,18→16,10.0,0.5448555817347369,0.797144889831543,0.8547321553342044,0.8868148922920227,0.25228930809680605,0.025228930809680604,-0.03208273695781827,-0.003208273695781827
495,61,18,21,18→21,10.0,2.61710396410308,2.324572801589966,2.4902846832185332,1.3531562089920044,-0.2925311625131144,-0.02925311625131144,1.1371284742265289,0.11371284742265289
495,62,19,0,19→0,2.4000000953674316,2.400001049041748,2.3999979496002197,0.0,2.145726512026158e-06,-3.0994415283203125e-06,-1.2914339188164903e-06,-2.145726512026158e-06,-8.94052677817771e-07
495,63,19,8,19→8,2.4000000953674316,0.27603813650785014,1.4177581071853638,0.02709920145571232,0.009469272568821907,1.1417199706775136,0.4757166355456833,0.01762992888689041,0.007345803410975003
495,64,20,3,20→3,2.4000000953674316,2.3530414396540706,0.25042739510536194,0.0469596093876774,2.12349009513855,-2.1026140445487087,-0.8760891504159736,-2.0765304857508724,-0.8652210013487366
495,65,20,9,20→9,2.4000000953674316,2.0003833512892015,0.15796177089214325,0.2862537410110235,1.5426194667816162,-1.8424215803970583,-0.7676756279940855,-1.2563657257705927,-0.5234856982696275
495,66,21,6,21→6,10.0,6.7332982810984845,1.2423348426818848,1.2129967871715621,1.625382900238037,-5.4909634384166,-0.54909634384166,-0.412386113066475,-0.0412386113066475
495,67,21,10,21→10,2.4000000953674316,0.008179505122825503,0.0032891985028982162,0.0049658370116958395,0.04142140597105026,-0.004890306619927287,-0.002037627677334987,-0.03645556895935442,-0.0151898197961418
495,68,21,14,21→14,10.0,1.9256522789987685,3.8701038360595703,0.9235258522096501,2.736027956008911,1.9444515570608019,0.19444515570608017,-1.812502103799261,-0.1812502103799261
495,69,21,15,21→15,2.4000000953674316,1.337979370757239,1.7428828477859497,1.062021678284509,0.6460110545158386,0.40490347702871077,0.168709775391372,0.4160106237686705,0.17333775301578924
495,70,21,17,21→17,2.4000000953674316,0.868078747506388,0.8762633204460144,1.1378955909548836,0.7540044188499451,0.008184572939626378,0.0034102385893336174,0.3838911721049385,0.1599546486876977
495,71,21,18,21→18,10.0,4.50196188982779,5.039733409881592,4.582892323844135,3.1036078929901123,0.537771520053802,0.053777152005380205,1.4792844308540225,0.14792844308540226
