5.8862777305200265
4.557405224119159
4.39799708205961
4.437465139942003
4.099760997647189
4.231910668292767
4.36540921494032
4.851651043420646
4.153822508500861
3.934582095860838
3.6814583692461333
4.00580623569724
3.6911146020143826
3.6981153494387162
3.644046959866463
3.749629167038032
3.742117290245288
3.156947007073187
3.2400356429523542
3.4784608512130446
3.300281465409765
3.2880767217059597
3.144528387121493
3.091708513478113
3.057066091859706
3.017301486796511
3.0748632674089595
3.0672301467430203
2.9664248692873736
2.8575175530050925
2.7915568851617887
2.7796069213899393
2.7203609861676092
2.604925470631348
2.6717430434023215
2.6023574856649385
2.4971795749242833
2.3276831061865155
2.2747368605061804
2.2657315179261706
2.285015209594569
2.301283103400444
2.221645419034777
2.216401733861543
2.2267194388602176
2.1616419359705445
2.1980822128793873
2.1734665390008616
2.181938328427679
2.1821015071485035
2.174229944516669
2.073301805851802
2.1383996591468164
2.0018754841828197
2.058216587256285
2.08629410293612
2.1369804622573763
2.6053648902159807
2.6728011033258854
3.2481118485656344
3.5568449700138616
3.38363944525956
3.473856071017803
3.6152408663922238
3.912297503998067
3.7766001322345404
4.514332437751281
4.617195283151687
4.585948319487502
4.713359502118639
5.056050308407921
5.0988777720668885
5.177366630098825
5.085669710411696
5.391740929691233
5.482055756181984
5.144757243526031
4.8725398886337885
5.114204350712302
5.2769955901480525
5.092967860165217
4.904800260731813
4.804163291488267
4.909763776752335
4.822006415442465
4.9325183516420985
4.96386063680397
4.830098749377864
4.804227506370783
4.7713289878989364
4.827575933157487
4.645369752144475
4.594359475704947
4.291803944387489
4.560228611403011
4.751931017391435
4.655678207796599
4.404642005743634
4.649826086848755
4.1883010680431045
4.233456489638484
4.252705277517988
4.147620467295943
3.828045772944388
3.7345658593862385
3.8463970284795717
3.7967543016836824
4.153473399227649
3.768621223401694
3.9594564947103863
4.22815841444104
3.7480699356278113
3.4769831706383534
3.457450462453435
3.5867121169817344
3.6586780141860413
3.898657311536042
3.827686168437714
3.5167480926698165
3.027716987720131
3.0071955568264186
3.002916937737138
2.980781011246839
2.8783609152760645
2.675288029889693
2.777616131822979
2.7474373320192838
2.6790959549228983
2.631761847759324
2.6685713609206143
2.6783438475892143
2.5428581535470456
2.5532942618333654
2.4968687488109262
2.46766936590674
2.380523491404733
2.3555285310987024
2.3225634815094973
2.274468175013542
2.243229228600033
2.1340786588179963
2.0339382846111644
1.9941486129808506
2.068517111339687
2.0367125581553305
2.141366641745469
1.9397439204318088
1.9574023579592066
1.9919481139955018
2.054117667976542
1.878740107099109
1.8918018658093325
1.8912442640151785
1.8628578188480844
2.170009962522497
2.586068971020888
2.620382001053432
2.6831540414007593
2.8310964297165
3.00119642832079
3.126287432840232
3.0652500366050424
2.7676394869047836
2.4694438896986153
2.597128765835867
2.8280104552052037
2.9770297315489476
3.0822068323582577
2.7655944215257295
2.882428733755697
3.0072214856004114
3.6015868995189666
3.317641227764994
3.0809185921836413
3.0240967323731978
3.103383259627028
3.2378748143017195
3.144278085496811
3.1556924085777522
3.107546286737234
3.593997881042332
3.558761466516432
3.6132377315363993
3.4099853888753064
3.5154733414250683
3.6437122000313673
3.7299491099592457
3.5306287910316474
3.317132000690769
3.1531782121803937
3.035843898965905
3.132026687237458
3.133819454920726
2.9953954246737196
3.110124168365344
3.150441787351293
3.1501960731071685
3.1634132945502587
3.088366062443674
3.149224183351393
3.1624816822186803
3.1799385579155235
3.185051582013751
3.0519706206356676
3.0412391510792545
3.0978232830936894
3.0698979924485106
3.0185887954148938
3.0256015990341063
3.0251955738871663
3.0105459573958675
2.9574221487644032
2.9165312954503246
3.030680803891596
2.944385143701517
2.978786536915179
3.3607686538222996
2.8565520733283196
2.8860499236076187
2.665340397070899
2.7398180425339156
2.8554875010580916
2.842483655407087
2.758188082553589
2.726293489762473
2.6651669003567986
2.5868564455227205
2.576794516121339
2.511376353527626
2.509580225232297
2.464504476936366
2.4769624370894117
2.4038879891193963
2.4990983530816835
2.4583230741029416
2.3561245006003957
2.358802834375213
2.2964309976327315
2.330181628685074
2.150677326862463
2.2578176482834587
2.2383728331706965
2.202894383305193
2.1177315655166757
2.1134306760683508
2.039347169548602
2.026702935504872
1.980489774541515
1.9240779225392877
1.975084292184321
2.0331552636695105
2.010910718134136
2.008566085538756
2.0958290216916518
2.0989706501900596
2.141909851438379
2.1352478027089945
2.048477234593294
2.174279527658716
2.200321551295092
2.1355385455638847
2.254931900239762
2.3575874367283425
2.3644262241453515
2.472998621788711
2.4612269303631864
2.41247016760074
2.519474534089139
2.502633656222316
2.536659300136319
2.6311405198403355
2.735353143319335
2.5977598526171644
2.6518707531364956
2.7176508019007892
2.7751482603943605
2.7796169507281507
2.775956213404605
2.747526127157413
2.8771925958288973
2.8309695264825536
2.880244152067393
2.9343011527876524
2.971959488837567
2.922189572659064
2.924592219821872
2.993601138781272
2.9488406368764224
2.9070483882467926
2.990080004503187
2.9262447582849798
2.9023454041969567
2.8876175533001516
2.9313424599685765
3.0058266929590127
3.049072767499305
2.889607620135869
2.947035461518166
2.8555517432650572
2.8262464247138674
2.845002248488248
2.8933280768407337
2.8690524810159816
2.859628308702848
2.965084614390995
2.9122258597535593
2.9258439287180917
2.818257939515869
2.8327732603325786
2.7714871629420266
2.910290367400163
2.770329160581189
2.7802142377210197
2.7841109542450715
2.8081001841145867
2.790677989903326
2.722596983573561
2.6366176678898383
2.6892196366954932
2.6419539764506137
2.818123810413196
2.6352021214134256
2.540671155442746
2.5165254549494818
2.482868687959801
2.468533842038264
2.467355920924453
2.3860817797895977
2.2385884316859066
2.2483811734268913
2.209628783338992
2.1608744476891415
2.1247952671653048
2.021071932939681
2.0379592589870072
2.063765051077145
1.9747745110862436
1.9308397406318076
1.967784668826831
1.954061776364328
2.0296135440643726
2.047702941469585
1.994593995015712
1.9108859694264566
2.4386749214336354
2.6641691015077957
2.6241318107800646
3.094448226610069
3.2043711145775524
3.605360986117796
4.046528278236935
4.709393763217365
4.982871233595585
4.876671948626806
4.689264705663025
4.9529417279040935
5.099466703313835
4.937541892565273
5.020692514367367
4.783375252824806
5.129742694208878
5.591508515020428
5.555803048119592
5.307802568710054
5.292985006586331
5.4255027942775795
5.600924515025973
5.571327298953156
5.373507745391125
5.226447500898661
5.353265951807348
5.600306600631789
5.712122801027059
5.717098813182889
5.6762234077169875
5.722626483006875
5.675501167711071
5.5057035650280675
5.0123377910418165
5.3891498155904
5.119768872597809
5.065949615241412
4.497605222320696
4.63085505447915
4.692651387724932
4.107521766521398
3.9334678089829582
3.8808960234592424
3.964991740013819
3.7541174133665884
3.5783592628207717
3.7404884981216617
3.437981326550227
3.345507962995905
3.100174593650596
3.288479662640712
3.2387545192947407
3.355996459238416
3.1845398171046013
3.2044150068558253
3.2140888630715527
3.5123335629074286
3.4315556128942
3.3813103144918184
3.177497204817034
3.3876368052672525
3.179236025769435
2.9744238735727184
2.8825280417124772
2.8395129591397374
2.7897910692374217
2.78021420894064
2.905360615197003
2.906884765317534
2.6250612896308616
2.6706011848585307
2.6070565762151805
2.5750211408156436
2.643090691627829
2.539705593070014
2.3111880537305205
2.302113792121541
2.4001421104326237
2.3904319271134007
2.338556499135974
2.321556196626471
2.3546710699517193
2.4101429689641876
2.2451638123348028
2.215130380364463
2.185076815238738
2.2422837291229243
2.174200823785087
2.0541906776226955
2.068407848078385
2.105659119481784
2.0610011742511825
2.0061680700941396
1.9619869582096336
2.0450802884063743
2.1769124660246044
2.323119603261763
2.698925875737382
2.9311549705840663
3.0103737750963626
3.2609206314952037
3.1458939377708286
3.3758785790649117
3.4541574531979236
3.460038385936506
3.8279814017999545
4.1899841545144465
4.793962774399614
4.509539230089407
4.611830894485648
4.587655541849636
4.682410327943138
4.32105861016314
4.574903884522666
4.818860110741721
4.844408793466904
5.11227273821335
4.741003749030901
4.893840040999927
4.947805499324921
5.326268083200894
4.971882927941136
5.008831819647365
5.20614253545947
5.2626772521537974
5.454877029318372
5.126377644219398
5.182875793744447
5.269639915632317
4.868671160110998
4.913771185497534
5.1871524241440365
5.04036452680469
4.874012740534579
5.104158001629374
4.959147136535436
4.963276367386297
4.686574151315953
4.458607832718193
4.638380558090323
4.510197144142217
4.193095112569665
4.099758189181234
4.162399785670063
4.010629767111232
3.947155895534923
3.957916172442228
4.04768021073395
4.126195216701229
3.6158838899945493
3.4303274445880128
3.389807983283224
3.713819734582558
3.518828767193412
3.8946076742794635
3.427449166462325
3.5494265455454532
3.6475687658261324
3.462124264848416
3.3967514817769113
3.3243651885679975
3.4408011951011175
3.3758286265261326
3.3008188773805496
3.217213971033102
3.236420524291768
3.1156622488390346
3.0457262425286125
3.0331175882002075
2.9826970506033503
3.0272978200686547
2.9365211112286747
2.8569086440011717
2.7203901541856004
2.593974451463419
2.678493382358335
2.6319585056511134
2.4379972825779883
2.35878401672807
2.3803781767091268
2.526270465501175
2.417481277721191
2.3929649922771854
2.2731002868774426
2.4058409675078725
2.377366681995555
2.3767215435210245
2.2989449371906696
2.267837216727971
2.366692567407643
2.3416963324697875
2.3773576442936677
2.3461154809465086
2.514447857710512
2.9044421319393545
3.423743952947965
3.381350509173456
3.6161151827805083
3.9701214126365953
4.256839429973805
4.519885712448224
4.9479130923838515
5.064195569676505
5.222878712279396
5.123495967034676
5.000389073117781
5.382967813331618
5.288858425369835
5.336221431418048
5.439615502247064
5.2580623267976145
5.016309265886748
5.148921918763864
5.219365768678245
5.019864613057543
5.378675160163541
5.222351517942217
5.206793023094387
5.367749042875917
5.301289578270415
5.519730622981416
5.395156882968497
5.362731648269499
5.57259908270966
5.582449310442065
5.501648619413739
5.035295298202692
5.040747710097703
4.982781242023003
5.16080447141024
5.070831600137375
4.890086458057155
4.883907151898448
4.67316010505343
4.341516322349849
4.351724125900733
4.18462523717152
4.359261402549313
4.3551511776944745
4.253379300551492
3.9477780570600762
4.0795731338546295
3.6868170570329766
3.8673905521549434
3.7043219855345284
3.816276493934733
3.7016744936879977
3.661636008755216
3.4448328687846392
3.685167469990594
3.8956350021638007
3.3837144812820608
3.565759327877916
3.7294973922997188
3.5455788378856283
3.4618317158837426
3.2647909908317745
3.2159341654941342
3.2590889494020985
3.1271407155610884
3.0808754228921087
2.9052172710791653
2.999128121410679
2.890495287035171
2.7736120193301694
2.710254723840066
2.675910954608448
2.6947594832678563
2.6621522775940756
2.5761346442920754
2.4107182902059394
2.53201173390933
2.422618032257574
2.440456632842946
2.3664802482426874
2.394519703420322
2.412135517647147
2.2855451439681924
2.332987260338458
2.325887826364486
2.2764259423946784
2.267561687602574
2.184506428612853
2.232087671946897
2.168312852056422
2.129394884251551
2.1466777565323496
2.1421502863050566
2.2927228532632853
2.361565178090715
2.7894205316168765
4.190281849086235
4.014079691022887
3.5673071464115043
3.2343427644480713
3.21100797878371
3.258686727366197
3.9321816003832786
3.4626722295234074
3.5265427826886513
3.2816711848134665
3.7743989159022533
3.7541743348490875
3.7645257474566725
3.5964232538806256
4.029808558245644
3.678733039604324
3.452159687791828
3.199073232921534
3.3245433802242137
3.545289230841654
3.5934783982602654
3.942447610282713
3.4645044793635864
3.295418324879729
3.3945152372285556
3.3611609652058885
3.202425587365146
3.173214469836717
3.2034679975412352
3.27908650884266
3.168207344616319
3.177846490681403
3.0740214013221636
3.176863283099501
3.3420321325353135
3.2304891892800165
3.278044751324024
3.26690478242417
3.297973702097539
3.129954792277081
3.1702319485538815
3.084997898396018
3.1085556783983495
3.1505866563340574
3.2230107153639733
3.2203188541613885
3.3177985940451524
3.2829720206290416
3.2021052317232033
3.2208483351579047
3.297949040739644
3.2027436146729933
3.2405222456627825
3.2446347194001324
3.138466131541676
3.191129736372409
3.2661212718812687
3.4078157539982334
3.3492793556982408
3.2071872688698515
3.2583860548004555
3.3099793639443784
3.171701832414835
3.2282208396674585
3.02951601529782
3.0107886597849443
3.0384300841966287
2.9446847283013513
2.8507259739812705
2.9143042156961854
2.8024557197211326
2.7600061447148225
2.6953352173684366
2.7376556294256504
2.6973443225026217
2.5429160739426147
2.4514595193662707
2.4122121338701086
2.417852335900435
2.430830817955442
2.3649246725080473
2.35365014762075
2.4491701755230895
2.436266641642986
2.3409015366161205
2.4097207374020058
2.2820505817500445
2.345826198319682
2.2752612837369903
2.1978226214848147
2.2224328937116087
2.2595952861567996
2.2050290983119583
2.225629792897314
2.3439097724696345
2.4008506988455776
2.4024248648049475
2.3641221073627614
2.4168049261510753
2.519663386992084
2.570398721529822
2.630865990232212
2.7636637625768334
2.844136815681029
2.9049066613916787
2.877201708250728
3.0542942877050314
3.1751150230429768
3.173548987340772
3.215048516265764
3.1806657946275445
3.192159166304449
3.2401447296396477
3.346017386390607
3.3059298318189967
3.20991061015557
3.256966258349198
3.408764340869008
3.399764428325123
3.4138232558892136
3.3742203624202642
3.341287231455506
3.345561587659197
3.338305398255703
3.3825262828731324
3.342419748325656
3.343065054545089
3.4487322099616873
3.509642528048245
3.5593256472742327
3.331191441215675
3.340688799526974
3.357193028668683
3.1933080090718597
3.5312061238753105
3.3962321661089185
3.412346161140967
3.2732478068478574
3.466260916038926
3.366471595042876
3.4310702111633247
3.3144447816114178
3.4246579810799616
3.461696256665846
3.399399612199457
3.363718491904922
3.386407693273207
3.3460042850398897
3.3572861433092225
3.482917420946884
3.519594038286102
3.448160842641689
3.530488418688088
3.785516098586106
3.577474779134069
3.519590635209474
3.520451426983172
3.486707066145382
3.543692395829177
3.4432180956646357
3.3468941356941566
3.2585987235412945
3.2829201154313647
3.138008251317964
2.8799411805273967
2.8486526113723163
2.788271060144599
2.7123021254395856
2.584986142521521
2.5878241065448435
2.4748721317531692
2.480734169535635
2.403390704248393
2.425878928499632
2.439333320450596
2.3823146404067086
2.415830633770412
2.470305658034875
2.427333994137811
2.268038468007101
2.213249367419816
2.1147898386960047
2.16519555327279
2.1581868283606496
2.1551711718157307
2.2204721871600066
2.150991628628127
2.1396844969782602
2.105829194562944
2.1450806866861614
2.1180731805361956
2.0513954901543303
2.1791650109608844
2.2974252960102017
2.3428629304665525
2.43144356433899
2.465003606436565
2.5024435190532066
2.589531060075337
2.769977283114715
2.8397091886475825
2.876176949897197
2.861142992260867
2.846834127613008
3.0522826816468207
2.9856652808311783
2.811732193765025
2.8288321047394054
2.9199562074732057
2.9733932667783645
2.9240368824971528
3.101830341513149
2.885030641776977
2.9559499088102674
3.1237720928095243
3.2852841951648104
3.2042287448630318
3.2974123636254307
3.2069326312164135
3.1818388257965804
3.1895518629778326
3.2499595032235638
3.736005543081803
3.520597767784712
3.3044753608399047
3.3886325277419203
3.3564955847171856
3.6223200622507084
3.476581256813684
3.4854533676365183
3.511336624254739
3.567346694967335
3.3085915039327616
3.333094907758073
3.340999419162742
3.191693772197619
3.2148437535623753
3.348363531087556
3.326998229882493
3.3205123412308986
3.187659005378359
3.1245671647569857
3.151515685634381
3.1275378299158403
2.989105711758825
3.029951020965763
3.1459249731724253
3.0313801571791608
3.25941579495475
3.226980552668533
3.0865780758885397
2.990522567784775
2.936725145769891
2.827988134410604
2.9660707723165145
3.0801101037262173
2.945732860836384
2.807828248179431
3.181905633151771
2.7299760515482854
2.721209053829095
2.7549210080540294
2.73079990966674
2.609368003789269
2.5052265284646262
2.4778602521370314
2.4003153944048274
2.408557215618806
2.325379161276939
2.306136701733149
2.253303516830892
2.2925301102381437
2.284587428060632
2.30064111372442
2.3091775644615384
2.3063446187417465
2.2167923056530565
2.2302886711202
2.182728573553314
2.081408027422847
2.1063317548486986
2.1037095265019436
2.0527693760618426
2.124704326391941
2.0637834014741
2.0945946274279676
2.0525362985157067
2.0753813125478704
2.088754439244865
2.02121724664176
2.149739358984805
2.191401924062249
2.189479246504152
2.238227726424663
2.3146365335148102
2.317270913716761
2.416410971085917
2.417525308298477
2.4922079420672567
2.547003692293657
2.644591769110082
2.6309261517013747
2.7042827840626646
2.6022604681752513
2.654748901992024
2.7073399532952678
2.624967208681188
2.6365686366706202
2.7129560066408986
2.7209915115270995
2.6977938916828745
2.7000910272955654
2.7390472330523825
2.8052752997533377
2.8887101309170946
3.091765817109226
2.9394923235845263
2.9689303925877386
3.0406913152961463
2.858273063793532
2.822751431218897
3.0079376247662135
2.814665447149249
2.7527911692953624
2.795609618896014
2.5646750321461136
3.0110881227510546
2.946930945912844
2.815266626264522
2.718195133493134
2.6675752208533994
2.8028860442302537
2.7621050666639526
2.702840951169371
2.7572569851994517
2.8130699041427163
2.6522871489604487
2.770502125317955
2.7760117597097698
2.787951286694536
2.830176166901842
2.7985850438529205
2.716338475555416
2.7164847262221743
2.8926050910868057
2.968846178646908
2.59898964901774
2.591525174746717
2.6649936739750055
2.7062843389764497
2.607697941925011
2.7616610298000044
2.6626294263966876
2.6235635861068767
2.5479082633691124
2.4181159893576725
2.406114962381369
2.3624805870182852
2.3397978781496476
2.256835615576912
2.278408198738401
2.24579903702081
2.1815656172945963
2.1369996536985227
2.1551056345319353
2.1057196123322313
2.0583032299912043
2.102143639273405
2.12225829434657
1.983328608345457
1.8657884954159873
1.7586676684641114
1.7869384436898041
1.8610415048305895
1.7867830106062152
1.7964479415891157
1.7730903322846472
1.8544926735507619
1.878796793079389
2.0619550245648974
2.2817726246075853
2.99577984997789
3.114660814671087
3.168606982121384
3.454633755461171
3.705934397734136
3.5565571401701987
3.7377276821889165
3.5609766848092907
3.8913309977154293
4.158029467368763
4.279332262758823
4.316539196432553
4.811141062326692
4.8646833578547595
4.732590464704195
4.862731508613087
5.571627741532262
5.373159335618246
5.0031652893553185
5.0242872267828504
5.479739659157936
5.333691193777199
5.231486664956526
4.4401383640662075
4.7501644806395
5.143730663094093
4.553974320627726
4.5775987231258215
4.823791295152158
4.999906594733681
5.242260139647039
4.9325364775125715
5.2226039589745445
5.228842624381023
5.059384871610609
4.9010786067816206
4.5697778647107095
4.523704581463597
4.475648679234305
4.680401744030174
4.117977072419597
4.2762377014773705
4.6963252690613535
4.822755649071185
4.522878954544045
4.695635903491735
4.4034628222480094
4.14636957890317
3.486624187415591
3.548640954051606
4.228425930515613
3.5140709770856553
3.1355231927157385
3.121333720240953
3.058668770327951
3.105621329493256
3.4883969759178766
3.433983009624603
3.4616760546433065
3.1753011910256346
3.1761398010538224
3.236201107239858
3.728806542530392
3.4395540962100677
3.251626977902433
3.3142190999452814
2.9441045620906476
3.0954128357070902
2.9407023089505504
2.751541485343753
2.5908310186067074
2.527715614502456
2.4760524435683036
2.4729120654128693
2.4024854467904113
2.3370627411303944
2.3233902970344658
2.318060726951594
2.3201489182250747
2.333460344917667
2.258863472022568
2.146693185739992
2.165482059723154
2.1033043508719005
2.1683408807836306
2.1333189537877177
2.173988631479097
2.103507707024347
2.1094022021907692
2.0386900275787134
2.096402044102895
2.00653153034745
2.0415602798236048
2.1110975402125267
2.186101490353724
2.387042376663426
1.9842814482025681
2.006442135776363
2.1038529998202233
2.1047186750592126
3.4112325244905013
3.573919508529258
3.793744655555053
3.813504999857118
4.702178610744185
4.47731578066261
4.375978505358854
4.268148821374237
4.271214713221958
5.521126600524956
5.6071360630634235
5.528576664728925
5.042772442800567
4.454497026761597
4.411083075659522
3.2587929706959327
4.425368977645375
3.949461173365585
3.4204756743837774
4.7737559470269515
4.753791199486137
4.862945450752654
5.077797218465912
5.367563616936249
5.203043901047667
5.0021984140512235
5.022692954209001
5.649254998626386
5.3334175686598755
5.286378315703572
5.40495163897368
4.8141263251960345
5.045884842287774
5.534436114732416
4.842853071511526
4.996997658020959
4.725938588985788
4.535699159482802
4.598748477463788
4.559318693994708
4.34685674336953
3.9789293286018044
4.377893991303441
3.981359283437522
3.972920535592962
3.8265896517746976
3.625636063670581
3.8522053876982887
3.8969515564133754
3.9985360538912778
3.9945957000204393
3.683294429422799
4.09088943973049
4.236645228406821
4.108029345868096
3.9391983968504247
4.267575228762138
4.123329926649693
4.262727597235472
4.07341818083646
3.6363240370832663
3.459514793590991
3.461780346270962
3.6665882343783873
3.9482232709654075
3.485821260648684
3.274973982980588
3.1029027130327917
3.020483233091109
3.050619367695294
2.696364438547423
2.9791811103896815
2.6344411308279816
2.608507925596963
2.5555878283323374
2.563958655441236
2.47458286208839
2.411114623717648
2.3815639111649185
2.2616478687557446
2.23887008262495
2.2331507396230763
2.305738070741933
2.199836453855812
2.2830766047300872
2.2029960622855813
2.1949057552578033
2.3294251892565754
2.220086939550945
2.18777240986384
2.240930808899753
2.84284945533477
3.0833545873680444
3.1999121659906216
3.5545556893701122
4.497473678258319
4.619302790193874
4.0507088958143695
4.380216946301657
4.277868254884806
5.050791943645053
4.984727730422085
5.297681764360921
5.084327482305536
5.711135355852086
5.306556120419777
5.123502054486234
4.694048934743285
4.835786488045226
4.509475987805085
4.981583511834587
4.647428321245579
5.050156590909216
4.862711678687657
5.03871470233878
5.236049454963137
5.773101866159335
5.875884696076324
5.589380909895163
5.34922165556687
5.25300814154291
4.932808756892634
4.830614187569192
5.0311261612444005
5.229498121756232
6.474162427459321
6.469442324719904
6.05791287354564
5.662023740112918
5.4075660407910515
5.093045166808013
4.652572234676098
4.722212753082704
4.700781106225365
5.033681293378113
4.927096997328342
4.742104313679838
3.6936133892800522
5.333051430742594
4.3175244498912555
4.209255376475635
4.485476938280365
4.215160933466409
4.028573399165984
3.4501903054104273
3.5794849892793104
3.71055310405765
3.7156115437386714
3.497020052606625
3.512863939578319
3.658834876306002
3.6441081245023845
3.465743733143155
3.825246796125274
3.359141592301903
3.358527484342082
3.4921810591702216
3.3851349338890206
3.2695267662100385
3.170836331440165
3.1915222344883962
3.066744547829613
3.0034623351083436
2.8795988995105875
2.7981621644889496
2.654930403529625
2.6890404356972075
2.5674503810965494
2.5258984705426557
2.565944931476627
2.471848125431537
2.443738247278023
2.399566583200028
2.3874909683040633
2.246614722193894
2.2336014595462794
2.278636918414299
2.236070364128697
2.227049447647228
2.13954920242988
2.1759878920652236
2.1987835423004025
2.1592422849813975
2.203754208244997
2.159195552915416
2.1605237900120327
2.1524468238540395
2.460141371822774
3.022636887252141
3.249593770620729
3.356042730236975
3.2558596524087644
3.847979111429787
4.36839270498488
4.338822144219688
4.373941856975528
4.558023539465897
4.692810032226275
4.844743136119471
4.997702912575457
4.794471646989563
4.816528696691253
5.03843409851888
5.175393852814901
4.722663832898381
4.95586269802254
4.806713374768167
5.025686924263354
4.420821226647649
4.768169526329879
4.676207765174245
5.0170739900140475
4.842615127090946
5.047810605060881
5.16478689932238
5.787591143818879
5.535642100983609
5.326508934402806
5.253769689473714
5.367912910785453
5.364260207941037
5.259420676761437
5.58455814245326
5.2211120364589165
5.398813770159814
5.311039343174275
5.195959282645842
4.75341334669766
4.867790149977292
5.118702943690983
5.017026156131169
5.134939592950295
4.907348267203855
5.030506444259479
4.791757128642523
3.401804290769451
3.8479286928379444
3.7548234535991543
3.8138514620733392
3.659975671472637
3.309626042759388
3.452128450626869
3.446680777641411
3.4667157151471204
3.4543821797165233
3.4696108586034886
3.617049313960086
3.2415333541053983
3.1858657533429455
3.2920152206898603
3.243943846032871
3.315648817414095
3.2652993518055053
3.1617575542414906
3.2274292337323347
3.240651951310517
3.065167642836912
3.0121877001083885
2.891219320343102
2.8313245737322195
2.729476924858812
2.8878581131186043
2.7062589727356947
2.5973880579157904
2.454913869362697
2.5466958525226593
2.4360699020252707
2.4187936052498302
2.3294119471183654
2.3065878775521433
2.2439464163192446
2.2604990041127815
2.2215356949167
2.2580377889294687
2.2872967132862927
2.232351836872656
2.203831812204068
2.20768833181314
2.1216088099024404
2.0721465777495545
2.0802617906201815
2.0494742353018314
2.0378968938335613
2.172116565600351
2.7971940419764083
3.0648142406773853
3.1382377760384217
3.462539091664725
3.528768333762663
3.440996772789152
4.116498579285209
4.002897402066276
3.9205542557844963
4.116953334193815
4.036616934722095
3.813326344209193
4.499535877764545
4.675443543892688
5.068525103745699
5.045813422989923
4.122643610961406
8.876100308555216
4.532640348563837
4.020879099126368
3.722311855813235
3.927352846422175
3.306826988329075
3.2167556062443183
3.477383768065947
3.3239751332099923
3.4370817503976707
3.36729286529988
3.751214539392999
3.363070977461591
3.2161159025322235
3.233444613025858
3.3657985497953713
3.3869994597008297
3.2547971284079837
3.481513747693702
3.253794425579289
3.263500723215453
3.1818761882630398
3.1681316329508133
3.0549618016864737
2.805022001141945
2.866378980820693
2.6852861914599395
2.645894815718944
2.673378778227579
2.575614758413336
2.5591684850902467
2.4668677150916154
2.4178408036124885
2.50547763505917
2.4158851043864416
2.3824680509136154
2.2079836820750844
2.1650886337400355
2.152135507160615
2.1664263073356382
2.182208155785016
2.176370056887682
2.1443359429215523
2.05241244371752
1.844539653809434
2.0055876433083406
2.009672733601043
2.0015805043501373
1.935907839215849
1.9548603097774486
2.097233975178099
2.046739649073134
2.307955945155738
2.3163805629055854
2.3704257539649185
2.81629654254602
2.4908874591551333
2.3192770808642678
2.2993043357236798
2.391498858110795
2.6330714126461023
3.0844856753773278
2.701684933685416
2.986234160735071
3.074574131249053
3.2047934069877946
3.2491332903966477
3.20182855892075
3.0577918992735396
3.4229022299426575
3.1738289804409954
3.140873396300764
3.1080314577305126
3.2738688502428057
2.624375247874376
4.317837911181897
3.558492354404489
3.452151590730016
3.3096256075208887
3.2314879775906276
3.6061451971938507
3.2623741568857296
3.466117685140612
3.4342783120385447
3.493740949375282
3.260916350727433
3.355796336749298
3.017423736184697
3.2192003338140602
3.376279558573166
3.39961478536015
3.0368566360514024
3.413401127492668
3.08291438170345
2.899811731051551
2.8537806777049886
2.7736576751394106
2.866856940219408
2.890635397244668
2.798175546097376
2.7727334427382604
2.6301487475823864
2.7710375890518963
2.7131541791349636
2.6965540919309796
2.860346420402677
2.836837926037653
2.809395327023863
2.897782437356054
2.766845316338199
2.7472614922696104
2.916370065992368
2.8901956293703774
2.6707619987849296
2.752723146754147
2.6641072972684317
2.706108325130921
2.734137667743822
2.6568191954773948
2.568887660943785
2.5554843728150294
2.5754093173891057
2.617721127082479
2.4950582486758255
2.477927298523978
2.53104794283502
2.487603006461203
2.4160173411854355
2.284697420349073
2.3747242497599585
2.3644706090543472
2.3311323099988757
2.162299656764777
2.1883498483679418
2.176536552750286
2.150418243548001
2.128421812398838
2.00827984891567
2.0718975348039304
2.0971495642250595
2.1069549767090567
2.030643164753085
2.0557018559260247
2.0332058843705707
2.099171398259444
2.1490471025765085
1.97510062999231
1.9628502379843682
1.9715584852475885
1.9973987970426264
2.02526510881187
2.0040974222263026
1.961593257249036
2.043066370009911
2.047171739059889
2.041003510494088
2.1757421552690035
2.1741854967964573
2.2403260521788937
2.191602464581741
2.257435841381683
2.2878519015204133
2.322026615054154
2.1956790071690158
2.3673097337135736
2.6126825641104827
2.6073486085655277
2.598792547973183
2.62524046988723
2.605844229697788
2.740053711008006
2.786971281116993
2.717306870984858
3.0309205709884957
3.2227234050633577
3.2627672282658033
3.3858372333924978
3.3303745542183067
2.851197576402141
2.6847491900169933
2.463746188694809
2.545900510705474
2.56308777823205
2.6272337828267323
2.629363411844241
2.714325539040477
2.7585589005634295
2.8010341017954574
2.7347502481371277
2.682799540017932
2.7154603915055473
2.999731494418443
2.9680719086175613
2.830916548520999
2.7656053654959
2.7755522567458564
2.8039788592748764
2.8621024112861826
2.7241743831826604
2.7667697423591875
2.727427047613431
2.996421952111797
3.060553806196821
2.9442985353686293
2.957566926150856
2.958807150739345
3.0104745254194634
3.0204791390674512
3.169791055363818
3.367750286563761
2.8428809937011614
2.7983404449543934
2.9798522934892837
2.6723540920637774
2.7643609136296523
2.864781653758673
3.128133404841876
2.629223212902531
2.331022996286598
2.366593460553033
2.2814489402056912
2.3238191726246806
2.3426841135274605
2.2647166218180828
2.207080016917758
2.196266383535718
2.239683154319966
2.203232003355871
2.1386215727805395
2.0959678256081458
2.007785843390421
2.04150204072091
1.9984152703119398
1.9485264890349003
1.9962368824140455
1.9589122110030952
1.966379962217779
1.9179269361051152
1.9346166956611341
1.8959377467857808
1.8781626827056377
1.8906166309452044
2.213079563247298
2.4351271573423863
2.595394347038587
2.618881499358947
2.6859847424403083
2.7493650659851223
3.0192687233012383
3.629777887273279
3.6939921368262127
4.484989443402651
4.529942251163163
4.306234985489884
4.155240185661041
4.097656682966561
4.714773261180374
4.726336018740777
4.533968585355212
5.0043601882034014
5.333860985009663
5.218974371177644
5.75631151217713
5.396783247297488
5.19751899694476
5.1331595743344804
4.953693032561382
4.767013029505195
4.374209069217752
4.8576285280603555
4.876187275588934
5.5694874237370655
5.391203187894662
5.204710512789578
5.165719144223945
4.857234797003565
5.385441377117007
5.285541358595799
5.420509773285099
4.826337119305004
4.7234444721866025
4.80531694868857
4.923884297872703
4.749758356696389
4.816335319102788
4.43475116351902
4.660907834314104
4.364330247710084
3.885256390914825
3.550903374021483
3.318166724580866
3.474874237624022
3.8071228042180154
3.5070594657274508
3.283847672112747
3.1523207821444506
2.9233395846366306
3.4633154766355485
3.347752611767351
3.4505799023512376
3.082335503873857
3.1230433785581826
3.1571937215600294
3.3389110669345854
3.243173973573183
3.142967184226806
3.0823422369601716
2.9479280647088677
2.721489577950622
2.919494072907853
2.542700647977611
2.5189249751013363
2.5068695065830036
2.4592475065876993
2.525493756950025
2.4781526787226213
2.889851381280547
2.66600402118106
2.3528193694884143
2.259854823919441
2.177631537936166
2.2433855410341113
2.1504223045544903
2.082374533016371
2.1160814740419776
2.0381503310759497
2.0347410923177285
2.0461133311308344
2.015060690502269
2.0218137654831763
2.0839788006773166
2.06222881519655
1.9642100619099256
1.9214392653083758
1.8512909406436793
1.8695549227035846
1.8145144598249126
1.833480357813888
1.8909447840487323
1.889415581742387
2.152809762421703
2.6247573379757427
3.025357967099792
3.008135351514892
3.595905107422975
3.9197508221308555
3.844250742380989
3.9938289962472955
4.099551138753838
4.046078781962343
4.22899593635385
4.683939822819309
4.568356453960231
4.2997504010868415
4.6757684082039255
4.3599187324785165
4.468185480503545
4.200282589478345
4.701467445374796
4.769318485741627
4.896181331213143
4.578664052895141
4.509400889315004
4.712048270177932
5.121346568395381
4.642456786158566
5.006790647547979
4.878588144855037
5.0261263748472125
4.657832025963406
4.815807813727028
5.0607985056308324
4.864773752628682
4.348048404510701
4.688800634725674
4.76894676273628
5.006900784802913
4.934895560165916
4.664363138259296
4.434461669945228
3.9855535546508385
4.004746336769612
4.076047667998972
4.103674346561085
4.126875306288585
4.117284180211665
3.9274565889254087
3.8788616948210763
3.634702878977895
3.7514343753356143
4.12342598420843
3.722004700740768
3.469058009106322
3.3400592100588318
3.4908620766639324
3.230231439050863
3.1779068923203275
3.1802901870099034
3.059898607365723
3.2154876384017514
2.7573301820934533
3.0007720121413626
3.0253475237710044
3.0284628617574296
2.9798889534965483
2.8980127632232042
2.885366428210778
2.8373929567184093
2.7844855189871613
2.6796313738155724
2.5971960632218516
2.5983204443704326
2.540186526469866
2.4471543912495597
2.3963969657752084
2.4460891572810612
2.2953177082117056
2.2597082901324113
2.134475222227199
2.1969391556262248
2.153779812369217
2.1725460813545214
2.1826357376049463
2.117872614443879
2.1222872259517485
2.087705344997065
2.0510596160042094
2.0063481636712726
1.955866911956865
1.9570812594341067
2.002869612351368
1.9578261104825216
2.006696421403233
1.9584540648570803
1.9760698624708557
1.9655871852113467
1.922696611644644
2.019909343398882
2.2822745237219513
2.695435922938037
2.9325070376229747
3.499198167050379
3.6237703525334406
3.7121357735225473
4.012247403318634
4.209403719368189
4.077032267771375
3.923679876285015
4.218361182370836
4.355911623740679
4.37921113155281
4.227754198199906
4.581732754525741
4.170024125896067
4.163575761113978
4.358816156790602
4.522061816307011
4.393020510852727
4.277629135304532
4.5703142698249355
4.778153599109414
4.5839927851782285
4.501420470223868
4.821946346919556
5.01744365310896
4.754370447247747
5.169686283317755
5.252722083772234
4.679026421537743
4.602511162691858
4.590974314959686
4.266087875377601
4.34106040133463
4.362975489575855
4.425871452698681
4.224130808534222
4.482347642879082
5.063842231454032
4.792331355387645
4.48923336710869
4.488747335772711
3.5438624284726568
3.3465106000200953
3.377077216759258
3.3765056387104058
3.2401263617352236
3.116278628340116
3.2267560381301137
3.2083373450787294
3.152906992965782
3.0857909478828707
3.1155869357747084
3.1357255843339735
3.1834187940374363
3.2008393719901354
3.36736366778348
3.2712662643369397
3.2274119982937313
2.990517490575881
2.94746505870668
3.0721982742430156
2.953341940811611
2.953259136248953
2.8925070727109996
2.7777039840433395
2.7399869854430667
2.862821939867685
2.567985011955728
2.563715290171783
2.4500317514199073
2.355017018803567
2.3582789886653286
2.524788006367347
2.415157413145831
2.3128036088430717
2.3053095129979035
2.345143661331692
2.259542200703627
2.323034171163351
2.2759967953702938
2.2235132022390425
2.1818886902308625
2.1103854669706807
2.1348973106234665
2.0933543468340607
1.9950316755161386
2.0197511095599743
2.050085819701861
2.0216605124448344
1.9167970181835072
1.9371290886504167
2.230052169487705
2.511952113760985
2.6275952628555483
3.0656944254917793
2.709416902873889
3.0854029853734737
3.3099216754044014
4.14690176833127
4.199321319750385
3.8569319782044427
4.243627096439646
4.415496811037688
4.569055200664424
4.527220687241546
4.679890272819383
4.471671008878807
4.490398552726908
4.632756202001437
4.740798206845149
4.67109715937029
4.76743383978309
4.709888655023897
5.3305494612040905
5.623788006347668
5.023624147735603
5.205609509695508
5.153810800974522
4.956885487528243
4.99149692185219
5.364234565443113
5.2906312838015435
5.199651646488981
5.318864260528046
5.128533802075574
5.378236786715183
4.893275713962311
4.459495269900721
5.15173565308233
5.430902738792849
4.020996640693116
4.187524815441047
4.012541705777976
4.122019964238782
4.42218811970856
4.209939045685631
4.119726632756692
3.771728583154546
3.685868510525384
3.291820524411521
3.5695081225015817
3.5296937708116958
3.3351909652155918
3.335814822856745
3.213003523223201
2.9951318264461935
3.0599393049726835
2.9459945832837025
2.8936077646239573
2.8191209384155274
2.856984525769066
3.1373542400558865
2.9714798045960644
2.7587045979498437
2.7452583854037442
2.8777547807935164
2.737364252751782
2.7805586473387143
2.5996450348375575
2.6566665357133687
2.5295337217741816
2.592616279746292
2.5046859078280126
2.4216733828977235
2.2955728586753836
2.3507087752636893
2.3475761111835745
2.284463657661219
2.2089579433208684
2.226601349253747
2.247827423803347
2.224694584932466
2.1980750817740007
2.110235454474424
2.0981043620230584
2.0479231729725607
2.0601448449190096
2.1262615371660827
2.0550639011718377
2.0402778447438097
2.0698536178923073
1.9830049861439798
1.9306515514317864
1.979208334121497
1.9352385829759724
1.9616390019743484
2.074996161256363
2.3196222873816206
2.556149188337158
2.2617713660965695
2.7331353140694765
3.0638730201089723
3.0553638940554984
3.2962819076677956
3.5077678165860844
4.061685645748269
3.7608638977920776
3.893357027434456
3.8725898956661635
4.039261049973966
3.7719079823227974
3.97987571126676
4.197231148947993
4.455325151497623
3.952327626951861
4.263792869217044
4.518522557594735
3.991516114843517
4.345762646777827
4.2112055603926395
4.665802966058233
3.976825908442321
4.7037859437625595
4.764062111308529
4.821114964005785
4.644833817631311
4.485579346047487
4.32475631613907
4.049039313006402
4.009508685826586
4.239745120070322
4.271144054790365
4.810296157960972
4.703915216113988
4.545027367542386
4.462458276638671
4.781873595882198
4.176196932110422
4.160561159734439
3.78895375077539
4.025931747503
3.7464812200263533
3.4089731271979713
3.6549495922541344
3.522406459705453
3.4453676862661804
3.1795199515655392
3.0690432974913393
3.0618655484942545
3.1978749593355422
3.1318472153412715
3.0844076031304968
3.2410094768082907
3.136596158626655
3.1511922039711378
3.021253266656257
3.132840415967773
3.215222632479778
2.845168452425207
2.8814539184534675
2.7824848449095376
2.641680063813758
2.6078122678383724
2.4900346137504097
2.540670500715892
2.5047952120229566
2.4313839576785004
2.352523044331984
2.4469485759011587
2.3605726117526102
2.328462384439736
2.3581627013936313
2.273297723325536
2.203401728302353
2.1306335228896787
2.193339208777108
2.196957338638427
2.2105923274567973
2.1590141175392144
2.1674751019712404
2.1411154963248937
2.1920834352633514
2.13949954835597
2.1191583234074893
2.161706650308177
2.0936423485934363
2.0344394770262966
2.1965724313486334
2.1361729878414053
2.0636696099407015
2.0468599139796124
1.9905486338543295
2.0355007464557375
2.1142704900064766
2.0730772972592564
2.0519362039602003
2.1634725668241304
2.1633902288101656
2.1296945595853787
2.1933683866121427
2.210576215737857
2.7214992592715346
3.096513339930762
2.6707443429941757
2.467440415989988
2.2834424495515537
2.8636802433687336
3.073842521180855
2.6223136932558786
2.6883684396960947
2.5756472179826373
2.675812865191794
2.7335421296319056
3.0607493327203743
2.6297112075549953
2.5818769723891353
2.723970413538615
2.802829513432253
2.5145574996444076
2.8183191061950223
2.8634960788237045
2.967747574163518
2.923003694950888
2.982326965822011
3.0453201635860307
3.383315882103392
3.148835339060171
3.0910308285745822
3.1061845394717453
3.0514492502627384
3.3465936482813192
2.965297573981872
3.2542215078772077
3.1746407940125576
2.706531076273972
2.9025537573358653
3.02914188268787
0.7550347155624005
1.9449071590622335
64897.54194252184
4.061144752455159
5.363718565308705
2.6699742087956353
2.4435092266978606
2.6635220803375046
3.0463653556838355
3.017535782431386
2.4721735536642346
2.714007323577496
2.7263517282189644
2.6119063005571332
2.6632146709182183
2.4498603517529527
2.763219540042787
2.340289854049065
2.4447290969863302
2.2318276250630342
2.3159611428920743
2.249820454882986
2.2211053461193213
2.174949903003703
2.4787453325425157
2.3143498586845843
2.29146154487257
2.232174527749135
2.093111369109935
2.1570829739706294
2.09674493768335
2.0779459218114407
2.072152149487498
2.0263262797619306
1.9581573186783143
2.0598794766684323
2.017130145754252
1.883469291393656
2.01285896276842
2.0472472120279988
1.9707085644307751
1.9245342847449334
1.9944129665725814
1.913439610819016
1.870080933444481
1.8556573994720433
1.8364084645633336
1.8257916366013962
1.8617710971567327
1.766066727459208
1.8513981152103371
1.8492544991324567
1.8284210611961624
1.7714113662276951
1.7375685500512086
1.8024934946392324
1.764820012399961
1.782864649036738
1.8132711501858048
1.8480916693734544
1.9275013880796659
1.907451778303853
1.9396568773476615
1.9351993094566804
1.9964032597702048
2.1238879481814013
2.4117659868604475
2.0817554013375985
2.40844398272236
2.2800455259441597
2.3933923672434134
2.3454827993695253
2.3496630100654916
2.355047562326778
2.2969583353663126
2.418939085583463
2.498635380006936
2.341723816448271
2.70775378368793
2.5359712677667448
2.458157520197173
2.8315281444472253
2.9583647020090336
2.5368133189677002
2.53215272493661
3.0052756496561517
2.5266616885785025
2.460093566910415
2.4375512496181972
2.53763254658224
2.7262472900513868
2.527060489091595
2.4988658081939334
2.6414194775228323
2.4447810512354042
2.6170171251745864
2.583341561471259
2.5095979749983734
2.6354082224393274
2.4675297299251757
2.4161415640983135
2.758774912919122
2.6659147470140048
2.876688471201949
2.53544881604712
3.0951217029938403
2.9366543433043817
2.905914718857272
2.554483153586699
2.5936641410882144
2.3940604215187866
2.2294076302376356
2.5531542061647543
2.7664810671115454
2.4755739737552536
2.6576471120549505
2.6688359462697284
2.764920782957361
2.2669581278697795
2.009598869892345
2.0833752941907053
2.1720696625311082
2.1141586889031156
2.0527035933191295
2.1029197289315493
2.0202978120417776
1.8683335178250482
1.991924244654095
1.9237757793706112
1.9562226641312654
2.0296219379431046
2.014522212823386
1.9473807039963404
1.8051488840223817
1.8802703344291252
1.82061963928244
1.8119781648255193
1.826258177848276
1.734264568316339
1.6848368342700666
1.6821787331925588
1.6330700125119986
1.6732551315079756
1.6429334599446461
1.927905560586303
1.845205221918471
2.215907670089494
2.41564116755999
2.9138794276520463
3.0526867367103967
3.3194375162896845
3.7945903904733127
3.6191819243511794
3.949689349384643
4.2943147868140015
4.448260991416404
4.43844865730387
4.369849992990608
4.3141126716342315
4.652920668070015
4.383843167321976
4.468684067528013
4.350314324020525
4.589411994871834
4.612408919843652
4.683938198861713
4.924455120699627
5.165832981909507
4.9844351994783
5.084101548495515
5.202863620260544
5.3162227457394655
4.901082615127763
5.204254508064713
5.071455827613363
5.170273470557514
5.107403533813913
5.009274409122908
4.850063629822136
4.942135069014188
4.765873896158762
4.78741833035281
4.987512501001366
5.278383182467831
4.648226347391784
4.600737711378313
4.586676543540498
4.267553896718344
4.434294971395446
3.999463363962891
4.3885851601536014
3.874938509010879
3.4674712474961544
3.419638549280247
3.6045859146945616
3.586514171500991
3.826256893055617
3.544545257631088
3.407356346873841
3.2617373923317765
3.277911879699924
3.0954764189459416
2.858938885197489
2.9211454126995187
2.9583805354215778
3.0439391790642008
2.935637544161416
2.688439929900336
2.737618917361439
2.5651159472560088
2.899809374354006
2.3859754778791715
2.4558070610910714
2.5291711995382964
2.5007126485865205
2.4281660511405274
2.316020985564756
2.434708318645589
2.2594979006216787
2.3243552167029775
1.9448621965799266
1.9355796320425593
1.9207708199231688
1.8178924527951357
1.799108814265961
1.7539033108782065
1.7549674507458994
1.7720142917404005
1.6980405306116109
1.7267927363142093
1.7292085042821024
1.6803516598086543
1.699427639561789
1.613059060309934
1.6590185763926422
1.6260247502052678
1.6429524579970431
1.6682338809349644
1.7473473211538022
1.671307389618316
1.6911870732365573
1.9461741306098854
2.2379542253652596
2.3721385540841964
2.317819854486773
2.5366523507528176
2.727155393956553
2.970409546121174
3.9946682644219456
3.8320482574808516
4.008673065321211
3.8526037556430883
4.3799025385852755
4.0866606841272075
3.969944007069341
4.375699724419362
4.568734029048026
4.588065097619783
4.625595189207125
4.620699854131364
4.690689084412968
4.8346853573154025
4.643060684236191
4.715429573563933
4.742562522961636
5.1083189707405365
4.636856600247468
5.229202699042816
5.094265667630424
5.105699506732505
5.033682891799243
5.469098841588643
5.591527905441246
5.257319069588003
5.32491306492792
4.919111313766328
4.93329362304946
4.764600479778114
5.051988030139598
5.185616338700285
5.0114454283996395
4.885894987333063
4.437928203039568
4.624261456900601
4.292823972078514
3.872033096172064
4.326424645664454
4.630322254835382
4.2538031644220204
3.8416468765898544
3.9193058813604247
3.8004909939811795
3.332995955204321
3.1701439549640282
3.1935890569646093
3.18691490858925
3.0588286910544684
3.0417773487672686
3.044405282336549
2.9390808357050964
3.0609261573802393
2.999921818912934
3.051186141398294
3.219689184203104
2.955406643002208
2.8007737512097033
2.9118546561572827
2.82799023346202
2.7897121059931176
2.729841988618594
3.347419793066015
2.9580282359468426
2.6386862883084365
2.51143075000078
2.482806547357941
2.4382439620986394
2.3491103093960395
2.310022962302639
2.343730962158459
2.326178135383251
2.301144576312842
2.2608666641819464
2.1801934548109574
2.1360903178173505
2.1120243852690086
2.1872040062326557
2.206011961586846
2.082961275864805
1.9888882943804882
2.0101105029579025
1.9876511630392177
1.9992479222305886
1.9396338902656298
1.8660923585065814
1.908777251792224
2.001000566915048
1.9234143969972528
1.909155921000751
2.1795946067979
2.766543473071007
3.101530290633282
2.8230601527299166
3.1840381898665204
3.746391656718128
3.6878594033416787
3.9487136830025267
4.199559170541289
4.160545369730551
4.286378362194954
4.3294030837768736
4.275840588297109
4.526110919707212
4.314248657871126
4.508669393289371
4.340002740184482
4.2104185769430345
4.650363677843274
4.784649307646814
4.805776909480839
4.683166235379671
4.696540586695701
4.889680309538775
4.804398525653385
4.766543891245172
4.759757614238096
5.036593116171761
4.875080574178008
5.095381911210458
5.435769775916327
5.046299597658408
4.524650612186444
4.595964928552452
4.68509856227477
4.974117179158955
4.567565091818429
4.601642161957771
5.165694429758162
0.47008555050269807
2.469468087632315
1.4550556618586794
6.961195857508052
4.372944852206667
0.4136308798165068
7.382008563339623
3.7405144610178334
1.4311798677808252
6.201541277864852
3.4105258385942077
3.491710542529259
7.670066382886183
3.995820527380996
3.597670641350882
3.629501663001523
3.525623429568375
3.6362238013944235
3.3535467732880964
3.325117418530584
3.4292620917059415
3.342454927034002
3.2577894270310117
3.4388792615619286
3.1235605659473857
3.039129726901103
2.981971989245575
2.9356765539736873
2.9460235451081784
2.7039557524073463
2.6512052309429373
2.7635860277284108
2.7650619951852544
2.5744982104379748
2.6247311616999554
2.51372630232474
2.460590953497868
2.388161877171711
2.3235228650875333
2.2785310719162113
2.2730364739449205
2.3244904578239236
2.261182717855425
2.2058357851234742
2.2645472342428286
2.308407991425757
2.278929237803764
2.2306849444896324
2.289574787554902
2.1998141662348973
2.1485086538513767
2.173481326981766
2.2132735322717676
2.2383542316602796
2.2035723281752975
2.281750435086804
2.411472879093172
2.726342720698736
3.2217712617716576
3.5546222059833084
3.4697420053725367
3.8255869460254233
3.9073068661087467
3.689644259258703
3.6276278283582917
3.7572084987188634
3.7962420915359485
3.7943426651831444
4.129557480721036
4.885889645283886
5.328080679320304
5.367326450055645
4.788086829882012
4.756823390478792
4.742043065623986
5.070419326986214
4.896705545908666
5.069682109296632
5.017049885444511
5.670211537163684
5.318884040170478
5.184709312689749
5.0071110804108
5.179601542561235
5.167258713337796
5.0981242191722655
5.100400032227809
4.661971091418509
4.807152197388491
4.572381229648542
5.003543963628585
5.237418959689453
5.532678538413758
5.260064038332748
5.349939249470335
4.427474350828717
4.406039728897703
4.440173728971189
4.295485551789038
4.332218236908194
3.832137461494045
3.625699054743662
3.899595560572653
4.159661124440168
3.705103085220668
3.669037287489505
3.9622224950258174
3.8457765159522954
3.5675090620677308
3.328682792080877
3.37876262752027
3.3856187239708895
3.3387970281691097
3.303791800072903
3.422041072602476
3.4313775755960063
3.2055830176827613
3.2178026933167105
3.2804951953201535
3.0926211534082313
3.081345075220244
2.9410389961742767
2.9133277864681753
2.955079840754468
2.940422086663211
2.9107923045448714
2.7026359382893004
2.6363189000442637
2.6016628641182202
2.552528386266268
2.5607729987292793
2.459268971496077
2.4361905554749637
2.3335314946481107
2.2985753392683144
2.209771499846645
2.2648995790799518
2.198782865947337
2.17711642719432
2.0975138419959416
2.140337514017307
2.114053696030826
2.092492841108897
2.0930280171158357
2.164592773105138
2.097688678967518
2.1640696035772207
2.1015483086995608
2.1127195471625884
2.1063233347459773
2.10846020792432
2.377927200759487
2.9842256860990246
3.078997942466773
2.834612747890898
3.3207334626055403
3.7951561724722964
4.05969884759374
3.9511600447916853
4.3070770995530205
4.362180967773752
4.888990867100481
4.443748977787943
4.685462942748999
4.656156603359156
4.249273558618471
4.486262020768479
4.312463473856738
4.623226328945884
4.805414000753547
4.583155380619551
4.31433708678126
4.651739603270328
4.4270675989811155
4.306938109727777
4.384717890327317
4.276920086772978
4.302455547450672
4.709182912000548
4.478287473479198
4.786504911827256
4.798993880417193
4.67656250768342
4.524161353572602
4.7868094412571605
4.68822859808468
4.647750818051024
4.625933898836352
4.227026079731231
4.160729465562232
4.40132311755244
4.408798477586527
3.739998370509573
3.6674848682848937
3.3602810070361127
3.375060942432396
3.2177465563072873
3.143013319151733
3.254277736429085
3.297784539745694
3.2837829108937266
3.347379412238492
3.365245984740363
3.3008841155872335
3.3377730733096724
3.4513189301848612
3.3659650927713436
3.3740052669514697
3.37674076505512
3.4955826929240064
3.369749903297451
3.189658861790973
3.3123375712775482
3.277904286666809
3.1698474463258743
3.1800385464508705
3.3155884284318526
3.147264846763838
3.075563961492165
2.8192839674586003
2.876399971257916
2.70054819074819
2.6188070760180637
2.717426097084966
2.6594073425982723
2.681136469754737
2.5887629055046593
2.5376674450166483
2.5227410992811867
2.4068838437468507
2.3545657500519708
2.3692030376885445
2.2767737194305244
2.2581263481433482
2.2795234915265468
2.192138771150164
2.22560762155932
2.20042022950821
2.254165183030499
2.2649973789077342
2.236892476535552
2.205844758014702
2.189942192074845
2.1285180339489904
2.1685284925425203
2.1321552235881898
2.246335131159572
2.266451937244249
2.2643606713241864
2.2106253811337364
2.2136756827140784
2.4138439134779426
2.2714035169668585
3.0462813825982535
2.7725613410185046
2.699224673254351
2.883601292367525
2.803300215395113
2.6564997936920083
2.820200762398241
2.923058618956061
2.886266801078257
2.8179060723188645
2.964594282386332
2.9280058179057593
2.995666167721036
2.9801249387779762
3.250878070351132
3.357216139420248
2.98943234347376
3.4464801670990983
4.698958669069279
5.247370641487618
4.42502519620471
4.04120247356834
3.9800871463306695
3.343873032978562
3.3942818578559018
3.4486812917659124
3.685472020253293
3.544292263223212
3.402179644878173
3.6257878804740438
3.4595511028853436
3.115867826609318
3.1834917469755806
3.151610943023956
3.2606775848019094
3.402591982036811
3.0124880201452724
2.8614662733691065
3.070240301417641
2.8507035072165268
2.8330207533848832
2.8312026592378836
2.95497635398985
2.8236085714838874
2.952804053391873
3.012199460321665
3.012060735911668
2.717014353234364
2.6091987568694974
2.5982013587580983
2.5200688285232555
2.861626084123755
2.769190072069413
2.633889667199269
2.496273409924138
2.579904431292465
2.4074456228861925
2.486062184593851
2.4213737180631543
2.352467348923944
2.318783901909894
2.413361728335781
2.313509953022071
2.4662323321003425
2.5322585097901755
2.182739140024793
2.286097178897185
2.2292713098055845
2.162405594795745
2.1382181208704294
2.182238983302884
2.1372034189803784
2.0404329327201167
2.0449176269953946
2.034323861170721
2.012235530796688
1.9965647178820403
2.0149085109601392
2.1278123119743757
2.26538583677563
2.1146606572253672
2.000492323140144
2.057386603385542
2.053955411143139
1.9939872826575797
2.1760972980191053
1.8894586848379873
1.839807694440476
1.8366016612260918
1.7583732845094544
1.8188618926136084
1.8668068100099051
1.8852274134312506
2.025670999702245
2.034675760071513
1.9607145384020332
1.9162068062430857
2.0024381597619536
1.954556123411178
2.1080542719499267
1.921835075074384
2.021904500246503
2.06928877706438
2.105854459525878
2.2519222025313805
2.1771778840059812
2.381465079378197
2.2686246423330587
2.293780014194097
2.2085337719211346
2.364433227592259
2.2452648193541775
2.2642965706192295
2.3873403225643868
2.226824630567232
2.196598860351957
2.2658976543491085
2.3017715147531947
2.4045645278932324
2.5484140317915145
2.815767928581115
2.518407141910835
2.4897539542581133
2.3581282894439477
2.539497920070393
2.677515114650866
2.63708232230575
2.50421486589637
2.484353737753607
2.777389245847091
2.82298654647961
3.107136858590375
3.1223956015065846
2.7376076275787256
2.7112616150061224
3.1134807077633786
3.055221140690635
2.8938554847702176
2.663423750569067
2.685349934921025
2.551516757541716
2.572333952442143
2.7336769249298416
2.4648908262101
2.4952630251578785
2.558676789464853
2.431517184586958
2.3998596309545013
2.474407096010318
2.3298387608050013
2.247337410656729
2.2336688047029343
2.451861700016241
2.720624933847772
2.508375809743547
2.507997698287644
2.690717475014292
2.6118758105695448
2.5434912766747075
2.630482050940658
2.3025594256525737
2.4137397342146993
2.232300842757014
2.5078171722627243
2.5249535377558887
2.1527167532113682
2.071586361815012
1.980100027483368
1.9458356695970294
1.9253681505459717
1.9422100557485704
1.9136994040835236
1.91619329672383
1.9629543897244925
1.9385954161676144
1.9470225799397123
1.8635919788018005
1.84298722024498
1.9436709098926657
1.8434407813831752
1.856513716059264
1.851656851257444
1.75548554942224
1.8004845368586146
1.8285357510299107
2.0544378241298573
2.3784179762591506
2.7568765662142813
3.1138613019961836
2.8705243957268998
3.6149795653418875
3.961742643963534
3.8546274397926057
3.9216129342221127
4.307487813079719
4.1671531402895114
4.589142486725526
4.798324150208404
4.9765843754905115
5.052608903547644
4.716442219558978
4.779471233192885
4.5791783798708074
4.571634912546987
4.491259912128689
4.366305873648001
4.6118248538199555
4.506304236166687
4.498898977582595
4.664187009039337
4.8737190142378815
5.00755292730631
4.72931788759068
4.743007750898766
4.894369444721664
5.018510228038909
5.014468643209458
5.165574056569434
4.948368848504344
4.837257640254773
4.912674239640134
5.062327101621779
4.708878986581617
4.207509958586611
4.122806896151175
4.033313295745393
4.192166357724426
4.005033572608513
3.993491469963896
4.092359457252962
4.0143468463685155
3.637260771849569
3.761261992548434
3.802639562795525
3.924864278342503
3.6824371097606607
3.463436667302181
3.4731633646455777
3.2053460452301414
3.281575910557857
3.124200641597141
3.2759110450579874
3.292514861441487
2.9421406005267587
3.0988702671381048
3.0049690067087806
2.920275548278893
2.7577763218738496
2.86754109789039
2.9926997601769543
2.855034608438405
2.7119555742247576
2.6433442441926265
2.561385033395781
2.5562969578804284
2.5323710671040556
2.652007004058389
2.637644061135031
2.515098208774482
2.5121956245211767
2.4445736089482417
2.371652810151644
2.2999572675389417
2.247211447601789
2.1919263534435136
2.2101601372104698
2.273484267403151
2.1424278051703647
2.096496376324339
2.0943982712031706
2.0905203670470267
2.062852693424358
2.0658825343309846
2.07689182876206
2.065752887120296
2.0116819639904993
1.944315961992616
1.946008844235678
1.9254693310478321
1.916913810573799
1.9471642980076445
2.1958781224900443
2.408169328939791
2.7714537905399728
3.0007940580420103
3.211329117995901
3.1634280993398147
3.453954996076785
3.728820331548088
3.8300562729405616
4.090722276680555
3.8357796923717773
4.180750412054608
4.05434229282043
4.459417993297461
4.634744762970502
4.44367991913878
4.316921745439249
3.998056667759321
4.250270134713705
4.2479803358666866
4.542474910081119
4.67280911965144
4.696243577684128
4.704671872521179
4.821816196009979
5.135763405942036
5.001370228445457
4.7294848513422725
4.490988957023782
5.142700786576327
4.621921551434748
5.067064326210269
5.263509054058074
4.915028789594751
4.519283830579729
4.651156603351645
4.8429928598144265
5.040492297334073
4.455631224410396
4.820435013641366
4.328186764924225
4.228833791335959
4.1409082862508715
3.867469957587721
3.6637200878189824
3.5131563836233792
3.2402095625653904
3.4318346437157503
3.837276304136301
3.4133852308160066
3.7570462067759847
3.728164049219468
3.8503448399175624
3.6074464882851496
3.400719108177587
3.3345362534514207
3.254145780746443
3.1736807643038754
3.177809668754436
3.291416693026631
3.2561968531094627
3.0319377420671896
3.064699229277299
2.859349177583334
2.94486667847364
2.880493711435939
2.7429987034462067
2.7275619271576286
2.6177149007767007
2.667139859879586
2.597884209222841
2.593894764210489
2.4404544525401035
2.4310123149044554
2.4438340021473928
2.321037021748741
2.3274675758093397
2.415997339126005
2.2777209460986603
2.185805411712151
2.257380635976063
2.1824796491314244
2.19115501893263
2.0724911767324428
2.0682485444208294
2.0441973443763706
2.042699782714573
2.0559896367481074
2.046232465133489
2.076759978742856
2.0240351734316935
2.020763405521759
1.9459502583830455
2.0140824428188417
1.991937865571292
1.954660902306079
2.1796221925914523
2.4035653155140504
2.9482157125282415
3.2068752030790875
3.0969514890632337
3.236892252506034
3.5921532394798312
3.780232103715133
4.156903529053602
4.251001375338002
3.7658808945257345
4.106774392968978
4.064942440528773
4.043419912669377
4.627210895776266
4.599349629633987
4.304162619009287
4.263253664886878
4.618575543623542
4.49295701840492
4.243699249499154
4.335174871834832
4.825959806606938
4.891977869172123
4.713984606726196
4.670079272874897
4.915774805337548
4.8772895645010825
5.45537343417547
5.281900854403893
5.401383520473125
5.369715715207956
5.270947661859141
5.158734245826393
5.1756372224874845
4.559115552966569
4.909514405519513
5.089360767144447
4.584250432761299
4.586764216766626
4.304835912031308
4.093152053100968
3.832355121175099
3.906280356661678
3.8384990342874787
4.435848509941708
4.031811657207466
3.897699307609031
4.292189217996834
3.9636141277996275
3.9739409211055006
4.395165043700342
3.829954583564369
3.3436742983079504
3.258345774050014
3.5269026209904326
3.2311655210436623
3.2559191006720116
3.1259965207262344
3.1921154505569533
3.313226199530022
3.3750963771690805
3.359247010783928
3.291901914668443
3.2752089841955145
3.295322064216628
3.2265889942522925
3.2755063299282265
3.182715827119675
3.124584205677447
3.047832107411131
2.984980435162809
2.8291766145332558
3.0228242395449287
2.906213636991445
2.7241108666691582
2.722838381785748
2.5794380676198
2.4745746363165586
2.4782652396878206
2.508246519475179
2.4515814549910724
2.365737306988024
2.3187725729202397
2.2808388994263007
2.2588691751047993
2.190098979416509
2.1932408034101964
2.1261826969584994
2.1697969072278878
2.2102800555399797
2.2035986210010576
2.192020427808022
2.2290129920205555
2.189819271548477
2.1959212534490833
2.40582259470903
2.5594094835425274
3.0645824474561962
3.144788884720404
3.6861828698569585
3.4277601797059907
3.5850846029451673
3.705864857715268
3.9706494526194285
4.0804604836851555
3.9780913865308234
3.9866526787728755
4.484178293423483
4.156628945630995
4.633776950267999
4.541499307818699
4.565609478924919
4.823813887133573
5.467309571944299
5.519825638697954
4.918325785204377
4.934033697662782
4.882124273438261
4.509072313525782
4.482307554787336
4.837818425848477
5.05645544346162
5.154720206903173
5.004798267949209
4.799345250954699
4.9807430067144125
4.945866700673756
4.938381441935535
4.676618522867629
5.1385885831072535
4.6107868266543015
4.54145739137641
4.383373594325557
4.56340233297846
4.632615610302306
4.49703484931228
4.372883519588891
3.5734261964886995
1.635409371889459
7.266256086370645
2.9604781063561676
5.240659951518688
3.3761726574749797
3.5906273229640178
3.7239560165316647
3.4602589744730623
3.4023985739304554
3.393344246777106
3.4949598982166035
3.483675582208399
3.7292846345107096
3.5701732135391038
3.3296767975447605
3.472816713785208
3.4132190251534165
3.492560010002173
3.4713107178597444
3.3749362369600613
3.3039464055411174
3.2439479949159558
3.16700355750623
3.3622222122798204
3.0375514126886656
3.065158541435702
2.9283893453584957
2.872991250873988
2.7628344366191224
2.784136172412101
2.661577268520091
2.6154789164587506
2.6104131170060616
2.5287871416955476
2.5416081899143337
2.5406794593585174
2.382823180386682
2.5136705763264278
2.482696149022215
2.503679648194613
2.486376913947794
2.472967884285093
2.424631511600115
2.429908066344388
2.35051548284956
2.3780557827436137
2.4405922858190756
2.4131763100782133
2.383118835250869
2.270522172234758
2.2178566198452754
2.257605370042052
2.023506009002907
2.2838367279955607
2.6707329326275455
2.693382270282741
2.7904668848055367
2.9918624627839328
3.2252533666065
3.5810515701184604
3.548640570474689
3.7854689129097236
3.9126422048424643
4.193776819644043
4.118933447994861
4.49510708102314
4.114076949527069
3.961010328001443
4.119995218668851
4.279497252013818
4.0267090669618675
4.341352272467734
4.116727454822569
4.293187093697339
4.755749231436588
5.029326472694711
4.681637722111134
4.7641231637868735
4.76332565022931
5.035580653912531
4.840189745230377
5.2401666432715786
5.1434134574996
4.704352155122422
4.761350948092211
4.932632235639713
4.696013481200912
4.227357630754755
3.838080937431388
4.203652675364357
4.194081810730115
4.430489690457214
4.4207815991445205
4.123165623118475
3.5190838335752845
3.3644682650166193
3.523898808557175
3.585156146299496
3.505145563216864
3.4484603859949146
3.278524335386047
3.300257830378884
4.06850411383767
3.6169875949859507
3.290014173966122
3.336943851989044
3.3872292856187136
3.3113909310207865
3.3525407316390003
3.535571051929311
3.5684518795840656
3.4758785786730972
3.3662268571385665
3.450748508546193
3.422084133035072
3.317408473390051
3.071116484104146
3.2837624261212364
3.2718105660478654
3.31051638180068
3.108323981841865
2.954093567552423
2.813151168121207
2.9237348678032395
2.7254196716506374
2.6630335739815214
2.5973308297387523
2.7759111605792057
2.5385278625284187
2.4324479812726048
2.473401026636149
2.4679832406733078
2.449795582574443
2.3987523185755237
2.307509339995664
2.3347465318830616
2.173788657635142
2.1908509243493035
2.206602991906301
2.2048488685069314
2.1920935857350243
2.16203737820846
2.154905697785424
2.1484400143693847
2.1306221519943622
2.0798804299477176
2.0996037624982615
2.046664390718916
2.0901428281735104
2.1554800505000355
2.231921746978629
2.183619790129707
2.2160211207544123
2.287295852693389
2.349199784751869
2.412968389660907
2.402644646615001
2.3563084203165077
2.6585160359783906
2.60354370199355
2.607400697757044
2.648868588287302
2.7297439404502652
2.798438797676422
3.0768961919212248
2.7882585858436033
2.764688726638318
2.8157706377666276
2.8275556425385195
2.7757552139464945
2.810862219980311
2.954379977723625
2.9876318926455725
3.0076949320818307
3.421716069119788
3.1971071819741907
3.191435077866837
3.0195373481963053
3.0880389188600654
3.025366119572535
3.014844404434163
2.9518770174670754
2.9813608102127462
2.9506273066035544
2.9232811350955323
3.1283082003947404
3.064346029243698
3.0900920856510603
3.1762970358316998
2.7935423753602553
2.972113160726742
2.9993367123964307
2.986788051088669
2.887410951568916
2.9800370762377715
3.0787334564167703
3.0597093363283916
3.2565022231567946
3.1243602493846856
2.766550667517437
2.8005729967462423
2.8109316288110193
2.846470643433129
2.8865254338694806
2.8149991195180943
2.7648703129881107
2.641498869964522
2.6290254512286837
2.8254888860594445
2.8815108980253537
2.809823200261978
2.756117650824894
2.8163095953717288
2.708526614972355
2.7390205085973074
2.7555858804174354
2.8821970864499873
2.754051547652204
2.7152059451580546
2.7597434906301546
2.757595906280832
2.692435086881358
2.699965593128379
2.677467434152295
2.54364067475938
2.505322466155022
2.3981897830598626
2.4481980492604496
2.400031197258225
2.3592549461410117
2.3742810929911347
2.334270480979937
2.3403960680962306
2.3406037579599044
2.197959723312419
2.2362137319044733
2.1945529442184
2.152561517065728
2.159885146093463
2.19485176248416
2.231529032714144
2.2533896919737573
2.134101923586091
2.166683836733867
2.129919035756631
2.0955710407655017
2.0808892234893794
2.0940018172397177
2.1157649940722236
2.1058286534483655
2.12035692310634
2.1850870865230396
2.0522530079779906
2.3331263431399645
2.3430415603770456
2.2554945323843647
2.4019162036507744
2.4880598466030976
2.4813857584505117
2.4256305777156477
2.354695245098838
2.480442349718912
2.5177035771902845
2.3562423191009674
2.4433774092231504
2.5228758809431904
2.5412325582306443
2.542449855057654
2.681627226155211
2.7793039516366256
2.7317766682051587
2.7410887504682115
2.869684366853541
2.929499067588246
2.8716098415633353
2.865035304805214
2.8303005348979164
2.7548556557639565
2.751257611319234
2.7874879048927106
2.8186997588872447
2.8580205096493176
2.7633570416652313
2.707870529506767
2.885723815613494
2.929608683414589
2.9097516382180566
2.905458719378483
2.8968952467409532
2.9912552258578144
2.959585169779766
2.878059448855587
2.9984445529820145
2.8643832027574643
2.6701397479424704
2.79401108076418
2.7252964337816454
2.8220102336930406
2.811627535799667
3.0131732378150216
3.327222073345367
3.005841584953146
3.0105564076911016
2.864642615256782
3.0489303558782064
2.8598066375973246
2.9213100025242085
2.8567478255301433
2.970561771139062
2.8153981412296263
2.8529478171940084
2.834994227178111
2.9005522753389514
2.843539425052042
2.6360870359165802
2.5766608089159972
2.659744855908046
2.6366223243436937
2.5628461397249303
2.7103769173725123
2.6439505157841414
2.6187926819013416
2.6701197337855103
2.5918365467929587
2.4879321038730087
2.4769007828280727
2.3923400246051596
2.2992798270870023
2.337216583966461
2.3228412191594394
2.2448907771777913
2.183487429540959
2.1199322810502497
2.134348935387739
2.1248274756711187
2.135391117496709
2.0884246549331285
2.110320791629156
2.0962554028644185
2.109602331556663
2.084989720520644
2.031124171042534
2.0729897227318856
2.039289301846764
2.12500702612947
2.0460680624757206
2.0651323344141455
2.1507760142031764
2.7154495947607327
2.6495850859977894
2.791294543162288
3.2245240967748328
3.4409310282593655
3.36415291964008
3.395007074270021
3.3004390089004336
3.248348199206046
3.4586721465710637
3.8120237218726793
4.4162693750581425
2.8751355392612714
3.0067120088230923
3.0202292841556297
2.949654047585718
3.041808379554175
3.145618152605417
2.8337592519648043
3.009028726568137
3.1659606826532243
3.106274348606002
3.0041227854171617
2.9026563809389905
2.8946225707311077
2.795477825069666
2.803437683589446
2.8150858806347205
2.7349949838155454
2.735700887717741
2.7827661662377077
2.6848141650244894
2.634841069380241
2.4456520968062483
2.93645439608565
2.9952532187287204
2.431738190397346
2.623772286398624
2.7645286090892176
2.7255924221005974
2.8784133840158814
2.648874341906201
2.7171470222685263
2.9498081905274374
2.938292945928799
2.786999330405073
2.7288148154378873
2.763070925425725
2.7568956187055322
2.8866879726461434
2.8742119476601586
2.9722961902911815
2.8923010760770307
2.783489847861786
2.8783361187109464
2.871451896450652
2.9469925979402354
2.94774815600002
2.791067275040779
2.839736241532356
2.789006308867779
2.6768086645418787
2.661074791089403
2.503163247050122
2.4366121713933926
2.4111928449289266
2.4108233483936097
2.4112405703391873
2.3100198512361154
2.391598452626525
2.390717728402324
2.3670952046817155
2.2924024327875294
2.273150530560997
2.2346327987705936
2.138439674869546
2.161594902154864
2.1787587032497435
2.2080714924882345
2.105460147772323
2.090255067070955
2.059755259634462
2.085018430612492
2.003664506012621
1.958525382360683
2.026916501599166
2.066014618221486
2.059349958366118
2.0911388519009453
2.0769743657414987
2.16161634821492
2.1803769784279563
2.084150516878089
2.136223418976568
2.2993514317730237
2.398892625343627
2.5473330349293093
2.462126276092941
2.496042092234796
2.5151977502174927
2.502352540012112
2.607304552127166
2.7777152619807115
2.8052590836593714
2.8914523723022705
2.9063220274513037
2.990482025561596
3.0219352867449074
3.0952225783117027
2.929392504277978
2.740479598686629
2.8852778496012217
2.9350344133675095
2.855213135080129
2.7974351341058243
2.817980633268255
2.809863467786827
2.7987556658374717
2.9567370965141953
2.7433639630331483
2.700967656793846
2.7670651511312223
2.719879148142848
2.442445578149168
2.5135550732832233
2.5215660636531596
2.4823972410761006
2.715591017471042
2.6084679216799205
2.688436138822937
2.618738804421407
2.555005879199621
2.65656942922213
2.864334550112645
2.71287781404494
2.8614120404294696
2.8732368591760618
3.108160546868131
3.1481322870023853
3.0667345978300955
3.209579072660169
3.04752321444561
3.144060866284162
2.7967158022885026
3.163052294867329
3.1178562478952068
3.3242136042501937
3.2188270487417885
3.3669357167361476
3.135412168142392
3.3088228876024575
3.0628994108723973
3.1756273682497276
3.0255948439007803
3.177973693390702
3.2481238078990726
3.1822128793494615
3.191684264240139
2.987849738197296
2.9370926911511614
3.091811253244625
3.0389132321505468
2.818630454961873
2.9041790883941383
2.8454777853621738
2.7368250133653085
2.6982598810318894
2.788522420095412
2.7160491040186057
2.6355617836246794
2.569710473178512
2.549678549622254
2.54019645082695
2.6271153602968402
2.5379453443688513
2.478506253963098
2.465079269131155
2.387799677248143
2.31934109287074
2.369325884985155
2.305235235241165
2.3055642578420192
2.3260469063886426
2.3340552826125203
2.2593921163319304
2.302012861609301
2.4323512728985253
2.669047639143285
2.970483779912911
3.268262916613836
3.8028498407600617
4.3761131181649215
4.522081456656828
4.3849648299804915
4.4887291083204035
4.751009090977746
4.207878397328751
4.726396516069337
3.6070006318039516
4.015549737745085
3.484179276537641
4.456609035615099
4.956944150034954
4.93466714781105
4.780006525922317
4.423913385576683
4.483860383286128
4.506956703089154
3.868854986171421
3.997964569003421
3.804155989343222
4.672019208944536
4.856633883752417
4.122504783708025
3.9369591392361523
4.638316884966103
5.361956322589125
5.031712924534006
5.397145114391616
5.069221434122886
4.335685259053751
3.685452286918512
3.9013328322435132
3.745864003250447
4.214395617635941
4.1462530586436115
3.654172530883261
4.4610302649231
3.687068575154172
3.560209400441126
3.3427705342001555
3.5235817932104365
3.4838733444301044
3.2751978698546624
3.3927629417846963
3.353643959650102
3.568002733404788
3.7924327252420733
3.5126271949708143
3.9305873106472284
3.7629603195141765
3.70184899104661
3.508919623480491
3.3576213721567143
3.568584038154376
3.5869583745108717
3.502737901436381
3.584901651279886
3.431031122969792
3.497043396786768
3.484419929808326
3.519909123412664
3.4299736649304684
3.393916971736532
3.211302665333536
3.263070829021034
3.040669373558521
3.06154720405415
2.9892641929085513
2.993121369342757
2.8795189018460206
2.841770152843688
2.796374102068655
2.6741895186998312
2.559929849418229
2.5071090242391705
2.505610796319149
2.479102019459914
2.47039068429454
2.4074022955425027
2.4007138173423526
2.3640035440019864
2.266349537873649
2.221957890132221
2.2786389902931985
2.250026317540297
2.30555302549151
1.9727757838691202
1.9936465476946656
2.0956267026154283
2.270371213206557
2.1764491164296698
2.78649408095464
3.284709341356838
3.405492715182231
3.5559040058112816
3.4736554596580502
4.326734789311003
4.111694380721757
3.9661781117674164
4.841849919657244
4.806950234116856
5.02598709643676
4.812589742115198
4.796389971742193
4.39096087688102
4.543713390604477
4.367288539550819
4.095985941578367
4.32496673739504
4.864590235319182
5.049709381464357
4.786912879567184
5.875301929639562
6.207442375644695
5.745836447604616
6.110214194375499
5.982490622856291
5.8879675593772065
5.476942789367013
5.220169434685747
5.272257500407574
4.730896844030729
3.7438068126718416
4.307676088537761
4.418139890015045
4.649708750079457
4.53613227465764
5.011154166978683
4.841456789871592
3.712604652668099
5.600185663072966
4.388809864878941
3.9632634894901164
3.456735982653682
3.3787332045550884
3.4385201857049816
3.5307127660203297
3.469173167635699
3.5089394116187624
3.2654619605306645
3.1376753191965836
2.7993963032419797
2.9043639235187637
3.021237204407373
3.0195142126368455
3.0735364666577967
3.23424230619215
3.3127267687716775
3.4260675101977704
3.467565504367869
3.4576356136234785
3.449697020111717
3.34440258860167
3.2286149859475657
3.2379340841498685
3.0850960816805735
2.981461532253994
3.007227941548791
3.0987180093132474
3.046233732688974
2.965351041313453
2.890582949292291
2.831259397665692
2.8240909788396165
2.7742576058580206
2.687031806297182
2.5265133022726536
2.491835427218866
2.517647637241395
2.364711730860202
2.3695490764364435
2.3416774585248046
2.344472782104416
2.332586780069489
2.2876681940334302
2.2693620353761723
2.3265879716286064
2.2490269155852762
2.273101214482052
2.2426173837727514
2.267635620823401
2.245591349862218
2.1526987232550567
2.180384518497736
2.1833581349136435
2.226455494709966
2.4237715674861318
2.624607103867898
3.2003193662976344
3.753222129085039
3.389935690468829
3.3644497384584664
3.3588555807508627
4.008988472637703
3.892373175019469
4.407539938158521
4.3187069066819435
4.134752984252301
4.222038231629972
4.138065438118761
3.9742995694643604
4.131816874191512
4.514059654664761
4.559320099000934
4.944309804934653
5.062137624592561
4.756648222889985
4.713864183465708
5.0970937737120225
0.4368840678066639
4.20516312886319
4.091165754711288
4.749384307801698
4.9681453049857165
4.996522507191849
5.28301492447467
5.004020741783332
4.734251930131397
4.492006744103244
4.7842582620897876
5.106728445210086
4.853641656206795
4.999665546488079
4.764039204595567
4.5808156041170145
3.9898162009448095
3.6803114029777046
4.340624343700827
3.8199180649277054
3.560226291367401
3.7227148684016362
3.6906117959284104
3.9775897849124564
3.779510390562164
3.7599322385653844
3.7381136809872544
3.5354160964094894
3.540459317116156
3.7296447089891385
3.4467391418610878
3.4842796153764533
3.364160650119161
3.2079855915020143
2.9484988648475374
3.046174951177705
2.9632190487314896
2.888675955084672
2.83449264185585
3.099935273229149
3.0781651920441204
3.052509061156247
3.179668363396247
3.1144083708237456
3.2374744278924057
2.658409810951579
2.8839890304481095
2.8567825593484555
2.6355559268281774
2.6808945421141903
2.884486646945672
2.9393257391990644
2.521865933136212
2.427371411976224
2.2468884861598206
2.1617689153268684
2.2363050075188706
2.2532519371621214
2.2415447629247978
2.1755028145760327
2.1985601861298427
2.1796392206089905
2.163878331573756
2.107298468357382
2.1279378645940854
2.1329126132862752
2.136096466475858
2.2614665281097417
2.0990680123494068
2.090050021239339
1.9704652915379959
2.0011941726700737
2.072183328555752
2.0451522056999414
2.18351194372793
2.1302745841276165
2.1998665287255523
2.397586901158913
2.3292356800767036
2.298251235127558
2.4577083561591366
2.5751166999233748
2.6508218208534085
2.790607358524162
2.740149196585633
2.6901318818282824
3.51371364092262
3.1254181335268276
3.345468547849618
3.6638569888835595
4.336311452081805
3.498248541666054
3.5082059543759834
3.2747213556849477
3.1152210354976306
3.21147716657628
3.2902694221919906
3.2675141097886966
3.1245935349897347
3.3186339950815764
3.159557909861849
3.1580509335172042
3.2342674377648057
3.0660490472235855
2.9692508726609037
2.7833886695864813
2.8164361763141725
2.6322328245465454
2.696782590889426
2.4374135931449867
2.6148685952643604
2.8712921330959666
3.0211771322519723
2.9018133455750164
2.906386088004546
2.887524886716463
2.6140573383170564
2.597970603783102
2.7606472586740245
2.5220794388358865
2.737753882994165
2.3543162543863705
2.823051428650418
2.7252714333440626
2.6797122572317162
2.645279220262018
2.735743291307914
2.6866173371043067
2.458865475396481
2.776423470590281
2.6232419669686915
2.603343694815942
2.861576245629795
2.8119531212295263
2.670607095506192
2.580585825420855
2.574540263556791
2.5774015856226287
2.6450869155894456
2.6558782120079942
2.627150062894201
2.7048352387643235
2.7232275084340136
2.576209893408531
2.647279952220924
2.581126754558715
2.5548922007285517
2.4084971803630335
2.4415349298999733
2.376722837991478
2.383833978817257
2.326268270498517
2.230275430022367
2.1952605337993187
2.181369892053358
2.0972714122890315
2.0306267717577393
1.9953099182392
2.000021206158764
2.0530556136932594
2.0274800008144
1.9933722554711013
1.9462377616150082
1.9294806160370501
1.8946111266283547
1.9660884608300493
2.0012526281065757
1.9613206425514782
1.9453021075971102
1.8887175705828718
1.9128486314210578
2.001867626670111
1.9941004274662324
1.9674712355546622
1.9393858772076236
2.007507778244796
2.0036906671322603
1.9923655122565453
2.018046664799033
2.0168480847582386
2.0442911150125798
2.142501706608629
2.1467376009861647
2.5708076580579218
2.7778442054460624
2.561119385997366
2.4920587655818793
2.6862023989014783
3.145650502120331
3.162193359692934
2.772443853555341
2.6100209163239865
2.465525407193839
2.448310814848438
2.4671131771756967
2.3749869164115167
2.5109215325727354
2.506955047997701
2.5406062235583735
2.680557884502282
2.801992662648859
2.575744895477428
2.5790013147098216
2.6003417646438893
2.483945580880499
2.408943168502203
2.3933590537143403
2.2854953335993007
2.414056664749696
2.3810535153930332
2.4877419192413233
2.7814709118693757
2.4787509209267444
2.9120848371437473
2.742644423511759
2.9398694676545603
2.83342470943263
2.832481496952009
2.7750656567761323
2.744809306312455
2.5424399539893563
2.6219125206136114
2.669434747177498
2.661082466803538
2.5964095541990346
2.6090484056489647
2.6808246866310514
2.4811740872578385
2.634505816894724
2.6348636902867173
2.5457013372946986
2.519721086435391
2.4527720622555345
2.434505223630251
2.501144143076456
2.35492259556408
2.2999433582940023
2.36171809631282
2.4179604755128117
2.3754811762901586
2.351733442717694
2.3498875703944226
2.283553036354751
2.383678928954635
2.2940539093573933
2.1853846486943875
2.2037010411291598
2.190329743435798
2.1428965090383336
2.0435759654789147
1.947980036716548
1.9018220332680151
1.9058299025061385
1.8542862748771092
1.8175503728520748
1.8202367103085042
1.7696260628242877
1.7581774153055465
1.6911001851397507
1.7238083225606946
1.672120385181364
1.7027452299332906
1.744587304837041
1.8620465438171743
1.9637250028502418
2.4878680612510244
3.1291546386771936
3.599433849538337
3.7341165510560477
4.391634810824958
4.3084914319073775
4.453952101921946
4.900477179320886
5.2156337746057115
5.168584633306844
5.20843292311983
5.6253312512780065
5.363332613118004
5.502711181967924
4.599195304979812
4.706725917084016
4.800562560190816
4.731275662388297
4.86302320691104
4.876748762978697
5.212855029692891
5.064194144533168
4.896157981518973
5.208409000361145
5.0624584402089905
4.899778695744281
5.312376074463763
4.884294831793017
5.07864901619005
5.408442483901993
5.446079624870876
5.129217428139126
5.324561173524691
5.3510749462589215
5.7696417653184415
5.633183186536466
5.359476091797286
5.208201970998317
5.15326651280126
4.573398458505026
4.540218968967922
4.585064937876324
4.676895204037971
4.3679441007706785
4.115128398179012
4.233744732685662
4.051605718945896
3.6900711089312064
3.9087475403938807
3.7015006181190313
3.451707890408528
3.4774152038097252
3.0161512237427943
2.8384960518469446
3.2125910640390316
3.098916091501365
3.2242206996500955
3.1149249384744198
3.2855361364627247
2.8118866934367577
3.0302806063139816
3.0016287095105016
2.798273123114987
2.6686503024190054
2.877614346469475
3.0153859490153536
2.6792689180159623
2.6931266765856123
2.4993116053776343
2.6019312228554186
2.5129841999072133
2.523020449905692
2.459952245224856
2.5452062851495008
2.500723246760183
2.3700605908901595
2.2721967570650423
2.416754585320802
2.18351989663282
2.094206939852171
2.093045993710845
2.0414125379349217
1.9316610579119173
1.9722058750425626
1.8852411600765613
1.902011483477176
1.8601119588312038
1.8722033061135528
1.7957893258358613
1.8609613721028022
1.8943270398191858
1.8938569207607188
1.8504605253150306
1.826941106384128
1.9011744957456576
1.9579319389791352
2.1525746752915915
2.695408163037883
2.901127067910712
3.436387819827589
3.659222630320978
3.5552670188024855
3.500821041664837
4.115018603677416
3.8527760324935074
4.255018296571435
4.028595850475147
4.0490664447299505
4.479868901212385
4.91313039118217
5.374105659605036
5.341159438953828
5.296910229561307
5.021213466405179
5.277510006836724
5.5957978915554705
5.314336222832143
4.574086030111582
5.145207502398945
5.5794903229861275
5.081720313768769
5.156575073238426
5.061823511936361
4.632014575128311
5.209263471734553
5.229836197407195
5.109529794023027
5.064348840902032
5.393025585999936
6.107035103984763
5.981779906997359
5.48647495743183
5.80598453585121
5.569538930594645
4.79883142166526
4.948874967937361
4.693457171818247
4.633318406423397
4.256702557957128
4.094712654473489
3.690032912766206
3.981330482656
4.263730268049373
4.389059107787657
4.195912467626267
3.8737680851733702
3.5413938372500033
3.434544484096691
3.5219347891828017
3.65468731767888
3.4727815633384553
3.3326161551650393
3.4623569307426725
3.5282062718135956
3.523254974301045
3.6863641200755675
3.6985359572057197
3.493943397727921
3.428207212734953
3.554714580971138
3.316178207730077
3.0923435524246403
2.7599532564515736
3.5925193621910467
3.868583560945133
3.400277475395552
3.7735231070552566
3.870376791402359
3.3916807135868896
3.0684961055823616
2.8778471853090757
2.6090035012102484
2.567929964573559
2.5057443227619767
2.481699636768915
2.467455340530138
2.3815836357690663
2.3914896537849177
2.3465899345582666
2.2167027028684068
2.225520781648784
2.1952708153268
2.155408749065421
2.1660771758574735
2.1610122746682547
2.119526463321112
2.0907088245053536
2.1428857288638308
2.088979692169941
2.06801589840859
2.1156617766505295
2.1520643306285354
2.355932561317894
2.5565529958950823
2.897185280360545
2.759261036896808
3.3413964947180004
3.240753265901401
3.57267492531747
3.556719508639962
4.41149848342997
4.160670275462514
4.019564182787342
4.017536612638467
4.5194921255219445
4.8601858139435805
4.752670015776178
4.6865797438167185
4.4955319462298755
4.582115515320115
4.442565807249486
2.3774383414024425
6.110561908250793
4.493061169572292
4.6769736226430885
4.464929347668819
4.407785600823358
4.418791260045566
5.008784909223878
5.407516593509816
5.2782513719626305
5.157515109477077
5.143167902446363
4.983475310747161
5.096242341802632
4.221606924602555
4.613349132216552
4.597125684204573
4.928170979462499
4.694981532411732
5.15095843645291
4.680580536801878
4.669434811173054
4.338985714255494
4.005237212574159
3.822881528327334
3.982570514943343
3.790241595962458
3.696782367938696
3.5616761203753655
3.5724889851421784
4.016528632262477
3.802081738055197
3.414603260392442
3.4612393559474954
3.425858271933183
3.356455780688638
3.497301748192326
3.2816665904081206
3.475825182008468
3.2371677815923947
3.240877388576991
3.3656256661153447
3.115466406763163
3.0990406935167267
3.0205150566138435
3.053514258266785
3.0913571859932656
3.0966833792926582
2.9892630348015157
2.9234090502472156
2.886453168795263
3.0404775547129312
2.8998709564981127
2.9544558064626014
2.9282247370607077
2.9597907044675633
2.743213580587876
2.6647922426045016
2.7002110143934908
2.553926002388866
2.4718573870257816
2.307370607779817
2.318512994351431
2.1980828195283837
2.229318941306721
2.245471196139571
2.2100313001480805
2.1856960660436777
2.1690971919525897
2.136054429457412
2.13989064265684
2.1914453444159894
2.1895405697524337
2.1756212718942716
2.197258642471545
2.234416158378689
2.259718886746923
2.2058173223195126
2.3138726073646017
3.0225140262263785
3.208038244520163
3.863231206931697
4.065626380231017
4.443037125658766
3.4858655038076587
3.2696995576746413
3.769993372724247
3.5798285125014258
3.9889424508339797
4.248492298177245
4.2669872492783885
4.370885540720631
5.0412273519826885
5.325317768170988
3.772894142205946
3.312871964657264
3.6265324203137586
4.427207643543497
4.875721721022248
5.069371217606149
5.627608636560302
5.3175425457926035
4.802748768832173
4.777454955960426
4.521695108587639
4.939815878706387
4.831198747404987
4.8374330596876405
4.506891658008358
4.756931845080361
4.750743148088555
4.730877705011697
4.628628241677142
4.6622693628864
4.526453487381849
4.618635196561395
4.302005164794127
4.2949885393787275
4.161720235089065
4.119193120425737
4.113789985705278
4.521816931186918
4.296629395637066
4.161915955365647
3.930043171516816
3.9029699388356045
4.2486734730249
4.034269358480702
3.701573953438115
3.9053661805029525
3.5001330813669567
3.363983640687104
3.2635964500045263
3.213813272931048
3.3124885524130923
3.352287315146544
3.227744586829977
3.2847543120001923
3.2210953443550543
3.2315564876144895
3.4628154295741775
3.4342852400834656
3.3710039761759143
3.553036638306812
3.406267009967277
3.5118193910597526
3.244246941431454
3.1735260243552665
2.886061157021687
3.07491877397418
2.8206714373445365
2.523424125195609
2.6236250628169153
2.5717668144715833
2.414778723058157
2.3492580914096264
2.306316104233735
2.2249835396736164
2.158632235927077
2.1795484192617667
2.1490764418093127
2.1463240135266486
2.0853334877569933
2.056809947676109
2.0064993968413307
2.0552629150899584
2.010043733265934
2.0086732558383935
2.0854282014767658
2.0868146132240053
2.0561900664987016
2.1200804306701557
2.083907445907232
2.2207139277103676
2.595284957566108
2.887015359640355
3.434842050823321
3.1839516816669873
3.1119349994106473
3.401544089024874
3.407946599472378
3.392860586972337
3.686644813521191
3.962250511880771
3.990322110448367
4.198601624160509
4.283249757380648
4.486591985408398
4.996399616722853
5.404339920047523
5.034140420235865
5.233447627484644
5.036782146700637
4.9097499104963
4.072955902667368
4.635944516435289
4.369611716963063
4.577878674841858
4.6781740353361885
4.6643533536322
4.694602266504609
4.9545838577753925
4.810330062150603
4.946048811056834
4.85321396971508
4.475022373051904
4.158008234722198
3.653405196128766
3.5374256576070815
0.6065972324708249
7.669301391696654
4.048665855705594
3.3405723109966052
2.9830799621644495
3.1232999438287936
3.2348181882213822
2.9698553445708584
3.091867781419946
3.08946527296653
3.1380756460573824
3.119766746944335
3.0764654272434795
3.0747953912438417
3.1125461264532213
3.0287267956154547
3.0786444614644535
3.211939216427363
3.1960143316247747
3.28750275264757
3.4154147865883817
3.451970757726719
3.058412713948665
3.1204272576545518
3.205295343626594
3.1709944337057436
3.1829706791011065
3.1332009184499197
2.9937419958337887
2.6751928676688066
2.991659728438956
2.84402692393832
2.860616321954038
2.7741365239247187
2.7897918430949322
2.735515634948713
2.35810263079176
2.664869950828417
2.603922134894188
2.535624962083213
2.623264173172008
2.4527260561849022
2.4042246571354053
2.3850435063570528
2.2967393756814674
2.382026660550466
2.3142819381390525
2.1764819751610522
2.161509601553916
2.159773561010963
2.089910707544796
2.0957172679492353
2.0541579124933405
2.026931438873134
2.029048029268647
2.066844295642281
2.0557934363667227
2.046452576563605
1.990377944602747
2.0272751416991204
2.0267746450829662
1.961194636025197
1.9543216462958424
1.9628437137436507
2.0551063846975124
2.083901780283163
2.013230703698835
2.0651832440570224
2.1213073227430295
2.4222530262617363
2.599011716196226
2.2948339483201767
2.3531153964587332
2.567007141938863
2.6456662087237266
2.6928125795281095
2.5846562501626638
2.76811814296328
2.8962036670357363
2.8524168988986798
3.0130905128696526
3.0814890430074606
3.1128114432163314
3.0837369337889298
3.1422884500949224
3.0741420768084473
3.2359726732091625
3.0744944557248903
3.1414447739352322
3.0394168912709776
3.07430780080583
3.1049009257085243
3.1912250146533334
3.2302317704803407
3.1558190585622063
3.1245056848468415
3.056923000046102
3.0907244815103865
3.048078744638497
2.9782217682149112
3.0388032232890114
2.973616798250673
2.952024600609306
2.9170083299473815
2.6904620437375795
2.656195820860505
2.6423126048736796
2.595411685870566
2.6619978724047964
0.4889746292805751
3.4117465500264244
4.178390792875903
2.9981510598410277
2.9841744556399785
2.9757733488893843
2.934449215240156
2.946373578851636
2.906171141963344
2.8351424558418823
2.8557333341220574
2.8921409277588275
2.874681501582384
2.807131002187369
2.737612704203191
2.6550072869648553
2.6852283031110655
2.6518035142311103
2.801562340563299
2.700706041439449
2.590906543157497
2.5317991433962987
2.4420987138225225
2.5248597680453253
2.504543107974779
2.4213855882334214
2.25196165353358
2.2396348387964053
2.2054963485843024
2.1460110185492587
2.125902639641842
2.060903370809723
1.9780406460644027
1.9806980881289458
1.966978709551499
1.9390676466699968
1.9352996040002914
1.9476187651328118
1.9124932369906997
1.7997527843335743
1.7772600337998998
1.777352406698617
1.8004956918820472
1.6981722177302954
1.6646660094221173
1.7459478742633632
1.7910759278236914
1.7750370538456162
1.7864218720427
1.8477783146955673
1.8154446772483075
1.825795728025899
1.859809074954142
1.901034423329604
1.9490605118492936
1.9371525009142818
1.9901953681253954
2.0582821532048783
2.11030925853896
2.137924853668954
2.169617574534353
2.183647371636492
2.2341268214655683
2.239679644465154
2.206878039998881
2.327088718063117
2.3641416283544165
2.408696420163965
2.458101365227465
2.4702328111956153
2.4837630006538522
2.4776368613267703
2.4839403425148507
2.4966689594610885
2.5477541487210487
2.598480581279314
2.5673326416262015
2.5721336038485476
2.545645307787455
2.5275790813985513
2.566867845704339
2.6989742174285856
2.6666698810094958
2.6356569100273615
2.90829146405117
2.792332856845897
2.775146703789915
2.6841997546631724
2.707155543544563
2.70051100272937
2.7788663942653145
2.730211617629999
2.6887835897974486
2.6701831056422853
2.7116399333807863
2.8661332371741337
2.8379983410722716
2.8583395699895577
2.836448195320679
2.878734690170194
2.754662920520154
2.703714416937524
2.6174748464247233
2.579782103990057
2.711888342668986
2.5981444623791834
2.5104701353858707
2.55606717208337
2.5215601962168184
2.458694102394
2.5543646580325596
2.438547933371402
2.422805274111725
2.4257015162993856
2.4720683631656377
2.4529135608164245
2.4713563488029138
2.3760968093236947
2.4512292144176184
2.4393502278260297
2.3201116207828156
2.3368611421410286
2.206344152741511
2.2381712198429398
2.136011960111085
2.0940587172538265
2.053475823765936
1.991097376084245
2.078046174618216
2.001338679872417
1.9007429090144545
2.0010351086288822
1.9189478176166301
1.8729013037439137
1.8322873011932992
1.7862474657867835
1.8003959508741965
1.8108155063694849
1.758371846396976
1.778725838262518
1.7840684398660345
1.7724572359987272
1.7710049242197725
1.7466028363906043
1.6840186889746693
1.8130611426186813
2.3077226990719732
2.4324535981617608
2.5502875952845847
3.09102316975882
3.6024012384018036
2.7060657852485464
3.092727154879054
3.3015054426645127
2.992138225698773
3.0684658543260386
2.6737062879567173
3.297954027934215
2.990318784943509
3.2232829860625687
3.157988262408589
2.962950775234614
2.7667218577484682
2.721703127411794
2.710924597863742
2.837002036043009
3.049445537382017
3.2381599914077537
3.5623801879600165
3.104528599208296
3.2013669429519473
3.234609583996486
3.41008622657388
3.932953196161552
3.3395105875038156
3.667127768005123
3.632674420945678
3.629911998387701
3.4457339504348155
3.099470014163454
2.9882262555981907
3.1490192881582972
3.1985907098070863
3.689189020191415
3.3293457547516936
3.4675943358680876
3.0906478180815142
2.9791612451749843
3.0942942207177953
3.229966049301047
2.756153565317902
2.6908957050485487
2.5137714384786363
2.547467860771718
2.6347728410576967
2.6339908360442026
2.5758451510629374
2.7330733203277764
2.7032325320322292
2.515317790218677
2.557241164789111
2.611646690822252
2.8102956427329975
2.7269246725286047
2.733124393522527
2.751037209092951
2.7915168054433446
2.875985900051027
2.8991428230867697
2.712321236386042
2.7041408786493744
2.667088681875517
2.614901629029722
2.4482013618467287
2.460842631369853
2.2354824153126533
2.2341809809926714
2.1955269573152947
2.210701416738708
2.1196451428838294
2.0498686305316562
2.0313973310157256
1.9749587378416258
1.8582736232758217
1.8287418464905711
1.8300016489479694
1.8480294217328306
1.8154532130562784
1.7773263171329678
1.847736998607061
1.8567320508747274
1.8129793252984825
1.7612810746347822
1.7398303325311744
1.7626946313528808
1.7685237160806644
1.7986090203403828
1.8816387786920963
1.8702279107299473
2.2069863978392323
1.8809299603585798
1.969657006749203
1.9147375123487291
2.196979165455296
2.6243050800074927
2.8519171540012422
3.0821288455535023
2.9122364847432025
3.2843903205289786
3.2608240408909266
3.302616029281193
3.47695255596276
3.5088200507033918
3.9397779392328753
3.950179146432012
3.858027902377289
3.785185709970963
4.048956515549193
3.7989602853349465
3.6649061330242803
3.964039760603939
1.0649749500147054
6.91572813322434
0.20981946442037183
94.36716637009818
69.42338236412515
108.41118800990559
2.3293035726381808
101.21230495643977
88.26598989244472
124.8479947543388
121.58138928823526
154.18301345883165
146.62683014376057
34.117500819014516
54.53996506642635
3.2521561093151443
3.221558346488995
2.0029264357517533
1.310829290386035
4.9366341762756445
3.061170633548684
3.0944094713845587
2.977249634759094
2.9318235183685677
2.9082809611784515
2.8709033192670192
2.8404550748974304
2.9036707331840197
2.871788220880745
2.8743945375399034
2.941985541261057
2.926788880650876
2.9115571025459834
3.038197729694296
3.0448681299298306
3.0371123837520146
3.1838217006461678
3.190151588376876
3.1836171086001013
3.115059872448295
3.0213951834247257
3.016152933238673
3.0532377813817693
3.021200591854163
2.8260077733791626
2.7820722101146336
3.0137587343366246
2.9769590170498623
2.820885688000834
2.766893965354017
2.674247885268633
2.502322071991574
2.341745956598148
2.3496133997891473
2.268877323393463
2.267767284676842
2.2352399969701824
2.1926350074564915
2.1444423143241167
2.0688171671328415
2.134726124955046
2.0950094934348944
2.0358469324618014
2.0751156184724273
2.0126385707079626
2.2109540649817605
2.126245286151703
2.0500280278045264
2.000469389047961
2.0935488656446526
1.9974678673150745
2.0737580210967397
2.051791038243835
2.0237999887354263
1.986477898208921
2.015098357104003
2.0223853401323013
2.295050940893796
2.5422351533822773
2.5879341276942376
2.688973984919613
3.1056153740228303
3.434289655147148
3.006488735466686
3.2105388033534665
4.073590438622819
3.871690235654124
3.720617554150467
3.497411757807836
3.675240116360163
4.238503605775319
3.9463465809071607
3.4707817273977755
3.8584477764259093
3.981175348172428
3.5856042236966905
3.8005431418912323
3.509821048323346
3.7010160437489623
3.479386766489644
3.4357172992840033
3.660160552034757
3.50105938646074
3.9023671925647143
3.9108125744870947
3.4867352887624308
3.8489398654148665
3.6894497956899586
3.2934924877265717
3.476534324613807
3.6977668179663294
3.190443988848894
3.297914602003884
3.5027856020926524
3.152498463643284
2.983497679798586
1.0857414982324656
1.1077014073559053
0.7079466193949059
5.268035882780001
5.250719451786724
5.446865690641844
5.3924408034625975
5.3763740574418675
5.451420563418309
5.556533063382979
5.493473577393813
5.414134519803992
5.5333828447410625
5.153808211914314
5.076280066275946
5.008004188314901
4.83103918101312
4.986201953255176
5.235961111046935
5.374227227246723
5.232022325205996
5.301704125522132
5.255097772802784
5.316598240872499
4.944418935280926
4.6319221600899665
4.230402714351272
3.659721735462167
3.389959923696197
3.2492783582301694
3.489981898133813
3.458585139705036
3.373812276181228
3.3069490193001485
3.2352966158874286
3.137985532051252
3.6101815841530427
3.4968959325101885
3.3181995764699086
3.4410007334194024
3.1519544235154986
3.0359792002344954
2.8951712918090178
3.095568722822746
3.1876414105662065
2.9072087234360984
3.539804097234792
3.665585608045825
4.274071415919505
4.341955348565484
4.173566875493478
4.108567026673905
3.8710049924086687
3.9116739310247195
3.077100697586021
2.925623694592835
2.5431111797738692
2.5690412261381437
2.449029614634932
2.496412994750245
2.433466340882411
2.630190732240609
2.5818766418680568
2.540972764014681
2.3337762578929238
2.2226633078277387
2.163265898141918
2.204416079454059
2.2694396824578265
2.371371454486108
2.4636011401010065
2.272283640587323
2.298708157300269
2.26462168685154
2.322554646700178
2.3171941514245593
2.6950652798113266
2.659558687951902
3.1699839222324937
2.80953773976462
2.6980350956516213
2.56425515725805
3.0766113906548513
3.303809088655832
3.8276336404060687
4.211535013344971
3.9151828254792522
4.396412906847562
4.162207229704278
4.717703659140048
4.261582190788072
4.343575664544336
4.797718201443223
5.257209621663263
5.1272636552676865
5.0499739408846045
5.100619201606423
5.430568126572192
5.1017722841062305
5.050161119213794
5.181458235758109
5.033176306659899
4.850225493160332
5.163594340819014
5.053049382461192
4.6989327637276155
5.0201293317982305
4.902963973303958
4.705894190116486
4.676727653207668
5.0723799372905765
5.321365144315843
4.757766241348852
4.7712228812113775
4.427612278247046
4.516501160680919
4.713946080152703
4.5397431192611855
4.415246744759926
4.288848905424526
4.312459244344181
4.709181123875083
4.178150820754655
3.564596232026198
3.7576232454816263
3.5153601328344015
3.5666842696408594
3.908704271527756
3.4492285575667525
3.6604181815857433
3.491743451537868
3.8790929375356407
3.737713453739954
3.3976409131675536
3.452968621603412
3.354556876995231
4.0054579893954445
3.8852272782827826
3.5747442491952124
3.5954874754267987
3.5849067338862657
3.632022310206545
3.162834945846686
3.5014668013726453
3.9898461675395613
4.012522130377398
4.130525744087726
3.2040411864268394
2.766637244729304
2.940553289027172
3.9091597898462567
3.8485496372726677
3.43647175783294
3.1666371136281017
2.892474844723931
2.567432328600936
2.3717305098852495
2.3441630541186034
2.269080247907302
2.1360894499548637
2.0966666306505073
2.0978663746550543
2.095042246619747
2.0852088418648154
2.0967656633523415
2.1402386085606895
2.041587859605619
2.0326127719869223
2.036572556924354
2.0503730833976563
2.080691749406128
2.02132985649512
2.051755864962993
2.2309169500124253
2.6101178449456577
3.0122776570657828
3.480759939243115
3.916156120811136
4.3335056450161975
3.954840090873015
4.195642088395756
4.739263355175813
5.501421862874249
5.62823135947844
5.5877572480271676
5.9037391261367125
6.032792923767826
5.913163070628828
5.5707365054522695
4.787313822711288
4.771892125536024
4.779692128175107
5.218551067723868
4.9182959350429005
4.920675456662341
4.415274467103326
4.784882313234226
4.653499480903795
4.477839739614273
4.617506557951874
4.877332715237077
5.044823028646304
4.9200319647077375
4.511333986575751
4.649210977057765
4.4928801697044225
4.562374056898468
4.705226360266652
4.754514432143376
5.170121944704874
5.174338956167557
4.9794636228591855
5.171225905958692
4.431508779731057
4.516266036413225
4.688592816189848
4.808882200690081
4.612916620364702
4.46482638186135
4.427625280229775
4.3325125740674695
4.145906783069902
4.003781714796722
3.9668057952899805
4.410297408426563
4.269221118502094
3.947873814447891
4.035941452133571
3.9242316852180346
5.02007652944935
4.6310341886509585
4.651832353005698
4.63339660039064
4.362118989040437
4.18736601912878
4.5727304356957665
4.496964419530949
4.148682691987494
4.1900299350300765
3.8779017886658913
3.914298006646873
3.1882077862090905
2.9325955399757992
2.7321327785495
2.7050972792333403
2.6769490527886877
2.719945528407782
2.7131321004005424
2.715969072432909
2.5995021375761067
2.512676024100452
2.501937180171805
2.4478052717581624
2.427246177377528
2.42236718816203
2.310038161409501
2.2586314572706905
2.323397803040699
2.291571015629754
2.2858048916441325
2.1691075289226545
2.213979403513526
2.1961571999907865
2.1918138040354767
2.177675614269258
2.250888823469505
2.190910173650344
2.1823095826228407
2.189990748551466
2.2901291492425213
2.3091185674838206
2.401073210907574
2.107367734420032
2.165468351936982
2.545691153113568
3.0036333335391427
3.3993944213037723
3.386758434690173
3.529578722427063
3.589854678018859
4.242812043472749
4.0263407109634075
3.9999476905031193
4.522482759798617
4.637558907572585
4.951565475252492
4.755130574234999
4.240785042403509
5.113047875460105
5.233864962854337
4.933910057173549
4.547605972636811
4.83304107078166
4.63885976359743
4.639601289703594
5.300337180246294
5.465613267532837
5.536651230806798
5.447332483531124
5.264592053807052
4.991943407250052
4.720644288917345
4.304881241529958
4.670790935690672
4.208097627245215
4.202319257317765
4.423311875451481
4.554807804155591
4.258682344884218
4.598650535703092
4.4865865067077895
4.379305430138134
4.290222802731814
4.717819129839221
4.31853742248961
4.024056721953816
4.413152638017706
4.2788075070788025
4.03470929608043
4.106982729735944
3.801970885235717
3.477499382806881
3.908467481020404
3.779477984181094
3.3932625468853534
3.063042888010064
3.1565599834448586
3.2691422696874866
3.167943729645984
3.1176622397688405
2.990821037821698
3.1014513102816506
2.933765561852123
2.984497639702387
2.962817880228521
2.9987262035982427
2.9966776566874875
3.2601649247608533
2.9009205617070215
2.8952934812664326
2.8667641924019382
2.791343454785787
2.831950493120354
2.8507482172131877
2.7812208205704034
2.6330042666651643
2.4186299572872385
2.399828908503121
2.5216745688069055
2.3092228522489306
2.3066390219710984
2.254419220238711
2.178419895608546
2.2312784278429576
2.2534509426085347
2.241195980860009
2.1984210469116943
2.260317866004296
2.1951713347038053
2.1732430378892156
2.128496097643604
2.132863194395086
2.04386908933485
2.0959554059021874
2.035830519347305
2.1133049656277745
2.064882541636866
3.5088421350638823
2.298559125597543
2.0863936772825977
2.7991506617217357
3.3924685234508605
3.761443115147422
4.045072342780465
4.027676414170381
4.098539897619061
3.8471800486276693
3.9705419412795373
4.221191331956497
4.3312563581912755
4.475172115628707
5.055526783700872
4.633009137207456
4.987566480144454
5.026827990496535
5.700577461465832
4.892562155595771
4.610706976980602
4.901623130238911
4.91917642295325
5.123474510607282
4.971453652425732
4.825841567856487
5.384539588242444
5.360262601471418
5.571321151698306
5.16360186192973
4.930275108049975
4.829895992830997
4.72555145577689
5.010223943829729
4.689663597056789
4.616937990097634
4.705325216414589
5.0944853613047805
5.15746736756589
4.5769202511611775
4.413087303112891
4.152372901794705
4.003323178473007
4.235933863697283
3.929022212254712
3.9068153864842925
3.695549351022099
3.4894118538484022
3.799251591387967
3.710279528304668
3.6313003792365004
3.632666420484836
3.4492570487201353
3.32870198529811
3.185775023410204
3.1763415253535974
3.0070769216182938
3.08492007860348
3.0827351053654675
3.2203535815158473
3.1234213054051385
3.073708206675391
3.166317169289142
3.106295506377065
2.92772911037106
3.2104320729843043
3.138108772487885
2.988196619978345
3.010191483397762
2.969282287370037
2.8722006955270603
2.792200951737453
2.7543252317983926
2.561242433071762
2.5134035311941876
2.44919008265076
2.344570000405188
2.423878662484368
2.3713551337680623
2.2775838495926872
2.2486564315887816
2.2410336431753315
2.27053697282509
2.202975128272761
2.2373917712104325
2.173178583093641
2.14452116281563
2.089024890960568
2.1685191219918662
2.0516760711961535
2.074703334268298
2.0061994340550537
2.03664640407154
2.147827632782846
1.9989445468151985
1.989250767179933
1.9199121404179504
1.9421079757234
1.993289976458235
2.0143707518600107
2.5018581710641583
3.044368536308958
3.0212785495004066
3.162749121565155
3.4371399844879864
3.141731976747669
3.863337123308717
3.2145020797183648
2.764399413172257
2.924780680089909
2.940251904892413
2.917880664249539
2.68733217016786
2.6748780079903813
2.7828262080674686
3.119552675858887
3.493163436284664
3.6246970898053172
3.9333960003256014
3.9493460167825862
3.6246547640915847
3.9438261391039577
3.6321505523436626
3.21017205471003
3.0340447497555756
3.214550683795631
3.185080156883905
3.2765296953012526
3.4677856538097966
3.499572391482283
3.380394020109388
3.3171209580235073
3.2048480019736454
3.10783561025495
3.1432250782542126
3.029085756257775
3.0590815665796844
3.172886611899637
3.2837007491266337
3.0198869029911153
3.001022044761235
2.757364780830117
2.7406500466143866
2.7738013307700085
2.655153652099238
2.964128352774654
2.693320578624443
2.85119971371631
2.664795607526899
2.61693960468016
2.644869869838724
2.62759617611803
2.852731091094282
2.5222300211001287
2.567394118012813
2.7518787685040764
2.6432165857657908
2.5826087419419923
2.4457462109093884
2.4941595523569307
2.496795394950666
2.5674692198504743
2.623448618874975
2.549253315385967
2.5661946946601932
2.462666281693123
2.329850826545987
2.2779461446840337
2.3691639024245608
2.468863591359679
2.2360391295622954
2.2044168890555196
2.1837364481991774
2.172730081769741
2.075307541415792
2.076103851554596
2.010767822245524
1.9258223982484142
1.9161213513240234
1.9068367796120407
1.9217392845653436
1.9260203939917586
1.876490155572537
1.849508651749764
1.8063190701398515
1.8338092614851222
1.8688499943235581
1.8878264618349867
1.793974057968169
1.7596086244874611
1.7951059501255815
1.7802889668909503
1.810100997380521
1.7502658137330613
1.7118218380577066
1.7368771509293301
1.8229941175953432
1.947649119340395
2.1124601119733537
1.8287829972053493
1.8222561418749121
1.9379684673697135
2.1718632710573997
2.259034947195999
2.2459418783626393
2.3215335600084197
2.3829614650401276
2.466426428170319
2.3074441438082003
2.8281078773998654
2.7878672947759333
2.494057339723785
2.4378062550107753
2.6645191615518358
3.4262643371181802
3.3419393449358696
2.9881534984642646
3.0612364668321046
2.882117044287029
3.044010056738024
3.276444040579246
2.99665070692515
2.9529091862556287
3.0226183984076074
2.9083792949606586
3.035452647071177
2.881363295476776
3.2592676583463014
3.264055852097803
3.3736377599221177
3.700991768372655
3.138263020615909
2.710114641127326
2.844959867661299
2.8656729413524076
2.699366069441832
2.7116501526733527
2.828737867611658
3.175503282861584
3.153036689262978
2.6271039000982093
2.6094404045624926
3.0298159988779685
3.0155855770548463
2.88387000194046
2.9956607078402455
3.132702688059688
3.092055553796352
3.012448631620604
3.1772908093814576
3.0905397155023673
2.7840073979996176
2.784948315400929
2.4728655363991003
2.969192440465332
2.982054081255607
2.927371259879619
3.0573243707779536
2.4271210964897207
2.53013925361767
2.7479432117235127
2.418796633445703
2.238884787356749
2.2796705584356425
2.1767624041683495
2.1587471309832154
2.1433590685879773
2.0743715302606076
2.0571438984609056
2.074522029158397
1.9761218123220503
2.1290821810643457
1.890823399189523
1.9158123718574942
1.8890353267436173
1.9399880569458945
1.9342300357281628
1.9308941000116389
1.8660514549520912
1.9128155699040883
1.8727102011299739
1.7790363851944477
1.8132402093590154
1.7203713720757623
1.7912162623123997
2.1345921654392956
3.2665001665351747
3.4693860717146334
3.461058028864612
3.1486773143516325
2.9595613516374293
3.5647298553700217
4.042277028963579
4.17699741008157
4.289660690112483
4.538839858267455
4.8609943726929705
4.745403126806088
5.5113437774577845
5.534476017884741
5.602139866800806
5.196440119657836
5.12508723376919
5.0371972790052535
4.937914037474423
4.965341151389883
4.545022579492198
4.579646919594758
4.665588874835843
4.85493122531015
4.912547054590523
5.348128468462537
4.929987973145265
5.076074560094216
4.826224494061943
5.24430652077039
5.546441902241873
5.726172990006322
5.733007126408906
5.379358251801184
4.762251088907725
5.269990815004731
5.51730222842954
5.386571125263302
5.425751866067437
5.376203883935842
5.228251213295409
5.072478569731764
4.936612077945502
4.16545734457496
4.04090954694557
4.1260991713179065
3.962360205723958
3.7201350100550656
3.545253947924891
3.3222279936554386
3.4217154809462933
3.5701486218543144
3.423370795834216
3.2247103246786533
3.1241317385644507
3.053987526280946
3.045091555512834
3.041180274467032
2.9246209432385633
3.3462824754384988
3.4684462659045145
3.4275699368835046
3.5358548664624583
3.3637469058918104
3.045063025150214
2.8040340557012233
2.527289944892735
2.5623825234818747
2.5462607590620325
2.401467262684764
2.2478937128118495
2.224886020326961
2.1791562114043024
2.460629340367775
2.267805434747077
2.110795385205669
2.396401726082122
2.227869244157524
2.175422333585442
2.294353165676239
2.020714933240052
1.9245137901155196
1.927966300086492
1.8982678753491866
1.9027012506545575
1.9604522711077188
1.8688365164273484
1.8454995682023572
1.8094714388809883
1.7823316823015514
1.7633995427327058
1.8097439493234508
1.7752169607635855
1.7362188390842843
1.7514476495562055
1.737652560443868
2.076863794508888
2.1921667336161623
2.7138601566730776
2.51991732743795
3.5224396057231853
3.523618916060964
2.902871602537917
3.508852123960705
3.783650968805255
4.354146616737599
4.1019543670014755
4.072479491097498
4.5278844990639495
4.749306928608831
5.147442390430578
5.1069411334373935
4.7693547698046315
4.547853369730598
4.509789433422002
4.810416409169645
4.726188904718734
4.6620074472277135
4.3239740486399265
4.683752440986125
5.024557054998817
5.2830369516726865
4.992279529285988
5.5512637154983295
5.447477161880451
5.050401376796742
5.074338305282483
4.986158358968811
4.9069572663174
5.161315732421292
5.292719124461996
5.649403936364245
5.481956987780283
5.109224009755605
5.112771349707469
5.2021856317104875
4.887014428965196
4.340277572010492
4.583635843477372
4.435456238662909
4.41224840697125
4.113275452381997
4.33306248733237
4.186690764297166
4.099729754352715
3.6637112414469737
3.466257548661173
3.5466314092548843
3.3279998273858724
3.061890921691066
3.1529289425301394
3.025285013400441
2.8893295300394994
2.845759911910084
3.18293790501449
3.3608615078973094
3.249143980138967
2.9344489079981533
2.928453851724482
2.9720575990245854
2.9741941021799416
2.847691639987234
2.9727309358010876
3.20988463097587
2.901073567638556
2.806826513666082
2.7501911232556235
2.6292326014401226
2.6423054912523734
2.6594372904504544
2.574494808070989
2.5857428446038746
2.602883584417504
2.5451384231230922
2.5978669207401617
2.4626852717960186
2.5260168661564193
2.469240262638243
2.450068445280913
2.4077479951752183
2.412529787627906
2.3808311473870405
2.279364032195517
2.3134787859167094
2.2074333591180113
2.1989736155366573
2.208438996979162
2.2008874364246767
2.1663036719158866
2.1765828180940123
2.1589263955011995
2.089460908464326
2.1474664283889444
1.7706085963084262
2.827592713150243
3.261488115073721
3.2116977668893734
3.389778698042589
3.6285190053963228
4.315623716984391
4.579746652666698
4.5727117494532825
4.938999848231157
4.72320218711833
4.622001454173087
4.366011926931549
4.60674202610153
5.0652477540059
5.599790500488082
5.117770274432196
4.901251810423902
4.866044683779742
5.009227167567371
4.39338953674986
4.642873467303234
4.755000821250992
4.941953971051345
5.364470555939147
5.0135366091039355
5.205252632346854
5.3722212596933
5.27671279874419
5.352717571993069
5.207224830203508
5.241662678523596
5.555748331742652
5.413972460217908
5.5041230379081325
5.52168348401695
5.20449825626435
5.227176366422933
4.667525690502093
4.546160868780914
4.302323632313183
4.325673228748738
4.480487935003962
4.095719909837984
3.8255551335904383
3.747152820529989
3.7290020082091417
3.602237225326848
3.672964014305006
3.8082829496273307
3.6237362907734023
3.4185542399406903
3.653545128383946
3.274271679452587
3.3329368844291714
3.144436583055561
3.3497451798562157
3.2385773265772126
3.11440230713405
3.6380655567329745
3.9642866990278365
3.6774388772082807
3.6196396466706506
3.338966840656842
3.2663973016226575
3.3745683310605705
3.7107820136432657
3.83381326552251
3.660087524624219
3.543054988490619
3.470387026291561
3.0923841547025015
3.041266427574252
2.8236947427112056
2.431843923045519
2.306178802917556
2.2310588749928524
2.7786009741263498
2.20169882272488
2.239601146207379
2.043669024367737
2.0602486972874545
2.006690191961736
1.9896148551933142
2.2602833536399456
2.045073412785279
1.8894916165367004
1.895408332648456
1.8851525215670706
1.910877254588416
1.8740154322789744
1.8913331295135813
1.8637801391870765
1.8663021352163525
2.1825747749828928
2.1297041629067768
2.4137685036481953
3.1172645567409343
3.220342786133166
3.6302148030574743
3.8252894171485647
4.465519525508474
4.327935016752229
4.059399617015594
4.314449742282427
4.353890084920934
4.539595239402601
4.82223641720682
4.790509126219189
5.002793914514034
5.439090684623519
5.2841501003979
5.337420541946839
5.34300875170747
5.247291095835132
5.114939903362531
5.599995926200587
5.36400035665698
5.497610876320877
5.607708519278757
5.698932822678995
5.344534554633262
5.473101932154192
5.289726904033859
5.788770713155974
5.949007906300401
5.663379093558932
5.613092809019391
5.684331751509799
5.234892808150541
5.294440772119482
4.880388542846359
4.82058935269847
5.245537875203738
5.445247441404494
4.9299008360628065
5.019244168536561
5.016960052056241
4.680782906869532
4.179596996228976
4.333699081301898
3.885423247133298
3.687951276414158
3.9047920272445276
3.636844414340636
3.7108196183988476
3.3711642844502943
3.56843775770818
3.111622697214465
3.6581881338661675
3.4417336885409093
3.7693389505452735
4.267495324561282
3.6801683196517585
3.493950374735842
3.3463268058834643
3.3563918063079763
2.967324495949054
2.9241485166549084
2.64956310793454
2.5107620369119616
2.4870146665506003
3.313584829700294
2.727647702291099
2.706586662460364
2.435280557295823
2.6643809837783685
2.4833249347539232
2.2372169889798137
2.3276131659119645
2.3053761923410443
2.1863488222338607
2.091054942613973
2.095580296319035
2.1129059082197754
2.0657989904849106
1.9224500245638096
1.903880994924403
1.8565636685526326
1.8497124463811623
1.8832252294527976
1.8231351883036444
1.7666281606974017
1.7574934986965982
1.7624593287475219
1.776871863549626
1.7309567567412658
1.71602711356046
1.7268907940030012
1.72194995858895
1.699004753091612
1.8370738361885772
2.226355707521974
2.6912284914120863
2.795395210200409
3.3290459525451443
3.2658470152582986
3.168390123970275
3.5012346691402256
3.870226565608269
4.041870232748692
4.2829338845870355
4.31714807113114
4.382971989691153
4.793138894824488
5.015273335130636
4.85039723203857
4.7870141768612715
4.766412152488374
4.808309449385961
5.326777638869035
4.988091031140344
4.842129394381225
4.874205744584243
4.774679567096986
5.378185667786864
5.223643112651774
4.846070597082762
5.167317568077442
4.957167816966053
5.175837811181162
4.912607295502641
4.94327575931896
4.957116304867911
5.105469299114153
5.4061115391826045
5.19288890812788
5.001638359198793
5.402940750747527
5.168155834112747
4.559415019816713
4.542929411904287
4.493050505342603
4.612872449431244
4.610063553185585
4.413837362035252
3.947961129904581
3.5659225863781163
3.674854456332481
3.4527501673822756
3.490944353449784
3.2725048852925736
3.382571184399886
3.493806614241914
3.379486122665522
3.7083152848945886
3.767121327407704
3.841575726909969
3.6018822479810537
3.6368199201152764
3.619896999538264
3.4937011222767596
3.2254604982061426
3.3289360796918177
3.282517318547715
3.3352222867451755
2.9840443641848244
2.9568599916091154
3.2848438116746093
3.3458519110365885
2.973951402023315
2.633669184608624
2.5396074564077162
2.8575678055467604
2.5728235461842845
2.7565566327242763
2.617151088368717
2.3841222264829054
2.2149585971536263
2.1375527529237375
2.036292945346142
2.0119292979611068
1.9690516450135638
1.9697965303664458
1.931179509613814
1.9697770506865084
1.9567304113228174
1.9322036302477847
1.877639820626112
1.8803968032552465
1.827900393651833
1.810151957947676
1.8471479685022487
1.816865808591735
1.7908069413400554
1.7597277331947052
1.805868598029769
1.8213244072656716
1.915718847035265
1.8740332037224168
2.013807208471819
2.4205566198973094
2.366402145174989
2.301352160695649
2.2971794604946845
3.0057087273336456
2.967094259337812
3.3628898992819645
3.0407702582021505
2.978505748190342
2.7701949791601366
2.735279417728575
3.017325505498092
3.322507314077304
2.7896819738411494
2.8397535581513744
3.3248303054484722
2.9872965608475814
3.0183266677039864
3.04071138912192
3.035028967377639
3.2200431903519777
3.215291327605207
2.7924465440301263
3.614981525073961
3.5525167210384576
2.993069852905225
3.4564071227639857
3.5066433569882856
3.8599741668932257
3.9225059014286576
4.271591327488706
3.93899197859735
3.662453970653945
3.1483567691559387
3.1366006955347245
3.3215572389170105
3.2474255351796746
2.9239914287433417
2.6885934250794215
2.8216276263917086
3.329112321914298
3.018419694124197
2.7154692619001293
2.904046726438437
2.642701738767865
2.6455236143463137
2.9779897887966333
2.803696587465582
2.841227303907695
2.992984500561118
2.685504902817781
2.7811260914315974
2.60424912638544
2.5798097243353144
2.4261672777134815
2.118854059727952
2.5215073118683846
2.3943938505641453
2.305515030214908
2.2221019071217967
2.622708992970409
2.6046575982209235
2.4860729134197017
2.723274962282139
2.500846720457966
2.5401108875017515
2.366689148406985
2.1831335522162103
2.556174786305334
2.4727842940742866
2.2457795265526577
2.0259102830794387
1.8052068163184716
1.9849244691732366
1.8715447146120467
1.770252361165256
1.720854330635734
1.7220093853811669
1.6859934366900198
1.6583301377011326
1.677399814869178
1.6876324140426415
1.647551333057989
1.6523514177045482
1.6371417769398309
1.5662907868677978
1.5616427994983815
1.6242434925606066
1.775486014227834
1.608181154818205
1.6528075302067748
1.580916665263793
1.6967755116404815
1.6957767422505745
1.540917798943444
1.5637405826322406
1.6297021242835155
1.7838146613294033
1.7333768845692394
1.753423312725973
1.7941234875912602
1.7804855780499995
2.0010450012635763
2.1446625107969446
2.0402029891837845
2.360988372283161
2.4720521658629635
2.436547134534557
2.4591788432408763
2.5833340181921187
2.652207047963486
2.889110477184067
2.6970299898911296
2.2028591467424006
2.447410018446082
2.4287896903833386
2.9311656413217357
3.0763997869907813
2.638516027686216
2.621771963190865
2.7451889569631556
2.477335413226762
2.732754247064571
2.8849338495231573
2.853071491809448
2.6423457173501563
2.622229520020408
2.4457696223978975
2.5186127152553817
2.8173847917765475
2.8931679826332064
3.105052940939607
3.5472079775483287
3.306165483632141
3.388383368901512
3.3534281860486614
2.9591561611261827
3.1541587171149996
2.7773403079177434
2.6364408190596063
2.464073287876458
2.6392405067590325
2.567197178460118
2.5998617489164513
2.320563307330732
2.3635402437835085
2.4475184158540055
2.476002332293208
2.5357488930483867
2.2631210766036944
2.5896374569490654
2.324278905209298
2.505194252197847
2.7491029085722003
2.795158674531829
2.6660290986561095
2.5829687208948315
2.296258348718582
2.206034873235381
2.6256935526515877
2.3180089540102795
2.3472083424938535
2.470864543848998
2.089938134618567
1.998328503880563
2.218065937903663
1.9250354575433142
2.005954110346801
1.784186209274285
1.7487885382606467
1.7408796599526137
1.7062572700056116
1.6881523319832812
1.6600359772538227
1.6580089557084956
1.64061250329957
1.6552081913473589
1.5791019297558844
1.597429244752177
1.5333523582022202
1.5408285416667746
1.5166264406067302
1.506471357288014
1.5075703546820112
1.5019317145147428
1.4973574365597373
1.4335125353607154
1.5901723827452265
2.1555064563644817
2.1692921709772066
2.365281107921338
2.7414817082903933
3.087027347861793
3.3820599516827388
3.257509951754003
3.478454701034628
3.8270553225454518
3.6230210458925707
3.9924209385598406
4.123949607948179
3.990472225904591
4.34897696697998
4.259931115700199
4.3414177147369735
4.600839414397571
4.31248417521403
4.729076688160163
5.249754712750885
4.7876610567050655
4.582708111753531
4.600979645573127
4.483472495315915
4.872842119595437
4.836907801374213
4.936554985534845
5.438383096393279
5.363507261517774
4.900768603729943
5.202241727682975
5.126383916385205
5.442380338012648
4.96524458076869
4.897148949602623
4.896388048832536
3.9550718956351774
4.363232893411516
4.7679546058238325
4.464015396468856
4.188002880005411
4.252551838532111
3.755573580346645
4.033278096772983
3.5392339532466672
3.9472486406979113
3.887522642959439
3.5046267481125564
3.500392250626801
3.343107121846943
3.735491308325371
3.423195916031881
3.0011499180723913
3.148659071833349
3.007611011050998
3.079873189237933
3.1419306556871525
2.9521375738494795
2.7498230793575242
2.4717804349200714
2.583817802241326
2.74404454334861
2.771815717846663
2.7756178623568997
2.6991878857775395
2.669375458259798
2.4277548868682275
2.623597169224103
2.909877739539554
2.5848626022856314
2.8189771476210104
2.6348171263346356
2.1782653159573715
2.699620789309925
2.4395908025017983
2.5408829957348096
2.2565870471927716
1.7313767268429745
1.6154727837447918
1.6584490371845657
1.6013887275235787
1.6121666614842634
1.5404714717433667
1.5077445817959714
1.514043917894743
1.5017363149353953
1.5353956549319272
1.480045665018101
1.495846147323161
1.4860971155881106
1.4359444051970534
1.4393629215177626
1.4823172869131431
1.4831143641581916
1.455046401256971
1.591185127268718
1.8911939027896394
1.8846768290634457
1.9093989633251134
2.257855352498468
2.8751600211135484
3.6086674941991532
3.760226726911043
3.4742719464730816
3.7118299624809477
3.8780408209297916
4.6829094035787495
4.373252000959654
4.159318307091409
4.41631032382888
5.004684442600423
4.853808897675938
4.995469408662612
5.327512910454942
4.95475959013183
4.6540746926205605
5.57530025209151
4.632712095774808
5.081737519583465
4.663544764332053
4.889232355620827
4.920475203729206
5.030856448713214
5.008850197790971
5.2813536982536675
5.47730452464687
5.497656072989415
5.092310905783024
5.115205788938523
5.343535727086678
5.394718236779105
5.302432538254454
5.3729910563776
5.53505628966257
4.834777864763313
4.513639772874484
4.505959173360402
3.905630145478362
4.000190595920525
4.28067767298049
3.826525650332342
4.140641323135976
3.564088512402582
3.405514303539782
3.439024621229147
3.555907900447115
3.703036158381435
3.891620438804381
3.7185542060610577
3.656211427210538
3.5432468472767336
3.246721262606141
2.8221957989006854
3.310416889601102
3.2112942000354376
2.94431456562793
2.9741592227624523
3.4845543114844593
3.232651941748612
3.010062398462765
2.9869030793515945
3.3375969294242918
3.17383660867571
2.6137568289167037
2.61690831148042
3.8165798115991296
3.076219783890363
2.2256377345446623
2.1531819956341507
2.279529474129516
3.0909444352531383
1.939277570315874
1.907513058565815
1.7738967530067864
2.677825606491513
1.947301340010509
1.89079345060888
1.812892468045975
1.7171589271249168
1.6932136473870163
1.7402390517333992
2.408563753461461
3.3808130382054538
1.7164129013514897
2.808059001829367
2.549361804131133
2.901117270234053
2.803900237285861
3.0509928523576306
2.8812686660257367
3.0113645185788993
2.747612657629637
3.0297612349490888
2.7698947839789554
2.906282146312652
3.1434873855453938
2.815356017701361
3.6427991443152132
3.7116393822520393
3.1863848463469866
3.566198557674086
4.137876565199166
4.235851029091123
4.101975755611808
4.387755571441267
4.595994443961895
4.689698497166767
5.568524057669242
5.496576325224858
5.3500690821835075
5.459371745664698
5.434826864367593
5.211892859462798
4.946610202857854
4.732672982924127
5.087890594282748
4.950662395806668
4.929710947482556
4.747464235066534
4.7398715524423745
4.642096286890173
5.121591609377656
5.309383046224707
4.9400447380838175
4.799791108957824
4.571009034580901
4.5798042976237285
4.789610068588743
4.38448473698831
4.53692688282011
4.635235353989157
4.348267409337479
3.878522180200347
3.497226393853133
3.8524890099818148
4.079412061930148
4.014089946405806
3.601067501241982
3.568494308594515
3.6247736601252174
3.569378660410978
3.567202899856355
3.6390439194047657
3.4542321546539543
3.5836590313507393
3.531694895660518
3.4857720893723725
3.3926569893059897
3.3486985522989774
3.272806986613189
3.151551885144845
2.9819979520281
2.888810973627981
2.958751131778558
2.8698402333949913
3.009071615647126
3.0535783269852486
2.826045862373641
2.7233738779388843
2.5356216613962737
2.4590014607511677
2.9064851021777507
2.8218576644681383
3.348806187435702
2.8070529469628402
2.5009931918043917
2.510790146659465
2.6493694366339904
2.372151536442504
2.2556141961399505
2.0464915000215074
2.116123594604618
1.975141192066501
1.8148045909832258
1.772394561485199
1.7367770605830828
1.7513659581965757
1.7065556731409388
1.7243011236061145
1.7652919042776238
1.7077551114546448
1.8139530819865881
1.6777323649770393
1.7519407098084656
1.6170495425876084
1.7137963138587777
1.9103238581207655
2.142646248196621
2.602013977396522
2.6053881980663287
2.4036883671708726
2.7971251646719844
3.877224284888054
3.8600918319821256
3.730099104515065
3.8123025228825362
4.518037514053114
4.875892367492173
4.841111194751759
4.523535112507401
4.612145788111843
4.950510343798601
4.791065598037663
5.1043552298718184
4.983589162212212
5.345186096505831
5.597431185985496
5.655214993002164
5.311252642937475
5.326031813132393
5.3828762223349
4.826589949532541
4.855971366202306
5.020766742742511
5.406267570389164
5.45869842014312
5.3141255829952
4.927627932946134
4.667414295349286
5.213126016700319
4.893909627585357
4.987233557539886
4.816772144909932
5.2216474799537265
4.831425647685521
4.772587352786865
4.618055926719743
4.508099780114871
4.541367117623914
4.824737401765247
4.194116202839235
3.8649029401270023
3.6053011569554787
3.8252119576397656
3.6239291195895054
3.6885694592593747
3.447284676114003
3.086368703710952
3.1248010028597113
3.0295567214366272
2.935907669646896
3.0529736301091472
2.8595588105000953
3.0843415786417103
2.948318026342233
3.0934489197621344
2.7952437893071833
2.525769531445229
2.579667325941011
2.5371360471984468
2.4499594637793396
2.8982757135480828
2.803936356702167
2.5452540699460204
2.245504262259571
2.1934381191903856
2.2510018186045246
2.5349687710546784
2.145765915877068
2.1597527779833126
2.111146842038327
2.1676230450036473
2.2124482829721654
2.2035793448065215
1.9608590839832583
2.132649289473396
2.0547972130876766
1.889379214921227
1.8878060965093149
1.8849527541469642
1.8349184752032253
1.8258414790008108
1.8447890959031656
1.7574445300235875
1.801856775027717
1.6880053500649361
1.692298852849354
1.584041199351667
1.713524236990365
1.6547046365735976
1.7631544724215622
1.7570573811095298
1.7515931420528796
1.7626792919564038
1.7580010376790405
1.9338358960558377
2.2663296350774473
2.4990593393107146
2.5325029273171196
2.547258861256063
3.1653459268961672
3.614855761072052
3.340782562717988
3.738113916613808
4.101241240394957
3.9751942948048757
4.619788988086964
5.443681558345716
5.082080518571081
4.446270139176513
4.562683171272468
4.647577869247514
4.310245198567998
4.791850823750465
4.617413061540104
4.3825453896975395
4.757305182581685
4.789092560967788
4.894089781204303
5.081432721024445
4.967090898306413
4.958367183112183
5.042769947769036
4.777734169931391
5.195289033320629
4.774902894313468
4.919689422456614
4.712792870188402
4.969418750907149
5.51283180575125
5.652232713660342
4.9202712261444335
4.550676553971067
4.772383496054089
4.284724872286231
3.969288467518787
3.741103673140604
3.46685448481739
3.662414465261428
3.509531868893599
2.994127418340475
3.165251108947977
3.196457269673191
3.6083405152101173
3.1287295478871546
2.7719220710177987
2.7942658316645095
2.9877429513791576
2.8191858003612684
2.606160180271372
2.7782342873864643
3.2081973987089523
3.165431323208191
2.881977371195828
2.9888049499307097
3.007574130755717
2.7731092444256618
2.5571974099848185
2.6091888173960585
2.3955581649323974
2.278777128170587
2.3934985422603554
2.3202106783415903
2.2686819491546095
2.5952016992188307
2.472795131507324
2.3578760743037104
2.2848683743877785
2.4614758066338793
2.3323933706332114
2.0204444781251656
2.3567613456313596
2.2882370226451543
2.2796787545671697
2.1912836753480684
2.0739404774508317
1.8594704087176663
1.821663920711767
1.8077151651796377
1.898723041725243
1.7634833107022394
1.8441062176164542
1.7470786986278983
1.9671640269327901
1.8475485617146548
1.8359364939865264
2.1387922560543395
1.845088025512639
1.752963051788452
1.681615367348611
1.6258335160720565
1.6157335809659794
1.7598126863663617
2.082027593797667
1.8378921314575056
1.9219462844030537
2.023026417280244
1.9317597036787941
2.2166311016218696
2.2178051520974567
2.348198497274445
2.4820300743149293
2.701210271776234
3.149507581117966
3.210862360830463
2.945200519115111
2.98475354139548
3.146679250538582
3.202827533189887
3.4194906130857965
3.286089812414231
2.7219795282358703
2.921317927761934
3.2000651346739537
3.093821402020497
3.208662725055551
2.8151562841530953
2.967833247222727
3.024871271654331
2.929320859957599
2.819622104419238
3.0681093072362517
2.936128518402147
3.462196695887512
3.6684672176819304
3.1301045491525294
2.6744864189565654
2.6429458466461324
2.917223638954354
2.8503833744402813
2.7149814471907647
2.5307139382662176
2.7813001345702144
2.581950777552719
2.564845641215144
2.7843031590076746
2.421906251020728
2.6374509848136833
2.666793056761669
2.473370111411888
2.558458882388167
2.3648382891079165
2.6635744867206173
2.998891568255024
2.4529540592304886
2.306312021449365
2.5577996231551596
2.3932667061054254
2.487794294932149
2.3481458164002666
2.3212551335840086
2.3436957408883767
2.0004421477133443
2.1853655026971848
2.1779255429992714
2.0836034941073156
1.958623000906031
2.033152490937237
2.006370869378974
1.8717403838109279
1.9655297819072333
1.9103696967485095
1.831902551266105
2.0754292217936596
2.0350982647338833
1.9587152970507133
1.9763142565505707
1.825392413413274
1.6928769443625973
1.565833335122112
1.7112374273822852
1.6518997597473541
1.61288256324082
1.5776978657573753
1.631932907026321
1.6441499330158056
1.6088930677321123
1.6086066871686922
1.6806199239623132
1.8701373941448742
1.4798656324053188
1.4807351597582639
1.5408788462462686
1.519764519109132
1.5206665212986612
1.5011877279197032
1.5064498788240497
1.5120239700968339
1.4779446001819145
1.5164326394879493
1.3896745986291137
1.506937254428045
1.4070578516049501
1.5074651638999634
1.661318486031501
1.5282444556682246
1.6349106860387597
1.5717917396732641
1.7490497846280666
1.6481908262784275
1.847843579704438
1.9145087355796158
2.1171127896654514
2.0151908540141816
2.21759517045025
2.0887184387722573
2.00141685736748
2.1056666034287383
2.321129422809567
2.342248010167608
2.247672033543731
2.6372366138442627
2.5297082061675353
2.511521213375562
2.700741434671437
2.682404394479775
2.686868457588181
2.7636600503403006
2.583244480359849
2.6013187857213627
2.6469431651151085
2.551493480605988
2.72698291645456
2.590930318925698
2.4749568711466012
3.2691027142987545
2.898996665183115
2.5729264165904078
2.796877928410296
2.748252039381156
2.5022890568266143
2.6402395377069268
2.5777310275494703
2.7736929904002374
2.836680897459392
2.4967880273337593
2.3324718341876145
2.478965689774794
2.4908386451289704
2.3825175999250776
2.560279312743931
2.756180391737051
2.352155514358206
2.5887266081508473
2.3380234961716178
2.5048319889817234
2.362978828095938
2.5023255248154
2.4821085669018297
2.7200968734373796
2.4056900459174666
2.6712769838756647
2.5490986821800705
2.4682847573190396
2.053501692392793
2.0995144250791116
2.0684899094754923
2.229896337528146
1.7966208913788175
1.8510210595587728
1.7719286029820258
1.7912704050662012
1.8942894841413014
1.9319487271525306
1.6567444126387265
1.680249561252206
1.6691511587884027
1.5736949083486391
1.5838920455352254
1.537556943224619
1.5427270646619293
1.5320941418615115
1.5367967922903152
1.5167138308695127
1.5059810843842327
1.4606315177298863
1.5218016922562263
1.4459563118609844
1.4241454889171685
1.3964067813790038
1.4099324849920447
1.4242525142083369
0.027195500477519792
6.697646641790853
4.445083795225403
4.5136219023305335
4.521958034654684
4.175713155240308
3.7317415099893525
3.9165276290817674
3.8858009342041067
3.6890910158674215
3.71647843784467
3.468091344631641
3.2141363543708903
3.610095999513752
3.105453433748846
3.2497418945494445
3.0585509748968316
2.90738374334959
2.878365197381682
2.9625224604687435
2.6868575513963204
2.75992172349113
2.7868540743514063
2.974820330856442
3.141606837649672
3.242623778146706
2.8770461223107002
2.8010616550547813
2.708476101194764
2.746811210237944
2.8407190848082124
2.4798937525357005
2.478184922014673
2.224433453601907
2.2936871483368058
2.532381782873057
2.5093670825609657
2.5120197039392047
2.3626356704281912
2.042878675956583
1.8502912834454754
2.0618165602195657
1.848749643816476
1.7302358457076412
1.6420235901081663
1.7905874561982864
1.8319187793231007
1.7968666702587244
1.5984672642754176
1.5682448603109587
1.5296624303709738
1.515881281349833
1.5313806483502337
1.539031036760393
1.5095762781154554
1.4803809100319292
1.5163278234380286
1.4262039932511927
1.6514155372995898
1.6491807529775553
2.085483673021216
2.1384557815892786
2.6067696979118224
2.9939707170797507
2.983500662948716
3.0828436371751695
3.2295598837979638
3.3348726638586803
3.6016179141587785
4.0844317563375165
4.494498175938824
4.27091710194101
3.923319376016185
4.166330651891981
4.492545244370963
4.9175243885409525
4.81671963617192
4.621881550163246
4.669658456080221
4.799802178334719
4.844410260568481
4.780467456338972
4.873148154886178
5.031377036485344
5.049118208273885
5.013864613025646
5.085763856784161
5.525722509687473
5.472449302011485
5.24179054965418
5.933244079067556
5.747571519823418
5.201939107222831
5.163195995900051
4.893664188562358
4.552897237435888
4.5079701031670645
4.756490857047432
4.504943516942638
4.617429973531962
4.597152056299942
4.279681447292235
4.21767900689357
4.12956638188828
4.044770595945958
4.147367537089911
3.857115038285299
3.9813148797207623
3.6882887850413724
3.932384226537685
3.6546045286769844
3.7006819845943353
3.468525849806873
3.4654776568070136
3.6596582269480917
3.343699408254685
3.208149549544827
3.56385610493757
3.206548546520347
3.326849387335834
3.459224615964974
3.7831945522920822
3.6319728960787443
3.3932820892978914
3.222077345599764
3.025200293573498
2.9003407819018876
2.8666429553398842
2.189783417144282
2.370351878997333
2.1318980640839276
2.3302776654337136
2.3648248295012095
2.215915315799815
2.324559035826923
2.141626794294768
2.1505390075330646
2.363399038428055
2.126368561170522
1.839086658720722
2.020160186186476
1.9039016734427858
1.8874836321432837
1.8672607335256457
1.7678326924568337
1.643088636283725
1.9476407386123684
1.7420639440646233
1.5958345733741086
1.6125381424536824
1.5638300212762255
1.6071851186971013
1.6097160024822827
1.5753935599275848
1.615517066641259
1.744650655512996
1.924475495684651
2.2161377130170203
2.5655962359650535
2.7010152822515625
2.9320916341773664
3.7309348404881173
3.65777303646722
3.863034276227792
4.269368593877254
4.295294516451915
4.2778299471504635
4.046589528349405
4.5727283718132865
4.777424259274245
4.517788040465757
4.702498955020592
4.968166845643512
4.915784077474286
5.08754087052954
5.46622013668972
5.686293078238321
5.5487770780936625
5.4760818663013024
5.212816119744915
5.40222194644791
5.64626121707753
5.899163529285536
6.008421983942422
6.181291523959129
6.321128020053958
5.940820208125007
5.585785084891717
5.047863706359475
4.844186586673924
4.555510093857162
4.751082134309473
4.671748220948405
4.333769054193444
4.465734367494094
4.620068561652945
4.423543713175279
4.016236294819777
4.055880477243029
4.157566744977452
4.5943059757876625
4.45264094681691
3.792411183872089
3.4670404530196066
3.3359378254855176
3.4978697824523985
3.3582654043623563
2.9641791777099726
3.1413870619577584
2.9520798642098223
2.8970825825365294
3.3023574040511665
3.145706416562147
3.5071209942747936
2.993716430174552
3.038959832628458
2.948656409653466
2.87746254111588
3.11551465301386
3.284471010346292
3.1928692958321276
3.1054586541656266
3.2778814877559466
3.361934934158124
3.1000060426033436
3.289557076940763
2.88670369834702
2.8886675048269264
2.622512577401714
2.9232179262169553
2.2096185051158614
2.344199921842022
2.149677233931731
2.1564138433812086
2.4567512442122847
2.147089777053839
1.8530347257797037
1.852207256761659
1.6754099231628563
1.7339920433743425
1.8076541738779859
1.5571593175191358
1.5184052796349883
1.5100718152031543
1.5029336845494525
1.44495957986126
1.3742395450615406
1.5972865939121856
1.4281913438542866
1.6295877521628763
1.6653872788253365
2.1605998835628597
2.2021432331745707
2.642843717059007
2.6623373718695604
3.3102575478744005
3.397359301603218
4.021936143322198
3.9741978492355927
4.4105057240955885
4.293390064626128
4.590654244430984
5.037077665388596
5.962112524793008
5.402280281300266
5.31227198201563
5.237230201060332
5.719541919566776
5.3264318644596145
4.938536022591747
4.805997229190101
4.661715742457721
4.51310875880888
4.423960120352205
4.617501022641453
4.615601953679621
4.597368847740045
4.354821553645289
4.94013347557618
4.918995032747441
5.73187626564091
4.779048622919229
5.270416703356336
5.085888873019018
4.8174110514462605
4.852518360211948
4.630213061073899
4.944176336090612
4.506459853423803
4.069656791656386
4.037565191173161
4.3423151342430675
4.1799684513018445
3.5567054726183
3.3806304158560443
3.2339928885234452
3.0324448802549036
3.361274690643292
3.267450051406933
3.171640404406798
3.193814253212923
3.458349741054461
3.0064015352547
3.6881527068522226
3.162466884349513
3.0691545006366794
2.8501455844956465
2.8690956437006188
2.940352117070969
2.4473761743186544
2.6854090110229185
2.693578232763167
2.566497862611746
2.649189818034688
2.68279161389868
2.5344749825541886
2.38064843194388
2.249295262226594
2.1779497513154467
2.341541624354222
2.2952868991792563
2.284879978063694
2.1508466696668282
2.2786067005031385
2.4294396489825347
2.132315331385716
1.8961535442270907
1.792784181586184
1.8281957665815962
1.768300499054775
1.7254094142550038
1.8705396478517564
1.7285192760712822
1.8054467898233157
1.7396587695199146
1.69089145909959
1.7446484874183226
1.6640222875202526
1.708189746580445
1.7181958405139373
1.6391723829480032
1.6347513875302666
1.66229463498546
1.6175399823521408
1.594917645797915
1.6228337914367246
1.5443959586354328
1.6477725895444202
1.7381215842765492
1.6840981861620805
1.5897961016103122
1.5406751193914376
1.7727058911006424
2.108055190945856
2.1600833326200086
2.088607661829817
2.4571800430994295
2.2663067817089395
2.1164712822815
2.368013257445869
1.9718662310829946
2.333350561989157
2.353811493869399
2.479441353890798
2.5272301414425473
2.5612434851792267
2.575641024938703
3.0783181402709214
3.134672967891667
3.236263193692591
3.4621993386156293
3.153863118389823
3.2165981266995245
3.4275717839797855
3.3078160905844736
2.507836127002083
2.878943767426684
2.711986056803465
2.931567648125503
2.6540919592466876
2.53015865479796
2.422736326755533
2.8855141807764215
2.4956863971365038
2.748532455181108
2.681447541947295
2.6191613337333206
2.541206838471513
2.6210966207839097
2.563044744053808
2.6006140777373834
2.9742890327706757
2.4749217494440687
2.2546428201606687
2.0355919540875673
2.1640429434152058
2.0313860861625797
2.1614350945078096
1.994425249642908
2.2337010829776887
2.095035341740565
1.9971821755364056
2.1691215840314917
2.097343002764236
2.1329620485432277
2.0693159710162883
1.9064640439656433
2.03310767147974
1.983219490674823
2.039515452255158
1.958477653864571
1.7987572586207528
1.7747816894397397
1.8253279012093226
1.7073798580605148
1.7308911832999643
1.7665082368036862
1.793974856584696
1.721849111527265
1.6877831403614953
1.6372379941013782
1.9683001772071802
1.9666462805358087
1.850006006919109
1.7969531263526153
1.677380038733817
1.5644206878386002
1.6108437547324908
1.5334716142415634
1.5732022582360727
1.515394638162929
1.5965381349035668
1.558735129900897
1.7225741995287103
1.4655627502917168
1.5992453782717495
1.794637745101416
1.7156679697371533
1.7180109702111204
2.004409830668276
1.8523525147157538
1.7927394275790651
1.7435639154823759
1.636650299301583
1.840814382776543
1.6661478254602737
1.3767855478216648
1.4111044978489564
1.4136315034255351
1.3699356244238823
1.4527174891735795
1.3201466704682134
1.423268821420358
1.4790183093945897
1.486146093714367
1.562134075838465
1.7697779340266677
1.6317223395154685
1.697728842239786
2.038865122491367
1.76397748411014
1.7874773379195852
1.7056478795560066
1.7856668258872432
1.7778536389107182
1.8005885125369168
1.7547759920929102
2.092634961223128
2.0788317427840868
1.8324884915838424
1.8342635000225898
1.922874886063968
1.900802801044158
2.046412234968332
2.15473994118485
2.3850911347248562
2.7594230441139374
2.234721998776495
2.27154241103173
2.1092768778656636
2.3236539961737455
2.4279498947983127
2.4702588297825447
2.629571199726794
2.3790092397178566
2.6537691807373442
2.4876060404414924
2.8063874063972585
2.6101057777546237
2.2052092274784085
2.291191333167335
2.433345013124272
2.177497313024899
2.2509296730798374
2.1121266811405564
2.2408278556043575
2.192831969183196
2.37635642848309
2.229410385959472
2.3187851781655064
2.3541841861173656
2.5481789940217094
2.311901200681822
2.447188891086529
2.2840589855163884
2.3196570376987875
2.652030955581858
2.6064486188263785
2.558149247932511
2.360814678526881
2.300378766314563
2.169333489137202
2.2820464281317783
2.4565587344455992
2.3339711112942543
2.085102278221131
1.9629870098368287
2.0928889247522364
2.148463364257706
1.879945877043432
1.607021119399829
1.6436611348796106
1.551846086206991
1.6405711310813385
1.5011969081607108
1.5270536199275553
1.5238892703530051
1.4851343466777749
1.4912998177437213
1.4830925438689169
1.590690044551633
1.4536168218332615
1.4407094305857355
1.4045238311147619
1.4281601941320505
1.4279595588313385
1.3751604564327993
1.3337555512367896
1.3382009244265078
1.3928374363462048
1.4663747491765742
2.28796035909029
2.5112751065134438
2.812874402096148
2.951935309842893
3.0149497236798775
3.1259667888630487
3.3648658563196583
3.2302683415978155
3.588630089894207
3.899129215102739
4.007663252180723
4.122920268253999
4.120451406840549
4.372776132430898
4.556562945785836
4.424553925092149
4.616366631322873
4.894234638840652
4.742805746079628
5.485641335630124
4.991095298533657
4.904438920785482
4.677809795788354
5.055944783035922
4.856066842984943
4.729776235412566
4.972175264911489
5.095807059077522
5.039994291189856
5.304371284889459
4.860295526049156
5.247006364667244
5.036701405639496
5.456258545160602
5.83243065020216
5.226857718228053
4.5608393825391165
4.417354612842777
4.488455594817531
4.436669736461618
4.244723586483977
3.810347175173967
4.13506472720233
3.6708146733984495
3.6899885211823205
3.857903589552834
4.123200610461636
3.7328205464742297
3.395215580813249
2.9680393982951196
2.9180428499575206
3.0230224866667923
2.9970503206914247
2.827316637187511
2.722745076545988
2.952149172158678
2.866572519242006
2.892430220753179
2.823807903204582
2.777337433205429
2.9008273521085357
3.201089656962727
3.260002215257714
3.1497318052419003
2.9731704983122165
2.782408907123395
2.8640355362389425
2.6968633573555683
2.600664919992597
2.6970923985845583
2.492527186194332
2.2770274746086856
2.4930988444021556
2.783435774575708
2.809743228438323
2.443828842110648
2.5381982748385012
2.4251989531998026
2.2362595214385133
2.194012490151833
1.8803083215698224
1.8905804206543444
1.8243597607813182
1.7118333607375775
1.4809401773744781
1.6653938353479627
1.437276122857318
1.370410222420419
1.3891889684247443
1.4912070347731596
1.5131800750550446
1.5072977849520481
1.434437386154162
1.4970195393432009
1.6197664695581402
1.84641376070216
2.439719653640342
2.41057846234882
2.7595596215838536
2.872377946382033
3.3774294260992486
3.9265000371799563
4.0216443734958816
4.291774849145753
4.385622416698001
5.628835405009143
5.200283768574512
5.108629634139053
5.318905062509119
5.167039233195283
5.284415359262738
5.135447418260181
4.949065902766433
4.657806727963718
4.998105474410923
5.092206945313456
5.313856230758017
5.492548593183673
5.427767052769605
5.402644479060021
5.289674448429797
5.433396955669545
5.252762873419465
5.077034432048953
5.197441152109011
5.120061140432341
5.043735514793977
5.227411671122577
4.986929492640574
4.343565499133334
4.525861722157418
4.452041683583879
4.65462107021717
4.848306125068881
4.945989813569249
4.553904612903518
4.08134380559866
3.8658573053578738
3.67889417298678
3.7148259961676713
3.6420165572524974
3.5039212359871525
3.419759661240889
3.1910573971967726
3.053533678025991
3.0793560952121597
3.166759862889421
3.1841809969961092
3.0157047859585058
3.36310515403506
3.2121965471919554
3.1180161453362367
2.6902995096988915
2.7767242696897445
2.6638862268270276
2.7858234083085818
2.779216473826572
2.737132204533739
2.8432076561352733
2.983664442940753
2.7065032237607167
2.444168095304679
2.4630888507778685
2.3458333152669733
2.889083969382329
2.478514140439905
2.0268603060226043
1.9291970811211776
2.368099645227613
2.0591322804524808
2.2003141200917105
1.8360539919128454
1.8980863222403879
1.8739049117940858
1.5761768679587567
1.529824208567451
1.7308699307700661
1.4892497402871872
1.481359890872503
1.45861057607021
1.4442562694312422
1.4908506421764027
1.3879228735622453
1.3885943624200956
1.3708195926294298
1.3156111850927172
1.5085449285756993
1.522181966692978
1.3514631353132136
1.4156519524748146
1.4885235447044534
1.4661017031538979
1.884312140514175
2.3025997870354473
2.643715437544647
2.922165736337845
3.0004416716377453
3.2133168446043086
3.570669705391743
3.810570432097964
3.6579776657157796
3.733356951829764
4.142305438170404
4.209309205330827
4.045374923069073
4.40456967779309
4.759978617756442
4.755771935487199
4.70496393654073
4.525984440623005
4.610340600218349
4.112239323653636
4.333273415299777
4.263649746081891
4.521693049409563
4.47386524420729
5.14843698800766
5.5058691949358005
5.792003499742687
5.1178062879398745
5.235369213037868
5.43339054426173
4.964278442943422
5.156919151142381
4.282128522255598
4.350061366671385
4.071101870037794
3.9729249086485283
3.731446415736363
4.06069580464781
4.253178403483889
3.832921635513564
3.6887364700146703
3.9115635715163855
3.3662643141529416
3.2088408282586864
3.1161390433587606
3.055592487617947
2.983214584742413
3.155227144899614
2.8221436836266127
2.771171631385611
2.6758321881226714
2.737894459056689
2.844087637110115
2.725000861025404
2.5573152870953697
2.5627846483372925
2.6401205661725187
2.750059897151742
2.978739787624519
2.8399677147740796
2.8175824910219904
2.437085847113644
2.3520283009420777
2.6408685580996005
2.351561388483621
2.003056442682131
2.008070438092141
1.9412748704707548
2.0517670625713658
2.1148439149528167
1.9848777214096276
1.7948772375123367
1.8224725848705465
1.8275879815573075
1.894291200811749
1.780132371296339
1.8329170519326021
1.7826312302341296
2.1207788076963485
1.9757745903423665
2.0332521501713305
2.121184330036798
2.0841159314908353
2.0118276164137137
1.7424792588420381
1.7660101968690247
1.7920577381861764
1.6717397672423344
2.00387976535062
1.801265089340261
1.7932335370157948
1.7181978203762005
1.6902591050448863
1.8693674322552283
1.9824320808282467
2.131037195959411
2.5704873957044545
2.9500121097863565
2.944953794271465
3.1758161790419916
3.315072910965983
3.5570489763516835
3.371459906258151
4.04110246134824
4.256981429808831
4.568485597155444
4.498586112317473
4.496076398716966
4.192888228342185
4.354195648853317
4.129905483554136
4.587995263541904
4.470913654168287
4.411880853269566
4.834369671763171
5.04797574405001
4.470535075482299
4.943798302519226
4.5967471357048115
5.070008564384525
5.064521976948756
4.997424886351805
4.890997513554313
4.780378985985485
4.807139210526746
4.692135411628167
4.920010802287279
4.6944834382542995
4.370603426651244
4.206584197137946
4.309260295693037
4.2727035609802675
4.319802673235241
4.090621361997418
3.810674135697812
4.010752643527892
4.238665720172775
4.185612679109373
4.002239310144588
3.587485097557612
3.3158458012545564
2.7877850595815934
2.8180533226856816
2.9388803968137656
2.7889313173956247
2.686737235154796
2.85747937229015
2.877512155448212
2.969667519004015
2.667368931195445
2.805239026885128
2.8025057646567486
2.923380060576224
2.819127529792904
2.9977394400470128
3.1419190462455173
3.0648283457692234
2.629541564287196
2.756045651706698
2.4847135827071254
2.6166634507382955
2.52575552086285
2.394190062467705
1.965624682584802
2.3673413424109215
2.4444709986319877
2.3678215105342155
2.4245924242108146
2.5083376590801265
2.508310368183562
2.365266287101759
2.2286150779020693
2.0551497888904247
1.8376070026291926
2.3101980440663117
1.5902735305560225
1.524148601172679
1.593256789051326
1.5255493435693077
1.4225618796271087
1.5170111749995128
1.5887899714870335
1.7871140596068351
1.6443012729253332
1.6152195722946514
1.5015028127067194
1.551202007702106
1.7307993184051833
1.750472533227089
2.000886160863105
2.189863271139154
2.307791979249147
2.5266609828606397
2.4666974971047217
2.757721095482967
2.6520044847270037
3.3373286820780836
3.4988933730483387
3.1565016598620965
3.2923971442557463
3.228167099716905
3.3467271160893493
3.602099031340275
3.530862172034047
4.039871465098001
4.288745172595614
4.62211212180157
4.067741348816803
4.3177449657339855
4.774967896149536
4.715667012160928
4.642658329880066
4.969368592883858
4.679594066644412
4.62762404189882
4.899009805385411
4.604815513033139
4.202664886861016
4.451821940372453
4.448138238086589
4.613062490499767
4.724096934112015
4.348733407309312
4.279271444544265
4.624036868735789
4.152030664303389
4.567929693453572
4.53537871354828
4.382965408774423
4.099533936962163
3.6685555421475398
3.3514293782216673
3.6708195026338126
3.536362703812803
3.473761835373507
3.8529421931994627
3.4952453551547493
2.9625474860867933
2.7315127766421368
2.8635333057948595
2.641903878171365
2.5781629364149885
2.257159194461715
2.268688212880507
2.3843290037383618
2.9752374657315217
3.0413076454000256
2.915989741956949
2.284541643853123
2.3868306318048815
2.501750248704625
2.364153503301607
2.332926320865593
2.204170759426673
2.0724031799965856
2.0881162037925205
2.399036192189928
2.201921582380721
2.3864423251547833
2.147877441566091
2.1223897736326753
2.11360688566999
2.166926579367868
1.9043590940055966
2.0965503228523237
1.9931176071847267
1.8565467800819369
2.3216092162421633
2.0870763273577144
2.045241209483421
1.6632686638415017
1.5763921581953158
1.6649495601575985
1.5678526273814364
1.5438249435560418
1.5179613191580799
1.4592894142655866
1.3662794658822888
1.3679868617253947
1.3757740380114096
1.3993685446430209
1.3436685309790428
1.4890514754030344
1.4042342047522507
1.6956349635577597
1.352634290458227
1.4965836837890159
1.4392053886991492
1.4444998198018297
1.6253529450922553
1.912584558528901
2.1135751495447863
2.2477830305722013
2.2516034527194595
2.11852164067068
2.2455485683016305
2.604377981003512
2.363287625438998
2.407259338394649
2.4456291697735453
2.4467559301624644
2.7729945253882073
2.854683265910954
2.74952664141986
2.5046436029606443
2.7757447166862987
2.877115053348312
2.5150637154086444
2.391749187064335
2.2222144580706207
2.5363302427831895
2.9407897284424953
3.0317932587910597
2.89775538752684
2.405084692003458
2.2190351576679106
2.549904313581946
2.3271265506240084
2.614433227571722
2.691386137338695
2.578269644236162
2.6450708209539178
2.8290036054848287
2.6229024077327625
2.597861728075591
2.9398461935711855
2.885241942687885
2.746650841928499
2.839720780376137
2.8763397340020878
2.9736832523496775
2.700190727005811
2.731470152701147
2.5173051818984544
2.5764779333404157
2.461360508028331
2.144742009194884
2.010422185740389
2.0868040669485612
2.486711612170836
2.2135277355005107
2.3420181584630435
2.501456250089
2.630154223902791
2.4246497962595845
2.40878893712271
2.669176351169644
2.752803264153157
2.408890552086579
2.1740887406925538
2.2004950608266705
2.330735053504302
2.2704033343222485
2.306417200579698
2.0111107080169224
1.8586353076242987
1.9611754254438025
1.8004743601960884
1.8952813993900957
1.8449428647011201
1.8927957806220932
1.7288869467190686
1.5909720943576104
1.6572782092233938
1.9295851828579398
1.668197286774406
1.684596879930467
1.6017989965136192
1.4362313844990007
1.5010962566760977
2.0197211863907594
1.679486811010241
1.4770580252625725
1.3613070199345594
1.3922001317600878
1.3902859022215455
1.4045366584899837
1.4346639307099613
1.4084636662929249
1.4183506873980076
1.358173434667502
1.343620781960457
1.3222234776297443
1.2966544022560318
1.3276977172349897
1.3403179633028046
1.3425311107022757
1.3478629275006673
1.7802204722987078
1.5244411536728157
1.6546456423758211
1.609281765051602
1.6591658909042082
1.5961880918379725
1.9090477068191707
2.0556284987022786
1.9272322508824966
1.932231979948882
2.076937345774727
1.989296644437304
2.20955346547733
2.0419704258499864
2.1411346470585664
2.1235406337169307
2.1813520953963597
2.2003627905169205
2.0377837467491267
2.280886791098118
2.2284122575010175
2.212172758340833
2.1065246050329405
2.2166360170232324
2.437078268385709
2.141679893299105
2.13368592658548
2.2632038536700163
2.3064024678800523
1.9808470029686984
2.030081910183326
2.2142723462143437
2.2345115333707093
2.6141364606682784
2.2340749857292588
2.1994261379728095
2.1884628985223498
1.924094947788523
2.164592566037912
2.086033809109781
2.0622978066951685
2.143246897875705
2.0272462524857273
1.9064701579508447
2.1790668792626224
2.1385599250010587
2.0265187215857132
2.1508031952386233
2.1054653075143412
2.3048467826958947
2.2596537781664314
2.376920657408864
2.380873521564896
2.3058879847517537
2.3833994958103286
2.3956232565621516
2.508469167513278
2.3907652660379495
2.5317111093622504
2.3479061206012375
2.2100021214546492
2.2199711721410584
2.129181709426117
1.8497744895737553
2.03719482525058
2.066654087405571
1.8995337069820677
2.147923922513547
1.8969548434417212
1.8222157248696031
1.959798641394743
1.9641292562549966
1.9135948045956095
1.7248583363969832
1.5186105418675118
1.5064295097813838
1.5392061361451872
1.4094363404422408
1.481615988110183
1.4688300590334533
1.344903276324723
1.306723584645979
1.436998487221752
1.4443077750283384
1.267672297512568
1.2400834960124139
1.181752063669648
1.3331709099052624
1.4948445192584494
1.3787937796723742
1.6264044023872761
1.6847238276816054
1.7657976936200115
2.2756758145682316
2.3055425842592316
2.633548670905338
2.9684224647158826
3.103612950296694
3.398062383054428
3.787039030970997
3.763222925879026
4.038848624125497
3.863768488997797
4.36553416792903
4.124479125204929
4.38408023128145
4.455714636041383
4.9940536754270015
4.8695644955670065
4.982997337648036
4.927705192565423
5.408851937484101
5.406270637603592
5.032790519775395
5.439001098515729
5.716416759406232
5.490471856916902
5.258906324668476
4.992605657653953
4.8243734936014055
4.91250840363343
4.91713530574665
5.078450866493856
4.677130434149996
4.828585276678279
4.631256642649972
4.4919048487828395
4.737510523741096
4.268437815188315
4.655288620676801
4.263901199250914
4.420544499087508
4.945133952880497
4.858150811731381
4.9140030146846065
4.5465418795691415
3.4509933317260217
3.549697434369124
3.459022006479518
3.2509658612629155
3.3118990289354326
3.48060502883999
3.24478661969992
3.595764180225148
3.171794586828654
3.0268842595726198
2.9521734034277105
2.882140706879831
3.178598438442648
2.7941579766375884
2.728515111335374
2.7000036983289757
2.915393112680602
2.8160331663194067
2.5927405095791576
2.772833741082236
2.4799759759176876
2.595495619550571
2.699376098539528
2.476217963799487
2.6746324493512645
2.5014719906130285
2.2093120030035704
2.3133513493036
2.1701180641301785
2.266586170988645
2.085329831678944
2.305861963286702
2.1883908482519487
2.0810772841366787
2.072864915485424
2.0302363497495817
1.6971770725057358
1.5351173006176153
1.505586740843744
1.661073785489967
1.6244167781711756
1.601572337722175
1.5943294964363948
1.563356518845482
1.7142107492558372
1.4824623395049719
1.4435691728629831
1.5451530277195438
1.4787853910010622
1.9367100537174136
2.1812513462405585
2.0384430982314403
2.142926748216706
2.498540890406219
2.8178106587947718
2.964633771864594
4.144547061639455
3.7534996738473048
3.6432696150240553
3.782690168853583
4.2967711028587265
4.2364243628604985
4.487422546308555
4.702927665128424
4.961170751661352
4.987021974212427
5.279752541129507
6.409961008728819
5.220736837881588
4.62999731879628
4.7987141511243525
5.213396646658567
4.774385395658312
4.678222845409742
4.918380271515847
5.660916056148197
5.462894954405236
5.4421487845800245
4.940008719978086
4.780699218178395
4.798210229672076
4.648507361443224
5.01815691325191
4.8335005369990345
4.586995466500023
4.892963909303464
5.153945198164257
4.788147676308326
4.761582578048419
4.581959171360882
4.311507974359064
3.975354461919254
4.214393899364353
4.248400962444706
3.8054764351407693
3.756801565893985
3.495912433296291
3.761706677245682
3.112905215743254
2.9756691243878595
2.9790640255539254
3.1167832105252113
3.15755404839814
2.8501922845624335
2.9465109387487973
3.116126733704604
2.801955167951328
3.0068125554581004
2.92209704193566
2.956825929439074
2.882237155437354
2.8026100786886348
2.9901192198538467
2.772701774165493
2.7347074145523687
2.371111998371651
2.5741677965407064
2.714158938925303
2.84945521973152
2.5740749754023944
2.454211179015365
2.2536458866568596
2.276867015439839
2.037000502767025
2.2826879794209365
2.0784861189717154
2.25298676980653
1.8601349142242003
1.8061427002719033
1.928454178502926
1.8255894159895345
1.7352244787087683
1.7714072627597097
1.673532137110418
1.6812696535074794
1.8078363019282513
1.628103358515392
1.7427499899002379
1.565230126781493
1.512322436028835
1.5400192264817285
1.6027205096948203
1.4148193984519084
1.511335594239254
1.5885689873396998
1.3853177324976673
1.429809505130022
1.900581507560601
2.245508824365594
2.5596877646276885
2.785799543899474
2.8545298390249454
3.7576036816858323
3.869364005817647
3.7712152804628105
4.014804620789229
4.292652429067499
4.274045666355676
4.457932792167648
4.50868413458662
4.673494683402962
4.637116018913355
4.597706144446825
4.559362349582821
4.839446524500068
4.7968732234807865
4.8778898373840756
4.889056447691237
4.5304275887916665
4.604619441963413
4.542404285177025
4.687296483352972
4.549345862703295
5.012500510306558
5.330190768724753
5.502801093595704
5.52864613600584
5.381800586446387
5.130727077921207
5.221387734184311
4.805473078992006
5.542763761941591
5.493028277271874
5.048917146614474
5.135429978293184
5.0535430969534945
5.00724609414155
4.717878921869455
4.862285944437934
4.360239126094694
4.331436781339073
4.010996550216228
3.6398168105111455
3.5980425474803392
3.403305870512593
3.4191262555900956
3.9814233237084498
3.286189132367369
3.475372131235132
3.147981685861454
3.194342503900115
3.2167998616289504
3.2441611423361625
3.3681499145921414
3.3390816368644245
3.144908750346516
3.0720511505219483
3.1582718290394665
3.2242954573396743
3.7763718300004356
12.682584889595278
3.997242014445656
2.8576729540859964
2.849420079986636
2.546042611128498
2.5040889561980166
2.3438577092916035
2.5139037776990745
2.3024722662788366
2.046805621247439
2.442513748840469
2.084511391109639
2.216752656242464
2.271416210649009
2.3297087248665487
2.2435012814187134
2.12542144365619
2.0766681629885158
1.8330653537978794
1.8418366212683916
1.7953104274043143
1.720490779531285
1.6563855561813037
1.6271658226580683
1.6525463115873846
1.705175780975958
1.6576501515239739
1.6549263626683162
1.6378741567805037
1.4969077651779277
1.5850885450060497
2.138173218794236
2.511856482280164
2.5721006340342125
2.6051265971531232
2.7571972560770104
3.0871051615130765
3.1497169783034416
3.567293806173007
3.7711703419248073
3.92822707781066
3.7422383582974232
4.111623518229841
4.136878519534267
4.316318747879527
4.1447383114223095
4.147545802126317
4.44430932271377
4.904896433441006
4.656085723223891
4.682012619321269
4.738126171883466
4.878322944564214
5.053697531820847
5.0175691621254055
5.2320029727556046
5.238645613404811
4.865840982074472
4.98003660746553
4.978660946842018
4.770264446743353
5.034275428946823
5.0526891435999906
4.696258153490349
4.482442696351143
4.475047639735838
4.528841593263016
4.602073815831225
4.14793785605122
4.082961982913046
4.445965839389973
4.630109663046164
4.325562800317286
4.320612780772975
4.233730459034371
3.8180654202602433
3.9703400944980203
3.6529176218449755
3.5765029993096977
3.426129480036614
3.2984097611931658
3.151220235801911
3.0766428122157383
3.1713917335232864
3.333074432896141
2.8476677190532316
2.7212437266900853
2.7550324593611712
2.8991742087799697
2.920443763644818
2.8077116247765037
3.164414946797991
3.106937209135354
3.4231254942100433
3.285404321569975
3.3095799674457242
2.8274228906940726
2.8566930978083636
2.737278539423834
2.6301302823125536
2.5825771187453066
2.414139512199452
2.313991173879427
2.786407249054828
3.8917918804455307
2.827884847581832
1.94152808648292
2.1212333425273604
2.004673296384923
1.7747048832619357
1.7483164748787428
1.6997274585169895
1.6787946584575606
1.6744630489503938
1.7128292274583972
1.6959895113965566
1.6215574221023834
1.6030019599552943
1.5827849281775959
1.5245167983782109
1.6567081232222582
1.595871131622219
1.5168412359465728
1.53268717999864
1.6008216005402491
1.4824304670959576
1.4728506189263568
1.470312016988962
1.7293620168633164
2.2001943047518964
2.25349897414307
2.638778352431515
2.4745571511879696
2.8443288446101462
3.399471513670998
3.2168976613891007
3.3542207367706185
3.60197381548142
3.9078811351076936
3.6533657003797644
4.002393385862133
4.2959124157955255
4.328873629918098
4.132610835348023
4.295467779508755
4.504179113827125
4.817334475066525
4.80039648223661
4.712775796863491
4.515689006650645
4.232595719918459
4.813728451277503
5.002926403071766
4.9577356160777875
4.88842226991376
5.374385331462922
5.289410945011904
4.960573497154703
5.013730567717876
5.714896022967702
5.286732958170442
4.784021136980758
4.735674759509164
4.720435683417698
4.514391311348884
4.174998157511967
4.524358082508609
4.467640288322582
4.635946348398115
4.539296119697012
4.527121682819424
4.023457816078752
3.65484095662468
3.731898374732162
3.4076522169589474
3.336540976349851
3.047563742940162
2.9005301776345394
3.0096888034954192
3.0491293143009797
3.070407787350048
2.885971766938813
2.7384184639771454
2.6113218462257293
2.4654578150142212
2.6192831309853664
2.807328776816426
2.604424497338152
2.4088962086553325
2.345641846435199
2.3991308452547604
2.4375615662419876
2.0881626348831186
2.08653141322656
2.2108042432823454
2.204905889677281
2.293747912637012
2.092204107633473
2.2802127821924962
2.0033893458197527
2.047695765279981
1.830448612006447
1.8306233072983387
1.9096332680249124
1.766547595376891
1.7515094762562433
1.675472586604721
1.6182044564839215
1.5833229857036006
1.5760618134274669
1.5597712225298566
1.5301068857981879
1.5125681342009867
1.51792560995374
1.4599638857011046
1.4799617988401166
1.5390414417281835
1.5282665686088572
1.554210747863314
1.5484349173779848
1.4982020551987925
1.4252223586115138
1.4845231702357733
1.5071760832871308
1.4944965463565414
1.4561871359881042
1.4810642799781024
2.0255267739239105
1.846241265501074
1.8912227798141978
2.1438884093098154
1.9907241966761802
2.006933867990736
1.883302418862397
2.0666706728935043
1.9657626822730208
1.9371434137585521
2.157587615889869
2.3932014529178147
2.480216495461293
2.628483256516156
2.6277180023435296
2.3736675593561216
2.4135004365077353
2.651897968723994
2.499041815963394
2.364699376790191
2.697251286285784
2.6349006350645565
2.9069510836570296
2.6083064242444856
2.5309195366884523
2.3068067602138633
2.3419977201658617
2.955343581578909
2.9666946662088653
2.989017274377885
2.6087175250535344
2.704732023588269
2.5064004305792906
2.7384578024498563
2.4878064825303365
2.5993911045942584
2.53786619011666
2.8432683320951417
2.6917753631772547
2.70489644050634
2.5876191621868854
2.5402097309641527
2.3180883761721507
2.5119985386839283
2.630234273655967
2.3123382001991337
2.3926175293754453
2.302620245604695
2.2626098517198865
2.1258961038916184
2.268455684200803
2.5544183769165962
2.137444522467159
2.3271239585243477
2.0877076148706175
2.205467674641523
2.053998088826117
2.0483634106946473
2.058523220905421
2.1629624498019573
2.066668142235727
2.050156089227862
2.118124051129911
2.0797950417424307
2.0468876045753124
1.947957759731127
2.0423967790658275
2.2246450984898427
2.2095503729551247
2.019568726297677
1.9053294546241235
2.136121037369156
1.9863316642141973
1.7730107844154892
1.7721600576652634
1.688489263976199
1.686319182365535
1.669672167205063
1.6125503590348402
1.5918844178310205
1.5326065407871645
1.5014293070812772
1.5197673568313108
1.5570572879651676
1.5001249709907272
1.4677950254938423
1.5053769863296569
1.5011249304310819
1.4960822986091324
1.4776786762795817
1.5156767602861494
1.476708676209136
1.4819179436900456
1.485213954271888
1.4959516436972289
1.4688079311222966
1.5945159982995227
1.6033765538547182
1.594842770231323
1.8570554458673265
1.5481280143486
1.8227224884847621
1.6656439454777547
1.6393398534973498
1.854197212832324
1.6056528744842467
1.7939561304032319
1.778366391229685
1.8418148137746833
1.884132260336348
1.9096163126695063
1.9248596785455019
2.104730396732191
1.9556441155990498
2.0278652294804598
2.0547837305904557
2.3119664654166403
2.251764514980622
2.3131391827458874
2.281846122198914
2.1728439817726564
2.095960322484379
2.005567192724897
2.20961650228502
2.126816923504701
2.1940968343429668
2.304913159984936
2.5013639269743058
2.425849971894786
2.624568429090265
2.3049113758318835
2.3949690304212963
2.4251297152881888
2.4156875729135203
2.503758684325067
2.7173872498925133
2.595646814394748
2.6991130865316557
2.6538180703772354
2.6510622802291928
2.614955809407661
2.631749638482166
2.367677809991005
2.165926611584861
2.26688968296642
2.263518969069197
2.5132719938205366
2.8385777842758557
2.6868023546545152
2.5738253017054897
2.5180375881852557
2.667320140592287
2.7275820061871925
2.529542317848719
2.3917545910819737
2.5059231392696706
2.48319139558916
2.388077135696465
2.1886954776233076
2.2313571682877433
2.136172327153754
2.163730913711047
1.9892178698256169
2.1466759982424417
1.8982636942431035
1.7808487639858217
1.7182456072315389
1.8881318554322788
1.8509479810239606
2.048168606666092
1.7611379897543196
1.6598193614813448
1.6415898773601907
1.6150478224570735
1.8776967518772176
1.671252608431381
1.502904124180924
1.4888586802787256
1.5627302284419786
1.4867695883259284
1.4966293559911266
1.449296917276679
1.3161384571026966
1.3459710491606405
1.2912385709628122
1.303583988209426
1.2586711665534946
1.2049930125387018
1.4281229678475318
1.5835597176224656
1.8236044023063798
2.0059124776862993
2.223128910321553
2.2794071157811677
2.3995604605709637
2.255759302981008
2.290720111060453
2.3976756969421746
1.3506339877528404
2.921267413400917
2.7327931657553743
2.508369015082271
2.784662180031052
2.868436478686988
2.8027919328877777
3.2513152961932743
3.0697159402335377
3.3001448862176956
3.3019179205265754
3.4730958586207463
3.4987090135433747
3.5599970950522275
3.7918266328451335
3.5797474190177607
3.4005957655569494
3.316717277269597
3.5827082547486473
3.630992744467349
3.662152963104041
3.521453030714859
3.734777571972599
3.6691402563866684
3.6270192609495773
3.5489807019661237
3.9378571299511105
3.853419863327319
3.668178358644564
3.8495796903874946
3.840980565762041
3.6324908075486833
3.108993283202727
3.489353648313624
2.8918221770406056
2.8291351256261823
2.8675506499145635
2.5974740201973705
2.662807814616755
2.6684707018507825
2.4153132157255848
2.814190488387312
2.659959950157892
2.647614624441873
2.397884951410515
2.269949500627916
2.403766132790877
2.4018874775934997
2.2238258970306246
2.3110571479746516
2.3073460911177373
2.293374650411291
2.500504759879963
2.4524176325650444
2.432372899869332
2.4137513325062945
2.5164012749270745
2.1851519332800793
2.161709892645327
2.0389434189235294
2.0703993181583225
2.0043301808529144
1.8706718621391942
1.7154863805307854
1.747075213042539
1.9031856399713218
1.832860941367985
1.8020740303759486
1.739547608596473
1.683940765222148
1.6406727569440858
1.5700099580636409
1.5590694690739855
1.5862649360486167
1.4192893888746712
1.3803776086108706
1.3654677980652012
1.4128794331409302
1.362510679176941
1.3434179070828225
1.3174657213345218
1.3723543894071444
1.3244186054341205
1.3234007081323425
1.3069120628516238
1.4107396223792987
1.3909278986155698
1.62956605668441
1.8130498860268096
1.9393496523377036
2.282890268366954
2.279291309072811
2.610078029671957
2.798748274652618
3.40378458225161
3.2812515984200292
3.5315208990437217
3.79279427804033
4.071080709333629
3.7097468202262562
3.9512095459880063
4.424721398899017
4.283154702359156
4.333979686546908
4.348237024175795
4.3087781038925375
4.507513958961817
4.427950600384886
4.013126674265442
4.0677796791581775
4.002140362781154
4.446638594045945
4.564966948651342
4.492412329294505
4.619212087522775
4.588254264525043
4.335544713059368
4.4605280337969
4.303440043366051
4.204553264763236
4.6665485482455
4.446153621340303
4.001138389520987
3.898146245212811
3.829034766684733
3.9540842608200464
3.733917932288053
3.8799845117448797
3.643932085862379
4.280479023179856
3.733840786165636
3.608726369284577
3.2042546612666407
3.5082816526050076
3.171088197336606
3.3010267807845546
3.0008784924067617
2.9533999315558623
3.092682958980493
2.83884248860628
2.7727233979747723
3.1621303801272975
2.99358923582175
3.0459186049143665
3.098735481057545
2.892342899487495
3.198805261034627
3.2573472376073362
2.6393467802281405
2.889278650138474
2.4273035926317554
2.4044377843967837
2.397015350237766
2.4311233976526982
2.373849586264994
2.3080824541056506
2.0064346797775836
2.0640320867729787
1.9798748668209232
1.9956248655691797
1.9058660024463319
1.928294041975623
1.9259078283843016
1.893491921794273
1.915425587431095
1.8774605425158304
1.827177172622908
1.871703933777238
1.833366171498381
1.6568391066878896
1.6098206447677288
1.528314473382005
1.6244499326586932
1.5461240778847842
1.5132629183847084
1.5129212414001572
1.4936558691158113
1.485501534694243
1.4346632652275788
1.4097591361452333
1.3949869434549813
1.3598755504305768
1.4058633313509468
1.5949643728259866
1.697813389636397
1.7129576109318063
2.101263678529002
2.3106400262138145
2.530365526434154
2.927875880538478
3.1217127648646743
3.247017834733015
3.3878156905838313
3.609245980496002
3.4355684737711982
3.8273114600616656
3.9446613608006795
4.294923504693976
4.208832105304313
4.070437647978715
4.072493108631807
4.088331213781267
3.8474259127516177
4.188347753949004
3.9428916019267297
3.986521338937684
4.160175223783981
4.229737508915823
4.1546635585834455
4.07721946705548
3.825002402317652
3.878562023134243
4.1425242862277125
4.356211020841098
4.329972229955994
4.426023001094908
4.178104073532338
3.839697251248622
3.847818357551352
3.8897065011699223
4.089768428543596
3.6540795554714385
3.2519792919972015
3.4222255559325596
3.3271917959544424
3.605966376485437
3.5056338352626906
3.423202368128319
3.441639118341879
3.272229259852838
3.024793071708666
3.337581367944072
3.178737280586709
3.1664154563482767
3.256644715999314
3.284940932807929
3.062201598269836
3.1566718718604037
2.800455465960842
2.942181399108984
2.873767852339827
2.750870506736848
2.618343132070964
2.518676369601591
2.2069811571034443
2.378254252689894
2.2015122490374215
2.207345764530725
2.204417171006807
2.328425916912007
2.0947601229788084
2.142638947738171
2.2643925299500522
2.3276503724918887
2.3671482740281244
2.2162198706731946
2.0123697349590493
1.9824053642672816
2.057537769706976
2.123826432283288
2.3363676821408186
1.9931981898041116
1.9587600818271598
1.8481955600281716
1.7744742514499596
1.90798925150241
1.7346060012556679
1.6652628770449125
1.6518315537430734
1.6966492591659657
1.7347382633421564
1.7054252535038321
1.7039287104327148
1.634365576322932
1.5876755273145027
1.554366633597955
1.6336308113244824
1.6368064994127989
1.6860746561188396
1.8543690466127878
1.887218223853831
2.056656180730933
2.2854586366782392
2.7653296642117136
2.328859813267344
2.6692773734651127
3.0989207265329908
2.967555082573407
3.744271368333736
3.5762896600416765
3.835224052448073
3.727551515979914
4.055260091291295
4.023133348163823
4.037606241073556
3.911923956296269
3.8182970123406417
3.952346152921142
4.329246025401324
4.534948927617472
4.537891603135147
3.953330659518614
3.7717267395986704
3.716354892170381
3.8867776036724626
4.182138268986496
4.326652252423814
4.565711457894092
4.6081077847826855
4.8029944487927
4.3797243093101175
4.590977889329294
4.798524833814576
4.514964424290703
4.3713798936828985
3.6253516696163093
3.767191550424083
4.079915793532496
3.764516554900207
4.178348431184845
4.043727754791715
3.96699874745404
3.87158033869861
3.7633885850855022
3.2210398430247045
2.995376201130902
2.8997817839708357
2.7889139796052973
2.8624838925019196
2.5317163489135024
2.560224366845015
2.4101444134786534
2.3416037200977624
2.5233235773938514
2.6543771264855014
2.8115966200084563
2.582637037583223
2.6143582015844036
2.3917760511451225
2.5140745524747707
2.3527655361357547
2.4565095697880195
2.46341974534915
2.4301431611133637
2.545644161617461
2.476013819240693
2.4100850181770137
2.6511282795665405
2.652693202164435
2.5366730408092364
2.468210575165885
2.4024871868440054
2.3466394516790805
2.2848700024608273
2.2527131916215293
2.2392528848365774
2.2612885605548105
2.086929335429899
2.018456941672068
1.9875216539814247
1.98925041583644
1.957731654761604
1.9135073660292543
1.9405303162698835
1.9363355778082492
1.8972860243911027
1.9629205738862106
1.9414727766010518
1.850127856822559
1.8218441041792426
1.8217419995885837
1.812617997340263
1.802784025243116
1.8348364697551613
1.7678071360806678
1.7946435612328804
1.7994360995932621
1.879312011121609
1.9485151634825009
2.2425953312003486
2.2728941768934106
2.5570618675242005
2.8961243578883127
3.014201763622311
3.512642036210618
3.202549415957208
3.535917908292874
3.4525587358780503
3.481372354228217
3.3581985876970575
3.557560413579864
3.628224640186651
3.7351931634531907
4.105554431576132
3.77807163731622
3.650176503394082
3.636279463124865
3.336695931894428
3.870881222513109
4.5569949245749095
4.4605599597184895
4.331307232833827
3.9076615010987386
3.9667163586808845
3.978685819993066
4.268483202226069
4.02496168477499
4.073309357428366
3.8877217707184606
3.8129570542529794
4.270244803910045
3.9415592457611623
3.837308850387952
3.4862133734791247
2.8227448116183442
3.0748563339319905
3.1497523322593515
3.7295495065472077
3.3253920032422437
3.4727455721675287
3.134641434514262
2.8589209601010777
2.962428149879634
3.163268184578517
3.170834063024197
2.9497426886253213
2.5802495353459323
2.539271888566602
2.6480681183174366
2.5438916339261026
2.692681969765278
2.433772157994848
2.416483970794527
2.4253216205337806
2.372326094625383
2.61100119224857
2.5823921429039625
2.6748304074452984
2.2462667261497846
2.2784310340156964
2.2655624072443667
2.376279237654896
2.184338171463875
2.3569118466749117
2.432247108003325
2.402681689058942
2.3235416682792587
2.4192048707445526
2.0873241419787565
1.999197104337611
2.0255760115110184
1.958021751542294
1.959681157942406
1.9137476526695112
1.9507464271615147
2.0219099992008944
1.8658330022396392
1.881411363071514
1.7348505363784645
1.7503406758458115
1.7893822086260986
1.6718248985480437
1.7040947442086896
1.6836579058165173
1.6979302004856127
1.704472042299202
1.667270594522734
1.669442334299539
1.64596716191219
1.669158406185639
1.6100393160055853
1.6374749398249397
1.6977870573041969
1.6542013464571277
1.6369036743492613
1.6722959399635513
1.731549236873701
1.8833182423486774
1.8777637408143713
1.852825344362124
2.0259792247896082
2.065735497781736
2.0180094117384813
2.0274102167101304
2.283367589155748
2.4374035662106683
2.763410588008235
2.868886401060767
2.757580342945136
2.71788487313973
2.7939426991850453
3.182227323234016
3.118679478378779
2.95539427536007
2.7990316473232655
2.7921733374430633
2.5715581853971052
2.522246495370046
2.786876133900454
2.5767401649393884
2.7984300663334807
2.6234051601354227
2.5343308727505365
2.728891737846116
2.8828143787380576
2.7756854778159754
2.5625458078905106
2.612994161100023
2.558491481063048
2.798250302661174
2.43562805224612
2.644413846542433
2.649920440444951
3.134151643438714
3.097849515760211
2.812252501688907
2.3957598490445013
2.860505282655818
2.5711319546500913
2.5227755320914
2.471404512380093
2.705813886639762
2.2503971478134495
2.3167994401559073
2.368753473654703
2.3411521345495943
2.5463909383461947
2.3516312471993235
2.3390633535477616
2.4091128405895965
2.305218779133878
2.3140940718446337
2.3863400236439194
2.357506010598619
2.3220793240093696
2.295397040605632
2.2278905789428998
2.310082129040307
2.459217170040389
2.302331122443794
2.258533778625729
2.2034889243252658
2.2858658934323155
2.208037259633456
2.2320766998913606
2.1661477294190665
1.9971020646850002
2.0028125310321276
1.9468450896358138
1.9394465881326595
1.9029584720605457
1.8820242397300786
1.9557962659437074
1.8897230340125126
1.799291316082167
1.8601190057925934
1.819892919162947
1.7614543848098958
1.7024038020952537
1.8755812318779732
1.7746188860672683
1.7515114135412602
1.7075194799822797
1.670093583389282
1.661760557987828
1.6809485155246298
1.6387356913270203
1.5885980192316795
1.6260110235825214
1.6204898647464618
1.60573300216161
1.6532768505938333
1.655716783561352
1.6666123967654825
1.6690858626599587
1.6839213597100502
1.6930679007121214
1.7409433904443092
1.6888613167265443
1.8089767222006536
1.7704071954983098
1.7231938773560416
1.7939137671865373
2.1216992936172434
2.0860470263696187
1.9435460332915406
1.9763654454559874
2.1411634327301057
2.1088051064557627
2.171533115934212
1.893859738074343
2.1628706823944777
2.045791998338895
2.315966615211646
2.413210755098094
2.0576516924209427
2.11975123735549
2.097224462482296
2.227173402463359
2.1342549480216055
2.3380629453012487
2.094077204755556
2.1063114460022256
2.048377255130863
2.000418777760593
1.989020162553009
2.070401778498129
2.0261832723528563
2.0900762731968996
2.0937105939823404
2.1235112481971634
2.304489698740715
2.251034248186362
2.1999832199805462
2.102032953801659
2.135919899694195
2.159939461102004
2.3653690945701547
2.335817268321134
2.3971851900439027
2.4693376459272516
2.16544608549923
2.257353004910756
2.0925383412226846
2.279845694029176
2.674743717204973
2.6096929209646724
2.329612259980033
2.0863214198190763
2.0938826800865464
2.0698763580199087
2.3127517428822912
1.9603645162633914
2.128675745433572
2.1356465636218505
2.0714335155354444
1.9832123812152564
1.9435366147395203
1.9269390205081203
1.962324709917862
1.8586966654969932
1.9004656272591949
1.721436208394639
1.7697981543179084
1.7235574106935667
1.6859575814904806
1.680606061725456
1.6582614122450232
1.659992174869321
1.6532731954080366
1.653217633106146
1.597504530288811
1.6886404334045384
1.6594695009868092
1.637339867074083
1.6455858652779545
1.6535374518895078
1.6199697390524541
1.5991844516512481
1.6227968858705504
1.6552479519232182
1.569814160027307
1.5536985388728515
1.6063452900600317
1.8989865376215171
2.8774781983930757
3.1021166089254026
3.1411077954546456
3.1105766196801357
3.143264713848125
3.3234529991247146
3.655012227617119
3.61417968530244
3.9389497295850653
3.999851988249398
3.5180671814447417
3.6682869137501504
3.7147671976293024
3.913142594272106
4.189590487905209
4.085323815284135
4.185710541011815
4.5448866295527095
4.01363728762876
3.8962555031508366
4.287062277663355
3.900123806113165
4.281910572564959
4.472373773552855
4.253457124468263
4.011288253893367
4.140830113066916
4.263438161126887
4.453747919059675
3.9617776047994955
4.025452091407985
4.087966996391221
3.8869217124030646
3.9776501722134037
4.0567828155453
4.400292074225775
4.207328776095583
3.9460360866273603
4.152207758238695
4.224343102966799
3.962310201948507
3.6543097546645495
3.713062777658985
3.7856597157851666
3.3267019431282696
3.026281106590791
2.902138236835743
3.021026125922931
3.367492117647754
2.9779699390377457
2.8775313106363423
3.0025108225277775
2.760645708865534
2.9073608764216305
3.073347999548015
3.0440681427061924
2.758359202715764
2.5802345268731353
2.5412258121711466
2.6267397537883834
2.8744411272358827
2.8243455571305955
2.508144252101237
2.5079215630925082
2.4441299003784906
2.430804666077495
2.3640228543346726
2.47896431623248
2.8149892342127667
2.8566558921713225
2.5943983414451637
2.691659350112482
2.7125338016185063
2.6227716609957783
2.1222517120460402
1.9597956990744019
2.2389739697842517
2.487960101602705
2.0260171559464313
1.8583541866994686
1.8600579296907203
1.8384914531298797
1.7809724346046554
1.7748963682947827
1.8469960847743159
1.8001916288026085
1.6720934494629756
1.7190273088160117
1.718369428524379
1.6917239141525595
1.6827531547291967
1.7466099316032953
1.7155108285156166
1.7156702614075288
2.070504753011386
1.9073832236992077
2.282658773318746
2.5328395596137
2.5285280028851824
3.034641557701738
3.131753921296636
3.508172020274072
3.7952424856143456
4.1955694169598825
4.510667741760692
4.278896971806506
4.105261967219032
4.094834104538073
4.060204810441018
4.172217666310535
4.381891187971325
4.868961221146415
4.673893605681574
4.7491159189016905
4.311554788172833
4.590326927538974
4.548893302713606
4.365659608023824
4.215252095959294
4.758594252740932
4.8253040221515775
4.819651732120846
4.681088934205913
4.193517170157223
4.8076707654947
4.272523431564359
4.357017133431513
4.315860029479814
4.4534767116456955
4.150312265598205
4.308534749259159
4.178521169339738
3.9875961718847117
4.203623629994149
3.943374022285442
4.254658933838432
4.134490046436713
4.048158727744073
3.7064954188546433
3.6757265051102186
3.3949350594436467
2.961024516116043
2.85552197875062
3.006686137306345
3.103387086938319
3.165866365312627
2.9882741931022867
2.8132469184185345
3.052350520177837
2.7388185600534185
2.8749396639707525
2.7773355568448777
2.8432742390138994
2.77027229461984
3.1585523070524886
3.4647458140460965
2.973588791820331
3.0402252624656434
3.177531842279802
2.8756993475117856
3.2969873132744536
2.9626468559297945
2.565306244387513
2.4532511306649587
2.436270193652433
2.3014353907986984
2.75906353490189
2.35481306732386
2.387462772142885
2.379007357935442
2.3222196771452457
2.252662447879532
2.2334585291200475
2.0994674078581945
2.1329238400807458
2.121350024469177
2.051967083993027
2.0422679511100816
2.1046112292354047
2.039395664141596
1.9851650008676762
1.914226007890924
1.9914444160898523
1.932320237274529
1.9388105766324721
1.950396922973958
1.9455988054401618
1.9399928022779251
1.8484503773950354
1.9935132317686477
2.0216028112664888
1.946774554652857
2.137346884263031
2.303728154602626
2.4124314691475983
2.618453236453744
2.9788413427315543
2.7665181500193023
2.5917452384016375
2.854654397169345
3.2005205033683386
3.472645362162944
3.4376788635526725
3.5846862104720407
4.000728076381346
4.205605234825863
4.019184105045912
4.515753318205957
4.43352024331525
4.158889930423822
3.9907456711965343
3.6783653993332384
3.739621212613842
3.9394368009193284
4.108773005779561
4.034788238265069
3.7025421799540053
3.9783281444388687
4.007036378208841
4.306662170409141
3.892589867072245
4.049408000060998
4.2625570525879555
4.5974320232469825
4.684220998264678
4.675966127063522
4.2961483182787115
4.053369228070005
3.831670985872612
3.8718327778826205
4.2533089501568
4.11206744517473
3.908397569083679
3.9256474397481527
3.6612441026266502
3.430882936699244
3.2390567546039657
3.121747116767054
3.0840460845011486
2.97114046618733
2.8631972232989504
2.695673761325421
2.5713575166148677
2.5069920073191776
2.5261318422230867
2.55808903967471
2.872723358542417
2.865701828940972
2.958301521084403
3.5424454394280627
3.1869432075581066
2.90065246561999
2.5504080346056197
2.5648276429998647
2.6239714132701604
2.481860398471061
2.3620834582917203
2.303829475298916
2.3113466393234225
2.249621548023761
2.265136702570267
2.0822863248797274
2.2590474660489686
2.374294715696578
2.3103478074555612
2.2716819194379414
2.1581614995535903
2.075905647945594
2.091468162762632
1.9724816106981524
1.957558072634809
1.9667470454253553
1.9931620573683897
1.9981438766479074
1.9706470103123856
1.9963429534088886
1.945095151909829
1.9475900112122198
1.842223641554541
1.8963836268433572
1.9387650220629027
1.8759810624074085
1.8503852050743912
1.8758366866953935
1.8690648856521876
1.8345310794387
1.8714095041486298
1.8695369987700243
2.0268750451664186
2.2662680385736853
2.6018912655379314
3.134182646804165
3.533430915827798
3.6154773630884742
3.8359859895997594
4.17715111946728
4.375785779483685
4.427303220358171
4.467071523412918
4.503781786587664
4.387390904291388
4.811576039470154
4.645362522531898
4.8197874737463176
4.970215196037567
4.626278250667342
4.2566077062434315
4.7623422962226405
4.624318121673275
4.424733422326034
4.155957469381871
4.737059235902585
4.8942845652354725
4.523624548475454
4.592311253932417
4.880215218688005
4.883197825308285
4.695648997595415
4.772173922289889
4.183779580095237
4.280246746261698
4.422174477037886
4.234116412582705
4.130192202243748
4.087981647646875
4.169267887126884
4.245783640594605
3.910875525685114
3.914955967680282
3.936468371335854
4.046405379442449
3.9258371534615724
3.7608818589519215
3.294455036977337
3.2177205686572163
3.339160307194048
3.224432824204093
3.385985107150906
3.2490900526768485
3.4486733612205573
2.936881299806728
2.661136789498849
2.829805173402802
2.830077033043499
2.7099288492603253
2.7553963371004104
2.63950336630137
2.644953052430466
2.6594748516809457
2.6409245725965578
2.8128311090196503
3.0273917880715575
2.7916978835715396
2.6261615435166292
2.4844645903537828
2.49562455403228
2.555544522940761
2.4410780747551177
2.5258566354195344
2.4106212961329825
2.4175898345156255
2.2132274993262286
2.2392989926113254
2.182164746112623
2.091967341365102
2.0520771152472834
2.1468530419927627
2.0202278183136873
2.0326144416347183
2.0065619650810653
2.0058262314490127
2.0137022539190865
1.94287897747135
1.9972411903687368
1.92614489546562
2.002734675403335
1.8929336901090434
1.906340629836351
1.9804863357642037
1.866315635450358
1.884232957546988
1.8256920925934224
1.8936291376867924
2.0734255183364163
2.4537079051308757
2.7086386956160267
3.3282748886121056
3.4234893022839046
3.730780564474726
3.5540636242856904
3.3544872455063572
3.6625119042831
3.593105441496639
3.5854690543949412
3.997674307800514
4.052950475737974
