6.448129507887844
5.048675701347657
4.932071676119628
5.057544397004978
4.592184613904259
4.71497037193153
4.848023199262921
5.4231367950804525
4.677270921411937
4.363723990682096
4.1765992721729015
4.348254100510819
4.05380954833056
4.056134704165238
4.092694315807386
4.1948966625734565
4.08687848240941
3.4838739308801956
3.542723296414178
3.876892619680591
3.602708964252595
3.619348676630227
3.4920642016292445
3.3935517627517453
3.369002782738232
3.357917412370163
3.43922138175041
3.438426200737179
3.3079361526734443
3.1762752649870274
3.0994569753244847
3.078647727285317
3.0078642068808805
2.919298065268814
2.9388148076290603
2.8681283770035715
2.7884712378756475
2.5848708865899797
2.5649463184357715
2.517279794982899
2.5201723254911457
2.562968012646021
2.5153074967134046
2.490547725150713
2.4754576374066244
2.461559558336384
2.481676451294915
2.4371758395500356
2.394887916842827
2.379195434683953
2.4491339388506597
2.3447140434858733
2.324157296790738
2.2374155844187866
2.290834294201048
2.3053151591134857
2.3864893038744643
2.814740950900497
3.020333629247293
3.654454203363546
3.8805633939876936
3.784430113859427
3.938247219446504
4.0225653342988545
4.270658786874181
4.170121029284007
4.894359875482061
5.126133989546385
5.055444724704958
5.268080863858702
5.717827324574946
5.760379319292269
5.739213809755047
5.650879580040771
5.941166006160968
6.081785721825458
5.689831472133432
5.3766142801625145
5.674797155647596
5.658322607515675
5.511464289312022
5.404636884458936
5.287247904446396
5.396999738184536
5.298602486294169
5.506131989184357
5.569764203005681
5.372260356460002
5.2647209189960975
5.367616816044409
5.292298151724457
5.125369393050807
5.091134925600781
4.844297128953208
4.984944147875977
5.268251300189582
5.211208497437945
4.850650284905307
5.13890263230497
4.830629270845612
4.644208065204574
4.845254187486194
4.561216705772308
4.229091263189283
4.142863440217048
4.269777948797977
4.19655357806244
4.705973738093302
4.334997185239744
4.5453782813979515
4.51967658033272
4.150250597967832
3.8011043065562165
3.7778854279294825
4.099777513443707
4.1124327359574355
4.341707470229798
4.149963563143751
3.868550931674937
3.4172558859733604
3.3348995914997
3.3055839591729366
3.2846750831010096
3.1579700859967166
2.96888738854656
3.133938209630703
3.02344803432938
2.9500333980122653
2.9428232082826686
2.9259301390369328
2.942467253359437
2.8544015392463655
2.8480019894546875
2.7522288987286503
2.7307356397656553
2.669537350424936
2.61040338841212
2.609717858590113
2.521471898676103
2.4835541768432905
2.360474481037749
2.2784620807478593
2.2504188825115286
2.2866323126300463
2.256597770119933
2.336493529067939
2.154379312103156
2.1564232034605526
2.2045084534947073
2.224424086069111
2.0676891979487375
2.0897915508769573
2.080154251603974
2.0719940908516166
2.444276023680408
2.9343221440525946
2.9844157077710483
3.029444033491646
3.0715656372729843
3.2952837679679856
3.4926495365575145
3.3948139452609913
3.077233816044536
2.7575696052115117
2.842961223348754
3.2052406810452347
3.293170186243757
3.334150486717879
3.117556738158257
3.160256395150124
3.3314671919598435
4.0340157980618
3.726548815321944
3.402035887515708
3.410941379125506
3.443369604339822
3.637931580852575
3.496681353521601
3.4751027369791703
3.426423584260744
4.033254114812809
3.9574882596102805
4.031194353196544
3.780361999297455
3.9436478931202434
3.9850040364339665
4.191033312444008
3.8904889819221946
3.7142154885345033
3.5258098739716117
3.373095597160051
3.5135898080691628
3.427683226813279
3.373615108131903
3.5081611366429906
3.5416575953206415
3.4791439421852894
3.444738608542625
3.455008971516177
3.4842101580518645
3.5157108439458957
3.546275801225791
3.521375304909042
3.4037566405836275
3.3641233471555068
3.412871807514228
3.408765975277701
3.3607518730030463
3.342966370629062
3.3613997960151805
3.299499017307545
3.2907114626213456
3.2462874068982823
3.352920455646248
3.2647825741707313
3.2914954755976185
3.7532189109295695
3.1997519887328165
3.174261750800901
2.963405466017573
2.9885485345493366
3.1644239567701353
3.1558148045721217
3.083422502563584
3.015898729906021
2.976665476086848
2.9155294441358857
2.851923337288233
2.7998081958502326
2.7604780294158413
2.8129881878566767
2.761585656696682
2.6950213675314334
2.7450546157307882
2.70209923732303
2.631386883805078
2.5984215825977133
2.58604460511007
2.5687595855552
2.4298621414116672
2.5226354298941693
2.50596146436904
2.445202619654036
2.3390707255548957
2.2970036070832776
2.2607716604249024
2.2581534518766695
2.2264322964263266
2.175698854074714
2.1937561374086467
2.252811910369044
2.2512292839894075
2.2364356455400793
2.3048165849719084
2.3193019816849905
2.348519525684266
2.3817186894346114
2.328041279737841
2.403831959008002
2.415323188897774
2.378676188750844
2.604798375373263
2.6082084627432973
2.588735810966934
2.7816173759534597
2.7409554656138706
2.713861685214476
2.7724749195026126
2.787094928030622
2.8157790843215174
2.943236917723837
2.9915556020328546
2.9256727920142453
2.9567901191448662
3.018806941435042
3.126527067473742
3.091934616933272
3.0755046181754078
3.0661915422636907
3.2375694463485956
3.163147173955702
3.192974090042602
3.212418791394111
3.3451741450144086
3.2627682453803226
3.2580822505756135
3.339358851801032
3.3504624720329836
3.227081440388995
3.4162381590167032
3.2563369166323
3.271032438755139
3.266202843766553
3.2862601264025892
3.2833090379128906
3.324847079990105
3.211170578747237
3.262569385300831
3.1811249892072464
3.1621619024183167
3.1966466952985853
3.2209411747287837
3.1574938635965037
3.1518493558238894
3.2852947021697143
3.2701415687530377
3.2237364073077877
3.1646532077828606
3.1902626640097536
3.0805832285390444
3.2462130168401155
3.0967552606779214
3.1033285596851714
3.139500055021249
3.0982385025427153
3.0632513347403827
3.0401506337058435
2.952979083331549
2.959818005277659
2.9132691779114857
3.0959792190451894
2.940237107850316
2.777052743529062
2.7938769863823287
2.7276866054128823
2.7072963492461786
2.752344914220552
2.6481637919922574
2.5480307662674
2.4826762086218084
2.4455240412256867
2.397335827864759
2.33343159699204
2.259533262610048
2.2572710753965843
2.291382560916809
2.179669864396669
2.14060070090586
2.162189636951592
2.1394046630889925
2.2403273680014193
2.2532778497709884
2.2342822449783877
2.1344769988995007
2.721962220060773
2.9851263205524394
2.9414009078097236
3.4643539530589824
3.5636453021451655
4.023037715413202
4.411636915034621
5.1304371839727345
5.398863678890198
5.41115601352905
5.164592857940004
5.500726315378452
5.54282443591287
5.3990962887555325
5.4707190642092
5.302047004828902
5.7513376971064885
6.330751912575737
6.0835744872987005
5.987755813036011
5.96321876696708
6.134765357746155
6.193202089841209
6.065786686924885
5.841927698338315
5.7963746869703545
6.000879945246325
6.225411554626687
6.343022319682431
6.351788588145876
6.361684341932687
6.3144983875452345
6.41498540199706
6.108163819443891
5.634370360787806
5.794589547342505
5.831512792588117
5.710952663077189
4.963538065847314
5.191541863246904
5.221970934247014
4.563981119835149
4.3106495800861735
4.460537702761405
4.420108741405141
4.105094365808314
4.01104440825887
4.160349908747404
3.9022800685172845
3.7219036293235503
3.5462771960060513
3.6058241298264018
3.6066625178188594
3.7454668691125197
3.5468934923627518
3.5441241531054835
3.549908271499316
3.918897200720607
3.8059503060000317
3.715181023990646
3.5086982044936494
3.7322339183233533
3.4863215726726655
3.316024709352398
3.220702513188866
3.159156392888247
3.1201719112670663
3.092359111000293
3.229801926889397
3.2581452802928523
2.9429558520990278
2.902019107716485
2.8890654988528413
2.8500338930533275
2.937964812858618
2.8213211859772156
2.6145301196138377
2.5738371466414987
2.67484207627315
2.6443758229935854
2.5882748701003373
2.590474502089297
2.599851124302118
2.6801830805320863
2.4845297585902615
2.4784405852105564
2.423000405065061
2.4677526809605097
2.398442451515953
2.300328267608765
2.2801818747185076
2.2699324211205107
2.274750960622154
2.2386981936029695
2.1576998316074323
2.236165851786218
2.448784708390494
2.595493103065372
3.0057885090942005
3.3091897903412515
3.3022512344906074
3.6615637907677394
3.4618495224431363
3.7394168499525966
3.780248104821558
3.882996967379141
4.209166507742385
4.7909275873186825
5.303052877198085
4.968592792763132
5.033090235081386
5.18712111871424
5.070950889675564
4.809830168030048
5.073199523716799
5.370839762422797
5.367325731174398
5.543319944557284
5.312145215442369
5.3554809466340325
5.587834260333155
5.925387317785275
5.395849494517892
5.66972984319867
5.7658519053491
5.986224186228342
6.073295542401123
5.771572068859789
5.816795056303095
5.783590971579669
5.485491193013372
5.513380466110196
5.7572580424121504
5.5891544942033
5.522462272549482
5.558968807441165
5.472962624842164
5.530705235438686
5.278148881141392
5.045136656124682
5.0853282310790755
5.115291247103123
4.67525132705292
4.627124498259599
4.663005796013506
4.495284881357416
4.379452278110671
4.546781001248575
4.535280790280646
4.454583738829655
4.056905541838359
3.7286192685260757
3.799303428275098
4.05721731640486
3.9329154163528393
4.204256320243591
3.8576730008997338
3.968435022097369
4.074630381244062
3.827314498596331
3.7221579471943076
3.75328065942577
3.725367289936138
3.718533232632198
3.6969040277709992
3.625496385458159
3.6608479703446557
3.497654719714101
3.4520208781883377
3.3883632008579325
3.3321030995327714
3.3111475031083266
3.232030730350887
3.1614361564320723
3.0244361589650124
2.956526314672862
2.98448958762557
2.890596165358757
2.6975859932692674
2.6263696391987468
2.63798709209556
2.7710628248251243
2.7134728156998085
2.6796261051438983
2.5845282803636698
2.6471181703352977
2.641347556585308
2.6458419149027192
2.574875114566179
2.554996549174744
2.5810429300225666
2.624446054920919
2.6402819263762183
2.606691253992183
2.7965881794489214
3.273404791726579
3.8044678927080127
3.778895594212933
4.156094444087906
4.348645464242246
4.584407701251323
5.174092928272541
5.467495554066096
5.601805137248938
5.818844670781749
5.689219846362403
5.60448261749549
5.91235973575356
5.975686762343242
6.044357140810636
5.935793898235748
5.852991991888115
5.650896838304092
5.78256841556047
5.948383850854228
5.688695047451958
5.912628208469198
5.845595953065207
5.836834971071177
5.988834218240103
5.847887846386718
5.997588081576259
6.046517885811651
5.933201236356545
6.172890653917403
6.1678914491555625
6.169862755925126
5.646171457570926
5.548802152267047
5.443900571737459
5.62295051850255
5.772674770709575
5.354478927726326
5.5044541445079185
5.168484631795241
4.9641331656751575
4.840598586608411
4.715234244810194
4.884470393666873
4.977404516013272
4.742157502116265
4.413660396041555
4.474073961665197
4.075188546988941
4.2916742644425865
4.17400180130473
4.325233275450059
4.097503755037497
3.994802176569915
3.8118971270173283
4.038135008006782
4.354867595980018
3.7866360213277073
3.9404314866855303
4.161059788723964
3.91260269769611
3.826010793365625
3.593356832218904
3.5917091801480012
3.7191786995636082
3.5092244111507984
3.433906208800761
3.2619681303847323
3.278591949175404
3.2028869985468007
3.0955642393948115
2.996808207234038
2.9823174476302845
2.997975981460803
2.9222479074288596
2.8463147540610674
2.733846128550676
2.778034011185745
2.6947019731233186
2.753037712134936
2.637951638153669
2.6483060246169896
2.659932221138131
2.582746444152982
2.5898786798493743
2.5876403329608078
2.4922513469556087
2.5205472788106733
2.455462334557217
2.448852178270722
2.453977106887164
2.395482202895717
2.383056667490905
2.4013025145032176
2.525948011013581
2.6105001296004384
3.0844552797746747
4.6630685247320365
4.4057835134412295
3.9499079786622104
3.552054771704406
3.5909367950792164
3.626630629462339
4.26274079521983
3.808039604827617
4.053908671091115
3.6347478110388156
4.243304803854052
4.207891145208369
4.201201761597691
4.110939691438436
4.409214017603619
4.0526408529083735
3.9144219601737293
3.6721135612607556
3.6875219643915784
3.9513539532168784
4.09639896295976
4.323933783788566
3.818482737973751
3.735130295643379
3.7768364468177533
3.844989201940355
3.52649739938732
3.538583521786926
3.540084848650335
3.6140357023566625
3.508176642136682
3.4384038041993246
3.456904420967685
3.5957352605554647
3.69809301370908
3.530702669722269
3.6239101521242216
3.6151326702825095
3.618505966164632
3.4970491466751765
3.5480743818025022
3.4392618268070074
3.438230634522772
3.472047700020969
3.5633849217445293
3.5857616714256073
3.620101346773707
3.6388228045144473
3.5819661581220683
3.6401548571347027
3.660461409506703
3.5547842407664296
3.5668258900223355
3.617598975354086
3.5234731595718145
3.524670555240065
3.6813199695946177
3.7656211020160777
3.6672468601294037
3.577472447216027
3.5876408490832765
3.5995247081297213
3.5228419908499804
3.559705474497993
3.4249588682288326
3.3443821509742735
3.3467894612199363
3.2911272775036386
3.1781553898744286
3.2124264536581926
3.131204471065822
3.0775380028894603
3.0318781056617836
2.9900330486003828
2.9721213623041773
2.8475650500138436
2.7767866191649353
2.6405440896627064
2.6594792535223117
2.699636479502907
2.6612810069497037
2.6510897798714823
2.7007212794937225
2.7182144635346526
2.6254738441434955
2.6193325645310725
2.5553349709863595
2.5426851067569824
2.52111623023863
2.453623850731739
2.478562974808925
2.4880143350026636
2.485771900489735
2.5084518675079273
2.62835810524453
2.6632694721913412
2.647129594138799
2.647570178181093
2.7224042915270315
2.8130983200393636
2.8446781894194006
2.9181265771083793
3.0739816651754426
3.127337332087466
3.1831015495342054
3.2142483274933698
3.4168977011670436
3.5109714731819146
3.5698855583252556
3.5525909317400335
3.544852255838739
3.57415566345192
3.6230649231281338
3.6695127239129177
3.6442385973873592
3.5952099914173146
3.6495193537516726
3.778019502135979
3.7731832117266433
3.8019884185719373
3.7422596743767333
3.7379429693252506
3.795490025841853
3.752964192007701
3.7347496569512284
3.742914371817743
3.7048791299950494
3.802453174689142
3.9207304332027824
3.896000093494552
3.724340137698338
3.7368349048060407
3.7088228523752176
3.5938934098884534
3.8764374902821315
3.80109400706194
3.818327900789245
3.6162389887661117
3.897450555662739
3.814899191511393
3.780693092186025
3.696008713084728
3.864867935059508
3.8702620175053912
3.7745045916370468
3.716444451034173
3.7474018984343087
3.720918205256555
3.7537047009531688
3.8496503054977143
3.936166889495068
3.8603517856838154
3.9280113875347182
4.161344182166758
3.971581321702557
3.829586785539212
3.8726182625190146
3.853473472828929
3.9470850631295553
3.8422228921309385
3.699980317610783
3.622617547929731
3.5792921159741162
3.3853017868562976
3.224855085857158
3.171731503333699
3.111610364382355
3.013619325895721
2.8995743605941753
2.881729907169168
2.7648207442605535
2.7132224192229053
2.6919355747496576
2.69479911140783
2.685914426549963
2.6271785495773647
2.670446692174099
2.7397951319499185
2.6859368138204736
2.502011127375858
2.4598981019094057
2.3678336179203145
2.4069951307639803
2.4062339993350896
2.411975929528035
2.4659921588063365
2.3766421704754324
2.3706093023161103
2.3662222083996385
2.3518803317299404
2.3261503001078614
2.291997872846039
2.410608383433908
2.58422999680805
2.6187909565433833
2.682470243558271
2.7621697421682794
2.794601618170282
2.9325971161852427
3.054818891605588
3.173131036984842
3.2296831821710703
3.1626021294427424
3.1694589204505377
3.4538357586591832
3.2880143496338023
3.1713918628221607
3.143427371690179
3.285483311774027
3.363162301224083
3.295433023759592
3.3168185251837587
3.2096550071536387
3.3068213932593866
3.5452552202950973
3.6065034244429683
3.552988103086943
3.609668978745528
3.5447984193887874
3.5721189263923394
3.5868819463595543
3.6454710168368725
4.137483180030149
3.895794299347339
3.6129503040695763
3.766450262757654
3.714988329841969
4.034245600373236
3.896563368861024
3.8150129625181535
3.938569994965169
3.8940315101984306
3.688936293093427
3.7078074838906203
3.692212093323193
3.554453640188825
3.601581939286406
3.7080400638994604
3.7045095450364585
3.6888280268159677
3.574000458593445
3.556618589384254
3.4825899330799146
3.4772644950171316
3.3122165775042474
3.412932914957523
3.5103224631603953
3.354087378028811
3.57588917410755
3.545176760920242
3.448953920613151
3.320338113658721
3.2286787841791074
3.1790742279269915
3.2785874396021497
3.3889651833942787
3.2347306486481227
3.1153278995014055
3.557509944803858
3.062234602569404
2.992017911008514
3.0504565996730575
2.971370781462749
2.891874194217838
2.79853797476499
2.7957383791338923
2.6828553822688423
2.6474830178735003
2.604605883307252
2.564118906733977
2.5142671468051176
2.5354109575285118
2.5702821635270894
2.5683333747586055
2.561713082878491
2.5355767864415637
2.453918141148767
2.487232371032178
2.428841785321407
2.2886499613611146
2.3471180813140142
2.331623865975228
2.288982906614219
2.3443958771147333
2.312175217302798
2.288775704664989
2.2907821656719283
2.2834621837448283
2.2938350288194247
2.269336977833795
2.396148450780749
2.4293908781602136
2.4385597548537867
2.4898626692101145
2.5751249913078897
2.549616378236783
2.675347619960891
2.7020554434696202
2.7482611035184075
2.8308249289881795
2.90540237267462
2.926476814762774
2.994733859084455
2.93525992402025
2.9470383955380988
3.0005586883442144
2.980995418194019
2.9042479539724235
2.9993461716287007
3.0175859615447433
3.0017329822914984
2.971793521318655
3.027764113686788
3.1226022852110784
3.257028284210346
3.4239467150504157
3.241017199091512
3.26280844331467
3.3011083550010127
3.186516243035877
3.140244246460507
3.3300813262507125
3.1517440626224493
3.0738695563627076
3.0930755318285534
2.9389954474628603
3.370384346956115
3.3174322803936267
3.1948222541448277
3.015643118843388
2.9740385072876006
3.116912477150528
3.0504776134765303
3.0269643888418467
3.0141137435235152
3.0969413434369133
2.9461306484719243
3.072773400868725
3.117032778685339
3.059500699610723
3.1353667315060374
3.0968506762902597
3.0032873255859327
3.034219328290145
3.208307188805092
3.2646628803426196
2.983560712090712
2.9349398909213185
2.967533093539575
3.04681548998986
2.9278697838103875
3.0315821902218127
2.9715250225132688
2.898256210412609
2.8056028849849097
2.7427772396909322
2.6765928908125556
2.600306968308214
2.579616760541255
2.534340764659648
2.511765358658878
2.5039360883260224
2.4042882898513946
2.401997279496728
2.418409371270548
2.3162403541742265
2.3336427133790814
2.346316616885069
2.3193473578709063
2.2341878132305917
2.066864471732665
2.0140385409530714
2.005727189253349
2.0700273149062927
2.015339916671162
1.9784188772224234
1.992888073550063
2.0386025362592775
2.093507102548323
2.27745793075502
2.560322346258549
3.343787433099099
3.3680280540442573
3.531377636741741
3.859311267756072
4.0558558384513015
3.9127368778971645
4.137256561316724
4.063550079904433
4.328163747407651
4.503266516439802
4.881023458477459
4.902871984873639
5.462074560492101
5.348301384752921
5.34452204683376
5.341441447238661
6.057566660771402
5.898387975704863
5.639489057769348
5.721589733411927
6.110772528657039
6.043451221124325
5.844029351529318
4.947042601197612
5.345165822679437
5.587071565082
5.122911842310809
5.135149802714538
5.5145419661803965
5.500939743026051
5.757416785841125
5.541611617541012
5.808540703093971
5.773291793585028
5.653438281129333
5.436536464641098
5.114886618487282
5.141331724649503
4.966344440146348
5.118539557217896
4.624273356019197
4.683686991042798
5.098851374047787
5.340395220602805
4.983717753449652
5.193723767325456
4.857925076147202
4.500343405970759
3.889703549938791
3.8952482450960146
4.602218783158712
3.9197809212439068
3.4647761955802774
3.4980727212435925
3.4022458694847586
3.495396851381523
3.7880348329317033
3.7932643303854077
3.895987932846892
3.4678462317601406
3.524868825188404
3.5687224423117065
4.127409066917144
3.8134683113282914
3.5390270135966615
3.7570624718950083
3.268395946804809
3.4320664106307084
3.258139038118723
3.0133683409443837
2.9030118391963433
2.8364117605539234
2.730657648696724
2.7524666145589167
2.7218590862375276
2.600890366199228
2.5872093696412914
2.586374999214207
2.573908752031099
2.5857581778757837
2.5212871420393026
2.434484916584428
2.364432098119763
2.3636781033734544
2.405818282660109
2.3658436977032737
2.3840878245407806
2.3646711404150658
2.340728765910064
2.2433533406569732
2.296502960076378
2.256194736606092
2.2635268756377513
2.3100704210685907
2.490041910081383
2.690652724023313
2.2014803939169276
2.23196648717608
2.348201984924711
2.3562240763108306
3.8058804016135315
3.923892827503122
4.21958574904347
4.260302144710553
5.2764845884231
4.921145013341504
4.845578599599398
4.813130297960995
4.7623433155313375
6.128847220904744
6.2951784972649625
6.184600075011508
5.527134693399023
4.863224676642323
4.9031066830338945
3.6265562538462515
4.848176608651355
4.391593048958549
3.7932341533786222
5.292044790458856
5.204352113605723
5.3871947006453285
5.802931161333555
5.930200708435595
5.85172890542263
5.592637740773939
5.540921485448701
6.173502282917668
6.022656550105205
5.881768621074986
5.965332099410321
5.399940873759656
5.535196186963857
6.107028218830081
5.42852099323061
5.3879249962636
5.255014641538235
5.0365347330977945
5.144557102123365
4.948782032283954
4.775086039521563
4.4745924577276055
4.884950934428556
4.4887179765391885
4.3470855262612424
4.2594188901388295
4.003803283397096
4.232599637575729
4.240546965600044
4.483296925734876
4.336921109504088
4.107533122113329
4.436588196226769
4.694037076540501
4.578691349572827
4.356293797601567
4.754241793095591
4.59253441283332
4.71626098455157
4.586889498727716
4.100774046009263
3.7826853454257456
3.9031550785844398
4.033292206593613
4.36820433369477
3.881579916635081
3.6923498102907892
3.4685791229665863
3.3165459623331697
3.399709280864293
2.9984848277697083
3.2711396700082602
2.9358881555543
2.9097154752771925
2.8534339961491026
2.82518287449266
2.766582140033981
2.695628594116523
2.6203843638267164
2.537321057085701
2.5132779621118937
2.5531044939642054
2.534562539072276
2.463882564343543
2.5027944351967424
2.432708321278654
2.4078815982072483
2.5401310183418313
2.432548819276609
2.4639174565402437
2.5016037849032893
3.1666543920075383
3.4627191870254106
3.6117270550166016
3.94954502284375
5.039062566692119
5.085414649630881
4.457353921828687
4.812105781331955
4.816568237678156
5.570222281375362
5.6062576365337256
5.879645823699144
5.738789447513059
6.406441745551088
5.944022319347917
5.608768219421187
5.225117001987044
5.320668730969071
4.982433823421235
5.5019665651385115
5.178775368818122
5.571236659241788
5.351800509288405
5.544834805681794
5.901459214284161
6.505348723233516
6.467155711729584
6.197038004440981
6.146319265475374
5.881392851123031
5.445023688458854
5.469101819045325
5.643354611744091
5.752715760771135
7.122556241205298
7.176761849178553
6.571954787098814
6.1212863962105475
6.092003993502269
5.733417821802121
5.257026614346878
5.077308623432729
5.412741212009555
5.6733673384663135
5.451364313632189
5.316595368879849
4.048526532295705
6.0004737989971755
4.727335508439975
4.828902012711204
4.889755050956664
4.614475400246538
4.546585553335111
3.860198654154651
4.059580047163887
4.1694679536073815
4.004042077659815
3.859649854618975
3.9279538679103805
4.044673620764602
4.171153869977901
3.8846193327632816
4.167601553840748
3.7929224319096426
3.785923978655158
3.833124483462776
3.7256056079983795
3.5960758315581725
3.5000974371167644
3.471660040355824
3.38474306312887
3.3693163680786835
3.1758206799643443
3.0603136895019443
3.010804769442628
2.9993586488752197
2.911572564741759
2.794943191157174
2.828464689867856
2.7666569220420016
2.7356431277955497
2.682303125084436
2.62096422682939
2.5307844291650214
2.5020602440033355
2.513831647469658
2.465759579353531
2.4661901220997886
2.428744639518717
2.429565613591014
2.4558752456869963
2.4102402910018323
2.41284800574055
2.3909676078311293
2.45044980559177
2.4146533335543348
2.81917343441067
3.398680842811766
3.6590719045519946
3.703019098741215
3.561435509065437
4.322367055297662
4.891414267114096
4.777259723351209
4.962959675269581
5.048325917414526
5.225048088414644
5.452204007340347
5.521844332982077
5.2550265957148286
5.2683449544262695
5.547466199795404
5.628301427101684
5.218503969559149
5.506546929826579
5.426422115637442
5.6762892085434
4.812092234740526
5.394031149805412
5.2985220425625315
5.580029849339428
5.387427126602302
5.486915251323261
5.671377793856466
6.431863359693673
6.033679463397459
5.977209823761628
5.72129958540004
5.934821105026417
6.071169699577339
5.758718383056649
6.110796353306449
5.827799823253676
5.981024255759431
5.907120750526064
5.745990984218832
5.33756528843265
5.41839921338924
5.6413524786190745
5.698805358068651
5.503501524021178
5.419143277930455
5.618024151746163
5.444089405224112
3.857484098999167
4.286681297543238
4.220694294455481
4.306040262206426
4.140638479554309
3.6537217837417306
3.767294707917326
3.7709160372351596
3.883006692913118
3.8902494707528836
3.795836062363042
3.9196039677696173
3.573479774075963
3.554561354396668
3.654014734422181
3.6132882419074965
3.669176831959327
3.6175426913539224
3.531063585214295
3.6318632692889943
3.589453058569153
3.363748237517498
3.31648288935666
3.2405926206242555
3.179474713874355
3.083267623112993
3.1677001508432046
2.9907182118259836
2.919727850027952
2.7953879819375804
2.8322086975680403
2.7583523229296425
2.723429865946562
2.5809683804986507
2.559688766174398
2.505415318500424
2.4806025473489286
2.5129333755623846
2.512711678676893
2.4902733881440815
2.456168851735703
2.396076209686835
2.4673565806952054
2.385709552151586
2.281908202344182
2.299270583656355
2.26914984469556
2.2708388791823633
2.415004197130662
3.0096967680907714
3.308847114191551
3.38297351373159
3.7749412772845417
3.8653977514540405
3.8464493602099705
4.554259005372627
4.433777129497736
4.272898786729261
4.5654403755957045
4.447824500173897
4.418779385678268
4.9477167662325785
5.260695537731521
5.596142104591129
5.473650488676651
4.5499944809891595
9.813812461417422
4.904295680069926
4.511855388607369
4.259554670048646
4.401799883501702
3.6997914808593246
3.6170105026560764
3.7576999282323165
3.7105096687079375
3.769714654226734
3.7536858849620987
4.139026450135542
3.73465676995365
3.589448069249254
3.6210340145531728
3.751935343475626
3.6989388887705754
3.5658987726261335
3.746059829337905
3.608286788536692
3.627682595964289
3.556119212621568
3.4786304256022182
3.366594676605656
3.130284675327001
3.1184537996660735
3.0059430758578314
2.9253414656686467
2.9032706848642778
2.858244861709414
2.8506412340545237
2.7518826971822117
2.668528524257676
2.7793165050173996
2.6609853728934314
2.650319720987526
2.4627750232185472
2.3710156417519643
2.3799365115859836
2.3946299105403415
2.416155279613247
2.3827829005897945
2.349889157634977
2.281832493181076
2.0549538051480396
2.2371373406776716
2.251011537406089
2.2047408673075912
2.152626436428696
2.1895960521914994
2.341890138349754
2.2486661649064446
2.50215498168376
2.518785795120358
2.6317975694280404
3.16080196109838
2.752670904210715
2.5076827988139745
2.56183260728199
2.6677754997993146
2.9369460191700494
3.3342881918566776
3.006877144435837
3.325472264401332
3.453167897431984
3.7149597304243915
3.5518867839475976
3.5390726109107096
3.444025279838965
3.6566179934635574
3.5259676221082628
3.5204577027269255
3.416880246576144
3.7242373647538747
2.8712142087525576
4.872907651346643
3.889341138692259
3.8467977076595226
3.6860437188141093
3.6216572457740894
3.868808082969752
3.7090647381666964
3.800578915217579
3.8243525961058107
3.8515398683342488
3.7075445575920094
3.7600719213741796
3.3429086989329697
3.51321452725644
3.6681168140850837
3.8430708403825826
3.373420201750653
3.8691557964564973
3.4221856010281186
3.335807481325699
3.25525262979086
3.168784034290615
3.206897594928512
3.2038274853803532
3.143874901264659
3.0820845883168184
3.010044534449059
3.0860437281194346
3.0665321425408876
3.1274018742021252
3.2933315315308778
3.0896454188984537
3.1692195669982666
3.1470899278720257
3.1071116660205336
3.050679608534167
3.210567815544212
3.1547259734128614
2.9511367025481183
3.1101123042650984
2.9887239748572734
3.0143248894004953
3.0080912355737617
2.9820126600901085
2.9055387943701745
2.84085723940194
2.895706811943921
2.8863197769347604
2.784689110664313
2.745894732279465
2.7638936934600586
2.765060683045932
2.6864475385582955
2.5553840822424743
2.588576539894482
2.5898647382341826
2.5535215747669606
2.4731378101637476
2.4025517620584735
2.4078606844060677
2.3599312339899075
2.3590269148875835
2.2806383946899262
2.3394644053802014
2.3358105921649046
2.3281821184317297
2.2735542828266038
2.2806658286482424
2.267861801329236
2.326101350476606
2.3129439900377173
2.167826495256159
2.168324332029048
2.201051642007896
2.19527669675537
2.2199231939799087
2.235307423827493
2.2243563430930395
2.2561560297665357
2.270367103940903
2.3318885810992933
2.3720383647937853
2.4240118242830406
2.470764376002051
2.4622032913609515
2.4660747996380996
2.534479600083655
2.5375803628170566
2.464180753508232
2.6022721487911498
2.8534776267104323
2.9634162619979905
2.8774699697818247
2.8877151842367366
2.882856772975388
3.0435775493107644
3.106170797239987
3.0064191104899782
3.2376279527382468
3.4872129493478057
3.57563341522507
3.722631389742515
3.6718964639757843
3.178107282912157
2.9692307319046054
2.7826347199218633
2.842587477276714
2.8623147049572433
2.909386375872671
2.9110738092245825
3.019903995311926
3.0532266975433897
3.110671435360141
2.9966933955010777
3.017531219912337
3.033250622482945
3.343926835102117
3.2937440530014626
3.0583808636333742
3.083141618800833
3.0551636986453703
3.0899626697179565
3.1340500507744995
3.0896669139236104
3.1124329512686497
3.0275130117282476
3.1921708235955286
3.4821292009723512
3.210707408473131
3.282878442387579
3.2326762539164973
3.3547794918067235
3.4347937215690103
3.4700982602164228
3.6268596482361235
3.3205123810713886
3.106816052561167
3.2198890123682804
2.985266085006746
3.092362352217356
3.210092582149825
3.5080928213491696
3.005729422326717
2.6129706422638996
2.6292496668526737
2.579585436749495
2.5882208897343157
2.5648112239908705
2.5351376459698574
2.421543718441744
2.4354873037250444
2.5080170999591407
2.431539982675099
2.383909680573751
2.3335638392296736
2.2351924292282206
2.2450736145385393
2.2245471415311924
2.19428061685582
2.254309571828811
2.2334965212797915
2.1747095742801292
2.176916428126855
2.1569093087093285
2.127424888949307
2.1232702956530782
2.10128730204218
2.526842014172069
2.789217267848085
2.83036517987666
2.829089741405827
3.0650859439295512
3.0941762782863256
3.3405804192487443
3.9267743337496914
3.986824271942383
5.188727214499207
4.810634287857627
4.808895559019889
4.75712806087314
4.559809545741533
5.269787635288386
5.250533562955469
4.8820136104286425
5.528263461894185
5.700262946476434
5.726570915345445
6.335996632497718
6.03698926393879
5.828651860855494
5.607975178816179
5.475675396839257
5.355743185995566
5.114555903431424
5.343447288808626
5.631035424682594
6.166373939127855
6.012154907558755
5.823515498268276
5.729529420078081
5.487220884093129
5.926003917812872
5.827997335685527
5.785283368027986
5.364090482448295
5.483859823904285
5.375636215387832
5.392708435130268
5.544234570016331
5.218907244027342
4.738439639014561
5.100749890273096
4.886859920791301
4.293771422496474
3.997511966586261
3.8466344063854234
3.8126029831020585
4.149448633090071
3.9050743670580284
3.787950018921924
3.6467538590778594
3.2391663462279414
3.870530212726917
3.77008313217135
3.790410188583619
3.5219947678515147
3.541597800783906
3.493370739820603
3.7233557716224217
3.6919649770445693
3.5704200529882457
3.4477483515626997
3.2823982643770777
3.1202476609685945
3.1184641124887147
2.8687368307797527
2.793332506794544
2.787960020318277
2.7532050245261668
2.796399704723786
2.8008838451726144
3.3095676094775404
2.8922732564393114
2.594946877873064
2.4844984829757646
2.453716964191309
2.461718854533854
2.3992845135586673
2.3437816351073377
2.358079969093908
2.2669057839071916
2.267278010257499
2.26773506323089
2.2516615002019575
2.226529205110463
2.2599858233789676
2.2835449806111274
2.1878556949454304
2.113157545157742
2.0571828591396653
2.0635518891819316
2.021195742651062
2.047812364564611
2.0710501771191097
2.0953057676267597
2.4609151533913374
2.884437015018949
3.236783322190461
3.3284328954772437
3.9864705162952485
4.324167826574741
4.317721624936671
4.565097135343987
4.6144244884573276
4.34530432432518
4.791334492031371
5.197904945982873
5.084405057156222
4.98184387339579
5.18495864778121
5.00999738868233
5.020011990998577
4.711460711228802
5.08468178103275
5.487960122189883
5.414300785372176
5.077852097389044
5.009507157320211
5.296108342984117
5.6145883332087285
5.284153515932342
5.4039062904606645
5.466633847609242
5.425750362403951
5.303738006553809
5.346078444432993
5.822373566044578
5.294364464389179
4.776263843559529
5.227451404555851
5.255475739572949
5.472701556386448
5.657118874257195
5.224963817944089
4.818805973793518
4.532835276772642
4.403620184958144
4.5165964364507545
4.612820340329042
4.629851597400414
4.580346043375775
4.402496057216502
4.252397567489002
3.9280806424858596
4.202912266945895
4.430114501329768
4.1910679961625705
3.8160729792759276
3.7322985759083047
3.785736217624958
3.5489479529355012
3.5028894849453858
3.4317670593827243
3.5039358923245754
3.5436954160106926
3.0800146183209263
3.332145983529512
3.263868753831503
3.3032104465134022
3.3146685087888628
3.193889176688471
3.1693568377246426
3.161069150460541
3.0891029323036747
2.9433446968535715
2.8660521751742594
2.8313013233216586
2.7711785184458972
2.709084884979003
2.6743585209860132
2.674070539203638
2.5874710258836746
2.514314279459831
2.4202994361401156
2.4308305354616793
2.458368616433039
2.453917877247958
2.424868206368287
2.3398495346399493
2.3801725020975795
2.30963738623383
2.266085067211385
2.229924056153879
2.1803458371614592
2.169394281759099
2.1755017271035935
2.2068940230198684
2.1996818480553477
2.1983277063823756
2.213171634595208
2.177270914888091
2.1672151898230374
2.3251671967696734
2.5430834197842334
2.9654529516523063
3.22839155289001
3.8251690813275427
3.966604149256854
4.167115719956629
4.532502735037244
4.687296963801268
4.345109531749032
4.522113544059259
4.6296292293035375
4.839444175550048
4.869591065585666
4.74149330487963
4.908193811617209
4.548329982473164
4.7163095151296694
4.908576168700307
4.999461800891906
4.803663520097913
4.845211971336987
5.055560107180963
5.178958141857517
4.994376192322614
5.038913959892126
5.436144386869985
5.459641115545232
5.14595671139592
5.725620742612953
5.811163534159132
5.217200770593968
4.937518369235016
5.291580560503984
4.781179361261041
4.824960888878668
4.872265794995492
4.9886820390147175
4.821519802440701
5.0482626257163545
5.510093678245345
5.22539597701237
5.1258155569462
5.084811020646982
3.928485058227587
3.7719699718440984
3.8439038312059632
3.7155456176650117
3.5331813978075113
3.4692509299924876
3.5942565474296626
3.4786247814568756
3.4529421298972443
3.4266259066794595
3.4837020281046676
3.439958174129329
3.4889991208637428
3.5006520349658183
3.7253764251737396
3.5830845290513147
3.582715914498857
3.383944057689319
3.296030982299643
3.401130529755541
3.3145550932858843
3.2837749591468453
3.2599917588436558
3.1230538893367865
3.0230641636148783
3.0815051023302122
2.8417453310732137
2.8022560938927334
2.7136897846486443
2.650925825639289
2.6572979003507426
2.898579206298318
2.6817606467560657
2.5741505319555946
2.5619720972511293
2.5765907229718956
2.4966847794862725
2.590215136715587
2.4858001752289
2.4314428076718926
2.3735892872981834
2.3561588912262645
2.2948296995372788
2.2835621801401484
2.2458290046621663
2.215365521710726
2.2477215327150515
2.179784270638865
2.1257423388993333
2.1360897550502704
2.477224592074363
2.7556936938194667
2.92121441261184
3.469335099946743
3.0911416660561564
3.4240190057748126
3.762031281967535
4.606674377306022
4.5299995903503225
4.412400080936347
4.703281803130075
4.970746879253074
5.017855493080673
4.909163303786199
5.21204255107247
5.024112136753637
5.115925635248302
5.1705747278600205
5.11656085290561
5.146472110330702
5.2039818721859294
5.321198802018706
5.8756092608961525
6.2133831533877535
5.555237022868652
5.687118183033167
5.651244916530151
5.630377692424592
5.571036850050456
6.162385553936304
5.908947382015091
5.760581513382818
5.987782319324074
5.695262488007244
5.903610638864849
5.518972007453674
5.064755276715741
5.798460591425707
6.212124554426186
4.596357014642088
4.608808647176851
4.55117759837918
4.6583029280494035
4.857856908739981
4.693291366299405
4.647126474299273
4.2237151260060966
4.039544992362356
3.5916978166615094
4.040180862853777
3.8624432133583158
3.731499112872789
3.671228754549607
3.5691330173775313
3.3810951523308086
3.366228798453244
3.157727596826264
3.201588481768912
3.161496352838831
3.18080965610923
3.431571621905371
3.2907470317481198
3.078050252187011
3.0576009501627097
3.1890394484737183
3.055520582899862
3.044858416589163
2.886288994145704
2.9118197146674722
2.8152191091145915
2.8216783207224134
2.782148403256713
2.666830702817431
2.533448991475376
2.5927788617349017
2.6325857483326476
2.5298145509653205
2.4210539290784494
2.4843474243528454
2.4888523853218802
2.4545985911989714
2.425448003919842
2.3489595059105968
2.3197037623834595
2.2853439945108103
2.3034772638380434
2.3083028330305964
2.306570911004773
2.265438398997255
2.285790848691747
2.236139653477433
2.1814395571551417
2.149534620165495
2.1454502841059497
2.145918248724241
2.3346274606828232
2.6505308457443055
2.8875762088953443
2.5736670868044986
3.0972704795251675
3.3872699561258353
3.469712458682088
3.6968124280950954
3.944873035138267
4.401452198944403
4.322485620092893
4.265281580494818
4.204447579631087
4.516458497209713
4.229153100871515
4.374797246357263
4.558615295593239
4.963726014580293
4.469865743059723
4.728819706168895
4.976118264619576
4.50408968547274
4.839039650605298
4.611682209194751
5.187629847776398
4.441675464425421
5.0762408417555855
5.3364336808654
5.3566881319267035
5.200952164175911
4.945737852376631
4.8258036672551885
4.545829796934786
4.541884800295066
4.7465441676406925
4.809192579930729
5.1967077248443445
5.157859887267164
5.0081339598922705
4.767388312692122
5.1932641935168355
4.798280304274913
4.580569958900244
4.056959014149722
4.463838109937187
4.031768230752596
3.7309151975512083
3.9319734258650865
3.837565822995349
3.826454357707216
3.5968806685375347
3.368495199880198
3.351753448308209
3.546962895923546
3.351498383718543
3.450815255711409
3.5653772759311964
3.4714065426867284
3.4018316677439095
3.39190866179676
3.4534274493947215
3.5595324021887516
3.1853797153985424
3.170742679211896
3.123925240301224
3.007263147230818
2.922085568383446
2.7996983606394963
2.7763677299278506
2.7803326761082294
2.725138161745005
2.623443655983463
2.662573255931963
2.644731307389036
2.6054003093807854
2.585594891195712
2.557150721519316
2.453639330761141
2.422116118262119
2.450161586793267
2.4161910759183405
2.4105808829527984
2.3843066924807195
2.395640134389623
2.4509005464420697
2.3790571405321006
2.3713303309697342
2.415584270121727
2.336720860526932
2.3190484880560516
2.2593812285372037
2.3957513922264333
2.2813770621348954
2.2758254201132853
2.2265943048665577
2.211997597630632
2.2733858080572316
2.31973378876273
2.291330990188043
2.2519686438918214
2.326572489889379
2.317169594411906
2.3642027413549473
2.4550532484007563
2.462503293053122
2.949212614341499
3.473698668260271
2.866139380372783
2.7916709921926093
2.5646884228669258
3.1033133557253456
3.3815114810129083
2.9610935552265993
2.893814808890505
2.8706275430904267
2.8935741970282822
3.0820417510292533
3.3851687650143885
3.020481351181026
2.945630280995435
3.045173343457604
3.2032849761912177
2.8443359230664123
3.1847996558754845
3.1117674734522964
3.286581381929188
3.2362067821399454
3.3850229023662872
3.471824577552383
3.8106223499040404
3.5650647251513155
3.43020021387216
3.527628085580218
3.4082842469737704
3.721050106649133
3.4029063418031447
3.59971967019638
3.408667102763336
3.0967091805995524
3.2884627783482894
3.495968095298112
0.8379783435546116
2.169953913086133
71093.6065023244
4.412056424036242
5.795493510543215
2.9754031627674156
2.775950286514644
2.922384243940842
3.4384737418481786
3.362548000517755
2.6583744700233636
3.024428854506753
3.142846851557456
2.9347841553289684
2.9866144759743967
2.662756112438276
3.026954710782682
2.6293387053624016
2.6882675358371593
2.547139686403443
2.5662598883726866
2.5183055669754117
2.4719896377627153
2.4147403959213687
2.79546289304729
2.651158767900971
2.5680813327038834
2.51485643539271
2.3929266182355318
2.3788040113472277
2.3335215685149313
2.3688792310346116
2.303883065887878
2.2340747773141203
2.179206044903415
2.225520106011092
2.242791543241936
2.187004575011785
2.1659504985067386
2.212505890889954
2.235342676987348
2.1071524945248683
2.159407172140471
2.1563871820135962
2.103751436972689
2.1151555612481374
2.0329470802480993
2.0307398536853496
2.0530750262871913
2.026911141414524
2.0363752176385796
2.050585287146695
2.018290461640302
2.0107332395217634
1.9673837901440767
1.9719906778935838
2.007663441253472
2.0027129088322755
2.0249417334936166
2.0455692519695177
2.155768286011314
2.134812658296653
2.134811056754533
2.1470097829974204
2.2028442225047073
2.3386669612860325
2.6425782817202377
2.3905339584981014
2.690782200957655
2.5543540261560818
2.7788567943866362
2.534126911404541
2.5361676571682907
2.608414448871455
2.6126201846164125
2.614731334445972
2.7290232417508937
2.63875457489106
2.9644502215446846
2.7524395416242387
2.710434035643244
3.0896645354796197
3.21791164891942
2.901687720779923
2.908837771976167
3.2767948062725702
2.7892941668066418
2.6135857084604366
2.6482346592256647
2.9508771428202007
3.059061291630365
2.911447265707693
2.7719441940401826
2.8614036239781733
2.652247839126409
2.9530513434135197
2.7527087181918204
2.8823338504432483
2.9401222291553633
2.7799894707618797
2.7446188946709658
3.0635703398313257
3.056959546052533
3.1422217538585295
2.873185123347601
3.319033228996936
3.2371680974677695
3.2757648726698942
2.900684991336998
2.8223384997869423
2.6158468709807665
2.5541821490420507
2.7430110135733474
3.068911278569917
2.7799797178488053
3.0580107249194652
2.966437362321627
3.105415636944978
2.5704505328882283
2.3038563613297596
2.3179053467258486
2.3115866573767714
2.2627435523443027
2.201470084378129
2.3067796518614263
2.222854480847352
2.1565934070465964
2.24086016516825
2.133654419322322
2.1275870885807784
2.250269089818137
2.2259930207074823
2.164962877267844
2.0325875752818146
2.0229765209625947
1.9977403778061384
2.0232157992802198
1.9883320711119197
1.9657964984405938
1.9084558906581044
1.8679565490015773
1.8651913904294133
1.849668211833673
1.8466942606410122
2.1401804357619816
2.034579042501482
2.4873865899662837
2.7210692641681957
3.3074971130996254
3.4184858451097337
3.71314024819607
4.278334654098909
4.136763894086881
4.338102948215698
4.774474596811566
4.836991238839817
4.867384551927765
4.779418514348281
4.848164328593359
5.230666136030506
4.910770269714343
4.8147833716859765
4.878966398088697
5.1192339459953935
5.323845738037369
5.328082000594881
5.47917258091879
5.852826736399333
5.594185817938754
5.540216447661332
5.583688913241642
5.797898584294796
5.4586897007529895
5.711697937076555
5.5086278397901545
5.930299925782347
5.696273753122088
5.3711483706777186
5.4495306401441965
5.527079257457254
5.412520893163941
5.294925044838508
5.436751837484626
5.909710567941158
5.202387923918563
5.319778312048295
5.092810043199514
4.78361542855651
4.765440569191295
4.436373352393565
4.779284331910131
4.2377911100071275
3.831206241777099
3.8170651984716737
4.094935998338018
4.1536358817739
4.315545315017785
4.064474948394312
3.9123798528983147
3.613029236992373
3.5779337399759523
3.303876887657089
3.2663966819276777
3.170352533365676
3.2495402457027702
3.367366300852411
3.2557693413261877
3.089810144664734
3.0519435513249147
2.8958196821777644
3.2086483664473664
2.603088938906398
2.745829874806724
2.739495746774646
2.724030387989573
2.6573245748850716
2.5814893711814864
2.6599829375432473
2.5497885555191404
2.511564233103264
2.176028799526335
2.1555059893452646
2.1099133239712073
1.9982105133935983
1.9978513395458273
1.97632139342583
1.9224108329878287
1.9228686297599615
1.8964354729825952
1.8831024330191113
1.8792612970699458
1.8756400257052723
1.8842186159561678
1.8206416601290467
1.8389453145787482
1.800783012832072
1.7643035340103186
1.8334849238863236
1.878478284481877
1.7860661210755113
1.8831277151258232
2.166226489556965
2.48343294702578
2.6798739639423945
2.607858711189436
2.9008529468249225
3.115817018902853
3.37922241734019
4.3641204445155894
4.290019528934074
4.419280366245031
4.288888621701467
4.649197675230502
4.6231111537473355
4.463647680149834
4.708180326834458
5.133964605056019
5.249985943790803
5.140737686478063
5.116644208234102
5.287038293286986
5.36284669054387
5.1561785990323825
5.390971334979099
5.444988402694437
5.720162801256488
5.3273744162002625
5.695567572921758
5.801160176045447
5.581053849656513
5.6255743074563895
6.090364409108418
6.043704289136252
5.881150548342097
5.725597354357373
5.452722282347735
5.432423071448407
5.537194824678482
5.751869882190954
5.751649549799182
5.396204267560772
5.3517703790502065
4.9807546013249615
5.264545259371996
4.802913344158445
4.367198410916985
4.628721846491913
5.046683614649583
4.797038474175682
4.432402375022799
4.347017249954284
4.219826275034728
3.7527280002540104
3.538102314836377
3.5484142888049917
3.6668454105799944
3.5284313625780737
3.4266494175399953
3.4099823729245093
3.3135931042311966
3.4716470069504943
3.359555420296619
3.3386790101079384
3.529981974106511
3.3326171941188782
3.1827131142177665
3.228785518557605
3.142513957621098
3.0595731241816044
3.0336502969564347
3.593440627955528
3.2256720894934627
2.923542783183979
2.8341199154724244
2.804870164992795
2.6983164156104995
2.667427760375801
2.5998617817090177
2.5497996638897367
2.5958900162244976
2.5381390966597337
2.5157786493630616
2.4363928560595216
2.3811837689694837
2.3571074048651615
2.4273667931651914
2.4396572830459005
2.3008022108676887
2.2234445228234
2.2474771081218865
2.1808386164015876
2.1698274483666995
2.144522520511522
2.101860655672822
2.0941340849437546
2.2094872966850407
2.1589862735187886
2.110308139386098
2.420676877638348
3.0287441226219385
3.4075647570989007
3.2118274124378114
3.4861648097105506
4.130955183913291
4.125981633719538
4.354025834374977
4.56104970172
4.543917560749673
4.65680952383362
4.734025772952935
4.694000224696634
4.984063004887773
4.783507407402102
5.05816566927678
4.949113937814674
4.843445408846242
5.222645218545855
5.394163056238946
5.363137806145344
5.120164412070467
5.364926250966928
5.472478991065817
5.301376110910261
5.339801884567566
5.396086902772983
5.77751639582784
5.506279855511362
5.857804826492179
5.894554112037807
5.708709083597362
4.987343951647669
4.880468545808167
5.2573013388304695
5.540543027681453
5.13032441542073
5.0469551777083534
5.553458927771484
0.504821845716957
2.698932438698859
1.5820300440685946
7.460517067027949
4.822563930023263
0.4434362022546221
8.130486838209713
4.284807649726616
1.613600507388106
6.689610426851212
3.9605762731673093
3.844680151325374
8.364692906311076
4.42367341426488
4.17831098093143
3.9420824002629815
3.8382994653816302
4.072186902483595
3.6553641505014984
3.782555528252547
3.7046875759360467
3.7560055575296274
3.5229350535273807
3.8456798770257397
3.5361290376294523
3.3926056653868657
3.3298026784260855
3.282726535807544
3.2365651971672627
3.052150370696565
2.997540244310998
2.9984498222572054
3.0384753220352687
2.8787712311917955
2.897934546199241
2.8127600293807635
2.732697664245801
2.6693489994809925
2.578528434341309
2.514755321258205
2.5138653481405
2.5861394988141346
2.5641202420662035
2.4698454139492774
2.472923809925225
2.523775651953832
2.4571027662890725
2.4572885878531268
2.494917724762801
2.4738673248581216
2.4125052734458596
2.434493782022172
2.4864023209026063
2.4632044967215263
2.4805788699897073
2.519069876241131
2.651251517169586
3.0917757893638704
3.5561385876910974
4.07883559494019
4.039537302485351
4.289199530822047
4.341290899755252
4.14457821183381
3.9755222627042275
4.173376136761385
4.216522741313573
4.157592845885987
4.63392156291776
5.552041252193374
5.966492450650254
5.791001070727395
5.353777957635023
5.168533340989154
5.2545817766515155
5.571221979571576
5.2715119555605074
5.620926664401291
5.761710589653587
6.155455862073331
5.734599590160552
5.584078115567714
5.488082350321709
5.7581948193094235
5.75688813416929
5.679065077420012
5.582085054754288
5.188088134608531
5.23031441199651
5.2257196046069225
5.578241565808081
5.766094326118242
6.237861479960872
5.96177830357077
5.954874393685735
5.080270815529425
4.892919164231889
4.923544397092548
4.679296790449223
4.757177977140821
4.2781026172513315
4.129029740080317
4.2170828277212316
4.488653974832971
3.980415887627881
4.105201524205659
4.545889421598906
4.248950837856535
4.026907348800096
3.6796948728178287
3.8108858897744664
3.8289087313742356
3.649687477078175
3.701523023082027
3.8470606519060087
3.835592764872375
3.5546153666043634
3.592840478756428
3.6686230062076164
3.502915215780801
3.385872704179297
3.3123819787953823
3.2827320843714776
3.318901345329545
3.2448580773204028
3.1742051767070842
3.037376567990221
2.9644275689897137
2.9024174780849967
2.845001818722216
2.82169062735194
2.7870703601055267
2.7116870867380176
2.593952339137323
2.537263067090915
2.4710953917431233
2.5069770045117634
2.4858233915850394
2.443061486893818
2.3608947584753666
2.3398103575914284
2.3109552204197716
2.3246687204735355
2.320540436498652
2.362184687910454
2.3498861017220474
2.378562494280241
2.323395909851235
2.3391932705323426
2.306601235602181
2.296778177854063
2.6226589954346746
3.218765139552142
3.3481724298959765
3.063448199974377
3.6847107773201206
4.260800380509687
4.5184560988993825
4.235346958069007
4.769744478966829
4.866676891855241
5.305520505908702
4.955282638747511
5.205128657101183
5.140201195790747
4.81903717023527
4.951743043497044
4.704741787505242
5.118641868165898
5.2926538992022945
5.126202550721658
4.776450976154082
5.053308680292686
4.931690216101676
4.761245694058138
4.859353069183779
4.903147454874397
4.913724622894117
5.117654337451299
5.007699230719656
5.224428503283508
5.23613680839612
5.152277377303878
5.28123481137846
5.297723467540546
5.155603300686073
5.111546797539164
5.125994788992943
4.732117607019531
4.58335439365719
4.860922973910694
4.761652184524608
4.283369237027032
4.0234833156699406
3.8031789598559103
3.7653449800763346
3.5596311782243473
3.5445756054961715
3.6371375321285107
3.68132600101491
3.630138262242969
3.6778318868785225
3.730562393935292
3.6935308059010423
3.7565788522616046
3.808811334604662
3.7495070023489596
3.737188779139428
3.7194189045478794
3.834513773056012
3.7640801904212386
3.518648198723754
3.6246928731091357
3.6225189571111045
3.5520488558267025
3.5477686411034197
3.677072725059065
3.5146118363482013
3.3997285215646227
3.1885848652263435
3.132712554685007
3.0263711823001596
2.9716069389903383
3.024605239784713
2.9552287956012964
2.9731956669885897
2.878243853174029
2.8536941300966583
2.863947126396902
2.6411899419768625
2.6213757471811445
2.574638478630742
2.507566754837048
2.5015015029889085
2.4904631406628313
2.477647170507675
2.4825275395400563
2.4514101832784982
2.4681642737368357
2.4863520284208986
2.4948141531273174
2.4563121237260024
2.414443324289624
2.3898171331482354
2.3915040616431393
2.40145458076894
2.4643412074543463
2.482445781413579
2.505752150762874
2.4437129112663363
2.432366588263248
2.607503683250575
2.639965994931166
3.3613271111310916
3.071266476179785
3.1378080387494967
3.217073130028523
3.069760989779612
2.983092751812237
3.0188920354231037
3.133203597341047
3.2044053438161613
3.199639022273324
3.3046688151440695
3.20632724080481
3.267510886265503
3.4534998787299087
3.609551063921595
3.6805968682362065
3.3233833950736877
3.7854635020701846
5.27765430617455
5.6817999041991305
5.004222013561986
4.491319901453274
4.343797657859382
3.714477081767112
3.703570546018474
3.7894632458470032
4.018156685633259
3.8647363002531865
3.8884422429776047
3.9478059082545727
3.807044367011376
3.4675018613605424
3.502097907544293
3.5586534281710342
3.5381061678394423
3.727227381743237
3.315128591085702
3.16893258785332
3.355420112118171
3.1794223137787494
3.1784137204776957
3.157918199171393
3.240356100100426
3.1991420145117933
3.286940904624407
3.3412418149784804
3.4104714603204767
3.0118217054013385
2.836134741977193
2.953409665286974
2.7907294694895004
3.228155257459147
3.074220751474493
2.894413912406834
2.746313139177644
2.861037101951728
2.676142187507767
2.746284304247376
2.6787124142133827
2.61744135001761
2.5692082964678917
2.7545308718211783
2.5647764918482445
2.691951140856125
2.8253859611647347
2.4686015359400244
2.543845413584055
2.5282017382580038
2.4145870298758543
2.3895347874067028
2.3882898089778974
2.3594295581082787
2.304652636600044
2.2572138130788235
2.2767193593250163
2.2086120469417496
2.2093038909383855
2.2588152157250634
2.356618737163196
2.455724818262526
2.380380792115565
2.221691516543949
2.2699384700541057
2.3288612649626197
2.1974914899497975
2.4237773775079305
2.0498472202728903
2.0351905987982493
1.996546104966091
1.9654106014515091
2.0098253642751804
2.0497056977044834
2.0563888675263744
2.218867285551262
2.1991198896381112
2.1906315953154993
2.17009687631895
2.180910426387806
2.158671971090472
2.2370268811443577
2.170210054340694
2.263086116255667
2.263537120175454
2.3367569182901557
2.524366726556758
2.3862055263369766
2.571678428299907
2.4702458298681687
2.488936773233114
2.453266546591539
2.6567959150133507
2.5017852542499774
2.4917984738304546
2.5861199199489655
2.510043277582167
2.4809804943650415
2.494459642650149
2.561479859527958
2.605719164875297
2.795701326403385
3.0667450974057835
2.8072856940792086
2.79889578351182
2.7614039859314063
2.8100671037405944
2.911975771453695
2.85088313537243
2.841123537812028
2.818484928488249
3.122023491865065
3.1486336248760756
3.4153094871785488
3.4302428874371342
3.092888947035813
3.12326046171573
3.37371242044785
3.3347037158954635
3.224397673854129
2.9387446534136914
2.979592202344416
2.9129777407341155
2.895428408695134
2.9779917537505654
2.773988198673055
2.8018114889345815
2.756622426759044
2.6918401672739067
2.6334317351820893
2.687649950169464
2.5912286120389663
2.5270182787696256
2.463583096399125
2.7350372557047904
3.0265029805834693
2.789259661601667
2.8201367015987735
2.922300134367573
2.931114666520993
2.814294784659228
2.9264091110368153
2.539030386449489
2.714232424395493
2.4173884817078415
2.7666230314526685
2.7607991822176206
2.375008398268326
2.264292650181982
2.2343169924904136
2.200706698223466
2.18469321335133
2.1828166098422646
2.150024264991836
2.169071845681345
2.1622364367203177
2.132015820632704
2.132182588787813
2.0610637814152835
2.0814769132458237
2.1266102368509787
2.085676273676391
2.028595375819552
2.0508633112116468
2.01351120636579
2.0059483515513996
2.0490171568192137
2.2352590199942286
2.6220198780449118
3.040960049699786
3.410760971713282
3.2318548901932282
3.929665365682168
4.344327108352683
4.290533616715094
4.300586852786718
4.707899317696274
4.555502097010346
4.910781610140549
5.345491726459769
5.577750636672281
5.727596623358652
5.300817902808194
5.105369263831176
5.011956635720594
5.07402453293592
5.066856450871547
5.016231876894139
5.061183613329978
4.804756052472968
4.818664416397307
5.2191969516480485
5.545302089975043
5.585124718447
5.380551814250038
5.3678878855091945
5.456698134714171
5.510624627223087
5.706547050034213
5.745252179250459
5.535628983823837
5.487646023909017
5.6788465635243055
5.570601138003341
5.388561234902258
4.792100595135088
4.596119840005524
4.398508368502977
4.487341920309487
4.464054973993372
4.452880187911311
4.558107236039736
4.445953429994688
4.244026583650182
4.032929511410082
4.266234105589199
4.372327596363815
4.046538175729396
3.75065403197379
3.856421363245852
3.48521280017697
3.5256876169230837
3.466327940472904
3.7329191513692743
3.715523960022106
3.3115040299657568
3.3968526794854523
3.3909240903995124
3.25678628145587
3.071487678087895
3.182333588419148
3.252338262402024
3.256295826463006
2.9713051916260276
2.960823343019077
2.849971570051094
2.8303086282150116
2.792963985026824
3.047760500469875
2.966804486608044
2.8516499973157927
2.779844718356448
2.664607748846321
2.6392479103249697
2.5724381432838466
2.5095546291278463
2.446516656670491
2.4439144114388855
2.4958509596025227
2.3767223450196067
2.3865841568641613
2.3270484622726864
2.289538111764979
2.285923310624723
2.2979230954182994
2.2914246652230186
2.244037755728166
2.2234546198383613
2.2024260479659388
2.1520697637094295
2.1644141338111975
2.111183240340112
2.159550616607655
2.4801510731931065
2.665674737481484
3.016001053121671
3.323161637181405
3.423964822209072
3.465171409124041
3.7877926421304817
4.299243812047698
4.260241147440015
4.437210586329937
4.41713713480333
4.442802230406963
4.558121017694056
4.954609487275509
5.315900746894928
4.966525904353469
4.697082757075523
4.551161406978627
4.77659844522003
4.751959286376131
5.007428897363321
5.116553354770304
5.053816885468188
5.201310773425834
5.37693239353936
5.582431580437611
5.474418852886695
5.230884995748616
4.975802205065182
5.5399390522705065
5.335791514559721
5.488642094199368
5.820981179902659
5.537712384954441
5.257936248148141
5.022919777557781
5.381283269772612
5.5686517487720115
5.149141555312786
5.174259386285263
4.7706871206614245
4.760107242232765
4.496753618931586
4.3849450774553125
4.087875400424954
3.859535947013891
3.618125416727769
3.8939267750526767
4.205599511194777
3.846503475509222
4.064786333205333
4.135843895486608
4.2005835058189875
3.9582580971783026
3.795669084769066
3.6838578689341
3.54926221581037
3.5416347503730687
3.547660595949049
3.6023220212052554
3.546452464291649
3.427869688447719
3.4044320889023596
3.2067031097781324
3.2420703551867525
3.12017587006095
3.096553660540698
3.062407567339703
2.9845231227546996
2.963297857642418
2.93525271053744
2.869466253596882
2.7338974565097325
2.7434678687181626
2.6576392806396596
2.5871603762739115
2.572084576016876
2.6657701525769584
2.5371656344707234
2.440071911735755
2.4720608251610026
2.412314069311442
2.3932913038829975
2.3174548548188296
2.2846867053801074
2.234037636225585
2.2638134327386523
2.317235754934182
2.2734543157389386
2.261027785151657
2.256422373366052
2.250643046363491
2.2103355342065214
2.2932446482749715
2.18219424517191
2.144951489421833
2.4313649574057323
2.768758592435684
3.1928565068197776
3.5516164118756435
3.4295179965598748
3.5680403074922595
4.0707730321977005
4.166968408397828
4.6764617268801585
4.53556307595994
4.118833059681323
4.426549343502158
4.502691400437935
4.576454429763669
5.104504448793555
4.962869679105913
4.93472771690268
4.729301028547484
5.050348694765533
4.985770191905813
4.930505685546893
4.83516503383816
5.3609904634797365
5.314140817846737
5.456744212819866
5.157224301064076
5.368213615394343
5.5423516874741345
5.940752209753896
5.8553317622119945
5.841389499617853
6.08960954906921
5.819776975879371
5.5568793650172115
5.646915392056246
5.042643526250523
5.514120587146323
5.669889880444276
5.225044681357884
4.947805743963849
4.828802482413651
4.558438822617305
4.250425907072039
4.413801262425018
4.397067140774449
4.7636106149359625
4.471122936521263
4.346186824955229
4.723438226184002
4.480178817889578
4.476431223996072
4.831460851975507
4.2019150095523905
3.7349775266146668
3.6824294285736743
3.889215829362254
3.6323945271794065
3.580308573305608
3.4896881428545514
3.4566880399085758
3.724887789876158
3.7895570471709816
3.720610295470092
3.61419143121674
3.5826115190460914
3.6576068966130384
3.596145950491338
3.5964995888644977
3.526206044724761
3.4730735050937023
3.4183087621368244
3.3197303898971553
3.209856113200372
3.270811100771909
3.190420956962809
3.049269122463552
3.004624336862902
2.8781633728104232
2.7371870761016557
2.727871812536286
2.737670006079158
2.6992620506337963
2.5985374890402775
2.5245358668032267
2.481157200895218
2.4777584291571206
2.4797909575619697
2.4288364167407175
2.406511457318523
2.395614740259427
2.4425901329199347
2.4628268884633413
2.4280075930891845
2.4392396520096074
2.387990078922568
2.4366439899229766
2.670237354239456
2.8468996176691426
3.4201490553260823
3.5253956870927436
4.212046180511076
3.8115114961921233
3.9555040303581293
4.104540223991321
4.357218987793326
4.530567843161663
4.423892661092336
4.584532757132376
4.865879547640832
4.839473022358582
5.130567674446661
4.935473807654101
5.1853565393039425
5.470276603439896
5.872495089326424
6.0025347242699345
5.512003006047619
5.554815318802336
5.219884890030915
5.07341540827111
4.938621431775973
5.215703673115923
5.645842115309896
5.786113987528562
5.451713855790915
5.277793465775689
5.5095585074868
5.445801314278119
5.417392141566743
5.333890474826712
5.578172158107736
5.359482452908168
5.137230893509523
4.896776403305244
5.17315344375989
5.138820388378437
5.07680261445493
4.778228812147048
3.79702663879575
1.8604981175223325
8.060406052471135
3.3782262596585966
5.749561690062568
3.7960506284510984
4.014577896006733
4.276011435489388
3.8392548440250454
3.771902259156818
3.8094659773582413
3.8740570571562314
3.858312580043768
4.049963160134358
3.9435018166808384
3.7658269983483623
3.8174287432408156
3.778605448137799
3.8033916577924987
3.8349927552845506
3.784768020898055
3.671222207407201
3.6018855572104704
3.6303996834189936
3.685890403296183
3.3852109384494637
3.365908055406708
3.2501022790145426
3.1362589634710627
3.086456915057246
3.0690299730417876
3.0033315643661704
2.9035310195856083
2.877632008787574
2.83145516495965
2.814774325940577
2.779826083960576
2.7102249237661424
2.796405976823621
2.725118224780604
2.7744016317745475
2.7694782538556155
2.710422787510102
2.66014803008999
2.6734985147100683
2.6399765507986808
2.623141296042285
2.7127631864587363
2.722840973101584
2.6278259250889615
2.5234595223362826
2.4947757462739406
2.530686765457296
2.299198343933214
2.5426973975883023
2.952421485404365
2.936548443121214
3.2273444031590164
3.350542833524568
3.548550033164797
3.896966561565805
4.111271424368161
4.261973175699979
4.411767348018218
4.759778712671981
4.566402450163892
5.009357822989109
4.619342192082894
4.540830456069775
4.734150951234682
4.720390868479961
4.500781427352964
4.755069616857648
4.554444058961148
4.800521009859591
5.2592727191514586
5.5514357528774045
5.393596241310753
5.255500054940544
5.269328177026197
5.5927887384569805
5.246875582123904
5.596325268937546
5.660522225225131
5.448574391815039
5.278764474821332
5.279399676998444
5.006950974219705
4.656214299849365
4.371685723597308
4.511341868096725
4.612781304908097
4.796918936456052
4.967414015572843
4.586612252967241
3.9539440772644827
3.7294740198447496
3.887050748490826
3.9596759987794248
3.86316636857093
3.8678198793010425
3.6710765894909247
3.6163298217196953
4.455947037186089
3.900101979002509
3.605395134527183
3.6981459822992155
3.7482922972205195
3.6979677065984315
3.7029835041207924
3.945441011142713
3.94411806086635
3.8307302847685927
3.768417225242799
3.8795447850209204
3.745604668389245
3.658141950391983
3.457430822738675
3.583932306733026
3.6702553009241363
3.6390110919113137
3.489386358091432
3.2783010755968722
3.122136183451937
3.2731698672462906
3.0565695047506485
2.9519811131563563
2.883567497349068
3.014757916035365
2.8346218399959393
2.7358353513063896
2.738596876674524
2.7219561145499505
2.714147285366917
2.688736885159382
2.5428000778639688
2.5184686300493633
2.4452507091885956
2.446417384862545
2.466515048580953
2.4350957632335866
2.448375589377197
2.4316920587052957
2.3987557650537767
2.387802814843526
2.3893813806318613
2.316889180202164
2.3395995715273776
2.3032687171081663
2.36016104033352
2.379658844191717
2.4491975384412554
2.4768706367004008
2.4802409092698072
2.5001107006002368
2.56383747968128
2.7027682859505817
2.6842145887265842
2.6622820275586077
2.9743420154477866
2.9030648272868538
2.9110621465038373
2.9727031002489044
3.0373512496908415
3.092902900451501
3.492985831793131
3.1194953319776837
2.992054223096072
3.1302898268226382
3.148457951448572
3.0796402599775083
3.1250562498069674
3.2686488638150837
3.2884005504721148
3.375272405783957
3.7485963076657582
3.559921609222351
3.5063220273261395
3.3498891135803284
3.474677900735814
3.3811603028959327
3.301059130825472
3.256481623716723
3.2836549056639943
3.3116346113297994
3.398547814281435
3.5634561805020106
3.362403038773906
3.505310293092794
3.458217198728152
3.122895473504431
3.316919176023361
3.348247282044794
3.2760316203421906
3.2798288785124456
3.2591385851323382
3.3060992691475093
3.405763533087263
3.528057451259705
3.367049253810418
3.09056864629697
3.1028083757284968
3.0730057633000833
3.1489898286422906
3.2182484815296917
3.153800943705744
3.0641346555424707
2.9131910278204947
3.0016528462711523
3.144875746164877
3.2138185045182994
3.145260232438803
3.066369245862123
3.1001673305999558
3.081976822028903
3.029011220135893
3.0709455848982343
3.158271345040805
3.0624908708718377
3.0203600361343304
3.065020662425817
3.0505633741207747
3.021195875274469
2.961226936625374
2.9621707122629304
2.8844359707914826
2.7894532944393906
2.698100033808674
2.687531065650471
2.6927685777071315
2.6576575427439737
2.665986912977466
2.604372057758432
2.61448011594104
2.5390932654405707
2.4952520877412927
2.504063357033145
2.4234392430843124
2.468020484268968
2.4398843829967842
2.400431112541173
2.4471776429625742
2.467926794879117
2.421461137674288
2.379656068886717
2.361359132611394
2.3531734352832445
2.3192936303689637
2.382120338811731
2.328351905552243
2.3644472687287816
2.3878911252323998
2.3662688659711444
2.282295394435013
2.57268511167905
2.5852295391326625
2.516659815977069
2.622386042559927
2.7300207637645277
2.748867530336531
2.7001318444777973
2.621352473114098
2.7276615937335578
2.761335835287888
2.649842626992057
2.693941823811195
2.7635885019361317
2.810038360773838
2.805077151312176
2.9725150313064237
3.0635948876683674
3.0631464705385754
3.0332265782470875
3.1554958554446557
3.256541443477016
3.1706581622561925
3.19613009705782
3.1441367547432395
3.042269903497358
3.0299767414047647
3.0736369375772226
3.1663501798130986
3.111985478016834
3.046462595038534
3.0822676940925464
3.198822428669333
3.2801168182098386
3.2211284498593655
3.1885208135570138
3.2860872191839836
3.3221129314803037
3.218555959466552
3.194081605560448
3.3430294152166753
3.2135981786295327
3.098576848696117
3.1553303146652434
3.148227228393972
3.193408466414146
3.1921408176919726
3.413526204908802
3.769291748453117
3.248182660435328
3.307232015281526
3.196255151363768
3.2975015252793196
3.130144015051796
3.169065181984598
3.204563226590305
3.208877409256266
3.2075209979367054
3.1354533262632964
3.188147422190711
3.1703663353823477
3.0959246662204376
2.98199224758134
2.991260954145828
2.9954006119650627
2.9440484036443695
2.9225491199193803
2.979702607771209
2.9783346361790595
2.854578047288126
2.9361626416756
2.8605479302096257
2.769055082402693
2.7192415294673467
2.66752150604098
2.565977989495679
2.555205897007555
2.529256793202355
2.454156909526851
2.399244168730023
2.403237585507697
2.3745636101911196
2.3770570780956497
2.395888407507276
2.3649311180671804
2.3538683541484473
2.3353823835908254
2.340292720377019
2.3046975802111955
2.256959995492087
2.2634519373704913
2.284606378431925
2.352025871502638
2.3032108847957646
2.321599288591346
2.3935329803767758
2.953081351683397
2.8431883254405514
3.112362479515142
3.5285523092435205
3.891592637808259
3.7279474186736246
3.6141219877803468
3.6757459033023983
3.6755058400278884
3.6857112337907325
4.08776731728173
4.768260369142572
3.2255915683786274
3.3572058762061894
3.347720591240587
3.267519835261775
3.5161902401556064
3.3860223632755795
3.2616588739606844
3.2605403181257535
3.422520267502719
3.4661724244850785
3.436634092802342
3.250630359559793
3.2121437433563536
3.1165542749722226
3.08525294827503
3.077569632800826
3.087343393516397
3.1036100832874918
3.1213266437513587
3.0079398992624546
2.9072406381244167
2.7327726845455387
3.222141766344895
3.3555572122730633
2.7985501718182038
2.8374945991681026
3.0354679226230723
3.0870804959779976
3.180375274587745
2.963553480139774
2.9887172628641046
3.23504503894023
3.2650080129632846
3.152177747601034
2.9844943166085525
3.0452178431282024
3.077272913568938
3.187427285070703
3.232292310847067
3.297937131593922
3.1941097686233046
3.1827048672057505
3.2101361164579902
3.1726478274660526
3.2515046075598604
3.246420265340743
3.1155244177413453
3.167191542407134
3.1216243761921962
2.9429652005448483
3.038386216769017
2.785104388290125
2.685403565682278
2.6616155902593253
2.6786868998722566
2.6534459956210963
2.5928702237508556
2.6040075046680045
2.580577884761514
2.575940843806006
2.5635201340446865
2.504607565260994
2.4724910948102314
2.445711202779212
2.422962223157645
2.412957353510962
2.38179737499234
2.359296431671528
2.3299266711116497
2.331614515745886
2.2539397975826527
2.2412828722422624
2.2265978470662087
2.2502690625896298
2.2962948036574624
2.2815829208346745
2.3279172116138396
2.3297520198138684
2.3856333602591255
2.3975875635937673
2.377601087829937
2.457699989724064
2.5386534894254535
2.6958544330010326
2.7893499834469564
2.7304518095957118
2.789352496625543
2.7493250507603406
2.785427974320066
2.8631053771994806
3.0842675951530887
3.0994015903106678
3.184976533383946
3.2540796089777606
3.3167356139644424
3.324018858325966
3.441709756345432
3.2560547756557128
3.118673611394866
3.213187341105046
3.2153168049295053
3.180614732421107
3.112966498961913
3.1092526128378744
3.134547211258254
3.113057027177481
3.213108748716469
3.049450679272591
3.050261655001319
2.9876724857183183
2.9716882137589438
2.7040952753603267
2.7799518119892443
2.861570641946852
2.7348171576308054
2.994110834863178
2.781787331369563
2.9582242523199893
2.9483060099142455
2.9127877378153477
2.9467739289191055
3.1515076383339435
3.03154949076707
3.1314778188810464
3.138557888221575
3.448127991928103
3.4732824818604224
3.3670003616261095
3.5200194743058035
3.423639629734611
3.462652687374821
3.1330337326576787
3.564677812571669
3.4277914335228603
3.6493801912947896
3.6120331769174667
3.7813788913663995
3.4578473939279566
3.6427927978489127
3.4057183710462855
3.543574963054093
3.3561686038632113
3.5678519197473326
3.5243057806476643
3.5210044216398635
3.449686852475589
3.3707367497513876
3.358774544453557
3.3856660551038975
3.3306324625280994
3.177700463135687
3.178202306490151
3.1143811477139556
3.0765332121739783
3.0079788050364287
3.0705969475848707
2.991329934707712
2.933473489383161
2.8903714351181864
2.87646483919987
2.8703459551833417
2.881835737467244
2.830750821744179
2.7579075447172805
2.7042751197485733
2.6632557083651203
2.620360778011863
2.602540636115666
2.567918177221642
2.557038885312021
2.595952404311375
2.580424461110425
2.522586757424778
2.5960839958299164
2.7003657620844703
2.9362797762240254
3.3075946276660804
3.6765220802384686
4.171869767449978
4.676592326198354
5.1653403811393686
4.86155873218962
5.152270062234556
5.333265637283584
4.768108059055312
5.303482661107114
4.002121399135957
4.508178257260997
3.914442604341319
4.924476142144916
5.478206108799164
5.391036733587191
5.263905349950396
4.922256339398279
5.014370864119641
4.9500022057287065
4.259700898198307
4.429144707997118
4.297248458718584
5.226569727528821
5.402178285621894
4.504797774757526
4.370699455109824
5.127639290895475
5.939247496131893
5.546108396682832
5.892062214939276
5.4369216974510675
4.714709609842079
4.091168653370262
4.194086597190714
4.336640781575427
4.601506878506371
4.575444219921021
4.037644132178397
4.919840480679065
4.082014119405165
3.994158528342088
3.6686214672256234
3.8941886962368626
3.88896885780242
3.703075361810289
3.7027169436469585
3.628267007069239
3.8748276626473026
4.318312191510924
4.0412059042075406
4.218591953509754
4.202603280332707
4.128618748256269
3.926083049770057
3.6701747287792643
3.9480996527078407
4.0484661921011655
3.9520793592751136
3.9553797486444267
3.874503808380313
3.8425571396439238
3.892970825552852
3.8782961483000102
3.824701546145688
3.7236197194234304
3.619130252706692
3.5603314462971642
3.3913612606078196
3.4050589063849506
3.382337719219823
3.3715750168766916
3.2365965705108186
3.146925851326544
3.1024581671474305
3.0158213929995124
2.8809595311930902
2.7899300020247586
2.7903438960766995
2.759335864561829
2.7472385494800022
2.670220276463397
2.63234884187536
2.585598486096271
2.487131480694468
2.508782381021786
2.553001832855995
2.536190441446799
2.5506569357241777
2.146008563192033
2.194935384383959
2.3695479756241857
2.4668858841841854
2.428964965113035
3.2120156983780785
3.64409511407076
3.770206696097851
3.891556691503645
3.8827529668821668
4.679632730871058
4.538414550472096
4.472002398114168
5.357098816150992
5.350152092974066
5.654778085165728
5.266322989607546
5.275766667255113
5.003991440629473
5.078957637217789
4.770726281874761
4.4566661826495455
4.7780774128374945
5.287251374932025
5.416863501277912
5.3857374224122045
6.428556025621889
6.867628731937299
6.302417424057981
6.683857746789366
6.543111303080202
6.538395438090359
5.8780440049511915
5.714846078910461
5.6819213432247935
5.171882664427821
4.098488917621029
4.778678567148477
4.860840073751476
5.1464365191038235
5.1579506823452625
5.531098737378368
5.536791396106023
4.134646824151434
6.0939901849648495
4.691044942989451
4.398682661900467
3.820808163282271
3.7763151209226367
3.799610982716606
3.8929677895246177
3.865061111117294
3.881233578526325
3.6348282474220284
3.449131929685294
3.0858444247078793
3.154284253435257
3.365728645629954
3.372805266601654
3.4144175805929704
3.6135858319139174
3.6695697441335624
3.7949351570749097
3.8347566436023075
3.83354189632185
3.820718947707041
3.738086768941895
3.590919876538804
3.557711136883163
3.461081746834777
3.3246818620739824
3.387495818593821
3.3878588285892333
3.3754142873147854
3.3036091236590854
3.245535257333343
3.139219270268476
3.08990831770301
3.041870069073842
2.9720007208460366
2.844134041343776
2.8158093183333635
2.7374975553263705
2.6662144706174784
2.5746704630508375
2.575570292953722
2.611067846672716
2.6015278921850915
2.5550211090557884
2.578035962686944
2.5890859500514694
2.549679821910899
2.5212097203601385
2.497151620580848
2.49441582966868
2.478241680653637
2.4282316017296735
2.4129056988371502
2.4086321947622573
2.4025790978402544
2.625372130743128
2.9218009803503437
3.4982856745238182
4.153008226862645
3.755376192344785
3.6566562077022646
3.8829025074211594
4.528748565517812
4.324863887939249
4.8537961789046395
4.691200880037511
4.563848355155322
4.669233381432142
4.51940542357846
4.407046418121533
4.767699701390566
4.894202628398945
5.059635627059404
5.392132781180423
5.565757425275939
5.493202344510111
5.342056787433611
5.861393029152658
0.48359561541984053
4.816508773673956
4.5844010363223955
5.290720047689618
5.457431166924575
5.57530683271229
5.931528592606229
5.554740208843527
5.364967227894414
4.978893581318011
5.394055045631582
5.683195995618374
5.38967765894358
5.574433829144369
5.169101115685972
4.898512971136263
4.452519800598519
4.153549395790649
4.615504460812726
4.358025709860816
4.007416052317291
3.969686533828863
4.175581520932434
4.497182259339293
4.014834033074005
4.198449711647951
4.093663905025986
3.915168616056209
3.9159074990974148
4.0495271856487385
3.9354369211346887
3.8863914953843213
3.79586289587547
3.532908646620579
3.2872720933176005
3.439781318509793
3.277093293003818
3.150116684147623
3.2159276408709556
3.282138631776312
3.2735594747277905
3.2797821264390334
3.4906459716282567
3.550568573148821
3.560983825564167
2.9589746659459246
3.184939153286357
3.097905765086269
2.85186712413648
2.9971148447029616
3.2419110176231967
3.229008511617987
2.8067682303519077
2.700127992183804
2.5212235197873474
2.4337585139918376
2.4853594987280787
2.536837079539587
2.4182191168077116
2.398733698183934
2.4340065344073802
2.445276951677576
2.4452320882180913
2.3774394606315403
2.389744692147627
2.3680518874192957
2.3392723750991773
2.512525340077372
2.3574287535491525
2.342141947074636
2.217348317039058
2.257299954807744
2.320456279884604
2.2439569278689437
2.3793339884447984
2.3629393282477467
2.434423890715891
2.583003661055508
2.541652714596676
2.6035508189819576
2.738619826895103
2.8869027410336314
2.9468406387887085
3.0608589782843727
2.98427872094199
2.981363428572069
3.9243236214226083
3.397513789373849
3.755352915012555
4.0034482215831675
4.689464238860801
3.8632103371411057
3.8936874995834483
3.5715295523195483
3.493429678201797
3.546309606982163
3.6419725160030336
3.636190247464155
3.508943089555772
3.7701816421371617
3.498876231958464
3.5835594056837006
3.5321929828128025
3.4409417934570383
3.392050622451787
3.1055786608019083
3.1560435934171336
2.9475607774962564
2.9582158046160107
2.779518635061252
2.903903483412914
3.2587928455558557
3.2694981484160643
3.245756677726136
3.328689304123567
3.233536745626505
2.8687926564326114
2.8730686786851534
3.014183432682999
2.7750976164963284
2.988768348716662
2.665843538812468
3.0905366418639404
3.0292330347227336
2.957428212634789
2.9828314190473955
2.987023997302802
2.974383758281795
2.7819437463438077
3.039531938434428
2.895245886887845
2.9357694694338843
3.176470845552026
3.1388314378742446
2.9936726725976026
2.891185204309056
2.889492226131493
2.8682313294472266
2.9878415352325502
2.978291555898858
2.9795604680433145
2.9975933232716128
2.9893029599663357
2.8823545137675266
2.922650870095427
2.863563367001684
2.820228224652157
2.711804692743274
2.694464976733523
2.624116750810179
2.643962357762217
2.566762963574551
2.4853154572131286
2.447057556230933
2.417499735919405
2.3562956048103914
2.254127002442549
2.2162211479835863
2.2409750248984928
2.2695950726897856
2.2959867693047054
2.190731032647755
2.1550800813176014
2.1429563346291656
2.1102321166870412
2.1499347092143046
2.2131816919843073
2.1524285409613024
2.1234310308941393
2.08675595276501
2.147499670242754
2.1820728649707855
2.1878728278937483
2.188098072999092
2.1833240698696352
2.187379685092059
2.197872692905056
2.185931147159865
2.2494601179485323
2.2563431665194535
2.310731564190639
2.3781409682170183
2.3590745592198847
2.881184459968632
3.0208796430318645
2.880094010472639
2.8148639846821046
3.0389669064004896
3.372746031260037
3.4371233419747362
3.1158781393526533
3.016384565566762
2.754226102380857
2.729802644757627
2.7590419743281682
2.6642321241545415
2.794490390663334
2.6856641419267895
2.849539176573742
3.0250532494709765
3.0894823256571393
2.9025021360005954
2.8019726521900785
2.848808927457671
2.782717590963285
2.6727085705327576
2.6588308154250524
2.5295970120854734
2.7351146807353444
2.678558970704942
2.7533444126455335
3.1214718680650995
2.8778491331985405
3.1506515834612934
3.135827803078872
3.3091756693810335
3.1682194339094294
3.1455782707785875
3.0249979800174573
3.038960019084946
2.8185209043394446
2.9364734768926515
3.0284223151081036
2.951496206691009
2.9459556856053104
2.921955862710156
2.9141278415800236
2.8344186084449055
2.906648784740541
2.952045476516857
2.8628493593836217
2.8176348750149
2.6905929680931835
2.6632929090114876
2.7710049719030074
2.6033637260776064
2.6186375085030793
2.723984722010126
2.6825131705373626
2.6513783589846756
2.6410994046061504
2.6008756932030006
2.5200703723158693
2.6189403316305877
2.511453045383577
2.4254085947596646
2.415630980403455
2.4267063449193396
2.3818677950399083
2.2463887807792493
2.1460726498736604
2.110881049084056
2.1108457641157856
2.1020963496368785
2.02953433151579
2.0528634116360345
1.999098203933665
1.9285136004590187
1.9299407629371061
1.8776417616799879
1.8384921645610277
1.8721195073422707
1.9540771247373945
2.1050895572377835
2.1681396858698236
2.690998602081272
3.456470607606413
3.9382131830663387
4.190972228309767
4.844269086349269
4.66048790657227
5.067686288570752
5.307129716686701
5.598951342525509
5.789576369766827
5.922601182923872
6.339975996008062
5.9901188210517935
6.2535690272126585
5.269461361589698
5.175739273943652
5.463896622363937
5.339323367988167
5.45012005226558
5.366907731771136
5.647704207267435
5.554888293513313
5.4261547563229895
5.821517950169868
5.461231482600737
5.662532144005221
6.002276181701442
5.419097150554852
5.470098490167198
6.088238696743566
6.058899506501607
5.748066165500725
6.0685567488965315
5.891948776800595
6.31200193198267
6.136801879898665
6.0464088287710025
5.775330700051272
5.858776620590985
4.979883255954875
4.96736551818962
5.1810224247815295
5.039693297973202
4.879185734506487
4.7423055536619545
4.56094237337623
4.408984491710595
4.142339051036825
4.349611339904424
4.198011529518179
3.915242036155422
3.745744951464468
3.3643022123686688
3.22910532005135
3.5881406108884826
3.4019291952086936
3.4737650879277333
3.500606475490324
3.70417108570781
3.213351387062386
3.3482377285690306
3.260029419529134
3.1643977966916865
3.0123002797252107
3.1947094942733987
3.2434470373624307
2.903585496733412
2.960715755537416
2.791257978653895
2.838433595135982
2.785864152155661
2.8054306140032654
2.801865825714648
2.816609643868419
2.8344104899170093
2.639368182049985
2.5516665748929253
2.7732644574476284
2.4055011796487316
2.3246343195909094
2.330014806639917
2.253256964232248
2.190225898143894
2.170203448264937
2.1001710595581153
2.0699656452098463
2.0691988851104988
2.033812821420493
2.0225712154401623
2.054766383124962
2.088078412142231
2.0701098756110388
2.0539873777628066
2.0563560035033572
2.1213788785200234
2.1414023628591874
2.3558840356253636
2.9861666212928513
3.3171410523824494
3.7891736807045997
4.04818163743231
4.047182908083015
3.9347157869535114
4.493050253844001
4.414496382707778
4.709131797629942
4.467701141762229
4.389832464922901
5.033771897753089
5.382030750796357
6.089423098911897
5.8092014436253825
5.913525797197608
5.755178072370173
5.868415098392244
6.096844082139628
5.942741047930391
5.0919845074259635
5.648923877787598
6.091799199601941
5.684462222709072
5.646756233800887
5.632270097920653
5.2079291683830915
5.628519560023152
5.849005156337829
5.753016483947717
5.596505825177665
6.173128464765979
6.566009513903896
6.614531329687585
5.927919857041377
6.359763076283727
6.0373570596266655
5.3019127479327715
5.376189998969641
5.2233690420191445
5.010970588553092
4.564352567494676
4.6349692735368455
4.073515021439048
4.415210122953841
4.744823873837012
4.766884679004682
4.6789013682958585
4.3080335599486625
3.894906209692385
3.775841097516242
3.87510914548092
4.019464029401737
4.03398979962882
3.8422665216321925
3.8296181346478764
3.9269179711799693
3.963142639853376
4.1165190239477125
4.090564895093577
3.8687866795626236
3.850630128224193
3.824625519265872
3.552934633731861
3.333213502661053
3.096343850420485
4.090067589118607
4.2641757117392585
3.807393359862315
4.1718287720694045
4.3103689002482275
3.8124963303113777
3.3987570228403925
3.1460335291145696
2.9150698047889017
2.815749085595001
2.8117541627274267
2.7034401392867107
2.6816123787296884
2.6248613074496623
2.6264607336191417
2.549949997239502
2.480725697746707
2.5213281052493657
2.4613184698042123
2.3867629769046106
2.403808597297318
2.410467011253682
2.3872916394626507
2.3405838702269985
2.36623264637942
2.3118144839780532
2.3179094996520964
2.352311862404663
2.371811133514056
2.6117496657217525
2.865215973891709
3.2256308331004115
3.1143582924914797
3.5865891426640104
3.573300016119959
3.9769307220740284
3.943521813208304
4.857279645664452
4.5551776729590925
4.394372625322762
4.553982074549616
5.0841323857385206
5.293881380714221
5.304001748988394
5.212543341983123
5.192694091153411
5.048702997474515
4.919256276138201
2.6619538706804025
6.92798084332232
5.026699262906182
5.031037081148694
5.082195855281002
4.720964652836511
4.887136052127509
5.574950890977356
6.1727614104156565
5.978024036376243
5.521822288757641
5.549379386413588
5.528455138430107
5.5204361941940725
4.715690139822835
4.990616811246217
5.146701849981474
5.467495936327371
5.387549456667747
5.595396836661593
5.1957531387160545
5.083542201062389
4.782634785466149
4.515235735395762
4.275765730478861
4.478121625430567
4.193724770747253
4.267066898183895
4.08160447860148
4.0231839661275375
4.466294671743399
4.24597818817133
3.7482030217761855
3.9332082534019612
3.8511376175689946
3.7802865340295955
3.8219244074050644
3.725564844237366
3.7451088448403156
3.6171219950231555
3.5910090655172593
3.6647881037306416
3.4128247072562106
3.5024958320635347
3.4440916322955277
3.369840238600076
3.4034069122313637
3.4502124539396135
3.373408798232059
3.271070799659069
3.203417848521338
3.3345603528019496
3.18518488370747
3.272390368587413
3.1583616078657406
3.2019089101483886
3.0117548486395016
2.964757029219553
2.9687572415498016
2.7565608277819673
2.716770384369631
2.567002947803606
2.513540502548297
2.4871732263525415
2.4759068343660187
2.454663217869755
2.411352408474681
2.418561198852256
2.3845155679981405
2.4170339018864024
2.417052617036658
2.411870445807644
2.4431801088587943
2.423520276577633
2.446764244086276
2.4686866516361023
2.486168247559304
2.4579782621406814
2.661462681392748
3.2344742217048728
3.4702521963580533
4.226504270571336
4.382482615886333
4.717765862122046
3.840489544262975
3.578355665435962
4.250158527728478
3.9408758247418687
4.535738085952669
4.781674990680989
4.595439867645778
5.055330869696567
5.678419552987431
5.823558446088509
4.206609898429922
3.8223369347521214
4.00444259492972
4.984373562127304
5.570688161292427
5.594320783111968
6.0666762809934704
5.852235255967396
5.2476618662084995
5.341203600325094
5.206880475276955
5.413816532924024
5.42263646966764
5.297868016895753
5.133674424239823
5.268530768483422
5.39042397086655
5.377878764113982
5.26659820783869
5.1412823126535
4.8776196154430576
5.13843668743665
4.750506797158428
4.9783594383042225
4.800727479304052
4.706946662023684
4.550273912547077
5.096748245639029
4.8654689527307315
4.455887335227062
4.465311151347488
4.307181417955038
4.526897117533759
4.435634126713809
4.150815001712763
4.30734514284507
3.805475400333081
3.8506240730589383
3.7100896549268154
3.5822185221371967
3.637978561699139
3.688793271506987
3.6320550661177693
3.629535667827017
3.5753951628251652
3.5644436050117223
3.818342554817556
3.73596757357609
3.721159070361649
3.8292237783668366
3.7048690227997105
3.8881825580068767
3.5571779504263468
3.5060145588549716
3.256339879609226
3.4348348915370597
3.068626778429979
2.834499115213854
2.975654960280189
2.8942914032621303
2.683293268970386
2.5947510790074744
2.5357756359867256
2.4459127248438812
2.4049236035193635
2.4230299773071797
2.382022644339591
2.378787052195444
2.3504940536975307
2.3155615917689523
2.255291367127809
2.2566789327913765
2.2435518662280245
2.2626808057602195
2.291838766412311
2.281944597235794
2.31146103949022
2.351759356621955
2.3789510583006686
2.409553523656634
2.8260645921369982
3.3490364985040078
3.697478065858996
3.612563967487909
3.516971687432977
3.7419185571402442
3.956263782395957
3.8244421540242812
4.111662931770954
4.266436541559404
4.461439999356461
4.560254981852682
4.745861585902649
5.122082960728612
5.415760293684762
5.826085744630551
5.5726985614821025
5.945112305802423
5.686924490236041
5.390675754749185
4.46299497301963
5.157741288425878
4.946527441598485
5.205628794590316
5.301731746732941
5.114608735867517
5.420484155222721
5.548670254924092
5.26250337930523
5.501694318976978
5.34919459170219
5.0058427887113135
4.476447505223591
4.107352501452429
3.9499263887805833
0.6877137460889794
8.646853994660585
4.598389077295602
3.7643405532147867
3.3787305219948287
3.4902340183291
3.692659619264517
3.374458820256811
3.4109725110176745
3.3975461105611524
3.5038950661664523
3.4546419619115594
3.4439483246415348
3.3954906364193294
3.402313864645614
3.4164358740914036
3.4179238704485293
3.5437403196881103
3.5832951810967497
3.737373255762998
3.796077596665385
3.805677567268829
3.422555014308694
3.511946852709736
3.582761855086302
3.4841838782556644
3.487862657380757
3.4315544187282714
3.372303168383616
2.927659708749353
3.263546572861479
3.2184949422068168
3.147271954479648
3.106940331047799
3.1386000805548426
3.0501552176259445
2.592217076369551
2.95387987991299
2.8944241849523253
2.883193412818248
2.878729791005515
2.7959345924942993
2.6594175765847927
2.628805055418007
2.5773062469414763
2.6477909021910317
2.5106662582866246
2.4362893341910987
2.403956076370764
2.352509158371899
2.3312401929697115
2.309433164807261
2.294080013074513
2.269734836440111
2.274587096853119
2.2373613970462722
2.2627258403303876
2.2841329632893492
2.2477446901903044
2.2720253300923168
2.279006525097891
2.1936582025547997
2.1697166222145756
2.21570744771766
2.2749249012829544
2.2906674292091966
2.292097625296512
2.314019535266623
2.3841051316505135
2.689688521501541
2.908408510909349
2.5508642618378663
2.6526802365528885
2.878337623668971
2.9335783772090793
2.916772811714179
2.9639720976645956
3.025898853413675
3.1998891183257188
3.232471891481172
3.306712262831991
3.4623588248352912
3.413434658193652
3.435247414653359
3.507307254882701
3.4662116389015907
3.54042608595717
3.4341979576086836
3.446094275904916
3.4116449290463824
3.432710769840572
3.487955819825501
3.5120787688949773
3.5889728187785703
3.4989010182682287
3.46314842320711
3.3981062974868887
3.402796294789146
3.4074513894470053
3.3079717163654343
3.3270897863435565
3.320674956271264
3.3337962184221777
3.253188967253377
3.0001238543926445
2.998702003336863
2.970674828476315
2.9398987108884174
2.8874299310473788
0.5382112974539017
3.7863465011254642
4.657564686610931
3.3401831351519444
3.22846411210661
3.2798025621764015
3.2950965136103654
3.271378141626341
3.212227614037941
3.1768717824252826
3.137766398584269
3.170477172234163
3.2052852049640173
3.1128431968100174
3.033332319948007
2.990992187383029
2.956664278367693
3.00409525579101
3.103877412639272
2.991253938024988
2.8914082322609858
2.8140852480300027
2.67160456311221
2.8138942096383097
2.7888397384272814
2.6607074177506096
2.508665080969561
2.4624059551737845
2.4563896327631722
2.4135293281517263
2.3792910566891483
2.299370343875201
2.243114309896823
2.2330749959207283
2.1961215703838426
2.1414861791677167
2.1508257834037092
2.1265668233117903
2.1100826814291382
2.0146910636176836
1.9705082307095994
1.999782968033849
1.9560270064891145
1.9162592624058041
1.8781908400095717
1.951459592203335
1.9961509410438425
1.9480729900292288
1.9722243648254414
2.0545827603276448
2.048201421442821
2.0523895542184634
2.0891585792337795
2.113102885604426
2.144409612497839
2.155615141987748
2.2036847317130546
2.289410896530099
2.371943069332436
2.37568710990901
2.4012752147123946
2.422833619306903
2.4860362730675862
2.4892830369073446
2.420868984353887
2.5785856809436125
2.6512014809619884
2.6541927970281534
2.702333252622015
2.6956631519948298
2.754244918853634
2.768007541672606
2.774143009752565
2.7671430173446105
2.854783311860052
2.908553135302509
2.897399341374141
2.8883633682151992
2.84640581659278
2.8296598828708244
2.865498549012116
2.941620330719627
2.9434788673773946
2.9735450400721106
3.169350702720326
3.074155920093503
3.037168384160581
2.931649019227243
2.983214042518867
2.9931483755762636
3.092039722681822
3.0757215211444944
3.0238317626658313
2.9563719691429635
2.998293758467164
3.1264138544547073
3.122709653283059
3.142718444308834
3.171078870459095
3.2194293878615876
3.0662982437368016
2.9908629025307873
2.903746773556399
2.8895806364935614
2.9615753778484857
2.932746113866008
2.8197499559186494
2.8318236525877487
2.8291665690756793
2.7719599529564407
2.8202834211388534
2.720763140268001
2.7310820805124822
2.764909059749014
2.7689633188705485
2.7540643116662915
2.713974622402759
2.6603781293311743
2.7107481765598025
2.7291937578443815
2.5969758546220154
2.547612486260013
2.4913312171202904
2.475556896362054
2.3884786341394304
2.3446498923667165
2.2820927286741033
2.237428747311046
2.278881245504715
2.2512296603441486
2.1841504121105126
2.2092105412123386
2.130355416264091
2.0824583721558656
2.033259353553246
1.992264801521401
2.0265206176885058
1.9905612267160508
1.9530061007238633
1.9834781325037518
1.968417253571185
1.9463040602682358
1.9508851633830926
1.9405414902110343
1.8772930956252603
2.028223265357998
2.635481497405392
2.7834080660393026
2.769318680205009
3.44323329627388
3.8684925834651978
3.014491987572482
3.452471692481193
3.68497774106524
3.3146447358645923
3.3734164713223875
3.085898367019691
3.57089406376063
3.4705443522526624
3.4471258346965907
3.4051451340945067
3.301314753391652
3.0388404958873405
3.0314065701038158
2.918437248622757
3.0447060855912396
3.4345616859954506
3.6942705000440834
3.900940658834332
3.4780860342264264
3.6844038172737825
3.7269640777461737
3.820872317465575
4.38011262111533
3.60271664582153
3.9673537282920144
4.01535936920227
3.9426144148380025
3.816536779833982
3.329298020643774
3.3091093423445512
3.5295511922106138
3.5497921076147065
4.144814860012028
3.745090719293665
3.841787235906886
3.513371458301169
3.342660475571507
3.4391975518872537
3.5556905278843525
3.0291852668691113
2.9479111717313766
2.8219027357715043
2.8404516406793148
2.916873513052229
2.9406720312211987
2.9306606364589367
2.9752082596274745
2.939702810706925
2.8045392286961746
2.8410792792856223
2.8715223389697524
3.134179940760162
3.0248101624820407
3.020463121788063
3.0717437665209357
3.1298598334962002
3.20251373797565
3.2151782394515562
2.9849294608596955
3.0855031569850593
2.968540447952304
2.9376369340753885
2.760896225639571
2.7462582620893543
2.5086848179170924
2.442893343496161
2.430846569242918
2.4273665963213613
2.3761200655514485
2.303159098224561
2.252282873271527
2.178778894106999
2.0557101133061937
2.0135207862449307
2.0282842001295833
2.079538518068333
2.001846191166454
1.9780547394429537
2.031120599787791
2.0347485710502182
2.001925202275087
1.9778603886884825
1.9586781321657665
1.9670410922104364
1.986180508998379
2.0057965163362224
2.0485877179206233
2.064435348808615
2.46186876403179
2.092323874242799
2.2126267267327844
2.135199423155519
2.4497949783331183
3.0002322986951895
3.2605973414802625
3.426670065723913
3.1187318054535487
3.620734468410638
3.6073482141394724
3.6385741969099277
3.898745669960791
3.9214677736522683
4.411525741108922
4.4682506799880395
4.362188726694162
4.19928145780047
4.350416958068469
4.157251153788721
4.097846013191079
4.4216731256569375
1.1522075243923366
7.6206611152776755
0.2372276673140991
103.44210061020433
78.18958027092913
123.95435440255588
2.61395496777852
112.38243425210128
96.62717336256088
138.46978754007856
134.4162185735421
168.78295365172033
164.39188918807875
37.819858803789536
60.49590203051486
3.6048834310650744
3.654519286832654
2.2038473250233195
1.4694829612892535
5.429480516512462
3.451147475513534
3.404802487691127
3.3263756092290304
3.267305758848726
3.2244367007375723
3.2553839825553683
3.1871651827161056
3.2019841660704236
3.1676952963122784
3.188577108984239
3.2238272851818817
3.187529949547299
3.249463298095897
3.419757756479479
3.4336981171737455
3.416731031386841
3.517151998571768
3.5272244479651347
3.521815303754023
3.455779196452566
3.380644613357863
3.371641735859142
3.371805244048446
3.3936822877548574
3.1921860669452524
3.099380191516362
3.2920992076213205
3.2966574672977855
3.0897407101742993
3.084117568591645
2.8960153723456807
2.787041805708374
2.6581943149455323
2.6075436689434532
2.5117608701340752
2.527098467028056
2.4460792393972324
2.4530567250832105
2.3768004495590374
2.2907846647110115
2.3276316060797804
2.3348283689219955
2.296706755088118
2.2679097272690405
2.219756609211868
2.458438975780626
2.3927654726686858
2.291612879322732
2.2602014544140467
2.289890636426013
2.2413145214144383
2.2790419624826157
2.2574549539018727
2.2412636120805587
2.2193014408063263
2.2364623784883944
2.320552633252891
2.5575869802471676
2.764071627976744
2.7913282673039337
3.019911522494528
3.393139750904088
3.790119576853446
3.40084950692764
3.5501371827416315
4.503312178888745
4.390084557606885
4.241688635149245
3.9714781576665414
3.9894982205701623
4.8460903882464565
4.324996306371908
3.834449473751051
4.316603683925729
4.463301447661508
3.9656208494412324
4.110941334941057
3.8434079423640437
4.123632594488705
3.7231627079825356
3.881870051717741
4.1038750296807915
3.990729390872544
4.274343319076675
4.3734630582558225
3.815932117739527
4.237695954184201
4.154984177042866
3.741504024291731
3.8816375266101644
3.9493997010086996
3.6116228820295646
3.6224991735293446
3.7994928190406942
3.5464125212838526
3.3270939934328436
1.2347071462565553
1.2249262561112644
0.7684299281645135
5.943074748689207
5.934264421497279
6.117094727845913
6.067647390575587
6.054489483959426
6.105132712840643
6.056649468429005
6.106886940394633
5.973944597395802
6.078572397247153
5.8265030134796625
5.6176029011839885
5.489076826095132
5.463095338776012
5.5523671084478705
5.742857861128071
5.939531530350143
5.7995346527010705
5.843961419462417
5.871142794984801
5.883683734477635
5.537277067212452
5.144135362808857
4.849178827364773
4.142963176834893
3.8025571737508796
3.537176007762072
3.834280823860882
3.7850440961257505
3.7248883186639143
3.6532139424989203
3.619102137822226
3.423180769373257
4.002505214340163
3.9147792651533995
3.679663990130361
3.8234781489598695
3.5026350806305264
3.3266802636377366
3.263643221185089
3.3971876386915025
3.5104659687074555
3.1999215129810423
4.021587856291989
4.06004479628286
4.778521986791458
4.767055163120398
4.701415749479228
4.607643914879408
4.414358948154744
4.280739790781983
3.4600014780840795
3.272152612338056
2.7967417309607554
2.7679449984594107
2.6897952535717766
2.79750670635635
2.6655872663870497
2.9309985162715653
2.8691714748480446
2.7892676289829703
2.6331252914626697
2.4707093931600226
2.408393385204633
2.4689016476276935
2.523377742221738
2.6526079962462012
2.7307999077187435
2.547544825638555
2.591398270544096
2.4922074142640165
2.5457900281741055
2.5883165672194735
2.958718557605049
3.028462333226864
3.4953072419585465
3.053543128749664
3.0782799135914707
2.8131074483800673
3.4401038068577248
3.728821964257313
4.299171805935822
4.651904250660663
4.417210339026933
4.920741590102939
4.62872126890049
5.152604301756589
4.653157600147007
4.929320444336603
5.30550930332213
5.764117115844904
5.776341681716953
5.714830165144211
5.640645388089731
5.911275640441297
5.787483479370576
5.6965267880885815
5.9034535111264725
5.500936690470162
5.3939828633673965
5.748583175116674
5.5600376102021585
5.377234575839871
5.571040406639191
5.336836722250858
5.3488348517726285
5.245661180161269
5.6591960120662215
5.889591152106905
5.481215783389292
5.346675192682398
4.8722196277278025
5.066441326027031
5.297717296091826
5.055387177477453
4.8447396167695365
4.874941904449836
4.847956986732917
5.3013011026058985
4.699745086826913
4.09321494952218
4.191344985409971
3.8629965420644172
3.956380398336125
4.241356912482808
3.8527797992838155
4.117820386125282
3.9074167078608557
4.2350179787900135
4.164752158253394
3.738562129646043
3.8292781029592726
3.703811728538184
4.359613506508977
4.388379607652485
3.9911684351620687
4.06424611163189
3.9890685969804527
3.9498296056587896
3.6639343131788733
3.837066897102491
4.4242558682357505
4.390471726373862
4.602222090272825
3.543821156241114
3.0262484558987897
3.2652604092578192
4.384808333820227
4.217364024454323
3.806163699645584
3.4973997389262457
3.242374036762287
2.840005471872342
2.5922080878250733
2.575686102958336
2.4825496419910156
2.404566777889696
2.32902039906062
2.3199713774490505
2.3263229019699834
2.3288348273566366
2.3292468412983163
2.347636436347371
2.2981295433926663
2.286793541506205
2.266946649767181
2.281170095118027
2.2966408163183054
2.2332165443549523
2.277874147803936
2.434360329179224
2.935500623115376
3.3453684229530185
3.901141971725181
4.317387192884286
4.75953363385772
4.373852843449178
4.6660176735743715
5.325552561658693
6.022061412523948
6.2541393733782265
6.243319647831307
6.5208781362178065
6.706286210795171
6.698339651047799
6.081002812061067
5.239245730119403
5.397939211200405
5.408429953906197
5.729215676749621
5.385853008596656
5.302742788262056
5.024181594697739
5.312037928331632
5.128515884551574
5.051919775424107
4.992787450197637
5.465463116670725
5.59207666345729
5.334652827479199
4.996852000600297
5.160683078957374
4.916556271379543
5.001020339858033
5.301885713303299
5.379392332644902
5.691849867771859
5.608327386845754
5.540242472938353
5.8247697824064995
4.977330190105169
5.002930015647239
5.267099627103446
5.360815847645534
5.159409667335039
4.969208961905815
5.006516194535804
4.749006805336586
4.5625421061488245
4.392492789366284
4.571299102348735
4.800113797270812
4.826833868851219
4.471976984242485
4.421248947379786
4.398565215201106
5.453098093661354
5.1798314190040795
5.156860082736119
5.105601520460032
4.861588667001221
4.729578982196218
5.1958516698428445
5.006639789415639
4.722775951648392
4.505018367901214
4.3296091815693565
4.377857469553597
3.5247017007257333
3.213062228677588
3.0444282478103744
3.0039193457816875
3.029200976581663
3.0073927344813947
3.0051825356643467
3.0293113242915135
2.9187560409773377
2.8066962612168243
2.7660954426944953
2.745230742316154
2.681528655677591
2.650197852274043
2.5766387632929244
2.5285415711196912
2.5360276739970256
2.516889935940779
2.4980411508916043
2.433118317996576
2.43409096609971
2.459578656737126
2.4534764055101976
2.4582335012138254
2.462438371879442
2.4250049575322623
2.4148485096038095
2.444709605224815
2.534616844889538
2.5572146986359776
2.678929599452604
2.318734940080273
2.3962475511663675
2.934044262789086
3.3219524224817483
3.697506778319801
3.8070367619950876
4.015560271609452
4.086276290343793
4.586494422572876
4.447664440069498
4.506277493120893
4.9053845622896475
5.000827619452816
5.41673053162213
5.2861427292070635
4.79434045786804
5.684801568177714
5.882843934582714
5.485587531683557
5.1796635166972305
5.361020425912385
5.208708458462777
5.1950446113955
5.84040185642809
6.082585597675574
6.169863396898019
6.048709846076547
5.988175050465366
5.53751998622369
5.125335700683694
4.747576801247096
5.141399328475006
4.768657884155905
4.759593952735952
4.883343625783473
5.118597441026866
4.772546691270475
5.09929574101236
5.071975954144096
4.734916163769222
4.79599112028764
5.1148048328796785
4.782068651903431
4.497192989061989
4.911936772516271
4.74663993415741
4.466335656190487
4.477788916692115
4.218610823092535
3.990744111944852
4.223462976906576
4.1995159768794394
3.773828969035749
3.358472502115078
3.504334946963151
3.638632630288437
3.5340307351859312
3.4613372268525087
3.332829430388122
3.526394875642493
3.269125272373084
3.3753236813411247
3.252166999000883
3.344753937062936
3.352423445984462
3.726016234948967
3.201442328774938
3.228215625008514
3.1335135104298146
3.0660391137633813
3.1024063639796187
3.1613621300461845
3.1320317837961613
2.915239089531878
2.672485220239587
2.68640096928675
2.788518932849317
2.5883585935720927
2.532190840677054
2.4683198277244998
2.433434909290831
2.4612225110065853
2.485223141937614
2.4912680211920257
2.455982200296827
2.4757456740384396
2.45180554215152
2.3851385050472547
2.3353017894749493
2.3890316301951686
2.294575864099449
2.308552535968668
2.2745725688781744
2.323228124518371
2.313985583869826
3.8568554538834077
2.518112887128327
2.29460876546494
3.1814512775975117
3.6880154872120423
4.171839107998838
4.400794622469278
4.45424340127262
4.561085405577719
4.30755844810701
4.336065643657721
4.700301706601251
4.8237877259000745
5.042743076732126
5.501869536312625
5.165120007193492
5.522150842327372
5.618372478151738
6.131361651816828
5.518565148051774
5.084845809000036
5.37131209953127
5.377279517237997
5.724237753061967
5.5632832652450706
5.421220217200818
5.870431856696348
6.085173627485775
5.987883283373018
5.837678175064635
5.539791672950202
5.4556935748083415
5.2380272028644805
5.553334968471757
5.334634262299856
5.243343358111946
5.153524144033976
5.593118259905649
5.735821807900219
5.193472492617487
4.916325906340592
4.729023227095288
4.414799533861902
4.7760347957692
4.426840062268532
4.31045664522569
4.093484637963189
3.8568346169778054
4.174434239399418
4.115315403845046
4.086637833284366
4.037338767558569
3.821856154098364
3.6334495934681317
3.5451245177091204
3.519743416505271
3.3706447841032587
3.4042805578359565
3.4074128170443077
3.529417995560259
3.448666262808889
3.471682871121115
3.5012713493250422
3.416365623970031
3.279355599176514
3.5500523293342994
3.492470546518324
3.320963613538333
3.3414637674221526
3.2636980274784015
3.2324025202772853
3.1396696705665854
3.065791339638677
2.8443714480207047
2.771351991087051
2.7291090230212594
2.6367623676440872
2.6935501503384423
2.64926868713236
2.5335635067150046
2.512252054130478
2.489160906518702
2.527669411214545
2.483036680091336
2.450851090394557
2.4384034572094655
2.411465236398817
2.3745370453906096
2.366284054972435
2.3322384348505123
2.315268381440359
2.2370200809816865
2.267607404291104
2.3757249327372167
2.226368820224336
2.2377487667923366
2.126419663222824
2.165436590537022
2.1977348718497463
2.281211256305028
2.810013862216057
3.314811766742695
3.326106246483766
3.4546956299789837
3.6827978949594162
3.5221029701011037
4.2531811754393685
3.5952709187066945
3.0579460543454524
3.3321934030554985
3.2335628637322635
3.30846752188227
3.0423915355135454
2.979178551411809
2.991645919066952
3.4513915870957232
3.8644164417780407
4.1358856247744304
4.494881489694159
4.433529336821047
4.068220755924763
4.363632210398748
4.087646557613514
3.561998084809502
3.354365332447778
3.6019129943381616
3.4676571404007634
3.6472675129765024
3.8663122731558137
3.8316038933487135
3.7907215655399384
3.742149816334526
3.596970125167212
3.453715923794514
3.4201106930836525
3.353311223599481
3.355072030069418
3.492644542310804
3.6459180610578654
3.399783919179061
3.2998216281710118
3.049844797975516
2.9944550355258355
3.012550417511898
3.0098255774145577
3.2870333759316885
3.0703946462458735
3.153761839704317
2.966215105790609
2.8582274439180675
2.8834241783574113
2.8826017014865943
3.0540235904687902
2.7908449496348258
2.8166417554695795
3.064632627182654
2.93482363530567
2.84059841467899
2.7403757866918736
2.7647271362229544
2.7882720499744345
2.887722300127314
2.915158551360432
2.8673506955230326
2.836372187991116
2.724548173129323
2.5814014852753706
2.547086452381031
2.585880628752278
2.7952894592315376
2.4567199452887847
2.4419650477938664
2.4103723399469925
2.3989896479967023
2.305846967459741
2.2674496971971276
2.2129896086637015
2.141696736294252
2.138890302247103
2.104226707302925
2.115877482718616
2.1287751959890224
2.0825849990856398
2.0419045379116856
2.012843860579853
2.0428327082991715
2.042952259588151
2.0931235277430202
1.981449592381078
1.9521573611234062
1.9846927178036582
2.0041949632284255
2.026095680290628
1.924297703892113
1.922398857778193
1.897776526364294
2.0083981915114713
2.199047023104828
2.310777878126233
2.104075215592943
1.987645702063831
2.1579447839768
2.328917564741104
2.585039967419506
2.530335342965188
2.6351626245807047
2.5743956097074574
2.7866147441158224
2.527353599650048
3.132894735393841
3.0665020471401783
2.826202278698754
2.7320907334131315
2.9775642822588937
3.813778599793702
3.7228627244059425
3.360344766294793
3.420221992479938
3.2528257259229094
3.4604016474178447
3.586784108451207
3.394563207340394
3.3478196064056793
3.3042647091607207
3.2505519783854586
3.3478790719431744
3.258290410456614
3.561580809897896
3.6145824823529895
3.6657416987256193
4.142539564384486
3.4865740385957404
3.0534972842905512
3.193319088607415
3.2298763228962604
3.017218424434252
3.0053508310355057
3.0936256448711115
3.4908653035627806
3.5138607245479325
2.87995072860583
2.9389191867226923
3.3310849906235913
3.319247457250138
3.150328120095854
3.353369596983908
3.4814074716620196
3.3846442569526056
3.3948261812206977
3.4811261005212413
3.3862510748500725
3.129294603826714
3.0874325704869805
2.787788219034693
3.400928901253835
3.209729396781883
3.206825883915032
3.3984315734402255
2.679784067598794
2.8119856892205695
3.0914506140338553
2.6938353995599993
2.562590746448684
2.5465856681841097
2.4718008041432284
2.4160725926312976
2.3628535045862207
2.3291301944948515
2.2700626062555846
2.282052504258331
2.1396793028989687
2.419572632596326
2.1213078883398206
2.1522970843563773
2.1441281334735884
2.1134890271989297
2.0959423557451045
2.093050380388273
2.0716835141677006
2.0696713872973214
2.0711537340204957
2.05717577157305
2.0169155069669666
2.0019283158471253
1.9848723250766676
2.4309815517893654
3.5064086823572027
3.9330774425907546
3.768187347874018
3.4444855863055706
3.379854935107824
3.9370085886409343
4.408589477693921
4.6892765575264335
4.739559266906432
5.096050025210825
5.391862901798925
5.3200766897756555
6.091820558315211
6.178266832334907
6.160661870794303
5.805269052999323
5.750126652806292
5.497292628617573
5.5533781368556845
5.4457774745200105
5.203365094253056
5.215434981590107
5.236619198913238
5.479002740066741
5.6019011322515295
5.843993838035497
5.404564573301663
5.527327097753569
5.486934726449027
5.736914562997171
6.169427218795819
6.360646741235151
6.445466823359987
6.049908883081233
5.4338620574948875
5.694420836483541
6.1372562627766465
5.927391022704943
5.885596180634474
5.969471993418739
5.696517363869357
5.574123396173652
5.347052258217888
4.748720340394909
4.35410625511195
4.610588222241928
4.34504198050482
4.124958100562585
3.987972113003933
3.7636053051248637
3.7854790922883477
3.9209647532063787
3.83614525293271
3.5828469357697927
3.41789256899679
3.367212612654298
3.3344842812189563
3.386982347299145
3.159960730201713
3.588976092074838
3.7137171543974397
3.891537904483563
3.90533282744082
3.7331440857794194
3.352357318527237
3.0570046789637035
2.712185380515157
2.832819788144125
2.8377934430521323
2.624676567553058
2.492011138920819
2.4556259190562493
2.402302800356578
2.68690531767154
2.5220824180798607
2.377766324264353
2.648121952187286
2.463876462485859
2.4164480160574295
2.5780858089125225
2.2307456827316545
2.1425727674904294
2.141926405172537
2.1221301715438092
2.129232415135828
2.1328543338433157
2.0495340782687532
2.023133120600337
1.9830512676927392
1.9764597396607977
1.9746710494812565
2.000234278663305
1.9682585301598459
1.9481181365799478
1.9325833300030182
1.9264225049629118
2.305758416135528
2.439853216376636
2.9686713729473757
2.737304096396984
3.940529929741196
3.8001370838075825
3.288534165990428
3.8681551695306244
4.3124999049700605
4.940721476911223
4.564713590811727
4.5560658438748565
4.984770996977447
5.224409085835102
5.671813906989625
5.7026078308845545
5.4822583391292525
4.915726787013633
5.039848178858464
5.477817849523899
5.2873793966524145
5.073835503432235
4.896124725542941
5.139364026163763
5.447123910492342
5.888646852792533
5.765341467516211
5.991241766358931
5.95565489980462
5.688215737668654
5.793387600598632
5.650801770034411
5.61386070042066
5.758997250472393
6.004425487389143
6.0819164743767535
6.119338680453714
5.713331852068417
5.720891447697185
5.66053560900064
5.291049413237505
4.921623412603627
5.069691628246087
4.935414129529641
4.824085544198468
4.668193486378944
4.8379427036634794
4.715585774107595
4.568850982067494
4.123871711496189
3.8182542375281066
3.904709458906627
3.7022584367568725
3.3580250358889314
3.4878115625280914
3.3893471967244198
3.2482939083411613
3.2172464803347833
3.582139344073043
3.778770495313976
3.55222387159535
3.2487050494185854
3.2730672141014487
3.378749070931064
3.278647389911793
3.1837105754120167
3.2728306488246837
3.5999525371154406
3.138194831325033
3.1116873138601826
3.0846665231479355
2.959415689616594
2.9092853042837596
2.9461726903229115
2.889806714213123
2.8618691170087973
2.8777780179134105
2.8177471815724573
2.8247450094911057
2.736329259602955
2.7651117971336365
2.697974511283494
2.7240050202223838
2.6521078982464683
2.6522605127873016
2.6214564409957153
2.5399797534507025
2.549454938202674
2.4725151655391118
2.4500268243622636
2.443296425686871
2.448241373631715
2.4157745385438383
2.4153217128716817
2.386876544274581
2.366212293771687
2.3591298277005985
1.9507622542055272
3.1027335934383964
3.5785134594116754
3.6320061573098257
3.6915375247617237
4.077817929671722
4.815185623425538
4.9950374614250075
5.153751481136955
5.422702425181783
5.254564389346397
5.0321181318795976
4.9029972472552314
5.160909727245138
5.740760253068825
6.0201998701123856
5.655406881793893
5.356598727957621
5.450128461440437
5.5149987328586905
4.889643539323549
5.241248140600833
5.327873822097308
5.442928458091952
5.880020267926994
5.638079458323752
5.814325240786713
5.987778604515087
5.928857424537308
5.886557131981014
5.934925311897598
5.854012811869338
6.049943401789367
5.966345207801958
6.168041169499031
6.0301362272088515
5.682506345710273
5.707222131401003
5.373665910638334
5.141603355750691
4.916262308012111
4.729801694203463
5.128036783597727
4.526201243739038
4.2892395517364905
4.151198640350531
4.092039095279478
3.977325794354189
4.067973799639861
4.332496636850343
4.114389143702199
3.846889622703315
4.176315084541213
3.5247813683901805
3.671688329297054
3.469177689206246
3.8151395644465222
3.536638385437495
3.449521225454618
4.0950331464545515
4.278262148833431
4.095191728005881
3.990929093595006
3.6504793922014747
3.6292442611916753
3.8059542246571887
4.131776131965689
4.3454082804466205
4.034739462333469
3.8734864196477417
3.7911941041586825
3.3967653899286567
3.331542460718154
3.14412022562762
2.7452081583896253
2.5032216650521346
2.5016030524981634
3.0470388664843338
2.4688511458392592
2.441422115550506
2.296715335322896
2.277141228083229
2.254521690479878
2.22705037789663
2.501632161730258
2.3060330489867433
2.1316586983074197
2.119138110050572
2.081146487948809
2.109101421550029
2.0865852601199286
2.070691834627778
2.077836583731833
2.06844867908062
2.454685795837371
2.3780782516264467
2.7213787273285965
3.3647357840603287
3.5082862294095443
4.165812906442628
4.3553629602531645
4.831495792681693
4.869826858071861
4.53695020316181
4.920823643088801
4.755033064271364
4.972705431637883
5.419604454908616
5.3122526140980595
5.505743913444124
5.951469406872212
5.884122328071341
6.110380406537985
5.908337865130837
5.802175441149037
5.872147266960114
6.0571317509669695
5.907558308117461
6.153674817153365
6.262646605068129
6.19138769376051
6.060988262865676
6.1647973002132455
5.982659393761285
6.377397222017834
6.540548972374802
6.360152187553006
6.110883203388611
6.384286549285568
5.8865415699588395
5.789532053553895
5.363801261499466
5.264032815023185
5.775741606816293
6.2447878143102065
5.502111813667661
5.673998906948739
5.59160321960597
5.246609790391482
4.663184797596053
4.721742824813174
4.30484525497652
4.178243997808954
4.24868127391162
4.122532286670247
4.0915484377010936
3.7919937944807764
3.9517641988797823
3.474414414501225
4.016768167561664
3.749100901475563
4.182071513545015
4.826236105364913
4.240671520515299
3.8327176577948436
3.763076979055533
3.7571461839198883
3.280353648527184
3.181382362873123
2.981376221798689
2.8169137112051987
2.7425812006791292
3.6344586521910216
2.9965924309123215
3.0375568310276364
2.7028374351047733
3.026618053070473
2.766297153256845
2.4924243845833374
2.532992923549787
2.5560475835733163
2.403282286102734
2.290289626123091
2.301523986635805
2.305015707991344
2.295025020926063
2.149708190037868
2.119327819571319
2.067938385510043
2.0896156578357545
2.0875336766988957
2.0351873739420396
1.9724948210740079
1.9509761802414813
1.9574787322884561
1.9732337227928856
1.9044615929607678
1.9024032315752983
1.9061953995238394
1.889811299756431
1.889724431803775
2.046461428637139
2.420479921412921
2.996604087159809
3.0827281471603607
3.710348278103341
3.5728134236186406
3.4120069379565057
3.872721900218691
4.250744120588831
4.6112453696975075
4.774272257029707
4.883932014291856
4.805535977806585
5.289547419133816
5.579620906926078
5.431073997748496
5.289333169755168
5.214515714919861
5.2322810644906905
5.8739157394002435
5.563881440187794
5.47541390009452
5.326992162312792
5.392081299461683
5.925573505612085
5.877153270748409
5.448759855484376
5.717006462898317
5.543048731234011
5.654542629433727
5.468482594570979
5.438258348503103
5.517143049462498
5.592414047931209
6.010242718029868
5.862930591297403
5.595469045865168
5.973280084681694
5.570392607019067
5.2455486929792565
5.017632184716648
4.786984980097111
5.001123965735825
5.030851108383264
4.980283908616312
4.401272054135213
3.947012310854723
4.157328984145445
3.855062934938002
3.8690770768622835
3.5957782169815524
3.778239207446757
3.9183998684713113
3.810310447069907
4.057653855252874
4.163923497416975
4.241054513300381
4.023577203889867
4.056290754539641
3.994288486147227
3.9162098528002662
3.7079982049731166
3.6365666299240282
3.6211172143700763
3.6544325287189743
3.300479104579077
3.342666199779825
3.587150819356999
3.7072028237370684
3.2761870495603844
2.8969578145624197
2.8352024122203203
3.142400490341309
2.9273526300413955
3.090806433495718
2.9371102867465693
2.6757218628122175
2.457381823787146
2.34284543924485
2.243212620801341
2.246803037900707
2.1927214232514314
2.2050171117845188
2.133947534343361
2.1829674958241045
2.18904113095866
2.1540680095887708
2.093562832949322
2.118263172603258
2.034373374667845
2.028342902322282
2.036279216858539
2.0017532213964024
1.93488670924463
1.985355835891084
1.9630095769636202
2.0542107683181143
2.08414632845002
2.049828057031844
2.2921904404376625
2.6939877654302804
2.617174630066248
2.5018518860710746
2.585096288104865
3.2984838103289635
3.287162196843573
3.7561292458845617
3.3404405579868692
3.2778598555085914
3.0870156961349786
3.0675265155963802
3.2592870498324675
3.7152472405284525
3.124151098989006
3.205523049567594
3.6348336038105007
3.273535831104799
3.3457951154684182
3.3774766143803765
3.391502133976632
3.5736610746809867
3.5411100460744005
3.147191564299282
4.022114826318965
3.9345856929354865
3.266678076006186
3.7446013352650716
3.8788270573017956
4.329564699903902
4.358046428393787
4.677495370969549
4.376769603035238
4.151957224991041
3.567945005311492
3.5015876594575466
3.5683535136730375
3.564537494092791
3.2940651600364523
3.0406064043196466
3.1014035806368274
3.6989099928259077
3.353217988814461
3.0752776681939094
3.2056240914233074
2.889955860531349
2.965476538972621
3.276527036441444
3.0399116435492965
3.103919821126028
3.2890283474275015
3.084478450251318
3.115077968811377
2.9771890558282856
2.8639228233057556
2.727209002980959
2.3562417383483396
2.7704861686533615
2.594032169817018
2.501943258827052
2.554952722496286
2.930049366206643
2.831175630243643
2.7212242508433286
3.1032106672775
2.8078391416996005
2.789240751768137
2.6289641114918374
2.4691640510742148
2.8806802719935862
2.782962187943809
2.4166512667908258
2.278055473703485
2.0047833080746544
2.233081940465706
2.117921832314978
1.958945219353029
1.925867561042938
1.916730493954696
1.8545252288823169
1.8423231403825329
1.8574646385381164
1.8528700503587716
1.8535394710324475
1.8355105619952268
1.7839963286665885
1.7539574408796306
1.7571486832349166
1.7956461594539403
1.9898774736150777
1.8000948881129806
1.7938729015923378
1.7666930254535245
1.8349063102500327
1.842020637154764
1.7140861483348937
1.7061269246676063
1.8347331854383382
1.9709011707372188
1.9728892539244771
1.984053410989836
2.0315094906621973
2.0271459195246697
2.1639969985875815
2.3510312139301215
2.2547987849331026
2.5804618024263655
2.7556252068687517
2.6715506212745708
2.780010177379172
2.7953901096036486
2.9773825506218063
3.1713968939068358
3.0387042078013695
2.4535481808321267
2.745321556355121
2.756321127146236
3.2632379875297817
3.4700549216680505
3.0057914170600677
2.8559893793192668
3.04118772960882
2.8325524148919388
3.0872098907647563
3.1108897826317725
3.2313571078890666
2.927076521605878
2.971152489885452
2.66647058807905
2.780396321702508
3.1091392493435066
3.138630713144646
3.4846280429569765
3.876828624034393
3.6355544444243595
3.7605637948932995
3.696868784293426
3.3835524663724157
3.516011931526081
3.045405239640081
2.964915506693822
2.7880323454950457
2.9357590363951718
2.853375989099924
2.8674878027815036
2.5305895548052852
2.6194106973902485
2.743770332604182
2.818923185995117
2.858050035304117
2.609401182574031
2.8517790454545446
2.6538814101708628
2.8058905202206987
2.948552161752787
3.1332481149219586
2.986244120670542
2.910745618925981
2.601827224626144
2.4702653275067177
2.930765200466313
2.5232167778379853
2.624830106614519
2.769939141032795
2.302751666283176
2.272200559298819
2.48516989016296
2.18804793812781
2.1704105407079846
1.9735230007210491
1.9655435137895307
1.9227184669426045
1.911107528897721
1.888502229970605
1.8472232521558827
1.8404748357134497
1.8194546179958726
1.8344447606530114
1.7421623480609365
1.7516908891298506
1.692507112244981
1.6926116765224375
1.6931319620848138
1.6572974158128086
1.670375893913993
1.6609825276394141
1.6200434049303793
1.5903850471548417
1.7563936585134943
2.394819005085881
2.382257943385869
2.6738452310845693
2.9820483220687333
3.444037000448007
3.6992419897216577
3.5276656005424805
3.9057676909977443
4.220801500096554
3.987402912045713
4.332967654230188
4.587895312528935
4.5337384923685775
4.747417993742432
4.643188472982304
4.926124913171543
5.00952273090573
4.890283843111978
5.148951975850737
5.8673290048593865
5.2907133363865695
4.9830689875790535
5.19553816950358
5.109098735745207
5.498609538611139
5.296847432847852
5.429048673341363
5.988749036818837
6.0073104513038755
5.609086113227441
5.926131677467995
5.847393417593436
5.929023056150333
5.570024840201045
5.384944899899804
5.351846743065033
4.332472617606079
4.8984806050488485
5.302246735728006
4.997924853590128
4.519798522430398
4.619260789173341
4.324383958832739
4.470845266733437
3.9744862952243865
4.435681234840182
4.2111669337269655
3.9650899536192616
3.8080709922806553
3.787353810406468
4.081542047540493
3.7351143279600274
3.2672132558935414
3.442991569385127
3.389420011025411
3.4657388344806956
3.4679453308776536
3.2806877736960316
3.0235924481010708
2.6997387193175206
2.8950272494891216
2.9864438428711004
3.099298309317335
3.048874253829501
2.980038161122205
2.9360045549675466
2.7138706529849994
2.9127046562810435
3.1734423224583512
2.8876764459959117
3.1110450922368695
2.9319283909779266
2.47491437179238
2.981829376665773
2.6808920397412876
2.8454610927490873
2.533727955545254
1.9391148669816727
1.7953960593707488
1.7962005101390035
1.7785597533778186
1.756338546795911
1.7104785751929885
1.674264559945928
1.6718727076989974
1.671087769804072
1.6637649480544237
1.6438283840247851
1.6504739743347951
1.6391020845545703
1.608297089125907
1.5888241323775243
1.6499392679095892
1.6445580620834024
1.6075863903002954
1.7607699648327262
2.086932844387704
2.117321136310916
2.114164874737348
2.440894336476733
3.1581114557417687
3.9663783001361965
4.271770627481601
3.8751973154498636
4.136529100241982
4.260762303335348
5.1137451027759155
4.902390974396637
4.6184992731045345
4.891108671684979
5.573226082930877
5.458388706936367
5.493274739336691
5.838314878966793
5.527603070403412
5.247699640545426
6.09557957662915
5.235249886908798
5.638938808506266
5.220447852636509
5.375825502436935
5.5460089506228325
5.634420969489954
5.594682106489832
5.815676585608604
6.146284186378726
6.0607242820085006
5.71849373102891
5.751447646536575
6.000315963723242
5.9289523107088975
5.828824148782608
6.1366848862004755
6.061999001320656
5.227039868996836
5.0321708520877015
5.077974034406603
4.281059077790636
4.362545118607643
4.7014145384985095
4.1677261473074205
4.683132898774885
3.9574853251924984
3.9005467893208854
3.771160312581036
4.030819132172077
4.035890659908311
4.372162595352943
4.099995733521343
3.9525229330314566
4.024173864998874
3.6627411886250574
3.174518985412255
3.738185736708968
3.486302314400744
3.2255947752318646
3.2231722939063254
3.7477087663360136
3.6425378715761023
3.394492787814649
3.322110240672327
3.721979723021805
3.67440226696941
2.953211306493246
2.8930486396041473
4.242295837670181
3.41930775195488
2.544998788592709
2.468454061125448
2.558418750979447
3.522705868581279
2.135274285168196
2.0738914957838728
2.036878086198189
3.002293787608406
2.1659527895304014
2.086904145611314
2.001041308448647
1.959496333450284
1.9281012545662828
1.9178328810546894
2.7458798919397966
3.647765385928812
1.832463953487932
3.1937232662495396
2.8917605467791807
3.220370105740533
3.182482996593376
3.4338161890577723
3.3382583386234583
3.336201790230294
3.1255511463003347
3.275187001498908
2.9798630239455273
3.194366008799123
3.5952092723886153
3.102523302438097
4.121649636632819
4.182796382716846
3.520052983923531
4.021196512029307
4.663157417031316
4.766411556512074
4.525916356287229
4.879382963112911
4.959720206589722
5.298667738987795
6.1836584219938056
6.090305358129045
6.151499025100999
5.974148482616115
5.940068754778305
5.771286591822765
5.476445901439595
5.385786116963806
5.642903724142278
5.498392823855247
5.494365120355876
5.287731699303118
5.358519153944484
5.196911787534352
5.897326674688708
5.845107513442945
5.475378332644908
5.2855484143826885
5.128084623631758
5.188429088016671
5.281749799538483
4.76883125185622
4.962587838969613
5.122881357930493
4.851862465450994
4.294249414519659
3.910537251069532
4.292915788289696
4.69878022975941
4.415614288219777
4.072968489387764
4.009661394049186
4.123376049899315
3.953217548972677
3.879043688933158
4.011217145554883
3.7836629043789514
3.964181927240684
3.9288184290812462
3.8826530097213463
3.6799591024101157
3.6432600692975803
3.7058599284295313
3.458037861018059
3.2877897690553386
3.2467489568182804
3.1945335219226605
3.2421007696442494
3.371729903236372
3.3953676436601183
3.1348049317862547
3.039014965672305
2.8226202186815956
2.7291894817365874
3.1375597665979935
3.105525545705144
3.6618682950235057
3.0682487595066807
2.798360461308165
2.8649769233310938
2.9313306129280634
2.6976250394339587
2.5025129087191385
2.3416737308529303
2.3871662831510063
2.2463165322766256
2.0302331305584684
1.9744440137928485
1.9378359716584266
1.9225459335510864
1.8790035927066135
1.8856788275709586
1.928289166402042
1.882477406955609
1.9852615250466392
1.8679043509324993
1.9361867706690654
1.8013075431405299
1.9468228197381456
2.1407556026468146
2.3882590579704805
2.778886360838389
2.874877386861105
2.6952452804548006
3.156436940331455
4.151457748369137
4.192760871569896
4.129445913485697
4.273772285428405
5.167696665744165
5.359973597733645
5.325960064288596
4.992549049038548
5.078975579242336
5.555080763710817
5.27217229421759
5.597881483141105
5.585312963584041
5.972687375007566
6.2816121074999
6.150460765825359
5.836579348862537
5.906678322159868
5.989145038752449
5.368405355121493
5.527953641675069
5.683903760704586
5.966295691459716
6.02118272790268
5.786267926449819
5.4327584121571535
5.289367259644999
5.798407582876086
5.489195385638798
5.5051283404955775
5.349443020519931
5.735643799259352
5.51144100613816
5.327634841975778
5.246530367532734
4.935922357789565
4.984448565992407
5.501575409773544
4.658374557107653
4.345419477357505
3.9711934312411974
4.143174012786784
4.108575372663492
4.106725630915151
3.729597151821722
3.3894346600926992
3.407737461032809
3.3728174432147746
3.3964215764771932
3.3755083205683647
3.1552651617035146
3.4326333155000124
3.3195725090677186
3.451739229274326
3.0961479621173082
2.7920890101603537
2.8266442095653885
2.8363746917106396
2.800238388123254
3.1438561561636784
3.0748448180184473
2.846253954002072
2.5058676071375374
2.444077331985344
2.4982864955677995
2.788409046590382
2.4113586236598588
2.38687640470721
2.375010552509805
2.4406883117673623
2.4267618412933216
2.4149341927848287
2.16724246604127
2.321414909979507
2.2853745471995395
2.053224613339113
2.08269911719792
2.0668579153150404
2.066412404697277
2.035915914639068
2.030778442340746
2.014219756283142
1.9633674142233057
1.9108434812377526
1.8939357504203707
1.8102055917865973
1.9379946166225248
1.9127090656936603
1.914262553482379
1.8856708265970228
1.8734717878313978
1.889397325750064
1.9315571003007823
2.136528800124602
2.536691529056843
2.728542972737416
2.8000785097052954
2.82690925405894
3.5723531461071523
3.9560714992274986
3.6957732512763255
4.2400534264524214
4.543380037948663
4.574668706607966
5.2251432845723
5.929658620073878
5.6636726476065125
4.90289602771052
5.0065224728036215
4.941960101390436
4.751052643280933
5.19608707048045
5.178924941596293
4.815963566984998
5.277001895903061
5.41828190051456
5.498522766423669
5.609549123970171
5.630203806158038
5.474027852578205
5.62000298910383
5.458500906579725
5.778143492317534
5.412614232463348
5.58373574816692
5.163410066943524
5.4736764019627735
6.118117623605401
6.2964913835095695
5.41269693034363
5.267933940374479
5.307248969228955
4.825648386116908
4.360007043317564
4.110654736408672
3.9010215283586627
4.072419661057047
3.893388342713046
3.3679051624486678
3.440115084792145
3.539956781223181
3.903666661685462
3.393942301513839
3.0156256845562948
3.0534824282070097
3.264379650536349
3.070822030767033
2.9131267662376477
3.1218368466936344
3.467180180949501
3.5158789610093106
3.1736067172280773
3.2562197355739118
3.2850327047496504
3.0955944291139765
2.8860831517366496
2.913588148636515
2.644221965030466
2.5250811320190003
2.696719518069469
2.563342800209203
2.6062241683702796
2.8507498287535102
2.678535932975573
2.583884149629455
2.5711210685447314
2.6712020301182626
2.587758530092324
2.2765633324741286
2.6434546931623566
2.610709938866688
2.586212788430114
2.3943660444749773
2.2420172835138423
2.0441239794400725
2.045186913057176
2.0559375946136544
2.0678451271973537
1.9213163836397635
2.029883788230393
1.8710979490974966
2.147855550789016
2.023678399817574
2.0517376765013213
2.369112101021405
2.0909092092189194
1.914669189107798
1.8587571399708782
1.804109322547637
1.7808671656399513
1.948781434907298
2.299391240001817
2.047655959097777
2.2185429017226723
2.208653091301467
2.1699092606151913
2.453541150377618
2.4672205862377647
2.599457173149888
2.74904112990956
3.040707369710086
3.48389534363929
3.58400736514261
3.2936786473793975
3.3736064565661747
3.6066332750044
3.4682253889382397
3.8217903218217915
3.6273434718540547
3.0844673507010305
3.203334244018754
3.5602068742083457
3.5046335654377074
3.6131811532885694
3.120181415487773
3.3497657046729237
3.402546081630749
3.2176532373472075
3.1231245583291427
3.3351789354423227
3.1783372165112405
3.726403869408151
4.1364527519835
3.3824615824766826
2.9751472071863754
2.9384203546481
3.2416485865764395
3.155495748829737
2.91986922555187
2.8439567717602006
3.0614632151400794
2.819328969093992
2.8457634914754864
3.0481021083145516
2.6698622668115646
2.8468919882938644
2.9059046894534486
2.7534753677299078
2.8056704871644396
2.6390643743716313
2.9705111765503878
3.296354319060824
2.730062428134699
2.5841960991660233
2.854178729438856
2.712811414367813
2.716271556207216
2.5307897684591385
2.598556018201421
2.6484524355435277
2.1889436316870547
2.3763481080895623
2.451896104854905
2.3197744370526525
2.1742950048649083
2.2071499416387055
2.18471983381082
2.087282492392228
2.19500017490111
2.172539761427399
2.033076423164897
2.295995012588691
2.2895697233944046
2.1894932084775576
2.219500316354643
2.0131172716812333
1.8843444351868204
1.7765070718301208
1.908309034354519
1.8417616406162014
1.7880343214099093
1.7692213009905868
1.8020662054949483
1.8038610738859604
1.755456656320645
1.7498707553245747
1.8694628273188267
2.00765837491078
1.6485600017659872
1.6674007766781243
1.6992703478777922
1.646148686853543
1.669741318153706
1.6647399763061945
1.6293977876767822
1.641566089729706
1.6334219242630683
1.677776787815258
1.525666916984753
1.640681761070672
1.6105405388897198
1.6609282452301708
1.866816634260861
1.6696196228525793
1.8197049695328809
1.7983540040320412
1.8919407155860815
1.8975206627546846
2.08621008161769
2.140263282670812
2.302031176996512
2.2322617356492356
2.4715648155642693
2.2781755686953473
2.271961165743834
2.344105074380552
2.5876689627613523
2.5427767669432373
2.551299463795947
2.8367593050853657
2.812740008848754
2.764196393216152
2.987131325856404
2.9174123973125536
3.0026077068903474
3.1570064835272986
2.86308268627735
2.8578036768302617
2.912102388576303
2.8471574470458285
3.0311098600263713
2.843605490013192
2.7540388935615847
3.689954361141928
3.188821847225595
2.854674381543582
3.1076828059631914
3.0366464048213895
2.7237030964240763
2.906584936416754
2.906217846518437
3.149480274735704
3.1412172455779275
2.823083247670395
2.6142749185870446
2.7681262874790864
2.725415123763892
2.6222814506786984
2.9487352589122744
2.970033686955332
2.625444233734176
2.8622819142955986
2.6240730096936598
2.827764393005222
2.6727336262798254
2.725205697345135
2.7599263698751377
2.995068919004678
2.6456024706579697
2.8899931797232052
2.7504622441864814
2.7348306532666573
2.3063126590938223
2.3416051190684546
2.2903123879405674
2.419192535957699
2.0341947868226637
2.1052365446932697
1.9411325440436056
1.975393769763111
2.1314915714580636
2.102101372522234
1.8720912616010468
1.8631482225569302
1.8277094955804147
1.7488400162116267
1.7518564193044999
1.724990851800486
1.730741449904041
1.6929742639515553
1.7216559699621927
1.668103776004827
1.673238777028731
1.6437471684076397
1.653825849747722
1.6108199646020454
1.595384727286875
1.5812631563228554
1.5602875265832017
1.5833968404719112
0.031102328496782218
7.423991646879839
4.848927765112572
4.97925441563769
5.04955323398075
4.654427175577701
4.196569059379125
4.276106896188192
4.314491797044399
4.036146559078307
3.9913766693320936
3.884159633427966
3.678283711332857
4.011525890385965
3.5157554700257396
3.559911796135456
3.4110449838468138
3.2626117373319197
3.2597458460545368
3.212368990359278
3.009565878210971
3.0607476410007264
3.133105528777437
3.310505403119522
3.5842184662587218
3.5218682308073817
3.3055068764186486
3.045039900645481
3.0010651935939032
2.998556112678571
3.1301892968656153
2.75694826122294
2.7887924251790692
2.462762711644197
2.5674023002495083
2.774720910281585
2.762244537847899
2.8035741627566377
2.704904617305149
2.2485534592184857
2.0528129930670214
2.302420801440925
2.0860011735613613
1.9426116394833088
1.8176074590085196
1.9754929294474297
2.039809418439438
1.97794244931702
1.7485007409120459
1.7363437861912647
1.6976801649303395
1.6996846363742222
1.7292247845680109
1.707347885171878
1.7108170967918506
1.6450547192829654
1.6724456583159804
1.619454839777662
1.8170407198033407
1.8348855944470865
2.298506700409282
2.4145579898044267
2.875556020930948
3.3137877292470446
3.27500825931068
3.3927183743308595
3.574986611374019
3.7341229038546415
4.16980387333156
4.4636844212764535
4.858339133132178
4.619372486945539
4.401712085160716
4.599002951240155
4.9462924703458695
5.494914436010331
5.340651880470455
5.236121497466209
5.149193568520575
5.365193862609708
5.4925298733026615
5.356231401929414
5.308161831305218
5.498025584896661
5.587405101090213
5.560644068904162
5.661507221857848
6.056136182021704
5.928133781931644
5.956785058948737
6.546551365087364
6.442075425225498
5.828850242189692
5.6031035791042445
5.436293714530279
5.0716168334605465
5.006624390991069
5.140536337003301
5.111364743977869
5.015919771437261
5.03515385905094
4.842771719926481
4.7486375361082835
4.54795269861873
4.431378029972039
4.562189394317719
4.3866390251470415
4.490529545221895
4.15125569044777
4.3151653676581825
4.077892106632509
4.071138941841353
3.9773362944845885
3.9110517871348485
4.005959393199257
3.7834983721626334
3.6071560807960976
3.8927820361539474
3.5414741596539967
3.7467206438592484
3.766086938111032
4.190449397024877
3.9975101985625163
3.7760186556289788
3.5245565244551047
3.3497643049787724
3.2299644083436196
3.194326075531054
2.4709296009471484
2.668211197890245
2.3602762050472745
2.5795685526522742
2.630289018555283
2.464110803803219
2.4964106257121648
2.3902836629686437
2.3745179436618113
2.6250592633968166
2.329486089089138
2.059580697371026
2.2952875098148287
2.080468396804906
2.0800864289323298
2.05015300726979
1.9132009832786538
1.7970859017138192
2.114596261297363
1.9162494570406507
1.8012164444656735
1.7966415719451803
1.767771987456086
1.7816571410822049
1.757597193174961
1.7658865039757112
1.7901843992911546
1.9250835169618217
2.088470953796177
2.5339314476338832
2.7959913968241388
3.0413783626729787
3.2477059857981962
4.12466746842319
4.011086457694007
4.382511947451133
4.756773943911211
4.808316591295209
4.905231305416257
4.551862041391537
5.011692313966833
5.356708196827008
5.073833238333968
5.140929925615527
5.470311602274155
5.4246780322797115
5.676047774758879
6.1022675100164205
6.207420132493963
6.320435534993006
6.024478080675117
5.920148638191961
6.087996400383879
6.228819062603225
6.411930338170268
6.604008681784999
6.706375576527215
6.928787725292433
6.636640725158441
6.300611815214913
5.586004894965792
5.328352122603796
5.180406276432035
5.413658516939427
5.277299821628314
4.872592933487233
5.016300220533801
5.04508641730761
5.010867409717392
4.36077918602685
4.449454886705716
4.72923195300539
5.170478741903175
4.901352527713854
4.2454453365640274
3.9055229231443183
3.6838716432617016
3.8064008848817266
3.691030396984576
3.302370311399199
3.5611202101970534
3.3520748170486114
3.2130397046469064
3.711546920661069
3.5199230059063145
3.784973319765728
3.4253682293905725
3.459972716641983
3.2733761125387635
3.2054322263943584
3.3771355899362994
3.6241700129711623
3.492446102622445
3.395700850429223
3.579019364273264
3.7078061594982823
3.371779147295628
3.5455936555325507
3.204438582777183
3.2081633717500644
2.8757098469834474
3.237226339565649
2.4673704848817524
2.608156657685782
2.3945135699994617
2.390304188249998
2.6810249700377478
2.379193439952988
2.086340627837873
2.076979599836692
1.8840520244089736
1.9279263660272585
1.9978611805645583
1.7264778270842132
1.653857509171598
1.6600665831721417
1.6300945098101622
1.5897796268853748
1.5614701189555698
1.7795612544494595
1.5623790162013347
1.8235417676902392
1.8008698073211562
2.4139002121993296
2.4770004339945375
2.874686755702838
2.9125088069224168
3.6547132113497485
3.8058393728187783
4.410128444324686
4.533735658057187
4.888254032035327
4.808676956672175
5.16552695328884
5.611943898238708
6.499532340252706
6.107798312472937
5.806972592503583
5.912750592655556
6.253334612186913
5.819251429123394
5.4325992500448095
5.330593911777862
5.1924300904904666
5.064824697019198
4.9224077160305715
5.099555060006338
5.101980126374215
5.049763838700605
4.967763370112824
5.333296175645913
5.3038426503115215
6.443555643933423
5.193297806991843
5.883128002181221
5.7234033435340095
5.282918340020444
5.525196897279054
5.020890234551223
5.360319938504868
4.967175003131179
4.66105881641344
4.450928658829696
4.709983408320634
4.501793703903375
3.9934211647130398
3.6842068632282863
3.626445358751879
3.3901822098618815
3.7182057895071696
3.625960267146157
3.4373835431582176
3.4825052958743994
3.8866145180058407
3.267955962685277
4.130805812363559
3.532079087255304
3.4586178177144817
3.15659355672541
3.2243174959455416
3.1977648615047496
2.7631804821422477
2.958277833998847
2.9655224372694393
2.868849816789433
2.9814467064889425
2.974330151913977
2.858073991640359
2.633628511562263
2.5838506794836533
2.3921291924012844
2.6192213619622993
2.546981107020182
2.510479889411526
2.412806866865301
2.5319166120142103
2.6408597572975667
2.308819615470003
2.128245157088606
2.021597699932883
2.0092047861018387
1.9621015163186197
1.934695440325062
2.049923443744098
1.8843223321868394
2.00006908211746
1.9184676312677968
1.906243825100462
1.9195977712177834
1.8849168354865122
1.9064182433451595
1.8373222867387267
1.8400714531531093
1.8432963805599039
1.827432275616962
1.8047308834974312
1.7922952255567626
1.7987221239282634
1.763204849899308
1.8116705168419134
1.9205861703791898
1.88629114146303
1.7671809516291577
1.7219828050337749
1.9891391661311368
2.289382214502971
2.3664363201207292
2.3539504820637975
2.759364731606769
2.5377286606000644
2.31368724780515
2.6103786628874412
2.2780039777172307
2.611991290092776
2.6068970675029535
2.7663793473305542
2.7487636742243917
2.8620969195219423
2.8543180877292
3.3650974617943885
3.4758124869949065
3.599033758883424
3.8829054731135297
3.483526320362256
3.652515472648079
3.779388324364734
3.726607899508753
2.770308490135488
3.159575134905249
2.978358488629181
3.1825740047952906
2.922295937625036
2.7863458172251137
2.6683682166853355
3.1026710435812976
2.8037832112065035
3.02154712473414
2.9608234772980038
2.913853917310736
2.8990441179113247
2.862847050120367
2.932585279311977
2.862326064078858
3.2479082525664387
2.7086797325615235
2.491418024621329
2.2347235761421267
2.3232770262856763
2.2989436736526345
2.362740723235567
2.23538306147544
2.4748646386632034
2.3323139650786797
2.207382218896326
2.4282876982653043
2.280072222725026
2.3117597819309497
2.258565726479446
2.144681197720812
2.241503954999775
2.219833622245678
2.2370726100180747
2.2013623053183773
2.000615434291472
2.001195572663791
2.0608844102282955
1.9218338024114532
1.9454735588863354
2.0374017103587603
1.9932808021318298
1.9016272705920403
1.8234802370013392
1.810951623364777
2.1745438328553908
2.177042649726755
1.997181398062074
1.963127524145794
1.8755760618324837
1.766180942764988
1.8024378077684127
1.7328592861597278
1.7258946035575393
1.7599663701732846
1.753161271115813
1.756397317480565
1.9053733732614282
1.6773914339900329
1.7934720360677892
2.003212888734202
1.8799485664006386
1.8786970330446815
2.2429202160447637
2.072358478371623
1.955276621128193
1.920066262995017
1.8338393227341403
2.024075254639378
1.848690820863466
1.527961810665491
1.5484954387005063
1.5349583421904018
1.5332415656299878
1.615431776759862
1.4770177929148265
1.5722392150983542
1.6551603988383246
1.661101472459686
1.7300907542687012
1.955858193881027
1.7798723897934492
1.908004206508492
2.218369034683831
2.0082781761046498
2.049907795171224
1.8858855003647923
1.966669359614508
1.9479024142734542
1.9915524801136066
1.9638277692412809
2.3428716486547736
2.2901258615034545
2.0144380262840715
2.032666004214509
2.144791124681023
2.138475894637116
2.2814568798021564
2.456521050805705
2.7024812053051672
2.9789808302356913
2.447299241737524
2.5298145871239215
2.3731564289906664
2.5595772024219805
2.638323512137859
2.760432167987125
2.8810414853108326
2.692057508478598
2.9790723030927424
2.7612567402137294
3.190528519702893
2.8913313002447887
2.464215327341359
2.603044338143564
2.6431814568362926
2.397321552043261
2.4878650491215475
2.376353203792136
2.502898483508646
2.4310564447298355
2.5691668548192075
2.5077510412669275
2.5566509140446416
2.6634526865433545
2.791294536815119
2.5535001730431
2.6880023936885276
2.5393720427835813
2.6342178836369823
2.9755261897288654
2.9411113813420493
2.8650939213442217
2.6016359785393712
2.568893996819229
2.479476059470099
2.4564080431408337
2.7142059363533164
2.5987094457902664
2.3570453493607384
2.1266317802820214
2.3244268150898155
2.389912171078346
2.060330025142567
1.8153839964164609
1.7913235195039388
1.7026808579579014
1.7777660258347066
1.634961435533662
1.7260757230691992
1.6841524715057978
1.683663236239
1.657335096723505
1.6606772073913059
1.7453401267189002
1.5890827721335796
1.571014600441922
1.599648963141983
1.5653531997657044
1.5735504368960296
1.5273306841154273
1.5148610720610958
1.5199005469314446
1.539589479446237
1.6359452806115544
2.524591382539181
2.792826468965604
3.0732660775295546
3.2659187901813205
3.3489233940362437
3.4941583243697165
3.72315316869482
3.508458820562436
3.961460371905118
4.322799143902012
4.385705504720665
4.585090596499063
4.536692010003616
4.7665135319445096
5.15645002488807
5.006557519874893
5.034079768133025
5.509174749759721
5.404826074551761
5.987597924573301
5.645708769546191
5.514683184061491
5.180735705688699
5.646614615240451
5.495416714826018
5.456597644064619
5.543797700261073
5.6451140793093035
5.631188279963303
5.761874126793401
5.5706106022134865
6.010667112359853
5.539753514079012
5.930019081553927
6.4841664366951335
5.714977190549769
5.005510393740643
4.972169021707767
4.980711980167631
4.890445640627386
4.707375137903852
4.343291424653346
4.575907764539932
4.0562708252152415
4.040072239101587
4.283644924234995
4.638390731897961
4.10087078725203
3.743447637046364
3.3377740671283105
3.2355372274485665
3.323197839368044
3.351951328893624
3.155719720373677
3.0634202492502625
3.275610220907241
3.1657688374813873
3.202036532001651
3.1139500876943877
3.0896393094590056
3.179289174553267
3.582913860094182
3.6525053061186434
3.4491168344614387
3.316717822829868
3.123216770317044
3.261545547394096
3.0040429542898828
3.001958381717854
3.0489140619215402
2.718063668918248
2.559933730747509
2.751628117807333
3.1248953949846787
3.1773414362963024
2.689059758733498
2.7775666022960808
2.6670310381291333
2.492174344618042
2.446566714101991
2.1024586804639775
2.1089458834042003
2.0136058819254345
1.9205234179012725
1.6429375223324514
1.834020678991079
1.5639733093423815
1.5626532996548042
1.5706873953848355
1.607160564269778
1.6653758909735055
1.6864449914671928
1.5636998107353877
1.6907526585589483
1.800964577861141
2.054702046875399
2.690173545885952
2.6889238522308117
3.0839100383828493
3.2262451859703254
3.752266428596934
4.27999565630621
4.4907850414555135
4.730843315856947
4.956432988147184
6.123474024933642
5.840365009090777
5.745005615880687
5.961068142881611
5.8343490836896805
5.820105641453845
5.7265797637337315
5.526355077846106
5.2280589733370215
5.529625783210692
5.564627842630391
6.015209565514051
6.089126647276983
6.026916706516892
6.0705896360492595
5.906290093007845
5.955296655840621
5.840566144556858
5.670292564298672
5.843007340006232
5.6235023861980835
5.701639648667922
5.813524568630896
5.543482183931158
4.898633669080809
4.9996504331367335
4.979714360713772
5.131240759626645
5.406625596116183
5.346311059658627
4.96714387937847
4.540303233837694
4.316854433981584
4.061862636302565
4.028415394675968
4.084491720707359
3.88919268547019
3.8079705597705438
3.5753988847818907
3.2982741813806116
3.4238301685282666
3.5431620487222135
3.5247829630827723
3.326528204396483
3.773892241296713
3.5222179539358662
3.431680475819311
3.005717259321034
3.017562949309612
2.9177355978741337
3.117229550141182
3.112798699498845
3.0438274591359087
3.1689380144436208
3.4033679288738563
2.9963823187461327
2.7148980471357747
2.7366210312071297
2.5638437749152647
3.1263916475751907
2.728223342583025
2.292312766686464
2.132145298096465
2.6375182530372556
2.2825862042643608
2.4135446535337586
2.0627756635880243
2.047413698791438
2.0614191669622173
1.762497127955348
1.6595820252602607
1.909836621642216
1.6632918660044615
1.6202049033191641
1.6210611628367837
1.5541704801080596
1.6565016265020998
1.537251851957085
1.5422223573888014
1.4785236097091103
1.4725464089327032
1.6634899224586586
1.686546218041556
1.4938095995984462
1.574599890755282
1.6268474709544
1.6766227624659764
2.1479628151419945
2.5439415736389757
2.9010750283724884
3.273455368084847
3.324632963714106
3.5110100996626454
3.9950776731554356
4.169956617302572
4.087794625315833
4.165011847611032
4.616688355671853
4.615468845694347
4.5449025598822
4.924908593739829
5.202145774750293
5.294707903923011
5.322464720623261
4.979542644742184
5.115998854318209
4.677168031580709
4.710084227940733
4.7464577305606195
5.062281632861319
5.110680977552318
5.599059502747545
6.173619240663544
6.389139996004
5.8644638803134574
5.7421685118915695
5.910613650261039
5.515187569157607
5.600903792652887
4.736895944682318
4.843908072419296
4.555730640801477
4.342158931625734
4.19988415086993
4.523381488831112
4.695037609316217
4.259634073341007
4.147492295010869
4.228324404664414
3.7838507845157516
3.5880211454510276
3.5584504506942927
3.388835109321472
3.400168801196436
3.548914352245963
3.105363385040561
3.111824848166455
3.0060486243885634
3.0207640712228376
3.1985553829748476
2.9825815756848617
2.8156043722699726
2.857084700399431
2.9916472803133796
3.049905474123991
3.39660038113047
3.1660528815313764
3.167588013936445
2.706577080017586
2.6190436657553264
2.8890444778585995
2.615255804810176
2.208428336019183
2.2224687987394454
2.198801365109373
2.383174164299663
2.2880696336968955
2.198340288446914
2.0046969786479876
2.0225763046934757
2.0113827178090924
2.1242055033448963
1.9638636370127254
2.0838898735841798
1.9689679234062285
2.3143432274399323
2.1853146478530685
2.248917428043032
2.3635739727663485
2.273104537827625
2.2207119171307177
1.905038498030169
1.9700084086097711
1.9855789923619473
1.8510151460132154
2.1439081080319453
1.9878731040182305
1.9762194650290819
1.9074967368069071
1.8932459599853289
2.125414715403001
2.209309005506045
2.3961962028676465
2.8628862647735986
3.3930562785021032
3.308769017016841
3.4871557409305636
3.737464034512158
3.8519142739139585
3.76937092203592
4.478530966543745
4.705270277813771
5.086818459749492
5.005792455389183
4.996806970362532
4.837283171425027
4.81410656751519
4.777597497906541
5.060937517192309
4.990081200229431
4.8612690225749144
5.484524822931975
5.565134318620989
5.049521081297374
5.413195735599396
5.237639015644202
5.66415985011272
5.666596664659987
5.6200924446141585
5.4939628658344875
5.191991586289152
5.226799390546174
5.192384524308716
5.553466517226803
5.213537867151325
4.789215144539128
4.743942307740206
4.750328416102419
4.782157565041832
4.793637323259775
4.58664983345964
4.350931011609984
4.552080804590695
4.7203217624765
4.565310295018953
4.541375289839706
4.057749822614615
3.611325720237987
3.121675349352082
3.2135645965270974
3.288702081626239
3.1375404743366926
2.994566001087885
3.225125994096937
3.2374452917401753
3.2841319071240362
2.9891943840513813
3.042491074301524
3.2052783660793427
3.3296188147157704
3.232933883675236
3.3476623167964434
3.4067681773412137
3.4018849216993794
2.9557746913107845
3.1701037481517167
2.7896983058571108
2.9368636276791356
2.853190934924453
2.7085651701563833
2.2270390431478755
2.590533929539207
2.7906523297691073
2.5821340005655666
2.717021498808155
2.7645085769989053
2.7777050306674615
2.652500300091027
2.4564093534888922
2.2803511312009825
2.0562132478292887
2.54467442174381
1.7840771175534156
1.728234747511976
1.7282757754756288
1.680466386274068
1.564645928154582
1.7418937784894872
1.8153325030084975
1.9693934504210358
1.829776499149513
1.8046402176266592
1.683180348347939
1.7321415284205834
1.8678669369462348
1.9714533576800197
2.277594382176934
2.371169494451227
2.5479228634702364
2.793811796584778
2.7722989882435303
3.0790415030316387
2.921198002755186
3.7559297920147485
3.8194135005038614
3.524080793987489
3.6580809571323534
3.5724058626417277
3.730998160885795
4.051437990053998
3.923595766005884
4.415002312269782
4.707092346208438
4.977492252068942
4.595960889875866
4.874127620936807
5.1451527324730995
5.112180784369643
5.247006639505786
5.449772497948183
5.246643713190978
5.253312882459958
5.367144302840836
5.1914572960258205
4.7730733319053495
4.874530008464887
4.783078474705311
5.166760609821339
5.181052893757195
4.919469152696808
4.840488900671359
5.110074256595908
4.694866614407091
4.9535865244591895
5.073293912654704
4.839584948670564
4.5793507388658545
4.147278544821764
3.75624586703247
4.037180068179934
3.900158946243115
3.8335232317250014
4.314670963009811
3.902778281713053
3.3637797669087472
3.0059089744819922
3.1256189331347253
2.8472632561600086
2.924809664683526
2.5545661379695344
2.607366807072986
2.6973820255158185
3.394517186276335
3.3966064953943462
3.2803227199657226
2.582227648688875
2.716198622574329
2.79250181059922
2.556435457399327
2.5674179433423454
2.410097649919063
2.3583796215262676
2.329612670876638
2.649788250987292
2.495445513684686
2.626176952070173
2.349766640510899
2.3239696046354292
2.356574826994397
2.44024942064841
2.099269508151847
2.354857438737545
2.1915585770651793
2.102312875942848
2.560368075121814
2.311551739118477
2.234932420518748
1.7796622003574958
1.8153647879656185
1.8799798970610497
1.777533820128863
1.7025336916270333
1.6421589278122293
1.5991481047627454
1.5337493264991973
1.5377140054929817
1.517776958363903
1.5708731354260836
1.4452904469802397
1.6270231067545702
1.5558232112506512
1.932982351534802
1.5104948236935045
1.6847475784521
1.5848383274088094
1.6219107518479974
1.815518238285672
2.197908242208241
2.332140186742138
2.549693483873806
2.503010316918086
2.36361893480657
2.5399798471175927
2.9885935425302965
2.580300564451043
2.655212148831438
2.709880415504739
2.7019426508271454
3.1360508567193706
3.2878062420553635
3.147522369853129
2.8040730963583305
3.0226016779361284
3.181781538666247
2.848771908383378
2.6877628868033487
2.441206294054576
2.81215647283261
3.1845500651855723
3.269364199138447
3.127212870800954
2.6992405708052947
2.47534645834928
2.8162512377586957
2.6346172976531044
2.893365546258461
2.9909674217070332
2.851872578162253
2.9797040868740967
3.0466818614814946
2.839298044400855
2.8808539341248673
3.1988776251388202
3.197922681816491
3.072403320794993
3.1751115860174015
3.202529719857193
3.337944248854391
3.0064068457501154
3.0722508799742134
2.7211012970119324
2.859880215500131
2.787616653193674
2.3637320692022015
2.19364676284364
2.332179417341405
2.825713993135925
2.4567043077458783
2.554728573139302
2.7848327114187343
2.8961168548195806
2.7373984541587673
2.6377539956546743
2.9359547149079708
3.0371403681678073
2.7151770135799094
2.4489640444953213
2.4013064033419487
2.58637360439629
2.53449660584913
2.50338903092758
2.2116402466654357
1.9866560385353902
2.145387214809087
2.0077705369766634
2.1226673677123395
2.0475490697146688
2.111196602268804
1.928486782729907
1.7350357132797518
1.8646527524212966
2.114123492684295
1.8721230379831388
1.8817385591929423
1.7554893126094167
1.6045406864492349
1.6533848910834341
2.264157008145341
1.855091954799524
1.6139178930926332
1.4979336935924474
1.5457814941934813
1.5582695220118767
1.5463719476275084
1.6055828921026323
1.5709013705425903
1.5818081096972265
1.5393908633583842
1.5036584298988842
1.4745345632513853
1.464514945484464
1.4779075838462676
1.4817646415230712
1.4950769618010293
1.5258132676509089
2.0102026185392563
1.7148166345805054
1.8283029391174135
1.804808555273083
1.811575487249986
1.7982120964668584
2.1657214361959567
2.2997552761218443
2.1867701982488357
2.1853714120092183
2.286810746505664
2.216447074907123
2.4544319149954674
2.2116706227206797
2.343115051678276
2.38123152885753
2.457035796188135
2.4295187508569103
2.297203687178867
2.5077365054387926
2.4454431277057993
2.519261000518706
2.2479711989555353
2.5177677674047274
2.746806440145393
2.371321444441052
2.36236730755891
2.5422567201939277
2.499649730195562
2.2112386471989813
2.347861996337758
2.429741095193941
2.52106328736835
2.9114473206988536
2.500729447887211
2.4433000003283243
2.383579157035686
2.203381237955687
2.4152436191043307
2.320431097146079
2.275213847437171
2.428274648610874
2.2404678824097957
2.0504934875437337
2.419612134315315
2.324575581609984
2.2602796095776903
2.4042336077692794
2.3833966646882003
2.604004183288001
2.5162554050105808
2.554969702649382
2.6672251048508584
2.6085742410125703
2.649757701273039
2.6441530277081218
2.676245826860319
2.749297295859402
2.7284247198513816
2.6050561902102296
2.4946677128595067
2.547363456001312
2.30550847383714
2.033216702227268
2.2499139835816178
2.2622189607972327
2.1277215542987307
2.4042331953571656
2.161349147292359
2.0544022845861494
2.159171368237833
2.1976282534466702
2.125255014777916
1.8976242724052532
1.6680542331911286
1.6751517073597662
1.6720606313843542
1.5862376291945575
1.670637881707738
1.609075037827016
1.5172854269023173
1.4488720924828855
1.6237892698608374
1.567509531581827
1.43182675986953
1.3792421479488162
1.3196759111082068
1.465822866790963
1.6647097366888906
1.553360764234041
1.7959531786946161
1.8648819716268006
2.0106549952519095
2.5037564923078954
2.6016513132730434
3.0328480213544444
3.3369680532429213
3.4153443170186875
3.835908314542106
4.227763578809141
4.153079342929399
4.443301476503702
4.385008770702889
4.683873270099406
4.661849981259975
4.86770736924331
5.0198972820912875
5.408272352193581
5.457538431401325
5.531376502825165
5.4133891891369625
5.826450795868751
6.037078089800095
5.686008322480586
5.987325966420477
6.124195203403442
5.9204614195710406
5.8189157097987545
5.647483654911295
5.308813484189334
5.369044858710196
5.4832266873343825
5.5182995730003
5.149999267908391
5.347732901572643
5.093078798183723
5.071293713975404
5.268162648605134
4.695341789902418
5.036884428132058
4.715739096591712
4.9040751155193005
5.401941531118473
5.395785496782987
5.497841445642389
5.09963421692991
3.9066653670373586
3.9075504993706316
3.8215738401365336
3.6884501223436943
3.726855928706266
3.9260410948831614
3.5981256975507705
3.9892505280711004
3.5539605391844584
3.342407469519699
3.3918162057131687
3.194848429768787
3.4934108981071015
3.0463600443522774
2.985202713583994
3.0092496038828047
3.2507068696667645
3.097811639330412
2.9414506598134524
3.053547880528301
2.7261057894916267
2.9669344727469618
2.989892950968335
2.7965747737985565
2.905814042614054
2.723059520942458
2.4619573941811814
2.5183696014042214
2.430840626904867
2.526789137621184
2.2864273190148987
2.549589728263115
2.45852074899339
2.3240417597159837
2.28552660493977
2.26841572930223
1.9219382428969434
1.7006355486242195
1.672922414831312
1.8227977227689534
1.828450903622271
1.7639704476490627
1.7413986053102135
1.7436108401584332
1.8798024191987845
1.6630834276609459
1.6020624148339793
1.7242437720704564
1.6549466762818317
2.096911347050626
2.384490774999065
2.227276424559568
2.3710159422527846
2.769935936858333
3.142848701706209
3.351490023456582
4.55615256535649
4.167698920190961
4.1200131211941695
4.235706521809952
4.645024665959927
4.817187970054342
4.859724775614792
5.255815974242775
5.443330254350154
5.492289416369937
5.794058226929888
6.927154103389033
5.787874967032876
5.234750569950959
5.4101366979326695
5.808148738380756
5.267630207324906
5.096420426399019
5.402109941335596
6.331131719829961
6.041733529131391
6.0596177489679794
5.357990060963544
5.326941537904726
5.439680465786684
5.1330243124519015
5.661603883108413
5.4142144263225775
5.333189140397573
5.416053374973078
5.795097642325916
5.23967597722752
5.230590651782752
5.167512153562431
4.777175611638441
4.474997515943432
4.758495402211838
4.671209898632995
4.175319574596102
4.268765940081759
4.01260202137453
4.112063120804687
3.4484070453470603
3.2511196985310074
3.2843656275903936
3.415225213594554
3.4834070638615247
3.1211450990189094
3.2910294048050877
3.451525660241003
3.208088250332521
3.392007823751537
3.2386656407215906
3.274247245136045
3.2235168709892617
3.0777177880223756
3.2917870116246286
3.079006683978753
3.06574273741831
2.627231521577958
2.836047125032838
2.9829643006461097
3.200066851905864
2.802478376978103
2.769930732808959
2.4621130124741244
2.547179904687199
2.3409487754280014
2.6010508254577602
2.3668915736543905
2.450871477738192
2.0461428532189685
1.988106852332366
2.090188014577088
2.030774919019541
1.9259959157107318
1.976719815454488
1.8681415339586391
1.8718866332730661
2.000522861257681
1.8307443781196469
1.9317271204798918
1.7358170305793412
1.6636025623131478
1.73142106438397
1.747591265649735
1.5995720375026588
1.6663588678706531
1.7589255839718083
1.5683611820248629
1.5638307693108988
2.0960447455303957
2.5257717664960753
2.86373043275527
3.145398772209624
3.1662897958865375
4.208118414038716
4.19827483355705
4.20215005403646
4.573144253636087
4.730332669782837
4.692254881512674
4.92703347586652
4.9262626282348645
5.225197280691199
5.161083753604236
5.2372065674578545
5.096414760666799
5.461506805353511
5.257499475083648
5.482279761814061
5.458931697404382
5.168733339938823
5.087730398636092
4.969099917427389
5.326461717840976
5.199770175101225
5.577255921096815
6.061684656083591
6.161312782573647
6.249737945120759
5.934335824692135
5.677221189086081
5.849389004117505
5.412932059023812
6.24131809959957
5.886569180881054
5.452943650346574
5.530378972984012
5.634577190530304
5.514884386301655
5.262980267841852
5.225446427590257
4.854767464721764
4.740894018256417
4.478066184537309
4.176239442357238
4.120457462774469
3.765947774649883
3.825746790688877
4.348939970916947
3.630785292756975
3.851771186333035
3.58419345023963
3.5094354139025423
3.5968990386935
3.677076747253909
3.7864828872256835
3.7072074907280586
3.472317877369393
3.4699651922900974
3.4598651663994406
3.7131411481823986
4.141875623276045
14.021554443782659
4.478333482844773
3.1717240225295225
3.1436242044754277
2.8501052299713456
2.7993410043436606
2.660124090894459
2.7308433995477066
2.5930619493997797
2.2832976436434826
2.71527830050885
2.365678045978057
2.4413757099270623
2.504973604865585
2.5863420427179213
2.533997482780284
2.3561975679756095
2.270674953192095
2.069303686304098
2.041839929662821
1.9657757162943625
1.9168505988743763
1.8626133718958815
1.8379053765064226
1.857603431228005
1.874664656048039
1.8470694783688433
1.8054691550575657
1.7882634438437186
1.6958979807334913
1.767319128033638
2.335002476957149
2.7705271308456605
2.8703932730723247
2.816505597917719
3.0836760807571926
3.4725377469447585
3.580324863236603
3.9920232038048367
4.2035427797385125
4.535000737435317
4.302670301961803
4.516782093394719
4.556271656958277
4.841188724405894
4.693809620717231
4.65687372507142
4.873075776783558
5.404863341325889
5.105701522253283
5.193002324315976
5.282863471647383
5.299511395191572
5.5745886450362025
5.631651338286051
5.688781032558986
5.905076001770513
5.508933691956235
5.517964301839579
5.592306176799368
5.415990593411596
5.754439731270445
5.551940128308735
5.244956248408196
4.936583334724721
4.905173269882363
4.94391294597009
5.123174614537451
4.632194936781093
4.524198560935563
4.918890814242138
5.103218343515841
4.78391285698436
4.792698619807886
4.605849411283677
4.289664555958594
4.299394273473109
4.030438547944749
3.892980448822054
3.7150062179993806
3.5955222732889616
3.4892436343200988
3.472520145599969
3.587984142182954
3.6576211724449945
3.2121073915400973
3.151559793869069
3.0796103554377967
3.1928917721210626
3.2687500407934347
3.147916750582549
3.490172223345719
3.333674864515008
3.754504925978473
3.723509901285857
3.7194257070019603
3.225206733678326
3.215777249202373
3.0808839865351905
2.8771250560014283
2.8644269562103357
2.6773656569919773
2.599246363981618
3.0974549135599907
4.30701181655453
3.184750205982402
2.1373968562038064
2.3360694680785414
2.26130154064842
1.9434761517390853
1.9304125278153055
1.8960055852011826
1.8589248826173537
1.8719909616837929
1.9062549741023205
1.8951623684360008
1.8104830892151897
1.7650968348925047
1.7666747579249789
1.6758946384401523
1.8429295337357239
1.8118093843795404
1.6682991805050005
1.6929749320904428
1.746970592874455
1.6769078558922046
1.6407254717622592
1.600819113063724
1.9442006198851924
2.4108536136430527
2.4907480024900943
2.86284961205397
2.8082233567966046
3.205652067175784
3.8525276608017514
3.6841622098066904
3.7066789120199646
3.9960660383614313
4.309142928689561
4.123455139370536
4.452638778352015
4.730897261537447
4.76609797151196
4.638531653843858
4.758427612692736
5.097817209824115
5.439009220341072
5.210583963612012
5.228055633191228
4.990814284865357
4.800616603619729
5.510307288384812
5.463140823315737
5.4421921964452995
5.33077585804698
5.782998753756646
5.866049863309956
5.399774513449781
5.588356883769957
6.192491279162565
5.706967834905281
5.424320571071313
5.218047342007526
5.217853872422065
4.970637272450078
4.641170023263031
4.994130214792742
4.952899310004867
5.155025655842061
5.110990644449403
4.9818880658535125
4.478904157500747
4.135279894161331
4.160304707762002
3.80724072166513
3.7983795775721907
3.415133064813468
3.211062296813707
3.463476922536155
3.4038367298759806
3.408105480186217
3.231753295248932
3.095421310661461
2.848561571307567
2.7421324870026282
2.850291667410942
3.0701186390497575
2.9001347823690384
2.6666552406504715
2.565407556151209
2.671193689319363
2.638924985679789
2.3107521460113873
2.288651546994989
2.4111561243236013
2.407055972825085
2.574752631264735
2.3749083486471467
2.5727156287427753
2.2221470219543096
2.3098799588415377
2.0294614733409237
2.0358758434319086
2.122604607299407
1.98955412738701
1.9729458542093987
1.8658283215314242
1.7841170616420963
1.78158125423038
1.7489405910047284
1.71681498908202
1.7331797444470465
1.6716021483946184
1.6437219841244304
1.639682934394144
1.6537766728372627
1.7144683125952245
1.722094120609298
1.7162440247425819
1.7219658889754301
1.6249986226401483
1.6148828119086402
1.658020484422248
1.6490072611679427
1.6472591378467147
1.6425898466983067
1.647216833753786
2.2567515301831897
2.0850629698878897
2.125002990259021
2.4028383246371523
2.2673461578065237
2.299911523197321
2.017738297060457
2.3326040812613913
2.170141830635655
2.1601352299394825
2.4708423451303716
2.649776638346493
2.702593692685489
2.9517550222720104
2.8968584859588695
2.712768508997055
2.713706919010989
2.8771913335073505
2.8249478008749804
2.612574315457618
2.905682368951168
2.9184706469732165
3.103345440662256
2.869732171516203
2.832494223552337
2.6191600065349645
2.59807939967865
3.3125655874661986
3.304915404549292
3.280984941686252
2.874795007999251
3.0805637834125505
2.805403011481898
3.028245392362971
2.7684408799476734
2.8655890481074757
2.889851023364968
3.1481818147931215
3.047815652505536
3.0940272342462736
2.815483355602307
2.8140008909689094
2.5704286487949797
2.7938014445011916
2.9448950993200236
2.556175311733171
2.683724072082711
2.564900844491333
2.531751469320747
2.2881192613701082
2.507346826899964
2.8231887295211533
2.3790131280789506
2.52962671659103
2.3228915559236403
2.4248162541803486
2.261664996760003
2.2707792745020923
2.3567276380273747
2.368870849032517
2.262747593483489
2.2596892486396296
2.3289935824696015
2.28366886621301
2.2624867607431183
2.1970996228873587
2.3131749549779115
2.514642200390732
2.4458760531248926
2.2107869783970995
2.0778271056348037
2.324290314848337
2.2145029572129977
1.9877276283271907
1.958057073023812
1.9161829660136678
1.8667760864948546
1.8475949299471697
1.8118562185315974
1.7342903591953602
1.680653826693721
1.7037836894360363
1.7127179223051876
1.7185173621694199
1.673968048733707
1.6488017465571558
1.6716209660977823
1.6718383246808473
1.6648321888158515
1.645709565328871
1.654376144381686
1.639036590951619
1.6223271822954901
1.6563153671879092
1.6765758761397205
1.6603641039567798
1.7839824932168784
1.780790330171546
1.7660345688169108
2.044428789797693
1.7575996067052388
2.019114358188196
1.856716899895482
1.8210382105254683
2.064809007255648
1.7705893269348887
1.955467461901816
1.9966984817106912
2.0093602957394467
2.0935586082090816
2.1570597479097113
2.175279042846166
2.3509118131569564
2.1835959155193243
2.295818291211185
2.2942789818290086
2.5212113407544705
2.5766934588587893
2.561425694886187
2.5151445714148726
2.4049918058425623
2.3445919768572105
2.2824878677011617
2.49985795777491
2.3880593851558993
2.451134938976157
2.5362467808824087
2.6985368215651153
2.695537249327333
2.840246261959721
2.558451684273975
2.66999728513725
2.653082678487226
2.6487434806517327
2.8436868418050723
3.03623532543447
2.930581590958666
2.9942294300182404
2.880442512129561
2.8774333599993285
2.8922862723991978
2.9369244955273963
2.6035881280359474
2.4681652194426325
2.496312811189232
2.4723056672626407
2.708461390649973
3.1314927271524966
2.9542800520693957
2.8156983907562054
2.8024825706479985
3.002209030118712
3.0593399734509767
2.788836271083589
2.647993798710294
2.695926189884182
2.7302196383316235
2.664913358225103
2.396961018385739
2.438980316308546
2.350116940651832
2.406142898859561
2.201724384222554
2.315672535403972
2.0722858593395426
2.019041017128881
1.9255385149577249
2.121535369370467
2.094526471178446
2.268291977662275
1.9541390498950708
1.8725167915453766
1.8272136048230658
1.7891492201537063
2.0510824787132016
1.7947203281785367
1.6742387591867491
1.6349901223325471
1.7481593289391875
1.6813784269023053
1.6593308810774936
1.5957601413188973
1.4898136361042638
1.4757280766452736
1.43194958756893
1.4466445807295623
1.3959554702869164
1.34627776937179
1.5674970136570914
1.744114284965213
2.0252819308108334
2.2258288276378098
2.3887560146698315
2.5089733247180797
2.642562633210166
2.5203602558928178
2.5494034128369467
2.707590214589301
1.5301673323299674
3.252559802919985
3.16278763003762
2.8006051829958616
3.1107920882951303
3.2155060536409033
3.1561712059492724
3.5446915522467797
3.423182174854031
3.719209299474698
3.7076789782699904
3.8650460890430463
3.9744045612282575
3.9020320506155857
4.139881651870843
3.946075280199246
3.8148838429977054
3.7037533670076423
3.8702687639086664
4.110508194476744
4.114031420312006
3.896925425618781
4.10330658576696
4.071964113621152
3.9819774203551113
3.9594952843142854
4.324330159481474
4.341036491450163
4.066871469627802
4.2455445623685675
4.234565827679917
3.918745622419525
3.5198283906675996
3.7827113692283305
3.199413819638536
3.1671320455981005
3.1866689208707193
2.9359304481030453
2.924914735291304
2.9099985292206267
2.718858622406293
3.092024170242197
2.934619563067694
2.923637917620807
2.653417440198509
2.5241105709367657
2.6531969058330116
2.652917164709482
2.5040626548682137
2.6024512475329704
2.584923401198122
2.626981670571437
2.711783047699249
2.7208447596785583
2.61291165474342
2.676559588284398
2.8217277857795717
2.4098370965209934
2.4201653600881836
2.2545091445569936
2.3148321362551005
2.2507185602404878
2.115506429885213
1.9462325831988712
1.932233761629926
2.0896869504748747
2.002083324720402
1.9715186522122559
1.923221938283678
1.861757918680697
1.784981156166733
1.7926126062708994
1.6996241580313105
1.7440911966287973
1.5724211627787232
1.5156239505340072
1.517677750606583
1.5569451548521542
1.5049538691474496
1.502730328079891
1.4837949141162028
1.4910745652384336
1.4794380387785304
1.4909792763764427
1.4564874419504148
1.5428980931587293
1.5447830170903354
1.799905644200787
2.004420652733336
2.139860682934966
2.5790109168318476
2.6334841124282082
2.8629667992468266
3.1416214197612535
3.661731159416427
3.653423063952135
3.908075116661657
4.106407695456234
4.459907711876206
4.134590986557298
4.32066121738089
4.880594712026747
4.922712275725184
4.780088596284366
4.850921417050468
4.788306618667355
4.954971593193521
4.923415725952113
4.3629421929432874
4.5616415571028295
4.441444767242431
4.88185935361986
5.015779915926803
4.877133874927136
5.081107782796519
5.009446727933768
4.780854386871033
4.84145368974247
4.888600877823789
4.795593870551664
5.137977806923486
4.917856893804564
4.43869059443912
4.342955485454188
4.120790600424922
4.406038526363862
4.1294721741960965
4.272758176150077
4.174812209371313
4.691283543545533
4.077457210748757
4.095063840308115
3.542739559426708
3.906612495509474
3.5558867867486708
3.7015399588999367
3.307721694912317
3.3184942088131377
3.464099134898617
3.15871510152884
3.14131301809938
3.5052620027431525
3.3032418472155145
3.3008586991145887
3.4046161082947197
3.231987768830906
3.55417344141779
3.58902170616648
2.987040785513385
3.1373702508762595
2.661399745126482
2.6077180921181755
2.7408448422225256
2.684208057230352
2.6113279323974026
2.5184052467785074
2.285103782370039
2.2339444110069877
2.2091677516331036
2.222219989362919
2.1295271611971156
2.1320942685865614
2.129812444499208
2.0829264968413175
2.0900020105541626
2.1053488457487095
2.060829144333637
2.06842036360829
2.0111885882578924
1.8350763820246123
1.780640187382982
1.7237803029145145
1.7584463734785394
1.7133613819511029
1.6895575645047678
1.6654297481950764
1.6454401234338718
1.6798965448291647
1.5863614878903987
1.5671346607325305
1.5756751468602557
1.5440267556291467
1.5467155511612185
1.7607746218163132
1.865589473180921
1.9341754966469165
2.4003471423468805
2.6142694103065955
2.821002007037857
3.155979381503146
3.446594630203827
3.656431744661481
3.8103851522506247
3.9383203757756173
3.896257454287873
4.283124263951301
4.346941769170105
4.782363464271081
4.6561216895202975
4.559308780101376
4.5410206274719
4.616599464810793
4.245923175928319
4.59616479483988
4.503747979243376
4.425427302756665
4.559064508933189
4.690408765747525
4.562942211006799
4.465219697814966
4.317953550831378
4.31871988670987
4.464510735734268
4.793510087994644
4.803986143484126
4.892456364969977
4.625844900120277
4.370465689675478
4.216040774485221
4.320678175442942
4.530012991355602
4.107866652346472
3.659979827285059
3.754249910396503
3.7168918049524744
3.9920739103877865
3.90119157676459
3.874734655141526
3.866396024991734
3.7147961053714793
3.3826083345291367
3.7589019344752796
3.5653518800116037
3.497792011131953
3.56057560258014
3.630514857745093
3.4123569573709656
3.553827379651062
3.0586194903330677
3.234094292317209
3.1698184000553633
3.028348146267517
2.9508343968795354
2.8535141924949388
2.5115247339217674
2.5945196899523006
2.4670875360648084
2.429746031387282
2.425886560670513
2.5022901320606232
2.3274288259358578
2.3501503902584204
2.498231508869831
2.622813649887654
2.595208325138389
2.4201671382415664
2.232284962512412
2.270946468179247
2.2767505379915334
2.4039963367940103
2.591720490229025
2.2245715308836425
2.1720863495692084
2.0183898994624423
2.0080450887783132
2.142979578314454
1.9262948681681087
1.8458092062548683
1.8339984197990375
1.875898474562737
1.910695079852871
1.887558805085318
1.8539667703136318
1.812516992655707
1.774168699511588
1.7699683689670611
1.789688704579105
1.796026785966867
1.8715938160110108
2.1070822537912126
2.0511698433873575
2.212411917503492
2.471105493769322
3.035086371615712
2.598875253064459
2.9029418880878883
3.4695583445262623
3.376434612226651
4.058049631528003
3.988018483827143
4.345741260048451
4.260442918298008
4.429941370221421
4.318156793650204
4.500673330687969
4.3478550581008335
4.307688589118562
4.3505594608306515
4.826992903725524
5.077029855689626
4.952038659093788
4.2918486513601
4.1697531757962825
4.1976801839457085
4.380634502455816
4.55773562809903
4.723698961929082
5.16663104031286
5.005388952639658
5.296344821207476
4.839081067605093
5.144345165394489
5.218675125478145
4.955999768335288
4.968881779674995
4.024351938899782
4.280312556018703
4.564732712443204
4.254388013615173
4.605963904738654
4.429191956213193
4.361213473777407
4.25842095310137
4.178464082391514
3.6253334628497385
3.2902172654689266
3.188285765232399
3.0374644497355456
3.244666952255918
2.8176320568763664
2.852076866147497
2.6646653654601353
2.6501707777713177
2.814250454933877
2.9403158509821044
3.1436286821920727
2.9214300553767103
2.8877345167116215
2.726192618720183
2.7328615375882737
2.5862540553981135
2.7153577786061183
2.7398333203706935
2.6907461065209404
2.8050833107263418
2.7673386793185832
2.7006814910417183
2.9756930503032786
2.9360928083623117
2.7940445889964245
2.7670519203979294
2.6797349475004912
2.5969679489907467
2.5565962353691183
2.4826450144181957
2.4737546126268777
2.495069473584546
2.3488701594697585
2.252509621328092
2.1695875534219784
2.180232251743889
2.1911662220873773
2.1307435876975362
2.1349866494453003
2.140502274487294
2.1275763948975976
2.166954744313434
2.1263134158765795
2.060619572885693
2.004652957061684
2.0036843731319447
2.0140293646695717
2.0137599840325313
2.0340278893589367
1.9795185818150451
1.9707970077475114
2.01480685164149
2.0558903504693746
2.187351365145302
2.4665833890050246
2.486837505369302
2.843669657439827
3.204054690652042
3.3908011967540896
3.8694847437051636
3.6147798304005097
3.965814044162115
3.8276010540215717
3.8196414982257925
3.6676927761658966
3.86805145900445
4.078708002112091
4.136736030513984
4.593774066539334
4.317678323034832
4.168384186802945
4.089134360291679
3.7362569796900615
4.203532584073712
5.076002107357769
4.952457272155207
4.806803162455172
4.307319685126673
4.431647699511725
4.466211847265204
4.687838497777921
4.430011098448735
4.511565614884611
4.417522760255767
4.244346124170323
4.705400943575993
4.400832321486594
4.2715907532326876
3.8528248879160816
3.1842190274416087
3.398813362740537
3.5489791836606925
4.032334844101664
3.696081868118307
3.8999658680770786
3.398639464698945
3.1386084964753502
3.286486229379321
3.5112651081087956
3.516173518630514
3.193532606888877
2.9173112719014958
2.821239416738595
2.9111302078787316
2.9143234028819904
2.988622547900049
2.652912866654839
2.6621176642015443
2.7470324086148232
2.711917497107945
2.8035886808716524
2.9112335394261337
2.984679092403465
2.5329897355681683
2.611518900118798
2.586750749707244
2.617261677028631
2.406976529851094
2.6871025579676453
2.6846864276187716
2.6254746229120975
2.5326048876505736
2.690831651344447
2.352092309596166
2.2655715403584025
2.2537722166343035
2.16692977353525
2.1496602225040515
2.117634513865364
2.154742279539434
2.2423082750179595
2.0683740276397025
2.057573630274839
1.9600389857705103
1.9280651045807626
1.9269758751185617
1.8879547455478487
1.8835506974312504
1.9049257532620667
1.9063869921538654
1.9142748323462044
1.874821943039382
1.8411248369946642
1.8097133425362744
1.8472152523217338
1.8023208449734387
1.8457283437861014
1.84305499270617
1.8548719632794468
1.843736935298587
1.8727977079258944
1.9179971670700615
2.112651683839395
2.0385509359274647
2.103807898934433
2.3435295836252767
2.3384086195671467
2.232464156381286
2.2437080626157773
2.545366302684504
2.6974042201910704
3.092839734159372
3.1379451017723987
3.117716771899398
3.024775778290942
3.0460005495990856
3.494327826352459
3.3860389873863497
3.2855188672126494
3.170255002106067
3.0594810850156686
2.8630090319341535
2.8044043577835556
3.036364367169602
2.847781734332625
3.1349254277490375
2.8898111895708842
2.806546378247105
2.9314636663452913
3.2009769057434525
3.0997488899736334
2.8415896738035586
2.9431869629401293
2.8483653951568586
3.0539780780092256
2.7156152878927924
2.898068660934246
2.8934503738377773
3.4739030005772285
3.509822168026591
3.0974721476970126
2.6931171236084857
3.1240131390978916
2.8952952492241733
2.762401930850521
2.7317692717516664
2.9799012031628664
2.5182336586106384
2.627657536650329
2.6184217044595828
2.6385133157533334
2.814588287682834
2.5547299320718277
2.596240481376986
2.6251335029147316
2.5952678959593083
2.5843845947058908
2.6352136421234387
2.6201050926472056
2.5568676238525385
2.5671730762084755
2.422001043924166
2.552572611829203
2.7326094733987385
2.6045683523439283
2.5270473915544653
2.480818446451846
2.508558341468492
2.478831853498274
2.476893515907191
2.4359364502548506
2.287987781750219
2.2509531527502236
2.172238837311003
2.1557896943918022
2.118417124409129
2.1091290988358247
2.1407293197944455
2.124844087117013
2.069039852113042
2.0541544607949453
2.056895352940004
1.976748107099074
1.9293424460366768
2.0232417088300823
1.9742512898386417
1.9172849238241427
1.8997799346227342
1.8476766189864877
1.8356091243916215
1.8466123502521443
1.8227725652280522
1.7927824446363718
1.8178195276331277
1.814221405012266
1.7840636124860834
1.8047703343592312
1.8345570688865054
1.8447683515105047
1.872540719290372
1.8606306948676998
1.8785267650162105
1.904613695930263
1.929903731876125
2.0062544527673487
1.9239027968463758
1.9463903789189454
1.996269991728446
2.309752323936927
2.304018925346287
2.1310987759328466
2.195962759913123
2.3624899293490422
2.2702607475603376
2.423398909735297
2.103023322346368
2.38849844318714
2.311368516974044
2.5084820928484697
2.651756679375138
2.273399931003832
2.3610239241775806
2.3490833806268063
2.4582906951864705
2.4344390860611966
2.590865088732386
2.2875522811714526
2.365848961282899
2.2817491372996686
2.2303339824481827
2.2381924091310115
2.3096591091841323
2.2912113718354887
2.3008098749499832
2.3008231669626777
2.3717525168071463
2.581542029020843
2.5006746253833763
2.413470384607148
2.34679755473805
2.366792617979496
2.3878047616132005
2.641231389017464
2.5786847919019706
2.734444432779132
2.719157521083725
2.3892707195907352
2.5044839460386985
2.405941493214969
2.505200420198944
2.941350136981198
2.8905805810581033
2.56427799379588
2.332716984752476
2.2988558881979677
2.3303988643392883
2.4978700151341156
2.1532726421736705
2.3605944619774517
2.394082896700993
2.299456579736794
2.171724272666824
2.178730398709819
2.149043696676055
2.1956014227054355
2.066538837011974
2.092441255993144
1.9101922154609974
1.956692991466968
1.9068660743064234
1.9050798306924956
1.858439059038828
1.839942624828444
1.8583173933688941
1.8307467386276286
1.8145029740319136
1.8014876104154487
1.8746393081092816
1.832890953422412
1.8029609336447485
1.8068710283807223
1.8084169008075894
1.7948192893122974
1.794812722752591
1.831224876487032
1.8292108320447118
1.7602310446333211
1.7412360128507696
1.7468358182985468
2.1142268904300154
3.1334081400137874
3.392375585731116
3.469028301591017
3.429357493728596
3.460732960279248
3.7760773647909995
4.130304690082115
4.095470195368109
4.280443051281474
4.435088933104253
3.9774231171959964
3.9619187008070686
4.140699913878151
4.292750968589367
4.527450111849969
4.488363461541763
4.6399320449168675
4.907418064628601
4.356144325449809
4.4185836008320125
4.779058154587408
4.292160085939045
4.760794565723798
4.86486160845358
4.601565410847168
4.546002808999479
4.56996509802455
4.683048586079845
4.87686971968171
4.371112011895347
4.564273971248143
4.539090682396225
4.307880830657919
4.422230230270239
4.472124144412835
4.794954391113833
4.723182415576766
4.461215613664769
4.512461715633543
4.8598539496579045
4.502797568217656
4.17241679987855
4.094512330923313
4.159580436393425
3.6758922640623157
3.365948968919148
3.1927372881504814
3.2549959959678714
3.680416492861145
3.2679537872420727
3.1962339887165934
3.315059441421643
2.979261749808844
3.2547729176964535
3.414024749430987
3.304248670732523
3.1003900089123353
2.9058855381386217
2.7974633005740155
2.8639784483427233
3.198152716025668
3.066625321942104
2.801979875330799
2.7167490548005278
2.6331439309280897
2.7290527986025883
2.6224665142369403
2.752409496110243
3.163747673403774
3.1203697537828754
2.9065935545980133
2.944679015232571
3.0275738677667223
2.9730567139105983
2.3678678060911733
2.2223030133344253
2.4217538165753556
2.709043948409106
2.22402852345311
2.071805784839658
2.076509880265463
2.011536140429348
2.003749073212064
1.9878380038423222
2.0570509204317284
1.992165914351528
1.9115224508756619
1.90627563181594
1.9389760401386547
1.8667904728950742
1.8854025588096217
1.943765272972671
1.8903404331448632
1.9145764739951128
2.2672566570874495
2.087886891612503
2.54035303484811
2.7793471580478424
2.795908382839367
3.3216597872212446
3.485557901866195
3.89763133527167
4.197740335526311
4.698463706767094
5.066305866502718
4.9004391397166875
4.629837904464345
4.605614758220041
4.486072610371419
4.675917228484694
4.887714665531841
5.349381305978453
5.229195203429142
5.205316989081757
4.932653451213926
5.082569412022954
5.01028927063936
4.899274911948275
4.764594505087769
5.1837762782517585
5.432331646414333
5.446275911848118
5.225627593956012
4.7166690690677555
5.3465097842288705
4.903247305797937
4.734294363635326
4.753197331728334
4.97437265666297
4.607368343509151
4.905184834554777
4.644945613425137
4.520818151331289
4.588910110667768
4.502547276670329
4.7543539207865555
4.598756883862687
4.5984152365329924
4.192387239699124
4.072525566449789
3.73115594470558
3.319648718091528
3.172532102808388
3.3265684490968894
3.388171820040379
3.573515345246412
3.318484341752063
3.1337382917394105
3.354480855624273
3.011400002745466
3.22307824006168
3.128859474394114
3.1975337470237104
3.0760509704787258
3.4412165650876716
3.8989235755268683
3.35493544579548
3.3712804470157782
3.585952068598338
3.178532401146205
3.65114152138069
3.2659090140731637
2.849111269781808
2.744726958267722
2.6635099572282535
2.5843942658943457
3.082373676540306
2.620411442967531
2.6076953145132884
2.618176567830863
2.5387168901438932
2.4906747098995865
2.408312428573441
2.361542254205508
2.3868805664044994
2.375998026348699
2.340511676326963
2.2810730812017876
2.3204757799672993
2.284823405192311
2.1950448541207304
2.1685429388693196
2.1952599709286
2.1835032611244127
2.1591104437996593
2.15673024125337
2.156219073598252
2.118508715666947
2.077954661264684
2.1750303641702793
2.2558505041763106
2.1384772641268865
2.3799999278382877
2.6000126139786928
2.6623512490930046
2.883375732516393
3.3417639448377074
3.020441572561009
2.9304925341962997
3.188190221381928
3.5376999360177535
3.873352841926336
3.8416649218532117
4.0346451108832815
4.493943317879569
4.645078393429667
4.634116778963737
4.973595348746359
4.995221948520436
4.720669283164631
4.344783932474915
4.015573794335602
4.205844882262364
4.3581059957605675
4.631930154311275
4.460680243033034
4.233436257713854
4.495027237415969
4.520175033677549
4.781031984380221
4.382143278829088
4.509761006873865
4.7233196820029955
5.095080943345988
5.1151691253637965
5.194840561359124
4.872410818884567
4.3900913999081395
4.381967870019362
4.345127478441219
4.6440860874081755
4.529192118947187
4.415117526378775
4.443312856270068
4.048687040005492
3.7771608299001107
3.6026595184375427
3.464036776425108
3.477894967151077
3.298177817716536
3.124664691036265
2.926390147794745
2.8524659012215072
2.766921783183045
2.7480634126166756
2.8470969505174724
3.1587786135473808
3.1654471016824757
3.2424415663218835
3.8933461217208105
3.533793475080613
3.1929163569480132
2.8765301923466566
2.8328012833080822
2.9399871788627956
2.734943165842505
2.6459663568543825
2.57971463103459
2.5434879592746147
2.5261532591051443
2.4766912471649003
2.3507933504551657
2.5317336316728927
2.663695544689042
2.521823732900398
2.514603180723143
2.379364907746568
2.3240462879436254
2.2980262081985177
2.2030617265336216
2.1721545422293898
2.22125975019331
2.2179255339051727
2.1828266892534307
2.169474034560621
2.1745312333373166
2.162110165319837
2.1271201078987816
2.088367830016343
2.08796893383222
2.097411184981456
2.1217754467686833
2.0605138589474783
2.072724333908287
2.046384238632881
2.0557143147928714
2.0583001677404136
2.081361510244032
2.274781058864908
2.4950671809850804
2.9816550684601184
3.4747271539026268
3.903000244117031
3.963805652713674
4.215544611923652
4.5608218318000455
4.884388671758144
4.967125823273584
4.944329781776268
4.887842110097307
4.92609203203125
5.346199414583055
5.22667657633149
5.397636738640932
5.541147280315875
5.076857386898923
4.806549456913575
5.270307685717917
5.125956647059516
5.004406615447558
4.622121679991618
5.2555580764532746
5.356966163607288
5.102929317543265
5.238350000311544
5.327715373791777
5.359058647101717
5.121598351573529
5.202353647550148
4.681611321809693
4.706244996454793
4.804105875656044
4.560338628193857
4.465841544476184
4.548765934610113
4.680069901924015
4.757533967251577
4.322056927317333
4.458803518595834
4.428001303961022
4.404168877758521
4.352174794865464
4.258437166045989
3.689985276170984
3.5675237538895206
3.7025562536924075
3.622643874950259
3.6623278832715447
3.657135046379152
3.8314645201257
3.3038057355280013
2.889402607494535
3.117472917446711
3.2172735395408893
3.010629834108654
3.112671616210124
2.9704323146593112
2.9328530201502128
2.9073612985418045
2.930614773336332
3.154750865286581
3.3092435912176517
3.1128943262737945
2.984762541648599
2.8127733793650043
2.762721111504672
2.860340161359498
2.7632054172142033
2.80318195105077
2.657975161825501
2.6731501344065274
2.5180881128086443
2.478429653838222
2.4172864497015665
2.328158214507651
2.2683133952521475
2.36453771504903
2.2628241480829274
2.272262114818168
2.202854634957908
2.2254428906515575
2.1937061020691044
2.178400041663164
2.181409597312776
2.1385833865934907
2.184718801162448
2.107064559517038
2.1275581868412137
2.1655245282207316
2.1331658248004493
2.1122592577837125
2.0513800416956074
2.1009630808567543
2.3265689885024328
2.7412903465534963
3.0338278837069494
3.6367109596569334
3.824837654273949
4.1355247359536325
3.9866912807333668
3.6915977589536175
4.137079363148955
3.911842720012222
3.962074348447713
4.368601565932162
4.5079969191479945
