3.0737945249252467
2.437954587415603
2.3122369892155366
2.3619894390367353
2.1496504302021284
2.2316993155728024
2.267718336972872
2.64460045909622
2.2027314255417854
2.079575405589781
1.9445070034049068
2.068816578371009
1.9642060923876783
1.9585990764691932
1.8862591891334428
1.9738365296915172
1.9961539302462785
1.6834575404652596
1.7103530341828228
1.792924670696441
1.7257930097542293
1.7270150896283167
1.6681644334770234
1.612898033491003
1.594640608428863
1.6018057961173797
1.6446552679037925
1.655884096134304
1.5677961712486757
1.518397578478372
1.4666479905247072
1.4463755995257221
1.423190823281245
1.368632086706712
1.4195418840180478
1.385505230472561
1.3236859973118347
1.2181416334654729
1.2081632665947075
1.224796703034989
1.2061053055682636
1.2155758431818162
1.1876717577056635
1.1760027798055261
1.2026848237140235
1.14490316859463
1.1471318162774915
1.135629169824278
1.1480075368051847
1.140502674465303
1.1435022830740782
1.1028316949917374
1.1341698908667164
1.0686539034132374
1.1064370446480463
1.0744018932876074
1.1044368818879553
1.3817086132641239
1.4193448642714086
1.7208480177202474
1.8840254581755114
1.7494435868890308
1.8318344760875696
1.9666308897197724
2.0458151912665272
1.9712771991791038
2.40023744525218
2.485728079933692
2.429605324887666
2.4625152140152204
2.7040068412238716
2.672419235735363
2.724061674079164
2.6699631259605057
2.8295459789442488
2.8364826390682807
2.7461181230312044
2.5718080481892076
2.6669868620665973
2.7776416937739303
2.6577626014518203
2.5961899699404882
2.5083699934208794
2.6544017631907217
2.531785778453681
2.5844700303730974
2.5778792587479935
2.5369146903968636
2.559476610928086
2.4922568578328512
2.5252463678305515
2.426883043256869
2.460595133996811
2.24574464549427
2.4359112831091214
2.546199316800243
2.4798954436458445
2.315456492133957
2.4744083221112887
2.206900887299811
2.270661906373583
2.238125271028172
2.2001069646700624
2.070602855236718
1.9812162485770628
2.1036563943795104
2.0096097555629
2.2122142297849035
1.994682980700917
2.0650873093434
2.236547689277566
1.9750058617676245
1.7992992591039352
1.8233800045041835
1.8816766116114536
1.9225624214748864
2.0587638654281952
1.983149261762169
1.859494687024875
1.6229835180251015
1.5935064182740766
1.5710281239681954
1.6008709692846934
1.497974698685558
1.426847896404036
1.4695954391539567
1.4693143831450093
1.411749583157481
1.3916621411719639
1.402201897491164
1.4071076478299145
1.30940654030051
1.327268140706254
1.3176172770477823
1.3054002455302303
1.2703128776708446
1.2490594679595655
1.2398462620202746
1.1843656368546853
1.1847128508810145
1.1517969768151362
1.0669471288991235
1.0645915519890854
1.0903948453427188
1.087314523490058
1.1327214685369513
1.0252361255102773
1.0302712456432168
1.056134880922378
1.0839378126211183
1.0017508343632846
1.002338765816987
0.9896611809612603
0.979356562223514
1.130885366561939
1.3780850582240305
1.3754960340606994
1.452692975688076
1.475436729212682
1.5799192609586865
1.6576229909371178
1.6397522176039958
1.464158787422066
1.2914148744045102
1.3499770304800862
1.49457174558954
1.608157825462847
1.6123025323481148
1.4715745995121838
1.509001837482374
1.6019682852916441
1.895399618596805
1.7525166777244916
1.6105185675721223
1.5960537822742311
1.6313837816605814
1.7236905074308757
1.6669906719505236
1.648976233390028
1.6240476330393239
1.893919934566365
1.9092620662329487
1.9184584337206594
1.816365552905727
1.8185719199461428
1.9352975785685997
1.9797578124722341
1.8724194172243005
1.7610870058686914
1.6730207957731655
1.603048946378837
1.6123211706605374
1.6669290777381032
1.5992173592881287
1.6537064911813553
1.6741338936987293
1.6671059731316806
1.6827597219193142
1.629724713033485
1.650608710693273
1.661619836027427
1.6865355909735746
1.6909309237535153
1.6025565767224819
1.5879301076616759
1.6323572237353141
1.6284879459630155
1.5844650145771062
1.6161311501244424
1.5583588234570593
1.620201338327154
1.571848953482649
1.547069935577167
1.610685591819606
1.540751587271662
1.5575998151111654
1.782003208334777
1.524736832177754
1.49808116245968
1.4073376312321253
1.4310179046621685
1.4995297906477676
1.510205658034134
1.4711865322305648
1.4657107731118217
1.404461624929836
1.3706664520440426
1.3688072784712113
1.3433712704010037
1.3610826305004524
1.3019294771594696
1.310091247245561
1.2778677316365559
1.3323936602181197
1.2775349829196048
1.2563295605736933
1.2278387162223963
1.2045564682328693
1.229544173694729
1.1127286202038236
1.1913768205317656
1.1804932622387911
1.1530540733436356
1.1107308654740484
1.1111351770551807
1.077226535440102
1.0561982830805665
1.0463709519728415
1.026522993280807
1.0488713296769718
1.0640371933917452
1.0528479945708105
1.0813862822223457
1.1094339846469135
1.1058943024911054
1.1389530224696178
1.148675406711065
1.0826647544137207
1.156949856720184
1.1589742798430787
1.1162783984454878
1.1938323013646404
1.2460089339785265
1.256121800368503
1.3012010212734477
1.3091420351922387
1.2733556363341163
1.3361442470407614
1.3279842632929066
1.3485159272479712
1.3487502484138496
1.4356621355077188
1.3649668281233185
1.401224250335718
1.4428848892584134
1.449149201605591
1.4581784729818819
1.4512154633077798
1.462600358766547
1.5223033514349933
1.5015007057618412
1.5381096901249607
1.5642755665177794
1.5521507348903432
1.5452954114690367
1.5452586515635387
1.5781561624433138
1.5642195944887047
1.5353376608028497
1.5762357666985916
1.5137509816473977
1.5284799311566684
1.52852414943771
1.5621427206947556
1.5912107139871894
1.6192890365042434
1.5046246651783617
1.5515024246107498
1.5042145944246368
1.4956033543099878
1.4884146377373197
1.5403646363232506
1.530680452754793
1.5194588268501303
1.5741597238441927
1.5494713142531105
1.5598552993211425
1.4803060118641753
1.4988250956949019
1.460162773539393
1.5227529704106313
1.463261640056661
1.479314988110005
1.468466829443957
1.4737904847282022
1.4710898231511538
1.4218423349746565
1.3968820421167787
1.4154360522306788
1.398289826058784
1.4806206240158506
1.3894489373707721
1.3166796029498586
1.33597167865915
1.2985972070119938
1.2909472081818247
1.2864946925016514
1.2446992447600542
1.1896663651906527
1.1877835631995608
1.1537353612746866
1.1409246694637531
1.1111190637157387
1.0724617402043537
1.0830307166241868
1.075680226540985
1.0245024558708618
1.016835221467513
1.0457575689303014
1.017487889958405
1.0876234424170936
1.0691147542969741
1.0561748006234941
0.9940199762134551
1.307634617570439
1.404168816910784
1.385570489077146
1.6487664616765334
1.7016517410681158
1.9399933876759208
2.1238218507442754
2.4984100397124602
2.609446010864751
2.4729755624605887
2.5181463105065993
2.5642397142930973
2.7266795722620727
2.6168206630349293
2.656569798979907
2.5169956496158017
2.696546547971819
2.9051299890245543
2.9630045413988872
2.763929095155589
2.794603472557805
2.932967750514104
3.002826483026158
2.94758830211454
2.8014853502195316
2.760303589988065
2.8337461479022212
2.953054411809184
3.0979252753595614
2.9870484194750717
3.006332620139744
3.010041356372081
2.9634057311919624
2.948911313783997
2.634400779680525
2.8528749382448924
2.7358447461442053
2.6346405078808273
2.436183653623633
2.456539134054615
2.5307520431119377
2.1998313703366787
2.0304744830995984
2.0461887690056604
2.110386636509378
1.9907515055586196
1.8969250154145614
1.9504280274580534
1.8220561933823038
1.7456779793552417
1.6562150249569432
1.7282534784733603
1.7312068622694035
1.7853741755261077
1.699406840148958
1.6776681420808643
1.7278641073953802
1.8460773593746709
1.7738942273540868
1.7689915811660135
1.648834763727254
1.7663432674028272
1.6935198587113756
1.5797486096450082
1.5332637710716497
1.4927625313511952
1.4732690036033222
1.4472093105074166
1.533616733035798
1.5214168546675892
1.3894354556839366
1.4078563842226846
1.356194499662212
1.3305504103761527
1.3786589073459248
1.349069528548484
1.1956283350463954
1.2129209185524827
1.266778225628421
1.2641157428395609
1.2304303980373226
1.237637244148191
1.21771438098262
1.2686845377611182
1.1810136090435592
1.1696089546604973
1.149665990015902
1.1926934894214032
1.1545491511053632
1.1022327599280666
1.109377722667502
1.1104436676391887
1.067063323925456
1.0622267127932687
1.0246548352781075
1.0625289498221124
1.1210190011779375
1.2269580516693426
1.4086466193171847
1.552176163858939
1.5807470052210588
1.7163739884074989
1.6818126191644194
1.8087139573610416
1.8270088803099482
1.8480627935167153
2.03346783474555
2.2093387678664604
2.5289551458062256
2.3832652846444335
2.445445887437088
2.4255261522172917
2.427112639429543
2.35846949390007
2.3756737602029654
2.5882962890307417
2.562894917339019
2.735015328566865
2.4626483078502424
2.6293473118540853
2.586136331459294
2.851294729658753
2.6595913238710853
2.6627852066620745
2.7809261875954827
2.729841868664193
2.842714873797516
2.746182493420175
2.7633576961535504
2.7204982953459425
2.5369753111305897
2.6427214132763215
2.7654516761276953
2.6890735387118654
2.5883118017615563
2.696382967725534
2.577739776208639
2.581738305769819
2.4679241645419925
2.407962092846483
2.4287694249623817
2.4211410561746454
2.1840478353469597
2.1712826852272085
2.212793487672645
2.178324579364823
2.0749670973157124
2.0819274026869796
2.1426896030827867
2.1679402070409597
1.8988183117289923
1.8277888775782645
1.8096869373101871
1.992224781587427
1.8086698993556574
2.050142638631673
1.8220617231147707
1.8910374900414961
1.9421455354815798
1.815000118492806
1.8113823819693942
1.7565773228491612
1.8162687123052084
1.7647589205602836
1.7322406871548472
1.7081799755756117
1.7132254586676525
1.6215897576364144
1.6160136911078895
1.601241412030979
1.5850215987368041
1.6038118778732238
1.5330317214163178
1.4975029979396866
1.4142325661898818
1.373545885276343
1.415814928418604
1.3824220919605674
1.2691368975030966
1.2350310302353147
1.2606036933241072
1.3385332743957659
1.2753674273916646
1.256728502089902
1.1987422421162042
1.2575029398579742
1.2593199877282333
1.2725381160958325
1.2209412510560327
1.2156032942563177
1.246331739675609
1.22605153288133
1.247369009110049
1.2352885043694484
1.3259654751118881
1.5294919556833242
1.7588536312008112
1.790557341652805
1.9074750858636886
2.1010523957413954
2.2709273812559547
2.3911815667162992
2.6361662010452527
2.626871389423084
2.759145975517486
2.6546655377529085
2.605074070427034
2.9174285607154276
2.7734877729841467
2.81531946448467
2.886162159715471
2.8124510004087764
2.661435253573006
2.6812734059322643
2.7214768141336925
2.665117501340511
2.811662491214635
2.6946707207353633
2.8137415504398486
2.7719836380519216
2.771089351873494
2.981971847481243
2.8614728636132316
2.9209292441840895
2.920772699483067
2.958518069157395
2.9234294102275005
2.601910146979457
2.63116205183745
2.5917434417365124
2.724604846243612
2.738474147849973
2.615868386911651
2.5953736895157222
2.4826477199925683
2.2484371216678998
2.2781174924847476
2.2395891733780124
2.2948619473136374
2.3063776205694895
2.223242971791244
2.0691603104792393
2.1640786434847934
1.920411801823358
2.048693418708749
1.9567929716305212
2.0508153980962
1.976690810318342
1.9155624475532056
1.8429982834014784
1.9615867552672748
2.029877987819562
1.8357051666957347
1.9004397361414564
1.9669047938457322
1.8698314892092693
1.8060669432081193
1.7131413202388481
1.6749325501488552
1.7347780852426498
1.650574316226283
1.6343352251982755
1.5101970426038211
1.5909974433335934
1.5500506355686203
1.4566846854127635
1.4363683603325592
1.4285699268742544
1.4339319269633621
1.4053885809992872
1.3635958818733487
1.2770535233537552
1.3244117948878646
1.2672946215993106
1.2699264103394925
1.2546047206847335
1.2661481633055078
1.2850875210509587
1.2171201547594397
1.2339754046417044
1.239277043778853
1.1765507120863585
1.2009374459756441
1.1612181156251735
1.1723371710657835
1.1484860037625912
1.1144003284524113
1.1443925556104944
1.1294805914713437
1.2157499578969178
1.2194160573063335
1.4457316275966592
2.193154318872953
2.1703538051079505
1.8638082003719327
1.7375596045482065
1.6908869492543244
1.6890647225671584
2.041980572131285
1.8350457687524775
1.871843623311092
1.7100925949389618
1.973839304353459
1.9648062361789993
1.9618887230320219
1.9328540562263263
2.111552292912757
1.9552320790132696
1.8269918383426003
1.6787551774706295
1.7925571289699378
1.8631257636960745
1.917748034775313
2.054470614647473
1.8595983804582519
1.7069174364532984
1.798982412540429
1.7650489294488922
1.6931430985150433
1.7006100056479185
1.6864453997631361
1.7276088405855852
1.6585665880909326
1.662445260014344
1.5874790781937618
1.6873339012317017
1.7181674845924253
1.7071248773957648
1.7409487632136047
1.7074377258193207
1.7297538793879164
1.6244207058292952
1.674202611931654
1.5917678819526075
1.6267239552659143
1.6563301680371985
1.729920289990924
1.6940209614000155
1.756579102324837
1.7649391638568532
1.6911923755329932
1.6963589846270297
1.7381475811184746
1.6900709895254653
1.6763609024597332
1.6910982974428266
1.6468004443126594
1.699291082098974
1.7512370727385733
1.767499554356723
1.7743079036931504
1.6937603043818985
1.7263998382005428
1.7534977838382753
1.6709109866470822
1.7246136542218604
1.6168216266036897
1.5954756858696768
1.5717079508939908
1.577581994844591
1.500130721607063
1.5317050133954893
1.5033804188047426
1.4673241701713853
1.428224701729075
1.443316893138937
1.412579546428878
1.3429731641677747
1.298087996916285
1.2702913953627513
1.2805643094260115
1.2693478212092932
1.2578260174545937
1.234394210755214
1.2874583466532517
1.3006612232734531
1.238446439215585
1.2712873754672391
1.216943782538977
1.2383544824372283
1.1861038188633688
1.1646370673882604
1.1764293849791612
1.205084085935804
1.1728989548457722
1.1618568759981414
1.2234493916726266
1.2706587874144135
1.2794792211412398
1.2556139096964511
1.2544783273642381
1.3218351685245118
1.350574100069917
1.4020326477734806
1.449444781221961
1.4985213090506673
1.5501383393672956
1.5233497486500256
1.6051783085964284
1.6957330532208041
1.6596257945935027
1.6929032362421124
1.6732708513750285
1.697897147227491
1.7200009104276273
1.787129517264728
1.7335198686839939
1.690169391845239
1.7361909682777352
1.789678725752632
1.7914337808465404
1.8144081546386495
1.7797068350640048
1.7449749194718518
1.7635414496355062
1.8019386776531154
1.7908581583456007
1.738186447529926
1.7801095472056114
1.836446290737643
1.853187832103302
1.872619223383393
1.7857092376585477
1.7500450977637392
1.7785717279063757
1.6709652190633324
1.84962239724494
1.8131885975365847
1.7967844388623486
1.7401106845836007
1.8392383595855422
1.7696684780137337
1.8169715443680807
1.737087496098455
1.8218221215687063
1.8187988215988857
1.793063373063038
1.7709767117501298
1.7722974070834128
1.7691372028679884
1.76302199046421
1.829763886480238
1.8707814317227525
1.8088392332842513
1.8976716444578352
2.0167855537518746
1.8905157826269015
1.8459438426083725
1.8565270970352845
1.8446686239335874
1.8647113372732025
1.8300941797602877
1.7830116437103378
1.7169110959207705
1.7146595457135798
1.6573074073431167
1.503338741383102
1.5072237978062442
1.471861991967453
1.4408215873044485
1.3659547505003482
1.3852204159412354
1.3079249275867983
1.294955471009719
1.2666044073764884
1.2814350155267757
1.2750795889880766
1.2665293152897665
1.2606036300225931
1.2857361447378366
1.2695758041075502
1.2000424292539418
1.1830470837610556
1.1324140566535175
1.1554843250544613
1.1116277555507077
1.1504004247872963
1.1894596408312583
1.129770810449604
1.1233723990970284
1.1044586954491746
1.1431545601584958
1.1006539742025625
1.07941345884645
1.1534298249056614
1.2178370332377508
1.249734965432888
1.2845985938639404
1.3143920515615715
1.335915570594454
1.3548166043337562
1.4559170966142865
1.481416632446309
1.5167586820170027
1.5041045397990296
1.516009008228147
1.634914659362247
1.606443395081162
1.4816347768022422
1.498250086724135
1.5366585860288657
1.6144507231855008
1.5461153963377579
1.6251885765611906
1.5433736103763902
1.5414785708212067
1.654217566252487
1.7247962865748945
1.6633572697805092
1.738615929283126
1.67379056036442
1.671957081859062
1.6759311916924093
1.6839441263129151
1.973797647295186
1.8310276449070904
1.717046975149619
1.775310833264773
1.7605568447488555
1.940646984739484
1.8568986989663991
1.821816363831206
1.8316763421897615
1.855112743597659
1.7411082090565024
1.7553296804299208
1.7636755655918415
1.6742355677479062
1.6924854097772712
1.776879273561744
1.766990149879439
1.7568009362425685
1.6927971885688349
1.6435103855019972
1.6585284735107686
1.6490288896046161
1.564327728147044
1.6094327883241115
1.6752633972100393
1.5952173436048978
1.7442672679679185
1.7268032974763727
1.661097922374246
1.6072764297277753
1.554558639994196
1.483495558481376
1.5681115799373686
1.612260211219233
1.5399191678997006
1.4868131490822267
1.6914962738271644
1.468179140829461
1.42416944955559
1.4744784709897807
1.4512967443233802
1.363776479760431
1.308609237616361
1.3113567544286042
1.2960348362498537
1.2668337856870346
1.2285450572993195
1.2263159091946918
1.1810886372813176
1.2086785719525601
1.2124569905877511
1.2337532992870557
1.1936740478771888
1.210614047658616
1.1670156211967615
1.1844611103704996
1.1482077507631443
1.1001634859116298
1.1118029047132147
1.110915255998707
1.091663876889377
1.1052657358024431
1.100728954202164
1.1111178246892421
1.0820425871512303
1.094778975257837
1.0959459532578777
1.0702296455727063
1.131144117855027
1.1392906102758804
1.1469005675454864
1.171296627276439
1.2293099406510954
1.2123921040307875
1.270770832662852
1.3027414268684903
1.308639617596619
1.349235648010949
1.400693748854571
1.4185938987429865
1.4245589407512598
1.3667113943524238
1.3791135878735568
1.4193594355497932
1.376942880107707
1.3614020968722982
1.42941606562146
1.4272554146443968
1.4405142968829556
1.438588541925446
1.4343123762011658
1.4872864241559551
1.5217197622764602
1.605376318210925
1.532191057248422
1.5803578165450722
1.597833742699729
1.5288523722765242
1.4755430953166204
1.6030367019295169
1.5276756231333315
1.4443508869217327
1.4951085094017627
1.3689969703537035
1.6161451756400507
1.5549859348025523
1.4771635595820352
1.4369427439711095
1.4209876233314849
1.513126394344582
1.4755743778968864
1.4566199845829686
1.4401009712044404
1.475391637062748
1.3825094921629857
1.4540689174714048
1.4833280809134148
1.4672110152437277
1.4789311697547576
1.468504509651678
1.4269170627921484
1.4246457129031442
1.5168362925189378
1.5598038547078288
1.3820723659413137
1.3653905910134712
1.3980313602471617
1.4027079744793474
1.3887851899847679
1.4653756023766715
1.3976889244326614
1.405228153861592
1.3345974072896474
1.2678354880537575
1.2627541159489792
1.257047159172891
1.2303705508625327
1.1775800683969664
1.2192615473765571
1.1830365496904065
1.1420973662567815
1.1263750810943465
1.1338649772477205
1.102805929029704
1.0923073421716405
1.1104771075851325
1.112780857611301
1.0470680908049161
0.9730627269672731
0.9285182479428915
0.9611394482977066
0.9850582004145371
0.9549449743902985
0.9395429917746563
0.9306465419445956
0.9864114709560533
0.9794349701908541
1.1013519681164483
1.1755071462799465
1.5822089606758216
1.6224337400055922
1.6265817397465352
1.7866416423593763
1.938517515899229
1.883702365649745
2.011428798887312
1.8699380633743752
2.111964567215448
2.180621025372364
2.253220912866692
2.2432118058509665
2.607508731414204
2.6144005794426515
2.5314260411755725
2.5390944776186943
2.9696744689084347
2.8089668056690704
2.6071699495451592
2.6331412538143266
2.870274613648998
2.8006393185739378
2.7774902656473337
2.3798267894289102
2.4839834357937622
2.7458200366266876
2.3692850032429495
2.4277413529210765
2.5784488086081345
2.7090994632209773
2.7788433140995097
2.632768536811761
2.700853129400332
2.7861819512518173
2.564737055550366
2.6636958998262155
2.4650230659676255
2.3989136771527897
2.350707885885253
2.4323993255926366
2.1393500967965364
2.2266442827918556
2.4829170010263115
2.553393319679692
2.377937646174231
2.462800841247817
2.3030295843840074
2.2078441120721
1.7903081416785636
1.9016045061137807
2.2426212793422637
1.8154135902011035
1.637432605233965
1.6261681895248887
1.6198754899761851
1.6280232535111359
1.8475303578335107
1.8178550570575325
1.8466028261069993
1.6564899666660748
1.674653054811761
1.7129226154014132
1.9558540968347857
1.8081304468780632
1.7281683448533303
1.7616794632478656
1.560989487597096
1.6850937887837374
1.5452306445281045
1.4330528159430873
1.374591015609084
1.313353978168604
1.3038655760776918
1.2910794182816663
1.2552853656377965
1.264323908643262
1.2405919204994953
1.231060985584575
1.225203509921558
1.2313997544873787
1.2197993109034597
1.125153865121377
1.1410548307282486
1.1014436239825578
1.1476182019714944
1.138202246299911
1.150222280467441
1.111553257814961
1.0852749816752296
1.086923166171156
1.1008284298929525
1.0410536310064866
1.06601867151724
1.131301276490185
1.1594160768662993
1.2457431844649984
1.0412629127318933
1.057366807078958
1.094626029668218
1.1298543635319007
1.799617349170454
1.8335304334681632
2.0014568463674838
2.020006047279994
2.4660269524534475
2.3548138171958537
2.3020011251028927
2.2651806240998833
2.2271603902510804
2.866973852746052
2.9394783341646322
2.9366896798149753
2.6685242183457007
2.3778914780946026
2.338188790306341
1.7233633790862366
2.3462601953325404
2.0544991650760576
1.8278833582396383
2.5340586049341836
2.484968610818588
2.586929376314604
2.674047190615839
2.831061213424928
2.7099314740575764
2.6362707922401944
2.6314288765633504
2.9842395612871204
2.859727856772088
2.78908369399439
2.8719399388771434
2.5782841800432097
2.7071880750692925
2.922827970981551
2.5452948325418263
2.638235037857984
2.524157137747852
2.4668831101306443
2.384591419513225
2.404734125289055
2.2940365345361657
2.0835963552983974
2.3372589337591343
2.120696756807721
2.1413860506773177
2.0111360742532107
1.8871852598138092
1.9945682912621898
2.075558560642658
2.15958565471398
2.1066437645953644
1.9247846149992283
2.140824427243427
2.279307115672671
2.1525169488527953
2.084109940423823
2.2532750456319794
2.2191832726660325
2.2041125381335336
2.12491859826123
1.9367010827645044
1.8214369169926476
1.8606378162486505
1.9488314189508757
2.080753636211751
1.813314852775935
1.7562457453105917
1.6670286042016833
1.602877266497441
1.6319832500326508
1.4196660211502434
1.5965612425361577
1.3864679777375477
1.383480764333854
1.3210040002073622
1.3641540728972195
1.3080834446602232
1.268669192594587
1.257702269649672
1.1963563266455417
1.1752549606592082
1.1856807455230445
1.2216376789541732
1.1586039462896847
1.20627955771596
1.1664836032017427
1.1557439870539297
1.2329236143795212
1.174582264582862
1.1682973481252406
1.191847593743549
1.4887952412349286
1.6423531572204164
1.7304323205053294
1.8603681767061433
2.3353497978487354
2.450396984635456
2.1714588781678628
2.3276843992816927
2.2403688716350043
2.665173956759123
2.6858395765961625
2.8164709775929118
2.6631603780097475
3.0344773436920933
2.847166618813323
2.6811785732437534
2.4709696551747378
2.526959700137222
2.4424367393049393
2.638811790299814
2.4996970816023145
2.6677356711400604
2.6238058772304766
2.6819507243606777
2.7382597618930564
3.0740651595944994
3.0463146700580026
2.928591402458778
2.8081810473427358
2.7858967478600887
2.5915439761962706
2.5534521200634432
2.6298413701691072
2.771762150951394
3.3485851526181047
3.3821267334720746
3.235408377984509
2.988087759729536
2.797008665599848
2.649329481915848
2.4461376069259106
2.5083147469138987
2.5081679841621156
2.630343083666337
2.570208608386072
2.517180344601859
1.972891687003132
2.7499967977719537
2.2610415724770787
2.2136368660385837
2.4131124827873474
2.2233350161718133
2.095218722865113
1.8422881728719116
1.8581726109832573
1.9508326016666588
1.9337327545362262
1.840820135325707
1.824172054330298
1.8989219508013413
1.9640700782712837
1.8100967710451963
1.9958056969333042
1.8052691252270394
1.7810096898574868
1.8913229537179432
1.7882639630939476
1.7345748702003763
1.6498844599890874
1.6871096288154555
1.6022983694001305
1.5797268343455984
1.5405914841384623
1.486594706920252
1.3867948950576843
1.4308620401017516
1.3651468363622692
1.338180539551711
1.344575736663119
1.304842850319939
1.301686535162887
1.271165341825881
1.2668638069913976
1.1692688092122003
1.1889640882554873
1.1907491807015487
1.194117780101296
1.1772151409869032
1.1352847758890596
1.1357585401784105
1.1785570351025252
1.1316338914944204
1.1722819774579623
1.1435648551171094
1.1503443460016378
1.1470120887176487
1.3095697676091018
1.6191004279214192
1.6939032874802933
1.7437074657347564
1.6871602193889916
2.024452952848491
2.2943118020102635
2.3463713298214466
2.2779276458326647
2.423067467422094
2.5445083416251673
2.551852019758709
2.6539100328781386
2.4861707612808095
2.548751416376186
2.634626618182717
2.7555198884032617
2.4888611134459455
2.561180791570083
2.513560160933465
2.638205196919017
2.3420662661655065
2.533736925350667
2.504780093500297
2.6800382819596056
2.576040330507083
2.6155657478458587
2.75602304671079
3.0885549531113448
2.9053937845372566
2.8649370834923933
2.7704944818903487
2.7218880629385787
2.7934521437156685
2.7935743551045564
2.9896814433470196
2.7212998274997333
2.8399649945846512
2.8476020239284923
2.7192739938136907
2.5320076329700956
2.554120613252261
2.7816472085350314
2.63031270139668
2.6987191497506915
2.5164950969835225
2.7037886224272207
2.5391058476425266
1.7998592706727643
2.066739177454197
2.00801015314096
1.9561864378307778
1.966809216282364
1.749013152376795
1.774055114870905
1.8225510407874437
1.8351970331050722
1.8509977184754096
1.7945124040382203
1.9165219400706675
1.7063670331914902
1.7089435290554102
1.7295321764283644
1.691907632622839
1.7467105006191896
1.7515710671772726
1.667897198243634
1.6915855178080796
1.7347768370210237
1.6297665192830044
1.5931965556319716
1.525428517590829
1.5119507153151301
1.429624799592648
1.5412626214142833
1.4130634095600896
1.3834308305867264
1.3049489879896672
1.3558482990468275
1.2702551424783008
1.2755206031709763
1.2284341687754379
1.231812880575275
1.191571354419831
1.2080501344186263
1.1683800444366736
1.1953517496813515
1.208534072547117
1.1696877159832817
1.1595024628990889
1.1672120262699766
1.1040282176540503
1.0858014396551185
1.0682293847588502
1.0844658791057278
1.061855807245501
1.1575914371358207
1.4736576013128275
1.6278333560523663
1.6351028038575637
1.8528714209581776
1.8004559085716523
1.870451338799782
2.1843239643585615
2.178544204725567
2.1179447809451073
2.1063169142340876
2.0683134010375612
2.030000170296973
2.35463043303772
2.469498106932679
2.724607474397171
2.608404440830442
2.167835221172604
4.725003222346673
2.3717021535694345
2.098751043772839
1.9530072990530354
2.079795552932572
1.7681050257155582
1.6966173946641032
1.811364931255262
1.741321972268671
1.8266921695938265
1.7947131601179132
1.9304641972152103
1.8167697032345913
1.727730421987012
1.7619688543075964
1.8112463619534795
1.7830023649356173
1.7453658595371255
1.8235122910245247
1.7236787427816664
1.7503894679734249
1.686290053301943
1.6561555341144414
1.628084500658771
1.4772598402503412
1.513993359016274
1.4327199069266194
1.4085596901783697
1.4016811808624934
1.3521375230338224
1.3495254666577172
1.2963335447707256
1.256852732204011
1.3238070632945755
1.2818086258772088
1.2761136987983766
1.152114836636111
1.1356615727516002
1.1243746253014908
1.1309083015492136
1.1628203753864486
1.1561341261075324
1.1444002665576745
1.0834207922521673
0.9643752756233555
1.0481908721025202
1.0694770851998956
1.0408386872613793
1.0384562692291475
1.0197421086834275
1.1278254954613722
1.0906837958826687
1.2267185795370892
1.2212163356162593
1.2496887018626237
1.5063417196364317
1.3427107904068096
1.2164578538386719
1.2304899223500187
1.2819123289830028
1.4345441538979675
1.6288606564217323
1.4281318992288752
1.6284618195342204
1.6198569896926291
1.6849861691970716
1.6911096765866391
1.714054062316629
1.605365109952151
1.7921451066103231
1.6616096201867308
1.7130571680653304
1.5871459937639918
1.7420692145971726
1.3921786965303402
2.2889159481085386
1.8431485239589782
1.8307591354999506
1.7486752547238233
1.7141409943542127
1.9077890039024792
1.7386498962750507
1.8058304216483512
1.807882359715901
1.8651160236379616
1.7308589399016765
1.7521682224667452
1.6111513279782432
1.7072523132383899
1.790653323878729
1.815779100989893
1.5545956510040373
1.77934468330974
1.6242191964580948
1.5100195618063408
1.482815495620641
1.4636698011179579
1.5008011375620038
1.553343670367712
1.4756729947396008
1.463318851751152
1.3928217414722532
1.4653170164745646
1.4314483295478055
1.415022467963753
1.4950946369648705
1.4942394660200358
1.4936744340074988
1.5237793346460713
1.492608899525481
1.4568551789560185
1.5634616379581472
1.5214785774584951
1.3883143610693836
1.4643744864232207
1.4302949599412256
1.4365671434435259
1.4247016960324548
1.4070571997434242
1.3634596117932543
1.3427196901974958
1.3445410803497344
1.3799767727876326
1.3376631773621155
1.2969783325825737
1.341658299905878
1.3100186453237854
1.253111969409531
1.2008797266636762
1.2566164979074999
1.2581995445519547
1.201815802913405
1.157648361071223
1.1616415226142889
1.1328354534606526
1.1390225766486477
1.1327930952204712
1.045774533715479
1.0842700125060527
1.0954410225800446
1.1149241391096274
1.0699729996625027
1.0944712745686265
1.0835698460175087
1.0854777995409142
1.1358893507071104
1.0347967707967163
1.0128266257091862
1.0395198467542859
1.047568660135353
1.0560580627704599
1.0520577959225133
1.037074621239985
1.0625558827228447
1.1030538864852075
1.0816491238480077
1.128271799968851
1.1320386166965564
1.1909859728114278
1.1405813552604671
1.2004840708452345
1.2398841175250035
1.2287603905380629
1.1556257833505976
1.2479933796207863
1.3488874221923217
1.3491915907711616
1.411010012487003
1.4163192262544786
1.4194336358696016
1.435952546338191
1.4391365795871571
1.4221689550009056
1.596350876189109
1.6965249949735803
1.7706856673033977
1.7822559746223154
1.8102803246947534
1.5312410648934196
1.3955520047092635
1.2998914007884659
1.3215501922422452
1.3525210916446813
1.3939288335941098
1.3817643768875278
1.4222957090962383
1.4339748893648832
1.4881145062906769
1.4235848699129874
1.4240851825892478
1.4510734686316502
1.6142479384129407
1.5592250167824255
1.4682322000920691
1.4724713416688282
1.4416046520839174
1.4730663372270354
1.5093464584524765
1.4541063136872854
1.501041357638594
1.4989935752327859
1.577545734054481
1.6159808178189505
1.5881299282387096
1.6127943281438941
1.5804398090492315
1.550556613741566
1.5854174688262366
1.72600269049832
1.79974714529137
1.5075637375962405
1.422294692092128
1.5456114312960287
1.3967605607651723
1.4656862726953708
1.5236437479131504
1.625861909083632
1.396390201896264
1.251812235248175
1.2654763048059143
1.1972676780401466
1.2107683457365617
1.2382597210308224
1.1882035913834192
1.1596822277173842
1.1600210863024367
1.1820035362963328
1.1409305431009884
1.1257727908108326
1.1209735288817406
1.0869744183716283
1.0810227873598874
1.0760545398146968
1.0094323174611846
1.0514745489541328
1.0352737337987095
1.0303665566659364
1.0014357466845256
1.0092054884644996
0.9926788499034882
0.9900305778157177
0.9824442936001263
1.1675241549336104
1.2787146796290778
1.4074448938899018
1.3797891149951147
1.4071414003380773
1.4666198392485095
1.5449437201825296
1.8712085754271117
1.9479412915773813
2.3823698031086913
2.3835462950931245
2.349591368525608
2.2071024550596876
2.2150737502028206
2.45917567705866
2.4839640747090943
2.421920616663882
2.567916465113007
2.7937394733214016
2.6595420247059742
3.0606534769874782
2.730516254098193
2.777018772062068
2.6637569893185558
2.5425152818196963
2.4302581367169043
2.3150349394021843
2.521299410374707
2.595208995745582
2.9995768463705748
2.9338751812985135
2.816846479208254
2.8338910681286382
2.505469796400792
2.736949542713644
2.686123459376361
2.846233156885139
2.6115788328825285
2.504962605888443
2.6132032147172892
2.5539043596204114
2.5160124221667037
2.534889706423504
2.323104964666341
2.4274628656225237
2.2385215271890346
1.9777591231714389
1.909522931150381
1.7535438776980252
1.8008382555691427
2.0305207743988283
1.8787618320321917
1.7324737306296791
1.6599171254934497
1.6105406186500568
1.789011519809069
1.8058290502426033
1.8735673855198547
1.597356704501809
1.678489983846947
1.6438458958812543
1.7909961309289941
1.738842055351616
1.6450081757112438
1.5952859205798298
1.5472940645844855
1.4333472931665774
1.5516790847816304
1.323448444474061
1.3067946757682125
1.344620475229946
1.2944535989212038
1.337123015232895
1.3271657157399737
1.5039875188448482
1.3781989307305462
1.23956289286927
1.1916361819948098
1.1371824598594709
1.1771893317829158
1.1323109996385283
1.104663979754652
1.0984334051791709
1.0882025104509925
1.0811534297978396
1.0786284603005705
1.059657838579083
1.0692979511786176
1.1073893706485731
1.1026093949860283
1.0640669099293039
1.022237939138663
0.975594457653916
0.9990349379025683
0.9438494311637092
0.9519924032021645
0.9997204606124721
1.0027395178514753
1.112142387920349
1.344989104693078
1.5800336073785646
1.5818501758085555
1.8694313655871382
2.063897587422395
2.0447273341863155
2.083795444654253
2.168844688322267
2.1593734158416353
2.2863172278189734
2.5127254831851467
2.3514658976259106
2.2974889715305045
2.530152514772446
2.32751341415113
2.298825803185019
2.1702460011436933
2.5060888940685575
2.5301370347839627
2.500640803710238
2.3982581030218566
2.4273915101876584
2.464411313108
2.78832183121322
2.4359214503523043
2.6684276137734355
2.526113085395598
2.657624893023001
2.4958118212595006
2.5491187232506682
2.6966668210874363
2.5396767677158123
2.2465986425054387
2.494752966211621
2.5076075065968775
2.5710744009664994
2.6098593225678157
2.494604498362636
2.366136593368198
2.0832587342789
2.1548939916391423
2.2265789933394777
2.1835420120721123
2.168381320372113
2.2744626644245645
2.049327244503045
1.9958113109607172
1.8895573236526653
2.0092444797742908
2.2077498983178807
1.971876041246191
1.7790767032007606
1.8010039160914437
1.800258825758673
1.6861894327768125
1.6830368452464495
1.664422385067675
1.6212715297507652
1.7207195978298082
1.4497715287703485
1.5831393058962082
1.6021083422366407
1.6261636712409435
1.5509666555205388
1.5255893676809604
1.5070953718344753
1.478791687257126
1.4471403836309218
1.3973994356567851
1.3308988803431563
1.367270311362312
1.3142048811532192
1.3063456142641694
1.2877441292380933
1.2788757959209105
1.2333317095147875
1.2187878880941976
1.109684142922598
1.1589036482851964
1.123236332675588
1.1688936046777452
1.1331398090102958
1.1153419630294477
1.1189080276767092
1.1053605059078309
1.0793214515751013
1.029219172216462
1.0489024710950035
1.0066265744774554
1.0344834316189806
1.0339946506276296
1.0539999777302043
1.0514903881341435
1.0588403994013735
1.0477704277227469
1.0108332806191547
1.0708282594308525
1.1597973004059692
1.466737495513901
1.5132791114552342
1.7861349288057098
1.9655657714711516
1.9814849175526903
2.18133448212113
2.176790010402758
2.1453270362130903
2.067279563437001
2.288085456413411
2.3057470909505033
2.357929646589168
2.2671475096373768
2.421671925782617
2.2513600384797225
2.184911669026323
2.279759338164255
2.434958927756163
2.3057326170092334
2.2515514903462295
2.4503791993810218
2.5367778510946466
2.4070017544831326
2.330677532266724
2.487495978280265
2.684655975094219
2.5101978492689123
2.83045999351468
2.789286475877856
2.3571866785463973
2.4428119582870904
2.443677419819449
2.260893644270361
2.2310039123659426
2.2341387889529227
2.4048764447206583
2.2655916497836874
2.3701218120703036
2.629036434117655
2.5618744082951594
2.3761046115992124
2.318903518973807
1.8738116531285662
1.800620876656828
1.8174324936408877
1.7247203186671465
1.7394981861278567
1.670303573775124
1.6774334299149207
1.7005640935441062
1.6477615478489216
1.6181199288222028
1.6463976850974749
1.671274465466345
1.6917119402119762
1.7053551460903595
1.8090967231170145
1.7143073919791632
1.724849161554411
1.592047255457564
1.5644523262338799
1.624493190754671
1.5531708043774899
1.5644330445802217
1.5510296177682692
1.4670048781584084
1.4380402499887386
1.5169126360324479
1.3461129427401308
1.3348338993509326
1.2774058562809556
1.2285474675674177
1.246537057590359
1.333068348042228
1.263475309875588
1.2229378131361786
1.203551609076834
1.2548333102302338
1.1727234159172548
1.2365298920290968
1.2126442916249702
1.1722856137946316
1.1235733043307234
1.1220643775772963
1.129488621807344
1.1258863191585116
1.0848184053240104
1.0399531339556207
1.0851683373896996
1.0696238161479532
0.9937062188259378
1.0388201429539636
1.180704118577006
1.329975712208319
1.4003554338924673
1.6356776577223773
1.4310768678150834
1.562186786191618
1.7509896195676815
2.2752570918833372
2.2370431228900682
2.032057480794616
2.2315757579137983
2.3998238767072673
2.481054389681426
2.407055801335464
2.4603047952753836
2.292249184110567
2.394602439387875
2.4540095527152124
2.4911827767595107
2.387259717611183
2.497439178716563
2.4109303507910766
2.781880360296369
2.892091073743436
2.718666010442034
2.703124821939689
2.7874032796665285
2.6666516430555256
2.6854713490417303
2.8436686393994637
2.7551738332845126
2.827699023149264
2.8515001200471515
2.61022381419295
2.920326882211106
2.5944595134670148
2.3823932112199153
2.772295248622917
2.8884206244489534
2.142165845093684
2.1912701989268197
2.060926390123567
2.2189129443947673
2.322894171436037
2.285312411241459
2.183283207392604
2.0349477261387108
1.8937351477175353
1.7582845680609553
1.924927431929293
1.8524546824258643
1.7624246504632013
1.8089986677856165
1.6417632013022723
1.5703999924798053
1.5711214544349774
1.5394965960937548
1.5359050490455237
1.470334739811679
1.5073734010024478
1.6540208560339027
1.5195589695697729
1.4629399559147866
1.4344679118686134
1.5097313015578833
1.4583665405826807
1.4599525747389523
1.3734670832542288
1.3823754324580575
1.3253766059491416
1.3925551361594626
1.3266329873103426
1.2881007151694177
1.2168621121502965
1.2417660113936257
1.2451136692741929
1.1967499739404728
1.16621309352861
1.1698957893419553
1.1803124791658313
1.181019271141372
1.1611476757676584
1.1360175865271633
1.1070393530502973
1.084010918522299
1.0884291277958
1.1095799625302294
1.0782003648940388
1.0792719364348062
1.0896719576805942
1.0318400389890898
1.0274632397583623
1.0435682847015553
1.0193462804127762
1.0500529607687796
1.081959644694079
1.221659908176622
1.3818170901349671
1.2027980843784987
1.4700503146274109
1.5487317050246299
1.6147541562951908
1.7320255503678306
1.9060052349111636
2.1539561218513086
1.9642950428647223
2.0494066075221036
2.002545672047439
2.0687824392662795
1.9614096786591986
2.029608866342433
2.2517236163546244
2.4327446307674285
2.1116032308417947
2.2086303549491495
2.4238551891697986
2.1484004135346013
2.3854597751652165
2.2465766397415
2.530369572950589
2.1421439501386446
2.5033394844167107
2.5344835904442884
2.5949142135602163
2.4804020218895757
2.357685223417525
2.361747298599925
2.1322494987660683
2.0720253720415083
2.2514977716847784
2.212187260083857
2.5232221093769738
2.532938212119385
2.445410894748481
2.370150644859965
2.5724617399591634
2.1989079756849197
2.2404567447748467
1.9934491928473062
2.0868037421231564
1.9852521094057645
1.8050029367582594
1.9491307522257144
1.887414742563694
1.8204730333736006
1.653962009930445
1.6473383014013252
1.5931311444102918
1.7366790388604243
1.6475237287479043
1.6239244953100915
1.7415813672591804
1.6457938079799317
1.6570385694150171
1.5983127567801083
1.6525344083884528
1.7264724807541185
1.5091832926287079
1.505468788234231
1.4920678307130517
1.4050889002632048
1.403754685574059
1.3195546946316117
1.3298429432181882
1.343219235911136
1.285062490886918
1.2504265597161148
1.3055089408234237
1.258560842804527
1.230315071732191
1.2511500230219115
1.2222000365299974
1.1715988313587566
1.1333592706953126
1.1928402033042214
1.1905324244305007
1.171885373982504
1.1093489463548285
1.1740275299146483
1.1360129148659
1.1327191205000824
1.1190192992874552
1.103946292435487
1.1312829925874004
1.0722678129355838
1.0373884705731604
1.1664438181005257
1.1154304991691726
1.0947358250579164
1.0882278576572635
1.0740704471554097
1.0859213090700357
1.1284682243811832
1.1336724801176272
1.0947170584126078
1.1287014747805015
1.137192865794357
1.1583714328992178
1.1487917524531566
1.16661826459225
1.4488457962398873
1.622539744538118
1.42768350847317
1.327278638551017
1.17357561360991
1.5036320539609618
1.5871500907310194
1.3807443438435798
1.3963799521800468
1.3458439692909852
1.436628397034253
1.4728314609252173
1.6641071759047652
1.3875783145629685
1.367851998171088
1.4913414324105274
1.5037182577494472
1.3569083258578851
1.4442940050683106
1.5269123613738316
1.5031115501991963
1.5199148165076009
1.598556741476269
1.6145365872190285
1.7799295432695168
1.6604488662567711
1.5773320906585266
1.6576241080233827
1.5915020414981935
1.7811628432623139
1.559926089883517
1.7480965851330446
1.6551212701562796
1.4425772489021658
1.5362762399229795
1.5972509785193094
0.40232973395775423
1.0294120757423493
35325.75620153792
2.1210766720719034
2.8496254385385242
1.4249779601600152
1.2872415618854194
1.4001725669415654
1.5809741754598827
1.529068447133215
1.3048739073709053
1.3841731224522362
1.4513916000407199
1.3529539511661723
1.424869979551636
1.2775076104402379
1.452228832394288
1.2345110516863063
1.316738234706674
1.1836757715018698
1.2230732951825174
1.1768770442344016
1.1629440420469515
1.1640492511526614
1.3316577659301487
1.2173574828707843
1.1733098759813474
1.138298709488882
1.097500263480148
1.120026925677587
1.1012239465902662
1.0888969449167223
1.0556221669783568
1.0444878480865787
1.0527126759999148
1.085338163905095
1.0265300032069729
0.9901292987522835
1.0635378616960889
1.071914860405962
1.0485994675302441
0.9939612520655583
1.062225189423231
0.9799309045755037
1.0019284242894706
1.0031174626850217
0.9783996945925982
1.0046221849381771
1.0128105058168377
0.93354267292114
0.9825610057824944
1.0206485385658204
0.9921386624811364
0.9498094528551303
0.9052755450074866
0.9649856213859345
0.9405917971714709
0.9625110463515961
0.9814089301327403
1.008040025831468
0.9910026161528303
1.0411668739088569
1.0193076899045006
0.994186340914238
1.0891460336333578
1.1433735262660731
1.298451963504299
1.114573163272691
1.3113096931016432
1.1734200155980183
1.2638557722411263
1.251746651037067
1.2594321547621317
1.2627228499597214
1.2350930714115085
1.270235670321462
1.313035331894662
1.2038316695783038
1.383724918806256
1.3052860621388918
1.2495339108849173
1.5248089520512011
1.5841115743021816
1.3560543733179615
1.3153382910385443
1.5983393926452973
1.2831805658247264
1.3014478115078747
1.2550885974877333
1.3384167181955737
1.467909437660875
1.3213343448269839
1.293224938365441
1.3892345702356792
1.2758835338876278
1.3388011729789175
1.3534397381008172
1.3352856458405031
1.344047052846734
1.3422354549089253
1.2538223621456233
1.4032963154060059
1.406510566612429
1.4763610509511538
1.381728330037407
1.6375663908364644
1.519166808063762
1.4843325025168321
1.3410155486325694
1.3997984759287398
1.2455793438775347
1.1893255100203461
1.3650506951230386
1.3941822747480368
1.2871927823494203
1.4264344634433723
1.4739234912330959
1.5047308086412987
1.2303130747879085
1.064230395374619
1.0600521678360382
1.1454600212876374
1.1172336877557145
1.0838935153836549
1.1490849878774216
1.0668393623429542
1.0079555886611404
1.0505286692799833
1.0516739781647848
1.0199675844520535
1.0823473157402888
1.076776235665064
1.0568730984618193
0.9506606104397443
0.9970951597752523
0.9540459725316242
0.9418390349526216
0.951856287558324
0.9010173906806616
0.8969835730920326
0.881212689591725
0.8518280398193828
0.8656203059355806
0.8614102785283503
1.0396894261369338
1.013203616462859
1.1968998050429493
1.3012894529883279
1.5469938690291487
1.6159240391973444
1.7288113384007173
2.033727073770523
1.92406685085999
2.104033844381052
2.2140142976185757
2.3220601436084416
2.3085427350225878
2.344093970240279
2.3019553918440088
2.502676656507203
2.2295198532585245
2.3744609119575166
2.294119664479022
2.5335448033482146
2.444180636530096
2.51105230812218
2.5729800434231915
2.755204364003285
2.6486255414245603
2.686086811545693
2.7095939426388655
2.795935864123759
2.6820802481622996
2.69596009499247
2.72754800009814
2.6797973921689624
2.629903528663625
2.658139296344387
2.6265378338744294
2.6640835749804412
2.5178626367306025
2.511403694617548
2.665884775583193
2.6777105543695776
2.4657123708912088
2.444296794660538
2.3517460156027408
2.307482442199746
2.317215678801617
2.039112112463479
2.3724037125363315
1.982747861040296
1.8352273037137041
1.7554471264417104
1.9266270592521022
1.8895014975350504
1.9649116720044884
1.8530668415534197
1.801777881386287
1.7871270480704533
1.693990964871
1.6204627405391043
1.5408985543530034
1.5484568888051542
1.5144678621338439
1.5956256609808386
1.5452357296124581
1.4219597325978766
1.4745956833731555
1.355217121268826
1.5800247822885947
1.2575211972519442
1.2535183687167306
1.3225241884163246
1.2825792945481627
1.2485494766519514
1.2457482000993656
1.2562357303965206
1.225282806251855
1.220713101359079
1.040957914849387
1.043105652554232
1.0175418724874563
0.9288435032736948
0.9464873946049152
0.9559603873121769
0.9145725120202844
0.9400706587814193
0.9190897768397955
0.9153315511927298
0.8966571330019842
0.8779842446082746
0.8894581402179238
0.8594340573776099
0.8898949806153112
0.8532710220799925
0.866493215326561
0.8796549813217026
0.9287357934000982
0.8856199081178759
0.9186910721532953
1.0641758601373248
1.127121755430959
1.2276721231122745
1.1873081845590965
1.339158486070275
1.4149419269498154
1.5986906319765706
2.147892629236794
2.0020565635476637
2.131267917360475
2.0648146748277494
2.3014821143785373
2.2220613234532505
2.0394361809155077
2.284996139574648
2.491546428007425
2.4638166831829666
2.4324194879479717
2.4532058837056643
2.4225265937999807
2.6174065923122702
2.4491861189165105
2.440874508159961
2.518846459425475
2.631802055815084
2.4614308812599934
2.7279298834015484
2.666595434390037
2.6882162257447386
2.677156256057794
2.779276325281634
2.973270337343639
2.729892967433398
2.8093293600015685
2.4974981728397734
2.6279156151845995
2.5103345258459733
2.6318743537319604
2.8403918855259445
2.655010316327062
2.5936846177401542
2.392954227703115
2.423090030035822
2.350885564904995
2.0230089672340568
2.2635883307959808
2.419627751470117
2.283276256105468
2.03793921200352
1.9953532587835805
2.0422056659403505
1.7637104651012885
1.703646631335757
1.7372069137769013
1.7127916631646927
1.6356785343918692
1.651974568968277
1.6427960680249662
1.5497996258071256
1.6225819398377523
1.5584368376265305
1.6035285382172733
1.7572135799669824
1.5831445383038778
1.5114598574358393
1.5036888359106693
1.4760966390328802
1.4736580140448843
1.4296660541883497
1.763964935609546
1.572265234152307
1.4010132702375242
1.333393058999479
1.304948518744797
1.2841741540712832
1.2438914654830697
1.238020762853487
1.2283334897922793
1.2157726068561772
1.2074316451421494
1.1848401122522902
1.141218866066752
1.1055328018036696
1.1337782715753222
1.178068689680123
1.1461066914335194
1.1021957408424135
1.0480618233704426
1.0478957600048757
1.0366481485711336
1.067491408098644
1.0233025141560848
0.9839154623316313
0.9937448091327297
1.041505249143446
1.0060978050202556
1.0002207238716436
1.1259278522406457
1.4645768009315734
1.6914316630045512
1.487304185481232
1.634814468101934
1.9957492774299663
2.0295015778463767
2.126835949323179
2.1675288743503973
2.165595461744198
2.307202449144141
2.3376845627854004
2.2693576254184142
2.328670326539601
2.197279874891629
2.349009728571451
2.2898490474567925
2.1894433196218883
2.389794557196968
2.5935109381249584
2.4878850967067256
2.420025028358369
2.478024874446735
2.532592967980096
2.499913425076992
2.478823722756179
2.584681019196309
2.6795305051636142
2.5607131716723357
2.705558531619872
2.8441412245444293
2.655615602122557
2.484122711474282
2.416321915562254
2.522827703194885
2.5699356548701453
2.4675213587390807
2.5000893468645513
2.7149277172329485
0.24826880937833634
1.275842054496532
0.7732053712097022
3.6255560526614734
2.2350793747091298
0.2187962810667471
4.005833228921042
1.9470444750909912
0.7781861929801412
3.268602458409945
1.7976617874078193
1.8638983442002812
3.9934298191691515
2.1178876023941213
1.9050662470358934
1.9404588584999554
1.815545937166093
1.994751260980196
1.7452031902599139
1.7866024540403385
1.823686790860341
1.7942864337070885
1.6795135647898363
1.781246978546062
1.6415421908823973
1.6109232337410675
1.581283255723922
1.54993208585855
1.5211936806554516
1.4262942284343443
1.4254710080317896
1.4586143240047436
1.4542403083200823
1.3512331024078466
1.3951806506717463
1.3150912287574914
1.2912631186450985
1.2765818913408313
1.224447630363163
1.212627716150156
1.2110606645235815
1.2156246772937236
1.1833643105073457
1.1589990707834958
1.2079405782608887
1.210953151644701
1.2066898372242072
1.18928977606078
1.1962734300274864
1.161754341586348
1.1267936203749223
1.1441687882711546
1.1794131200712945
1.211681447599974
1.1713203743023253
1.2135010033987874
1.2445768968784665
1.4169572483758845
1.6952649026748006
1.8983004789819133
1.8296371536092488
2.028018411796119
2.0195746682738704
1.9626765450846102
1.9407780931215022
1.9332898291299798
1.9525599553001456
1.980659328568358
2.168101879462047
2.5814296043961678
2.7035617998742434
2.8338789971023486
2.57121867479793
2.5646399167612275
2.3995744806244956
2.6281935183588128
2.541806148889412
2.7289183122532426
2.6572978556708193
2.927909085810508
2.8307212944256586
2.7605269947355366
2.6886465496513963
2.7962733457560236
2.614404742878644
2.6997323728420746
2.666815316148152
2.4814045527837534
2.605274530827776
2.3913132262998946
2.7455202130464174
2.793486867106098
2.980842053831901
2.724393379850746
2.8473551128090633
2.3371996759435723
2.2859460284312876
2.3212117209541034
2.236745494977944
2.2541855939570894
2.0119156531933347
1.9314041116373668
2.081412675209836
2.2115442323631602
1.9508861312464811
1.9298483083113425
2.1111795001395026
2.10769027157932
1.8506974913116683
1.7914326918467813
1.732563989030884
1.8393592950076756
1.7215940141547426
1.7827401067058346
1.7900279031229318
1.8182737439679764
1.7080163596024216
1.7255720393446383
1.7309176879969375
1.642826696681108
1.6036652093644135
1.53754630295862
1.5247016953531385
1.5648562869725158
1.5573169455720628
1.533203246238054
1.413393050534387
1.3938134184994608
1.376315323749788
1.316875112910243
1.3565022872064232
1.286753716629137
1.296683720550572
1.2195154498542249
1.2184747805092864
1.1717367366903308
1.1769181959911665
1.1748185374085836
1.151595882416763
1.1109652917571315
1.1404507842844192
1.1397009066369626
1.1187599008171825
1.1107222897077296
1.1373186876098058
1.0975301588020965
1.1458864542462992
1.0821994010597673
1.1324300941539718
1.0986512614940012
1.098789174676169
1.2495973481075364
1.5709146530333256
1.5948278234805457
1.4985151020497571
1.6859384027210662
2.034240581337821
2.115997229659427
2.0802776314335003
2.196284571152208
2.2692698844544372
2.621059492180573
2.422141306836552
2.553221456863063
2.3750294060881503
2.2250524683756323
2.303204787938698
2.2370329434465326
2.3381893449581077
2.5435784986403465
2.492685185663822
2.3245378268604395
2.4702762525580035
2.3474342813317337
2.224589364653255
2.399779313587186
2.2773612765070608
2.2526702560161875
2.498751816229726
2.2806087651275093
2.4906102141156476
2.513458846324617
2.45939709826012
2.39311965003029
2.5003800866947596
2.463322242058959
2.513104282649551
2.440481872132865
2.306946479426417
2.16311741777866
2.406528724869505
2.3260055629173295
1.9946905121545024
1.955656752321528
1.7914836682486646
1.8362173862163376
1.7297750078285419
1.6418193104346102
1.7117491474102142
1.7209953494277437
1.7385405391639313
1.7659775861180511
1.7068993332446618
1.738641300017446
1.7765241578946587
1.7890589652821243
1.7774029415600416
1.7703994614711958
1.7864524587467028
1.8146229989059224
1.7458705139151365
1.6606866431978449
1.759389584839989
1.7274528050744273
1.7007641512662444
1.6909852983185145
1.7337726547656929
1.6899693828260944
1.647513320110564
1.473105190107817
1.4973999256773096
1.415708056538661
1.3924691945085004
1.4332387341545094
1.4254199471483706
1.4461934655536821
1.3959646564355281
1.360273530650812
1.3607538163935475
1.2443389981118342
1.269630383648644
1.2545983576579922
1.1871465735904978
1.188844966592444
1.2060925970042617
1.1334545228454238
1.1930609331407265
1.1798493183620085
1.1861800976397374
1.1883093642482083
1.1961636000116822
1.158505767480552
1.1659038043406167
1.1283146500459305
1.1237712155827813
1.1476157680620866
1.206123508277839
1.1891926152379637
1.1820864037573429
1.1860657072556882
1.1541029211660097
1.2912645531272946
1.2076518256905422
1.601813584139527
1.4502104948069188
1.4193465847030322
1.5877169323483087
1.4733315042591506
1.414045570831993
1.4971807043611993
1.534914565902881
1.5497409029773335
1.4923629168028538
1.5810988142485873
1.5513928305833276
1.6023278922521016
1.5734452739104003
1.7676839979852341
1.74099401933693
1.5890226739359459
1.8099766765775016
2.533060636161432
2.7955265130744142
2.3364807206702753
2.073260839162105
2.0429113196408943
1.8009166085634423
1.7500512296915902
1.8506413600788854
1.9187179567188521
1.8666821884072393
1.7823700967673808
1.9540497332733686
1.7713265257780657
1.5898595874093389
1.731916784667537
1.6503813665914087
1.7404845600702052
1.8424421815425263
1.6185317681677338
1.53962702731806
1.653476735038335
1.495036633439218
1.517157229142139
1.5117161914439714
1.5981611352375962
1.4777675906019898
1.608068675713865
1.5696440696744638
1.634176560029589
1.4853962519077406
1.372229779827263
1.3852075511332587
1.3411778926455915
1.474265722726553
1.4915314259201198
1.3973735473244009
1.320177380317982
1.3597044922001194
1.2746190337171315
1.3125876782352062
1.292159169887345
1.2556562786095955
1.217916814664186
1.2906022235633925
1.2303505537244848
1.2766468508996407
1.3783040163793627
1.1643099196044462
1.1833866328140046
1.181885007335238
1.1246178107768188
1.1270730900913495
1.157266445954973
1.1262978955352643
1.093675690491963
1.081901919156858
1.094383841720668
1.0386951461763254
1.0503618417641707
1.0646611084764306
1.1263768070774636
1.1894007090591863
1.1067031904939986
1.052352862355833
1.0901886091497306
1.0758001956875238
1.057852011205471
1.1204038550514022
0.9967065740444139
0.9710752432282509
0.9618367241126501
0.9175606931928509
0.9689323242730176
0.9818566291253977
1.0070551589247592
1.0395876537725408
1.0770268045754374
1.028442645415717
1.013562565076003
1.0568801760899358
1.035198697255752
1.105988264425677
1.0128797719891482
1.071967617135712
1.0818178026840986
1.1044837430902854
1.1943722967293233
1.1542791612431234
1.2663046799609183
1.183004914698991
1.2049416846135224
1.149723499847268
1.2569231905569547
1.2012683047846526
1.1761135701312913
1.2323926395385565
1.1889711876253348
1.167311727281456
1.2139509624075984
1.231613774438617
1.295888906838859
1.3619373939304595
1.453880467703081
1.321523012350994
1.3156991768719648
1.2487929925035952
1.3902544096258427
1.3804978276278708
1.4157160405375468
1.3261187455959993
1.3004901312151314
1.5057439290638612
1.5221276612561006
1.6706362973222584
1.6194970909274433
1.4679097463971291
1.4465748205126905
1.650392482370571
1.6162439231609147
1.538712179663189
1.4148613551900207
1.4299545656935002
1.346510940785649
1.3260349031969947
1.4410826530621896
1.2785515006161516
1.35191160076289
1.3298710023331521
1.2933082147804384
1.275862120537998
1.3025659849506077
1.2037187877900353
1.1743267254599659
1.1787665037491433
1.2938490951763457
1.4397758090721295
1.3002431473622664
1.3810472985856124
1.3922455666376432
1.3950257760145222
1.3214273596079378
1.386542579480446
1.1952301149402362
1.2965316503318254
1.1689152744770002
1.2971685463939382
1.3233472620097784
1.1274852260602577
1.0999579333457865
1.0370302374904288
1.0205944898719672
1.0273473259299994
1.005312144197582
1.023960848943243
1.0106764201023977
1.021246365592154
1.0228137348183552
1.0271158423658548
0.9799600795035673
0.9760350705378016
1.0060623526009744
0.9860370034068595
0.9758335956457597
0.9609118807141499
0.92897190967452
0.9155102787689139
0.9752419106110349
1.1089108581203204
1.2099513367290051
1.4835338507317897
1.677608993823946
1.530346985532753
1.8764819364895629
2.086175739725738
2.002574792405002
2.11926534597444
2.2828842478772446
2.1787638796937916
2.441482420375118
2.499214196012191
2.615972753871387
2.7014299914355675
2.5376997879868934
2.54208881595955
2.450715091391095
2.340404942334715
2.326556254372784
2.309943014839992
2.4555953532875954
2.3636994296276432
2.364953683858171
2.3597310063495325
2.557468920354664
2.581816911112065
2.4475481107041284
2.556592381537258
2.5215982461488835
2.6799499355342413
2.6612605390724675
2.617534708893354
2.534207106941076
2.550893970580961
2.618203071327748
2.628819685035161
2.4861009018575304
2.1778547546666354
2.208645243320279
2.145463111510946
2.212836345520961
2.05075428610868
2.0600758327735074
2.1190927441519243
2.066760934886457
1.9239187793823755
1.9547545767359786
1.9914351339971106
2.0977250734406816
1.9351910826326544
1.8134139085621728
1.889834391567
1.645998308679506
1.7183095447316947
1.5934941836147594
1.71647822091838
1.7209113972218641
1.508730747320475
1.5893954686088607
1.5423903649985706
1.5906604905410362
1.4445309275403861
1.4992800403138633
1.571533611327794
1.5081772268900928
1.421980660006304
1.41044127025889
1.3474409808129617
1.3499429924646789
1.3384013991506951
1.407030007511801
1.4066131397109007
1.3330533681870158
1.3365606586285246
1.2766802873703627
1.2458838340367981
1.2011905893080796
1.1820634660278153
1.1590940622785082
1.161475933317607
1.193172455332501
1.1417474506800347
1.0974584866033419
1.1130078017141536
1.085042418294077
1.0911219954503237
1.094281845985535
1.105453710063452
1.096614159061652
1.0527100337222828
1.040684397018727
1.0193197134314926
1.0454266595554464
1.026698407418227
1.027964966090237
1.1209268696140615
1.2978259765957532
1.449063468204908
1.6452407078921127
1.680301375404869
1.7248022844320197
1.8394152746059325
1.9742082197880373
2.0279112969310167
2.1642650379989004
2.0362957718309214
2.210329472759443
2.1010262384053124
2.3122963552213966
2.4251534697254264
2.3501258437294608
2.2782361445626687
2.0941260573760987
2.303205339823125
2.3204193439782532
2.3369224859266935
2.465674963401188
2.4861149789330783
2.5179401747099517
2.4450292066199095
2.7370975456554065
2.695795017907257
2.483625264763249
2.4589810327832855
2.736649135810704
2.451450831528047
2.6882368964265866
2.847728596982332
2.56071104977547
2.3915428165564903
2.4794118753171204
2.5088635532868775
2.562361412855339
2.3385460357478647
2.5243817589557125
2.3064442190550176
2.27497483908023
2.194556023183849
2.089540733226428
1.9365376894526483
1.8002317458532504
1.6917626506211967
1.8125377298803422
1.9896329434370306
1.818888806075347
1.9644783404805921
1.9112409851776326
2.047238230960654
1.93691532458651
1.749365546970504
1.7547750352493623
1.7067645664686975
1.6911105897361682
1.6568780695773127
1.7406305282129186
1.6911101723152648
1.6032022163161044
1.6041428589476359
1.486308274527572
1.5791415081860787
1.5050855343921035
1.4434061436087993
1.443564925484712
1.3671946651826274
1.3997648064261115
1.3851414721623354
1.361349356723607
1.294876973840034
1.2880763049601798
1.2857524956027533
1.2201841310037764
1.2244646757676685
1.282556399640803
1.2172460768486248
1.140347534975665
1.1934962126952056
1.1377402695327117
1.1669843311647077
1.1017982574540475
1.1006758976719053
1.0944263462505923
1.0810493695712688
1.0709650422010235
1.0747761832881177
1.1000885640636728
1.0611506435169127
1.0567702482871986
1.0366636099457045
1.058622837739013
1.045124202813669
1.0257325547259604
1.157622454987082
1.2679070460179815
1.5834907389437751
1.7226144264649297
1.6610368311784305
1.7032185051120567
1.9313492909611276
1.9196074014351596
2.256650638331707
2.258217097416707
1.9412600196057719
2.1677933977636883
2.110831972710886
2.1596817336464387
2.339643841581235
2.388461929813028
2.2563805645911614
2.346623363637481
2.4706421665517992
2.431066310964485
2.2377539857759388
2.2432699395133895
2.5122503242989924
2.62811802683643
2.4869836749598004
2.369755168483096
2.5950669736764884
2.60824087713172
2.879872443697955
2.6920826508187212
2.818338465138724
2.8040724572999483
2.7838385426902095
2.6993051554529655
2.733440084850946
2.404426311947639
2.5020937371230225
2.5671345312070337
2.4135331742023864
2.4277134911031633
2.2704404847899906
2.1401197906235163
1.933996433427522
2.0370613502487864
2.056985980865592
2.3149600232869845
2.0968180002093386
2.0135598229036025
2.260805580042513
2.133380128801881
2.0981587688914014
2.2761488046931735
1.9708045285069815
1.8219738451296998
1.7242500176953257
1.8953398669280708
1.6856901999875746
1.6944788222390585
1.6574723499612107
1.6787570817305857
1.7732341866919354
1.7972625967986964
1.7665933743844542
1.751191024766449
1.7147747030835077
1.7345348761252688
1.692091756177211
1.751175600758983
1.7064384856876849
1.6374578885630542
1.6290359000568846
1.571413336130001
1.501303417778272
1.5738265405214094
1.517304290897338
1.4402395705500386
1.4519750160397318
1.3682837341334435
1.3049463698643198
1.3125319323548745
1.3116167807105739
1.3046441288893602
1.254225656583964
1.2235238749347188
1.2215755296135888
1.1812781136823514
1.1622886252335232
1.152861984029462
1.1228590545719475
1.144103706606015
1.1614497976540021
1.1843609477484216
1.1383453207913907
1.1684083717102665
1.1439523855970442
1.1515986412414003
1.253614565001121
1.3780937206335855
1.674237704796788
1.7016748844198046
1.9768386361562236
1.878248496467569
1.9006445760595763
2.0392418668938666
2.136568114878724
2.1616042429799425
2.0118438410043744
2.0989078150708047
2.3716019443635865
2.190821302285552
2.448164026366771
2.4462030935019254
2.4325722717835654
2.512105448540712
2.886386456368573
2.984269110878674
2.582179827217952
2.6842369552206446
2.547150363294614
2.303025936161706
2.284249814389277
2.583419012274636
2.6135065409591074
2.74834243520099
2.5698327591611623
2.522658215477548
2.5810373415968857
2.622517563014882
2.6128415549066686
2.4918095181726607
2.671630524452802
2.4365760003386634
2.383982001040797
2.3399491100276624
2.38169514973708
2.507131210978033
2.4417887018644877
2.2575087993128267
1.8766774738330994
0.8828305481429162
3.6900801069590115
1.5445862452043597
2.7018623562784483
1.8454555320587938
1.9481764606744407
1.9535507231722962
1.8570093817549997
1.790344156459637
1.820450350612986
1.9134300305909508
1.8443238118661787
1.9620725266728112
1.8352770516316093
1.7736464751925727
1.8426481621096293
1.7770996734162836
1.8353523716559352
1.815252800841327
1.7664549316511697
1.7549254386399236
1.7102621471281243
1.6722716350546452
1.8255010179440778
1.6150797460258575
1.6267107462363763
1.5537453660915006
1.5101136746541726
1.5048767324312897
1.4583899818468138
1.4030821894157874
1.403517952224807
1.3785276696250026
1.354548097116544
1.3225598774992398
1.3427290447122493
1.2604825465101341
1.3242871941812113
1.29883376008029
1.335524126534096
1.3447744433347841
1.3089742326510203
1.2707500306224393
1.2717326144677077
1.277242301260842
1.2704796020359819
1.3117591348427742
1.2704955512740403
1.2757413669996414
1.2019614868623252
1.1777733322106259
1.195910633958966
1.0872162616845016
1.2309457828035544
1.4051927845727277
1.4615931196383805
1.4865498562843449
1.5847193078035153
1.6948636538236275
1.9043517953224762
1.8782149350972868
2.0505828000037947
2.016322464976979
2.175781287611764
2.165914535392089
2.3674653240259467
2.1519769329131284
2.1144748791855306
2.162998364630097
2.2783058879865146
2.1675401887751238
2.294755805967586
2.2613522294974375
2.1791446450454544
2.4261266834303203
2.7470293132801364
2.4658088033764507
2.4303165638288333
2.5490295894544137
2.7718351802278507
2.557557856919463
2.7432399597834913
2.770469974196853
2.468311370432984
2.4724794146089004
2.6105525823170566
2.4512111281787936
2.2703437777623403
2.028243932634397
2.2186934009870365
2.2564765975775645
2.3300647640853005
2.3372885090525486
2.2178620626660894
1.821061272219362
1.781005415776448
1.8640490198741981
1.8316552033720057
1.885474020089863
1.7971045452444836
1.6852333651138311
1.7831639022612105
2.112272725503977
1.8937080348292061
1.6998211326675214
1.7747434042036336
1.7900901182875981
1.718082328199127
1.7803752203853758
1.8546844502850064
1.8923350177611393
1.8500541162218727
1.7551760492341737
1.8128401406098817
1.7928060507995318
1.7465991131094356
1.6256278693738369
1.7242976084621193
1.7201106091812346
1.7397642414539283
1.6164733255562578
1.569517641113641
1.4799710512534763
1.5481879375335035
1.4118965984334952
1.4065734426709016
1.4139872841964938
1.4913127565069564
1.3476045866055
1.2918288924323065
1.2798924603230573
1.2963267881535505
1.3095863927430391
1.255277712140861
1.231488512955876
1.2224738938007005
1.1656459136408017
1.1605341384674472
1.1683339561474246
1.173767184414294
1.1647448511641882
1.1398054307152445
1.163725557050447
1.1141147028378071
1.1328185976670462
1.0763442736505529
1.1136556716004993
1.0668614041622808
1.1143863869669883
1.1379273893578328
1.1645000515142152
1.1505839680616878
1.1799316220554947
1.2173467923544694
1.2260088884527076
1.2837961062270382
1.2717068796639546
1.2792934095944892
1.3916776518746534
1.4109092884211123
1.3737274602508724
1.3967272067591465
1.4496849733239088
1.495705347911884
1.6429741009370833
1.5036431093640013
1.4598760947527432
1.4874879961440932
1.4905942064003581
1.456212214749789
1.5079662448000322
1.5703987420654455
1.5708077670284761
1.5850752637285106
1.8124691375842674
1.6774633081083181
1.6893560856599488
1.5844339871353847
1.6169050792987998
1.5977072522984381
1.5975172362853862
1.5456089616155817
1.584677060371948
1.5617594701426287
1.5533380872611846
1.6275633699131986
1.6254423456621225
1.60451963115915
1.6495897440666203
1.4883877271776993
1.5205882201371252
1.597350706421148
1.5877675636827926
1.5178305307111437
1.567958805020692
1.6177831120951116
1.5889373562242963
1.684462868414608
1.6252032909639746
1.4700600891440934
1.499951610359238
1.4760062255250075
1.50120598464604
1.5088592391448423
1.4875269969107803
1.4186193366503768
1.405768139022255
1.3965797745429476
1.469488953797581
1.5194943003277572
1.4923534649167873
1.4495764309690984
1.4874507026980197
1.4344238650404169
1.450069790027075
1.4519136913722601
1.4935874337653159
1.4722406104265295
1.4217339406621183
1.433686454457329
1.4378027381237783
1.393271594921346
1.4094291897753486
1.4084529475060195
1.3674552007058953
1.3185213738320631
1.294461006600919
1.2930274455961233
1.2727824034829913
1.2450102788754451
1.2492029897246646
1.2081233349998692
1.2337917529230962
1.2272857553466083
1.1706728454885178
1.186877087521656
1.1458034844576586
1.1510829958277484
1.1610620869431338
1.1478262445623073
1.1732191933109228
1.1778902313220214
1.1381603062577637
1.1268607839920375
1.1248421301562121
1.0892541682298973
1.1049647853143993
1.098507072026027
1.100715820799399
1.1133540813941043
1.1161581922012973
1.1495024520555333
1.088981422053569
1.2233748666634667
1.245424257415736
1.192190448337832
1.2542327212331228
1.3267918446650455
1.321693630741325
1.2957654461172663
1.2287140912116503
1.307154688683049
1.3075521125228646
1.249990323697635
1.308733843021026
1.3447558944580815
1.3496732476448499
1.3517452658590294
1.4088058846122755
1.461744731845968
1.4148397680072446
1.4459024052494682
1.525041504850487
1.5631838916852514
1.5381231296715616
1.4995153908466115
1.5052811015635637
1.4437779143051133
1.468564134118645
1.4882332512135628
1.4539499117672747
1.4750986666170753
1.5094928165113748
1.400812024733433
1.5707107230250872
1.5824918035877176
1.5100291570818107
1.5634431466705765
1.5453054060777816
1.618422986449814
1.550145605816235
1.5066107293449942
1.5743176189056995
1.483699341279448
1.4188837664807994
1.486809931639913
1.4451410874080137
1.4784753560170232
1.508685119702739
1.5465926546182638
1.794792986408119
1.613311113442215
1.5863461120178473
1.5446066710295807
1.5902905974779045
1.5094074674768236
1.5439477370791805
1.5268607334375504
1.5749120518662199
1.4691782373519713
1.5375073999224487
1.5495226623429885
1.5398214541779291
1.4975294360735274
1.3919753393716872
1.3576318119130715
1.417674943294699
1.426794386555311
1.369935362463564
1.439260378171609
1.41529286235772
1.3660607241580318
1.4352059932999108
1.362948290923648
1.3074008170676048
1.302985421312697
1.2671263857403787
1.198607791576715
1.225452423974881
1.2275498081410985
1.1807408479649772
1.1534431517566808
1.1186025148790764
1.1259299498293518
1.1196390815520045
1.113450062726016
1.1059238912159133
1.1284063133153641
1.1067123291721028
1.1069086688691618
1.1108196700786812
1.0717342060695998
1.0877572969247487
1.0640926733216842
1.1054627913246682
1.0777451367337854
1.0985173727304327
1.1356852319578776
1.4475226898955762
1.3935892593842587
1.41809462626217
1.671120021177974
1.8297674575513247
1.7437338165821923
1.7848127322692902
1.7050201431356649
1.7161978577506938
1.8228316173901558
2.0097555790356867
2.3307891253719775
1.5205289263126804
1.6091333311683573
1.6091372090468592
1.5535217052890404
1.6128571782342591
1.6696014064830167
1.5066058272761675
1.6084409060108142
1.6885943871191098
1.5950422348055997
1.5678815822019028
1.4782840584982415
1.5539692036469643
1.5338705360232572
1.4516867954692079
1.4734264928626528
1.437645008267222
1.4537321213813075
1.458516305300951
1.3799706486707868
1.4222219549361286
1.2693111306657978
1.4909515842395622
1.5693102953284663
1.2866089871597632
1.3788592779366404
1.4566092714697583
1.4186141673656054
1.4998280722550446
1.3940421450819258
1.4230036853809664
1.5810387948013656
1.5650245740216715
1.492919638483775
1.4245373902859948
1.470785187385084
1.4721150649034185
1.529537635001702
1.4977156755414631
1.5735633653897756
1.5169970015714065
1.4731146017372496
1.5092688952954991
1.5448341095890543
1.5746979333423379
1.575121000344766
1.4850817545686559
1.5096156647146375
1.4971818706355104
1.3818171187527473
1.4196376939690736
1.341606562337096
1.3025154325793875
1.26868604758097
1.263029225916873
1.278828398778219
1.2079655877322764
1.2679769177469093
1.2557397730088091
1.2374420976424314
1.2147668724650669
1.1772630767905756
1.1550818921846389
1.128813521109675
1.1260840248271977
1.1116667123206079
1.1563124103328122
1.1395935092427316
1.0653686516657979
1.089019515719959
1.090328800289674
1.0428239917970998
1.0388181567692276
1.1069739308076783
1.1209520443254435
1.1205254030920175
1.1025252485781163
1.0929160642108644
1.1527290789467954
1.1609980832273177
1.105963992136659
1.1248831658364453
1.2491757598000983
1.2933351569001745
1.3732559607461527
1.3127686399057519
1.2904280091595322
1.310485167317192
1.346671632335942
1.401356729447206
1.451413422882028
1.4687808925897694
1.5336978359869642
1.5340418133767755
1.5720609458590062
1.5810472997004092
1.6541553133367612
1.551274002148685
1.4532919944538711
1.5082835854136207
1.5732071975048554
1.521310298649642
1.4266089537179212
1.4771100257271677
1.4844179422236792
1.484988097919202
1.5946854893981044
1.4287339101415086
1.4453770339990282
1.4679075858779125
1.4222606894860643
1.2875772710489222
1.3378883576049305
1.3170212918697763
1.309671273243831
1.4218446781675498
1.3772536947234453
1.4285324124552656
1.3898329546890575
1.3435418064320508
1.399528012028807
1.5177678614372028
1.4363836287472926
1.5336727797621694
1.5192941952904095
1.6384149360062044
1.6341966004915707
1.5980165418627819
1.6981348290475204
1.6127287927145717
1.67108433960765
1.4688160845847285
1.6652116125012053
1.6219757757228657
1.734908065610481
1.6863565288239473
1.7698843671342588
1.6552878019050588
1.7667491966809674
1.6449376577617671
1.6697844522342613
1.575592317841438
1.6589744655881058
1.6941294078834206
1.7014596272745723
1.6797259579334012
1.5645864123963187
1.5565742052507443
1.6679816879885823
1.6139034154405174
1.4773684085242709
1.5480036074093566
1.5293534823728057
1.4317321910751406
1.4474733103421136
1.4881584613220975
1.4591818206381066
1.4049731917494392
1.376346165383718
1.343796715673673
1.3469602508802965
1.3860232624429418
1.3523696477205869
1.31828609805231
1.29475466083959
1.2571260137854727
1.209701684269478
1.2532274749417418
1.2174762438267779
1.1990327531477702
1.2586019474168495
1.2097408788864918
1.196134019182753
1.2147400038520817
1.2817249178371397
1.3877476784086595
1.6104170124881592
1.73109585800903
2.01829376007428
2.2885016336400197
2.4119847275812027
2.4084418557433582
2.3612148422390513
2.551840745963929
2.188610803553972
2.5123643808075693
1.838855069216964
2.1125104684441753
1.828352244606406
2.2962920739882873
2.531229106189735
2.6389087254470676
2.6043670292631305
2.331043426350049
2.310185127669415
2.4456310642490604
2.0678900018556847
2.167154030840444
1.9908782855563758
2.421990128521601
2.5034955530568035
2.2226017027960516
2.165384061523246
2.3618142086491902
2.8017805419359845
2.625371779109806
2.847151341076087
2.651186397466607
2.333086867593277
1.961652941900318
2.055601081867915
1.9721113909750676
2.233403331267264
2.1281662313275755
1.8976376444683418
2.3127300520532197
1.898356481039836
1.8863003253065642
1.7477866341081647
1.8529493058515856
1.8317309869422365
1.750248932759205
1.8177984519825212
1.7658495459667292
1.8776708212884372
1.9947859919149824
1.857486093799919
2.0633088330695597
1.9100570816505826
1.8947373763651014
1.914592527858451
1.7502570024729454
1.8729959253906312
1.9259225619593985
1.871029358760124
1.9221268855607403
1.818074333446485
1.8684822204925717
1.83409773796694
1.8709660423123948
1.7687100698636022
1.787744473206234
1.680807854906351
1.7490684688337066
1.595295683069644
1.650440281562633
1.5993146795707338
1.5967073496798296
1.5119161645456702
1.4700119919735362
1.4772323337466147
1.4064608510619023
1.3603960486948998
1.310304064504925
1.3214668762614503
1.3222737663018371
1.300207671948133
1.2522590214554417
1.2851550329878605
1.254825366142952
1.2007087002819565
1.1693939602484096
1.1938883381708654
1.2102155392103418
1.2310589700498422
1.0275463741364346
1.0519662182877474
1.091936729941944
1.1814915506195964
1.1382857191283355
1.482406086775482
1.6943195930724497
1.7732443300339011
1.868717172899076
1.7585212343409342
2.3004402403197135
2.0927694049599874
2.0995945917929184
2.6175832658216915
2.5249556967393625
2.673129359170136
2.5686993479356253
2.564545775399386
2.3479547366822895
2.4294177233417824
2.354125170010197
2.1553227551607397
2.328507973208426
2.5639386310187127
2.6890103314322285
2.551344038118694
3.1442612534523193
3.3578766399844966
3.0162035451888185
3.249790526243632
3.229664881202892
3.193208378695035
2.9075860454498232
2.74774398246407
2.780860980735693
2.568758414113088
1.9888104140523588
2.3035060297971306
2.3160506768311993
2.531883762063332
2.3389737209853654
2.657810737882395
2.5532120789740436
2.023588696096191
2.951303290004444
2.288122272735688
2.075404239475346
1.8474933465997083
1.7302343849734425
1.7941861572099171
1.9011466411638236
1.8484608992260938
1.8634836741508582
1.7267544337156142
1.62649804151509
1.4877614372212025
1.5269572510555731
1.58675741975687
1.5761905647400805
1.601215997600147
1.7258115651407795
1.7285446801217526
1.786513328943376
1.8325000142949124
1.8570533950693733
1.8267057507640856
1.7577025599588803
1.7096546560895358
1.6952069449554967
1.6204211802571022
1.5682065157764813
1.5919994213070279
1.646727790832978
1.6024968624850164
1.5605887774623637
1.5334004324490684
1.5321696287319049
1.5148209607969367
1.4605754119934014
1.427117513581951
1.3072602228703345
1.310294017762451
1.3315962831886377
1.252288982951933
1.2554308805226677
1.2255035405708894
1.254076891658571
1.215706609596395
1.192255070185957
1.183807451722964
1.2243789459926535
1.2058222119123325
1.2040787177611492
1.1687983954055536
1.2087325625503331
1.1699955760172205
1.1563932545913418
1.1702710522536288
1.1464684123555693
1.1716672792708962
1.2734315219005383
1.3321295407337632
1.6685371341462956
1.9645807850097663
1.7924042663476727
1.7793540694817094
1.7878305653274438
2.0838869355360523
2.0463325427275163
2.3526146530341774
2.256725333184409
2.121510245728866
2.216316482500676
2.1957240780662497
2.01580836393961
2.169408863500919
2.3436266183512893
2.386005292457632
2.631735432686076
2.5830910495755073
2.500023652049332
2.5168731554382298
2.7111018857944833
0.2264644678852551
2.212501012439452
2.1579828754416654
2.5844479724002523
2.6731531361230907
2.605832226631191
2.783851515033138
2.627439398893718
2.485457110609954
2.2777441493665957
2.559903490988519
2.6295858817631443
2.60463276184403
2.601972189151085
2.56134817288707
2.4264798366517613
2.1951302655369735
1.9059242700204182
2.2813227510858254
2.0492211054915925
1.9344199472445984
1.9635404435283803
1.8903067009813548
2.1521370938356474
1.9886333293028904
2.062310427206741
2.0333077469356646
1.8363694850704144
1.8590359660778597
1.9455506772299194
1.8196985094685134
1.7798392877405362
1.7262414086863316
1.7392391448279576
1.5681536162846248
1.5648024578637074
1.5276630136401084
1.5494236115448703
1.5017795638781655
1.6333230957874458
1.6160911823148043
1.6151671484148804
1.6531015401921105
1.6660596513727757
1.6571853471019748
1.3501072860703613
1.5116235950876622
1.4905509084470365
1.4043600352465953
1.4490079109101892
1.535453086838001
1.535554448065487
1.3012334905676748
1.3052459526851599
1.173169332072921
1.1577316941300313
1.184855951258167
1.1765091380289352
1.193863896514674
1.1473523400325347
1.1408523480973805
1.1575397663287352
1.1444204761204808
1.1274269651586553
1.1275297013824976
1.095447597493379
1.1031462877765368
1.1800944110646248
1.1191256921834718
1.0935993340331165
1.0394467817891122
1.067699210149435
1.0818131857633555
1.0717978005730437
1.1619215155729574
1.1240802237627088
1.161902973222461
1.2791305006463156
1.2240078402961692
1.21660603178582
1.2838818116726542
1.3460408549114318
1.3995353551863425
1.4933283401591941
1.4406119179822703
1.4179941322931666
1.8036089734017027
1.6557477793219202
1.7782290330435497
1.883968447274857
2.249326854112003
1.90212530464968
1.8651129919493405
1.7356759914587347
1.6232681371664583
1.692188150696298
1.7479579014597846
1.7121396905797526
1.6387977005583019
1.7425703182329622
1.6331167992531774
1.6594360651643325
1.711405077095333
1.5913455457054997
1.5911791305925844
1.4581344589472551
1.5007106733715188
1.3925585856084457
1.3950312454517524
1.3058687801788254
1.3609026175743848
1.503933303663736
1.5860331429367922
1.535423522174964
1.5234160885152228
1.503530447212318
1.368168924476262
1.3676372452745031
1.4591427157528432
1.3367867213000408
1.4250823122584098
1.273876974590468
1.4986779936428298
1.3880502488197795
1.3912223401868697
1.3869573430747735
1.4332642027124265
1.4060537740704466
1.3156086746216527
1.504907464668731
1.3945012517737234
1.375633752060588
1.5099093515035173
1.5167918138383556
1.4030904075435084
1.3648677724687377
1.3534974701564466
1.3339702202644528
1.3909050430019985
1.3843700664532057
1.4025405288500314
1.419555735129627
1.4145592067430857
1.3601403370889158
1.3962760229079911
1.3662063846629362
1.3294681709563336
1.294742335153979
1.3100422571637176
1.248289561307891
1.2585906966673885
1.2269711997532575
1.209789955999124
1.1339757841065454
1.1667085340005392
1.1086581998281537
1.0761436859682625
1.0536745373038572
1.0742449960123117
1.0985626065274716
1.0609016601562393
1.0506874052954984
1.0524562983442982
1.0233855467662445
1.0133466539415474
1.048961670636805
1.060617243458991
1.0361764280497396
1.0350009859709386
0.9936380055302296
1.0121963490790036
1.0502150250768534
1.0672738529447572
1.0278985589977252
1.0410703103110654
1.0481364342939872
1.0604273190402105
1.0454434368575631
1.0901434428878263
1.0756944523561176
1.0760864162583141
1.1411231365315122
1.1254131841072004
1.3270927650551931
1.4571737267504348
1.330569465336239
1.2879945343486674
1.4455443353701294
1.64339859479806
1.700417564941985
1.4890086562420999
1.374407146587579
1.3056232712463611
1.2690085596344198
1.3216068519280104
1.2638267317374747
1.3602840204322726
1.3319482683463644
1.3444638402948774
1.4035336706047086
1.4357402414699636
1.3973396560949862
1.3251525353468145
1.4142001640714352
1.3114919720539218
1.2687676137698742
1.257189542911956
1.1885884443899624
1.296746918071908
1.2270245847642478
1.3101356981737298
1.485228686073805
1.303228040983542
1.5384070699783066
1.4396720545687776
1.5038390580708059
1.4479625468478485
1.4941723959219535
1.4654038988308686
1.4358564066737645
1.335760997703141
1.3787589678717722
1.407632459072346
1.4138074945781158
1.3824654872462763
1.3931413091483589
1.4270885910198419
1.3397664744638225
1.4001291644100802
1.372030575821302
1.349154106225426
1.3330999021363845
1.30742515536898
1.3240040055387203
1.31193746366889
1.2346785401125873
1.2300266069207482
1.2427205457888528
1.2726725434106267
1.260664830106019
1.243677702699453
1.2447597779420971
1.2090107107158772
1.2695051841865526
1.2290365698940016
1.160013717518193
1.1738804180679838
1.1454875215369325
1.105419948629935
1.0705252817223427
1.0435442277476736
1.0062822370891455
0.9915190099726711
0.9732434457203695
0.957070560333774
0.9553093089187408
0.9322087542165418
0.9489795970803232
0.8886096961621468
0.9070022660949864
0.8752596504672702
0.905104787274563
0.9446864098820743
1.0033258796159787
1.000930277620001
1.3396483507997492
1.6062976573805074
1.8925935794186444
1.924587516490232
2.378381801627456
2.25098026013395
2.382443649055515
2.5808546664007026
2.741296734961145
2.670099780834523
2.712863532771004
2.9946287005060217
2.812477942302202
2.8874696830650874
2.423354351971665
2.5257921147175564
2.523547482354316
2.536594072227893
2.625103130001375
2.636018377690129
2.7225550905550815
2.6766036805129674
2.5684503905638634
2.6517331665838584
2.666735021720841
2.6080171915538988
2.783214880193089
2.5494637106221893
2.7130500284540084
2.9382351573240366
2.999720995311585
2.6133953610749727
2.7569425778114303
2.7898707783422463
3.0746139444485325
2.939183978898461
2.792775808892831
2.7972558840964323
2.670723165141746
2.4559940581906745
2.343752402661204
2.4369682777777824
2.471784601039056
2.2696000391456175
2.172740315920262
2.261915224092101
2.1192772590393885
1.929063748837986
2.1452066943005104
1.9283362955159034
1.7968754325389549
1.8256147553482271
1.6638884273455363
1.5084761098388686
1.7314711088232906
1.6436545176888442
1.7179817296660742
1.5908292905425214
1.7780591586269623
1.4918118042447306
1.609218517299712
1.551225289670162
1.4487485706525078
1.4207837753422705
1.5755938326257524
1.561598376833569
1.4180736346613185
1.4231791867992387
1.3233045432455324
1.3634096419734507
1.326070672843601
1.3239495559748955
1.3035283158752566
1.3083013358155122
1.2891214903260944
1.2680632144723467
1.1990498834224472
1.2746445670693902
1.1335521484343718
1.087858876480025
1.1090114801815867
1.0636285515512955
1.0292348204857549
1.0558061256195552
0.9883341835518022
0.9901716159514871
0.9631042268499733
0.9929343897875212
0.9477374630615112
0.9759755094002495
0.9883535624473125
0.9895964223861563
0.9797557791605563
0.9703658537939627
1.0013381025156747
1.0243914973988153
1.1122798899846844
1.4535432643215909
1.5354005485650708
1.7801387653710568
1.9288256101740608
1.8427649718781582
1.8710019712268438
2.1694233532929657
2.0297454370623282
2.170073402059912
2.172042158365334
2.0977631494387357
2.3816348235361793
2.5451852482539046
2.8904908609591367
2.8949656935654318
2.799850487735402
2.6968503214577066
2.7218431711468347
2.9222304935093137
2.9021354739780865
2.414300794633193
2.6901566528987435
2.8771948556101385
2.6724890642836967
2.721405609173755
2.7321834903171442
2.4828224218050043
2.721041175510931
2.7322974098038926
2.680946326101087
2.7352260713982846
2.903642560322607
3.2093113329758096
3.11177437801393
2.907825204570492
3.107559851666416
2.960447618488989
2.468491816923106
2.584430194434197
2.5410263139626523
2.4771757229617815
2.226690377692105
2.13572529132738
1.9071879443468485
2.14891366280707
2.3082843850090176
2.2632910420916534
2.2456138374232655
2.0834779503696668
1.8740298851260073
1.8447886137195753
1.9108267799465268
1.920170770947526
1.843206748689486
1.777577172973109
1.852872906158582
1.8519368223193076
1.7977154411629397
1.9021512316254428
1.9692052261540134
1.8210916681137483
1.7544359620589893
1.857641548532113
1.7397651581997498
1.6316690222630361
1.4535909321801448
1.9331331171930304
1.9860975872173974
1.8320421878332707
1.939348025207899
2.069772907534471
1.7494934903816024
1.6433475026945277
1.4872189201069956
1.3595274253728984
1.3568458933171643
1.3239641904581247
1.3112507222465255
1.31361964084333
1.2549557581825324
1.2415477954062935
1.2464432829093868
1.1700650180464602
1.170405599135755
1.1529270357446226
1.1510537679708586
1.1360834642757462
1.1463242427869516
1.1163745050510503
1.120697653104674
1.1215675320597327
1.092717744977899
1.104842938251961
1.1331917225225507
1.136010718376096
1.2739153511645434
1.3849502594639758
1.5052732745913326
1.4339185721072885
1.7642082184699532
1.6943141094422653
1.8763088965354686
1.877870728522666
2.3860817950220805
2.2532732920399523
2.0991637091571973
2.1810632837954373
2.3684461057766826
2.536572338430608
2.548017637507169
2.5837805781306593
2.36809680967246
2.410472137717297
2.3777100658021495
1.232185857552291
3.1819426302884963
2.3038801914684375
2.4812946747881477
2.3537534986359443
2.316132588970704
2.245130332207199
2.7295641413044405
2.7917161780693105
2.7808039199429753
2.746849777921066
2.6564662000680914
2.575798284153225
2.6810596990510556
2.254405938193946
2.381434318155347
2.5104166360120033
2.6953215712475243
2.4940216048196744
2.764917469612516
2.4404106549256337
2.427658670118871
2.289498003467586
2.0529436025526056
1.952631519798623
2.15400937293098
2.0480603394368266
1.9353472784530252
1.8850186314167956
1.9322587390049797
2.1159302255602146
2.0487520751908295
1.8091791519298217
1.8346940511841028
1.8255543416567013
1.7732378839622598
1.8127866425984023
1.7291161242929043
1.8430337847011806
1.6928083833571201
1.6879636875159907
1.7795791275537312
1.642945727246549
1.6305378320051047
1.606879937139615
1.6070432750373376
1.655975871119623
1.6427836431042042
1.5862691016391919
1.5432638214009007
1.5470990216164677
1.604986587983059
1.5708978244481946
1.51088501202503
1.5506470852990828
1.5623809217568805
1.4553450645283288
1.413841812400303
1.4083154055005833
1.347477219530455
1.312125255114576
1.2067990880989075
1.2238269610596764
1.19049331083735
1.1817462402722583
1.187956279076611
1.1648374573453522
1.1476175985278025
1.1792597886502227
1.137132921705607
1.1203425694467197
1.1521616468566431
1.1453643106899638
1.1411460545954992
1.1531768730801362
1.1833543719412136
1.2104548796800603
1.1989052515590184
1.2197510428054128
1.612690300771154
1.661414488174497
2.0216423202052787
2.174822002927904
2.336433731912661
1.7957553203762753
1.7783948373619034
2.040529570124396
1.9565717682846426
2.1441068644393404
2.17473074200889
2.251415402067988
2.312857349042571
2.6289225869073984
2.858674481743575
1.9225500637938517
1.7489883956696572
1.96498508291713
2.321169756071999
2.529631380997495
2.6795671965470627
3.001636219233171
2.795247727035918
2.5875600465185604
2.5513222640611253
2.4106567573778754
2.6399050577134786
2.5261230092140936
2.5815780727893793
2.43667802966638
2.4142130488459914
2.5088653194041792
2.5270813465809834
2.4525597752433597
2.5229456384665143
2.348614542705853
2.391892040662936
2.3284470328634534
2.2668735264392628
2.2037730512170075
2.149003434914863
2.210966748667368
2.312130506449576
2.2708763046196005
2.204222459764067
2.1097342358864477
2.0383162812072197
2.2255240851379585
2.126737628634227
1.9292082281911567
2.0930728413497057
1.8333416185798235
1.812132691865436
1.6930271187111579
1.675647845686057
1.7492848621014196
1.7930920033843802
1.7443740024700622
1.7250918448830448
1.6888299725068199
1.719413867595382
1.8535320514832467
1.8237081602907268
1.8097299485770486
1.8561131904326402
1.7927787179126786
1.8724641447924324
1.7097154693058805
1.6539906031798173
1.4954374861208013
1.6660099933042996
1.4547947240655201
1.3332144828901447
1.4179967733130585
1.3158617701937727
1.2642879208662643
1.2399725368429644
1.2064957415083526
1.1665029907471596
1.1388239480457945
1.1288323045596433
1.1377715731753477
1.1307318607475279
1.0850308435502969
1.1052411583615034
1.056732733563482
1.0960785650191098
1.0671984485725077
1.0512959765810201
1.0979109869989931
1.1084807728560147
1.0845377983609839
1.1183409200961143
1.112114249282402
1.1566092189083448
1.3505302224412405
1.5366940822534856
1.7897565186164577
1.6733227374267816
1.673656663669884
1.8337870612560698
1.8043348889028508
1.8143146769528549
1.9943301184674955
2.0803341964733884
2.1060481598398555
2.2291212345199782
2.2459870882099637
2.3277997045844527
2.6523397678706075
2.814275406341947
2.580229157280382
2.7470338537322574
2.617534715960962
2.5738018674904692
2.1211828530995396
2.4118642149201617
2.3340776580141496
2.408517254350454
2.416377600376109
2.4129633829932464
2.473292348193961
2.6346543549407806
2.5718320608736005
2.663921970841429
2.562658472192449
2.4158412890191796
2.19730619950838
1.9009431304232376
1.9034370484074299
0.3244372122110694
4.100014710533642
2.15295758199438
1.7637019993760292
1.5735101888940441
1.6141694031984455
1.6881197631070077
1.5678967285518228
1.6253744852002516
1.6538945353738548
1.6382860581162841
1.624895823421823
1.5918409331987227
1.6005025236327175
1.6382667508007231
1.5737960849274055
1.6361073318281494
1.681490580298834
1.6698512678981352
1.7575283936411088
1.8183889538409261
1.810540642976392
1.6475711280659682
1.670877373414241
1.7032052655838732
1.6717861857742913
1.6950445307307158
1.6738947075646522
1.5816268715701365
1.3852681895987
1.5724397179887035
1.4831145089067443
1.5072552326552286
1.4605492273593548
1.4533352928833632
1.4520475973244185
1.2335879255091653
1.3902169340146322
1.3681856466314284
1.3580348613029347
1.3773304921531755
1.2922450428682066
1.259927921824793
1.243453992664223
1.2292544085577266
1.276106369817488
1.213432579894929
1.1510729282687495
1.1562821701842243
1.1398600216068746
1.099509704117002
1.1047885916562328
1.085816189316375
1.071465364147873
1.0667531995413115
1.0788630433443287
1.103313146707988
1.0795296510377184
1.0529553799078941
1.085358565776161
1.0662651925301818
1.0330269756880177
1.0341060551081511
1.0482844065107289
1.0871263749580036
1.087524075273598
1.0699122191265729
1.096849042399208
1.1164608727847343
1.295008551119044
1.3412896125287472
1.2081083481099555
1.2354791347472291
1.3620637461982823
1.4135202929220276
1.4017107905436965
1.380645334890883
1.4362401526940423
1.5215575464346032
1.5318650336215567
1.5765763629149774
1.613839830922516
1.6211484100083655
1.6411653553830703
1.6428071305526477
1.6240685060646138
1.6960580839114883
1.6237680074533203
1.645620451530127
1.6183669000250198
1.637804082536525
1.6473306505844134
1.6958684314585526
1.7013800216168766
1.6371461740422792
1.676182759010245
1.6370858873868623
1.602899587442061
1.560075650496373
1.5657855771152849
1.5807138636589542
1.5477625662708385
1.5480145626271697
1.5365568076451552
1.413860541627228
1.4020695884841254
1.4045710057794198
1.36957449857685
1.4224501172942383
0.25796688495165737
1.8139400542085935
2.197313884641341
1.5829134764762065
1.5804334828471813
1.5602751153569279
1.5376517999680075
1.5403382189321795
1.55592307306072
1.5090922938036964
1.5309814282835834
1.5196559292171858
1.5087337900977609
1.485741230717354
1.4381811955276613
1.4174714019852228
1.405518541236883
1.4040384583477765
1.4933029794049137
1.416676498830697
1.3747649325256588
1.320726996060029
1.297389237007389
1.336293459109271
1.315166420313237
1.2749404637830086
1.198818508479065
1.1699081243639513
1.1628797904186199
1.126721167712294
1.1194988552024294
1.087359304654377
1.0562281310567734
1.0331637204412423
1.0387613833426572
1.0265397538985823
1.0176731289229677
1.0302921152027813
1.0076319274105017
0.951699585956891
0.937006649024112
0.9333268272466371
0.9500097665859414
0.9048354004001914
0.8636549401127518
0.9111482728466427
0.9495919263773623
0.9477534682975128
0.9367257872131548
0.9775144217970048
0.9628117338855572
0.9695670399414945
0.9987950117536187
0.9944003872493308
1.0273247040243587
1.012507863120044
1.0524743363943827
1.0689924612986779
1.0915563576128195
1.1349670637222589
1.145258915840424
1.1489118614510423
1.1722288845035935
1.1681267286785657
1.1729295074149853
1.2044767059082904
1.266022629283426
1.260961012791199
1.2879074006877933
1.2779275064901585
1.3069908640884185
1.2897718208611653
1.3191602862763154
1.3252822669589284
1.3636311610019907
1.3626871314806508
1.361054417198054
1.3654985582460055
1.345842932739853
1.3307045174362306
1.352575730624212
1.4088206933945584
1.4155675295083787
1.392702839897121
1.532039474591604
1.4613381473739333
1.4330703743416675
1.3869545409123762
1.4274548292196272
1.3896846305821682
1.4579815793048314
1.427975712442241
1.4328781017592491
1.4073289357466552
1.4482366290957642
1.4942905602905643
1.4952708127430596
1.511131864222926
1.4733011742348567
1.5292996842877395
1.458225178257856
1.4181786781280197
1.3889747633228784
1.374036864916647
1.4347244562392254
1.366292742971559
1.3491835554545557
1.339976996978676
1.333008906554194
1.282512317929142
1.3647251425363685
1.2913551465405568
1.279787142667273
1.2933188291732665
1.3178235966143783
1.3054557784473073
1.3047339083733585
1.2571387410475405
1.3011107652493576
1.3114762754580334
1.2242121542780895
1.2411474695937106
1.1713596683473169
1.183985879835548
1.120697722978753
1.0996664317340934
1.079931330109519
1.0519926991585364
1.0971499877400352
1.0607443655707727
1.0088394493193418
1.0547305466363728
0.9990158756445632
0.9897627532734093
0.9596437756112646
0.9439964955096888
0.9527940682159161
0.9373835409470446
0.9290016092923108
0.9371936272602021
0.9172105558462919
0.9342407635115774
0.9402773172094874
0.9123338941778822
0.8949785466701781
0.9537685656019294
1.244412757848943
1.2654798118777784
1.368866773425458
1.6835863239811084
1.9187781128160017
1.3844109474085242
1.572473056462512
1.7251122691391607
1.5164054867339376
1.6007286312962783
1.4216998186361036
1.7497172940558154
1.5907191711480415
1.7069545415522163
1.6480647645656161
1.5121641726190838
1.4574435838360704
1.4902432438283149
1.4503496732865528
1.5020249276899365
1.5985033582882098
1.7217161058952395
1.8402956104900896
1.6334138468602204
1.6959778448377165
1.7195842534057644
1.8312761920685814
1.9992713889947111
1.7432434050372234
1.9499550672083528
1.939492979430129
1.889102185485096
1.746025053900958
1.6249370000662147
1.5544438479582707
1.6502747369422677
1.6471120573446294
1.9897547269407592
1.7455771023154083
1.8567350966041332
1.6480756436737796
1.521696077588584
1.641766165870617
1.687122281490216
1.4409007681685324
1.4220967009982655
1.3160118631186224
1.3315579420253052
1.3822878066314763
1.3725706960678834
1.3784308200270163
1.451905335479505
1.4348315044637505
1.334900895034709
1.3648175850942017
1.3695927601919085
1.4950634776769034
1.4349831480542137
1.4493291735817722
1.4375367788289957
1.4832059949024747
1.5121376807651514
1.5232760774277911
1.4099818300271567
1.4177337328729422
1.4022311948152055
1.3754460852962875
1.2955248186795698
1.3126103323874887
1.2125011510063861
1.173348619630219
1.1654710445225807
1.15380705744899
1.1266913396325065
1.06949536948571
1.071835965108177
1.0453776594732396
0.9667422154629136
0.9567021948806743
0.9700011006144919
0.9759011012403598
0.9635488786981617
0.937658498329742
0.9875316675251302
0.9790715122694927
0.9538277119540599
0.9189083245897746
0.9250780106022924
0.9317893233363885
0.9261613234043998
0.933337272968441
0.985457660612221
1.0068842419744837
1.1786074536597924
1.0116934880714676
1.0381700621623766
1.0380605090630033
1.1345473486268383
1.3733061798052197
1.486463458948567
1.6434444962786392
1.533923059765636
1.7115074761316913
1.7395980726712696
1.7964628306435189
1.8136243147998417
1.8709779749961308
2.0791846880692417
2.048256816740743
2.0589645631798525
2.0450549109350553
2.110897271764972
2.0443873822378786
1.9472969275051308
2.096450504184649
0.565880045810482
3.713219739978211
0.11068005994776013
49.36862135223137
37.547379223756096
57.55631952582365
1.2461364755998376
53.915265373658976
46.80244482362065
65.76436762184915
63.76522006998465
82.01510493828714
77.56548538845223
17.90536315206294
28.501857977891905
1.7030586538147434
1.6924252956433161
1.0706032223863595
0.6969466076333326
2.607388897893481
1.5996536175862348
1.6484376860990193
1.563179780034401
1.5620773568549815
1.5260746399240035
1.5295551621382923
1.4768193090225121
1.5322589936116033
1.5073367526799162
1.540299031200085
1.538981781213978
1.5444856479193387
1.5214073696814014
1.6095603645106826
1.6099233880946981
1.5951228591817608
1.6984578325721762
1.678104662412427
1.6813291920760463
1.6328729230630779
1.5913236927129653
1.5973546021012077
1.5987161522413176
1.567175037735838
1.4700407858161437
1.482434308682233
1.579175016981689
1.558198220704911
1.4920883035560797
1.4765993911966786
1.4358000516224971
1.3308824636738634
1.2303436930974934
1.239908467707726
1.1937432127166285
1.2079349626562352
1.1966618631917922
1.1681901075234307
1.130944602862104
1.0942160302787216
1.1249654843519414
1.1309112899372715
1.0689659818807586
1.0874077309026162
1.0564808510596848
1.1595935094582932
1.1072451820124547
1.0773651520254017
1.0656475275354982
1.1122345189111928
1.0654586066065004
1.0949772993646496
1.0690963350241571
1.0626419388296267
1.0367457279071433
1.0638552900300862
1.062443701531298
1.2615958494320103
1.3555638366764708
1.378532042624679
1.398007758028308
1.58844319613894
1.8607215819557426
1.624280038942802
1.7003886216765676
2.1571787231143467
2.0401519691491745
1.984467158189895
1.8090076179882444
1.968624458119469
2.2326659603801544
2.032854042823688
1.7867747857336682
2.113684984820821
2.1140948006989073
1.8881848960969403
2.0239724040109697
1.7984528967887374
1.9408237289968684
1.8480745155970757
1.8520743210332034
1.9783643122802022
1.853650142179917
2.0370502193317694
2.0702653177999784
1.8503061227005397
2.0372992583822294
1.9629188026364446
1.7222686242904284
1.813026939837265
1.9487131278886807
1.6523950157528227
1.6937822213446863
1.8199011189664387
1.6465079400259195
1.5876766015653105
0.5845862016874559
0.5777141901205755
0.3745093546468853
2.7102446538114693
2.804972294110017
2.926576457236898
2.869196896139304
2.8654240549185745
2.848435982194861
2.9211363012819263
2.8603376980233355
2.8659619850042723
2.9530618657442487
2.658839576884635
2.70811741822252
2.651883474407973
2.5254515706390777
2.5884193820201644
2.780037806223451
2.7317617251639854
2.675928977698902
2.818355465739733
2.7244506733471847
2.7681856642521216
2.539562421623057
2.4537389675947647
2.226975264437961
1.9391770426899162
1.7615918952011878
1.7128924982052116
1.819980300830724
1.8201496580503485
1.8166905064876946
1.7987080575550145
1.6870062001785746
1.6287709758092503
1.9078610433440952
1.8393937790543826
1.7642864431155745
1.7571053655115398
1.6964444385980826
1.6106969778666986
1.5230756801816883
1.65392585904081
1.6811421508020221
1.507529993530188
1.8367530634549127
1.9349711575623338
2.294067676047837
2.252837538685908
2.173215810220765
2.1635109992656094
2.036089966164786
2.053375186567048
1.6283693964821062
1.5532445414566394
1.3464632734878628
1.373312834982447
1.2881927674237168
1.342002852087178
1.3098328899144998
1.362829874398016
1.3853670604436996
1.3622284890766865
1.2245264797661406
1.1719095416628247
1.1635625242227507
1.1788855758968604
1.1970021251254457
1.261759359338135
1.2803905367966284
1.1892060645454379
1.1900642836032869
1.1972831271305597
1.2275468910828549
1.2357965564329874
1.3982525695340808
1.4177774245960821
1.666826565463746
1.490221623992915
1.4136502300511198
1.3651427944954102
1.6186989444272604
1.763109680522273
2.032680669286692
2.2724623078642368
2.0175482915591814
2.363293807127536
2.254795876985205
2.447742767380823
2.2587924023791817
2.266061198993306
2.5921079526068707
2.798707629947103
2.688072992092023
2.671757371994774
2.697897205123333
2.8568749284788835
2.677153924248704
2.65940185239635
2.7156524594993647
2.6277468459568425
2.621820167567591
2.6644647530082626
2.648536633455851
2.4512984622528675
2.596145736102307
2.6296868024467064
2.4696886856873355
2.5039467004284317
2.696150804800067
2.7368250829876715
2.515289034313263
2.50021059854615
2.3842299192445493
2.37783580101507
2.4385721378301537
2.448617999379391
2.3185326605270817
2.2669976935870775
2.326631920530958
2.5313587631529915
2.2352712847038667
1.8820514323269764
1.9688666960916223
1.8298086578276311
1.8529039497806494
2.033838618260664
1.8441665955951407
1.9013227486351636
1.8309582541910836
2.0659774887029827
1.9348702585708137
1.7567917388509688
1.868960027120328
1.7170223019599604
2.0789960324749384
2.0473488318143196
1.8600208991185112
1.8939243195655737
1.8717027999394835
1.9302190298807316
1.6671824399740696
1.8819111825142343
2.1219647468882537
2.0991841138619685
2.2028853334879783
1.6845473285083585
1.4659368095602587
1.550067482514838
2.071851717434322
1.9773245372930082
1.8275692897288014
1.6575354738335502
1.5264732210694238
1.3498791263861634
1.2380704907121363
1.2304708046640676
1.2001703218922348
1.131681091831213
1.1153421427453327
1.115395326925012
1.131051897652635
1.0855778827705818
1.1057603100617655
1.1176753577806886
1.0743565146324736
1.0681848004098091
1.0559033407480867
1.0754080944124365
1.1048395183190876
1.0699531915621827
1.0966289204223685
1.1518183926762446
1.3721726480900145
1.6155047839861991
1.8615079949145388
2.078680328802242
2.3003960174658107
2.0806178574651994
2.193066085202201
2.490372539491263
2.9469207965983264
2.896217004946794
2.9429693185780947
3.1840288790831073
3.137155350438011
3.1152634271092277
2.8682323213740193
2.519086627796371
2.509691775091766
2.5025901606745165
2.7566240558880732
2.6540187045123487
2.5756417269203267
2.3437622941884455
2.5551416240471765
2.398167251818762
2.32507285124079
2.4531834816321183
2.574767253073854
2.616802390925986
2.5998539820497486
2.4404739870113437
2.4972100934822485
2.405672320995881
2.4172071700192492
2.4479085144013806
2.477274544949245
2.7808110883718906
2.7553697765160474
2.6198543311489413
2.7361576781973467
2.3075204231217445
2.409093157012856
2.457628687161345
2.6164478582886943
2.4490171758817696
2.35235745310518
2.3159311430537266
2.3293393736555283
2.1957143525229217
2.1250026898279035
2.1058073417646073
2.2862297276568353
2.2433747342321295
2.1058295356715613
2.1069182003243174
2.0975386916740875
2.626245605554254
2.4291570758413235
2.377635295720052
2.4187160501984777
2.2793228428836905
2.211014423909356
2.4427360857101563
2.3234272460974936
2.152627425936766
2.200341599962452
2.0798929666770554
2.021359156753737
1.707289885936324
1.5448609198846353
1.429381986999294
1.4193067973656455
1.4203915218814487
1.4288368842054064
1.4244207232905248
1.42469456542369
1.3790728796565583
1.3222733388412669
1.3259753417574371
1.3038472441343285
1.2898458886521906
1.2962901387923007
1.2280413267256056
1.1774144826477386
1.2124113712711875
1.197681495921963
1.1985036144011612
1.1407226458180435
1.1568619220244003
1.1651891437091673
1.1628968967245692
1.1617088374833384
1.1693102275716833
1.1586374838742002
1.1599105173882591
1.142877751332549
1.1820843227742384
1.2011456264920624
1.2515479956210722
1.1276014814211763
1.1381524445890927
1.3483634651263807
1.5309037872235611
1.7936367526237416
1.7808057554850807
1.8485100573226025
1.8699535253263742
2.2438031534520593
2.113588782481729
2.0776119453068
2.392071361525665
2.4503847951350437
2.6009769351504355
2.53913002877012
2.286531841196507
2.6050157407323606
2.784319020168797
2.627987187687312
2.4250465628464855
2.5331789395325313
2.4195953184505594
2.5144697746465763
2.8145306600381796
2.8601425986272777
2.957221202669876
2.8358399209544536
2.7934947809806694
2.5601758841683733
2.4791111581670022
2.283437727821438
2.4842574643078907
2.2409083847256284
2.2542620105000304
2.401991918208629
2.3749884344221317
2.2409781162175673
2.464957327549018
2.3609871554890485
2.320931445304914
2.3087993422149733
2.454667331777142
2.3275036762042807
2.1254690986503157
2.367284147938013
2.2960258796929107
2.1879770618103804
2.1775092837727095
2.022673085263566
1.8499636074597678
2.077117892553596
1.9959055768609193
1.817989178022305
1.5746222096689093
1.6143514164573574
1.7144844740116958
1.6304780843070485
1.6377066427202678
1.5775919178807762
1.651876378795374
1.555612563505501
1.5936122355173301
1.5553688570480648
1.5737014844593014
1.5525925773128042
1.7331004902340728
1.5451871949440188
1.5633658296010151
1.5037746712306035
1.4661558586634535
1.5193711317552443
1.5327000641500688
1.46769184324298
1.3830787204270443
1.2718827504118528
1.272368052959246
1.3653344727707282
1.2302965493028246
1.1963178219298538
1.1922521324027309
1.1498282711927033
1.1872924891741168
1.188723468127188
1.1811048281925711
1.169127095177686
1.1842361827083214
1.170393548588206
1.1540120538242973
1.1174060043036584
1.1268407419331183
1.0801712859038144
1.102814028047872
1.0788858477576233
1.1065041307617518
1.108479709719748
1.8478179164008577
1.218984060584927
1.0900847398266493
1.469356316313825
1.7581677062545993
2.01140948571877
2.1079464272310346
2.1425017449304953
2.1804738643480848
2.0302235346279343
2.088628021107088
2.248935665664745
2.26760689506207
2.361694610262804
2.686698261778042
2.466439976374441
2.677283160323998
2.586006470532898
3.0001721953184126
2.548545108262943
2.408064937175214
2.6452795454066367
2.615556129894327
2.7347613850369763
2.6203020758661206
2.5946266687796933
2.793890712181904
2.792401735537291
2.90524910352474
2.7987521590941085
2.661088879578669
2.591602735339104
2.4934468053885013
2.659796388457845
2.426817331457679
2.453520356302339
2.5251230114157552
2.6714555285424813
2.7406650868183156
2.3873041142940736
2.3271190052787145
2.1888317995503317
2.1786862149837742
2.2349357337080997
2.0894252363295758
2.125211079056973
1.9446003228653543
1.8722550597934005
2.0354306529844215
1.9781968380713992
1.8936754028626324
1.9446438039966385
1.8046767775637576
1.769259175707469
1.7002557179804554
1.6823047622287077
1.5835655598213427
1.6291794214297644
1.6492221345822224
1.6921426866144957
1.6479334285567264
1.6544312347246621
1.6968355904156773
1.6369723342773974
1.532575615402499
1.7137419740263529
1.6307202102301772
1.5896299774779257
1.5840395230517252
1.5575779343589227
1.518793846859086
1.4744823941572687
1.440085104652978
1.3690854290340306
1.3111239669588552
1.2926629304058745
1.2372081939694601
1.3030894841575218
1.2456338384947978
1.2091204506719448
1.163383867780096
1.1800351029459888
1.190271473546721
1.1578092173227867
1.1872997178621791
1.1718258808521989
1.145641399808413
1.1073680684640266
1.1396665758813274
1.0946863462198022
1.0968012473347581
1.07299695706895
1.0777089439484344
1.1352038482734148
1.0477729057151068
1.0141962711326786
0.9954202346897907
1.0352486175571434
1.0494078104238331
1.0625846683367552
1.3396075503347358
1.647164325673938
1.6396099919648959
1.6752264267723338
1.8199320530119707
1.6365628397759933
2.0692392496317593
1.6624612942797965
1.4581553177239968
1.5461911274121647
1.5810069113957
1.5702289872738289
1.4107820913111184
1.3967343354264625
1.4745017575565007
1.6089943156573883
1.8355422376507917
1.9223233798081
2.091750416810302
2.098000901363804
1.9324650104445524
2.0801886668857836
1.9191028631880913
1.6829995573535317
1.5789644834088508
1.7259256623388057
1.694023471977959
1.7158714212838508
1.8108005677082701
1.8341325122754641
1.7317465377140535
1.7719772317929874
1.736959550223449
1.6528394910798727
1.6617549390223016
1.5908547011039216
1.6210873648918154
1.6357442878529824
1.7323429228549918
1.6033327707041953
1.6051488708750568
1.4488162681576515
1.4395716107992427
1.4781073275780707
1.3898547396464642
1.5912781939748837
1.4038251184653756
1.5390896582520182
1.4367765264096335
1.3917219318879446
1.3804084547395734
1.361763503671782
1.4995867643103984
1.32701362047007
1.3284817075738191
1.458119945841062
1.3891452356955218
1.3721184570253677
1.3003071968675741
1.3185664101897785
1.323942086914973
1.3617111677107463
1.37706517664891
1.3409127312441933
1.353108147438736
1.3072109372578145
1.2364884769292037
1.1924012276245957
1.244358096655678
1.3185963930724616
1.162583925993066
1.1693511525373275
1.1401353221451362
1.1390569315130346
1.1050064887750515
1.0963966884913514
1.066019790439945
0.9939860736938763
1.0386196849891036
1.0226465454824973
1.0218310242937703
1.0111421529237121
0.9857769226331548
0.96705678891878
0.9447282870917304
0.978391466916703
0.9904742213699566
0.998405625883608
0.9377245740913409
0.9254208074267644
0.9509105748465335
0.9425849336722049
0.9793431177146297
0.929971408387466
0.9003331151001377
0.925924395081705
0.9738188175189115
1.0281701747891705
1.1274083092661846
0.9643941078709616
0.9643066710001961
1.0327182039987979
1.147733409165807
1.202173690343567
1.1651230599067075
1.224129053722453
1.2615177303032306
1.2949850825898899
1.1824847087698815
1.5150685110288602
1.492409411488556
1.3339458272750235
1.3159161057339972
1.4428343643741228
1.7960896175338625
1.745972237949351
1.5431809177825893
1.6094688807456154
1.5020229889619219
1.5911164466185175
1.7103991015730262
1.6012077808852245
1.5606651625723982
1.6276541277638654
1.5225742530832271
1.5634899336779877
1.539808614712051
1.748180963195303
1.7337781143761564
1.8127294989871907
1.944642951606098
1.6448897305214962
1.4630958025834133
1.5391776246944135
1.5289518997965599
1.439046594156718
1.4617879263367257
1.4602797470844078
1.6978393540552283
1.629435842838205
1.3905885505017093
1.3635192718679556
1.5956929193881235
1.568295404706904
1.5319871438192854
1.6250362110317849
1.6939423747595221
1.6488591304886673
1.5836582174110394
1.6686765021868735
1.6018061072343681
1.4572223196776606
1.4542965020467928
1.2990529733585652
1.562831904202243
1.571628050884621
1.5668559870126197
1.5921908728238012
1.2622921468419954
1.32632275689787
1.4340014169980067
1.2725688269804118
1.1991927705936725
1.193068443683442
1.1543356042261255
1.1299881982532705
1.1435900794980693
1.0829447962307712
1.0906126184484364
1.085313976752414
1.0393630157038178
1.1299007846492561
0.9861137282372254
1.0210565448599875
1.0077673866060328
1.0045128278087732
1.0237336796600691
1.0179037221720535
0.9582893651700782
0.9951298326546275
1.0207056156570489
0.941666065450958
0.9742155078414686
0.9112886010455585
0.9519541368951397
1.1138875260432728
1.7146765309805625
1.8347222592517505
1.827069046954968
1.6518380170263922
1.5567685824865485
1.8627558200865668
2.1476622759704065
2.1350614309434066
2.335607916720119
2.38554585740932
2.4602545151150763
2.597534803167035
2.984116314113669
2.8780628501569225
2.92078577513806
2.721393655192811
2.6506872241966355
2.609064299684305
2.5757435510402242
2.6128468277694163
2.3963228370805765
2.3766329774086214
2.37158037363545
2.5358950492107226
2.629795686794953
2.8206668709331106
2.6102495025459804
2.7055890664775513
2.558669585357571
2.8411154823410465
2.999476848112594
3.013625417508554
3.0049311019784763
2.8586148380575707
2.489956744555085
2.820990614386639
2.9995384730892245
2.8568867653205987
2.844966751656383
2.7662640460035073
2.767257884832926
2.6353988358162805
2.6135658485567146
2.20659729034424
2.1216914198555306
2.1721247376046313
2.10021161397782
1.9176640283837358
1.8571498458078468
1.7431006797975694
1.7810484663892288
1.8861747940035998
1.8508958547582752
1.6745742055446093
1.6485798321380423
1.5813263584430335
1.5713115003964042
1.6361557979063368
1.5367734430098243
1.7573828757821746
1.836418057911873
1.8271335585560162
1.910593279652931
1.763218607650234
1.622411030835806
1.457668085658852
1.33913558374633
1.3528622827268006
1.361240175048691
1.2798236464947494
1.1934303943134623
1.1739095559965165
1.1592709125497827
1.2789089220688137
1.2122518675215577
1.1275829870920104
1.26368836897612
1.1822400674081994
1.1387906476101295
1.240119458690016
1.098495480581956
1.0395227074977174
1.01562623087198
0.98974174277046
1.0174084908885985
1.0345909856769688
0.9785813727167614
0.9652970853321232
0.9398764218071961
0.9316505972116896
0.9363816349636843
0.960607286760849
0.9210618324880063
0.9196365877511936
0.9206683159539295
0.919131906789659
1.1102038495810251
1.1823900563464587
1.4208166606110204
1.3305186545339365
1.8674607899673856
1.831520016373364
1.5311072834034234
1.821028525587516
2.033669381903304
2.2530859401003465
2.194051819741625
2.195165179598804
2.3906545279354505
2.4583796350848397
2.6584777760739065
2.711772553767676
2.5347637202496083
2.3733267399651043
2.4185168983292002
2.561670764120926
2.532854679730652
2.449681531298316
2.250124324310419
2.4551880147808207
2.641211237797958
2.8165404297338874
2.6419963989803272
2.942932737653533
2.8464084193064947
2.7138025935058643
2.66439388632243
2.639770836531104
2.576914903037496
2.6292649095338367
2.8023135687399914
2.997940116259187
2.8765724360872063
2.6466575451943624
2.6505818751525183
2.748574396540457
2.582032543155235
2.3035058271703526
2.5103860642928875
2.3433804069845032
2.3633190595955718
2.202076494231694
2.3404534852928642
2.2434663788124083
2.2146810075322914
1.9567054811463716
1.838472316789887
1.9207331739255686
1.8039053370766696
1.6019774158440723
1.6539982000204254
1.5934457655705554
1.5155056275497105
1.5103471268670892
1.6806160227862283
1.7921581211726039
1.6808759264605087
1.539945757599079
1.5379204837265907
1.5854716822081747
1.5513036510182094
1.4819636975359278
1.5354823808558564
1.6606380162704768
1.5225810691909056
1.4878606514472996
1.456971997731782
1.3902184780131377
1.4126605550494182
1.3794393444401714
1.3466308703851675
1.3625749662212177
1.3565204536593398
1.3559107898832912
1.371932301885744
1.2895994001435331
1.3363209052683345
1.2931756991548384
1.2805629805865735
1.2638870073040718
1.2727779479433914
1.2672653016310642
1.188393702508117
1.2163282408385645
1.1631717584051127
1.1544744561374394
1.1572480149042996
1.1725046878573444
1.1307716691790737
1.159430201345325
1.1363259689613667
1.125952906213034
1.1423892227427888
0.9232628071337066
1.5291356542061316
1.755350186397153
1.6592591315207752
1.8162291210677108
1.9370633463260867
2.2589946378190175
2.3733529834422487
2.457886585066548
2.6255070379081906
2.4493818150113236
2.3977355620667073
2.359670451638095
2.3864604549356914
2.645434728649812
2.9381531726792023
2.729704005384631
2.5669651392221984
2.5071146072632833
2.604473846449236
2.315664637999217
2.460658616591188
2.5240509013895562
2.6090210349248157
2.8896999826389917
2.6509092238337306
2.6745184987930033
2.816063488571602
2.7562555296795117
2.8479345090366577
2.7703438860164495
2.668252905748604
2.917497282786977
2.823721290446838
2.89808106539858
2.89558382890966
2.7116615352848044
2.791877243196096
2.45865255883481
2.3933798142899914
2.2858395286901576
2.2957094218478673
2.344891171711883
2.2304778304304276
2.0310098276860304
1.9856904380940696
1.9702800347634133
1.903666469366346
1.9924293873458705
1.9998459150555439
1.9372026612495827
1.8451134298418401
1.9511113925041765
1.6996089470479492
1.7137783471048442
1.6399857588707971
1.7751937372136994
1.6617632461026361
1.6394537628110255
1.9151349873437795
2.090635352783013
1.9061149485460003
1.875520010044284
1.7599293009677843
1.7112965509367584
1.7754183639775099
2.0189132118001814
2.047185098170274
1.9191041274347842
1.8764095714362738
1.8573920264095911
1.5899027564445833
1.6054435201907047
1.5373054355145213
1.2608033776155447
1.2112229498485338
1.203589974364884
1.4773341664781945
1.179141648898777
1.2010349622565593
1.0924390435806122
1.0744432384544467
1.0510979605507658
1.061690070437417
1.1753273383243343
1.0835686345803428
0.9927580415422287
1.0060176587148235
0.9897804496240203
1.0091198056462491
0.9959490433470002
1.000583598752156
0.965028063848699
0.9896148757811782
1.1338246243613903
1.1344078837256995
1.2954831431398761
1.631283852404363
1.7286637533529388
1.909280696550671
2.042583530411357
2.3835551725139084
2.3100678781039607
2.1569142622115436
2.3185629321060794
2.258843402064713
2.4001016263714994
2.583269729014633
2.4517637706414623
2.6400347317413857
2.9194226299053487
2.735091800864405
2.8007792563755327
2.7621017980835614
2.7733229938724153
2.6916743831378107
3.0057170270852605
2.877095042017999
2.8818711828277364
3.000944945477493
2.954013161086501
2.833604337965531
2.927229721736333
2.7213801901812467
2.950842392542824
3.094330197225415
2.978806855991587
2.878959732179318
2.900516170686449
2.806509140319176
2.789408199567291
2.601395575008035
2.4862496598378554
2.8093909570884303
2.850746722569502
2.6041362337101215
2.650451319674435
2.672663564565142
2.455150388369503
2.254419189880503
2.284642879197819
2.0936587837046154
1.9172780446587088
2.051366879672648
1.935670266293693
1.954514895896574
1.780416819946556
1.8394769036275875
1.607232451662895
1.9630676036121208
1.798478790777927
2.0021744487827373
2.243950857906187
1.9756559963279732
1.8324917264988443
1.8083359725485253
1.8051055572368504
1.5827844788202794
1.5165541154876343
1.383877924992801
1.3232226103317863
1.3011323439632791
1.7864127132131495
1.4338659825758608
1.3865487253629947
1.303901947886433
1.4203361526176157
1.3262019398932587
1.163590292936944
1.2407966092451264
1.21279486235622
1.159783998497296
1.0877980885412852
1.0930211056940728
1.110668423728961
1.0911327273615636
1.0305776533363198
0.9968346621101535
0.9972371331133193
0.9733285992375196
1.01477900597617
0.9437702943553486
0.9199268656188787
0.9087541938498129
0.9350216188028633
0.9468211623028474
0.9104218310870237
0.9111164044981405
0.9159217801534373
0.8973500716072262
0.9076820163573754
0.9439485248565248
1.1806903016336017
1.4113224212657425
1.4827748601009625
1.740969988486231
1.6883712650774416
1.6485879930151124
1.9027242448821515
2.0522395781015628
2.123996424857878
2.2219405768086027
2.2530577728665464
2.2981198286256155
2.568058804218907
2.542585342204069
2.5660728379760185
2.4626940032655886
2.5620258769592867
2.575571103156762
2.8002461080212764
2.618230472499101
2.609361980068801
2.5638924005701536
2.520249730377833
2.7948872296899205
2.746735295212086
2.506808080704079
2.728916384481635
2.714808163538404
2.722857669188274
2.5481412879817102
2.6612839819841074
2.658107622687131
2.659241109784574
2.843804573375956
2.7241616079306654
2.6658216027137724
2.8109912415756564
2.711608764628675
2.4266465135659767
2.422019231451451
2.3692298724537544
2.439283298520075
2.4715449773903626
2.3956982345013214
2.076558890424226
1.895246520875343
1.9380224082379909
1.826633849435026
1.7821681302171861
1.7510022903505165
1.783155033506975
1.896749729281952
1.8166480929364106
1.974540740972104
1.959454751913405
1.9942071669233903
1.8795943116802145
1.9881046435111043
1.9299483579796464
1.8826802777046596
1.707592252674754
1.7409279388294987
1.7318267409394366
1.7939091443000053
1.6010526449325349
1.6010904079564108
1.7122269186489631
1.7890180843674692
1.5661062550793672
1.3995869934980645
1.322430498001785
1.4722593891596167
1.3781766096506485
1.4368469127922114
1.3629549824795102
1.254868817447143
1.177013768304745
1.13548359478029
1.0755123331843446
1.086093688831718
1.037272724048833
1.0370100595618714
1.0089436360365804
1.0506931949747564
1.0234933610888175
1.025530276436199
1.0021899479777368
1.0129245513865857
0.9549709839649286
0.9586974646192941
0.980481685136086
0.9740607453867209
0.9466942380266846
0.9143882742713898
0.9422117911879178
0.9593223517411181
1.0169432504110494
0.9913373380062046
1.0524190099996764
1.2563929028414071
1.2641260125178797
1.2012938648865488
1.2164948132630522
1.631447321263936
1.529540779644919
1.7637017144955205
1.616860016333775
1.6152130266800235
1.4762420477210596
1.4325962567439514
1.607306515975788
1.742472568942874
1.4755802403211036
1.5143718671670081
1.7581248453785656
1.6215001073590196
1.6170948037440405
1.6168410798843107
1.5815036907318922
1.6932100640871353
1.7044399532301682
1.4615360505861834
1.8946229281176796
1.8924493001676872
1.5624269857198407
1.856492998091091
1.8823818194827697
2.016133456087336
2.058703391626058
2.278683819568996
2.127989004018666
1.935511087482694
1.6927129310331313
1.6820718508782755
1.7468668264983447
1.7192777638253494
1.4952962493454427
1.3914192603475333
1.4936057049541556
1.7683789068049642
1.6438659350301903
1.4307943137283963
1.526638278381322
1.376928432354615
1.405929783916044
1.5907634809366082
1.4775839288165216
1.4916212899060879
1.5769730425749229
1.4024540452133412
1.4502847677690196
1.3765305689993563
1.393836100045441
1.2478572073111163
1.129239600799247
1.3273275180420396
1.24514643832227
1.2223188535619014
1.1789581717043365
1.3991541998759383
1.3829224086072398
1.2860467218240543
1.4235598637570195
1.3166000237992082
1.367461299151312
1.2706996504126127
1.1531830048345026
1.3387961986331434
1.2924823985994967
1.1893662376815122
1.082218085610325
0.9340835829677775
1.0628799174916965
0.9734498354393384
0.9243223175410574
0.9257563621152332
0.9035575459497587
0.889834429565637
0.8740936847334427
0.8721064957846408
0.8834482032049715
0.8615555554483001
0.8906271097610577
0.8626391256863004
0.842390311295024
0.8375027806066376
0.8582037646534738
0.9040469605606669
0.853138600773457
0.8903350906379838
0.8549389650586827
0.8908572036250929
0.8993245334200937
0.8126054471077088
0.8359912164321035
0.8520634539031549
0.9307053259909147
0.917193691464369
0.9133265276126044
0.9522447993693017
0.9363994338709439
1.0481804338862957
1.1084218680161877
1.073859055352714
1.221935443883915
1.2982297204681885
1.2850718752955157
1.2790047029023706
1.3467157075295941
1.3595521957877865
1.512055440885264
1.4353874048401196
1.1258444460178179
1.2973275720000759
1.2769563302984512
1.4952589152174323
1.5848297376292726
1.4126176832264548
1.3837393692959166
1.4756183283339452
1.2930886552508538
1.4226683294417015
1.5001756380666493
1.5276363741920613
1.3671362283861086
1.3782894193101733
1.308687743899229
1.3205820271208857
1.4445330260310236
1.5184698458734822
1.6199591807722022
1.8566588763120138
1.7326045304059987
1.7910789777633782
1.7488809023750513
1.5750145662628952
1.7017831613351262
1.4508285738332514
1.383916807671514
1.307888708571009
1.4078769429641262
1.3776439797996454
1.3891084920237136
1.2324861622037477
1.2036566329962288
1.299065617515381
1.284918909734517
1.3761937938440838
1.2043812805415834
1.348540933467435
1.2299208310042775
1.3421060148800268
1.4584106397485121
1.5191011452618157
1.4447507001780842
1.3600115898313538
1.2045893812734596
1.1462330581560187
1.362782611730236
1.2272830165275048
1.2141168621401326
1.3137611647049385
1.0988119651425006
1.0682017642739101
1.151083931976649
1.0313027009357418
1.0457206973743431
0.9457154145623744
0.9167629187844648
0.9189667912285229
0.9032604931999316
0.8832353740074526
0.8786557933835661
0.8928606465154227
0.8605218742550493
0.8891156409756326
0.8377329258194551
0.8287207603968265
0.8040626936837507
0.8143103690539266
0.8012913925375962
0.797032062233167
0.8023016720829121
0.7946298417021054
0.7808649814355205
0.7517388774959463
0.8302556834890008
1.1673142207741902
1.1329019120191581
1.25009721543411
1.440869390861612
1.6482564677286562
1.8159433018867621
1.7260705759626274
1.8510976382063635
1.9765941936256708
1.873911728303631
2.106169280302751
2.2312442338287473
2.1202197861816647
2.2561679912704338
2.2724236222306806
2.3279878885845906
2.4055871920464367
2.2406159796609666
2.5490288335430353
2.7818518769447866
2.5802088330316333
2.4061925670121775
2.374434641840417
2.3510535580989336
2.5402158959048937
2.5361605755474255
2.6395954343249817
2.929267353082725
2.7972750822586443
2.560176506036499
2.7766942924792777
2.7110988451085234
2.884530068892704
2.6435845036744667
2.6301785275957403
2.518284544537085
2.053758614485419
2.22167268450637
2.461220501657879
2.3513287592800967
2.2182747395026725
2.2697882824040874
2.001442035923412
2.0975503990684032
1.900800578867346
2.0531821561898824
2.044984933959611
1.8218933582413497
1.8424213747101996
1.8021538409571298
1.9596180874690527
1.7718612988974556
1.5593501965455756
1.6433946898835359
1.5646239244723523
1.596405743249279
1.59383707437027
1.575097313998202
1.4346607374491476
1.2983554689295742
1.3533137083272
1.41606395076268
1.453606469147075
1.4636426829949596
1.449041686614718
1.4380506842231844
1.2887089552010742
1.3913972799885583
1.54954837745082
1.39585535572145
1.512205687197129
1.3717148489598103
1.1589487617169907
1.4427811508563404
1.2696153357063382
1.3315407334054035
1.1545345590728
0.8965149905080689
0.8452808442268341
0.8731634352315931
0.8536483340848914
0.8639368556379935
0.8184236890478257
0.7978484213086093
0.7978258103299266
0.7827667745561944
0.814075905789763
0.787112147512053
0.7877416963592563
0.7775393042291668
0.760524986508027
0.7644740977070377
0.7805005392470636
0.785155418895294
0.7725955661144003
0.8503372116334876
0.9775677310829194
1.0194256174601437
0.9823978858354285
1.1890321099118197
1.5389520256789686
1.8989832982760577
2.017559822112194
1.82867222807759
1.9705077303581955
2.0158996007953096
2.510545953730056
2.3090024772052797
2.2099051051846588
2.3534912693899073
2.689055423695115
2.5130511544139504
2.5992704935742
2.827251681823389
2.605554725801638
2.466520060676824
2.9200010515848493
2.494279760221704
2.6558753139100952
2.49016867086252
2.583901450160812
2.656891098859902
2.6617077354030845
2.6297532724485997
2.8058975255617633
2.873095414488156
2.8546210942845915
2.770364998310871
2.6778848418453047
2.844429471768655
2.8134398084916445
2.8320048554750965
2.8635148518108866
2.9235263706556096
2.5751324053399434
2.3722411982425027
2.4201943787553604
2.032989667174241
2.128422656246663
2.258092065919307
2.0035066491866065
2.1988068222624304
1.8908124680446579
1.8223241726456052
1.8289698353670554
1.8434920195132107
1.9573899370385397
2.0469890905087897
1.9594156612925382
1.8986302622891946
1.8753884360039814
1.723647143914101
1.510178715242533
1.7799983099917507
1.682780789648024
1.5397595233937442
1.5743792970115325
1.8145557761675561
1.6846018165399006
1.613727966920715
1.6152342485091729
1.7492217195562014
1.6801052351927297
1.3591426897124033
1.405697887346851
2.0251028733828216
1.6189823427106824
1.1837272333822928
1.1371639628872905
1.2209344336866108
1.6074038264978365
1.0445978129701354
0.9951446901108962
0.9352295181267084
1.3732924738589032
1.0298024404839041
1.0320346533817462
0.9653104272117309
0.9129991777277539
0.8911928791813045
0.9519752488206307
1.2939491603399962
1.7686213439123686
0.9049833103869644
1.4609581284083815
1.3605318026190711
1.5916601693689094
1.4914920610495386
1.6458539254916242
1.5398268192461761
1.6448048928042724
1.46363495512352
1.5953325854850362
1.437828693827545
1.5268812650734638
1.6578105126467515
1.4576781450909349
1.8942687869478538
1.9151546647317954
1.7254828044107633
1.8458529471336058
2.2116195908119227
2.226433478757705
2.1399100462472784
2.298810293854519
2.4144037424441507
2.4575529399904523
2.8994908701818174
2.9466242929823663
2.8607053519015477
2.882231868668229
2.809568562815841
2.778403128669208
2.634576167199869
2.545683965163648
2.6877288360079685
2.5378269615454068
2.612135969210219
2.457925634113506
2.5215672347256555
2.4835021872278022
2.7176037836916653
2.7634741825698557
2.594523633583728
2.5292683167146057
2.4350176166072446
2.422243180347561
2.4862259778193994
2.304543943238173
2.400896954099532
2.4108018058744904
2.284596491703275
2.0652114617090866
1.8332357442985678
2.0557986264459798
2.1248771041532843
2.1006906534738765
1.8589622125402363
1.8775665745821957
1.9172406630927876
1.9103026069943405
1.870824385531658
1.8980068704376154
1.8537252795202077
1.8855991713728102
1.8499314276419017
1.8467168884304364
1.7810490441053393
1.723038121531396
1.7271445262368037
1.6769391859792833
1.5684818713632789
1.5245825326254834
1.5631159450985426
1.483508000497081
1.6011880280081683
1.6152250648554471
1.4501018571069513
1.4153228571844694
1.300871954436534
1.2698287074819845
1.5443250065156202
1.480245358934468
1.7844047469259865
1.4705776394366314
1.2971975928841384
1.311833164601029
1.414383625346887
1.2651179149304126
1.1753296875560033
1.0777760525835292
1.1368816585616408
1.0409864470534569
0.9672840043853222
0.930057168903341
0.8945853040223529
0.9533747452472257
0.8804155230779632
0.895260438859217
0.9558836642871574
0.8976627300054534
0.9586243210408126
0.8623288189907728
0.930590222146533
0.8484200928578912
0.89987577177869
1.01285682755018
1.1149228150398576
1.3795927219641402
1.3577981748480232
1.2865963373428464
1.4880581761157654
2.021103767380106
2.0279519810122646
1.9815637238054207
2.0222925615315486
2.4212719610651376
2.498084563806653
2.5589700941775355
2.424028157208997
2.4455442566494696
2.614677063689591
2.4686510064792753
2.674546857197689
2.6782698661974993
2.7779769150117826
2.9784340282140143
2.977842794624682
2.7884523122335056
2.6986870726133816
2.924341128758891
2.4758878328709026
2.576089657490817
2.674297307647477
2.9026308276875934
2.9123171655712454
2.8592115768547095
2.6391840916513125
2.4932101078969193
2.757532565693707
2.55196905832202
2.589943981417179
2.5194313942735898
2.770251119943286
2.570552006750039
2.4733016626622706
2.459767768642891
2.411444438662862
2.4016910648464207
2.56028056402234
2.149059193189011
2.0276659343725583
1.8547584764878335
2.053108606242802
1.9029372966248121
1.9697144053920592
1.8389325059041945
1.638326919032249
1.661464233641183
1.600069093744284
1.5415903825147397
1.592584517161564
1.4867098907857157
1.616572926349746
1.5258891722761394
1.6591540239833498
1.4548226633968195
1.3610358058614964
1.3236632604206684
1.3414698327050398
1.2707453670681907
1.550261979241785
1.449911359580609
1.327183107660395
1.1612051105958403
1.1860439726851566
1.1630115297670565
1.3324358356065542
1.1673012747609635
1.1051075757331972
1.1040977414140887
1.1573135082494783
1.1827141267802936
1.1601556703343563
1.0353243512038057
1.126146616498092
1.0855806777186943
0.9975170023812527
0.9908665438413251
1.0303815960148186
0.9537691177496879
0.9262049434809105
0.9353601930458906
0.9408344942767645
0.9694553397789747
0.9109946262595519
0.871071966817122
0.8256686487053981
0.8796674527358554
0.8684794332424949
0.9316520159028645
0.9198923686790232
0.9274907350345615
0.9288459270184143
0.9370561890234915
1.018616968374308
1.1830258646789928
1.3168349583728354
1.3459839890371241
1.328775659576715
1.677847352685387
1.9040457514466007
1.7667568405016436
1.9768157384457343
2.1527084544469886
2.0977378494205694
2.447933591929972
2.88256087497426
2.6495200962828602
2.353505902314227
2.4712742660592695
2.449385996195551
2.2849716086950544
2.5401350696847915
2.4437180992835743
2.333789652466045
2.559461631519325
2.4999160265231177
2.602913833400472
2.6509850611452346
2.616408766366672
2.603470147221665
2.712862138333918
2.5506754622925465
2.678099591473068
2.4971939020600593
2.5941183574169693
2.4488087062245483
2.6336181746172644
2.891875483058537
2.9235031078058893
2.659643588411346
2.394754502534247
2.4730058150415384
2.3075851502335074
2.0865315527714854
1.9603838379915441
1.8061434111305783
1.892245061145948
1.822083744983843
1.5842417794488322
1.644666980230456
1.6495375288089191
1.8800711155434253
1.655570912873977
1.453833646924388
1.455602435939979
1.5966388599131487
1.45533747690794
1.3803770200643406
1.4753091111664374
1.7064194760094282
1.6863259562289594
1.514076638046359
1.5693968280240542
1.5587143308785718
1.4464190814046072
1.3353547399934709
1.34587096112815
1.2380395122782455
1.207785135060483
1.2683945509635168
1.2486149953541927
1.1971509086558059
1.3929803882260763
1.3110204590130845
1.2653529293219536
1.1914418115313339
1.299606374748594
1.22787148394248
1.04899717129693
1.2547952927134403
1.2008856197118196
1.2082750681175065
1.1537051437530454
1.0891858282268034
0.948565819983026
0.9548220234416008
0.9519139974814645
0.9931164230551991
0.9337711942916755
0.9908915463744944
0.9204758593327126
1.046323924084178
0.9651475672726405
0.9640870316771563
1.1063266888538734
0.9519033178014659
0.9246011095402218
0.8920972287164726
0.8557034111811139
0.8843245603669776
0.9155565918027297
1.087286183375174
0.9817348377196027
1.019615565930235
1.0708639665830846
1.024047046147791
1.1670327016733304
1.1873709168889937
1.2649651626181415
1.3107021397187057
1.4400878726778514
1.6623045838222332
1.6764714911220528
1.5346196096523537
1.5601544779528307
1.6615159718573203
1.6925505298019667
1.7798995038419454
1.7422635258082
1.4110556324089087
1.51415671970389
1.6572749004424958
1.6761756514300095
1.6849957912156326
1.4675389805554373
1.5757583349030178
1.5701561903695698
1.530488032799243
1.476977914081127
1.619152319755355
1.5584094670908661
1.831090884998004
1.9756599568240005
1.6582588296656493
1.455625449237698
1.418075074145973
1.5837360401704133
1.461874826785592
1.4287709507333228
1.3283209545099302
1.4979925577368338
1.3699797579600648
1.3667510213462117
1.470784169771736
1.3269591706976593
1.3894972272003803
1.3975346291586432
1.327174076371703
1.3317199113404952
1.279413947500447
1.4013458574460802
1.5391028199035814
1.2962028702024662
1.2218196018265144
1.3623057839034618
1.2402106131959023
1.3043768278080472
1.2172011638865547
1.2505837201905672
1.2386023753872275
1.0413241295751203
1.1620566617032781
1.1294012710140902
1.0721843517996086
1.0431795151307652
1.0613853102711897
1.0575314549517143
1.0183313759655994
1.0209785414662653
1.0120794089327882
0.9741718882727116
1.1083852657868498
1.0522407549742492
1.02163410155073
1.0386026098640113
0.975772536057194
0.8724312160603844
0.8167216165946327
0.8707443199816144
0.8767098195949782
0.8523136337596564
0.8505518295299686
0.858811657820516
0.8635098850080019
0.837890137613371
0.8297951119366329
0.8870431808627939
0.9715111346440382
0.7882585811489916
0.7664195820707779
0.7998525108286909
0.7847083833162987
0.7790371914955388
0.8043366861267185
0.7986985940885746
0.7970958754401011
0.7877463453564424
0.7989241813932718
0.7253555309946795
0.8084035453753117
0.751269806915773
0.7930872733911184
0.8773651192820805
0.7959741592140064
0.8870145041795561
0.8270694320589459
0.9238272840800206
0.8746162596920163
1.0010087997704225
1.0012664315723943
1.1157212925793079
1.0765391700855997
1.130129429645499
1.1067489015136798
1.0684814206990916
1.1388296579832755
1.2327353517870792
1.229927286290528
1.1978102351792517
1.3953119258144664
1.3436325028753515
1.3210895612300493
1.450496768193194
1.402602246630506
1.382975763496994
1.4678367180800367
1.3940536799511214
1.4058300480551282
1.3981826243643412
1.3480210344167285
1.4311072728835714
1.3673687188764494
1.3230063359767938
1.6885640410295057
1.5300846587785109
1.317139403737733
1.486646226809193
1.472649255737463
1.3222650725266054
1.4041752617731187
1.3681712058482942
1.4873710297693203
1.4977373018255558
1.305944314399795
1.2515354200543838
1.287639419304796
1.33996299432825
1.2803552193552288
1.369523078990784
1.4411262640435425
1.2598949798105277
1.343537876744224
1.209379700989956
1.3459361016553981
1.2610851812008452
1.3084061530118287
1.299604127813149
1.4486374299035316
1.254924930654444
1.4298860379804488
1.353006788433877
1.3317818764300107
1.1013824014495024
1.1069424398403604
1.1009431470262496
1.187937468085227
0.9523483225045613
0.966282595453443
0.9424889841195608
0.9575168691983039
0.987776981352561
1.040980532156135
0.887180155982927
0.9037848735205631
0.8762003971884351
0.8373977020986383
0.8542714435710701
0.7961228468114839
0.8289694996927137
0.8095549449985149
0.7917859847615475
0.8002918630338628
0.8120419399501266
0.7682466872524979
0.790935709733722
0.7837545968752555
0.7559350964885655
0.7328251411841258
0.7228807948585361
0.7707044965582244
0.014428186357234536
3.4071279100133847
2.360371481269287
2.4614529158171687
2.3427467164744717
2.1994185670664788
1.9941540067551962
2.0730718625043063
2.0511269551357096
1.9613620848149944
1.9571846536111626
1.821426402845485
1.6798650063796912
1.8849786832308368
1.6324452438163184
1.710012448324858
1.5875800636659347
1.5589067315887442
1.5263926287940548
1.5552595662015822
1.391042171582489
1.450777097311525
1.5063974002769065
1.5951825614114719
1.6530745776833604
1.70622051813412
1.5268675965665326
1.4990841224443712
1.378547144838637
1.4496734747205453
1.462205153817572
1.3145362755977879
1.3044542341344867
1.168546545910841
1.2179673584398327
1.3373795362035934
1.337893838026026
1.3169421009326063
1.2394379649223082
1.062550798676029
0.9695696850375493
1.0945719465724904
0.9977110091281957
0.9074066450831006
0.8626450614101832
0.9434293583528685
0.9465146584627896
0.9524972326577712
0.8540268120730463
0.8147028269022429
0.8196819250229535
0.8127490592003243
0.8196443249316855
0.8174091272357856
0.7802729131054321
0.8026042694027702
0.8124656393716616
0.7547838653485365
0.8557535359334186
0.868081677399896
1.1063145672600048
1.1173426406057518
1.3813625302005965
1.6003494756745782
1.5625936986747522
1.587004213596191
1.7222046358068221
1.7532579286413372
1.8957809298177997
2.1692226942026527
2.379753913828929
2.263006193707157
2.005495268197196
2.165821915932193
2.342497087498013
2.565023132142327
2.5652650743883174
2.4668957559700146
2.394914558450412
2.483932568913405
2.6188458373855728
2.4644780126128003
2.61821834451754
2.636475134110452
2.658003185975469
2.6474803189674865
2.7124575221920093
2.914700391483709
2.899072437363483
2.7865899606635693
3.1464140291952933
2.975140341493471
2.740054661387719
2.7104764471624803
2.6256609737463528
2.340528904695715
2.4419496808546124
2.4774540135951084
2.3269282396204347
2.4862277149768164
2.424351761735538
2.3049592702174073
2.1955423244888443
2.1754988329710803
2.17210291143702
2.2326762735566885
2.042519378737582
2.1105147071964816
1.9482057121978973
2.0787160863225527
1.9406204341396949
1.9897902491044288
1.8563065395321003
1.82124039710485
1.9081451773999232
1.7650014218704377
1.7161955582233233
1.856629572993168
1.6834924043343082
1.7987620254035714
1.8424666817254047
2.0167230882795297
1.896814043928792
1.768563682156829
1.7032376426905766
1.5764507752453576
1.5433954268982295
1.5234096720260737
1.1370945152064773
1.2457932030387133
1.119606548130436
1.2631684107594976
1.2906754778180491
1.1598635480312407
1.219177174684207
1.1078976149343678
1.1292150672865369
1.2180475703750384
1.140625089342609
0.9613345456419136
1.065756650343042
1.0195895983986047
1.012555915558214
0.9854738802770778
0.9278607956675184
0.8678437143812896
1.0153260098290915
0.9418131837725074
0.8313716249079671
0.8189477617899892
0.8473786895882814
0.8464051322225453
0.8672142781513659
0.8310867172046342
0.8811457866542936
0.8977952906292908
1.0157006369863197
1.1826289635497214
1.344669472424675
1.4706023866718834
1.5463555848604322
1.9924468980410277
1.9492495151189826
2.0329365493229488
2.2347237925187864
2.2812787628778417
2.2796794044387507
2.101414327459106
2.468738001900046
2.4874993859075634
2.3675828184800722
2.5189172863901166
2.6199305668011537
2.580522914118302
2.672284551225636
3.0049406102573903
3.03269387438395
2.922565446610787
2.839519649934432
2.8139330869111876
2.8661870854848783
3.0431272575246235
3.0508210582633017
3.2085390696433658
3.226176926951723
3.280578228621748
3.184729527840178
2.9933139580190864
2.6933211000079886
2.552071553561798
2.3915633152701354
2.5278016082484456
2.4376234376981607
2.256457167104766
2.354976677036764
2.3948742417843176
2.3261425378782414
2.106034541893342
2.1537412314724467
2.226355727329394
2.424861321595762
2.3459217918856643
2.0070027950973754
1.8139555978278101
1.7469269908549732
1.870675492959454
1.7532955850525844
1.5688940142815067
1.6949876709013831
1.5725875736506547
1.5175069275367445
1.7081608588536792
1.657735370461232
1.8280257988297715
1.580615292533584
1.6295002742663454
1.5388867237445898
1.5045691814636142
1.6380295198866386
1.7377262510018807
1.6709209805648524
1.655734677336492
1.7187640743441475
1.8026596876718517
1.6153076070015184
1.7139996312199326
1.5072001172496767
1.5237531036487275
1.3445143100814068
1.5287050276920016
1.169173978471696
1.2544275609668474
1.1421196642364706
1.143195057601718
1.2587179541153084
1.1397868636372657
0.9664630124196494
0.9889001382564936
0.8864096862258524
0.9321160492603275
0.9266857757846502
0.8111322318289309
0.7938579188072872
0.7996990862345699
0.7963022176090406
0.7595021089889535
0.7261773068096298
0.853066011339004
0.7513834979986794
0.8722790468815503
0.8720149620421128
1.155962999854398
1.1638678617587905
1.4008619612818367
1.4242738188748627
1.771076379234981
1.7669664728589287
2.1546201601540353
2.0923627883981166
2.2756822573270066
2.2023974682829133
2.420638354440782
2.6634200378779425
3.1641553415629375
2.8769792555244984
2.778210982015207
2.747144525245138
3.1083140902540105
2.7834517250893405
2.629571861881242
2.516308226416554
2.509103237610211
2.420537999149023
2.369543288544189
2.3875833586342643
2.449748089988573
2.4003708726752384
2.26970470610318
2.6191370423342404
2.623786787723576
3.026530817661819
2.483935979955688
2.7957802424710247
2.713468105988596
2.539299728308874
2.518378875232499
2.4164673874449925
2.60187109994951
2.354066699268474
2.15173554262051
2.0855419224512994
2.247427360997584
2.1977196174162703
1.8866269677971907
1.7802419896996267
1.662513864857183
1.5942194401560392
1.8147877445545104
1.7059287945237722
1.679989377922653
1.6743441043276504
1.8529763373386525
1.595767461493642
1.9634102373732238
1.6611008853858076
1.6428386769711254
1.5092912292468588
1.489914573681827
1.5544216692647181
1.3135951943579305
1.4359092273731673
1.43455360919989
1.3419922253218268
1.3905146704637237
1.3935975308228994
1.377393051569242
1.2490233481705932
1.1878237344143825
1.1780111830396347
1.246276311199825
1.205606881905745
1.189313832095669
1.1535294163599232
1.2346841564789313
1.2792617780047586
1.1046964137764266
1.0017013932739685
0.9611102577947175
0.9467014113445896
0.9234486069447986
0.9042382957789962
1.01171421409679
0.922048575187164
0.9335806642095458
0.9047734328866085
0.8809035796021997
0.9151261470161876
0.8882820433630987
0.9256523824848047
0.9104209986386347
0.8634291712829291
0.852613690089554
0.8889825249292799
0.8562812097248153
0.8534060780750509
0.8301608398757665
0.8308570646051009
0.8908051597899014
0.9223345034235356
0.9027896109332926
0.8426936778329918
0.8187759994992827
0.9376387104007267
1.0981636975038225
1.1567826560516161
1.085251561867667
1.286752879726139
1.1774498421135138
1.1030914712797804
1.2708887259457837
1.0458446626009665
1.2333151635542556
1.2473384366588087
1.2704537512528071
1.3231216923869589
1.3392134160274651
1.3258281532702108
1.6442650752637678
1.7076988536236544
1.730704882336686
1.8959019216305657
1.6539835240869092
1.6636759800828953
1.7967302564454566
1.7748721985958182
1.3517707140109112
1.5237548533174838
1.422341323148564
1.511119148203882
1.4199178169605613
1.3368925986375348
1.2612629000092574
1.514187511624922
1.3128600428912949
1.4791733511333462
1.4555778814833547
1.3954306712257456
1.3191570718202974
1.383612910341852
1.3313056297167278
1.3728751729069189
1.5717490404412682
1.2867989680362621
1.1951036436728664
1.0885194413446593
1.1476914851615583
1.0504778402861767
1.13525551666428
1.0602850825858519
1.172179619511473
1.1143934155369755
1.0380824696828768
1.1654050856955334
1.1206352628979672
1.1193310625594486
1.1119283449126027
0.9871972548147571
1.0758447140629548
1.0360705219403694
1.0789378613973182
1.0096074438953206
0.9555013182075924
0.9491373727763548
0.976993160842933
0.9047237405394166
0.9229204261540237
0.9304031438669833
0.9511939344237252
0.9234338452413247
0.9044346060673495
0.852203964615972
1.0111745728393853
1.0355117265546816
0.9775569455266848
0.9527723665983705
0.8869263137153912
0.8140180178892885
0.863275133633372
0.8001036158579399
0.8405947047840616
0.8057935935993874
0.8649761905363669
0.8485418310094288
0.928090460363575
0.7653999251829223
0.859237559094388
0.9360457595989476
0.9125702825518117
0.895333882450452
1.042818733859223
0.9719005390629312
0.9474914191396736
0.9170806642008386
0.8712137185945509
0.9616487069300945
0.8812216649800328
0.7399227132631953
0.767320020101013
0.744765088173522
0.7210730175524432
0.7523559734724817
0.6879006031622077
0.7324740523425786
0.7898165623584112
0.7990356729662199
0.8226787513006424
0.9353294509132276
0.8421905162891736
0.9028149708060927
1.0875166813786419
0.929429726278163
0.9514834010846172
0.8940788407111442
0.93986511487326
0.918649581305574
0.9737385437457996
0.9210346139982918
1.0889077361407573
1.080616135584261
0.9449260398121079
0.9885603990389626
0.9904479748013671
1.0010489644609324
1.0655032212332414
1.1525483389534368
1.25949483629341
1.4424725113998087
1.1670494693469136
1.156553332483552
1.1132305831815157
1.2208306133480027
1.2864839072042116
1.308712407010431
1.3988913546543826
1.2694126806635593
1.4427044065996342
1.33697328725711
1.4671135900895602
1.4118151970819512
1.1855540189379952
1.2245193585749012
1.2946781235313374
1.149760915230924
1.1834747332405262
1.1228507907632228
1.2132158075127766
1.1868721650108718
1.2710691056376169
1.1573743531157263
1.2117687464985138
1.2642233401660423
1.3544368052298068
1.2216696849271058
1.3130605217957336
1.2357694909745014
1.2098474830216914
1.4261195259930173
1.3944149480647035
1.3670462930001326
1.2407368868956719
1.2169579518423224
1.1559698893826946
1.2032826396522358
1.3348249429214794
1.2020650081057438
1.1171224853665438
1.0396297767424199
1.083526848622564
1.1206286725577586
1.0113732493342504
0.839292740413052
0.8714929664367732
0.8246997509590783
0.8646097397422922
0.7873630035569311
0.8167617011996188
0.825569880535098
0.7999790464181116
0.7838233135793771
0.7947972308734256
0.8240348231796862
0.7571102172830088
0.7495313533071539
0.7323880366921875
0.7390317737099095
0.7730870210121848
0.711117300014872
0.70798151366388
0.724083706677267
0.7362244299706169
0.7832856774145113
1.2081014110524997
1.2956999538512408
1.4781135497241924
1.5610985817776197
1.5892293301201041
1.6705307843963202
1.7437291034342772
1.7064376483584478
1.8746552092159585
2.0263457292903015
2.162676903655425
2.1391972169108535
2.209834817744931
2.337524685222196
2.43621185593363
2.351304116040492
2.378812386844192
2.603490850280582
2.516892042311751
2.8810354504809044
2.6096172943707296
2.56342533066671
2.4349770712824546
2.5969937197016435
2.5762075631248456
2.5052852688142235
2.6244234899758183
2.7151461375165824
2.6578548501006485
2.7848316033140383
2.570449059850037
2.809650475096903
2.6488511098489087
2.9410280073011905
3.0984915188749884
2.766040232016131
2.3543893196272427
2.2988636400139137
2.342202158651705
2.2791119038256538
2.253911193015351
2.0094431448440693
2.144177125011741
1.9391858491793725
1.938474834077343
2.055495691328369
2.191271552846178
1.9971996253772248
1.8139882368267863
1.5698098617117844
1.5632116143121482
1.5802944856024055
1.5343525834636749
1.4934892258086265
1.4619978431975216
1.5017336297225647
1.5226064679376834
1.485312822180494
1.4992792207996504
1.4714108920262106
1.5083729179959195
1.68823545102292
1.732215697972703
1.688976060213244
1.5529256783004053
1.4531189077391526
1.5416224019486502
1.405499653451061
1.3709025504972085
1.3897220364267215
1.3086587292822118
1.1649647229009725
1.3522162772076305
1.480746076183493
1.4909666646962003
1.2939781136219626
1.3579949077535087
1.2794266253142172
1.2077105123903895
1.2006481837556422
0.9819781385739531
0.9931282380662486
0.9811695434611457
0.8825413578543129
0.7793518372345093
0.8684660486393556
0.7444182922419144
0.7317239733799789
0.7158988579117261
0.780739951607191
0.7903639923963846
0.8083132598302658
0.7490578574095248
0.802383676792581
0.8739781690691255
0.9958861589188965
1.3005511139041441
1.310629358130532
1.4416471918530112
1.5020046467746635
1.7376484693748728
2.0740453105206624
2.1787067392665245
2.2247235900192783
2.303598115310066
2.934761383032874
2.780924078225359
2.6951335479437954
2.759726235670727
2.7523270953705987
2.807702643857357
2.626601285975259
2.585820217372426
2.5262151634396446
2.6108201449347206
2.7089821590451186
2.8008303971015116
2.887321736775678
2.823194787112873
2.8404190295928706
2.7956998895078393
2.920105516105599
2.8273844890696767
2.740560156959803
2.794610328660186
2.7096198405990006
2.6756543510843778
2.764406116352892
2.614823778510579
2.3097087350799907
2.3553206260192088
2.305525304252617
2.500280672010292
2.5442956814394546
2.579295377236474
2.4418916534300203
2.183129097598565
2.0132748941613663
1.9277418613649429
1.966146028288622
1.9423973178670433
1.8703716798543262
1.8489141557460589
1.6355171954297298
1.6084718552778154
1.63331446394185
1.6962428294770007
1.6889711094423003
1.5694065220902673
1.7969690311325286
1.716990526660725
1.674252028411289
1.3852140026385291
1.4618475223090392
1.4019093178075797
1.4717019056763703
1.451377181529127
1.4241017834988634
1.4510362684614926
1.5944194301940924
1.4219606775142373
1.2657090893934353
1.265116262003397
1.2386309931487909
1.51656321520876
1.2808199192906575
1.0518038734609136
1.0098363230702698
1.225647085605962
1.0912429917378477
1.1485406517139545
0.9621250896633007
0.9873337681481071
0.9844887862642369
0.8265203214568174
0.8001774735467042
0.9103461659338618
0.7889585291607558
0.7732556434105067
0.767916137314245
0.7483938158484408
0.7765240425343537
0.7308805390212867
0.7311338445431782
0.7237427839432107
0.7103531284547496
0.8064197833419281
0.7978041492098668
0.7125780993673481
0.7636288540774018
0.7782931274679362
0.7677984779283419
0.9993268247575169
1.1923198289912897
1.3991257215602841
1.567027146302227
1.593623076383688
1.6864890355911368
1.8507572509171595
1.9710711000905994
1.880809097529286
2.030670067275943
2.2401528211000805
2.1794267534760103
2.123837312967654
2.26500559308256
2.5177862249529435
2.4764690415784596
2.4998007981689803
2.393375079821898
2.4407592933982816
2.1866957881862437
2.268722526859769
2.2664057900418637
2.4363700486401596
2.3560248354294764
2.7229414999150165
2.883004717584595
3.0262343431480345
2.67055454426262
2.820916013743778
2.8209249555152978
2.659999333171352
2.7063826303979437
2.3140871719289895
2.279238290963106
2.1311347699800316
2.0628041479063053
1.975702750909081
2.1447590211256298
2.328378223766291
2.009652169720021
1.9196448702790037
2.0656473615553783
1.789299744307076
1.7219324731948569
1.6393555996917482
1.612047147176469
1.579878829028084
1.6838517725550488
1.471497136751962
1.4851660807774945
1.3998249480015026
1.4159352224241988
1.4706076144958637
1.4337381669512343
1.3201999459200404
1.3360340744161094
1.4009582834783552
1.4461793062416752
1.5724450126045406
1.4981497742816603
1.473691146469271
1.3040252528658582
1.2351563562881465
1.3712671430051915
1.2609131505160482
1.0671069707933953
1.0670233945228855
1.024455077207578
1.0807856680814543
1.093983504750091
1.003808985960313
0.9499006886801115
0.9608911997173674
0.9817237626584022
1.0091644427103177
0.9543412821789787
0.9710680504439746
0.9485444318454367
1.1328877147062522
1.048046084526139
1.085397406572617
1.1262783664467377
1.112318157889284
1.0301544220094097
0.9239416620936339
0.9425206706673549
0.9472521886226646
0.869156202827478
1.053299931715665
0.9420401885357053
0.950196026479542
0.9112323938659006
0.8896902796223818
0.9654187164558642
1.0552851654701807
1.1191145755733007
1.414117144766429
1.557402853957512
1.5687753773062343
1.6986735264739456
1.7920574268564124
1.885885801483344
1.814337579587786
2.1309204507502573
2.2495911540059432
2.4604540774711383
2.3683082015965273
2.3655386526940294
2.198939956075354
2.2810005971620733
2.1818018032099875
2.4006403774102294
2.3637691598264943
2.290564528238492
2.51524151725192
2.6298540023844814
2.3572588233742984
2.58522294535225
2.4903998984117246
2.7125467205935103
2.7471157364065246
2.656767957460002
2.5186898735451453
2.544534314686343
2.562198407275443
2.5193553351949673
2.528295993228387
2.471683411877323
2.2673516865336936
2.2133949447324737
2.2691488179946417
2.2096387785520553
2.3273017537268883
2.1838516839106927
1.9750260346466255
2.112690423810324
2.251740384711791
2.1969818448233442
2.127614586118683
1.8885201651885746
1.760928795880407
1.4979605025702805
1.4826151781783419
1.5428887670264084
1.4800659454329659
1.4318673051658986
1.5002424881065213
1.4824144530004624
1.5903443586083834
1.385613309625418
1.4772947202677293
1.485949701672307
1.5313638108380385
1.4893044060289713
1.555003945838324
1.6551797218390771
1.6653020383688937
1.414493257044848
1.459941431511023
1.3130186786758482
1.3670083543260911
1.3516215931269375
1.2410703049494178
1.0210602537591669
1.215467769466355
1.286650790351622
1.239420481354856
1.2590670772882966
1.3008337563220003
1.3024904035164528
1.274644125053415
1.1806383224021895
1.0882105885218398
0.9705574453936784
1.2473454614170933
0.8294586701209593
0.8001966774775688
0.8340192173897093
0.8135953130982994
0.7359817307365307
0.7951354418529337
0.8372246336631458
0.9471782790908362
0.8692547077818017
0.8541982768271779
0.7837266061832417
0.8099310062963192
0.9101466937037428
0.9188127980497074
1.0741877607264918
1.1657385260236879
1.2045650957878902
1.349333542573441
1.307450418617393
1.4448574675876458
1.4182308859097452
1.7215896087448441
1.8418121958477398
1.6421898021577002
1.7117072279159415
1.7380500466160604
1.8014546596228904
1.8859282310093592
1.8852021766527365
2.1108794275287197
2.2430934445784336
2.4463490080064765
2.149272245434091
2.2335045111698135
2.5210197026470205
2.4882560636965434
2.5186947850987838
2.6203510952768667
2.4048294112880724
2.4737855471953254
2.5523532481991373
2.497820533398656
2.1710562003072926
2.3309041985951904
2.362689324791349
2.420497289247827
2.4960860316083187
2.328701830554452
2.2812320234602597
2.519595822343167
2.1679610018651
2.3666366529651115
2.3284017382715727
2.3435264883245126
2.124657739501917
1.982914039037541
1.7355982079012635
1.9196341695590076
1.7996461421523762
1.868449209867216
2.012900983310945
1.7961661637266375
1.5945104798989935
1.4519318032815451
1.5440232951563129
1.4063532488187573
1.3589585352120912
1.1587328384356914
1.1966948932063064
1.26100269692025
1.5661282619440742
1.5784938848889556
1.5125958232227779
1.203281660354263
1.2752493791084827
1.2980592789691756
1.2351113911395266
1.2142179002511724
1.1444339696041832
1.1013829344825732
1.1147406994770939
1.2481972788411988
1.173026324640151
1.246432723038464
1.1337588707081108
1.0940675704894822
1.1402954901246698
1.128902683071331
0.9947529290296638
1.107607576532755
1.047386335881786
0.9716329634718492
1.1932023462250114
1.0873486243899293
1.073055178455288
0.8771535614371778
0.8459545791589806
0.8750377745993216
0.8153852808486666
0.8299371474307722
0.8129027498044763
0.7693262575458923
0.7179728452318069
0.7152239060046724
0.7234570861219846
0.7465655968674055
0.710801815638548
0.7769148293267991
0.7572141997374165
0.9034986875442145
0.7183429794219174
0.7881282577003229
0.755029564901947
0.7607253948330769
0.8819657301619246
1.0004199859978944
1.1399999857318217
1.1811830527711245
1.195090468237413
1.1021970290059298
1.1723423332723404
1.3678809520335173
1.2532495610227852
1.2715751013977556
1.3160496101298829
1.317803638198132
1.4818582284243285
1.48799036117645
1.4327148001188867
1.3184848961808586
1.4786581904101936
1.4940371321507186
1.3323371156233983
1.2745999323916077
1.1626948926126215
1.309296951885135
1.551049682199744
1.5993178478942507
1.5205538747004588
1.2770600557817746
1.1705118227936218
1.3696890465895217
1.2132175753742434
1.4069374008162876
1.4387591823948052
1.3634211903188251
1.3970596902741717
1.4856835493241694
1.3720746091306326
1.354736545857361
1.564532117658335
1.5071152318855472
1.4536558941318987
1.5040168574716641
1.4999924344904585
1.555614578707188
1.447711318722303
1.4518273998725775
1.3255792648582398
1.3780796953526933
1.281358350928643
1.1508562995686038
1.043982574632434
1.1033687044761078
1.3269450692419429
1.1533430110999123
1.2658916678361418
1.304523065056447
1.384143608094574
1.291360151835712
1.2716704988106224
1.427128388925239
1.4277373202035673
1.2803862948974205
1.1493759285953782
1.1525129669881813
1.2468592935536373
1.2214132914528617
1.2337111489434216
1.032246699791583
0.978160070860053
1.0213714918215049
0.9807773530843128
1.0140463628712133
0.9609566606824701
1.0197523816766914
0.906767750673046
0.8511611283693008
0.8643376001205235
1.0094920109736738
0.8764547089462302
0.8793668636746983
0.8330402154433492
0.7690692943066837
0.7892986848860708
1.0582185419867243
0.8635631541549623
0.7766209196734846
0.7290892254006053
0.7220638232434169
0.7396797356702847
0.7453361149397728
0.7546403185630389
0.7558718839390496
0.7251823241348504
0.7239878111053155
0.7131694391137582
0.6780377406010938
0.684422675906978
0.7122636632852547
0.7065523084041377
0.700029732928086
0.7167237991445126
0.9335308491579574
0.7950114288686113
0.8549442686298809
0.8386597961987546
0.8698810738606443
0.845692316165252
1.0070915697218195
1.1060952077245119
1.0134160702848214
1.0198477057576198
1.105917554552589
1.0389993120323315
1.154438428655205
1.0840760005594932
1.1634666861119338
1.1300968229480457
1.1444184367259904
1.1860103572912375
1.0525101233203877
1.184191475542652
1.2054859126490356
1.1709389761327127
1.1011107929340762
1.1527374527020084
1.2914076958340603
1.1300496586642206
1.1525479455114997
1.1785648225272398
1.229040303776138
1.052280511741413
1.0691663518864585
1.173333648462404
1.1836272659251785
1.3927557592677575
1.1633154396483978
1.1316843466702513
1.1810154040871566
1.0142038586093094
1.1455835732340116
1.098609600646199
1.088512748903854
1.1213289065050396
1.0999131101604678
0.9946684992215871
1.1098299363021213
1.1319746859542417
1.0852107077714168
1.1179875475694923
1.133926081390323
1.1989116400983229
1.2008351140158837
1.2451670177787204
1.2692283234169153
1.243945731353055
1.25406103526773
1.2621079662295167
1.316572577784922
1.2586177125441267
1.3516560652013976
1.2430638678877803
1.1484874489098038
1.176249208863503
1.1378331461390274
0.9795571440200533
1.0806583816179698
1.1150071580229846
1.0329177629633466
1.1567933228102723
0.9949487049130525
0.9679463050788214
1.0095819943498552
1.0531518469844514
1.0055390860021773
0.9355682640672767
0.8132903814201857
0.7872314878531069
0.7945243647671993
0.7475822549807685
0.7945201374328001
0.7822718570076314
0.7116990830868946
0.6930728445299863
0.7728195453686604
0.754478523818087
0.6733292285842986
0.6596221509819212
0.6346091272109987
0.7277642758305676
0.8036956209429936
0.7349463192303446
0.8653824424758634
0.8799840958657065
0.9214298868748334
1.1990601997572727
1.238535417328687
1.3844970387409152
1.523931853919798
1.6052446994362408
1.7980527690439165
1.9654101415574718
1.9161087799669227
2.1156923489031536
2.0393342282921725
2.300435214486603
2.185729361623941
2.245399743718118
2.3996238494601188
2.6638294224610197
2.655524309259948
2.6076244262539667
2.5694217129500485
2.8707671812399376
2.783382405287792
2.695774151300977
2.824876217499659
3.025894199456614
2.8588552316714444
2.8247909167734444
2.6116344869747303
2.5059036280812044
2.6146036039594027
2.620421588695279
2.686450555829181
2.4988278117541483
2.5167152540945175
2.4343061920966154
2.3019536787711763
2.553375397354288
2.253374584029667
2.450679796205767
2.1950297348312224
2.3705242071253196
2.6116637694772837
2.6010297624603846
2.6043247828194183
2.4641428049982106
1.8177950677408323
1.865442266554578
1.8646002718490158
1.7209399681982949
1.7657784993487984
1.8403951744194755
1.7297956401314278
1.913796038014921
1.6984588331215378
1.6405244143640572
1.553664861931522
1.5003914768043605
1.7024527404785526
1.4671707862450225
1.4225458249832386
1.467800531798817
1.5028855644544288
1.4565001802692774
1.358156309991867
1.4355056169674854
1.316360811529919
1.361873639525809
1.3633495870460515
1.3061867064980341
1.3897918245878829
1.3287302204215838
1.191680854481673
1.213116366873404
1.1748818809767132
1.1846175229565197
1.0922933202560052
1.2192486047917732
1.1432662501192614
1.1283834887607869
1.0757379490026617
1.0459155289912156
0.9192073339469078
0.8079246273920982
0.7804313235562322
0.878170323083379
0.8584832962117058
0.8466570333667572
0.8418377763368607
0.8399060140076908
0.9153567818383321
0.7969160094398774
0.7578630096991535
0.8217592609804968
0.767807623775221
1.0237124354930691
1.1244659216325312
1.0588055949536588
1.1518541945018639
1.2865346746099606
1.5276601411853794
1.5821574198774386
2.2311389168419105
1.983538620716889
1.9155531287648238
1.9690926081670603
2.2730554302411115
2.242324443083695
2.3436077655293235
2.4729009184556476
2.650311186208052
2.67071362244308
2.775734331092449
3.342692905923476
2.7328495828463666
2.4285471930125007
2.5007322295474492
2.761268427198089
2.489941726588398
2.449166386808072
2.599578494038544
2.9641511623204684
2.8895585612975427
2.8706845776967516
2.616275863257327
2.4856990848120084
2.5049018596445243
2.444029478295045
2.711530814553333
2.6145192549025036
2.425033351278654
2.6374000043755768
2.7226593948928435
2.4726829370150467
2.481785887640456
2.366956431947999
2.3240780401443337
2.1178846770907565
2.276068631295357
2.2079105197828097
2.048322234144998
2.007799412490847
1.8535077209669781
2.0225633398875686
1.620546867320599
1.5433096323247115
1.6140509255117814
1.5983335972210697
1.7032393316399512
1.5401367830656765
1.5901856946912867
1.6232157098004352
1.5009648048908983
1.6070307743888275
1.5188705695784666
1.5934194199108191
1.5436091535498189
1.4854111689820437
1.6008331055309555
1.4381237188120828
1.4371501479274522
1.220418729279833
1.3452737016024439
1.4474171438965164
1.53803965526632
1.3754114395826385
1.2907249300068575
1.1889792208094387
1.2085476801900534
1.090747350741354
1.2317703187883124
1.0947540195550405
1.1975967773512923
0.9815861377628484
0.9436907038860093
1.0313779017348828
0.9771521294068845
0.9039344737029343
0.9522558751698286
0.8718156249561674
0.8881141904141022
0.935080684596466
0.8444011590753189
0.9385852263492792
0.8153480413375002
0.7933813861002844
0.8182328281012987
0.830853095523516
0.756947101943232
0.7956215282704293
0.8573138509189075
0.7447702244671499
0.7412799683048696
1.0050201830903895
1.208995794769205
1.3717991285743025
1.5029933635888602
1.5126881193542583
1.9767794379429853
2.04638185504721
2.0040299255016203
2.1444970177614135
2.286962412837655
2.218966615612807
2.3703441416428097
2.3907839262892234
2.4653025513957036
2.4923673133949418
2.421650023704227
2.4280649672565278
2.5444030288029094
2.5618497599118086
2.5782915792761885
2.584088746769758
2.3974957823614655
2.5192170433848027
2.425135242168234
2.416947284897808
2.4160005900126698
2.623565236340524
2.8533684789155416
2.911887007633832
2.8468347144211146
2.7595676409510617
2.648043468935115
2.7913872355221145
2.549440587698793
2.9511390065611947
2.920225871737525
2.637712112579257
2.7122927917694692
2.6813237838406176
2.6427326736400047
2.4582376703714854
2.579569506150102
2.3591117118566474
2.252750578847421
2.095356377907671
1.9278917991473885
1.899522247588488
1.7536572559252297
1.8131020375451128
2.1409251886916305
1.6896152422887498
1.8372724082748575
1.6732305808182237
1.6542816663384416
1.702762959742131
1.6970925891158686
1.7481989082637956
1.7793080100742615
1.659722714573841
1.57423849627006
1.647891886583416
1.7165770927861714
1.9539021414117586
6.738881571897107
2.1082250686300017
1.5253432442695671
1.5251040708259165
1.3310422490475553
1.3403846360491043
1.2385686218441547
1.3110593226878815
1.226676792138064
1.0888579806359548
1.2850548293198156
1.0892844442319145
1.1658568150791397
1.211917073287981
1.210770281806437
1.164881227463891
1.12910686233892
1.1150038665975543
0.9708756276002095
0.9731728516146099
0.9554800606705077
0.9092103275019795
0.8852493082573966
0.8552275990894037
0.882593345633298
0.8813132520825426
0.8778187540770372
0.8642645087512435
0.8530225321170898
0.7936491238488217
0.8584359374498817
1.1336875592580327
1.341130371894511
1.356242290207829
1.3857009363370598
1.4324010368772966
1.633418555577311
1.6711769975085176
1.9140064231597838
1.9638956823338787
2.0772905990692787
1.9528898177549596
2.1786011392504294
2.1595578837782057
2.3476144091457685
2.20944799699019
2.1821386929953257
2.397705229304782
2.6527959230586657
2.451054665893596
2.4043032664885424
2.48377059950534
2.5667947493858185
2.6121639410073363
2.7323060177225966
2.7339652363353744
2.7307254797812117
2.579713450838256
2.5498036999821556
2.596145977420501
2.510411171840479
2.6452992736189427
2.672051125816711
2.502973353578773
2.4030346499719024
2.336638659767309
2.3744305577631932
2.4053046811538685
2.152243872712836
2.1520955824063406
2.2919117854574234
2.3886578900732744
2.281212445662005
2.3064990360734976
2.227835690431349
2.0300703799262636
2.083692471125298
1.8510691224205025
1.901008931744734
1.8480758439627314
1.7178579957356641
1.6804559649256636
1.6198987767014543
1.6553907646536539
1.7227665883861896
1.5322062350372352
1.4339139259219558
1.4528220350746262
1.5169840722725214
1.5073905843403745
1.4439984455281671
1.6901624550942622
1.6190830397989524
1.8086992042844452
1.7459521897928083
1.7679873457115254
1.499940644080664
1.5342295987136918
1.4642185536066823
1.3976064766585081
1.3817163480764791
1.2493286981688307
1.214011515850152
1.4500540372818687
2.056631025226509
1.448181537680968
1.0167395350575799
1.1356242672393375
1.0668788787725585
0.9421563067815022
0.933566986091078
0.8942710813897983
0.8786084288172511
0.8791484574115808
0.8907397137807551
0.8782989846194067
0.8492027009863331
0.8551747565307065
0.8400850351816088
0.8017408441893477
0.8629943805625486
0.8420494911019978
0.8033936674659495
0.817306099593294
0.8413203990008482
0.7765866300414881
0.7805535389911982
0.7761441217740273
0.917185454429344
1.1644930554507797
1.161878596064232
1.3841411587105812
1.3185294207518155
1.5181872349151382
1.786946042505809
1.7164690718809554
1.7664413717521144
1.9184975136036901
2.0392447515738854
1.9679030689608958
2.0647258862998616
2.2837526260808922
2.281467093063641
2.2118040082505916
2.2625644670864107
2.3520068822203304
2.589746905314614
2.4967501865104484
2.410197100506703
2.3134443855895643
2.301488206567506
2.5438237590588075
2.590982584525073
2.659933336738829
2.5211274646479027
2.8107012419373376
2.8259419221514754
2.618344819799863
2.7115698212951247
2.9944403141343496
2.7981167528319197
2.490318097846697
2.5200238997947952
2.5074529983264418
2.363162548947572
2.2326010439612243
2.4457675856467898
2.385083623124532
2.3945638124464206
2.394032380175845
2.4314586470465644
2.131864557409864
1.90551869744538
1.9427911400150077
1.778309815473231
1.764984587821039
1.6425632885848878
1.5532497511385177
1.59956647622762
1.5997257381989047
1.580491117280317
1.5541664890155766
1.4334984671365187
1.3799715566727038
1.3071019087105271
1.360726707758546
1.4966792942159035
1.3900490872327367
1.2725965582705407
1.2551093633292516
1.2426047942864689
1.300957138701236
1.0717502700980466
1.117163451046806
1.1780963384650909
1.160035631841921
1.2016025466262434
1.1061842515979916
1.2111623214516312
1.0637178306805397
1.060023214558709
0.9604025376212892
0.954520441705723
0.9934831074381149
0.9437522156275158
0.9081636204572175
0.8703286613517696
0.8559369907140575
0.8439178986259758
0.8336156588921766
0.8294465837821731
0.8067837972344062
0.7915459881725009
0.7932687238264957
0.7873375095633006
0.7933460250650771
0.8092809665602436
0.8048401512441982
0.834095359992853
0.8073357561642306
0.7838146486832321
0.7585167487215172
0.804463204211974
0.7815990896238052
0.7870883432011941
0.7618243805420992
0.778463054548953
1.0866465784108297
0.9747913028875419
1.0188531994250054
1.1307211230254457
1.0599040313429746
1.0567107899132446
0.99234957473054
1.1092827739035611
1.039644312630148
1.0437261568201954
1.1365369285989317
1.2580080452428875
1.3021476913339414
1.358840320730323
1.388236147602327
1.2694032658588275
1.297951941458272
1.3893888466165334
1.328935067049344
1.285088146354455
1.4060658310960252
1.3668211611663659
1.5398698991034483
1.3875443409661377
1.297364569962676
1.2001965796849283
1.2045519923370116
1.6037907189773666
1.504578169696078
1.5721854015304222
1.399017949330586
1.418928972271501
1.325422416675462
1.3963874101454672
1.329412975439805
1.3660876631225638
1.3191094643322936
1.4612423741302076
1.4282863053248414
1.4442212246749409
1.3536979045414006
1.3377826595156597
1.244576820416961
1.3137427641497672
1.411956410955794
1.195023466243227
1.2771493218881182
1.1770334719945912
1.2053057171793002
1.1224930161730258
1.1932766158821468
1.375867850089151
1.1308005198532853
1.2309991608735384
1.105239010935628
1.1478458303599124
1.086326178576896
1.0648686237464695
1.094297537223114
1.1464200391063273
1.104770058094609
1.093773467317545
1.1055527592501073
1.0942899582195553
1.0667396579556552
1.0276825697189031
1.0853525104614228
1.1799085162460197
1.1823662802547612
1.0713627116587552
0.9914612137763178
1.1327039189325414
1.0542350734755974
0.9361945985435824
0.9242917632717058
0.8963064615622373
0.8813460119744895
0.8860457465155737
0.831011663692029
0.8494325176766867
0.8051551470299975
0.7968145584896301
0.8099269998001015
0.8159114729393167
0.7832319085220737
0.7836073470387179
0.80035287791649
0.7975992299434623
0.7697666146332731
0.7921367691701504
0.7888716888506576
0.7744203963560378
0.7778602970143036
0.7872277725436206
0.7824858968258658
0.7730697476363476
0.846813075135122
0.8449958961330032
0.8487274412899152
0.9907988561585676
0.8162302942320304
0.9368375136138181
0.8876258453451238
0.8820483405644172
0.9794084131997055
0.8391236514654964
0.9370235415679844
0.9571197269516815
0.9680850156051782
0.9912047797603571
1.0114875794471405
1.0141308734672654
1.0778872173547462
1.0431619889258894
1.0705499994252958
1.0941731564701112
1.2346244001109272
1.174966671028613
1.2061374545340733
1.1723340744946646
1.1639346409641511
1.077002616747612
1.0489762613608413
1.1655555431496323
1.1450288712866814
1.1205968288950348
1.1953957526563712
1.3300877675803433
1.2655600421699895
1.3833732999357566
1.2461987321937276
1.265475125108707
1.2820863063069001
1.2835479517865975
1.310634860777101
1.4100943161044845
1.3984919689211632
1.4072918960281138
1.4064003437973327
1.3856438486029352
1.3503056868962264
1.3631744904582503
1.2733398136164347
1.1681778090984034
1.1685903328643477
1.2150908108403615
1.326400061178195
1.4847710935889993
1.424724844073535
1.3734905491554
1.3002116569017326
1.3885656476324408
1.4748884756057483
1.332783607732409
1.2564482640356636
1.3073661494964948
1.3426587930090912
1.2647179332120921
1.1248545156910035
1.1555860173917292
1.1112741915873308
1.11592149834958
1.0384521532431217
1.1282147103405915
1.0149409419204496
0.9455057825798867
0.9061906674479259
0.9948151527910067
1.0022300332887755
1.0991524960179881
0.9429022494371448
0.8920218300976419
0.8713101179365913
0.8471318132206147
0.9844700931675806
0.8740217723594296
0.7977592473320023
0.765256220155538
0.8494429221838335
0.7869126789684188
0.8027110774496132
0.7692469205749679
0.6875232309970742
0.697357773987188
0.6790014097410656
0.6892989544086657
0.6845730979298494
0.633250039335139
0.7602194199207695
0.8533017418129132
0.9569601731936409
1.0776031602446074
1.165797475218883
1.2294800609134777
1.2403882350718742
1.1938617748730516
1.2243969978156743
1.2803276130934103
0.7194987763656042
1.562853097939189
1.4491022515212317
1.3251885763239901
1.4810992930720863
1.551574987245494
1.4679746444084452
1.7007252596889915
1.6383269705533245
1.75966151373865
1.7261223157197614
1.8343043408872444
1.8438438755189885
1.8737269798675018
2.0269267600064924
1.8953193682129588
1.824781936049398
1.730977585178419
1.8600055706244638
1.9035238116716404
1.9531180061452655
1.9222510046081431
2.0061709426013157
1.925806770794381
1.8850282062754267
1.8878793333076536
2.066882468041647
2.0616512172892993
1.9645934265892082
2.074174059244162
1.990125073436952
1.9222834255138967
1.6023507353881266
1.8420587148175864
1.513081781497465
1.5357188080781616
1.481584082688091
1.3394100739727344
1.4011306686261578
1.4137548605425803
1.284132593179337
1.5050669991456083
1.4240776963405373
1.3549767131713424
1.2351816851825832
1.1900963253570802
1.260224776012014
1.274658265768244
1.195227497242132
1.2299532013035785
1.2268439360894665
1.2013239610596225
1.3311420276060382
1.327250902526412
1.2801230304873255
1.2495221025512764
1.3241785349032718
1.1704579003571627
1.1670843012965715
1.0740658861667944
1.093401407699286
1.035883324794296
0.9944091416861226
0.9207286063868166
0.9340755489496178
1.0020809020843036
0.9600436166987683
0.9587562743934746
0.9184745137696894
0.8964644762161819
0.8597226345358049
0.8306348523176068
0.823634949761839
0.8245946398350528
0.7613928764738388
0.7378778059622736
0.718812288904996
0.7452261686224319
0.7143300616459973
0.6953169835923835
0.7091148285207796
0.7155955881164306
0.691997145395359
0.6883217249681081
0.6945332707820698
0.7456883472103916
0.7117394183198175
0.8514989418630405
0.9713271640130303
1.0236375354655536
1.2032676235089272
1.2028424749340751
1.4023922970332459
1.4501655630805472
1.7796607324084965
1.7078658340460302
1.8649289494826504
1.965629376849455
2.156564480661787
1.99054392015412
2.0401374361043323
2.3237132597000176
2.2415889707009895
2.3174142877016584
2.36649306519705
2.3036988687584348
2.394801254702275
2.4012016273882004
2.078803904194079
2.1672202294523357
2.1503525907870897
2.3847370071650906
2.4322582586371806
2.347098593017822
2.4082198110572284
2.3949068344110986
2.327014050068934
2.3818905130293904
2.311891728039468
2.2377084835594916
2.3987741097984667
2.3326093406086947
2.0468037202500087
2.092417834310733
2.033978402197284
2.131828262290702
1.962975803768162
2.1236815303706025
1.9273371685487248
2.2386139556768114
1.9533215850380037
1.8907241245898017
1.6920500919970538
1.8895977249041556
1.7047457613371992
1.6963472144050085
1.6005638373554776
1.572260994787932
1.658533589071411
1.4812162300352258
1.4371025540311722
1.6242847675960348
1.5882541320623946
1.628190323484423
1.6426372572312902
1.5193398123299535
1.6615369376294225
1.6970501412885908
1.3866633746507238
1.5105803964639657
1.2833737137606587
1.2555560487684505
1.2529766543249972
1.2475126305055937
1.24423682405173
1.207306283012276
1.060976385850244
1.0843933075562304
1.0158225448140552
1.0544697743081153
0.9970039685107672
1.0078987970276547
1.0174653124087065
0.9954819073397307
1.0051547902064109
0.9974426281924437
0.9679139997031316
0.9894722527924983
0.9722329267279407
0.8714086070647441
0.8553248328019829
0.8222457416190363
0.8528545836594947
0.818758827838075
0.7997866636207843
0.7987774235585356
0.7929260454106031
0.7782374390010371
0.7538114412805633
0.7411584802392803
0.7489665507925508
0.7197842306384183
0.7292394917235172
0.8200446998619919
0.9012940174918811
0.9004005392710633
1.1072935499486725
1.2007375817290655
1.354673485541585
1.5365875971052512
1.6474660942679646
1.6908510974420252
1.7991917252424598
1.9403719256270786
1.8113572608926594
1.9742819649334256
2.098759588985956
2.316056882953448
2.1790171593635748
2.169769274006868
2.1735174800296346
2.1779733528258043
2.0250537864592233
2.200807256612659
2.098614019751972
2.098008390287784
2.168032514634933
2.259315750419859
2.2644995760601856
2.120412097244109
2.0429132601306765
2.102198774722811
2.161749625013986
2.282827226901801
2.287675364684427
2.2691861448152024
2.21563164878264
2.0230004835302564
2.040850836046719
1.9893735920799183
2.1149471742240946
1.9173594538633554
1.679476373168458
1.8096101152667619
1.7383346242970723
1.8852804969751165
1.9131230556141432
1.8200891467457327
1.786248376211276
1.751713124073334
1.558507769489557
1.7800166625876048
1.6703590415082636
1.6885405297837148
1.7134904453404178
1.7619733508908169
1.5924877669273267
1.6968062652441618
1.4783776886012026
1.5579850347780795
1.4915715750789074
1.4197690857104066
1.4071170433212108
1.354201156165417
1.1531595797671799
1.2548773051658961
1.1713469852005782
1.1534557160926022
1.1850367510065662
1.2342910055197926
1.1040165362502732
1.1267006587616302
1.2012050767435591
1.2183488665776294
1.2523463591416848
1.1640135797305131
1.0656078726210487
1.0409503413199426
1.0630962960198338
1.1022875609168323
1.2553452278464126
1.0488953582375904
1.02089130671204
0.984952910708869
0.943361146638535
1.0064936424714364
0.9150236860045162
0.8700704053183245
0.8929242384092811
0.9013501839222849
0.9244580231106849
0.9064855768133205
0.9080228005316797
0.8727106643470759
0.8337307490109692
0.8217889020281436
0.874188740999276
0.8591296357014306
0.8836405577125657
0.9827114843949949
1.015956317864325
1.0691607845950362
1.2035780972518828
1.4345456437360316
1.1898285850869081
1.4154847231095748
1.6451783934752697
1.5510591562488718
1.9966696378171975
1.893173238030101
2.0141697825270226
1.9771896068795036
2.0999462585912796
2.1282362667354775
2.1286565313222714
2.0042947616023072
2.0207562981111002
2.0803066222879214
2.327841408745446
2.3486345008031972
2.402227538030019
2.0945959844827295
1.9640253668077055
1.9847377674572708
2.0982515772682646
2.1888087067889592
2.2822285855163598
2.449041643312781
2.435111584418813
2.573631418917247
2.377229819561099
2.4791262546240422
2.5350484971284786
2.3776449071812076
2.320586561282131
1.9395082173449554
1.9885507149778603
2.1691126404842684
1.9683300185033419
2.2014735192537005
2.1022063557655413
2.118722649628147
2.038443549059189
1.9279736331207287
1.6955176790517976
1.5645233653744135
1.4981465975347041
1.4854747206462298
1.5269455103496028
1.3180659379207522
1.3340655172058622
1.2605418592860607
1.2493195885720578
1.3374539670199506
1.4157702849939313
1.510141176587353
1.3681848544475153
1.3742446020957866
1.2553245749678086
1.3314153633852566
1.2298083295155497
1.303915379881976
1.2943864428735918
1.3069213993090312
1.3177668584180646
1.3124302188146972
1.2713013128464847
1.392421241480995
1.3978866601275521
1.3425483561614693
1.290172067875493
1.2593682365061383
1.2575003895387904
1.2122832007450572
1.1909054034936895
1.1592849285077256
1.1843906541231866
1.1120099067327411
1.0519010983932462
1.035175126535763
1.0637922026680562
1.0333316601142593
1.016319697492051
1.0157560366118363
1.0100345134968354
0.9992003071662879
1.0315248547474494
1.00244854238129
0.9777332342860293
0.9731489627401548
0.951455857803711
0.9585040262951832
0.9433192727357608
0.961339929357848
0.9438163035216721
0.9409424928762417
0.9327231407277414
0.9969959653111415
1.040564419262659
1.1816114376725195
1.2153938588438733
1.357049141738121
1.5559703813018824
1.6252963730823087
1.8525273011429242
1.6652986736305948
1.9097296772345749
1.8433401949595
1.791627960116579
1.7299824744846046
1.9023754844279805
1.8933919674988657
1.9765882479091461
2.119374276026701
1.9830300932889555
1.9324391697030006
1.9666606935515951
1.7237658588582376
2.01145026416902
2.352371268586801
2.4086591402976736
2.3213587710720867
2.0509632540807026
2.086468490376354
2.143414579324742
2.255792756463177
2.127847331948015
2.1368872455398287
2.0191803993857227
1.9660199777383192
2.292688062173404
2.0488421255185916
1.9731641220224063
1.8504898194221149
1.4713457593249675
1.5946355719133403
1.6624167263254885
1.9742555138735223
1.8043353749930953
1.8599538584211743
1.6645512395311564
1.5109838907301238
1.5462198826811056
1.6960681132095594
1.667044999054522
1.549343344344109
1.3759735073451
1.3619924244976522
1.3967910187461074
1.33010791785928
1.4255826365459137
1.2815207096793446
1.2390666327360502
1.2719982076618825
1.2784132685558465
1.3741473049851785
1.3662860085202182
1.414057448484098
1.1942752162816936
1.2087478383705885
1.1990339733066393
1.254536298258817
1.1407708708556878
1.2377043758384918
1.2731618943926224
1.281155282753494
1.2179511202207751
1.2592368359951667
1.1111239839859515
1.0721660011272316
1.0661830487677635
1.0326004304959584
1.026365187668302
1.0088255714444716
1.0296048093037649
1.043402297728252
1.0030670271278697
0.9876643108335461
0.9015430979536249
0.9154293158097246
0.9446163193637548
0.8921311851144426
0.881797247753459
0.8851590968699957
0.8860105244707734
0.8895254820950227
0.8831286051493402
0.8855300404991425
0.8728611979663738
0.889408611177998
0.8505908378652114
0.8635596120088765
0.884238117578271
0.8818760520877923
0.8754761436580907
0.8897262877687921
0.9119045644620429
1.0162887875185147
0.970680251885316
0.957982182257439
1.0641190839155954
1.095714485982487
1.0905546071289525
1.075591386356759
1.239500477997918
1.251050492061853
1.4767048432646113
1.5190714145844344
1.4560694838051875
1.4514906165201702
1.4653092606831162
1.67319215051119
1.6564874067872566
1.535690341809567
1.4706527477436915
1.4462088560305288
1.3541708113050899
1.2875184706282055
1.4692403737843123
1.3712116729143162
1.4554458308943727
1.361537892767704
1.371441932567898
1.4238257072610847
1.4872740027028175
1.4439094541593314
1.3732357986778736
1.370620767291059
1.3381635490719586
1.4631443136911166
1.2502857635172981
1.3786041981361403
1.4023276109504317
1.6653843663193597
1.6056744918889643
1.47874277386657
1.281500248677214
1.5130129162665051
1.3637378128752307
1.3538149774687205
1.3193766316230315
1.4213899307579851
1.2047112137942357
1.223566534857196
1.2477739850325276
1.2500956940800572
1.3535189035062882
1.2406278014865615
1.233467841207934
1.2826878885588413
1.1979378946129038
1.2289157389903647
1.2641471039271834
1.2403233756434773
1.214916849040183
1.2279049922334193
1.1637782760710644
1.2396119419907583
1.3047493933519017
1.2073602908375651
1.2046472341195735
1.1726947235522793
1.200308236602306
1.1593857068385944
1.153963553822086
1.1351008767461732
1.0465254974543647
1.065824125332196
1.0331515399215807
1.005945309186323
1.0076022290722084
0.980848588154319
1.0375004478620529
0.9987645990136601
0.9520403485336425
0.989481543565391
0.9651592749918764
0.9133830009892495
0.8943077053552198
0.9982809115731581
0.9310980777634624
0.9191759368834445
0.9022312757764464
0.9029256942467767
0.8663258342219343
0.8830220731811934
0.86899798794738
0.8456689732087802
0.8659593641282008
0.8583889188131875
0.8593696742774238
0.8788557472392716
0.8756676270277473
0.8714251473257018
0.8933290836800132
0.890863939773718
0.8966650661181593
0.9200650375748188
0.8972219801133563
0.9369919801401833
0.9429702151028968
0.9209979320568739
0.9552114372144286
1.1187058331362834
1.1054722438673772
1.0583027449804496
1.0094175579437854
1.123675585053079
1.115511521174382
1.1287797843443228
1.0076283831999684
1.147169456848593
1.0910648318948282
1.2276088627441608
1.3065133467930605
1.1225996050895355
1.1066098924718164
1.139489407434433
1.18185670448234
1.137618828273487
1.2196639157823406
1.0927393131966825
1.1003617817089164
1.0864719850057087
1.063325843492841
1.0337614881022301
1.0817893228859967
1.0825257691816204
1.0997884520306596
1.0959459953852158
1.112882064878679
1.1899836900839718
1.2099302110797674
1.1490151950940035
1.1092191876868671
1.1206052641422033
1.1230727492934158
1.235068860342663
1.2112727223299724
1.2677670485399835
1.3188661922955374
1.164276799491666
1.1671857594719002
1.1061145294429826
1.2130556204585892
1.3934014826268175
1.3704610943093007
1.198117142680789
1.0690043454159894
1.1058893306598356
1.1111100396664353
1.2077501334779548
1.0194529982240996
1.1160124518610304
1.1273218293506675
1.0915570455480585
1.02934869713972
1.027857346069605
1.0202718075518045
1.056241558783411
0.9770864484491086
1.0090043595622962
0.9329523796811509
0.9328219149567418
0.9110811731806668
0.8863420444126973
0.885342126253626
0.8752030009259033
0.8674988207378788
0.8652861525982788
0.8717984136856831
0.8353584463079263
0.8872973829630402
0.8827667149356785
0.8507453491419329
0.8616878977950557
0.8755526473013363
0.8489405507825417
0.8580261709561549
0.8657522435448652
0.8656896546480046
0.8107753174972294
0.8216595242244473
0.8483627801357307
0.976572317157459
1.5121000198883945
1.6578356551832583
1.6707601463990893
1.667717846429213
1.6841304809760085
1.7247471686229858
1.9127774968679965
1.9481923611482181
2.0574069750083908
2.1178931153692564
1.8430955213527718
1.922673256741232
1.972074318781309
2.064439143893861
2.2108390968064757
2.1719275841097003
2.219988954973612
2.4112541492459423
2.106061108415054
2.0467555594539344
2.3448687962973613
2.014053119155728
2.236091963012511
2.3905415044426315
2.2566495858675584
2.110364275354762
2.2176450779181685
2.226944718155194
2.3727221366360967
2.053434375725738
2.133198837469243
2.1847267426846426
2.083830193282998
2.0609486167061077
2.171576172896773
2.266214723469667
2.2766430691519086
2.0327290064392525
2.1950559194952444
2.247158603940896
2.0530748152471254
1.9204915529425741
1.941894956242398
1.9652694794176973
1.8118727838080062
1.5924172141831046
1.567311113811579
1.5997203265210227
1.8011579090242344
1.5702681266506322
1.5353319347168255
1.5849679875758136
1.4415809045395538
1.4998541464840103
1.5685568408838095
1.615141772015788
1.448227105654191
1.3538659583395676
1.3545228754583898
1.3522603722585487
1.4879111282553683
1.5251300339912666
1.2940588099956636
1.3125427091725623
1.2896025663920938
1.288137827775336
1.276906098164289
1.33748037249686
1.4900430947683387
1.493945982122598
1.3879864045884374
1.4090931295822329
1.4312289904933668
1.3940232303851585
1.122174992009975
1.0473493213474194
1.189925170028884
1.2928589848088814
1.0413520858770042
0.9824685092599112
0.9972614554936396
0.9887393328948545
0.9408065287819107
0.942942688488688
0.9760875702229251
0.9478155709979977
0.8840433233294134
0.9248662460316633
0.9007474960226879
0.8934879784837598
0.8719339744955076
0.9155372342294629
0.91812155864673
0.8838383493967308
1.0957033924366593
0.9905358027278791
1.1877059460472044
1.3285406608749568
1.3665430147288267
1.5736873310959765
1.6711907648385722
1.8630472040497752
2.02583205193684
2.248433926668823
2.4097409409501647
2.2449945234585185
2.1468187045661953
2.183289390446841
2.1288514406527645
2.149174630122677
2.377873133664427
2.5894136379961736
2.4677992611732336
2.5058853716411407
2.263291302248001
2.432816197932028
2.4207349896921597
2.2932500736854475
2.2481583438969497
2.5317256251568767
2.5377614346350286
2.523975089489462
2.5100651452833467
2.2256395452848605
2.510177714364004
2.2721486245725826
2.2823166858655837
2.2444745915114535
2.349416088897311
2.1576644388767696
2.295719890243341
2.2238888155695595
2.1102350791950264
2.2624113035230913
2.0475659427354804
2.1977897415653453
2.237530575545863
2.128607638246126
1.9700635696123323
1.911173314028502
1.7784629705519
1.5544723685277497
1.5071611778298621
1.6032732921894315
1.658850594786662
1.6871203523888472
1.5868478872355671
1.4657855774681132
1.6254866448668799
1.4538913669094806
1.4857523466456517
1.4772207841392202
1.4848586189637814
1.419250820709688
1.680392890169552
1.8226990306509037
1.5949323196324372
1.653655681195331
1.6315958798689054
1.5116448789703547
1.7131831994327535
1.5913789987184224
1.3641460373742595
1.2921656956664813
1.2891951266740493
1.1923048796427775
1.4739550403233874
1.238064812216899
1.269503721936569
1.2717474865272216
1.206070142379682
1.183130679820416
1.1777029450962961
1.1031898283480397
1.1067868923746706
1.1129404506481306
1.081798194998096
1.0748699021522874
1.1166702709393383
1.0634237282772445
1.0459007168042342
1.0260468753303784
1.0311378387687742
1.0202136747647306
1.0136741498978763
1.0333189635206235
1.0595154014720118
1.036074628187137
0.9967388010163731
1.0572934026137715
1.030539017761323
1.0379958694210696
1.1237433799997765
1.1896307834740962
1.2710787652188003
1.4109675160754187
1.5142821235870931
1.4705834166710825
1.3613815473650241
1.5058211318745702
1.656307793608214
1.8428254362538836
1.834474451508351
1.8901135535859819
2.1528176093270908
2.2191920417065525
2.1308178778944087
2.3476845251644534
2.3914443082612618
2.210590223305721
2.093664345030817
1.9591700107041
1.9524369611692256
2.100407976475641
2.158008926155585
2.122724003807877
1.9621880032601908
2.1205080489200094
2.116232741806874
2.3457375543746926
1.9885663366639705
2.1313937571712125
2.188777926780764
2.4338029140431465
2.495145955821573
2.517724560610115
2.276346798931321
2.1114898344930255
2.0275344656818683
2.0161447773339622
2.223729011641212
2.1937859702877427
2.08765856505654
2.105918666038163
1.9846394152772686
1.7737519255115577
1.6998553993339276
1.6556322168839286
1.643498992785919
1.5457189126976012
1.4926307517990527
1.4187011552672937
1.3964885174810764
1.3246295503294028
1.3328575920444126
1.3325386435946054
1.5307690708611883
1.5075420381871687
1.547063951681328
1.8835065903281856
1.6781493505314775
1.5402293535305287
1.3519609479299417
1.3419361327313173
1.3622442618215578
1.2996853259982404
1.2478883644623813
1.213774308517393
1.2286372104916872
1.1985195740155075
1.1747821418489721
1.1045741364058215
1.1962133856861739
1.24985600313734
1.2265508831960874
1.2049912927669217
1.1377433623789377
1.105977526229693
1.1064746830850625
1.0705504725069146
1.0201262539254126
1.0532356748844842
1.0797235655249668
1.0450155664767855
1.0605699096695411
1.0428667598737942
1.0398565076042379
1.0188350080220587
0.9844427656125795
0.990245009646603
1.0210670730913516
0.993873747768106
0.9781502551570534
0.9847370518338786
0.9690364927353318
0.9619290829381744
0.9973808174371671
0.984218604300013
1.0712513453187622
1.1710928787231902
1.3867452838263212
1.6929685988981114
1.8369721220698878
1.9329512336856098
2.0364275322724277
2.2065550179118842
2.28370407729688
2.339413381562862
2.338863963951775
2.3386530473111713
2.374039325849704
2.4760779529938097
2.436673502395246
2.6174532671781483
2.694087742139059
2.4309025400020596
2.249983756940115
2.4977510374833947
2.3997225901275443
2.30401154444941
2.1677480099536024
2.458475916734292
2.5994709724449
2.410748639806354
2.413807616825852
2.5774599566226266
2.58098431498786
2.441737923754641
2.4903653414665534
2.2349364844449267
2.2288575579119394
2.2876508958217037
2.2439193801256874
2.1817539838558258
2.175896441249193
2.2351036042706705
2.2106480707109326
2.0426253739559157
2.0616690343201003
2.0821319248179244
2.1255323161668365
2.0415552409244735
1.9816210559382657
1.7855113368790554
1.6512281207422685
1.7848000476790944
1.7364720371746616
1.7846586701786749
1.6837558258123917
1.8398653001678213
1.5323904821337793
1.4051728596130488
1.502022887427028
1.4601342286483094
1.4082318101810907
1.4622510725131617
1.3950046021528413
1.383861539355871
1.4334441650684175
1.3882687813416705
1.4759626715196572
1.5915466974660832
1.4441652491686503
1.3860340155409363
1.278464038985646
1.31422329045837
1.3390793287736487
1.2781098545842058
1.3424010604062222
1.2648783199742661
1.311502763956196
1.188229211996979
1.1786231039500599
1.1492157340873475
1.1123857180031627
1.0681288853509365
1.122293586333614
1.0795964546861776
1.05619911407727
1.0792815108361506
1.086846862266123
1.066871132458493
1.040082651318139
1.0266334628137843
1.004977229723066
1.056536244622292
1.0061369856545996
1.0017933409037598
1.0530597527529526
0.9924747669725801
0.9839427578318739
0.9807771076726529
1.0079388955043238
1.104058133020494
1.2863464602791037
1.4276987750148913
1.7587533241163613
1.7892528925536868
1.9196784891150445
1.8550370351607226
1.7691190620503399
1.9142880802139635
1.847060428653392
1.8964582076654077
2.114953488293133
2.1676489021849434
