56.42043523120401
51.42282139671397
52.89096300191204
53.19285781451299
51.393933974831725
50.57414025823141
48.845838059559355
49.08782702241956
46.67271356102265
48.63403254667128
47.985129887471885
49.29241862899403
47.06495674840585
46.42374081284015
46.78982215731048
46.91907874945605
45.5713073763452
44.78199945378219
44.14251626811074
43.745673066205654
43.19482529006473
43.80125871533323
43.188020875568554
42.289686032414465
42.444319186551866
42.636071493358486
42.06262260132712
41.769290964896754
40.85390391315991
40.88106704629604
39.86841839398039
40.029807368569664
39.353267303660914
38.49419414574663
38.47321217284684
37.77012993184462
37.09902847475723
36.38703889848398
35.56102648180604
35.090498544064985
34.69775268747685
35.230794348296286
34.324390073569475
34.383681905356525
33.173598573408526
33.31132882998941
33.019346360123336
32.218523379876615
32.01515691533814
31.767219006372443
31.176740550490877
31.264902655245578
31.002400666077165
31.425939892712222
30.677258031686733
30.48752572478793
30.595813950617412
31.356707096859054
32.49828316064736
32.80551426227976
33.3054983588147
34.28229800235454
35.868148396734114
37.4387972688146
38.08552829538007
39.14289793277817
42.17586210414129
42.504381903835565
43.5941905128625
44.46365855334102
45.863115718316294
47.33236106408026
47.76756718102138
47.91307693641511
48.714094896823326
48.869838775565995
49.41828648157616
49.93988511890393
50.297221912425584
51.15612668677568
52.06345562052843
51.416688003628224
50.00658678822447
50.27244468500999
49.86254188370481
49.676151245382925
49.42370681786815
51.737453068226614
52.25813688984135
51.5417713570796
52.847256970415856
51.81212575102609
52.542260543049906
52.387742060752544
50.59105822930928
49.174010298705525
48.365998895967095
50.00049303634273
50.01785116944916
49.59539323139734
49.20618957441661
49.34928478581537
46.76323874222703
47.11571011779256
46.31102445841498
45.71118689408263
45.53420990032237
45.7101559994594
44.9929807097576
45.78825309331182
45.65180341857126
45.68381943196982
44.561782388609345
43.38033484281982
43.76005288934971
43.35124851126511
44.05272809383382
44.157042815531895
44.65055753473075
44.670411795762675
43.70136206882012
42.62392664838262
41.64185131082513
40.84253147381287
40.474931458689525
40.019516022239486
39.25216817789624
38.61591393170147
38.35574539326808
37.461734377973016
36.34160744030305
36.71959471449111
36.96272334370906
36.681067801582
36.10850711509852
35.418409213830046
35.428933819747954
34.91102252408791
34.312431208362796
33.76721388825649
32.973536793213725
32.616138005357016
32.61286985561651
31.74212563341939
31.405456878833775
31.08999087656025
30.070302883268823
29.982011174193076
30.065595793826787
30.154403637251562
29.827322374880282
29.126054285718055
29.21372959098221
29.882871792814285
30.23536267166287
31.356668221272002
33.09915260418029
33.617602396847815
34.62362266807213
37.15170198025885
38.18566945483917
38.98233731534424
39.972221931874174
42.08738957474793
43.57626800519074
43.767020490350205
45.178700206074154
44.961762996076686
47.73441619813639
52.15955686419329
52.68314274686327
52.996447257592536
52.54900640495225
51.69020913118038
50.56532572130618
50.24469473296904
50.145666271180744
51.88727314538369
53.474150303553415
51.52657621411231
52.3590081893301
52.4159983109123
52.7181887236145
52.526873507663595
52.32537470782472
53.49309482926674
53.276085470802855
53.019679048132275
52.51559058742737
52.75026879810048
51.63237480129192
51.99461006260299
52.37954590729123
52.99598702739672
53.90592103269228
53.587247205435915
51.836441768238274
51.307661820099156
50.0597026450904
48.92042872303273
48.511328129658295
48.278546347273505
48.69022165194178
48.20866313505667
46.32062630117025
47.39481209791461
45.678350058530896
45.72380466855611
45.64573439737387
45.095341139922766
45.86822638561125
45.099455490298396
45.943680175219015
45.63334971375593
45.79186595725582
45.175266905114086
44.2467510057611
43.491120520973936
44.159112432891334
43.85108309577117
42.37137030519307
42.02977796680398
41.83224178439286
40.32301822927161
40.239639154548286
39.50438200048848
39.031779372458004
38.668673581945995
37.83725242841933
37.76029709219051
37.72087725521692
37.294036761795496
37.3173576284662
37.58572855336638
37.12844267895434
36.89976902586045
36.421070822227875
36.89284728681173
36.581845549069385
34.37507678860379
34.67928535123178
34.323803636665275
34.56707879818657
33.345197824432034
33.62410517780745
33.914839344548454
33.13397887407609
31.894329318467044
31.254467915446412
32.003681969009676
31.905642127715282
31.755246543063095
31.258541636716927
31.31658033852227
32.42904012382587
32.72736572957365
32.97959659375738
33.851788929134955
34.0628469799683
34.35178122121795
35.00878432846048
36.01808825305329
36.61676207956589
37.08007703498856
37.654521505961156
38.374848406070896
38.609890945705274
39.04245039448074
40.56915663338839
42.19506250834888
41.780839676131336
40.3168163786097
39.867759974893715
40.07588109823496
41.05873583605353
40.26182804873292
41.34919347275559
40.115684897188885
39.51809563464212
41.600692514762386
39.92597082526072
40.147958009555396
41.366978271066046
41.685914098057765
42.08064070334342
41.54566103016623
41.22043463188538
42.35184183270667
40.94874675890924
41.09658346549713
41.51947726483718
42.5809951587662
42.014077712723065
41.54858381669919
40.773627828774806
39.78375926764397
40.73715398979789
40.542208357856794
40.21555261163576
40.822747183356796
40.847871884328015
41.31994096224321
41.376274836996345
40.83292406850637
40.31892635723898
41.748900164284805
43.10991872259024
42.38249366722334
42.134046282909594
40.99573123653636
40.508191682626375
39.1618738047805
39.557415277434075
41.04833445059171
39.686040602068715
39.511651663354314
39.39526308188738
39.43349244717206
38.35395646855386
37.30674994150854
37.45359677950228
37.7561769841293
37.36973393993276
36.4066552090876
37.95685036584109
37.18714826317978
36.29583704696597
35.713157530248964
35.41910702303994
35.11719537864872
35.65895617280603
34.46840141961525
34.165530815300826
33.88767753860452
33.63997327926597
32.9676597755099
32.74167765079005
32.290240890075665
32.73653601410456
32.65562265383346
31.60079307559147
31.251760840946872
31.542293556964978
30.19141458104923
30.182342111084154
30.470207071799223
30.086173357806047
30.608081313677985
30.08236012572138
30.20869904423739
30.139810673538022
30.08233435784109
29.87560874261635
30.848318346753786
31.997855329444974
32.096894903042994
32.89070925165288
32.9730556705008
32.346357817174066
32.89782008194629
34.549813801604614
35.088943307134514
35.210533828469806
35.048936524839064
36.436630699539364
37.628914444883094
37.94671159717859
36.74305116618916
37.65852244657776
37.387938545718725
38.46008139621904
38.93357841101374
38.38720314449324
39.38214094410796
40.51282286900812
40.858293915258855
40.17886838748359
38.42103191978572
38.34192316728354
38.85754787646465
39.109033268147186
39.145245536971515
40.20570178294406
40.24743477285074
39.2730389010851
39.454598718160014
39.607067044970336
40.08032578252141
40.093702472064024
40.230748901459265
40.99073476542526
40.28980559906927
39.32770352093439
38.86356522624055
40.584077093025485
40.097280181213364
39.32235302367917
40.14778880824565
40.55995009812841
40.498710708145154
41.77359741571763
42.62328083628836
43.187795963095596
41.76030794778285
41.22838264729694
41.891116827659516
40.470282899105996
40.42744671089349
40.20624684682457
40.711499505167694
41.875849943762205
41.3478073606002
40.12561823333954
39.51884782517709
39.59544066908279
39.233979303908654
38.01565278525595
38.080904466857646
36.97342140502974
37.28286843631054
37.28720626166887
37.032313246966396
35.322606663213946
34.73232794410001
35.22708663192611
35.65239185215114
36.13092916244136
36.252532652275704
34.43077469163427
34.6825874157355
34.19598639310129
34.340057972264276
33.450754852013915
32.836563849353524
33.29907295222051
32.40771549600254
32.48250091870136
32.57930527957683
31.438361255900645
31.722877412020807
31.844065912582664
32.49235897554945
35.93940329944962
35.33325069902526
35.248586729826
37.64727853287832
40.157882693254805
42.215971118662765
44.2845859604156
46.95219717248642
48.96223090532453
52.83536254013961
55.15563229803115
54.37189908613664
55.07414881541558
54.23292350553925
56.16616312412543
57.82208677330823
59.55218025600698
59.53938319153144
60.54383476388557
60.183060702749344
60.17684427472659
60.57727268796202
60.89291978914116
61.13464416516581
61.4460059706762
60.493600569334376
59.220059003175265
59.714753565843694
60.24678799158244
60.38469093792514
60.23511900368658
61.186715770571936
61.158307176823655
62.36090687079536
60.880565801838884
61.51564478531213
59.872963013867775
59.51139802270768
59.14199397471725
58.66014857028631
57.12449714654258
56.514734206255525
57.35789738891913
57.6840543742901
56.069815253762044
56.59715898267336
54.61328654671115
55.675940475517336
54.427912190831194
53.86793411773965
53.29419165828904
53.86863671499373
52.877168413140225
51.795600206054814
51.17026004343893
51.8657247482829
51.74319019210202
51.23857746277099
50.62716778696699
49.980020729159605
49.26034018793871
48.11748147107869
47.94889925191137
48.049653433402455
47.50395906188646
47.103062497719066
47.98549605353719
47.670218911234315
46.65156218140419
45.7182168574916
45.55510881582245
45.88914048003835
44.22011329774659
44.19411144593755
43.35817590343447
42.234207378953215
40.75416066604487
40.86172461038473
39.47362465056062
40.3159594378626
40.59998137459161
40.26674565190319
40.78195219540464
42.34160553511424
40.59596791489798
39.047279059771654
38.19215649158855
38.227548028968386
37.911290140520805
37.917934950990684
37.6514667532299
37.036497161768466
36.93167088953601
36.5420136785674
38.53088813259933
38.45811570724072
39.23044340707588
38.17394220975825
38.787270268439215
40.08450083646335
41.01137862441533
42.73527683584052
43.70863514223993
46.4598666198583
47.93896754453772
49.90938964356337
50.73348079681523
51.17454207721448
53.54417803583897
53.022531829618856
53.242867798036514
52.20546713065323
52.21466284731923
52.79119040394835
53.21432202036203
52.4848894821605
52.321414245538335
52.200180575835475
52.32235942978127
52.0940083069288
53.767848505555776
53.204199867540865
52.857133895338166
53.59051828618135
56.15262298650282
56.29265049377136
56.99700868461764
57.56992384563864
57.66340630806417
55.7330481403942
53.47504680116867
52.83065385840359
53.00133333666372
52.319994080119386
52.817017273041984
53.807974304910886
52.75347934781689
52.22749330685201
51.36538206291539
50.826469532617466
50.24789745743942
49.79661849776653
49.139791858173794
48.686059200768796
47.96219242031566
46.356609351125144
45.76915665999695
46.53438893463294
45.96738381853561
45.89402489359986
45.37985638163309
44.51015391516876
44.64714466105647
45.44392912560602
43.98229338053011
44.99093028612856
45.701453732747495
43.85009667242093
43.8326059384126
43.790862487850745
42.80978307157932
42.53321723938416
42.45567725581054
43.697861757644205
42.70359925879984
41.89132502407733
41.61644850135451
41.87461687043219
40.50371822927059
39.76268650524253
38.76932615427904
38.716874874259474
37.96222806050082
37.469524845887236
36.12108388262823
35.56085961993881
36.30118275528366
35.344049686130234
34.60879607524589
35.25494872242507
34.81934683396935
34.07091791698758
33.37885389986013
34.243624337015945
33.32229655504716
33.15493367972704
32.218809954317976
32.36968714141153
31.819674547393106
31.060935871341826
31.47190057755165
32.35748502323895
30.460069166582116
32.41914511270147
33.90654343798451
36.98740420867193
38.51392427318933
40.71970835920092
43.10045054726993
42.80433779941791
43.52788715439374
45.350720028344995
46.604214037475685
48.57649135378324
49.16673628752369
50.66776728872355
51.32975169363658
51.89639946709758
51.28084446582852
51.4488135215156
52.262368701003425
52.935256297797196
51.78880636785698
50.37173800173423
50.00979241838559
51.98646506244768
50.99773594434191
50.27550282452444
50.12752359268484
49.79124737990651
51.96491174227572
51.778856192428975
52.314163475541136
52.017777378672235
53.98509286257513
52.538287511439194
52.83898877596607
51.819029726098734
51.59171692456289
49.88708546865473
51.382792836045155
51.02506296087677
51.380838489228154
51.27803595670457
51.060204218856825
52.25525945997015
52.989792319458275
52.52751208739892
51.35876909012359
50.144160478927006
48.87957672649213
48.430000806324415
48.470578723888366
48.254021789960234
46.835542225996505
46.032289905307834
46.12991670103588
46.58029282595908
46.20415232427672
46.160643950018994
43.88789556089887
43.475377470599824
44.38820443109489
43.000945317153764
42.2476580939624
42.6573015513618
42.41025930682804
42.49284086243529
41.32424613904766
40.44423706881548
40.53130294270636
39.32244748935591
38.609971728198616
38.9195535116844
37.62941043171827
38.392802446784344
37.073440296965146
36.98919996027212
35.68208887597257
35.32785793843436
34.38434684146591
35.069479283819874
34.49950331501259
34.16661855265738
33.793798829717616
34.152388075780436
33.63125805073764
32.86832830111598
32.82204196147359
33.94988141260433
31.955820531994505
31.160748056575585
30.5655535301255
30.827529344622008
30.368628791097763
30.03565277402231
30.98862471611801
32.54787747744513
32.69850436415618
32.519303058213836
33.698682521295495
35.78007255983084
36.70031504353119
38.4282901134045
39.82649371281286
41.890727477165
42.795399699837844
43.9312215485877
47.02175098024304
48.13783765579001
50.22250137759579
50.92100411094384
49.014882179527376
50.49461800328777
50.49143060188794
50.99053385002435
50.51554083948918
51.92129303670367
51.562172337997936
50.77000516377507
48.74668264502543
51.883746949249144
52.87724410731016
53.12988063462262
53.72447124876567
53.77232173565358
54.54297319832881
53.06312143228661
52.53407167596015
51.53876516718856
51.34967405850489
52.07374403852418
52.52816512363097
53.81835129977799
54.612614446507905
53.7989365858798
53.82435136750905
52.28063115996997
51.16560366666931
50.75164850819101
50.08219965026228
49.06447742112027
48.46173634455204
49.05224460968407
48.41581896708931
48.09688115087101
47.41700877083713
46.26444713829619
47.65153595148399
47.29433449308203
43.93584857530209
43.67426920182879
42.9582445187184
45.93890645076954
46.32882141103164
46.401840791873155
43.26981083191254
43.49008458516232
44.55521015005456
44.287781567719094
42.94004493774946
41.69064211888099
41.5474826385871
40.57554715300853
40.461106950640215
41.30841304882506
39.97505772193381
38.785982051171914
38.41001669890625
38.56319395495689
37.21313635409615
36.7299158307394
36.914162891347814
36.637628581771764
36.44498859205396
34.85878755430804
34.56941443571577
36.09119074553996
35.1768023617758
35.427818838977146
35.332491924534224
35.79838365604519
34.25028703494581
33.45700460737385
33.41187542803959
33.4734527570356
32.519058094891534
32.15888938512171
30.798887188631625
30.967287554818313
30.615867468465694
31.423439735534657
31.434511068652682
32.59775588330558
33.207590697181104
34.47910597100508
34.40812578885027
36.73376269617188
37.178911266890736
38.07787569946504
39.69033813903911
43.378174411083364
45.35638718363862
46.1296417129015
46.680783657154734
48.80295503386128
49.74501744025247
50.23883264565984
49.627776354072694
50.5905514551755
50.58116475278473
51.29788294341097
53.562752523874906
54.07463224810181
53.137990505800644
51.806284369651394
51.39847053801623
52.80989246843774
52.339865341280756
50.838738210630254
52.11685925478764
49.38632478336149
49.8772163775991
49.22835491007913
50.04487262446355
50.75515004868953
50.322879848587036
49.78277275937285
49.613184483070654
50.99918306511893
52.78291200602507
50.60370253386759
49.80176420532848
49.21605406438107
48.4278786325965
47.8596905274876
46.213573069114545
46.388265131216144
47.24569617104635
45.47931343834489
44.75801378796609
44.703023951104115
43.46149123599548
43.5395194187347
43.983897317071296
44.73976284574144
43.9199072348174
42.510736757570385
41.73400335008819
42.37685789131638
42.29845350555229
42.10375177618744
40.44945568713456
40.09864887315848
41.080867150259564
39.65585882114624
38.933469970133956
39.92558312443748
39.187379160616956
39.2664371197734
38.08689652704402
38.20138506504031
37.88443570908407
37.205405381800574
36.088048403322546
35.9567355526533
36.303986142543636
34.97379169250962
34.87484737102818
34.632226412840964
34.53107343723423
33.914144768468304
34.07295021101186
33.99930464036197
34.159273541228
33.28865907302793
33.469396612028504
33.236999056769946
32.504411134991415
32.016001648226165
31.425752678266235
30.51854354182592
30.76657531376827
30.87039686900812
30.930629028171325
30.78281066631962
30.52770532331533
29.90561826938506
29.139182781898853
30.030977454847744
29.942920845664048
29.73840440000754
29.93233910555
29.325320310794723
29.977947061697478
30.60223657786264
30.855726468418197
31.975709424688375
32.666426691024526
32.654938853973135
33.49849404381371
33.51819593927439
33.557296382779896
33.388103114082014
34.13286537094882
35.490285323916396
35.25681793462229
34.971335404865385
35.462958924642635
36.9441575191596
36.79601078586279
36.143700804326954
37.319657859155086
38.35031679358622
38.08137104570051
37.841682801513116
36.71499039162359
39.0342351674758
39.254216912069296
39.14361379072807
40.79930763135576
38.873267637053004
38.274911638009826
37.43562799630013
36.72253317835725
38.46679074373128
38.113510049070555
37.02278615448722
36.81456123375028
38.58099883755904
38.33643841765843
38.081815280673936
37.681456857312696
37.82877794696901
38.62266315039028
38.29727342334513
38.08142757131964
38.4586758204905
38.20947519249728
38.73533619116665
37.760476152094725
37.87863718779363
36.57937029626419
35.63278132647201
36.809753885059536
36.80777130133811
37.29417689203342
37.389858194089584
36.558645930152124
37.24880831069163
36.21836745583505
35.85828336826671
34.974831862637075
36.40755549143
35.44825242474917
34.93147595157029
34.60547733179328
34.465181175586395
34.751423041954695
34.3403084138954
34.15176635948478
33.99945179726001
32.96833909603083
33.86875097344091
33.42153334041814
33.39141942513788
32.570248352823
32.404156530939645
31.659477682275337
31.998791170461118
31.361260577820076
30.702071903710475
29.30645660194432
30.03112890460443
29.75435973775552
28.482477840165984
28.737786063522435
30.169573861220442
28.14192763628239
26.853291603033313
26.525140474408886
27.52618902179097
27.42263209613793
26.248066974991843
26.703944363030928
27.683531433933013
27.230289583019157
26.489779527030805
26.62984859039807
26.848226249995605
27.628884709640033
27.621382437364446
27.302854888699017
28.34342151363512
29.299898018266504
29.266385931429568
29.856695100433626
29.508958353825392
29.600808236183184
30.083744583647785
31.196954123283376
32.45631917257515
32.09546630500222
33.04739610764682
33.20276746993477
32.889977440295525
32.86197953174292
33.380350162645755
33.236520143652
34.64051721591534
35.00585497342831
34.7673149710663
36.271860037056285
35.61642137760714
35.56690921986956
37.91073224864044
38.55289135919611
39.400986962352135
39.288679378701545
37.51573976034706
34.92637209419149
35.931625464772424
36.539117571318
35.95234178344276
35.824281925932155
36.634485262365615
36.79773848014247
37.18462831165516
37.87193099050182
38.057770737295414
37.76909160502032
37.12469999677455
37.05258567155079
38.81955893409258
38.585809422974535
37.38717566010712
37.53182547401616
38.52540698892835
38.727396339037796
39.20293213714649
38.03460076690226
37.9200529561017
36.82384461571951
37.01031714642977
37.29720842092797
36.26635548371178
37.541551498595936
36.32997281246185
35.24903263805936
35.56375387210642
38.88013112236763
36.554541143636015
35.9088085129265
36.87238568785506
35.71509039635566
34.298533334352896
34.21197913222704
33.535876542779306
32.96807987851071
33.820196327264966
33.578424472565985
32.59858613337542
32.001413440216766
33.25610512532512
32.251780519621434
32.73241758315976
32.00445913551357
31.744673098330622
30.95923405317626
30.342887700012852
30.59341502276584
30.66958712537439
30.085947155405165
28.306430108787026
28.287028187116675
28.47023408123505
27.85408192044906
27.63149081510801
28.691668984854914
28.591307988862354
28.65288813787879
28.912908166679927
28.11408398488561
28.986265814108947
30.850868093490135
32.378690287775726
33.082889135057485
34.826685742621294
35.76014945027555
38.11595956124438
39.84814176835971
41.20697095353239
42.05025731281876
41.38073071311669
42.47522196099635
43.35938816981616
43.895333653268835
43.65657823866809
44.10599612559599
44.91057313062856
45.058807726437635
45.63023627665439
45.71957744919928
46.74450286724095
47.55431251981781
47.88923304518312
47.668114011154785
47.87588348183044
47.722385546169335
47.531370538851206
48.289835521726445
47.9968086560541
47.32372194643949
49.4709807378797
48.78727632761252
48.053406285721394
49.24739021086657
50.965035166505004
48.96861481393171
49.48766047050549
48.479479844549815
49.27571657703993
48.68045890818121
47.476468856751126
47.216558232062994
46.308763654674976
46.096923405933694
45.593139064322486
44.92050330563461
45.33208774752006
45.45844650146478
44.267970615017475
43.90862875234916
45.57891093545413
45.01609271270331
43.29913151139681
41.99466505098235
43.047025805304884
42.07182461457023
41.67148508222567
41.781694182911224
42.06271728100273
40.92681399402318
40.60232317009081
40.66050012452729
40.58558472433606
39.741204789167796
39.14392543111376
39.54646800265414
39.54270671776794
38.928096250721865
37.90632687713969
37.31018567603337
36.612844464016916
36.23375359312672
35.28497901417336
35.22334213493582
35.54977788379506
34.65883087601992
34.142384066055
33.553686199371214
33.14219523191173
33.30103351318894
33.20143273264125
32.880927765983415
33.03757337741513
32.904343809674174
32.583313689053966
31.844930013574185
31.97295914477445
30.777899611403654
30.07510237798033
29.55424439609078
30.06453693325534
29.383191325747475
29.543713487800233
30.0045819630011
30.283674405518013
31.187259408355317
32.4838227820635
33.764363813707405
35.11082365278412
36.346313033174056
37.38998552447697
39.79805884906409
41.716889282764214
43.146682997474045
44.417033293216036
47.37090492244192
48.53913117496063
49.06595069042692
49.36838612664815
49.42189699844744
51.285073118490345
51.427730418639385
53.49364557154331
53.91819236387664
53.602638828800536
53.66125808999982
54.894970608045696
55.13908885042542
55.472251399628476
54.49468848034712
53.214086341585244
54.1655694283786
54.14065565472083
53.29111159247441
52.75436820731397
53.05165229890417
52.96816620266031
52.516719030921195
52.838770784025655
53.10976252587352
54.22346119802546
53.13288697296207
54.88351305944548
54.7245637879339
53.47947104972923
52.64784422192838
52.375059423647144
51.488161007979215
52.21089092211173
44.19158350591988
56.96004276870008
50.123292554471846
52.04946670903246
51.155899593831464
50.10069462051547
48.53740964593658
48.03337871469648
47.87592255833761
47.26914390062507
46.6132228180702
46.35178985823609
46.358439396743734
46.10433252200119
45.633708061173365
45.14691649776273
44.183942761997514
43.055093079796734
43.65802689550992
43.90129008909412
43.77698494385481
42.78057917702972
43.41399237200585
42.35538504961937
42.35969071190766
42.682024165764915
40.602608830126655
40.87764871205218
41.07398631060596
39.366474143663254
38.670720642758624
38.94968745046663
37.839843227111714
36.75875476868623
36.22896576213884
35.66874854273783
35.600655027835955
36.46020420855484
35.55495993610771
34.59232721415219
34.62400754455143
34.09709942508289
34.12676318687022
34.39413853937458
33.5004490107076
33.439584175282334
32.809938657182556
32.86750855582068
32.823625357110814
32.95147738956257
33.07886574311078
33.18696198393968
33.804890770343036
34.269945815707274
35.017432480186926
38.101287202942785
38.870157214373876
40.06069006152666
41.69023929889681
43.30849174400146
44.81908084389056
45.929472463989214
47.343908082568305
47.99977908821984
50.05952310446082
49.906437135223314
50.64944681654538
51.90304178904785
51.558738391954876
51.719867273625596
52.831671716325445
53.61998267393119
53.18976082124436
54.351586642557095
53.99443045499356
53.351386842684406
54.76878860591842
55.907237558921
54.92806912481683
54.8932279255223
54.85555646784519
53.63742721737299
54.273079893284375
56.47852092124185
57.43753645536026
54.868311256065454
55.29972321423293
56.52024869981892
56.19677792366019
55.77799409591762
55.17925423157749
53.07150683894906
51.769020529774025
51.71159514320493
52.14869675357727
51.385091683588826
49.79595615266294
48.3672266389533
46.33694608126325
46.450229576288166
46.85228416571408
45.169444037660696
45.17889599205478
44.25111018709663
44.15426885895181
43.88759080828345
43.33920654999815
42.514488997675926
41.92066939595611
41.60422624451235
41.65160310960664
41.48479491178978
41.11216983412396
41.65318024785347
41.42665760565592
40.956487911621934
40.35907802655015
40.086343397448445
39.55298735309202
39.722154695101835
38.47768514632389
37.72031810007047
37.03413171105899
36.46298575182345
36.065944842980116
35.40367610454814
35.35808846361283
35.042383658940025
33.6928920633286
32.47022987186665
33.08319165223725
34.06388588479922
32.724061833039514
32.954104011026175
31.393657636164562
34.01204219637657
33.32039164119783
32.82052163800677
30.77838722216984
32.12770945809348
30.473701384126116
31.119841239329162
30.34864121714827
30.605435690224567
30.192530361308172
29.93781301093145
29.995885469249288
30.26722559429163
30.86573556449821
32.15848278982139
30.745482432427252
32.56167306792281
35.236977782279155
36.15096445389486
38.572112165236604
36.67116686677946
40.89139174611387
42.91648519079672
44.702380671315495
46.26404431157812
47.728647436662186
47.824426052667604
48.39380189918438
40.82357908823178
76.52655938941098
49.33032135133567
49.763982106846015
49.66925613796707
47.70027626517481
47.702093590653476
46.39412803131495
46.316992864239865
46.4346854743942
45.8397665755665
45.27020589893209
43.726493402244614
43.26348993669967
44.268650510972066
43.51430863830069
42.71450719338827
42.76770772227496
43.52083814046409
43.27986408476818
42.915899297683154
41.59703958809132
41.74798981094182
41.78899081827012
41.51144398829638
40.832160108349626
40.808081851802626
41.38265852347331
39.789282728415856
38.83694056464083
38.067758217506025
37.045785299474346
37.30900741901678
36.915361085841596
36.37338428166936
35.74356940019538
35.05202575031808
36.086660271066876
35.28777434424455
35.46180054483898
35.174548406700296
35.83028663371101
33.97997677454077
33.57728855121991
31.65863254234455
32.44178638969993
32.79685843448533
32.15730381190883
31.761512735613678
31.515924425120602
31.091612662678017
31.447503124989225
31.49528957221264
32.41432467910727
32.38637610739943
34.27584441261911
33.541296900306406
35.82307549338725
36.34398077997275
37.4058656363984
39.67584547817091
41.18436116298517
43.39986447267643
45.18376761107925
45.06057022318578
46.61534349744829
47.96441027618039
49.89851147568788
48.75887216953083
51.007078284850195
51.13605251643639
52.107921240638916
52.33707277360804
53.21270230233358
52.01827308253746
40.84181809091706
60.87333458079274
51.665250443560126
50.93801734617796
50.06371822020128
50.17019506615043
50.09293473161074
50.644236423477196
52.59124049806701
52.593482241440825
49.63097569954243
49.74925923856313
50.90838191706507
52.472250342195366
50.115267856853734
49.529341310171276
49.117987561219934
49.68702084713118
50.10940173290419
49.12666389261926
48.184121839145746
48.06399118356512
48.459230351591714
46.67741243557498
45.93618166115084
45.431646051640655
45.24187645053598
44.934407511046174
44.19861447368294
43.43415305527742
43.438001953608364
42.25279466151392
42.764367085178264
41.56578905054607
42.041635834883664
43.417408054520365
42.4877786448194
41.61994133618714
41.720044304419616
40.841044647381295
40.65219859042645
40.64344480529053
40.42102755896417
40.64481492823461
39.86442275208401
38.95263454509882
38.37170233827487
39.0779786886028
37.80091876753568
37.499226641581345
37.1599323845669
37.02213564402746
36.13093534890845
34.49625374103334
34.62248900911527
34.28416887580556
33.766070153427336
33.74064887317127
32.78217760465168
32.23173587753922
31.829553553884807
31.35318305138594
31.154223780271877
30.42628427937734
31.103496607144052
31.06510559670346
30.60018269321199
29.91759348290543
29.610712989544936
29.886108236447626
30.064061687726962
29.31135486720609
28.870380018311607
28.482219894682657
29.243149062376233
29.023396253284545
28.72993324817412
28.5287185346383
29.87657471414559
30.81667168617969
32.071084578581804
31.293948867403515
31.32543420901311
33.18038061952416
32.66391887922964
33.710294654467134
34.64041442554367
33.0804973782906
33.316203904080794
34.57147136824983
35.37962108104921
35.55156156766179
35.80589850191336
35.207191387246894
35.79246640767292
35.73614750924867
35.88459330619207
36.20890573384054
36.18134234426884
35.69433280145972
35.458218248896856
35.5155506777611
36.33936377405189
36.693608868507
36.789822939493206
37.04071119359355
36.296350064085345
36.57196888990143
36.830301634737225
37.60115452289506
37.18175598377002
36.70636055188152
38.35118683481596
38.368189910999035
38.1483002203729
37.79397092951422
38.187098024874786
38.94977071717699
37.98335407929085
38.81923553708543
39.38786311611602
38.47944967792773
37.47034096749667
36.10419310842258
36.51680605353317
39.440677924984584
37.200006102313864
37.631552021047355
37.53666300652753
36.935096449142065
37.592678842638634
36.42701169096745
36.210891455060846
37.10904214848506
37.55945086425049
37.73728479556121
37.481531827048684
36.288913856009
37.071215745610175
35.76844667364571
35.611788920838535
35.70845112191387
35.48221664281914
34.50904228855711
34.737676028383476
34.54275621219949
35.04274216954673
33.88175206324513
33.067007361896
33.71552208358435
32.504494554510984
34.36914509174403
33.175279636237974
31.786295361710245
32.04982408170554
31.30773502532361
31.392404007870482
31.273444973512596
30.98555438505241
30.800722227513916
29.242456373628784
29.28562885987617
28.25853177674685
28.306197468890332
27.147225517972856
27.246417525733023
27.25187219623217
26.137076295273346
26.463892034371156
26.095771603205776
27.589685200167196
28.24082964239051
27.725071479902454
26.761978810769165
26.782061665194306
27.368992714565138
27.478538013840762
28.12012351560793
27.920119026970497
29.40758397455602
28.613941548304865
29.309146340049665
29.497750515508642
30.805361168297168
30.58054274166193
31.441320767121397
31.446121980282214
33.025269773409946
34.047306447629126
34.17323360133241
33.98396061895346
32.41637429809862
33.92152549097682
33.53867257506499
33.473596172812904
33.340947706007455
33.40403729732202
34.36057374840789
34.89313083474394
33.457490247740225
33.18910414099423
33.842521561301965
34.03867359968581
33.598059911396376
33.56442589343828
33.64971402601782
34.922943266828725
35.26907950236546
35.37136609634649
35.88411965256864
35.08357990094305
35.50522559168485
36.465043810484985
36.199385376150985
36.71314878268936
35.99496274612807
35.595307307884696
35.76277467833506
35.916869787238056
35.8555809872023
36.209868421908595
36.784963785838045
36.99288353843167
36.99057396591547
36.53528542081631
36.81025460544106
37.091826868829685
39.58262653425891
39.05489269227246
39.80114895974589
39.222191812938945
38.759898048507694
38.43178275871878
37.71894952140701
36.84922389064354
37.923516459471784
36.55236281911698
34.76859531258151
36.1619681768982
34.99984097762717
35.06369956703884
33.87414637942243
33.983494300042594
33.21931099450694
32.34165052626531
32.88127745150223
31.300125817529533
30.750705841630634
30.539337520697245
30.279035911090887
31.052305147552033
31.251133851417308
30.91267261708481
29.79056440583281
29.001474652531215
28.887391696181567
28.78218183938816
28.756126532703775
28.741047759793673
27.347164905262275
26.580144252906166
26.0124162023219
26.213923756414033
26.66430249346172
26.583535317516407
27.005273705666923
27.88394430571907
28.367531339982634
29.35469432324396
30.444400351200102
32.19245527821454
34.897728596056595
36.493300763683465
38.291175089623266
39.164613318822376
42.590653173675946
43.95897118161997
46.459533037795836
48.07992365315022
49.56003087842828
48.342676614349784
48.669629018575506
48.89998282113402
50.128079609550696
50.96209559742533
51.02855011194379
50.74275498757879
51.51710035860219
51.36506591891089
52.25382851933114
52.06644692533905
53.38013821288746
52.196431571998346
51.703259157962066
51.63453032873713
54.14366308944773
53.7964900094039
52.95356402820289
52.81826165603388
53.765999898756036
52.87180074702428
51.18842496052116
51.14185056306849
53.396719598868
52.45075326097253
51.92005692055204
51.04190911597516
50.87725098626447
50.854938778889846
51.11138976123107
49.84267589667638
49.55912971162593
49.513030670119406
49.49476023746274
48.69007613417489
48.12406622988897
47.43339453305521
47.15908408141195
46.38243542175519
45.39818889344201
46.098051052561914
45.60770052436055
45.761876987088726
43.66284918799238
45.01927694103438
43.93936508379056
42.93015565885139
42.82422046202123
42.81307463952112
42.58582590840456
44.35820156072714
43.13770168549058
42.45796054970128
41.108696034472814
40.50905253285123
39.57251094599815
38.974721579564175
38.40607456656062
37.12639822079018
37.32120481390598
36.99200313677625
36.70408998386688
36.82558638719979
34.87578697854133
35.40422074497553
35.0110123194213
34.06870006083068
34.19791043610269
33.597802592054904
31.845530029287374
33.513776587089296
32.21176530268349
32.09129222656429
31.453269377142306
32.337021939704755
31.420207697887008
31.961288358750608
30.543477087270958
30.270008437977594
30.209884626761095
30.256088749189757
30.6363047198638
32.236007445154655
31.490781683780142
32.60176618730861
33.46602015247481
36.966990657586166
36.97669051643675
38.130758145557365
39.60414328567708
41.11016078239754
43.06606536291042
43.579886167670566
44.72018366469342
45.159502998513744
47.92896448780925
48.77464575811155
50.69824850436726
50.24279842167289
51.72493684365645
52.02792912749783
52.67584225750261
53.02790933549613
53.94129504012426
52.970515917605326
51.4996022208843
50.23675659465971
51.06485483938013
50.435166680020075
51.314241630582956
51.79204654683167
51.071314222763704
52.27337490364562
51.29004721637921
51.4866003496154
51.10781068685196
52.4000301728488
51.87233036020575
52.60872750128033
53.103932763213834
52.73907821500529
51.826946709569256
51.48387793876873
51.99697229218191
51.43249507413134
50.93496643264962
50.954050214740846
50.07818086718885
50.81375115781293
49.333132170915405
49.71169023460618
49.052371309581076
47.049316875154545
47.50069110473055
46.71016865027241
45.911456170463
44.91151897143004
43.560844269617974
43.98226127574367
44.15637473328343
43.55777326297016
42.43626338800368
42.4729987532412
43.78590304759473
42.2816473429134
41.2980597257897
41.165861041690505
41.574041337784365
41.08637426262817
41.00720115392164
40.31146174961282
39.36423166965801
38.91561621398296
38.84281910023492
38.45441245915299
37.39950083134977
36.67481592488116
35.968040639404535
37.694836376699186
35.860275193212374
33.990766121165734
33.647508638711315
33.175175027973864
33.484926097569314
32.813214357767265
32.48147026951028
35.52794098868003
33.262610592340025
31.541871965491737
32.16883024583058
33.77528771813877
32.32432741211824
31.96569927077826
31.240430532828668
31.21417497679613
31.325479517266103
31.752409868448126
32.20502193124753
30.887809980505835
32.150114828830965
33.42921757110116
33.58413329906966
36.08210421733361
37.43593628564304
39.56530956831534
40.91803657202581
41.45126455469904
41.51455259118484
44.25992456810104
44.99426920283395
47.3433246878767
48.891026397637006
49.65990949801085
50.39265078621088
49.79208247205679
50.69754088440095
51.43106382153246
52.238052702928144
53.449304203727024
52.96725296915497
53.12155411396225
52.36778514077287
53.458626443038156
53.658710890441625
53.369774400293636
53.61786976191206
53.40538938555801
53.792995785443054
53.947912104716124
53.34747677593191
52.78023512395839
54.997649016269406
55.60546612165422
52.696882575370864
53.54515124455884
55.0071254640045
55.56724854197273
54.33630202084146
53.40305853596374
52.93869804266387
53.00662918757098
50.5312082259818
50.84889150943445
51.48796874981531
50.66611088371769
49.05896415792472
48.03806097778693
47.50338830818691
47.03705498898307
47.04501795357805
46.93098632927081
45.6839578316808
45.54258157446475
44.786627472501664
43.59167463530616
43.22053972493927
43.277649896181174
43.81471451595371
45.30616624679101
45.13764879418136
43.22395200405731
42.74385013302344
43.4813930051007
42.56732349372419
42.4366091673096
41.898603199879744
42.08662579006227
40.597189987605816
39.346450012918694
39.26799867302407
39.31611683754659
37.91749351622957
37.77715411347617
37.0092066216298
37.71459227472337
35.91123704068673
35.806922502848465
36.56221556023729
35.82317111411817
35.49957537893556
34.49811352783627
34.434971080683454
35.92185368371429
34.44452942700059
32.9792435988461
33.099499223296334
33.58355275388385
33.460931981582235
32.66855545852627
32.666593997858854
32.44799200935631
31.87923463932907
31.912549347606955
32.10771572918793
32.11518965618643
31.424105317134035
33.90895081479016
33.68583246327967
35.04215738136668
36.77805934787284
37.38417125663841
37.917604762629935
40.46167408122892
40.78071915721898
42.62471353334104
41.825915407724096
43.52669085029311
44.881074267354506
45.321134850065164
46.10810369536489
47.24931605498159
47.79848564324243
48.4441614039099
47.83169227600138
47.83273990092357
49.232743050376484
48.28703819014481
46.998133211219965
48.77572662216221
47.89694921495948
47.42104364725242
49.52574033600331
49.886518666918846
49.76040516259013
48.47201696194088
49.99470842172718
49.90718608591533
50.22493598584174
51.559283088133725
49.80437874490735
50.55290065898657
47.68955623444458
48.44862312336795
48.31721260944255
47.86167369702298
47.147098873235564
47.10390460381427
46.573374399372824
47.0239255980573
46.78389175956181
46.6859872977293
46.04592877012874
45.85312500915347
45.166920539576495
45.17396565527338
44.80263993813878
44.57798120948678
43.156136805060214
43.870486320069176
42.92074442024523
42.83131414414356
41.964643108933615
43.03927218677245
42.5789057070524
41.48773366222031
42.75237002850963
42.93714486840804
41.6061909019204
42.58369801165941
40.62132679941783
40.14673883485875
39.80958504626301
39.716494119792515
39.139280899077676
38.42165551269068
37.68678481104553
37.85031455878857
36.78171312638938
36.78755831565218
34.880506524711336
34.70326809725066
34.69341515642054
34.40227556656737
33.136208470477186
33.25728317284893
33.445216058575625
33.164009394656205
33.011450444590764
33.163147790561425
32.37521426162198
32.414261088251806
31.822893420603123
31.687494565553834
30.56030617668125
30.69214057537465
31.304006894759368
31.572264502289727
30.879153208773232
30.742843702792015
31.937852172661906
32.69962960999237
33.3050109863741
33.3519778076934
33.411606826698744
35.08813154152426
36.28342984264418
38.07080148606565
38.36295003385885
39.511232267337846
41.3538320398834
42.04734324665105
44.1387944415776
45.22625749859276
46.716028687959124
47.677772050720705
47.29919617947189
48.05844148003189
48.121225095912905
49.37522519643335
48.77610004721441
49.9023293601731
49.18810551836691
49.24272299717745
47.73504504555672
48.151764894128746
48.76167628295889
49.90530145071534
48.50502650396152
47.278337383303096
48.694648294977924
49.30353583272813
48.5100187648502
47.80967459241765
46.681752948316216
48.11128400870348
47.56329440993363
47.933909226328296
47.210884379611116
48.45031125627975
47.22877109873821
46.90656058635159
46.38567758218778
44.937420090315754
11.989685589882356
30.138821514263554
172.92267063642203
52.51526093419989
60.32501958168041
41.18952514474154
40.41108079164201
40.052057398016814
38.761273826418346
38.722112604235235
38.94128538606685
38.838283597734744
38.60883796692542
38.487945180680526
38.55146987781018
38.382596305999414
38.733172148365156
39.127007839558246
38.53662564041156
37.303407138423836
37.48665210573108
36.04218497191437
35.961335030784085
36.49445805152686
34.801934216019845
34.70227361608522
34.889279445304055
33.85383230675825
34.333629943245455
33.55706228750887
34.33050224018075
32.953754804427035
31.88795633437917
31.467306056358893
30.934903978628427
31.344657714239474
29.863289580941682
30.045922654991728
29.928863570266458
31.129088258322327
31.47475067002142
28.676173047405655
28.315951891162285
28.738928132984938
28.873529784737684
28.336311004415847
27.7265002071897
27.053368138127553
28.108620189061185
27.065300995933512
27.147516319167153
26.857238885836068
27.74465219325657
27.072196736214664
27.320786678881177
28.344314726392213
28.62424073504917
28.54262400466564
29.71595312793977
30.47254587953421
31.700674997274973
30.95837929635786
32.014895238512054
33.05053136693073
33.68308922926553
34.388917544878495
35.21493795512447
35.33393567859366
35.73676205739321
35.32084837629918
35.3205343530351
35.815263383940874
36.406031143056566
35.8372969396612
35.60780389001684
35.67494032583477
36.26334582520735
36.439484487353184
36.55312994852534
36.23216409473525
36.96438997375094
35.80360711527055
35.85946821485618
37.2216117802991
37.69144479062743
37.53597465528799
36.78165229570004
37.34923325804402
37.73475101981944
37.022618040295356
36.34658413618399
37.2052773247533
36.95849802464045
36.143115895580195
35.41973085522591
35.103627084335585
36.19993386205738
35.8469692378867
35.71919137411942
35.40982573936844
35.304834733767166
35.15382666230016
35.71051139501583
35.739254066376134
34.917828325713344
34.93778851830211
35.07098595334037
35.35619477446426
35.36967854248678
34.88682847993664
34.334792240239494
34.8344198482846
35.22177756362885
34.37418906002608
34.537181626044
34.33951180801682
34.67675199799214
33.64895819737967
34.17988466979193
34.83803161344372
34.509042309322695
33.23808062956846
33.020463732445705
32.099142590646125
31.380740134230564
30.953852214080825
31.17575888040551
30.451695269669244
30.24422970387377
29.626673517795552
29.569694831831384
30.065550148040757
30.040540696201788
28.665884816928155
28.481160265461767
29.179708967057195
29.58413038853655
28.524141475577835
27.074523567295955
26.760325631646083
26.73931384144953
26.757340899642486
26.644454163521914
27.03522794322771
26.70419662584868
26.268434438002032
26.96167462886956
26.19174094055097
27.00313195592844
26.970801851022088
26.016604575180736
27.26965171789425
27.482291758870588
27.29634447953049
26.961929304302203
27.527580098699445
28.59133039541871
28.59717425917688
29.70813870674067
30.065779387369957
31.510021610264175
30.034024974052272
30.419064146485425
32.39502770305853
34.77313083692479
33.77439853261171
33.474113825032646
33.81082182544401
34.98731562234366
33.70080765328896
32.75456229822976
33.25727287790096
34.61299133334046
34.56837700294864
33.404370590542385
33.87731781263187
34.44240911950851
34.35439225876735
33.30310942430424
33.7298525237652
33.9184196874769
33.789303813334755
33.42242392700109
33.70511672937823
33.17295546959781
34.20774183956519
33.79994351383834
33.40396553949677
33.349580576570816
33.80062257005466
34.15312958971913
34.93288370131313
34.36287641179115
33.53081728387224
34.41585578458853
34.77883404871318
35.08496686014723
34.75145977928423
33.08207866944281
34.17382249128195
35.209664677383216
35.00960796087611
34.794091439857084
35.93812741248098
36.25022902922228
35.632663013649335
35.02929024040259
36.65111339168061
36.41192526752343
34.529742906019464
34.04840412061992
34.23080999659942
34.02308282568856
34.676579525784746
33.0660243525308
33.28926721304424
33.19679177715625
31.94454366671971
30.938504214615705
30.262442622786693
30.327075241504872
29.916201393790516
30.23804709575529
28.950107997809937
28.671137210553297
28.186911409352888
28.134990865698228
27.949590987198007
27.555217581187094
26.69742084030713
26.80969241964044
27.226018485166378
27.684991263034135
26.779041266409195
26.826678133558516
26.645488810094776
26.315610575544724
25.542256856620725
25.49831280635408
26.696873825384728
27.23015819190391
26.932196434574507
27.0154387574878
27.56760712362052
28.989015522441605
30.321097631891917
31.491475040218802
33.59976668920581
35.719081283025844
37.20646168654821
38.601877075083394
38.99420380235392
41.661719793730754
43.824393426566985
43.87400605527364
45.334256877793905
47.3161738818435
48.01540997085908
48.12462494499505
49.35119743746668
50.436078503151066
49.69060063670054
49.473963764430664
49.13331100064124
50.26635952126253
51.12616861447282
52.050724984884255
51.40262031395105
50.82286764461492
49.34800299780841
49.85001335047127
50.78118412754793
51.687526656247655
49.70438820974459
49.1599868696735
49.04116829965392
49.90663886669995
49.39639467515917
50.33239475710457
49.7656858545306
49.422330212404404
49.10633116081408
48.368113609956254
47.905091698987235
48.21028115066906
47.64620369554723
47.265951647394104
47.65938250099657
47.46828948982693
46.54506956015052
45.134902660585794
42.63469059593899
45.09983575434285
44.311733916567164
41.911052130288
43.097364202201106
43.77154154230925
44.13436307186225
43.87983735615239
43.57073616078878
42.94109182700811
43.13868664921142
43.071638133809756
44.403027171869326
43.540822726290344
42.05315830834661
39.88833254063434
39.57693368064952
40.099847973211354
39.67736957994907
38.53572328941971
38.47651169264191
38.84609913901181
37.84403613250947
36.89796856863427
35.37564268088977
35.952947070802566
35.25119591428188
34.82502885124427
35.15390785413774
34.79310814071914
32.937205776296196
32.9053805838812
32.18811395542798
32.34229580827264
31.61425989747272
33.179243580105776
31.513334642679865
31.14084600908336
30.857892643117793
30.783693444239134
31.40521952991594
30.85721620913864
30.50592795666148
28.86570527015533
30.163081367176574
30.097694052871475
30.303201360049798
30.98751361487257
31.710081812972476
33.31317147931213
33.54694122964656
34.26235942169569
35.31048773493808
37.460818695160924
38.45459582252397
39.96836358418386
41.04234108391415
42.76830758219148
43.93117600286996
38.90392172580323
44.6274692753243
47.22270857209378
48.11354324653189
49.93847349180737
51.165519034118915
50.23145884342034
50.04214134387985
48.96890334887644
49.57305200430528
49.53967779416689
51.51696720251675
49.69783309762943
50.075385237482806
51.42301678168087
51.06558395482557
51.38429019883006
51.13958089550988
54.312106173606935
54.31847478626992
54.208313295077915
54.3383162062064
55.426163134583476
54.559078079148094
53.26316045366707
50.69608848417829
51.7394378865979
6.169371036355415
29.048478310182645
18.5638480159364
65.91223985633928
48.99576772806813
5.494895321700824
74.55203826197135
47.59903616529709
20.9647015725684
63.7302293910011
45.818538240851694
43.344783546390545
66.13499829292232
42.229382754223934
41.69150859794718
41.50219338300326
41.55128561005904
40.305232535807136
40.98375165335051
40.96452273993805
41.40687181710473
40.37518156859301
40.43429177898338
39.90904310179826
40.283464928951844
41.135639755604416
39.56792872573169
39.78983919944153
40.17452627312423
39.395359497952995
38.559615914792175
37.50113320735636
38.145053243410075
36.48087841757888
37.03500109853894
35.925784884716904
35.87588203655605
34.87784512817757
34.63441167690439
33.7409285805702
33.236948507995066
33.367489320506934
34.04067287848875
32.3779888687468
33.01648798956012
32.6998488904278
32.18148339854008
32.92583722972654
32.74415811641461
31.71057581720038
31.903535901787336
32.35997537305843
32.111556621565796
32.29524482158058
29.43165943692452
32.598139691637016
33.94573047368863
34.60481895292105
35.404297577296575
36.34947816158774
38.17757290783538
39.47429435140157
39.94026543853647
42.31067003144835
44.50423893121092
45.22888990331535
46.15140439629954
47.986610084725726
49.78886890445551
50.39483385093058
50.96378093364547
51.022919888489696
51.14324966172171
51.30045130414601
52.73850145871711
48.16105802195989
51.682734681272905
48.070507802143766
48.28142992540643
51.01840472405752
52.21695555061706
51.240184670546114
51.41541624135243
50.8535991242818
50.08227354883002
50.22358683813309
50.334751678181874
51.26781894688952
50.063444404574284
49.29246362179151
47.74644806719152
49.7029589097865
49.53253065041122
48.11035678946837
48.67862339064186
48.546552427630786
48.18901322161048
47.95348294823066
47.74832191738005
46.31112736866362
46.68442052659066
45.759377662128145
44.91455361997009
44.559725752252916
44.39423786825114
43.464602087143476
43.353735604868234
42.21097424164009
42.64394104686471
42.531778567689344
42.30831444778164
41.11120377809152
42.72538360524322
40.71622015503317
41.09107567799174
41.243147721189644
41.582777038724544
40.784360236373004
40.08941305369126
40.49777674054235
39.36932628168029
40.39852789465385
39.33519068002147
38.89783669107737
38.94818025398422
37.01900199617512
37.379860946497274
37.293618509720545
36.76571121823031
35.852446742095935
34.79017196347081
34.481668792717755
34.51288712141718
33.732639423897126
33.49240257382462
32.71224376071859
32.94953149565663
32.37002433603709
31.856213012028547
30.921735990274556
31.078184929131112
30.900726612383778
30.972606636089495
29.943875794397854
30.53081510150605
30.425350694490817
30.29676406451199
29.70085306706187
30.440560303407437
29.88455430750173
30.519490672031225
31.24599680196434
32.771585146668485
33.76250728291279
34.585285856318706
36.91704561735014
39.211450477884455
38.770467309725746
40.86927064829547
41.476642230961716
43.68828230243389
44.58191740588518
44.12379047382183
45.699682346771624
48.047264034214095
46.70170224657113
47.39534307808549
48.14251982746168
48.99345882181956
49.16980825090036
49.74035703586151
49.924012362245776
49.73154895085372
48.55246345311616
48.525242970019235
47.83595858632202
48.23212079636778
47.804706644886664
48.939779966583274
47.56393810753866
48.543439939318205
48.96699965759808
49.90854576861307
50.96974273698197
50.35613715496311
50.33534737365744
50.529923050666184
50.24461032372051
51.525095998815914
51.06940299386292
49.83393688417436
51.34489843362553
50.019657022272895
48.587383725228165
47.10357314282828
46.05486107322986
46.463189198482496
45.1336114864589
45.080807689453195
45.75636499523398
45.91732045961794
45.93895506285162
45.647552760277904
44.47228972393032
43.840415747648194
43.005245267559076
43.04897532790892
41.93979816173328
42.71002772636575
42.809740168219605
42.76818667329826
43.008075511399966
42.11031329135358
40.15764750714902
39.83141822569223
40.237351754769634
39.967574002716674
41.071741380131925
39.285112593235226
38.731017448755665
38.07035863097394
37.42750853210987
36.875724355034436
35.61310448664358
36.37371828698906
35.64568173721818
34.914412434965925
35.285769224371734
35.26103386286741
34.54195590033237
33.59720953962574
33.98938816080204
34.50824528062617
33.62588037868909
33.23931646376445
32.42474489456481
32.591098374115745
31.974421632869962
31.453184704274463
31.516019374082816
32.4447806907217
32.60320756524084
32.12748742522945
32.07013156335802
32.060881633010695
31.59991403586605
32.27044253884651
33.727210601465
35.007555997704
34.59288921553093
36.06397387592688
37.09757801210367
40.772418996309625
40.4856457992646
42.720356535791325
44.11742608490704
46.13791868116368
46.928630141697795
46.775256282907776
46.788869978091725
48.1916848404378
48.87163878842466
48.1968389694689
48.61995348583309
49.73138775617008
49.9981985759141
49.38790179911575
50.34518499078706
49.7981164200944
49.40402086729728
48.826392947080876
50.068777870954136
50.954575104626656
52.0557101757272
50.908383758075615
50.024896540164036
49.343730288057486
48.67534360239051
48.96180750750705
48.13606311917988
49.336474380837444
49.371375546941636
48.43200078539553
49.339138112989986
47.92897378302837
47.26071398024965
47.40492591087332
47.15871255994398
46.12449756997216
46.43231261361052
45.7949486834284
44.937940755834916
44.004780762643804
44.20795852281344
43.872556751987986
43.07297960507162
42.74612859753233
41.37306184304157
40.538683586837124
41.24949156028674
40.60563789846651
40.809572639893986
40.318385266544965
40.5299302831736
40.60064252355096
39.778797264784316
39.9690102818829
39.945991726244074
40.64404735584321
40.56633372579677
38.511414283604154
38.97063140843011
39.11790415113205
38.26665791899086
38.07304521540186
38.42393977953111
37.97835571889391
36.513091407433194
36.389399093946395
36.406858854698385
37.22766175034121
36.38958487620789
36.27616911892187
36.11570873106348
35.334603521845565
34.09032586331364
32.485853471213886
32.32202153767844
32.03469938648118
31.94305174258102
32.007509606569556
31.83137290130321
31.803216776333556
31.003791991778826
30.092529601751494
29.268521076473917
30.91841343653141
29.509279366795454
29.094869920593737
29.573862270940253
29.07272024398594
28.748568643622093
28.33405302992969
29.09242835923328
30.55163433287271
29.736037956988184
31.02387524378628
30.98052997969546
31.420572087122764
31.056424192268196
30.92071636507103
30.81576464514569
31.92784267255115
31.61049594180463
32.19366906793607
33.02694878602415
34.714028527288065
34.38917486524906
33.92001618313202
33.33767370997384
33.94312547345817
36.79145579395504
35.24534896780369
35.816833626601465
36.39073122178979
35.90138259799778
36.679749118382006
36.48820608362007
37.19768505346565
37.1068233500655
36.29407644294588
36.13493332838789
37.227124756585454
37.7788514329668
36.834880398352425
36.2481679551604
35.21082978581171
36.6763450723156
37.00822295497551
36.16704090226244
39.06561396566167
37.347278384125275
36.3598880128834
36.0326146649852
36.790342796894265
36.39848896584317
36.965531952895276
37.26860646224259
37.03054099021983
36.329025667877204
36.91920339131366
37.51306122852884
37.50524894151954
37.395296178040326
37.249096245962846
37.34794848992533
39.084412653028494
38.256020150569384
37.14408425718466
36.673216764487506
37.850921228602374
36.53015198040225
37.08145828476836
36.39833512591963
37.2382621035772
36.94782733650345
36.287822606747795
34.86213522374487
34.8230072711774
34.67241945127739
35.036583758101756
34.77759671824742
34.19201825485288
33.32683946156726
33.63752462453522
32.94155444836929
32.62892768531265
31.94329046548387
31.49836983069781
31.80377523302718
32.62017718253969
31.345275295404804
31.30249588313461
30.471002068240978
29.957672570115392
29.998613894020764
29.845566066721858
30.30465842497415
29.69643246466012
28.03897199921812
27.41891649401441
27.505386194807443
27.910748252695612
27.261419163801293
27.38321902716052
27.488248154874782
27.04734073992404
26.77664907313033
26.027200091062696
25.9274063121959
29.733939232067087
27.50410265366304
27.467094302804526
27.241000674472843
27.817353514081105
28.76907935567033
27.592164184844933
29.09712687723436
29.798655115399924
30.54938022176293
30.494427085065354
31.19766233476571
32.308769599191464
34.7827545304483
33.820668133266054
33.272066950415365
33.70819519272777
33.27575225441319
32.84428780185999
33.93079229652267
34.47757539197619
34.663293576151545
33.84685088639117
34.41804514137925
35.10193321561201
35.71370956541182
35.76952036989178
34.76826164224963
37.83738051851492
38.11934550953242
36.76498249997849
37.80305617893646
37.151509597712675
36.72894327152767
37.08989214784219
37.106587765383665
38.21144697805903
38.25655138894308
37.0393450097838
36.466509333355134
37.013167003510944
36.77240693767635
37.84587280913934
37.80859733871944
37.524071446499875
35.74276522151399
35.66202640340816
36.05096982613384
36.86812565647665
36.716172688370534
37.15276785778701
37.36010671775489
36.84450277944211
37.77295099175035
36.89567733705189
36.53124264528151
38.17267387441598
38.06256614099334
37.01101925308308
37.098639139947636
37.81409100157998
36.87979835337683
36.30260440132179
35.159076141144396
35.44969959946707
35.039063973174734
35.044978731007404
34.552721656708854
35.18540233841168
35.59610082289305
35.27296092714687
35.07259176967318
34.76441018963874
33.18433108198474
33.0799900639654
33.19735481423072
33.58119501532042
32.77523380869911
33.02133531937761
31.981313598787438
32.682260559190354
31.94236134108246
32.6670401984361
32.58731200733837
33.36608498869214
31.64249428146354
30.998618992211732
31.063033903389623
31.45953283812878
30.44246080614812
31.071215702999552
31.470150804024343
32.02543443953823
32.488196468771775
32.33080259085
33.60607424601858
34.13348505584554
34.87998848625739
36.40256087337821
36.84750446347516
39.075245209737886
38.66545446779969
40.150727339102104
43.964636943333744
48.008003615261714
46.17659947401353
46.69112171473489
47.1935225365969
46.67262842574905
47.649380462802355
48.66561232684262
49.22552151639184
50.64869189728847
51.03009394049013
51.252491913199265
50.50408855869114
52.196343634706864
51.852621518383785
53.00883249703588
51.36139981837914
52.076587639783156
52.26514256589394
53.091558721269166
55.28574127223328
54.138930635502675
53.7372202174347
53.774837395978466
52.83707530071115
54.8652850287242
54.14769094619851
55.08290911031281
55.88455012605846
53.88616892442133
54.87341313687466
53.7353992547969
53.606405647972906
54.2237992293899
54.92094424459128
53.59345764081763
52.946497102198464
51.09272652730124
49.59411657684018
48.875325279552726
47.308582765797155
47.18030227735471
46.80798684832871
45.621830989324735
45.63723945607876
44.872710922639726
46.846984060076466
44.70564418702361
44.24394393762691
43.793254531361754
43.03455496337597
42.304784054577
42.58939977436444
42.7620278380507
42.25170880664132
41.6632221129214
41.08623723037999
41.33096599282203
41.18881526961809
41.09294835118317
41.70815861891674
41.72437941644944
40.23788979694746
39.608501554009536
39.83622316785045
38.705132109815395
38.09593417696465
37.504126639352535
37.15297567102971
36.73961263236902
36.06907264217307
34.678717747988
34.62974022773096
34.51452714044808
34.12533944555639
34.02624017791186
33.838106423606405
33.82729662987549
33.12005619467038
32.85461051913603
31.937112209232623
33.02022000957572
32.99414046301263
32.07349449572507
31.29360077833212
31.404069137440047
30.936760272245238
32.63118446397391
33.97557761631606
34.75743834210971
35.11451132307707
36.475452949621285
38.315743171949634
39.58356024859904
41.72204864794526
44.43066640884763
45.83970762280114
49.053964506581906
49.96077250566009
49.202968982891434
50.774315562504626
51.796770979682606
52.371590656926855
52.74641475084036
54.18684307930948
54.75067709805285
56.145267079480845
54.53955900139772
55.22280189647063
56.22447061963476
55.70966267751146
55.004129969447604
55.53747942355949
57.4543801149548
55.8977788489392
55.81049842316361
55.984677910989376
57.84103716493564
57.69364358703774
56.7451653815599
56.19733906938745
53.93621806318424
55.441019417838106
55.46139688488711
55.50930090810698
55.453216789140015
54.56863431553393
53.25902541513642
55.488975292084206
54.67753686415449
53.1432365263928
53.58061178593448
51.30075952933703
50.83703582788144
51.19578844084231
50.388513829509066
47.90630697657616
48.36051629477106
47.872896381193414
50.215497469325555
48.42115805632898
48.74335669395373
49.45112080429499
48.34116324572756
48.55829314867947
49.191051656155196
47.57318323461959
46.70831002922091
45.77374055021505
46.31569499843613
44.08845718721659
44.312191471394044
44.53813435698066
42.853687588386265
43.06173347624531
42.661872345492725
42.645902836613914
42.21226076602102
42.55057486137139
41.05281718405604
39.77268659301035
40.83379462470634
39.33994964458998
38.25881713440867
38.076564659266296
37.484332851884346
36.09464069252567
36.17017233119236
35.83862426279347
34.917628961665514
34.96726853112
35.989861689088684
34.00271286233033
33.69679359273141
33.36828893751863
32.95642449482398
31.871598380728756
32.69649358636843
33.3187232658463
32.70563850793269
32.43659537644862
33.18185013674042
32.28909374255204
32.96040707424777
34.697423012941044
35.65280859484392
36.097911423503774
37.5777566884567
40.891729728459495
39.75387483910163
41.87417805966538
44.2033124357888
44.376951371281166
46.568540355561936
48.604486674536474
49.45650181524729
50.69600068172463
50.54235626605009
52.9765438775396
53.36452074970339
54.79379702956021
54.44283892200451
55.72979253821518
55.54196825490476
54.887911703515556
55.23556673601638
55.16969949567738
55.50800167794546
55.48375167829886
55.94574069536179
56.86139530189848
55.12657681559904
53.9772211471859
55.61411923880155
54.23621616281571
53.67397028264622
54.199585382950545
54.924303821736885
54.52311921582577
54.977455811487744
57.292129625314146
58.25253880785249
58.64475462436758
58.3526216929215
60.357132047990035
52.55367720781851
27.584246389121063
88.81519736999576
42.64549732312253
61.08188195251796
46.4111700352712
53.08674485059896
49.543757007337035
46.74966553403942
46.602567391418006
47.75876495210605
49.045460283147804
48.53983544222365
48.15711996107257
47.37593699787885
46.871561655126925
46.97308529545808
46.54552284794545
45.226287429598415
44.84445346522898
45.52569873400762
44.68029676591027
43.10391320345116
44.04501153272463
45.75432019385835
43.83182625849031
43.34906514616205
41.853615784338444
42.899370402424665
42.52608188550357
40.65055272513109
40.30669387239277
38.42045216679037
37.713498180203715
37.16805791142019
36.962360480524694
37.40422976438208
34.663743232179286
34.857771640945884
34.815364159364435
33.940439569766795
33.46734149319934
34.11458863501525
33.66635701960524
33.76757658378915
32.630979961071034
32.73572493173447
32.2107561816224
32.82832566359025
32.43849054684733
32.23993776731572
31.669829061971086
32.00208070597614
32.843252829082985
32.50591806716193
33.09922728605784
35.63626265744233
37.683799362708896
37.974231683967446
38.875300194713645
41.7612283325966
42.618659465539395
43.941708409106695
44.77026156215925
46.904340652438805
47.44362008729968
49.41504048394086
51.02864409723111
51.493892278464045
52.91061795134965
51.94451698720013
53.767981491070714
53.95976555839161
52.90476152607016
51.51800065226439
51.068400391718114
52.35913238420312
49.8098624940651
50.21548869054436
50.03134852850735
49.12760695965608
49.87768476143742
52.01047819699261
50.854483808282794
50.15882909446509
50.41461421299118
50.67861082611148
50.58891113198024
49.96106889972134
53.004962624310565
50.95223766500726
50.736840925992055
52.45586552616692
52.19952491042068
52.4005550237905
51.308231622251924
49.15837450646609
48.30518317179735
47.52612359412615
46.48761849057655
46.62366047385933
47.85677957962139
45.874747106657196
45.87607139590841
45.264002471074036
43.90981503336138
41.86824218330139
42.686560699327174
43.10307109866085
43.260843630371255
42.45352154214106
42.066414641639085
40.983925131070464
41.2423671285876
41.09845565833302
40.53240293879321
40.83108460579251
39.84190453537235
40.240470690330994
40.19985732115401
40.11246732159384
40.00152263561904
39.73489394962144
38.86580860177628
38.33161268108756
37.8662799484714
37.575660402274025
36.499475553350294
35.36661145022617
35.277735653697846
34.96557391410306
34.58973330688127
34.87463130006199
34.25179842912212
34.74634861426125
33.25261200748287
33.291315933073065
33.33590097622914
33.5991389762512
34.57895951982732
33.37859130247102
32.59967630714641
31.43267952127644
30.95976079718139
31.093773038063773
30.898574883448873
30.95072258781238
31.033316003218033
31.024717055459632
31.25574096907644
31.526094365077824
32.51701346117852
33.921339681250856
34.803479537823705
36.32866927123564
36.14683879761469
38.65380367184525
40.47427371194249
41.56091238126328
41.94974640329838
42.91805374825981
43.5914536521891
45.01092239669333
46.64313308686292
46.924488215407564
48.097505634943445
47.55852512189358
47.71648462073517
49.82541467208921
50.498248239281565
50.83494396202832
50.06263598931514
50.549204054058464
49.398266954306564
47.67843272005189
50.10417816456584
47.5928083149272
48.52048643198691
48.366432606425406
48.23670672667049
49.18289211534375
49.068433346312986
49.71492659742012
49.09387805290521
48.83130449210148
48.58151694827893
47.910741464610055
47.429363141824524
47.71024655330143
47.75758610204343
47.02811105654928
44.94651365273103
45.1156316300619
45.53667108953823
45.083857146812306
44.7376968100632
43.19437718996846
42.45023562070037
42.39541951587239
41.97101623888966
44.5552341191742
43.02594500839086
43.05402340017622
41.05970819880258
40.7482646779672
40.064100838673994
40.115948098853096
40.06323750221168
40.28914902648853
40.29958601136559
39.22252132302776
39.12083965179977
39.0260072504218
38.21606404021213
37.92178905758942
37.9923200327255
37.7697246128198
37.14887104296895
37.96586933257004
36.747290030898284
36.70242805567659
35.53139941898212
34.65440031270464
35.17894028691512
34.26292440614543
33.51270381053837
33.931442008359
33.37686983210142
32.6869997892361
32.606504237182435
33.194634760398685
31.829396920990803
31.690686030514144
32.9272979279674
31.077104477723196
30.35156732896985
31.750344537197634
29.125242424479666
29.459363117552357
29.47212503878609
30.49742613506328
28.449903294305386
29.081698022751198
30.128308560742198
29.676597127906916
28.31884271738454
28.88606042517381
28.69000780634883
28.97254513186749
28.916563955403717
29.595639030479106
28.902771358056043
29.541409262429852
31.23169237765933
31.518609260237326
30.836636215776707
32.34296171816277
32.77642026432977
32.854617090223655
33.82049749266753
34.45058987188804
34.53194155450751
34.72376439756681
35.672744188417255
35.677437722683635
36.840923296862684
36.183816443730166
34.92539992253842
33.20749632867842
34.409946759334844
34.164468943107295
35.05405288145039
35.42780448266785
38.21388497454177
37.7400815804956
36.77116644512898
37.43823692425167
36.61917174936639
38.02625662292644
36.57472727889103
36.43697637435696
35.775468567151506
35.86193268872785
36.04924632821735
36.8650890349445
38.31467657220696
37.32086956401463
35.75085935613765
36.900016911768944
36.040367110032776
36.715507526932015
36.5307627227246
37.13849056813228
37.61915720932825
37.42311313342816
38.02040424364145
38.35204780823801
36.77455511275025
36.54307275351084
36.336798361483716
36.124632422181094
36.48107255908849
36.977925405242786
37.49086113068415
36.43846388528118
36.42057237876429
36.251951143305405
36.358640180588964
35.79083716743844
36.75812536697936
36.32274941895139
37.14933919281225
37.26172130264422
35.41263383672026
38.059930347965064
41.15741123790508
41.16183058528236
40.94676340236879
34.464428180018785
35.70270164382623
36.277975298652336
34.663367049653516
33.428533244561095
32.80592194663268
32.312177206667
31.14193195739972
31.061315405133882
30.02138766641292
29.87779780348933
29.98302032982906
29.670059972739296
29.40615700997523
29.802137606797714
29.109019269936653
29.8522500832712
28.667358078567077
28.64549953455139
28.039605479864804
28.06152267343623
28.311575919367897
27.400231643495772
27.520212632197627
28.088004771253736
27.658079757253745
28.305134371900067
28.194739709097576
27.765715516094133
27.522089424640967
28.535325829161593
28.70220392287615
28.62946406675428
29.02003730671413
29.563785696899004
29.83593636921978
29.895514562827543
31.420155677962157
32.207313466181404
33.05064196757576
32.460537261279114
32.1748953687877
33.32793920521908
33.321521558963695
33.86068979207039
34.82264190652063
35.20899032015814
34.08443590995171
32.91463820453009
33.293831134873244
34.21580738660782
34.06568430417951
34.273531956045645
34.89891463683239
34.35824445890103
33.17247816205986
33.56158947957124
33.77070145924495
34.345305611216645
34.20167369306273
35.35186160665057
34.12359721495386
34.98029104018701
35.64375496989692
33.8590518411379
34.792178105886705
35.535311602740194
33.888558463607524
34.39465144777364
36.42815928211121
36.848848642467146
36.4903863966274
34.980833501240795
34.93850902597842
35.42094980027787
35.34585603021333
35.071003956321874
35.24028671819701
35.15436344025261
35.45000365483861
34.28170858202884
34.69736757989813
34.91550111426727
34.92136184315291
34.32154673204741
34.946441112301045
35.116814066001325
34.79957256695411
34.37705870422292
34.45988024946996
34.639865361880084
34.14284410123321
34.2271649577749
33.46667562457287
33.34373742186631
32.979964840736784
31.67563270087271
31.565495492218133
30.331921231929982
30.001250553365708
29.97710551884802
29.573659239558538
30.022063639947646
29.114386612516
28.611107787477067
28.32527672578817
28.975419407342315
27.94969084231616
28.4731445203397
27.982905356422407
27.51739200455154
27.169360691630686
27.3376782353414
27.193979666305722
27.37210660221831
26.360469804393915
26.86354230808047
27.251956621014983
27.35103699465367
26.64316344986173
27.522106008233095
28.92718520829021
30.547275845558488
31.047532114907426
31.935796068805757
33.27311525245136
34.65498021304029
36.92018748539658
37.00441392565995
39.22830327190263
41.29046091186183
41.571400827176376
42.70144069478829
44.35930278874662
45.19685555656861
45.828865510533205
45.071008825349736
46.04422983014797
47.654980106681705
48.716758277253575
47.5594033968714
48.348994711883506
54.575686957661674
54.246015014203294
54.22954699104935
53.33222669264251
53.68483205621101
53.197001260852176
52.539069014014785
47.473175880187455
48.225381132989924
49.276997881245734
47.14968695076686
45.89920114574784
47.14791005755933
46.91123869766466
45.537431581935834
47.81419576191183
49.94614190882612
49.08931950407509
47.009575854775676
45.8625862680135
46.97490923828059
47.117358297321516
48.29889205666882
50.595519767531414
51.17454583388985
49.868631858972094
48.93063752303169
51.782623621885705
50.84161436657973
48.37587846655151
49.15441165754373
43.362260734902975
44.17549521898559
43.508719907655404
42.27458544957585
41.60468932339404
41.01245883162824
41.24690424178425
40.21278194401839
40.404555867679164
39.52686126944718
39.082731901378565
38.104780709238184
38.00555196374148
38.05946949488566
38.42884704603375
37.78854942776479
38.44600078152939
37.06882069111498
36.795410535970404
36.63419786133454
36.32183092438345
34.49129237804459
33.73773288274492
34.05034491203946
33.0357281832712
34.31065264287099
33.16452982097235
32.5420264609711
33.31416828584611
33.01853767293528
32.08343636416271
31.76159307125681
31.37486651792983
31.077312221872035
30.734796080829028
29.98846187469303
30.57137567821178
30.611308045571604
29.520873413628806
30.012831357686764
30.74983318641557
30.732560105541552
31.18662838905857
31.662855566347616
32.248723284033304
32.684489498932635
33.39317749145539
34.86058155798878
36.5549661091909
35.98774865497262
37.447263776234195
38.26963738485574
40.473301215561605
40.60754510836432
40.81862609824475
45.38526041857244
43.172944256270284
45.22840211838911
43.42797997574894
47.49300994397208
52.03045396141761
53.94826385676947
54.256818044719694
53.041167042892084
55.26898428371533
56.53893742299124
55.17741569271993
54.718593492501896
53.436316068220094
56.20493164526056
57.06729540191236
52.31852477701182
53.95034708788876
55.51067334170716
58.493100373378184
58.29357596822956
59.80991765447061
58.452696865550706
55.95050710284113
54.68078578128643
55.0093199733833
56.15047731042523
55.551524330888924
54.48657933173149
55.41026554126802
53.27621867314474
48.065047518976144
46.84496070069122
44.75650103970929
45.552610909014675
43.87308878593035
43.58266289015137
43.65352566212823
42.79588173522029
42.92903059945252
42.656319811056846
42.33659286662305
41.64810044961223
40.79701166801351
40.11036018365144
38.994069737103246
41.00402302849034
39.37017551838903
39.6521436602211
40.78864226651103
40.70646628970758
39.48037100225474
38.85983232942294
39.10618321279276
39.2252880498047
39.68490029560871
38.982940719166436
39.73963477570442
39.96969017093352
39.467855727034475
39.676695668592174
39.081772795579354
39.460040215613844
37.949198223802114
36.72352892745107
36.856818242646796
36.02699477276701
34.45450261879705
33.725390012715025
34.30753501227787
33.62760445524464
32.811937900941984
32.30726939854617
32.10495522470478
32.543625895644254
31.487294319942748
31.295345969793516
29.895552792723038
31.248782712622415
30.378775557846666
29.73430226913956
30.674091370713086
30.56381492403466
31.477576410871734
31.058186974848923
32.731663784673174
33.57323050060336
33.26478954238473
33.79096397105809
33.791107320543915
34.949346206643895
37.1615205012929
39.878083146960535
45.345165382547975
47.25755593440954
50.3232017230132
49.36011944918596
51.30483102504013
49.522628113801375
48.59022019079316
45.692021400897374
46.08424680056646
46.47297048393898
49.17937684280878
48.36095059175432
50.05969806792859
50.62599795798269
49.96277386711449
49.84360559839183
49.14891426964368
50.60460262508559
49.49807371871407
48.42737344238367
47.53186125849288
48.54500769020228
49.735975320151056
47.189697776231014
48.295162383871
48.68419399847903
48.08456381511928
47.76417476805932
46.51750536039867
47.544151262940204
38.21293080388796
51.42581290279554
46.39572639062544
45.6112590199657
44.94279378084252
45.20365609413352
43.76488647068277
44.37964095992288
43.38864218170397
43.78264984897851
43.218383371202435
42.45833984178739
42.78302611337335
40.079789103142275
40.93671652348871
40.486335048091405
39.17821428238494
39.335313154356754
37.89159932470125
37.863442692018225
36.69183251117306
37.109293186898185
35.85474117299327
37.44200010683585
36.42901214951257
37.1900832301983
36.63898671051629
37.406054602326776
36.59267672784972
36.0493944782595
36.44968736898613
36.334967615023515
35.82358833586977
36.32780579074483
36.52603082605128
35.50662545193654
35.12424962225509
34.64518178339472
33.574687482103855
33.05396838692445
32.44776028226465
32.05250767515281
32.153474358041876
31.065204575377493
30.57011702659588
30.849796571873185
30.712651679404644
29.951056034720978
28.458226201772277
28.739531017991567
28.698381414247933
28.770993040520352
28.7177939774067
29.119592971105703
29.10227088723809
29.456655136110612
30.245311676979554
29.954966107223072
29.468903109700477
31.545054430101118
31.389655015045264
32.1993954194495
33.58926929487825
35.847102586139954
36.70342546144593
37.50893918760562
38.486356414678994
39.08813365260448
38.556987588908896
40.84778630400933
42.26163910297464
45.133694087877984
45.1546968160842
44.56543085713486
44.74080672637501
47.35810012190586
45.76930421606744
43.869948291403944
46.90154411005551
45.607103489946894
4.113604779341131
45.16970308822988
45.245141525461804
47.42003249195045
46.661077817212345
46.6042967386029
47.26303028379402
46.173687965473846
47.11918078419444
45.79248899850609
47.10098679296948
46.7225077799485
45.865330990747225
45.93024893118081
45.953527036181185
46.873739668576036
46.66084374723118
45.066818095443296
44.37585321953179
43.650707055105386
43.36960617842874
43.22469446308014
42.63424840636799
41.646578696420875
41.48722472986128
40.84590158415244
40.528729103297565
41.16080365024982
40.10140470220608
39.543763764329924
39.58371914265149
39.20113531422794
38.79950331043665
37.26902530598136
37.240092750984104
38.165019097192726
37.79993936312394
37.70553249866089
37.88551453026025
36.83152780401042
37.33235932295361
37.05529048481003
35.91423999023186
35.97728817045777
35.662625508731026
35.372295189734814
35.11207973722753
34.664560326957826
35.61540307631958
34.18402038709314
33.51140965963623
32.41456453088858
32.4487914592155
32.2370092644162
31.944358110398753
31.857745434263734
31.98213872058659
30.883045757613218
30.98480912064656
31.160810933633684
30.163629895436998
29.803152065232098
28.786745359987435
29.354927881355252
29.086604730892077
27.936797634631944
27.94073688174126
27.893128600167984
28.021833592046733
27.8260559753503
28.995329129791344
28.923174622269016
28.27236879988891
28.785094865838573
29.1648709432111
30.190817026679497
31.067140233554255
31.419470162713424
32.85814481856278
33.94016759668466
35.31283186859264
36.1242738583353
37.413567545039314
38.59738119815324
38.63912649463418
37.81878937458737
39.63768046691962
42.42809401038244
43.415828609620576
43.55726837741281
45.61703428717897
46.08223927131621
46.58093677728084
45.00320987427335
44.98312282243796
45.57839528765271
45.212201870566105
44.81872261890021
44.304383419093256
45.76060707815691
42.341127716542815
41.695496804243476
42.35023539719077
42.530226044569645
43.25060480846287
40.88334265647268
41.76509255444034
42.91849879098322
43.71255010570076
43.34390027498398
43.05116482553831
45.522746962773454
46.01182285230152
44.31970178937058
44.65150256170682
44.72300208624006
41.40909666488483
40.89092072242693
42.052449720743425
41.541407017675056
40.79575691218247
39.68819517062525
39.54273454010354
39.479600308798126
38.60777679261196
36.84774744083211
36.79296361836782
36.538808170747416
35.841176785295374
35.94713737294319
35.55942479601504
35.52188231649711
36.00307265368451
35.255493143208014
34.97792976664164
34.444639357631786
33.95268143092471
33.645296007767456
32.95429556501858
33.919518156640606
32.75833697041526
32.703066657055615
32.79260996122525
32.41205604074639
31.429191533202356
31.24883308686117
30.7759920028966
30.598037013160138
29.942033827709793
30.666984588021023
29.082835978633057
29.28855333717388
28.814898844003665
29.732852338867133
29.083793167252452
30.455653400952542
29.32639945220444
28.743140675791892
28.134853436482672
27.81855302470717
27.604244648319764
26.833967311729793
27.271283491020313
26.73142354543006
26.7384511412306
26.84086430586467
26.976631126893835
26.397967310347894
26.66108399199743
26.615675855430254
26.53061185799038
27.7220370558141
27.34358245520457
27.946991848626112
26.94107520260627
27.72800454220055
28.328879222479827
27.491695339847638
28.847651664065097
29.232558899019182
29.28291582183101
29.460215461235293
29.469471703067256
30.28892777277747
31.209992079865515
31.183377590361488
32.842855799507106
32.20725909955138
32.49408840258718
32.98354280155377
33.40462081663304
34.19587377896369
33.93475989003741
33.46433266533654
32.772267290197306
32.57789008317354
33.20437594788359
32.94833761437576
32.10494988999767
32.114273425877855
31.850062235024325
33.06260224402217
34.008919594373765
33.27694306998933
34.34940067287857
33.630581390307725
33.651385676192604
33.53640135814749
33.16080116471926
33.859747082912236
33.58145767569249
33.87011649201122
34.13928605543879
33.32953772722658
33.58657733692803
34.314794546266285
33.9844387850153
33.459929811334405
32.892262217404095
32.97687455074856
33.418921357916474
34.14890704456707
34.24535400548234
33.61087819088584
33.395040099632524
33.168049170247286
33.44421803404816
34.26897502942711
33.86803191504691
34.1927596839987
32.66248528351184
32.933767801532895
32.099196546563235
31.78096190633096
33.331150615393426
32.69759019227922
32.46368097060599
32.16860054439371
31.92772610110569
31.468257837366764
32.08460415753052
32.11475838928163
33.11041010864096
33.75494208682517
31.719781442699855
30.62446307790742
29.214055819335954
29.39856841479741
28.772517143410823
28.65885087939796
28.608246409446792
28.591292296435768
27.819795799339545
27.323134374434403
28.932075196282767
26.879588300099613
26.4934127294498
26.841900836774812
25.348593702281732
24.94780425220665
25.065129093308087
25.5338331129617
25.033513836769316
24.828534624581152
24.783122970811974
25.70267525166537
25.377864826055884
25.553111079739665
25.354599826320054
25.78249968859882
25.238933260691738
24.819545005942928
25.49487334033256
26.11150899003769
26.927663333494138
27.462684972415445
28.196684596937985
27.677497697122362
27.567644149464513
27.741663368324907
28.07599614247215
28.291086586670417
28.56317279369523
28.75037913496567
29.520566518198848
30.5382102286801
31.003938550364637
31.250936709505822
31.9270948877338
31.82549390113013
31.944456453395333
32.21214571921291
32.43003317702119
32.133931412631
32.72312031783281
32.84555924928327
32.29406971852586
32.47145819730258
32.50766556768963
32.195693763750796
32.765077417207294
32.48684522792928
33.553662723713614
33.17963986309974
34.14364706913648
33.96502670941641
34.236337626243085
33.7252862226801
34.15727021391376
34.01235070620487
33.62353776382429
33.578223123701946
33.19988164271717
32.94530138978757
32.65070068549153
33.26200806454381
32.77487478523972
32.75561817766311
32.27239646871726
32.957473438089664
32.4547494296271
32.53279008866957
32.18796254664744
32.741095370405446
32.412040892466166
31.940317622123757
32.6219846069705
32.26395598302611
32.105565084202
32.21188212196262
32.209911747111846
31.69759002477099
32.072738206178656
31.507080041561267
31.291220620651302
30.79573849127837
30.859989302566873
31.026327393341944
30.009262024842428
29.316226477863893
28.677913602461103
28.851190939752087
28.43103985588573
27.35017533679934
26.981133971863983
26.93811514413369
26.36865315065097
26.119196404854847
26.422718900873633
26.385932036362874
26.091718292133464
25.471037275204026
25.739115788406025
25.378916729498314
25.192234554893275
25.057725296683657
24.7978368822869
24.602524744859465
24.0202717433599
24.532781337537926
24.41486546438273
25.612108895077426
26.16834069212996
26.32952234986965
26.45223283270866
28.46089622527029
29.684040065828185
30.46084847839984
32.92088588861975
34.08506356791668
35.59160688222846
36.022776291416676
36.834585670081424
37.76261624117706
38.6644535369021
39.44233703908117
39.701413244502874
40.18489026904217
40.51356371099223
41.15729700381962
42.28536956337393
42.554140497926255
41.22441525859699
41.36888124541315
40.311718761766315
41.68044232578154
40.89249562589612
40.078291267549275
38.91856947516476
40.304310200691816
40.24168481713309
40.88667901525878
40.704756357849874
42.58421151644302
41.994433574894174
40.18391359545376
39.90571605886453
42.62531133591551
43.87274996249198
42.41115457453316
42.283669898435164
42.85494481237197
43.50657739293774
42.47642001641111
41.850150220001524
41.144635465024066
41.27105692917462
40.52022350346783
39.521141091092886
38.848864309806686
37.98177801728593
39.05940048106186
39.07483912136877
39.4124484651968
38.60923222169572
37.49849526015578
38.36127571955035
38.21452460215028
37.535421600920245
36.63536102815942
37.52795785650767
37.46191671704514
37.543892651216765
36.74481677498284
36.290151702449634
35.93232072280898
34.15640328884592
34.352788762193086
34.140575892251036
34.5961253494836
33.44633662113938
33.41974374396568
33.08826745292777
33.35541005783466
31.05648615124869
32.742093680604285
32.44094810232082
32.79534030177251
31.506365617235815
30.325702974273554
30.049464215551097
30.59855764539725
29.53843228477149
30.39738437284359
29.74437280184111
30.32317034299581
29.22318973886354
28.89848078192449
27.989524889475433
27.937991367289897
26.98391099713035
26.936364109948954
27.168785423089048
27.37160627641606
27.128369264226876
26.920257242734806
27.204659057751314
28.15879751483635
28.539189516572605
28.932392195929424
29.863650845612938
31.99522616313061
32.56264156765678
34.268814574094904
35.47653001283243
36.012328739647955
35.34918382330602
39.16993540296835
40.59243940741089
40.731662789064785
41.9396388768746
42.228567642639064
42.845354866621165
43.49652483110867
43.846158464204564
43.64850921199377
28.597980124545074
60.246648114374466
46.51380428240395
45.36837871495027
45.74486599105012
45.297159956193354
43.51963018154311
44.20910123555177
45.15660145507718
45.46799095612096
46.04615555579494
46.04021901401393
47.17909742830443
47.92122360145163
48.52220594919504
46.69640564141787
46.67179433096862
46.59102362718363
46.62791999810315
46.18489805527497
47.3815866008124
44.818316231643166
46.92182006828125
44.76989999451803
44.69581663476856
45.31417057548492
46.17558324475749
45.30987332353175
44.57054242858453
44.76968969810264
44.54195589105484
42.64047023495982
41.444398883277245
41.376075746298966
40.713154676356226
40.51078974915663
40.686512584187994
40.032985240846074
39.56453681094035
39.0572525280852
38.2532105189498
38.11280285950511
38.768308644166154
39.5153512238644
38.479098824870334
38.1423707966303
38.63566588183221
38.1042938103235
37.786123605819284
37.11469450989398
36.879459368673224
35.95556664981086
35.670644748534414
36.02416980272392
35.060423271166655
33.7183583182798
32.755088134432754
33.4892523355129
32.29451440627031
32.20120418140323
31.685864787797982
31.20342430807841
30.752827660084677
31.515522760871136
30.73791950235659
31.463751156284616
30.457325974012747
30.996923136907753
29.250611509823784
27.683517791727127
27.92585155612869
27.15131041567315
27.811267994874015
28.635614033351885
28.603706251689346
28.472324586343348
28.93490605379384
29.30367484640874
29.402221216955013
29.69790766105416
30.16104105071031
31.07521983379843
31.75245366956483
33.32251193339516
32.859656103535826
34.520226226529076
34.771668817287036
36.17709953938629
38.671721756832994
39.660831417392274
41.692016977725416
45.244868565977185
45.931826051337566
45.93373737754973
44.99818741470608
45.80692480042171
44.86965052060805
47.37637369472077
49.2614275106846
49.11378932980347
48.49406442974578
49.4354464602759
49.40597691858375
47.80909203105193
48.666641336778866
48.20752937525913
49.2536317767167
50.18084540916493
51.45629288349255
52.01468169247414
52.398902224132144
49.67182648905373
48.58511908265177
47.675801937730284
47.15618542976085
48.120237790641795
47.91289344149709
47.753188956517306
46.476851289170554
46.760588019757506
45.98500971824342
45.55779066158516
44.69038594336962
44.3814142073054
44.44094895115086
43.353880358128436
42.51060860874259
43.63436122690632
43.55703695040347
44.28896915729638
42.94692337580864
42.18061415046873
42.09820203699201
41.76240679355408
42.166484080946475
41.108276344091564
40.01298861332384
40.40461730191282
40.58265504557812
41.35074343194174
40.47688046673534
41.3327891386225
39.18755127698
40.239618914570656
39.581227392872734
39.14709647397058
37.65095144123757
36.480641781997974
35.40864107317202
36.02663547930706
35.99840332598751
35.12779122584084
34.78104082169364
35.358615255327095
34.65820320276271
33.26078081443984
33.80584826616064
33.515096528544746
32.430501011874185
32.05869500158906
31.856010034752444
32.47760511593606
33.01184936584582
32.01906672773043
31.972057612089202
31.79530668894006
32.33154707811059
31.97549966798556
31.232522778728935
31.21345574327347
32.59158347364587
31.633144359394237
31.936956228075587
31.741430545216645
32.43989562417539
32.887458883612794
32.79437051096579
34.76129336295412
34.23635791933634
36.09950914377214
38.367263091632594
37.81517528698578
40.54797124350944
40.36480937958618
41.91943063471467
43.55476977494709
44.667310583211474
45.155031439082904
46.41430254974398
47.312916989662426
48.06193843438086
49.35074762843146
48.67440274412138
51.535780825060556
52.62691145081635
51.497391916166634
52.12888323742732
49.74094650399957
49.51740704032636
49.42183864748631
48.10285588317197
45.65506232601888
48.3510497401528
50.47464927738474
52.260342664943664
50.858851024858495
48.32131505744178
48.54852530619928
45.474011326790105
8.707456009732368
72.0048651694567
47.946200867475454
47.86518262162872
45.38413381356577
44.33621889851656
44.09947828422219
45.88193660863908
44.5708122891956
44.64696042327182
43.43445835828675
41.39504859677049
41.16731237435033
40.51362498759113
40.036407865134606
39.44971266615198
39.04697563154582
38.30310835948603
37.804580236765105
37.97910116789876
37.505667387979656
37.3220641912942
36.37379724618927
36.91595566372598
36.282738261900704
35.694294955023224
38.18853640475709
36.39011117037694
37.51404479291955
35.62477146257629
35.00327933842027
35.68048881084019
35.622314790262635
35.147709957970164
34.5636642360148
33.50736630332062
33.426368969871874
33.765649935179454
32.851423774918885
32.85131713366991
31.769722232614185
31.099444560652728
31.480122786902484
31.14248859110353
31.43733409233596
32.63815324384609
30.815254199485253
30.176562109153338
30.044198300097605
29.269106015683064
28.543437537276986
27.936549571817523
28.73180003099492
28.423784577640845
27.947710923291197
27.889792805508705
28.188275515218947
28.298786996950184
27.861139955570934
28.961206319507028
29.209109255988096
28.44458342487019
29.028343306237957
28.24213958846144
30.388960605954935
29.70838944377897
29.8421641306536
30.948776094761797
31.78185534378531
32.32988503101433
33.60440927963009
33.71260236597186
34.277749363416206
35.83607309618651
37.120622796463294
38.26288001701323
40.336795063474256
41.86634677330562
42.91516237346764
43.57706843063124
42.91212150963679
43.788581950737125
44.032673127139105
43.01106033773499
43.96880456787585
43.45091576563391
43.38500312507699
42.07551640568613
42.04846191314391
41.247122925955864
41.04286015236244
41.471716171837215
41.78522268052711
42.226826101876895
42.12877992045446
40.60610371971461
41.4008404897146
40.30146858693206
40.89896838260802
40.91543038076588
40.31184475660075
39.2839908580213
39.46322699621055
40.371646685093765
39.93246798438804
41.21223064985179
39.58443927026792
39.882829481856106
39.78859148755896
8.157697205544537
50.644982714375374
52.82208395129442
41.296069804888475
39.6658156239107
40.32483347078846
39.125459989282945
38.349627659101316
37.071215942247136
36.431548382572146
35.97186910782034
36.151731141085975
36.08077227282229
37.06589294386504
35.69431897647155
30.512428864334424
33.48271422443213
35.37374845596719
35.21967478495594
35.395333520779104
34.12031241351701
33.41573684690479
33.25700548325062
33.15076585157908
32.494621677774376
32.14245317493055
32.361495895667076
31.93782085776388
31.538692592936513
31.05209645613104
30.373482737595168
30.397383317912272
29.581532619364225
28.650868625619978
28.969449764716956
29.98576946723142
28.635262510003827
28.31205780160917
28.318979520772928
27.81414525831883
27.27476378471283
27.303474337594025
26.350740386859343
25.94320746936546
26.024728479205123
25.90742559274895
25.890880714196328
26.094950751503347
25.841846982817287
26.78123483555146
26.224610383903837
26.06210799100222
26.89526324004862
26.702846334783317
27.17937072268478
27.873935936965154
27.384119838343167
27.412659595663172
28.23213823288961
27.90117248761203
29.117191607469294
30.901923688572197
31.021724927662717
31.820412490967783
32.216540278086995
32.82986990907466
33.907691689097874
35.323365270824524
35.29642440528596
34.77438098678476
34.905750754402334
35.294930071419685
35.150701778749635
34.58551524136465
35.33771015472166
35.3856955446945
35.1883658414215
34.82060939096664
34.91251813963959
34.67385262545076
35.02701268512783
35.097776966518495
34.130027719842246
33.6300936022858
34.01524741378648
33.29417322281029
33.26077541720315
35.00250296162062
33.59216668139766
34.55240678316272
34.42306439031381
32.79518751234332
33.72650745629335
33.616569848860536
34.86590567361418
34.71511947727822
33.49592554059927
33.14574616609252
33.29438369702825
33.377530046512675
33.47535546918107
33.64288906412048
32.93529821755692
32.70677411882616
33.214608345745546
33.47728400931055
33.16724999883286
33.08581448544305
31.97015125994926
31.748461115528244
31.127978724402965
31.391379224145567
31.921321260649393
32.08761678572796
30.977651037377427
31.741149804302495
31.844131083034426
30.898756292218195
30.767593096769815
30.87743819229172
30.531053183867584
30.209077695649057
29.726092030175323
30.024364984313934
29.3431478617224
29.361534859682934
28.911975090942178
29.078813113085744
28.233094933151733
27.780742394109893
27.20104209118699
27.63484614221761
27.263878093030826
27.603168673583696
26.71349759587224
26.232871657343367
25.850454168676606
25.027622011141148
24.91182137005501
25.36861602271074
24.785488622329012
24.49861700028714
24.854367803708556
24.898264997139222
24.51587776334759
24.787476150165617
24.369419827505453
24.914192294334498
24.80525298948737
25.892091255115247
25.2691187756202
26.538112833821287
27.68336606496348
27.688023342519955
27.949620358391485
26.686015544701377
26.62309830711206
26.814596240239553
26.48738543850459
27.145207847903066
28.156306708490774
29.42188055280394
29.53355261637239
29.764987939091952
31.043693443026314
31.19865390879204
30.71750131495196
30.53276314207187
30.600516717259893
31.31641926287398
31.171854572429766
30.958664654472386
31.564250894262386
31.3038571288364
31.663291821174425
32.043286731245416
32.01903546088147
32.21273144072461
32.30965929855688
32.19553031984901
32.14365702522332
31.584428479934104
31.24932281133033
31.380671763797977
29.97722002815931
30.776494750105257
31.307954767167757
31.871098064210173
31.82493689013836
31.72804674110307
31.14164224828278
31.427620204779032
30.76350908697077
31.067791554526593
31.10129447539407
31.923037450020274
32.06188144603084
31.30689122716535
30.756638591616593
30.538632522365106
31.006586008005343
30.598566965529017
31.256032426360207
31.340552042820264
30.83569665529876
30.975779867358142
30.614922036274947
31.16105819370955
30.770698812255432
30.53836039572161
30.249572957439
30.0855153789621
29.48947862370005
28.79821602416223
29.259366375007403
29.812436355334057
28.378825336910495
28.925791281416423
28.96043452734466
28.656029049102017
28.087583552910473
27.435744812383973
27.091403135582368
26.58039626411278
25.60780407076254
25.8648944323553
25.557980295898687
25.625806194233974
25.29452199720663
24.755787541289806
24.786387612349472
25.238217251102242
24.36151661343615
24.014668568527895
23.9634610042267
24.066538889162302
23.76498324251793
23.978086643828192
24.01225753004485
25.008886036351214
25.242453931308773
25.84127846665251
26.37666424437566
27.423275392580763
28.254857121334
30.38655378916178
32.248074860649695
33.089957026469165
35.42806992402848
38.08897480827159
39.26347963939611
40.03696900678301
41.67926085706108
42.535162054151215
43.49233670060039
45.53924041616051
46.38325128257884
46.4950133252737
46.987167072624516
46.62397550023161
47.42513277833996
14.123563394967846
70.18961494929181
3.179104785014715
241.7586808476408
195.18391479038974
249.44534743649274
31.25891302727564
107.63859362574976
97.29387213109567
99.83479432321428
102.04227100027265
100.39026974798435
100.77922518715945
71.6875791662435
111.80811739235287
49.18191593685265
49.15777632991512
37.45660173083593
20.555400234166655
70.64833440738221
48.26274256728925
48.989617732395345
47.10698005724839
44.9614241416532
44.9361569981138
44.375870444148404
45.262509884542396
44.45098300072709
43.580097230273395
43.34879483244072
42.39365482142625
42.72513630382218
41.47197479150179
41.08876710094114
41.20545020425607
40.60239889100944
40.466915563067914
39.895449817719054
39.8374530110832
39.923417233923374
39.460866701869236
39.18554716815811
36.507300567635866
36.043372489916464
35.81211119697173
34.97201821974272
35.22165443569088
34.49403470076879
34.437612035904976
34.4333421960398
34.37045298900057
33.4929254509907
34.089979832211384
33.07958535104706
32.975468690578964
31.874975307984187
31.85784851495646
31.62032128630767
31.384860500589866
30.398586997821212
30.343584012199244
29.437364437448878
29.98055273258433
29.632431628623408
30.02666925148742
29.809603892010045
29.630560736097323
28.76830559441464
28.827947509472324
29.483145895142798
29.46498416508166
28.52339708962154
28.618653797518164
28.73705762436498
29.031033672922376
29.659809552874776
29.774389844240204
30.6863778548784
31.56058341346261
32.19151319710659
33.53781037266231
34.65877948569073
36.29792644139434
39.01245897964213
42.788358583467016
42.92700685711998
44.34562437567001
45.166254472492255
46.482374533339
46.83865158675735
46.544697619238605
46.87704002757869
47.41945860631654
46.53080417400429
47.20142838221204
47.498268791187
47.533087007685026
47.1719210709191
46.93455130875964
47.030344084621674
46.58115998087328
47.233326813219264
48.725270928719056
49.8163628297018
46.9707223375749
48.288809617630704
48.64343839245316
49.147327753117224
48.1793185172487
48.26952954650733
48.56516614001953
48.6401397628772
46.31912698606175
46.07470940906251
46.32373420337785
46.365093461570495
10.835127899501458
10.635912248908426
3.3202754812434705
29.597889831115936
33.61663343922214
32.97041064694167
34.0251367895778
35.756518604003986
35.457307971283626
37.68965519280118
37.10471550222542
35.82573399210878
36.543570208035135
37.35885769814854
36.715557410206884
36.036720963100606
39.83312402281126
38.66637477451741
38.83457951319474
38.39678756239141
38.9519449026576
42.833621924869476
40.70363684880863
40.367516056135855
41.118615131231536
38.5089226819332
39.98233449706254
42.00277924306465
39.60879786602118
40.443794070506556
41.18896198404855
39.548417237673675
41.74477233900393
39.37373068759371
40.32330729594014
34.85026414220306
36.090948168093746
36.40553178349842
35.019537612186696
35.99227656887592
35.420060386380555
38.065864712563325
35.3626108361002
35.56119211859982
39.127723543633465
37.345864021632906
39.421588417586236
38.12956390707359
40.67316411169804
37.01716303467947
38.41859859629517
35.804478101498944
38.34187591095588
35.67549113319228
37.31997896588405
34.13053878135406
34.90883921221655
32.134713549896105
35.50654975832185
32.857467354129994
34.30817791338154
32.75019955001494
31.515224852276106
30.535821816750058
31.78542356564617
30.247660158788904
31.25714700238177
29.38921997032935
29.563423948244235
29.510018753940358
29.66507061458333
28.71588079454955
31.55867091059713
28.12689464458049
29.427149809479715
28.700175067914415
29.846226329640103
30.525291115424125
30.679641037000238
23.318536668537945
30.348793869389056
24.88393921264901
26.855278527644714
33.39796100616638
32.20336123885886
36.921518034461315
36.98365526447901
39.8208768140471
41.144292121494345
43.029942181536626
43.95680762829625
46.968187384751445
45.2508555153629
47.33029523562277
45.1554560898594
46.507883276255825
47.41571488344334
47.76383809675099
50.99345569628349
48.73455836514836
51.429111550665084
51.11328285687273
49.158432885300044
50.530167278408044
48.1064232357985
51.628903809316625
52.366016525177656
50.65282488893649
51.18813706866058
48.896388210795294
48.32362943957537
50.835565569567734
49.702980866848975
51.85807866230607
49.43962439854863
48.7649413536592
49.56538583768361
49.91574097708667
52.40726115819734
52.60449959686798
54.140668716558594
48.59692050868466
48.576366257682594
47.261332874851405
46.88427308632299
45.19275425961246
45.992148739270306
46.96901770152249
41.896749689950184
43.71319120289604
46.65680010366168
47.35779222799874
43.82950997845842
45.383784967882775
44.699029470952155
44.42105358186268
42.25278634817232
40.52328825233212
40.81743498310266
43.37629956784099
41.69517633818282
40.65428967894945
43.51927558382408
45.73434189898944
47.13637396759668
47.77747018671221
46.232111841711
45.43778673849806
42.95663743168666
39.450521430364915
39.13102417456912
39.72576112370507
36.39118748293254
38.5686059028003
39.92687202813477
38.988017054125294
39.319077192983286
38.036322858960375
37.285357498505164
37.83490598491903
38.56859688546729
38.84230248505628
39.832015049155416
38.98435397424828
37.81761339361174
32.62046960446776
31.08343971643626
30.04470034987935
29.846823012168898
30.4449512078495
30.30323500540453
30.28087447383723
29.813357687763073
30.418103279590923
30.868374399679396
25.522007299696043
26.947629737087254
32.96880138620577
34.007806566680756
36.40684003320371
36.99782523330987
39.09678791317765
42.37791129659081
45.52385041072421
45.40798824783383
44.328186847157895
43.855092016823846
45.29046801146842
46.88095854966241
47.864598867006634
47.57381273125043
49.06299963113861
48.74384386986867
50.500562392301845
50.87085020792756
50.44791312410871
49.37159581618198
48.7165475833815
52.440766914561436
47.94620908127081
48.160396095901206
46.22189631616925
49.444593916393615
53.553054325786206
53.795749029993885
53.49254199097982
50.743787676703505
50.295411729534635
50.07769822604291
49.71814473799873
51.001807606172406
51.057074514743135
51.27114274913151
48.94079697839106
50.27688353916233
50.57591065353654
48.64406937731064
50.03717473365964
48.290583321210306
50.425527870514316
48.07339235411041
47.92118330853782
47.049272608882575
48.57297229214373
49.61192119550151
53.99094857491241
51.164855046443336
48.83113907298002
47.2999017440045
48.614921665078555
48.274836284115736
47.008252327968194
46.18417567947904
47.54803767985322
47.67580640189726
45.35736127215455
44.52789503133022
44.38478115685325
42.936625377902374
41.78604161435919
41.5212457695784
38.913077967534264
35.38206859810157
34.946993239508174
36.33596178581183
33.432142683399434
33.611966837489945
35.01493382647982
34.069528558366756
33.41405176759076
32.96869451437442
32.136564679054345
30.877958696537007
30.101526755474197
31.08850920957866
31.381113097588468
31.325239677696345
31.35156944829714
31.200320327815916
31.373941103047628
31.24373055833894
29.622793789439243
30.030746449587923
28.561042863495004
28.5786006720582
28.612828036529436
28.67209996549127
28.377927367226448
27.501861433926024
27.958835713607186
24.16312491019289
32.091861508445845
32.41143928707834
33.27350959081332
35.84371212717451
36.59565615207521
37.94856635536166
39.17182157676018
41.56131668828766
43.48117315929812
45.37565881037722
45.59903796671074
47.21874548482515
47.60277877044018
48.36254746685063
47.19118800808042
48.84414205682424
49.818153335409534
50.45964642960962
51.1649606712931
52.84189198397212
52.10805423048441
54.113105576192766
51.14102839226348
55.52101970713352
53.88428345080524
52.62219565230089
52.38165005363567
52.58698742875299
53.347818394885735
53.106704424718146
52.82725004433564
51.284245042571456
52.163752901757334
53.391113785526386
51.80226074983989
52.93248531624204
52.433883394879786
50.42830405181144
50.458893655110614
49.840622114322514
49.22705203376563
52.79514815469611
50.10998396362902
50.0089399650908
52.27790261486757
50.51182110908735
49.281526892522606
51.69856532341578
53.26966112763307
51.668959172910036
50.82966108418293
51.28080585182147
47.1855106422222
49.297554669982674
48.66565668216913
45.39737540627698
45.090186681749856
43.52459851351341
43.61265565232338
41.833053548458565
42.0679034186594
42.29947608449288
39.509751003540714
40.084729458833635
41.601909956846384
41.447214269544475
43.19874304658765
42.916041273163046
41.94727968418783
40.3592903960664
41.18392816202072
40.97829768782549
40.75316558630175
41.467246774752994
39.3499279271382
37.70543992362627
36.03338250275624
36.51071812255941
35.3116030930496
34.660694118694664
34.09278722871568
33.78178410373005
34.96179953398587
33.06524019013182
30.154330291057477
33.11474484572159
32.107750248946786
32.819826364005166
32.79037253854335
34.3811583191989
33.25543340659806
32.31178753529207
31.37805047884899
29.907472651028456
28.899287089257314
29.44629365345145
29.926088191243252
32.87163236474635
32.6931871601098
34.19326653201301
35.94878307414592
34.5955223513663
37.083248342737306
38.872944810798344
40.95893952437518
42.915704249375494
44.17371416211222
41.91797294559615
43.353904049102766
44.55624135091239
45.50672666714172
47.74370138650147
45.57382139358515
46.81379162919825
49.24417528596223
49.908191266719314
49.72219208673164
47.632466784967164
47.71815675568814
47.15982406496414
46.00330742669371
45.65526049850973
46.57125680318131
49.752295781285966
49.17919218129646
49.99126863689867
52.413425872594416
51.122788812494036
52.53623384029811
50.25197047979805
50.11003907267468
51.54817393891358
49.60542398976963
50.74669497626019
50.5946565867614
50.39800555475313
48.07804206625951
47.210273141194875
48.165755080968665
48.34068819699837
46.59043744272526
45.04313763399068
43.188162945701606
43.13067266988969
42.85367318937256
40.76566831181185
39.69470371512193
40.016564734128906
39.13794911785499
38.59775695492726
38.63433673525151
38.14642154282342
37.384615739481205
37.456186501703314
37.13454009522525
37.405501186158745
38.638706410953546
38.332433007002464
37.9251229467186
37.0393766331556
36.383081965520205
37.215094030305636
36.86531875289302
36.910114582066626
36.6752806202951
41.46941808598535
40.58300664198214
37.911431783849366
35.94545938160741
32.6304124956057
32.23100008844176
32.112493406492376
31.48130635377629
31.582113635066435
31.625972236785174
30.76803845428185
29.605978758598212
31.557074104611956
29.961725885728356
29.7133292142571
29.252336565392397
28.97839977072408
29.310763087570876
28.379358413740192
28.071431080064485
28.642364462783235
28.302519450623095
28.26327515064736
28.020488378863092
27.97628777884711
28.304119915531146
28.573108126749048
35.62916712845663
37.47932057245089
37.808814126496145
37.504556797261785
40.03844955839213
35.358052926965684
37.72703649319192
40.84719916201948
43.11035457511093
39.99836076682459
40.62823566103475
40.16829843395249
41.94967323021979
43.61596204656257
46.39082993314719
46.51914683399491
47.48536163798167
48.20861938363964
47.56559652701981
49.0351911996504
48.731280383691
48.87879163553703
48.68211674335498
49.225771832230976
47.17228346077832
49.54210750688685
49.44590788598771
49.806065578354264
48.868209568895054
48.242451192987346
49.39625556173564
48.29870360892551
48.7416255945559
49.64716203686817
53.677317304257485
50.406180603203666
50.668882056163966
47.167080647192506
48.9740140638994
48.91336394688301
45.618750765080904
43.887272414234076
43.383406836293034
42.39070812369255
42.270555826031114
45.30631427498929
45.85838432544199
44.427191560388565
42.51310581099301
44.081881746188174
43.96168062707011
43.92026549126763
43.115017748779564
42.73308624378478
44.59164716141527
45.07571527078176
43.94643112316703
43.50472259289995
44.640473872188295
45.4306710551366
43.60007564164516
41.68349904110937
40.60468388685331
39.78258991058465
40.5380401259074
39.36103917010246
39.88032899813152
39.11880207012359
37.65242345634283
35.96791577806994
38.24447424818118
37.44707129432004
37.34029853768834
38.211400472160676
35.30209565290443
35.28358590930861
34.78403457734589
35.890187233681445
35.65618715758865
34.202948935996574
33.40493139581827
35.51761942199937
34.33426634044258
34.19080327265101
33.705202305176726
34.65927757134614
34.74790954215564
34.753325422613216
31.941759556377747
31.689508473646356
33.341171714691086
32.29704697067223
31.308883844654247
30.920278443120424
32.06986247891018
31.509137636104924
29.618369198210758
28.850839703953397
29.57250393722734
29.666099112940856
29.439449617565742
29.67297685514336
30.790076927157088
33.264059131501654
31.171703599663942
34.23835283409585
34.02321297525123
32.45330638767928
32.55472307284617
33.4170398912313
32.751547669581896
32.719744741934846
33.179456737426335
34.919334394095586
34.98329287683305
35.072402697333246
35.4061008692488
35.71103012548497
35.737280936028355
35.68828309507535
34.8909876323919
36.49624255730873
34.75951195708649
39.54675826466314
38.3380927387891
36.61212357461409
35.67853941662679
35.83361806939888
34.85163564580125
38.880260427310986
41.04609874558537
41.54320410543551
37.32197057278108
39.10481348007875
38.40839728328751
38.76262576896215
36.64304608907787
39.10965729635518
40.0348049409979
40.35808393906018
40.53589300682529
39.795061549769116
41.88149821379716
41.05248695112482
39.503028598080846
38.924464145311276
40.627591233504745
40.01888109564152
39.5689392351137
40.027699766631486
39.756479752234554
40.0190535382942
39.336681589630075
39.05476863812578
37.1456144179117
35.8596205699921
37.129595769501975
36.41443106444058
35.70479435747529
36.394846719290854
36.069445287695316
36.076507744892524
35.67722311253101
35.724995941575116
35.186496307524294
36.095199152402074
34.076844055370884
33.59251105545559
32.40110606112262
33.055046841254125
33.54114399491459
32.6818728055423
32.23987760958153
32.26067289441039
31.993280703678693
31.985825778976732
33.54381928952466
33.29787839204096
32.5028593577714
33.23022288449147
33.64913519347738
33.13304012277854
31.689779640860593
31.532300006224318
29.770637697959728
30.21585682164823
31.37725336717949
28.211266222748463
27.02559237665423
28.664483703097176
27.421370063506174
30.36502409635159
28.981249826357725
27.495330094912333
27.520134888193297
30.210088689056647
29.428589529786677
26.955665969017673
28.324369134126528
29.540884861140285
29.854610835156336
32.63629496627914
31.3144942528711
32.09158270976354
34.545248218136976
33.48113010187467
34.60687654821277
36.63183389366304
35.81681062340158
35.736475855160734
35.69839917493459
37.47908014871564
36.89207505775289
36.78320995425656
35.99567664192182
34.94326915641864
34.8546087683917
33.96329563560198
36.40756150371499
34.47413029907716
34.97684780928762
36.439444066471424
35.36395344935909
36.677270030947284
35.263402562066176
32.78704811174475
33.26621570985594
33.696675539873695
33.74582383735674
34.19015512332999
34.016378402388455
35.56230485542278
36.42676141598167
36.03381529178455
35.265788038920846
36.472197759722576
35.09512306422016
33.512320046321065
33.22225719817038
33.71874416477954
33.8168999633931
33.15065342759067
34.283950327513594
33.378232987389765
32.074985883605905
32.82551990158095
35.11063550498443
36.39093849051437
37.36102968303476
38.59665535011163
37.14221516410589
36.76001171758094
36.60586381505732
39.889790559104995
37.752476684866
35.115923509416916
34.146737129951816
37.47773778392707
39.07332604423573
37.86944497455124
39.45360271245568
37.39562816218495
37.59238930651122
37.58512148240902
35.957520728348754
35.93258840534918
37.78292037293022
37.75364913458611
37.863337183981685
36.1242906057646
36.358012472048586
35.49185122840879
34.11606314194728
35.166806666585444
33.35963427789852
32.60016158307212
31.744337081987737
31.52820919119631
30.82010331117317
30.959823237731825
29.608357039198154
30.036487066342943
30.29717604874395
30.236966481251784
31.86291616029598
31.444166732410167
28.97318119948045
31.353415260884503
28.307418026753112
29.415385603690083
31.96983197863665
37.14239537512685
35.98898021558966
34.26600965464695
35.25117514424528
38.93554778610746
43.863132883260505
45.09600102590184
46.03188572608951
47.21061521566685
52.26461732630514
50.39733265977475
50.928905762917566
53.78008035350831
54.312456108044216
55.367263620813446
50.24239810675681
52.92714051005737
53.336725682669794
53.94671121836768
53.315229623003006
53.54716682275853
51.29984901681701
51.080551282434044
51.849090070535794
43.19484729376882
43.6239063428618
48.817267643284595
53.31175580036097
53.71716164477493
51.45001015863204
49.44465894549944
52.66307536401496
50.44026953821026
50.710488786954556
49.485028993533206
48.45798898155499
44.16742084708858
42.76850631238358
43.04008830343946
42.419358945091744
42.05494763130946
41.182141615271576
40.41067752414551
40.84591604729826
40.07404782914409
41.06044928938263
43.07495920489009
41.4477155211805
47.28283272637009
48.16630753921527
49.14975194049248
49.60530769191314
47.975347958484235
47.11128556718563
47.171199841198586
46.40300941369219
45.219560419934396
45.06634492877106
47.14168284336756
45.64619687161121
44.25400665948496
46.55757016860116
44.800923944172155
45.45657335160968
44.63549867858649
41.81206127205314
40.06871358773424
40.89949501438127
41.2842099625077
40.67829677510349
39.6529826909366
36.05363343277554
40.65503253435759
39.697687948973
38.18912696317307
39.57577223775047
38.95239934868391
37.81672585792285
38.78379365517958
37.36483806432102
38.493605150129724
38.49050654978669
38.33933292488268
37.5884202272166
36.44547667063375
34.528725065910066
36.85887172449884
37.53234782166669
36.786027245773994
37.30347973818721
37.67614412471039
36.50369594527319
27.363510270773077
37.15780475709744
36.35601906182842
38.16735342925449
41.33374825032524
41.92256037331822
44.01860495427604
40.84090305931909
43.96582097249802
43.95949329444511
46.67361564915677
45.739851429853616
39.102123570542744
44.89130447264938
49.58742203408724
49.364984657639525
47.00306740137103
49.079977945055816
52.579024277673625
54.48325539344182
54.01076496024598
54.49073242551185
54.71092880966171
54.166957362513585
54.59241387662928
55.36042988840995
54.51848377544593
55.03039059789671
54.64165456693695
55.009951101381375
55.77131775806083
52.26435508100053
51.76975970391163
51.679163172088465
50.349202004112385
54.72789149999585
53.93759171245733
54.24293939296035
53.82770002644952
52.93563012438449
54.49073784549819
53.564844038489355
49.36517715854848
48.192926018722915
50.054969103825215
47.48786029201983
46.858200463138246
47.9058300972888
50.3519751365061
48.653860920391935
47.9110453496146
48.76428907003492
48.385005330892454
48.69330394165854
48.22203084381408
48.23948889529515
45.93775352157809
46.09682966669925
45.48672182392306
44.13301004694654
44.70652813767924
46.45397160198763
43.58826772182351
42.394373485211645
42.33549380693444
42.09174037704042
41.774352329646035
41.46906260146625
42.789023098014695
40.76815842724977
39.900976086983974
40.04341239007158
38.61746279014005
38.15008904596107
38.30837341922495
37.08159282694692
37.006327695037044
36.11260755729745
35.619654808223004
34.585168804671866
35.32734346568566
34.75250736051089
34.181626315204085
35.18651206509389
34.87320497169412
33.86353215991221
33.98269467844875
32.90857342696927
32.827970243815116
29.069296062411695
28.439270512820713
30.73602951387852
31.84811302137018
32.222897273074295
28.506661601512178
26.123050054136684
24.774541987841076
29.41409622058154
31.56237122253924
31.972087793230457
35.12785645686881
36.11840360718509
36.65187545392291
36.79926709448591
39.41915076302621
44.51245013011794
44.727022687570525
45.243602868272774
46.09192171273526
45.69668724490543
45.92784419037639
46.70919732155835
48.21055080357928
48.30776325550528
51.085461004113995
52.75334138427911
49.84756574326366
49.134238776865004
51.70887980115458
51.41015395011004
52.2395994963199
53.412482362342416
54.25589548992866
53.929528459512085
53.64558342208238
54.35004337424198
49.805122602429265
52.724570172806125
51.18238357741802
56.31308863250433
60.435685634893844
61.505125569490474
59.61686817720101
56.925934788081236
56.477956045193196
56.60255054717072
54.85075523313071
52.89287455258659
54.57884163523636
56.041781895664826
54.864828432442664
52.55438441204592
55.40493965756468
51.605839437723716
50.45753646396861
50.339956752357466
53.77678050851091
53.80070637717404
53.77624344060291
51.60027035324083
47.283256273451116
46.91721899278923
44.12711838316227
45.287555558223175
48.248909719393396
46.17525700965621
47.08696004213721
46.50746066652164
47.908733700379116
48.41350918708963
50.81512974562088
48.39461906849988
45.0216959807035
43.580599829651646
43.740144907241756
43.19802404078564
46.473481952058364
44.40725985370909
46.741798320661246
45.97895077499038
45.742562423186655
43.95311087756613
40.88540487221053
40.83991261898723
40.243785563716756
39.71908683066863
38.48763410102174
36.60212524996996
36.67759925113319
37.00501619601255
36.86038283490052
36.93297494685248
35.32342884991431
34.0965685679746
33.28511327512933
32.61531074683785
32.82917910884771
32.77461220526607
34.533666846305096
31.760813831342375
32.20773136853654
30.770150661653588
31.93033687827824
32.90160096302634
34.15376838080624
41.025198976388765
34.228394102764014
33.59446008028249
38.276978217579426
39.52681689515293
43.42394138503232
43.661267273551175
47.90763758425146
49.90363485039052
49.29568203757481
51.13269931326931
50.36373215338085
49.78347696068931
51.70536235456916
50.2886032693325
51.47774917695483
51.631082768628175
50.28392208628111
49.76768876059941
50.84151678546391
50.95818356663085
49.20529456560075
46.391383350249725
48.38057657611603
49.166479163462554
48.884534110694176
52.52596312146511
54.65499200892077
54.90918135494053
53.99862159777672
57.50333752180336
55.16150752430099
58.27471516203036
55.38107891344612
52.796645641902614
48.705969291772135
50.52678099371815
52.18252400700999
53.46950275276936
47.47289846624426
52.497042709970174
53.31310944567326
52.17415653899161
52.12146696551599
50.865974703283655
47.29902668215118
46.07468273862946
46.56909933507768
44.81702235903299
45.36248030201796
46.292522224897084
45.64165097254386
45.18620106780145
44.58277439494236
47.822942471247416
49.115037429915674
43.806586633598045
41.247899036550734
42.0181462359576
42.36907198561903
43.21289461786387
45.97922037298167
43.49176649278934
42.744676220816245
44.673088950123656
46.23447649949253
38.523552889526854
42.87629177069425
44.652145519477244
38.58287883496905
39.44477393809916
36.82328232997088
38.16554148497016
39.238711996452366
37.43253527024808
36.60362905655529
37.74548621044596
37.074234276661855
36.689896571058625
39.379188927207906
42.619670523677996
40.47949005241276
39.34792089759435
39.94912206187223
41.653162207182504
41.31679979689602
38.57879854793168
40.757214052468726
39.95244338262978
39.72614853225309
38.343863179404025
37.84071415778271
38.44585399669472
36.68594356116819
37.38525153485716
39.28365174661917
43.982598410139644
44.78462899377314
45.81243710259878
44.37608535943673
39.67849706061247
44.46286642681548
45.570263337011966
49.19627777887467
45.47520057961992
49.94104926553746
45.98981425254783
48.416040393561616
48.046608777958454
48.63336581039766
51.17400885021743
53.6210484619462
53.672959903539095
56.8041231280049
55.87734445247793
53.46934404733793
51.845190351923065
51.680276438884675
50.541277847556785
53.59459594301188
52.2299293193696
51.80076524539618
47.981774705055386
55.813045133076
52.6874242968629
46.4086439691298
46.233091564515234
45.63913094806776
46.2215396893414
43.878863536672725
44.64292967913434
47.071004987325296
47.85282829395328
51.13863653134399
51.5609635344822
54.81726668650299
49.67322748836477
51.184005663773405
48.90937757655411
49.3028430789318
50.051479455697745
48.756053286805354
46.84387068106162
47.09024468749726
44.698280222501126
43.67255761976071
43.9999309537543
48.64441250691425
48.845391759231234
49.28295880706537
46.52616156076465
48.01459688197497
46.53357327209392
44.19279561952044
47.47669205883176
42.79768047606149
45.71339708447499
41.641392121823856
43.407652408097874
45.894395874764996
47.384175811001796
47.87479093104571
46.6546711284052
44.05795625386622
47.99587841779203
46.89825101564065
45.30144338756281
41.9589560436591
40.717437316119
39.36876421128454
42.45052765389255
39.36320081138774
39.261547745870075
37.88161894498808
35.0349881266186
34.77262250220201
37.736663411944846
38.86918492648692
37.42190458714322
38.5335863460914
37.26819083817236
36.69838013400863
37.43188428626013
37.681846942789434
37.20602142057453
28.365365342895302
35.74398945873395
35.21319681748582
35.33022356292804
36.19858000656495
34.11809267948297
34.28250813124441
37.18708571095431
33.98720103555502
36.9520479795915
38.709937727348006
40.16660048428048
38.39852632500356
38.267635068667914
36.714632274498626
36.758396089237294
37.44792381187631
38.224695882585365
37.5732869099877
37.1584035553351
38.29268607101608
38.379660054869646
35.634894843491566
27.406670646970497
29.46145761123921
31.317612116876035
32.070340912359825
33.75907759900474
32.18774993024567
35.56023677763028
38.10942660061346
37.36121737963663
37.961090396667714
41.65943116966196
37.780567795658726
38.66655916338527
38.95634763008479
39.753915215846064
41.18699107245584
37.21997622085735
37.77652850697052
38.338468215219564
39.74865236858409
40.013719136315785
40.6711814586904
35.958291714611505
35.428967664839774
36.7294293083969
35.89240385557355
37.02173013034667
34.11419695455834
36.10246899162553
43.19122992801931
40.96962748916644
40.932062773576945
41.292364985764834
42.94578294364328
44.998414887440504
46.476141168815275
43.71635797770182
43.38881962727328
42.8178946033554
45.61529651103433
46.0953046249665
45.73597179929743
43.06865125085369
44.28276992894007
45.01653576877493
43.587333318335595
42.43774148536818
45.62894776627991
43.809631618123376
43.58745421578874
45.430382090333296
43.949876737980276
42.959075231097586
40.1229355184621
41.48571526862088
39.92641885961757
39.72042057109729
42.78031696833523
39.74463089280562
30.741284909572187
33.21710412275752
38.363862061399004
38.715167027462485
36.970400994082866
36.127612654373934
34.80987078251155
35.26702486819386
34.17738228089024
34.88378681941822
36.0379501008772
34.3144349390584
34.72999319282371
35.74282050323336
34.52054514341103
36.39404322418568
34.69774228038682
33.785978398145744
38.63462504086692
38.771373456201445
38.50897789629198
40.144693021325565
38.09259215420593
39.31463396444951
36.09524206466381
35.91260577832463
33.711528618528746
34.43438790380583
36.401052384663444
35.69491886114588
32.94479451689199
31.885287382405068
34.35851450393875
36.09741289696808
35.41358615530953
31.374085209747136
29.65567299268332
32.65781348046767
34.30897381220052
36.245840521197806
34.93211647297562
35.95027753765817
37.17742201489659
35.78381677624179
39.02065086564312
35.741903233231824
41.54711690955537
41.43566915384463
42.883560086037505
42.42825155449714
42.299053108993576
40.2854645641487
43.34487919234266
43.59323170944867
42.20751735253384
42.50925920071427
43.31674674472606
43.85101800915572
42.84626732188053
41.30112416337238
43.89773157118452
43.57687264284937
43.11602452800298
41.59476077263753
45.363938112506276
41.68552341173654
41.51746054425348
41.40812558047469
42.2936216817011
44.119599909929775
46.88296780830842
45.196891666606234
42.82340438615711
43.35501522415211
42.161056488364466
40.954849396710415
42.98310219322548
43.0183397556641
43.08329281377473
43.65865422369848
42.879942901776076
41.74581678794698
38.036589730717196
43.947883704981905
43.76308251007231
42.153493359448476
43.84924821674463
42.21327896084358
39.755789760200514
41.681984853523545
41.54248571963808
39.63018395537347
41.13570428879848
38.28521549104448
37.39015258363838
38.73092358428357
38.9044103654079
37.598480983635
33.23508846044251
33.00790339250807
34.622336862933025
33.35086479651022
32.78456552194734
34.27122210744824
34.807514468359614
33.15752582983805
34.30403663105653
32.83941970981755
35.27408677753897
37.15241482142892
36.738369163291054
36.758642821158446
38.41372437418704
36.874844614155336
36.28845328457726
32.87932533568437
32.38267898123331
34.178983100242704
34.9153087043195
32.30106323938844
33.127487197742994
33.870044355481696
39.59858729279017
42.63979052284867
41.30982087765983
35.89962224834994
38.44430845042962
38.45719353827985
45.567887740515744
49.58095840408873
50.34717152236749
50.48837937680378
49.927649532823125
55.74913707747419
53.886606314305254
52.16064178306124
58.011014387513114
58.86181265983032
59.290859881312144
58.040802999929156
59.705296827702114
59.709357030982574
60.39769466581515
61.339941978392744
60.59551092194283
62.16207448327464
61.74283882036161
62.724691947515794
63.02883823971024
64.27533402388008
65.51221922390664
63.020949280586365
65.8702643253589
61.96978580126461
61.420096754281076
61.76846585770227
60.75211633306765
60.435366480135826
55.74378088026174
54.51615309253566
55.53536472892233
58.223164222214564
61.071770476407664
61.8060100360085
60.5273864576352
59.55782464725053
60.525322661292876
58.00110044895905
58.188578640952755
57.01052245499886
56.30538635091102
56.411725633090555
56.18494176790114
54.55081370923722
53.786845657007234
55.11302925056043
55.58644124458101
55.23019251361234
55.36294372266366
53.69075816573854
54.54462132862432
53.60063048711663
52.4903370407103
52.335882360801634
50.63651027307196
50.43916475632318
47.46681253850147
51.684534143747214
50.62164029121823
48.88321322722345
48.912937396455845
51.011358331347765
51.126997865589146
49.27788990019121
47.467188056231635
47.0108346416464
49.464388542541656
45.380291360089814
46.14084078219207
44.17014521427882
44.78874181988749
42.9178854692218
42.78070998130056
43.44405421391457
43.74587000560996
43.001115603602784
40.985536128746844
43.964080386159594
44.105708858327716
45.95211599761251
43.95429798673081
46.24209901420886
42.26626752875791
44.48874854524047
41.85002449856188
42.46089848262977
42.62834341563621
44.837896645015235
48.48057239661216
50.206844646400214
50.553215162050606
49.885799819754766
49.925952484859636
53.890682810880435
50.14804029070001
49.517367864482594
49.896568997244
50.282081651593444
49.95442084764272
47.60967111364357
48.60421957820904
46.146894237112065
45.46040772599372
42.67150775242317
43.4416009205886
45.4328757447438
43.7186242548471
42.518513952899866
44.550883138613926
47.99238136062331
45.77820976004227
44.65617988711574
46.478541455604045
46.61406767049402
46.08031658310347
47.013146984190826
49.706204533486016
49.367555749412986
51.02286940104932
49.330889493386394
49.76162756569147
51.579383880120076
48.15060734436247
46.59640120938093
51.33858145200156
50.16748400623874
47.06293350598821
46.84068431524656
49.0814460104325
48.39024986355821
46.055165457200474
44.72665563426267
46.19153240513356
47.10836165226988
45.97026004742179
44.39209442638548
45.81613820001576
42.184374546807476
43.49057659965183
44.97782899720414
43.112251434034306
44.3911510717046
42.86046907897776
41.637061819609016
45.509190446104185
49.25731405588772
50.56557788447503
50.437644901124486
47.868433271472895
49.864302823939624
48.89941956579128
44.22800376877012
46.468169145395905
46.33612464823159
48.76937149863488
44.39496937668332
45.122837340721844
45.70491109116165
45.529345522665835
46.294078828686
44.68382297507628
43.5806945280724
44.15965341529045
43.48354027048322
43.09574338426228
43.79420587309801
42.329791673270165
41.748937707308414
41.96605060940351
37.60470520217041
37.115106669033366
37.0369110882134
37.332006996035716
38.307833255169044
38.15243794207299
36.73596061212788
37.80936646340433
40.06079250416701
40.85479655644531
41.12019235740195
41.90994973454963
44.97193207750638
43.40668244657718
44.06092916460693
46.063024593272075
44.58110939998255
45.52051995864531
47.1123476772641
51.60795656192113
50.1465636834273
52.46022579620808
53.288080444118805
53.15566318850642
53.47012384927302
55.31594528887513
56.94395284915936
56.834597961109466
55.65603682127835
53.533522753888064
52.71599533020253
51.20911690979119
52.953045298900406
52.770241026034455
50.242142677779384
51.22262881999745
55.31930814975772
55.92070144408558
54.93263379272935
53.63530955323472
54.1011129599342
56.56095105695999
58.108431629283814
56.81634437695175
56.70014795944553
54.47297278574797
54.47975172048859
53.202346753650545
39.36124987067046
39.70896736281861
48.92636466862291
52.42553407537093
50.58868433746284
49.438787933849426
47.93070985537611
47.776990076062475
48.521196510497475
47.8290123127349
47.094590180615114
47.0409511649018
46.61135356431009
47.19569624637097
45.49458418940412
47.27947547467363
46.44987660501124
45.92712935844361
43.84231192963989
45.384957339023686
47.61049615385423
47.143044089507384
47.68867732952231
45.99338835032222
47.328432181215476
45.35083779678098
45.879149370114646
47.76216591964999
46.34656859245047
42.90424408304875
45.8213158257372
43.68916187999821
46.03939707656423
44.77954319100081
47.61715105209464
46.38727917858591
45.43708679134829
46.76346663850359
43.97182155958035
45.2079248204102
43.41868904679063
43.13269106068492
38.940378030892134
33.068733468928485
29.937032807778905
28.93856101380129
35.0709272845063
41.10778014409516
41.8090325729047
41.06998637258778
42.307509431673
41.45822551898118
41.798748549966604
40.57479434357106
42.71639676805148
41.6613135494797
40.415292336554785
41.23612348100551
42.16472399768077
32.129790308938254
43.501430514273125
45.36651205821249
43.67544640719018
45.84540680550322
44.998549627219745
48.496663930968225
49.82107195885533
53.006363665468825
40.20427730271763
40.26100754408367
42.316127707828855
50.37551738147863
51.20107804593681
52.66830513953096
53.035262508013375
52.917802105706414
54.508302051307055
55.18793006219039
53.789241969362365
54.2729716659594
55.689820977877616
54.28125291432184
53.33051761418983
51.664244107834065
52.55476343548685
53.2733383851662
55.62695075888678
57.42597181709266
57.17623418240669
55.11514573054478
53.59840638648029
51.40116689617139
45.38485493219082
43.89791516604896
45.307558612649245
43.67173117151606
42.943198533190525
45.47181029236526
40.796800146631085
45.474976991103404
50.43339478761209
51.01592029728681
50.488372541513854
48.3253805129018
49.46784665022892
49.4066546871652
51.67224349247658
52.298660882612694
51.45902793484356
51.83795354128938
51.07644767678403
50.02115942473233
50.31926822987725
50.57788446187101
48.96909832996744
47.39328039577276
44.91807716439553
45.659030495044135
44.217354550710525
44.86118535408559
45.200726304078444
45.21625986092613
44.68712935719259
47.31152603865564
46.1539298835977
42.07656273085786
43.95267965029643
42.74656155442426
42.092922837084984
41.153728576626236
41.489684942348276
43.41474448618442
44.42761611827814
41.50234861080844
41.641997892486415
42.32206481674973
39.77154365748038
40.98236999769097
41.69968170909533
39.960220944935145
41.14091436019385
40.9252689930247
41.05480539869973
38.148378457651006
38.266355613963924
37.823170362603605
37.76152051956569
39.43130525218771
36.46370998655698
37.96163501287879
37.3427261803904
40.03748658072777
38.296455163111204
39.02804244622507
41.947256600803485
42.783592053981465
43.241089420930166
44.59706479219585
46.827313614932336
47.684141837893776
49.04305803329339
50.42333176817601
46.606021435353796
42.10669951574687
54.749181164823085
55.56108803187158
56.58706099520555
54.5521954350952
56.54689990588713
57.71915704583694
55.35135009227679
54.778551789580206
53.19081837410772
52.45138797406889
52.99088217211715
53.874276125747656
54.31391663586692
54.404928558749134
51.12253846132262
51.91874260780287
53.440670889544435
55.0321679243616
56.57325572998002
55.070168400080775
54.03781646705397
54.74780290842318
51.9106159436501
48.874976650585495
48.63729355727219
53.93314267185792
58.006888219089205
55.60190290315563
51.22522360795847
54.319681585976696
53.835439193391494
53.427052352375085
55.221787379748775
54.491075492900336
52.993878937234285
52.42442840132094
50.76016597122043
52.936286071991844
51.771307829368425
50.101399367622435
50.03330754438457
50.92422766743698
50.21920789249111
48.63578297876097
49.42479294913733
50.94707705665496
48.58070015223234
48.84005036621579
49.37525343279867
51.47851379121312
51.13994064800954
49.36975917874656
46.27939860667766
46.98046778506841
45.90526398934071
47.06273845519854
47.45031201322854
44.863645779218814
49.76519496455262
46.27028967219712
43.51442838704247
44.15651759824368
44.9564475481111
46.64840608696454
43.19830254127487
42.25443341263758
43.74345044309689
44.83588680710659
43.2799830540107
40.9330757282155
42.323705879367935
42.33051764510628
40.59958348577743
43.88020167772288
43.29946510758009
39.330420451364034
39.13781303784674
39.35674039194987
41.75559457115173
39.76221938054232
38.73932463523215
40.10951416150192
38.874195683549715
38.761692910128204
39.34053515796586
39.81475240386226
38.21664394263735
38.8181213309972
39.493875223026635
40.686814414112405
37.41322448439041
35.67501277517272
35.80316040756543
39.846840942055906
41.31373582007882
42.84978792992979
44.98351031275524
47.64705757226534
43.42306300614973
43.91987755141315
43.79655476601988
43.12092798280378
44.25047218642965
43.67594013473331
43.78621097152654
43.53221461459657
46.56213621860002
44.703404530645116
44.869961632690774
49.67527484079051
44.15408974657066
45.461736373640406
45.76199121832292
45.22251270139077
46.61360080468603
44.678612564654486
46.110318370816685
44.82074757992791
45.59708817146816
47.064549716686315
46.70057896983599
48.46680185783919
49.24284393739981
48.419293134332065
46.41086036402021
48.7885317508817
46.41662584981657
42.59939307012041
42.827388636878595
45.06737242187182
45.540994516226874
48.87997160270743
44.75811801694999
45.7894231990831
43.943206170035864
44.72018740776912
46.797217198187354
46.77491410617404
46.107800555949325
46.09899546213319
46.86982297908503
45.695180674092626
45.64467384193517
44.458314004269596
46.316155176803704
44.37352815495274
42.11709947235386
42.80919610855517
43.792874230042344
40.81454004600914
38.095051959702005
38.83248235405995
39.918934773575074
38.47823861686629
39.55093414394082
40.548030137564865
39.580386647859314
37.28945959519274
38.49434138162246
39.07396860332642
36.86958518110919
36.18754120257222
39.81942239805858
37.81355117187286
35.54465449465124
33.58284736578139
34.32932013781283
35.055107017434466
37.556626948254916
34.22188702999051
33.769116512477694
33.7032021603045
33.86732064674402
33.45811752269219
34.05357093147336
35.69208943271258
34.2949666139632
34.612850854041426
0.08649156899627997
77.55308313836736
54.673949320875636
52.95074176449134
52.92568865060775
51.441901706539284
51.40971237296844
55.470790801445446
55.91597395809754
54.23104463130039
54.98972487675633
55.403936097720816
55.424940133928885
54.85349372065798
54.28556893167388
55.520951507745394
54.36148005080349
54.861848754310586
53.166081251633386
50.68497928030638
48.56034546883393
49.00158341730594
49.130162709198885
49.3009883134348
47.41481211972382
47.35875072031672
45.98351031070547
47.34885660123496
47.87654681373101
47.894095121210285
48.364797441686505
48.23561559159566
47.63291943114814
49.79648561661634
51.48115165057425
49.67215601663361
47.04634854958272
52.071651704647365
50.949756258446996
49.77003684192573
49.18685871739581
46.79839224224679
46.62755699523609
43.501391818175534
41.74589423182829
43.70133128659336
43.007465836531765
43.42928729976802
43.51969479311674
40.44925293392453
40.32031399270841
40.45736270741804
39.453958484647956
39.10699320507729
40.15266228176722
38.608629947135114
36.1003362728361
37.5657051144392
38.490312389155406
38.75711281940778
39.639607482100246
35.67834364034525
36.18030383311884
37.8323945122097
40.18300333062234
40.681139683698916
39.311119714220695
43.10525695262959
44.45366094281326
44.11045761511673
47.8719361215376
47.020559208115856
45.42133679058679
46.57594004400653
49.86590365895108
50.37512204635209
51.96961879420542
50.95128364937341
52.940927006637935
53.71347762359437
55.727072149472406
54.66169825742077
55.92961959561762
53.17371220131872
53.8460350573057
53.54703980040131
53.242140050253056
53.11413279280487
53.12882018129221
53.60671199360968
56.015808372004585
55.14587515788412
55.21379119122071
56.589344964566635
58.157811888790775
56.876205300416814
56.53397653333218
56.50902840404706
58.359418598136244
57.457166220861836
56.691695576629854
57.28855719333001
55.05999906157081
57.446702294139186
55.2844100137811
54.14580852605991
53.07916194724453
54.98968908680854
52.958123447167054
51.77836298352281
53.51167980764353
53.41838232124633
52.34452487308113
52.29770997967216
48.78100858198559
50.67192644741158
50.42387180433775
50.618267028711216
50.765068953516675
48.96741946014549
47.99539476998348
49.19332890428677
49.23348295398637
49.471747238029366
48.05473476308862
47.09084368795175
47.618521959782356
47.720557983558365
46.52246570845341
44.92391422839842
45.62570133759482
42.897129402715336
45.149433964404125
44.186621471232456
45.49315542557065
46.05885153563008
44.61128396876302
42.959783550555585
42.795510431771845
41.64728721342544
44.21820839831935
42.634766624307304
42.69484845953184
46.02331457620471
44.77244132543274
43.57187099509542
41.235925280998345
40.550142699456956
41.48046671251859
39.987993491837415
41.698541138670635
41.92219289346917
41.39425321775229
41.88993388630229
41.96471365634602
40.50805252339205
40.9944404334492
40.69495768563979
41.66190988089534
42.56380753907956
41.612592763102384
42.26293608881679
42.34196721643639
42.27183246091113
43.181962521572586
45.19463309265279
49.213514119197725
48.28923119075148
50.585780174691536
50.75868606843096
51.474040738354006
54.14254294084094
55.631976246834256
56.05365294291869
56.44137697570727
56.9176760397836
57.60828534297457
56.30087341763692
56.42446902208144
56.48346002883477
55.97304376690386
56.97096254795065
57.15107199441309
60.460273109062655
60.23501077730316
53.04036142803557
53.7022925367296
52.665863391701805
51.423937465984636
52.9721789849923
52.02524536424994
55.35125545644314
57.00109086701377
55.968212660207655
53.825414118687604
54.695159494591735
55.81035225153619
55.98876686879021
54.879975874204774
55.14797930288614
55.71003657640426
57.03018527597169
58.92146361427899
63.57037465832559
68.41994475639126
65.15149940573428
63.7175150930766
60.271001758738294
57.22912144074098
56.338924653927734
55.066265918176214
55.66797483490518
51.642664684371766
50.67989978071569
51.597529783809705
53.11000200311719
53.94943218544063
52.80876846508477
53.491783389938746
53.51086952274795
52.51028617663019
50.12209960456721
49.96896223224189
48.42569219365464
48.2246881434628
46.95418889080429
47.30516974617581
44.681525477217974
47.390055351143246
44.19795089823697
46.4470793462026
43.70994069208518
44.70236115806529
44.01824385797636
43.61708927134805
45.32334194541227
49.17528826875514
48.74006977787985
46.26759929537366
44.00294473183067
44.4608896642319
43.91756177125592
41.21777191626734
41.47716413095122
40.299751133141626
38.21212666605584
38.023796802895504
41.27407129068945
40.25199610712684
41.942056124975124
40.53323846142371
40.90949132196806
40.40277930385537
40.01144418169747
41.21872614534368
30.821729444152197
40.7888268455838
40.17599207569879
38.17364605791363
43.70664253356358
40.040411903049744
48.0889411640303
49.16184813800419
47.81342944495532
48.71760724453361
50.50745143533436
49.1578283837257
48.92899896961171
51.42237862930756
50.06131124356216
49.83671132250265
51.09032897347515
52.6036479125969
52.2609119494623
52.64167478585841
54.29698415687653
52.56395686781957
51.46439894909781
51.03903105441486
51.48472703845232
51.68496421098439
52.762370177134244
52.4760528562681
52.04885439866712
51.78251034086247
49.89209508437284
51.050913890823495
50.13038255053084
50.76619111420382
49.722373903121934
48.46896089994743
48.336247726014335
50.160146714462144
53.15342340953157
51.561451442817315
52.89786271889784
52.16527869282072
53.51538071947789
53.04177110022715
50.35975618137286
55.17690214615584
55.47969582103974
55.51993223059526
50.23815092108566
49.30486853919251
50.419780393798646
47.79529624894508
49.09579612735456
49.53269549143761
48.358610707580965
48.863500765864046
48.88723545370226
47.11889215940778
48.963224001775075
48.04560608685415
47.4693386779702
48.07363733417901
46.99601999018296
47.356384936037784
44.580323347269996
46.44412062946026
47.79273825467703
45.74034621702049
44.32117020091346
40.36413707043948
41.75711620270795
40.491489573146964
40.9807296814829
40.05713592425741
39.883128072884574
39.96812467787322
40.19536050659576
38.791677372123786
39.7695696817143
36.810043014595294
39.876093291257234
38.19942678958773
37.219537548635344
37.861894369109905
38.195593623158175
36.75315055131864
36.71386021093622
34.0872593233496
34.17261152984588
34.97190418941079
35.060919446936396
34.05401424029537
34.633646718071304
35.36028233529271
33.41987527926062
35.94472484978405
33.79631863062855
33.23157180312069
36.21980197857033
35.89085297493557
37.754628989441926
35.544768392571996
38.55300867115443
42.73895076504505
40.68259822739037
41.81696352158178
44.4047796273569
44.67964789985672
46.04902061461735
46.2897594238284
46.89159783596983
46.920534789116346
48.945625555501465
50.90154572455026
48.715356695799755
49.47142085503788
46.03193908918911
50.527295436194436
49.797678698383606
49.48446158491538
48.837893242582595
47.83740583972076
50.124923124910765
50.24606664256066
50.488427343316516
44.33513592322447
43.950592172619736
45.60066269226763
48.45876060402884
46.8974390340627
44.819704460373714
45.178725700289306
48.810591311057124
46.268644060872475
45.06999425190929
45.75451582717551
44.22035450545809
42.90040938598281
41.63835946029485
42.24020755175161
40.222021426820675
40.34018048870189
42.01903936523013
40.83971072402733
41.313166709597
39.16804302799278
39.446706560210714
38.77001353534274
39.49898724331024
38.441646638961174
37.72038715105509
37.339097224991065
36.379181284565675
38.21088230136206
36.28669887812225
36.818007528785984
35.88764221691804
35.15475852739701
35.6288091083793
35.437043899595665
35.83316641291958
34.85582216257421
37.05103216174757
35.09695376763989
35.525791616077186
33.65281106181328
33.3653277578137
32.88079388395067
32.378705449654944
32.53254629899902
32.44455059014763
31.535233471191304
31.587318293188673
31.34265101377696
33.901934603250766
33.313698930432565
33.7929050114401
33.804720390983675
31.68498629990836
31.777599186910038
31.011991522700555
30.22202069380387
31.51987363637909
32.12732415526307
33.179590346458326
32.01982364097739
30.553059408234276
32.311406805138404
32.23111302660209
31.944350961862483
31.91855010837412
32.459302212368584
32.76137950448992
32.913183779257224
32.787421133726866
31.964206862046467
31.21517874013739
32.17159910323062
34.460957882498406
33.66910557531219
33.646878040148295
34.618863415996884
34.38194091653213
33.58924156108719
35.936367001603685
34.40350234732841
34.10150987253655
34.706922006741024
36.37032604156502
36.06266249251871
36.32582091647282
35.59165714909773
38.56280444522645
37.19912288683554
37.247723240391906
35.111062220635176
36.20524661703098
37.33702675398558
37.33736885504027
37.84771952193978
39.47516955309379
37.76160785453612
37.937589682615
37.63180641199165
36.62262729216786
35.82274238312925
36.197944849989426
37.835256155604156
38.472923191412065
37.518810804217765
37.17541613620915
37.92693538828598
38.911208649322134
37.34159173422131
37.39438196439892
37.803167718702525
39.23142146008104
37.431375912046406
38.82588591803028
37.71853668870108
39.234945143907
37.074444300169034
37.487133514759535
37.83098058559699
37.376523075683735
36.44733161327849
36.86095795020174
35.967268765013614
36.22252785322894
36.17270513656467
35.2220484626755
36.64037155623919
37.55487641620789
35.597767847639716
34.40726726242792
36.38850797746295
36.320029713186614
35.22479335123262
35.65411386490473
37.904023796270394
33.474156971945604
33.632850196427626
35.17528119599797
35.32143011878611
34.273827071023106
33.880977398913956
34.781952366910446
34.67518797683033
35.76691633187306
33.80521084637667
32.25863594711973
32.662940836256666
31.45610899624171
31.06084559520741
30.58664685135045
32.86973782649807
31.251118544165138
30.320465124897964
30.15821928395394
31.938959128253828
30.414285426179276
30.68746201015142
29.25404146566666
29.649349153937692
30.430100553156763
28.609276489691183
30.204304175722655
28.695259954521816
29.147292608477528
28.77334967448678
28.96077447536163
28.913350812568524
29.867805407995547
29.68563388119378
29.158873618903954
30.561802498058796
32.40186193888803
31.22757972603722
30.951182256761967
31.602491763111857
34.46841110207947
31.280042013532693
31.249077276237585
33.1169759326599
32.28496718055226
33.527387447314254
32.70777475665045
34.47915883898668
35.80469931531411
34.40976839858149
34.22443038847382
34.23573342963482
33.975467693898736
34.138204747794816
36.048793101297406
35.973220711174235
34.34430132187276
33.981083778124
34.73712864305844
35.171326013724865
35.568035952802575
35.478872706029506
35.12035225636805
34.65443804844517
36.547325110182555
36.344072749401676
36.11349813982281
35.20597968073889
36.95196856425446
37.234258986593886
36.9781203258035
36.85809593256204
36.72430592323735
36.0349157158887
34.831879255878675
34.82793834326276
37.69161043534223
36.19326540634347
36.91910336189835
34.634967613688104
37.18238945569624
36.829461294370276
35.274850847457856
36.21837506228985
37.06469644528329
36.2334956501586
37.931272323794246
36.19889420399204
36.05217630184757
36.955638179543485
34.925769573641446
35.92656157416582
35.291233742515374
34.07646557229009
33.81184159289887
35.720384667835106
32.591026592237995
35.121509374151856
32.39247768783571
34.17474939011868
33.862187201325014
33.28443466397766
32.14802725119273
33.40902428067375
30.412029160072734
31.412315331140917
31.169260038999937
30.968821386901027
30.53429365098623
31.234540774124298
30.152845966097402
29.931510291896757
30.365196478950566
29.636272572889766
29.370921203404805
29.545439410984955
29.40093498931924
29.887091821238528
29.74548545877974
31.31736723400104
29.962106530377696
30.918977864858903
29.968587972894284
29.037285588201257
29.87794616737324
30.890726805270106
30.19850139603068
31.79563642012272
33.18705906758419
34.43626021280602
33.93043136164533
34.19267653037218
36.36727721020475
37.332477321437864
37.48502446997895
38.75213595822697
36.41715119741707
33.615537931276094
32.98863990418431
35.713908011097146
36.41787100696115
36.228960625905984
37.765493057393314
37.70027274481663
37.8356962590035
39.06597587838701
39.86130955325234
39.81642851160154
39.77251760883837
40.959053454556624
39.08180822738245
39.21921910904075
38.55102031599927
39.99503802167328
38.44183359987528
40.385606008312834
40.4322480200633
42.277270264289655
42.28290627089086
41.8486578097436
40.97166453221075
41.12525383039974
42.035647171176834
41.06131272940911
38.64967604101935
38.95281420342917
38.29696994204119
37.38049457239276
37.854850621531114
39.12328228957995
36.60851893432414
36.30961814046782
37.16742454542987
36.711707058392676
36.464417308618295
37.27456272926656
36.869062282439245
36.02796108137386
36.551303779940326
36.98147871930951
34.02354723010876
34.08178425883398
32.40522439168217
33.94182695947984
34.080577248753116
32.62939156555399
33.27286989518393
31.8777977169525
32.0465368055186
31.732428129925893
32.72725688903165
31.105592298989905
33.274278151752014
34.13778265670271
33.382663317167726
33.71032558893398
32.70125933428176
31.337609029896385
32.38986080760992
32.24441172404295
31.61459814574664
30.268005296134334
30.3693652139375
29.987518297949464
28.23374888188664
28.69434409826954
27.51501503773693
28.701529479934834
28.210568957029977
27.692631160271276
27.43307160018003
26.895062083238827
27.938630731405283
27.135161608196768
27.70705610390064
27.230627590145104
26.92748727650428
26.491111590727314
27.2592910542636
27.705758348374047
28.073091402607815
28.470936003833913
28.735467839549074
29.60458514277866
29.26286287283324
30.289154969412948
32.011992210055496
33.82096266482722
34.76000895411494
34.96328094612295
36.52308002041923
38.76613623626599
39.908050966001156
41.09212513936404
40.95939637368542
40.20559452856901
39.0092462811981
39.277392136239314
39.988267973390066
40.5366397925161
40.21983684779252
38.009093663537215
40.10008825749446
39.906164052296845
40.5736203277022
40.85366514105999
40.008643451768876
39.548807366977826
40.581327406338005
37.45366771769636
40.905237236697985
36.591305662251216
34.37877505482675
37.37276424116476
37.81773335443768
40.49391040024193
42.133074307409515
39.44033871189754
38.865654523570356
38.63116782422344
38.781625786879204
39.748606407884836
39.46155701662724
39.12216890455966
39.75096499828294
39.664311611475114
37.05800540085943
37.35070385424706
37.7961218874907
36.42365945578513
36.788454824670225
38.00484379278964
36.17975968423593
36.29680217385271
34.82595355736703
35.32488374354443
34.10308871509142
33.51587666889532
34.61304273846349
36.145111796422725
35.667039962286026
35.17842092972819
34.46853517303748
34.327772895607495
33.991318336496306
32.83321907393429
32.45188380143691
31.99344228508221
31.051022256356873
31.34465757399937
30.48878527463421
30.701955178667504
30.189510603038343
29.2478499734666
28.669601703604712
29.025144146062303
28.905778023412495
28.13617947459261
29.52611902054059
29.196542468479038
28.72017420849943
28.51848574841165
27.619836139404015
28.45954398366689
27.560472495076056
27.180245503087235
27.07224343933649
27.02496125303219
26.58783932931965
26.23683037126648
26.604352931767153
26.2467513770564
24.54731845834874
25.31947082580018
26.331344359450895
26.59484205233639
26.800911604612338
26.87202884766816
26.33506147402659
26.27761005392108
27.70136420488575
29.834849742674805
28.826984844568415
29.509904471253094
30.345901961166874
33.72645891565662
34.802042791982785
35.96961212489214
38.08651554365292
36.79456991486995
36.61956630098439
37.1538961211686
36.691921896173426
36.15101603094877
36.45226380848999
38.86844785906101
40.90773908482174
41.0211254825108
40.91508428138036
41.004440233989044
42.43481518472959
42.63987772072255
41.38362947437213
41.66513572853546
41.410051715138025
42.57997897581072
42.25653153989708
39.685684214132834
40.998409232737686
41.6385468594292
40.67345003960463
40.848943771317636
39.97654269769464
39.67760440542088
39.66532658437882
38.703959816742326
38.719846968049296
40.05101961100286
40.10220147025382
40.59995068167564
39.04239334108888
38.794035886157644
38.65729552169387
39.10260205476936
37.59082151463326
37.71675857684181
37.749360293983045
39.05022243549661
38.369028362444624
37.85079200827431
37.720474984169186
37.24922825810131
36.9191780537094
37.41524587944696
36.44288236751049
35.91066950156062
36.98778791473205
35.8013189464607
35.10623779064554
35.135437128874855
34.47672176590345
33.47749465920219
33.95415509957206
33.51145616831877
32.97100578888467
31.730733299597205
32.10373399658056
32.70335424599011
30.93664533493552
30.70698372518359
30.072564279352946
28.463345721947007
28.473818361015333
28.48451120880827
28.65227304277164
28.15655709130226
25.931202743317613
25.9334945583239
25.364701319808432
26.168440745105954
27.30030712070038
26.457542252629082
25.223837008080636
24.02676419954969
24.103936674475335
24.00440220741507
23.94126806018494
24.580209860357172
24.2044917753924
24.063403575870097
24.12626865114862
25.20286720340073
25.684864895783676
25.46144596672707
26.51011907586394
26.63640688105727
27.594445698586696
28.42603251310379
29.738943885689878
29.928161501614795
29.960927950330415
30.928472647181707
32.805191031144204
33.28456605435349
34.22541410519966
35.84548122370734
35.25769482879923
36.46451465387986
39.09817136853462
39.08056829063412
39.53606110752821
40.86790013168843
41.4960181632764
42.68257721430609
43.46317856986684
44.095102335756565
44.177550920370095
44.313695923122054
42.65614122526745
41.962842542155386
44.14095685669395
47.78948170002491
48.253466432931646
49.27723879208065
49.906896660673965
47.46042068837846
47.94121245707743
46.87527418315585
48.06326628411216
47.766937272387736
45.99295002001327
45.9535304413082
45.686321823747676
40.920421867648656
40.93530896790048
41.3976329438874
41.30741216245906
45.384644154293255
46.09793505225139
49.46132041341639
51.5964768058368
50.011608432670755
49.523721422254766
50.1985941853261
51.08379862477864
48.43053520640137
45.67844294067686
46.61429328807503
46.58029935730974
46.12475325116725
43.72074301503949
46.652856214763915
48.47016945234395
45.95604320761845
47.966329486501536
48.126611698531974
46.97701467866352
45.15088500719844
45.62129315578454
45.27561111426303
45.86992455139966
44.06208478553435
43.402470870321395
39.68849168152087
42.10445115827156
39.9164909589565
39.762968829885494
40.669287686413554
40.87615100733706
40.12731771038966
39.579262558543405
38.34845958533447
39.10431244422284
38.75189633384048
38.73540060758023
38.53849632027482
36.969610645213606
37.800985870461886
37.51694543700978
37.20841065319155
37.58884738964275
38.35171569743943
36.32029753913207
37.0844905804405
37.91480390664765
36.64886486472437
35.60686829077099
35.79439033372796
36.70377866095055
36.12902467107824
35.33889614264535
36.159230173085916
36.87583103968245
37.59183968133425
38.62055281745688
38.68393238829549
41.364132603137705
41.216437884989546
39.24732452299304
41.10634297014644
41.075175353923896
39.063285465231274
35.33216271909532
35.35273330686459
36.83357348369282
37.32407838898939
35.322431513548736
36.47757481988208
36.6636663787458
38.1417098460488
38.117059448366604
40.20440153170864
40.783462530314864
39.64320738618267
40.35711787343621
38.445902743385204
37.565857453802664
36.70390886557948
38.75037742259201
38.36162627379463
38.60489104342696
38.907520318648494
42.54189762979058
45.078028439809714
44.89903739822739
44.149820203101854
44.41773291137201
44.149083406915224
43.86128666552827
44.172078865299454
43.845890693691445
43.9891846427372
42.7159142953808
42.481715416334964
42.09630113112735
42.24663263901175
42.54160457753119
41.19447313325588
41.58548881411912
40.7948797319832
41.03397105158115
40.54591793819782
41.176323408590406
40.18603005990053
40.692599426913716
40.769287804852866
40.296083426243285
39.32639509469209
39.22985800479819
39.13663530179065
40.71787155776178
39.61322340264496
39.63832079840358
40.06924953925227
39.47394360355088
39.46629882566549
40.12446901064277
38.83297533674386
39.275236265889134
38.642383400259405
34.79492355558136
36.46346376010217
36.3705222326455
35.12209011703135
35.07033081096779
34.43046128718106
34.34345864762918
34.187013308184305
34.11202065036582
33.569188337895184
32.48670991252652
32.64675246789079
33.94912924101641
33.09771893111133
32.59058924345163
33.293905873049084
33.23726321390973
32.57884084738316
32.608142814613075
32.35940858552249
32.535238899601836
32.24563468208271
31.931497315177126
31.510719743524078
32.42859306417131
31.946692351417028
31.823225760922014
31.48591768490951
30.80548277444177
31.49816262492095
31.888247424835754
32.46010450841152
32.835924077199024
33.9536739082223
33.40150489378266
34.00398082164247
34.31585817340351
34.66210522580991
35.380433178354906
35.58841438502077
35.554109474474444
35.69759083197732
35.412234956310044
36.85210997056254
36.13103314283558
36.480558827214054
37.192271875692654
39.813880801754294
40.107611016263945
39.48127934603349
38.72887012065439
38.353975140557736
39.58162796960414
39.584589505326676
39.198032435265986
39.40579106530754
40.53614772033461
38.70617552471208
37.642120788923876
38.78629437162681
38.96434197659073
42.407267002524804
44.01877247642619
43.15073315471727
42.26251551928908
43.8260512107895
41.44068171172819
41.38445851552501
41.793946912788556
42.51284071932582
42.130170914340056
41.28361238040338
41.10945120724796
41.38737655261457
40.26638261293397
41.46344479465904
39.79264640439192
41.56503103461853
42.941422531939
41.587718216849225
41.33434271704641
40.58144782643285
39.21735244339129
37.53444694195559
39.67025464827475
37.764077627026154
39.60996428688395
38.487591865904506
40.53283334147932
37.85087671350357
39.02716798638926
37.10827755065702
37.962090002943114
38.308503287882786
39.278653877127226
37.819756847877215
36.54141731969378
36.40256375962724
37.362350562296115
35.39839354530932
35.40720926789845
34.61029255853373
34.74224421209374
34.457170540518064
33.23395099099321
33.45010837957875
30.614056886988465
28.875869726129622
27.727095208304036
28.206849368472376
28.90514767854097
30.588776003919975
28.79780957182129
27.8991244493227
28.062395884394164
28.039427036157576
27.58945763190104
26.233966468692188
26.10151454643801
26.826092435226997
26.970170229694986
27.787459870625753
26.42393616657455
25.59864380603267
27.487593464256634
27.043281341400643
27.29477871370318
28.459590523518727
29.20788797351065
28.883782291847183
30.152326308595775
29.975098607132395
29.799257897699476
29.728187400756724
30.380154433087
32.349545424323765
32.58610777472336
33.36271783899633
32.4119773451996
34.41354134551921
33.337388699706025
32.91972746521412
31.94868837115655
33.861297020781535
33.79782650221455
35.070591653503925
34.901065269435776
35.431673416560216
34.9180470218912
33.406882651485375
32.70258027668433
34.135244093901065
34.53006369316222
33.80520375403853
34.2827957412112
34.120957107592744
33.589605065216574
33.18644088844758
33.731869346923645
32.859812744874716
33.9929643140124
34.861701565558405
36.045387001980544
37.48645550033439
36.819699530811704
35.6166467130779
36.96063560281664
34.630791488101295
34.86992610588527
35.19014472668664
34.32681772714386
34.33261898703904
35.63825602366546
35.910287671246806
36.7763216326573
35.34016914568065
35.04108028956125
35.481509293008
36.14899470479372
36.94779088277846
34.8850142499989
34.48805774769505
34.226931095348846
36.123590851024346
34.74891060224945
35.76463298603517
33.1083618424484
33.53045189783802
32.88301187091656
33.18866726565716
32.995511698080236
32.032544887721315
32.56949735013416
31.82527718608503
31.65648992633305
30.904143719170406
31.596341269075083
30.47847562011725
29.073379427087502
26.436538441962284
26.165393061210125
27.67749166257113
29.40412559031097
30.080352010710158
28.49716014822843
27.217959807574744
25.52282055247497
27.084669185523808
25.74171966465383
25.143021583956624
26.204876460621563
26.81535070556879
26.178642452832037
24.98996460687681
25.170926373174098
26.357984753693017
26.834284965895677
26.563945323558073
26.543176581835382
27.00584253217926
29.35401168469616
29.874281650767216
32.18381798158316
33.32144934143798
37.00089013654849
37.41955534891031
37.333871276693344
37.574961155496
38.61456391073648
39.6050527853447
41.51425087887378
40.43935464935885
39.8153609308921
41.018410075780594
42.44509009400781
41.898218992634156
41.85059296783413
41.77330890869848
43.98758437426045
42.22296662328699
42.718871833715866
44.40461755890192
44.93854045042167
45.73765041886304
45.61594921416804
44.53326211636829
43.50193033530775
45.21040466654449
46.02942582122387
45.131692386957184
43.66456626550121
42.89213286067297
43.515944443076705
42.85423243110017
42.444498780327876
43.85039734896395
42.51626173414684
42.164721557087205
41.59453926083006
42.12960034478124
42.664816934867986
44.58334960789284
42.91941708643981
42.469775011745014
42.994570588765555
41.91975637320252
44.07480069444341
45.824465854573646
43.67239322365117
44.49411265860226
42.55432880995704
41.25965793079877
42.803665674290414
39.82268235512038
38.74040988086131
39.44450216727819
38.7385111955748
38.218714678426295
38.4305653642316
38.94313531990292
37.441561327443424
37.03493585679371
36.965561993212305
37.26678142311198
38.15590035888181
38.188417307869486
37.82170343613734
39.404308220749726
39.39820183252914
41.211275050061886
41.43108545936002
40.8974378569244
41.492985965323555
39.22119110957851
36.9171336034301
36.45476817996109
37.06310772145662
37.34740719894262
36.30755732943271
35.784934370637984
36.33097734755552
34.43229128687926
33.64300404247547
34.402213598187245
32.043111290496654
30.681871954389408
29.673459399482
31.44653845454286
30.80118296487717
31.846603854496834
32.607427098445896
31.122456205729122
30.239741561007122
31.309355881939837
32.87169422441866
34.5916024657414
34.695084026889276
35.85853278116724
37.431170823656885
36.84421053676283
36.281474715272
38.48931747006259
36.98364792293523
39.31318222468053
38.77842425584777
39.70788475958511
44.04423865024273
43.84162434384098
46.535268105889145
50.46794496505845
48.177740102744565
47.89705351196994
48.61812496073094
49.91107972953523
50.49073955964309
49.86740954372203
49.67454913205563
51.748551841863446
53.14176207961668
52.812537241536916
51.518673714007036
52.87903182006721
50.08685632947254
47.67002350815005
50.51135997184247
51.19869305579755
50.969827464712125
47.85039677692805
48.1260691877776
47.94517649085492
47.1307590226686
47.52939661513233
47.880585681300545
48.96410405317306
50.36586252323673
48.531803291836695
47.47652111188745
48.153943810394594
45.94302889087885
43.922277907232456
44.35036058731748
44.40950704996271
46.01547974394407
45.90207311861809
44.20604797138094
44.06002329445687
44.30041844616221
45.948636551773006
45.752638797738655
44.88752222047469
43.17854596905636
43.158395340272136
41.85093916051869
42.77824188058423
42.73035222513681
39.62064911521634
39.02479990743723
37.81416030371497
37.10640346558648
37.255876132950334
37.25619803421296
37.73023021780341
38.10723885225525
36.57093700899827
34.12996743573876
34.459449376757675
34.825928788308715
33.674386293241696
33.667426668268945
33.1512775926758
32.75224676835467
33.51480926704596
32.494743867803436
32.31005501027221
31.82981854060131
30.627592217033452
31.861847192185223
31.242529632627793
31.536342241992998
30.89783995120979
30.5872506559258
30.25501500553696
30.478396963943624
29.49952808524199
29.08433440021622
28.971034222574417
28.406415011634635
29.081013379086244
29.3476896602308
29.91617343144617
31.05427042702172
30.857981945563324
31.582406199289835
32.997044841647494
32.975765814932856
33.3572665994634
35.10427467681666
35.691641762839936
37.71339122851339
37.9087180945146
38.77917873747015
41.153708162755606
43.47776118103161
43.301763047237046
42.82584804205544
42.552088918359004
42.62236563686497
42.14232655806359
43.577873490800584
42.98222717875365
43.459298588455795
42.31048215681108
43.138065942732965
43.25325404309774
45.27772626704041
46.568695938427936
46.09679037744149
45.243106321921005
50.685708224009204
50.09664929658106
51.70084400147016
51.81362960828096
49.512966341185574
50.729158048613726
50.85487661152183
48.91812541192712
46.3726681331043
47.22791359178564
47.819737762350314
48.35457217274916
48.94063451768125
49.3180033408546
47.141281398812225
46.01344240352091
43.70747723011527
44.7735948309662
43.83030684843334
43.557732964683055
42.39242622522147
43.12140789288242
41.69265031055704
43.29115316443858
42.96765116564484
43.195513212510605
44.159063104117195
42.936067315161836
43.02257919693989
42.57915812129795
41.14193005681841
41.47234441513069
41.99548482757814
42.42956034707095
42.436028679743686
42.79173280592954
42.180655608278585
41.146292791118185
40.03911583747913
38.79550379073817
39.63316299996586
40.693734600135826
40.39859314030218
37.178583461207154
35.20509686686751
34.777107814085866
35.159373245795905
36.14462599219905
34.59765714836476
33.52193177262757
32.64462727013802
32.140892561062174
31.75926661923404
31.190901593154194
31.118650321524
31.236561848571455
31.197715994253713
31.11931176081498
30.859209101127135
30.096917881959598
30.27402278046725
27.986416549750857
26.500099846362673
23.940020896828855
24.627439245555706
25.98546944844884
26.08878377346832
28.210198617669107
34.68989429819885
34.545817520189985
36.1529806894639
34.62406401104272
34.16910761227632
35.39481286865134
38.1717617591205
39.1962572661796
39.528028191587964
40.23569967198091
44.46574400027987
43.847272509932736
44.75079975301969
43.104080377669334
43.59877262107193
44.426330915337985
43.08860395638544
44.133224565693126
44.44877932352779
43.893068848168696
47.21756335051555
46.947885692321506
44.60352317003162
43.3565056795195
43.838276941645404
46.127258283177525
49.383988660038085
49.398420831505746
50.48147847475252
50.368865382059994
49.812949487047035
47.06523241771242
45.460969970760516
45.15162802624309
45.212511513944264
45.02928500991402
46.259735673613704
48.077362124945694
49.594473251612726
47.139238185196746
47.13347749796412
46.334376654086554
44.90893236497345
44.98115489950101
43.94918402828739
45.387484275650195
44.9642658982516
44.30622186596861
44.98698813732767
46.02684769673829
45.542576511633
45.481223433528385
45.46141564961363
42.622203143061824
42.77318952452811
42.8731711314781
43.176526218070194
40.73276870032282
38.64283856364045
38.00477641925863
38.25947683604636
37.995059014346225
37.436000112894135
37.4575829600758
37.597232737327545
36.085905780798385
36.61098671468744
35.47605325779432
37.139915509807906
37.67839963788197
37.2730672839898
37.73463862226231
36.235159446021726
31.883897287486434
30.844134517921248
31.138888789536622
30.129513187561997
27.786981689338404
27.519999790513566
27.838934384264803
27.23264328368282
28.15770552724439
27.579032169498078
27.38318970858063
26.856163133881182
26.179471872283102
25.951080918097432
24.90107617604167
25.905565449098276
25.65688650229663
25.21734023513386
25.14236913021955
25.726603106363882
25.741932386091776
26.079928426114748
26.071631708519362
27.796522297639285
27.78245799779245
28.123044591993448
28.62022491959283
30.444768497543237
31.313468485785165
32.206179329505744
32.80134933031104
34.13774393960557
33.73696257047732
34.090167673694395
35.23240520879631
36.27180560867669
36.5255731424395
38.62304822445981
38.77182756293519
37.22734676270352
37.89058891197635
37.92048733965771
37.56398234751964
39.1546284667711
38.71445462627639
38.72416980649609
38.18723546677779
36.79310318796388
37.299002766057356
36.884347857503144
37.03094902811699
37.35896856615
37.63544887500757
37.05114731204003
35.22839538959852
35.57236573920454
35.567327708012726
35.653874876566306
35.682791542698624
34.57001547489426
34.966739549753356
34.057024745191484
34.27553419823926
33.933991785303306
33.05845888253566
32.9231667527913
33.11472011001001
32.45021878682769
31.914816972429662
32.00190589596491
31.585565354850132
31.961328447580854
31.803538151038538
32.82322023615575
32.952145837460876
33.42264422754374
31.43651811828022
30.91592542632202
31.579861076246516
31.564976249720758
30.901788828426334
30.370761912228772
31.889636490098837
31.73315565053622
30.746654732692605
30.724287480201724
31.334415449331345
29.9193488927599
29.747890400536335
29.29584306030347
28.995176138874285
30.137175601895024
30.277873871956444
29.11192303651046
28.574328774991045
28.61099233961818
28.316819441857206
27.76169286125787
26.193766112445473
26.094307166254794
25.944658454939145
24.471328975179404
23.774461950974
24.18762886698073
23.1109176113373
22.842970577333517
22.56424616508184
22.125094072440334
21.638046601771748
21.440276550799013
21.44558172987172
22.15344878341739
22.321817373350086
22.387852628003657
21.61601189971975
21.81099916707194
21.215609795027376
21.58754993433081
21.66451555236631
20.757507499936764
21.21795207612513
21.918127724793976
21.898213553540018
22.815198525174083
22.91204380421459
23.43297245794497
22.937589785683713
23.573507552573574
23.727753198113987
25.0264578769943
25.156273807429898
26.22127830557133
25.96325847097296
26.2967996348209
26.574593961380742
26.23469306088009
27.586586695835422
28.74595733236856
29.205961703039748
28.25097076191264
26.780515153730676
27.38787989710272
27.520894018751733
27.900054790770355
28.44873899506615
29.017358138172767
28.84573996476979
28.68086199225104
29.057732195534072
28.104794896823705
27.594228664885122
27.883618735439086
27.868309917103943
27.943904297613017
27.724900783685825
28.09489534505451
27.456124197078225
28.06281325034206
28.803401554565426
30.123209294179787
30.593225696588206
30.892816137637737
31.386301355747946
31.417776599115314
29.817203888696213
29.99730290692696
30.23530039918296
30.025109334524586
30.343274871047925
29.322395701710548
29.14375766707394
28.83387452258785
28.835709032181512
28.751311936695174
28.498752038078464
28.323367920331975
27.646776251493066
27.736864797562703
27.58716416428433
28.335231052930567
28.1672321941503
27.276801774124124
27.260882962772712
25.98960631889622
25.685693451011048
25.76568029223654
25.839300208888744
25.03373802173064
25.63633692403073
25.655339248328346
27.032968774360825
24.984138095865546
23.855043610487655
24.107655270224086
23.54155282839065
23.19731568901284
23.27916193587089
23.425336488159473
23.07216918589461
22.6822398318468
22.190941579518494
21.40837340035955
22.161668610270453
20.742451468269564
20.2873239489561
20.512238616322747
20.064279317406317
20.640433574927556
21.21617653892713
21.10525076524641
21.36252056665512
21.01005031862337
20.756674273158296
20.956618610700843
19.74566257471281
20.044592991243576
20.36837364635312
20.737473193805272
20.997494715162702
21.19799345407705
21.6081865886149
22.72529536355728
22.349484246408792
22.373898179667094
21.9419575403831
22.78531170528845
23.01461353001241
23.595285023755423
24.143778880200898
24.263311705761453
23.782014965237295
23.84093187041026
24.750526315366642
25.710192353677712
25.47049290511268
25.340208776843838
25.463618834398176
26.37744984555161
26.19276565370774
26.781081813258425
26.093069586315778
26.071655749011143
27.094313356498105
27.502009898277265
27.950233747265884
27.23853420371597
27.11941985032263
27.268665836228138
27.34421494556568
27.602166041231726
28.51057045238167
27.253214604329287
27.736873064797237
28.28851238597281
28.25022093559528
28.461583505348244
27.74289173664556
27.32151871501469
27.19873611687035
27.845873276877455
28.595077316966353
28.969316456600154
29.248250060051305
29.290726573694656
28.86239102402351
29.050563165727226
28.981321008133364
28.7952403983968
28.876999469368457
28.944374050865235
29.086945397164754
28.542842971482514
27.731009739348337
27.57100192753478
27.141464672236452
27.170610599004704
26.087357261478246
26.268569388536207
25.7473724626243
26.358226443154535
25.92337345056876
25.711947232768694
25.368602471597796
25.258576641208492
24.918678526584472
25.137279328288514
23.85871437664241
23.69834053266186
22.91798921858117
22.59461513232327
22.6556815347285
22.645318782864933
22.57970852375979
21.456326271480407
20.95674647415649
21.199847092143614
21.213670317082233
20.74522768868337
20.74921703606651
20.425195334128375
20.02188034030894
19.758661304615316
19.59459838799944
20.240059409329888
19.397955072105674
19.421342366845693
19.857986608042893
20.087307959982354
19.824701315417087
19.735999052832994
19.87033954942308
20.418342748579562
21.428652364756545
21.66662787912105
22.241076021879508
23.163049701191994
24.61995893559356
24.918333930092786
25.371357271195393
26.20134383123377
28.307477675362634
28.23763730210908
28.98613458420573
30.066391505702086
29.966922135863456
30.029788776522196
31.89323390794584
31.664678676645963
31.973780248164985
32.46013510527973
32.20782592329533
33.367537719335814
32.21261540870137
32.386968925699875
32.82921696999165
32.87751048937025
32.39973119536262
32.998215359883716
32.77281717341589
33.761596428467215
33.4988161617016
33.69156654461858
33.290802059645785
33.49908259175277
33.0200625684904
32.884442106878396
31.581713591512653
32.81310323013565
32.723737821471104
34.30861472528113
33.05248692391069
33.434619240868415
31.763611524176213
32.5726644717065
32.57665396967309
31.457402724996427
32.87547735432554
33.25961680198884
33.21882681825309
32.735574116517455
33.760427015608
33.90311508840023
32.50241259587051
32.75419499760255
31.86452045961903
32.66774097605503
31.408978122682583
31.970806397421256
32.012903245408324
32.178208648465215
31.684307068672524
31.533336737376885
30.606253231153005
29.926226963544195
30.009788738905854
29.185395857031835
28.60065495524873
27.73944271444134
27.08263465084383
26.98589394641931
28.15279971643895
27.20902688410547
26.77754218275004
27.309982784848216
26.391483172501466
27.355536074613156
25.844952864253173
25.824987059809473
25.057158189558777
24.936588799948368
24.10018022940858
24.100339248173213
24.100785220493435
23.940393750249086
24.47814270654203
22.733213887016518
22.77423064862478
23.501771712889422
23.333198318765653
23.075250863971974
22.789212763981595
22.85924174592401
22.802728763916093
22.884737508168655
22.848482957636406
23.69299349398125
23.162399808255714
23.776389157272206
24.76140738069421
24.95353750068068
26.01923576940726
28.32356196152591
29.04220758933684
29.26066398599596
30.09640279947166
31.163213050250988
33.6972187400861
34.788124342270976
34.244575678668525
33.88839577736553
34.78780860647589
35.2428534499345
36.03504295575408
36.61791377241366
36.93345090559933
38.507501728602165
36.40137572702224
37.89747531423404
38.0257667292301
37.24025701771984
37.73574495517471
39.12609386150052
37.82321084089881
36.923215378352324
37.95350216832844
38.17167195494994
41.860071764858276
43.60979906961438
43.804564284081835
44.46943506847765
45.43476139659924
45.94462986539861
44.254328591529884
44.36595241591431
44.36925102015607
45.05650588673075
43.38575914471585
43.33740620489402
43.761166932739116
42.44391980127716
42.668091330372135
41.66072358457325
42.78843820976829
41.64952407894157
40.249407474266036
40.61928897981397
40.0345521703141
41.739318496065835
41.198396403709694
38.851481074279036
38.80084562241609
38.062706332635344
37.46662916761852
37.482097565941785
36.457825087174115
36.714729083852944
36.03430067539239
36.244961537524205
36.47356436675477
36.033464561087385
35.550501533334455
35.91836364564915
36.93908175708816
35.031795001523506
33.579801015916246
33.41195835578037
33.31959109023842
33.536401369907026
33.55626907453029
33.846940611198534
33.681510229818514
32.45019885282454
31.342824895927833
32.19555172825608
31.12140297122596
29.984031165045508
29.151906294144283
29.33675644983964
29.59833556508852
29.992887554369645
28.53248740124627
27.99901594515859
28.063358445516997
26.718687541797635
27.50741218354983
29.0513462267852
28.517403403990784
28.419035813057008
28.13393430909059
28.280935771251848
27.319361627239232
27.270950198284936
29.01098073822368
30.46891863609426
30.270556867564665
30.713617936178025
32.82528672804665
32.83797510237014
34.34396353580564
33.708723794193475
33.703595783369565
33.984903293283196
34.26124910182125
35.33150998003043
35.79964891013492
36.61884554566268
36.252536745888165
37.94581597087108
37.399934229984865
38.66229004708225
39.084712706975324
40.44218469037196
39.90778556782834
39.541964613609935
40.034372884410004
39.867273985826614
39.508096468607164
39.433021421803915
38.92214856647388
39.17003339345956
38.44054628922413
38.658301510844694
38.87286142879066
37.240096212746266
37.417644867088256
37.45106595967354
38.05025679430855
39.56522939179399
38.91375364739429
37.82987240866896
37.88649515573525
38.58692403263899
37.937347460998126
38.10920069471376
37.63472476921311
36.87762749073954
36.33061528362737
37.03164723061877
38.45343877433061
37.97640023181816
36.98700024376399
36.4905555807718
36.079130112145094
35.51052036051249
34.25298565058392
34.88574181061472
34.707288551504575
35.142052192005394
34.55582639431191
34.9231286984982
34.26286816786501
33.590462215905745
33.38017861201297
33.46057965398427
32.959205253006076
32.86884035392359
32.057614002446826
31.542890002682952
31.70345222560013
30.55058173311852
30.064006859833853
30.121645292155563
30.450072636114328
29.875482584473048
30.2206689323516
30.15249299352422
29.73570448264377
29.08264384388258
28.21540730305196
28.368066178056324
28.368356145269445
28.580382124041876
28.637186355916356
30.14960931796054
28.441658638015497
28.157220216017777
28.101425784719822
28.06380731742206
26.697198659551304
26.31158986291848
26.151140707909008
26.51723881528642
25.993285609265286
25.993463741592905
25.72749562755689
26.577179693560538
26.02098239105578
25.209181792488152
25.99808398282812
27.405341781597826
27.177706725418375
28.74230240900306
28.66493159770289
29.6323715035403
29.985817184377538
31.54521897326572
32.12699622346281
32.73303641274515
33.68295303343325
35.839510422718604
36.119223907020114
38.16670422879861
39.50841940014698
40.26034993744179
40.00475827078981
39.163241752607064
39.37578645018175
40.61048308547015
37.24895415517585
37.1615563375226
36.91450806615353
36.92569553162298
36.399855800920704
37.02765021255095
37.32647260817828
37.11965061308831
37.4828497994381
37.239256438927555
37.24251435928818
36.39103717087232
36.951134352818144
37.443750181479345
37.36007743323421
37.47282152426487
37.59895501599999
37.36550463194408
37.283335625673544
37.65878300635654
36.00361601228087
35.686341754336354
36.60043085082316
35.79492250688622
35.32866460221976
35.649209747477016
35.130694688205494
35.29665266502127
34.678545676532394
34.17715108788684
35.25442843174005
34.71310252486137
34.79588913771522
34.819648275771215
35.332940050074285
34.86202313313265
33.58858946829423
33.52954818315311
33.31114558989293
32.74742172120273
32.73438399178826
32.12677304228191
31.951026430461297
32.471485315816835
31.46200593804656
32.50157554151838
32.575120234410406
32.74103731675541
34.40898746849575
34.32924686853926
34.47174707106251
33.742559248838916
32.058799895692346
32.004435195370206
31.75468318650246
31.1160101271073
30.744052598629423
31.39452802064534
30.067073801950983
29.64597705520123
29.706776145615322
29.194954298959374
28.9958856315493
28.981612488095834
27.509555130466197
27.443664524277665
26.8583993646198
26.298451088319325
25.955081551592684
25.409321199612123
24.528308534801226
25.27691542668913
24.70626840437194
25.652289833689338
25.75580528117598
25.889246974285015
26.38569886766868
26.837124628907986
27.113328337125495
28.47794145228636
29.035970961862176
30.061508951883752
30.28280637701846
31.833259227734175
31.632511164431207
32.90887627590462
33.71378283271201
34.53942234425563
34.91387096071139
35.3901993559457
35.9829174562833
36.983925157079284
37.25796627951968
36.59009047672953
36.15853078017062
34.68842705833595
35.25183695532746
35.748306605676134
35.397441925456064
36.54640132096097
36.04056135282724
35.39605310981483
35.17986925516925
35.85821371148677
36.012212370425004
36.489308773330094
36.39352678413911
36.5851214808481
36.81103235463047
36.923810879224675
36.85092210258131
36.87879777113915
36.51133647879783
35.92063113203244
35.46126627528042
36.15927867119569
35.583202648955194
35.04842873517691
33.96174151229002
32.04775734298664
32.998045556658326
33.29325983844137
32.98284240731459
33.13127386583915
33.324261463248945
32.17893076895166
31.92013314520841
32.23573773477665
32.40190616725022
32.18510459611662
31.556948835047024
32.010434668186235
32.24063177922699
32.64427807449897
30.631975912357348
30.609499161802887
30.156758733415245
29.79330868155091
29.896032856625425
30.10661481385455
28.467995280295668
29.00035469023578
28.402788339591098
29.24844824718548
28.693244545417883
29.528645227230754
29.864204930548112
29.09208568655845
28.586592511192976
29.157996402573872
29.37340822844635
29.094984241798784
27.634339154965573
28.38311627376038
28.305036618669646
27.978084758290265
27.501326494608747
26.81138794420076
26.67163379192266
26.73727899773735
25.93433117234565
26.287779858316753
25.54689109570768
25.021531153461524
25.350987076128376
23.406303980540997
22.812545638563506
22.53569232059499
22.818940888788347
22.985230786450984
22.20518574618916
22.9455678378489
22.543737281358744
23.31669553817028
22.436508247864822
23.290488574520054
23.36099453221641
24.104273402554327
23.571704829446844
25.147192884727247
24.341484498509317
25.131320341582295
25.51609934250382
26.276960146216425
25.75965127714312
26.01760679174413
26.844533722715823
28.568555988725166
29.386110504104636
29.222862942633128
27.615880986247703
27.99786042754522
28.403759611092596
28.341656292327116
27.727521011565045
28.296389527650035
27.8397191074514
28.018960774576954
28.40836337678593
28.40818823601967
28.389826551867827
28.760227215266923
30.068615693919355
31.531809548670708
30.859313836231877
31.365424634411056
30.37412421049828
30.844938453216173
31.526819927837096
32.00360480978975
30.86950911686722
30.851052643570256
30.23279601652007
29.47213676878073
28.599144787682008
29.163961803307302
28.649673180582113
28.318708713640262
27.697907863835326
27.71285973417116
28.664415355610117
28.343647633349747
28.82576184634604
29.995963091830617
30.366456443772222
30.533982955058036
30.896565650548837
32.18271091622478
31.176231264591706
30.349887375466096
30.15712132337285
30.402917510139332
29.067091981793055
29.25050939192215
28.534537892395065
28.187712568350207
28.180496694363228
28.71603416499329
28.00761799209704
27.82688685695848
27.78433035936473
26.601011951752525
25.851053175175366
27.11130804423351
26.010404048270402
25.84159928829945
24.945343644434388
24.899380353826018
24.606971464658955
24.25464326786539
24.317245353905037
24.28151730091122
25.19165156469944
24.459899296170306
23.009193267530463
23.362826922095564
23.24427376921767
22.59610496619439
22.55535560190151
23.18497619789673
22.462288951803657
22.508481000550546
22.177072518195246
22.080487586606296
22.041370169846005
21.975032415190753
21.663652812032296
21.784337956738455
21.437867352371086
21.53109024635137
21.479109731540348
21.787057284001662
22.12855840476186
22.28138272222077
22.335438403179865
23.492193725185643
23.664698300031432
24.056026103994668
23.521497485721056
23.83993781270692
24.899475213899677
25.092437899555875
25.851531624329937
27.018189509196077
27.107284800280013
27.149164090816612
26.87707969678536
28.021899310593426
27.635393903899967
28.097673207353864
27.477233844801503
27.90094672562509
27.449562185903233
28.84140984824535
28.17998146782702
28.53306462350031
29.204273788452497
28.80923028127995
28.78013425197969
28.38116160976756
27.847134266447256
29.397008614864262
29.731269734800208
29.993069828381522
30.318224542837015
29.526567368839096
29.392473661997883
30.53146703571292
30.59410987698834
30.84600008308098
30.22162963105302
30.447317851715525
31.105515030106517
30.7467671491529
30.2019898168121
30.69770416242227
30.8874943779806
29.41159501392235
28.946016292419472
29.705457114394903
29.59655279597564
29.285185378883398
28.899537738548247
30.12617373587136
29.477992119726878
30.169882444420864
30.038397187711553
30.458486916057836
29.514567477303217
29.257490024292338
29.551177121107003
29.290529825446356
29.292967718279215
29.207325783320584
27.947649386052262
28.053669158402727
27.804690735848908
27.8161555497054
27.418750733362003
27.867310776407294
27.127398291726877
26.37061455246885
25.715202772466682
26.259841755182606
25.38456763299746
25.491773242915315
24.3336030279238
25.382331619185152
24.08219049575041
23.85760018548831
23.39776366260321
23.779788102232942
25.07796636084049
22.49733207468921
22.854288807507146
22.870209228597105
23.280231097143314
22.729354122575614
22.40863580632322
22.399438238127914
21.843637357527086
22.189686208085504
23.441432010840572
25.16295208000156
25.408547432651858
25.83820000190076
26.700934931318898
28.243298044369794
29.165118702900145
30.24215151571184
30.366400751608353
32.45006999237171
33.42052727069586
34.13052966396731
35.461034113745086
36.79251429077135
38.12192287849393
37.777544869535404
37.846882033483894
38.603370031961845
39.50013366612734
39.62777430994856
41.760091736788354
42.01999820831429
42.8785799338948
43.71036710224712
40.714416126758806
39.749574853451804
40.22695271360476
41.067578906644485
40.56966588530213
41.11021614808578
40.15853765353722
39.26490386331034
39.650971586614105
40.8763320666385
40.41626535631235
39.872144080921544
40.5810119841035
40.23965757353653
40.30614039123361
40.01278884352496
39.67971100963018
39.792402832077414
38.391541753215506
39.87130646871401
38.81808764895641
40.59060494208575
39.0945326759545
38.0457355006414
36.763721323195114
37.815923047361366
35.969758502690865
36.22463308780107
35.8929637538281
35.95710895453817
35.78480260392348
35.35626901518708
35.31287082954009
35.20557226516439
35.023528712076086
34.666748695025035
34.46523030963067
35.27975329585843
34.860353769581934
34.58840145446402
32.80935526000553
33.32452999159932
33.51726697580534
32.35510978986849
32.65149649769933
32.99154431840043
32.096393039423674
32.492469461493556
31.31693195837238
30.595668270207852
29.88412928503817
29.87509904110516
29.275488933136785
29.29112075074545
28.609049881647024
28.66133232947209
28.222306180385317
28.883852987694127
28.446663388514935
28.014022987401177
27.47915311036877
27.18348120834503
26.96415451935968
27.280678790985803
26.72133596317076
26.548506492315937
26.637306466227074
26.9784196364767
27.023150740604706
26.453129222719326
26.51078983784032
27.030064201313962
27.251609533831697
28.08610228749444
28.299851432282594
29.42911823694226
31.412606787999493
33.49262603411012
35.22418617280118
36.4719892665305
36.64683890916763
37.77077228100677
37.528807097135086
36.92468554931929
38.74478738231346
39.477358002588176
38.818852523333135
40.85705101329404
41.6868272883969
41.85357862720798
41.62006501675933
42.05567213709469
42.131484710551604
42.217588054007365
42.48449388352515
41.64678551004192
43.757433002896505
46.227556934243694
44.7233111679011
44.58171376737482
42.56480305983655
45.23851135431164
45.50784584553685
44.03160101772369
44.687323758304274
44.79729101135763
44.88510970049629
42.106945121921854
41.78051847702682
41.82688392747559
44.119703032930374
43.79734666324589
43.25214471861318
41.785884127535155
41.32305780262527
40.855741042146065
40.5281682718537
40.43526739128788
39.57677760057777
38.53839278025566
38.68750290180742
38.863534081208854
38.817184349247555
38.53324728374855
38.59999342673564
37.65772812603154
37.35070983799551
37.712565390978284
37.47354199383494
38.19243494069747
37.2227727725226
37.490793826681966
37.923196211302866
36.64355691406422
35.58194787363641
36.68561083490181
35.65564471505377
36.41236415768708
36.239553631176705
35.24735556284327
34.23323947389213
34.50544659940488
33.63753266735125
33.86954463872371
34.720029371434066
33.5490952047935
32.52215877286994
32.64104933566091
32.10194883717031
31.554015962759195
31.665779649466458
31.447730958365128
30.34018378534779
30.96475720486478
30.398647396521937
30.398857427101575
29.524974819343015
29.92184681946992
28.849280134239848
29.20231067535019
28.647815030056563
29.31925458156752
28.55938837461963
28.717345510254745
28.106776468781163
28.74577726970233
28.263917183345256
29.18906000171887
29.05904402382248
28.541504258602117
29.579619545636888
31.062430255472236
32.225725719972615
32.642733228171664
33.128705796002805
35.27048967601195
35.41470368259752
37.08884422826918
37.917107313222004
39.50766406083085
40.688835143202596
40.32135860360472
40.599082072592864
40.717025803547585
40.98170166676118
41.69307194657267
41.33944803202735
41.54418977327737
41.96620891337716
42.648231947011936
42.48778113975436
42.24080870864668
41.91590711283129
42.80165366910887
42.469252042285234
42.5833411041242
42.6471316292766
42.41866424054433
42.22908763053442
42.69305828791971
42.820238233792
42.75897252457162
42.2233092691738
43.47357129135207
43.450738658978935
44.3294517556003
43.78657332727107
46.15898574026937
45.53566086204569
48.989593264411496
47.9273097000048
49.73645472875546
49.057341141686265
50.34191184446763
49.410524079799416
48.54150912069554
47.96840213805717
43.34490552303441
40.81169419518733
41.679672541248465
42.0399767888141
40.83035361859561
40.74704596105403
40.82729375856957
41.18272741444002
50.169155156609804
47.46655784186146
47.7388941562333
47.656742293625484
45.304095972985806
46.425037688256
47.0942038587566
46.40045305275271
45.600241977884934
45.87517904357901
46.0591101046457
43.2761422331439
45.522956289765034
43.50580905872107
44.285469630179705
43.69535390377132
44.21023404845232
44.21475553157211
44.02181144826454
43.159320194421525
43.6266554733927
42.42844467151167
41.73357908718117
40.594969888391915
41.65481652098083
37.29862496756709
32.579584637546304
32.356048383346206
33.224933394480786
32.48622803975218
30.578587413233663
31.578568137446382
31.20615239650124
31.772614977208377
31.23320203707476
29.860768805403723
30.685172298334464
30.302826028354275
30.287858432454186
31.59651573098165
31.47867440448931
30.920054268348395
32.77900089204172
33.53080350228538
33.480901565402064
34.59898206550247
34.66295429075626
36.261029887757104
39.85212331175376
47.733838404937615
