92.97871693542919
87.50707061447295
88.79720292404114
88.08555099029229
86.18151609875439
85.74389768265182
83.02615318522669
83.16567123117103
79.78748161578238
81.78540665531571
82.95146637377586
84.58580098280487
79.8807853178978
78.25794731663599
77.11796444529512
74.91114477238625
72.5114681192504
70.42949652413836
69.67046456272315
69.17099006341003
67.72756174749512
69.21498287777754
71.34255248270375
70.4012739552038
70.01474944032705
69.82885454466944
69.06273682947312
68.48480593911168
66.98680447644848
68.3875773552604
66.80582145614609
67.5075894777626
66.17509468622985
65.53001648642228
65.5296654457613
65.02233973358672
62.85228705420283
62.21058448777256
60.80422629473201
59.66858925048196
59.84516448644454
59.8908838508788
58.20105903252238
58.59681788975979
57.1795654422257
56.90222107738206
56.65864146812011
55.74787002492643
54.904079470604685
54.882514964665454
54.17881650358272
53.91436056663378
54.409747986310315
56.15352985021984
54.438169285406765
53.017197461890085
52.625104882175144
55.036882134551774
56.5815378191956
56.554893608087625
56.86896789558679
58.392378429213835
60.90154375693246
63.06080616481412
64.64201296656225
66.99819941393135
69.7879444567724
71.48788500173156
73.1115070512979
73.56142756043761
75.2892725966324
76.9820298464388
77.84105870282575
78.19611891971525
79.51139233538939
80.2381452737922
80.36555217504484
81.78833529462406
82.11458845362421
82.2693147764125
84.09316076623311
82.14859934088872
80.21459184783915
81.36233374389036
81.73759094788551
80.79917145780853
79.59160832834522
84.31446859477973
85.2652021554832
84.26030922602409
85.87461831032414
84.61928385676222
85.86975088324196
86.50361066010048
82.22045502267582
81.54369162475018
80.37078617951701
82.42607664295542
81.33652228078526
81.94395388640912
81.97712332051202
81.40930135560353
77.7807046295182
77.74396717320592
75.32228074852976
75.33185544104407
74.87251868348517
74.3846917249625
73.22217289198578
73.9024138614406
73.40200616772248
73.974887839184
70.72178974393479
69.5025330710274
69.07705818500376
69.69371667583209
69.8396853518353
71.09679210623028
71.38201884150368
71.22899205934766
69.92522910399816
68.69376753404038
67.48252821096187
65.5751400196743
64.85680515709345
64.24496434797281
63.18051084727345
62.85852783937384
63.16505510173197
62.21871190474444
61.41296391657308
62.117603225309054
61.973352852022394
61.532519204553104
61.422147810199675
60.05045539572184
59.928499260107266
59.01128847267786
57.745108966181505
56.67822779770856
56.197146642727425
55.37111340465025
55.542674517136476
54.78304371554791
54.53699049670958
54.08461193968951
52.61460878505461
53.167240086899035
53.1726901545707
53.17742863131999
51.945339733679525
51.96906273023539
51.4184307547996
52.42094323185152
53.59984144354412
54.929363383154374
57.92633515509942
58.745528976853265
59.83916911982874
63.34202371179868
65.50968882901005
66.31736732296221
68.0619671554742
71.90821221794816
73.78904193616123
74.01882703207679
76.06713198252207
76.73163676740126
81.44749695888156
85.66096963812359
86.82728374856268
87.75446824698719
88.34003622429098
87.28519484699136
83.66569438151018
84.68484453118486
84.07510450696978
86.60313822043278
86.62812607847302
84.54092457952783
85.6072308616145
89.31800217133363
87.8696936442883
88.64919719233224
88.43098241242801
89.5572368119933
87.56323971192714
88.84110976166528
87.15628756907806
86.64820782813494
85.33528986211866
84.83446940133578
86.1063554688865
87.78954640259099
87.62636643789573
87.4105442768757
86.5544060769032
86.31989117987577
83.8190281009774
82.52212090547076
80.25475077877059
79.58613893249253
79.93190434884991
79.33636385466248
76.07009515029054
77.65517598165418
75.91990825092077
76.75521661140638
75.55326176525509
74.7078852635621
75.24626031129608
75.05019721341878
75.3752082082106
76.4137908930243
77.28476537489998
75.61441869541119
73.50200627509174
72.62871962899092
72.34531035392061
72.60270381252667
71.8761058511206
71.54638672333783
69.63672997224614
68.2675038642901
68.38564271060898
68.37811393756361
67.7139847974986
67.09813817073885
65.57815787173038
65.7686139076134
66.0204237843729
64.49555739652868
64.49631414579218
66.18658098511625
66.08145815205938
65.35957223025913
64.79983014637446
66.22342965652037
65.37973898061766
62.95937316896188
63.391246396951814
63.10074786318156
62.404956051524906
61.1268361032234
61.37853710944824
62.18591020606782
60.24586290091479
58.18058667525441
57.50057989481201
59.28940809774746
58.36250793828579
57.942236826194296
57.807582366054234
57.700480606238706
59.65369139715663
59.73147623317866
60.483369841064814
62.18348835828398
61.79772539978721
61.694459302584434
62.76199546036447
64.5718269984396
65.23500411077731
65.80753818192765
66.93115763389586
67.80087415738346
67.97727852965802
68.80359428425893
71.19078487717249
74.31148359027796
72.66667508890812
70.65990478235136
68.69578006481109
69.10964315113178
68.90863234172804
69.07416808623256
70.75596940445016
69.37416990216559
68.4838669535817
70.3648308702948
69.43136665509421
70.21691234968414
72.78804649569548
73.60503672584811
72.49015754728187
72.00651753197572
71.5948924401049
72.00583228033537
70.39493976546673
71.06478270789842
71.1768262976797
72.29012609919538
71.58480088752779
71.48245966426501
70.07639265149038
69.84744537913807
69.86041219532146
70.42941656259495
69.56530125416893
69.89190797406275
69.81220742423021
70.4169862409695
69.6332865343767
69.88640517028074
68.37828406299838
71.45258144361911
73.23990007191905
72.36641278695865
71.10934441070728
69.84544915809315
68.66279841802759
66.03097834053878
67.05223784376113
68.43543646299963
67.42768779179818
67.70111488538501
67.33588194916047
67.66648179753099
65.67891599918592
65.48679796149227
63.74934708083811
65.54278832112075
64.30521552078801
63.65358864033131
63.70755886680117
64.20750106394563
62.92519309356675
62.81425034350485
62.52882316923662
62.226984110036426
62.9711720485112
62.21856897130069
60.79617733142626
60.73079461669396
60.70361158777462
59.76182253696585
58.844940217315134
59.289340272840896
59.69358440916713
59.045193615553856
58.121991363573855
57.339773082991144
56.66972080927989
55.00037360565234
54.84456344040927
55.37391597766165
55.04723165349645
56.10723807476821
55.10519172471632
54.73996577166157
54.98145822189065
54.86990145468974
54.55313613824115
55.03493617402066
57.110723905717975
58.0477554358721
59.76041345404904
58.91872149201523
57.73229005102025
57.769021963703345
60.74460496629696
61.6861632280238
61.35392835236069
61.56887126764158
62.8867215013209
64.51758576109916
64.88228615646668
63.633521911910776
64.8018643775961
64.45387032525848
65.40887686645986
66.1744202666676
65.44728964759335
67.79956742143102
69.46980958493704
70.07822173436429
69.25007788223823
65.92640403428194
66.18393109293964
65.97759377569832
66.5743619258727
66.99818540299705
69.05793004186461
69.63543542010918
67.5918783084162
67.60635374273122
68.14750184957958
68.64702169893134
68.5464976752647
68.8374137964565
68.6770766195099
68.32674200679892
66.37248139314903
66.9079736914496
67.88182510579391
67.36019497549651
65.9319504164821
67.03958538202664
68.34381285487785
67.74159609148906
71.83898834256262
72.2877597051872
73.63588627711329
70.90067223592
69.54015518219828
70.69231207453208
68.79971177324316
68.63355791499887
68.37883444172623
68.67601036560743
70.12266474500291
69.77955963615116
67.85841353708024
67.94708825651679
68.03261644139953
67.2156523138293
65.65844531724
66.60454890192815
64.90005186781957
65.89063048450396
65.83769957031976
65.30758389225707
63.69208530575321
62.40746015131674
61.98630929513748
62.65000525809659
63.04435268000877
63.24193253778907
60.77698625447047
61.153225728658605
61.240714208263746
61.37191452432538
59.482448918089446
58.21208479396844
59.524149566844756
59.418717507901746
59.18600599833885
59.44239310129849
57.48009533321106
58.11607426508152
57.82669772067986
59.64394019296149
65.18130748956818
64.51462365234491
64.03949832018174
66.89097023809097
71.73679122523058
73.21370905284658
75.59096884350328
80.22091847483529
83.27676607983132
87.78463830773143
91.84133370853878
92.30343981968701
92.47863375925287
91.33156283598989
91.14624157024622
93.26266161124795
95.05248924093664
95.90219950817733
96.7469100280054
97.05990927727616
97.42982476062934
97.31040848256357
99.67280839215555
99.50346084511284
99.78760247756013
98.55826303476046
96.05093273425607
98.91546950785019
100.23651251237268
98.68099218889672
98.98567924828099
97.48069665319187
97.38942357293831
100.71543152871095
100.28453738037048
100.41175514858016
97.14155983192116
95.59376865746269
95.01564409858861
94.84428285232272
93.37428475392423
92.6745665069202
94.69306283703747
94.70334193847134
91.70266279215318
93.23465277291893
89.80650269847368
91.56185783224406
90.86258134542717
88.96900599567167
87.81665594900868
87.81996756884476
87.03002760586399
85.07453692551843
84.48373362828733
85.38881518556184
83.59574359140987
82.72645227057691
81.95547951259292
81.1492981315274
80.65229462982813
79.91923958125818
78.63234372460845
78.4794261642648
78.10170593931895
77.64548781180291
78.28583164790584
78.90032954895702
77.0590504661017
75.5046401972941
76.08226373267487
77.6636929925322
74.70545048815063
75.43159809794393
74.2209511820044
71.60647961786137
70.0549476817151
69.51067424863177
69.4841533063395
71.032264924239
70.77518276496731
70.02410741337965
70.76544435411618
74.58949959641922
71.00392453947741
69.2003793149933
67.96539150724936
68.11212742695126
67.70238260110656
67.55161208116124
66.2685547800616
65.79855339321855
65.37364666435006
64.94776844793728
68.54568165292105
67.275701775617
68.46155735967406
65.06822443975327
65.49592960345014
68.28493896420251
69.20381525788348
71.36170786592821
72.79756821629122
77.11436940975939
80.02374860398415
82.70467598620914
84.16733194344087
85.30800788904708
89.67463314459306
88.96359915266399
87.9854311169219
87.6922645652571
86.29719440278322
86.65487433057424
86.02279604580609
84.78799583068417
85.04893519424564
84.61112643641043
85.30265577216394
85.26919018654564
88.32139996470963
88.14782969237513
87.09035491658199
89.68198738415724
94.8679155305602
95.8302879963986
96.21087825037563
99.10989079355727
96.98818314838377
93.37249444898532
88.2040987349663
87.80065453090856
86.149907367553
86.60692883541944
86.28189052306294
87.02279932970734
86.61101740976336
85.74752292066702
84.04049295473172
83.64253740804202
82.54147401516697
82.09508351297828
81.14243792827226
81.0146347918509
79.75316297990202
77.74618357429418
75.62936616299987
77.53432900704092
75.74587746838876
75.5982015215147
75.39008596619627
73.37614196347258
74.05805802101271
74.9950633225544
73.31237360289919
76.1878981071219
76.49487679254922
73.25379554684632
73.08625503210499
73.46169416487282
71.38720511587017
70.55143319472704
70.89806995287293
72.5175066680617
70.92185976449
70.745899655188
69.85260819149904
70.86772264786151
68.48368493273543
67.54948348006378
65.79361991498857
65.42217796084361
63.607889955349336
63.36825012184244
60.81373919603881
59.710389591083775
61.98453680425764
60.322682141171846
58.49790363524888
60.16510008308341
59.23582433739284
58.58537230404188
57.23557058399814
58.924991947456775
57.12313130539536
57.425236431762904
55.21116209308433
55.85044836381842
53.898305116110606
53.48885196889201
53.916846168238756
56.68318953683328
56.04485037818041
58.32428225876238
59.81269786301614
65.12408289453387
67.75292716710652
70.97889654967562
74.64272758475428
72.40364708356901
74.58612410859197
78.19520921302785
80.36361676662072
84.34293132400985
87.34855099031967
89.11613557198912
90.31589878749507
88.90644762023535
87.99395082803392
89.90541570126119
90.57865533996974
93.41085457708778
90.15720868198994
87.24605569103079
86.80101233471204
90.95811916246807
88.91699651825054
86.0488471118315
86.14632937784745
85.9855159902565
88.73409332607251
88.81556558613266
88.04384805215871
88.81129066496385
91.59017825123975
88.20049789011401
88.59945644639191
85.65956521182815
85.67112867673569
82.32585047512116
85.10688294027794
84.41370197710481
84.9175181702236
84.32708186144015
85.79375258577056
88.79075774940982
90.2539896398911
90.0685486854961
87.23698357276317
85.36387155719295
83.57253245850575
82.63951062401443
81.55077865558039
80.78603152717461
77.78807254703932
77.92979202955641
78.61347193430015
77.55300684471615
78.77900576303516
77.97338158467524
72.95848199160167
72.05317232005379
72.82193611478675
71.1152741193934
69.39656662400463
70.87322980755938
69.06075415895899
69.46731351113479
67.50812198674872
67.23617291923674
66.57334432825334
64.77392747494443
64.37097512550915
65.88292265061467
63.83250025109903
65.18376532097238
62.776468469334645
62.672283752700274
61.38372207701093
60.347414964175464
58.47379636131965
60.359795314424076
59.93291354776839
59.653307907182246
57.97570468030555
59.53040022458253
58.44893793496831
58.257899686056504
57.507335585373426
59.258167405884535
56.335973389141145
53.94034899128551
53.40128993348891
54.20870127968871
53.667016254765436
53.272386584612065
53.83091631204149
57.68250576632107
57.278088835958194
56.78171743607581
57.6311906443295
61.706526754518116
62.64950427309925
65.16942429630495
66.8670701128193
70.08574296473608
71.83145894871521
73.61305673803425
79.09665543902568
82.32163759006608
84.97776992797628
85.8781480650074
82.143672494949
83.6972190354237
83.7004618621034
84.3298506210462
83.36812408899507
85.67112308122584
84.5971183083827
83.13768722854368
80.99025362528073
86.65772010539959
88.40204460361974
89.66341282888862
89.2875153187334
90.4257195586064
91.93731501554589
88.6012540911927
86.5623137258558
85.34583058474047
84.87334334838842
84.99027924381568
86.44950136434713
87.06744138773489
89.58858473046872
88.8952650210326
89.51889110494992
86.24633282287331
85.19382542853332
84.65718862981782
82.44369928388083
81.25750601884567
81.0618324578156
81.14250695517468
78.76816018629684
78.34867172555403
78.06836316971298
76.41900099270124
79.60298835477703
78.45682511256145
72.95221960033399
72.14149124636458
71.36078754284834
76.94048219339913
77.61248046962484
77.94671875145497
71.40618869084332
72.17330120068739
75.1741245987976
73.43842059971104
70.22540017097938
68.69310504319449
67.96451365907359
67.20218991443531
66.64222401573045
68.82932059889902
66.44814202485318
65.10084379888804
64.45236848528116
65.37282113349653
63.02718870622718
63.71182936286495
63.12165920927366
63.62553399019073
63.88737148246075
61.16994322157623
60.72244648459623
62.45280947289229
59.73108192833238
61.24420562395509
60.32312084158047
62.829087020219184
59.216009552869345
58.67052990464228
57.9452091728023
58.15175321068506
55.80375010017812
55.223671672418334
53.88567476169944
53.83015327495812
53.320887891897314
55.624636905288014
55.05666848183223
57.82904166720079
57.0641296065054
58.77940476121983
59.115907639973095
62.63168884628888
62.215813584787526
64.29070639265993
66.2703646475159
72.67313045867704
74.02346967023234
76.55563945127814
77.83117928270491
81.08855831668475
83.54473102209776
83.63674348518705
82.4874639606945
84.6997455032691
85.41392236809178
85.78393147115546
89.54334586836077
88.65183670681218
86.87696708420907
86.13342812826326
86.03404921707329
87.15869696948042
87.76910493987269
84.52318247989612
86.48547326910517
82.56369074050806
84.52487191573334
83.55012094460967
85.31401874031208
85.90608687496618
84.82516247189236
82.80579698169852
82.25290551645396
84.331652844279
87.79673671682067
83.46089790399779
82.45529449952572
81.92370228938958
79.42531023660409
78.06350204268283
75.78436729561601
75.51081183277154
77.15267516873178
74.54465659578763
73.44092891416724
73.83710829531401
71.85806679097965
71.69567655977329
71.79447577065105
73.74871290464492
72.31515268020712
69.34290448410366
68.26389729366574
69.61164995102618
69.23008432516295
68.40748381192424
65.71849368907064
65.24384013831909
66.95004681674637
64.71167935028171
63.46971191065354
65.86887398848155
64.20106506382133
64.12689218473076
61.85849319326568
62.888336233917784
62.1212508710411
61.02917377456887
59.190512321479446
59.20246149148173
59.81667066730426
58.16192153398922
57.64565778651817
57.922978814971984
57.16810731031053
57.23371613323567
57.38949544978722
57.43339690629055
57.44575879853413
55.84583239817989
55.89467451280882
56.353703474492875
55.00461662802513
54.382907184463726
52.40048394249705
51.80947854309302
53.11088061264447
52.122215393648304
52.22903475061292
52.62550260376727
52.29699330622813
51.232267179699754
49.270822411941225
51.282597054317534
52.131135009753976
51.084193330090805
50.996017255783286
50.42479655756158
51.001625995341776
51.777424233867904
51.86132975852814
54.372911897893665
55.403345996041445
55.61670403485639
56.297855728962446
56.330581441374335
55.534544183571825
56.092294489004395
56.814919444308366
59.68463931981083
59.22055722086154
58.215340564916154
58.54137857045243
62.30677136086393
61.745101731408596
60.126712378481606
62.17379198878314
64.34414255516663
64.44315020856959
63.66279347683445
61.36040676052491
65.24481055568867
66.59123928846995
66.09851582003333
68.66710852901934
66.01097240315997
64.59671520041627
62.631319038424664
61.46543728553611
64.39835394714007
63.93020326845112
62.431725445732035
61.40699499990418
64.95114940468872
64.39367486545547
63.98577240810366
63.019763884930086
64.23927464839605
64.89136360137844
65.0171365011357
63.931612481025596
64.85187220648422
63.849247335154445
65.17055253034785
63.177639230236736
63.363473071243476
60.34960725597691
59.329579777927876
61.002781166598965
61.48068534263638
62.10849340063254
62.34544860913644
60.4774136940886
61.95609572805262
60.32872014731262
60.46612796673709
58.521354099709356
60.77463034759697
59.39834075288984
59.284456407038235
57.498864754896225
58.78950063469963
58.09189533435054
58.53870626359779
58.28643854259059
58.45489235353696
56.55299971649998
57.745787416106126
56.311649760063965
55.96928884139185
54.93161882202534
54.926863291765095
53.111486352174865
54.292125167510655
52.927913705583535
52.608750680436536
51.71727435333843
53.00797233599404
52.71250979723181
50.7316034091244
51.19291352375711
53.611361514680866
49.36786018939262
47.228248865043824
47.04850386665124
48.57248408517557
48.54872968928298
46.671652658361445
47.23524131673702
48.808928720942355
48.783525351993426
47.167937728015275
47.37156553690546
47.72564443592086
48.63482570882928
48.1697517186552
47.651107986750546
49.031450712916225
50.852395988249576
50.53898518354576
51.545747642687466
50.59153898802486
50.243287521063735
51.856250112520264
53.9246415239291
55.075769670404256
54.77667106861346
56.42264244832433
55.53459544755245
55.73796056312228
55.00315507649894
56.018236451537646
55.12727305332816
57.88524624246136
58.50592036073789
58.24773525132032
61.329049440606695
59.36782568965845
58.85232808464545
63.91604866022279
65.72764422355561
66.65486720481212
66.40466181778777
62.46128472714423
57.37733700710419
59.4949550746245
60.592949686149
59.46966281400429
59.46461832445337
60.77701567697809
61.466798861934755
62.5902289295699
63.293881800710686
63.48479867241089
62.596739558015216
62.9994931208994
61.803867266920385
66.24821873018908
65.12223525386727
63.353722388893594
62.984619966726626
64.64031262556703
64.38969968128703
66.10170420141213
62.764119787979745
62.459872111336715
60.23921283139879
60.980376784659136
61.49631975154625
59.502641089235965
61.91322247777361
60.16548805647868
58.50526084161621
59.47666618853555
65.12255459197652
60.84565506190402
60.13933783647937
61.87955403892218
61.10981586766609
57.919351959078455
58.21804059474613
57.3684023569547
56.31562365870148
58.47829363200133
58.4284014906272
56.89820078963868
55.02613911222798
57.41205670105646
55.26001539225039
56.53158005806403
55.080104387647985
55.37598654766015
53.89068389777306
52.74475122819646
53.96838088643403
54.11487000796928
52.98344390377005
49.68727290700967
49.92781645085904
49.88328004885231
48.95840122580712
49.394643205421865
50.218799703727186
50.21190065482149
49.71586949495778
50.79557454928809
50.288307601043115
51.193496128845226
53.74498696478762
56.89891413732607
57.652818729276085
59.9523628587801
60.640584282722536
63.32839496197246
64.62121076916335
67.82497189598551
68.21315522103254
68.91262145942079
70.5226006245505
72.25330723886015
72.35054920972448
72.27009301955343
72.2257692905684
73.60366269082056
73.43420149834151
74.1832463519375
74.59013976543342
75.95981438764613
77.91881092921733
76.57754536246644
77.07367465072834
76.16176705946738
77.23849035944482
77.99138780494715
79.77965185428334
79.18645231585893
78.85693677684009
80.77013864285607
79.63364883519192
78.73408521522265
79.99639733904027
84.99203846705282
79.24583532287215
81.03185138789917
79.32501159454091
79.87718878510933
78.68378922258533
77.68662145710374
76.67004409652003
75.48135462529494
74.71288776462268
74.52774755160799
73.71271597563984
74.07926137746753
74.43964874098157
73.68958501409145
72.43848152735265
75.87635587695434
74.38523333703091
72.22741520724733
70.13414727664585
71.03291100522202
70.481017437891
69.63268358384894
69.29488108644469
70.56123921489453
67.73373319427475
67.57828682046375
67.92001398142068
67.65831244566223
65.25678543130421
64.57575014056523
65.32966721685864
66.03268487332589
65.20158256051275
64.29584036523097
63.11600091594802
61.57666027064636
61.1940275826638
60.26189333977822
60.53783597831517
61.01143828545272
59.18196147382826
58.44233530412404
57.47228859173993
57.10552904430662
57.30933377372526
57.13488935693511
55.255420370860676
55.9944495195875
56.85589465598076
56.89658569958464
55.3284978016837
54.806018293503755
53.701957659948796
52.350766306156
51.50851527859474
52.874139452609114
51.67640435089759
52.450032439569505
52.487007161414084
53.59450919773592
54.811309405510755
56.6380696321965
58.01681817028784
60.517689503919705
61.374527999993
63.491440096987
67.0896094293355
70.05621559933346
73.21977405462516
76.45530914642218
81.13850120482911
83.28415937322285
84.60972709182408
84.81154589901382
84.17566321909037
87.48253181087345
86.6410234851697
90.55833216298548
90.6749144680755
88.70475484653257
88.77175229268725
90.39736035412375
91.09384149802071
92.50142772405752
91.73604473723266
90.86539424110146
91.13826546910408
92.27470137553686
90.62650152762092
89.9513945189367
90.2520439819964
89.45636880225193
87.7849990110632
88.41690401350593
88.17102384779997
89.40440140142817
86.26263142772436
91.43428872259068
89.71560885278342
87.26090572164122
86.38989726653429
86.53148324501254
83.9400740614462
85.01573127116117
73.43705879691234
92.60761697156994
83.68123520439538
87.85998188459058
87.26870258853339
84.91995405353686
81.48655061081541
80.80033152701925
80.42113910056104
79.10783002121505
78.1768275353696
78.17997202354046
78.05051370910698
76.26074732593428
76.15084437162179
75.92610934133361
73.87117481221715
72.20306576903008
72.09766311807249
73.11795562324153
73.16777707729875
71.67485220307773
72.88890189167803
72.0653473126794
71.54972561340377
71.83207479296641
68.626597174787
69.40416235032372
70.43703160438064
67.46671931927888
66.07450872487294
66.58005754161593
64.57748234003091
62.500159530700365
61.590200520496914
60.64504928069777
60.76289379926428
62.37959825186133
60.923827111527316
59.294144942707796
59.61195532007243
58.88386455902455
58.51795171191808
58.96225604201737
57.40404832161199
57.947716704416315
56.313492344263295
57.20735857732401
56.06560094986253
57.24366044096563
57.59659115044623
58.27663219905182
58.31219910103636
59.70994385902242
60.441753230403435
65.76947352177154
66.36087601025646
69.00863814033474
71.07060532317257
73.57981848270046
75.50420746520604
78.23723569059936
80.37579031396555
81.82713517833042
85.03921678323091
85.22208130502946
86.14877788384834
87.70705356742226
87.08272218197715
88.31642464634696
89.71705407312021
89.32570221485616
88.70571002118004
91.65153934712949
92.03173205259799
89.55974578016568
91.14672026514356
94.32824590930228
93.63531739073252
94.67592938484553
95.46048595736386
93.96175905167382
93.74124371545729
96.24489992184816
97.43969460437678
93.24321164053138
93.71731933134248
96.11135526622618
94.62750013481607
94.17952706833303
93.0925416324181
89.97184259119638
87.35952857250018
88.22183666583894
87.86312968104507
86.59904817563
83.62901349630872
80.8376241727866
77.96656895438021
77.20054607837486
77.0537946515013
75.31346313660325
75.74776828256321
74.7588635858432
74.32058549062978
74.22903415831989
72.69677786112979
71.18571314591918
69.58095907267528
69.2327234937992
69.63127341552922
69.14240741356832
68.61244285433375
70.55988503430517
69.20844157738503
68.33453937106711
68.11930740497955
66.89369610828314
65.84225427738772
66.68504786105909
64.75402826858902
63.85682539185551
62.31651188533869
61.146827678515486
61.12801972736697
60.49519911030809
60.31847636349707
60.83640191098537
58.65063415138861
57.23237891101348
57.813007743785846
60.304484361181174
57.64163067368635
58.13070261111817
56.02305077911005
60.46042070366702
60.021343199713925
57.801593409166216
55.12235624077114
57.60474213808675
54.11248524225398
54.488541423823264
53.5119194657554
54.02139747051641
53.27867710607582
53.00367980595995
52.88475890796461
53.31784556406348
53.387309756834156
56.18737375283684
53.78826807195003
57.37813649833254
61.545520160303724
62.520355516749724
65.4915455593702
65.59077751360559
69.96472335364528
73.18869769667523
77.05245313041421
79.29791419159396
80.8819394969187
81.33833056624238
82.61824978286691
70.13392751559249
120.06747139125855
82.68437032062539
82.43993714037313
81.65885711805329
79.49825366003674
80.08091365002335
77.96082580195922
77.66250937417092
77.11463551210942
75.82321232264542
74.75200907379738
72.03535162653989
71.06766055500111
72.37167610414427
71.47431597548334
70.7049722583659
71.03402247503391
73.19583979115367
71.46627375207396
70.59934780811811
69.00834800042182
69.15628742884358
69.42527553704991
69.22860454278211
67.10214980262153
68.23434609439335
70.23304875592096
66.60148772334927
65.62629995649235
64.59734270932961
63.526882343001525
63.36575108123936
63.31209851328351
62.509520577455525
61.04496227665065
60.341422815784355
62.42396265422262
61.24499100326553
61.99539311549456
61.49465412180022
63.226702338142815
58.952017816918826
58.71314882868345
55.640483923979396
57.24707601908209
58.162511723112246
57.42056754609447
56.09078487052643
55.63517944310092
55.167749029598404
55.335484974859106
55.623772910720945
56.873109646988226
56.961777719677784
59.91982249554887
58.53200041910874
61.84950226624049
62.505914501499916
63.505295621341844
67.18572804890209
68.79438806170596
73.5657212769557
76.04684211887553
76.42109535405993
78.93516244461405
81.39400148652796
84.34825020751266
81.92297546856963
86.65492999292273
86.33682414507777
88.4429028317059
87.68653799222291
88.96956518446376
86.78715364444149
69.12637932187643
101.42516400285623
85.46171656328988
85.4403858254845
84.24434931688205
83.80876290731905
82.92451539332956
85.26308286293518
89.64569561019786
89.01461849652597
83.9886432428822
84.36763683329639
85.95832095848834
88.57623464644361
84.17969056015147
83.59392978455907
82.0918277231975
83.35820797796747
83.74370489504952
81.09511844926868
80.43614971042955
76.51651604316504
78.3912875184177
75.48500839083013
74.86221871147427
73.31396775813934
72.8365265298751
72.86990873126722
71.66684866243394
70.5581526291672
70.27666246199753
68.59892118374239
69.27406783525453
67.22920567849275
67.13690088398879
71.39862217471637
69.53024105200282
68.41432372379182
68.44605106798504
67.49382005585001
67.81626830052788
66.94263921616349
66.76135052550597
67.40698420898008
66.26760209768062
64.62890211569956
63.28476774435432
65.74277487541664
64.25982118251383
63.34554236834962
63.18184065859668
62.623520334025415
61.07690173772683
58.66789688394976
59.18809437501968
58.39364571447386
57.923516477554735
58.17204642302442
56.706105972000636
55.36513773658124
55.05624164046949
54.70242823538837
54.79260852645836
53.95600887024072
54.161648117789724
53.736146633772364
53.847765556194304
52.74103586839529
52.7442831992732
52.76009302612722
52.86041238007601
51.68102011968754
50.984627039502556
50.64069636194093
52.312807193497456
51.80623372388761
51.38697609624084
51.04283049677292
53.515453148541596
54.79105703230675
56.90664864647923
55.01884728143493
55.19774552929964
57.68738100352504
57.165610089229226
57.93419927397754
59.31470388551189
56.76978278239206
56.82656197766618
58.561564893966676
60.14299411239365
60.703234604796776
59.94354315986473
59.68870614104708
59.700278795930046
59.690684063414125
59.92405645539734
60.26535800809504
60.46374232651192
59.71066626368269
59.693521276318464
59.42582427058747
60.911591831937784
61.56168249730831
61.52897534086563
62.398827556616
60.576704580694475
61.4873287625192
62.06491764266053
63.34535270900969
61.83269791660334
62.568399916869
64.76597181726663
65.10647841097983
64.18102902480064
63.813807056452276
64.47530466041252
65.60447807578862
64.3587860108056
66.02279517415934
66.94696823037906
65.21622572414142
63.14566679072655
60.76727799133568
61.90232878686589
68.15934769104081
61.84356293402129
62.37163776333301
63.66765143055716
62.555546699053764
63.211572750765896
61.98108712149764
60.46822852750352
63.257720914522274
64.05925121407753
63.939560794394055
63.369715437390035
61.47990000592332
62.730948520666274
60.64414078029531
60.08839488689751
60.52638134157348
60.436299062529
58.76537559325397
59.2728723794697
58.21071813201824
60.34583235111104
58.008202220308725
57.15410399561148
58.210882184079004
55.865997284964834
59.769384286476715
57.76949478875744
54.58774290913426
55.373475031800695
55.24156603876128
55.49400131601966
54.73238431575682
54.70021100312848
54.02466070804964
51.41972744359619
52.042639178916794
49.71872871108217
49.55923142487888
47.82290534570228
48.396636807308866
47.896817627863
46.04783152801584
46.39560599769621
45.58993032891976
49.41456467664838
50.90616512784334
49.245392106864756
47.229008710663095
46.9296415214269
48.541894034979364
48.35216460834758
49.35340794878721
48.590499024739515
51.61581470268296
50.20268155540741
50.78886915492991
51.067963871155115
51.96260135519889
52.64077511961851
53.47973018620828
54.01613473552784
55.851830015909314
58.409284301669565
57.59941442371296
56.68513063463219
54.04191052002196
56.33375160360503
56.108453404587785
55.52938039089065
56.07680324177204
56.040915450980535
57.635667815324155
57.90213387858935
55.62338920017493
55.17379897572026
56.22927941431121
56.28263323569858
56.48507889552273
55.93129648446764
56.582479773964764
58.81222780716673
59.14149152575614
58.78600932636786
59.60433974742497
58.59684385861782
59.6469508880665
60.78871465858958
60.643577637740634
61.289365652505865
60.118682969157305
59.95792528009238
59.76770705041296
60.210175911823825
59.68694828263011
60.46759098644459
62.03498826051044
62.339611754873744
61.41267022988865
60.87840662928394
61.71534702843012
62.04523998008668
66.92551238386005
66.74986334364075
67.9099351565491
66.59556110859523
65.8301754448544
64.20635100738048
62.561456569677375
62.65048425003333
64.55031106712528
61.59664314748449
59.02939759996991
61.03674545301527
59.40689236984585
59.915530097675514
57.43779330980739
57.754654435863905
57.02772847238833
55.455050082999264
56.68194238398641
53.887331251675796
52.97734045692027
52.23077813444757
51.88171614673459
53.985495025286184
54.20860584491315
53.66945848640698
51.50431810217589
50.67730021558122
50.65218475024688
49.73945695958071
49.879227498954315
49.7646365845912
47.640542571645476
46.571711844067885
45.1880751899103
46.571196278331776
46.59103145758449
46.57632220589278
47.26806530405473
49.58355036179267
49.2943377344026
51.027909772896706
52.52762511504025
56.038427720124474
59.81045878226482
62.37393687815247
64.46823393485514
66.67833188643377
70.48911917362143
73.13674661080293
78.0334289844544
81.26803188814615
83.96672146699436
81.13126232074283
81.87895687890361
82.54927938630814
84.14143291661358
84.58010762953228
84.80814160639244
84.82203186257067
85.6447350043988
86.24648316990067
87.40007522641459
87.36221523729733
89.65201124818745
87.89141484222165
86.5179730091652
87.28739849605154
92.2854225114984
90.95678698488415
89.59155805741801
87.2894229543966
88.58168715303803
87.87983324428266
84.5700771582844
84.529180347377
89.49819847619119
87.65349481945441
86.31473493854621
84.90749498645046
84.24181664069862
82.6850357409635
83.62314155503445
82.2234731825849
81.52099986770065
81.18067769255397
81.47647856767642
81.36742837441841
81.06806253271219
80.75093770201433
79.80152393769316
77.78774081430194
75.61017582288476
77.57771629818419
76.63596593412292
77.17948501871312
73.42474404214217
74.60097081488615
72.80845808119552
71.52615230274803
71.1948730992219
71.20771006673475
70.61410014955935
74.40626665091969
71.9411636665605
70.77202942252319
68.8079821242349
68.43253324695183
66.85529516445916
66.54269590504688
64.92721258199487
63.59394539825232
64.10768789112853
63.127453846846684
61.91764556361168
63.089340816970456
60.10458863364153
61.50977616968994
60.60965430462567
58.893364311651354
58.096035310738884
58.212218981037026
55.63669082504785
58.926929223258924
55.81965071156199
55.48843992251834
54.984458456462285
55.93750808413365
54.38774128744391
56.27332054592986
52.8735728211536
52.68036032671995
52.30866816888137
52.69049206459385
53.648984019964864
55.805703433254756
54.498824935110974
56.11510914595477
57.5027473806242
62.475780706013076
62.3970713022561
63.55042696720249
65.18452063789366
67.99163004242281
70.95580871838085
72.16143921553707
74.55832002518312
75.6258768771167
80.01139606461199
82.1129438758168
85.66994392118744
84.68995328947047
86.2052588978654
86.62342200213486
86.96463625840688
88.19003855981128
90.86394928776257
88.49888553530349
85.17066837500664
82.74966146413578
83.96264325317483
83.86001440213587
84.72600372474398
86.18030075594828
85.78092090237192
87.66797247193006
86.99164000823589
85.93809909536597
85.82845311188169
88.22834283446471
86.86402284636559
87.72695576366333
88.80412744368681
88.08842792627057
84.99885584759889
85.9159954513654
85.87751906345969
85.10301749180574
83.92443024570763
83.85036790699326
84.12853532800392
84.77999734844352
82.66206541210211
83.44722361584611
82.5366784717736
79.23131085514079
79.39815536800168
78.54495436345852
77.11627619181519
75.13837734395675
72.49761177813704
73.86240075309709
74.39687325095986
73.22719179847348
71.00822601295451
70.33885036802809
73.17266907299921
70.29627263686909
68.61981741650658
69.29177899733763
69.32762780564792
68.3380654276929
68.82254881747873
66.83317918603419
65.15849207243605
66.06113658068142
65.22236938492077
65.73170456702259
63.54090333657172
62.62540261554701
61.966592853570035
64.65652372519116
61.62095168804941
58.66048097675223
58.02205812985442
57.00532440161465
57.14300102102726
56.527748582535295
56.23998938298632
62.49124881258036
57.42032712475034
54.15032147928728
56.29530026292551
59.019399840559345
56.11174865751625
55.80322776676619
55.261696816074604
54.358901635365896
54.76041844781194
54.933636366763736
55.251451092886434
54.230493367258916
53.155450916336996
56.66079604287693
56.940171146810464
60.972868407242785
62.066588088018214
66.06202949575533
68.01174088156154
69.1686071512966
69.21309553782025
74.23482701034627
75.66437326648638
79.76928330918264
83.05788841036818
84.19800769411256
85.52459773340016
83.60696046987894
85.09187137539688
85.67330984428231
87.33637478177779
89.38486356111159
88.07911532002643
87.89646793280929
87.53524831849515
88.03716191119908
88.65954403123229
87.31628388586718
88.61511796630045
88.55701882046246
88.6870793056638
89.81719325724256
88.16901870511109
87.8799977737015
90.85546923948263
92.3276884827545
86.31200248514132
87.31263239273224
89.92409175315464
89.52776340244557
89.17783704938194
89.27934451433434
87.95044671418987
87.52893028859599
83.33473166728245
84.60695651090117
85.55282297244595
84.86019428239825
82.46991912603161
81.11160154457087
80.30964680114363
80.1316418900958
79.8342476769257
79.2503771955762
77.90600564095385
76.50512759163865
75.16868945437213
73.49602109068537
72.79435990325196
71.78091027592038
72.72993259541467
74.96301025073697
74.87896473751103
71.29699813284454
71.73698987197164
73.30999835667645
71.89889534784746
71.03954116880409
70.76620077927171
71.98485935235905
68.87867359544495
67.5203283880411
67.01676096750244
67.80754670548491
66.08336688680755
65.21723233265101
63.89989676025151
64.87852754250963
62.24078963274881
62.588907924184774
63.822982030860764
62.8111508933213
62.43788760413526
60.91385748705894
60.554709831902315
63.66913670860092
61.099235349633
58.34896984977547
58.316000524088025
59.44408732706922
59.020301519223445
57.11606001704373
57.47749277345297
56.77024329556316
56.825193195374126
56.037943128123345
55.37466157667882
55.91550282790833
54.78856895852531
58.74047926430983
58.27349863578716
60.55562794056696
63.008400257478705
64.09395278277503
65.3981778891486
69.21416973226579
69.49261321465099
72.88547511266063
71.75388282519471
74.06388374892838
75.43347166872209
75.81713763798413
76.46201530978348
78.48163517462481
79.53046960279494
80.02194743991801
79.75569758350312
79.96989383096421
81.79878932944763
81.17656273455084
78.7109826335449
80.9714188979754
79.08989540516669
78.97464827041877
82.48184093536682
83.63220412161417
83.29320207679076
81.67110344018894
84.74820347052285
84.54422727448414
83.20021404239836
85.56034608166854
82.62778838260219
84.58807549676155
78.87006785007122
78.20641146091705
79.28340920889895
79.85914518259403
77.73657714841335
76.70517195626509
76.47334711190223
76.229823312693
75.82524614177443
75.39224093971224
75.16499887975698
75.45110600587644
73.6404182053255
73.13802595324809
73.18773961652215
73.66662311009941
70.51093645472352
71.66692406282833
70.40157348538497
70.93891514360541
69.77443575617
71.98962135968358
71.19810631335484
69.44306526578356
70.98136571606946
71.87413756457245
69.4646817264728
71.8415188370374
69.71559460830989
68.43668235706292
67.5776847709246
67.52302750946194
67.04142362417039
65.28141646367692
64.1478357175167
64.7721140753425
63.4104126057642
63.966833363777766
60.4789530478511
59.48092838194144
59.57323245377418
59.50136893207944
58.13480792740641
57.552024466910176
57.93517060343062
57.622487730815294
57.229298046297394
57.712488684914305
56.33833825084494
56.75414658871967
55.192519698946235
55.32050108215921
53.0470430025143
53.36733747390983
54.430765411793075
54.66858347538761
53.95131075281652
54.111533051313046
56.001287511409814
58.11768426678556
58.996256129790595
57.879440047397566
57.54680144122437
60.00458358498247
61.88630330203885
64.80343942549018
64.31400465669249
65.94885259081886
69.44105544040602
70.24784834314227
73.26025521890116
75.82534800963253
77.99579371087668
79.86138811028954
78.97528285733915
79.9905969623274
80.15659954639624
81.69000914044231
80.70873649762711
82.99410134901734
81.46084298290268
80.76867759069263
78.24572127804448
79.57631965045005
80.36680791122586
81.94221476558327
80.31414857178598
78.24020838977805
80.60565538762013
80.48583116658074
79.30169694585118
79.60711419641157
77.77463320911345
79.19723800557384
78.39789068264577
78.91584923816833
78.13979899202596
79.16066682588172
77.98911485043082
77.93043000133278
76.03308771469938
74.56718077641027
25.410761327828595
55.12731141039659
175.00612634853593
85.77367269657478
95.7289626579329
69.1928422632808
68.7151165916836
66.56353301913482
65.54993246743055
65.05341007853335
66.08902960434253
65.07389640095646
64.23586851861825
64.18093029027824
64.54468447382163
65.23131061254122
65.24809924927206
66.08315873815091
65.27867335170372
63.46013437775815
63.41083807706627
60.388206393077866
60.7934790075622
63.504359954374486
59.976878279052045
59.836448877677164
60.424179744476305
57.740728979113825
59.385771460755706
57.93404435127268
60.0117892456445
57.170180656022005
55.641226756528305
54.562554972739946
54.17109129017075
54.863657622083736
53.01389808741878
53.24112202874234
53.25797259989645
54.42722861365547
55.22675781081611
50.94863797400431
50.24294786421926
51.33463645450449
51.871937925452215
50.164335980632984
49.14624302434959
48.02939746555808
49.49667317064741
48.35214077301606
48.77643637799606
47.75149352780037
49.538501316189276
48.350514046045966
48.794673321594594
50.3241306833105
50.85304646061001
50.50164786888949
50.8963235880465
52.89699812295944
54.433453753411825
52.579838031737424
54.12326099448423
56.59676265244427
57.46324612206001
57.565967662267944
59.242694032216555
59.92874558306122
59.8277253131147
59.42617056509272
59.85868431879936
59.56579171586135
60.57008821270895
59.93365494824565
59.8456967156067
59.65596500409222
60.40218299474113
60.76948202429239
60.617291117957514
60.41474711648559
62.0541784784389
60.19557712724848
60.30244974469177
61.92786815903232
61.94213062869852
63.703108961273074
62.611373716044554
62.70619325073759
63.9712167532838
62.8842078424557
62.21322293375131
63.63255154490295
62.87465108379147
61.445651783799235
60.68357568995975
59.82550996794339
61.35900952711392
61.89898597976196
60.67940657141702
60.981645402894785
59.866820124123926
59.78006897178323
60.75220107003183
59.55352717662186
59.07723651534471
58.935644281653516
59.38425947548953
60.47826218664383
59.827743799918636
59.43221916902977
57.99182080190954
58.82304211806752
59.67951046632383
58.80487985163794
59.408398650278286
59.01929775879599
59.08950632519896
57.20242411383302
58.136592169403684
59.54905639780757
58.390724143565905
57.168562866002105
56.97737258001473
54.772913334871696
54.56070573662254
53.43726561056519
53.91300244213534
53.06669927325652
52.429178329944676
51.618685680905344
50.889216898504614
52.124167609900525
51.995224889769744
50.428732196142434
50.326618540894
51.35322789651979
52.57904481463764
50.234408469569594
48.51529164100573
48.44533472942272
48.17246531012451
48.794457251750984
48.812207913789294
49.05175444658481
48.29426347301788
47.41742053013928
49.208676261581445
47.474131582171566
49.161061639742314
49.079468466231724
47.32501609685778
48.67947332370295
49.906347062146835
49.108020342936925
48.959991777992364
49.72038273234021
50.57895490681693
49.33127973234346
51.97158535397385
52.80689299008134
55.36451292630397
52.19516250461814
52.7052962134275
54.62697439004138
58.1820136188625
57.48187701223611
56.19391873172737
56.83657709791458
58.17283880482706
56.635782615535284
54.849042678490235
55.59832958657079
57.79442833876548
57.87544181990063
56.18886243603732
57.12588637595806
58.10513549547296
57.268884422778974
55.900829590224326
55.8726824602657
56.67209304211843
55.715544170304696
55.6065180245068
56.53922920112229
55.57406066218029
57.17397932354201
55.90372053096835
54.82809591938152
55.25037178342589
56.483122081039404
57.05360896582549
59.51680129531727
58.150365409371965
56.55016671517068
57.54586730368202
58.27662327734299
58.92179437522565
57.186188060311494
54.692060968552894
56.77493500359743
59.4103646962968
59.130372971064624
58.49570220183207
59.87529159257571
61.25231556496699
60.458781184672034
58.80228819546442
61.97125610759156
61.73630706016988
59.57747941020084
57.310111022265566
57.7115050363339
57.29611324829121
58.77226116740791
55.48554403052936
56.54801782468997
56.782806373193466
54.476981819673526
52.711005217016975
52.12419066620012
52.55386381098648
50.89178079392869
52.54191041094774
51.109538754762355
50.577309938838994
49.21805575760463
50.3490750970855
49.313967723729434
48.98392027694116
47.61984040839492
48.19019494673966
49.4917329127341
49.48757607002855
48.656778611691834
48.177067890345015
48.42818693405021
47.75863348678559
45.91150109715287
46.26582942209443
48.51273677327254
49.241674981342946
49.29880572784802
48.583578687924756
49.54778662815337
51.51774389842136
52.62413884415967
54.70219548040255
57.07360609242469
60.96630761409263
63.28152554976317
64.60238955758992
65.65766449922575
70.33475423517079
74.06545249234156
73.76812011771463
76.08601269788039
78.70858871338407
80.87649615052985
80.29439598286831
80.47754504759126
81.56338972668883
81.87575831190372
81.36114864749246
79.56743137306779
80.97025503704234
83.25587222129332
85.69717193739018
85.45208099285297
84.31479254028551
83.00642897122682
82.95937909786471
85.73459868794907
88.09229560051239
82.27888845084979
81.4005941281884
81.15453605638419
82.78181354730052
81.38798414690217
83.46295850574143
83.07067467632963
82.73810613603553
82.18348122619584
80.94617765319101
79.93633079706146
80.56846554974798
80.21655517034226
79.54769933618971
79.76351238951266
79.7790269803574
78.20008813199013
76.8978756154424
71.90592850789999
77.23788389609044
75.85971098894231
70.71439456040297
74.12970399314091
74.77380644025777
75.77224494059419
74.94372193048352
74.8852589459876
73.40212135290268
74.26088924455992
74.37803014228841
76.27467561301845
74.5825421461382
71.7715977637797
66.57540682458213
66.51606245621157
67.78435965121068
67.13103262600706
64.91628759938916
65.45349688737127
66.74866662744691
64.75256502826363
62.77018517445278
60.618067874370354
62.03838889806126
60.25573780654607
60.408066265118585
61.188944588884745
60.310634292350954
57.20850832987269
56.44273892434956
55.30578210897215
55.99885007769154
54.27960449141345
57.575715679559714
54.60424058089475
54.44032653851825
53.67963054056219
53.171012864817
54.301437882520005
53.6067092465378
53.525362778597525
50.7716266176653
52.59205433362536
52.598561567486115
52.30667285193476
54.04069032372491
55.034126395235646
56.14812473750916
56.16159114251351
58.76651848832468
60.03210645589534
63.307013165394885
64.30117149873169
66.59107969688034
68.05615763222164
72.48586098990381
73.41129622940377
70.08579520482661
75.4021177755551
80.32888572824429
82.55587504036981
84.97458546607993
86.73228102061283
84.82730425542
82.39488041990673
81.06175638787371
80.92462827501751
82.02922322651833
85.47432792245647
82.9229990148864
84.52110478055442
87.33125571260518
87.3262074634427
86.7377977945585
86.06090870274029
92.28622709824833
92.945174718614
92.28059521001512
92.54118806163319
94.57084512846164
93.32052798326396
90.03064865680614
85.49781971891711
86.49499113790694
12.932710972334291
52.59962042482137
38.02063310512875
106.57799006974462
81.87454406353379
11.545569396362879
116.41793171752347
79.8669017589628
41.39328523477069
102.72496301806473
77.57500893286038
72.98200356665194
104.51877685431037
70.42135704581429
69.70852525457184
69.40814416860103
69.54806490770756
67.47318906192385
68.52323059016425
69.3271296756595
69.0166063377913
67.58678464247265
67.01433574419758
66.37448268904143
67.3219042200988
68.81967073326847
66.64546074840396
66.32190135166034
67.20682601699178
66.52571353601296
64.88854862530908
63.129381582487625
64.78901275801644
62.327620633940924
62.4250028002007
60.879768173838414
61.14373523649984
59.49280590233726
58.87286591950057
58.144958812662814
57.284495291609275
56.90746591974644
57.655548360759916
55.45729169218984
56.88244149520345
56.12257367907841
55.59304497945178
56.33710202477984
57.19375869579284
54.65484938146093
54.92636149129464
56.81430256794844
55.97509691918897
55.6833881221781
53.75701257022334
56.562819268432925
58.563909560629575
58.93064453937192
60.47639751192678
61.68812058344341
63.23677144012881
65.24342505841885
66.36810536364654
70.73639010604438
75.36378576986294
76.29403613201968
77.59526967395621
81.49356349179
84.76827705177678
84.83039601692812
85.45496290217676
85.64020342298664
85.09983964218912
85.74448816365998
89.33322735966055
79.95485554940996
86.24369755803548
80.40594856430087
81.10532167994074
85.79681317838944
87.79781873201914
86.48387109486264
86.87685971042015
85.6604249930993
85.39809153448374
85.07991923636538
84.97913670120553
86.14379811787524
82.85311193429129
82.67271234404203
80.8575896076861
83.07731816001215
83.48446881986916
81.01189985535277
82.0831510841236
81.73729613554002
80.96403302538327
80.87264624616938
80.4401329669619
77.8446480904561
79.3581589803777
77.67273425338783
75.53511858088152
75.46031057250579
75.19733858451997
74.14161108581898
73.48020867219162
70.99524223348581
72.11655265658192
71.79935325169114
70.89290716270156
68.49466460380208
71.59750288733461
68.0290202327239
69.16585776492889
69.14608888455949
70.17409463180724
68.78060743736211
71.76843426225187
68.25530757178473
66.06910729492199
68.43274982894562
66.6913209402098
65.66102914424113
66.03958453426046
62.561104130402974
63.4157729438384
63.004827295346054
62.79088841417839
60.875914157718924
59.23227091113954
58.12687124251562
58.57143069185248
57.395741685218155
57.46033692258454
55.917011964871
56.80402320153059
55.812127916453754
55.06078089588806
53.47266309525431
54.12342365476986
54.245971890457355
53.934131159611965
52.0807061730191
53.72902290392036
52.659506779182685
52.999780856070004
52.9382258214141
53.75203128137147
52.08187969696
53.4239155961097
54.62475787113214
56.5274158960143
57.93778785376642
58.91011113218856
63.62049055246045
67.8248294784201
66.5162179431037
68.65220195687134
70.12775851277019
73.64076027956638
77.50260257286193
75.51225630021747
77.41320593330863
81.52342211484836
79.7179309503073
80.28639870694923
82.07144958859791
82.22881121941845
81.61935082814807
81.8466207070474
81.07243017254484
81.82785098274243
80.4898353840839
80.33929155601379
78.89772966914582
84.449522416376
82.97671510838268
85.53262201841198
83.11717732181047
85.54293447969263
85.64113502564715
87.53094115302497
89.5224591559139
88.51501726558361
87.7415853531537
87.66009552038733
86.86811416900876
89.04332637672859
88.03734802009441
86.07690464313902
89.31157215201175
85.79359348119614
83.74154513739873
81.4884767678422
79.51301339386772
80.22977587475894
77.70089025152936
77.14016079182014
77.88873665644411
77.9790506329439
78.8228682743478
77.86633951548238
75.13529852612464
73.70200931403974
72.36449562484697
72.24090848336436
69.94766462628513
71.40905067993954
72.18749999762655
72.63588654986755
72.206564002053
70.77361742195706
66.94275924222251
66.09010498326697
66.21385309854321
66.69600870493204
68.30446440542377
65.9633019862107
65.5659221822664
64.23622175945312
63.94532814630948
62.52969812274309
60.50944981892094
61.99302406580256
60.96107605503396
59.967793819457356
60.75644592237273
60.74672941790296
59.400110542120956
57.160363524943605
58.82213627547049
59.4773734248827
58.17901745709747
57.70617033437624
55.983016231601006
56.568751277348696
55.422660778066366
54.321228465131924
54.44352346398638
56.5334262768555
56.6366534791641
55.84261426364495
55.78277001073772
55.76398206415439
54.922073365017084
55.88093988038738
58.15542575353167
60.38046605940074
59.58776098699149
61.067447398276926
63.72758485495335
69.2257564507704
69.45544245723619
74.20852436805302
76.1264294570704
80.57011797450131
80.15412683736542
81.39510452081714
80.82087252148767
83.69846716613273
85.71450675709785
83.37780349641321
84.53606814364836
85.38029883808562
85.64729830682928
84.46339731306563
85.03410692170164
85.4206583687399
84.85453148038462
84.20888887427677
86.87104853664745
89.3862088824772
91.12983677172727
88.90132981156609
85.82460379885964
85.33487184397717
84.37750639309745
85.62509959797289
84.02584047028472
85.08455733863619
86.22613526087457
83.36650908303407
86.1566177037472
82.74813615661104
81.7953390440768
82.09813411359774
81.33748966211198
80.24685967596398
79.79359638705694
78.16443283093784
76.72214843754706
75.78372302190303
74.94399024416896
74.37502560642
72.60545634044563
71.39392102419714
69.1551896321262
68.34442024935815
68.69531991878732
68.45613333469245
68.40767690762142
66.63374568690108
67.70395178906534
66.9609282248789
66.65125757524416
66.4866784308424
67.07382632055632
67.86093354734972
66.24402455225965
64.18851772901354
63.96969280353915
64.98537531787201
63.03740574018741
63.12345987789982
63.265095624224585
63.565702231259024
61.433440732362726
61.88595236199296
61.81938527725194
63.50602054970625
62.65282130786238
62.25799131534575
61.44041927227735
60.71141986898954
58.86138352887815
55.91582736367417
55.68250323232577
55.854051221125275
55.22707983441533
55.58729063100224
55.46791294022311
55.75959942672844
53.564329583565694
51.9125096504834
51.31322799015355
53.83447513095043
51.323358065520466
50.89861450086989
51.38760534954407
50.485619545057624
49.61376813121769
49.906679571618625
50.66915311361229
53.46926868138156
51.892807646858955
53.12481645300657
52.64507672467653
53.42462325787897
52.635255946906156
52.160834468704614
51.61354938117084
53.29448770618263
52.792455064683466
53.80258659044537
55.64824504114176
57.96941146423762
57.80232815125612
57.200699737864284
55.731187330069645
56.64975913680982
62.47003633051622
59.75360232968339
60.469914030708566
61.880598700101075
61.129227065255094
61.95792757744383
61.68074638566261
62.540510409534185
62.925390533472175
60.88226061520397
61.42161427680926
63.42611765695492
64.58642458597996
63.3597019149069
61.14923026165633
59.759705070791846
61.793175115141906
62.85512327320085
61.58451294086096
67.3635789891336
63.89005774968843
61.41659605102609
61.94909833951953
62.83032899115043
61.88958988161705
62.84633963925375
63.91641780800754
62.56767533525547
61.449317831200204
63.27168995840805
63.914590193610934
63.385872895911916
63.161093475400556
63.96758613934413
63.31297201101383
67.39104472334324
65.98024173875365
63.617872988454266
63.08230329963181
64.3483092234623
62.84556618357092
63.690582144312714
61.89987556569396
64.38977224077172
63.12792608691646
61.31976174672383
58.23143821717308
58.95224227548118
59.08118199380409
59.36914987083346
59.07255015197473
58.76251005269551
56.80398014474603
56.83922320956445
56.21126871250647
55.25800340476009
54.48063168928711
54.195605814105974
54.71340000211812
56.40071686270746
54.75439576243608
53.97710856061832
53.192673440683365
52.41196915929441
52.045554466743724
52.41366722388343
53.0019066082523
52.491612249313064
50.42233264565152
48.756156572393486
48.09824490814667
50.043169591465386
48.44994645727151
48.643238563386895
48.686142248843886
47.84810762634383
47.188407744471455
46.20512388670164
46.01885306045105
53.151151576411706
49.03703723232559
48.52787923911536
47.327966065402016
48.77448559994079
50.32557143443022
49.32294000126875
50.82357624569726
51.9106511781297
53.46915499722791
51.976658061981176
52.927049217487394
55.08892766577927
59.34414077362185
57.38890009952797
55.614893962327606
56.45364044449977
56.773218892354095
55.43127272490301
55.737082164735554
56.822056166691574
57.238617003003725
55.49688220621408
56.576383956466564
57.859226761737865
59.511744042668
58.50575879933155
57.756014335350116
63.679572302541914
63.76467837772677
61.21623691455761
63.54374986761874
61.43495683628328
61.036274036357185
60.95540887385198
61.37869192433115
64.12355961995313
63.90049460734542
62.096831541619736
59.98949347987619
61.406356284939136
60.54675451374078
63.320698047987605
63.27404531976231
62.92910644068877
59.24281047313386
58.5758796723908
59.39793125577306
61.10071263105693
60.99523934580037
61.81042630380469
62.03381670886398
61.80281388503901
63.516260262738655
61.54185053996724
60.44809461952218
64.27806592633232
63.670381782335
61.13747726313949
61.690576621464004
63.45396190338212
61.74487199482535
59.88107409146656
58.44145965935113
59.02554948637704
58.99159064809369
58.82007990112261
57.97029719393554
59.511849496249624
60.99056088989088
60.0788724074292
60.69826936356617
59.86157044134758
56.629235731289306
57.103730138524845
57.209037817111046
58.63281165268767
57.22225503131943
56.664328106336775
55.405959841617964
56.36250880621453
55.14166905681926
57.46395663579251
56.76096913629518
59.560521277098815
55.910832172921005
54.2029639192954
54.406290579435456
55.89471417423134
54.02359723636697
54.83952816521977
55.27142305481324
56.703069612164164
56.8308646574136
56.43714453888084
58.052918606040485
59.77784573654324
60.56140543205329
62.71018830179266
62.23851651121918
67.09316655115083
65.58937373208673
68.09058949160004
76.29611259394318
84.46654908646303
81.39851232386093
81.75884494971712
83.42420308049773
82.21980814811133
83.41535253409427
85.54813519425323
86.5145015444306
88.48721567936126
88.95417997493067
89.06273455919592
87.7805914784316
91.92331008523692
89.76942966294529
92.6212915840582
89.26734957640613
90.80793198699357
91.1836106009118
93.13575536934403
97.03785698561201
94.68170002951115
93.3795711378373
93.54907811125531
90.88441504402185
94.13613550966639
93.19390186200661
94.77936111049468
95.71007878459915
91.65354254766302
94.31670558802995
92.63391912507393
92.2011755713581
93.16141516038209
94.24833710692957
90.31620993659634
87.88808085246194
86.55887123319533
84.00637435055313
83.41070396896993
81.04098929502152
79.94932147817366
77.95198889833034
76.40782966801743
77.69694432015174
76.8172540071581
78.16727456929884
74.21802553940331
73.85506084745845
73.62727557697652
72.30864132237924
71.09195352473539
71.73393753112175
71.8282309018293
71.0630510042019
69.64353968370673
69.12538642966906
69.27582352665446
67.99891375363205
68.8592988715418
70.13790323500194
71.79342639980946
68.03254323241578
65.67840721949928
65.48400370513805
64.52320201536457
63.94090079617062
63.41056023697455
62.57364846520711
61.57497707187435
60.381235322361526
57.99809337510671
56.882090080239706
57.522539750110056
57.53576685181101
57.640392687127225
56.760767894736325
56.8127020621577
55.6603906655774
55.278327244413056
53.65236041227958
55.42352707367878
55.55302847608848
54.64628345583263
54.19949997360192
54.260574132711426
53.5261380782169
56.02581189643581
58.904770787717176
60.59922998460219
61.9359958746029
64.70883753850129
66.90900936932567
68.80795744588575
72.67196540266602
77.44916881029407
80.12887130201604
85.78806183197632
88.59405482576315
86.30282422995066
90.01388060369916
91.89361516308549
93.0442404838354
94.47755358922083
97.42761572147624
97.26391094700574
99.13321189217106
95.89061104910307
97.50106864784863
99.6602001798466
98.72440500343157
97.34597153785566
98.3470710852852
103.26318406216083
99.74386380128647
99.72944567507793
100.81116856990101
104.50138318008334
104.19157901995742
101.85710963845978
99.42998029392959
94.34813460002708
96.58804554297012
97.473887443658
96.47245261992175
96.54573891417047
94.0596994916657
92.47057368284749
96.46041410965823
95.69670492458859
93.20673841764744
92.45450110323867
88.96122166910472
87.0859391192409
87.09955568579716
86.64824137072762
82.16688461883643
83.23663049117103
81.74671637061451
85.69501476942797
81.74587479834054
80.70784359347019
82.9905644136206
80.73608849620803
81.77602396450237
83.3632883640708
79.64514107061468
77.80263731089696
75.36059012442179
77.14297511318036
72.76080711010356
73.56919031445042
73.02411953490564
70.82315266832383
70.41159074711696
69.66037490910392
68.85456961021252
69.2026640442396
69.51210471509334
66.81385055361231
65.01847366332476
67.83530891310383
64.03483438861025
63.60713274269062
62.98613831243676
61.88130490920459
61.231744952145775
62.11373383660378
60.86949071883618
58.909646403298694
59.79792981174654
62.11258532249892
57.33698145789599
56.85252993892806
57.6239440348908
56.52871668764332
54.1925263841821
56.05496617731576
57.16510311789605
56.043553856551846
55.67950091034663
56.592136815474554
55.42153707399299
56.94189263407545
60.37466698840469
60.85177651078322
62.03605231175599
64.42964773818647
70.92062850260521
67.37735187750897
70.99669574493537
75.2362551688697
76.56890105241843
81.29144642781397
85.23865543115714
86.79865292676317
89.74616283577957
89.10754677705663
94.89133643598166
94.43027996242479
94.57335924399669
95.70694499801363
98.7569964352964
97.27188136187391
96.83321073227684
97.74021710572563
97.52043434447043
97.0257978123702
97.91987222028052
97.3776511866704
99.6583688075296
98.11127530868853
95.67749232154182
98.56849775225797
96.40519295771662
94.40780760206883
95.86585440024936
94.88418455757481
95.87283535968766
96.59408198375996
98.33968778045092
100.44765947630891
102.8193274511217
102.66894723432694
107.28691135756495
92.37283545555935
54.097622038554185
142.12291697044375
73.69869983699931
102.74875597197565
78.79174993716993
89.23022428203372
82.78252440330712
76.95824892235746
75.75693455964442
77.92254502371807
81.19313410635183
79.41302906061891
77.28312510439746
77.1871369552375
76.73682594700837
74.63958839293582
74.83924621964823
72.47094421901417
73.18496899279413
73.49992053984167
73.76944162314841
70.26706786465982
72.33442463193872
73.80850467083881
71.67256708642101
71.39612225578657
68.43829848852866
68.92298092470932
69.38868105770983
67.77714929424027
67.0026745642302
63.76453695630272
62.6221659282724
62.71054251352079
62.62354554424083
63.53128664681437
58.90031276603804
59.52053864731399
59.76745438149928
57.60767371153636
56.407522657062714
57.72708905762776
57.80771539985606
57.612635037837975
56.03254688548223
55.98243193889834
54.709943277609646
55.7598298659531
55.4734266311839
55.32446131116946
54.250105609866516
55.62103593067153
57.43132738592042
56.01956216158247
57.14241816274011
60.95575284514499
63.67249287457081
64.08287569584785
65.44828937410175
70.8356687169972
72.57515641736804
74.88369454431387
76.84990613039497
81.12165311915075
82.5082547674175
87.38897278410985
89.91369451659665
89.42881078305967
90.27418286198939
93.22793580100402
95.59325957434842
92.28445847338836
89.01427562726178
89.0688194779458
89.05569419303676
90.85256065845256
87.12518482285257
87.19247835710732
87.76507169504566
85.05679609407947
86.76181871568241
90.28346172805088
89.20436991233126
88.90736011683425
89.54692931200864
89.81502025449913
88.05388275187718
85.9506040578745
91.00804522990985
86.46843579082264
86.76869944489101
88.58779341862757
88.80551385912571
88.19492577104043
87.14216765802419
82.99336302415759
82.20541031367445
81.30677145123276
79.67098322736472
80.44147755677736
81.07975070120634
78.8811682449858
78.10324346550107
77.23608040859338
73.8612448802324
70.66416765917984
71.82040751590895
71.76344755663854
70.67519323314653
70.01474177958461
69.39027424532307
67.39997395085486
66.96980527939081
67.24511348889769
66.49010884961538
67.2537776382048
65.24001213431626
66.45993768420777
66.80377457654208
65.69564566188006
65.74160089258724
65.41105183852983
63.177138783550774
62.536492039677924
61.61649708292044
61.35163658553458
60.72884964110219
58.26080917480973
59.16082163397794
59.163062710386356
58.69040730312958
60.177740721424875
57.60283394721255
59.913957986536175
57.224666422072055
56.62155681117438
56.610212617642844
57.653621824634904
59.30781622726568
57.34449377142145
55.73105975006906
53.52220843894216
52.768528594839175
53.5972785100054
53.17960025352371
53.20527649902061
53.14704788363396
53.33098014439915
53.60106415107959
54.625095846868035
56.3341761334023
58.70299032919775
59.457984388873086
61.55996601827301
61.29390957209268
65.6884476045006
69.24492557607167
70.65073465141029
71.31340308723668
74.03140332260807
74.89220921866158
77.96475656286322
81.02923856743897
81.85415601236109
84.18916902007209
83.32595163563781
83.83303152085165
85.68503404772162
85.93707109612978
87.48918503239484
86.28226204341684
85.78610110955242
85.25892889121178
81.51132641917917
88.0546489230218
83.31862891989783
84.96446107261514
83.7147174271143
84.75101826857974
85.76084963500705
85.18390349132736
86.81136116732466
85.36902412154265
83.82514907611252
82.77407728560522
83.57738765736151
81.82010941250408
82.16483744819409
81.68750562415686
80.76647422939027
76.97522270393763
76.64633361764837
77.38133036239245
77.27283616514111
75.8488574470737
73.3417080643851
72.28395650255582
71.94640390196221
71.2921292115513
75.92343803729817
72.89517695513331
71.98310601593968
68.32368499856389
68.60037052882355
66.72516471965255
67.22330500451642
67.77376881245361
67.48834707731932
67.63109831786015
65.45693948746917
65.00769325493712
64.92775960631178
63.93765934927994
63.01466358248119
62.44138983233917
62.04786484823772
61.83137446177771
62.851006069233456
61.39474559198339
62.24148160014881
59.672865560007295
58.76636625337974
59.79020782185727
57.88253209490956
56.277051156451805
58.119807862550665
56.88521535455781
55.96482813756805
55.07111739792779
55.8889641271439
53.937316581769714
54.4896763482937
55.73366454481482
53.03502732629228
51.94536799511365
54.49602890531108
49.28272687539579
50.16104806084988
50.47341343863073
52.20381672190186
48.185425195320036
49.783615677798
52.49218884882287
51.70421748281467
48.60690798974593
49.96549316141318
49.44506172816771
49.42234063875714
49.2374158925677
50.755280792520495
49.63474661608916
51.00113085178215
53.65274604335562
53.383106849668394
52.634131178135846
55.063312922171136
55.34229679575444
55.729373763834715
56.95664403443405
58.70888214003423
58.971907373430916
59.23606517120044
60.076262887937844
60.47031042921705
62.134492346304015
61.301343013757574
59.75013179924944
57.465258602239885
58.86043372666885
58.671501527430976
58.64819604706599
59.56530018303088
64.4622508375457
62.87627164404796
61.201755395373155
61.90884179354061
61.528316318394914
63.714870846925294
61.72368737782472
59.1972343953709
59.676704137520396
59.64411810986603
60.16341941152317
61.653857238680985
64.6020633311625
62.12357210425802
59.296234174724134
61.7075859631456
61.19257939208861
61.53458639765836
61.169990956198895
62.391666877820086
63.933789753804916
62.989723045208684
63.94319651187507
65.07424160594802
61.69104191850961
60.64389777647594
60.82713545774496
60.50914478467339
61.7045684391652
62.49009654791696
62.81236312687963
60.36483269094648
60.390148387005354
60.11788227821012
60.885206846992865
59.6657895758593
61.451201128677845
62.002644507499554
62.35087213966452
61.198218083429026
58.53021364467598
65.05109456694507
71.61288799809344
71.26944143561346
71.70827363685804
57.94601293681683
61.42425809625397
61.484554289012536
58.69725185489174
57.097179100882016
55.444256889258796
55.3568454280437
53.84765543214718
53.150770244460944
51.11354747417327
50.93223683834981
51.984806147955176
50.73192623341768
50.854984945992626
51.05903891971555
50.18640658300638
51.5519166894107
49.51350170256302
49.12073867663199
48.241876976809635
47.953908980229414
48.73299251735605
46.95777017695252
47.034781760331754
47.96419606663491
47.31333079995646
48.71810732639878
48.29421051513293
47.7620853920631
47.0057507232618
48.43181894175377
48.840470503954535
48.93181995890669
48.50088063229573
49.17594936351071
49.407436928872
49.38425377803046
51.62797181495148
52.70732928859513
53.0157595137916
53.901453179931686
53.376424952132695
54.22592517119844
54.448801603846256
55.82663619038629
57.310866547544094
57.807638192929524
55.673820236082875
54.393983252203775
55.3503574394762
56.11650168560628
55.88182320148417
56.453629079396826
57.66498963955377
56.002315877432395
54.02905473242989
54.381360262281305
55.3123991335315
55.78535729864231
55.54776613132947
57.4114278702896
55.75494691028449
57.48484586135418
59.14755217335369
55.251990473555836
57.40973988919135
58.58142330035559
55.465697157647426
56.299245066973086
59.82784345790375
61.02935736678134
60.35152965368092
57.00631133657035
57.176988525991895
58.823776905199296
57.78666326632785
57.23824899920024
58.1980111201221
58.26875743055657
57.766186114075424
55.1884882793826
56.190326129117395
57.15687942596708
56.51515755729997
56.02500022563788
56.65057561956297
57.22478814161974
56.60465586900486
56.04666765003728
55.794951490521726
56.715323563336
56.120076743070854
56.20995912804567
55.35962554725438
55.93203282709721
54.53943776318148
53.095125543244166
52.245738503066306
51.116448735225426
49.94158501198659
50.66215350744412
50.077344759670545
50.72525534630262
49.63232517668495
48.61144012632901
48.32346299312607
49.62415017205768
46.720666077492154
48.53932386129108
47.69557348169892
46.92699344891182
46.40655109418287
46.50833820200283
46.52194752598081
46.43991800069294
44.73878579615001
45.30452443969336
46.02083517728331
46.827643004604134
45.714204470346104
47.329346604546274
49.09565245943327
51.79590107629773
51.8471338133061
53.58362742997235
55.42999533274524
57.93769468657017
61.55699475014245
61.40050236188537
66.15128499400365
70.25909426683398
70.76315684122312
73.06280167446133
76.53029122306489
78.49932280688131
78.80388352998665
77.45768099009024
80.51132771517581
81.44308434479848
84.12421820702713
83.75268653195923
84.8041194358454
96.00175742217357
95.99353896473804
97.96527882242526
95.53564023294882
95.86429226764099
95.0592100392347
93.27184286189487
83.45255053824195
85.72780645517156
85.9102809571936
81.76944137384078
79.66311318025333
81.38601913228055
80.45147461969275
80.44776658356503
82.67656763703158
88.51204185413489
85.85236454830763
81.52812669846907
82.20136357343108
83.50690862787899
83.73709753113977
84.14679856370172
90.28773916101675
90.04142202051015
87.7793565783928
84.5843035137184
90.29046993028072
88.04938901667536
83.67415332448536
84.95726845042013
73.5045578836446
74.64295907433174
73.20182204358782
71.19515858997867
69.93941749637432
69.2666321337698
68.3649606710416
67.00176405781298
68.06565030758588
66.11065002740638
64.94065189638862
63.46340778065601
63.815764071903736
64.41341200195583
65.78498286124075
64.05286368340262
65.60369017702811
63.44883438758936
62.72161019080205
62.17741382445058
62.78942768225713
58.98883265067724
57.58222115353662
57.86349564498489
56.731693428209034
59.95518085017594
57.482522264427786
56.63011039205567
57.524073650381006
57.25861321618306
55.56974226825167
54.62441263165419
53.85928887711898
53.89252593428514
52.911416245124386
51.29968563024019
52.20714480177993
52.647889252035284
50.45569558273998
51.38910185901318
53.9268763771341
53.22080236179488
54.111808252669064
54.76987798428296
55.22801762598489
56.29484133822166
57.0438072397194
59.60144887981442
62.34956119488664
61.02906058044673
63.40081614108705
65.61267986398637
69.23028305288912
69.6746814203496
69.67572576959677
78.93012993180878
75.58779369200673
78.50158571186111
75.98093835100853
83.73909622856803
93.48989028014795
95.72179216832404
94.5316004787149
92.34325058861252
98.94304766276991
100.88378585974726
99.22750293555208
98.05159528350502
95.4262010993848
99.24262286648366
100.46553251538155
94.5604885184506
96.08772789124555
98.27977712341374
104.22298461854109
102.96555449984643
104.50689847993685
101.67355648054382
97.71325185788771
95.09818597684276
96.0711031433844
96.84853631390372
97.52212392668997
96.77352695271409
98.54993299315892
92.41211350242853
82.4604651476114
80.733634401758
76.20891647789333
78.13532487347976
74.67036946065538
74.76408261783905
74.6804984491655
73.0212191268204
73.72466160268431
73.56073333697827
72.65720594116996
70.31708733600328
69.24632292086932
67.99879225449854
65.510129962204
69.12562898918138
66.4131457226267
66.7357321286256
67.99424530524807
67.98331429907076
65.87373279467415
64.90102193617412
65.4763565217427
65.56690149348307
66.85324692664267
64.60216326553864
67.23694902931791
67.68666821387531
66.30742353470713
67.31414989030606
66.48240446816509
67.12872495959937
64.63424720563907
62.38555219227272
61.51229963835803
60.905466819621644
58.988862336758764
58.011366294598616
58.93869928527378
58.09165041504021
56.449135053453176
55.6710253614105
55.08860681984227
56.156318101748354
54.68776163043849
54.204071461765956
51.90257705650186
53.78515884978182
52.47670979477035
51.45357831114844
53.28272853668338
52.67476767562635
54.23692115945152
53.099372087971915
55.820975932280554
57.07198956532296
57.028350571997855
58.19720306144557
58.62400982669528
61.59799227306079
64.1956938760571
69.74905932340175
80.2382932940535
81.90356902835077
88.79093599237788
86.71810056296164
91.08945446946177
86.70195884442694
85.22097798196137
79.57215180249705
80.45589645021414
80.39432146909346
86.19113715768123
83.91617416071836
86.74126140083779
86.73218527399355
85.59695037605645
87.32475409796959
86.18731874766921
86.55725269947948
86.57297876809945
84.71061775127873
83.38662329243722
84.76657972586199
87.72025242870757
82.47285139618634
84.33139956320407
83.68223817721277
82.23921227325238
81.44437021450067
80.09362298459808
82.58347144028923
66.58477894245709
89.16489618032281
79.60393929265175
78.21147018868712
77.22676351421848
78.13193804209709
75.2478154224267
75.97301091184943
74.60751014467155
75.74048345717111
73.82799866792199
72.99321193243105
73.06051013322622
68.39757778690083
70.0222407122994
69.20955022743348
66.35917488016611
66.4620330223756
63.360512576011956
63.22018665380375
61.20322991035866
61.51796087972912
59.45161807147315
62.01226274967351
60.2924990967783
61.8946456805954
60.62282172389996
62.369895661627325
60.737886545015414
60.07436182747216
60.64614071402039
59.66421120871678
58.56633267206195
59.86391301253968
60.28003270945027
58.46277857956909
58.29625454164807
57.16738249215652
55.44056110941881
54.27089867189872
53.02962276643513
52.779910607755355
53.14692656964254
51.685194601605176
50.24781617051488
50.80377292097809
50.83662702729687
49.82082329061774
47.90628786280231
48.181181076073216
48.14500338951106
47.84673018037405
47.99588483652496
48.818268362792715
48.684172387047354
49.25108975695107
50.858402520352826
49.948405444729204
49.649210634006224
52.37657037744414
51.979983940213145
52.68252238534926
55.38266692401655
58.7157312049695
60.27717654194666
61.810126254812786
63.81301206029292
65.99194264699761
67.61593274901273
70.2916582829013
73.9180323842769
78.15444835747064
78.3220014303771
77.63788543595166
78.11741614933759
81.69732462846787
80.36654855256364
78.93074176290094
82.02396741709673
80.40919502492885
8.68081298787098
77.46478649078787
78.21577731972155
83.03374936230364
83.45503441178215
80.85821145503722
82.56767978302251
81.72073739343676
81.45954517216259
79.19704425605521
80.75088854708193
80.94624316244628
79.108692557013
79.03462353960818
78.58997471616527
80.66132152303548
79.76585971455452
77.48863346209743
76.07913512388778
74.90835101586381
73.52003222168642
74.45946543312174
73.35263075642678
71.86841228833543
70.97176521390583
69.75635997092706
68.77014162664088
70.18576071863328
68.3173494938872
67.22789272299276
66.57112344445704
65.92220587327691
64.9310127143581
62.11131452100963
61.88434309799911
63.367220840825894
62.91722238947949
62.4052430978449
63.061257048487306
61.46365840698439
62.118543457299126
61.17708392901051
59.36078557286203
59.73027369201619
59.25655641628015
58.61121464708889
58.35917588646817
58.41601672963657
59.43112577552861
57.18833006721413
55.939930469942055
54.57627744301752
54.42470799650087
54.79269378100469
54.10401588019096
54.26962802414863
53.708291335849026
52.630670964306695
52.23030641766932
52.2470684152036
51.20004727830192
49.94863892369988
48.72419158805516
49.95250119915273
49.07895134179381
47.90827903097957
47.217606193047715
47.370747914294824
47.07982334808372
47.325102951632324
49.43798930023007
49.592091418991004
48.192609750757406
49.469980240353934
49.40171734725124
51.31476718724525
52.12011358031898
51.77220674240888
53.91090828914757
56.8197975253082
59.19724167121103
59.803630899399565
61.92721396946126
64.76391515363252
64.28399786390219
62.56572144735651
66.07848598052371
72.64288940996934
73.61966821054011
74.9780279788742
78.8375627792596
80.31340412045793
80.27102561399843
77.3066163232892
78.10201488700028
78.95882955723894
77.18629031480503
77.54449686167055
76.60167368848198
79.92372402244357
72.57880366560107
71.65288518593485
72.60068559451005
72.10615298381884
74.67581153744483
69.24797269944517
71.90280242645247
73.53776869425889
75.62874244054527
75.06362151084976
74.24488948434174
78.06678819591396
79.69155942307162
76.56867535720221
76.69275665276507
77.40051781158589
71.52721483069973
69.77701247788946
71.85294205272518
71.1945804556107
69.77062689843393
67.44219136398908
66.9458719394716
66.56162832298294
64.79948377930288
61.238844672850966
61.82353847000713
61.246966465738154
60.12108176074537
60.62483821939048
59.992904002529976
59.88102691179043
60.07430227834669
59.116499774412574
59.1064311500109
58.4486483040911
56.132608685487526
56.2545229584459
55.48350954950982
56.49258243203954
54.686518230902635
54.40286173477471
54.984023813485486
53.95233764975919
52.34303891574284
52.36269808979577
51.40919624210383
51.888693794156794
50.4347008769747
51.94473254048633
49.858028306832225
50.27427760916082
49.64784094741081
51.455632072193055
50.69715161369097
53.00096278365531
51.1381076267284
50.88078087938878
49.83839121623407
49.50585143345849
48.595032730831434
47.58350394237722
47.960853573539076
47.485188005400246
47.18430290916464
47.266486274920965
47.85036955334926
47.24594180176923
47.44266283458707
47.22119600717658
46.95524380400963
49.05414689289372
48.84079466961004
48.95675228063547
47.71537066173815
48.70324566874474
49.050654867247985
47.26749736719788
49.43769332628155
50.72122409309084
50.03289620171891
50.42731676483284
49.6318018678061
51.00473678389574
52.53680265217029
52.75346973612568
55.26918926091915
53.86683642302507
53.890375305337116
55.20368447072337
55.21886849508184
57.132825988276124
56.920279013502714
55.88173435738816
54.46451264619169
54.601587674107904
55.63740122467747
54.6730141481705
52.960929603650264
53.046903952384426
52.628957135755336
54.79480132744057
55.821477929546674
54.696015586695296
56.58460993470633
55.406240374653756
56.19329402261573
55.71426578680385
55.28910139804199
56.73105919124257
56.58928694696647
56.71859844935233
56.51817191625307
55.19251002815702
56.08760185441588
57.40239333757816
56.924543602293994
55.43765991919386
54.23839598686762
54.6980982150276
55.93387419032024
56.645159670977876
57.21830687949227
55.70107828657355
55.81214343852928
55.25681187704727
55.785558599083274
57.564551371881336
57.00644222232096
56.4041473070985
54.51468716572974
54.807081101001245
53.00028308326915
52.868201443922516
55.69253885231751
55.106305104601056
54.353610393990174
54.777189128851866
54.11632811745886
53.88722607535549
54.63321413080186
54.66573479296513
56.33373107562025
56.77701609519721
54.62078638968174
52.8922443719965
50.4856871893085
50.73233825092254
49.988399104071405
50.16758693297788
49.84776186493191
49.50356832662486
48.435620713575844
48.40290401835993
50.838018990101745
47.311335245359274
46.496840645284166
47.615511519069614
45.44652376782664
44.77939966235509
45.030089986191385
45.964646019779536
44.4629013187638
44.29451974395499
44.13610686921326
45.87463565458731
45.01250813191289
45.17658348757254
44.89671035724453
46.17983603712858
44.570944181673894
44.187306867118146
45.89853848381085
46.54786034721292
48.03883878529292
49.260051512014535
49.87259816303667
48.22801590076578
47.97279529726079
47.05247554454243
48.15919735026757
47.803879108494534
47.68774617149835
48.172762987958386
48.88328308931686
50.827667189521456
51.1734178607797
51.32944510735376
52.587061573958586
52.857594500510444
52.68369321138205
52.39271861047061
53.07930824625016
53.46993688056112
53.51668664923341
53.197683061165414
52.66763485546068
53.21547723178897
52.78090071230761
52.9193050272585
53.28294596695689
53.06190120187803
54.49342935473599
54.557508398712024
55.85288629326632
55.86026174276903
55.79643639592226
55.50960569943445
55.959639490437866
56.420246042675586
55.20453519838784
55.28884278866475
54.40856348967668
54.60576983112298
53.80982241617039
54.33601427190508
54.30234900086722
54.00303620351622
52.88773947599914
54.36967788917674
53.59126799985529
52.81996150784897
52.95128296001164
54.00064817369003
53.59734728835585
53.02797463993245
54.23401897744224
53.95177772683296
52.73442249582675
52.72411565152874
52.90439740481415
52.519316796409235
52.71730955411559
52.44689645122921
52.05859648582792
51.731759318772916
51.2006542723232
51.5475863137374
51.184568323685916
49.92001982645323
48.343238272646744
48.59912673241963
48.955952194761956
46.626621613379875
45.705720500198225
46.09542471739004
45.392529162144356
45.10705726735921
45.08904341180987
45.55706087907273
45.261879981457156
44.64474077476183
44.138848853965555
44.791172443782315
44.172309776421926
43.5559143376572
43.0431874390741
43.17943632083268
42.85106557269159
42.906104937002766
42.695281990026615
44.40794829929298
45.31062747611924
45.779674387623295
45.850119781156835
48.539991907432686
50.43443660833102
52.13186365127689
55.6403230401714
57.37982275031178
60.31094502679658
61.08818129192294
62.112316001220336
63.99023070981491
66.24101611105473
68.56267470314737
68.89602798373292
70.81964828559069
71.22965814804832
72.10739170591103
75.15363608409906
74.56526837470962
73.83066006079105
74.09550691477725
71.95808302970215
73.56082789846516
72.70646778336771
70.34572702290532
69.73855154027541
71.68190271509627
71.15639494999903
72.34752391773313
71.49339941336672
73.94809323627572
73.74401546720402
70.58070268391441
71.33680315131681
75.04213594306363
75.36899573654622
73.83955091220068
73.67546494252579
73.48845397835657
75.3446932191832
73.31790914247816
71.3282097782591
69.70233203250496
69.70238060888447
70.04191966171805
67.18363038033814
65.05677480449836
63.4202025717272
65.18353465962846
65.47756645360465
66.61189957057877
64.32693452654908
62.538625475641936
63.727549084843474
63.19807093839603
61.77597273428887
60.30792698762204
62.35694126744315
62.87926259468827
62.42217086560086
60.860299126322445
60.24931166058562
59.56659772528145
55.895672931782784
56.95432163860755
56.44861825282378
57.76599940437857
55.09994403763201
56.21894303419859
55.26267421708817
56.46670731245356
54.88420891635441
58.25347711753375
56.370035726710086
56.860946146037264
55.690640217708435
53.10393726821138
52.34871929833517
53.65014408125349
51.82219751880014
53.22161640507163
52.54440263783179
53.46151753387907
52.1787397310832
51.41375954871731
49.22813533466107
49.25051273607331
47.93998776549418
47.44731368889627
47.987539727482115
48.347743844165194
48.05296827293206
47.779052135715844
48.207575709834146
49.695875460498094
50.79192762768284
50.83810006304368
52.571748426917495
56.00295925809297
56.22671191115641
58.92097812823013
60.528188114213705
60.880568761270816
60.23622304848282
67.1042002061449
69.3684803566565
69.92983019149474
71.8287865130016
72.24986468127196
73.53069197198093
74.2416929360362
75.04545279089388
75.09375971896898
50.98125753591119
105.50568921787182
81.33896977113358
78.77378822629169
78.98918618556446
77.79983542567165
75.294764880606
76.51747353091478
78.34243132328402
78.67995868962538
79.73278730442911
80.98703066789369
82.17156644314196
83.43419147798905
84.23505334372665
81.66398192017303
81.38752459898103
78.97103568169152
81.52105674866664
80.96188550973557
82.94072434524551
77.91217233865916
81.75613451193232
78.10586837695726
77.55085869657898
78.38763290284129
79.59022516844459
77.38123420871617
76.46734969056999
77.62952594611264
76.43779896652717
73.44200535580498
71.21883029394886
71.07822694028746
69.58944513706965
69.06977791543966
69.32129621686661
68.08851855959341
66.87003171927765
65.59532170100726
63.97061143797379
63.707497204655596
65.86871735068536
66.28739095595597
64.7074426912472
63.822545884294044
64.87109257919798
63.71185032524343
62.51270000592209
62.302819279798676
61.96584600076301
60.672061974829084
60.08990910246014
60.50300701398662
58.50031008241751
56.59006684938161
54.98138900955734
56.21864535970667
54.35204164739543
54.12440306820434
53.18121171989627
52.521456216038914
52.248155442397525
52.90731408219139
52.30747442798284
54.03445975149876
51.94255379500452
53.297491604480406
49.93718728040319
46.619159565977405
46.89582498980835
45.42939860605337
47.06494397629812
49.38300092118365
49.00310926765223
47.942010514283695
49.07982284791635
50.244513904131665
49.796505640195846
50.306106285191134
51.69644079205983
52.689857324125384
53.474956942336306
57.12811834009665
55.6932534477742
59.32379020986992
60.353388474976775
62.05831976582213
66.94218965225815
67.47323711841341
70.25415514103993
76.18893974953025
77.20713176596655
78.00143290004827
76.0014553292406
80.31237961685243
77.4385727767844
79.98079694317016
83.27799804842519
85.83643955436106
83.66619313590982
86.10740498760876
85.06106049818379
81.78658051353062
82.88648184484344
81.7828357634088
83.55691717999241
88.63485477265789
92.15611215991032
90.81849733401282
91.38055362015714
85.82599984197985
83.7143312438904
82.1944678970005
80.68325716528246
82.20367846930496
83.30792056261065
81.82153088173098
79.80235499925291
80.34734748065011
80.06439686829042
78.90858984851349
77.3390871137373
76.77993285967713
77.1693673587269
74.88316305720721
72.4244061367464
74.20942521335496
74.78484252930116
76.15132949504942
74.17323358759502
72.2014628598057
71.77085648366517
71.58067945448855
71.00072360132685
69.26806951940034
67.72131264099094
68.32658625477333
68.52077516942433
70.08754643786119
69.0785884705407
69.81807761909221
66.31347132727596
67.3501411327078
67.65231211846464
66.66497333069753
64.33816865487339
61.51752687452995
60.51739761645155
61.341996032444456
61.35586466998697
59.392535387417354
58.99234896753404
60.62858476029367
59.201333877158774
57.35501574594475
58.79684171872836
57.94312200990487
55.96617804868214
55.61440190366031
55.40524019694386
56.67371489991413
57.47260089071398
55.81573153529058
55.535558406787075
55.624533109506025
57.273456871774606
55.657093781182354
54.9056297077449
54.091476961826714
56.73685464569053
55.76930907375707
56.28397469002964
55.735245982343
57.16373807913045
57.91088121286823
56.89760041052553
59.12984415418225
60.09669660444422
62.22152013593009
65.52455959994346
64.52741417583226
68.92442949388567
68.97851958917288
71.78910782579032
74.94930619014383
77.43086865618324
77.84004276675088
80.67017803456197
82.87986476889213
84.56162705130123
85.62918835449688
84.84148032101507
91.20146390884224
92.7298723908918
90.62207481594325
91.36379878087057
86.38657962800386
85.69189258606292
85.49224483452903
83.23955729904932
78.96586747570603
84.14504287266561
88.3013570735234
91.6608287388594
89.3113535739115
83.53568744294077
84.50326489641566
77.84364311432324
18.387819285293915
119.60896211761725
84.74236747431911
84.34063525780634
80.30223682448161
78.5214563724241
77.46339851469449
81.39186126446204
79.5883326958357
79.18447639048136
77.21499105588427
72.88211954993537
72.46497455786678
70.49901888647966
70.15057055785766
68.6324961782116
68.16337780790718
67.04732036544041
65.63504968686135
65.57157131648833
65.30413859483761
64.81519389972021
62.914401487740086
63.57209908452904
62.675915808132956
62.97939750642795
66.13745344521597
63.43872085869895
65.57038060099703
63.48811908054528
61.89894314115584
63.39789573772776
63.05219106969361
61.68288894164099
60.67716649356183
58.58150817388724
58.14947552727631
59.272974415609816
57.55133702329905
56.999776609863225
55.61887785014407
54.57897496900487
54.594228322458164
54.797500242392175
55.02777617444111
56.25423117260621
53.90662495226277
52.87295010157206
53.00707378558156
51.40025732312696
49.82552414814751
48.88162199396879
50.27824363079612
49.433237440623486
48.996460084025024
48.38853329749213
49.38648120791362
49.843329123282594
49.11723136411959
50.70576352545963
51.302770007491134
49.90251349779453
50.990611386441344
49.400539447012164
52.811373995261434
51.873859052177124
51.9348287732304
53.16495283501194
54.829303341603605
56.064597744283205
58.79314622923934
57.666167669994756
59.540233152869206
62.654278941226835
64.8965107001084
66.05078728533283
70.18673578555243
73.0996393660557
73.59856416099142
74.74760188537795
74.46421073267572
76.43726404799204
76.36464702442733
74.87626238705255
75.0284590982871
74.3599328677987
75.58256275404082
73.62142069099431
70.34906630771769
68.96509213825007
67.44282974767609
68.19917360801776
68.91561133133426
69.59472865696586
70.19125811513767
68.09256129013168
69.33727773171931
68.69955548111473
69.31874169281502
69.64601750252749
68.69678591014463
67.70174118853355
68.03726922274377
68.81375284057529
67.80523978967435
68.8813692958214
67.03663963970156
68.28365853562723
68.6535308757723
17.1758718942379
90.47838407124794
93.86176043698515
70.90152261395315
67.23400259878088
69.24129827753808
66.42397816928074
64.79470246666727
62.5977554526675
61.76360800497042
60.71312726371512
60.60453626316335
60.48573909962164
61.880779697474146
59.48202335139133
54.182641591680934
57.97611481166697
59.964088071117345
60.46860284408426
60.484429692783145
57.67262073987336
57.1337558299341
56.925561437978345
56.99892785316694
55.575402403463244
56.29589577006804
56.63453170871935
55.818220361942956
54.57103369905461
54.52715416324846
52.66599197579837
52.9092243995504
52.26024082503858
50.6909923298105
50.80787059537655
52.91870346132863
50.156456848928656
50.460468157350746
50.364340038310786
49.873857333814556
49.31775188424304
48.573037475472304
47.217998011864424
47.393761315388865
47.70328971480251
46.92105000196415
46.44832435839731
47.16942782929759
46.590685883332064
47.68387349687363
46.90475127429178
46.889332536100454
47.377720337734736
46.80576622566296
47.2974822817218
48.66222119954527
47.540961497128414
47.86236634871962
48.792021708485876
48.62315493987866
50.49296924895281
51.72518360327538
52.146004864590246
53.487492633403576
54.19939122126037
55.53501507525756
56.39525574544933
58.61792686968577
57.52893079459027
56.137936493597316
56.46628714103683
56.25514524815485
57.460757449623046
57.14856482576261
58.732198102035085
59.13258081181717
58.146666285970014
56.97446574874093
57.431848305047644
56.596543637881766
57.150181814509764
57.458091011340294
56.878289047251506
54.680033970177725
56.043674242538884
54.98751022917335
55.23401554781962
58.36735721225765
55.91475320405013
57.124562967249915
58.05593039337592
55.22117174498584
56.35198502627
56.87215283994297
59.33251337053758
58.23096133274228
56.293539124470925
55.61940501597005
55.5790860347865
56.04003022609912
56.67931655168439
56.28087560954623
55.63367151745432
54.97995678791314
55.95649463635535
55.29363520285262
55.34404146450661
55.14082036181185
53.41826728608902
53.11543943563934
51.92070483265965
52.140234781246676
53.65153366676387
53.83383774938994
51.649691715313814
53.68394056081687
54.10549712835126
52.351851551915274
51.55892646098692
52.65613150814394
51.78435793173409
50.7541164701085
50.00687422221861
50.732125296545235
50.24083006728361
50.07085637349854
48.940748856000695
49.51879052413476
48.19945558846884
47.54730950428408
46.736918637067674
47.45020226394284
47.35143000799691
47.378747472693576
46.280301411668724
46.30844959075577
44.91582357771574
43.971987091240265
44.175809628520156
44.31962985617655
43.72164397311127
43.22154362156787
43.42365074567124
43.749036572732734
43.53955983361176
43.8294909185273
42.85828571051701
43.73676568271773
43.53018983309272
45.67609886853904
45.21154724169833
46.71195226524243
48.05953300595091
48.23484979762747
48.75773448644553
44.97199653720007
44.38235772891099
44.57717832292387
43.57655929461083
44.70750663060204
46.20224877042884
47.52406945136099
47.396813101423405
48.41826504477302
50.275916456903445
49.11305836692777
48.84340463060542
49.52191979337174
49.068386594480344
50.45124080489569
50.422901129610366
50.4711686849723
50.182134573870634
50.25250056739583
50.33069355635837
50.85741763542732
51.572112703465834
51.99406183122238
51.595493612733286
52.52181872402723
51.75873638426697
51.17896097962826
50.706022101035
50.63653479397066
48.85129225907382
49.732350220611835
51.71768778235675
51.896667353695086
51.517653854690515
51.336633497580415
49.908088302806505
51.13011041729138
49.98202306478704
50.23169229759317
51.01782617342861
51.8527670307607
51.53434552219158
50.50143121092265
49.65574438241261
48.85331588307363
49.96050962772251
49.745947990918935
50.71657156307205
50.7352568979976
49.330869063327775
49.30172508160755
49.631239366690906
50.00422866819048
49.769510027791824
50.02738838197806
49.368343253220715
49.88138971397315
48.907920700654856
48.20129500824569
48.01848841419141
49.14186955700449
47.0685220829372
46.987478662189105
46.359598588969796
46.311685769515385
45.8687198856193
45.63388144568688
44.758205576218344
44.45257383176765
42.9241481043303
43.17410361765234
42.77296890136696
43.368403921047424
42.73011449630268
41.51198968280074
41.6867733142188
42.03239235498687
41.64779033843573
40.401268634115766
40.22903629580314
40.945313183077
41.091610144785136
41.14518033948728
41.00461574718848
42.55398688195359
42.83156026758657
44.02885902965453
44.727200278058156
46.57264267475263
48.338057761972756
50.98468782210648
53.65995530532754
55.01035909524627
58.95068067450426
61.30739421846335
63.14642874454162
65.14947468559757
70.95201271155594
72.78671164456875
75.10562006072973
78.12643246374199
79.51783854185317
79.88506434977245
79.83570110279487
79.47248706676001
80.79807982499759
29.41337560125234
116.07003191195687
6.64806487514295
265.94737493651724
219.79646939948168
272.8848089903977
53.37323002455142
138.1648490549623
125.3033670406355
124.04311350527152
124.6211222772854
127.99895667218405
127.37843789875569
86.41024883568328
148.9798393556579
84.74991363565745
84.49723114115017
65.67076099481709
40.291884009648705
122.26311329046818
84.93371944947634
86.10485717389658
82.6843720641761
77.98806983115495
77.88788826475616
76.28841221145547
78.72074744989993
76.91989140110701
75.5403526175522
74.77764626636403
72.38346511326881
72.49228926909694
70.98779033356038
69.98080018787283
69.52660470585221
68.18639095002123
68.88787114746566
67.17380113926856
66.97446968864455
67.1851993230016
66.43078632268241
66.25536483970981
60.9217577617593
59.4117915577707
58.83677147507299
58.001795953410515
58.722982324849994
57.76427898927753
57.63191194675135
57.39722449908052
57.96119092842866
56.823244861578544
58.454187119321944
56.650019151381414
56.51639961391107
54.543764190576766
54.32995922112866
53.94456737355744
53.317808753286755
52.10607262163227
52.06734794364111
50.57821385566276
51.3713806516564
51.02033843244918
51.38217151206618
51.4932173927057
51.27283850546653
49.31345029480383
49.61140981335716
50.70888115956113
51.429327432091085
49.88979348604566
49.91146622434888
49.388133735744965
50.41276145203298
51.09091111792115
51.27070141751187
53.01325780193328
54.261807356880105
55.56337258680428
56.83405863084395
58.831946970978734
61.56715162403833
66.99640735487841
73.89400149144397
73.72942793907742
76.20918970742963
78.17359166167239
80.72283219345991
81.75589084959677
80.83664371782592
82.1809125135955
82.76494787365243
80.58069068507287
81.87015783353257
82.78115249749237
82.91935766322194
82.88982782209382
81.79407598870495
82.17806703125984
81.39453210256107
82.47958910718921
85.19601118911567
87.63696997059236
81.946915844019
84.07299176463295
85.10179580292609
86.06369663459077
84.57425642356554
84.55421833505898
84.85308166596641
85.06068200489557
80.62656681987687
80.46691295260726
80.5166888267014
80.65180658583506
21.89320082125505
21.356347981254885
6.957915308320736
53.67700171741326
57.571024399170234
55.75131800411038
57.386156202083875
61.4329187025638
60.64635776404927
64.88496889149604
63.26378772172241
61.3400537470931
62.22016733931755
63.899099890125996
62.573943250623515
60.80830387637318
69.07972570685887
66.09907445601982
66.22571280701636
66.1472328440956
67.5427648723342
73.27772674251383
70.44596338164965
69.69400977912153
71.6308593313623
65.90947846565837
68.86786234134263
72.91569122108065
68.94453206994365
69.91239036093765
72.16855354443702
68.35201119831169
72.69963148714629
67.51740711011087
69.87190320201394
58.9833650959425
61.22620669532078
61.22928433837846
58.687287925834816
60.81395905771422
59.42355417744636
65.49830107053415
58.51333814176973
59.71704615751703
67.58207028484841
64.4555794664169
68.89764251161532
66.44206970418082
71.33482602549479
64.4511068242187
68.2712971384707
62.295570960000816
67.80990072218613
64.10136539345642
66.39758858842384
60.73685231949253
61.972549122909754
56.393261218634095
64.013323571695
59.04093176032138
62.65611035293607
59.45540216907827
56.28078907841901
54.49191283449201
57.22806554996853
53.835555293958926
56.86194126629785
53.49124131727643
53.711746396734384
53.423655688762494
54.14965886980764
51.85306528374409
56.9087081830416
50.220048635105705
53.921540554753705
51.678199701726044
54.33019304231655
55.920153317788134
56.55300699976081
44.286427481170165
55.05759439006357
46.99231868805598
50.39739560521014
61.26155684357417
56.803427547732106
64.9395259581722
64.59711352299564
70.38643066635518
71.70663460168528
74.859223250832
76.67414740935823
81.84213413712669
78.09255013223128
82.3144406294441
78.15680412147415
80.67253935574143
81.18714372483873
81.60676021351725
88.12012919254781
85.17497941029396
89.30158780002353
88.83122115080067
85.99034194540434
88.889958012423
85.40260590894408
89.45079454420076
90.35273128511108
88.5541299834098
89.59053029340582
85.99363854822388
84.39899887211428
88.90177141127317
87.27333329570405
90.60914434767614
85.62407895314425
85.7358604061543
87.49249381180036
87.29782663255182
87.9176968853769
88.68669788906867
87.36538108754709
85.0947075953729
83.39591531685639
80.8444908282187
81.59926663039884
76.98287563319889
79.40705884788757
81.69177939625759
71.26381957362936
73.01747227611098
78.6392461307738
81.70421460607398
75.49135481106433
78.55853741637705
77.68262464875357
77.79472333341305
71.94463529006578
69.19387365657911
68.89618193263084
74.72988770531063
72.55997702787255
69.60989668125507
75.76297967214664
77.31844294820868
77.47620374888103
79.88396108496822
78.92034645516418
78.78654075168525
74.53947067373997
68.38965049494615
68.46353125799058
69.49411125014731
62.392516888711704
67.09076620292919
70.76982566860141
69.44010888767886
70.42183651383598
66.42360551846038
65.37539073133506
66.94285890773136
69.02462154084661
69.69186120775329
72.31980676836203
70.33552353317737
68.65634857178533
58.15750130166274
54.667948518215525
52.32903284657719
51.722109794016106
53.280745560007674
53.19219590741716
53.65771748591384
52.68297847947933
53.3353573021308
53.69800862887264
47.88042401276457
51.60629969131581
58.94511030303662
59.059908282312996
62.60009399706647
63.700727961361494
67.60998182875936
73.11032298066563
79.47031945148227
77.77731347943777
76.25218374803455
75.64154869416677
78.52625743378984
81.63951509488186
84.31572758323722
83.67418047540863
85.8262397456972
85.56598156327831
87.07273798740715
89.78187551745607
88.95453679587095
85.92192215525506
84.6946303186229
92.50218463017369
83.37240926088282
84.06161782694494
81.25675282590026
87.28997772937154
91.42420211785037
93.38221778047267
92.84815330099117
90.36685330822652
88.84253152398382
87.29840273695552
87.3713821186563
90.8953870891998
90.86666703110023
90.16652031654061
85.40706495668664
88.5179322919139
88.6054700083743
84.34105895230246
88.2694658723278
84.89266788331992
89.28216089577454
84.65072056317388
84.41584126001277
82.8179080744988
84.57371692215736
86.95455193727695
88.14703409254889
88.96155415559419
85.48733322400986
83.26584438072615
84.85942759248806
84.4386711608861
82.53785329625556
81.01020675519823
82.66521267169355
83.65847256608234
78.65352036263755
77.0496654061235
76.82089305812065
73.90830396728677
70.50162891830348
70.78439547621963
65.67081619404732
59.510792385032964
58.48614142756195
61.20425566323953
55.363006335457015
55.89861963585099
58.91392490053386
57.04655322442681
55.96936695802306
55.28433213542715
52.996921092179186
51.38429271083726
50.0423469101801
52.083102313093285
53.75113893532523
53.71848831605239
53.60716041481513
53.190273482090895
54.029600000263706
53.98146749304685
50.54615763450303
51.51203478234084
48.461644755064256
49.01455590062494
48.74159535787005
49.6933528653551
48.22891436564386
46.58225082012195
47.90126977656155
41.9150022070923
56.434070530555864
57.22438487791555
58.400180321831705
62.505768676093524
63.066958414612685
65.04782183236975
67.14969399039306
71.84700111013157
75.79708602354125
78.14670132562064
79.00652585692963
83.05572735810232
83.34351279047036
85.3552350621948
82.37538825972018
85.98375708511946
88.23439167560883
89.18147024819302
90.9566085888174
93.33862618277149
92.57802130166465
94.10862749230152
90.763625447251
96.1211202364766
93.34394820329386
92.5365962499973
91.13211364166838
92.76416923606236
93.35065666341491
93.74078714658049
94.14956121723776
90.78118147760188
92.93055055051343
94.4609457783094
92.4315841044546
94.65098876693699
93.15253443937671
89.12940598473271
88.87700606800308
87.91958737946152
87.07223199700393
93.93821467871697
89.20134034909748
88.76111644889335
92.4786700328809
89.50957888501577
86.72648881766722
88.06285841309939
88.64862377402315
88.19381489275486
85.12171960760398
85.15695182312837
80.52840983953953
83.66014570436248
80.06294309125528
78.67174098627363
78.2922979774003
74.65305111662195
75.14605637000992
71.60137163433808
71.76138200255681
72.1366586612274
66.83262545077777
68.03740137739976
71.60170833658798
70.93214286743677
75.17826995352323
75.47084170521988
72.90121431908126
70.00783878234257
72.39109811441925
71.56190085530288
71.5829145643965
73.65863810731113
69.65024740402438
65.94044411713531
63.17349218067829
63.99862248369106
62.32345727934885
60.40233074957205
59.41996819987152
59.154714341730134
61.159229739639386
57.383276055195495
51.550410870395325
57.918331366007926
55.9587874422479
57.770356923491846
57.87379820803045
60.67930003046195
58.49341919742545
57.20112094414624
55.12341482701122
52.097851184950855
50.03827510662916
51.494321953230056
52.058214788318395
56.607253278735165
56.91250567644507
60.201400622124645
62.709702113175204
58.307671347845826
62.47981675798104
65.92579098090859
70.82688526758064
74.76570380933575
76.45228637505224
71.3411152037479
74.79022798256773
76.40594606621846
78.90355243945004
83.21822347619451
79.02913089161882
81.38317351589876
85.60312073834564
86.69109808081836
84.823779068092
81.50628226999112
82.10954379030441
80.62281746619158
78.36378103012316
77.89758689176406
79.42687333604562
86.68580226081389
84.77739709943121
86.25835249621053
91.19667542904057
89.65652274068914
91.80923123083335
86.85192755122037
86.86235145069932
88.99889126818948
85.00730420535479
87.20062383727213
87.6466757599064
86.57532298365669
83.00421504374752
81.06502193241018
82.4375897880249
83.4464410913538
79.82520327133668
76.53424226506372
71.95417117356831
71.64997082666741
70.94790404816493
67.59411165568667
64.83889775016027
65.70664209805932
63.68307609744949
63.201138973826346
63.34796651011434
62.76954837344469
61.67155709530198
61.58166596114151
61.11476381362297
62.26777532073061
64.49876571259658
64.41229664577745
63.61165230011284
61.74908855512925
60.15629131289776
60.790018359430796
60.945267120057885
61.65451693312648
61.025483484743056
71.51641257475228
69.94167583535767
64.96027586646906
61.5872435888491
54.68288866639639
54.33409739676284
54.254810536390345
53.176526037159945
52.571488652898424
52.62220539998857
52.2110831607646
50.31974837507294
52.98525566916442
51.00030893785876
50.598431020909715
49.578527307435
49.26824559761371
49.898191725905
48.533830840961286
47.58313271691387
47.803089669359814
47.73506244791231
49.028880853009085
48.46173167903376
48.24090407783759
48.18774800646545
49.24010452055823
61.74502925533086
66.41781123617281
63.51493266059374
64.90908775115746
65.48678538291935
59.6029433065451
60.90503533590708
65.78580766088203
70.71769618716507
68.29874069224589
68.6755757542185
68.24708523616786
70.57497277023501
73.17425899464047
79.48960357546741
79.79004566642442
81.70684289396604
83.04069386382281
81.0376890258836
84.41736691136697
84.52858277875089
84.61080869540493
84.00615454776943
84.22725286953914
81.88227159774254
86.56484878970457
86.68114661101694
86.70404850171514
85.07786007671363
83.32142825895497
87.00573808731022
84.62426012759556
84.69145377045868
85.43405923874712
92.83806728218863
88.46987468525987
87.84143709198077
81.46948482542814
84.8421244410432
83.70357429582913
78.42549076039177
74.78683969363473
73.67006709257365
71.712934121659
71.61224123047901
78.10330926473044
79.06119352278552
76.29364036861156
71.53421889189924
75.56546732970168
75.32917161274767
75.47116669128548
73.09513207296223
71.81915759058825
76.7292726113327
77.7463555303885
76.24595880183824
75.090583417683
76.36545307901005
78.29081564951343
75.68969087594884
72.12866934285256
69.79319045725664
68.40272743976536
70.50067469195436
68.53024736355869
69.71583902015779
68.11053325021112
65.81303671085419
61.5645837606381
67.02455763171459
65.33372778391467
64.76612290519807
67.11380101527425
61.27031267489187
61.61736560790019
60.91421842990676
63.314261762823065
63.084922018614755
59.87004736453255
59.57153934333575
63.2760441782351
61.120811148838904
61.14307488236126
59.348726703844
62.08959998672431
62.92486538484729
62.988351502985495
57.454554685446354
56.79627687402622
60.50050428639925
59.072450116537965
56.788522700474275
55.814658320822375
57.629112439271246
57.14261518196866
53.59745798849513
52.06622491975409
53.83750858136128
53.783045787481306
53.590507652539785
52.90076942444342
55.77428574891297
59.26398825247875
55.82385005569364
60.98092606864005
59.31327969978611
56.710152368490824
55.988560733956774
57.0354488704188
55.888865155080445
55.71049800203402
56.461659909445004
59.63760355050722
60.08160462983476
59.64419129666422
60.57634048992242
61.250488024794606
61.069070220233584
60.497772098635345
58.7509100459536
62.101177119795466
57.60637196048584
68.42244164447143
65.54189326016012
62.63096827482942
60.14440608360054
60.767587420583666
58.4751856186398
65.96927594331336
71.14564818174222
72.77839037097385
63.18551001343096
67.53852906364995
65.86451774283823
66.30518301520041
61.35891769397958
66.53153685202176
69.42227655606703
69.5629577200477
70.45723410591978
69.02809857203906
72.65354724819085
71.96725054504918
68.55384100571747
67.42731977183996
70.13415302336443
68.61403738368
67.07931288628033
68.98950830521588
69.08146325386826
68.7235337802883
68.076899530246
67.4731642183553
64.05282062853055
60.28770344167464
63.30290914511821
61.9430427091591
61.151752149874454
62.15428704884235
62.11626346236727
62.25803689058955
61.50842817350872
61.09414994579822
60.375304930408305
62.69353932567154
58.74508505814754
57.4811283484851
55.14982287015556
56.9663924257639
57.7239046373075
56.33569692299238
55.653966166795186
56.20725796782699
55.811215919913295
56.104921176360676
59.59165160411931
57.9831874865284
56.83434575695691
59.29385788493002
60.97244232492159
58.369716544932864
56.870800576029055
56.71627339397768
52.80765051755421
54.57323643343865
56.75485065643712
50.63491037146996
47.64996227852213
51.51358601480101
49.18176773623233
54.188112523134464
51.702138589732584
48.76616177401465
49.115761998323904
53.9165161965054
52.91693105330601
47.577884142733126
50.911535380981455
51.76076854731622
53.54117502313924
58.06541996261921
55.23185270025987
56.18542611994576
62.058064541356835
59.73129945586511
60.73647016281118
64.60348327669982
62.22777206728861
61.189178205160424
61.56353547170754
64.09481592685042
63.4742439104119
63.26394976107161
61.28114006992463
58.727865530448526
59.23660890861754
56.915375189189945
61.97437316549542
57.974845764936276
59.01043361868059
61.617143248625496
59.51341532977705
62.02059325304782
59.12763763304574
53.57398371100237
55.146573636428045
55.659179811279
55.92400518408789
57.54049243179037
56.3035940006406
60.52107124411668
61.65493217084736
61.42401185855553
59.519395262045606
62.2752097240666
59.452559900619804
55.8272351323906
55.321393343097526
56.433495492783265
56.175134418256704
54.59961272809981
57.203620995831386
56.032830439208205
53.01793939875165
54.81553899314105
58.99511886935636
61.926656141087264
63.91469495528935
64.93796523041493
61.810216063840514
62.91585338500037
62.220092019458555
69.27700620542844
64.90558696910082
58.81092215678572
58.0225107449396
65.12536033351282
68.05889007573039
66.03030281255079
69.48794948844004
67.42296118747102
66.86478143433087
67.48508901663278
62.91768320215552
64.79436822201383
68.06082589036414
68.58209975079244
68.7011529926399
64.37259483363957
65.4470502612302
64.32092172619508
61.31331508631322
64.04073361415914
60.696706605677186
58.97047429514863
57.41183380462029
57.39717658938794
56.63817433540904
57.286928947389825
53.87403868134447
55.576627445283584
56.2428639401234
56.06570627332037
59.33404427212341
58.68992050935596
52.547998409764375
57.578479211655036
51.16520044915845
52.50337315691787
57.584905939407975
67.12142558381196
64.47586023510534
60.8453096688766
62.08306524081982
68.59297387149837
78.53778240586989
79.69352269668065
81.6255110153442
82.39686537785668
85.77252586525847
86.4872652341353
86.57526011964383
88.73085996361687
89.9433053529165
91.96243171578269
89.19890831086079
89.86308307135647
91.11822068434294
92.29637753598497
91.18980812497747
92.20046488711642
91.16271139084569
91.35968260252889
91.04384080405815
74.1334960991424
74.95201581074446
83.9432402367553
88.52821038402817
88.56312371563396
87.09070352829234
86.72189456858581
88.64310657926657
88.12432714686611
89.03263018486446
87.93303441625957
84.39834826429882
76.18151840969088
73.01428955628586
73.40572628285554
72.06048169944631
72.0181940971994
70.36587176032887
68.63765237190987
69.34594391031163
68.01078164095492
69.34804979428895
73.90349095040733
70.61736106030799
82.62565266008846
83.80533662251985
85.30553556302296
86.1902738270871
81.67625687392643
81.12366970567248
80.36439939291901
79.67311893120583
79.28654684211696
78.70633992834773
81.0854792261947
78.73546028874586
77.55263828671244
79.71051194087978
78.31071059758276
80.80277132578775
79.22822390168551
72.53263699808937
70.36812784206296
71.21674068336638
72.74895080851877
71.76199395559426
69.64861664010668
62.36502340111406
72.19860785667998
70.59086691822074
66.34276715300973
70.25601511979619
69.30692284011867
67.29918932465553
69.48751455245431
67.74518885808037
69.70529276000022
69.89185775568504
68.69627144849126
67.34373960932943
66.99571940772712
62.1456391877512
67.36168840297299
68.59185446544748
67.70876612123486
68.81529004604997
69.63243531569013
67.60914719376005
50.98124579902756
67.7135142130125
68.91206837619006
70.15343104167049
72.92976927466043
72.3003058509805
73.96934432120308
70.19766827583739
75.7177872969294
76.39067401805644
79.06786251267526
79.62879074714436
67.92106909821477
79.80378003516876
85.13896645271603
86.99232296924474
82.1427216949049
86.73527012492161
91.10632303883148
90.35441436234073
90.55561581793545
90.22951336735926
89.53189382793077
90.64701528618163
90.92873640649955
92.31314005394732
93.21487134644352
93.45910162747472
94.27514646851925
93.96804352671705
93.43003052385329
93.06061878383147
92.29595187878834
92.58134146133176
88.99100323756912
94.42450606281598
94.78580267577864
94.00166529744546
91.30804647103145
90.03292731049069
92.32782562651093
90.95351872325566
84.1485513323148
82.85692584859927
86.50780829207724
81.7554219562398
81.1300221011518
81.43202000285662
83.97074711130213
81.0108434161613
79.7165229294911
81.47597568695264
81.7643739522538
80.58404344202718
78.62979704968377
78.06367476791314
78.55665976550043
77.79521274550333
77.37574949646954
76.55482900644049
76.69843064484114
76.08135169625132
74.89436729209423
73.60564228418619
72.43201671220737
72.85475008043504
71.76373966784764
71.54198206593952
72.74946827449313
70.56627669844694
69.33173394197695
69.44592331182119
66.8447976975115
66.19918629733411
65.77806363836604
63.794591129105974
64.94014684784469
63.06332416386563
62.16066098458113
61.25431394184724
61.73637686656299
60.57289022075051
59.988915841377064
61.374421258421364
61.66947706057709
60.42311159839016
60.06437280419431
58.05413366765326
58.6101534172563
49.87000428575723
48.92283513412433
53.49436939113082
56.348593434338696
57.01863956736106
49.082754496950045
46.37307304721339
45.79856063938908
52.5102061410372
55.078789166909516
55.58697247766219
60.65899775532066
63.602255837459744
63.38814883061351
63.63870919133382
68.65471892101816
77.64917244529565
78.4869955842376
78.06985884308966
78.24663100489266
79.17769427674199
79.6628160142751
81.09783601360476
83.64939606429428
85.62955482263612
90.05805384885596
90.3806569428748
86.19376508814909
86.50825217939786
92.0195303613428
91.40053787864909
92.08066251328877
95.54005591652249
97.89639122195894
96.48706105323657
96.01633330256061
96.88392933983364
88.31683135612212
94.93517018425649
91.17632666170006
97.2332267127884
99.12717433413339
98.08455373641472
94.5210413662854
94.61643039232499
97.20696195257858
95.04202576654505
95.33136461760735
93.53183907675736
93.01557607698454
92.04050365514772
91.58462847491896
89.63057973362663
90.05543737611687
88.3194533163107
86.19189607274427
85.11465927377203
85.65699224396268
85.81968259692802
83.66461242442051
84.47259720162589
83.21421831744244
82.22053281521413
76.66898044475694
79.2471710931366
80.99836200067152
80.38501617630692
80.75189092946744
80.95254563887133
80.11682450476644
80.40855189509928
81.78247892675543
80.14597381849437
79.12038757853945
76.99885173710723
76.80371940931377
76.54849599875755
77.01850227228304
75.35795871517564
75.29636317641696
75.8951854285216
76.63690021727967
76.08860011789373
73.67443342163091
73.62318666185854
73.201268445226
70.99235133053298
68.59107898940042
66.21963275687739
66.49969833321914
67.49521232460111
66.99180225339262
68.5389345980528
65.28008897353175
62.47443345356915
60.79800911246805
59.750860074339734
60.852420692820125
60.86774559757956
63.96971596837105
58.26424937353101
59.14626999565851
55.638164250018804
58.41180274104672
60.04969211881163
62.25254565728369
73.1539116184349
63.475376160519836
59.78106868907757
69.01992148473491
70.87179993683415
75.97257458521426
77.7005653322226
81.07384739303842
82.83317504845354
83.5415306865489
85.95649462273185
87.720743485762
87.40374070565099
89.15948068530832
88.82849040597412
90.95557059168826
92.07508559512915
88.82764555186107
88.92141574279937
90.57806184713604
90.6025654633448
87.73826542881079
80.65094991872346
84.70333934457318
86.00891428431126
85.95567070123451
90.67750197545436
91.65076910118357
90.12350094681025
89.26402211491809
90.56961397884785
91.49154651894412
89.36251944341791
90.46888951798024
88.98168126310071
85.50629397075701
89.37424258120365
89.58723122263908
90.33932898602012
82.74244192000248
89.94853136112181
88.59743595377094
84.7675885610779
87.38702009069372
84.54527125971313
81.87375563972722
79.42079904716412
81.66921886288671
75.89663077275225
76.68948291992612
80.29396507444255
77.38203352914074
77.98270481520485
76.87648944254494
81.4261917418629
82.171449836855
76.3583033553399
71.12052891047719
72.66216598940011
73.95995001883949
76.05323128289854
76.69780950962888
76.39754442381286
74.08433002497384
77.16178041712058
77.26931600880401
71.58426025727164
75.74545860346065
75.89635249534028
69.29874770218979
68.3791038892729
66.03844742518712
69.02005652236234
69.18849550194135
67.1459398352545
66.74145242128937
67.5460970017261
66.9224553477358
66.08224987810101
69.90437622656465
69.51540344520521
70.0985915764656
69.18070048126557
68.85444230612703
68.42012012965095
68.3597761621305
68.44804732618078
69.0536295830196
69.7073110832825
69.91717266474016
68.86506377568419
68.86541462182663
68.97168746357386
68.10407694739578
70.39192590260993
71.37245798493564
70.93783322265665
72.77705471079202
74.18377999181031
76.00622059144266
71.44785803020925
77.00252564560542
78.894638955501
82.07633213349953
82.45416988713933
83.98077267727197
81.65073135540774
86.07891308272278
84.60759240652882
85.54374034848742
86.16091652980441
86.64944971936282
87.17222199718817
89.84989962929662
90.38671443259462
90.08443798924714
90.20277666109995
90.2169137233725
89.62882866523128
91.66688627860847
88.98607941089965
87.99273786436922
84.59250155668494
88.24803434933698
89.9595753214557
81.1524859610534
80.96254836055247
79.597018826257
80.03682358594219
76.0931163738634
77.68109608561014
82.6656984551704
84.57647443122966
87.42590036730263
86.08493022352613
84.35105669861787
84.20986251691934
84.18469799279956
83.34532513332324
82.3143982345639
80.79068267924794
80.5140270935599
80.9689875843708
80.99018683628839
78.71654373602556
77.0311635688275
78.27468163110724
79.48312446098379
79.85847414598561
80.52485240705013
79.24397723392721
80.18794671013019
78.54539028682024
77.01452372757744
77.08005255619145
76.25245195813342
76.94377777173604
73.70547937400096
76.62898539416435
76.66071891035853
75.77488938532636
76.17215162961834
75.74494186841213
76.05692438549983
73.72245824285005
74.03528084697874
75.3425558773743
74.81464514829167
72.61011035187019
72.85149707116163
75.939379208951
72.8587202827614
71.75129428710615
70.6436282418879
65.89840168734642
65.66386743473103
70.40355057064133
71.23308474838541
70.41725461578422
70.72144850165293
69.90341329498831
70.7566582058206
69.90128451001368
70.52676564726625
69.90923101525682
52.92234349474406
68.31622219682939
67.76302503237103
66.71204228418131
69.45029701762738
65.79010324255813
66.29299282140684
69.03801701184436
65.63558247983786
67.13543842136195
66.98825035377413
68.30368517599248
68.21298505291244
68.3732536744545
68.42498195076803
68.26670479982864
68.28656353848562
68.0222106298205
69.23854733870667
69.53915852327412
70.8111736612073
70.60395751767297
64.84688704918777
47.47031647125777
51.395053493356
55.96604425421681
56.670392356523244
60.48146278519106
57.39383087976859
63.48699190193467
68.44568588492811
67.29431861545574
67.7702039327638
72.44411379339414
67.34309064568723
69.60563893955347
69.2482006076064
71.26679575305357
72.89019577638427
67.2498226764806
68.39771969960636
69.21054168699607
72.93914794383596
72.94808479797314
74.03747120479827
63.74440305218745
63.79840698143056
66.23087035399566
63.98073022930264
66.18997186417862
60.39269027580085
64.86289126159846
72.3486861021046
72.19546622869996
72.41087977314356
72.45712134204786
72.73111378772603
72.6832798013188
72.21784640552983
71.63010529514621
71.22037536190913
71.31169875459018
71.47500608613684
71.60730345988522
72.2904453912879
72.079608418171
71.49547884655271
71.86132972991726
70.9004531497483
69.70312604415679
70.06345165134505
70.47638788543301
71.03351338449073
71.47846991476557
70.75217659372251
69.68315159016079
69.5261775350304
68.50957387584141
68.6838210840767
69.853902027479
70.07496345217044
67.51972605223236
56.751885546132876
62.005198628253034
68.01483845950192
67.3595638588172
67.9909899448603
67.38552271903923
65.77876761521222
66.04606313590857
65.41982366154836
65.94504419483528
66.84049961837212
65.22255191351502
65.15401336959974
66.18355001807996
66.2425073204922
66.03755787123171
65.220397303467
65.03880322878939
65.9584709733667
66.14369131840732
64.82316449510745
64.71748949698772
65.23276027599894
64.61542455110427
65.52047719321223
65.30969823201646
65.22224394342359
65.56999293333338
67.10687274359177
67.52739467977894
62.11738729907696
59.702121896985446
63.724212478430694
66.68055369684569
66.21663865372267
56.93312626000832
54.014824679819725
60.16846498541995
61.8229134107527
65.52664776239101
62.513963360493015
64.68580010702131
66.50510133886975
64.19485898717554
70.72539302509858
62.955870401374156
70.79975684162505
70.7425945868451
72.07451310542453
70.64928396828537
69.9662343260234
70.38140145412069
71.13147278644976
69.39454943056796
69.61686088406363
70.20991977802805
69.92863300701796
70.94244762480982
70.77300618916163
69.4918274803241
71.13295671770098
70.589780212434
71.15372264964921
70.8835417675721
72.80165633672848
71.67547190963066
72.26224902494562
73.37727740916392
74.43886901358105
76.2900739333277
75.07226262760838
73.61734881180448
70.64404553356982
70.29029808707422
70.38267862308085
70.01473274517852
71.36285611753492
71.17646982213714
69.85571982451629
70.07921359935384
70.26938322891128
70.38878046557659
67.09466190389583
69.88430099065688
70.64234552156084
70.96459712815877
70.55232988257293
68.58388245501857
68.27132055872929
68.28967011538515
67.8781908733869
66.49240107675189
67.31729124433845
67.48385272024586
67.88536629964855
67.69006521130694
68.9403075685887
66.87942428571844
62.100222006957544
61.812546401425145
66.43244961233657
64.80291056085831
62.620686985551494
65.82662119631001
65.79499275743285
64.03196845441734
66.43804297623831
63.32440559696182
66.55581691010536
64.30809293266302
65.22622957066892
64.76367196301547
64.6235973274765
64.67100235270644
64.52259281165547
64.29902066814866
64.6771401969164
65.76981953198947
67.31302696600534
65.95219932604519
66.9353978930109
68.05169335443557
74.359799297561
76.96024335548081
79.32165144871604
70.46032150215171
75.33255900546004
74.71599373845518
83.67328607800665
86.34953895540588
86.9213841601386
86.5711705388166
85.7183759031449
90.81189335039191
88.4323224285827
88.3097473292064
90.01372524773913
94.08330133190971
93.89606280596537
93.3529831824455
92.59504528282909
89.19798199048412
89.99153892845688
90.39659024527931
90.51424030567372
92.3916545963216
94.27580853319827
93.90455720453394
91.98316309495685
93.60859163236495
92.8575085230511
92.0372927498693
92.25842378446085
91.04209479582757
91.08829907890726
90.19993149757255
89.57038590465673
90.73592347872999
88.63588336729237
87.26392804886609
87.85767266997013
88.58254834261515
89.4285291061018
86.79421359408663
85.40094108758632
83.9711854043573
82.79838694339693
82.25046892216777
80.72594306561976
81.15303397928008
80.46039861079743
80.03726227156935
80.51627025056357
78.73613514763534
78.83570557278517
80.08179344031034
80.7795715260937
80.12621363766053
78.92431129734322
78.10552195718225
78.69191973102645
76.19614112562525
78.43837738755056
78.40207218850765
77.43718774196165
75.22091052231457
75.14239425141913
74.55317211105807
76.5537991897833
74.97235956831716
74.47216533220688
74.89717880586812
75.23691150129194
75.38532385351343
74.1821647489597
74.15706159257479
75.30149747959364
73.88933380079347
73.17841437046403
72.32859238384795
73.98608192131547
71.05670157363159
70.40300320346931
70.3893144162623
70.42138773936338
69.59812102535498
69.33626792820344
69.7040758795757
70.60505842089788
70.2935279652077
70.73787939332452
71.4885384963192
71.14282943389928
71.31106603026413
70.31801093140118
70.06795277590602
72.6965920868164
73.12899353793067
76.34611225545873
78.2850705231618
79.25276036310478
79.9699232808316
81.5769656072153
85.10909777320327
85.7928205566664
88.5116267597985
81.43916982850497
80.7723874228094
80.02593454604079
79.77739891728073
78.5580138900842
72.8292841059295
73.93935259142074
69.87845743906188
70.68763923977068
70.81035607230527
69.29931340849166
69.14161886521401
70.16676033151535
75.63180219404359
74.02667610197099
71.08023629405548
73.19435053915981
73.70291658826395
75.53990604891361
79.07512489871466
81.6858204581241
80.80436854231523
82.0292636387529
81.98863664447435
81.62319725836679
85.71488687980323
85.73084816712047
81.97869270431454
87.05386058630849
84.57445112986782
81.26306378666507
80.68034201539461
82.30968307440745
80.55031699917453
76.31230317514209
77.52500746496098
76.53830496241088
78.234695127555
77.81640766623241
75.47135051405809
75.32664225184033
67.86447478309408
70.87314482559553
73.80735706869581
70.67055943612263
72.62784316527011
70.2115875335212
67.75697630053104
75.41935175970522
78.54327645643482
79.2162743820059
77.63236932637484
76.92099303062167
78.81427068246167
78.28227136152515
73.96492841087029
76.45101637520106
76.53292473608892
76.39864665545626
75.23477872571816
74.85763236604885
74.65848233659355
75.71313485818648
75.11180201424133
75.27848948491095
74.11390876176907
74.70127187041885
73.25922801308539
74.56684374498198
73.30622928659443
73.49372973582668
72.28202937424753
72.8444568653397
68.04086228391895
66.26712528378262
67.27296364034694
67.48980081193073
68.90373555947559
69.37419346427467
66.22719259539889
71.73542070117288
74.27075381966213
76.84261905041888
75.39023896705004
76.22602125516426
77.85682894866471
79.77348397242413
81.64455479411492
82.81429200262284
80.83868666065447
82.09802396337793
85.74056657201051
89.11173823767031
90.93155231806652
93.93605721671045
95.64231365132946
96.00627607860508
94.87316774622283
97.06029086120252
97.12416315918942
97.11970533343442
97.54178861717266
96.14437585488602
95.1608717180302
91.33929036813072
94.4940128124835
94.16443397930827
89.08544258776713
91.73436784392595
97.25243237265896
99.54513473192966
100.48751086042783
98.11987219201968
97.11894543800861
98.97898137968016
98.53888509926423
97.28135327611287
97.30881484595912
93.47597516938211
92.59938570208614
92.59573585282183
66.27529881613802
68.80957145001005
87.86478452324518
90.93305086111941
89.73900222206512
89.4594180987261
87.34042636278411
87.45771072632243
86.79506611481139
86.21843214099485
85.99672549312166
86.00907235597023
85.01066219182458
85.73708076560476
82.8521722786602
84.92388937822292
83.95763450181039
82.91356590229037
78.31026470230938
81.64902020625311
82.45021583661554
82.73285160771039
81.5685730504792
82.34848119016392
81.7122379152346
80.19425102057502
80.3581851927881
79.8464835084982
78.7392583159267
77.31671160635005
77.21917382235543
78.78113858424678
79.59941622065303
79.10119876684539
78.40306179382357
78.21471618961343
77.40157355647324
77.81118333542281
75.9637721345586
76.78217463319133
77.55554483048738
77.42911385276712
73.75398668011272
60.42357323429795
54.01344778784485
53.083836012250615
65.93439286935754
73.06477538744373
73.37780135317448
73.50081308606539
72.91576840913419
74.18955736889598
73.2341696958385
73.6648484675659
72.49980693762322
74.63984555764807
73.51806182626424
74.76070912845358
74.08814591776363
62.87580055287628
79.4147166029526
80.3522540101462
80.98220369427334
82.84230329252347
83.14466634821322
83.27345177255127
85.27084311026437
86.25233111773738
69.30140826006328
67.64548614172577
71.53829712354084
87.76183863738575
88.84147795524152
91.35352172995675
92.09605279933601
92.30299313726674
94.33047722442055
95.03857792659741
94.96443771137263
95.54755379547474
93.98629388751075
93.10281294253613
93.13243984922129
90.91252885982568
91.73111194729509
93.28611330164273
95.53393207004902
93.67158072783758
94.00844511936614
94.55317688174023
93.89866230761366
89.46039731111324
77.50002713669937
74.91515506342802
77.30257366332805
73.77769835397586
72.2239131229199
78.99162965177356
68.83126749645034
79.27609355425307
88.63314190362445
91.13224640558896
88.28224196884975
86.52666046945576
86.3058998812908
86.95279537037943
87.70193602121729
88.24845092586125
86.74093193655273
86.08412004370916
85.14962736196406
86.19381077516043
84.60690397026886
84.61677219887441
82.38839745864378
83.79350084621973
79.7533929315072
81.1005400709931
78.74347480412177
80.02462720767613
80.22612423575833
79.84055646703699
79.2379198822816
79.62445004212796
78.96356854969487
75.60179841961455
79.04688206426141
77.57002273195548
76.64320184304201
73.73529570107326
76.25184403958511
80.15367697578608
79.3688224372673
75.79792553207801
77.28811288425
77.81339562099089
73.47142542984318
75.4996684388982
75.65787028400726
76.14869876009074
76.17363000091427
75.3604477974241
75.10252379303162
72.75231916551142
72.20329986390523
71.14908343869162
71.47134499431681
73.00359578984458
69.35176833507361
72.47168297734298
70.8806291211404
74.60413794370193
71.6511321148584
74.0954943700823
75.01540694781464
76.76009691648451
77.3215050709247
78.59756818837653
80.76115084889051
82.88111202405395
84.11753271910968
85.38388843095595
86.26803491966804
76.02211503934569
90.0975179205968
89.81191942927578
89.54086655006772
90.95042944129098
92.50663314579728
95.85333370954025
95.17032238825178
95.19871483279367
92.39538604906075
91.83810129118751
91.51160894178776
93.39203907852297
93.76335206729208
94.19328555291406
90.17948119819648
91.54023676023738
92.66223951946316
95.23700537561132
93.56852110525335
93.49763071325569
92.22406174329491
95.28717866248516
91.9655074603092
84.88923520182676
83.05498518404971
94.58957475597717
93.21648626920597
93.97628153053911
91.40708041360165
94.86133165368359
93.49842912609026
91.75928875591845
93.79274039070047
93.32058627437766
90.16190855145817
89.32085956016927
88.65289073057892
89.7052916630366
89.6169724293533
88.71149045938584
87.3725487203938
86.47714671765507
84.39420339439046
85.57504521695842
84.42756498275979
85.75697488163576
83.36589244378023
84.85974695579344
83.22701826212582
82.64261651395944
82.56826303489335
81.32023950071567
81.00191102888856
80.10493643355021
79.66899616547744
81.07871754666601
80.97909307870893
80.40637713010945
79.51842722961882
78.95415806002266
78.02960554517318
77.55047029072747
77.14581267257603
79.82195421505247
77.2796489604909
76.49527840258165
76.21199248666096
77.2038249331663
75.66498178007237
74.97566640906089
75.03888033555069
75.19173844403265
74.50597168848844
74.71612122437634
74.04950569738955
74.37873969709862
74.3265265862108
73.19553021492729
73.00421543500278
73.37958414039689
73.7645123735118
73.31750004188557
71.48031370615452
71.47238215941383
70.85117150556498
71.56110991336146
71.32696951031643
71.85829606080863
71.48512486782914
71.7292293448222
71.1854685398342
68.3840260050778
69.93337326970084
73.91950732788047
72.85320573581454
74.23147174584075
76.118760143016
76.34171557908401
75.42821884421156
76.26198556574994
76.5431703990133
76.26916032166471
77.75584959119512
78.49815521618925
77.36050965928524
77.43576697755222
78.88077075725542
79.3611342823526
78.91261812077168
78.9540083658066
77.99872162200154
77.87637212378793
77.39335854880845
78.47848615658108
79.52168654605265
78.51426564814122
79.3749263610367
78.16037563253921
78.83645946712541
79.72523312690357
79.37420881793255
80.0997604844003
81.52672305552753
79.89415236097403
78.54115447961382
79.03676226944755
78.94971748664321
77.23899172542009
78.21509536416393
80.32124577057537
79.37247922394941
80.45673999578408
78.55268864392542
77.64352624395825
76.87108085436422
77.06446000059668
78.68369760078845
79.51374970938768
79.46783952315354
80.28795946506116
79.7718722700575
78.75249850626362
78.08547505066883
78.84970335219309
78.86521012314766
77.93796952167337
76.4525490144561
76.80605994952998
75.52136745719056
73.53368791568847
69.58496089018874
70.86884584998768
72.38310514420884
68.7021461723196
70.83471496714064
75.0907296298393
74.88303662046759
69.36587095910669
71.69946841133795
72.46462971520012
67.43868504147602
67.17191240618318
74.02704654123147
72.7844110647468
67.12766553983539
64.41340679159306
65.33365019093998
67.46843298050223
71.22237388799397
65.37975226059493
65.66681379145972
65.58503647730937
65.68518382994135
64.92631240165579
67.42328640793824
69.50015232860528
67.10773010753901
66.8033749271199
0.18603811433465012
122.03443266643282
96.26312788304817
94.23308628365744
94.37475856044183
91.46579793588609
91.21292903630751
94.84869248233622
95.17270461967568
93.26222979901212
92.73659862766209
93.53864881047625
92.17232893134167
91.5932118466901
89.220343739091
88.64981204362716
87.78534558285482
87.58741026069305
85.37806215012151
84.86158020477882
84.57176527371696
85.13328818353489
84.55948810346926
84.64389666885577
83.36825686081534
84.20382017731734
82.59228369580346
83.89454422447182
84.33723988002463
84.2907560581298
84.10671109112837
82.58321437362616
82.80603393294294
87.64900587359503
88.61100153675618
88.44629955388828
85.3719610334917
88.25228281907712
87.04937963731095
85.1238371526063
82.81604479413295
84.9169057323154
84.45831817167823
82.70398656208711
80.53714012943516
82.83913877847209
81.98967719201369
80.71768062870733
80.03254121847266
78.68327720758995
77.38996085640052
77.11903060432107
74.44606752076467
75.37668364396387
75.23634499946027
74.60879592002564
70.49202500258846
73.16074403107756
73.98298530510743
73.46518387374637
75.13907680559257
70.01068749715546
71.46928637052523
74.00120438836194
77.7148336049037
79.99621250526504
75.05521132103361
81.6406582443604
82.32135505983317
84.32814098348264
84.38929431542992
86.0214143787488
84.17022439551444
86.24482654915437
89.52516771607591
91.76619447242132
93.82941583865218
93.78396953293958
95.25508682573447
96.15381549607159
95.73313688882723
97.40743398689851
98.2428919869611
94.94804312310576
96.09612768331652
95.95983277997684
95.93495163971242
95.9408456421764
96.07637674113019
95.84845275705155
94.89774858076126
96.2210381897983
96.57372075201157
98.37013454745555
99.54938038415052
97.9295453314605
99.11026493199523
99.13488543288568
98.97272705999359
97.68432005311654
98.17069231043443
96.55561861183654
95.55004657549983
95.89726306067806
96.14854113296846
95.37965778419465
93.5673147484878
92.81077777049228
91.29652621239457
91.64147438887686
92.2626037634822
89.9554746523713
90.27825427025516
89.51400200152807
87.38418206201021
89.06344736761501
89.05611373463398
88.72060887142646
89.41312797354024
87.46083066432983
85.82252679316372
86.59641271837224
86.58306490035396
86.74517249080492
83.80260870562573
83.90913809784112
84.35860094726436
85.08592347532301
83.51585580514856
81.79413005251814
84.00141225267757
78.87589453221365
81.89699428824883
82.12468864469042
82.92016142654577
81.97873614446671
81.3803716979681
80.8122964770155
81.19297401692374
79.24695064665093
80.32075037241249
80.703965555665
80.2244002311132
80.50153905607596
79.44147196532961
79.8712560901319
78.6496893275989
78.30488618029042
76.18843798167262
77.05797211312961
77.64766969509776
76.8105810126627
76.07767607957298
76.20906674819597
76.45040222181598
76.67869706630155
76.58021982531875
77.57700720970155
77.3039711766949
78.87430010377099
77.3415664338228
79.58579064064921
79.92414077741438
79.99320426930129
80.04126414982713
84.38547972065386
88.16811144046123
87.68185827575772
88.2610012327304
90.23003778081606
91.840501386315
93.76383106094173
93.84919765063168
95.59699585016507
96.07900768075095
97.66734449686176
97.9760585783689
99.08686315701075
97.59091861389399
96.62677368962171
95.68213455696284
96.01319415788608
96.03898895197092
95.51194317617092
97.0148671999749
94.46541107896185
95.78412053656844
92.65941404503809
90.13146040026075
91.26670280933243
91.36025733877528
94.41731750626666
95.46212423323097
95.9555088422989
96.14282357915633
95.07763719158746
96.7162996614793
97.51745928647036
95.86777898650054
93.22479370313047
93.48695459172939
95.69236674636531
100.09126719465499
107.62063262294214
107.88431393091794
108.11343778499713
106.85186651871189
99.24834715391586
89.30190305283091
89.39051957425754
89.88266652514844
90.11423907097208
88.93156465251218
87.2943901896696
86.88322505496588
86.01759339292866
85.93972954856287
86.18949882672518
85.16748609050562
84.43324244253438
83.75676123144545
83.3419641470566
83.19916964538501
82.33128077471675
82.32937738038832
83.26542152955135
82.7235301265739
81.4203457694272
81.3716093889656
80.9180694688005
80.72733181485236
80.15956697947692
79.89559562618533
80.45214510040915
79.14161092483981
80.4434476934521
78.8450897880355
79.08223033047823
78.18779923555374
77.78592226896076
76.2733708106763
77.29457556717611
76.5436984826004
76.18417589743311
75.17731054269339
74.43749777053395
74.19905636129124
75.52178438463793
75.33179201731032
76.60960667833433
75.96544601028873
75.9596101711193
76.15125850405607
77.8964780518578
77.80371135903098
53.75139846519847
78.89507217611056
78.0399161780532
73.47502573587101
82.35533057739201
74.72441905998997
84.1502047456512
83.52519966577462
83.47409086018438
84.68145742842681
90.04552129917634
88.53616760537633
87.06652235999832
89.31035918018044
89.00439154619232
88.38515733104396
90.55632429113626
92.71239260335555
90.71989914045919
93.20310560165476
94.82248857912785
91.99266180611997
90.7846585843796
88.65181962227419
90.88438991526434
91.5217759977923
94.1835001269454
93.8511391750075
91.48945239480838
90.39844235919695
86.6881678614418
89.47104971229675
87.06075668937777
89.11822303498265
87.12666282124884
85.75879206902263
84.8562525929011
87.9619325578168
94.00486825266412
92.02519043572664
95.34949292796136
92.3736442109537
93.03240907395305
92.58036630364832
87.67787987249682
89.6070782965298
90.84025469160534
89.07307264830087
87.41383524812744
86.68132306513412
87.67656858673942
85.28418533977164
86.22249231341621
86.35244855118789
85.38750739149296
86.84657993436277
84.7691992492725
83.68028453243157
84.41305866174739
84.0494753481274
84.45389274907987
82.64383219424272
84.32768238287233
83.9988888806128
78.28243610886945
83.52242703350048
86.39118974824683
84.730431505241
82.2823522045085
74.44644810800806
76.52494251458569
75.42381896812324
75.86863681525337
73.8031474156733
73.80544773537919
74.97764508294283
72.56575323883506
70.08773637924611
72.31501760351257
68.26179256287315
72.59574177959011
70.87848798050861
68.90238344020702
69.4029607261826
69.64302641398956
66.83361767404408
67.27820397852008
63.57823041635574
62.48695078638122
63.36147777094836
64.14110310346706
64.10929703568956
62.65215515138283
63.82008041175476
62.452166288093
67.04091646513167
63.681119217969325
60.56092577575994
66.64720694633768
65.59222715999923
67.4385539199911
62.77071739533929
69.69644106946663
77.74567813412473
71.5537459839076
72.62605092942101
77.5559286889085
76.14973086559486
78.46239505032074
80.43001783587844
80.86028785640568
81.66710158902308
84.21945597151728
87.75764870957275
83.20928271827775
86.4310430990034
80.6002126215372
88.87678709625163
87.31525919957524
87.5674477105589
85.73441151840018
83.44474772292821
88.86987624132941
88.89514612353294
88.06133623066614
75.96281593821604
75.8129941226383
78.23743579424882
84.11547976756205
81.02980126713558
76.66700269661735
76.72645184759214
85.13846864191872
81.75944415863276
78.52061389063493
81.11483577293083
77.3588534360197
75.10377453705257
72.97289463977152
74.66571353420082
70.82922894877345
71.06482324351553
73.83876856715102
71.9713360495644
72.12206163608134
70.17595716292394
69.44057475145082
68.85007252760461
69.13607971483839
68.47526702849629
66.83169942120284
66.30123783756301
64.83759460629756
67.78479054641731
65.12869051545977
65.01602668249701
64.7227166589787
63.75285565288203
64.96539176515873
65.67684927649367
64.78424205659475
64.08549667754907
65.60822051130586
63.45979242323709
63.73652338506915
62.059616663535856
61.66808820969401
61.92467089683443
61.89223048129631
61.40314146859134
61.48136834359568
59.45010864789539
59.44925684272299
59.706241958224425
63.626657272725105
64.14866581078556
64.43983487234863
64.43345858890271
60.1815914242686
60.89356140194127
60.10523730680799
58.408705880275974
59.7737612926361
62.01590219358551
62.56473355760424
61.24790660992199
57.53102748585095
63.488777198541065
62.14843505037756
62.882799428185145
61.63627498061321
63.63012443742482
62.557503276479615
63.73389827542885
63.39575018743977
61.733711392919865
61.14812606567712
62.534219850089116
66.37291271180516
65.42686357996921
64.27204509157944
65.34644792066656
65.14961255412057
63.89648999844551
68.53443449078418
64.95468646613654
65.32031355595157
64.66749061653469
68.27747560976665
66.96808003535557
67.48538242841292
66.63525641557474
71.0362630237775
70.16650778458323
69.34379494754957
65.78124845974114
67.18180015156011
69.72161753818978
68.69947701184041
70.69464547437109
71.86463875203839
68.84871160830063
70.23029248555353
69.39170002531382
68.57824866163403
65.93958093280017
66.55292791200799
68.90664529452593
71.46781531145646
69.06232191264608
69.03977809018792
69.7585122365926
69.78402297464616
68.01559525788957
68.2481595777857
70.4078391199165
72.35893618825594
68.3113114830355
71.19459075837972
67.73569303223513
70.08399832106876
67.29707483916627
66.3692958686147
69.54356054285027
68.10640981688762
66.98477952136005
66.63131219421322
66.46628342603704
66.33990479947396
66.64296785008838
63.39641607161812
66.59524564761746
68.42891681320837
64.07942459988871
63.586663001780835
66.70760108679943
67.12244807020112
64.56252791404728
66.44991676294559
69.90431338299607
62.040288204017436
61.82732691369696
65.15091719241596
65.68405519442265
65.36662439109175
64.23332011395588
66.1611693585022
66.01195381319377
66.78992360116571
63.51821706567017
61.168560110949734
61.66693788127907
60.835719876079544
59.87417561841784
58.07350815784249
61.5300112391941
61.144626676038996
58.61150832034126
58.594860205114195
62.24658727383016
59.51026605036294
59.83050813655383
57.865028466417016
58.00583874159798
59.43408910575501
56.037247188208404
58.62380963551899
56.754769247216274
57.776758631787345
57.06603498822588
56.745043833046765
56.71914561385298
59.195575299173726
58.249943398139834
57.46744259332929
59.33343175664129
62.699292950791204
59.88135895916034
59.00842998491917
59.85885217676767
61.059917668742614
59.33884455540497
58.41817846949134
61.42283711839374
59.76992582695619
61.22844074011352
60.18658796224256
62.86485519389183
64.34469457373919
62.284513786923775
62.676198946077626
63.128201896200544
63.495458796076015
62.13586395125515
63.35071933873311
61.45195657098486
62.064519226029084
60.872931842197964
61.4391461266098
62.908773061301964
63.82622084252493
64.5591150163092
63.608752456808865
63.29084154726262
65.4449817446499
66.38611943739906
65.74784653589904
64.50316377394236
65.41837351912477
67.49021790394829
65.80877311347795
66.78391953646906
65.43087973795372
65.3645109707235
61.94609940443784
62.800931168076
67.2473729717133
63.864543438235366
67.10994720732552
62.05305547105754
66.05822432084048
66.15599560381179
63.325600061555086
64.21559519725781
65.79403371894392
64.79078635072489
67.33013127174277
64.73952473980373
64.25077628613408
65.9641159459347
61.664611353988
64.7139220243215
64.4965587962486
62.75208143125244
61.61584008049942
66.22837500906647
60.021251875628295
65.52656100214688
60.88157645057214
63.40703040414307
63.241969803466795
61.92008909945105
60.05249203558347
62.72614480739405
57.067630182656615
59.69386388364538
59.22040217313403
59.282475368913
58.78016656950511
58.932534415738246
58.81244035703736
57.45214027432756
58.576513190456936
56.56772841749894
56.19912280115947
56.69217421281902
56.213727639134405
57.60616412632957
57.879792029387325
60.60186406113438
57.534152352391025
58.89866168823491
58.24049283320281
55.97400815185876
57.830510898334666
60.410981433442316
58.89741329932312
62.08496569902623
63.845916675197905
65.82651546165346
63.631962577982854
65.22027718971677
67.65435499572169
68.69724714626994
69.22585467389317
70.18246200249823
64.36405252032404
59.00429812411723
57.45741138033598
61.553987005386695
62.92589454138085
61.98733707909818
65.06896334667965
64.80796484662935
65.58625268694662
66.61804173705715
67.58322446423617
67.62464751326466
67.40594173454186
68.4622891653497
66.04546782306404
66.98239881275326
66.79793938583992
66.85936604247989
65.24328769256468
70.13218656866685
69.31138413538704
74.04492836437237
74.3389606845507
73.0446174683799
71.0824794176599
71.89188232321592
73.84713175779831
72.23042397059974
67.93797053089853
67.42026379624363
66.36481130473175
65.25089492660643
64.31272696345468
67.11911574491232
63.84949880109783
64.52976152386674
66.63168872557881
65.12360181090483
64.59116307990502
66.33864009067737
63.36174657907969
61.064661525289445
63.58564577807324
65.36974511248292
58.60870576294228
58.683834239960014
55.10501618691608
58.029457974872436
58.88809080451176
56.07916443855507
56.440385505378
54.57560972728934
53.063131719247345
54.755909156849064
56.91123998582514
55.60179036249973
61.05504955239009
62.72178109461829
60.8987277846832
61.531573400534675
60.28053654310623
57.058822708131075
58.94968159647412
57.750798976284045
57.973885879991016
56.34330392100926
55.74589493467289
55.76860556936839
53.51336121633156
54.40921772343504
51.65983469074058
53.79804757002409
51.820359971098384
51.297728820058296
51.488113643809776
50.95052689106114
50.66517657263644
49.89399514885084
51.41908281181294
50.67588510739749
49.645473217027806
49.23440424571147
50.538749573152344
52.19460182608873
51.45348059946646
52.40972409174765
53.35272716431568
54.261696932357644
54.32054454391123
55.0930633138941
57.13437176282381
60.56047953327225
59.802972777304404
61.51139255363004
65.61326180205546
66.91139272683051
68.81285945269933
70.11969732423634
69.12993394561882
68.57038811100404
64.68492686779982
66.1120794459076
67.04708419435171
68.77395980135242
66.57056668730058
61.97923646782579
66.22696567633446
67.20384592126851
67.2636553049622
66.94846099636594
66.24109544535332
65.31161513369082
67.3271933264945
64.51532757282777
68.48668476876803
67.8936966054114
62.16973676475597
65.02286631530924
64.72669179277815
68.73790388085239
70.47864199356661
66.33208261135555
65.70914955374036
65.49826775636376
65.19455246513184
66.63757183684649
67.02006510882879
67.07631100086613
67.55954620316439
66.94916381186506
61.38741948395989
62.52100375014886
62.40852485895766
61.54485206869203
62.48023606597011
62.689703856755564
60.771520892572646
60.680300418599224
59.17344473167328
60.81733863741169
57.80933731248606
57.55783277259004
59.515189946730025
61.48675284404808
60.81122015609709
60.25598943421987
59.74164945064794
58.542958473688216
58.64923389073994
57.03965249904038
57.230326247372794
56.92690406965874
54.70829757504772
56.01162829205686
55.55111221553737
55.19432530142619
54.9431484007273
53.74754227058896
54.693751283809945
54.78887806551022
53.96287141760787
53.70028984465613
56.37950038696539
55.89571724420051
54.338323610997904
54.01507332234428
52.31158190640584
54.4562452882993
52.89734460807063
52.03494603546182
52.270550337409205
51.9541925313011
51.883401266412875
51.36172912189122
51.87510948522054
50.80583311366836
47.471160786158464
48.63368247280743
51.987544649926775
52.47301712806194
52.48266813121552
52.83915007658882
51.73739707497099
50.22609900028959
50.674302764093554
54.82181855572891
52.63189967793369
53.73322785394456
55.298570471696905
60.4057428156405
62.021949438311395
64.12952705642383
68.05832220711073
64.966119866864
62.49512449487868
62.36732218215362
61.99440843143733
62.55532816377716
62.94035796317568
66.78082561605981
70.88051050049089
70.94790035769132
70.99718934664152
71.9986462899732
72.34320636082654
74.11081077330662
72.69511050226589
72.54800304091036
71.69247201013727
72.93720522979527
72.94567611698164
67.91693816802653
68.5896617804219
69.67347868141397
68.73361009006351
68.5244253948267
66.09235307014015
66.23414787675614
65.87581073089392
65.5798368810397
65.88372582709209
69.68084000347984
70.78960631906463
69.85991026860732
67.03768285807126
67.59926804889781
66.44770520545667
66.51162378580518
65.72290152550109
64.76022163582218
65.77168629573083
66.759975162432
66.05804297332901
65.3780737033158
65.92999882216648
63.8412238853102
63.43512302868447
64.66936232944289
63.45278735667015
63.78511632866451
64.18338136610555
61.954449535910356
61.36788659287191
61.663982716060374
61.22935200621495
59.9948338161503
61.33447185135617
60.51616220298041
59.64555134242456
58.521226442965954
59.14771857258036
59.30511054659105
57.75358794890337
57.27215598686178
56.18130541263788
54.21161041224721
54.56994725212661
54.83755539537976
53.90774270422463
53.73677798602277
49.861402170971246
49.46829348420488
49.0773979794327
50.356656714296875
50.29691308129995
49.657810494141934
49.00743422688748
46.2580620281553
46.11733595781026
46.25044301688354
46.011450440275404
46.49741926406417
46.47025002706482
46.22062497651507
46.207650155994884
47.5446880093682
47.824474328070096
48.43902398726158
50.44038731297163
50.73234257638588
51.61626418918959
51.8253529933165
55.31344966964509
54.63386049790382
53.1949861227051
54.17960164528392
56.43712191965738
56.74241021604874
58.66040610132227
60.38506508413488
59.9568748237609
62.34079931490066
66.3407829114779
67.20434646893099
66.79520064390945
67.42582304967763
70.42631621244651
71.39374783023852
73.61777929011882
74.39583233573188
73.80591135714592
75.87695576863834
72.58094603492478
71.81294216650284
77.43469404734229
86.15588794463866
87.27938516402877
89.4278955674969
89.92027649714376
86.17615542565892
87.09615086820915
83.22485217401831
83.17034240969684
84.72516881686927
82.66924482911614
81.77085209586699
84.32343582246689
77.56496534496833
76.5822236724704
77.59831626738078
78.1188958183088
84.5668983190439
86.7658483821899
89.0425438477677
88.96244796372365
87.48822816124766
88.13629711016137
87.79631853834269
87.91511545460536
86.1150811937633
82.2155720237835
82.34230765732107
82.937447172015
82.84904207625746
77.94287368131683
83.27084865716537
85.73940073876203
81.80969411764755
85.44123925424945
85.49315880577247
82.6930000867381
81.64998012802631
81.12662352192221
79.89202383488248
81.2410099523654
79.49329167870543
80.6567198475473
73.21144048092972
78.64950539132657
74.68336947601584
74.26471350096517
77.23273719532484
75.73098916428918
75.12753936427538
75.94332187974666
73.32034824784812
74.3313774589293
73.78458391317739
73.89976017789996
74.7424758262964
73.56084124371463
73.99491241979736
74.3805035159429
72.79185930480502
73.02826655924085
73.89828675045815
71.26831346665477
73.16024235517699
73.08665044900076
70.85606553338349
69.67292622084031
70.43897921900326
71.3503955035924
70.89352876163937
69.46212531986087
69.00487229162361
69.80562933721656
70.1647065301807
73.31642775296795
73.81080123335096
76.11255112923718
75.21211897451873
73.36102639252779
75.42719638990413
74.3263297223717
68.70929982390558
60.89804713584888
60.49855687412219
62.468009132523484
62.4328864157857
61.990804069366945
62.8674807308726
64.53620411130191
67.1335409233921
67.24074694827031
70.90825174633316
71.2549769941352
69.00987659716485
70.7812055976348
65.16610744312185
63.48466601435855
62.74256422928786
67.35730095846561
66.44787983485347
66.08464486235195
65.78108198407281
75.35286471236763
80.12070436185218
79.49483646393526
80.87525252820012
80.89218244345449
80.43822792497454
80.52631737386604
80.46050534366614
79.6226508128166
78.8777297125505
76.73094969566762
76.86754502300643
76.11006473479485
76.4114414079897
75.66276512537274
74.1557296485772
75.14606132042653
74.13880912173185
74.15324576330944
72.90964708903466
73.63876614243242
72.99331706800417
72.92571112481328
74.67035717399412
74.31746483675761
72.16164204389037
72.49578932453392
71.42095886314716
73.5366816610284
72.72321394243593
71.37695335172018
73.19357494755313
72.75869018160229
73.40853350604823
73.03536975172808
72.8763634510352
73.17605173192867
72.24746574492974
65.85486785268373
69.79309913846582
69.77546989118473
68.35733080663644
67.98035393882448
66.57791688155119
67.11063263225776
66.64376463654268
66.19571665206365
65.80248106529356
63.67202437025246
64.85623379115941
66.74591302768627
64.45283613149329
64.35912560291582
65.2532740720671
64.1904483557704
63.790719685635075
64.39364910123479
64.03373347028844
63.48492519589793
63.35103405372897
63.41190489349751
62.042761331997475
62.215609766132495
62.61997076590243
61.91627531626981
62.09881118675712
61.29626957365228
62.01633108259273
63.53544681040528
63.86377777394824
63.87156006777919
65.00189448693028
64.5154769130737
65.0697159570052
65.49423861824742
65.38810334506502
65.72933358947027
66.60858904894506
65.9051062359838
66.2746929347417
66.45653956419865
68.56756366559878
67.66006854126849
67.74884546988476
67.87655272713134
72.2902868261226
72.6620690064409
72.62355184973012
71.313490790072
70.0309542838017
71.14301275726986
70.44753191507466
71.30106661667382
71.49164102273807
72.56764162907119
67.58133453470388
66.74705742521539
69.8038047609628
69.91412890034752
75.60169329384898
80.27712402845151
79.54716551803173
75.29635806491724
78.68154268469294
74.03048685329756
76.22315538554294
75.28046505994797
75.97663027130774
76.31867930983947
75.23800783496213
74.88153691437682
75.4417050301512
73.15430853450935
75.61475905077305
72.58002934935921
75.36239377802208
77.27801367959013
74.09767450580628
73.60741404547936
72.15539260991963
69.40053686214982
67.1362499917181
70.14027937936343
68.55273802679457
72.47744904874034
69.98543984421016
74.49232835988644
69.84586351355026
71.90631195658065
68.96424319456966
71.20552119966237
72.23251415346468
73.47522752812476
72.14217936939878
68.8798170878605
70.4772756741089
71.77206615349246
67.76145755352485
67.91876997425766
66.61462978183461
67.352638906432
67.65256381337583
65.14264380351187
64.87205015848068
59.33168169819722
57.113757964256195
53.10999758512033
54.82362974153018
56.54544649879882
60.76719688252785
57.963464593198594
56.57707208276638
55.99963496189433
55.53851670900315
54.07328552179517
52.41386205823994
51.602679835069466
52.71631002828329
54.09111481252003
56.2491431078991
53.55344590434572
51.584435758554065
54.83268994738262
53.81802908579954
55.16956122503839
57.258027874392155
58.696203759436365
57.71599455466534
59.84115185791282
58.08331473162146
58.761730700761646
57.4593286456069
58.02529564834372
61.05781350028543
60.44448620852671
62.605348027554854
60.30702630759393
64.18309789309103
63.06216620033332
59.94158192417482
58.10642261687239
62.06789976075313
60.891755680122984
62.34922077055061
62.842301340137446
65.05916431299602
64.15334969653844
60.01200371736532
58.955640830111825
62.56164116317076
61.648085215014966
60.18701248497088
62.092879379797374
61.64784774111621
59.01388934420169
57.62528868656396
60.097837036765455
55.83705963887634
57.62501107704585
59.670669286188584
62.37906153479973
64.94774898646565
63.87110037282709
61.185204984204816
62.95539120282506
58.71257260702278
59.720015085785114
60.62819147395777
58.03282300780272
58.804407249131806
59.78668961963048
61.31943199981743
63.01184855292648
61.42989325456219
60.15803914326617
61.74158749470232
63.598790312070754
65.42917866946382
62.07216888464327
60.61264916786057
61.34531062647901
64.58076326919308
62.23538194106289
63.9777406870817
60.67777140920828
62.18542003492996
60.29501881754939
61.17217737186255
61.045886937225106
59.76650120108852
61.62422851230313
59.42524275367666
61.608535584606045
59.773539600013635
60.19585846280566
58.91438266713061
56.28156977797592
51.29750229864914
51.210734921897696
53.83152107842221
58.04822093139136
57.91279016161425
55.89559347623677
53.51101283932638
50.28778007907431
52.51258592360158
51.7862910995907
49.64611025223385
52.248778794262535
52.97257152582097
51.50233323471457
49.92145929765693
50.276804490407784
52.340126140324
52.99292365745009
52.275482866556615
53.254972568013585
53.63224138540338
56.931603661698475
57.94807952921836
61.223486582304
61.48585028493961
67.25828093402887
67.88895207632282
65.99029825882286
67.06347659627899
67.71230449672233
68.36974928357128
71.40638102620505
68.55336299391126
66.5377175833782
68.22208235844124
71.43593149090259
71.27822528832363
68.92175306248741
70.42692858260034
73.02350681092122
71.82316739360785
71.50771209705448
74.70054380490691
76.60818491210235
78.4398387172989
76.39910734302192
75.24948758187706
73.84691580131094
77.64236779230458
79.93155964380307
77.84971133184763
74.60445098214548
72.58749154331872
74.60212043298554
72.23425689053941
71.75679618749842
74.379855959343
70.56879144756832
69.15335463031258
68.49321326320043
71.5424332388812
72.2882781239041
74.44029088074187
71.88511777695581
70.19839885558135
70.99776799261971
68.03605739427708
72.88674270112294
76.01620877390484
71.75551755053135
74.09656869224396
69.94866166848647
67.14514840912213
70.92136421779833
64.3739816833817
62.60179044154143
66.06742752183834
63.37492534799114
61.49264605356095
61.978618134365135
63.06642421704707
60.94362667131694
60.99315425902775
61.46969736273072
61.8455500358586
63.13684227924099
64.65373458213003
64.51903588343782
67.60428258295164
68.19018831673993
71.20528176671158
73.62430372884788
73.9193538155196
74.46372372086913
70.68220933448812
66.41426509476075
64.6280382017199
69.2719473296132
68.04784144754011
67.63596404116886
66.71955752687981
66.89807558989553
63.82676595622924
62.25530052082509
64.09436536550876
58.83910808930732
56.18021068934147
54.79283114327577
58.68356201549942
58.13113733340237
59.30429800680513
60.604449681869056
57.06966145678926
56.47694193704791
58.07579999360144
60.10354813700223
62.59216002788171
62.83112360178799
64.9932322368399
66.42247996412749
65.45823365526536
63.75035636616219
66.47090127716042
63.81994634723696
67.82608209579648
66.28087011978795
68.08849258862291
77.51290772725523
77.18699526608475
81.96912307550926
88.57468706909668
83.08355979404737
82.53815126953205
85.40010991060765
86.64438880955915
88.201306145758
87.55521468152376
86.34204083987728
89.82912099668573
89.41657492080078
89.6648671870872
90.08423136536776
89.44204137058401
87.38279191097052
81.93160114002265
88.04961251195834
89.07433539931284
87.28761510515298
82.49562341684354
82.14862424696129
81.97173319350968
81.24151995882944
83.06252452559136
84.67361877984122
86.9894844457773
88.62427877563782
85.42008696565398
83.48982665916145
85.18247320805683
81.54952622206382
77.51277144301869
77.01774584488669
78.51774445628658
81.1593543234231
80.92519008727535
78.03930238394686
76.64546397675127
77.88494784122504
82.17231141755691
80.48206649424058
80.21697499990091
75.75165917889325
76.1771179406066
73.28703001960633
75.22371427859986
76.52799458365132
69.9858446487716
67.75616122669746
66.4627116860119
65.97668888348026
65.83644084078597
65.37783600222666
68.13701025114548
68.73426866233518
66.86781543756051
61.29154190832187
61.50202924999161
63.42107429811414
61.28936422579398
61.6939118514128
61.36405156928498
61.1926324011209
61.03821366887602
60.14152249729052
59.53592080759184
60.53795239046903
58.9207075311514
60.09261776097364
59.79301694804056
59.895793066739905
59.26425472339518
58.89818793104548
58.693176701249755
58.201267594983804
56.17957696216908
55.26475322125276
54.690422934604065
54.294397842715284
55.709814023838476
55.8214473291539
56.49322801104795
57.92117399931777
58.20352501154641
59.055898831705385
61.20252927902938
61.96935518695243
63.17768624928894
63.70295089907132
65.80103657231862
68.90821986903686
68.43314872295795
70.38438808198399
74.34019338514625
77.61785732706358
76.39278221610437
74.65304296923681
74.382843520623
74.23383995051393
72.11271143968486
74.07379441041456
72.8179760502058
73.68818909208484
71.28688569696207
72.1560581172595
72.81822778288267
76.5007954621299
79.90476587768244
78.80879721781642
76.0215521047217
87.90725846353517
87.30369867880378
89.52213643371852
89.11822917169802
86.39716780292659
87.99682412533058
87.62854971411492
83.71521487054045
79.25227849731273
81.24799246191796
81.52462767242147
84.5151458748207
84.21480572360846
84.99813794148733
81.95316687665691
79.23842902066886
74.7342491607186
76.34258291645851
73.10426538777341
73.42599839748337
71.00765111299967
72.00235127516773
72.27622801509591
72.79635821720737
73.48249373460199
73.16541648220836
73.06289183739797
71.78715991418711
71.25212560506355
72.01187182522135
69.56058724970937
70.95334852977443
72.09639606171903
72.87170101179926
71.72569515408637
72.28201282846429
69.79586215435532
69.51778520173264
70.46211359984456
68.22025756841333
70.25897217952502
71.3488006900428
70.21488501559273
65.10013441449647
63.04759147064864
63.65767740759809
63.38547792439126
64.87885821596561
64.34897872227695
62.57995520998863
60.16406626671919
58.11954887417486
57.12520883694492
56.927358148952564
56.3706314370267
56.87971374291337
57.20056111465658
56.71662541707079
56.84077121326668
55.90766368143575
56.66115743325442
51.59301080562143
49.53835274600186
45.17949563579967
46.136122445823844
48.31237293168766
47.225808227529996
51.35492592522622
62.53537812622766
62.83147769432468
65.88840127442832
60.22861592757006
62.11060766202758
63.66716764968007
69.01351881016814
70.20000705632617
70.50043495701914
70.33821636941546
77.068592335586
76.9537274758371
77.15664296221287
73.25020271954715
74.95958072276991
74.87774945038119
71.98086618495053
73.48557312087462
73.75584604615855
72.85417955691797
80.36987680431281
78.17094086693453
73.71201158813244
71.16914115137943
72.13753418017544
76.38275097989074
83.63690063660412
83.4116474397141
86.66247067960151
86.88201500154983
84.5569663067503
79.94217126404635
77.1666093730727
76.34501605498397
75.74527145366726
75.82412601531418
79.63786125781158
81.32904992913558
83.43853985337263
80.83793770353108
80.35247662859757
79.79410249012328
78.13922547631536
78.15428080055582
76.38544277505693
77.75016600339004
75.7879579838276
75.02493303955987
76.33161567146671
78.45669066868105
77.24566236273273
77.93898722283127
78.4043522890048
72.21083824546079
72.89918811086169
72.86793808394629
74.25686799605188
69.52048568370867
64.66004665603495
64.03503632285526
64.9997228225977
64.08064166709144
63.347181567757346
64.61907597536118
65.38680558081614
61.82137521945857
63.9079910449662
61.31630076490467
65.63283226219252
67.10271849968272
65.65943941382295
67.82535000947604
65.70378237373677
57.92241939961346
55.47548519634357
56.79892647814511
55.158048773051604
51.057574737504495
50.73295299063001
51.07452101019544
50.47953698420222
52.53223286088483
51.39636119657157
50.999252690115206
49.395228245389035
48.94296253759565
48.453021781808395
46.86188061627935
48.414715359530305
47.20278684020608
47.42465295265123
47.670631821849035
48.164473967411034
47.69454718784509
48.57268711868629
48.93586952079045
51.50022145384131
51.34991063190247
51.03461979997554
50.67072734891342
53.75549337501465
55.15966637059068
55.83793661523009
56.4081918653298
58.78818383774282
59.04749425493166
58.27807707932607
59.573689897438
62.15624385416339
62.85777509287991
64.5610533223137
65.10850132853209
62.490739566539574
64.14001478361322
64.02397655580357
62.79093730337809
65.75017620868371
64.83668736655162
64.42531051372444
63.40777352223085
60.64081200401037
60.726756679223314
60.13968004461939
61.17816399591412
61.82850445628432
61.35476679452373
61.316137317473235
57.713884936363925
58.428788555173874
58.21801012327254
59.23910326385459
59.22109731261073
58.2595007346482
58.57244287106553
57.4215032796678
58.0487178300043
56.89028799417498
55.74419332153039
55.185565028309
55.58560009243013
53.94527116771494
53.14711720921791
53.19267732351323
52.50474565860783
52.57685331964558
52.931205750890975
53.75224495457377
54.71290771522167
55.038786914175056
51.96092756076293
51.367691965132586
51.6505377583092
51.57376697000903
50.64568276517299
50.18251627678804
52.14596450059189
51.05183971808606
50.38974305657369
49.28310908595134
51.009464677224315
49.945015002755525
50.413846421503614
50.08197648196196
49.07881634442978
51.545425335882584
53.6740455980014
52.18151134115469
51.259089879652066
52.439099126514165
51.41719272813914
50.01852078008288
48.2719077421354
48.12615724037332
48.091001076235784
44.57809914280566
44.029213398860136
44.8254351346238
43.11874775109625
42.49774944334071
42.07360064553083
41.693760776910736
40.520016444551146
40.69710436714353
40.46424949483342
42.31277389438887
42.45882273839709
41.04311923480293
41.00807938973946
41.51536169872436
40.584981342455904
40.38282464321199
40.8238637579296
40.39027085428556
40.81656636637601
41.75909527925383
42.235065093399975
43.483567614955724
43.07053668802574
43.159649291071275
43.56600717472074
44.14863925876987
43.44752619288492
44.89361794935894
44.3792493521311
45.64333614985849
45.539971782690905
45.07109433335364
45.36318231725346
46.33828527630713
48.44380624110309
49.439941280853844
50.58425902245988
47.81553861251459
45.45569550349663
46.01108725980541
46.50290705407336
46.884222281842
47.875664889214
47.60754510875116
48.043883466017775
46.990465233922045
47.020702535246826
45.624601842070504
45.58068120943474
46.96474771191068
47.160231065869866
47.07007135946286
46.889544270151475
47.88812390365045
46.251571108091156
46.582715624249126
47.393259402180966
50.00473025236563
50.27064738693686
51.07622774347345
51.11223238196705
52.40282493376492
51.09738893803908
51.5302837428753
51.6119376933258
51.85895458552167
51.34285686887118
47.604432249095794
47.02579769457625
47.16460445030586
46.99228333052298
46.62473858959388
47.092813230682985
47.4272915181188
46.631496541716466
46.200708929153045
45.82925873296685
47.763701904463176
47.86038088153618
47.541811642049595
47.793702564099945
46.62834385465562
45.92339853188769
46.55789884688285
45.85875090572921
45.69990080098627
46.078110169632836
46.3456932376941
48.78271659088577
45.56871111928919
44.56025284689247
45.03555605318025
44.11655333090565
43.50795112006718
44.20523137009083
43.5252295138183
42.535419731614084
42.896305128352225
41.63168195213042
41.375731744818935
43.012614061399844
40.556128781910914
39.8150125738522
39.79838001960146
39.666438792165884
41.36646926419837
41.46211001773132
40.73481125796678
41.037970532954155
41.696273407778364
41.22499373685838
40.66484280151778
39.04657263354409
39.48497248770295
39.73166224007065
39.69351340277862
40.83066083351335
41.53710997421976
42.066615324427914
42.35101580706376
42.28826704486092
42.501039909107625
42.0819648754488
42.42091595623923
42.24850304384506
43.81305155212985
44.13489269200959
43.97641120131314
43.38735190596039
43.26892375684696
44.26869098617673
44.865720223019714
44.789025934641
44.71177276031746
45.03738555756689
45.90252343038989
45.065571230666166
44.59109411623926
44.54473160748143
44.62582237814439
45.241708203708654
47.28808533396678
48.653393709621895
47.269431143982544
46.39717692227629
46.60346661459308
46.92135399979921
46.62856768884687
47.382188186947964
47.30142809551365
46.95266681543792
46.9861092351597
47.82026880084649
48.21650768246768
47.44700728878481
46.817958419869385
46.965478384926996
48.194271328494224
48.767212417001225
48.5958861683777
48.10777427980386
49.12662438748448
48.85631339417643
47.84241264016697
48.227347328487866
49.56300019866735
49.83261535172031
48.992327157047654
48.40512241464139
48.49421250517169
48.060688275707804
46.246842760719225
46.24461005303664
47.415965791771136
45.45310432643165
45.5027074137969
45.0391614273091
46.22130735659152
45.65633222721653
45.39545499685307
44.73825687558263
44.97474503497767
44.41431883424929
44.7535873544629
43.84659527488501
44.247239780742014
43.0319095328446
42.974627582439894
42.72371572626267
42.79684400857869
43.06084212452116
41.74879381420704
41.08297202890824
41.03737662064462
40.89317263914728
40.476789698900326
40.76994056644056
40.02580365156179
39.85428902412963
39.44842058005965
38.82204738273736
39.85300113893102
38.236484265301954
38.2532791686787
39.27624964986912
39.52973944003551
38.907308714070496
38.817249199879086
39.30301835503195
40.273332853855806
42.27261081896223
42.53729264284263
44.10331049948135
46.42136358541222
48.501483041989616
48.50938034465471
49.40270652586648
49.72386615240033
52.006065523724644
52.55945958463354
52.65244658215299
53.787871948575585
53.85295492753872
54.22826925771856
57.75235479522303
58.19230306626126
58.66905394375975
59.172380353334084
58.41150779390817
60.06070774338885
57.86407093636218
57.636981847495846
57.143967252174924
57.890788040686814
56.868355952552434
58.23958988642259
57.33036407496268
58.16151545049283
57.17395525965118
56.48575944090628
55.97661396766758
55.866096574716735
55.13467443041352
54.95105624178862
53.61965046874895
54.37973056373279
54.92558755455189
56.44278690126929
54.681947512524445
55.13271841413393
53.35796337919083
53.573105263578604
53.44471656259824
52.50359390593469
55.20906251926947
56.67344931506572
55.73178574737265
54.781122699297676
55.53224078201424
54.850928774056065
51.64892784098235
53.21381047970815
52.109291223291336
52.29603975269887
51.53580700232977
52.81754583368838
53.393990827558596
52.464748604135885
52.26421249066554
53.309310698614894
52.237092629602955
50.24271778995088
51.05675950084576
50.02258306077483
48.75072717361175
48.72480209746149
48.30043772336213
48.49208272929922
50.09346801939482
47.88659541834619
46.70878688681562
47.77257645555349
46.98713425023334
49.85721839490867
47.92721586528956
48.91862200888851
48.075957504255435
48.252962690542724
46.2113349750092
46.6098698507872
46.78676621742272
45.98658295729736
46.44422768636659
44.854338936462405
44.646113664624075
46.121682822758395
46.166594436902805
46.20514905549486
45.13660768142992
45.06442140925344
44.87407998602404
45.126792325066816
45.03145326955416
46.012213754073514
45.12141272826254
45.75785039032792
46.94200234599963
47.14686001460681
48.768715851928015
51.773730537589415
52.97300120625753
53.16459110007623
53.56329841797303
54.57792403539183
57.59080417443185
59.039136376973865
58.34708808412196
57.9058735975741
58.32054434945735
58.57696621424384
60.664114423620504
61.63323845193287
62.60096684082677
65.50149131917382
61.030738556013745
61.973433695952906
62.201110507863206
61.75180584238166
64.00034201766229
65.28062817543739
63.196990329462494
62.782414688864066
64.08619593664704
64.68245883106908
71.70079443120596
73.02600020159241
73.73895404618389
74.50670731576511
78.42623504856357
79.41192617295093
76.51946693491448
77.63902413841333
76.45196054611239
76.50949001885157
74.81614687990779
74.5955666513423
75.62182247451719
70.9582788472419
70.05900881017132
68.40527148446755
70.20517578375012
70.6715281706375
69.0825090250654
69.87284995852018
66.48540649149186
68.10789555586724
67.08647219150119
63.38070996453036
63.13745125575963
63.74516471773546
61.95131927362567
62.003442640554454
62.91119090165006
62.503548838621896
61.781523251968906
61.27731798304157
62.51875256488407
60.94969866021066
60.97098401733854
61.67743408867682
63.42866059392876
60.754766497735154
59.51349866638473
59.454724391687364
58.75841330076519
59.2003722149396
60.30963750250848
61.21727304779297
61.08326800847665
58.87877307451674
57.20638765491147
58.36202978218042
57.956567098455224
56.07382210313725
54.926239262022875
54.65495097499624
54.83451993988401
55.34607315710891
52.90932399528235
52.84126840219966
51.994457173063424
50.75148555351516
52.218810324058325
55.965801916880636
54.41732931696247
54.501793621697274
53.22259981694436
53.40718265791602
52.285222446876894
51.99734015414745
54.087448354672546
55.85050880356086
55.51573078701893
55.84820413579026
59.96433232639118
60.31270418354094
61.90137213021953
59.34339399956098
58.960493073316535
58.52998929426451
58.13442112880957
58.453001104328955
59.286906559589625
61.100935648943114
60.70750164298826
62.69761489169747
62.20915634312314
65.03456967047032
64.29335729498729
66.15308230700157
65.37854025430465
65.14192337663226
65.86857708351124
65.51426652175064
65.28168159339839
65.16100207896659
65.16825975244507
64.1419690341979
63.045876119366255
63.29576413375764
63.56874969024409
62.44792666186123
62.13415203904241
62.56396637895958
63.17177770349779
63.569678578413935
62.925829719556724
62.02870250253608
62.00557825234099
63.500104351952956
62.296958223017334
61.99340925742942
60.44433051817287
59.91067787841358
59.29980695099205
61.83925357186636
62.633383263312396
61.20677907874661
58.6729871056414
57.60968475416093
57.19286948729405
56.72044732542123
56.176771155715706
56.59313957599649
55.90494237179524
55.35382520444646
54.86341849781535
55.674885574817004
56.04426815212186
55.299089113775274
55.42668491115213
54.35243180456473
54.01117941019784
53.309411850059725
53.037168065738975
51.91641618323861
52.75218686984876
51.10542754187862
50.73508236899309
51.300847901232856
51.46636195292623
51.512959873650615
51.89457227503787
52.20288464608328
51.84496341464421
50.65927392635693
49.16519816394723
49.647376750635964
50.02416688117123
49.60816659515258
49.10597543470702
50.76307222978899
49.2131137972397
47.97260632135399
48.364785136817005
48.82628939520218
48.107689713737535
47.431751753148184
47.19474098358788
48.08496973114025
47.31392413845375
46.96942594976242
46.983307008257164
47.90086825063398
46.50168089732155
45.401019627330705
46.323721002708325
48.071408066163016
47.85883042548866
49.03877284299308
49.310953958066456
50.553314535811666
50.71656444655441
52.99834430609636
53.78404873379635
54.37202842999104
55.45551968533745
58.206151868319864
59.06078815483863
62.88490035193138
65.76852756535519
66.36594266258747
65.62475859543294
64.49679376544248
65.45141646797953
66.08910446523726
60.203733076222306
61.40355556422833
61.545993612435694
61.473074698877525
61.04678958349979
62.21476002897663
61.973698049051194
61.44881303005016
61.67234128509976
61.89329117403159
61.50969073617847
60.339533488397166
60.92992280317367
62.1233778874157
61.470687911032286
61.93524721289157
61.94933795138019
60.69964614597916
60.33339213441258
61.373218931290126
59.81255560584683
59.18700219015432
59.6443970291931
58.966842462319164
58.26800055047718
57.87850905287135
56.767914102759875
57.54059462080963
56.547886888613235
56.37593538004273
57.46913236187686
55.23870792605459
55.8894345030199
56.4852605353411
58.031401462918495
55.39642590941557
53.765094904491946
53.603974258139004
53.2019164402526
52.35087977961845
52.511469677814304
52.575541017984555
52.18244241886823
53.0270433565941
51.50959154055169
54.37609775870025
54.73306331221716
55.3155431703335
58.95852995261928
58.888371442399304
58.418398971517504
56.751716491428674
55.455614268227556
56.191045597489776
55.27701307205379
54.25703352844216
53.92413083586047
55.520552863199654
53.253079507672176
52.38070251709142
52.36421616039796
52.76350941612993
52.864441610800554
52.07609733520998
50.10645388548081
49.68291070332961
49.34941381800277
48.20731713311396
46.68761313983495
45.662714501134715
45.25013763088365
46.1861138795915
45.03144767624842
46.65225696790709
46.4691960866288
46.62940088939717
47.11151153629071
47.81970094149329
47.43128044470185
49.32637371919974
49.46109816698411
50.98992166352589
51.51181346863278
53.12686457062871
52.50425806568214
54.439462926563266
56.00396296612109
56.54614664111557
56.99828871530232
57.65763677119952
59.156386795222716
59.918908672672444
60.727507691879
60.544140841449575
59.8723297991082
56.86820198385186
58.186914851039205
58.96362755255751
58.408379064184075
59.41254462113727
59.09116189942961
57.837067315597494
58.1036835665538
57.6585449809134
58.28826616675649
58.57915941490794
58.40674818117088
59.536693232500774
59.26789437780663
60.45053103524549
60.712864978505394
61.12285349437775
59.80380397153042
58.850737955979
58.511907302251856
58.669699674357965
57.68024253972684
57.590760356834146
55.79469631567958
53.188036901243066
52.77989753614105
53.63393918716114
54.41322139397271
53.94908341734815
54.274576902926896
52.45089692945725
52.57775712165965
51.78330780598421
52.214127993354055
52.57957837578865
52.03241405527692
51.79972316453265
52.56035040864725
54.03947461913971
50.558102828103
50.303402944759455
50.246461721577084
48.79498865290469
49.31543896899382
49.27566221178171
47.881894028955784
49.30228200813208
48.88561011213265
49.1511216705553
48.46685297901034
50.99747861346867
51.64284810593877
50.641360062660496
50.193195522081076
51.08521792694387
51.96270141674911
51.65184641398072
49.408590086413035
50.1878745756556
51.079350281979686
50.50705479616617
50.154126924068876
49.75258874907949
49.42455132383266
48.28030787793608
47.685273679445515
48.061754581164195
47.24101050831118
46.223522647673434
47.296192719477716
43.40956803950063
42.12450852499592
42.284649378762424
41.59145047075242
42.56808242728083
40.82433792462264
42.058035746892315
41.09696399944362
42.556071260705174
41.32948551427923
42.06819045312025
42.30607356887208
43.40384629477238
42.17155656869083
43.67409093926035
42.958674235847866
43.83269278733573
44.56392301569328
45.362979237418955
44.22136447906975
45.08539060399543
46.329748064554934
47.69129092037389
49.50089178162445
49.073343845901015
46.5703835222993
47.701632606063555
48.141994683062734
49.001290874861425
47.75354152854236
48.317877537426114
46.68509855985337
47.18959860311635
48.27556553039726
48.516404526299944
47.37631092354772
48.306122040780245
50.58996450772016
52.464191024325146
51.61181800571397
52.90081714805198
51.71144166156981
51.767496514841625
53.448962287802914
54.31267761592775
52.85799386600024
52.17005711171409
50.03483510618746
47.9737864366454
47.35785745086706
47.706849542120914
46.8447460232545
46.44577704677248
46.276593749600394
46.800803121757596
47.81880024800384
48.14818950939701
48.86123998038364
50.806929025613854
51.64855665865153
52.47945347974978
53.54278764934127
54.022085065632915
52.936761943441155
51.642715211765
52.51728129078483
51.67046710043383
48.986027639947984
48.47467098842569
48.6274318773713
47.944111785885795
48.10393925146472
48.52758996227246
47.892125280443416
46.713820113913705
48.1037347379058
46.875969854612165
45.31824197608492
46.425051000045414
44.534759598233
44.742125547739725
44.224372663958995
43.793924485373594
43.76176181629654
42.91265358375024
43.261464671394826
43.76063564205863
44.65382497563488
43.508546660187555
42.830769708795636
43.40894665876923
42.97358303804126
42.18781289966367
41.94167527546083
43.73704919370327
42.1130647557401
42.51968051041913
41.7451163123266
41.2090101382513
40.724160728940646
40.62050101712219
40.652674745447314
40.3741557209201
39.50021000223202
40.51969727490098
38.989793686461866
40.47376094328696
40.9169722561862
41.04283975933775
40.781051522468054
42.316241982635844
42.24709438349633
41.90243399402844
41.89881609711752
42.19801621053561
43.579602777551365
42.655755634419556
44.30356143472044
45.69803272700844
45.993727676646905
45.60008923383962
44.659161610162236
46.02580013971399
45.929986380759146
46.82905503712763
45.37662704189857
45.445056416819575
44.90856158505548
47.33964619775215
46.07792595833543
46.170815642661196
47.58324634550563
47.51856970191926
46.85772130031721
46.5218506786275
45.0269510168677
47.440117376319726
48.436131053286374
48.328530279387735
48.84890058356095
47.6082114261239
46.918222460991615
48.226138611276795
48.99121914426632
50.11807958154956
49.019373814074925
49.118292961148384
49.628705537731165
49.923610051308
49.348594858622555
49.519003276062236
49.50133684284458
47.680026624113246
47.23419641491778
48.23711245400097
47.7076298102416
47.181087170972404
47.133069340093016
47.90098161524041
47.19548336319816
48.50291439376643
48.39364345505528
48.76090496485443
47.83090413184326
48.23358071410591
48.69643818637822
47.701950123961446
47.11169562998833
47.51859681720862
46.4146193812835
46.605578395000634
45.5408071903642
46.765133010704204
46.633252799592725
46.97443588879891
45.69197470752844
44.50276711064872
43.58973755863081
44.260183730256514
43.569663972922655
43.62143238217254
42.32632317475663
43.204336464354704
42.294370675821995
41.93444316442472
41.48849413887154
43.106570365142
45.6791258803291
40.872010355272685
42.2475101065651
41.958089202482284
42.383208519485144
41.18612402685934
41.0590630210225
40.45836290707842
39.77806207531931
40.08323183962122
42.439729340558394
44.527987287305415
44.379632325851475
45.662025895926405
46.85777716914762
49.7773829750579
50.16801326774403
51.98769849891175
52.39111606209894
54.06242009801613
55.47426641653212
57.79870443912305
58.99080866015271
59.764983418296765
61.41722082901459
62.13066629443881
61.187480820796935
61.97370273156511
62.975830826598866
64.49350480551215
67.63527575486648
69.58904805939221
70.10397301108861
71.51375865726737
65.8595367075738
63.92493696596472
64.5337268680837
65.34430034102542
64.98388156375074
64.59620487476212
63.51499114943451
63.326258742231516
64.33266031358596
65.29706252548056
65.09808525201377
64.71059130669639
65.39527583651792
64.07827081564201
63.93537708445112
64.40291928595747
63.90204088940166
63.09650371780987
60.79188123786122
63.66896358821231
61.99660447407746
64.79954518836811
62.778001768215745
60.46788907421541
59.15733029435086
60.0006130433228
57.9864607328455
57.97265399709107
58.2129286355991
58.06433546407925
57.44918351549683
57.94958452960586
57.534119016840975
57.448143061328494
57.12698986847869
56.6606032275626
56.353111789463725
55.92151364133801
55.28885666364895
54.490802564931556
52.63835753796364
52.35858483960837
53.40178531846694
53.32895658665472
54.19761936944073
53.83152103722435
52.91860090921638
53.895716625383834
52.335582537169124
51.46890036806189
50.917646421283
50.42922786311527
49.3977159437183
49.25092838859741
48.33159840027222
48.61877440658575
48.651252928201984
48.43397511106104
48.24011773967877
48.2672174581832
47.348462016148055
47.141639554230395
46.79786444394207
46.98308487354147
46.06982537574189
46.09636168559376
45.93391717117234
46.841972822967776
46.81382778684448
46.35011507749455
45.652923469519834
46.74561722537827
46.94712302989777
48.68803275471502
48.13342868884621
49.934597381767205
54.06403836764149
59.39570840302124
59.81007345631931
61.767938696037255
62.27185204710918
64.36299247198181
62.78104242085627
61.348866460572474
64.985317921503
66.23806563853967
64.15794286592353
67.1114408056265
69.03406067364551
68.05772408208912
68.73436753137418
69.31807407859361
68.55485691678464
69.8374932667736
71.67560460747865
70.64172036786726
72.75509017508688
78.04855246932561
74.58375283582244
74.72584718619882
70.17676758861913
74.66948535961217
75.0749856236724
72.89777961945276
73.70189935181594
74.29379453419182
74.23581273313249
68.98936417801264
68.77947846227676
68.3010347801702
72.70859865502058
72.22405851213244
71.90444448346163
68.3995597099271
67.92059166024029
66.33792401438578
65.80866918695062
64.6187458242251
63.9897593797837
63.542500262712714
63.40155979908949
63.33455580197931
63.199050149440836
63.04173556104934
62.52369303416026
61.679713789703186
61.418385787304224
61.19986554747732
60.93581997034332
60.94733634448656
59.93336585961882
60.72364919738101
61.332195187093056
61.0284917993964
59.148432049712504
61.0923078144786
58.89305921574046
59.657251195848495
60.182772029492845
57.9054457315387
56.221584847884
57.73962405874034
56.831172534759546
56.438772459159196
58.591320494218024
56.174573954267515
53.89468424309372
55.47989375122169
54.59353823543281
54.144054386767486
53.94736225329287
54.02489645937287
52.53248511134658
53.54038711136593
53.429069491040565
53.215577210099724
51.93098669126866
52.35554094090901
50.540657569650385
50.712717723263715
50.1981954880749
51.91938217517104
50.52109730252756
50.66959667805445
49.10052877277583
49.34632878810295
49.24473947191092
50.522306178988885
50.75878841888384
49.86618306994753
50.80266887814297
52.966298006074
54.53558886927645
53.65898893170851
54.788960935648774
56.46643924993133
57.59806983459128
60.106237622712676
60.87107572926386
63.28682955807269
64.80360231250464
65.12962748498143
66.21884396482142
67.6321960741713
64.61157610338284
66.02376494711146
65.55000331564503
66.14016454233729
66.44655668571255
67.90545246533442
66.98061732029399
67.10733096396386
66.34460055932998
67.82051647946781
67.4113733875705
67.06113913003134
67.36015134925464
67.60320879014466
67.02906323867028
67.46318128106341
67.98723811188987
67.86234877044244
67.04218638278383
69.01742901750299
69.43028586269861
71.38299207355163
70.60386557304628
75.3384485758078
73.80116276789869
80.96731050797314
78.69180237861389
83.11417056248172
81.93667483808636
84.43955010822086
82.1577232583922
80.33861088071848
79.01639837220569
69.02480744969932
64.21095204285683
65.78527350707739
67.6397271911926
65.08030537211386
65.76847321070426
65.81511807530094
65.135798317782
84.97849067866122
80.9889322823154
80.68672459591517
80.44057849726795
75.35163076281066
78.75459303602189
80.47514720752895
78.01371818723246
78.08744700744737
78.77169440468822
78.13844752331198
73.75914810419758
77.89457324033886
75.12455003840637
75.96025011962702
75.34599684196905
74.02892246729007
77.52435890817524
77.19073945223462
75.83580806120027
76.73127298674244
73.87031126335775
74.07110812308682
71.51206429345778
73.34891779943736
63.88401291822988
56.07041494403559
55.98069616268662
57.24515767683199
55.81795634541542
52.546289647737424
55.369706051981424
54.6412063673785
54.476561621372326
54.43978363155793
52.902840697495165
53.12676495777435
53.162947067706575
53.47383275837782
55.64837948685943
55.50570438168134
53.10364610179725
56.63576901757747
58.24209684248157
57.04371774858244
60.143907172825834
59.22853822393817
62.03373238200422
66.9325948221153
80.66820176596934
