88.18356575952413
82.80838645407238
84.37334847392806
83.63313426104486
81.81827925468816
80.75594028536196
77.46735723509519
77.40925194505743
73.86686895410709
77.09759319715161
77.17764656720786
78.88509563932638
74.78365067203637
73.60149614510665
72.71537684056776
70.5751606494521
68.14219191528545
66.55975748620709
65.43370451641366
64.93952802889085
64.0534597205033
64.91261268080953
66.56253766326779
65.66994158241212
65.58087443682459
65.9158776229808
64.85551906558808
64.46123181177788
63.1561192974208
63.924128327728866
62.845058553858834
63.3752909987351
62.18403987346357
61.321708836544815
61.398130826083516
60.71109285436789
59.03653006261874
58.062755447777356
56.78492052091337
55.776562660467036
55.9988276117297
56.083348820573555
54.371970496512745
54.92589352642534
53.177003763573225
53.29812337890247
53.29658262027955
52.078194875219275
51.37569049993992
51.39460511312057
50.62267521443516
50.501383527363615
50.659555406223966
52.13484026336057
50.48329113861454
49.73164330578235
49.373108599107525
51.56294240540484
52.65191779986341
52.61158729009925
53.25551901517949
54.65587034248577
56.88305527182704
59.28298863625883
60.42882600876188
62.12290752392316
65.96218093148416
67.36207231736434
69.32279952443594
70.09248743383066
72.31243000614339
73.50168266720299
74.28376885400307
74.62805174776256
76.11852307203847
76.6785575433564
76.89164721094322
78.13979290202349
78.60007555995591
78.81175952744968
80.41713958245495
78.414150953518
76.48948799342124
77.25225474535068
77.89315448532042
77.04720913062435
76.142939994501
80.24168587481563
81.24145738580333
80.8670517116248
82.38503096423486
81.25234804008798
81.86195063892346
82.38943534128389
78.43082963409691
77.0083808145731
75.69763811056094
78.68720284008168
77.65096829206843
78.0809430002444
77.4952895921725
76.60865596342086
72.87488825012838
73.5078816484571
71.3696842898719
71.28510113738128
70.50567355452347
70.21755492086007
69.05153145309097
69.79533117298121
69.40962779419186
69.55670588171454
66.83088163537538
65.53865745207868
65.27457868264638
65.47377435025265
65.68980473475725
66.85709365557526
67.12277839395057
66.98927958185112
66.14994826211205
64.83971371662025
63.23643017873857
61.61467066770571
60.71289039051569
60.72087442583502
59.78097283430721
59.085094685387624
58.95897771589005
58.71750351858354
57.43738475880703
58.17249755156614
58.31555306584765
57.43670940684837
57.38102572995325
56.20213576474704
56.25787807918898
55.09522982532481
54.00334942774552
53.284443081052984
52.67666974502628
51.80443397871215
52.07023916269202
50.95254114255986
50.88736444166058
50.37599007657477
49.06851250172262
49.27204306886463
49.25482488676418
49.47422926562404
48.712120414204634
48.14969775883763
47.77954058341675
48.937928736896204
49.74075977168134
50.76080316094369
53.811597340899226
54.29496547646998
55.536012417552655
59.18706551599553
60.845482733242946
62.08392303763242
63.76775137416421
67.23033199127255
69.79064412751188
70.0165067911093
72.1101552878442
71.84450589920127
76.75367494169123
82.24746737668718
82.83686595373186
83.4569171418334
83.59457811623139
82.77957594437451
79.532949654735
80.60818817691504
79.67531986955899
82.18615838679014
82.6004440094055
80.39932172711877
81.02230491955
84.04993263067615
82.96412896556876
83.54305940706598
83.01883282092005
85.00540749891096
83.33740194523622
83.72077141423537
82.6926377660277
82.33942597701824
80.61629315386423
80.38548574963201
81.27357063673415
82.56402754273788
82.86091837367643
82.49999853865202
81.04431750562296
80.79740825343073
78.37831883388664
77.30488486734438
75.18617043489608
74.37314676778178
74.32945734334282
73.59429565791919
70.89631845080154
72.79800214125362
70.98704270077226
71.72115053186442
70.89626216300687
69.56981880205109
70.40215178440167
70.11683858751914
70.42399741513357
71.66183273558897
72.13642517076478
70.82879193957808
68.92114747445734
67.78699700719343
67.78151702926593
67.79595799525191
67.03904150915761
66.36523557113784
65.36740446679676
63.426415503752914
63.56282377725031
63.29081924661374
62.52856960031786
62.291148312867094
60.927825388645154
60.69445200473703
61.70490891422824
60.00401630537903
60.11035236315514
61.33903504579333
61.35351460323256
61.368935860088854
60.433522995308174
61.44168251377489
61.092423407982366
58.05523745657627
58.27853388140032
58.25530806091509
58.26206584241159
56.52426210005694
57.001185782139025
57.55976055161758
56.01608783998999
53.73405346893612
52.97073784656983
54.727725029029635
54.10461269977294
53.80336586416473
53.37533252414562
53.32370677514698
55.21325828324786
55.32104922440468
56.08621182818109
57.30030418136066
57.00145220092061
57.21788305229826
58.346332250169844
59.44156145340443
60.25297801779782
60.575926600984516
61.758030792803524
62.882617674340544
62.5534626127906
63.18865142257192
65.9063434337582
68.82687365510446
67.46883241931202
64.85826545765738
63.74558995079398
64.09136847255674
64.31064461433957
63.84017208440761
65.9975349535786
64.45507228750694
63.49632765701486
66.18634350341281
64.16717093923414
64.94447108451178
66.75371560730832
67.49217616337866
67.36595013638873
67.08442838768146
65.89130426756111
67.27284062283456
65.5085135678432
66.13924959554743
66.36956726793395
67.44520465432963
66.82424241730902
66.36221605142865
65.37880812212293
64.29739227045243
64.42814993251068
65.34067139116894
63.95864284104832
65.02375541021772
64.9885598667447
65.85619217077617
65.30811148317086
64.93194994591335
64.19395089732606
66.44151646002177
69.09238381382457
67.54871468037831
66.910230299077
65.22379637315606
64.01754153668358
61.626845720908584
61.89198700441949
64.3806329092877
63.02253149279056
63.09491354218716
62.78509903580399
62.853148512643514
61.33176338967415
60.751522288521855
59.278956620372504
60.982305986075055
60.26717094338766
59.28531257796611
60.017536321373846
60.65161138512535
58.6830763184023
58.57658021449683
58.26714197559308
58.081068367619565
58.74790630464447
57.456091911280424
56.406812770991245
56.78970801399293
56.614907788416446
55.31814964211141
54.59210733594117
54.02749735776212
55.00059064834909
54.564715190553166
53.17422099397202
52.4235201637394
52.58724698438655
50.286208597683085
50.53090294012235
50.784003600915526
50.61491943976512
51.45075489130783
50.46830434768401
50.469582828638295
50.50850834837968
50.45533484400664
50.07002537371818
51.20709014822589
52.962957140397066
53.60916105915752
54.95857440815713
54.77164348695043
53.17331264212627
53.377624491137645
56.402951550115304
57.10103275365604
56.654753011153495
56.85897127587339
58.419472507578014
59.164214310269905
59.964285767926754
58.70371591018545
59.911313686370875
59.346642987052675
60.55072508973451
60.924850363175665
60.41189448074485
62.51024016350893
64.20523624249728
64.96524542668897
63.883159788890666
60.932480802383544
61.16612228377662
61.054877751595996
61.51990039578868
61.693807629605885
64.20376144256443
64.1354056777582
62.30083436016321
62.287491162108324
63.11285705798901
63.29673014456443
63.28367248781592
64.11192234997222
64.31061346501258
64.04129247659091
61.70891173743422
61.65010825232172
63.52426437671878
63.136996325277664
61.77339998977357
63.01395442785008
64.22497477914294
63.59660634580208
66.35741281913045
67.61523693451468
68.6480799368878
66.02749853680193
65.31723129486772
66.09052050650149
63.97833012113699
63.83937096623242
63.73184970214986
64.356552171408
66.11833025812228
65.31861108156156
64.0342407907213
63.471489322868436
63.87869424148248
63.224364804727045
61.4169254405929
62.59488019416347
60.15226222618049
61.30723584095244
60.41034430783939
60.2308678634927
58.7968932574106
57.57638144694721
57.73411490885848
58.48020798617281
58.92892958776723
58.837691760003906
56.88370778583476
56.76379813453686
57.06236880671444
56.998620735580324
55.40787113935896
54.050970567776766
55.50332624575336
54.41621955492589
54.738254115366054
54.71827315658912
52.75284576102478
53.024248021312246
53.43724786354005
54.798070310640355
60.309158701674455
59.10604029400496
59.15648146210808
62.173856076678135
66.47458499598471
68.35766711927124
70.42599053955047
75.05281221557004
77.6740845792536
82.87530836122389
86.66872662003293
86.63004762379228
87.08368659693748
85.65130875469595
86.6447234585134
89.05218731247373
90.55389601078755
91.67187925633914
92.65769726775244
92.59758826790838
93.11217955427583
93.11327090420623
94.50043204052996
95.07621564146609
95.33735748377971
93.89702432252032
91.40500228318157
93.63055151660286
94.60133403207368
94.15927024278729
93.93000341579182
93.18941122016165
93.14600048024965
96.15031371330153
95.35915180773736
95.30558386448546
91.61362253243331
90.75318934421954
89.04154827705777
90.0393217205787
88.35881534166023
87.21843798174737
89.49850685430795
88.98425337321943
86.27192012800603
88.15992114952692
84.70790240777919
86.57679373842844
85.24884399718901
83.65210505722808
82.38113909112023
82.90599253354864
81.91795686848197
79.62660194901167
79.7304983993229
80.32972049594736
78.66598581352619
77.48944039976229
77.42034882756789
76.46148973035538
76.1185697413327
74.99867859265885
73.91462284185833
74.14305294539511
73.28280177541168
73.14643927269803
73.7468276459607
74.61042206492755
72.44990098493241
71.14153832134346
71.72740770873165
72.8142720641819
70.30713891882397
70.98153886779156
69.19134724525605
67.27390436640403
65.59382196981792
65.07597896756565
64.80247423741416
66.19469221749245
66.25830347609222
65.21464537828336
65.82387970191895
69.21856345525737
66.01652425835779
64.28397843829087
62.79923344894476
63.33619243256004
63.08803434321131
62.449971744726675
61.31362335626477
61.00918417272035
60.6925816311677
60.800290138052056
63.501319885948334
62.95774508388766
63.75674449283764
60.36625628133216
61.02473385436308
63.56119354263491
65.07458058855268
66.9286008756399
67.86521202631805
72.09848816539052
74.24365471454269
76.76705457214598
78.19574682177455
79.13075177949389
83.29695830410456
82.71927816860833
81.64138999199098
81.41641852974317
80.38991191352693
80.96096117771299
80.94612265435421
79.10924709166363
79.39963008692666
79.42208171207075
79.81259457996256
79.72150953513301
82.68728992351191
82.62812414961627
81.236268488306
83.56606803262798
88.03010433045495
89.08839060918706
89.44449080395088
92.12396189675246
90.8688489111853
87.08565794306878
82.35542722252603
81.9338759794091
80.71173182476946
80.7882929527791
80.83895122262332
82.03834871755274
81.4990906911059
80.73715868748586
78.56906686990419
78.46518851001747
77.63301700519312
77.20034236576913
75.80621419860861
75.62239852701892
74.28850085841896
72.2972202070149
70.72295532792185
72.12940396948044
70.33685045093353
70.58579783908262
70.16755312772716
68.87440149685801
68.84588068762748
70.2399418698078
68.09098272629728
70.64879109787455
71.2509217706934
67.99982238249747
68.1503133240366
68.22201535695262
66.24447160390072
65.61358053902886
65.75268845334637
67.47672859858868
65.96758465686463
65.1971258377375
64.93837409487199
65.74433086663342
63.5261301526289
62.87743299238915
61.13082645283103
60.866411084037274
59.33671617402972
58.92131145846452
56.75615047560778
55.64881980306725
57.85286646571175
56.373728809692786
54.669439136792526
56.097069436825386
55.46483541341749
54.7707805003444
53.638634256164536
55.24731632639454
53.31390027530168
53.86477553942891
51.91807249840513
52.08178323394409
50.62097635456453
50.24728370503127
50.61577205544564
53.14113356028477
51.98316957554674
54.42442767382683
55.430575684884175
60.753627302104526
63.14674851266256
66.00084194398215
69.28855089193954
67.77471574251865
69.57838764574814
73.03100875992277
75.03910244023132
78.81144176091568
80.62426710746081
83.16987709794606
84.03559142190178
82.86689806945074
82.50867531409871
83.17885964574766
84.37552497216777
86.36616919856336
83.9298446181404
81.26090225597194
81.06400201048997
84.84215452378278
82.78363488029825
80.89648954039406
80.53650744712564
80.24338902216866
83.01857311090879
82.84176011863426
82.58255735030075
83.05246279894159
85.56765244524247
82.72971869511437
83.53879368781014
80.43346436012938
80.68553887255408
77.39460248940354
79.9864841208202
79.53932762187699
79.93082210690193
79.27685909048323
80.5931511312317
83.59799157116403
84.24237397700728
83.95807871625955
81.61687274039679
79.68644800493315
78.05476474718736
76.57549402098995
75.79769147573339
75.16360224167833
72.63451597719475
72.01812079888634
72.80054493457561
72.59591954496099
72.68428757846685
72.62075181351955
68.01985680698431
67.29258895732282
68.09320564958173
66.04865523876708
64.54594986019657
65.7717080317899
64.48894561486463
64.39052255548052
62.9470077170396
62.613066184939555
61.9856207575956
60.45286062665116
59.86458697834427
61.29021376552749
59.245966482325976
60.863584930538956
58.47697215650038
58.34078429527036
57.030874434966336
56.149797742980205
54.92205575778454
56.586919963316404
56.04715015688264
55.655513518392475
54.307063542173985
55.56852302109501
54.89919028993111
54.24070268742062
53.53713217969974
55.510082970024996
52.470786756946836
50.65519673223816
50.10994349633678
50.74573131226518
50.21771959153293
49.43001955603197
50.51351369775303
53.92994595076584
53.36835219649334
52.86581921120555
53.839744162768305
57.610383695570995
58.77643118070376
60.83004446936804
62.66724329867673
65.67175972704726
67.03955196831598
68.48176901198977
73.60532059656518
76.49394488354596
79.0676808570124
80.03707503140697
76.2290713044596
78.00318834506983
77.71929649358214
78.79371687725586
77.74943927152029
80.45711756691473
79.32736384271746
77.95020330808259
75.40181253068806
80.48256731170414
82.29990981458002
83.41754939976593
83.3844151630702
84.23368038209537
86.06236517140292
83.01386150191868
81.03454614870876
80.24680618557394
79.16704561207811
79.53493314397663
80.88257792430281
81.80678119508325
83.45796083712308
82.70506802892655
83.4375966977131
81.1266412832058
79.66250814893594
79.00253181598389
77.35179615917365
76.20863433768744
76.0657798448052
75.69778789532353
74.23305324416962
73.86980546689787
73.09967718356074
71.33057754313049
74.05393664561676
73.11011916837465
68.18993531161517
67.67926505507427
66.50261109029621
71.68492687164832
71.89651574936761
72.47974357108887
66.41199066109824
67.16182366475387
69.46659399737577
68.24298523651618
65.0255963115695
63.95445698302595
63.34551259464082
62.46241306312074
61.74159461564335
64.22213808802323
61.62144449067345
60.42372923278254
59.962264987710896
60.93852258867756
58.61982867401048
59.04586419893069
59.041149663439185
59.132661367781466
59.34282834914073
56.93757938974943
56.60137001895795
58.26409000136824
55.69628406757827
56.902892305391
56.40233309858248
58.561233908031305
55.44767920278591
54.76960467449837
53.98349267401162
54.37956620285834
52.45040814106153
51.69481891262325
50.197055955490406
50.508583724997834
49.66188672772128
51.71481339488753
51.33566954121697
53.95773550789273
53.559542500042745
54.69169773911863
54.61977847103585
58.18993822582749
58.300979955271714
60.2442625260895
62.14554588974424
67.59398491450989
69.39146646621097
71.2750356096138
72.33463569198572
75.38638774257723
77.5884644048011
77.98297948242241
76.84286511931182
78.86571235973278
79.35923055610276
80.07156876155787
83.81221728096418
83.2125155314076
81.49016735033405
80.50187030210991
80.36508484466323
82.32653495114513
81.89121722285225
79.33172819244959
81.3495822579057
77.39742702129533
78.75867347683322
77.87410450489632
79.16420798755358
80.60550708309862
79.36991560540949
77.37633402660983
76.96650170346912
79.37817434573006
82.64755028441459
78.05399375720103
77.20068388387479
76.41060128554838
74.33857699426304
73.21179747869154
70.852332286292
71.05157225985093
72.3130496239483
69.82009812388874
68.59910175666604
68.90117348430988
66.79333258832602
66.75194189045497
67.36220020081305
69.10261732807817
67.68883763784373
64.98796973726223
63.8453254395259
64.85291200965287
64.2986547105944
64.07603459254588
61.259305405394684
60.619786145613666
62.04945285741245
60.33916958953546
59.19785612329378
61.063162567425934
59.49496424200777
59.94356075631231
57.75912019725911
58.378226343624874
57.884255346623604
57.05963995669481
55.21592539798394
54.983551142320266
55.85226700551914
54.21805879400176
53.957494051130496
53.93199009415457
53.51383468834888
53.396542906209014
53.60063983401456
53.692857573510345
53.727734000714875
52.26451704331246
52.1660825056872
52.62614819503125
51.5518366629085
50.63330372656841
48.97074590421343
47.967756615028854
49.472943122736574
48.45345218548272
48.58500991355529
48.91699577813563
49.008166862221046
47.59510494081953
45.89833412742216
48.050551550039614
48.70452230749301
48.008854503003185
47.811071582047724
47.1248861515284
47.877153353904646
48.66252036303577
48.74990928790899
50.75312806622487
51.70652910044144
51.43741868769835
52.47263393823752
52.046162730729634
51.95224738673073
51.93827364058573
52.443436513410795
55.16859971946906
54.803853202651794
54.06221564174916
54.315150988151295
57.69339187607434
57.179582910293675
55.85628095357504
57.42131026621155
59.726424842695224
59.5001339748635
58.61345658965956
56.634777919316775
60.408566089183864
61.249367684912045
60.931958232407624
63.90994745104069
60.96456650399864
59.49964410515772
57.871716755213924
56.770627292255526
59.46296787401923
59.02337185555962
57.63982493718685
56.929443705072345
60.10727639761816
59.38810402873031
58.912253906533124
58.124905286769234
59.23609993018633
59.953532191502845
60.09988499258311
59.05457904744405
59.68593395157405
59.20026852439457
60.184384636308096
58.36923881754478
58.76657155392925
56.22134688119761
54.624977911737915
56.41538747091306
56.836658200170746
57.46128309630171
57.51104461799139
56.186567003016535
56.94324760925451
55.68081976835413
55.97476339584854
54.035760902929326
56.35590813872295
55.2747920684021
54.66245760872799
53.69578416839818
54.391528280107615
53.80406499278976
54.035787686545206
53.74739868955018
54.083084697829435
52.1770796200006
53.256427845031126
52.457423072188156
51.8643167419255
51.0039192566999
50.73742580518026
49.334853108517194
50.212931503091994
49.041448793967376
48.92375127060841
47.790240112797555
49.016213069041825
48.89121346574951
47.10669696550288
47.30508183511205
49.663374464903555
45.77615650076772
43.80975370891541
43.24986973568991
44.83688656674942
44.954584780256795
43.027474578082206
43.52309750540178
45.10610971613971
45.009478966690494
43.51915609399259
43.49617218736523
43.77355455650127
45.10783379697989
44.81030614285252
44.50841489013514
45.64974223423612
47.130030119709716
46.80070198834927
47.85395259132559
46.956131797314775
46.98016539212696
47.88885196272211
49.8860723738149
51.19525324387742
50.58375154002933
52.22878177204749
51.31528400216612
51.623286798284205
50.99744412700203
51.92515129518462
51.38496916233634
53.454412525511515
53.96956115814157
53.791070946265066
56.56848814109139
54.94432438057965
54.707765349926376
59.26926032268755
60.593798217702975
61.67068743639663
61.36023618082874
57.76742626430632
53.12509336874518
55.10554427540069
56.09466592179308
55.209710141463084
54.96210362875274
56.053866954444764
57.05175623938131
57.84509787059592
58.775543923910725
59.00249801536995
58.32966572335171
58.13039207956338
57.68391951845141
61.21080412790451
60.267595085559385
58.61495266476981
58.67642444507535
60.22132712006362
60.32137638456891
61.20742233119586
58.639244109967244
58.77200271403344
56.29357060932717
56.670479616305215
56.948207929050454
55.05850555729148
57.84592808846594
56.182735675056776
54.473926755157215
55.21921052084364
60.470526408992555
56.52658648332321
55.53541204762837
57.560118633177126
56.57583502964365
53.628756417885
53.849696438672936
53.05625498788478
52.00681352790586
54.10811836296795
54.345139142572314
52.756078289835955
51.29876383874267
53.51209837193247
51.70408489634651
53.054864643236435
51.718425127224315
51.41802233537244
49.99739198195762
48.96304409897537
49.99880784861471
50.0206018015978
48.987385864602494
45.89216522650922
45.93377256424199
45.952926830730505
45.273930605626404
45.2340338667085
46.66616279197092
46.655980381524245
46.34320774610051
47.46206128681591
46.65051537140766
47.55135113892817
50.0606659978293
52.8295899879566
53.6456063242288
55.80064052333369
56.66329160059286
59.15191257714138
60.82320604771755
63.30623174668627
63.543480148724704
63.877630364482535
65.44319201173579
66.89593380942935
67.22163681121788
67.13738542379951
67.57352600818294
68.57820601153696
68.51510999874247
69.60213915063184
69.34545899019886
71.34579718485014
72.87699914316778
72.15060717579998
72.41694709698129
71.86633918510377
72.4105989396233
73.03918235064029
74.74892581450467
73.87281471076017
73.68115707827974
76.2060024565638
75.19477831748337
73.72339805618776
75.08804674796602
79.56586222122132
74.23665144359745
75.85721037924236
74.38491228745625
75.33182446651821
74.38724431249749
72.96276907363477
72.0914483261767
70.89302246740895
70.24176831686103
69.87666872320192
69.29372247460876
69.98180068011433
70.41723381283225
68.81358856272351
67.710861820746
71.15333957165836
69.53801909373442
66.77133049321588
64.7557940121599
66.41869772264354
65.3033279675866
64.65325379385015
64.6780531003246
65.3544254143959
63.04953423296786
63.029555163843334
63.20610048229485
62.941122840137794
60.89063813465397
60.285046358580345
60.983624176246764
61.58546076524847
60.741827015899254
59.779143343851544
58.96272458276529
57.603146857333485
56.90797680496885
55.98852938338219
56.42654069967875
56.9019593594011
55.38230235700194
54.521128539662215
53.80005297208903
53.39517506291011
53.21362247039252
53.514825895139644
51.96507658923239
52.32497836727506
53.189927112792134
53.19167168973265
51.60767852827697
51.38835344228924
50.14701075819232
48.934951185310204
48.374175180903066
49.3608617617935
48.10576029761048
48.66783274562864
49.1729098285224
49.90423936533411
51.103804770322185
52.82116319561225
54.38012932036303
56.262704717419744
57.59767593141299
59.18306460679728
62.85358514003573
65.69479878906904
68.0822800663233
70.64762000623121
75.57585780672687
77.15233621106665
78.33544140607842
78.3280493237944
77.97229615846891
80.88064535024955
80.79327877107025
84.0764858199775
84.53370611606533
83.40073677471871
83.18844707726383
85.11222484618611
85.41720833625604
86.635196119613
85.71014925208114
84.92687847738551
85.39886066386036
85.81536512658582
84.4107158004384
83.66207792407329
84.15411538338867
83.73502576402484
82.03826211874343
82.50867436454018
82.08734510937438
83.23196798738681
80.43380489881793
85.27981304572711
83.74562788213346
81.77123843226354
80.417129974624
80.65212235910471
78.51247539768406
79.75284129990055
68.82787969499068
85.85595671498868
77.92753235532722
81.9809630050753
80.90988130402178
78.92557027924829
75.55846036154769
75.43303135326589
75.15389140052552
73.50238320327898
72.87164957085179
72.11054343061237
72.48941393408214
71.26966440031863
70.61706174383073
70.58962369394808
68.70136271106874
66.9102413529317
67.13888212584786
67.80645753066148
67.92126281244529
66.92410310766195
67.52352724706752
66.6201088252303
66.6440894430467
66.87385968449371
63.872856167104175
64.26058064425895
65.17142600623065
62.66111351157844
61.469880623167
61.772295671816664
60.10815092704297
58.271597091478874
57.39441950979755
56.52354077783789
56.85159196452438
58.32112736540373
56.879366795900296
55.16877343817692
55.60028435852009
54.62950302019912
54.765703075227016
55.2255404840688
53.51852639759168
54.078491044810455
52.759550438176404
53.331911535744744
52.52442737263232
53.2106091134779
53.756252465779426
54.306068400161024
54.24724685468684
55.74893953681422
56.52677619171544
60.970643169809875
61.571292717113536
64.28568471996259
66.18041673715186
68.7615800938388
70.34293600004892
72.45402160502661
75.01160435300443
76.19766479325813
78.80054657686672
78.87977548933343
80.03616251434252
82.21067362058042
81.38563113063526
81.9880068432363
83.27053804967898
83.30423666445239
82.88091049106697
85.05466312250758
85.460394467838
83.37563257380515
85.71861655879312
88.62468778355631
87.28742166965328
88.13299734307782
88.71878739013869
87.02351148231529
87.2867632955187
89.76155227972231
91.4779861926033
87.25838973678421
87.1692429248314
89.09645496330805
87.98946540910472
87.9426701850776
86.61918945048275
84.11269185652134
81.15851976862771
82.183352850224
81.84945563336483
80.82003725838769
78.55974396106654
75.82557501934329
72.97250443165173
72.01247462142717
72.4724366392704
70.36501952229884
70.39016605418463
69.43333586789146
69.13259028928294
69.23093449982437
67.37721777579343
65.92618101630887
64.77135165486442
64.5875167629545
64.48044378292542
64.07922869708898
63.832050171209765
65.25621308849806
64.40355412428539
63.96737404907589
63.15188785032599
62.15614271468444
61.54829348682768
62.27256364750562
60.037227978990906
59.295271821960796
57.90941227732851
57.07294470325048
56.546619550765946
56.231152209408876
55.761506093316854
56.71553409171513
54.05882515992753
52.77256128220886
53.55260029615252
55.78597389725666
53.46581135600126
53.9581673902308
51.91677575932566
55.89437921679394
55.68852356611324
54.02093192040677
51.18087680734381
53.76533303652934
50.585801687414246
50.76086511088265
49.72874578038207
49.86348416045488
49.839254315440215
49.31228180683458
49.04174187426405
49.21768878645956
49.269767462674295
52.39776819627969
49.55870393249069
52.791186469459745
56.94673895874466
58.140108683802076
60.98771503878296
60.77159348849898
64.83002840641548
67.93471439696032
71.19176516914976
73.38534243298902
75.26931672578107
75.33039548679156
76.2849348222625
64.92336400930608
113.21195362913568
76.8521534696169
77.19514648472747
76.3827558607092
73.56659768024784
74.1827351582686
72.45499075459735
72.55524719749357
72.1916651940761
70.77334067262234
69.63599456997761
67.33423133225659
66.36683742725131
67.75769058551076
66.60452118001791
66.16054205848397
65.54754215330803
67.73120958694889
66.36249650415249
65.51996141383897
63.97428639580104
64.34970129507222
64.36817287964396
64.44052438351625
62.22010291809973
63.004953743525455
64.94642780166019
61.95721095464139
61.22710373417646
60.074546033637766
58.758999806925495
58.81329614509648
58.697779064174945
58.49345085356364
57.01495194327826
56.385451617359664
58.02958269290873
56.85555034901741
57.514618696684956
57.19977036812359
58.750728921237425
54.76466153549889
54.7144510371075
51.35634984422402
52.92403962648994
53.86504909725893
53.3167875142345
52.20845368416651
51.516319029489175
51.29281369864443
51.199152107224656
51.507550472449
52.7063563218061
52.42073432515927
55.5566758682189
54.1184301644043
57.479786153096526
58.083581628443625
59.01702716240217
62.41525534178056
63.835134838678854
68.14899071892694
70.52022862001547
70.68180916226314
73.00248076626573
75.47874767627223
77.62743699312757
76.4553834244214
80.1664144090443
79.94087830730572
81.58613598867743
81.38132441951241
82.73903065222493
80.58728711072932
63.98246878463205
94.6389456916404
79.45551827485735
79.2693593564785
78.11844520147002
78.01455130044903
77.56002573104749
79.49466759686386
82.74352876263191
82.93768951181713
78.04502735885569
78.59290708067738
79.9983479413603
82.67716314048302
78.26928082387576
78.19034809125714
76.89637633774075
78.03947401408827
78.51169514544915
76.23519801088122
75.47383994677783
72.38581693336295
73.85044264144926
71.52180081415449
70.53566873822672
69.36876400549235
68.77192687524857
68.39017045473888
67.38753998128509
66.53575535268779
66.08826871932045
64.79207386615363
65.30394678816594
63.48218588259693
63.36650169312311
67.18562234551486
65.62922475954693
64.13966057407691
64.2476072573598
63.18759076734487
63.151721745778374
62.46985030194017
62.75083326283715
63.09061097343181
62.255381596605595
60.574039610454854
59.37755036112244
61.7927569423268
59.92842608192166
59.67712155573179
59.17673768692395
58.956146849683705
57.11087627233807
54.86633740556738
55.042077508107354
54.27143260973578
53.73537172186025
53.906671361388945
52.414182927537546
51.78908846532716
51.213171387861614
50.87073407879707
50.75931743419066
49.961076074179104
50.308226371384585
50.05391398481317
50.099923530492504
48.94862273723144
48.97144222913401
48.99999502911602
49.01309296540103
47.553308279540374
47.03479638312322
46.64313810683117
48.23255853901849
47.90532030494061
47.43193421259711
46.98301801811659
49.841466948398875
50.95297727317356
52.72462199030068
51.08442176275404
50.97031906722296
53.52351309379463
53.08487794228164
53.97416494962404
54.97193825789948
52.56972136846937
52.76817643217347
53.86692024542231
55.51672838335402
55.83008273434139
55.58301979405087
55.085266279059
55.45538420757384
55.04426110332051
55.42609471607407
55.739265919573775
56.07803486911314
55.23340478807241
55.19911889149115
54.90853111230996
56.45440043625581
57.14561910521161
57.20443117440834
57.44575410175699
56.10352435958857
56.58413075459502
57.450471877677046
58.47082062822915
57.35212545968875
57.38021947191464
59.634711253857404
60.05376300757093
59.36929719658281
59.20897290839753
59.60605647456691
60.83379876977358
59.547424281375015
61.23280424360837
62.27172826729338
60.64983778735073
58.678488922209766
56.09869205592191
57.078033665548666
62.652375022205206
57.01903902551476
57.95881807250839
58.758812228023885
57.792390825997586
58.31771672617106
57.05447157074423
56.00108966082572
58.41680705263203
59.46944924507485
59.31136034482097
58.70301303491653
57.13819810661084
57.8787337498468
56.4964275426644
55.65430456320758
56.01164703621339
55.871892495598814
54.39106046388168
54.751432461416016
54.425980723554844
55.69235430583011
53.66644250709964
52.760295462168955
54.027143399026336
51.94245293454489
55.55173806710744
53.173847646050916
50.571327638740385
51.18320269301262
51.02322264225934
51.505408276598914
50.66959366704283
50.38634185954513
49.974083148657755
47.458513149601515
47.9828704927664
45.81810908206196
45.57942882002818
44.07882119034491
44.31613782924411
44.016760296951915
42.425215193978765
42.65017961582862
42.18822045750608
45.24019160052876
46.53816860750089
45.68069416424623
43.39897408899764
43.379025247778486
44.62991233536627
44.73684720812366
45.777350660750955
44.9773200640159
48.124091049366626
46.55165647750477
47.36953937039455
47.493407779027336
48.59322353726241
49.16736102908426
49.52801571143735
50.09156549604542
51.83031057782648
53.733742282302806
53.37154501244022
52.76585888190276
50.39327414502972
52.26898615299486
51.82175785927107
51.40490829902771
51.73106306027165
51.91796143621848
53.424470129871565
53.96324454878891
51.50920829257126
51.18945852389554
52.10786009121304
52.18318766027589
52.25313847951888
51.57125956444979
52.398174142553984
54.43693955364592
55.02973763798197
54.90157008957027
55.133295020009314
54.207680731847674
55.30682682875761
56.248746493210206
55.952198195714004
56.78082169097809
55.6913789229277
55.479373682866054
55.13958788556986
55.90014976027942
55.51013004673891
55.93107413043333
57.07964255222797
57.43542490424315
56.51441727410827
56.43413221488904
57.111207593364234
57.52767443409914
61.96012565650949
61.30040956350126
62.738008591769585
61.303164964230376
60.47179265678051
59.214976141913006
57.717504375571025
57.65714544180618
59.456695859623835
57.043844077644
54.612620818289315
56.72690754841324
54.79936218519913
55.622317363412094
53.16879374847197
53.55438111048387
52.837338606906314
51.59745394523384
52.327729207752554
49.94194791873944
48.94210506129116
48.76005493184558
47.99280224882477
49.940701175175946
50.41390124551519
49.9602576604218
47.61796335744427
46.736200060192786
46.73296550744891
46.268957638041215
46.317255755225
46.18553051436659
44.00032626808165
42.900456041659645
41.76647128440659
42.84051356550684
43.01002954900561
42.86527931192387
43.510878479581905
45.87866226086078
46.10489426797341
47.33447341636621
48.512823606413065
51.865036518388166
55.48027969659256
57.94027072352278
59.81960561691017
61.66707012436574
65.63691094777019
68.37930044001425
72.32161091354901
75.10406613827388
77.83009672948376
74.81500286554916
75.82218055380216
76.33469750842298
77.99111825137916
79.00852822571738
79.11213225879166
78.60083275377144
79.30439102209368
79.71997553268932
81.1011340189902
81.08893526745914
83.13463640552973
81.66438724145831
80.44615925822201
80.85618850941637
84.91338156293773
84.46961539115073
83.15085522288518
81.69491795115809
82.94920402055419
81.99235382099205
78.48551937380257
78.66534155012697
83.5215832594492
81.74497173965639
80.74768849871059
79.57055848427565
79.23081248645626
78.16476451118935
78.63436907696983
77.09876109940589
76.76893622194429
76.34494440159047
76.89224477677479
76.31432581625211
75.99965422602239
74.87628710585815
74.45543748557412
72.82560041093672
70.66857140646783
72.43774293735365
71.66380013770383
72.08521566925127
68.15196132843755
70.18260382907098
68.50236237353506
67.43994895029671
66.89227898249177
67.12058892622885
66.70633073437195
70.00031426482965
67.77490407481274
66.60718505782148
63.918493695363665
63.53788930910563
62.313864495275475
61.829804105290414
60.67047994025717
58.73043434754508
59.575986873698895
58.66885117617138
57.84988025741757
58.960653931451525
55.36939457395977
56.723902337604386
56.75985398550813
54.63574066608133
53.835238661413015
53.951547914901425
51.3421222707035
54.5309908977199
51.949941419078755
51.54909941269307
50.926872928069656
52.00831645998301
50.735411189803244
52.194941101763504
49.020023168328294
48.80990035858622
48.856114466216624
48.93961435415919
49.59782229871473
51.86434098680515
50.138241944172364
51.81739522812018
53.06218091541818
57.88623887076796
57.80845925974807
59.02264258931117
60.62444440790687
63.492361387796386
66.42708063029966
67.10998736471454
69.31511649721114
70.38505430614296
74.15543297423098
76.15901525514633
79.61577626959341
78.15296240515598
80.21765127783328
80.61761485318634
80.84311229798625
81.96548940122943
84.35954022223322
82.21307362215286
79.06335683736984
76.97218443686597
78.18123756986029
77.82096287285958
79.10995549953236
80.426020595084
79.16857560597282
81.22889145513955
80.53262587132576
79.99383928018983
79.52601663115968
82.08084699337459
80.8072534165308
81.99349104494718
83.19820797420198
82.01823871895657
79.62730806224003
80.18200419433538
80.50038921417718
79.25641332459487
78.64278711671477
78.56711450040325
78.61847470922454
79.52592400302615
77.35513921551058
78.24903914916838
77.03236548163477
74.13384942655374
74.3833482851796
73.34756577966499
71.77111494689282
70.09753842700805
67.54614390684858
69.0220010809648
69.351359397011
68.54148504264589
66.37424076437608
65.66075188272623
68.33787707600234
65.42225555148903
64.10887948648303
64.52177265697094
64.33641592323568
63.77664306787801
63.89940612525151
62.69534660274444
60.78396498602723
60.960550731369295
60.897383804438164
60.86424455838484
59.2726231910896
57.99587701209378
57.00730571730628
59.832628130290004
57.01071160515385
54.34572723665436
53.39455619223428
52.506203565225356
53.12485337986209
52.07108863623374
51.86948012115295
57.773759519418924
53.34757961921047
50.31103223340493
52.08564387738488
54.484960384558235
52.289451690671946
51.61995447986275
51.19948036406869
50.490935121493834
50.6173847915263
50.949746210237535
51.17319110835884
50.33314291984503
49.507986473627135
52.50748408443717
52.633481416461855
56.549426286356166
57.857416526749596
61.41193431726827
63.292643157652606
64.38766501035309
64.3154144396156
68.67829713148214
70.0123761837795
73.8835684265855
76.83430912376392
78.08290576965345
78.49589193799443
77.51973266548671
78.89075316358658
79.33442055653695
80.84628908392243
82.79130972591562
81.62946784668068
82.04819284677745
81.70360504718195
82.37735948505303
82.97047935202619
81.89779727366775
83.19279416845097
82.96408006198078
82.89396082177915
84.13305769038587
82.55406299380482
82.28806410475339
84.92312841659427
86.6274857101104
80.7103559879496
81.90402440479048
84.36807624466229
83.86262894259781
83.94919587617858
83.65200568540939
82.22942398321726
82.00415834527634
77.87279873149305
79.45404815249353
80.37600424303999
79.48414201090058
77.25446785639295
75.81710188755494
75.1793980972621
74.8981191506256
74.57224256029613
73.87210829834878
72.31174594051944
71.48468112822991
69.89284398894034
68.45989147781519
67.71073555701888
66.81579972886655
67.93527433475204
69.82835289315389
69.90254145701824
66.66357728929218
66.78529138976467
68.2260570163722
66.89484313643416
66.17554902821254
65.5636169212502
66.7078342320736
64.01664348681214
62.388783892563474
62.385467476270506
62.53509953941045
61.0181935828174
60.31149458770786
59.30602731662738
60.33351460248263
57.76837073246208
57.5135088142755
59.12014765763413
58.001991551348794
57.57754969061629
56.48619708636894
56.04322452363486
58.754782044740864
56.22682727042626
53.76658593546773
53.84894106964102
54.92258828513082
54.65650482425815
53.056445937580065
53.446997992186716
52.73171882408816
52.269394285606765
51.86483027015879
51.485186489740045
51.767239030716496
50.9427202996942
54.24315424996754
53.955095591940776
55.81026709945355
58.78613623701553
59.867096667582246
60.78792069262181
64.00173304981956
64.52000541433964
67.80093718955837
66.14553479465039
68.72268790597784
70.01084383832111
70.02000753683456
70.83630452889648
72.50220334267024
73.5363088231752
74.25496193459277
73.29307207280233
73.79343211208672
75.70690223581607
74.71669978557948
72.64865854512978
74.87550025000048
73.25931687243437
73.01582961541034
76.51931192133327
77.49365847747171
76.98048290798609
75.50028596525934
78.62477080275175
78.24227012979273
77.50697813008412
79.57988543469038
76.70153659359225
78.76474111386514
73.99361132167368
73.46963156818808
74.39392370383504
74.59009947421919
72.55229515364402
71.92851142339971
71.50782664441925
71.32442212543239
71.20890714316828
70.9678049379876
70.27995302763085
70.8112071084239
69.35624164370991
68.4772740321098
68.64768046730325
69.25616998421168
66.04449611062111
67.53015636172229
66.08472035394362
66.24434742830812
64.90175347594169
67.2222856554367
66.36196929071393
65.17061857536879
66.39149585769277
66.95069487882415
64.79111300505468
66.8635901854683
64.51314501752805
63.48256965580712
62.754594647111844
62.6280240777895
62.34470148181693
60.953587396194386
59.91394242333876
60.24762230378017
58.71716106575993
59.69696654033589
56.16079132857022
55.32974863659949
55.39565846783148
55.13999963358652
53.75450002158006
53.243220073234106
53.811557868823755
53.2097370344934
53.16531049154878
53.639487811813396
52.47137075832953
52.41337158527301
51.381336215402804
51.12456009509651
48.91140762052862
49.24953718838776
50.435509835024575
50.75986650518354
49.727400404310174
49.63543266144575
51.80303600172245
53.10476820905727
54.52491510026502
53.653559253416375
53.356009412153035
55.60800224804677
57.60704350075219
60.2108222161825
59.82621619361193
61.34034271984415
64.53756028086735
65.22827690661762
68.16573121387034
70.32328613136087
72.24171447550907
73.89747536784694
73.0107720394667
73.80750262683705
74.3344842174877
76.42463033181318
75.2066519681473
77.13998062269343
75.44650323867265
75.27281723213014
72.62289910776742
74.08138262275546
74.97438546756376
76.7761857222432
74.66464043895795
72.65236236087202
75.22524438012375
75.16011678722856
74.24874399520996
74.37287354981288
72.17545972562782
74.1176132769736
73.44684961895359
73.74389883084217
72.58982417421655
74.67923029937478
72.9902507797899
72.83808774973843
71.25876683027457
69.69621417474096
22.732669533777994
51.06642968957949
174.66454684843308
80.39821731729356
89.69333060234109
64.30132095289181
63.94985178551608
62.58838960642886
61.276118368604585
60.67076356610659
61.77427115459894
60.9702632859766
60.24711416392054
60.11814528643334
60.589118822433555
61.187697564156515
61.31959303634645
62.06041472341879
60.87574040231583
59.11547157413261
59.33673661004252
56.38598824650941
56.20946528184574
58.581161308344555
55.648313097199065
55.49945898526048
55.68332084108562
53.76172632775412
54.858286092890324
53.66648432208142
55.42021738075439
52.84644049385596
51.52515466347816
50.49985367953812
50.38976166570717
50.84142653208755
48.99799077218938
49.20462827657555
49.04865555269339
50.496541912684506
51.088532535867756
46.76643928122412
46.435383193506695
46.93212176610248
47.2773306158839
46.396206157162396
45.621141074002935
44.41204176392034
45.775864652115146
44.77885289635299
44.63684325392899
43.89933757634976
45.634863137699035
44.50518034805052
44.893827332845724
46.48261831760635
47.25574300702535
46.81909683999832
47.408031851504454
49.30602273860111
50.77817275007034
48.77276176085867
50.525535064839644
52.36041929465118
53.11454241502702
53.41548453038441
55.216829718930406
55.59303714234796
55.941748965180906
55.66227120047824
55.62949461746152
55.52899909760929
56.58048781153906
55.933244428244
55.54590847707974
55.684124357306665
56.28610460286634
56.477600565725794
56.827260279924
56.198455007032614
57.79132594542634
56.215577504509355
55.98580318560222
57.7651308749757
57.827882146868376
58.76780078703905
57.898891027972596
58.055699290576065
59.561590098520824
58.184690003881904
57.20581204544125
58.915567769320205
58.45076764361022
56.627524661319626
55.85459187721108
55.50133999997297
57.05735999301927
57.043450035929936
56.463909579831125
56.4712094031661
55.48801972204142
55.29823479286886
56.2669910448069
55.35938831002424
54.51782426521697
54.40141121160989
54.75688802885031
55.697621736272936
55.31750417303704
54.934920756649326
53.50322856470507
54.578888042771496
55.379246722703314
54.343355054685
54.621346752041404
54.562071785213014
54.91848001424413
53.123548430728306
54.0050926198378
55.288523703256466
54.23355060102861
52.89826764388408
52.778939108693066
50.90060656416269
50.45790930420098
49.537913785947524
50.088434173026045
49.25025135265287
48.52245370681135
47.490952726950695
47.45502115088031
48.08131666133784
48.06072204224682
46.52201536236049
46.060910667977524
47.54145701780197
48.38225933474597
46.45982959291232
44.66230486426922
44.7394308646961
44.451385144986475
44.76972146218209
44.8408079471656
45.29413613852999
44.44506736879248
43.55748334831367
45.368618991706285
43.856919037405305
45.28058187456145
45.058330262668164
43.123393918074385
44.84910661887966
46.096931230302516
45.3446109849392
45.169347546935114
45.93398824945143
46.8464663051652
45.91939977733864
48.340042500439
49.02115134396402
51.37724263451437
48.20408414495017
48.92852504038977
50.96895198520214
54.38381760970441
53.021035215393226
51.88727317199335
52.84726509591791
54.767395849608285
52.29122896966113
50.70517619580481
51.30076813269158
53.7956956947308
53.83032840596658
52.27070683395892
52.71983815680255
53.86253280889145
53.239192177348635
51.532445021035464
52.078998839655064
52.41259163303107
51.8008323824771
51.6880449429883
52.13436256825754
51.57179710817333
52.8712944261902
51.86324934876317
51.09790173471904
51.0771431367549
52.27904684986519
52.666535232562055
55.04463913026934
53.88000470729644
52.36142314785479
53.05633581994231
54.10588331380558
54.40969253742903
53.34478858814019
50.593933674230286
52.65159426828456
54.88593541189446
54.752865799725136
54.14204052071977
55.57729352425531
56.55517180717068
55.75088732534533
54.48151901494128
57.08169732485712
56.97173857332538
54.64258974809134
53.162793251836085
53.49958123890553
52.8802269514295
54.25897677126343
51.29790636909525
52.42921064093583
52.62075148024945
50.76915438498186
49.00131652305322
48.52806902448179
48.76328297134693
47.32166538012159
48.791150469626366
47.56301721218597
46.93034218219099
45.643162928451694
46.6017081301163
45.272952480612076
45.04914411879771
43.82906610729141
44.31220319166146
45.49157100963774
45.71947739421631
44.92497179942484
44.38033833290869
44.56210380963548
43.90777385292899
42.32803903730011
42.74805303662315
44.488290601982335
45.45697782387929
45.35629610956835
45.17165094910206
45.799748998601785
47.90333067558858
49.11630562261477
50.86478279036827
52.96366400818935
56.65162255109813
58.75090034757944
60.3106602493785
60.92134059941691
65.53332626204903
68.4872580781213
68.71305389483842
70.42686249086887
73.74164573308587
75.42475096502717
75.31745408531944
75.62159498142177
76.35251444419579
75.97552327756665
75.95986570652343
74.2167363084427
76.01582901465443
77.77788091247282
80.0835536041136
79.74401358207683
78.51234852951507
76.67734390187456
77.5206030147383
79.93109740209911
81.61841035842781
76.92009991161741
76.06676879552106
75.6561323056535
77.33996106526502
76.09990879448787
77.5810326556232
77.37622336884432
76.95781981652613
76.18516407516664
75.54338772654394
74.43360100965
75.03923731080063
74.6715213684431
74.13651049063441
74.1504031122622
74.54752736813839
73.11558366390335
71.37740295066276
66.6553376304492
72.09925321550753
70.37331664679601
65.43138287667617
68.36657911923191
69.34528872525561
69.93942334077747
69.46638008168611
68.90163532265217
68.21878501670244
68.28227731480376
68.35967935838494
70.62859545501965
68.93660959454496
66.3865429027021
61.79807522421345
61.65394063914596
62.79637640142061
62.4135652950118
59.70695999871438
60.43518213809455
61.98682816586035
59.84628548136836
58.21470838553283
55.824997879787674
57.130876684566246
55.81367891406335
55.89881826616844
56.2630506119146
55.8511059810414
52.83983739892971
52.355072241367175
51.62418382586577
51.890178968624525
50.49192215759682
53.672580836656486
50.579804499708985
50.4557941791268
49.51500781184495
49.042891541252175
50.45811384332187
49.640517658865065
49.31422962474358
46.85202603465457
48.7835109868525
48.352862100132214
48.69224784192443
49.99070741314033
51.185936748501646
52.46240555476779
52.32468904194885
54.097164445433876
55.56005515216598
58.77002089215545
59.92042922812175
61.63350136970621
63.712045998221924
66.82338374288247
68.27275246680802
64.42328257641918
70.07013272988524
74.41627757059678
76.54557178244568
78.95010474790774
80.67540407847173
78.64034157763679
77.16816764142278
75.65140536143701
75.42896482646947
76.49090805480525
80.0050022113414
77.07404960471706
78.14650462311783
80.96728944840629
80.72745361663772
80.30910103527799
79.87525456234684
85.63004193119241
85.89686554593209
85.66968729176222
85.6876774792047
87.67612306491355
86.39221475365287
83.4697102434211
79.26430247194833
80.31693602103815
11.669834046891992
48.79804785048479
34.899186215346276
99.6801837340221
76.7118318757839
10.42136448574604
109.74990319457329
75.05450178272179
38.134251962820514
96.54851174427426
72.28104855421225
68.23733408465682
99.11679896915632
66.11197937095483
64.96357277080347
64.6007660239788
64.86001380353355
62.53849352709184
63.579140530755005
63.967879782813725
64.66114253531134
62.77134566619543
62.36438525108463
61.43825523480968
62.70459335671021
64.20314076265035
61.6938459460425
61.6527144599396
62.26375102460227
61.7840922398103
60.57924123052152
59.0662796389022
60.16908862078284
58.06244518992686
58.177464866644954
56.50116578755805
56.793639504588974
55.60192963563852
54.86514671315932
54.15499763106646
53.08046244813045
53.263719895937584
54.24873273668813
52.08256488785628
53.16841733293127
52.60114193712351
51.58251063243694
52.66676163433023
53.029271055880116
50.75491745029475
51.13564321962485
52.59424017863
51.74428118838354
51.703144771860025
50.267627754314745
52.357257263296226
54.59015360330249
54.712246757457315
56.29012264936807
57.18802133758234
59.36208539340108
61.1064546102581
61.77344064525711
65.39381895277711
69.64357063180569
70.32158352837483
71.66501949007207
75.0750903012006
77.94629443920826
78.77495914307997
79.76051623166995
79.75883124671259
79.4273937396938
79.97250120161152
82.81828003207966
73.84539909184673
80.1079233236702
74.71927896680427
74.56263785753958
79.25836167245367
82.00616280514787
80.59907622975548
80.52278976371443
79.45195193553292
79.02564041315338
78.85071547188818
79.22781066628045
80.34443502546952
77.8628388638474
76.92961018311897
75.17393864410664
78.08944833990995
77.87802368993152
75.69972913984813
76.825147076944
76.33098636949752
75.99938104123737
75.49548860240438
75.2713537957599
73.14478791480386
74.27828663773944
72.62465959053776
70.62955850444811
70.55299515884244
70.07770921720964
68.91306683922029
68.31044066701656
66.16574544929517
66.59774687606546
66.8500095537955
65.90291035278432
63.60246137812836
67.10529683401451
63.084177718208366
64.22979664866148
64.28420312677996
65.25273082361252
63.791141170075036
66.41995793951031
63.532191921318535
61.22908365604419
63.38443237663273
61.09660145884004
60.83334213317039
61.6348413337841
58.10897710723682
58.81594265577474
58.82118831660773
58.1684154183589
56.420239293653665
54.760564991813666
53.751855199606354
54.16893796062113
53.1385797801054
53.10954195709434
51.86405311974239
52.50513620648713
51.74392287317087
51.32312012134048
49.442433429412084
50.2069422443513
50.117352803162106
49.82063157709639
48.37027256630585
49.800274183779
48.7462704392941
49.21613030267292
48.85945973661938
49.70013308716331
48.68028151074937
49.777983441274266
50.589722122826565
52.18641706064266
53.652158446691004
54.235413315514236
58.5625230656256
63.03748133728936
61.30698306575903
64.08622217977124
64.87556807617594
68.36737065181696
71.67061327252038
69.99434877202339
71.50615395182876
75.52172593331807
73.37194132853952
74.2142703086543
75.77326480520887
76.5392577785955
76.07804429679697
76.51634191702914
75.52457645303048
76.31292273965914
74.69692533142825
74.76156202125753
73.64179478288696
77.88802825228764
76.58447292111623
79.11220421655365
76.7512591324703
79.04006579910981
78.90650833399627
80.5834775358594
82.7059331105745
81.40681327644626
80.7111056526937
81.10326969763055
80.33674700036127
82.83578541461877
81.558206942928
80.00446903400734
82.26250369503906
79.8639906245394
78.10786301378369
75.59613525031534
73.81977233470799
74.01784025296233
72.01035301856598
72.14163158824613
72.43312539631052
72.4635375229009
72.73161163790213
72.28663514848122
69.8200436738978
68.177171996006
66.59473397265717
67.083004345608
64.80415251465388
66.4528813568787
66.90743342473749
67.26075342909967
67.11245613387007
65.79490329447196
61.781371583796165
61.33040458501613
61.87113495079859
61.95160948362352
63.74871287860489
61.30282659396684
61.1476378423661
59.715245473407656
59.209347210330705
57.75702255726704
55.95947337389212
57.421739874335685
56.46527594481659
55.469275860963265
56.116704741482
55.99379267168762
55.19821253121199
53.059306711114615
54.42272062421285
55.12748784067162
54.23829858051451
53.30151833560565
51.91373075490302
52.565489503687104
51.4887530732392
50.57902552016054
50.798009628198216
52.384401228358804
52.80220346108542
51.7688151305432
51.688877451895166
51.38721746176785
50.71218416866638
51.984465994969405
53.777486834542266
55.845067333450864
54.69411566962861
56.29635307379988
58.68921484863883
64.22592270749297
63.80207379378095
67.711610670617
69.84220269027423
74.36250344308417
74.19307627777346
75.17252249381704
74.76531030022568
77.4667470836207
79.16677118376128
77.15015439190483
77.99292247139374
79.34774838063572
79.63930656551584
78.84430026936349
79.52696806438885
79.60937229643268
79.02721019365654
78.45320715015208
80.56755841000765
82.46460645777626
84.47146801732504
82.5584476325595
79.79379741511502
78.79726389468283
78.46837804173697
79.22143429202121
77.55672457155822
78.98508205845178
79.5200267901721
77.42515381523438
79.37876242293186
76.1543535929436
75.71854495064082
76.01765724334894
75.12349163147593
74.36758627677045
74.47482932576679
72.68332140723788
71.3549292674411
70.36678355101878
69.75792410895991
68.96556659679143
67.73637608813476
66.75641168529552
64.16595868097568
63.60685349746518
64.24638614906144
63.70842210690114
63.13053529179615
62.04865047608439
62.88434089371583
62.75200904972792
62.10224121224451
61.95412156853138
62.33413490608223
63.380652500385395
61.82580496140292
59.70054345564529
60.15218057839081
60.29803271174717
58.91461954333374
58.749316566900575
58.78869489884016
58.99960206872788
56.90231156576829
57.674809462677786
57.551646580918145
59.18725881159105
58.38389906704697
57.713871261557415
57.30892624896478
56.75194677021318
54.99291066627916
51.55387893665113
51.47578790886179
51.30520081718734
51.073395496816374
51.43155495933819
51.217467035028115
51.21014792337132
49.643350718178
48.19683453024217
47.144410254302336
49.721784359715876
47.47159579912413
46.78200240861705
47.44543498562434
46.7470477813899
46.137860333145916
46.29631783969786
47.19214489799994
49.51377198710264
48.06378582436878
49.23403692121742
48.86563321110351
49.623587733197496
48.78364146851813
48.451618299953964
48.0304421858239
49.478269690681486
48.99263561274981
49.816601490300286
51.39760703874026
54.040558111369705
53.42792520455555
52.83741607724164
51.61646818923646
52.666495194694676
57.9715707416492
55.07974341394129
56.1678064299133
57.29308074968776
56.25005872685347
57.34188042760028
56.945808195765146
57.754146534316526
57.768998663364066
56.588587139884176
56.466867736513215
58.84704677865344
59.54394624023632
58.47598883571032
56.598455334923784
55.091534550086884
57.46032339958322
57.98600207631031
57.00182691963393
62.51099586465039
59.005155863119946
56.88083990672649
56.724783580054286
58.110347095539005
57.22794401487986
58.21953596482418
58.86454828090862
57.81385080887438
56.78965680803026
58.41978353731088
59.02386467695442
58.498948790994234
58.51404401103057
59.03465363212337
58.91683283820568
62.24133812269422
61.13295947340521
58.598518731865894
57.88677702333599
59.76269484673641
57.64146136938097
58.51629949654637
57.13382397748747
59.35810086592505
58.13235668040298
56.94446628249173
53.99099021240902
54.5365462960755
54.80647829347763
54.87338854538074
54.739143165302586
54.224468439494125
52.32565268158181
52.572058128430356
51.555012282080185
51.367942294630794
50.37275420280484
50.01011443412119
50.723471450072964
52.55642463855917
50.61641147593097
50.44064473573735
49.53501207868396
48.67932578680981
48.49678040723283
48.45934842126524
49.19295821775866
48.502401850112214
46.209571863984586
44.86693677703875
44.46389090171313
46.11653919785249
44.631952293687945
44.898682449773084
44.68980823595368
43.923448602789236
43.48732430505152
42.64547427084949
42.59119745252042
48.904769420282946
45.1290171612759
44.71327371142979
43.54398674208642
44.81998708263052
46.633906720807545
45.48869017354173
47.3629868158763
48.254674759108454
49.33680052179969
48.530602256367764
49.059558268266294
51.093324637000684
54.973266170867355
53.083787763687155
51.638228600895665
52.54512098404041
52.4628217704975
51.101486007247786
51.62420152172483
52.937597991663814
53.14251324848294
51.3323825877344
52.74748828633707
53.7428818283938
55.40486935104519
54.5238497530184
53.38883637604154
58.89256005587285
58.91687474835476
56.296650744000544
58.91171503426392
56.798749934992884
56.24479971472533
56.507172760907906
56.79376252299494
59.24668011288793
58.88172763841476
56.977338649322064
55.64420807098372
56.746844883841845
56.12079290526526
58.55291073062915
58.497832549216355
58.16516791247
55.02334051472255
54.51195784401712
55.131663360647636
56.77388924004979
56.33403386782027
57.148491004059
57.28613432408565
56.7682261225119
58.561905683776786
56.50809921017844
55.90560122081342
59.2672050362346
58.93656463456921
56.514273183393925
57.09595213204943
58.68265664411979
56.96607504466112
55.3396062814401
54.08123893692815
54.85903658128431
54.33415685844648
54.346147890636516
53.6297380130852
54.931206791897466
56.7243037570288
55.553884762490895
56.1223043219519
55.39104525999561
52.422029561850195
52.65305689351135
53.18470161924847
53.89135459011222
52.817589678736795
52.98871461843237
51.24033042568379
52.234389498441494
51.293679387131306
52.993509077323324
52.62051231319617
54.90069165967134
50.95997305951357
49.83534474111218
50.20185021019574
51.1909246715376
49.60284216350455
50.54924167359044
51.412485450305894
52.21395354875704
52.78028759311064
52.61060098342683
54.488361099835764
55.760311324094204
55.95168204927431
58.13168785637364
57.769674812462874
62.051454832210396
60.65262480841287
62.5451294215743
69.82269164039246
77.74881613866603
74.31698495113687
75.4339931668294
76.43211689988868
75.62455879355866
76.7428256502393
78.87365788156785
79.53474321276943
82.39380249174694
82.46144500575261
82.66645981795119
81.44223567594474
84.85542958468363
83.46164349829385
86.51390891956767
82.92396445168873
84.507463692387
85.01063846755434
86.4216764092711
90.11474560013211
87.97665294118883
86.38801384053839
86.48633834703469
84.21749555070498
87.845279835235
86.96850869444671
87.45671001380168
88.71787017242575
84.68267676691659
87.27611452053844
85.56483605377099
85.10983834381096
86.30124455465955
87.08825623847844
84.14269006581625
81.72235026154996
80.82419981206786
78.13726021554109
78.2486958182775
74.89781551119344
74.76258394385988
72.8045036924982
71.2988926506745
72.3971014645053
70.80732967578706
72.91700890600134
69.29502866339566
68.64402270234638
68.26375169267999
66.93104266782461
66.09185959535102
66.4760190248501
67.01672313816275
65.91637310672832
65.03455836717285
64.0700998883711
64.40047809259715
63.69237794060655
64.03147672844614
65.28149235243075
66.2401101046607
62.8094365861219
61.26237268013064
61.20937056749274
60.34439224112106
59.553382406516995
58.80871884854862
57.94619289627531
56.979050878290344
56.271658197116174
54.2233865873176
53.437583087843265
53.77635469110753
53.69303993044846
53.58500288605874
52.866237366182396
53.2038619486659
51.7496006617014
51.573209584645305
50.25227910652971
52.07901424346037
52.263758866466866
50.914305828530715
50.663678277926515
50.90178076352019
50.07394697093232
52.639614446558426
55.12126924365159
56.38634082954535
57.24583879914599
59.53232961005792
61.74880451986578
63.63758240101812
67.41352755945002
71.25811876839691
73.6971574902118
79.73924369707936
81.16079787357421
79.46807915816612
82.40798431738858
84.41046133992302
85.37373981363658
86.33772199050804
89.16427446124386
89.66332551506048
91.59950933388222
88.3280947306943
90.05564757991536
91.77058644841142
91.5317901832399
89.68434525215115
90.66513040520877
94.74992802917316
91.75222110061264
91.69096594481377
92.23642102163831
95.53571230476109
95.24228868939736
93.39312098153346
92.06699755345952
87.29425230242389
89.68060131251877
89.66086817743327
90.09844191305869
89.46317156199203
87.69868527333955
85.59368275285189
89.23740814862633
88.95763416415542
86.20886770292327
85.95756219733579
82.40323832919512
80.85349784698111
81.06407462267521
80.1672200659824
76.1747687091559
76.72773781331794
75.82998721308056
79.10557773698702
75.35396353890911
75.04701314923292
76.47909571854765
74.33889034893534
75.49395485430676
76.83205058476122
73.5329368739432
71.56955962651466
69.43917569287679
71.33946837647791
67.60728885931015
68.46797110848391
67.94466145462535
65.76122156629394
65.4223351460884
64.51153515462508
64.06666866736082
64.11542875544801
64.72897852969739
62.25636548980081
60.54839145344124
62.81679990855514
59.536617951729404
59.02912222731225
58.763042323345495
57.70928149787217
56.84664086491388
57.82419911432117
56.858535553178946
55.08993684131673
55.64097899067178
57.54314830819192
53.61192736048649
53.18857580990891
53.28717453440305
52.82330299061716
50.552708970767526
51.892606964064626
52.762392889351105
51.92494537725516
52.06960749133319
52.647023345239226
51.6915959366386
52.94296997030809
55.95687612745053
56.57382072405482
57.526232230897996
59.78376094210853
65.09833513780035
62.27462389896664
65.91781716026634
69.73952875326927
70.20853827578867
75.01375128960831
78.29710019524907
79.99640323699373
82.37867052424485
82.05039164757682
86.87519884871834
87.36853977325882
88.18066721219017
89.06018920477362
91.09917237181074
90.36440169507563
89.64971620135056
89.89727738048168
89.82007653729443
90.45379089426072
90.74610481496222
90.24559650188046
92.32320176829904
90.13808487712637
87.93680867581
90.91661586495593
89.00599994301305
87.12870885350958
88.38788575816032
88.85110730918241
88.54003822624901
89.18592043522011
91.79334747521371
93.27064832798523
95.78713430551647
95.31299947466738
99.38448810219938
85.8151080352399
50.170374990658864
136.3826812584509
68.65760617065229
95.90966564203718
72.87729122376993
83.30589539766103
77.15767731914414
71.68334973554498
71.28962622910124
72.41940991444486
75.35318918686505
73.8858627899831
72.29820123938326
71.95095835057305
71.14341060357089
69.834394673432
69.57264309987269
67.48653409507133
67.81163111301183
69.06594433525322
68.4173719005956
65.23583036623737
67.33575827299974
68.97628468706473
66.87798264922266
66.35748320694705
63.9889676598693
64.34263915193887
64.6830831549179
62.96093605682827
62.43086459450009
59.079496168943734
58.1152781261633
58.52703900173866
58.30867937864981
59.32279321407969
54.880030151569485
55.278293620312404
55.63952000671961
54.01624625098725
52.8192332924566
54.1729108255953
53.48999570314061
53.772299384305114
51.752426521135476
52.09934139877779
50.8960077603144
52.27414062318943
51.592040973724735
51.2303103112949
50.518404397151976
51.57443640925917
53.380295972011716
51.78211411657732
52.742306434463465
56.42061000073151
59.70458144278457
59.15426016011463
60.91561344624754
66.14352271403028
67.22350025545053
69.63123894161058
71.08081550115779
75.17450219063062
76.39119291041197
80.37463296138935
83.27942393133085
82.38965831439896
83.52306741445636
85.1458090132428
88.2735179750423
85.30390084903493
83.0635411102489
82.84881592648436
82.60500561099063
84.70655571163695
80.40087446848179
81.09913959055959
81.35155214959451
78.59909424031387
80.47756885081424
83.93142310828902
82.81531915019707
81.6069211593383
82.28653168350979
82.57445085888139
81.3973748154265
79.85048818468675
84.59709464581509
80.83489717404997
80.92218006874879
82.75316574233065
82.49299221202031
82.19537258376573
81.66054103099808
77.80349035292204
76.5576507267702
75.56869949361318
73.85058274879812
74.82929960186738
76.00561572490881
72.85483006850166
72.37815670345339
71.63512126135905
68.70721987944428
65.32568844907371
66.23518069452152
66.38089073477374
65.50081828219331
65.02877329123062
64.44111553446035
62.782670912683884
62.38413990737203
62.56335649500591
61.776374902592885
62.33315561163742
60.84618484359595
61.8285565461453
61.66094776954225
61.462777430644444
61.48337365431679
60.933603540149925
58.959119173029066
58.15160102546075
57.70280315155228
57.38709370173595
56.56406805805548
54.50707300472586
55.23269281240237
55.33489357893822
54.525241365075864
55.77354569675129
53.6981908173424
55.639576373924754
53.16791922566102
52.921034234814876
53.248801284929186
53.9279927588293
55.11652376903903
53.20820469092747
51.67269596226519
50.00813901976426
49.093375332508224
49.737305851925164
49.37207265830897
49.415755937259064
49.64456075557921
49.26106485640449
49.72146585708095
50.50146223627981
52.047634538853934
53.98446549910947
55.09701662965546
56.952902711657465
56.72946269332608
60.711113876962344
63.6008070157804
64.99123296789992
66.04140758268841
68.13358224841477
69.15537713876188
71.94564222407166
74.62232973038999
75.46468078276257
77.24528065655613
76.66169921300116
76.56733045994201
79.01545369221321
79.2916429401389
80.81782184024722
79.34184971823879
79.62626768207838
78.89528929440053
75.48324063375844
81.24514773713713
76.41263325068712
77.97205418668727
77.52255946066543
77.84832289038059
79.00901407445417
78.95070096304016
80.21683600126926
79.2574855753328
77.5764893965843
76.63604056336862
77.27806590037972
75.58934400231354
75.84983469566691
75.72464264149788
74.51483973822184
71.09361570727197
70.96424465942408
71.86308772140171
71.21194659405344
70.42377356686833
67.73170375737422
66.67785689574855
66.59804148434691
66.23067147263612
70.40896306818968
67.35814486390788
67.2812451029425
63.63223947883646
63.67425798217205
62.052020903730615
62.670786856833864
62.70114413291992
62.641869138161454
62.7869646867199
61.17875227926312
60.451594117775095
60.55326245771972
59.24249283334916
58.56161177327773
58.48428317277752
58.041980468162606
57.420223390484736
58.9592641113392
57.345009057059364
57.78448432112069
55.783599150932275
54.27214988806861
55.61342480382177
53.64825963968068
52.20267867783106
53.56091411754941
52.71190096108762
51.99605576113663
51.22933044402362
52.14414151575795
50.126813685606535
50.46897670679107
52.1705162292272
49.3866644006823
48.21544148951375
50.57640224477393
46.05433958013293
46.64092938262252
47.127905131410216
48.87865571080354
44.967867930541146
46.36334876304386
48.45833589941742
47.56202814281937
44.71773513860046
46.14661838902464
45.56274072613337
46.123607932147365
45.77002179512397
47.12584140637409
45.9856077204958
47.21464930865635
50.255541019001086
49.724404817799154
48.619486006589526
51.00692283056445
51.43851748189713
51.62097170852019
52.532517320337774
54.04579126105934
54.684680452410475
54.75757921750403
55.371575974159214
55.98685448768629
58.02074764350577
57.30866276516592
54.98246209017254
52.909383082104995
54.39129918048133
54.46759576970031
54.307849891200355
54.97746526237847
59.669073258437834
58.06170288429962
56.75741646628042
57.75702524877858
56.98220595978877
58.84356113760032
56.891814981616335
55.17167670036788
55.119689889112514
55.41005368736296
55.80802549616851
57.32557893420244
59.6487076860748
57.904796911022004
55.00216282746766
57.51811924537901
56.66592471994678
57.16877032376806
56.450492398280865
57.66514417911364
59.14113691135958
58.21630993401326
59.348613420144716
59.99015078165543
57.0629782639315
56.04717774031397
55.96232373055847
55.947076239362126
56.832096266118356
57.94996903363433
58.2221892772443
56.16172718302595
56.20491005483916
55.9420161491783
56.16759671860907
55.464066090111835
57.278915338042914
57.10568156467252
57.70027673000982
57.37705152088742
54.88717878173934
60.10249472675193
66.26260472189912
66.03629534448086
66.11616373325568
53.72346550096509
56.59157035331484
57.49209991005266
54.7396471957851
52.70618524522126
51.73377703751284
51.430472296039056
49.643631560842095
49.327405742709516
47.64322110475786
47.386950126873415
48.009192987242955
47.20803673635237
47.07714564733385
47.64203061002752
46.459383432425284
47.58058524260355
45.685242307529734
45.50017218729056
44.31821656942816
44.585246825696466
44.76748977473995
43.15213063673286
43.52039861696812
44.208028732011144
43.425864043458546
44.396760514341395
44.72219830869789
44.013687737119426
43.39649306468323
45.29373869106905
45.596464005368716
45.44693923028069
45.31796925174861
45.84463098206051
45.96980719269138
45.81249388864877
47.92211785590325
49.692496951900495
49.72418179298622
50.340555158622614
49.369503098243584
50.856069277821064
50.79419808058143
51.76074490674514
53.48716360508996
54.10656911581169
51.92511372228442
50.13807217574668
51.08188537926341
52.40908471680491
52.24664709818671
52.229965439947854
53.45308976275686
52.468235064710754
49.82624064057469
50.39419405365152
51.439504195904135
51.71139709962563
51.566229718477416
53.13761853957908
51.60152872892415
53.26472870860163
54.89990999089355
51.2143093505742
53.4634871145064
54.31721190517783
51.44362211660366
52.46750785157299
55.44595128312081
56.51853520220993
56.1188175038792
52.94328699363723
52.83404443766715
54.320770021255655
53.54451762633562
53.30811310592753
53.78976329519402
53.85117671308955
53.67807815338858
51.324151941905484
52.28083528449382
52.78874200496898
52.43941540622154
52.10917336803823
52.67215731847068
52.94999980943658
52.614168835734404
51.90988819067934
51.97773837578018
52.88184735624873
52.02070228140448
52.33524650952096
51.465102065950305
51.69846531981444
51.00388852984209
49.13055685254949
48.89693707872502
47.507283469932986
46.702922764343
46.75130126229624
46.433431569473406
47.09118798133619
45.85332151790862
45.083906335232946
44.991900762976115
46.03485666118808
43.77517926654912
45.11293880418748
44.15944755081853
43.59511787313272
42.98305077031591
43.09966897039635
43.008471795056835
42.939757948941974
41.11628194351158
41.99587915248276
42.7276259851717
43.14960586408654
42.20649306164593
44.01176570369671
45.51076128561078
48.21944275479997
48.16880410663838
49.3259300809184
51.15921069692285
53.66290319094453
57.00230885933837
56.701803240589925
60.8008903479365
64.73636941110817
65.18316523036674
67.14885258341724
70.78725313911195
72.34351329368837
73.10887738747238
71.53261518381078
74.20039089073214
75.75819416479897
77.68078340252033
76.73072550154279
78.0280325796956
88.93304825222685
88.26613883166283
89.0218419958095
87.50163560450962
88.01386537416079
87.22636874284035
85.63227268738183
76.83444948233955
78.59748556229442
79.17619070578189
75.72875857402687
73.55407906517405
76.01641016296784
74.95718079544854
73.95423848830751
76.76656183700466
81.80535464650873
79.32297763734559
75.31626692519671
75.72645773165904
77.41882800540309
77.26971255504628
77.95042544287234
83.17833900031842
83.51934199216947
81.1183974667691
78.3054004429804
83.22600514074524
81.1784346435508
77.39041902323163
78.91986546411265
67.98432405790254
69.08072045497161
68.2062195723433
66.34895853689683
64.77822726706023
64.30123414815102
63.71140461259991
62.38569801881075
63.19040346077508
61.30803188292573
60.17032290485865
59.07383753431847
59.23232157613216
59.75692870913167
60.66586183259726
59.070530445703746
60.835582862245474
58.46815868520696
57.89210163841972
57.917157612876736
57.80879347987366
54.51521868882912
53.32709196781059
53.897332143821394
52.83003327678593
55.17057263651941
52.98486954277678
52.27126494891502
53.35497167089752
53.03503851493699
51.376486736126225
50.65990948732065
50.188195819973714
50.08466964523213
49.28171019088586
47.96349401725391
48.72456090386484
48.664855884721774
46.824224589222084
47.75579218589104
49.95067566210582
49.22566698731015
50.05508075455673
50.88464972543623
51.10351560327557
51.8802236669992
52.84566885735802
55.064500088317935
57.185012753990726
56.60989156953483
58.35354582064345
60.36575947383305
63.98221262767441
64.36691147383956
64.268265243157
72.57355139650463
69.36145354957193
72.30003972453437
69.76498588829504
76.81877264163359
85.44415181305226
88.57746066656932
87.73890286879426
85.58925777580127
91.30838523194825
93.17526793103946
91.3187413486362
90.28680029891692
87.98140684872033
92.03312357424704
92.90160070114871
85.78236807488474
88.9924973552661
91.12313196530317
96.27876412100682
95.57844962230615
96.8409047318891
93.91184060904868
90.11211361757377
87.68965123202659
88.8690388795971
89.9714638463158
90.36216281455444
89.1582183457472
91.2305226638082
85.95920961027733
76.79896601813061
75.19723159403247
71.05185343025914
72.37273689284325
69.12288275025298
69.24832719358449
68.80100885931324
67.41307094270064
68.10662878837479
67.60885989886049
67.02340523187615
65.45858021075833
64.13422280519296
62.90858085508091
60.57965704095659
64.41678139607653
60.982386191289834
61.82127196980855
63.23675662003912
63.29394997069812
61.212586038119056
60.22641824144125
60.43529497251609
60.61353080281276
61.64971609125132
60.363439448593226
62.220923478518216
62.593393748433165
61.57712851423689
62.69173140764564
61.60449324643503
62.727556606952525
60.127153877109286
58.16577421089216
57.60745219135103
57.125530242013305
54.714968292428246
53.89593398964141
54.41267995423914
53.6669015403836
52.66289708064153
51.84377701101437
51.19588474812697
52.11832299311243
50.53660398377484
50.24583256991108
48.021778652712705
50.025961744230585
48.89657800318158
47.57496130133893
49.13499023821555
49.06648836336446
50.49049856648904
49.39504880986314
51.97935653015991
53.13514651055113
52.84048374678823
53.71607059663102
54.55295119652957
57.023229860617484
59.0194740668368
64.65542120451585
73.681434147766
75.6573455318694
81.64818183099192
79.81581737626493
83.80978479940039
79.97565615198152
78.26253643320888
73.1217526681844
74.0204557778186
74.05652769480469
79.60186250500647
77.89848533648956
80.35860457053445
80.69488246008966
79.57612304629204
80.63908753859556
79.85280989677061
80.56536132844033
80.53405852109609
78.18511998417443
76.6410000080134
78.11300651041006
80.72768260638281
76.11641168675965
78.15045619943724
78.03715862222897
77.0690663662547
75.97554641685979
74.60219309544755
76.7081854342313
61.77315623271318
82.48274194709438
74.08865110964484
72.39844002385658
71.86775364324555
72.28775595760453
69.5568761294756
70.49265449800589
69.05059669076343
69.59443538467008
68.47604903504828
67.2585527839193
67.38960145021326
62.99274370737294
64.73652307598911
63.395936667711226
61.420927883742706
61.212227632235454
58.653175251412335
58.44160151502081
56.46766353799683
56.91436357448538
54.6944657088377
57.418700016748744
55.49464296680458
57.26365663579304
55.95841497824938
57.934979479084845
56.15166664925596
55.58651307785249
55.88570990522791
55.328204137309285
54.64615109122258
55.446210225290315
55.799225332555466
53.94170710835817
53.748611465950376
52.95057188267876
51.55998158959585
50.329531519477655
49.33344972208679
48.99406022625398
49.55217663611256
47.98282938478428
46.88894313486355
47.50625526089554
47.532804149670724
46.310738706415805
44.612034369076696
45.01801249927658
44.75805892840185
44.607971041805754
44.40006884319487
45.64334647276275
45.551684368975074
46.00638149690289
47.16153663529212
46.66905570560304
46.39844854605486
48.77441212382418
48.41333788953051
48.83859870765791
51.18156710568965
54.63353537528474
55.850142377626526
57.155552153413396
59.16091344715767
60.39093278543896
62.37548697311803
64.86468855326416
68.31305510397397
72.05877058440751
71.98837914650494
71.43778155905034
71.62030366309
75.80279028948985
74.02414315959567
73.25967903804008
76.13876743865977
74.64651899506734
7.773954195831948
71.94392943087931
72.62157845249735
76.965160607249
76.74059254156407
75.15898052208028
76.1687254145388
75.37216673290476
75.85281459547414
72.81041415824598
74.93749399525404
74.61986905206193
72.8325865997399
72.78103092361438
72.81815336549863
74.29572697570512
73.7516386324371
71.70709889223784
70.44302562431095
69.10814670306831
68.32189446635587
68.58619021914717
67.549137984847
65.86461909705451
65.40059125645439
64.3518138104888
63.30790182041119
64.7570833114537
62.839201054552746
61.913775985221946
61.5476839771834
61.28523085350423
60.1203764114332
57.2386701213718
57.01943912205843
58.67223824282678
58.104298906254826
57.64148183219436
58.226041619303714
56.68929961857134
57.40581679464151
56.9882310285559
54.66943801997786
54.99824506777991
54.83784754488079
53.87749562180624
54.088712469520665
53.79310969586925
54.975481914110105
53.324156760141044
52.027273763689436
50.361619140675316
50.64457322560588
50.54092229722596
50.135414392373605
50.222516306140164
50.05790548512766
48.88759041060257
48.632702910184584
48.744857895853514
47.465162410180994
46.48556297096467
45.14150648522559
46.3318992657394
45.88793220201512
44.54886343339726
44.123937584209784
44.234548904865946
43.945601033209186
43.96094588986216
46.05957460122954
46.01911536278151
44.614806007791906
46.14208245720296
45.60043277208704
47.6435854212574
48.28830922154355
48.0750069766257
50.09322038023849
52.422372654793136
54.75755041115485
55.05508752940443
57.537557605044185
59.78622324797118
59.52164064218232
57.82382423074432
61.18052005937329
66.59310583834213
68.55932951368095
69.01289682195011
72.78473481721812
73.64613234971932
74.37677568863671
71.53291693870563
71.91851701307769
72.7289705675829
71.61419956635461
71.5257180445742
70.7635667775005
73.1907401814376
66.52151659806759
65.78383380547893
66.92431179950222
66.98361349885135
68.39752862274713
64.20287037944729
66.0378758412603
67.59775986698673
69.48096407069488
69.31040361947555
68.09776540889447
72.55680437310139
73.86004294286636
70.45661611339267
71.10627721950459
71.61375902507662
65.25508982884185
64.41476780445333
66.37055875754879
66.11391608828427
64.62926774686366
62.232381337417564
61.751541428448604
61.679373989629404
59.895847564663086
56.80018833929355
57.27885029621859
56.39434294387604
55.73821501447446
56.37692379655519
55.45478192773809
55.09504471729588
55.97762403084971
55.09674663852016
54.846462842567114
54.07990111447645
52.47190975725698
52.37586969120053
51.466415058825675
52.23084299506934
50.65945005825532
50.304207694850724
51.20347992813728
50.01003805344385
48.770725670371164
48.51900719404364
47.757635908252155
48.08509010152771
46.89363501145076
48.34893472146952
46.3279845649068
46.58728751404051
46.23711606072659
47.82205265901439
46.79413480224527
49.51651373539998
47.33884565708145
47.15010142800294
46.15726071578149
45.445791500576455
45.03826184766237
44.029286186700986
44.16598672792241
43.49500579799316
43.50438593093253
43.695718012351136
43.95483646023215
43.31312063915403
43.59415373913508
43.293406910393365
43.25055953156537
45.43128695577579
44.99531735904735
45.20030685094707
43.9826515859025
45.14783635051779
45.62836030748586
44.13002712383054
45.91062185984419
47.085624317580866
46.38717445759126
47.001817636165995
46.16007505138867
47.35374906682003
48.78821237286417
48.914424678984005
50.90475422815652
50.24895406744839
49.846170006764424
51.33951634895512
51.33153121933106
52.73947620620501
52.782626893294115
51.465712299185846
50.56259590235079
50.81362476031457
51.484099268546466
50.87853526176156
48.945377290003954
49.44572185683437
48.793806245972995
50.604727508766004
51.75967380395893
50.92973824340004
52.27159017677929
51.4144758461512
52.21541199225783
51.701005034577406
51.22606413837431
52.71458615982295
52.44912478069068
52.39011358725418
52.42372426556756
51.38414184467649
52.22122794953316
53.39536953854497
52.754843239423735
51.320531368341676
50.24587241500287
50.60371104587797
51.87357478998649
52.62617918254307
53.03757529574096
51.90031380399445
51.8993769569777
51.23487063289825
51.781098950900386
53.063564213718806
52.87545411596648
52.62101664737712
50.408498258896756
50.805920041371564
49.152943415264644
49.346225619845114
51.56191850134928
51.084739458482886
50.57674383061544
50.968282629117404
50.16621250504998
49.97377877007309
50.84803488661757
50.87363525514265
52.49946397379949
52.651802391413526
50.748810208901006
49.19433282203477
46.88427142716848
47.33394109269278
46.32257702457074
46.18424357132565
46.461333291818235
46.175363752115985
44.57272994418983
44.32072963182959
47.178147573107225
43.86220774077459
42.882644744725994
43.95376407507816
41.726695347988105
41.271887084772274
41.56973598010951
42.47952954702524
40.99199230435322
40.77976872895488
40.55820339312868
42.22199364266089
41.58662186480706
41.786528249162075
41.25284469577173
42.57320673519723
41.42187491789582
40.98858095729679
42.465468836843115
43.11670265163434
44.17085334259673
45.83311734908318
46.240611673334755
44.80713197548964
44.52182471199334
43.92581152179907
44.95049978258837
44.861017891001815
44.22175140838885
44.99162584905029
45.667009318378874
47.257698030543324
47.459154500854034
47.57937471957598
48.74969107776264
49.083791905648795
48.784201887106576
48.81651652372602
49.29697113958202
49.437641323670945
49.85616131951565
49.5766919007927
49.082811734685414
49.31765145884468
49.248493974619606
49.09311201849735
49.41583301517504
49.15543934630189
50.717524777196054
50.77593945540351
51.85333024835458
51.77658034643917
51.81966812408456
51.6572206893587
52.10586538635937
52.11804427057163
51.22775770826535
51.545964104237
50.14065674073154
50.38899462861078
50.03506205487275
50.69907640970417
50.22257885829304
50.478467936954644
49.37813981925517
50.34662605849486
49.78530185394743
49.134950158275046
49.340222063302775
50.13749086569721
49.868664620631165
49.37474318857357
50.247798093678874
49.59765744433459
49.161998518868245
48.83407855868342
49.23257970423617
48.85739088096266
48.936530500286466
48.80364902993186
48.26623067182133
48.30790548853719
47.625450100728195
47.81168587819626
47.38153157283322
46.62119892780949
44.97552926938803
45.450253816134286
45.51084606737894
43.57712999833205
42.680767661720246
42.97065530126379
42.353434723923556
42.10801358285758
42.00170228813299
42.3954615398895
42.17102620217124
41.15632293710192
41.024153459342045
41.29821980558556
40.62209037899909
40.237678023717834
39.73078439071196
39.81630279209176
39.197628332908685
39.422080689254784
39.39279314020743
41.265082918168375
42.27343756517689
42.767243766203
42.753698686139344
45.44730265892539
46.843716181473575
48.230143928560864
51.40430647734305
53.21977072105458
55.56016661796115
56.36503255637185
57.35416376223077
59.2628195289185
61.03533034291161
63.163006905520206
63.47653738358554
65.09741935745024
65.56620909133676
66.74559912002405
69.03179344891737
68.80522484178994
67.62935495445606
67.8499505266791
66.61677032096577
68.14080556115414
66.56484644779448
64.77000278922787
63.86249664542038
66.04076052066966
65.43966833989009
66.64435050187228
66.16033867719716
68.3322529085392
67.9808109208609
65.60213371288398
65.96565077371133
69.12208518522914
69.84788818595665
68.22389494208869
68.08187116250417
68.24910851025902
69.3846436011116
67.8128587540798
65.86189459526076
64.39971261424898
64.46258764325965
64.91345845612386
62.10290434171861
60.14064095309686
58.566338707427576
60.479085008477796
60.43014839003172
61.41638971006773
59.37740354101413
57.636518974942646
58.845026518492205
58.56580142522671
57.49961075974045
55.744295618494675
57.78045242207614
57.88664223851174
57.758141303709635
56.40175644418491
55.49657000735783
55.13985695986646
51.979694273731596
52.73556017483247
52.33568232244481
53.278039728314845
51.31010080986632
52.095128966782084
51.30677559057761
52.25426959992816
50.893402831431345
54.02382144323903
51.968737360273764
52.82633687339103
51.400152076755816
49.50168093019969
48.66136527149632
49.79821227399377
47.98785063653612
49.58389352559978
48.94155660744446
49.89706459376965
48.38387671826051
47.68808972696446
45.563414367627345
45.8793638197078
44.56010658680523
44.5379550135239
44.600848011437265
45.19391136407432
44.79821130538353
44.79052771923476
44.823516876810544
46.29175062848678
47.10754939495345
47.3870312815085
48.47320747150478
51.931550124477624
52.10886175029626
54.63107241511338
56.26356979638696
56.065067709127284
55.51899377267855
61.787280383764255
64.35398900002542
64.21729613753871
66.23908535741555
66.59083525787878
67.9567247924681
68.41045031122985
69.09472662491817
69.17497917687297
47.396436648448166
98.67461106435543
74.81202026040069
72.71884130781268
73.02055743590387
72.04358186055515
69.6419593721771
70.07129079274682
72.09749630769147
72.44594289676002
73.43072575746464
74.00114406882744
75.61605680994717
77.17686131354048
77.87654731071689
74.89096042583243
74.76152399306511
72.66228023404844
74.71823092729392
74.25234841415158
76.26013807421077
71.66206960881664
75.12181467267737
71.5479634889034
71.3544207190605
72.29740878087091
73.98520092319217
72.59656250904074
70.71204431183287
71.49492991649345
71.05071613853897
67.82540424228421
65.20200282655696
64.9263502098679
63.71647051032073
63.540299482072555
63.54474528988828
62.77704550944998
61.852370713342
60.65749755103593
58.82571106050864
59.12616956909892
59.998485356961396
61.120849794967626
59.759452316662646
58.984360536172176
59.66566661746765
58.83863377207717
58.37690344042337
57.67658935375908
57.29896055718521
56.078492964970216
55.58181998945649
56.073568143550986
54.33826714679782
52.42067250339441
50.90160117486416
52.11235435570052
50.53934728640318
50.39750730543624
49.43674093724259
48.62659968476429
48.51409789433965
49.303449794766266
48.70533017622313
50.20804003763135
48.205405932366546
49.394551856574175
46.43557478943135
43.297016754942284
43.87878059242598
42.46493856444398
43.780433453707516
45.74993167347384
45.433747477591396
44.75614396985634
45.55775688744566
46.57124937251602
46.253745689898324
46.601115166013415
47.84795391303908
49.17725776180411
49.81500280414197
52.7764900169459
51.35314512490717
54.866983592652225
55.53287264298063
57.72333790784601
61.970447405054635
63.20140074858347
65.29608690987523
70.88244230971358
71.57559803970275
71.60258155449992
70.40785380605237
74.00935225223243
71.78533019572204
73.94993892933121
77.07323567197258
79.36126124569428
77.66019600479169
79.17340200508417
78.7438469147387
75.45403305056334
76.56744884278805
75.52303154520871
77.32906918615252
81.55820216904567
83.8828380860025
84.35987607478886
84.7036573620037
79.85012591676559
77.65618696968818
76.67028242906585
74.96776575491681
76.62828327321925
77.37858305251643
76.43328590945727
73.95010835166514
74.9386836553399
73.53539397073587
72.67000688486092
71.12136872994154
70.418912844793
70.93929462803783
68.83898638332903
66.9390187826757
68.67331925894169
69.2024789769863
70.2012497855178
68.00530424369731
66.37183820477935
66.25468377180073
65.97247314634853
66.08879806422829
64.41139829308725
62.24490747450841
63.22435120781097
63.302873711331586
64.83252489215795
63.07299639033454
64.39847341688403
60.88441810659542
62.92139795849564
62.03986567848415
61.13580144758703
59.18736926243014
57.00044855715532
55.642970316554965
56.1324003898485
56.86035176642258
55.264892333031526
54.68808898524384
56.02323219650793
55.01132698552776
52.901918636032526
54.31670719077806
53.83238263623389
51.83929903519538
51.23515399415635
51.233584983379906
52.49129169436591
53.37411336502191
51.769462340987275
51.251018960822066
51.35535098021857
52.72697676018284
51.73791323354868
50.72466012855758
50.30799190620124
52.518872673619626
51.41914842244046
51.69266007057694
51.519203093396754
53.25164739382269
53.362916533689216
52.77262024308625
54.94358578891354
55.32029749861624
57.770811557579066
60.61812402066221
59.57592544103392
63.77150296402249
63.34159046761239
65.99533051663468
69.31572809698264
71.192334716299
71.55835835357391
74.31277781190624
76.00936175728145
77.41722582419538
79.26607525786585
78.16693943521113
84.01583305958707
85.70994016878876
84.02350382543875
84.7883902143094
79.61514732435171
79.1291418695937
78.9860075771636
76.87914869187466
73.0914235770424
77.81739642972934
81.49569811114861
84.49810467119983
82.07744669343538
77.11426801152174
77.92701473960787
72.35964255373048
16.54214385227408
113.5032055307952
77.551339541174
77.5182135721767
73.96303471346346
72.40373021611126
71.26159749541944
75.02243856925185
73.0086521239416
72.86453703482857
70.98372811760646
66.91175076461627
66.84197187584027
65.45761188453366
64.85249892468141
63.708813820405375
63.017731399244994
61.90544336513608
60.225631048266955
60.74095382187509
60.065986921124384
60.181852953206594
58.16894289207769
58.78615916281797
57.678951894785186
58.08860616818854
61.326125428367575
58.836026504430144
60.60954641163357
58.64308029729883
57.252486058235846
58.159226797297684
58.36840235169331
57.03957094027138
55.96692404663713
54.24121897646659
53.953512912127735
54.93816196187979
53.29571255528861
53.02415030585933
51.421240946264675
50.061538807415104
50.506903829650014
50.341800314538204
50.69504242920425
52.19598568988238
50.08828229416156
48.49871706436818
48.609148684280854
47.48753980899721
46.10410826197517
44.932244177829034
46.58601702772796
45.70127656669865
44.90224892098638
44.84946563352844
45.338216802956026
45.76241813468789
45.10673873856763
46.767918551906035
47.310467488050804
46.1319934873745
46.84617617263723
45.437376919356204
48.95460731811151
47.88489695187651
48.0222214910004
49.51290440230889
50.97051414809028
52.064382668085855
54.55452469424199
53.62401227586923
55.13371918041901
57.688620886095634
59.88383403566413
61.194118985378616
64.58031681231148
67.70092093702746
68.15216884981558
69.27347078568795
69.37962995952091
70.21341704253723
70.76637879315375
69.5766189410933
69.5825989857127
68.85851189368123
69.58911028409298
67.90670088471805
65.38674958791745
63.857916453235724
62.74551314620201
63.5160361352836
64.25752218884278
64.69289659501607
65.0108498079759
63.39599198570268
64.43101304869596
63.49115605110008
64.54642923651039
64.66656601700672
63.537610849804125
62.5882837450017
63.41805690946872
64.14344290259893
62.99186007993967
63.98991759607366
62.10913579909039
63.13048850373799
63.22715849879409
15.468796326372967
82.17262641265881
86.69092746112142
65.15468664778012
61.986519435713376
63.971668076572804
61.04090202403775
59.91747805038008
57.94005385915192
56.895815526370995
56.10699000523151
56.24965331466513
56.276965692702674
57.436580505123324
55.15020228528238
49.5197645557799
53.95457643176723
55.666701255897465
55.77859436590707
55.68860660927853
53.59146735214835
53.076563385883986
53.04457844666352
52.78780893385126
51.74159848489967
52.022864306280226
52.60536254727211
51.755831647243234
50.54017249120078
50.556286729779
49.03364945732876
49.490801861926265
48.602038989229605
47.03681257544151
47.31228507013747
49.12323132685897
46.435089870148516
46.31526504489649
46.27333826093379
45.885514003158164
45.09262657244601
44.79017941989083
43.533933241333855
43.48395645632038
43.816861057392614
43.466641408463545
42.79141444512393
43.51233132944017
42.938241866871174
44.335472722193444
43.183579604118606
43.2488961184678
43.66334348262084
43.616906231972656
44.03952868607884
45.42251530692822
44.21637282737441
44.57079466787181
45.508986806809176
45.33249302986856
46.76784295924187
48.02168066444703
48.394209254074916
49.91512312747457
50.5416638195634
52.17593941507762
52.87665197437619
54.735967508176124
53.5728823627798
52.58802859897309
52.59884782679758
52.762786518623
53.66606581338915
53.40566974199468
54.52347526474247
54.914724739935046
54.289993692427544
53.417652983373195
53.59253551349516
52.954064924321884
53.37824810307221
53.77027681100094
52.540452622506564
50.799215321160965
51.9920572894149
51.0343754711748
51.612918277460786
53.97568900144177
51.842708150944304
53.24907468438448
53.89890738216013
50.829171866844945
52.3913141176954
52.59424995444397
54.79855371628264
53.914561807529935
52.35072467881173
51.56610490833334
51.49846610023657
51.74448735703062
52.532761929503486
52.34507683341175
51.683992016988654
51.06228676688325
52.0391169390335
51.95805466077267
51.69517314658405
51.27069470627839
49.61169066682021
49.04272624704402
48.29672455049058
48.40772736892188
49.783620529181235
50.23196803912708
48.13064559762974
49.84473279508794
50.189865756963854
48.60202622600002
48.1066179751233
48.53531010275742
47.954165557218175
47.199450516187994
46.68294091981443
47.21578467318682
46.659189477809036
46.61385542910875
45.72643868358709
46.29411902384358
45.00361247008338
44.46048925985383
43.43612899076686
43.642281036244
43.47804067315768
43.67650864348036
42.64790956848606
42.7057693899507
41.471380500731755
40.556953036030336
40.94323266884339
40.92407169760406
40.462106805884446
39.87905700310535
40.00756020389545
40.354214567338545
40.00695098933504
40.37446558174565
39.87726837126354
40.307979375614195
40.30299757937951
42.412110745796895
41.64421328468097
43.223021066912565
44.7568535480234
44.47141837959816
45.24496112619006
42.0295862549648
41.64783796594102
41.61421201667268
40.568745656864536
41.73548511844789
43.16224606846174
44.723923980665546
44.52811750929358
45.375941059253904
47.1875376499834
46.319586435086975
46.18453026928057
46.53364843317466
45.96906796036224
47.36407379556806
47.508267423716234
47.05708975924564
47.431974996919514
47.13617271938497
47.495045180987205
47.83397390659295
48.61257773267873
48.77000765991298
48.50798941031015
48.96476558494153
48.148097693053984
47.70477737711018
47.1970823014107
47.43949688287238
45.4864547628523
46.250273648682395
47.887857297007315
48.50583657126257
48.0890328394045
47.81456422184505
46.539145481068445
47.45311681951532
46.552004281455496
46.59845076034554
47.40044492337385
48.23785034439639
47.9346896762648
47.03992416289651
46.29270234497086
45.44050945635927
46.395902527173334
46.401269927268046
47.18283033342797
47.252451471626856
45.737371772606046
45.84143486016842
46.01430591594034
46.8250354253903
46.34049786164337
46.47974856451911
45.88827066354504
46.12764317004427
45.492962621589086
44.78670307759808
44.63570067030303
45.987554965203735
44.03355369318474
43.84024347790704
43.416650254957865
43.239591012632346
42.83382425708132
42.72859318562331
41.725059292340134
41.71729294862338
39.91431609403352
40.401841099155085
39.84694067396073
40.63909195044199
40.010912781536994
38.68567993778516
39.01615267646959
39.418891177351796
38.93424134918238
37.78787905609893
37.95371063306574
38.596469256664115
38.31242125273093
38.139698146108415
37.905522783034925
39.49184556866669
39.99582475968417
41.18344291192479
41.825895339687385
43.39246153021717
44.82537483576511
47.30222131460343
49.92141534054943
51.235174833715305
55.05220125580362
56.99642445205968
58.835727052403854
60.837138931100526
65.45292280062267
66.9763771901612
68.67807801350284
72.65840754122223
73.91105344575453
73.55017276869376
74.06884542537182
73.63089487543834
74.93831112231169
26.692618700592107
110.9878903361853
6.004295815552723
262.49614092034494
216.4416472293899
269.99552086585027
49.55997810584334
133.02769339265234
120.74321841031906
120.29799887848932
120.72668492882144
123.46820638188584
123.18658197663757
84.7143124871776
142.94239507148555
78.35461360908899
77.85653885469219
60.7374004222835
37.34810415659019
114.17240856423375
78.1121375753512
79.15984772061051
75.67461631742981
71.62846569380235
71.87175379850987
70.83047699446547
72.40550627142443
70.59205055414304
69.1932561701484
69.0290411189651
66.64970309176442
67.01214510004297
65.33942746910259
64.37124497018795
64.47292196171679
62.92867257264254
63.45676582016233
61.947408075553994
62.04709276113351
62.08071068868003
61.184146192715275
60.9454369752342
56.09974142798408
55.31170884892552
54.74581594685708
53.54088801624999
54.36564008321898
53.30287017042758
53.56176679782083
53.148791961639176
53.77079184772011
52.5931958176527
53.65876216190847
52.50368614622094
52.4772781595392
50.596850687097444
50.24736648489886
49.90143550289161
49.161141859871066
48.51131932052829
48.643635474333294
47.01957285544369
47.818641353243116
47.419449440331405
47.66679825820357
47.903986169984904
47.35060195543958
45.90829565816648
46.20049319449811
47.28877354687448
47.72455921564756
46.067601637568046
46.45559800172782
45.959751559445756
46.92102674414295
47.84934947494831
47.63821085106028
49.13369008459928
50.10273526063629
51.30447918815419
52.788185542663975
54.666284429569984
57.02756758900159
61.84583351342113
68.00173379229295
68.00141433589414
70.25738359008164
72.12299421028615
74.15226714172513
75.17285808711244
74.47748281440136
75.22426477973204
76.00271710822994
74.26832447020149
75.73538008066771
76.19282816795612
76.48013177672078
75.72361649129357
75.16736467523401
75.76178926393004
74.37503658555738
75.68244407972998
78.49222847222109
80.86655808207172
75.62158032442403
77.61366106533615
78.45774320899454
79.0903618215425
77.57953791080809
77.62021995293071
78.10886012174637
78.58445640043374
74.24907556933977
73.83180713098352
73.95870636052132
74.08021783529648
20.15077563192517
19.676107199025864
6.263945563973493
49.6017253420097
53.39601609924157
51.528995538148145
53.115310469550685
56.6190509159678
56.06044435402103
60.1909038434518
58.68390233983918
56.80510029183913
57.84045891536436
59.40832190098007
57.93834257795292
56.64599193914953
63.55901603588089
61.24264908478392
61.464655843224236
60.86080198156016
62.07247522241548
69.31248569662898
64.8319644477233
64.43700865868618
66.39641540182492
60.75297253573706
63.528205041653905
67.28455993367089
63.53946730118889
64.36501746865872
65.99995848775065
63.07017015741758
67.46643367070442
62.470129109329264
64.35800174137171
54.163623244906404
56.26048219759677
56.81697102562079
54.39038910695722
56.481269042100486
55.22973367889438
60.502392475299416
54.037640272034245
55.379932641848185
62.25071168536272
59.025603625470914
63.23148435537505
60.894706190266795
66.20131349308724
59.28868439304148
62.789186057036325
57.554118894208045
62.92462048042275
59.267123846054076
61.612799352960856
56.28634982595804
57.58215763287228
52.613835435423496
58.93519744063526
54.8219448339294
57.740151470796306
54.77308362014719
52.51018486991659
50.44644889300537
53.118997166377085
49.84598030423546
52.42011636882319
48.74268721479268
49.07901975366349
49.14073961429631
49.93514059523545
47.87436408959843
52.7305134155896
46.53593660897923
49.25302294653659
47.5921022207915
49.9984476937135
51.1317137640757
51.608741108610836
41.094619775969136
50.49687823577551
42.922480755228904
46.298265541065014
56.510631669999015
52.531363270538016
59.93977785242216
59.46320739159091
65.39837387986606
66.89857960709502
69.48861384945783
70.32755227771042
75.5735036926849
72.42425563588364
75.86792270964338
71.89793602951625
74.49897318700687
74.87882037798408
75.43522088313762
81.8416622472348
78.04748815326434
82.64247446440095
81.81379743062234
79.24195509437277
82.05486062459863
78.14757773428164
83.814513770958
85.54064037157104
81.86758370882899
83.11538364847365
79.18904335376635
77.65518609942978
82.58356278045426
80.02543887226966
83.56683573606642
79.2511996530236
78.7963665178695
80.1174629413797
80.59664362211322
83.84114166267753
84.45899975756559
83.87466864931142
78.3320660049332
77.29847199220983
74.93123626895843
75.25235634243018
71.712177137948
73.26172042635251
75.81659194266706
66.13552136082433
67.6680434283045
73.30975969208677
75.5587887843819
69.79845158993396
72.07729836122235
71.81909683253843
71.25747153946418
66.5309406072995
63.53509507747174
63.875844194645765
68.62843080822893
66.49680229337196
64.08303703129491
69.64617335833226
74.41634777918782
74.5534396669357
76.7906571621884
73.9485827140491
73.05153616947892
69.25783376785918
63.33474806718758
62.78418309279876
64.20455609630244
58.03005999270946
62.00840402562872
64.97211219182276
64.09624172418452
64.22732971182427
61.31804846846673
60.73760174209212
61.886542613643265
63.223341113671715
64.30220536413343
66.5459450704811
65.25607920491132
63.30822662288521
53.816127153530495
50.3599129599302
48.59731439131737
48.24055362917211
49.61696035738201
49.3575381076912
49.416678323959296
48.45325348494062
49.60729496224894
49.835827771398
44.340488004742724
47.394589733825796
54.29335462689719
54.71783835700422
58.146157230379636
58.570561538235594
62.06126996968992
67.26410154378014
73.57920483230862
72.11542682467848
70.31820382662477
69.25776334772559
72.1077385012427
75.36476402368544
77.11591188933062
76.66119745574838
79.30999125696053
78.6663383773531
80.56520732329238
82.68515708529048
81.80648050662535
79.52029513725961
78.22337433901555
85.36607095949478
76.73430617191389
77.35801626578541
74.07780890784193
80.07472939284823
87.1798219284417
88.22985233611814
87.32852461859216
82.4030203758907
80.94931859580014
80.53736026883189
80.64911744233586
83.14442965859666
83.0691706980424
83.07191449279219
78.83957379534377
81.15040881913006
81.8581880522838
78.22747069771631
81.19067751329273
77.54283650751995
82.40520975753793
77.94152088268426
77.45652350842511
75.90729212671067
78.28311033643035
80.62622231043338
84.61181140283655
82.55191677719102
79.32660754080621
76.27792810199662
77.91967596400286
78.04324294226103
75.413279464389
74.11305221986208
76.36539161106496
77.13541680769004
72.60435295862158
70.89947001210157
70.61156498710682
68.35187762616579
65.68794426996885
64.96669104162481
60.554010933728655
55.230160720419995
54.29504790585774
56.847723129523835
51.401545225436166
51.70687053220536
54.3189724478691
52.84941272471843
51.824930928390316
51.09373414136701
49.49209166119912
47.72066305496572
46.494322813582755
48.4328742298303
49.75089158169305
49.64583978034547
49.623526919604984
49.307421734498455
49.94927849413505
50.122748288590216
46.912119482123984
47.957347603889765
45.27891117942214
45.740322041821855
45.46827938249362
46.01387424363616
44.88528803738858
43.54802064127664
44.5460652463332
38.60150765274568
52.62159615927033
52.97589808080476
53.70157571732029
57.66255808964003
58.53322598591225
59.75134020502193
62.20592581678948
66.34452323157879
69.56395060437589
72.13392206045135
72.98575122214149
76.0853383420581
76.60187448464478
78.56850123552158
75.86627493384628
78.9425443411028
80.75170251730367
81.94358699898805
83.14676241934012
86.1299685162503
85.16547788074627
88.92698550930163
83.46107702444579
91.11013972329434
88.16149895580338
85.50046560243845
85.84465596043765
85.86165371030482
87.04044516497572
86.30868692893819
86.48249494841332
83.27007606220036
85.12768753231308
87.79418603091904
84.6965231950237
86.52566775509695
85.51625559651916
81.77235576211069
81.89184503637057
80.79974654987107
79.5536616369577
86.17383859069992
81.6871150799816
81.34041267345833
85.96058435650446
82.40878018522994
79.4742866866626
83.79721877996131
84.77170952014166
82.03563935281196
78.66788536572233
79.13693800966007
74.1535186730481
77.53207734988753
74.19906745586036
72.4005372277843
72.16490750663155
69.04167939620405
68.87954937917891
66.0590654255675
66.17681027366473
66.49188891572521
61.571983351433246
62.61949899851197
65.82551648950641
65.91229085302419
69.50825320839513
69.13969429620843
67.43897103943279
64.60496446520638
66.45319922008231
66.25200846073976
65.65341937372472
67.89709449751012
64.19858027455626
60.94379447923359
58.18686674198414
58.87133591741905
57.31284060053503
55.816198667517675
54.975556932254435
54.667481597128635
56.67100344022697
53.18670086705811
47.98556142508622
53.63300180215129
51.75303926782805
53.487191752103854
53.18734811878346
56.1542702333762
54.33926615217112
52.95881887115466
50.989745300057606
48.554838017159625
46.50814657593736
47.953666973628415
48.19016082682328
52.97756680121086
52.7224087666928
55.53427866941447
58.09487473306455
54.0210515306388
57.80392275048098
61.085406740272745
65.09512247562762
68.81976874346705
70.48917461783844
65.95528014984075
68.56041348853978
70.35042242832424
72.2105338609399
76.96521328286406
72.6589354121054
74.82934565392702
79.31960155830666
80.48693824400594
79.09490392193766
75.30855441165977
75.85138288305279
74.41095277718296
72.19134206644071
72.09143940860463
73.56924921397399
79.36478084892497
78.56791353001495
80.1970913445158
84.55542423984775
82.26702532549585
84.40253168560048
80.08345538000708
80.46313967238962
82.32812906117181
78.54889910711563
81.08179502375248
81.3507155699294
80.08184363396401
76.82445504225386
74.88137644720781
76.25897997935502
76.70268130402725
73.61410448508875
71.07144760544232
66.75775450401247
66.67980487228975
66.07190657046155
62.81009983804654
60.26856405977696
61.13970118567124
58.99742894119845
58.69406561487051
58.875175400307945
58.601787833686146
57.41984853432689
57.46618880122591
56.519898208465065
57.44728965596528
59.777941062481204
59.40796699119835
58.94676150091129
57.034368170275684
56.10586885387352
56.83245694719732
56.68714940935855
57.3926009642253
57.044559477733394
66.27053519397441
65.0475850146426
60.51258135390078
56.7508166933573
51.09064410025368
50.5080244828556
50.552033661963854
49.202579561903136
49.38359273631538
49.48947995600197
48.529948675670354
46.530260874749864
49.58744428223478
47.263259268208685
46.92119190080493
46.23505814013294
45.85822994953082
46.76368991113153
45.1686174208923
44.303840235422065
44.8319898370959
44.49320398793906
45.145619240514634
44.696812942210045
44.312140208772234
44.617700045129254
45.45221566423038
57.94583852432031
61.97507883811365
59.927230226573116
60.823818683052465
61.45650768417122
55.516423243782654
57.26824193139492
61.6481811825392
65.82090980100122
63.153106844294605
63.69477880675711
62.486546446821535
65.50975157939922
67.83884964055937
73.31673908105722
73.62848895509967
75.40570269590296
76.55525974997956
75.17352441490038
78.09465344049966
78.22762901579881
77.93188321091566
77.50824330133605
78.13803088823056
75.1829359567389
79.83522994079067
79.83948015545366
80.31370723193254
78.54420269857542
77.35902850290881
80.28867246256243
78.00160358654955
78.05148415189797
79.16026662725905
86.59325424844724
81.23807740900509
81.39502208179715
75.42743075633473
78.55526417038065
77.8477799543895
72.45854908657489
69.34003672636364
68.35793817583138
66.46965377802142
66.60053307622869
72.21227033395745
73.17004308694129
70.55631311283271
66.63142072250609
69.95552821597316
69.63140823965432
70.03162804198746
67.46083459407348
66.6751046185311
71.26369508153556
72.09865704038185
70.44068995491833
69.6449187213743
70.70719186121559
72.5343712829625
69.71725685558751
66.56398937813924
64.40403661486035
63.12247006303477
65.0846237995704
62.88011740261925
64.3593654946397
62.8833857630891
60.601867440296274
56.9366561926563
62.27491852936465
60.48485739589046
59.97370060129531
62.11674849154554
56.51866426725738
56.70653654513385
56.39167313904384
58.2971581021763
58.34527565934162
55.58408253236274
54.94568430056983
58.401006543519586
56.359292663415545
55.80792595442722
54.92417729769338
57.39147292776427
57.781792286741585
58.2184776479377
53.21613365177852
51.99638905337319
55.452073787298204
53.64494127294921
52.33434586949349
51.078107837048314
53.390375567780616
52.221608856127624
49.23491456649111
47.81499338727565
49.23045100535268
49.19235904597387
49.10633802859665
48.84352781687551
51.15959321434627
54.856319603185334
51.63179706181366
56.453565006525814
55.18602575171272
52.51962057630111
52.02619905762066
52.73205962996672
51.82302185755213
51.46651055830301
52.35386686723301
55.19746655019783
55.591303587228865
55.45724115292592
55.92636784879151
56.61386551551266
56.38073679005328
55.69741475282785
54.26179963074536
57.32930255770003
53.554681778801815
62.909809449515414
60.439185426232946
57.578919210400805
55.62158027410187
56.21265385170578
53.80163739415492
61.22381280197749
65.16286920106461
66.66343915465788
58.631928090900715
62.3142125596911
60.90507918030168
61.12580793318682
56.879030287105934
61.8183209458623
63.78553928515555
64.07165474888745
65.13875502787528
63.769740209213296
67.31633007054086
65.85692590450356
63.17851363485124
62.145980471369285
64.93894076954507
63.49427050192662
62.045841570892016
63.932859176325906
63.570766212450735
63.33004110038769
62.69031240803008
62.33220530518918
59.02308768865805
55.6260726771643
58.132989603440365
57.39893748880911
56.34980404108063
57.23285693787352
57.074845385224194
57.49247015386527
56.8244184696116
56.72455850810138
56.05209138740827
57.86251124216142
54.25574017170322
53.23603552271243
50.9609832008515
52.74587922473165
53.719818763703074
52.361206352690715
51.441203526780896
51.922770315308526
51.45669347661148
51.59952421012804
54.74679631952788
53.77371929715332
52.37162181431131
54.21933646091918
55.715693590602996
54.16157271462021
52.44198669195027
52.079803402619184
48.44713359110301
50.36999271890606
52.26943067146253
46.508424704018005
43.873010194884785
47.504687079741075
44.9630751038394
49.98658191929701
47.69185000369134
45.11778364542329
45.48082393205004
49.624395501086724
48.525078335532726
43.761130950120105
46.77044093849702
47.95662329590073
49.369276657794444
54.22577585344634
51.54538165240051
52.502160589582644
57.11700845291487
54.79330465961537
56.52487379575522
59.71315296946176
57.52580165013853
56.98215342066532
56.73022218318282
59.35275132581114
58.61111653465832
58.48097976369172
56.82961025785632
54.69962291802403
54.83795309629011
52.872624369129056
57.34477460110577
53.54052848876154
54.49873591351672
56.69439825876634
54.823422656328944
57.541130731263024
54.869175905009456
49.97071636123985
51.21731323639516
51.50378393128001
51.82000928012644
53.264147391330425
52.39470334586349
55.92713139977184
57.019912201633474
56.61863160775886
55.32341195360402
57.29479314069647
55.15369920138198
51.95348054864928
51.250890940730955
52.33300498613562
52.16961867093062
50.69279146682985
53.157141241144274
52.09011492721849
49.29520556410222
50.976662777875845
54.873147806895304
57.268020368758826
58.68922236634194
60.71080832710775
57.597149475365725
58.34668547181361
57.943504334710305
64.17692838040777
59.97057644345179
54.87543070643676
53.68994340758925
60.240562772372506
62.59348084739094
61.303359479779225
64.15316138498582
62.1134163848618
61.27014455100735
61.81968425777527
58.81056772681952
59.46623867335235
63.18774075380216
62.860408740558995
63.273443336776836
59.64114581717905
60.487890476269605
59.23365325498957
56.368166502102774
58.91409166187256
55.64906086975706
54.07852844872921
52.55807340679473
52.593117948821245
52.1381785349001
52.95520282184932
49.72709005517831
50.4996253880253
51.36971379351403
51.4231337166991
53.97797624632784
53.84327171961348
48.66334513180868
53.16691086937532
47.3577153588617
48.69144263755402
53.06444389116166
61.7235926561958
59.7701858353814
56.11414183857715
56.77901640527986
63.39233391859127
73.59824456808191
73.30902530872606
75.1221061373386
76.10942650753134
82.08372233671001
81.47010994225343
82.82205442088502
84.6808008418123
85.70285608724001
87.62305894867771
82.01571483565613
85.59787445040223
86.72247607908305
87.30294569284229
86.54552175593494
87.44270141842446
83.86485437609372
83.20841182892309
84.37797717428953
68.37279201448541
69.0350723882143
78.2917934576808
83.52907917144799
83.9943484249396
82.02552607389241
80.28697716651426
83.46143637205259
82.2114089755986
82.20847076753898
80.50210915046364
77.87764373775383
69.89435475502205
67.41693760974204
68.00199480757647
66.5902545777634
66.1434540367377
64.54157941631979
63.12117898626252
63.86711474793424
62.52888213500728
64.02165333243352
67.80884466861835
65.06286728711757
76.02962339261603
77.28095553708795
79.90173029954519
81.33596982403878
77.18967924631983
75.96065281242204
75.10486057262575
74.31969405458288
73.258723892945
72.71988962046328
76.26538775368442
72.76595096630898
71.09511886100043
74.64875681416834
71.63692380592897
74.06109884875102
72.68233438346971
66.9609925429512
64.53599466234414
65.98050896331401
66.99988290129036
66.24613749347185
64.05082326557651
57.307090287632434
66.75106929837875
64.28392552930654
61.67076684183498
64.39658715282474
64.02346891158449
61.8827358872615
64.09780652212302
62.12237785008999
64.40189674593918
64.04327664799519
63.784618649108076
62.43683673269912
61.83810234869987
57.36200560878599
62.20349687489151
63.273786783614675
61.987807584679054
63.011093971565494
64.50058738433034
62.2545796853409
47.163262361563255
62.597120011147254
63.07110023136693
64.47181007791005
68.83858249799931
69.07190633330603
71.4443669610914
66.65657920032226
71.95744067195028
71.38540453896306
75.91428392998876
73.8272378856717
62.52617605628203
73.11946537457881
80.50550187920237
80.91580654595441
75.56422639121433
79.43888652861301
85.82956888723947
86.30727275584634
86.3754036610759
86.03802080273354
85.32284181960439
86.27105174523646
86.7602618537729
87.87969167239761
88.50475425956446
89.61162752005143
89.28704214631813
89.66352760885627
89.5001604015489
85.170780512281
84.7620809330192
84.67251913409314
81.76416807285159
88.90301948407705
88.80182576943253
88.19951310300985
86.37026881909101
85.41028227448098
88.33692116789835
87.11804057896676
79.36768639699783
77.9525415393997
81.15616171682632
76.93535663637068
75.46012530202029
77.21424534210495
79.60495645886922
76.41430176503144
74.85921464190251
77.1126135764374
76.25302522481613
76.29510579558941
74.74004891281074
74.19729268452757
73.89884288826025
73.57027240417142
72.15127856789466
70.70303126046372
71.30009467726393
70.4619004367309
69.33671947202686
67.65750291811446
67.24666279295624
67.20834546494723
66.3662504660615
65.63370081379799
68.52877739973331
65.56182359453408
63.97656778632313
64.41749107075623
62.03158410816195
61.43501397452906
61.37663438510869
59.67300376583534
59.62772328963297
57.61814809795344
57.0573066408614
55.87042919614464
57.01570798719392
56.24456560770301
55.46933015331601
57.388371472765385
57.020102652170515
55.58562827765444
55.86681460651079
54.0936368149072
53.69977690299697
46.370993730610195
45.59322208105969
49.97295714143249
52.31869325666521
52.91475072105196
45.53072337168544
42.933937040229466
42.00350261528513
48.26097305340307
50.744373295176416
51.415819778452864
56.53510094827562
58.38723770716478
58.668471852687496
59.205076440408845
62.95595475020798
72.35245844531903
71.7255208990313
72.22735307994367
74.24000001389686
72.92442365783654
73.0455142969239
74.71239363132122
77.43030616328758
78.50947365730508
83.27356966924482
86.16032788899679
80.94898165712198
79.57948852399238
84.61005079958636
84.10490093652015
85.46038077636399
87.90361973936206
89.13618259808413
88.75980397904686
88.40702109581491
89.30580114794817
80.98757108964514
86.25927571711725
83.46075089126407
89.69744298826413
94.76081070150448
93.75681935182784
89.84362641755732
90.14599558817847
92.63027922101128
90.95278738596652
89.2871415903491
86.37439452261879
88.88190770807343
87.97752625281234
87.5413759136631
85.5276700498955
86.19268311479244
84.40446681850337
82.24034219335869
81.46322840631788
81.9673330516309
82.27255824500091
80.23466417923143
80.88568545481758
76.71469294095783
75.31063421272354
70.43334613312369
72.94606040486991
77.70075521053174
74.11939600001494
75.56181402252159
74.84521398160862
76.96645123003624
77.1782354592372
78.41606436397686
76.61521998375783
74.0677927307529
70.53393242819425
70.88949489206334
70.61821354040148
74.37787224310412
72.66458769153331
72.54611530811735
73.12755196703358
73.71651975089472
73.25221655154574
67.89311908606709
69.04045479757343
67.2101915482114
65.54470524958361
63.57828727157104
61.08994158393892
61.37789513233268
62.271286733127425
61.86594969924127
63.041161859966365
59.77169787100389
57.69797933610458
55.93634700550088
54.90161077940221
55.526857639654885
55.842977727646456
58.65980257799595
53.50346624841551
54.402138154004
51.314915414183204
54.02269549682569
55.646019325679845
57.4828297608627
69.82063703328214
58.5975695588698
55.48744377497631
63.50277524101364
65.27559753451172
71.93792333513646
71.28313341765516
78.18115748093655
79.85941526285595
80.0796455795473
82.37412065521217
82.19393528263345
80.19007505129161
84.52631216617829
81.41034281984015
83.74997367167362
84.39122075433784
81.4675544366653
80.96596254616723
82.68266374739244
82.72033615101623
79.88669428934713
74.04516327084139
78.06268344337536
78.9547240373106
78.77673766229668
85.59303691409652
87.41414476951353
85.56040380745299
85.35667257757504
86.61157382523766
87.49184187799533
85.37826276425761
86.34834730644067
85.01420759424846
78.17748525258651
82.32128194185748
85.25556398581057
85.61534778246119
76.11218807830073
85.88661786719754
84.46995729672085
81.31895976281115
83.57579578909359
80.72222884644852
76.31802765666089
73.71724381601132
75.62662408638687
71.68408418059968
73.08187810144767
75.4842977134316
73.56722646516194
72.87905929202225
71.14835133849849
77.61045688357217
79.01622895631567
70.56469915000105
65.67604248519206
67.15412009442161
68.54552100359984
69.82834377581989
73.89337871136894
70.89240243904985
69.14548636511611
73.71430325234621
74.35989096166703
65.77940734703327
73.07005856562192
73.10350126089868
64.09867465854646
65.28694778237988
60.97992265423167
63.36417159094425
65.25322173561253
61.89652404864845
61.61587759833027
63.369100441830355
63.12148393450382
62.5270486877553
67.47481768865748
67.27232183529696
67.78675027017823
66.88088050939581
66.66713736350434
65.89253291511585
65.7776723505696
65.74572783304106
66.38984060837267
67.10523348689502
67.5011714281992
66.2463134607762
66.13842431010897
66.37166516679339
64.04512903406888
65.63922142795744
67.59812645704847
68.50433446287263
70.51230479538154
71.77787459333561
73.0196946850735
66.10448837425874
74.02871630963149
75.87754901804689
79.03052178294226
75.47673729387412
80.47378500748766
75.15376177615443
79.07277297675103
77.9243651727675
78.84572674886078
82.27826527935977
82.66821343165148
83.18604409748038
85.43070782467555
86.37828826307232
86.107181782103
85.29609547324266
84.62147853381703
82.48234072187529
87.16400833069218
85.10417384109735
83.97408426127888
77.59699399641313
84.14688101574119
85.77666824634585
74.8507481745811
74.59490145679753
73.23879657880161
73.90900704656119
69.71353137972976
71.55252370752487
76.09201370528024
77.5392402230656
83.4683987731272
82.15521811966909
80.8867920204217
80.68101994061405
80.36888316054035
79.91466078397215
79.04122418973452
77.4095912613532
77.26981727448243
77.2588443313066
76.83523014441639
72.5639467524446
70.96291167192048
72.05217841339761
76.3609856045793
76.62489598226333
77.0690190156871
76.13908939776047
77.15049835597536
75.61060212454191
72.94730256118933
74.2247069052672
70.05689781112899
74.01623013501661
68.20147752136502
71.0991923254017
73.77576425717646
72.84615426043072
73.37979247375276
72.8168276268473
73.18155042338904
71.1853311361298
71.5729229081544
72.47603880583961
71.2016280523905
69.95468072362729
66.83410821325234
73.24199314676481
67.67522642792665
67.70993609084942
64.88365767621542
60.582279676458555
60.320430377231126
65.68330464866526
68.2421184469155
65.31146113365841
66.96979189435615
64.66078662753709
64.41229478592726
65.506687580884
65.9728461991175
64.42540614535397
48.91055706408374
62.4209837527126
61.82148964296707
61.78798084303764
64.37957177557053
60.26227859780476
60.57126398667828
66.20944656797805
60.251190030976076
64.67524843380674
64.64623329485347
65.87986034787156
65.77578793953512
65.84167336893026
64.98541403480101
63.95558779154169
65.21304364799782
66.01378229795748
64.86633462916834
64.09491787818072
65.26055466442196
65.32781324359962
59.722875228513075
44.085357845775484
48.00125361323008
51.626242706681
52.85636004504942
55.85566056085019
53.10792280312314
58.5646214509613
63.342126746213516
61.96654269437914
62.4749857105741
69.53153390571447
61.85080025144893
64.29806606221146
64.2142416346307
66.51220272778099
68.5854515033362
62.05147650335722
63.32310756327272
63.530962916887205
66.98464695564164
67.45066336251553
68.07202051686902
59.12963737159917
58.938213606484766
60.563003573310525
58.78662888828934
61.14464035482752
56.044430094996734
59.91483937408311
69.87852002605786
69.07075090594691
69.2711895974837
68.64163865044537
69.90061105683793
70.12215159949668
69.89410229727855
69.12772437957862
68.92013221901409
69.06249121188078
69.27328665186955
69.19515068752689
69.79837057135916
69.6545138160478
69.18995811812948
69.4135105905149
68.59187699896165
67.5013905122963
67.9935497561055
68.36138833056759
68.76235618400116
69.08715896095794
68.37813169729147
67.5134408018747
67.41967444048159
66.29561851349304
66.53988469271874
67.64590411934665
67.81143882493245
65.39892736671231
52.20067202415529
56.65996839859756
65.45219778579444
64.76866793677142
64.48393114006993
62.39181848200548
60.556322561744594
61.70580702361717
59.8626303787139
61.4609649224577
63.21258618575683
60.71889857446851
60.60990758799242
63.2800767238357
60.49040163572525
63.661808258204324
61.18858183771359
58.93263487139939
63.75564222082377
63.91578465499896
62.61539857572549
62.47854060702573
63.042079865106196
62.42234721639812
63.317961058468185
63.054275681341224
60.44261487803726
61.106757179746886
63.98605066219761
63.26191214009245
57.50508721680262
55.33389822079221
59.30590913250554
62.7591531634616
61.29560840634816
52.57792646411508
49.95375651319958
55.582766870595755
57.40661210853502
60.22005032008745
57.855899310727516
59.375540993854926
62.13365314115656
59.58491520251631
64.74744033607314
57.897439426665144
68.50284158209993
68.59136407307865
69.78334119867137
68.57743232172481
67.75249688145936
66.86307488305258
68.85235743696612
67.10717354247237
67.4701453207707
67.98333597312654
67.60621455390988
68.64578109887549
68.5789135974394
67.44794941206624
68.83455102917455
68.22024381495439
68.75582162911394
68.42812399478328
70.32793422419184
69.19944851689903
69.74297674991351
69.43676394580069
70.63833113648701
73.34189746301695
72.42111145577906
71.16921477423841
68.332563959899
68.03265079919821
68.0934935695145
67.81994198174516
68.8961889381645
68.87205995493244
67.7115434839582
67.86886658574198
68.08346489650268
68.13526847977536
62.415399976225615
67.8341515544204
68.25775615769905
68.62314352770895
68.37984061793443
66.34021881712118
66.115325277946
66.19526863824878
65.79195611743893
64.58501719196835
65.422768581046
65.64973843012204
65.1276281808305
65.289545392235
66.5084386466623
64.79046631402437
56.91234474646952
56.98781212130822
60.60056998083493
59.18594068144854
57.42209751435633
60.07462545522776
61.61117946125671
58.78783013215737
60.35463041816297
57.5569205165719
62.843141478443904
62.27809050159644
62.873847642495164
62.56759117242741
62.40867045244737
62.61043958383373
62.416834491033086
60.51915220411947
58.574542699165704
60.76594460567753
61.69107552966855
59.837201695390945
60.92255723886035
61.64767304394818
70.92566519458198
73.42272420719085
74.61124745891928
64.1502164281884
68.68340630202704
68.09786589558621
77.49041807881285
80.05308624789271
80.36905920975416
79.94806420476193
79.3384148356043
86.45621571709917
84.53873326458549
81.69878357881453
85.95564542775523
89.56736397974346
89.28494027441512
88.92718338458673
88.27293427648452
84.98142511160049
85.95272643041706
86.3104089596065
86.3978841337082
88.01993875975468
89.41331607281538
89.68015152721753
87.66868303516165
88.93570115954596
88.51949153400373
87.95826081235649
88.34855218353691
86.96725997400887
87.14323656335438
86.06456447416824
85.19797457214867
86.66826858728557
84.94708464303721
83.37041107411923
84.73316809550752
84.72434843600723
85.12391172992855
82.65825043204457
81.84977898678775
80.57055971120404
79.30993782669364
79.07025962503383
77.6120786489866
77.83775033691504
77.19955749589235
76.93439776833912
77.34834757466754
75.640439387118
75.96661586834236
77.08251671958988
77.5717997569642
76.91689810079924
75.85725055578246
75.21663740079171
75.83070835321158
73.45315462088487
75.18272367705133
75.66478885430152
74.52327231873204
72.82695740868067
72.55159850618605
72.07109533981271
73.86544271300113
72.42597647303442
71.90525392504802
72.30974729575269
72.56904791802233
72.61073926366561
71.6398834062987
71.70608722639156
72.56738597997445
71.08162071569681
70.22287997364097
69.5079164393867
71.00098166177268
68.35501336651225
67.69519522320718
67.69073061120608
67.78982527312019
66.87890460141148
66.59689241137805
66.97656996485222
68.01566797756605
67.51085113914858
68.13406007534635
68.76761951812836
68.60331552348212
69.02996584542556
67.82036110116411
68.07745053792914
70.19588002947376
70.75356862402117
73.53506211950697
75.21542438038418
76.20216984507775
76.88602850492538
78.2655477447486
81.30523781821216
79.507757837553
81.2340943042866
75.74193942691845
75.50190213712341
74.96248330182343
74.35410010099166
73.08440372732534
68.3025749548595
69.38877371568734
64.90810668718036
65.861863073065
65.90662692632682
65.13415028284999
64.12889073915176
65.78002521529154
70.6032043207517
69.26571797848243
66.73589354074377
68.39080248980034
68.69561606216575
70.78113921619183
73.68670189955903
76.1600156479095
75.40579269729037
76.51594306856833
76.07749328482895
75.73162975370951
79.55225175603967
78.69780242321667
75.7578447873559
80.64425050331977
78.85973456003069
75.85155605535522
74.52732779555254
75.92025499592741
74.74520309410502
70.94805192952344
71.60252176073925
70.8218272519066
72.73219735450425
72.39262769756738
70.11981860992341
69.94269459077441
63.14324691052384
65.85473165753615
68.6982273964743
65.7564585568374
67.52342463644504
64.86197608267173
62.85189496095904
70.16251373819529
75.97958336047469
76.02942262764574
74.89296877761574
74.0328696407622
75.7221920714535
75.6868784874163
71.13988703945567
73.61582831419382
74.17538994223484
73.40893643238364
72.54444522486726
72.28068658171523
72.6433320934513
72.91545782002589
72.28498374220734
72.54714526906423
72.1183002454992
71.82735121118426
70.59789889499578
71.55655111846849
70.35410669422785
70.49027835456005
69.25106697371011
70.21100819387311
64.79827577746926
62.87844162400447
63.63237792619193
63.97257047272083
65.34334264978301
65.50107079551903
62.71607551113491
65.87221548538594
70.41934699685453
72.34210160400583
71.50223230670099
72.59738942150437
74.62671571266466
74.47669937341466
75.35185748346176
78.1584523410983
73.95188312854023
75.51235382312598
78.53035311913467
84.8470705065716
83.97338314694763
86.81936741748177
87.22423111991202
88.64220466351868
87.67986000471903
91.89693472050219
91.89441420718893
92.11139713017518
91.68405121044874
88.0851904089893
86.91682342607692
83.99344944771906
86.5601763814418
86.57437223824809
81.94507412814944
83.38060645568815
90.95156005904553
93.16183598979657
92.14799960887373
89.32192169069414
89.05413737781751
93.75142277600696
93.16510398770856
92.04232199788433
92.51480279634504
87.72185692086734
88.47126179643567
86.65005031947612
61.89922664470911
64.0060577042178
81.68182531902345
86.61535965240938
83.07232248373387
83.05130212431114
80.44508735584128
80.3404107279465
80.57344293648862
79.39264063598768
79.14616031387925
78.99906501206105
78.40929711580064
79.36873610295567
75.94817726830941
78.8518150775707
77.33032971731171
75.69638645241605
71.93816365305044
74.63451893152848
78.46775086275068
78.10699911430723
77.86395985469471
76.64017853504247
78.13333100521686
74.91847572311372
75.67688994065425
76.47045379966066
75.68486821099175
71.22571389921222
74.08877015820227
73.29323811029042
75.84594442379732
75.42693614503025
75.62222950728564
75.4092831432641
74.41870405024099
75.18312382645156
73.07405955133342
73.62621743302645
74.61798966521062
74.29337507781848
67.22305655644408
55.67329940034526
49.88649952004874
48.83628914732374
60.08232543743381
69.81755392350443
70.35999028553849
70.28829167006387
69.64588685176756
70.94731835161988
70.16144485694582
70.52140180912437
69.89075694970501
71.50750387583815
70.21731539251198
71.1754074302969
71.16090899214424
57.708172623181326
75.15994429280539
76.69437614901383
74.70951469655158
78.82365134500026
76.5278450389632
80.03448703026051
81.58273039982298
82.45048192676194
63.88512932819038
63.30355935804511
66.01856993625208
80.65967679012022
82.1287109118015
84.53250982771232
85.43213275133269
85.48349311426794
88.12711032684767
90.18888495079847
87.72754721558158
87.91278147209907
89.59736847671113
87.84925744195243
86.23971169822333
83.55895721268111
84.68722116617276
86.05138788628255
90.15460280173198
89.39269552550331
89.8985205518922
89.06937655874466
86.64922725617049
82.72214908234179
71.91318711005121
69.61311165072507
71.66538634651309
68.52113526928994
67.20807974448519
72.86348757240481
63.761911959587124
72.99911336619195
82.08920046782396
84.81038988156075
83.52601749862438
79.5866778327277
81.29195419854202
80.59028876331804
83.51459208544833
83.95672493722444
82.83482325929577
82.56924487112775
81.14975482269313
82.4930231965747
81.16197830607953
80.9626375840024
78.35334390639584
77.18178665332846
72.83039663134355
74.57686802018065
72.03717625270029
73.55049382884158
73.8215587952657
73.7711981176451
73.45678962481952
76.25075427896593
75.37421954467295
69.93008470341543
73.19420583589304
71.35665737632618
70.54977396227956
68.12098928871146
69.88782098979394
73.28751392073298
74.56360282051618
69.94397530285346
71.40428526857956
72.31901471104527
67.84349425032676
70.71095197398128
72.16755519721474
69.56592882426976
71.07529420065836
70.57253595553686
70.50513483823502
66.00010023511857
66.2478991305755
64.93080766120067
65.234381529649
68.57799214452439
63.38381579026816
66.56437922801273
64.60171390668293
70.10283740574327
65.90598761242404
67.6900726404383
71.75341135047587
73.57088613807451
74.28565405715256
75.0824362337882
77.01813830173802
78.91909486219984
80.1331980426499
81.21409868038651
79.34039542281528
69.84878722805988
86.30635535656808
85.74077788097756
85.8527401739971
86.85687960366074
88.34657464312086
91.46573801115423
90.37192851315245
90.54162820932166
87.97901433292047
86.6186038560621
87.13172848373083
88.26258466349287
88.94953575188414
88.79838527423607
82.55291528581527
84.09695009159869
86.01430800319784
88.05355094020302
89.33998911727576
88.43658101204369
87.27276268135033
89.64635230163266
84.0413197057157
78.51365370003066
76.811431435001
88.32220188159738
89.0121272753982
89.63828631820391
84.39938177317842
89.64248521946232
88.33808695700282
86.9768762970046
89.1522950412876
89.06905647238489
85.99320553472873
85.39049331596321
84.24520332167933
85.89274139245964
85.54039370829645
82.20934346263589
81.2851778899498
81.67853887867336
81.07930997659379
81.8635744419636
81.09386901689122
82.33883886612068
79.7519884595575
80.69398076610028
80.06132917628261
79.29359494693563
79.46062322531283
78.33098381673781
77.00796889814116
76.90068200591598
75.05724885269458
77.69994168334567
77.8826501348698
73.87687546044886
76.76266772188481
76.10165997342587
74.32681889448861
74.79968467842835
74.25678633768877
76.79858920419113
74.42108298615295
73.6281229218258
73.35127623844122
74.38033251098126
72.84987751711571
70.17294048412847
72.02138680749033
71.97837064935628
70.07026932892256
71.98536789023998
71.02905340265431
69.32692315466396
69.59196485328599
69.96767113263576
70.05211335283286
70.1303653871392
69.531923071404
69.95020850208603
68.524248132272
68.50468288840392
67.75849411812291
68.59116548132542
67.89101544924269
68.74318389194516
68.23676193480813
68.49737681787546
67.23819768158327
63.02647357697992
63.98087986351907
70.8934119474871
69.71635765827754
71.25222312255035
73.1542985497172
73.50414993781256
72.6943694649438
73.61231238514318
73.74687077341557
72.78498948818978
74.9132515020694
74.8073653137516
74.16591414591991
74.31818989627621
75.59535068237204
76.07286715627319
75.58520492634504
75.81097055685751
74.02286476684876
75.23739932074422
74.82878583009195
75.55769287715685
76.55735593246604
75.58418730443978
76.21863071289474
74.32044625980359
75.91957143534968
76.9247733525364
76.28522202100484
77.049531421287
78.22541593285086
77.02836503006034
75.38813606406211
76.12824135593448
75.79248118495931
71.7292620782156
72.89153676625897
76.25060705260263
76.22884283821749
77.45038980377048
75.07803548829537
74.9203334558864
73.60127166261705
74.4994501127109
76.17415262397114
76.34066524526106
76.47279904292768
77.23300823041521
76.91918598912433
76.06410513522802
75.36244021675783
75.50873428018652
76.01831847270186
75.06406837529089
71.561579674468
72.22871975035994
71.94200765436636
68.16792927424376
64.52381515315946
65.54352246342182
67.10928495593835
63.52185388714363
66.19745364878348
69.07934440018732
69.05696877380623
64.00911563983838
65.82056878904162
67.25446826646044
63.14317971276659
61.55491827598947
69.43269200666288
66.52348955508269
61.302413136391166
59.24955727386741
59.789394838873626
61.83672949470591
66.23388480661905
60.41466508680966
59.65816574608915
59.38112609679631
60.10910784569351
59.46503367110416
61.68430631905979
63.69955579699283
61.77418077034276
61.59601193644551
0.1629077847806002
116.36832074338082
91.15835493077078
86.79353141501451
86.67679988988364
84.78103722498744
83.7856814049158
90.00525928031536
90.70725765446359
88.62591072708429
88.41391120253016
89.3976277524641
87.87672258821513
87.33161737908624
85.26512050413795
84.83260751251183
84.17982388857972
83.82395093133425
81.69572201461736
81.69390999968101
78.74050818630268
79.6633375093021
81.24942576148776
80.69035484125234
77.37779352744907
77.641590595481
76.28279747817285
77.87510367551127
78.538823592848
79.87457779757779
80.31958700507214
79.25771979061435
78.96570961117564
83.72985499698888
84.80739471271212
83.76905571809664
79.02500542134898
84.5381181620211
83.52132937956327
81.6784139390546
79.27989623817504
81.15796156660377
80.28188116542387
76.33710920645923
73.1039288954994
77.43565563463963
76.62538223268734
76.00379607564719
76.27664040048998
71.61593490385468
70.89072516745074
70.93675883753346
68.43418027867551
69.2583600915674
71.00647910549259
69.07674743708179
64.65319883155075
66.63286706083905
68.46230386645337
68.21832220742517
70.6491872047202
64.00205486988432
65.70683694834167
67.40970386006313
71.34650156445468
72.85827918273026
69.54975601896578
75.5713278861515
77.50503299504827
77.18916788604511
80.79168124963886
82.40473772296295
77.34908722200005
79.35210289857335
84.7081665033351
84.95860927190773
87.20110894849032
86.76698270253979
89.44777641607602
88.78885059180286
91.39425468445057
91.06668116057615
92.60649633354203
87.3635512454292
88.34431741773429
88.53821646154907
88.4415862407321
88.48573886420546
88.50800926280391
90.14506276855963
90.44797934980048
91.0089720306557
91.86891396165782
93.46818285517934
94.83163432287999
92.5987180774028
94.29881584500123
94.40966448857495
93.87639086840838
92.98042441772814
92.95345071090922
92.34465505971869
90.02152426342829
91.26794397249037
90.81784659823359
89.69808956269169
88.18100153257546
88.65571882816727
87.27116156430044
85.26293766982955
88.57046454156868
85.91110344462788
86.21276792559843
86.01594005354818
80.80795385647139
82.06013383684747
83.29887861759913
84.30340122319504
84.55488400198679
81.0797881779683
78.61690925778328
81.43286660849652
81.84375253714482
81.12329620409088
77.55891308714799
77.80141686469011
78.55166420262887
78.83970462780827
77.26091430264626
75.43675438123222
77.52909556871
72.74004483104507
75.8499372775715
75.68414750708789
78.11550458284273
78.97217856814719
76.8203679781313
74.51503567881323
74.12519980480079
73.36415178451006
77.00621413264189
74.08023298710987
75.2463979052419
77.07354474325109
75.90193991519308
75.69290907812506
73.26308676031977
71.9635699846099
72.64259728907038
71.66628871575898
74.04564082089561
73.51664080905395
72.22561914805407
72.41187371420361
72.92006042100581
71.14920419411341
73.41149166906494
73.07341738588161
73.90168594609656
75.07804022596326
73.93932829326423
75.92996058090878
76.14886320956502
74.37185582350281
74.28269362314589
78.82732028546238
84.40445571458339
84.04108898623775
84.400305100006
86.20226317680685
87.57255059928394
89.34536072036329
89.61827853807769
91.1194441479227
91.24552832338898
92.56602897129108
93.10661002086303
92.22962178140641
93.13591431885496
91.97036788676321
90.94124576195256
91.82406010497631
91.47245593552061
91.22128548465327
92.33910097825196
87.07482638640035
89.16910971142838
85.77232140280688
82.99208654056991
84.31070934446984
83.81568209442773
89.60454893327993
90.6942153189968
91.5411517400954
88.69085381153701
90.50698845033853
91.91052677665743
92.953099384993
91.06487959982745
88.79808977281778
89.06353518225046
91.20210376117629
94.7705813248333
102.29258035169877
103.94527991917376
104.12848415628238
102.9249606080823
94.33022195381136
85.20056242889697
85.35595444848218
85.91823181130582
86.24203871327745
84.8421845544429
83.51591279973366
83.48101275504925
82.55474535768985
82.26073809333877
82.15847049769467
81.68949703759331
80.99527100828459
80.42377021352443
79.91058493077465
79.97149022805536
79.297237357084
79.30315461122949
79.51933390958803
78.54945278929523
76.28867193082482
77.66327866475115
74.81737418925462
77.45148634184892
75.16191252860122
76.25181625106336
77.02213987615082
75.35994124790318
76.86555035821888
75.53788434853539
75.84888187150392
74.27441331282833
74.08342585880338
72.72948623609356
73.61612192763877
73.16098694070524
72.1405901674301
70.31031735897133
68.18070507748652
68.64612307840068
72.44038872470827
71.2719284887378
73.1187311803408
72.49409402502727
72.74417457218794
71.58081457593164
72.74150857529469
73.8857901510828
50.10101045041972
72.93994883052414
71.62896564620831
68.0537470400428
76.0344134128024
68.847422046648
80.72365407214053
80.13877394555145
80.37661792949758
81.19154883654836
84.84603795490445
81.47993604778063
80.55734626593409
85.63993244193601
82.29544429528988
81.4811904204133
83.51549834311291
84.75487450015287
84.41094895611229
86.05226176338263
87.08666062583023
85.27639540267594
83.2950968326208
82.44079073090073
84.0283844783078
84.42730939198273
86.80547450593056
86.23181154950196
84.52534316673098
83.54594655128038
80.28884763494435
83.07952548784459
79.86669065138588
82.46051431942163
80.18581108551008
79.17262984282328
78.32008976231855
81.01008986910398
86.93031256418917
85.459723411547
87.82830255991544
85.68348201471463
87.86424586057284
87.40777430673242
81.03521082666305
85.73193632563436
86.85342974146207
85.38169437657285
81.10986512653844
79.3449992032795
82.9439671407377
78.89037778962937
79.65266719294922
80.75789288385525
80.1909986636513
81.13978108260018
79.69892783381178
76.86019956320143
80.41998101556715
78.68297352064671
78.36811832288114
78.63024834661678
79.0726423868395
79.63977457672605
71.99965961330658
77.18061275815062
79.96027417064641
77.84465688041055
76.19890692126864
68.71350564369635
71.14477711550359
68.97163704893364
69.85028990144252
68.3279987489777
68.07067937566745
69.02312340988165
67.33394577593926
65.00175513059307
66.76883859626268
63.0708494451348
67.6808066629269
65.5640681778022
63.64383394599287
64.00454767364555
64.45010110647632
61.75172329355429
62.29579102892667
58.65045488671716
57.09833256820546
58.393198615952706
59.080557425406475
58.48723773506959
57.75694244984484
59.62070794612916
57.471105716627875
61.724684472062044
58.425071521553775
56.05523416332015
61.514895846986406
60.87857811080169
62.375599755786155
58.68457140522483
64.3871061954988
71.42869053919033
66.38055056035743
67.23729587292326
71.70229058981207
70.85953075253009
72.85186324000551
74.19735675985895
74.75670023062385
75.54117970116008
77.43352938183605
80.95511866209782
76.848374466892
79.59083858659184
74.51615072634107
81.72828016327128
79.72274744908579
80.86097114492523
79.12350028942467
77.16124788652789
81.74682046973254
82.21765413634424
81.48220060428952
70.28665061981857
70.239893534883
72.61618397326538
77.71853713114217
75.03965050268951
70.91766987021533
70.91655411045143
78.34894222689702
75.25756047135033
72.73035603495327
74.93041488908699
71.88089662111335
69.29232402251202
67.31871043613741
68.82453446413638
65.50039081713157
66.25694988962813
68.3474389457067
66.63415526605678
66.90188933578003
65.15863449543383
64.79341063374798
64.14531309985847
64.42593233617083
63.54397339516558
62.069819034055655
61.799108392954686
60.34864894673213
63.59041172368941
60.32777434772559
60.675861561899424
59.969202967188984
58.322652823217844
59.785829031605566
60.854038657864585
59.94931437760636
59.18697831312808
61.182843620189544
59.081458575502566
59.72728159237849
57.97911436340082
57.55525341373296
57.29129698693926
57.138645751886095
56.74220915698612
56.820787898063834
54.966599746346446
54.72106859844542
54.824586013609846
59.47840919887454
58.92654309382984
58.631244453042996
59.258840815944744
55.41661564127331
56.011184096599834
54.703528930598765
53.1479758294511
55.25349168671011
56.70145374376259
58.021271943885964
56.71523525597994
53.06981754139755
57.93571932012002
56.70442193450701
57.498131155130366
56.62270158487182
57.960482929910505
57.95115970015464
58.98321691840217
58.717185441200314
56.810081249063835
55.846120303359825
57.63805422186003
61.10858922108425
59.54216221848385
59.03563204390414
60.39704812766535
59.84428844920099
58.94804168564807
62.65253574725807
60.18465063252096
60.139545859776725
60.113137559569225
63.01539074224185
61.75294429599648
63.20254657846884
61.7282483077736
65.67503679201629
64.44635995773618
63.77812183485588
60.738620738666604
61.795082949043845
63.99848739949363
64.19348577499042
64.96549007942697
66.47071117942681
63.915191645823526
65.20035347425868
64.23458978620485
63.3785065902337
61.49656147680074
61.528953687286176
63.83727347634359
66.28053320589598
63.965569762088414
63.39075221332229
64.29029355418626
64.7303881360185
63.44827236177895
63.661657057518624
65.34046662005969
67.00119453752149
63.20991235841001
65.49989026496908
62.87987612422789
64.98978224150099
62.51579545807281
61.86450996907326
64.15006384697499
62.76818947353352
61.841428966800585
61.01597778030373
60.90552781071526
61.54003586131586
61.73901421279598
59.26236843020351
61.9412124803659
63.59718595664644
59.38738144874587
58.72978957854599
61.580110420017505
62.17020683459713
59.64945016205763
61.38284474658419
64.67401404138596
57.534815580457526
57.844093238041516
60.39248543366682
60.58690568766963
59.373948199732126
58.93244073607501
59.85253435909368
60.39024429931362
61.80363923230757
58.6405037794365
55.73009889697318
56.436511561444945
56.12497356096594
54.85607849125893
53.503928321563414
57.10805267904181
55.298743836603734
54.00309183718305
53.78427379179493
57.03228218341747
54.50791221251791
55.05677757494959
52.781227685243266
53.07783985979498
54.66409987996203
51.433595418529116
54.03729320145999
51.647912140419635
52.94581386840537
52.03163726187836
52.135733770675984
51.94268394993707
53.733585203126154
53.04378658946359
52.458354945810015
54.059396164438226
57.46946460553454
55.6693016276505
53.91427987941438
55.25078467603215
56.919036601681725
54.67061870494596
53.94887535825853
57.021189979260946
55.517786635970374
57.17366209658653
55.29171673537511
58.096435020304455
60.26765024787458
58.062989363710436
58.48996948257244
58.11416304209717
58.35233185614792
57.460197163811195
58.665886647503434
56.92402055322941
57.52320108713197
56.68611447282171
56.58566174487872
58.0612425106248
58.86536868859217
59.53447071892272
59.443201523078464
58.82611677269036
60.984494378433666
61.19111929961409
60.99134771090439
59.74715762421638
61.18030774097541
63.07598423362989
60.80554053910398
60.96230446434111
60.74918138356782
60.15904873017481
57.62176569924214
57.882798048022714
62.55279757510193
59.21230286834001
61.37640182873082
57.12555954550691
61.150883908617
61.26763514598059
58.12883444787206
59.22660352288667
61.12587503623124
59.999379272556126
62.092833237197716
59.57926647766041
59.629011761115
61.071623469245665
57.355369372059506
59.556921040698576
59.569073147329945
58.09072427359536
57.04046609040005
60.627861280279866
55.655823882759435
60.55849964827644
55.98945651360202
58.72521288114906
57.94173227811848
56.53926870069961
55.01816433181659
57.7182858645931
52.42447090736857
54.373262484405814
54.16581536928388
53.96122449505182
53.562666306803905
54.12561251252319
54.08227829186683
52.62806337598747
53.885604634824276
52.004671738158706
51.665876570828694
51.78510919629405
51.780981921919775
53.10892858874148
52.832422694941
55.480821329281916
52.45979782022177
54.73131389910776
53.22953633887141
51.77345515878767
53.00125217004438
55.22891589102801
53.92150059066444
56.72952880320872
58.449533472068275
61.16141863801467
58.99174630663101
60.2569943409
62.808378750589476
63.482711083609416
63.79379852448667
65.06471818019745
59.97587494470776
55.04301232621772
53.72974567793225
57.35853298772293
58.69155326505109
57.581493899517994
60.64486698301425
60.53279520305774
61.13179199499562
62.13562233557
63.022043034372
62.877605831476444
62.417176403936836
63.81433394517516
61.11605924711735
62.36229217691898
61.90300765904497
62.33438264477887
60.938844074429234
65.06726552061392
64.3406583668851
68.60527424815132
68.67196494645677
67.95057503387
66.18992831645556
66.57566791010291
68.39514436376291
66.9543716984579
63.11878529157795
62.880697731146626
62.0115777956487
60.820224308633726
59.997538001404045
62.500517908948765
59.57510097009105
59.647703229180905
61.64074977708727
60.22483749019879
59.713016728290164
61.65496162178455
59.10364927826225
57.22383883569808
59.205583400574156
61.09584268323771
54.76014128591969
55.002786586401804
51.691705942884504
54.34413375574403
55.02367518840785
52.719918968168884
52.74026159337242
51.15253787894074
49.71633451415287
51.123247766031426
53.666755536349676
51.76840941986272
56.8643554861021
58.04114640332555
56.71584142575601
57.587839440569006
56.26555344311374
53.35196753589652
54.89363575946716
53.982677641772284
53.56194312805145
52.099427361655465
51.846495685265324
51.412895321801265
49.21227314925471
50.10369547194783
47.79634696540004
49.88693401544335
48.16651191212051
47.70312288773968
47.78299117340563
47.21542643422321
46.92630576238649
46.13110418729237
48.12943178326087
47.32573138656555
45.89056258419611
45.87048649413769
47.352013569207635
48.43723822183949
47.836917602582616
48.72670657200422
49.38235250048719
50.62456071766221
50.5591279353307
51.477036812211246
53.67560240263371
56.24403148546795
55.76371013596784
57.30501211031328
61.21994050909692
62.15047600423616
64.08382341137936
64.6972657785474
64.96222001533427
63.69007888190862
60.56259589704189
61.34094685901311
62.31917215093891
64.15471024685445
62.391580619415805
57.85270379170942
61.881817083642716
62.19987463198199
62.83118843551514
62.38911880153306
61.57688068407464
61.15144626372222
62.53645474690675
59.62165601137545
63.53439529293926
62.1203912594101
57.017199412303896
60.663690469940065
60.48611036498829
63.73743250686843
65.51470773140193
61.50222494223978
61.02826435937215
60.6886137551306
60.729130009754954
62.06504540016107
62.29178038649028
62.26340158927223
63.10754501106145
62.50823004162608
57.0669712940381
58.11048967661504
58.28388806966154
57.84493034419311
58.12311820230489
58.81568007523689
56.53421915816917
56.61192233603928
55.125218106465475
56.57780574116298
54.11454377818571
53.913331353555
55.55477815185369
57.31522671990634
56.32145064139006
56.24577691471346
55.87769579254311
54.61074034122517
54.54933504601036
53.330177925003476
53.77764245632223
53.031432738796234
51.32348079489216
52.1743378852735
51.99497407089579
52.17400225256708
51.40584329437963
50.456994122191766
50.47083084427851
50.6305871524662
49.67180348157085
49.59528260403988
52.205840526361555
51.37725237181701
49.799008414435775
50.410551689512545
48.40352690008444
50.22207192690601
48.611544248452425
47.84599199498232
47.69186761918593
48.091529032103054
47.74601455534798
47.251588814215275
48.006357615826936
46.7318358643051
43.929942828902426
45.459798344766796
47.53268910602105
48.48782524768683
48.301142421238524
48.523212440620114
47.827268132361155
46.99363824983919
47.72325032545978
51.488516025809375
49.5346300185486
50.468974544391905
51.90800310565038
56.545834657318885
57.7003112460952
59.82645673193477
62.96460327716427
60.08379538901064
58.322528539440285
58.067610802300855
58.14956532365138
58.181512830611254
58.90226676319143
62.16467214254715
65.78511641423486
65.987130608844
65.91219580507406
66.39532527606055
66.92517152401157
68.67294845533603
67.37998457027453
66.93236101943555
66.39837470570808
68.26311669904476
67.11926696783965
62.906808631393005
64.1285572371675
64.7283563464668
64.03656210481518
63.63108909149995
61.70422556439602
61.43406612023969
61.39514357506691
60.807841049093994
60.971563754768766
64.70276941598401
65.41256185279707
65.29595223634315
62.27340726879477
62.80157746418131
62.023309699969374
62.2550724801322
60.98553261909726
60.3373283513539
60.767313523510516
61.90379324059507
61.48634942902887
60.82741715489982
61.24187883082184
59.81631466137944
58.947760818236645
60.517161566472986
59.051952566946774
59.119255552658096
59.89476749630196
57.98595762235831
57.271293409249694
57.572554677569016
56.89666842042308
55.985874762657794
57.24359745572016
56.69951079802442
55.47059165552263
54.103728369008735
54.973394910275445
54.98999514666458
53.64170422540168
52.9134502692616
51.82978245819322
50.02145926472789
50.22764750604449
50.249233557855774
50.135314280084344
49.80724091253187
45.80518006261258
45.69461900034372
45.16226556027814
46.62492408851665
46.73967951141617
46.22260124324655
44.97736075348061
42.81643553318519
42.96881177986918
42.68844540163067
42.44034904031377
43.465260013920265
43.08607075860311
42.94382398632092
43.178298142323456
44.43898899081455
44.42634941107656
45.19560248275229
47.218193794065314
47.19634995162457
48.196835500061674
48.72207060207373
51.64459477288606
51.34771730071993
50.0187659773143
50.68152213620652
52.77005264541457
53.04082899409596
54.98346778799739
56.293779026733915
55.88626616585185
58.16823373828549
61.57841546309275
62.45448487081797
62.099357706748066
62.93513831449072
65.05232241877385
66.34546187710369
68.53154134737426
69.43667882198986
68.70943203011943
70.04274444535434
67.28080431874676
66.32023103741443
71.82430204190992
79.14779602135087
80.49233550732372
82.34180198029438
83.11132690348614
80.03160478743521
80.15376423652928
77.1901738202171
77.19966085545369
78.1467347550218
76.3318286996874
75.79486720218898
78.56221387786134
70.63945591472225
69.70743044833011
70.99657592031372
70.83851624349143
78.02862850986571
80.35464232677555
83.06345518803236
84.30186381552824
81.38141887693257
81.47833275359227
82.33698670694184
84.06978206972906
79.77053040135374
75.52224085122785
76.12652462643484
76.91554575717183
76.44527193705724
71.87684675533598
76.9833850277247
79.64857949846082
75.99573935815101
80.22675030613006
80.08507522206689
78.81639227037192
76.74320497764842
76.60085350250051
76.81876979529682
77.64902816546413
74.17056199957261
74.88402445394834
67.72684909984989
73.37385041147935
69.45207423002587
68.60665085249022
71.43726287459454
69.70646840794731
69.67049444809928
70.09490396001027
67.82053206641464
68.4128261852654
68.25696934990776
68.29131501494032
69.03546282959059
67.01909998808335
68.46998177518607
67.99573414703889
66.80711314435578
67.1405764546412
68.0726030188565
65.62278608058566
67.17600246070376
66.65719296470138
65.77671597527598
64.72503153088402
65.07497371210582
65.86430055172461
65.27367920366282
63.77680521614741
63.952557347742896
65.08766228405399
65.5862104249679
67.91273220930216
68.20112968485384
71.22729308532624
70.38773780743006
67.66322856469712
70.14672956536089
68.87312975809564
64.12943607515089
56.98134628832042
56.53142870986741
58.26850118024239
58.294368087047644
58.11601058525075
58.59978932095525
59.94717146412165
62.188756295358736
62.231074909955694
66.10061060427289
66.28002161444286
63.98813795363263
65.65448052597469
60.81173192231164
59.20314914798912
58.497844363362525
62.644487355171286
61.716849587943805
61.44162773202831
61.11474109003166
69.92902251392194
73.7201323377422
74.04688930721687
74.87178412285715
74.66125589086226
74.57479977621671
73.83414601577029
74.26476884829921
73.43649981652553
73.27745096031892
70.45069959732061
71.11122688129166
70.24608275011617
71.28984500335235
70.45364461485966
68.61131992883233
70.2392775985669
69.06327788941417
68.37329349915723
67.89441540421511
68.67856670509138
67.76020461976607
67.65765914921029
69.24700861996337
68.59457704100797
67.15381842519122
66.83916083622333
66.0609698956932
68.65582666880913
67.27765393361938
66.3200794116151
67.8933214171191
67.32639673426989
68.03678627769247
67.89528280260446
66.77957707653427
67.93540603142569
66.91704888663833
60.675969548085085
64.3672836381427
64.43623750419385
62.87456021794308
62.282713914406045
60.60444603303794
61.14970534395559
61.28238627180795
60.84253081002987
60.134541697050885
58.127281001755065
59.24039805719071
61.355802888066684
59.75890673832448
58.74229258082512
59.92226769739979
59.06630654853246
59.05644649008203
59.83867965405153
59.2278045792167
58.78339082338606
58.507037350625325
57.90627170586512
57.857465713351424
57.78048279968427
57.770578508583036
57.54380401959475
57.320163037715346
55.96050260198321
57.02450365345004
58.17568958626574
58.75161705413527
58.5379857219732
59.70473310470038
59.40705981955182
59.16914952991226
60.141895161061896
60.693378907767965
60.876974909611754
61.68056152413356
60.94166516003432
61.49432066940717
61.28086023283547
63.534577836476885
62.28945592544807
62.66939907893708
62.48799030530451
67.30062193955634
67.8523285979939
67.20869187458183
65.5288239050548
65.22686621907542
65.87681901731646
65.69511406764883
66.02605172789663
65.68933466141482
67.41408017948358
63.383290396033935
62.12097795030388
64.57190104296618
64.50601000433727
70.5388791434173
74.54762472384141
73.78224900721429
69.49240716453617
72.63690461788522
68.44760067987491
69.9321321710216
69.45117320601796
70.5516065938461
70.66673618154869
69.46725529060072
68.75357859996018
70.14141495074786
67.74314750470127
69.62888897245938
66.97479627341424
69.82536416403428
71.59476373853717
69.35114228323107
68.0051966625079
66.44661013694395
64.66266955211907
62.2243315076921
65.13089739936392
62.88897879304405
66.97154018297164
65.06094484197413
68.9716002797465
64.62264247176478
66.66828852399158
64.12466185432484
65.61608241420868
66.69409861614099
68.74600983332257
66.74566030692884
63.617090317908946
64.95862381944085
65.59715704849543
62.51922994342709
62.04217453675953
61.42406803743448
61.799836527902684
62.09507828141538
59.20745164165583
60.038310557262996
54.4843879689495
52.1041110604979
48.8235138784656
50.01906181925311
52.189788512371344
55.757792718615654
52.98348891363911
51.81001859861088
51.16702861991776
50.89190301231025
50.10940902368404
47.900367782791534
47.616482416394774
48.52693981930588
49.879118413711694
51.3338965845204
49.50980128779588
47.31862301459023
50.597576047772236
49.70279489436052
50.171767079796844
52.75862243354288
53.795780065939766
52.85157722591089
54.55767601983962
53.254221004600936
53.440968470758094
52.88354170369053
53.35521592609023
56.406208465423425
56.18957616226433
57.94089787569358
55.581547439573995
59.009324190525255
57.99651618235818
55.97681683600991
54.08490051197019
57.68548532997061
56.73649095550478
58.247827587395314
58.35688495400719
59.94963324467532
59.3439949997107
56.00797521702161
54.60685442176909
57.54339506431681
57.4299101542637
55.98903118233521
57.16735517113164
56.7754544216061
54.815524766916695
54.095416974014384
55.5524041350961
52.360758874167416
53.679536809344334
55.6768366701949
57.88694036441895
60.624882447475635
59.372129444220164
57.045755500453836
58.55317278717222
54.67890043567506
55.802168475661425
56.13472730016309
54.46527019313815
54.59513901379072
55.36914178541089
57.30363259471549
58.53666824971255
57.131344499114476
55.865426817921595
57.49242311305833
59.05285423238718
60.86699710684986
57.50687859596274
56.461275416939216
56.30823799847449
60.056724208799714
58.38405957701219
59.21286799306889
56.02823786171104
57.50954908751703
56.23022341715685
56.687921112063414
56.65331665328986
55.109178520523756
56.24829722161451
54.89973812173071
56.18845440233691
54.464769986653664
55.47206075413247
53.94216671079221
51.54329349727185
47.13474514107728
46.96189035086596
49.11077680251108
53.44093175130978
53.707722537247996
51.51152357902532
49.157782239902446
46.21586751051197
48.3584763232205
47.63242792864955
45.95973972405008
47.91917115002502
48.77873529041017
47.575107209292696
46.145709126215706
46.04688401203737
48.35094855752186
48.9040441595364
48.42731445622587
49.0572000072782
49.17037628486787
53.020511296955235
54.12747845826304
56.893467953833444
57.14483455039113
62.440633340017776
62.85234555347866
61.28109376689049
62.08606008500995
63.003813504572484
63.50887820760925
66.27932902975277
63.562035136659006
61.815203333240504
63.63309980367202
66.27465034772374
65.85006333709791
64.24498923241569
65.13345710273472
68.03333859284521
66.53151920712709
66.09361356728078
69.11665520539425
70.90188280665222
72.81027945621824
70.81328612926457
70.21018104054056
69.21072934771676
71.85914358438436
73.79320105029062
71.89518468321063
68.99010499564528
67.49103046549482
69.11050720423023
67.34476716789582
66.37526017166732
68.72494421630087
65.64605608175626
64.39814703508762
63.55768824126273
66.13948216857132
67.19763399055552
69.04111745142067
66.50540527108174
65.09884986233494
65.69232159391504
63.27838023129795
67.60279330993704
70.62495017745987
66.51312449631328
68.59591773116448
64.79094631554435
62.477414997274565
65.89263362066674
59.74363289186833
58.32025799187682
61.235611136455454
58.882205625540564
57.62143107936862
58.14919667908451
58.864855228209066
56.935909381184764
56.93523556404169
56.99039398207287
57.755544419894484
58.729813348973146
60.142336247287744
59.734061071167126
62.92154380912707
63.38260793967166
65.9203611885224
67.75444825533893
68.84692315683512
69.753501526095
65.14871599943643
61.5219675838479
60.1286611606447
63.68294812321827
63.3096403927551
62.04175416402503
60.93324155688316
61.983752199508714
58.708421647926016
57.66548367816917
59.33338634077768
54.63510324220688
52.07925608118226
51.01160468618709
54.67233579731867
53.64914655179445
55.2958406797477
56.016744720071415
53.30506067999818
52.420291247034356
53.90930661430534
56.31469961438872
58.59284607924031
58.35325016681219
60.38764439271688
62.165657865286164
60.721258678785176
59.4323915144542
61.58417344492555
59.05445933519143
62.85069550735783
61.92041289949077
63.07314090574119
72.1360046681722
71.24089308825342
76.31309691842887
81.72274524331812
77.16058514218498
76.37667229228626
78.10467038917156
80.40887836147455
81.42401397636193
80.36387547588676
79.88149501175792
83.04413772118582
85.35473730162728
85.02963056001424
83.58630307798607
85.19496305472475
80.42436097476042
75.9262588190933
81.11581144493778
82.48667337405536
81.26009351533227
76.08230943641628
76.10598235164018
75.83570415249396
75.1451133435524
75.92432042699079
77.83805546035133
79.52727479450346
81.85461279117385
79.20681948145845
76.9952358018503
79.61259895421348
75.35844467390858
71.5890870338367
71.51575339594993
72.80533139837587
74.95161190465981
74.83520907739546
72.33418662504211
70.58217324067249
72.02077759812546
75.44503379150869
74.35455680886297
73.42400326637676
69.76517015878915
70.33226662610083
67.7477707743202
69.70400282100752
71.18172178051736
64.64053744207277
62.823471118734936
61.88121323374601
61.08205417556742
60.84114223310668
60.57718614436926
63.36460615005976
63.96420597725509
61.20443103114279
56.70609851913371
56.76898400538872
58.64592194217769
56.6349451706399
57.36872816998582
56.69619342860801
56.35577551802797
56.94196020559638
55.897118359025036
55.031610890338065
55.474263085655
53.40745419419502
55.55059701212619
54.65522233726993
54.98309452207922
54.23142698857605
54.14233012474927
53.55153560497858
53.2447612044093
51.74408642518563
50.87323289310882
50.51649260708597
49.70093393480738
51.09557017607199
51.55483799579849
52.33884513281487
54.09793365902071
54.22865331025954
54.97648432980075
57.12207224605389
57.053764913771104
58.57033041215561
59.26143506548346
60.796911984767924
64.21508672431065
63.54555840340592
65.17407904029625
68.97781552937695
71.82647257950745
70.41460617110485
69.31655407279187
68.93452468635684
69.21170288059523
66.8360813720754
68.78351805548209
67.59175447591548
68.51146395916965
65.99426398517515
67.0801073954211
67.71220163349756
71.00636336804303
73.4554846958219
72.93766215135182
70.05751499295363
81.33484108577609
80.28404388018433
82.53089879747883
82.85165657048286
79.47639736404662
81.1761554421122
80.84862086873537
77.2176169305471
73.21832091134429
75.47071257886424
75.12939141559829
77.55655170188139
78.01575457746318
78.2403685369792
75.5133988459077
73.66561109354936
69.63828072805921
70.77894479208715
67.77398602116855
68.14504433293928
65.73467600221244
66.73614652558103
67.04660173236351
66.91759873719596
67.8837712528278
67.75392096434466
67.79552129656473
66.36715341552964
66.01058486018277
67.09057449662255
64.78992770759235
65.55778903779301
67.25856331663988
67.20153456209309
66.5042742780872
66.83432026106497
65.10324239722303
64.59964075300081
65.13719859888107
63.195595235633185
65.19247379244149
66.3829320621843
65.48024945451019
61.03257655046429
58.5739873844917
59.19020565715077
59.23917749169956
60.62340566459994
59.55743151995098
57.51946896954805
56.021987255095965
53.93704578117522
52.97234620162459
52.878050019263455
52.07236119529341
52.63738961549333
53.34531035568283
52.83254199553847
52.60627994003765
51.82525415198374
52.40659961942589
48.15954779432586
46.21219907292179
42.24301500930028
43.1504255285447
45.190433611292974
43.81939270797466
47.7261365917235
57.8418901197947
57.768490989755605
61.3563715715278
56.25198297722453
57.87615972957327
59.4669527377942
63.810421943917305
64.88454122415658
65.76628199006939
65.35987203388346
71.68227616614132
70.3089643597418
71.50882947605275
67.75401319442865
69.07955385158125
69.3050442334608
66.70118036934271
68.1903959400789
68.41789607398172
67.3320374864539
73.8300463534901
72.14834130786059
68.70952955238761
65.88901284749102
66.71905037971806
70.91142982687492
77.40299241420838
77.7169283444965
80.34761393992272
80.28733053681813
78.07280732974203
74.05951328382167
70.92752850823965
70.37260982021556
70.12940468295562
70.0711559537144
73.49775031678453
75.51301501838697
77.5066530921488
75.01750082042713
74.23264092240682
73.73564168025055
72.02157612034917
72.37588105980203
71.11942593007007
71.70063253185091
70.24263041599005
69.29363072861827
71.30938945968222
72.42760877911984
71.679283024168
71.9337075937997
72.58852423562712
67.21315997878477
68.00219877007817
67.66025556456947
68.96854115716201
64.90551169269366
60.40296159193311
59.509582460392345
60.143065750613715
59.578373467784274
58.84517833219972
60.26361031399939
60.90668614388478
57.696199953442836
59.3737483560378
57.34022211839584
60.93441043764286
62.41872827828219
61.17159242030039
63.03665485977814
61.16318541582964
54.19222044076667
51.64511121975231
52.44877375123002
51.34443594432158
47.568058829059254
46.897654627861485
47.81339609869707
46.763004560272584
48.81735578345048
47.508903981478674
47.28505448564521
45.70637121081167
45.326551532482526
45.06203578613156
43.75245143503848
44.93036663644506
43.90034312289326
44.01355452230001
44.20961995506976
44.853927381072374
44.4693036263502
45.227487458711664
45.48267137086211
48.28510087872178
47.9462448423942
47.842973857120604
47.757740440545916
50.17485404810495
51.62256005732033
52.28575443051582
52.7262077052053
55.05176961076339
54.84178417401154
54.56475311075587
55.71772976673056
57.98771231139247
58.684290656192054
60.102349084535604
60.47025518279155
58.0925337224884
59.83317313216659
59.851572161189225
58.4839861648403
60.94948462917753
60.48455297991588
60.27774453045706
59.13894879480704
56.71337492663477
56.67656793063463
56.26308837482075
56.92082311877441
57.55684268003628
56.978111472282336
57.30544668971656
53.88766505115528
54.60703513405429
54.53170108822463
55.340510544110316
55.14889653693668
54.20904515900928
54.970978325308096
53.65658663133442
54.428513873382165
53.292089833705674
52.069717343234345
51.680441548084374
52.039294858502956
50.5974720847778
49.69977450758323
49.96283386603627
49.128698072207726
49.111657624983096
49.607743973867294
50.36086793129442
51.1055899226152
51.68251190505483
48.62121958250687
48.1436195236223
48.53195428083844
48.57333682981373
47.61869211697935
46.994248718072065
49.14065188267614
48.21155206578021
47.19001855839794
46.21688351973053
47.80359162751087
46.79585981330342
47.300476176039204
47.253282115414976
46.31921340451089
48.18324878361261
50.30500726211052
48.84705375510942
47.7484419761023
48.638791603370585
48.23253774172427
47.0923546981288
45.42834049549815
44.45781144876607
44.801761079215936
41.53529917042011
40.77523195721538
41.696455149422434
40.02076203300625
39.772786529781584
39.028063668389024
38.46695551296439
37.56859234063549
37.65325336064927
37.45296696759633
39.12909272481684
39.43140903831637
38.45571767652646
38.47662424659557
38.771610016802086
37.57564562590508
38.04088684126582
38.17691475322637
37.28643616333646
37.68008046002345
39.064139450718514
39.16074001705186
40.53125354466642
40.32994511803584
40.74118807399606
40.67569432357578
41.27572022625183
40.641997343759996
42.24642076807851
42.0311572780077
43.25119454053983
42.87164223577414
42.64210205014646
42.9461013362332
43.604333575387116
45.521960662095665
46.31543194482603
47.36671792922481
44.82852690421359
43.05486063256313
43.644699402221164
43.90850805703688
44.395076281429205
45.28947881376116
44.91809167133413
45.12550128316582
44.22280680734094
44.538138994627325
43.0092430287672
42.974918521243836
44.149169695231215
43.795668917606974
44.44214066803006
43.6591991833033
44.418778830086566
43.26842543045774
43.89706909348545
44.60109743603487
46.81874510030093
47.27038000250787
48.08177698694186
48.24785102279036
49.482647697979644
48.06474169693468
48.23075644479489
48.432738152520514
48.71583158049824
48.121997098113795
44.76803837520279
44.27518679759026
44.6281543678968
44.368545013401096
43.932915169290176
44.26027459040596
44.59946918205673
43.93276383974975
43.58631739833116
43.39194910512063
44.86641174918931
45.292083367396636
44.57557005480518
44.996812479273956
43.77580586859799
43.03462793315145
43.56182824461105
43.32460443106598
42.91878554475538
43.462716695268725
43.50968073041281
45.805648010469326
42.54616727140282
41.39661095606887
42.212757391297636
41.177479880312326
40.34030581369276
40.73087856188248
40.65278394547964
39.87733887275856
40.241812745306284
39.01400585303786
38.5742744766096
40.22410098897747
37.50897817978314
36.71244386028441
37.20084307893876
36.73733465203467
38.051760605509884
38.67497935269277
37.935806166094835
38.26884768937579
38.66586599797995
38.09440963203497
37.76636154390678
35.754204271312915
36.23225124661053
36.77648959030796
37.232345071997315
37.75235100013049
38.57035707625744
39.15145492748434
39.89608407408604
39.720819610211606
40.0021459573702
38.908724088120834
40.168939572374825
39.7980766942855
40.90753612682465
41.56613076484472
41.461716275461725
40.68921574055615
40.13144424913577
41.577338865310004
42.37824598379547
42.407091444707575
42.279613966673494
42.2301284355799
43.30672713431403
42.55762769766207
42.14451423070214
41.99916379777702
42.09965356903356
42.876893710032235
44.74740538892563
45.86232028536631
44.51554031053168
43.878204672263195
43.75354385678432
44.17073263568946
44.099277316334465
44.450799857157655
44.527113259205045
44.43765297365219
44.17792890719606
44.994172398963
45.52546784669131
44.47952122386965
44.07622722110513
44.11088821227122
45.445638380210156
45.948391012786836
45.62127159984907
45.248494187943635
46.14722359802688
45.915739991358386
45.30620208404967
45.400566087117284
46.63010141104009
46.685957682159085
46.0409171581651
45.51574841501547
45.769419035891126
45.068162256144575
43.69170096067668
43.50579869247213
44.644648175431975
42.8179846361186
42.603300146904516
42.05579041864101
43.02962981098991
42.94096169218759
42.7656832805787
42.18633603189428
42.40038056911098
41.88078433959689
42.04375799532321
40.57855603455574
40.85685763769832
39.62586650158813
39.598360238015005
39.741346559142386
40.116168762140035
39.8944263320512
38.75736882105671
37.967391381702036
38.022254008688165
37.989843616738824
37.35974745643347
37.63269765189752
36.59546762069921
36.35442837327366
35.99752418199374
35.62116244032178
36.471265690073594
34.916155908868205
35.09436107575199
35.8248008015949
36.174381629228265
35.65126921083538
35.58374249997621
35.89795684032538
36.966620427154226
38.95433123269311
39.0429502015337
40.44717980679036
42.27350829662055
44.711660457190646
44.7468028938124
45.6505876663432
46.58186154578193
49.02358029819253
49.47193224216749
49.31472717117596
50.284039348563795
50.6744110990372
50.654545121019794
54.20086573216693
54.138419723927214
54.77152368920922
55.278681564725495
54.59816803907846
56.4576420251578
53.74989203687478
53.782669506814656
53.402106613411924
54.12913800878944
53.418635915319726
54.620109381216125
53.251171603577795
54.503918182025785
53.67592895737393
52.65191658333951
52.52932014276481
52.46501608642559
51.644231370030404
51.51433564753117
50.18329790994341
51.045112553710325
51.36592584463266
52.6670026866628
51.14892514275421
51.89188448347829
50.019693308939814
50.26242456202075
50.1356787555197
49.05420973974226
51.62066954739338
52.62975862594286
52.42194218679956
51.478773562973295
51.813077861412296
51.53982797604227
48.47636399443839
49.739688707331204
48.83664614652993
49.00864022280023
48.38027261823337
49.37894454368348
49.75969983414369
49.31283531068818
49.398364710605875
49.94880405253892
49.04502933510895
47.14085558047295
47.85518245361713
47.0454341734047
45.880713122992404
45.79923454342412
45.24042310998842
45.20329402490693
46.478564249050365
45.21575946134585
44.08369888505148
45.278787994724105
44.33657257001323
46.47978995343749
44.684546851759656
45.59379857000374
44.55508339565191
44.49470964822373
42.702202284089616
43.10938876799434
43.03405487607435
42.81462037323813
43.34682417832167
40.79405246303782
41.00706713182573
42.56711186420821
42.16983963653308
41.937115964867886
41.02417509472616
41.19973340012132
40.853489112029024
41.16232413937996
41.30127551758426
42.99962492125178
41.3284805596071
42.367242159775856
43.69401719623238
44.06349078483515
45.20998098107361
48.52791581735934
49.80040616093646
49.70115524838506
50.101274565247266
51.04309725804647
53.876630496848364
55.049049763325094
54.17804616028584
54.131670075445754
54.45673661945136
54.8559821368259
56.51120479452584
57.681899912416384
58.36580560986249
60.97756510324621
56.95980276247633
57.71650343873375
58.00608543182432
57.7531906548038
59.47647622200759
61.05540544197902
59.079295561350136
58.50496511413098
59.831079375651484
60.148532397399094
66.36941362808773
67.75892903616716
68.32147042075792
69.03054662480275
72.26469759474776
73.35044795442832
70.62123961772556
71.46068115678582
70.93120366822157
71.17544025510426
68.61065209181736
69.23226746019625
70.02774794647758
65.6486624753114
65.16042363406558
63.22442942041824
65.24064128592178
65.47114761941329
63.96819298041237
64.93120579397491
61.97598843124058
63.37205639154515
62.508619154147155
58.811903491304015
58.723383290491256
59.49383300375018
57.763126294718745
57.9872439245064
58.122423169921944
57.99582219490344
57.30967935153885
57.209590759500685
58.173743326891554
56.678057443697526
56.19215828147662
56.8380269574086
58.918554428905544
56.23561664744927
54.79737010050899
54.85468149752555
54.19851046599941
55.00542181338722
55.72454899745301
56.61007806076442
56.32982104765928
54.374496902336396
52.64233963143424
54.24330223091214
53.76640925339842
52.1645993747948
50.749933357547036
50.98458567996394
50.75436401360786
51.84825536305049
49.17505982065453
49.034141086038275
48.29350544889638
47.27568471867574
48.23898684873329
52.04371314382682
50.34013817916913
50.620339307752104
49.42429666742794
49.537585663714026
48.29561385441743
47.92538817570593
50.12211377680572
51.81318783842592
51.4873981593014
51.81261863841535
55.475401891320594
55.50570445391357
57.26327051675082
55.38757503321519
54.82621366615191
54.47137176599776
54.672585936373046
54.77752779250846
55.34006563310663
57.27004958281257
56.668002084407135
58.51830637113244
58.17544842376947
60.54814977612796
59.85009486596118
61.39086052947914
61.154527472037444
60.60525696003879
61.54533298938668
61.233122739351074
61.03038576219774
60.51845771458022
60.488097301921016
59.90965103077633
58.77228439084831
59.08205577927936
59.21972654202614
58.289069617903124
58.08830980968707
58.14635523562174
58.84307538015336
59.40198885078669
58.46508824164538
57.89307719488397
57.636595040306666
59.429807489893165
57.98251485425843
57.503423217130376
56.51480532414234
55.87722543064909
55.39393400201489
57.601978687764564
58.597571197510945
56.88654851432183
54.80978071504123
53.787731425086726
53.719717588414596
52.85286927047166
52.412208911929845
53.169947039222976
52.471994898879835
51.7398006623555
51.1197955599793
51.87199369191884
52.44243268823625
51.785076526949105
51.53558683962469
50.62488323895232
50.34443075670974
49.97989243752264
49.70698884475153
48.4688807540925
49.23473677959975
47.57243396498914
47.09740837003437
47.38945904298532
48.03927995122461
48.12330046350711
48.35951285798377
48.81042389285008
48.45357915347264
47.64676084756384
45.619272596276836
46.21117923304132
46.437298791977305
46.52312005001076
46.19322395773373
47.88924992927913
46.2917379617103
45.13146132140881
45.59065356909787
45.91881251297605
44.301530259783135
43.95758580932102
43.838074381480055
44.6507975807339
43.93038141627098
43.7959259450272
43.55273089182273
44.628360845357165
43.38706259455648
42.240933976924
43.52927310645363
45.52459165336036
44.49571194891638
46.286418059840756
46.15694732197753
47.4800801184015
47.94310219833498
49.66066970424987
50.3024333784064
50.77392763478522
52.19016444313094
54.46582838625977
55.380044424622156
58.71661567436195
61.52292555492934
61.61670536764543
61.09229608545377
60.042548945413955
61.214911355030836
61.75057438797194
56.28537461431688
57.20896592945769
57.15037043205382
57.182921583675125
57.06566263994591
58.02383521896127
58.08719421584385
57.16468682139646
57.59211146465009
57.62310437261226
57.39434383057028
56.61128663642137
56.97371202191982
57.72761526846625
57.49800478662223
58.02250624066369
57.78325190375119
56.64885682504598
56.01709254176831
57.01735765866101
55.85232647021025
55.01806473967781
55.99915357329485
54.87233180341673
54.266774730464476
54.469325259597895
53.01647513619241
53.67391092795779
52.72348449614351
52.39010015276688
53.67200753696261
51.67359647497028
52.62206503956777
52.866049171892115
54.518309549392825
51.9403113373844
50.22148659443246
50.201930728586376
50.13727700597087
49.03222242392701
49.39791342209715
49.14267608983075
48.30309452436791
49.315101893625005
47.98286474935445
50.858243574923314
50.88093506045309
51.42469615802803
55.42998431668804
55.045264235908334
54.6919372961281
53.21443373416502
51.4911687409541
51.88730444375473
51.184594551865786
50.2841196008306
50.39694732532001
51.6534864701034
49.65436208653251
48.814825917820016
48.9425502763858
48.88808279329621
49.049999774134136
48.7810842052949
46.269209717036
46.22113673263107
45.777971062418516
44.72316299606497
43.721516925069714
42.50973502472526
42.076663903714866
42.99577246545452
41.94425718527647
43.54954321702685
43.44502811899851
43.52875987201169
43.86514149327669
44.31934249188472
44.12523995409324
46.200084147727935
46.4822534702916
48.046137250494
48.320706859662764
49.93218047516602
49.30164109119241
51.17208049237706
52.33167524405507
52.852775561071894
53.57194785082879
53.69898641920258
55.351817397579
55.96674358037876
56.476054412932854
56.39617086181045
56.21018363636608
53.123693190608265
54.35891733609424
55.01804559817924
54.53419422368586
55.7309418349646
54.99758655952621
54.000094794419056
54.374097923204545
54.046895725521544
54.44050432705955
54.63559036937776
54.6922368168274
55.60874112645431
55.571749384445056
56.438385799015265
56.5330291386625
57.0811140808008
55.636152808638265
55.13255307535336
54.81695611780991
54.69646726799724
53.891939281153846
53.71994834436139
52.50391980010313
49.6659729038532
49.481979110326535
50.332997187726
51.0121355135036
50.84451751123116
50.83498504980409
49.40334827920474
49.394530424123836
48.707259819014524
48.815215617804
49.54330136020098
48.9487679189495
48.77057943271245
49.32324275353088
50.733522327739664
47.2230790204962
47.30431632531304
47.127814094982234
46.04974833934587
46.443333121062324
46.465667466846924
44.64105280632744
45.94707357923558
45.66415516992325
46.33605960293045
45.94260822788546
47.691224890060795
48.10332446969262
46.85648902077445
46.62962354468879
47.461616298226396
48.39996249153537
48.3337405681293
45.85309543329661
46.907870939070676
47.65306233286039
46.820710713715144
46.64517485749299
45.80931920953951
45.75494913674423
44.691990745271966
43.690538765367535
44.18155710781582
43.53445928357081
42.36811899625782
43.59992995476881
40.20821040819136
39.02071631032089
38.994280898150464
38.549367186476246
39.211318629953794
37.72622454508637
38.79991882620881
38.100836086134244
39.71419895464168
38.042830017035456
39.068861596294596
39.31806164827037
40.34445155762309
39.30306151751692
41.18579231957311
40.13968243394038
41.36159663536665
41.79357926161417
42.85322835955569
41.1228671589747
41.953988178385835
43.53993560418073
45.07428653144598
46.59529689180403
46.1537184533481
43.75157127777607
44.88813569505871
45.009910915119434
45.49655444061422
44.36785052525853
44.903663678437
43.74621468827888
44.18091449029298
45.18343452281873
44.92180869741882
44.15674575145536
45.100296633087616
47.32236225517371
49.315155450462726
48.6434562406006
49.556210322017336
47.916452189006236
48.607966248391676
49.919562706044054
50.857871319389226
49.18412869068035
48.66432296854087
47.30089301214525
45.20974056321445
43.93753434398445
45.16277053447936
44.4290897315132
43.61192369385232
43.076661987426526
43.59639915122149
44.238230953320446
44.61533537095706
45.48982557318966
47.76660747886668
48.714951621959884
48.70617035620607
49.67193616853235
50.54372233072592
49.767594938980245
48.53678810687354
48.720149987983795
48.46186227208688
46.18948379813912
45.851042238665464
45.35516177738256
45.2299487530165
44.86401471112747
45.4627940701466
44.984426047209716
43.99476886789527
45.05531182436202
43.70016596680098
42.62067095148114
43.78495942899662
42.162354309878715
42.16181858420307
41.70628592229175
41.20231518840043
40.961793642983025
40.39753030496665
40.823383714509895
41.1282336635562
41.58840166013483
40.68087906991161
39.38071073556057
40.29657621937258
39.83445513947845
38.976656395954166
38.807461955928034
40.19180260870864
38.804475769028045
39.17530821167551
38.72389704283215
38.10978144634166
37.74612164131604
37.690765288889565
37.60537430249008
37.63360562507319
36.48935288391465
37.293263122458484
36.139456228977906
37.245028206680104
37.93060111122975
38.254218594844815
37.85835233323564
39.89425210564707
40.018881728403315
39.7331839824581
39.105674266186256
39.32806802727971
40.86750092609352
39.88685783521452
41.168277891629934
42.915918802435755
42.94643887460753
42.60804918032941
41.584325374484614
42.851253807273906
42.63812949713014
43.720195372614995
42.47891720511187
42.34945834050709
41.899488425319575
44.137450282507864
43.15348975692909
43.54432238760985
44.56127375360141
44.28582641902784
43.74427355609761
43.205596687608434
42.10987618635606
44.254675953042124
45.05906914236951
45.45696108702444
45.878939203103904
44.280052689038854
43.51680638461153
45.53594644228363
45.82127130200335
46.81727668475855
45.87154880664383
46.21661159692043
46.74920349703299
46.909287397777234
46.16873881614718
46.461741139051284
46.68581986206934
44.27857617167657
43.85279547849654
45.04897976241012
44.87003321269863
44.27020798931707
43.68237669953888
45.21631728943392
44.60384709729281
45.663767991576776
45.77962930715363
45.8330977751539
44.79356078954141
44.859490324086636
45.45816038386407
44.90828340218412
44.41393713670561
44.60739204271118
43.21028035749552
43.56475346258361
42.81807054833896
43.61089249336189
43.42047808043367
44.40788921205716
42.854569934445735
41.96334888992086
40.77243254416745
41.70595339378529
40.9130643745564
41.09718258787561
39.717120387100046
40.77994549084634
39.38504246008708
39.16938229594649
38.89063162186684
40.5371380164619
42.67140134937596
38.10011449230111
39.19784375564044
39.027023909075616
39.5259553317965
38.38340518304894
38.45800956355823
37.59759247288446
37.3719949759476
37.52670226906173
39.68913496743182
41.991231820547256
41.89516368810823
42.28393869710712
43.63610663683419
46.78236127608725
46.92585873333054
48.56839544490435
48.7328934979773
50.600077233281496
52.09993174964879
54.10587883530841
55.48478782387312
55.91319225468877
57.23022686202487
57.82854406042793
56.95203960855406
57.84460583063583
58.58540663618248
60.11368567676209
62.8940493659743
64.10859260621851
64.85258337036908
65.9722493597111
61.113676990160684
59.488178536556916
60.206487462012205
61.02439956959404
60.387337415939555
60.26227058539939
59.25894407083467
58.97129588318194
60.111097262544035
60.907175360694964
60.4428183162172
59.971537525955114
60.831207446985104
59.73645447098079
60.00978569422364
59.99033022798585
59.72369710738383
58.81895291964736
56.69171765287456
59.15176180748574
58.05154805866823
60.579676502823304
58.72317605478952
56.30551369968293
55.16015891619486
56.05577360744405
54.07770086195592
54.266845606265406
54.70581261929033
54.27876496296494
53.85737664667954
53.831549808933914
53.551531430360455
53.648738882634916
52.98259523220031
52.46979930446082
52.08650609726351
52.42286887497153
51.71366792818498
51.01693700795795
49.18732595716129
49.28973153877038
50.166441875708664
49.322706912005906
50.27977069126331
50.45332108685247
49.65022634193325
50.16796171600435
48.63152362414311
47.61031925459715
47.29563122691276
47.16411059931491
45.893529859830316
46.00603229279088
44.879325628814755
45.28973664085746
45.132609634956964
45.80205645441956
45.20023364356523
45.13950218308322
44.2297461167011
43.90343793151787
43.36739244360586
43.7507888507801
42.99853568999138
42.84262558372685
43.08184604953868
43.66348754107318
43.78931947076327
43.060403261708345
42.82106547740142
43.52675873943055
43.71504878302045
45.25896799603337
44.81762225970235
46.412488317753926
50.08803874654215
55.27446388159412
55.68720962736088
57.886646906328146
58.2413568424098
59.803686703950746
58.34648749483986
57.145982845891574
60.60265170808202
61.70624883409903
59.54264196148961
62.28330784874163
64.12440553848387
63.2783400799143
63.695014112546914
64.41295850497909
64.03324738216202
64.75250446968334
66.20834765061204
65.5684508893703
67.6731035686164
72.14070897881936
69.2045201174085
68.92937483152832
65.04094278003458
68.99826659491282
69.60497541024529
67.79575373886723
68.63539326618798
69.262912998812
69.09403558401323
64.03582529656342
63.69113884435774
63.73272353732227
67.23137533684007
66.7927243622164
66.66912833406734
63.54690573178573
62.94176908299892
61.46649426640098
61.22753600322858
60.06047846876277
59.7804719422492
59.24227942336686
59.054974569277455
59.10446833984894
59.179969022616206
58.95319752531913
58.65366227499044
57.28692919863795
57.550423003200216
56.949727534918374
56.892784301737834
57.0309438053672
55.94037979016491
56.43687205960646
57.628619237429525
56.61030354275071
54.476331711334346
56.53043981278114
54.62120628449153
55.91418210603232
56.03116928199038
53.73144841073739
52.19735695223403
53.678275376445306
52.573574440981744
52.443238465193645
54.36759859051131
52.74816076206801
50.39662688141924
51.86330887718103
50.81521444436819
50.47221982660808
50.378353920736394
50.347860478708625
48.534763826402795
49.8984347653778
49.47997002060336
49.526185131154044
48.334684979780036
48.64714723102088
47.247214640027174
47.26459023179281
46.71673374531917
48.42892119300867
46.98929969706021
47.20902057330369
45.81275211717882
46.10104546271678
46.18736785052996
47.16978839601563
47.63648894983412
46.5374395044243
47.50149920739172
49.401923772263444
51.41434152178262
50.4667573145116
51.49987714060033
52.85070122327876
54.26661326241048
56.17170699401674
56.68980691215382
58.8247439547936
60.643907318097945
60.69423817346683
61.57730547995743
62.882445936893646
59.922236849773526
61.46313953580852
60.89821215579639
61.359853296993606
61.488451523236904
63.07220221333
62.44013600680273
62.22664744615486
61.92054405421641
63.226343713928145
62.79938734211851
62.78680323308549
62.85552705648365
62.80921017743299
62.43322347955893
63.049794657985444
63.30348114043909
63.23539864610484
62.28024109429862
64.55398956644058
64.68400038742152
66.25213627993412
65.12905605855644
69.5631881003277
67.98990852307384
74.78371809945247
72.87047688561677
76.44308436375911
75.71252643046114
77.90713580999795
76.01942586262521
74.0853982921542
73.10605887108636
64.08350733992233
59.91022801549752
61.254499257069256
62.85431041398601
60.70145969772727
60.91425820403333
61.19088100741271
60.62663037423309
78.24869358338833
75.26878997016937
75.58281219421994
74.4523090252028
70.16194822354561
72.80309597641487
74.09458041379855
72.70450495064384
72.04318546918154
72.99857028655939
72.92597656560179
68.60681367149718
72.19078726008368
69.41355207230657
70.6840631117247
69.6115609991145
68.96618505020538
71.53173986307873
71.14672227731472
70.14718254418894
70.46184451651786
68.66194918279758
68.80505862833931
66.75883665624421
67.97268729685288
59.49334232707597
52.46654921224207
51.98638546203045
53.38810899711266
51.97141642626864
49.314495758616474
51.334569860249175
50.92652796690224
51.2277054851637
50.65656742107268
49.203546666170396
49.37613478113769
49.36583579016712
49.66228923607608
51.636414694639775
52.05104451431046
49.59368816563728
52.61977807992764
54.01139653552681
52.858474095610816
55.656043238872684
54.723570195296745
57.476489973444814
62.4824508809422
75.4849883551236
