load,method,snapshot,class,admitted_traffic,demand,fulfill_ratio,oracle_admitted_traffic,norm_fulfill,raw_mlu,oracle_mlu,normalized_mlu,disabled_flow,admitted_capacity_ratio
2x,Hattrick,400,High,41.71056365966797,45.574806213378906,0.915211021900177,41.773590087890625,0.9984912276268005,1.0,1.7278752326965332,0.5787454843521118,0.0,1.0
2x,Hattrick,401,High,42.55281066894531,46.09960174560547,0.9230624437332153,42.62327575683594,0.9983468055725098,1.0000003576278687,1.846089243888855,0.5416858196258545,0.0,1.0000003576278687
2x,Hattrick,402,High,43.1583251953125,46.516517639160156,0.9278064370155334,43.18778991699219,0.9993177652359009,1.0000001192092896,1.773905634880066,0.5637279152870178,0.0,1.0000001192092896
2x,Hattrick,403,High,41.75920867919922,45.1319580078125,0.9252691268920898,41.76030349731445,0.9999737739562988,1.0000001192092896,1.7690030336380005,0.5652902126312256,0.0,1.0000001192092896
2x,Hattrick,404,High,41.16570281982422,44.697906494140625,0.9209761023521423,41.22837829589844,0.9984797835350037,1.0000001192092896,1.6488354206085205,0.6064887642860413,0.0,1.0000001192092896
2x,Hattrick,405,High,41.77790832519531,45.856956481933594,0.911048412322998,41.891109466552734,0.9972977042198181,1.000000238418579,1.7663439512252808,0.5661413073539734,0.0,1.000000238418579
2x,Hattrick,406,High,40.391204833984375,43.98003387451172,0.9183986783027649,40.47027587890625,0.9980462193489075,1.0,1.6935205459594727,0.5904858708381653,0.0,1.0
2x,Hattrick,407,High,40.35594940185547,43.46099853515625,0.9285554885864258,40.42744064331055,0.9982315897941589,1.0,1.5797492265701294,0.6330118775367737,0.0,1.0
2x,Hattrick,408,High,40.19792175292969,42.881805419921875,0.9374120831489563,40.206241607666016,0.9997930526733398,1.0,1.533264398574829,0.6522032618522644,0.0,1.0
2x,Hattrick,409,High,40.66234588623047,43.73356628417969,0.929774284362793,40.71149444580078,0.9987927675247192,1.0,1.4927631616592407,0.6698986291885376,0.0,1.0
2x,Hattrick,410,High,41.846309661865234,44.92241668701172,0.9315239787101746,41.8758430480957,0.9992947578430176,1.0000001192092896,1.4732695817947388,0.6787624955177307,0.0,1.0000001192092896
2x,Hattrick,411,High,41.336570739746094,43.658870697021484,0.9468080401420593,41.347801208496094,0.9997283816337585,1.0000001192092896,1.447218656539917,0.6909806728363037,0.0,1.0000001192092896
2x,Hattrick,412,High,40.12535095214844,42.69314956665039,0.9398545622825623,40.125614166259766,0.9999934434890747,1.0000001192092896,1.5336265563964844,0.6520493030548096,0.0,1.0000001192092896
2x,Hattrick,413,High,39.518531799316406,41.97462463378906,0.9414862394332886,39.51884460449219,0.9999920725822449,1.0000001192092896,1.5214266777038574,0.6572778820991516,0.0,1.0000001192092896
2x,Hattrick,414,High,39.59506607055664,41.580169677734375,0.9522584080696106,39.595436096191406,0.9999906420707703,1.0,1.3894360065460205,0.719716489315033,0.0,1.0
2x,Hattrick,415,High,39.233741760253906,41.27081298828125,0.9506413340568542,39.23397445678711,0.9999940395355225,1.0,1.4078569412231445,0.7102994322776794,0.0,1.0
2x,Hattrick,416,High,38.015472412109375,39.73426818847656,0.9567427635192871,38.015647888183594,0.9999954104423523,1.0000001192092896,1.356195092201233,0.7373571395874023,0.0,1.0000001192092896
2x,Hattrick,417,High,38.080501556396484,39.704002380371094,0.959109902381897,38.080902099609375,0.9999895095825195,1.0,1.3305509090423584,0.7515683770179749,0.0,1.0
2x,Hattrick,418,High,36.9732551574707,38.790985107421875,0.953140377998352,36.973419189453125,0.9999955892562866,0.9999998807907104,1.3786594867706299,0.7253421545028687,0.0,0.9999998807907104
2x,Hattrick,419,High,37.2827033996582,38.974910736083984,0.9565821290016174,37.28286361694336,0.9999957084655762,1.0,1.3490700721740723,0.7412513494491577,0.0,1.0
2x,Hattrick,420,High,37.28705596923828,38.226226806640625,0.9754312634468079,37.28720474243164,0.9999960064888,1.0,1.1956287622451782,0.8363800048828125,0.0,1.0
2x,Hattrick,421,High,37.03211212158203,38.05433654785156,0.9731377959251404,37.032310485839844,0.9999946355819702,1.0,1.212921380996704,0.824455738067627,0.0,1.0
2x,Hattrick,422,High,35.32234573364258,36.60314178466797,0.965008556842804,35.32260513305664,0.9999926686286926,1.0000001192092896,1.2667787075042725,0.7894039750099182,0.0,1.0000001192092896
2x,Hattrick,423,High,34.732112884521484,36.00008010864258,0.9647787809371948,34.73232650756836,0.9999938607215881,1.0000001192092896,1.2641162872314453,0.791066586971283,0.0,1.0000001192092896
2x,Hattrick,424,High,35.226898193359375,36.33315658569336,0.9695523977279663,35.22708511352539,0.999994695186615,1.0,1.2304308414459229,0.8127234578132629,0.0,1.0
2x,Hattrick,425,High,35.65220642089844,36.793052673339844,0.9689928889274597,35.65238952636719,0.9999948740005493,1.0000001192092896,1.2376377582550049,0.8079909682273865,0.0,1.0000001192092896
2x,Hattrick,426,High,36.13074493408203,37.17595672607422,0.9718847274780273,36.13092803955078,0.9999949336051941,1.0000001192092896,1.2177149057388306,0.8212103843688965,0.0,1.0000001192092896
2x,Hattrick,427,High,36.252342224121094,37.54222106933594,0.9656419157981873,36.25252914428711,0.9999948143959045,1.0000001192092896,1.268684983253479,0.7882178425788879,0.0,1.0000001192092896
2x,Hattrick,428,High,34.43061065673828,35.29963684082031,0.9753814339637756,34.4307746887207,0.999995231628418,1.0,1.181014060974121,0.8467299938201904,0.0,1.0
2x,Hattrick,429,High,34.68242263793945,35.49671173095703,0.9770601391792297,34.682586669921875,0.9999952912330627,1.0000001192092896,1.1696094274520874,0.8549863696098328,0.0,1.0000001192092896
2x,Hattrick,430,High,34.19580841064453,34.91438293457031,0.979418933391571,34.19598388671875,0.9999948740005493,1.000000238418579,1.149666428565979,0.8698177337646484,0.0,1.000000238418579
2x,Hattrick,431,High,34.33985137939453,35.26498794555664,0.9737661480903625,34.340057373046875,0.9999939799308777,1.0,1.1926939487457275,0.8384380340576172,0.0,1.0
2x,Hattrick,400,Medium,23.105106353759766,40.628265380859375,0.5686953663825989,24.583816528320312,0.9398502707481384,1.0000001192092896,3.2141096591949463,0.3111281991004944,0.0,1.0000001192092896
2x,Hattrick,401,Medium,23.357894897460938,41.385414123535156,0.5643991827964783,24.992332458496094,0.9346024394035339,1.0000003576278687,3.5123562812805176,0.28470927476882935,0.0,1.0000003576278687
2x,Hattrick,402,Medium,23.946128845214844,41.25141143798828,0.580492377281189,25.460670471191406,0.9405144453048706,1.000000238418579,3.431577682495117,0.29141122102737427,0.0,1.000000238418579
2x,Hattrick,403,Medium,22.64718246459961,40.52296447753906,0.5588728189468384,24.267559051513672,0.9332286715507507,1.0000001192092896,3.3813321590423584,0.295741468667984,0.0,1.0000001192092896
2x,Hattrick,404,Medium,22.360733032226562,40.07636642456055,0.5579531192779541,24.088844299316406,0.9282609224319458,1.000000238418579,3.1774985790252686,0.3147130310535431,0.0,1.000000238418579
2x,Hattrick,405,Medium,22.596826553344727,40.681983947753906,0.555450439453125,24.199779510498047,0.9337616562843323,1.000000238418579,3.3876380920410156,0.2951909899711609,0.0,1.000000238418579
2x,Hattrick,406,Medium,21.84626579284668,39.240108489990234,0.5567330718040466,23.508407592773438,0.9292958378791809,1.0000001192092896,3.1792373657226562,0.31454089283943176,0.0,1.0000001192092896
2x,Hattrick,407,Medium,21.8299560546875,38.75175476074219,0.563328206539154,23.411922454833984,0.9324290156364441,1.0000001192092896,2.9744250774383545,0.33619946241378784,0.0,1.0000001192092896
2x,Hattrick,408,Medium,22.00547981262207,38.27203369140625,0.5749754309654236,23.525959014892578,0.935370147228241,1.000000238418579,2.8825292587280273,0.34691762924194336,0.0,1.000000238418579
2x,Hattrick,409,Medium,22.17841339111328,39.09888458251953,0.5672390460968018,23.645050048828125,0.9379727840423584,1.0,2.8395140171051025,0.35217294096946716,0.0,1.0
2x,Hattrick,410,Medium,22.596683502197266,40.30673599243164,0.5606180429458618,24.242855072021484,0.9320966005325317,1.0,2.789792060852051,0.35844966769218445,0.0,1.0
2x,Hattrick,411,Medium,22.571868896484375,39.041133880615234,0.578156054019928,23.971168518066406,0.941625714302063,1.000000238418579,2.7802321910858154,0.35968226194381714,0.0,1.000000238418579
2x,Hattrick,412,Medium,22.091276168823242,38.23073196411133,0.5778408050537109,23.908977508544922,0.9239740967750549,1.000000238418579,2.905379295349121,0.34418922662734985,0.0,1.000000238418579
2x,Hattrick,413,Medium,22.470170974731445,37.70672607421875,0.5959194302558899,23.952991485595703,0.9380945563316345,1.0,2.9069035053253174,0.3440086543560028,0.0,1.0
2x,Hattrick,414,Medium,22.82077980041504,37.231597900390625,0.6129412055015564,24.28360366821289,0.9397608637809753,1.0,2.6250622272491455,0.3809433579444885,0.0,1.0
2x,Hattrick,415,Medium,22.610157012939453,36.871315002441406,0.6132180690765381,23.990734100341797,0.9424537420272827,1.0,2.670602321624756,0.37444737553596497,0.0,1.0
2x,Hattrick,416,Medium,21.84484100341797,35.235679626464844,0.6199636459350586,23.401611328125,0.933475911617279,1.0000001192092896,2.607057571411133,0.3835742473602295,0.0,1.0000001192092896
2x,Hattrick,417,Medium,22.87748908996582,36.291194915771484,0.6303867697715759,24.514312744140625,0.9332298636436462,1.0,2.5750222206115723,0.3883461654186249,0.0,1.0
2x,Hattrick,418,Medium,21.976285934448242,34.75883483886719,0.6322503685951233,23.17916488647461,0.9481051564216614,1.0,2.6430916786193848,0.3783448040485382,0.0,1.0
2x,Hattrick,419,Medium,22.725805282592773,35.06664276123047,0.648074746131897,24.024696350097656,0.9459351897239685,1.0000001192092896,2.5397067070007324,0.3937462866306305,0.0,1.0000001192092896
2x,Hattrick,420,Medium,22.098739624023438,34.48597717285156,0.6408036351203918,23.12346649169922,0.9556845426559448,1.0,2.3111889362335205,0.4326777458190918,0.0,1.0
2x,Hattrick,421,Medium,22.05527114868164,33.805973052978516,0.6524075269699097,23.19887924194336,0.9507041573524475,1.0,2.302114725112915,0.43438321352005005,0.0,1.0
2x,Hattrick,422,Medium,22.446125030517578,32.99626541137695,0.680262565612793,23.474597930908203,0.9561878442764282,1.0000001192092896,2.4001431465148926,0.41664186120033264,0.0,1.0000001192092896
2x,Hattrick,423,Medium,21.792795181274414,32.084327697753906,0.6792349219322205,22.844356536865234,0.9539684653282166,1.0000001192092896,2.390432834625244,0.41833433508872986,0.0,1.0000001192092896
2x,Hattrick,424,Medium,21.42428207397461,32.78163528442383,0.6535452604293823,22.507335662841797,0.9518799781799316,1.0,2.338557481765747,0.4276140332221985,0.0,1.0
2x,Hattrick,425,Medium,21.877864837646484,33.00126647949219,0.6629401445388794,22.828128814697266,0.9583731293678284,1.0000001192092896,2.32155704498291,0.4307454526424408,0.0,1.0000001192092896
2x,Hattrick,426,Medium,21.793773651123047,33.52149200439453,0.6501433253288269,22.798316955566406,0.9559378027915955,1.0000001192092896,2.3546719551086426,0.4246876537799835,0.0,1.0000001192092896
2x,Hattrick,427,Medium,21.635713577270508,33.20214080810547,0.6516361236572266,22.58547592163086,0.9579480886459351,1.0000001192092896,2.4101438522338867,0.41491302847862244,0.0,1.0000001192092896
2x,Hattrick,428,Medium,21.604907989501953,31.912839889526367,0.6769973635673523,22.453231811523438,0.962218165397644,0.9999998807907104,2.245164632797241,0.4454015791416168,0.0,0.9999998807907104
2x,Hattrick,429,Medium,21.48309898376465,31.661396026611328,0.6785265803337097,22.081512451171875,0.9728997945785522,1.0000001192092896,2.2151312828063965,0.45144057273864746,0.0,1.0000001192092896
2x,Hattrick,430,Medium,22.10797691345215,31.4218807220459,0.7035853862762451,22.866683959960938,0.9668204188346863,1.000000238418579,2.185077667236328,0.45764973759651184,0.0,1.000000238418579
2x,Hattrick,431,Medium,21.749977111816406,31.215499877929688,0.6967685222625732,22.658859252929688,0.9598884582519531,1.0,2.2422845363616943,0.4459737241268158,0.0,1.0
2x,Hattrick,400,Low,6.103019714355469,10.242643356323242,0.5958442091941833,5.4825439453125,1.113173007965088,1.0,3.549931049346924,0.2816956043243408,0.0,1.0
2x,Hattrick,401,Low,5.506463050842285,9.409786224365234,0.5851846933364868,4.672523498535156,1.1784772872924805,1.0000003576278687,3.9189224243164062,0.2551722824573517,0.0,1.0000003576278687
2x,Hattrick,402,Low,5.690224647521973,9.626876831054688,0.5910769104957581,4.9878082275390625,1.14082670211792,1.000000238418579,3.8059747219085693,0.26274484395980835,0.0,1.000000238418579
2x,Hattrick,403,Low,5.724704742431641,9.709461212158203,0.589600682258606,4.873176574707031,1.174737811088562,1.0000001192092896,3.715204954147339,0.26916417479515076,0.0,1.0000001192092896
2x,Hattrick,404,Low,5.19685173034668,9.20159912109375,0.5647770166397095,4.223876953125,1.2303510904312134,1.000000238418579,3.508699655532837,0.28500592708587646,0.0,1.000000238418579
2x,Hattrick,405,Low,5.531716823577881,9.86595344543457,0.5606874823570251,4.6017913818359375,1.2020790576934814,1.000000238418579,3.7322354316711426,0.26793599128723145,0.0,1.000000238418579
2x,Hattrick,406,Low,5.508342742919922,9.563199043273926,0.5759937167167664,4.821952819824219,1.1423468589782715,1.0000001192092896,3.4863228797912598,0.2868351936340332,0.0,1.0000001192092896
2x,Hattrick,407,Low,5.52908992767334,9.749269485473633,0.5671286582946777,4.7951202392578125,1.1530659198760986,1.0000001192092896,3.316025972366333,0.30156582593917847,0.0,1.0000001192092896
2x,Hattrick,408,Low,5.373519420623779,9.627033233642578,0.5581698417663574,4.647560119628906,1.1562021970748901,1.0000001192092896,3.2207038402557373,0.3104911744594574,0.0,1.0000001192092896
2x,Hattrick,409,Low,5.067835330963135,8.909894943237305,0.5687873363494873,4.31982421875,1.173157811164856,1.0,3.1591577529907227,0.31654006242752075,0.0,1.0
2x,Hattrick,410,Low,4.802286148071289,8.999977111816406,0.533588707447052,4.00433349609375,1.1992722749710083,1.0,3.120173215866089,0.32049503922462463,0.0,1.0
2x,Hattrick,411,Low,5.174284934997559,9.606653213500977,0.5386147499084473,4.4609527587890625,1.1599057912826538,1.0000001192092896,3.092379093170166,0.3233756422996521,0.0,1.0000001192092896
2x,Hattrick,412,Low,4.88532829284668,9.068095207214355,0.5387380719184875,3.8247451782226562,1.2772951126098633,1.000000238418579,3.2298226356506348,0.3096145987510681,0.0,1.000000238418579
2x,Hattrick,413,Low,5.273326873779297,8.833683013916016,0.5969567894935608,4.476169586181641,1.1780891418457031,1.0000001192092896,3.2581663131713867,0.3069211542606354,0.0,1.0000001192092896
2x,Hattrick,414,Low,4.7533860206604,8.365398406982422,0.5682199001312256,4.153919219970703,1.1443135738372803,1.0,2.9429569244384766,0.3397943079471588,0.0,1.0
2x,Hattrick,415,Low,4.702840805053711,7.891171455383301,0.5959622859954834,3.9912872314453125,1.1782766580581665,1.0,2.902020215988159,0.3445875346660614,0.0,1.0
2x,Hattrick,416,Low,5.0263261795043945,8.123055458068848,0.6187728643417358,4.24151611328125,1.1850305795669556,1.0000001192092896,2.889066696166992,0.3461325764656067,0.0,1.0000001192092896
2x,Hattrick,417,Low,4.738636016845703,8.185287475585938,0.5789211392402649,4.010231018066406,1.1816366910934448,1.0,2.8500349521636963,0.3508729040622711,0.0,1.0
2x,Hattrick,418,Low,5.107235908508301,8.518708229064941,0.5995317101478577,4.747791290283203,1.0757077932357788,1.0000001192092896,2.9379658699035645,0.34037157893180847,0.0,1.0000001192092896
2x,Hattrick,419,Low,5.077007293701172,8.231069564819336,0.616810142993927,4.583393096923828,1.107696294784546,1.0,2.821322202682495,0.3544437289237976,0.0,1.0
2x,Hattrick,420,Low,5.1833624839782715,8.692743301391602,0.5962861776351929,5.427898406982422,0.9549483060836792,1.0000001192092896,2.6145310401916504,0.3824778199195862,0.0,1.0000001192092896
2x,Hattrick,421,Low,5.199830055236816,8.296121597290039,0.6267784237861633,5.076717376708984,1.0242505073547363,1.0000001192092896,2.573838233947754,0.3885248601436615,0.0,1.0000001192092896
2x,Hattrick,422,Low,5.104191780090332,8.15096664428711,0.6262069344520569,4.895717620849609,1.0425829887390137,1.0000001192092896,2.6748430728912354,0.37385374307632446,0.0,1.0000001192092896
2x,Hattrick,423,Low,4.864092826843262,7.874683380126953,0.6176874041557312,4.831081390380859,1.0068330764770508,1.0000001192092896,2.644376754760742,0.3781609833240509,0.0,1.0000001192092896
2x,Hattrick,424,Low,4.437664031982422,7.341937065124512,0.6044268608093262,4.252193450927734,1.043617606163025,1.0000001192092896,2.588275909423828,0.3863576054573059,0.0,1.0000001192092896
2x,Hattrick,425,Low,4.327195167541504,7.6469950675964355,0.5658686757087708,4.169795989990234,1.0377475023269653,1.0000001192092896,2.590475559234619,0.38602954149246216,0.0,1.0000001192092896
2x,Hattrick,426,Low,4.280517578125,7.210050582885742,0.5936875939369202,4.115421295166016,1.040116548538208,1.0000001192092896,2.5998520851135254,0.38463732600212097,0.0,1.0000001192092896
2x,Hattrick,427,Low,4.566312789916992,7.974862575531006,0.5725882649421692,4.404243469238281,1.0367984771728516,1.0000001192092896,2.6801841259002686,0.37310874462127686,0.0,1.0000001192092896
2x,Hattrick,428,Low,4.091405868530273,7.160965442657471,0.5713483691215515,3.8932762145996094,1.0508902072906494,1.0000001192092896,2.4845306873321533,0.4024905562400818,0.0,1.0000001192092896
2x,Hattrick,429,Low,4.676331520080566,7.6697468757629395,0.6097113490104675,4.389427185058594,1.065362572669983,1.000000238418579,2.4784414768218994,0.4034794569015503,0.0,1.000000238418579
2x,Hattrick,430,Low,4.39990758895874,7.479405403137207,0.5882697105407715,4.178340911865234,1.0530273914337158,1.000000238418579,2.423001289367676,0.41271138191223145,0.0,1.000000238418579
2x,Hattrick,431,Low,4.608141899108887,7.676029205322266,0.6003288626670837,4.373294830322266,1.0537002086639404,1.0000001192092896,2.4677536487579346,0.4052268862724304,0.0,1.0000001192092896
2x,Hattrick,432,High,33.45054626464844,34.192588806152344,0.9782981276512146,33.45075225830078,0.9999938607215881,1.0,1.1545495986938477,0.8661386370658875,0.0,1.0
2x,Hattrick,433,High,32.83635330200195,33.3272819519043,0.9852694869041443,32.83656311035156,0.999993622303009,1.0000001192092896,1.1022331714630127,0.9072491526603699,0.0,1.0000001192092896
2x,Hattrick,434,High,33.298828125,33.8240852355957,0.9844709038734436,33.299072265625,0.9999926686286926,1.0000001192092896,1.1093782186508179,0.901405930519104,0.0,1.0000001192092896
2x,Hattrick,435,High,32.40747833251953,32.93784713745117,0.983897864818573,32.40771484375,0.9999927282333374,1.0000001192092896,1.1104440689086914,0.9005407094955444,0.0,1.0000001192092896
2x,Hattrick,436,High,32.48229217529297,32.804405212402344,0.9901807904243469,32.48249816894531,0.9999936819076538,1.0000001192092896,1.0670636892318726,0.937151312828064,0.0,1.0000001192092896
2x,Hattrick,437,High,32.579071044921875,32.877994537353516,0.9909080862998962,32.57930374145508,0.999992847442627,1.0000001192092896,1.0622271299362183,0.9414183497428894,0.0,1.0000001192092896
2x,Hattrick,438,High,31.438119888305664,31.556705474853516,0.9962421655654907,31.4383602142334,0.9999923706054688,1.0,1.0246552228927612,0.9759380221366882,0.0,1.0
2x,Hattrick,439,High,31.71097755432129,32.03056335449219,0.9900224804878235,31.72287368774414,0.999625027179718,1.0,1.0625293254852295,0.9411504864692688,0.0,1.0
2x,Hattrick,440,High,31.843433380126953,32.23224639892578,0.9879371523857117,31.84406280517578,0.9999802112579346,1.0000001192092896,1.1210262775421143,0.8920398354530334,0.0,1.0000001192092896
2x,Hattrick,441,High,32.4920654296875,32.65622329711914,0.9949731230735779,32.49235534667969,0.9999910593032837,0.9999998807907104,1.2269659042358398,0.8150184750556946,0.0,0.9999998807907104
2x,Hattrick,442,High,35.93888854980469,36.38453674316406,0.9877517223358154,35.93939971923828,0.9999857544898987,1.0000001192092896,1.4086556434631348,0.7098968029022217,0.0,1.0000001192092896
2x,Hattrick,443,High,35.332984924316406,36.02265548706055,0.9808545112609863,35.333248138427734,0.9999925494194031,1.000000238418579,1.552186131477356,0.6442527770996094,0.0,1.000000238418579
2x,Hattrick,444,High,35.24835968017578,36.288124084472656,0.9713469743728638,35.24858093261719,0.9999937415122986,1.0,1.5807571411132812,0.6326082348823547,0.0,1.0
2x,Hattrick,445,High,37.64697265625,38.70869445800781,0.9725714921951294,37.647274017333984,0.9999920129776001,1.000000238418579,1.716385006904602,0.5826200246810913,0.0,1.000000238418579
2x,Hattrick,446,High,40.15766525268555,41.172664642333984,0.9753477573394775,40.15787887573242,0.999994695186615,1.0,1.681823492050171,0.5945926904678345,0.0,1.0
2x,Hattrick,447,High,42.21578598022461,43.67449951171875,0.9666003584861755,42.21596908569336,0.9999956488609314,1.0000001192092896,1.8087255954742432,0.5528755187988281,0.0,1.0000001192092896
2x,Hattrick,448,High,44.28399658203125,45.747554779052734,0.9680079221725464,44.28458023071289,0.9999868273735046,1.0,1.8270206451416016,0.5473392009735107,0.0,1.0
2x,Hattrick,449,High,46.95062255859375,48.80077362060547,0.9620876908302307,46.95219039916992,0.9999666213989258,1.0000001192092896,1.8480746746063232,0.541103720664978,0.0,1.0000001192092896
2x,Hattrick,450,High,48.96147155761719,50.89148712158203,0.9620758891105652,48.96222686767578,0.9999845623970032,1.0000001192092896,2.0334808826446533,0.49176764488220215,0.0,1.0000001192092896
2x,Hattrick,451,High,52.83448791503906,55.49192428588867,0.9521113038063049,52.835357666015625,0.999983549118042,1.000000238418579,2.209352970123291,0.45262131094932556,0.0,1.000000238418579
2x,Hattrick,452,High,55.12330627441406,58.302085876464844,0.9454774260520935,55.15562438964844,0.9994140267372131,1.0,2.5289714336395264,0.3954176604747772,0.0,1.0
2x,Hattrick,453,High,54.36824035644531,57.382362365722656,0.9474730491638184,54.37189483642578,0.9999327659606934,1.0,2.3832807540893555,0.41958966851234436,0.0,1.0
2x,Hattrick,454,High,54.97599792480469,58.65031433105469,0.9373521208763123,55.07414245605469,0.9982179403305054,1.0000001192092896,2.4454617500305176,0.4089207649230957,0.0,1.0000001192092896
2x,Hattrick,455,High,54.188751220703125,58.40483856201172,0.9278126955032349,54.232913970947266,0.9991856813430786,1.0,2.425541877746582,0.41227900981903076,0.0,1.0
2x,Hattrick,456,High,56.08980941772461,60.499717712402344,0.9271085858345032,56.16615676879883,0.9986407160758972,1.0000001192092896,2.427128314971924,0.4120095670223236,0.0,1.0000001192092896
2x,Hattrick,457,High,57.60883331298828,62.77009582519531,0.9177751541137695,57.822078704833984,0.9963120222091675,1.0,2.3584847450256348,0.4240010380744934,0.0,1.0
2x,Hattrick,458,High,59.40819549560547,64.16187286376953,0.9259111881256104,59.55216979980469,0.9975823760032654,1.0,2.3756890296936035,0.42093050479888916,0.0,1.0
2x,Hattrick,459,High,59.412132263183594,65.10098266601562,0.9126150012016296,59.53937530517578,0.9978628754615784,1.0,2.588312864303589,0.3863520622253418,0.0,1.0
2x,Hattrick,460,High,60.382057189941406,65.79720306396484,0.9176994562149048,60.543827056884766,0.9973280429840088,1.0,2.5629115104675293,0.3901812434196472,0.0,1.0
2x,Hattrick,461,High,60.134483337402344,65.16857147216797,0.9227527976036072,60.18305206298828,0.999193012714386,1.0,2.7350330352783203,0.3656263053417206,0.0,1.0
2x,Hattrick,462,High,60.050323486328125,65.53604888916016,0.916294515132904,60.17683410644531,0.9978976845741272,1.0,2.4626641273498535,0.40606430172920227,0.0,1.0
2x,Hattrick,463,High,60.48876953125,67.10050964355469,0.901465117931366,60.57726287841797,0.9985391497612,1.0000001192092896,2.629364252090454,0.38032010197639465,0.0,1.0000001192092896
2x,Hattrick,432,Medium,21.370742797851562,30.64992904663086,0.697252631187439,21.957408905029297,0.9732816219329834,1.0000001192092896,2.174201726913452,0.45993897318840027,0.0,1.0000001192092896
2x,Hattrick,433,Medium,20.758895874023438,29.743457794189453,0.6979314684867859,21.21469497680664,0.9785149097442627,1.0000001192092896,2.0541915893554688,0.4868095815181732,0.0,1.0000001192092896
2x,Hattrick,434,Medium,21.67103385925293,29.894237518310547,0.7249234318733215,22.204544067382812,0.9759729504585266,1.0000001192092896,2.068408727645874,0.48346349596977234,0.0,1.0000001192092896
2x,Hattrick,435,Medium,21.441925048828125,29.511154174804688,0.726570188999176,22.0087890625,0.9742437601089478,1.0,2.1056599617004395,0.4749104976654053,0.0,1.0
2x,Hattrick,436,Medium,21.721492767333984,29.68134307861328,0.7318230867385864,22.256038665771484,0.9759820103645325,1.0000001192092896,2.061002016067505,0.4852009415626526,0.0,1.0000001192092896
2x,Hattrick,437,Medium,21.623395919799805,29.40087890625,0.7354676723480225,22.13925552368164,0.9766993522644043,1.0000001192092896,2.006168842315674,0.49846258759498596,0.0,1.0000001192092896
2x,Hattrick,438,Medium,21.026573181152344,28.379138946533203,0.7409165501594543,21.314760208129883,0.9864794611930847,1.0000001192092896,1.9619877338409424,0.5096872448921204,0.0,1.0000001192092896
2x,Hattrick,439,Medium,21.10846710205078,28.721601486206055,0.7349334955215454,21.30136489868164,0.9909443259239197,1.0,2.04508113861084,0.48897814750671387,0.0,1.0
2x,Hattrick,440,Medium,21.343219757080078,28.806852340698242,0.7409077286720276,21.593177795410156,0.9884242415428162,1.0,2.176926374435425,0.45936325192451477,0.0,1.0
2x,Hattrick,441,Medium,21.974227905273438,29.499439239501953,0.7449032664299011,22.305706024169922,0.9851393103599548,1.0000001192092896,2.323134660720825,0.43045294284820557,0.0,1.0000001192092896
2x,Hattrick,442,Medium,23.528270721435547,32.53779983520508,0.723105788230896,24.370071411132812,0.9654576182365417,1.0000001192092896,2.6989433765411377,0.3705154061317444,0.0,1.0000001192092896
2x,Hattrick,443,Medium,23.496828079223633,32.11758041381836,0.7315877676010132,23.773101806640625,0.9883787035942078,1.000000238418579,2.931173801422119,0.3411603271961212,0.0,1.000000238418579
2x,Hattrick,444,Medium,23.624366760253906,32.61119079589844,0.7244251370429993,23.908206939697266,0.9881279468536377,1.0000001192092896,3.0103931427001953,0.33218255639076233,0.0,1.0000001192092896
2x,Hattrick,445,Medium,24.314119338989258,34.435882568359375,0.70606929063797,24.526912689208984,0.9913240671157837,1.000000238418579,3.260941743850708,0.3066599667072296,0.0,1.000000238418579
2x,Hattrick,446,Medium,25.704132080078125,37.233638763427734,0.6903470158576965,26.31705093383789,0.9767102003097534,1.0,3.145914316177368,0.3178726136684418,0.0,1.0
2x,Hattrick,447,Medium,25.374650955200195,38.920711517333984,0.6519575119018555,26.14206314086914,0.9706445336341858,1.0000001192092896,3.3759002685546875,0.29621732234954834,0.0,1.0000001192092896
2x,Hattrick,448,Medium,25.343414306640625,40.898521423339844,0.619665801525116,26.141796112060547,0.969459593296051,1.0,3.4541797637939453,0.2895043194293976,0.0,1.0
2x,Hattrick,449,Medium,26.782718658447266,43.87458801269531,0.6104380488395691,28.101032257080078,0.9530866742134094,1.0000001192092896,3.4600605964660645,0.2890123128890991,0.0,1.0000001192092896
2x,Hattrick,450,Medium,27.029478073120117,45.53669738769531,0.5935757160186768,28.7122802734375,0.941390872001648,1.0000001192092896,3.8280060291290283,0.2612326443195343,0.0,1.0000001192092896
2x,Hattrick,451,Medium,27.557952880859375,49.677146911621094,0.5547410845756531,30.0404052734375,0.9173628687858582,1.000000238418579,4.190011024475098,0.23866291344165802,0.0,1.000000238418579
2x,Hattrick,452,Medium,28.9156494140625,52.251319885253906,0.5533955693244934,31.513580322265625,0.9175615310668945,1.0000001192092896,4.7939934730529785,0.20859438180923462,0.0,1.0000001192092896
2x,Hattrick,453,Medium,29.614582061767578,51.68361282348633,0.572997510433197,32.25862121582031,0.9180362224578857,1.0,4.509568214416504,0.22175072133541107,0.0,1.0
2x,Hattrick,454,Medium,29.396921157836914,52.34410095214844,0.5616090297698975,32.01002502441406,0.9183660745620728,1.0000001192092896,4.611860752105713,0.2168322503566742,0.0,1.0000001192092896
2x,Hattrick,455,Medium,28.851158142089844,52.440345764160156,0.5501710176467896,31.418865203857422,0.918274998664856,1.0000001192092896,4.5876851081848145,0.21797488629817963,0.0,1.0000001192092896
2x,Hattrick,456,Medium,27.48539161682129,54.493499755859375,0.5043792724609375,30.479053497314453,0.9017797112464905,1.0000001192092896,4.682440280914307,0.21356387436389923,0.0,1.0000001192092896
2x,Hattrick,457,Medium,27.894208908081055,56.50138854980469,0.4936906695365906,31.230609893798828,0.8931688666343689,1.0000001192092896,4.321086406707764,0.2314233034849167,0.0,1.0000001192092896
2x,Hattrick,458,Medium,27.73929786682129,57.49279022216797,0.48248305916786194,31.002243041992188,0.8947513103485107,1.0000001192092896,4.5749335289001465,0.21858243644237518,0.0,1.0000001192092896
2x,Hattrick,459,Medium,28.737648010253906,58.52760314941406,0.4910101592540741,32.133026123046875,0.8943337202072144,1.0000001192092896,4.8188910484313965,0.2075166553258896,0.0,1.0000001192092896
2x,Hattrick,460,Medium,29.098726272583008,58.10503387451172,0.5007952451705933,32.1143913269043,0.9060961604118347,1.000000238418579,4.84443998336792,0.20642225444316864,0.0,1.000000238418579
2x,Hattrick,461,Medium,29.246429443359375,58.00352096557617,0.5042181611061096,32.415061950683594,0.9022481441497803,1.000000238418579,5.112305641174316,0.19560649991035461,0.0,1.000000238418579
2x,Hattrick,462,Medium,29.477680206298828,58.517356872558594,0.503742516040802,32.93586730957031,0.8950024247169495,1.0000001192092896,4.741034507751465,0.21092446148395538,0.0,1.0000001192092896
2x,Hattrick,463,Medium,29.216373443603516,59.464752197265625,0.4913225471973419,32.536529541015625,0.8979560732841492,1.000000238418579,4.893871784210205,0.2043372392654419,0.0,1.000000238418579
2x,Hattrick,432,Low,4.202618598937988,6.819363594055176,0.6162772178649902,4.074577331542969,1.0314244031906128,1.0000001192092896,2.3984434604644775,0.41693711280822754,0.0,1.0000001192092896
2x,Hattrick,433,Low,4.248293399810791,7.145410537719727,0.5945485234260559,4.161109924316406,1.0209519863128662,1.0000001192092896,2.3003292083740234,0.4347204267978668,0.0,1.0000001192092896
2x,Hattrick,434,Low,4.100868225097656,6.9113287925720215,0.5933545231819153,4.020820617675781,1.0199083089828491,1.0000001192092896,2.2801828384399414,0.4385613799095154,0.0,1.0000001192092896
2x,Hattrick,435,Low,4.938066005706787,6.89573335647583,0.7161045670509338,5.002494812011719,0.9871206879615784,1.0000001192092896,2.2699332237243652,0.44054165482521057,0.0,1.0000001192092896
2x,Hattrick,436,Low,4.469132423400879,7.0866312980651855,0.6306427121162415,4.447750091552734,1.004807472229004,1.0000001192092896,2.274751901626587,0.4396084249019623,0.0,1.0000001192092896
2x,Hattrick,437,Low,4.4777960777282715,6.994507312774658,0.6401875019073486,4.724117279052734,0.9478588104248047,1.0000001192092896,2.238699197769165,0.4466880261898041,0.0,1.0000001192092896
2x,Hattrick,438,Low,4.629909992218018,6.484365463256836,0.7140112519264221,4.7272491455078125,0.9794089198112488,1.0000001192092896,2.157700777053833,0.46345633268356323,0.0,1.0000001192092896
2x,Hattrick,439,Low,4.962276458740234,6.828071594238281,0.7267463803291321,5.091827392578125,0.974557101726532,1.0000001192092896,2.2361667156219482,0.4471938908100128,0.0,1.0000001192092896
2x,Hattrick,440,Low,4.38662052154541,7.231462478637695,0.606602132320404,4.389732360839844,0.9992911219596863,1.0000001192092896,2.448800563812256,0.4083632230758667,0.0,1.0000001192092896
2x,Hattrick,441,Low,4.895533561706543,6.986618995666504,0.7007013559341431,4.846160888671875,1.0101879835128784,1.0000001192092896,2.5955097675323486,0.3852808177471161,0.0,1.0000001192092896
2x,Hattrick,442,Low,4.985752105712891,7.349736213684082,0.6783579587936401,4.8721466064453125,1.0233173370361328,1.0000001192092896,3.005807876586914,0.3326893150806427,0.0,1.0000001192092896
2x,Hattrick,443,Low,5.39628267288208,8.128369331359863,0.6638825535774231,5.408580780029297,0.9977262020111084,1.000000238418579,3.309211015701294,0.30218690633773804,0.0,1.000000238418579
2x,Hattrick,444,Low,4.861239433288574,7.652280807495117,0.6352667212486267,4.883014678955078,0.9955406188964844,1.000000238418579,3.3022725582122803,0.3028218448162079,0.0,1.000000238418579
2x,Hattrick,445,Low,4.709879398345947,7.880474090576172,0.597664475440979,4.717109680175781,0.998467206954956,1.000000238418579,3.6615874767303467,0.273105651140213,0.0,1.000000238418579
2x,Hattrick,446,Low,5.280033588409424,9.017852783203125,0.5855089426040649,5.26220703125,1.003387689590454,1.0000001192092896,3.461871862411499,0.28886109590530396,0.0,1.0000001192092896
2x,Hattrick,447,Low,4.998633861541748,8.941078186035156,0.5590638518333435,4.856040954589844,1.029363989830017,1.0,3.73944091796875,0.2674196660518646,0.0,1.0
2x,Hattrick,448,Low,5.236806392669678,9.870680809020996,0.5305415391921997,5.16497802734375,1.0139068365097046,1.0000001192092896,3.7802724838256836,0.2645312249660492,0.0,1.0000001192092896
2x,Hattrick,449,Low,5.1250762939453125,9.923047065734863,0.5164821147918701,5.1681060791015625,0.9916739463806152,1.000000238418579,3.8830220699310303,0.25753143429756165,0.0,1.000000238418579
2x,Hattrick,450,Low,5.420404434204102,10.689220428466797,0.50709068775177,5.602684020996094,0.9674656391143799,1.0000001192092896,4.209193706512451,0.2375752180814743,0.0,1.0000001192092896
2x,Hattrick,451,Low,5.817030906677246,11.823735237121582,0.49197912216186523,4.909332275390625,1.1848925352096558,1.000000238418579,4.790958404541016,0.20872655510902405,0.0,1.000000238418579
2x,Hattrick,452,Low,6.076279640197754,12.052978515625,0.5041309595108032,5.172607421875,1.1747034788131714,1.0000001192092896,5.30308723449707,0.18856942653656006,0.0,1.0000001192092896
2x,Hattrick,453,Low,6.5389251708984375,12.813074111938477,0.5103322863578796,5.673393249511719,1.1525598764419556,1.0,4.968624591827393,0.2012629359960556,0.0,1.0
2x,Hattrick,454,Low,6.256788730621338,11.914324760437012,0.5251483917236328,5.395729064941406,1.1595816612243652,1.0000001192092896,5.033122539520264,0.19868384301662445,0.0,1.0000001192092896
2x,Hattrick,455,Low,6.5003204345703125,12.404805183410645,0.5240163207054138,5.6802520751953125,1.1443718671798706,1.000000238418579,5.187154293060303,0.19278398156166077,0.0,1.000000238418579
2x,Hattrick,456,Low,5.652338027954102,12.085302352905273,0.4677034914493561,4.501518249511719,1.2556514739990234,1.000000238418579,5.070983409881592,0.1972004622220993,0.0,1.000000238418579
2x,Hattrick,457,Low,5.639988899230957,13.721074104309082,0.41104573011398315,4.210472106933594,1.3395146131515503,1.0000001192092896,4.809861183166504,0.20790623128414154,0.0,1.0000001192092896
2x,Hattrick,458,Low,5.970431327819824,13.619312286376953,0.43837979435920715,4.49859619140625,1.327176570892334,1.0000001192092896,5.073232173919678,0.1971130222082138,0.0,1.0000001192092896
2x,Hattrick,459,Low,6.034075736999512,12.780935287475586,0.47211533784866333,4.230316162109375,1.4263888597488403,1.0000001192092896,5.370874404907227,0.1861894428730011,0.0,1.0000001192092896
2x,Hattrick,460,Low,5.559963226318359,13.045042991638184,0.42621272802352905,4.0892181396484375,1.3596640825271606,1.000000238418579,5.3673601150512695,0.18631137907505035,0.0,1.000000238418579
2x,Hattrick,461,Low,5.8500518798828125,14.204662322998047,0.4118402600288391,4.462318420410156,1.3109893798828125,1.000000238418579,5.543355464935303,0.1803961992263794,0.0,1.000000238418579
2x,Hattrick,462,Low,6.033897399902344,14.118459701538086,0.42737647891044617,4.3176422119140625,1.3974982500076294,1.0000001192092896,5.3121795654296875,0.18824666738510132,0.0,1.0000001192092896
2x,Hattrick,463,Low,5.8122429847717285,13.828115463256836,0.42032068967819214,4.1971435546875,1.384809136390686,1.000000238418579,5.355515480041504,0.18672344088554382,0.0,1.000000238418579
2x,Hattrick,464,High,60.73358917236328,67.90959167480469,0.8943300843238831,60.89291000366211,0.9973835945129395,1.0,2.586153030395508,0.3866747319698334,0.0,1.0
2x,Hattrick,465,High,60.97837829589844,67.71635437011719,0.9004970788955688,61.13463592529297,0.9974440336227417,1.0000001192092896,2.8513131141662598,0.35071563720703125,0.0,1.0000001192092896
2x,Hattrick,466,High,61.393524169921875,68.825927734375,0.8920115828514099,61.44599914550781,0.9991459846496582,1.000000238418579,2.6596083641052246,0.37599530816078186,0.0,1.000000238418579
2x,Hattrick,467,High,60.409889221191406,67.70396423339844,0.8922652006149292,60.49359130859375,0.9986163377761841,1.0,2.6628024578094482,0.3755441904067993,0.0,1.0
2x,Hattrick,468,High,59.13713073730469,66.29100799560547,0.8920837640762329,59.22005081176758,0.9985997676849365,1.0000001192092896,2.7809441089630127,0.3595901429653168,0.0,1.0000001192092896
2x,Hattrick,469,High,59.62643814086914,67.03770446777344,0.8894463181495667,59.714744567871094,0.9985212087631226,0.9999998807907104,2.7298593521118164,0.3663192093372345,0.0,0.9999998807907104
2x,Hattrick,470,High,60.18335723876953,67.52896881103516,0.8912228345870972,60.24677658081055,0.9989473223686218,1.000000238418579,2.842733144760132,0.3517742156982422,0.0,1.000000238418579
2x,Hattrick,471,High,60.162471771240234,68.47381591796875,0.8786200881004333,60.384681701660156,0.9963200688362122,1.000000238418579,2.7462000846862793,0.3641396164894104,0.0,1.000000238418579
2x,Hattrick,472,High,60.152557373046875,67.6772689819336,0.8888148069381714,60.235107421875,0.9986295104026794,1.0,2.7633755207061768,0.3618762493133545,0.0,1.0
2x,Hattrick,473,High,60.953800201416016,68.33329772949219,0.8920072913169861,61.18670654296875,0.996193528175354,0.9999998807907104,2.720515727996826,0.36757731437683105,0.0,0.9999998807907104
2x,Hattrick,474,High,60.91392517089844,68.20462036132812,0.8931055665016174,61.15829849243164,0.9960042238235474,0.9999998807907104,2.536991596221924,0.39416760206222534,0.0,0.9999998807907104
2x,Hattrick,475,High,62.228633880615234,69.97579193115234,0.8892880082130432,62.36090087890625,0.9978790283203125,1.0000001192092896,2.6427383422851562,0.3783954381942749,0.0,1.0000001192092896
2x,Hattrick,476,High,60.76057815551758,67.96894836425781,0.89394611120224,60.880558013916016,0.9980292320251465,0.9999998807907104,2.765469551086426,0.36160221695899963,0.0,0.9999998807907104
2x,Hattrick,477,High,61.40394592285156,68.79931640625,0.8925080895423889,61.5156364440918,0.9981843829154968,1.0,2.6890909671783447,0.3718728721141815,0.0,1.0
2x,Hattrick,478,High,59.515403747558594,67.36585235595703,0.8834654688835144,59.872955322265625,0.9940281510353088,1.0,2.5883283615112305,0.38634973764419556,0.0,1.0
2x,Hattrick,479,High,59.0830078125,66.86679077148438,0.8835926651954651,59.511390686035156,0.9928016662597656,0.9999998807907104,2.6964004039764404,0.37086474895477295,0.0,0.9999998807907104
2x,Hattrick,480,High,58.742645263671875,66.5469970703125,0.8827242255210876,59.14198684692383,0.9932477474212646,1.0,2.577756404876709,0.38793423771858215,0.0,1.0
2x,Hattrick,481,High,58.582542419433594,65.56578063964844,0.8934926390647888,58.66014099121094,0.998677134513855,1.0,2.5817549228668213,0.3873334228992462,0.0,1.0
2x,Hattrick,482,High,57.075721740722656,63.896728515625,0.89324951171875,57.124488830566406,0.9991462826728821,0.9999998807907104,2.467940092086792,0.4051961600780487,0.0,0.9999998807907104
2x,Hattrick,483,High,56.4385986328125,62.97758483886719,0.8961696028709412,56.51472473144531,0.998652994632721,0.9999998807907104,2.40797758102417,0.41528621315956116,0.0,0.9999998807907104
2x,Hattrick,484,High,57.29999542236328,64.67543029785156,0.8859623670578003,57.35789108276367,0.9989905953407288,1.0000001192092896,2.4287850856781006,0.41172853112220764,0.0,1.0000001192092896
2x,Hattrick,485,High,57.553592681884766,64.74214172363281,0.88896644115448,57.68404769897461,0.9977384805679321,1.0000001192092896,2.421156644821167,0.41302579641342163,0.0,1.0000001192092896
2x,Hattrick,486,High,55.8504638671875,62.95967483520508,0.887083113193512,56.06980895996094,0.9960880279541016,1.0000001192092896,2.1840620040893555,0.45786252617836,0.0,1.0000001192092896
2x,Hattrick,487,High,56.53478240966797,63.670101165771484,0.8879329562187195,56.59715270996094,0.9988979697227478,1.0,2.1712965965270996,0.460554301738739,0.0,1.0
2x,Hattrick,488,High,54.47330093383789,61.593467712402344,0.8844006061553955,54.613277435302734,0.9974369406700134,1.000000238418579,2.2128076553344727,0.4519146680831909,0.0,1.000000238418579
2x,Hattrick,489,High,55.58769226074219,62.836219787597656,0.884644091129303,55.675933837890625,0.9984151124954224,1.0,2.1783385276794434,0.4590654671192169,0.0,1.0
2x,Hattrick,490,High,54.37553787231445,61.23728942871094,0.8879481554031372,54.42790603637695,0.9990378618240356,1.0000001192092896,2.0749804973602295,0.48193231225013733,0.0,1.0000001192092896
2x,Hattrick,491,High,53.81852722167969,60.02318572998047,0.8966289758682251,53.86792755126953,0.9990829229354858,1.0,2.0819408893585205,0.4803210198879242,0.0,1.0
2x,Hattrick,492,High,53.19489669799805,59.747337341308594,0.8903308510780334,53.294185638427734,0.9981369376182556,1.0,2.1427032947540283,0.46670016646385193,0.0,1.0
2x,Hattrick,493,High,53.65544891357422,59.652061462402344,0.8994734883308411,53.86862564086914,0.9960426688194275,1.0000001192092896,2.167954206466675,0.46126440167427063,0.0,1.0000001192092896
2x,Hattrick,494,High,52.70630645751953,59.363494873046875,0.88785719871521,52.877159118652344,0.9967688918113708,1.0000001192092896,1.898830533027649,0.526639997959137,0.0,1.0000001192092896
2x,Hattrick,495,High,51.437705993652344,58.23219299316406,0.8833207488059998,51.79559326171875,0.9930903911590576,1.0,1.8278006315231323,0.547105610370636,0.0,1.0
2x,Hattrick,464,Medium,30.13272476196289,60.340415954589844,0.4993788003921509,33.60805130004883,0.8965924382209778,1.0,4.9478373527526855,0.2021085023880005,0.0,1.0
2x,Hattrick,465,Medium,30.589214324951172,61.006317138671875,0.5014106035232544,33.942108154296875,0.9012172818183899,1.000000238418579,5.326302528381348,0.1877475529909134,0.0,1.000000238418579
2x,Hattrick,466,Medium,30.45864486694336,61.541778564453125,0.4949263036251068,33.89189147949219,0.8987000584602356,1.000000238418579,4.971914768218994,0.20112980902194977,0.0,1.000000238418579
2x,Hattrick,467,Medium,29.737119674682617,59.55256652832031,0.4993423819541931,33.403961181640625,0.8902273178100586,1.0000001192092896,5.008863925933838,0.19964610040187836,0.0,1.0000001192092896
2x,Hattrick,468,Medium,28.87639617919922,59.78158187866211,0.48303166031837463,32.18546676635742,0.8971874117851257,1.0000001192092896,5.206176280975342,0.1920795738697052,0.0,1.0000001192092896
2x,Hattrick,469,Medium,30.6284236907959,60.038482666015625,0.5101465582847595,33.91632843017578,0.9030583500862122,1.0000001192092896,5.262711048126221,0.19001615047454834,0.0,1.0000001192092896
2x,Hattrick,470,Medium,30.874338150024414,60.34033966064453,0.511669933795929,34.35508346557617,0.8986832499504089,1.000000238418579,5.454912185668945,0.1833210587501526,0.0,1.000000238418579
2x,Hattrick,471,Medium,30.144927978515625,60.85108947753906,0.4953884780406952,33.775115966796875,0.8925188779830933,1.000000238418579,5.126410484313965,0.19506831467151642,0.0,1.000000238418579
2x,Hattrick,472,Medium,30.214923858642578,60.569252014160156,0.49884921312332153,33.69541931152344,0.8967071771621704,1.000000238418579,5.18290901184082,0.19294188916683197,0.0,1.000000238418579
2x,Hattrick,473,Medium,28.362720489501953,61.56744384765625,0.46067723631858826,32.00323486328125,0.8862454295158386,1.000000238418579,5.269673824310303,0.1897651106119156,0.0,1.000000238418579
2x,Hattrick,474,Medium,28.776708602905273,61.02027130126953,0.47159260511398315,31.988231658935547,0.899603009223938,1.0000001192092896,4.868702411651611,0.20539355278015137,0.0,1.0000001192092896
2x,Hattrick,475,Medium,30.446735382080078,61.73448181152344,0.4931884706020355,33.789955139160156,0.9010587930679321,1.000000238418579,4.913802623748779,0.2035084217786789,0.0,1.000000238418579
2x,Hattrick,476,Medium,30.78985595703125,61.52406692504883,0.5004522204399109,34.479122161865234,0.8930000066757202,1.0,5.187185764312744,0.19278275966644287,0.0,1.0
2x,Hattrick,477,Medium,30.509963989257812,61.196983337402344,0.49855339527130127,33.79048538208008,0.9029158353805542,1.0000001192092896,5.0403971672058105,0.19839708507061005,0.0,1.0000001192092896
2x,Hattrick,478,Medium,28.904359817504883,60.400230407714844,0.47854718565940857,31.741188049316406,0.9106262922286987,1.0000001192092896,4.874043941497803,0.2051684707403183,0.0,1.0000001192092896
2x,Hattrick,479,Medium,28.533935546875,60.869354248046875,0.46877342462539673,31.24231719970703,0.9133104681968689,1.0000001192092896,5.104190826416016,0.19591745734214783,0.0,1.0000001192092896
2x,Hattrick,480,Medium,27.850366592407227,59.198463439941406,0.4704575836658478,29.900074005126953,0.9314481019973755,1.0000001192092896,4.959178924560547,0.20164631307125092,0.0,1.0000001192092896
2x,Hattrick,481,Medium,28.471881866455078,58.6655158996582,0.4853256940841675,31.37969207763672,0.9073346257209778,1.000000238418579,4.963308334350586,0.20147857069969177,0.0,1.000000238418579
2x,Hattrick,482,Medium,28.543466567993164,56.795135498046875,0.5025688409805298,31.234825134277344,0.9138346910476685,1.0000001192092896,4.6866044998168945,0.21337412297725677,0.0,1.0000001192092896
2x,Hattrick,483,Medium,28.408031463623047,56.927589416503906,0.49902045726776123,30.704208374023438,0.9252161979675293,1.0000001192092896,4.45863676071167,0.224283829331398,0.0,1.0000001192092896
2x,Hattrick,484,Medium,28.978395462036133,57.705745697021484,0.5021752119064331,32.141117095947266,0.9015988707542419,1.000000238418579,4.638410568237305,0.21559114754199982,0.0,1.000000238418579
2x,Hattrick,485,Medium,28.793241500854492,57.88555908203125,0.4974166750907898,31.300708770751953,0.9198910593986511,1.000000238418579,4.510226249694824,0.2217184156179428,0.0,1.000000238418579
2x,Hattrick,486,Medium,27.902339935302734,56.209693908691406,0.4963972866535187,30.202598571777344,0.9238390326499939,1.000000238418579,4.193121910095215,0.23848584294319153,0.0,1.000000238418579
2x,Hattrick,487,Medium,28.28671646118164,57.41437530517578,0.4926765561103821,31.563262939453125,0.8961911201477051,1.0,4.0997843742370605,0.24391525983810425,0.0,1.0
2x,Hattrick,488,Medium,27.530593872070312,54.704978942871094,0.5032557249069214,30.095096588134766,0.914786696434021,1.000000238418579,4.162426471710205,0.2402445375919342,0.0,1.000000238418579
2x,Hattrick,489,Medium,27.846351623535156,55.817771911621094,0.49887967109680176,30.901344299316406,0.9011372327804565,1.0000001192092896,4.010655403137207,0.24933584034442902,0.0,1.0000001192092896
2x,Hattrick,490,Medium,28.151460647583008,54.76728820800781,0.5140196084976196,30.821414947509766,0.9133734107017517,1.0000001192092896,3.947181224822998,0.2533453702926636,0.0,1.0000001192092896
2x,Hattrick,491,Medium,27.608747482299805,53.56825256347656,0.515393853187561,29.784645080566406,0.926945686340332,1.0000001192092896,3.957941770553589,0.25265660881996155,0.0,1.0000001192092896
2x,Hattrick,492,Medium,27.076271057128906,52.61939239501953,0.5145682692527771,29.087421417236328,0.9308584332466125,1.0000001192092896,4.047706127166748,0.24705353379249573,0.0,1.0000001192092896
2x,Hattrick,493,Medium,26.64453887939453,53.32155227661133,0.49969547986984253,29.037837982177734,0.9175800085067749,1.0000001192092896,4.126221656799316,0.24235250055789948,0.0,1.0000001192092896
2x,Hattrick,494,Medium,26.66312026977539,53.33635711669922,0.49990516901016235,29.041259765625,0.9181116819381714,1.000000238418579,3.6159071922302246,0.2765558362007141,0.0,1.000000238418579
2x,Hattrick,495,Medium,26.332138061523438,51.93688201904297,0.5070026516914368,27.831459045410156,0.9461285471916199,1.0000001192092896,3.430349588394165,0.2915154993534088,0.0,1.0000001192092896
2x,Hattrick,464,Low,6.561068058013916,14.994234085083008,0.43757274746894836,5.1723785400390625,1.2684818506240845,1.0,5.587870121002197,0.17895905673503876,0.0,1.0
2x,Hattrick,465,Low,6.025290489196777,13.941164016723633,0.43219423294067383,4.42724609375,1.3609567880630493,1.0000001192092896,5.9254255294799805,0.16876427829265594,0.0,1.0000001192092896
2x,Hattrick,466,Low,5.865907669067383,15.059968948364258,0.3895033001899719,4.4502410888671875,1.3181101083755493,1.000000238418579,5.395884037017822,0.185326486825943,0.0,1.000000238418579
2x,Hattrick,467,Low,6.304962158203125,13.998594284057617,0.4503996670246124,4.662078857421875,1.3523929119110107,1.0000001192092896,5.669766426086426,0.17637412250041962,0.0,1.0000001192092896
2x,Hattrick,468,Low,6.084351539611816,13.772737503051758,0.44176778197288513,4.645927429199219,1.3096096515655518,1.0000001192092896,5.7658891677856445,0.1734338104724884,0.0,1.0000001192092896
2x,Hattrick,469,Low,6.7037506103515625,14.018317222595215,0.4782136380672455,5.284912109375,1.2684696912765503,1.0000001192092896,5.986262798309326,0.16704915463924408,0.0,1.0000001192092896
2x,Hattrick,470,Low,6.734383583068848,14.061542510986328,0.4789220988750458,5.6351776123046875,1.195061445236206,1.000000238418579,6.073334693908691,0.1646542251110077,0.0,1.000000238418579
2x,Hattrick,471,Low,6.346325874328613,13.672536849975586,0.46416592597961426,4.5225677490234375,1.4032572507858276,1.000000238418579,5.771609306335449,0.17326194047927856,0.0,1.000000238418579
2x,Hattrick,472,Low,6.518378257751465,14.711697578430176,0.4430745244026184,5.0565185546875,1.2891039848327637,1.000000238418579,5.816832542419434,0.17191490530967712,0.0,1.000000238418579
2x,Hattrick,473,Low,5.948963165283203,14.028363227844238,0.42406681180000305,4.291282653808594,1.386290192604065,1.000000238418579,5.783627986907959,0.17290189862251282,0.0,1.000000238418579
2x,Hattrick,474,Low,5.523781776428223,14.51121711730957,0.38065600395202637,4.2434234619140625,1.3017276525497437,1.0000001192092896,5.4855265617370605,0.18229793012142181,0.0,1.0000001192092896
2x,Hattrick,475,Low,5.9969282150268555,14.049905776977539,0.4268305003643036,4.565116882324219,1.3136417865753174,1.000000238418579,5.513415813446045,0.18137580156326294,0.0,1.000000238418579
2x,Hattrick,476,Low,6.135256290435791,13.839869499206543,0.44330304861068726,4.925384521484375,1.2456400394439697,1.0,5.75729513168335,0.17369267344474792,0.0,1.0
2x,Hattrick,477,Low,6.326589107513428,14.160572052001953,0.446774959564209,5.107025146484375,1.2388012409210205,1.0000001192092896,5.589190483093262,0.1789168119430542,0.0,1.0000001192092896
2x,Hattrick,478,Low,6.637190341949463,14.367558479309082,0.4619567394256592,5.5279388427734375,1.2006627321243286,1.0000001192092896,5.522497653961182,0.1810775101184845,0.0,1.0000001192092896
2x,Hattrick,479,Low,6.009164333343506,13.77448844909668,0.4362531900405884,4.840576171875,1.2414151430130005,1.000000238418579,5.559004783630371,0.17988835275173187,0.0,1.000000238418579
2x,Hattrick,480,Low,6.2678446769714355,13.915355682373047,0.45042648911476135,5.974098205566406,1.0491700172424316,1.0000001192092896,5.472997665405273,0.1827152520418167,0.0,1.0000001192092896
2x,Hattrick,481,Low,5.638622283935547,13.397420883178711,0.4208737015724182,4.804954528808594,1.17350172996521,1.0,5.530740737915039,0.18080760538578033,0.0,1.0
2x,Hattrick,482,Low,5.726431846618652,13.403580665588379,0.42723149061203003,5.015464782714844,1.1417549848556519,1.0000001192092896,5.2781829833984375,0.1894591599702835,0.0,1.0000001192092896
2x,Hattrick,483,Low,6.0034871101379395,13.837244033813477,0.4338643550872803,5.456123352050781,1.1003210544586182,1.000000238418579,5.045169353485107,0.19820944964885712,0.0,1.000000238418579
2x,Hattrick,484,Low,6.139691352844238,13.139537811279297,0.4672684371471405,5.194549560546875,1.1819487810134888,1.000000238418579,5.085361003875732,0.1966429203748703,0.0,1.000000238418579
2x,Hattrick,485,Low,6.024462699890137,14.011348724365234,0.42997023463249207,5.719085693359375,1.0533961057662964,1.0000001192092896,5.115324020385742,0.19549106061458588,0.0,1.0000001192092896
2x,Hattrick,486,Low,5.881677150726318,13.093757629394531,0.44919702410697937,5.4307403564453125,1.0830341577529907,1.000000238418579,4.675281524658203,0.2138909101486206,0.0,1.000000238418579
2x,Hattrick,487,Low,5.672280311584473,13.009535789489746,0.4360094368457794,5.074729919433594,1.1177501678466797,1.0,4.627154350280762,0.2161155492067337,0.0,1.0
2x,Hattrick,488,Low,6.066061019897461,13.43559455871582,0.4514918327331543,5.098602294921875,1.189749836921692,1.000000238418579,4.663035869598389,0.2144526094198227,0.0,1.000000238418579
2x,Hattrick,489,Low,6.068421363830566,13.055214881896973,0.46482738852500916,4.98583984375,1.21713125705719,1.0,4.49531364440918,0.22245389223098755,0.0,1.0
2x,Hattrick,490,Low,6.423489570617676,13.190929412841797,0.48696261644363403,5.614494323730469,1.1440905332565308,1.0000001192092896,4.379480361938477,0.2283376157283783,0.0,1.0000001192092896
2x,Hattrick,491,Low,5.9098734855651855,12.907079696655273,0.457878440618515,5.316902160644531,1.1115257740020752,1.0000001192092896,4.546810150146484,0.21993443369865417,0.0,1.0000001192092896
2x,Hattrick,492,Low,6.099819183349609,12.856514930725098,0.47445353865623474,5.435508728027344,1.122216820716858,1.0000001192092896,4.535309791564941,0.22049212455749512,0.0,1.0000001192092896
2x,Hattrick,493,Low,5.770942687988281,12.208854675292969,0.4726850092411041,4.913970947265625,1.174394965171814,1.0000001192092896,4.4546122550964355,0.22448645532131195,0.0,1.0000001192092896
2x,Hattrick,494,Low,6.008196830749512,12.875577926635742,0.4666351079940796,5.112068176269531,1.175296664237976,1.0000001192092896,4.056931495666504,0.24649174511432648,0.0,1.0000001192092896
2x,Hattrick,495,Low,6.121916770935059,12.396707534790039,0.49383407831192017,5.44793701171875,1.1237128973007202,1.0000001192092896,3.728620767593384,0.2681957185268402,0.0,1.0000001192092896
2x,Hattrick,496,High,51.02655792236328,58.16364669799805,0.8772929906845093,51.17025375366211,0.9971917867660522,1.000000238418579,1.809687614440918,0.5525816679000854,0.0,1.000000238418579
2x,Hattrick,497,High,51.844139099121094,58.112430572509766,0.8921350836753845,51.865718841552734,0.9995839595794678,1.000000238418579,1.9922375679016113,0.5019482970237732,0.0,1.000000238418579
2x,Hattrick,498,High,51.13615798950195,57.82833480834961,0.8842751383781433,51.74318313598633,0.9882684946060181,1.0000001192092896,1.808681607246399,0.5528889894485474,0.0,1.0000001192092896
2x,Hattrick,499,High,50.58376693725586,56.957611083984375,0.888094961643219,51.23857116699219,0.9872204661369324,1.0,2.0501558780670166,0.4877677857875824,0.0,1.0
2x,Hattrick,496,Medium,26.85324478149414,51.758033752441406,0.5188227295875549,28.560688018798828,0.9402170181274414,1.000000238418579,3.3898093700408936,0.29500192403793335,0.0,1.000000238418579
2x,Hattrick,497,Medium,26.836938858032227,52.122440338134766,0.5148826241493225,28.46445083618164,0.9428229928016663,1.000000238418579,3.713843584060669,0.2692628800868988,0.0,1.000000238418579
2x,Hattrick,498,Medium,25.91017723083496,52.161983489990234,0.49672532081604004,26.92325210571289,0.9623717665672302,1.0000001192092896,3.5188515186309814,0.28418365120887756,0.0,1.0000001192092896
2x,Hattrick,499,Medium,25.4515438079834,50.53978729248047,0.5035942196846008,26.251312255859375,0.969534158706665,1.0000001192092896,3.8946328163146973,0.25676363706588745,0.0,1.0000001192092896
2x,Hattrick,496,Low,5.459656238555908,11.940252304077148,0.4572479724884033,4.75323486328125,1.1486190557479858,1.000000238418579,3.799304962158203,0.2632060945034027,0.0,1.000000238418579
2x,Hattrick,497,Low,5.616459369659424,12.190511703491211,0.4607238471508026,5.0590972900390625,1.1101702451705933,1.000000238418579,4.057243347167969,0.2464728206396103,0.0,1.000000238418579
2x,Hattrick,498,Low,5.595096588134766,11.726059913635254,0.4771506190299988,4.929756164550781,1.134964108467102,1.0000001192092896,3.932940721511841,0.25426268577575684,0.0,1.0000001192092896
2x,Hattrick,499,Low,5.796128749847412,12.073348045349121,0.4800763428211212,5.2370147705078125,1.1067619323730469,1.0000001192092896,4.204283237457275,0.23785269260406494,0.0,1.0000001192092896
2x,Hatrrick-e,400,High,41.71056365966797,45.574806213378906,0.915211021900177,41.773590087890625,0.9984912276268005,1.0,1.7278752326965332,0.5787454843521118,0.0,1.0
2x,Hatrrick-e,401,High,42.55281066894531,46.09960174560547,0.9230624437332153,42.62327575683594,0.9983468055725098,1.0000003576278687,1.846089243888855,0.5416858196258545,0.0,1.0000003576278687
2x,Hatrrick-e,402,High,43.1583251953125,46.516517639160156,0.9278064370155334,43.18778991699219,0.9993177652359009,1.0000001192092896,1.773905634880066,0.5637279152870178,0.0,1.0000001192092896
2x,Hatrrick-e,403,High,41.75920867919922,45.1319580078125,0.9252691268920898,41.76030349731445,0.9999737739562988,1.0000001192092896,1.7690030336380005,0.5652902126312256,0.0,1.0000001192092896
2x,Hatrrick-e,404,High,41.16570281982422,44.697906494140625,0.9209761023521423,41.22837829589844,0.9984797835350037,1.0000001192092896,1.6488354206085205,0.6064887642860413,0.0,1.0000001192092896
2x,Hatrrick-e,405,High,41.77790832519531,45.856956481933594,0.911048412322998,41.891109466552734,0.9972977042198181,1.000000238418579,1.7663439512252808,0.5661413073539734,0.0,1.000000238418579
2x,Hatrrick-e,406,High,40.391204833984375,43.98003387451172,0.9183986783027649,40.47027587890625,0.9980462193489075,1.0,1.6935205459594727,0.5904858708381653,0.0,1.0
2x,Hatrrick-e,407,High,40.35594940185547,43.46099853515625,0.9285554885864258,40.42744064331055,0.9982315897941589,1.0,1.5797492265701294,0.6330118775367737,0.0,1.0
2x,Hatrrick-e,408,High,40.19792175292969,42.881805419921875,0.9374120831489563,40.206241607666016,0.9997930526733398,1.0,1.533264398574829,0.6522032618522644,0.0,1.0
2x,Hatrrick-e,409,High,40.66234588623047,43.73356628417969,0.929774284362793,40.71149444580078,0.9987927675247192,1.0,1.4927631616592407,0.6698986291885376,0.0,1.0
2x,Hatrrick-e,410,High,41.846309661865234,44.92241668701172,0.9315239787101746,41.8758430480957,0.9992947578430176,1.0000001192092896,1.4732695817947388,0.6787624955177307,0.0,1.0000001192092896
2x,Hatrrick-e,411,High,41.336570739746094,43.658870697021484,0.9468080401420593,41.347801208496094,0.9997283816337585,1.0000001192092896,1.447218656539917,0.6909806728363037,0.0,1.0000001192092896
2x,Hatrrick-e,412,High,40.12535095214844,42.69314956665039,0.9398545622825623,40.125614166259766,0.9999934434890747,1.0000001192092896,1.5336265563964844,0.6520493030548096,0.0,1.0000001192092896
2x,Hatrrick-e,413,High,39.518531799316406,41.97462463378906,0.9414862394332886,39.51884460449219,0.9999920725822449,1.0000001192092896,1.5214266777038574,0.6572778820991516,0.0,1.0000001192092896
2x,Hatrrick-e,414,High,39.59506607055664,41.580169677734375,0.9522584080696106,39.595436096191406,0.9999906420707703,1.0,1.3894360065460205,0.719716489315033,0.0,1.0
2x,Hatrrick-e,415,High,39.233741760253906,41.27081298828125,0.9506413340568542,39.23397445678711,0.9999940395355225,1.0,1.4078569412231445,0.7102994322776794,0.0,1.0
2x,Hatrrick-e,416,High,38.015472412109375,39.73426818847656,0.9567427635192871,38.015647888183594,0.9999954104423523,1.0000001192092896,1.356195092201233,0.7373571395874023,0.0,1.0000001192092896
2x,Hatrrick-e,417,High,38.080501556396484,39.704002380371094,0.959109902381897,38.080902099609375,0.9999895095825195,1.0,1.3305509090423584,0.7515683770179749,0.0,1.0
2x,Hatrrick-e,418,High,36.9732551574707,38.790985107421875,0.953140377998352,36.973419189453125,0.9999955892562866,0.9999998807907104,1.3786594867706299,0.7253421545028687,0.0,0.9999998807907104
2x,Hatrrick-e,419,High,37.2827033996582,38.974910736083984,0.9565821290016174,37.28286361694336,0.9999957084655762,1.0,1.3490700721740723,0.7412513494491577,0.0,1.0
2x,Hatrrick-e,420,High,37.28705596923828,38.226226806640625,0.9754312634468079,37.28720474243164,0.9999960064888,1.0,1.1956287622451782,0.8363800048828125,0.0,1.0
2x,Hatrrick-e,421,High,37.03211212158203,38.05433654785156,0.9731377959251404,37.032310485839844,0.9999946355819702,1.0,1.212921380996704,0.824455738067627,0.0,1.0
2x,Hatrrick-e,422,High,35.32234573364258,36.60314178466797,0.965008556842804,35.32260513305664,0.9999926686286926,1.0000001192092896,1.2667787075042725,0.7894039750099182,0.0,1.0000001192092896
2x,Hatrrick-e,423,High,34.732112884521484,36.00008010864258,0.9647787809371948,34.73232650756836,0.9999938607215881,1.0000001192092896,1.2641162872314453,0.791066586971283,0.0,1.0000001192092896
2x,Hatrrick-e,424,High,35.226898193359375,36.33315658569336,0.9695523977279663,35.22708511352539,0.999994695186615,1.0,1.2304308414459229,0.8127234578132629,0.0,1.0
2x,Hatrrick-e,425,High,35.65220642089844,36.793052673339844,0.9689928889274597,35.65238952636719,0.9999948740005493,1.0000001192092896,1.2376377582550049,0.8079909682273865,0.0,1.0000001192092896
2x,Hatrrick-e,426,High,36.13074493408203,37.17595672607422,0.9718847274780273,36.13092803955078,0.9999949336051941,1.0000001192092896,1.2177149057388306,0.8212103843688965,0.0,1.0000001192092896
2x,Hatrrick-e,427,High,36.252342224121094,37.54222106933594,0.9656419157981873,36.25252914428711,0.9999948143959045,1.0000001192092896,1.268684983253479,0.7882178425788879,0.0,1.0000001192092896
2x,Hatrrick-e,428,High,34.43061065673828,35.29963684082031,0.9753814339637756,34.4307746887207,0.999995231628418,1.0,1.181014060974121,0.8467299938201904,0.0,1.0
2x,Hatrrick-e,429,High,34.68242263793945,35.49671173095703,0.9770601391792297,34.682586669921875,0.9999952912330627,1.0000001192092896,1.1696094274520874,0.8549863696098328,0.0,1.0000001192092896
2x,Hatrrick-e,430,High,34.19580841064453,34.91438293457031,0.979418933391571,34.19598388671875,0.9999948740005493,1.000000238418579,1.149666428565979,0.8698177337646484,0.0,1.000000238418579
2x,Hatrrick-e,431,High,34.33985137939453,35.26498794555664,0.9737661480903625,34.340057373046875,0.9999939799308777,1.0,1.1926939487457275,0.8384380340576172,0.0,1.0
2x,Hatrrick-e,400,Medium,23.577678680419922,40.628265380859375,0.5803269743919373,24.583816528320312,0.9590731859207153,1.0,3.2141096591949463,0.3111281394958496,0.0,1.0
2x,Hatrrick-e,401,Medium,23.792613983154297,41.385414123535156,0.5749033689498901,24.992332458496094,0.9519965648651123,1.0000003576278687,3.5123562812805176,0.28470927476882935,0.0,1.0000003576278687
2x,Hatrrick-e,402,Medium,24.247074127197266,41.25141143798828,0.5877877473831177,25.460670471191406,0.952334463596344,1.000000238418579,3.431577682495117,0.29141122102737427,0.0,1.000000238418579
2x,Hatrrick-e,403,Medium,23.022499084472656,40.52296447753906,0.568134605884552,24.267559051513672,0.9486944675445557,1.0000001192092896,3.3813321590423584,0.295741468667984,0.0,1.0000001192092896
2x,Hatrrick-e,404,Medium,22.819082260131836,40.07636642456055,0.5693899989128113,24.088844299316406,0.9472883939743042,1.000000238418579,3.1774985790252686,0.3147130310535431,0.0,1.000000238418579
2x,Hatrrick-e,405,Medium,22.958202362060547,40.681983947753906,0.5643333792686462,24.199779510498047,0.9486947059631348,1.000000238418579,3.3876380920410156,0.2951909899711609,0.0,1.000000238418579
2x,Hatrrick-e,406,Medium,22.30147933959961,39.240108489990234,0.5683338046073914,23.508407592773438,0.9486597180366516,1.0,3.1792373657226562,0.314540833234787,0.0,1.0
2x,Hatrrick-e,407,Medium,22.279924392700195,38.75175476074219,0.5749397277832031,23.411922454833984,0.9516486525535583,1.0000001192092896,2.9744250774383545,0.33619946241378784,0.0,1.0000001192092896
2x,Hatrrick-e,408,Medium,22.470273971557617,38.27203369140625,0.5871199369430542,23.525959014892578,0.9551268219947815,1.0000001192092896,2.8825292587280273,0.34691759943962097,0.0,1.0000001192092896
2x,Hatrrick-e,409,Medium,22.524564743041992,39.09888458251953,0.5760922431945801,23.645050048828125,0.9526122808456421,1.0000001192092896,2.8395140171051025,0.35217297077178955,0.0,1.0000001192092896
2x,Hatrrick-e,410,Medium,23.022775650024414,40.30673599243164,0.571189284324646,24.242855072021484,0.9496726393699646,1.000000238418579,2.789792060852051,0.3584497272968292,0.0,1.000000238418579
2x,Hatrrick-e,411,Medium,22.981027603149414,39.041133880615234,0.5886362791061401,23.971168518066406,0.9586945176124573,1.0000001192092896,2.7802321910858154,0.35968223214149475,0.0,1.0000001192092896
2x,Hatrrick-e,412,Medium,22.448375701904297,38.23073196411133,0.5871814489364624,23.908977508544922,0.9389098882675171,1.0000001192092896,2.905379295349121,0.3441891670227051,0.0,1.0000001192092896
2x,Hatrrick-e,413,Medium,22.902374267578125,37.70672607421875,0.6073816418647766,23.952991485595703,0.9561383724212646,1.0,2.9069035053253174,0.3440086543560028,0.0,1.0
2x,Hatrrick-e,414,Medium,23.19147491455078,37.231597900390625,0.6228976249694824,24.28360366821289,0.9550260901451111,1.0,2.6250622272491455,0.3809433579444885,0.0,1.0
2x,Hatrrick-e,415,Medium,22.865070343017578,36.871315002441406,0.6201316714286804,23.990734100341797,0.9530792236328125,1.0,2.670602321624756,0.37444737553596497,0.0,1.0
2x,Hatrrick-e,416,Medium,22.237396240234375,35.235679626464844,0.6311045289039612,23.401611328125,0.9502506256103516,1.0000001192092896,2.607057571411133,0.3835742473602295,0.0,1.0000001192092896
2x,Hatrrick-e,417,Medium,23.300045013427734,36.291194915771484,0.6420302391052246,24.514312744140625,0.9504669904708862,1.0,2.5750222206115723,0.3883461654186249,0.0,1.0
2x,Hatrrick-e,418,Medium,22.190662384033203,34.75883483886719,0.6384178996086121,23.17916488647461,0.9573538303375244,1.000000238418579,2.6430916786193848,0.37834489345550537,0.0,1.000000238418579
2x,Hatrrick-e,419,Medium,23.154449462890625,35.06664276123047,0.6602984666824341,24.024696350097656,0.9637770056724548,1.0,2.5397067070007324,0.3937462568283081,0.0,1.0
2x,Hatrrick-e,420,Medium,22.32953453063965,34.48597717285156,0.6474960446357727,23.12346649169922,0.9656655192375183,1.0,2.3111889362335205,0.4326777458190918,0.0,1.0
2x,Hatrrick-e,421,Medium,22.434803009033203,33.805973052978516,0.6636343002319336,23.19887924194336,0.9670640826225281,1.0000001192092896,2.302114725112915,0.4343832731246948,0.0,1.0000001192092896
2x,Hatrrick-e,422,Medium,22.64134407043457,32.99626541137695,0.686178982257843,23.474597930908203,0.9645040035247803,1.000000238418579,2.4001431465148926,0.4166419208049774,0.0,1.000000238418579
2x,Hatrrick-e,423,Medium,22.123043060302734,32.084327697753906,0.6895280480384827,22.844356536865234,0.9684248566627502,1.0000001192092896,2.390432834625244,0.41833433508872986,0.0,1.0000001192092896
2x,Hatrrick-e,424,Medium,21.680004119873047,32.78163528442383,0.6613460183143616,22.507335662841797,0.963241696357727,1.0,2.338557481765747,0.4276140332221985,0.0,1.0
2x,Hatrrick-e,425,Medium,22.056360244750977,33.00126647949219,0.6683489084243774,22.828128814697266,0.9661921858787537,1.0000001192092896,2.32155704498291,0.4307454526424408,0.0,1.0000001192092896
2x,Hatrrick-e,426,Medium,21.963665008544922,33.52149200439453,0.6552114486694336,22.798316955566406,0.9633897542953491,1.0000001192092896,2.3546719551086426,0.4246876537799835,0.0,1.0000001192092896
2x,Hatrrick-e,427,Medium,21.83152198791504,33.20214080810547,0.657533586025238,22.58547592163086,0.96661776304245,1.0000001192092896,2.4101438522338867,0.41491302847862244,0.0,1.0000001192092896
2x,Hatrrick-e,428,Medium,21.848276138305664,31.912839889526367,0.6846233606338501,22.453231811523438,0.9730570912361145,1.0000001192092896,2.245164632797241,0.44540169835090637,0.0,1.0000001192092896
2x,Hatrrick-e,429,Medium,21.49987030029297,31.661396026611328,0.6790562868118286,22.081512451171875,0.973659336566925,1.0,2.2151312828063965,0.4514405131340027,0.0,1.0
2x,Hatrrick-e,430,Medium,22.231670379638672,31.4218807220459,0.7075219750404358,22.866683959960938,0.9722297191619873,1.0000001192092896,2.185077667236328,0.45764967799186707,0.0,1.0000001192092896
2x,Hatrrick-e,431,Medium,21.79108428955078,31.215499877929688,0.698085367679596,22.658859252929688,0.9617026448249817,1.0,2.2422845363616943,0.4459737241268158,0.0,1.0
2x,Hatrrick-e,400,Low,6.174673080444336,10.242643356323242,0.6028398275375366,5.4825439453125,1.1262422800064087,1.0,3.549931049346924,0.2816956043243408,0.0,1.0
2x,Hatrrick-e,401,Low,5.647597312927246,9.409786224365234,0.600183367729187,4.672523498535156,1.2086825370788574,1.0000003576278687,3.9189224243164062,0.2551722824573517,0.0,1.0000003576278687
2x,Hatrrick-e,402,Low,5.850325584411621,9.626876831054688,0.6077075600624084,4.9878082275390625,1.1729251146316528,1.000000238418579,3.8059747219085693,0.26274484395980835,0.0,1.000000238418579
2x,Hatrrick-e,403,Low,5.920066833496094,9.709461212158203,0.6097214818000793,4.873176574707031,1.214827060699463,1.0000001192092896,3.715204954147339,0.26916417479515076,0.0,1.0000001192092896
2x,Hatrrick-e,404,Low,5.300976753234863,9.20159912109375,0.5760930180549622,4.223876953125,1.2550026178359985,1.000000238418579,3.508699655532837,0.28500592708587646,0.0,1.000000238418579
2x,Hatrrick-e,405,Low,5.6842427253723145,9.86595344543457,0.5761473178863525,4.6017913818359375,1.2352238893508911,1.000000238418579,3.7322354316711426,0.26793599128723145,0.0,1.000000238418579
2x,Hatrrick-e,406,Low,5.598492622375488,9.563199043273926,0.5854204893112183,4.821952819824219,1.16104257106781,1.000000238418579,3.4863228797912598,0.2868352234363556,0.0,1.000000238418579
2x,Hatrrick-e,407,Low,5.711858749389648,9.749269485473633,0.5858755707740784,4.7951202392578125,1.1911815404891968,1.0000001192092896,3.316025972366333,0.30156582593917847,0.0,1.0000001192092896
2x,Hatrrick-e,408,Low,5.456763744354248,9.627033233642578,0.5668167471885681,4.647560119628906,1.1741136312484741,1.0000001192092896,3.2207038402557373,0.3104911744594574,0.0,1.0000001192092896
2x,Hatrrick-e,409,Low,5.23422908782959,8.909894943237305,0.5874624848365784,4.31982421875,1.2116763591766357,1.0000001192092896,3.1591577529907227,0.31654009222984314,0.0,1.0000001192092896
2x,Hatrrick-e,410,Low,4.923194408416748,8.999977111816406,0.5470229983329773,4.00433349609375,1.2294666767120361,1.0000001192092896,3.120173215866089,0.320495069026947,0.0,1.0000001192092896
2x,Hatrrick-e,411,Low,5.225299835205078,9.606653213500977,0.5439251065254211,4.4609527587890625,1.1713416576385498,1.0000001192092896,3.092379093170166,0.3233756422996521,0.0,1.0000001192092896
2x,Hatrrick-e,412,Low,4.980608940124512,9.068095207214355,0.5492453575134277,3.8247451782226562,1.3022067546844482,1.0000001192092896,3.2298226356506348,0.3096145689487457,0.0,1.0000001192092896
2x,Hatrrick-e,413,Low,5.3454084396362305,8.833683013916016,0.605116605758667,4.476169586181641,1.1941925287246704,1.0,3.2581663131713867,0.3069210946559906,0.0,1.0
2x,Hatrrick-e,414,Low,4.861746788024902,8.365398406982422,0.5811733603477478,4.153919219970703,1.1703999042510986,1.0,2.9429569244384766,0.3397943079471588,0.0,1.0
2x,Hatrrick-e,415,Low,4.853312969207764,7.891171455383301,0.6150307059288025,3.9912872314453125,1.2159768342971802,1.0,2.902020215988159,0.3445875346660614,0.0,1.0
2x,Hatrrick-e,416,Low,5.021790027618408,8.123055458068848,0.6182144284248352,4.24151611328125,1.183961033821106,1.0000001192092896,2.889066696166992,0.3461325764656067,0.0,1.0000001192092896
2x,Hatrrick-e,417,Low,4.7788519859313965,8.185287475585938,0.5838343501091003,4.010231018066406,1.1916650533676147,1.0000001192092896,2.8500349521636963,0.3508729338645935,0.0,1.0000001192092896
2x,Hatrrick-e,418,Low,5.203878402709961,8.518708229064941,0.6108764410018921,4.747791290283203,1.0960630178451538,1.0000001192092896,2.9379658699035645,0.34037157893180847,0.0,1.0000001192092896
2x,Hatrrick-e,419,Low,5.114156723022461,8.231069564819336,0.6213234663009644,4.583393096923828,1.115801453590393,1.0,2.821322202682495,0.3544437289237976,0.0,1.0
2x,Hatrrick-e,420,Low,5.253592014312744,8.692743301391602,0.6043652296066284,5.427898406982422,0.9678869247436523,1.0000001192092896,2.6145310401916504,0.3824778199195862,0.0,1.0000001192092896
2x,Hatrrick-e,421,Low,5.218975067138672,8.296121597290039,0.6290861368179321,5.076717376708984,1.0280215740203857,1.0000001192092896,2.573838233947754,0.3885248601436615,0.0,1.0000001192092896
2x,Hatrrick-e,422,Low,5.154667854309082,8.15096664428711,0.6323995590209961,4.895717620849609,1.0528931617736816,1.0000001192092896,2.6748430728912354,0.37385374307632446,0.0,1.0000001192092896
2x,Hatrrick-e,423,Low,4.888193130493164,7.874683380126953,0.6207479238510132,4.831081390380859,1.0118217468261719,1.0000001192092896,2.644376754760742,0.3781609833240509,0.0,1.0000001192092896
2x,Hatrrick-e,424,Low,4.477137088775635,7.341937065124512,0.6098032593727112,4.252193450927734,1.0529006719589233,1.0000001192092896,2.588275909423828,0.3863576054573059,0.0,1.0000001192092896
2x,Hatrrick-e,425,Low,4.364771842956543,7.6469950675964355,0.5707826018333435,4.169795989990234,1.0467591285705566,1.000000238418579,2.590475559234619,0.38602960109710693,0.0,1.000000238418579
2x,Hatrrick-e,426,Low,4.319885730743408,7.210050582885742,0.5991477966308594,4.115421295166016,1.0496824979782104,1.0000001192092896,2.5998520851135254,0.38463732600212097,0.0,1.0000001192092896
2x,Hatrrick-e,427,Low,4.6027421951293945,7.974862575531006,0.5771563053131104,4.404243469238281,1.045069932937622,1.0000001192092896,2.6801841259002686,0.37310874462127686,0.0,1.0000001192092896
2x,Hatrrick-e,428,Low,4.1739115715026855,7.160965442657471,0.5828699469566345,3.8932762145996094,1.0720820426940918,1.0000001192092896,2.4845306873321533,0.4024905562400818,0.0,1.0000001192092896
2x,Hatrrick-e,429,Low,4.736651420593262,7.6697468757629395,0.617576003074646,4.389427185058594,1.0791046619415283,1.0000001192092896,2.4784414768218994,0.4034794270992279,0.0,1.0000001192092896
2x,Hatrrick-e,430,Low,4.488549709320068,7.479405403137207,0.6001212000846863,4.178340911865234,1.074242115020752,1.000000238418579,2.423001289367676,0.41271138191223145,0.0,1.000000238418579
2x,Hatrrick-e,431,Low,4.693053722381592,7.676029205322266,0.6113908290863037,4.373294830322266,1.0731163024902344,1.0000001192092896,2.4677536487579346,0.4052268862724304,0.0,1.0000001192092896
2x,Hatrrick-e,432,High,33.45054626464844,34.192588806152344,0.9782981276512146,33.45075225830078,0.9999938607215881,1.0,1.1545495986938477,0.8661386370658875,0.0,1.0
2x,Hatrrick-e,433,High,32.83635330200195,33.3272819519043,0.9852694869041443,32.83656311035156,0.999993622303009,1.0000001192092896,1.1022331714630127,0.9072491526603699,0.0,1.0000001192092896
2x,Hatrrick-e,434,High,33.298828125,33.8240852355957,0.9844709038734436,33.299072265625,0.9999926686286926,1.0000001192092896,1.1093782186508179,0.901405930519104,0.0,1.0000001192092896
2x,Hatrrick-e,435,High,32.40747833251953,32.93784713745117,0.983897864818573,32.40771484375,0.9999927282333374,1.0000001192092896,1.1104440689086914,0.9005407094955444,0.0,1.0000001192092896
2x,Hatrrick-e,436,High,32.48229217529297,32.804405212402344,0.9901807904243469,32.48249816894531,0.9999936819076538,1.0000001192092896,1.0670636892318726,0.937151312828064,0.0,1.0000001192092896
2x,Hatrrick-e,437,High,32.579071044921875,32.877994537353516,0.9909080862998962,32.57930374145508,0.999992847442627,1.0000001192092896,1.0622271299362183,0.9414183497428894,0.0,1.0000001192092896
2x,Hatrrick-e,438,High,31.438119888305664,31.556705474853516,0.9962421655654907,31.4383602142334,0.9999923706054688,1.0,1.0246552228927612,0.9759380221366882,0.0,1.0
2x,Hatrrick-e,439,High,31.71097755432129,32.03056335449219,0.9900224804878235,31.72287368774414,0.999625027179718,1.0,1.0625293254852295,0.9411504864692688,0.0,1.0
2x,Hatrrick-e,440,High,31.843433380126953,32.23224639892578,0.9879371523857117,31.84406280517578,0.9999802112579346,1.0000001192092896,1.1210262775421143,0.8920398354530334,0.0,1.0000001192092896
2x,Hatrrick-e,441,High,32.4920654296875,32.65622329711914,0.9949731230735779,32.49235534667969,0.9999910593032837,0.9999998807907104,1.2269659042358398,0.8150184750556946,0.0,0.9999998807907104
2x,Hatrrick-e,442,High,35.93888854980469,36.38453674316406,0.9877517223358154,35.93939971923828,0.9999857544898987,1.0000001192092896,1.4086556434631348,0.7098968029022217,0.0,1.0000001192092896
2x,Hatrrick-e,443,High,35.332984924316406,36.02265548706055,0.9808545112609863,35.333248138427734,0.9999925494194031,1.000000238418579,1.552186131477356,0.6442527770996094,0.0,1.000000238418579
2x,Hatrrick-e,444,High,35.24835968017578,36.288124084472656,0.9713469743728638,35.24858093261719,0.9999937415122986,1.0,1.5807571411132812,0.6326082348823547,0.0,1.0
2x,Hatrrick-e,445,High,37.64697265625,38.70869445800781,0.9725714921951294,37.647274017333984,0.9999920129776001,1.000000238418579,1.716385006904602,0.5826200246810913,0.0,1.000000238418579
2x,Hatrrick-e,446,High,40.15766525268555,41.172664642333984,0.9753477573394775,40.15787887573242,0.999994695186615,1.0,1.681823492050171,0.5945926904678345,0.0,1.0
2x,Hatrrick-e,447,High,42.21578598022461,43.67449951171875,0.9666003584861755,42.21596908569336,0.9999956488609314,1.0000001192092896,1.8087255954742432,0.5528755187988281,0.0,1.0000001192092896
2x,Hatrrick-e,448,High,44.28399658203125,45.747554779052734,0.9680079221725464,44.28458023071289,0.9999868273735046,1.0,1.8270206451416016,0.5473392009735107,0.0,1.0
2x,Hatrrick-e,449,High,46.95062255859375,48.80077362060547,0.9620876908302307,46.95219039916992,0.9999666213989258,1.0000001192092896,1.8480746746063232,0.541103720664978,0.0,1.0000001192092896
2x,Hatrrick-e,450,High,48.96147155761719,50.89148712158203,0.9620758891105652,48.96222686767578,0.9999845623970032,1.0000001192092896,2.0334808826446533,0.49176764488220215,0.0,1.0000001192092896
2x,Hatrrick-e,451,High,52.83448791503906,55.49192428588867,0.9521113038063049,52.835357666015625,0.999983549118042,1.000000238418579,2.209352970123291,0.45262131094932556,0.0,1.000000238418579
2x,Hatrrick-e,452,High,55.12330627441406,58.302085876464844,0.9454774260520935,55.15562438964844,0.9994140267372131,1.0,2.5289714336395264,0.3954176604747772,0.0,1.0
2x,Hatrrick-e,453,High,54.36824035644531,57.382362365722656,0.9474730491638184,54.37189483642578,0.9999327659606934,1.0,2.3832807540893555,0.41958966851234436,0.0,1.0
2x,Hatrrick-e,454,High,54.97599792480469,58.65031433105469,0.9373521208763123,55.07414245605469,0.9982179403305054,1.0000001192092896,2.4454617500305176,0.4089207649230957,0.0,1.0000001192092896
2x,Hatrrick-e,455,High,54.188751220703125,58.40483856201172,0.9278126955032349,54.232913970947266,0.9991856813430786,1.0,2.425541877746582,0.41227900981903076,0.0,1.0
2x,Hatrrick-e,456,High,56.08980941772461,60.499717712402344,0.9271085858345032,56.16615676879883,0.9986407160758972,1.0000001192092896,2.427128314971924,0.4120095670223236,0.0,1.0000001192092896
2x,Hatrrick-e,457,High,57.60883331298828,62.77009582519531,0.9177751541137695,57.822078704833984,0.9963120222091675,1.0,2.3584847450256348,0.4240010380744934,0.0,1.0
2x,Hatrrick-e,458,High,59.40819549560547,64.16187286376953,0.9259111881256104,59.55216979980469,0.9975823760032654,1.0,2.3756890296936035,0.42093050479888916,0.0,1.0
2x,Hatrrick-e,459,High,59.412132263183594,65.10098266601562,0.9126150012016296,59.53937530517578,0.9978628754615784,1.0,2.588312864303589,0.3863520622253418,0.0,1.0
2x,Hatrrick-e,460,High,60.382057189941406,65.79720306396484,0.9176994562149048,60.543827056884766,0.9973280429840088,1.0,2.5629115104675293,0.3901812434196472,0.0,1.0
2x,Hatrrick-e,461,High,60.134483337402344,65.16857147216797,0.9227527976036072,60.18305206298828,0.999193012714386,1.0,2.7350330352783203,0.3656263053417206,0.0,1.0
2x,Hatrrick-e,462,High,60.050323486328125,65.53604888916016,0.916294515132904,60.17683410644531,0.9978976845741272,1.0,2.4626641273498535,0.40606430172920227,0.0,1.0
2x,Hatrrick-e,463,High,60.48876953125,67.10050964355469,0.901465117931366,60.57726287841797,0.9985391497612,1.0000001192092896,2.629364252090454,0.38032010197639465,0.0,1.0000001192092896
2x,Hatrrick-e,432,Medium,21.410058975219727,30.64992904663086,0.6985353231430054,21.957408905029297,0.9750722050666809,1.0,2.174201726913452,0.4599389135837555,0.0,1.0
2x,Hatrrick-e,433,Medium,20.882905960083008,29.743457794189453,0.7021008133888245,21.21469497680664,0.98436039686203,1.0000001192092896,2.0541915893554688,0.4868095815181732,0.0,1.0000001192092896
2x,Hatrrick-e,434,Medium,21.809375762939453,29.894237518310547,0.7295511364936829,22.204544067382812,0.9822032451629639,1.0000001192092896,2.068408727645874,0.48346349596977234,0.0,1.0000001192092896
2x,Hatrrick-e,435,Medium,21.6739501953125,29.511154174804688,0.7344324588775635,22.0087890625,0.9847861528396606,1.0000001192092896,2.1056599617004395,0.47491055727005005,0.0,1.0000001192092896
2x,Hatrrick-e,436,Medium,21.825176239013672,29.68134307861328,0.7353163361549377,22.256038665771484,0.9806406497955322,1.0,2.061002016067505,0.4852008819580078,0.0,1.0
2x,Hatrrick-e,437,Medium,21.756507873535156,29.40087890625,0.7399951815605164,22.13925552368164,0.9827117919921875,1.0000001192092896,2.006168842315674,0.49846258759498596,0.0,1.0000001192092896
2x,Hatrrick-e,438,Medium,21.09502410888672,28.379138946533203,0.7433285713195801,21.314760208129883,0.989690899848938,1.0000001192092896,1.9619877338409424,0.5096872448921204,0.0,1.0000001192092896
2x,Hatrrick-e,439,Medium,21.139379501342773,28.721601486206055,0.7360097765922546,21.30136489868164,0.9923955202102661,1.0000001192092896,2.04508113861084,0.48897820711135864,0.0,1.0000001192092896
2x,Hatrrick-e,440,Medium,21.376415252685547,28.806852340698242,0.7420600652694702,21.593177795410156,0.9899615049362183,1.0000001192092896,2.176926374435425,0.45936331152915955,0.0,1.0000001192092896
2x,Hatrrick-e,441,Medium,21.950166702270508,29.499439239501953,0.7440875768661499,22.305706024169922,0.9840605854988098,1.0,2.323134660720825,0.4304528832435608,0.0,1.0
2x,Hatrrick-e,442,Medium,23.78838348388672,32.53779983520508,0.7310999631881714,24.370071411132812,0.9761310815811157,1.0000001192092896,2.6989433765411377,0.3705154061317444,0.0,1.0000001192092896
2x,Hatrrick-e,443,Medium,23.556602478027344,32.11758041381836,0.73344886302948,23.773101806640625,0.9908931255340576,1.000000238418579,2.931173801422119,0.3411603271961212,0.0,1.000000238418579
2x,Hatrrick-e,444,Medium,23.677358627319336,32.61119079589844,0.7260501384735107,23.908206939697266,0.9903444051742554,1.0,3.0103931427001953,0.33218252658843994,0.0,1.0
2x,Hatrrick-e,445,Medium,24.405006408691406,34.435882568359375,0.7087085843086243,24.526912689208984,0.9950296878814697,1.000000238418579,3.260941743850708,0.3066599667072296,0.0,1.000000238418579
2x,Hatrrick-e,446,Medium,26.057329177856445,37.233638763427734,0.6998329758644104,26.31705093383789,0.9901310205459595,1.0,3.145914316177368,0.3178726136684418,0.0,1.0
2x,Hatrrick-e,447,Medium,25.493003845214844,38.920711517333984,0.6549984216690063,26.14206314086914,0.9751718640327454,1.0000001192092896,3.3759002685546875,0.29621732234954834,0.0,1.0000001192092896
2x,Hatrrick-e,448,Medium,25.436731338500977,40.898521423339844,0.6219474673271179,26.141796112060547,0.9730291962623596,1.0000001192092896,3.4541797637939453,0.28950437903404236,0.0,1.0000001192092896
2x,Hatrrick-e,449,Medium,27.179018020629883,43.87458801269531,0.6194705963134766,28.101032257080078,0.9671893119812012,1.000000238418579,3.4600605964660645,0.2890123426914215,0.0,1.000000238418579
2x,Hatrrick-e,450,Medium,27.559785842895508,45.53669738769531,0.6052214503288269,28.7122802734375,0.9598605632781982,1.0000001192092896,3.8280060291290283,0.2612326443195343,0.0,1.0000001192092896
2x,Hatrrick-e,451,Medium,28.182861328125,49.677146911621094,0.5673204660415649,30.0404052734375,0.9381651282310486,1.0000001192092896,4.190011024475098,0.23866288363933563,0.0,1.0000001192092896
2x,Hatrrick-e,452,Medium,29.343050003051758,52.251319885253906,0.5615752935409546,31.513580322265625,0.9311239719390869,1.0,4.7939934730529785,0.20859436690807343,0.0,1.0
2x,Hatrrick-e,453,Medium,29.828596115112305,51.68361282348633,0.577138364315033,32.25862121582031,0.9246705174446106,1.0,4.509568214416504,0.22175072133541107,0.0,1.0
2x,Hatrrick-e,454,Medium,29.800678253173828,52.34410095214844,0.5693225860595703,32.01002502441406,0.9309795498847961,1.0000001192092896,4.611860752105713,0.2168322503566742,0.0,1.0000001192092896
2x,Hatrrick-e,455,Medium,29.0679874420166,52.440345764160156,0.5543057918548584,31.418865203857422,0.9251762628555298,1.0000001192092896,4.5876851081848145,0.21797488629817963,0.0,1.0000001192092896
2x,Hatrrick-e,456,Medium,27.919815063476562,54.493499755859375,0.5123512744903564,30.479053497314453,0.9160328507423401,1.0000001192092896,4.682440280914307,0.21356387436389923,0.0,1.0000001192092896
2x,Hatrrick-e,457,Medium,28.05488395690918,56.50138854980469,0.49653440713882446,31.230609893798828,0.8983137011528015,1.0000001192092896,4.321086406707764,0.2314233034849167,0.0,1.0000001192092896
2x,Hatrrick-e,458,Medium,27.945491790771484,57.49279022216797,0.4860695004463196,31.002243041992188,0.9014022350311279,1.0000001192092896,4.5749335289001465,0.21858243644237518,0.0,1.0000001192092896
2x,Hatrrick-e,459,Medium,29.162120819091797,58.52760314941406,0.4982626736164093,32.133026123046875,0.9075435400009155,1.0000001192092896,4.8188910484313965,0.2075166553258896,0.0,1.0000001192092896
2x,Hatrrick-e,460,Medium,29.359451293945312,58.10503387451172,0.5052824020385742,32.1143913269043,0.9142147898674011,1.0000001192092896,4.84443998336792,0.20642223954200745,0.0,1.0000001192092896
2x,Hatrrick-e,461,Medium,29.693532943725586,58.00352096557617,0.5119264125823975,32.415061950683594,0.9160411953926086,1.0000001192092896,5.112305641174316,0.19560648500919342,0.0,1.0000001192092896
2x,Hatrrick-e,462,Medium,30.059810638427734,58.517356872558594,0.5136905312538147,32.93586730957031,0.9126770496368408,1.0000001192092896,4.741034507751465,0.21092446148395538,0.0,1.0000001192092896
2x,Hatrrick-e,463,Medium,29.755481719970703,59.464752197265625,0.5003885626792908,32.536529541015625,0.9145253896713257,1.0000001192092896,4.893871784210205,0.2043372094631195,0.0,1.0000001192092896
2x,Hatrrick-e,432,Low,4.192339897155762,6.819363594055176,0.6147699356079102,4.074577331542969,1.0289018154144287,1.0,2.3984434604644775,0.41693708300590515,0.0,1.0
2x,Hatrrick-e,433,Low,4.290934085845947,7.145410537719727,0.6005160808563232,4.161109924316406,1.0311994552612305,1.0000001192092896,2.3003292083740234,0.4347204267978668,0.0,1.0000001192092896
2x,Hatrrick-e,434,Low,4.15595006942749,6.9113287925720215,0.6013243198394775,4.020820617675781,1.0336074829101562,1.0,2.2801828384399414,0.4385613203048706,0.0,1.0
2x,Hatrrick-e,435,Low,4.931600570678711,6.89573335647583,0.7151669263839722,5.002494812011719,0.9858282208442688,1.000000238418579,2.2699332237243652,0.44054168462753296,0.0,1.000000238418579
2x,Hatrrick-e,436,Low,4.460284233093262,7.0866312980651855,0.6293941140174866,4.447750091552734,1.0028181076049805,1.0000001192092896,2.274751901626587,0.4396084249019623,0.0,1.0000001192092896
2x,Hatrrick-e,437,Low,4.5594563484191895,6.994507312774658,0.651862382888794,4.724117279052734,0.9651446342468262,1.0000001192092896,2.238699197769165,0.4466880261898041,0.0,1.0000001192092896
2x,Hatrrick-e,438,Low,4.55339241027832,6.484365463256836,0.7022109627723694,4.7272491455078125,0.9632224440574646,1.0000001192092896,2.157700777053833,0.46345633268356323,0.0,1.0000001192092896
2x,Hatrrick-e,439,Low,4.916728496551514,6.828071594238281,0.7200757265090942,5.091827392578125,0.9656117558479309,1.0000001192092896,2.2361667156219482,0.4471938908100128,0.0,1.0000001192092896
2x,Hatrrick-e,440,Low,4.345862865447998,7.231462478637695,0.6009659767150879,4.389732360839844,0.9900063276290894,1.0000001192092896,2.448800563812256,0.4083632230758667,0.0,1.0000001192092896
2x,Hatrrick-e,441,Low,4.869816780090332,6.986618995666504,0.6970205307006836,4.846160888671875,1.0048813819885254,1.0,2.5955097675323486,0.3852807581424713,0.0,1.0
2x,Hatrrick-e,442,Low,5.063872337341309,7.349736213684082,0.6889869570732117,4.8721466064453125,1.0393513441085815,1.0000001192092896,3.005807876586914,0.3326893150806427,0.0,1.0000001192092896
2x,Hatrrick-e,443,Low,5.4165802001953125,8.128369331359863,0.6663796901702881,5.408580780029297,1.0014790296554565,1.000000238418579,3.309211015701294,0.30218690633773804,0.0,1.000000238418579
2x,Hatrrick-e,444,Low,4.881932735443115,7.652280807495117,0.6379709243774414,4.883014678955078,0.9997784495353699,1.0,3.3022725582122803,0.3028217554092407,0.0,1.0
2x,Hatrrick-e,445,Low,4.713530540466309,7.880474090576172,0.5981277823448181,4.717109680175781,0.9992412328720093,1.000000238418579,3.6615874767303467,0.273105651140213,0.0,1.000000238418579
2x,Hatrrick-e,446,Low,5.322299957275391,9.017852783203125,0.5901959538459778,5.26220703125,1.0114197731018066,1.0000001192092896,3.461871862411499,0.28886109590530396,0.0,1.0000001192092896
2x,Hatrrick-e,447,Low,5.0023298263549805,8.941078186035156,0.5594772696495056,4.856040954589844,1.0301251411437988,1.0000001192092896,3.73944091796875,0.267419695854187,0.0,1.0000001192092896
2x,Hatrrick-e,448,Low,5.260260105133057,9.870680809020996,0.5329176783561707,5.16497802734375,1.018447756767273,1.0000001192092896,3.7802724838256836,0.2645312249660492,0.0,1.0000001192092896
2x,Hatrrick-e,449,Low,5.129458427429199,9.923047065734863,0.516923725605011,5.1681060791015625,0.9925218820571899,1.000000238418579,3.8830220699310303,0.25753143429756165,0.0,1.000000238418579
2x,Hatrrick-e,450,Low,5.448552131652832,10.689220428466797,0.5097240209579468,5.602684020996094,0.9724896550178528,1.0000001192092896,4.209193706512451,0.2375752180814743,0.0,1.0000001192092896
2x,Hatrrick-e,451,Low,5.867480278015137,11.823735237121582,0.4962459206581116,4.909332275390625,1.1951687335968018,1.0000001192092896,4.790958404541016,0.20872652530670166,0.0,1.0000001192092896
2x,Hatrrick-e,452,Low,6.157079219818115,12.052978515625,0.5108346343040466,5.172607421875,1.190324068069458,1.0,5.30308723449707,0.18856939673423767,0.0,1.0
2x,Hatrrick-e,453,Low,6.594513416290283,12.813074111938477,0.5146706700325012,5.673393249511719,1.1623579263687134,1.0000001192092896,4.968624591827393,0.201262965798378,0.0,1.0000001192092896
2x,Hatrrick-e,454,Low,6.357083320617676,11.914324760437012,0.533566415309906,5.395729064941406,1.1781694889068604,1.0000001192092896,5.033122539520264,0.19868384301662445,0.0,1.0000001192092896
2x,Hatrrick-e,455,Low,6.6971540451049805,12.404805183410645,0.5398838520050049,5.6802520751953125,1.17902410030365,1.0000001192092896,5.187154293060303,0.19278395175933838,0.0,1.0000001192092896
2x,Hatrrick-e,456,Low,5.766602993011475,12.085302352905273,0.4771583676338196,4.501518249511719,1.28103506565094,1.0000001192092896,5.070983409881592,0.19720043241977692,0.0,1.0000001192092896
2x,Hatrrick-e,457,Low,5.944447994232178,13.721074104309082,0.43323490023612976,4.210472106933594,1.4118245840072632,1.0000001192092896,4.809861183166504,0.20790623128414154,0.0,1.0000001192092896
2x,Hatrrick-e,458,Low,6.35100793838501,13.619312286376953,0.4663236737251282,4.49859619140625,1.4117754697799683,1.0000001192092896,5.073232173919678,0.1971130222082138,0.0,1.0000001192092896
2x,Hatrrick-e,459,Low,6.256771564483643,12.780935287475586,0.48953941464424133,4.230316162109375,1.4790316820144653,1.0000001192092896,5.370874404907227,0.1861894428730011,0.0,1.0000001192092896
2x,Hatrrick-e,460,Low,5.7353034019470215,13.045042991638184,0.43965384364128113,4.0892181396484375,1.4025428295135498,1.0000001192092896,5.3673601150512695,0.18631134927272797,0.0,1.0000001192092896
2x,Hatrrick-e,461,Low,6.084474086761475,14.204662322998047,0.42834344506263733,4.462318420410156,1.363523006439209,1.0000001192092896,5.543355464935303,0.180396169424057,0.0,1.0000001192092896
2x,Hatrrick-e,462,Low,6.118522644042969,14.118459701538086,0.4333704113960266,4.3176422119140625,1.4170981645584106,1.0000001192092896,5.3121795654296875,0.18824666738510132,0.0,1.0000001192092896
2x,Hatrrick-e,463,Low,5.956719398498535,13.828115463256836,0.4307686984539032,4.1971435546875,1.4192317724227905,1.0000001192092896,5.355515480041504,0.18672341108322144,0.0,1.0000001192092896
2x,Hatrrick-e,464,High,60.73358917236328,67.90959167480469,0.8943300843238831,60.89291000366211,0.9973835945129395,1.0,2.586153030395508,0.3866747319698334,0.0,1.0
2x,Hatrrick-e,465,High,60.97837829589844,67.71635437011719,0.9004970788955688,61.13463592529297,0.9974440336227417,1.0000001192092896,2.8513131141662598,0.35071563720703125,0.0,1.0000001192092896
2x,Hatrrick-e,466,High,61.393524169921875,68.825927734375,0.8920115828514099,61.44599914550781,0.9991459846496582,1.000000238418579,2.6596083641052246,0.37599530816078186,0.0,1.000000238418579
2x,Hatrrick-e,467,High,60.409889221191406,67.70396423339844,0.8922652006149292,60.49359130859375,0.9986163377761841,1.0,2.6628024578094482,0.3755441904067993,0.0,1.0
2x,Hatrrick-e,468,High,59.13713073730469,66.29100799560547,0.8920837640762329,59.22005081176758,0.9985997676849365,1.0000001192092896,2.7809441089630127,0.3595901429653168,0.0,1.0000001192092896
2x,Hatrrick-e,469,High,59.62643814086914,67.03770446777344,0.8894463181495667,59.714744567871094,0.9985212087631226,0.9999998807907104,2.7298593521118164,0.3663192093372345,0.0,0.9999998807907104
2x,Hatrrick-e,470,High,60.18335723876953,67.52896881103516,0.8912228345870972,60.24677658081055,0.9989473223686218,1.000000238418579,2.842733144760132,0.3517742156982422,0.0,1.000000238418579
2x,Hatrrick-e,471,High,60.162471771240234,68.47381591796875,0.8786200881004333,60.384681701660156,0.9963200688362122,1.000000238418579,2.7462000846862793,0.3641396164894104,0.0,1.000000238418579
2x,Hatrrick-e,472,High,60.152557373046875,67.6772689819336,0.8888148069381714,60.235107421875,0.9986295104026794,1.0,2.7633755207061768,0.3618762493133545,0.0,1.0
2x,Hatrrick-e,473,High,60.953800201416016,68.33329772949219,0.8920072913169861,61.18670654296875,0.996193528175354,0.9999998807907104,2.720515727996826,0.36757731437683105,0.0,0.9999998807907104
2x,Hatrrick-e,474,High,60.91392517089844,68.20462036132812,0.8931055665016174,61.15829849243164,0.9960042238235474,0.9999998807907104,2.536991596221924,0.39416760206222534,0.0,0.9999998807907104
2x,Hatrrick-e,475,High,62.228633880615234,69.97579193115234,0.8892880082130432,62.36090087890625,0.9978790283203125,1.0000001192092896,2.6427383422851562,0.3783954381942749,0.0,1.0000001192092896
2x,Hatrrick-e,476,High,60.76057815551758,67.96894836425781,0.89394611120224,60.880558013916016,0.9980292320251465,0.9999998807907104,2.765469551086426,0.36160221695899963,0.0,0.9999998807907104
2x,Hatrrick-e,477,High,61.40394592285156,68.79931640625,0.8925080895423889,61.5156364440918,0.9981843829154968,1.0,2.6890909671783447,0.3718728721141815,0.0,1.0
2x,Hatrrick-e,478,High,59.515403747558594,67.36585235595703,0.8834654688835144,59.872955322265625,0.9940281510353088,1.0,2.5883283615112305,0.38634973764419556,0.0,1.0
2x,Hatrrick-e,479,High,59.0830078125,66.86679077148438,0.8835926651954651,59.511390686035156,0.9928016662597656,0.9999998807907104,2.6964004039764404,0.37086474895477295,0.0,0.9999998807907104
2x,Hatrrick-e,480,High,58.742645263671875,66.5469970703125,0.8827242255210876,59.14198684692383,0.9932477474212646,1.0,2.577756404876709,0.38793423771858215,0.0,1.0
2x,Hatrrick-e,481,High,58.582542419433594,65.56578063964844,0.8934926390647888,58.66014099121094,0.998677134513855,1.0,2.5817549228668213,0.3873334228992462,0.0,1.0
2x,Hatrrick-e,482,High,57.075721740722656,63.896728515625,0.89324951171875,57.124488830566406,0.9991462826728821,0.9999998807907104,2.467940092086792,0.4051961600780487,0.0,0.9999998807907104
2x,Hatrrick-e,483,High,56.4385986328125,62.97758483886719,0.8961696028709412,56.51472473144531,0.998652994632721,0.9999998807907104,2.40797758102417,0.41528621315956116,0.0,0.9999998807907104
2x,Hatrrick-e,484,High,57.29999542236328,64.67543029785156,0.8859623670578003,57.35789108276367,0.9989905953407288,1.0000001192092896,2.4287850856781006,0.41172853112220764,0.0,1.0000001192092896
2x,Hatrrick-e,485,High,57.553592681884766,64.74214172363281,0.88896644115448,57.68404769897461,0.9977384805679321,1.0000001192092896,2.421156644821167,0.41302579641342163,0.0,1.0000001192092896
2x,Hatrrick-e,486,High,55.8504638671875,62.95967483520508,0.887083113193512,56.06980895996094,0.9960880279541016,1.0000001192092896,2.1840620040893555,0.45786252617836,0.0,1.0000001192092896
2x,Hatrrick-e,487,High,56.53478240966797,63.670101165771484,0.8879329562187195,56.59715270996094,0.9988979697227478,1.0,2.1712965965270996,0.460554301738739,0.0,1.0
2x,Hatrrick-e,488,High,54.47330093383789,61.593467712402344,0.8844006061553955,54.613277435302734,0.9974369406700134,1.000000238418579,2.2128076553344727,0.4519146680831909,0.0,1.000000238418579
2x,Hatrrick-e,489,High,55.58769226074219,62.836219787597656,0.884644091129303,55.675933837890625,0.9984151124954224,1.0,2.1783385276794434,0.4590654671192169,0.0,1.0
2x,Hatrrick-e,490,High,54.37553787231445,61.23728942871094,0.8879481554031372,54.42790603637695,0.9990378618240356,1.0000001192092896,2.0749804973602295,0.48193231225013733,0.0,1.0000001192092896
2x,Hatrrick-e,491,High,53.81852722167969,60.02318572998047,0.8966289758682251,53.86792755126953,0.9990829229354858,1.0,2.0819408893585205,0.4803210198879242,0.0,1.0
2x,Hatrrick-e,492,High,53.19489669799805,59.747337341308594,0.8903308510780334,53.294185638427734,0.9981369376182556,1.0,2.1427032947540283,0.46670016646385193,0.0,1.0
2x,Hatrrick-e,493,High,53.65544891357422,59.652061462402344,0.8994734883308411,53.86862564086914,0.9960426688194275,1.0000001192092896,2.167954206466675,0.46126440167427063,0.0,1.0000001192092896
2x,Hatrrick-e,494,High,52.70630645751953,59.363494873046875,0.88785719871521,52.877159118652344,0.9967688918113708,1.0000001192092896,1.898830533027649,0.526639997959137,0.0,1.0000001192092896
2x,Hatrrick-e,495,High,51.437705993652344,58.23219299316406,0.8833207488059998,51.79559326171875,0.9930903911590576,1.0,1.8278006315231323,0.547105610370636,0.0,1.0
2x,Hatrrick-e,464,Medium,30.481931686401367,60.340415954589844,0.5051661133766174,33.60805130004883,0.9069830179214478,1.0,4.9478373527526855,0.2021085023880005,0.0,1.0
2x,Hatrrick-e,465,Medium,30.93243408203125,61.006317138671875,0.507036566734314,33.942108154296875,0.9113292098045349,1.0000001192092896,5.326302528381348,0.187747523188591,0.0,1.0000001192092896
2x,Hatrrick-e,466,Medium,30.55788803100586,61.541778564453125,0.496538907289505,33.89189147949219,0.901628315448761,1.000000238418579,4.971914768218994,0.20112980902194977,0.0,1.000000238418579
2x,Hatrrick-e,467,Medium,29.956867218017578,59.55256652832031,0.5030323266983032,33.403961181640625,0.8968058228492737,1.0,5.008863925933838,0.19964607059955597,0.0,1.0
2x,Hatrrick-e,468,Medium,29.422988891601562,59.78158187866211,0.49217480421066284,32.18546676635742,0.9141700267791748,1.0000001192092896,5.206176280975342,0.1920795738697052,0.0,1.0000001192092896
2x,Hatrrick-e,469,Medium,31.08444595336914,60.038482666015625,0.5177420377731323,33.91632843017578,0.9165038466453552,1.0000001192092896,5.262711048126221,0.19001615047454834,0.0,1.0000001192092896
2x,Hatrrick-e,470,Medium,31.243257522583008,60.34033966064453,0.5177839398384094,34.35508346557617,0.9094216823577881,1.000000238418579,5.454912185668945,0.1833210587501526,0.0,1.000000238418579
2x,Hatrrick-e,471,Medium,30.434173583984375,60.85108947753906,0.5001417994499207,33.775115966796875,0.9010827541351318,1.000000238418579,5.126410484313965,0.19506831467151642,0.0,1.000000238418579
2x,Hatrrick-e,472,Medium,30.64996337890625,60.569252014160156,0.5060317516326904,33.69541931152344,0.909618079662323,1.0,5.18290901184082,0.1929418444633484,0.0,1.0
2x,Hatrrick-e,473,Medium,28.94129180908203,61.56744384765625,0.4700745940208435,32.00323486328125,0.904323935508728,1.0000001192092896,5.269673824310303,0.1897650957107544,0.0,1.0000001192092896
2x,Hatrrick-e,474,Medium,29.280254364013672,61.02027130126953,0.47984471917152405,31.988231658935547,0.9153445959091187,1.0000001192092896,4.868702411651611,0.20539355278015137,0.0,1.0000001192092896
2x,Hatrrick-e,475,Medium,30.97993278503418,61.73448181152344,0.5018254518508911,33.789955139160156,0.916838526725769,1.0000001192092896,4.913802623748779,0.2035084068775177,0.0,1.0000001192092896
2x,Hatrrick-e,476,Medium,31.281814575195312,61.52406692504883,0.5084484219551086,34.479122161865234,0.9072682857513428,1.0000001192092896,5.187185764312744,0.19278278946876526,0.0,1.0000001192092896
2x,Hatrrick-e,477,Medium,30.94939422607422,61.196983337402344,0.5057339668273926,33.79048538208008,0.9159203767776489,1.0000001192092896,5.0403971672058105,0.19839708507061005,0.0,1.0000001192092896
2x,Hatrrick-e,478,Medium,29.425121307373047,60.400230407714844,0.4871690273284912,31.741188049316406,0.9270327687263489,1.0000001192092896,4.874043941497803,0.2051684707403183,0.0,1.0000001192092896
2x,Hatrrick-e,479,Medium,29.050859451293945,60.869354248046875,0.47726577520370483,31.24231719970703,0.9298561215400696,1.0000001192092896,5.104190826416016,0.19591745734214783,0.0,1.0000001192092896
2x,Hatrrick-e,480,Medium,28.431066513061523,59.198463439941406,0.4802669584751129,29.900074005126953,0.9508694410324097,1.0000001192092896,4.959178924560547,0.20164631307125092,0.0,1.0000001192092896
2x,Hatrrick-e,481,Medium,29.124835968017578,58.6655158996582,0.4964558184146881,31.37969207763672,0.9281428456306458,1.0000001192092896,4.963308334350586,0.20147854089736938,0.0,1.0000001192092896
2x,Hatrrick-e,482,Medium,29.254352569580078,56.795135498046875,0.5150855183601379,31.234825134277344,0.9365940690040588,1.0000001192092896,4.6866044998168945,0.21337412297725677,0.0,1.0000001192092896
2x,Hatrrick-e,483,Medium,28.899303436279297,56.927589416503906,0.5076501965522766,30.704208374023438,0.9412163496017456,1.0000001192092896,4.45863676071167,0.224283829331398,0.0,1.0000001192092896
2x,Hatrrick-e,484,Medium,29.55301856994629,57.705745697021484,0.5121330618858337,32.141117095947266,0.9194770455360413,1.0000001192092896,4.638410568237305,0.21559111773967743,0.0,1.0000001192092896
2x,Hatrrick-e,485,Medium,29.31935691833496,57.88555908203125,0.50650554895401,31.300708770751953,0.9366994500160217,1.0000001192092896,4.510226249694824,0.22171840071678162,0.0,1.0000001192092896
2x,Hatrrick-e,486,Medium,28.478647232055664,56.209693908691406,0.5066500902175903,30.202598571777344,0.942920446395874,1.0000001192092896,4.193121910095215,0.23848581314086914,0.0,1.0000001192092896
2x,Hatrrick-e,487,Medium,28.889501571655273,57.41437530517578,0.5031753778457642,31.563262939453125,0.9152888059616089,1.000000238418579,4.0997843742370605,0.24391531944274902,0.0,1.000000238418579
2x,Hatrrick-e,488,Medium,28.215587615966797,54.704978942871094,0.5157773494720459,30.095096588134766,0.9375476837158203,1.000000238418579,4.162426471710205,0.2402445375919342,0.0,1.000000238418579
2x,Hatrrick-e,489,Medium,28.46953010559082,55.817771911621094,0.5100441575050354,30.901344299316406,0.921303927898407,1.000000238418579,4.010655403137207,0.2493358701467514,0.0,1.000000238418579
2x,Hatrrick-e,490,Medium,28.820453643798828,54.76728820800781,0.5262348055839539,30.821414947509766,0.9350788593292236,1.0000001192092896,3.947181224822998,0.2533453702926636,0.0,1.0000001192092896
2x,Hatrrick-e,491,Medium,28.180871963500977,53.56825256347656,0.5260741114616394,29.784645080566406,0.9461543560028076,1.000000238418579,3.957941770553589,0.25265663862228394,0.0,1.000000238418579
2x,Hatrrick-e,492,Medium,27.70053482055664,52.61939239501953,0.5264320373535156,29.087421417236328,0.9523200392723083,1.0,4.047706127166748,0.24705350399017334,0.0,1.0
2x,Hatrrick-e,493,Medium,27.20102310180664,53.32155227661133,0.5101318955421448,29.037837982177734,0.9367440938949585,1.0000001192092896,4.126221656799316,0.24235250055789948,0.0,1.0000001192092896
2x,Hatrrick-e,494,Medium,27.313400268554688,53.33635711669922,0.5120972394943237,29.041259765625,0.9405032992362976,1.0000001192092896,3.6159071922302246,0.2765558063983917,0.0,1.0000001192092896
2x,Hatrrick-e,495,Medium,26.83963394165039,51.93688201904297,0.51677405834198,27.831459045410156,0.964363157749176,1.0000001192092896,3.430349588394165,0.2915154993534088,0.0,1.0000001192092896
2x,Hatrrick-e,464,Low,6.783052444458008,14.994234085083008,0.4523773789405823,5.1723785400390625,1.3113991022109985,1.0000001192092896,5.587870121002197,0.17895908653736115,0.0,1.0000001192092896
2x,Hatrrick-e,465,Low,6.281728744506836,13.941164016723633,0.45058855414390564,4.42724609375,1.418879508972168,1.0000001192092896,5.9254255294799805,0.16876427829265594,0.0,1.0000001192092896
2x,Hatrrick-e,466,Low,6.432730197906494,15.059968948364258,0.427141010761261,4.4502410888671875,1.4454790353775024,1.000000238418579,5.395884037017822,0.185326486825943,0.0,1.000000238418579
2x,Hatrrick-e,467,Low,6.614736080169678,13.998594284057617,0.4725286066532135,4.662078857421875,1.4188382625579834,1.0000001192092896,5.669766426086426,0.17637412250041962,0.0,1.0000001192092896
2x,Hatrrick-e,468,Low,6.3590545654296875,13.772737503051758,0.46171319484710693,4.645927429199219,1.3687373399734497,1.0000001192092896,5.7658891677856445,0.1734338104724884,0.0,1.0000001192092896
2x,Hatrrick-e,469,Low,6.976022243499756,14.018317222595215,0.49763619899749756,5.284912109375,1.3199883699417114,1.0000001192092896,5.986262798309326,0.16704915463924408,0.0,1.0000001192092896
2x,Hatrrick-e,470,Low,7.286180019378662,14.061542510986328,0.5181636214256287,5.6351776123046875,1.2929813861846924,1.000000238418579,6.073334693908691,0.1646542251110077,0.0,1.000000238418579
2x,Hatrrick-e,471,Low,6.704948425292969,13.672536849975586,0.49039533734321594,4.5225677490234375,1.482553482055664,1.000000238418579,5.771609306335449,0.17326194047927856,0.0,1.000000238418579
2x,Hatrrick-e,472,Low,6.860030174255371,14.711697578430176,0.4662976562976837,5.0565185546875,1.356670618057251,1.0,5.816832542419434,0.17191487550735474,0.0,1.0
2x,Hatrrick-e,473,Low,6.12272310256958,14.028363227844238,0.4364531338214874,4.291282653808594,1.4267815351486206,1.0000001192092896,5.783627986907959,0.17290186882019043,0.0,1.0000001192092896
2x,Hatrrick-e,474,Low,5.901517391204834,14.51121711730957,0.40668657422065735,4.2434234619140625,1.3907444477081299,1.0,5.4855265617370605,0.18229790031909943,0.0,1.0
2x,Hatrrick-e,475,Low,6.372307777404785,14.049905776977539,0.4535480737686157,4.565116882324219,1.3958696126937866,1.0000001192092896,5.513415813446045,0.18137578666210175,0.0,1.0000001192092896
2x,Hatrrick-e,476,Low,6.353414535522461,13.839869499206543,0.4590660631656647,4.925384521484375,1.2899327278137207,1.0000001192092896,5.75729513168335,0.1736927032470703,0.0,1.0000001192092896
2x,Hatrrick-e,477,Low,6.477413177490234,14.160572052001953,0.45742595195770264,5.107025146484375,1.268333911895752,1.0000001192092896,5.589190483093262,0.1789168119430542,0.0,1.0000001192092896
2x,Hatrrick-e,478,Low,6.826475143432617,14.367558479309082,0.47513118386268616,5.5279388427734375,1.2349042892456055,1.0000001192092896,5.522497653961182,0.1810775101184845,0.0,1.0000001192092896
2x,Hatrrick-e,479,Low,6.1116838455200195,13.77448844909668,0.44369587302207947,4.840576171875,1.2625943422317505,1.0000001192092896,5.559004783630371,0.17988833785057068,0.0,1.0000001192092896
2x,Hatrrick-e,480,Low,6.492131233215332,13.915355682373047,0.46654438972473145,5.974098205566406,1.086713194847107,1.0000001192092896,5.472997665405273,0.1827152520418167,0.0,1.0000001192092896
2x,Hatrrick-e,481,Low,5.715664863586426,13.397420883178711,0.42662426829338074,4.804954528808594,1.1895357370376587,1.0000001192092896,5.530740737915039,0.18080763518810272,0.0,1.0000001192092896
2x,Hatrrick-e,482,Low,5.980279922485352,13.403580665588379,0.4461703300476074,5.015464782714844,1.1923680305480957,1.000000238418579,5.2781829833984375,0.1894591897726059,0.0,1.000000238418579
2x,Hatrrick-e,483,Low,6.237966537475586,13.837244033813477,0.45080989599227905,5.456123352050781,1.143296480178833,1.0000001192092896,5.045169353485107,0.19820941984653473,0.0,1.0000001192092896
2x,Hatrrick-e,484,Low,6.454921245574951,13.139537811279297,0.4912593960762024,5.194549560546875,1.2426334619522095,1.0000001192092896,5.085361003875732,0.1966428905725479,0.0,1.0000001192092896
2x,Hatrrick-e,485,Low,6.356386184692383,14.011348724365234,0.4536598324775696,5.719085693359375,1.111433982849121,1.0000001192092896,5.115324020385742,0.19549106061458588,0.0,1.0000001192092896
2x,Hatrrick-e,486,Low,6.242027282714844,13.093757629394531,0.4767177999019623,5.4307403564453125,1.1493879556655884,1.0000001192092896,4.675281524658203,0.2138908952474594,0.0,1.0000001192092896
2x,Hatrrick-e,487,Low,6.067530632019043,13.009535789489746,0.46639102697372437,5.074729919433594,1.1956361532211304,1.000000238418579,4.627154350280762,0.21611559391021729,0.0,1.000000238418579
2x,Hatrrick-e,488,Low,6.285803318023682,13.43559455871582,0.4678470492362976,5.098602294921875,1.2328482866287231,1.000000238418579,4.663035869598389,0.2144526094198227,0.0,1.000000238418579
2x,Hatrrick-e,489,Low,6.355891227722168,13.055214881896973,0.486846923828125,4.98583984375,1.274788498878479,1.000000238418579,4.49531364440918,0.22245393693447113,0.0,1.000000238418579
2x,Hatrrick-e,490,Low,6.481733798980713,13.190929412841797,0.4913780987262726,5.614494323730469,1.1544643640518188,1.0000001192092896,4.379480361938477,0.2283376157283783,0.0,1.0000001192092896
2x,Hatrrick-e,491,Low,6.193366050720215,12.907079696655273,0.47984254360198975,5.316902160644531,1.1648448705673218,1.000000238418579,4.546810150146484,0.21993446350097656,0.0,1.000000238418579
2x,Hatrrick-e,492,Low,6.226962089538574,12.856514930725098,0.48434293270111084,5.435508728027344,1.1456079483032227,1.000000238418579,4.535309791564941,0.2204921543598175,0.0,1.000000238418579
2x,Hatrrick-e,493,Low,5.813568115234375,12.208854675292969,0.476176381111145,4.913970947265625,1.1830693483352661,1.0000001192092896,4.4546122550964355,0.22448645532131195,0.0,1.0000001192092896
2x,Hatrrick-e,494,Low,6.1060261726379395,12.875577926635742,0.4742331802845001,5.112068176269531,1.1944336891174316,1.0,4.056931495666504,0.2464917153120041,0.0,1.0
2x,Hatrrick-e,495,Low,6.195309638977051,12.396707534790039,0.4997544288635254,5.44793701171875,1.137184500694275,1.0000001192092896,3.728620767593384,0.2681957185268402,0.0,1.0000001192092896
2x,Hatrrick-e,496,High,51.02655792236328,58.16364669799805,0.8772929906845093,51.17025375366211,0.9971917867660522,1.000000238418579,1.809687614440918,0.5525816679000854,0.0,1.000000238418579
2x,Hatrrick-e,497,High,51.844139099121094,58.112430572509766,0.8921350836753845,51.865718841552734,0.9995839595794678,1.000000238418579,1.9922375679016113,0.5019482970237732,0.0,1.000000238418579
2x,Hatrrick-e,498,High,51.13615798950195,57.82833480834961,0.8842751383781433,51.74318313598633,0.9882684946060181,1.0000001192092896,1.808681607246399,0.5528889894485474,0.0,1.0000001192092896
2x,Hatrrick-e,499,High,50.58376693725586,56.957611083984375,0.888094961643219,51.23857116699219,0.9872204661369324,1.0,2.0501558780670166,0.4877677857875824,0.0,1.0
2x,Hatrrick-e,496,Medium,27.446189880371094,51.758033752441406,0.5302788615226746,28.560688018798828,0.9609779119491577,1.000000238418579,3.3898093700408936,0.29500192403793335,0.0,1.000000238418579
2x,Hatrrick-e,497,Medium,27.412349700927734,52.122440338134766,0.5259222388267517,28.46445083618164,0.9630380868911743,1.000000238418579,3.713843584060669,0.2692628800868988,0.0,1.000000238418579
2x,Hatrrick-e,498,Medium,26.356021881103516,52.161983489990234,0.505272626876831,26.92325210571289,0.9789316058158875,1.0000001192092896,3.5188515186309814,0.28418365120887756,0.0,1.0000001192092896
2x,Hatrrick-e,499,Medium,25.771461486816406,50.53978729248047,0.5099242329597473,26.251312255859375,0.9817208647727966,1.0000001192092896,3.8946328163146973,0.25676363706588745,0.0,1.0000001192092896
2x,Hatrrick-e,496,Low,5.562097549438477,11.940252304077148,0.46582746505737305,4.75323486328125,1.1701710224151611,1.000000238418579,3.799304962158203,0.2632060945034027,0.0,1.000000238418579
2x,Hatrrick-e,497,Low,5.656513214111328,12.190511703491211,0.46400949358940125,5.0590972900390625,1.1180874109268188,1.000000238418579,4.057243347167969,0.2464728206396103,0.0,1.000000238418579
2x,Hatrrick-e,498,Low,5.672770977020264,11.726059913635254,0.48377469182014465,4.929756164550781,1.1507203578948975,1.0000001192092896,3.932940721511841,0.25426268577575684,0.0,1.0000001192092896
2x,Hatrrick-e,499,Low,5.999179840087891,12.073348045349121,0.4968944787979126,5.2370147705078125,1.1455342769622803,1.0000001192092896,4.204283237457275,0.23785269260406494,0.0,1.0000001192092896
2x,DOTE-MC,400,High,41.761024475097656,45.574806213378906,0.9163181781768799,41.773590087890625,0.9996991753578186,1.0000001192092896,1.7278752326965332,0.5787455439567566,0.0,1.0000001192092896
2x,DOTE-MC,401,High,42.501651763916016,46.09960174560547,0.9219526648521423,42.62327575683594,0.9971465468406677,1.0000001192092896,1.846089243888855,0.5416857004165649,0.0,1.0000001192092896
2x,DOTE-MC,402,High,43.06911849975586,46.516517639160156,0.92588871717453,43.18778991699219,0.9972522258758545,1.0000001192092896,1.773905634880066,0.5637279152870178,0.0,1.0000001192092896
2x,DOTE-MC,403,High,41.71074295043945,45.1319580078125,0.9241952896118164,41.76030349731445,0.9988132119178772,1.0,1.7690030336380005,0.5652901530265808,0.0,1.0
2x,DOTE-MC,404,High,41.169639587402344,44.697906494140625,0.9210641384124756,41.22837829589844,0.9985752701759338,1.0000001192092896,1.6488354206085205,0.6064887642860413,0.0,1.0000001192092896
2x,DOTE-MC,405,High,41.89091491699219,45.856956481933594,0.9135127663612366,41.891109466552734,0.9999953508377075,1.0,1.7663439512252808,0.5661411285400391,0.0,1.0
2x,DOTE-MC,406,High,40.464752197265625,43.98003387451172,0.9200709462165833,40.47027587890625,0.9998635053634644,1.000000238418579,1.6935205459594727,0.5904860496520996,0.0,1.000000238418579
2x,DOTE-MC,407,High,40.409088134765625,43.46099853515625,0.9297781586647034,40.42744064331055,0.9995460510253906,1.0000001192092896,1.5797492265701294,0.6330119371414185,0.0,1.0000001192092896
2x,DOTE-MC,408,High,40.19113540649414,42.881805419921875,0.9372538328170776,40.206241607666016,0.9996243119239807,1.0,1.533264398574829,0.6522032618522644,0.0,1.0
2x,DOTE-MC,409,High,40.71122741699219,43.73356628417969,0.9308919906616211,40.71149444580078,0.9999934434890747,0.9999998807907104,1.4927631616592407,0.6698985695838928,0.0,0.9999998807907104
2x,DOTE-MC,410,High,41.86776351928711,44.92241668701172,0.9320015907287598,41.8758430480957,0.9998070597648621,1.0,1.4732695817947388,0.6787623763084412,0.0,1.0
2x,DOTE-MC,411,High,41.293975830078125,43.658870697021484,0.9458324313163757,41.347801208496094,0.9986982345581055,1.0,1.447218656539917,0.6909806132316589,0.0,1.0
2x,DOTE-MC,412,High,40.125587463378906,42.69314956665039,0.9398601055145264,40.125614166259766,0.9999993443489075,1.0000001192092896,1.5336265563964844,0.6520493030548096,0.0,1.0000001192092896
2x,DOTE-MC,413,High,39.518680572509766,41.97462463378906,0.9414898157119751,39.51884460449219,0.9999958276748657,1.0000001192092896,1.5214266777038574,0.6572778820991516,0.0,1.0000001192092896
2x,DOTE-MC,414,High,39.59519958496094,41.580169677734375,0.9522616267204285,39.595436096191406,0.9999940395355225,1.0,1.3894360065460205,0.719716489315033,0.0,1.0
2x,DOTE-MC,415,High,39.233909606933594,41.27081298828125,0.9506454467773438,39.23397445678711,0.9999983310699463,1.0,1.4078569412231445,0.7102994322776794,0.0,1.0
2x,DOTE-MC,416,High,38.00187683105469,39.73426818847656,0.9564005732536316,38.015647888183594,0.9996377825737,1.0,1.356195092201233,0.7373570203781128,0.0,1.0
2x,DOTE-MC,417,High,38.08069610595703,39.704002380371094,0.9591147899627686,38.080902099609375,0.9999945759773254,1.0,1.3305509090423584,0.7515683770179749,0.0,1.0
2x,DOTE-MC,418,High,36.9559326171875,38.790985107421875,0.9526938199996948,36.973419189453125,0.9995270371437073,1.0,1.3786594867706299,0.7253422737121582,0.0,1.0
2x,DOTE-MC,419,High,37.269710540771484,38.974910736083984,0.9562487602233887,37.28286361694336,0.9996472001075745,1.0000001192092896,1.3490700721740723,0.7412514090538025,0.0,1.0000001192092896
2x,DOTE-MC,420,High,37.27816390991211,38.226226806640625,0.9751986265182495,37.28720474243164,0.9997575283050537,1.0000001192092896,1.1956287622451782,0.836380124092102,0.0,1.0000001192092896
2x,DOTE-MC,421,High,37.0140380859375,38.05433654785156,0.9726628065109253,37.032310485839844,0.9995065927505493,1.0000001192092896,1.212921380996704,0.8244558572769165,0.0,1.0000001192092896
2x,DOTE-MC,422,High,35.31828689575195,36.60314178466797,0.9648976922035217,35.32260513305664,0.9998777508735657,1.0000001192092896,1.2667787075042725,0.7894039750099182,0.0,1.0000001192092896
2x,DOTE-MC,423,High,34.726043701171875,36.00008010864258,0.9646101593971252,34.73232650756836,0.9998190999031067,1.0,1.2641162872314453,0.7910664677619934,0.0,1.0
2x,DOTE-MC,424,High,35.12620544433594,36.33315658569336,0.9667810201644897,35.22708511352539,0.9971362948417664,1.0,1.2304308414459229,0.8127234578132629,0.0,1.0
2x,DOTE-MC,425,High,35.64540100097656,36.793052673339844,0.9688079357147217,35.65238952636719,0.9998039603233337,1.0000001192092896,1.2376377582550049,0.8079909682273865,0.0,1.0000001192092896
2x,DOTE-MC,426,High,36.007450103759766,37.17595672607422,0.9685682058334351,36.13092803955078,0.9965825080871582,1.0,1.2177149057388306,0.8212102651596069,0.0,1.0
2x,DOTE-MC,427,High,36.232574462890625,37.54222106933594,0.9651153683662415,36.25252914428711,0.9994495511054993,1.0000001192092896,1.268684983253479,0.7882178425788879,0.0,1.0000001192092896
2x,DOTE-MC,428,High,34.326202392578125,35.29963684082031,0.9724236726760864,34.4307746887207,0.99696284532547,1.0000001192092896,1.181014060974121,0.8467300534248352,0.0,1.0000001192092896
2x,DOTE-MC,429,High,34.5989990234375,35.49671173095703,0.9747099876403809,34.682586669921875,0.9975899457931519,1.0,1.1696094274520874,0.8549862504005432,0.0,1.0
2x,DOTE-MC,430,High,34.19598388671875,34.91438293457031,0.979423999786377,34.19598388671875,1.0,1.0,1.149666428565979,0.8698174953460693,0.0,1.0
2x,DOTE-MC,431,High,34.340057373046875,35.26498794555664,0.9737719893455505,34.340057373046875,1.0,1.0000001192092896,1.1926939487457275,0.8384381532669067,0.0,1.0000001192092896
2x,DOTE-MC,400,Medium,24.478954315185547,40.628265380859375,0.6025104522705078,24.583816528320312,0.9957345128059387,1.0000001192092896,3.2141096591949463,0.3111281991004944,0.0,1.0000001192092896
2x,DOTE-MC,401,Medium,24.69839859008789,41.385414123535156,0.5967899560928345,24.992332458496094,0.988239049911499,1.0000001192092896,3.5123562812805176,0.2847091853618622,0.0,1.0000001192092896
2x,DOTE-MC,402,Medium,25.383651733398438,41.25141143798828,0.6153401732444763,25.460670471191406,0.9969750046730042,1.000000238418579,3.431577682495117,0.29141122102737427,0.0,1.000000238418579
2x,DOTE-MC,403,Medium,23.91624641418457,40.52296447753906,0.5901899337768555,24.267559051513672,0.9855233430862427,1.0,3.3813321590423584,0.2957414388656616,0.0,1.0
2x,DOTE-MC,404,Medium,23.618202209472656,40.07636642456055,0.5893299579620361,24.088844299316406,0.9804622530937195,1.0000001192092896,3.1774985790252686,0.3147130012512207,0.0,1.0000001192092896
2x,DOTE-MC,405,Medium,23.687427520751953,40.681983947753906,0.582258403301239,24.199779510498047,0.9788282513618469,1.0000001192092896,3.3876380920410156,0.2951909601688385,0.0,1.0000001192092896
2x,DOTE-MC,406,Medium,23.269813537597656,39.240108489990234,0.5930109620094299,23.508407592773438,0.9898506999015808,1.0,3.1792373657226562,0.314540833234787,0.0,1.0
2x,DOTE-MC,407,Medium,23.179710388183594,38.75175476074219,0.5981590151786804,23.411922454833984,0.9900814890861511,1.0000001192092896,2.9744250774383545,0.33619946241378784,0.0,1.0000001192092896
2x,DOTE-MC,408,Medium,23.319839477539062,38.27203369140625,0.6093180179595947,23.525959014892578,0.9912386536598206,1.0,2.8825292587280273,0.3469175398349762,0.0,1.0
2x,DOTE-MC,409,Medium,23.356231689453125,39.09888458251953,0.5973631143569946,23.645050048828125,0.987785279750824,1.0000001192092896,2.8395140171051025,0.35217297077178955,0.0,1.0000001192092896
2x,DOTE-MC,410,Medium,23.578716278076172,40.30673599243164,0.5849820375442505,24.242855072021484,0.9726047515869141,1.0000001192092896,2.789792060852051,0.35844969749450684,0.0,1.0000001192092896
2x,DOTE-MC,411,Medium,23.505136489868164,39.041133880615234,0.6020607948303223,23.971168518066406,0.9805586338043213,1.0,2.7802321910858154,0.35968220233917236,0.0,1.0
2x,DOTE-MC,412,Medium,23.219356536865234,38.23073196411133,0.6073479652404785,23.908977508544922,0.9711564183235168,1.0000001192092896,2.905379295349121,0.3441891670227051,0.0,1.0000001192092896
2x,DOTE-MC,413,Medium,23.47709846496582,37.70672607421875,0.62262362241745,23.952991485595703,0.9801322221755981,1.0000001192092896,2.9069035053253174,0.3440087139606476,0.0,1.0000001192092896
2x,DOTE-MC,414,Medium,23.725019454956055,37.231597900390625,0.6372280716896057,24.28360366821289,0.9769974946975708,1.0,2.6250622272491455,0.3809433579444885,0.0,1.0
2x,DOTE-MC,415,Medium,23.404582977294922,36.871315002441406,0.6347640156745911,23.990734100341797,0.9755675792694092,1.0,2.670602321624756,0.37444737553596497,0.0,1.0
2x,DOTE-MC,416,Medium,22.74368667602539,35.235679626464844,0.6454731822013855,23.401611328125,0.9718855023384094,1.0000001192092896,2.607057571411133,0.3835742473602295,0.0,1.0000001192092896
2x,DOTE-MC,417,Medium,23.839797973632812,36.291194915771484,0.656903088092804,24.514312744140625,0.9724848866462708,1.0000001192092896,2.5750222206115723,0.38834619522094727,0.0,1.0000001192092896
2x,DOTE-MC,418,Medium,22.95428466796875,34.75883483886719,0.6603870391845703,23.17916488647461,0.9902981519699097,1.0000001192092896,2.6430916786193848,0.3783448338508606,0.0,1.0000001192092896
2x,DOTE-MC,419,Medium,23.857364654541016,35.06664276123047,0.6803435683250427,24.024696350097656,0.9930350184440613,1.0000001192092896,2.5397067070007324,0.3937462866306305,0.0,1.0000001192092896
2x,DOTE-MC,420,Medium,22.96096420288086,34.48597717285156,0.6658058166503906,23.12346649169922,0.9929724335670471,1.0000001192092896,2.3111889362335205,0.4326777756214142,0.0,1.0000001192092896
2x,DOTE-MC,421,Medium,23.121231079101562,33.805973052978516,0.6839392185211182,23.19887924194336,0.9966529607772827,1.0000001192092896,2.302114725112915,0.4343832731246948,0.0,1.0000001192092896
2x,DOTE-MC,422,Medium,23.462427139282227,32.99626541137695,0.7110630869865417,23.474597930908203,0.9994815587997437,1.0000001192092896,2.4001431465148926,0.41664186120033264,0.0,1.0000001192092896
2x,DOTE-MC,423,Medium,22.83362579345703,32.084327697753906,0.7116753458976746,22.844356536865234,0.9995302557945251,1.0000001192092896,2.390432834625244,0.41833433508872986,0.0,1.0000001192092896
2x,DOTE-MC,424,Medium,22.389951705932617,32.78163528442383,0.6830028891563416,22.507335662841797,0.9947846531867981,1.0000001192092896,2.338557481765747,0.42761409282684326,0.0,1.0000001192092896
2x,DOTE-MC,425,Medium,22.658475875854492,33.00126647949219,0.6865941286087036,22.828128814697266,0.9925682544708252,1.0000001192092896,2.32155704498291,0.4307454526424408,0.0,1.0000001192092896
2x,DOTE-MC,426,Medium,22.77627944946289,33.52149200439453,0.6794530153274536,22.798316955566406,0.9990333914756775,1.0,2.3546719551086426,0.42468759417533875,0.0,1.0
2x,DOTE-MC,427,Medium,22.472164154052734,33.20214080810547,0.6768287420272827,22.58547592163086,0.9949829578399658,1.0000001192092896,2.4101438522338867,0.41491302847862244,0.0,1.0000001192092896
2x,DOTE-MC,428,Medium,22.423824310302734,31.912839889526367,0.7026583552360535,22.453231811523438,0.9986903071403503,1.000000238418579,2.245164632797241,0.44540172815322876,0.0,1.000000238418579
2x,DOTE-MC,429,Medium,22.013713836669922,31.661396026611328,0.6952856183052063,22.081512451171875,0.9969296455383301,1.0,2.2151312828063965,0.4514405131340027,0.0,1.0
2x,DOTE-MC,430,Medium,22.65087890625,31.4218807220459,0.7208632230758667,22.866683959960938,0.9905624389648438,1.0000001192092896,2.185077667236328,0.45764967799186707,0.0,1.0000001192092896
2x,DOTE-MC,431,Medium,22.480209350585938,31.215499877929688,0.7201617360115051,22.658859252929688,0.9921156764030457,1.0000001192092896,2.2422845363616943,0.44597378373146057,0.0,1.0000001192092896
2x,DOTE-MC,400,Low,5.4579620361328125,10.242643356323242,0.5328665375709534,5.4825439453125,0.9955163598060608,1.000000238418579,3.549931049346924,0.281695693731308,0.0,1.000000238418579
2x,DOTE-MC,401,Low,5.038494110107422,9.409786224365234,0.5354525446891785,4.672523498535156,1.0783239603042603,1.0000001192092896,3.9189224243164062,0.2551722228527069,0.0,1.0000001192092896
2x,DOTE-MC,402,Low,5.141214370727539,9.626876831054688,0.5340480208396912,4.9878082275390625,1.0307562351226807,1.000000238418579,3.8059747219085693,0.26274484395980835,0.0,1.000000238418579
2x,DOTE-MC,403,Low,5.243127822875977,9.709461212158203,0.5400019288063049,4.873176574707031,1.075915813446045,1.0,3.715204954147339,0.26916414499282837,0.0,1.0
2x,DOTE-MC,404,Low,4.6238250732421875,9.20159912109375,0.5025023221969604,4.223876953125,1.0946874618530273,1.000000238418579,3.508699655532837,0.28500592708587646,0.0,1.000000238418579
2x,DOTE-MC,405,Low,4.997014045715332,9.86595344543457,0.5064907670021057,4.6017913818359375,1.0858845710754395,1.0000001192092896,3.7322354316711426,0.26793596148490906,0.0,1.0000001192092896
2x,DOTE-MC,406,Low,4.852106094360352,9.563199043273926,0.5073726773262024,4.821952819824219,1.0062533617019653,1.0000001192092896,3.4863228797912598,0.2868351936340332,0.0,1.0000001192092896
2x,DOTE-MC,407,Low,4.857649803161621,9.749269485473633,0.4982578158378601,4.7951202392578125,1.01304030418396,1.0000001192092896,3.316025972366333,0.30156582593917847,0.0,1.0000001192092896
2x,DOTE-MC,408,Low,4.824950218200684,9.627033233642578,0.5011876821517944,4.647560119628906,1.0381684303283691,1.0000003576278687,3.2207038402557373,0.3104912340641022,0.0,1.0000003576278687
2x,DOTE-MC,409,Low,4.495678901672363,8.909894943237305,0.5045714974403381,4.31982421875,1.0407087802886963,1.000000238418579,3.1591577529907227,0.3165401518344879,0.0,1.000000238418579
2x,DOTE-MC,410,Low,4.490581512451172,8.999977111816406,0.49895477294921875,4.00433349609375,1.1214303970336914,1.000000238418579,3.120173215866089,0.3204950988292694,0.0,1.000000238418579
2x,DOTE-MC,411,Low,4.811805725097656,9.606653213500977,0.500882625579834,4.4609527587890625,1.0786497592926025,1.0000001192092896,3.092379093170166,0.3233756422996521,0.0,1.0000001192092896
2x,DOTE-MC,412,Low,4.426387786865234,9.068095207214355,0.48812761902809143,3.8247451782226562,1.1573026180267334,1.000000238418579,3.2298226356506348,0.3096145987510681,0.0,1.000000238418579
2x,DOTE-MC,413,Low,4.772132396697998,8.833683013916016,0.5402200222015381,4.476169586181641,1.06611967086792,1.0000001192092896,3.2581663131713867,0.3069211542606354,0.0,1.0000001192092896
2x,DOTE-MC,414,Low,4.407337665557861,8.365398406982422,0.5268532633781433,4.153919219970703,1.061007022857666,1.0,2.9429569244384766,0.3397943079471588,0.0,1.0
2x,DOTE-MC,415,Low,4.385588645935059,7.891171455383301,0.5557588934898376,3.9912872314453125,1.0987905263900757,1.0,2.902020215988159,0.3445875346660614,0.0,1.0
2x,DOTE-MC,416,Low,4.602272033691406,8.123055458068848,0.5665690898895264,4.24151611328125,1.085053563117981,1.0000001192092896,2.889066696166992,0.3461325764656067,0.0,1.0000001192092896
2x,DOTE-MC,417,Low,4.247912883758545,8.185287475585938,0.5189692974090576,4.010231018066406,1.059268832206726,1.0000001192092896,2.8500349521636963,0.3508729338645935,0.0,1.0000001192092896
2x,DOTE-MC,418,Low,4.6277923583984375,8.518708229064941,0.5432505011558533,4.747791290283203,0.9747253060340881,1.0000001192092896,2.9379658699035645,0.34037157893180847,0.0,1.0000001192092896
2x,DOTE-MC,419,Low,4.505343437194824,8.231069564819336,0.5473582148551941,4.583393096923828,0.98297119140625,1.000000238418579,2.821322202682495,0.35444381833076477,0.0,1.000000238418579
2x,DOTE-MC,420,Low,5.31325626373291,8.692743301391602,0.6112289428710938,5.427898406982422,0.9788790941238403,1.0000001192092896,2.6145310401916504,0.3824778199195862,0.0,1.0000001192092896
2x,DOTE-MC,421,Low,4.6312761306762695,8.296121597290039,0.5582459568977356,5.076717376708984,0.9122580289840698,1.000000238418579,2.573838233947754,0.3885248899459839,0.0,1.000000238418579
2x,DOTE-MC,422,Low,4.800709247589111,8.15096664428711,0.5889742374420166,4.895717620849609,0.9805935621261597,1.0000001192092896,2.6748430728912354,0.37385374307632446,0.0,1.0000001192092896
2x,DOTE-MC,423,Low,4.533276557922363,7.874683380126953,0.5756773352622986,4.831081390380859,0.9383564591407776,1.0000001192092896,2.644376754760742,0.3781609833240509,0.0,1.0000001192092896
2x,DOTE-MC,424,Low,4.313934326171875,7.341937065124512,0.5875744223594666,4.252193450927734,1.0145198106765747,1.0000001192092896,2.588275909423828,0.3863576054573059,0.0,1.0000001192092896
2x,DOTE-MC,425,Low,4.211705207824707,7.6469950675964355,0.5507660508155823,4.169795989990234,1.010050654411316,1.0000001192092896,2.590475559234619,0.38602954149246216,0.0,1.0000001192092896
2x,DOTE-MC,426,Low,4.144048690795898,7.210050582885742,0.5747600197792053,4.115421295166016,1.0069561004638672,1.0,2.5998520851135254,0.3846372663974762,0.0,1.0
2x,DOTE-MC,427,Low,4.477598190307617,7.974862575531006,0.5614640116691589,4.404243469238281,1.016655445098877,1.0000001192092896,2.6801841259002686,0.37310874462127686,0.0,1.0000001192092896
2x,DOTE-MC,428,Low,3.975501298904419,7.160965442657471,0.5551627278327942,3.8932762145996094,1.0211197137832642,1.0000001192092896,2.4845306873321533,0.4024905562400818,0.0,1.0000001192092896
2x,DOTE-MC,429,Low,4.485502243041992,7.6697468757629395,0.5848305225372314,4.389427185058594,1.0218877792358398,1.0000001192092896,2.4784414768218994,0.4034794270992279,0.0,1.0000001192092896
2x,DOTE-MC,430,Low,4.328293800354004,7.479405403137207,0.5786948800086975,4.178340911865234,1.0358881950378418,1.0000001192092896,2.423001289367676,0.41271135210990906,0.0,1.0000001192092896
2x,DOTE-MC,431,Low,4.4863433837890625,7.676029205322266,0.5844614505767822,4.373294830322266,1.02584969997406,1.0000001192092896,2.4677536487579346,0.4052268862724304,0.0,1.0000001192092896
2x,DOTE-MC,432,High,33.45075225830078,34.192588806152344,0.9783041477203369,33.45075225830078,1.0,0.9999998807907104,1.1545495986938477,0.8661385178565979,0.0,0.9999998807907104
2x,DOTE-MC,433,High,32.83656311035156,33.3272819519043,0.9852757453918457,32.83656311035156,1.0,1.000000238418579,1.1022331714630127,0.9072492718696594,0.0,1.000000238418579
2x,DOTE-MC,434,High,33.299072265625,33.8240852355957,0.9844781160354614,33.299072265625,1.0,0.9999998807907104,1.1093782186508179,0.9014057517051697,0.0,0.9999998807907104
2x,DOTE-MC,435,High,32.407711029052734,32.93784713745117,0.9839049577713013,32.40771484375,0.9999998807907104,1.0,1.1104440689086914,0.9005406498908997,0.0,1.0
2x,DOTE-MC,436,High,32.48249816894531,32.804405212402344,0.9901871085166931,32.48249816894531,1.0,1.000000238418579,1.0670636892318726,0.9371514320373535,0.0,1.000000238418579
2x,DOTE-MC,437,High,32.57930374145508,32.877994537353516,0.9909151792526245,32.57930374145508,1.0,1.0000001192092896,1.0622271299362183,0.9414183497428894,0.0,1.0000001192092896
2x,DOTE-MC,438,High,31.431798934936523,31.556705474853516,0.9960418343544006,31.4383602142334,0.9997913241386414,1.0000001192092896,1.0246552228927612,0.9759381413459778,0.0,1.0000001192092896
2x,DOTE-MC,439,High,31.722084045410156,32.03056335449219,0.9903692007064819,31.72287368774414,0.9999750852584839,1.000000238418579,1.0625293254852295,0.9411507248878479,0.0,1.000000238418579
2x,DOTE-MC,440,High,31.843643188476562,32.23224639892578,0.9879436492919922,31.84406280517578,0.9999868273735046,1.0000001192092896,1.1210262775421143,0.8920398354530334,0.0,1.0000001192092896
2x,DOTE-MC,441,High,32.492271423339844,32.65622329711914,0.9949794411659241,32.49235534667969,0.9999974370002747,1.000000238418579,1.2269659042358398,0.8150187730789185,0.0,1.000000238418579
2x,DOTE-MC,442,High,35.93911361694336,36.38453674316406,0.9877579212188721,35.93939971923828,0.9999920129776001,1.000000238418579,1.4086556434631348,0.7098968625068665,0.0,1.000000238418579
2x,DOTE-MC,443,High,35.33319091796875,36.02265548706055,0.9808602333068848,35.333248138427734,0.9999983906745911,1.0000001192092896,1.552186131477356,0.6442527174949646,0.0,1.0000001192092896
2x,DOTE-MC,444,High,35.24848937988281,36.288124084472656,0.9713505506515503,35.24858093261719,0.9999973773956299,1.0000001192092896,1.5807571411132812,0.6326082944869995,0.0,1.0000001192092896
2x,DOTE-MC,445,High,37.64708709716797,38.70869445800781,0.9725744724273682,37.647274017333984,0.9999950528144836,1.0000001192092896,1.716385006904602,0.5826199054718018,0.0,1.0000001192092896
2x,DOTE-MC,446,High,40.13591384887695,41.172664642333984,0.9748194217681885,40.15787887573242,0.9994530081748962,1.0000001192092896,1.681823492050171,0.594592809677124,0.0,1.0000001192092896
2x,DOTE-MC,447,High,42.07489013671875,43.67449951171875,0.9633743166923523,42.21596908569336,0.9966581463813782,1.000000238418579,1.8087255954742432,0.5528755784034729,0.0,1.000000238418579
2x,DOTE-MC,448,High,44.244537353515625,45.747554779052734,0.9671453833580017,44.28458023071289,0.9990957975387573,1.000000238418579,1.8270206451416016,0.5473393201828003,0.0,1.000000238418579
2x,DOTE-MC,449,High,46.90135192871094,48.80077362060547,0.9610780477523804,46.95219039916992,0.9989172220230103,1.0000001192092896,1.8480746746063232,0.541103720664978,0.0,1.0000001192092896
2x,DOTE-MC,450,High,48.88325500488281,50.89148712158203,0.960538923740387,48.96222686767578,0.9983870983123779,1.000000238418579,2.0334808826446533,0.4917677044868469,0.0,1.000000238418579
2x,DOTE-MC,451,High,52.484779357910156,55.49192428588867,0.9458093047142029,52.835357666015625,0.993364691734314,1.0000001192092896,2.209352970123291,0.4526212513446808,0.0,1.0000001192092896
2x,DOTE-MC,452,High,54.7376823425293,58.302085876464844,0.938863217830658,55.15562438964844,0.9924225211143494,1.0000001192092896,2.5289714336395264,0.395417720079422,0.0,1.0000001192092896
2x,DOTE-MC,453,High,53.83753204345703,57.382362365722656,0.9382243752479553,54.37189483642578,0.9901720881462097,1.0000001192092896,2.3832807540893555,0.41958972811698914,0.0,1.0000001192092896
2x,DOTE-MC,454,High,54.473426818847656,58.65031433105469,0.9287831783294678,55.07414245605469,0.9890925884246826,1.0,2.4454617500305176,0.4089207351207733,0.0,1.0
2x,DOTE-MC,455,High,53.817317962646484,58.40483856201172,0.921453058719635,54.232913970947266,0.9923368096351624,1.0000001192092896,2.425541877746582,0.41227906942367554,0.0,1.0000001192092896
2x,DOTE-MC,456,High,55.710357666015625,60.499717712402344,0.9208366274833679,56.16615676879883,0.9918848276138306,1.0000001192092896,2.427128314971924,0.4120095670223236,0.0,1.0000001192092896
2x,DOTE-MC,457,High,57.334716796875,62.77009582519531,0.9134081602096558,57.822078704833984,0.9915713667869568,1.000000238418579,2.3584847450256348,0.42400115728378296,0.0,1.000000238418579
2x,DOTE-MC,458,High,59.14192199707031,64.16187286376953,0.921761155128479,59.55216979980469,0.9931111335754395,1.0,2.3756890296936035,0.42093050479888916,0.0,1.0
2x,DOTE-MC,459,High,59.07221221923828,65.10098266601562,0.9073935747146606,59.53937530517578,0.9921537041664124,1.0,2.588312864303589,0.3863520622253418,0.0,1.0
2x,DOTE-MC,460,High,59.929718017578125,65.79720306396484,0.910824716091156,60.543827056884766,0.9898567795753479,1.0,2.5629115104675293,0.3901812434196472,0.0,1.0
2x,DOTE-MC,461,High,59.635597229003906,65.16857147216797,0.9150975346565247,60.18305206298828,0.9909034967422485,1.0,2.7350330352783203,0.3656263053417206,0.0,1.0
2x,DOTE-MC,462,High,59.50523376464844,65.53604888916016,0.9079771041870117,60.17683410644531,0.9888395667076111,1.000000238418579,2.4626641273498535,0.40606439113616943,0.0,1.000000238418579
2x,DOTE-MC,463,High,60.23081588745117,67.10050964355469,0.8976208567619324,60.57726287841797,0.9942809343338013,1.0000001192092896,2.629364252090454,0.38032010197639465,0.0,1.0000001192092896
2x,DOTE-MC,432,Medium,21.828102111816406,30.64992904663086,0.712174654006958,21.957408905029297,0.9941110014915466,1.0000001192092896,2.174201726913452,0.45993897318840027,0.0,1.0000001192092896
2x,DOTE-MC,433,Medium,20.966596603393555,29.743457794189453,0.7049145698547363,21.21469497680664,0.9883053302764893,1.000000238418579,2.0541915893554688,0.4868096113204956,0.0,1.000000238418579
2x,DOTE-MC,434,Medium,21.97317123413086,29.894237518310547,0.7350303530693054,22.204544067382812,0.9895799160003662,1.0000001192092896,2.068408727645874,0.48346349596977234,0.0,1.0000001192092896
2x,DOTE-MC,435,Medium,22.00075912475586,29.511154174804688,0.7455065846443176,22.0087890625,0.9996351599693298,1.0,2.1056599617004395,0.4749104976654053,0.0,1.0
2x,DOTE-MC,436,Medium,22.02614974975586,29.68134307861328,0.7420873641967773,22.256038665771484,0.9896706938743591,1.000000238418579,2.061002016067505,0.48520100116729736,0.0,1.000000238418579
2x,DOTE-MC,437,Medium,22.13479995727539,29.40087890625,0.7528618574142456,22.13925552368164,0.9997987747192383,1.0000001192092896,2.006168842315674,0.49846258759498596,0.0,1.0000001192092896
2x,DOTE-MC,438,Medium,21.314395904541016,28.379138946533203,0.7510585784912109,21.314760208129883,0.9999828934669495,1.0000001192092896,1.9619877338409424,0.5096872448921204,0.0,1.0000001192092896
2x,DOTE-MC,439,Medium,21.29769515991211,28.721601486206055,0.7415218353271484,21.30136489868164,0.9998277425765991,1.0000001192092896,2.04508113861084,0.48897820711135864,0.0,1.0000001192092896
2x,DOTE-MC,440,Medium,21.407438278198242,28.806852340698242,0.743137001991272,21.593177795410156,0.9913982152938843,1.0,2.176926374435425,0.45936325192451477,0.0,1.0
2x,DOTE-MC,441,Medium,22.299726486206055,29.499439239501953,0.7559372782707214,22.305706024169922,0.9997318983078003,1.000000238418579,2.323134660720825,0.43045297265052795,0.0,1.000000238418579
2x,DOTE-MC,442,Medium,24.347930908203125,32.53779983520508,0.7482967972755432,24.370071411132812,0.9990915060043335,1.000000238418579,2.6989433765411377,0.37051546573638916,0.0,1.000000238418579
2x,DOTE-MC,443,Medium,23.655942916870117,32.11758041381836,0.7365418672561646,23.773101806640625,0.9950717687606812,1.000000238418579,2.931173801422119,0.3411603271961212,0.0,1.000000238418579
2x,DOTE-MC,444,Medium,23.649900436401367,32.61119079589844,0.7252081036567688,23.908206939697266,0.9891958832740784,1.000000238418579,3.0103931427001953,0.3321826159954071,0.0,1.000000238418579
2x,DOTE-MC,445,Medium,24.208145141601562,34.435882568359375,0.7029918432235718,24.526912689208984,0.9870033264160156,1.000000238418579,3.260941743850708,0.3066599667072296,0.0,1.000000238418579
2x,DOTE-MC,446,Medium,26.291122436523438,37.233638763427734,0.7061120867729187,26.31705093383789,0.9990147352218628,1.0000001192092896,3.145914316177368,0.31787264347076416,0.0,1.0000001192092896
2x,DOTE-MC,447,Medium,25.888423919677734,38.920711517333984,0.6651580333709717,26.14206314086914,0.9902976751327515,1.000000238418579,3.3759002685546875,0.2962173521518707,0.0,1.000000238418579
2x,DOTE-MC,448,Medium,26.01122283935547,40.898521423339844,0.6359941959381104,26.141796112060547,0.995005190372467,1.000000238418579,3.4541797637939453,0.28950440883636475,0.0,1.000000238418579
2x,DOTE-MC,449,Medium,27.6829833984375,43.87458801269531,0.6309571266174316,28.101032257080078,0.985123336315155,1.000000238418579,3.4600605964660645,0.2890123426914215,0.0,1.000000238418579
2x,DOTE-MC,450,Medium,28.21624755859375,45.53669738769531,0.6196375489234924,28.7122802734375,0.9827240109443665,1.000000238418579,3.8280060291290283,0.2612326741218567,0.0,1.000000238418579
2x,DOTE-MC,451,Medium,29.60776710510254,49.677146911621094,0.5960037708282471,30.0404052734375,0.9855981469154358,1.0000001192092896,4.190011024475098,0.23866288363933563,0.0,1.0000001192092896
2x,DOTE-MC,452,Medium,31.353002548217773,52.251319885253906,0.6000422835350037,31.513580322265625,0.9949045181274414,1.000000238418579,4.7939934730529785,0.208594411611557,0.0,1.000000238418579
2x,DOTE-MC,453,Medium,32.422183990478516,51.68361282348633,0.627320408821106,32.25862121582031,1.0050703287124634,1.0000001192092896,4.509568214416504,0.22175075113773346,0.0,1.0000001192092896
2x,DOTE-MC,454,Medium,32.15377426147461,52.34410095214844,0.6142769455909729,32.01002502441406,1.0044907331466675,1.0,4.611860752105713,0.2168322205543518,0.0,1.0
2x,DOTE-MC,455,Medium,31.29547882080078,52.440345764160156,0.5967824459075928,31.418865203857422,0.9960728287696838,1.000000238418579,4.5876851081848145,0.21797490119934082,0.0,1.000000238418579
2x,DOTE-MC,456,Medium,30.26781463623047,54.493499755859375,0.5554389953613281,30.479053497314453,0.9930693507194519,1.0000001192092896,4.682440280914307,0.21356387436389923,0.0,1.0000001192092896
2x,DOTE-MC,457,Medium,30.89983367919922,56.50138854980469,0.5468862652778625,31.230609893798828,0.9894086122512817,1.000000238418579,4.321086406707764,0.23142333328723907,0.0,1.000000238418579
2x,DOTE-MC,458,Medium,29.946056365966797,57.49279022216797,0.5208662748336792,31.002243041992188,0.9659319519996643,1.000000238418579,4.5749335289001465,0.21858246624469757,0.0,1.000000238418579
2x,DOTE-MC,459,Medium,31.75882911682129,58.52760314941406,0.5426299571990967,32.133026123046875,0.9883547425270081,1.0000001192092896,4.8188910484313965,0.2075166553258896,0.0,1.0000001192092896
2x,DOTE-MC,460,Medium,31.773880004882812,58.10503387451172,0.5468352437019348,32.1143913269043,0.9893969297409058,1.0000001192092896,4.84443998336792,0.20642223954200745,0.0,1.0000001192092896
2x,DOTE-MC,461,Medium,32.076839447021484,58.00352096557617,0.553015410900116,32.415061950683594,0.989565908908844,1.000000238418579,5.112305641174316,0.19560649991035461,0.0,1.000000238418579
2x,DOTE-MC,462,Medium,32.76451873779297,58.517356872558594,0.5599111318588257,32.93586730957031,0.9947975277900696,1.000000238418579,4.741034507751465,0.21092447638511658,0.0,1.000000238418579
2x,DOTE-MC,463,Medium,32.213600158691406,59.464752197265625,0.5417259335517883,32.536529541015625,0.990074872970581,1.0000001192092896,4.893871784210205,0.2043372094631195,0.0,1.0000001192092896
2x,DOTE-MC,432,Low,4.139463424682617,6.819363594055176,0.6070160865783691,4.074577331542969,1.0159245729446411,1.0000001192092896,2.3984434604644775,0.41693711280822754,0.0,1.0000001192092896
2x,DOTE-MC,433,Low,4.351126670837402,7.145410537719727,0.608940064907074,4.161109924316406,1.04566490650177,1.000000238418579,2.3003292083740234,0.4347204864025116,0.0,1.000000238418579
2x,DOTE-MC,434,Low,4.193150043487549,6.9113287925720215,0.6067067980766296,4.020820617675781,1.0428593158721924,1.0000001192092896,2.2801828384399414,0.4385613799095154,0.0,1.0000001192092896
2x,DOTE-MC,435,Low,4.949133396148682,6.89573335647583,0.717709481716156,5.002494812011719,0.9893330335617065,1.0000001192092896,2.2699332237243652,0.44054165482521057,0.0,1.0000001192092896
2x,DOTE-MC,436,Low,4.571220397949219,7.0866312980651855,0.6450484395027161,4.447750091552734,1.0277601480484009,1.0000001192092896,2.274751901626587,0.4396084249019623,0.0,1.0000001192092896
2x,DOTE-MC,437,Low,4.616705417633057,6.994507312774658,0.6600472927093506,4.724117279052734,0.9772630929946899,1.0,2.238699197769165,0.4466879665851593,0.0,1.0
2x,DOTE-MC,438,Low,4.635898590087891,6.484365463256836,0.7149348258972168,4.7272491455078125,0.9806757569313049,1.0000001192092896,2.157700777053833,0.46345633268356323,0.0,1.0000001192092896
2x,DOTE-MC,439,Low,4.926331520080566,6.828071594238281,0.7214820981025696,5.091827392578125,0.9674977660179138,1.000000238418579,2.2361667156219482,0.4471939504146576,0.0,1.000000238418579
2x,DOTE-MC,440,Low,4.508002281188965,7.231462478637695,0.623387336730957,4.389732360839844,1.0269423723220825,1.0000001192092896,2.448800563812256,0.4083632230758667,0.0,1.0000001192092896
2x,DOTE-MC,441,Low,4.772562026977539,6.986618995666504,0.6831003427505493,4.846160888671875,0.9848129749298096,1.000000238418579,2.5955097675323486,0.3852808475494385,0.0,1.000000238418579
2x,DOTE-MC,442,Low,4.740197658538818,7.349736213684082,0.6449480056762695,4.8721466064453125,0.9729176759719849,1.000000238418579,3.005807876586914,0.3326893448829651,0.0,1.000000238418579
2x,DOTE-MC,443,Low,5.189638137817383,8.128369331359863,0.6384599208831787,5.408580780029297,0.9595193862915039,1.000000238418579,3.309211015701294,0.30218690633773804,0.0,1.000000238418579
2x,DOTE-MC,444,Low,4.736717700958252,7.652280807495117,0.6189942359924316,4.883014678955078,0.9700396060943604,1.0000001192092896,3.3022725582122803,0.3028217852115631,0.0,1.0000001192092896
2x,DOTE-MC,445,Low,4.51081657409668,7.880474090576172,0.5724042057991028,4.717109680175781,0.9562670588493347,1.000000238418579,3.6615874767303467,0.273105651140213,0.0,1.000000238418579
2x,DOTE-MC,446,Low,5.133797645568848,9.017852783203125,0.5692926645278931,5.26220703125,0.9755977988243103,1.000000238418579,3.461871862411499,0.28886112570762634,0.0,1.000000238418579
2x,DOTE-MC,447,Low,4.870652675628662,8.941078186035156,0.5447500348091125,4.856040954589844,1.0030089616775513,1.000000238418579,3.73944091796875,0.2674197256565094,0.0,1.000000238418579
2x,DOTE-MC,448,Low,5.23973274230957,9.870680809020996,0.5308380126953125,5.16497802734375,1.0144734382629395,1.0000003576278687,3.7802724838256836,0.26453128457069397,0.0,1.0000003576278687
2x,DOTE-MC,449,Low,5.2250471115112305,9.923047065734863,0.5265567302703857,5.1681060791015625,1.0110177993774414,1.000000238418579,3.8830220699310303,0.25753143429756165,0.0,1.000000238418579
2x,DOTE-MC,450,Low,5.441946506500244,10.689220428466797,0.5091060400009155,5.602684020996094,0.9713106155395508,1.000000238418579,4.209193706512451,0.2375752478837967,0.0,1.000000238418579
2x,DOTE-MC,451,Low,5.491519451141357,11.823735237121582,0.4644487798213959,4.909332275390625,1.118587851524353,1.0000001192092896,4.790958404541016,0.20872652530670166,0.0,1.0000001192092896
2x,DOTE-MC,452,Low,5.559421539306641,12.052978515625,0.4612487852573395,5.172607421875,1.0747812986373901,1.000000238418579,5.30308723449707,0.18856945633888245,0.0,1.000000238418579
2x,DOTE-MC,453,Low,5.837846279144287,12.813074111938477,0.4556163549423218,5.673393249511719,1.0289866924285889,1.0000001192092896,4.968624591827393,0.201262965798378,0.0,1.0000001192092896
2x,DOTE-MC,454,Low,5.539511203765869,11.914324760437012,0.4649454653263092,5.395729064941406,1.0266474485397339,1.0,5.033122539520264,0.19868381321430206,0.0,1.0
2x,DOTE-MC,455,Low,5.931084156036377,12.404805183410645,0.47812795639038086,5.6802520751953125,1.0441585779190063,1.000000238418579,5.187154293060303,0.19278398156166077,0.0,1.000000238418579
2x,DOTE-MC,456,Low,4.712879180908203,12.085302352905273,0.38996782898902893,4.501518249511719,1.0469532012939453,1.0000001192092896,5.070983409881592,0.19720043241977692,0.0,1.0000001192092896
2x,DOTE-MC,457,Low,4.699738502502441,13.721074104309082,0.34251973032951355,4.210472106933594,1.1162022352218628,1.000000238418579,4.809861183166504,0.20790626108646393,0.0,1.000000238418579
2x,DOTE-MC,458,Low,5.539755821228027,13.619312286376953,0.4067573845386505,4.49859619140625,1.2314410209655762,1.000000238418579,5.073232173919678,0.197113037109375,0.0,1.000000238418579
2x,DOTE-MC,459,Low,4.762371063232422,12.780935287475586,0.3726152181625366,4.230316162109375,1.1257718801498413,1.0000001192092896,5.370874404907227,0.1861894428730011,0.0,1.0000001192092896
2x,DOTE-MC,460,Low,4.576415061950684,13.045042991638184,0.35081639885902405,4.0892181396484375,1.1191418170928955,1.0000001192092896,5.3673601150512695,0.18631134927272797,0.0,1.0000001192092896
2x,DOTE-MC,461,Low,4.940883636474609,14.204662322998047,0.34783533215522766,4.462318420410156,1.107245922088623,1.000000238418579,5.543355464935303,0.1803961992263794,0.0,1.000000238418579
2x,DOTE-MC,462,Low,4.622057914733887,14.118459701538086,0.32737693190574646,4.3176422119140625,1.0705050230026245,1.000000238418579,5.3121795654296875,0.1882466971874237,0.0,1.000000238418579
2x,DOTE-MC,463,Low,4.442284107208252,13.828115463256836,0.32125014066696167,4.1971435546875,1.0584064722061157,1.0000001192092896,5.355515480041504,0.18672341108322144,0.0,1.0000001192092896
2x,DOTE-MC,464,High,60.6051139831543,67.90959167480469,0.8924382328987122,60.89291000366211,0.9952737092971802,1.0,2.586153030395508,0.3866747319698334,0.0,1.0
2x,DOTE-MC,465,High,60.68703079223633,67.71635437011719,0.896194577217102,61.13463592529297,0.9926783442497253,1.0000001192092896,2.8513131141662598,0.35071563720703125,0.0,1.0000001192092896
2x,DOTE-MC,466,High,61.41360092163086,68.825927734375,0.8923032879829407,61.44599914550781,0.9994727373123169,1.0000001192092896,2.6596083641052246,0.3759952485561371,0.0,1.0000001192092896
2x,DOTE-MC,467,High,60.304168701171875,67.70396423339844,0.8907036781311035,60.49359130859375,0.9968687295913696,1.0,2.6628024578094482,0.3755441904067993,0.0,1.0
2x,DOTE-MC,468,High,59.043701171875,66.29100799560547,0.890674352645874,59.22005081176758,0.9970221519470215,1.0,2.7809441089630127,0.3595901131629944,0.0,1.0
2x,DOTE-MC,469,High,59.57758331298828,67.03770446777344,0.888717532157898,59.714744567871094,0.9977030754089355,1.0000001192092896,2.7298593521118164,0.3663192689418793,0.0,1.0000001192092896
2x,DOTE-MC,470,High,59.9828987121582,67.52896881103516,0.8882543444633484,60.24677658081055,0.99562007188797,1.000000238418579,2.842733144760132,0.3517742156982422,0.0,1.000000238418579
2x,DOTE-MC,471,High,60.304046630859375,68.47381591796875,0.8806877136230469,60.384681701660156,0.9986646175384521,1.000000238418579,2.7462000846862793,0.3641396164894104,0.0,1.000000238418579
2x,DOTE-MC,472,High,60.16957473754883,67.6772689819336,0.889066219329834,60.235107421875,0.9989120364189148,1.0000001192092896,2.7633755207061768,0.36187630891799927,0.0,1.0000001192092896
2x,DOTE-MC,473,High,61.07501983642578,68.33329772949219,0.8937812447547913,61.18670654296875,0.9981746673583984,1.000000238418579,2.720515727996826,0.367577463388443,0.0,1.000000238418579
2x,DOTE-MC,474,High,61.141265869140625,68.20462036132812,0.8964387774467468,61.15829849243164,0.9997215270996094,1.000000238418579,2.536991596221924,0.3941677510738373,0.0,1.000000238418579
2x,DOTE-MC,475,High,62.332496643066406,69.97579193115234,0.89077228307724,62.36090087890625,0.9995445013046265,1.0,2.6427383422851562,0.3783953785896301,0.0,1.0
2x,DOTE-MC,476,High,60.778892517089844,67.96894836425781,0.8942155838012695,60.880558013916016,0.9983300566673279,1.000000238418579,2.765469551086426,0.3616023361682892,0.0,1.000000238418579
2x,DOTE-MC,477,High,61.452049255371094,68.79931640625,0.8932072520256042,61.5156364440918,0.9989663362503052,1.0000001192092896,2.6890909671783447,0.3718729317188263,0.0,1.0000001192092896
2x,DOTE-MC,478,High,59.79356384277344,67.36585235595703,0.8875945806503296,59.872955322265625,0.9986739754676819,1.0000001192092896,2.5883283615112305,0.38634979724884033,0.0,1.0000001192092896
2x,DOTE-MC,479,High,59.46952819824219,66.86679077148438,0.8893731236457825,59.511390686035156,0.9992965459823608,1.000000238418579,2.6964004039764404,0.3708648979663849,0.0,1.000000238418579
2x,DOTE-MC,480,High,59.11871337890625,66.5469970703125,0.8883754014968872,59.14198684692383,0.9996064901351929,1.0000001192092896,2.577756404876709,0.38793429732322693,0.0,1.0000001192092896
2x,DOTE-MC,481,High,58.628150939941406,65.56578063964844,0.8941882252693176,58.66014099121094,0.99945467710495,1.0000001192092896,2.5817549228668213,0.387333482503891,0.0,1.0000001192092896
2x,DOTE-MC,482,High,57.108314514160156,63.896728515625,0.8937596082687378,57.124488830566406,0.9997168779373169,1.0000001192092896,2.467940092086792,0.40519627928733826,0.0,1.0000001192092896
2x,DOTE-MC,483,High,56.40723419189453,62.97758483886719,0.8956716060638428,56.51472473144531,0.9980980157852173,1.000000238418579,2.40797758102417,0.4152863621711731,0.0,1.000000238418579
2x,DOTE-MC,484,High,57.33726119995117,64.67543029785156,0.8865385055541992,57.35789108276367,0.9996403455734253,1.0000001192092896,2.4287850856781006,0.41172853112220764,0.0,1.0000001192092896
2x,DOTE-MC,485,High,57.647315979003906,64.74214172363281,0.8904141187667847,57.68404769897461,0.9993632435798645,1.0000001192092896,2.421156644821167,0.41302579641342163,0.0,1.0000001192092896
2x,DOTE-MC,486,High,56.0420036315918,62.95967483520508,0.8901253938674927,56.06980895996094,0.9995040893554688,1.0,2.1840620040893555,0.4578624665737152,0.0,1.0
2x,DOTE-MC,487,High,56.551475524902344,63.670101165771484,0.8881951570510864,56.59715270996094,0.9991929531097412,1.0,2.1712965965270996,0.460554301738739,0.0,1.0
2x,DOTE-MC,488,High,54.5838623046875,61.593467712402344,0.8861956596374512,54.613277435302734,0.9994614124298096,1.0000001192092896,2.2128076553344727,0.45191460847854614,0.0,1.0000001192092896
2x,DOTE-MC,489,High,55.63700866699219,62.836219787597656,0.8854289650917053,55.675933837890625,0.9993008375167847,1.000000238418579,2.1783385276794434,0.45906558632850647,0.0,1.000000238418579
2x,DOTE-MC,490,High,54.390167236328125,61.23728942871094,0.888187050819397,54.42790603637695,0.9993066191673279,1.0000001192092896,2.0749804973602295,0.48193231225013733,0.0,1.0000001192092896
2x,DOTE-MC,491,High,53.84064483642578,60.02318572998047,0.8969974517822266,53.86792755126953,0.9994935393333435,1.0,2.0819408893585205,0.4803210198879242,0.0,1.0
2x,DOTE-MC,492,High,53.267662048339844,59.747337341308594,0.8915486931800842,53.294185638427734,0.9995023012161255,1.0,2.1427032947540283,0.46670016646385193,0.0,1.0
2x,DOTE-MC,493,High,53.819114685058594,59.652061462402344,0.9022172093391418,53.86862564086914,0.9990808963775635,1.0,2.167954206466675,0.46126434206962585,0.0,1.0
2x,DOTE-MC,494,High,52.853302001953125,59.363494873046875,0.8903334140777588,52.877159118652344,0.9995487928390503,1.0,1.898830533027649,0.5266399383544922,0.0,1.0
2x,DOTE-MC,495,High,51.78054428100586,58.23219299316406,0.889208197593689,51.79559326171875,0.99970942735672,1.0000001192092896,1.8278006315231323,0.5471056699752808,0.0,1.0000001192092896
2x,DOTE-MC,464,Medium,33.340171813964844,60.340415954589844,0.5525346994400024,33.60805130004883,0.9920293092727661,1.0000001192092896,4.9478373527526855,0.20210853219032288,0.0,1.0000001192092896
2x,DOTE-MC,465,Medium,33.553253173828125,61.006317138671875,0.5499963760375977,33.942108154296875,0.9885435700416565,1.000000238418579,5.326302528381348,0.1877475529909134,0.0,1.000000238418579
2x,DOTE-MC,466,Medium,31.8437442779541,61.541778564453125,0.5174329280853271,33.89189147949219,0.9395682215690613,1.0000001192092896,4.971914768218994,0.20112977921962738,0.0,1.0000001192092896
2x,DOTE-MC,467,Medium,32.463417053222656,59.55256652832031,0.5451220273971558,33.403961181640625,0.9718433618545532,1.000000238418579,5.008863925933838,0.19964611530303955,0.0,1.000000238418579
2x,DOTE-MC,468,Medium,31.495080947875977,59.78158187866211,0.5268358588218689,32.18546676635742,0.9785497784614563,1.0000001192092896,5.206176280975342,0.1920795738697052,0.0,1.0000001192092896
2x,DOTE-MC,469,Medium,33.23408889770508,60.038482666015625,0.5535464286804199,33.91632843017578,0.9798846244812012,1.000000238418579,5.262711048126221,0.19001618027687073,0.0,1.000000238418579
2x,DOTE-MC,470,Medium,33.92081832885742,60.34033966064453,0.5621582269668579,34.35508346557617,0.9873595237731934,1.000000238418579,5.454912185668945,0.1833210587501526,0.0,1.000000238418579
2x,DOTE-MC,471,Medium,32.98849105834961,60.85108947753906,0.5421183109283447,33.775115966796875,0.9767099022865295,1.000000238418579,5.126410484313965,0.19506831467151642,0.0,1.000000238418579
2x,DOTE-MC,472,Medium,32.97047805786133,60.569252014160156,0.5443434715270996,33.69541931152344,0.9784854650497437,1.0000001192092896,5.18290901184082,0.19294185936450958,0.0,1.0000001192092896
2x,DOTE-MC,473,Medium,31.145008087158203,61.56744384765625,0.505868136882782,32.00323486328125,0.9731830954551697,1.0000001192092896,5.269673824310303,0.1897650957107544,0.0,1.0000001192092896
2x,DOTE-MC,474,Medium,30.913909912109375,61.02027130126953,0.5066170692443848,31.988231658935547,0.9664151072502136,1.000000238418579,4.868702411651611,0.20539358258247375,0.0,1.000000238418579
2x,DOTE-MC,475,Medium,32.305938720703125,61.73448181152344,0.5233045816421509,33.789955139160156,0.9560811519622803,1.0000001192092896,4.913802623748779,0.2035084068775177,0.0,1.0000001192092896
2x,DOTE-MC,476,Medium,31.185546875,61.52406692504883,0.5068836808204651,34.479122161865234,0.9044762253761292,1.000000238418579,5.187185764312744,0.19278280436992645,0.0,1.000000238418579
2x,DOTE-MC,477,Medium,30.302040100097656,61.196983337402344,0.49515578150749207,33.79048538208008,0.896762490272522,1.000000238418579,5.0403971672058105,0.19839711487293243,0.0,1.000000238418579
2x,DOTE-MC,478,Medium,28.99988555908203,60.400230407714844,0.4801287353038788,31.741188049316406,0.913635790348053,1.0000001192092896,4.874043941497803,0.2051684707403183,0.0,1.0000001192092896
2x,DOTE-MC,479,Medium,29.262422561645508,60.869354248046875,0.4807414710521698,31.24231719970703,0.9366278052330017,1.000000238418579,5.104190826416016,0.19591748714447021,0.0,1.000000238418579
2x,DOTE-MC,480,Medium,28.86993980407715,59.198463439941406,0.4876805543899536,29.900074005126953,0.9655474424362183,1.0000001192092896,4.959178924560547,0.20164631307125092,0.0,1.0000001192092896
2x,DOTE-MC,481,Medium,29.916954040527344,58.6655158996582,0.5099580883979797,31.37969207763672,0.9533858299255371,1.0000001192092896,4.963308334350586,0.20147854089736938,0.0,1.0000001192092896
2x,DOTE-MC,482,Medium,30.163509368896484,56.795135498046875,0.531093180179596,31.234825134277344,0.9657012224197388,1.0000001192092896,4.6866044998168945,0.21337412297725677,0.0,1.0000001192092896
2x,DOTE-MC,483,Medium,30.072080612182617,56.927589416503906,0.5282514095306396,30.704208374023438,0.979412317276001,1.000000238418579,4.45863676071167,0.2242838591337204,0.0,1.000000238418579
2x,DOTE-MC,484,Medium,30.269161224365234,57.705745697021484,0.524543285369873,32.141117095947266,0.9417582154273987,1.000000238418579,4.638410568237305,0.21559114754199982,0.0,1.000000238418579
2x,DOTE-MC,485,Medium,30.602569580078125,57.88555908203125,0.5286736488342285,31.300708770751953,0.9776957631111145,1.0000001192092896,4.510226249694824,0.22171840071678162,0.0,1.0000001192092896
2x,DOTE-MC,486,Medium,29.698575973510742,56.209693908691406,0.5283532738685608,30.202598571777344,0.9833119511604309,1.0000001192092896,4.193121910095215,0.23848581314086914,0.0,1.0000001192092896
2x,DOTE-MC,487,Medium,30.878864288330078,57.41437530517578,0.5378246307373047,31.563262939453125,0.978316605091095,1.0000001192092896,4.0997843742370605,0.24391528964042664,0.0,1.0000001192092896
2x,DOTE-MC,488,Medium,29.601240158081055,54.704978942871094,0.5411068797111511,30.095096588134766,0.9835901260375977,1.000000238418579,4.162426471710205,0.2402445375919342,0.0,1.000000238418579
2x,DOTE-MC,489,Medium,29.96918487548828,55.817771911621094,0.5369111895561218,30.901344299316406,0.9698343276977539,1.000000238418579,4.010655403137207,0.2493358701467514,0.0,1.000000238418579
2x,DOTE-MC,490,Medium,30.03562355041504,54.76728820800781,0.5484226942062378,30.821414947509766,0.9745050072669983,1.0000001192092896,3.947181224822998,0.2533453702926636,0.0,1.0000001192092896
2x,DOTE-MC,491,Medium,29.20464324951172,53.56825256347656,0.5451856851577759,29.784645080566406,0.9805268049240112,1.0000001192092896,3.957941770553589,0.25265660881996155,0.0,1.0000001192092896
2x,DOTE-MC,492,Medium,28.64692497253418,52.61939239501953,0.5444176197052002,29.087421417236328,0.984856128692627,1.0000001192092896,4.047706127166748,0.24705353379249573,0.0,1.0000001192092896
2x,DOTE-MC,493,Medium,28.179750442504883,53.32155227661133,0.5284870862960815,29.037837982177734,0.9704493284225464,1.0,4.126221656799316,0.2423524707555771,0.0,1.0
2x,DOTE-MC,494,Medium,28.12924575805664,53.33635711669922,0.5273934602737427,29.041259765625,0.9685959219932556,1.0000001192092896,3.6159071922302246,0.2765558063983917,0.0,1.0000001192092896
2x,DOTE-MC,495,Medium,27.251216888427734,51.93688201904297,0.5246987342834473,27.831459045410156,0.9791515469551086,1.0000001192092896,3.430349588394165,0.2915154993534088,0.0,1.0000001192092896
2x,DOTE-MC,464,Low,5.23447322845459,14.994234085083008,0.3490990698337555,5.1723785400390625,1.012005090713501,1.0000001192092896,5.587870121002197,0.17895908653736115,0.0,1.0000001192092896
2x,DOTE-MC,465,Low,4.783531188964844,13.941164016723633,0.34312281012535095,4.42724609375,1.0804755687713623,1.000000238418579,5.9254255294799805,0.16876429319381714,0.0,1.000000238418579
2x,DOTE-MC,466,Low,5.6991987228393555,15.059968948364258,0.3784336447715759,4.4502410888671875,1.2806494235992432,1.000000238418579,5.395884037017822,0.185326486825943,0.0,1.000000238418579
2x,DOTE-MC,467,Low,5.209035873413086,13.998594284057617,0.37211135029792786,4.662078857421875,1.1173204183578491,1.000000238418579,5.669766426086426,0.176374152302742,0.0,1.000000238418579
2x,DOTE-MC,468,Low,5.051003456115723,13.772737503051758,0.3667392432689667,4.645927429199219,1.0871894359588623,1.0000001192092896,5.7658891677856445,0.1734338104724884,0.0,1.0000001192092896
2x,DOTE-MC,469,Low,5.592003345489502,14.018317222595215,0.3989068865776062,5.284912109375,1.0581071376800537,1.0000001192092896,5.986262798309326,0.16704915463924408,0.0,1.0000001192092896
2x,DOTE-MC,470,Low,5.308000564575195,14.061542510986328,0.3774835169315338,5.6351776123046875,0.9419402480125427,1.000000238418579,6.073334693908691,0.1646542251110077,0.0,1.000000238418579
2x,DOTE-MC,471,Low,4.671969890594482,13.672536849975586,0.34170469641685486,4.5225677490234375,1.0330348014831543,1.000000238418579,5.771609306335449,0.17326194047927856,0.0,1.000000238418579
2x,DOTE-MC,472,Low,4.931896209716797,14.711697578430176,0.3352363705635071,5.0565185546875,0.9753541350364685,1.0000001192092896,5.816832542419434,0.17191489040851593,0.0,1.0000001192092896
2x,DOTE-MC,473,Low,4.613597393035889,14.028363227844238,0.3288763761520386,4.291282653808594,1.0751092433929443,1.000000238418579,5.783627986907959,0.17290189862251282,0.0,1.000000238418579
2x,DOTE-MC,474,Low,4.774446487426758,14.51121711730957,0.32901763916015625,4.2434234619140625,1.1251401901245117,1.000000238418579,5.4855265617370605,0.182297945022583,0.0,1.000000238418579
2x,DOTE-MC,475,Low,5.241020202636719,14.049905776977539,0.37302884459495544,4.565116882324219,1.148058295249939,1.0000001192092896,5.513415813446045,0.18137578666210175,0.0,1.0000001192092896
2x,DOTE-MC,476,Low,6.46002197265625,13.839869499206543,0.4667689800262451,4.925384521484375,1.3115772008895874,1.000000238418579,5.75729513168335,0.1736927181482315,0.0,1.000000238418579
2x,DOTE-MC,477,Low,6.466291427612305,14.160572052001953,0.4566405415534973,5.107025146484375,1.2661561965942383,1.0000001192092896,5.589190483093262,0.1789168119430542,0.0,1.0000001192092896
2x,DOTE-MC,478,Low,6.859472751617432,14.367558479309082,0.4774278700351715,5.5279388427734375,1.2408734560012817,1.000000238418579,5.522497653961182,0.1810775250196457,0.0,1.000000238418579
2x,DOTE-MC,479,Low,5.859973907470703,13.77448844909668,0.4254222512245178,4.840576171875,1.2105942964553833,1.000000238418579,5.559004783630371,0.17988835275173187,0.0,1.000000238418579
2x,DOTE-MC,480,Low,6.0973711013793945,13.915355682373047,0.4381757378578186,5.974098205566406,1.0206345319747925,1.0000001192092896,5.472997665405273,0.1827152520418167,0.0,1.0000001192092896
2x,DOTE-MC,481,Low,5.532329559326172,13.397420883178711,0.4129399061203003,4.804954528808594,1.151380181312561,1.0000001192092896,5.530740737915039,0.18080763518810272,0.0,1.0000001192092896
2x,DOTE-MC,482,Low,5.45167875289917,13.403580665588379,0.4067330062389374,5.015464782714844,1.086973786354065,1.0000001192092896,5.2781829833984375,0.1894591599702835,0.0,1.0000001192092896
2x,DOTE-MC,483,Low,5.555898189544678,13.837244033813477,0.40151768922805786,5.456123352050781,1.0182867050170898,1.000000238418579,5.045169353485107,0.19820944964885712,0.0,1.000000238418579
2x,DOTE-MC,484,Low,6.018130302429199,13.139537811279297,0.45801690220832825,5.194549560546875,1.158547043800354,1.000000238418579,5.085361003875732,0.1966429203748703,0.0,1.000000238418579
2x,DOTE-MC,485,Low,5.9270405769348145,14.011348724365234,0.42301714420318604,5.719085693359375,1.036361575126648,1.0000001192092896,5.115324020385742,0.19549106061458588,0.0,1.0000001192092896
2x,DOTE-MC,486,Low,5.713977813720703,13.093757629394531,0.4363894462585449,5.4307403564453125,1.052154541015625,1.000000238418579,4.675281524658203,0.2138909101486206,0.0,1.000000238418579
2x,DOTE-MC,487,Low,5.529794216156006,13.009535789489746,0.42505699396133423,5.074729919433594,1.089672565460205,1.0000001192092896,4.627154350280762,0.2161155790090561,0.0,1.0000001192092896
2x,DOTE-MC,488,Low,5.432324409484863,13.43559455871582,0.4043233394622803,5.098602294921875,1.0654536485671997,1.0000001192092896,4.663035869598389,0.2144525945186615,0.0,1.0000001192092896
2x,DOTE-MC,489,Low,5.696401119232178,13.055214881896973,0.43633148074150085,4.98583984375,1.1425158977508545,1.000000238418579,4.49531364440918,0.22245393693447113,0.0,1.000000238418579
2x,DOTE-MC,490,Low,5.95324182510376,13.190929412841797,0.4513132870197296,5.614494323730469,1.0603344440460205,1.0000001192092896,4.379480361938477,0.2283376157283783,0.0,1.0000001192092896
2x,DOTE-MC,491,Low,5.704406261444092,12.907079696655273,0.4419594705104828,5.316902160644531,1.0728815793991089,1.0000001192092896,4.546810150146484,0.21993443369865417,0.0,1.0000001192092896
2x,DOTE-MC,492,Low,5.712427616119385,12.856514930725098,0.4443216323852539,5.435508728027344,1.0509462356567383,1.0000001192092896,4.535309791564941,0.22049212455749512,0.0,1.0000001192092896
2x,DOTE-MC,493,Low,5.384487152099609,12.208854675292969,0.4410313069820404,4.913970947265625,1.0957506895065308,1.0,4.4546122550964355,0.22448642551898956,0.0,1.0
2x,DOTE-MC,494,Low,5.712665557861328,12.875577926635742,0.4436822533607483,5.112068176269531,1.1174862384796143,1.0000001192092896,4.056931495666504,0.24649174511432648,0.0,1.0000001192092896
2x,DOTE-MC,495,Low,5.610593318939209,12.396707534790039,0.452587366104126,5.44793701171875,1.0298564434051514,1.0000001192092896,3.728620767593384,0.2681957185268402,0.0,1.0000001192092896
2x,DOTE-MC,496,High,51.14809799194336,58.16364669799805,0.8793826103210449,51.17025375366211,0.9995670318603516,1.0000001192092896,1.809687614440918,0.5525816082954407,0.0,1.0000001192092896
2x,DOTE-MC,497,High,51.76993942260742,58.112430572509766,0.8908582925796509,51.865718841552734,0.9981533288955688,1.0000001192092896,1.9922375679016113,0.5019482374191284,0.0,1.0000001192092896
2x,DOTE-MC,498,High,51.67397689819336,57.82833480834961,0.8935753703117371,51.74318313598633,0.998662531375885,1.0000001192092896,1.808681607246399,0.5528889894485474,0.0,1.0000001192092896
2x,DOTE-MC,499,High,50.905364990234375,56.957611083984375,0.893741250038147,51.23857116699219,0.9934969544410706,1.0000001192092896,2.0501558780670166,0.4877678453922272,0.0,1.0000001192092896
2x,DOTE-MC,496,Medium,27.959205627441406,51.758033752441406,0.5401906371116638,28.560688018798828,0.9789401888847351,1.0000001192092896,3.3898093700408936,0.2950018644332886,0.0,1.0000001192092896
2x,DOTE-MC,497,Medium,28.060009002685547,52.122440338134766,0.5383479595184326,28.46445083618164,0.9857913255691528,1.0000001192092896,3.713843584060669,0.2692628502845764,0.0,1.0000001192092896
2x,DOTE-MC,498,Medium,26.480674743652344,52.161983489990234,0.5076623558998108,26.92325210571289,0.9835615158081055,1.0000001192092896,3.5188515186309814,0.28418365120887756,0.0,1.0000001192092896
2x,DOTE-MC,499,Medium,25.941892623901367,50.53978729248047,0.5132964253425598,26.251312255859375,0.9882131814956665,1.0000001192092896,3.8946328163146973,0.25676363706588745,0.0,1.0000001192092896
2x,DOTE-MC,496,Low,5.202442646026611,11.940252304077148,0.4357062578201294,4.75323486328125,1.0945056676864624,1.0000001192092896,3.799304962158203,0.2632060647010803,0.0,1.0000001192092896
2x,DOTE-MC,497,Low,5.377658367156982,12.190511703491211,0.4411347508430481,5.0590972900390625,1.0629680156707764,1.0000001192092896,4.057243347167969,0.2464727908372879,0.0,1.0000001192092896
2x,DOTE-MC,498,Low,5.2483038902282715,11.726059913635254,0.4475760757923126,4.929756164550781,1.064617395401001,1.0000001192092896,3.932940721511841,0.25426268577575684,0.0,1.0000001192092896
2x,DOTE-MC,499,Low,5.660046577453613,12.073348045349121,0.4688050448894501,5.2370147705078125,1.0807772874832153,1.0000001192092896,4.204283237457275,0.23785269260406494,0.0,1.0000001192092896
