load,method,snapshot,class,admitted_traffic,demand,fulfill_ratio,oracle_admitted_traffic,norm_fulfill,raw_mlu,oracle_mlu,normalized_mlu,disabled_flow,admitted_capacity_ratio
1x,Hattrick,400,High,22.787403106689453,22.787403106689453,1.0,22.787403106689453,1.0,0.8670622110366821,0.8639376163482666,1.0036166906356812,0.0,0.8670622110366821
1x,Hattrick,401,High,23.049802780151367,23.049800872802734,1.0000001192092896,23.049802780151367,1.0,0.9251708984375,0.9230446219444275,1.0023036003112793,0.0,0.9251708984375
1x,Hattrick,402,High,23.258256912231445,23.258258819580078,0.9999999403953552,23.258258819580078,0.9999999403953552,0.8903618454933167,0.886952817440033,1.0038435459136963,0.0,0.8903618454933167
1x,Hattrick,403,High,22.56597900390625,22.56597900390625,1.0,22.565980911254883,0.9999999403953552,0.8871189951896667,0.8845015168190002,1.0029592514038086,0.0,0.8871189951896667
1x,Hattrick,404,High,22.348953247070312,22.348953247070312,1.0,22.348953247070312,1.0,0.8276232481002808,0.8244177103042603,1.0038882493972778,0.0,0.8276232481002808
1x,Hattrick,405,High,22.92848014831543,22.928478240966797,1.0000001192092896,22.92848014831543,1.0,0.9012905359268188,0.8831719756126404,1.0205153226852417,0.0,0.9012905359268188
1x,Hattrick,406,High,21.99001693725586,21.99001693725586,1.0,21.99001693725586,1.0,0.8540676832199097,0.8467602729797363,1.0086297988891602,0.0,0.8540676832199097
1x,Hattrick,407,High,21.730499267578125,21.730499267578125,1.0,21.730499267578125,1.0,0.7935652732849121,0.7898746132850647,1.0046724081039429,0.0,0.7935652732849121
1x,Hattrick,408,High,21.440902709960938,21.440902709960938,1.0,21.440902709960938,1.0,0.7705186009407043,0.7666321992874146,1.0050694942474365,0.0,0.7705186009407043
1x,Hattrick,409,High,21.866783142089844,21.866783142089844,1.0,21.866783142089844,1.0,0.7469949722290039,0.7463815808296204,1.000821828842163,0.0,0.7469949722290039
1x,Hattrick,410,High,22.46120834350586,22.46120834350586,1.0,22.46120834350586,1.0,0.7432091236114502,0.7366347908973694,1.0089248418807983,0.0,0.7432091236114502
1x,Hattrick,411,High,21.829435348510742,21.829435348510742,1.0,21.829435348510742,1.0,0.7330228090286255,0.7236093282699585,1.0130090713500977,0.0,0.7330228090286255
1x,Hattrick,412,High,21.346574783325195,21.346574783325195,1.0,21.346574783325195,1.0,0.772993266582489,0.7668132781982422,1.0080592632293701,0.0,0.772993266582489
1x,Hattrick,413,High,20.98731231689453,20.98731231689453,1.0,20.98731231689453,1.0,0.7703874111175537,0.7607133388519287,1.0127171277999878,0.0,0.7703874111175537
1x,Hattrick,414,High,20.790082931518555,20.790084838867188,0.9999998807907104,20.790082931518555,1.0,0.6979361772537231,0.6947180032730103,1.0046323537826538,0.0,0.6979361772537231
1x,Hattrick,415,High,20.635406494140625,20.635406494140625,1.0,20.635406494140625,1.0,0.7098656892776489,0.7039284706115723,1.0084344148635864,0.0,0.7098656892776489
1x,Hattrick,416,High,19.867136001586914,19.86713409423828,1.0000001192092896,19.867136001586914,1.0,0.6808504462242126,0.6780975461006165,1.0040597915649414,0.0,0.6808504462242126
1x,Hattrick,417,High,19.85200309753418,19.852001190185547,1.0000001192092896,19.852001190185547,1.0000001192092896,0.6684399247169495,0.6652754545211792,1.0047566890716553,0.0,0.6684399247169495
1x,Hattrick,418,High,19.395492553710938,19.395492553710938,1.0,19.395492553710938,1.0,0.7018826603889465,0.6893297433853149,1.0182102918624878,0.0,0.7018826603889465
1x,Hattrick,419,High,19.487457275390625,19.487455368041992,1.0000001192092896,19.487455368041992,1.0000001192092896,0.6747363805770874,0.6745350360870361,1.0002985000610352,0.0,0.6747363805770874
1x,Hattrick,420,High,19.11311149597168,19.113113403320312,0.9999998807907104,19.11311149597168,1.0,0.6012122631072998,0.5978143811225891,1.0056838989257812,0.0,0.6012122631072998
1x,Hattrick,421,High,19.02716827392578,19.02716827392578,1.0,19.02716636657715,1.0000001192092896,0.6111579537391663,0.606460690498352,1.007745385169983,0.0,0.6111579537391663
1x,Hattrick,422,High,18.301570892333984,18.301570892333984,1.0,18.301570892333984,1.0,0.6402249932289124,0.6333893537521362,1.0107921361923218,0.0,0.6402249932289124
1x,Hattrick,423,High,18.000041961669922,18.00004005432129,1.0000001192092896,18.000041961669922,1.0,0.638836681842804,0.6320581436157227,1.0107245445251465,0.0,0.638836681842804
1x,Hattrick,424,High,18.166576385498047,18.16657829284668,0.9999998807907104,18.166576385498047,1.0,0.6252889633178711,0.6152154207229614,1.0163739919662476,0.0,0.6252889633178711
1x,Hattrick,425,High,18.396526336669922,18.396526336669922,1.0,18.396526336669922,1.0,0.6230287551879883,0.6188188791275024,1.006803035736084,0.0,0.6230287551879883
1x,Hattrick,426,High,18.58797836303711,18.58797836303711,1.0,18.587980270385742,0.9999998807907104,0.6094878911972046,0.6088574528694153,1.001035451889038,0.0,0.6094878911972046
1x,Hattrick,427,High,18.771108627319336,18.77111053466797,0.9999998807907104,18.771108627319336,1.0,0.6355669498443604,0.6343424916267395,1.0019302368164062,0.0,0.6355669498443604
1x,Hattrick,428,High,17.64982032775879,17.649818420410156,1.0000001192092896,17.64982032775879,1.0,0.5979194641113281,0.5905070304870605,1.0125526189804077,0.0,0.5979194641113281
1x,Hattrick,429,High,17.748355865478516,17.748355865478516,1.0,17.748355865478516,1.0,0.5963806509971619,0.5848047137260437,1.0197945833206177,0.0,0.5963806509971619
1x,Hattrick,430,High,17.457191467285156,17.457191467285156,1.0,17.457191467285156,1.0,0.5851343274116516,0.5748332142829895,1.0179201364517212,0.0,0.5851343274116516
1x,Hattrick,431,High,17.63249397277832,17.63249397277832,1.0,17.63249397277832,1.0,0.6000144481658936,0.5963469743728638,1.0061498880386353,0.0,0.6000144481658936
1x,Hattrick,400,Medium,17.049421310424805,20.314132690429688,0.8392886519432068,17.358280181884766,0.9822068214416504,1.0,1.6070548295974731,0.6222562789916992,0.0,1.0
1x,Hattrick,401,Medium,17.577272415161133,20.692707061767578,0.8494428396224976,17.79720115661621,0.9876425266265869,1.0,1.7561781406402588,0.5694183111190796,0.0,1.0
1x,Hattrick,402,Medium,17.682281494140625,20.62570571899414,0.857293426990509,17.770145416259766,0.9950555562973022,1.0000001192092896,1.7157888412475586,0.5828223824501038,0.0,1.0000001192092896
1x,Hattrick,403,Medium,17.309932708740234,20.26148223876953,0.8543270826339722,17.464052200317383,0.9911750555038452,1.0,1.6906660795211792,0.5914828777313232,0.0,1.0
1x,Hattrick,404,Medium,16.87513542175293,20.038183212280273,0.8421489596366882,17.074764251708984,0.9883085489273071,1.0,1.5887492895126343,0.6294259428977966,0.0,1.0
1x,Hattrick,405,Medium,16.634647369384766,20.340991973876953,0.8177893757820129,16.839216232299805,0.987851619720459,1.000000238418579,1.6938190460205078,0.5903819799423218,0.0,1.000000238418579
1x,Hattrick,406,Medium,16.488075256347656,19.620054244995117,0.8403685092926025,16.634735107421875,0.9911835193634033,1.0,1.5896186828613281,0.629081666469574,0.0,1.0
1x,Hattrick,407,Medium,16.769493103027344,19.375877380371094,0.8654830455780029,16.926586151123047,0.9907191395759583,1.0,1.4872125387191772,0.6723988652229309,0.0,1.0
1x,Hattrick,408,Medium,16.867704391479492,19.136016845703125,0.8814637064933777,16.92023468017578,0.996895432472229,1.0000001192092896,1.4412646293640137,0.6938351988792419,0.0,1.0000001192092896
1x,Hattrick,409,Medium,16.851402282714844,19.549442291259766,0.86198890209198,17.153419494628906,0.982393205165863,1.0,1.4197570085525513,0.7043458819389343,0.0,1.0
1x,Hattrick,410,Medium,17.543197631835938,20.15336799621582,0.8704846501350403,17.790409088134766,0.9861042499542236,1.0000001192092896,1.3948960304260254,0.7168993949890137,0.0,1.0000001192092896
1x,Hattrick,411,Medium,17.48868179321289,19.520566940307617,0.8959105610847473,17.75742530822754,0.9848658442497253,1.0000001192092896,1.3901160955429077,0.7193644642829895,0.0,1.0000001192092896
1x,Hattrick,412,Medium,16.80422019958496,19.115365982055664,0.8790948987007141,16.925748825073242,0.9928199052810669,1.0000001192092896,1.4526896476745605,0.6883783340454102,0.0,1.0000001192092896
1x,Hattrick,413,Medium,16.797348022460938,18.853363037109375,0.8909470438957214,16.83151626586914,0.9979699850082397,1.0000001192092896,1.4534517526626587,0.6880174279212952,0.0,1.0000001192092896
1x,Hattrick,414,Medium,17.0330810546875,18.615798950195312,0.914979875087738,17.0334415435791,0.9999788403511047,1.0,1.3125311136245728,0.761886715888977,0.0,1.0
1x,Hattrick,415,Medium,16.767351150512695,18.435657501220703,0.9095065593719482,16.767627716064453,0.9999834895133972,1.0000001192092896,1.335301160812378,0.7488948106765747,0.0,1.0000001192092896
1x,Hattrick,416,Medium,16.160781860351562,17.617839813232422,0.9172964692115784,16.16090202331543,0.9999925494194031,1.0000001192092896,1.3035287857055664,0.767148494720459,0.0,1.0000001192092896
1x,Hattrick,417,Medium,16.74966049194336,18.145597457885742,0.9230701923370361,16.750038146972656,0.9999774694442749,1.0,1.2875111103057861,0.7766923308372498,0.0,1.0
1x,Hattrick,418,Medium,15.835797309875488,17.379417419433594,0.9111811518669128,15.83599853515625,0.9999873042106628,1.000000238418579,1.3215458393096924,0.7566897869110107,0.0,1.000000238418579
1x,Hattrick,419,Medium,16.237869262695312,17.533321380615234,0.9261148571968079,16.238027572631836,0.9999902248382568,1.0,1.2698533535003662,0.7874925136566162,0.0,1.0
1x,Hattrick,420,Medium,16.495853424072266,17.24298858642578,0.9566702246665955,16.49613380432129,0.999983012676239,1.0,1.1555944681167603,0.8653554916381836,0.0,1.0
1x,Hattrick,421,Medium,16.177581787109375,16.902986526489258,0.9570842385292053,16.17791175842285,0.9999796152114868,1.0,1.1510573625564575,0.8687664270401001,0.0,1.0
1x,Hattrick,422,Medium,15.537105560302734,16.498132705688477,0.9417493343353271,15.537788391113281,0.9999560713768005,1.0,1.2000715732574463,0.8332836031913757,0.0,1.0
1x,Hattrick,423,Medium,15.104696273803711,16.042163848876953,0.941562294960022,15.105125427246094,0.9999715685844421,1.0,1.195216417312622,0.8366685509681702,0.0,1.0
1x,Hattrick,424,Medium,15.578010559082031,16.390817642211914,0.9504108428955078,15.57828140258789,0.9999825954437256,1.0,1.1692787408828735,0.855228066444397,0.0,1.0
1x,Hattrick,425,Medium,15.728675842285156,16.500633239746094,0.9532164931297302,15.728897094726562,0.999985933303833,1.0,1.160778522491455,0.861490786075592,0.0,1.0
1x,Hattrick,426,Medium,15.9093017578125,16.760746002197266,0.9492000937461853,15.90953254699707,0.9999855160713196,1.0000001192092896,1.1773359775543213,0.849375307559967,0.0,1.0000001192092896
1x,Hattrick,427,Medium,15.616498947143555,16.601070404052734,0.9406923055648804,15.616724014282227,0.9999855756759644,1.0,1.2050719261169434,0.8298259973526001,0.0,1.0
1x,Hattrick,428,Medium,15.367829322814941,15.956419944763184,0.9631125926971436,15.368024826049805,0.9999873042106628,1.0,1.1225823163986206,0.8908032774925232,0.0,1.0
1x,Hattrick,429,Medium,15.314136505126953,15.830698013305664,0.9673696160316467,15.314380645751953,0.999984085559845,1.0,1.1075656414031982,0.9028810262680054,0.0,1.0
1x,Hattrick,430,Medium,15.266471862792969,15.71094036102295,0.9717096090316772,15.266754150390625,0.9999815225601196,1.0,1.092538833618164,0.9152992963790894,0.0,1.0
1x,Hattrick,431,Medium,15.025930404663086,15.607749938964844,0.9627224206924438,15.026266098022461,0.9999776482582092,1.0000001192092896,1.1211422681808472,0.8919475674629211,0.0,1.0000001192092896
1x,Hattrick,400,Low,3.9337925910949707,5.121321678161621,0.7681205868721008,3.6331939697265625,1.0827367305755615,1.0,1.774965524673462,0.5633912086486816,0.0,1.0
1x,Hattrick,401,Low,3.4914629459381104,4.704893112182617,0.7420918941497803,3.315418243408203,1.0530987977981567,1.0000001192092896,1.9594612121582031,0.5103444457054138,0.0,1.0000001192092896
1x,Hattrick,402,Low,3.7402544021606445,4.813438415527344,0.7770441770553589,3.6923141479492188,1.012983798980713,1.0000001192092896,1.9029873609542847,0.5254896283149719,0.0,1.0000001192092896
1x,Hattrick,403,Low,3.6069178581237793,4.854730606079102,0.7429697513580322,3.4644126892089844,1.041133999824524,1.0000001192092896,1.8576024770736694,0.5383283495903015,0.0,1.0000001192092896
1x,Hattrick,404,Low,3.567312240600586,4.600799560546875,0.7753679156303406,3.3951187133789062,1.0507179498672485,1.0,1.7543498277664185,0.5700117349624634,0.0,1.0
1x,Hattrick,405,Low,3.805063247680664,4.932976722717285,0.7713523507118225,3.7060585021972656,1.0267143249511719,1.000000238418579,1.8661177158355713,0.5358719825744629,0.0,1.000000238418579
1x,Hattrick,406,Low,3.7580599784851074,4.781599521636963,0.785942018032074,3.7228317260742188,1.0094627141952515,1.0000001192092896,1.7431614398956299,0.5736703872680664,0.0,1.0000001192092896
1x,Hattrick,407,Low,3.774972438812256,4.874634742736816,0.7744113206863403,3.629161834716797,1.0401774644851685,1.0,1.6580129861831665,0.6031315922737122,0.0,1.0
1x,Hattrick,408,Low,3.8011231422424316,4.813516616821289,0.7896769642829895,3.8243865966796875,0.9939170479774475,1.0000001192092896,1.6103519201278687,0.6209823489189148,0.0,1.0000001192092896
1x,Hattrick,409,Low,3.4395294189453125,4.454947471618652,0.7720695734024048,3.1978797912597656,1.0755655765533447,1.0,1.5795788764953613,0.6330801248550415,0.0,1.0
1x,Hattrick,410,Low,3.2674784660339355,4.499988555908203,0.726108193397522,3.0769577026367188,1.0619184970855713,1.0,1.5600866079330444,0.6409900784492493,0.0,1.0
1x,Hattrick,411,Low,3.710052728652954,4.803326606750488,0.7723923325538635,3.510906219482422,1.0567222833633423,1.0000001192092896,1.546189546585083,0.6467512845993042,0.0,1.0000001192092896
1x,Hattrick,412,Low,3.7291500568389893,4.534047603607178,0.8224770426750183,3.752552032470703,0.9937637448310852,1.000000238418579,1.6149113178253174,0.6192291975021362,0.0,1.000000238418579
1x,Hattrick,413,Low,3.704256534576416,4.416841506958008,0.8386663794517517,3.7042503356933594,1.0000016689300537,1.0,1.6290831565856934,0.6138421893119812,0.0,1.0
1x,Hattrick,414,Low,3.3700594902038574,4.182699203491211,0.8057140707969666,3.3700523376464844,1.000002145767212,1.0,1.4714784622192383,0.6795886158943176,0.0,1.0
1x,Hattrick,415,Low,3.3523991107940674,3.9455857276916504,0.8496581315994263,3.3523902893066406,1.0000026226043701,1.0000001192092896,1.4510101079940796,0.6891751289367676,0.0,1.0000001192092896
1x,Hattrick,416,Low,3.3546805381774902,4.061527729034424,0.825965166091919,3.354686737060547,0.999998152256012,1.0000001192092896,1.444533348083496,0.6922651529312134,0.0,1.0000001192092896
1x,Hattrick,417,Low,3.3985915184020996,4.092643737792969,0.8304147124290466,3.3985519409179688,1.000011682510376,1.0,1.4250174760818481,0.7017458081245422,0.0,1.0
1x,Hattrick,418,Low,3.5451550483703613,4.259354114532471,0.8323222398757935,3.54547119140625,0.999910831451416,1.0000001192092896,1.4689829349517822,0.6807431578636169,0.0,1.0000001192092896
1x,Hattrick,419,Low,3.407317638397217,4.115534782409668,0.827916145324707,3.407337188720703,0.9999942779541016,1.0,1.4106611013412476,0.7088874578475952,0.0,1.0
1x,Hattrick,420,Low,3.6017208099365234,4.346371650695801,0.8286730051040649,3.6017913818359375,0.9999803900718689,1.0,1.3072655200958252,0.7649555206298828,0.0,1.0
1x,Hattrick,421,Low,3.4959206581115723,4.1480607986450195,0.8427843451499939,3.4959259033203125,0.9999985098838806,1.0,1.286919116973877,0.7770496010780334,0.0,1.0
1x,Hattrick,422,Low,3.416184186935425,4.075483322143555,0.8382279872894287,3.4162025451660156,0.9999946355819702,1.0000001192092896,1.3374215364456177,0.7477074861526489,0.0,1.0000001192092896
1x,Hattrick,423,Low,3.327613592147827,3.9373416900634766,0.8451421856880188,3.3278770446777344,0.9999208450317383,1.0,1.322188377380371,0.756321907043457,0.0,1.0
1x,Hattrick,424,Low,3.0716381072998047,3.670968532562256,0.8367378115653992,3.071643829345703,0.999998152256012,1.0,1.294137954711914,0.772715151309967,0.0,1.0
1x,Hattrick,425,Low,3.1753664016723633,3.8234975337982178,0.8304873704910278,3.1754798889160156,0.9999642372131348,1.0,1.2952377796173096,0.7720590233802795,0.0,1.0
1x,Hattrick,426,Low,3.0165889263153076,3.605025291442871,0.8367732763290405,3.0165939331054688,0.9999983310699463,1.0,1.2999260425567627,0.7692745327949524,0.0,1.0
1x,Hattrick,427,Low,3.3393301963806152,3.987431287765503,0.8374640345573425,3.339336395263672,0.999998152256012,1.0000001192092896,1.3400920629501343,0.7462174892425537,0.0,1.0000001192092896
1x,Hattrick,428,Low,3.0060009956359863,3.5804827213287354,0.8395518660545349,3.0060043334960938,0.9999988675117493,1.0000001192092896,1.2422653436660767,0.8049811124801636,0.0,1.0000001192092896
1x,Hattrick,429,Low,3.2029216289520264,3.8348734378814697,0.8352091908454895,3.202930450439453,0.9999972581863403,1.0,1.2392207384109497,0.8069587349891663,0.0,1.0
1x,Hattrick,430,Low,3.1686787605285645,3.7397027015686035,0.8473076820373535,3.1686859130859375,0.9999977350234985,1.0,1.211500644683838,0.8254225850105286,0.0,1.0
1x,Hattrick,431,Low,3.296879291534424,3.838014602661133,0.8590064644813538,3.2968902587890625,0.9999966621398926,1.0000001192092896,1.2338768243789673,0.8104537725448608,0.0,1.0000001192092896
1x,Hattrick,432,High,17.096294403076172,17.096294403076172,1.0,17.096296310424805,0.9999998807907104,0.5838605165481567,0.5772747993469238,1.0114083290100098,0.0,0.5838605165481567
1x,Hattrick,433,High,16.663639068603516,16.66364097595215,0.9999998807907104,16.66364097595215,0.9999998807907104,0.555263340473175,0.5511165857315063,1.0075242519378662,0.0,0.555263340473175
1x,Hattrick,434,High,16.912044525146484,16.91204261779785,1.0000001192092896,16.91204261779785,1.0000001192092896,0.5659918785095215,0.5546891093254089,1.0203768014907837,0.0,0.5659918785095215
1x,Hattrick,435,High,16.468923568725586,16.468923568725586,1.0,16.468923568725586,1.0,0.5597802996635437,0.5552220344543457,1.0082098245620728,0.0,0.5597802996635437
1x,Hattrick,436,High,16.402202606201172,16.402202606201172,1.0,16.402202606201172,1.0,0.5411219000816345,0.5335318446159363,1.0142260789871216,0.0,0.5411219000816345
1x,Hattrick,437,High,16.438995361328125,16.438997268676758,0.9999998807907104,16.438997268676758,0.9999998807907104,0.5329469442367554,0.5311135649681091,1.003451943397522,0.0,0.5329469442367554
1x,Hattrick,438,High,15.778352737426758,15.778352737426758,1.0,15.778351783752441,1.0000001192092896,0.5256438851356506,0.5123276114463806,1.025991678237915,0.0,0.5256438851356506
1x,Hattrick,439,High,16.015281677246094,16.015281677246094,1.0,16.015281677246094,1.0,0.541901171207428,0.5312646627426147,1.0200210809707642,0.0,0.541901171207428
1x,Hattrick,440,High,16.11612319946289,16.11612319946289,1.0,16.116121292114258,1.0000001192092896,0.5627967119216919,0.5605131387710571,1.0040740966796875,0.0,0.5627967119216919
1x,Hattrick,441,High,16.328113555908203,16.32811164855957,1.0000001192092896,16.32811164855957,1.0000001192092896,0.6199249029159546,0.6134829521179199,1.0105006694793701,0.0,0.6199249029159546
1x,Hattrick,442,High,18.19226837158203,18.19226837158203,1.0,18.19226837158203,1.0,0.7066913843154907,0.7043278217315674,1.0033557415008545,0.0,0.7066913843154907
1x,Hattrick,443,High,18.011327743530273,18.011327743530273,1.0,18.011327743530273,1.0,0.7774783968925476,0.776093065738678,1.0017850399017334,0.0,0.7774783968925476
1x,Hattrick,444,High,18.144062042236328,18.144062042236328,1.0,18.144062042236328,1.0,0.7905946373939514,0.7903785705566406,1.00027334690094,0.0,0.7905946373939514
1x,Hattrick,445,High,19.354345321655273,19.354347229003906,0.9999998807907104,19.354347229003906,0.9999998807907104,0.8587142825126648,0.858192503452301,1.000607967376709,0.0,0.8587142825126648
1x,Hattrick,446,High,20.586332321166992,20.586332321166992,1.0,20.586332321166992,1.0,0.8413046598434448,0.8409117460250854,1.000467300415039,0.0,0.8413046598434448
1x,Hattrick,447,High,21.837247848510742,21.837249755859375,0.9999999403953552,21.837249755859375,0.9999999403953552,0.9045011401176453,0.9043627977371216,1.0001529455184937,0.0,0.9045011401176453
1x,Hattrick,448,High,22.873779296875,22.873777389526367,1.0000001192092896,22.873777389526367,1.0000001192092896,0.9169698357582092,0.9135103225708008,1.0037870407104492,0.0,0.9169698357582092
1x,Hattrick,449,High,24.400386810302734,24.400386810302734,1.0,24.400386810302734,1.0,0.9277381300926208,0.9240373373031616,1.0040050745010376,0.0,0.9277381300926208
1x,Hattrick,450,High,25.440555572509766,25.445743560791016,0.9997960925102234,25.440555572509766,1.0,1.0000001192092896,1.0167404413223267,0.9835352897644043,0.0,1.0000001192092896
1x,Hattrick,451,High,27.713512420654297,27.745962142944336,0.9988304972648621,27.71351432800293,0.9999999403953552,1.0000001192092896,1.1046764850616455,0.9052425026893616,0.0,1.0000001192092896
1x,Hattrick,452,High,29.069049835205078,29.151042938232422,0.9971873164176941,29.06905174255371,0.9999999403953552,1.000000238418579,1.2644857168197632,0.7908355593681335,0.0,1.000000238418579
1x,Hattrick,453,High,28.631771087646484,28.691181182861328,0.9979293346405029,28.631772994995117,0.9999999403953552,1.0000001192092896,1.1916403770446777,0.8391794562339783,0.0,1.0000001192092896
1x,Hattrick,454,High,29.2561092376709,29.325157165527344,0.9976454377174377,29.2561092376709,1.0,1.0000001192092896,1.2227308750152588,0.8178415298461914,0.0,1.0000001192092896
1x,Hattrick,455,High,29.136455535888672,29.20241928100586,0.997741162776947,29.136457443237305,0.9999999403953552,1.0,1.212770938873291,0.8245580196380615,0.0,1.0
1x,Hattrick,456,High,30.183650970458984,30.249858856201172,0.9978113174438477,30.183652877807617,0.9999999403953552,1.0000001192092896,1.213564157485962,0.8240191340446472,0.0,1.0000001192092896
1x,Hattrick,457,High,31.32948112487793,31.385047912597656,0.9982295036315918,31.329483032226562,0.9999999403953552,0.9999998807907104,1.1792423725128174,0.848002016544342,0.0,0.9999998807907104
1x,Hattrick,458,High,32.022701263427734,32.080936431884766,0.9981847405433655,32.022705078125,0.9999998807907104,1.0000001192092896,1.1878445148468018,0.8418611288070679,0.0,1.0000001192092896
1x,Hattrick,459,High,32.45930099487305,32.55049133300781,0.9971985220909119,32.45930099487305,1.0,1.0000001192092896,1.2941564321517944,0.7727041840553284,0.0,1.0000001192092896
1x,Hattrick,460,High,32.81134796142578,32.89860153198242,0.9973478317260742,32.81134796142578,1.0,1.0,1.2814557552337646,0.7803624868392944,0.0,1.0
1x,Hattrick,461,High,32.47035598754883,32.584285736083984,0.9965035319328308,32.47035598754883,1.0,1.0000001192092896,1.3675165176391602,0.7312526702880859,0.0,1.0000001192092896
1x,Hattrick,462,High,32.696311950683594,32.76802444458008,0.997811496257782,32.696311950683594,1.0,1.0000001192092896,1.2313320636749268,0.8121287226676941,0.0,1.0000001192092896
1x,Hattrick,463,High,33.452701568603516,33.550254821777344,0.9970923066139221,33.452701568603516,1.0,1.0,1.314682126045227,0.7606401443481445,0.0,1.0
1x,Hattrick,432,Medium,14.906546592712402,15.32496452331543,0.9726969599723816,14.906881332397461,0.9999775290489197,1.0,1.087100863456726,0.919877827167511,0.0,1.0
1x,Hattrick,433,Medium,14.741334915161133,14.871728897094727,0.9912320971488953,14.741668701171875,0.9999773502349854,1.000000238418579,1.0270957946777344,0.9736192226409912,0.0,1.000000238418579
1x,Hattrick,434,Medium,14.782464981079102,14.947118759155273,0.988984227180481,14.782938003540039,0.9999679923057556,1.0000001192092896,1.034204363822937,0.9669269919395447,0.0,1.0000001192092896
1x,Hattrick,435,Medium,14.501562118530273,14.755577087402344,0.982785165309906,14.501993179321289,0.9999702572822571,0.9999998807907104,1.0528299808502197,0.949820876121521,0.0,0.9999998807907104
1x,Hattrick,436,Medium,14.693964958190918,14.84067153930664,0.9901145696640015,14.694267272949219,0.9999794363975525,1.0,1.0305010080337524,0.9704017639160156,0.0,1.0
1x,Hattrick,437,Medium,14.670461654663086,14.700439453125,0.9979607462882996,14.68563461303711,0.9989668130874634,1.0,1.003084421157837,0.9969250559806824,0.0,1.0
1x,Hattrick,438,Medium,14.189569473266602,14.189569473266602,1.0,14.189570426940918,0.9999999403953552,0.9811269044876099,0.9809938669204712,1.0001356601715088,0.0,0.9811269044876099
1x,Hattrick,439,Medium,14.252334594726562,14.360800743103027,0.9924470782279968,14.252605438232422,0.9999809861183167,1.0000001192092896,1.02254056930542,0.9779564142227173,0.0,1.0000001192092896
1x,Hattrick,440,Medium,14.338261604309082,14.403426170349121,0.9954757690429688,14.338872909545898,0.9999573826789856,1.0000001192092896,1.0884631872177124,0.9187266230583191,0.0,1.0000001192092896
1x,Hattrick,441,Medium,14.699628829956055,14.749719619750977,0.9966039657592773,14.699634552001953,0.9999995827674866,1.0000001192092896,1.1615673303604126,0.8609058856964111,0.0,1.0000001192092896
1x,Hattrick,442,Medium,16.087474822998047,16.26889991760254,0.9888483285903931,16.088237762451172,0.9999525547027588,1.0,1.3494716882705688,0.741030752658844,0.0,1.0
1x,Hattrick,443,Medium,15.620146751403809,16.05879020690918,0.9726851582527161,15.622674942016602,0.9998381733894348,1.0,1.4655869007110596,0.6823205351829529,0.0,1.0
1x,Hattrick,444,Medium,15.555874824523926,16.30559539794922,0.9540206789970398,15.556255340576172,0.9999755620956421,1.0,1.5051965713500977,0.6643650531768799,0.0,1.0
1x,Hattrick,445,Medium,16.4610538482666,17.217941284179688,0.9560407996177673,16.46147918701172,0.9999741911888123,1.0,1.630470871925354,0.6133197546005249,0.0,1.0
1x,Hattrick,446,Medium,17.908199310302734,18.616819381713867,0.9619365930557251,17.908517837524414,0.9999822378158569,1.0000001192092896,1.572957158088684,0.6357452869415283,0.0,1.0000001192092896
1x,Hattrick,447,Medium,18.439205169677734,19.460355758666992,0.9475266337394714,18.43960952758789,0.9999780654907227,1.0,1.6879501342773438,0.5924345850944519,0.0,1.0
1x,Hattrick,448,Medium,19.34317398071289,20.449260711669922,0.9459106922149658,19.34388542175293,0.9999632239341736,1.0,1.7270898818969727,0.5790086388587952,0.0,1.0
1x,Hattrick,449,Medium,20.53033447265625,21.937294006347656,0.9358645081520081,20.59369659423828,0.9969232082366943,1.0000001192092896,1.7300302982330322,0.5780246257781982,0.0,1.0000001192092896
1x,Hattrick,450,Medium,21.289642333984375,22.768348693847656,0.9350543022155762,21.354507446289062,0.9969624876976013,1.0000001192092896,1.9140030145645142,0.5224652886390686,0.0,1.0000001192092896
1x,Hattrick,451,Medium,22.71216583251953,24.838573455810547,0.9143909215927124,22.769685745239258,0.9974738359451294,1.0000001192092896,2.095005512237549,0.47732576727867126,0.0,1.0000001192092896
1x,Hattrick,452,Medium,23.71856117248535,26.125659942626953,0.9078645706176758,23.764055252075195,0.998085618019104,1.000000238418579,2.3969967365264893,0.417188823223114,0.0,1.000000238418579
1x,Hattrick,453,Medium,23.470752716064453,25.841806411743164,0.9082473516464233,23.51780128479004,0.9979994297027588,1.0000001192092896,2.254784107208252,0.4435015022754669,0.0,1.0000001192092896
1x,Hattrick,454,Medium,23.451045989990234,26.17205047607422,0.8960339426994324,23.52775764465332,0.9967395067214966,1.0000001192092896,2.3059303760528564,0.4336645007133484,0.0,1.0000001192092896
1x,Hattrick,455,Medium,23.124168395996094,26.220172882080078,0.8819227814674377,23.145341873168945,0.9990851879119873,1.000000238418579,2.2938425540924072,0.43594980239868164,0.0,1.000000238418579
1x,Hattrick,456,Medium,23.729148864746094,27.246749877929688,0.8708983063697815,23.74748420715332,0.9992278814315796,1.0000001192092896,2.3412201404571533,0.42712774872779846,0.0,1.0000001192092896
1x,Hattrick,457,Medium,24.392780303955078,28.250694274902344,0.8634400367736816,24.571331024169922,0.992733359336853,1.0,2.160543203353882,0.462846577167511,0.0,1.0
1x,Hattrick,458,Medium,24.957141876220703,28.746395111083984,0.8681833744049072,25.125213623046875,0.9933106303215027,1.0000001192092896,2.2874667644500732,0.43716487288475037,0.0,1.0000001192092896
1x,Hattrick,459,Medium,24.804168701171875,29.26380157470703,0.84760582447052,24.837539672851562,0.9986564517021179,1.0000001192092896,2.4094455242156982,0.4150333106517792,0.0,1.0000001192092896
1x,Hattrick,460,Medium,25.010112762451172,29.05251693725586,0.8608587384223938,25.040813446044922,0.998773992061615,1.0,2.42221999168396,0.4128444194793701,0.0,1.0
1x,Hattrick,461,Medium,25.26427459716797,29.001760482788086,0.8711289763450623,25.295318603515625,0.9987727403640747,1.0,2.556152820587158,0.39121291041374207,0.0,1.0
1x,Hattrick,462,Medium,25.058942794799805,29.258678436279297,0.8564618825912476,25.11450958251953,0.9977874755859375,1.000000238418579,2.3705172538757324,0.42184895277023315,0.0,1.000000238418579
1x,Hattrick,463,Medium,24.716503143310547,29.732376098632812,0.8312993049621582,24.77499771118164,0.9976389408111572,1.0000001192092896,2.4469358921051025,0.408674418926239,0.0,1.0000001192092896
1x,Hattrick,432,Low,2.8714938163757324,3.409681797027588,0.8421589136123657,2.8714981079101562,0.9999985098838806,1.000000238418579,1.1992217302322388,0.8338743448257446,0.0,1.000000238418579
1x,Hattrick,433,Low,2.981964111328125,3.5727052688598633,0.8346515893936157,2.981973648071289,0.9999967813491821,1.000000238418579,1.1501646041870117,0.8694409728050232,0.0,1.000000238418579
1x,Hattrick,434,Low,2.947389602661133,3.4556643962860107,0.8529154658317566,2.947406768798828,0.999994158744812,1.0000001192092896,1.1400914192199707,0.8771227598190308,0.0,1.0000001192092896
1x,Hattrick,435,Low,3.0535964965820312,3.447866678237915,0.8856480717658997,3.0536117553710938,0.9999949932098389,1.0,1.1349666118621826,0.8810831904411316,0.0,1.0
1x,Hattrick,436,Low,3.030299186706543,3.5433156490325928,0.8552157282829285,3.030315399169922,0.9999946355819702,1.0,1.1373759508132935,0.8792167901992798,0.0,1.0
1x,Hattrick,437,Low,2.953991413116455,3.497253656387329,0.8446603417396545,2.939180374145508,1.0050392150878906,1.0,1.1193495988845825,0.8933759331703186,0.0,1.0
1x,Hattrick,438,Low,2.8633053302764893,3.242182731628418,0.883141279220581,2.8637008666992188,0.9998618960380554,1.000000238418579,1.0788503885269165,0.926912784576416,0.0,1.000000238418579
1x,Hattrick,439,Low,2.934126377105713,3.4140357971191406,0.8594304919242859,2.934680938720703,0.999811053276062,1.0000001192092896,1.1180833578109741,0.8943877816200256,0.0,1.0000001192092896
1x,Hattrick,440,Low,2.994720220565796,3.6157312393188477,0.8282474875450134,2.9947128295898438,1.0000025033950806,1.0000001192092896,1.224400281906128,0.8167264461517334,0.0,1.0000001192092896
1x,Hattrick,441,Low,3.08461332321167,3.493309497833252,0.8830060362815857,3.0851001739501953,0.9998421669006348,1.0,1.2977548837661743,0.7705615162849426,0.0,1.0
1x,Hattrick,442,Low,3.0729362964630127,3.674868106842041,0.8362031579017639,3.0728912353515625,1.0000146627426147,1.0000001192092896,1.502903938293457,0.6653786301612854,0.0,1.0000001192092896
1x,Hattrick,443,Low,3.465409755706787,4.064184665679932,0.8526703715324402,3.4654464721679688,0.99998939037323,1.0,1.654605507850647,0.6043736934661865,0.0,1.0
1x,Hattrick,444,Low,3.2282674312591553,3.8261404037475586,0.843739926815033,3.228260040283203,1.0000022649765015,1.0,1.6511362791061401,0.6056435108184814,0.0,1.0
1x,Hattrick,445,Low,3.2048702239990234,3.940237045288086,0.8133699297904968,3.204814910888672,1.0000172853469849,1.0000001192092896,1.8307937383651733,0.5462112426757812,0.0,1.0000001192092896
1x,Hattrick,446,Low,3.851423978805542,4.5089263916015625,0.8541775941848755,3.851390838623047,1.0000085830688477,1.0000001192092896,1.7309359312057495,0.5777221918106079,0.0,1.0000001192092896
1x,Hattrick,447,Low,3.9032559394836426,4.470539093017578,0.8731063008308411,3.903240203857422,1.0000040531158447,1.0,1.869720458984375,0.5348393321037292,0.0,1.0
1x,Hattrick,448,Low,4.21668815612793,4.935340404510498,0.8543865084648132,4.2397918701171875,0.9945507645606995,1.0,1.8901362419128418,0.5290623903274536,0.0,1.0
1x,Hattrick,449,Low,3.8621163368225098,4.961523532867432,0.7784134149551392,3.8001747131347656,1.0162997245788574,1.0000001192092896,1.9415110349655151,0.5150628089904785,0.0,1.0000001192092896
1x,Hattrick,450,Low,4.21022891998291,5.344610214233398,0.7877522706985474,4.146404266357422,1.015392780303955,1.0000001192092896,2.1045968532562256,0.4751504361629486,0.0,1.0000001192092896
1x,Hattrick,451,Low,4.678902626037598,5.911867618560791,0.7914423942565918,4.626270294189453,1.0113768577575684,1.0000001192092896,2.395479202270508,0.4174530506134033,0.0,1.0000001192092896
1x,Hattrick,452,Low,4.57144832611084,6.0264892578125,0.7585591077804565,4.542366027832031,1.0064024925231934,1.000000238418579,2.651543617248535,0.3771389126777649,0.0,1.000000238418579
1x,Hattrick,453,Low,4.760791778564453,6.406537055969238,0.743114709854126,4.729930877685547,1.0065245628356934,1.0000001192092896,2.4843122959136963,0.402525931596756,0.0,1.0000001192092896
1x,Hattrick,454,Low,4.368419647216797,5.957162380218506,0.7333054542541504,4.3334197998046875,1.0080766677856445,1.000000238418579,2.516561269760132,0.3973677158355713,0.0,1.000000238418579
1x,Hattrick,455,Low,4.312421798706055,6.202402591705322,0.6952824592590332,4.308712005615234,1.0008610486984253,1.000000238418579,2.5935771465301514,0.38556796312332153,0.0,1.000000238418579
1x,Hattrick,456,Low,4.049301624298096,6.042651176452637,0.6701200604438782,4.074432373046875,0.9938321113586426,1.0000001192092896,2.535491704940796,0.39440086483955383,0.0,1.0000001192092896
1x,Hattrick,457,Low,3.9778695106506348,6.860537052154541,0.5798189640045166,4.082363128662109,0.9744036197662354,1.0000001192092896,2.404930591583252,0.4158124625682831,0.0,1.0000001192092896
1x,Hattrick,458,Low,4.37373161315918,6.809656143188477,0.6422837972640991,4.560977935791016,0.9589459896087646,1.0000001192092896,2.536616086959839,0.3942260444164276,0.0,1.0000001192092896
1x,Hattrick,459,Low,4.488235950469971,6.390467643737793,0.7023329138755798,4.520713806152344,0.9928157925605774,1.0000001192092896,2.6854372024536133,0.3723788857460022,0.0,1.0000001192092896
1x,Hattrick,460,Low,4.32000207901001,6.522521495819092,0.6623208522796631,4.3168487548828125,1.0007305145263672,1.0000001192092896,2.6836800575256348,0.37262269854545593,0.0,1.0000001192092896
1x,Hattrick,461,Low,4.649747848510742,7.102331161499023,0.6546791195869446,4.6464996337890625,1.0006990432739258,1.0000001192092896,2.7716777324676514,0.360792338848114,0.0,1.0000001192092896
1x,Hattrick,462,Low,4.5539751052856445,7.059229850769043,0.6451093554496765,4.560970306396484,0.9984663128852844,1.000000238418579,2.6560897827148438,0.3764933943748474,0.0,1.000000238418579
1x,Hattrick,463,Low,4.392342567443848,6.914057731628418,0.6352770924568176,4.3895111083984375,1.0006450414657593,1.0000001192092896,2.677757740020752,0.37344682216644287,0.0,1.0000001192092896
1x,Hattrick,464,High,33.86394119262695,33.954795837402344,0.9973242282867432,33.86394119262695,1.0,1.0,1.293076515197754,0.7733494639396667,0.0,1.0
1x,Hattrick,465,High,33.726219177246094,33.858177185058594,0.9961026310920715,33.72622299194336,0.9999998807907104,1.0,1.4256565570831299,0.7014312148094177,0.0,1.0
1x,Hattrick,466,High,34.31071472167969,34.4129638671875,0.9970287680625916,34.31072235107422,0.9999997615814209,1.000000238418579,1.3298041820526123,0.7519906163215637,0.0,1.000000238418579
1x,Hattrick,467,High,33.749244689941406,33.85198211669922,0.9969651103019714,33.74924850463867,0.9999998807907104,1.0,1.3314012289047241,0.7510883808135986,0.0,1.0
1x,Hattrick,468,High,33.02445983886719,33.145503997802734,0.9963480830192566,33.02445983886719,1.0,1.0,1.3904720544815063,0.7191802263259888,0.0,1.0
1x,Hattrick,469,High,33.405723571777344,33.51885223388672,0.9966249465942383,33.40572738647461,0.9999998807907104,1.0,1.3649296760559082,0.7326384782791138,0.0,1.0
1x,Hattrick,470,High,33.63385772705078,33.76448440551758,0.9961312413215637,33.63386154174805,0.9999998807907104,0.9999998807907104,1.421366572380066,0.7035481929779053,0.0,0.9999998807907104
1x,Hattrick,471,High,34.121246337890625,34.236907958984375,0.9966217279434204,34.121246337890625,1.0,1.000000238418579,1.3731000423431396,0.7282792329788208,0.0,1.000000238418579
1x,Hattrick,472,High,33.72031021118164,33.8386344909668,0.9965032935142517,33.72031021118164,1.0,1.0000001192092896,1.3816877603530884,0.7237526178359985,0.0,1.0000001192092896
1x,Hattrick,473,High,34.054962158203125,34.166648864746094,0.9967311024665833,34.05496597290039,0.9999998807907104,1.0,1.360257863998413,0.7351547479629517,0.0,1.0
1x,Hattrick,474,High,34.019073486328125,34.10231018066406,0.9975591897964478,34.019073486328125,1.0,1.0000001192092896,1.268495798110962,0.788335382938385,0.0,1.0000001192092896
1x,Hattrick,475,High,34.888267517089844,34.98789596557617,0.9971525073051453,34.88827133178711,0.9999998807907104,1.0000001192092896,1.3213691711425781,0.7567908763885498,0.0,1.0000001192092896
1x,Hattrick,476,High,33.865821838378906,33.984474182128906,0.9965086579322815,33.86582565307617,0.9999998807907104,1.0,1.382734775543213,0.723204493522644,0.0,1.0
1x,Hattrick,477,High,34.2928466796875,34.399658203125,0.9968949556350708,34.292850494384766,0.9999998807907104,0.9999998807907104,1.3445454835891724,0.7437456846237183,0.0,0.9999998807907104
1x,Hattrick,478,High,33.59172821044922,33.682926177978516,0.9972924590110779,33.59173583984375,0.9999997615814209,1.0,1.2941641807556152,0.7726994752883911,0.0,1.0
1x,Hattrick,479,High,33.32545471191406,33.43339538574219,0.9967714548110962,33.32545471191406,1.0,1.000000238418579,1.3482002019882202,0.7417297959327698,0.0,1.000000238418579
1x,Hattrick,480,High,33.18394470214844,33.27349853515625,0.9973085522651672,33.1839485168457,0.9999998807907104,1.0000001192092896,1.2888782024383545,0.7758685946464539,0.0,1.0000001192092896
1x,Hattrick,481,High,32.69271469116211,32.78289031982422,0.9972493052482605,32.692718505859375,0.9999998807907104,1.0,1.2908774614334106,0.7746668457984924,0.0,1.0
1x,Hattrick,482,High,31.875831604003906,31.9483642578125,0.9977297186851501,31.875835418701172,0.9999998807907104,1.0,1.233970046043396,0.810392439365387,0.0,1.0
1x,Hattrick,483,High,31.425554275512695,31.488792419433594,0.9979917407035828,31.425556182861328,0.9999999403953552,1.000000238418579,1.203988790512085,0.8305727243423462,0.0,1.000000238418579
1x,Hattrick,484,High,32.27125549316406,32.33771514892578,0.9979448318481445,32.27125549316406,1.0,1.0,1.2143925428390503,0.8234569430351257,0.0,1.0
1x,Hattrick,485,High,32.3057861328125,32.371070861816406,0.9979832172393799,32.30579376220703,0.9999997615814209,1.0000001192092896,1.2105783224105835,0.8260515928268433,0.0,1.0000001192092896
1x,Hattrick,486,High,31.45130729675293,31.47983741760254,0.9990937113761902,31.45130729675293,1.0,0.9999998807907104,1.0920310020446777,0.9157248139381409,0.0,0.9999998807907104
1x,Hattrick,487,High,31.808494567871094,31.835050582885742,0.9991658329963684,31.80849838256836,0.9999998807907104,1.0,1.0856482982635498,0.921108603477478,0.0,1.0
1x,Hattrick,488,High,30.76374626159668,30.796733856201172,0.9989288449287415,30.763750076293945,0.9999998807907104,1.000000238418579,1.1064038276672363,0.9038293361663818,0.0,1.000000238418579
1x,Hattrick,489,High,31.390464782714844,31.418109893798828,0.9991201162338257,31.39046859741211,0.9999998807907104,1.000000238418579,1.0891692638397217,0.9181311726570129,0.0,1.000000238418579
1x,Hattrick,490,High,30.607017517089844,30.61864471435547,0.999620258808136,30.60702133178711,0.9999998807907104,1.0000001192092896,1.0374902486801147,0.9638646245002747,0.0,1.0000001192092896
1x,Hattrick,491,High,29.998886108398438,30.011592864990234,0.9995766282081604,29.998891830444336,0.9999998211860657,1.0,1.0409704446792603,0.9606420397758484,0.0,1.0
1x,Hattrick,492,High,29.851539611816406,29.873668670654297,0.9992592334747314,29.85154914855957,0.9999997019767761,1.0,1.0713516473770142,0.9334003329277039,0.0,1.0
1x,Hattrick,493,High,29.79999542236328,29.826030731201172,0.9991270899772644,29.80000114440918,0.9999998211860657,1.0000001192092896,1.0839771032333374,0.9225288033485413,0.0,1.0000001192092896
1x,Hattrick,494,High,29.681747436523438,29.681747436523438,1.0,29.68174934387207,0.9999999403953552,0.9508135914802551,0.9494152665138245,1.0014728307724,0.0,0.9508135914802551
1x,Hattrick,495,High,29.11609649658203,29.11609649658203,1.0,29.11609649658203,1.0,0.9165131449699402,0.9139003157615662,1.0028589963912964,0.0,0.9165131449699402
1x,Hattrick,464,Medium,24.481653213500977,30.170207977294922,0.811451256275177,24.56591033935547,0.9965701699256897,1.000000238418579,2.4739186763763428,0.40421709418296814,0.0,1.000000238418579
1x,Hattrick,465,Medium,24.947078704833984,30.503158569335938,0.8178523182868958,25.063602447509766,0.9953508973121643,1.0000001192092896,2.663151264190674,0.375495046377182,0.0,1.0000001192092896
1x,Hattrick,466,Medium,24.574819564819336,30.770889282226562,0.7986385822296143,24.627197265625,0.9978731870651245,1.000000238418579,2.485957384109497,0.40225961804389954,0.0,1.000000238418579
1x,Hattrick,467,Medium,23.804420471191406,29.776283264160156,0.7994422912597656,23.884647369384766,0.9966410398483276,1.0000001192092896,2.504431962966919,0.3992922008037567,0.0,1.0000001192092896
1x,Hattrick,468,Medium,23.949031829833984,29.890790939331055,0.8012177348136902,24.09076690673828,0.9941166043281555,1.0,2.603088140487671,0.3841590881347656,0.0,1.0
1x,Hattrick,469,Medium,23.907413482666016,30.019241333007812,0.7964029908180237,23.979251861572266,0.9970041513442993,1.0,2.6313555240631104,0.3800322711467743,0.0,1.0
1x,Hattrick,470,Medium,24.05581283569336,30.170169830322266,0.7973376512527466,24.11050796508789,0.9977315068244934,1.0,2.7274560928344727,0.366642028093338,0.0,1.0
1x,Hattrick,471,Medium,23.66819953918457,30.42554473876953,0.7779055237770081,23.746105194091797,0.996719241142273,1.000000238418579,2.5632052421569824,0.39013662934303284,0.0,1.000000238418579
1x,Hattrick,472,Medium,24.010173797607422,30.284626007080078,0.792817234992981,24.10948944091797,0.995880663394928,1.0000001192092896,2.59145450592041,0.38588371872901917,0.0,1.0000001192092896
1x,Hattrick,473,Medium,24.60734748840332,30.783721923828125,0.799362301826477,24.737319946289062,0.9947459101676941,1.0,2.6348369121551514,0.379530131816864,0.0,1.0
1x,Hattrick,474,Medium,24.322906494140625,30.510135650634766,0.7972074151039124,24.54974365234375,0.990760087966919,1.0000001192092896,2.4343512058258057,0.41078710556030273,0.0,1.0000001192092896
1x,Hattrick,475,Medium,24.751495361328125,30.86724090576172,0.8018693923950195,24.862747192382812,0.9955253601074219,1.0000001192092896,2.4569013118743896,0.4070168137550354,0.0,1.0000001192092896
1x,Hattrick,476,Medium,24.491928100585938,30.762033462524414,0.7961738705635071,24.703048706054688,0.9914536476135254,1.0,2.593592882156372,0.38556551933288574,0.0,1.0
1x,Hattrick,477,Medium,24.584287643432617,30.598491668701172,0.8034477233886719,24.74300765991211,0.9935852289199829,1.0,2.5201985836029053,0.3967941403388977,0.0,1.0
1x,Hattrick,478,Medium,23.58026123046875,30.200115203857422,0.7808004021644592,23.734779357910156,0.9934898018836975,1.0,2.4370219707489014,0.4103368818759918,0.0,1.0
1x,Hattrick,479,Medium,23.846759796142578,30.434677124023438,0.7835391163825989,24.08285903930664,0.9901964068412781,1.000000238418579,2.552095413208008,0.39183497428894043,0.0,1.000000238418579
1x,Hattrick,480,Medium,23.389293670654297,29.599231719970703,0.790199339389801,23.596542358398438,0.9912170171737671,1.0000001192092896,2.4795894622802734,0.40329262614250183,0.0,1.0000001192092896
1x,Hattrick,481,Medium,23.358625411987305,29.3327579498291,0.7963324189186096,23.491443634033203,0.9943460822105408,1.0,2.481654167175293,0.402957022190094,0.0,1.0
1x,Hattrick,482,Medium,22.69782066345215,28.397567749023438,0.7992874979972839,22.812808990478516,0.9949594736099243,1.0,2.3433022499084473,0.4267481863498688,0.0,1.0
1x,Hattrick,483,Medium,22.888988494873047,28.463794708251953,0.8041439652442932,23.094364166259766,0.9911071062088013,1.000000238418579,2.229318380355835,0.4485677182674408,0.0,1.000000238418579
1x,Hattrick,484,Medium,22.68431854248047,28.852872848510742,0.7862066030502319,22.78909683227539,0.9954022765159607,1.0,2.3192052841186523,0.4311821758747101,0.0,1.0
1x,Hattrick,485,Medium,23.169034957885742,28.942779541015625,0.8005117177963257,23.233108520507812,0.9972421526908875,1.0000001192092896,2.255113124847412,0.44343680143356323,0.0,1.0000001192092896
1x,Hattrick,486,Medium,22.16361427307129,28.104846954345703,0.7886046767234802,22.30130958557129,0.9938256740570068,1.0000001192092896,2.0965609550476074,0.4769716262817383,0.0,1.0000001192092896
1x,Hattrick,487,Medium,22.418716430664062,28.70718765258789,0.7809443473815918,22.565200805664062,0.9935083985328674,1.0,2.0498921871185303,0.4878305196762085,0.0,1.0
1x,Hattrick,488,Medium,21.523685455322266,27.352489471435547,0.7869004011154175,21.633554458618164,0.9949213862419128,1.000000238418579,2.0812132358551025,0.4804890751838684,0.0,1.000000238418579
1x,Hattrick,489,Medium,21.896747589111328,27.908885955810547,0.7845797538757324,22.060375213623047,0.9925827383995056,1.000000238418579,2.0053277015686035,0.4986717402935028,0.0,1.000000238418579
1x,Hattrick,490,Medium,21.560073852539062,27.383644104003906,0.7873339653015137,21.765281677246094,0.9905717968940735,1.0000001192092896,1.973590612411499,0.5066907405853271,0.0,1.0000001192092896
1x,Hattrick,491,Medium,21.58401107788086,26.78412628173828,0.8058508634567261,21.73283576965332,0.9931520819664001,1.0,1.9789708852767944,0.5053131580352783,0.0,1.0
1x,Hattrick,492,Medium,20.965309143066406,26.309696197509766,0.796866238117218,21.149869918823242,0.9912736415863037,1.0,2.023853063583374,0.4941070079803467,0.0,1.0
1x,Hattrick,493,Medium,21.83251953125,26.660776138305664,0.8189003467559814,22.005022048950195,0.9921607375144958,1.0000001192092896,2.063110828399658,0.48470500111579895,0.0,1.0000001192092896
1x,Hattrick,494,Medium,21.10382080078125,26.66817855834961,0.791348397731781,21.269811630249023,0.9921959638595581,1.0,1.8079535961151123,0.5531115531921387,0.0,1.0
1x,Hattrick,495,Medium,20.344799041748047,25.968441009521484,0.7834432125091553,20.4771728515625,0.9935355186462402,1.000000238418579,1.7151747941970825,0.5830311179161072,0.0,1.000000238418579
1x,Hattrick,464,Low,4.942331790924072,7.497117042541504,0.6592309474945068,4.939563751220703,1.0005604028701782,1.0,2.7939350605010986,0.3579181134700775,0.0,1.0
1x,Hattrick,465,Low,4.749217987060547,6.970582008361816,0.6813229918479919,4.768573760986328,0.9959409832954407,1.0000001192092896,2.9627127647399902,0.3375285565853119,0.0,1.0000001192092896
1x,Hattrick,466,Low,4.8408684730529785,7.529984474182129,0.6428789496421814,4.896087646484375,0.9887217879295349,1.000000238418579,2.697942018508911,0.370652973651886,0.0,1.000000238418579
1x,Hattrick,467,Low,4.706734657287598,6.999297142028809,0.6724581718444824,4.704078674316406,1.0005645751953125,1.000000238418579,2.834883213043213,0.352748304605484,0.0,1.000000238418579
1x,Hattrick,468,Low,4.559353828430176,6.886368751525879,0.6620838642120361,4.506000518798828,1.0118404626846313,1.0000001192092896,2.8829445838928223,0.3468676209449768,0.0,1.0000001192092896
1x,Hattrick,469,Low,4.683377742767334,7.009158611297607,0.6681797504425049,4.691646575927734,0.9982375502586365,1.0000001192092896,2.993131399154663,0.33409830927848816,0.0,1.0000001192092896
1x,Hattrick,470,Low,4.600625514984131,7.030771255493164,0.6543557643890381,4.589214324951172,1.0024864673614502,1.0000001192092896,3.0366673469543457,0.329308420419693,0.0,1.0000001192092896
1x,Hattrick,471,Low,4.59792423248291,6.836268424987793,0.6725780963897705,4.588623046875,1.0020270347595215,1.000000238418579,2.8858046531677246,0.34652388095855713,0.0,1.000000238418579
1x,Hattrick,472,Low,4.891160011291504,7.355848789215088,0.6649348139762878,4.8837127685546875,1.0015249252319336,1.0000001192092896,2.908416271209717,0.34382978081703186,0.0,1.0000001192092896
1x,Hattrick,473,Low,4.634517669677734,7.014181613922119,0.6607353687286377,4.723747253417969,0.9811103940010071,1.0,2.8918139934539795,0.34580370783805847,0.0,1.0
1x,Hattrick,474,Low,4.842339038848877,7.255608558654785,0.6673925518989563,4.7376556396484375,1.022096037864685,1.0000001192092896,2.7427632808685303,0.36459586024284363,0.0,1.0000001192092896
1x,Hattrick,475,Low,4.861904144287109,7.0249528884887695,0.692090630531311,4.827655792236328,1.007094144821167,1.0,2.7567079067230225,0.3627515137195587,0.0,1.0
1x,Hattrick,476,Low,4.800384521484375,6.9199347496032715,0.6937037110328674,4.691112518310547,1.023293375968933,1.0,2.878647565841675,0.34738534688949585,0.0,1.0
1x,Hattrick,477,Low,4.806795120239258,7.080286026000977,0.6788984537124634,4.712547302246094,1.019999384880066,1.0000001192092896,2.794595241546631,0.3578336238861084,0.0,1.0000001192092896
1x,Hattrick,478,Low,5.09242057800293,7.183779239654541,0.708877682685852,4.98748779296875,1.0210392475128174,1.0000001192092896,2.761248826980591,0.362155020236969,0.0,1.0000001192092896
1x,Hattrick,479,Low,4.865832328796387,6.88724422454834,0.7064991593360901,4.767444610595703,1.0206373929977417,1.000000238418579,2.7795023918151855,0.35977670550346375,0.0,1.000000238418579
1x,Hattrick,480,Low,4.755441665649414,6.957677841186523,0.6834811568260193,4.680507659912109,1.01600980758667,1.0000001192092896,2.7364988327026367,0.3654305040836334,0.0,1.0000001192092896
1x,Hattrick,481,Low,4.537692070007324,6.6987104415893555,0.6773978471755981,4.439155578613281,1.0221971273422241,1.0000001192092896,2.7653703689575195,0.36161527037620544,0.0,1.0000001192092896
1x,Hattrick,482,Low,4.403141021728516,6.7017903327941895,0.6570096611976624,4.341255187988281,1.0142552852630615,1.0,2.6390914916992188,0.37891829013824463,0.0,1.0
1x,Hattrick,483,Low,4.681151390075684,6.918622016906738,0.6766017079353333,4.564128875732422,1.0256396532058716,1.000000238418579,2.5225846767425537,0.39641889929771423,0.0,1.000000238418579
1x,Hattrick,484,Low,4.604148864746094,6.569768905639648,0.7008083462715149,4.556510925292969,1.0104548931121826,1.0,2.542680501937866,0.39328575134277344,0.0,1.0
1x,Hattrick,485,Low,4.65443229675293,7.005674362182617,0.6643803119659424,4.641212463378906,1.0028483867645264,1.0000001192092896,2.557662010192871,0.39098212122917175,0.0,1.0000001192092896
1x,Hattrick,486,Low,4.491460800170898,6.546878814697266,0.6860461235046387,4.414520263671875,1.017428994178772,1.0,2.3376407623291016,0.42778173089027405,0.0,1.0
1x,Hattrick,487,Low,4.3055100440979,6.504767894744873,0.6619006395339966,4.228096008300781,1.018309473991394,1.0,2.313577175140381,0.4322310984134674,0.0,1.0
1x,Hattrick,488,Low,4.327842712402344,6.71779727935791,0.644235372543335,4.252613067626953,1.0176901817321777,1.000000238418579,2.3315179347991943,0.4289052188396454,0.0,1.000000238418579
1x,Hattrick,489,Low,4.429542064666748,6.527607440948486,0.6785858273506165,4.307708740234375,1.028282642364502,1.000000238418579,2.24765682220459,0.44490787386894226,0.0,1.000000238418579
1x,Hattrick,490,Low,4.49268913269043,6.595464706420898,0.6811785697937012,4.333858489990234,1.0366487503051758,1.0000001192092896,2.1897401809692383,0.4566752314567566,0.0,1.0000001192092896
1x,Hattrick,491,Low,4.141939163208008,6.453539848327637,0.6418088674545288,4.0330810546875,1.0269912481307983,1.0000001192092896,2.273405075073242,0.43986886739730835,0.0,1.0000001192092896
1x,Hattrick,492,Low,4.416140079498291,6.428257465362549,0.6869886517524719,4.282173156738281,1.0312848091125488,1.0000001192092896,2.2676548957824707,0.44098424911499023,0.0,1.0000001192092896
1x,Hattrick,493,Low,4.121030807495117,6.104427337646484,0.6750888228416443,3.986541748046875,1.033735752105713,1.0000001192092896,2.2273061275482178,0.4489729106426239,0.0,1.0000001192092896
1x,Hattrick,494,Low,4.323935031890869,6.437788963317871,0.6716490983963013,4.20489501953125,1.0283098220825195,1.0000001192092896,2.028465747833252,0.49298349022865295,0.0,1.0000001192092896
1x,Hattrick,495,Low,4.168297290802002,6.1983537673950195,0.6724845767021179,4.0603485107421875,1.0265860557556152,1.000000238418579,1.864310383796692,0.5363914966583252,0.0,1.000000238418579
1x,Hattrick,496,High,29.081825256347656,29.081823348999023,1.0000001192092896,29.081825256347656,1.0,0.9097180366516113,0.904843807220459,1.0053868293762207,0.0,0.9097180366516113
1x,Hattrick,497,High,29.056215286254883,29.056215286254883,1.0,29.056215286254883,1.0,0.9961638450622559,0.9961187839508057,1.0000451803207397,0.0,0.9961638450622559
1x,Hattrick,498,High,28.914165496826172,28.914167404174805,0.9999999403953552,28.914167404174805,0.9999999403953552,0.9079872369766235,0.9043408036231995,1.0040321350097656,0.0,0.9079872369766235
1x,Hattrick,499,High,28.47102928161621,28.478805541992188,0.9997269511222839,28.471031188964844,0.9999999403953552,1.0000001192092896,1.0250779390335083,0.9755356907844543,0.0,1.0000001192092896
1x,Hattrick,496,Medium,20.038644790649414,25.879016876220703,0.7743201851844788,20.170238494873047,0.9934758543968201,1.0,1.6949046850204468,0.5900036692619324,0.0,1.0
1x,Hattrick,497,Medium,20.845748901367188,26.061220169067383,0.7998761534690857,20.995508193969727,0.9928670525550842,1.0,1.8569217920303345,0.5385256409645081,0.0,1.0
1x,Hattrick,498,Medium,20.567825317382812,26.080991744995117,0.7886136174201965,20.921777725219727,0.983082115650177,1.0,1.7594257593154907,0.5683672428131104,0.0,1.0
1x,Hattrick,499,Medium,20.216157913208008,25.269893646240234,0.8000096082687378,20.586803436279297,0.9819959402084351,1.0000001192092896,1.9473164081573486,0.5135272741317749,0.0,1.0000001192092896
1x,Hattrick,496,Low,3.7900431156158447,5.970126152038574,0.6348347067832947,3.6737136840820312,1.031665325164795,1.0000001192092896,1.8996524810791016,0.5264121294021606,0.0,1.0000001192092896
1x,Hattrick,497,Low,4.0819854736328125,6.0952558517456055,0.6696987748146057,3.9459800720214844,1.0344668626785278,1.0,2.0286216735839844,0.49294552206993103,0.0,1.0
1x,Hattrick,498,Low,3.9588046073913574,5.863029956817627,0.6752148270606995,3.7704544067382812,1.0499542951583862,1.0000001192092896,1.9664703607559204,0.5085253715515137,0.0,1.0000001192092896
1x,Hattrick,499,Low,4.134664535522461,6.0366740226745605,0.6849242448806763,3.950542449951172,1.0466067790985107,1.0000001192092896,2.1021416187286377,0.4757053852081299,0.0,1.0000001192092896
1x,Hatrrick-e,400,High,22.787403106689453,22.787403106689453,1.0,22.787403106689453,1.0,0.8670622110366821,0.8639376163482666,1.0036166906356812,0.0,0.8670622110366821
1x,Hatrrick-e,401,High,23.049802780151367,23.049800872802734,1.0000001192092896,23.049802780151367,1.0,0.9251708984375,0.9230446219444275,1.0023036003112793,0.0,0.9251708984375
1x,Hatrrick-e,402,High,23.258256912231445,23.258258819580078,0.9999999403953552,23.258258819580078,0.9999999403953552,0.8903618454933167,0.886952817440033,1.0038435459136963,0.0,0.8903618454933167
1x,Hatrrick-e,403,High,22.56597900390625,22.56597900390625,1.0,22.565980911254883,0.9999999403953552,0.8871189951896667,0.8845015168190002,1.0029592514038086,0.0,0.8871189951896667
1x,Hatrrick-e,404,High,22.348953247070312,22.348953247070312,1.0,22.348953247070312,1.0,0.8276232481002808,0.8244177103042603,1.0038882493972778,0.0,0.8276232481002808
1x,Hatrrick-e,405,High,22.92848014831543,22.928478240966797,1.0000001192092896,22.92848014831543,1.0,0.9012905359268188,0.8831719756126404,1.0205153226852417,0.0,0.9012905359268188
1x,Hatrrick-e,406,High,21.99001693725586,21.99001693725586,1.0,21.99001693725586,1.0,0.8540676832199097,0.8467602729797363,1.0086297988891602,0.0,0.8540676832199097
1x,Hatrrick-e,407,High,21.730499267578125,21.730499267578125,1.0,21.730499267578125,1.0,0.7935652732849121,0.7898746132850647,1.0046724081039429,0.0,0.7935652732849121
1x,Hatrrick-e,408,High,21.440902709960938,21.440902709960938,1.0,21.440902709960938,1.0,0.7705186009407043,0.7666321992874146,1.0050694942474365,0.0,0.7705186009407043
1x,Hatrrick-e,409,High,21.866783142089844,21.866783142089844,1.0,21.866783142089844,1.0,0.7469949722290039,0.7463815808296204,1.000821828842163,0.0,0.7469949722290039
1x,Hatrrick-e,410,High,22.46120834350586,22.46120834350586,1.0,22.46120834350586,1.0,0.7432091236114502,0.7366347908973694,1.0089248418807983,0.0,0.7432091236114502
1x,Hatrrick-e,411,High,21.829435348510742,21.829435348510742,1.0,21.829435348510742,1.0,0.7330228090286255,0.7236093282699585,1.0130090713500977,0.0,0.7330228090286255
1x,Hatrrick-e,412,High,21.346574783325195,21.346574783325195,1.0,21.346574783325195,1.0,0.772993266582489,0.7668132781982422,1.0080592632293701,0.0,0.772993266582489
1x,Hatrrick-e,413,High,20.98731231689453,20.98731231689453,1.0,20.98731231689453,1.0,0.7703874111175537,0.7607133388519287,1.0127171277999878,0.0,0.7703874111175537
1x,Hatrrick-e,414,High,20.790082931518555,20.790084838867188,0.9999998807907104,20.790082931518555,1.0,0.6979361772537231,0.6947180032730103,1.0046323537826538,0.0,0.6979361772537231
1x,Hatrrick-e,415,High,20.635406494140625,20.635406494140625,1.0,20.635406494140625,1.0,0.7098656892776489,0.7039284706115723,1.0084344148635864,0.0,0.7098656892776489
1x,Hatrrick-e,416,High,19.867136001586914,19.86713409423828,1.0000001192092896,19.867136001586914,1.0,0.6808504462242126,0.6780975461006165,1.0040597915649414,0.0,0.6808504462242126
1x,Hatrrick-e,417,High,19.85200309753418,19.852001190185547,1.0000001192092896,19.852001190185547,1.0000001192092896,0.6684399247169495,0.6652754545211792,1.0047566890716553,0.0,0.6684399247169495
1x,Hatrrick-e,418,High,19.395492553710938,19.395492553710938,1.0,19.395492553710938,1.0,0.7018826603889465,0.6893297433853149,1.0182102918624878,0.0,0.7018826603889465
1x,Hatrrick-e,419,High,19.487457275390625,19.487455368041992,1.0000001192092896,19.487455368041992,1.0000001192092896,0.6747363805770874,0.6745350360870361,1.0002985000610352,0.0,0.6747363805770874
1x,Hatrrick-e,420,High,19.11311149597168,19.113113403320312,0.9999998807907104,19.11311149597168,1.0,0.6012122631072998,0.5978143811225891,1.0056838989257812,0.0,0.6012122631072998
1x,Hatrrick-e,421,High,19.02716827392578,19.02716827392578,1.0,19.02716636657715,1.0000001192092896,0.6111579537391663,0.606460690498352,1.007745385169983,0.0,0.6111579537391663
1x,Hatrrick-e,422,High,18.301570892333984,18.301570892333984,1.0,18.301570892333984,1.0,0.6402249932289124,0.6333893537521362,1.0107921361923218,0.0,0.6402249932289124
1x,Hatrrick-e,423,High,18.000041961669922,18.00004005432129,1.0000001192092896,18.000041961669922,1.0,0.638836681842804,0.6320581436157227,1.0107245445251465,0.0,0.638836681842804
1x,Hatrrick-e,424,High,18.166576385498047,18.16657829284668,0.9999998807907104,18.166576385498047,1.0,0.6252889633178711,0.6152154207229614,1.0163739919662476,0.0,0.6252889633178711
1x,Hatrrick-e,425,High,18.396526336669922,18.396526336669922,1.0,18.396526336669922,1.0,0.6230287551879883,0.6188188791275024,1.006803035736084,0.0,0.6230287551879883
1x,Hatrrick-e,426,High,18.58797836303711,18.58797836303711,1.0,18.587980270385742,0.9999998807907104,0.6094878911972046,0.6088574528694153,1.001035451889038,0.0,0.6094878911972046
1x,Hatrrick-e,427,High,18.771108627319336,18.77111053466797,0.9999998807907104,18.771108627319336,1.0,0.6355669498443604,0.6343424916267395,1.0019302368164062,0.0,0.6355669498443604
1x,Hatrrick-e,428,High,17.64982032775879,17.649818420410156,1.0000001192092896,17.64982032775879,1.0,0.5979194641113281,0.5905070304870605,1.0125526189804077,0.0,0.5979194641113281
1x,Hatrrick-e,429,High,17.748355865478516,17.748355865478516,1.0,17.748355865478516,1.0,0.5963806509971619,0.5848047137260437,1.0197945833206177,0.0,0.5963806509971619
1x,Hatrrick-e,430,High,17.457191467285156,17.457191467285156,1.0,17.457191467285156,1.0,0.5851343274116516,0.5748332142829895,1.0179201364517212,0.0,0.5851343274116516
1x,Hatrrick-e,431,High,17.63249397277832,17.63249397277832,1.0,17.63249397277832,1.0,0.6000144481658936,0.5963469743728638,1.0061498880386353,0.0,0.6000144481658936
1x,Hatrrick-e,400,Medium,17.049421310424805,20.314132690429688,0.8392886519432068,17.358280181884766,0.9822068214416504,1.0,1.6070548295974731,0.6222562789916992,0.0,1.0
1x,Hatrrick-e,401,Medium,17.577272415161133,20.692707061767578,0.8494428396224976,17.79720115661621,0.9876425266265869,1.0,1.7561781406402588,0.5694183111190796,0.0,1.0
1x,Hatrrick-e,402,Medium,17.682281494140625,20.62570571899414,0.857293426990509,17.770145416259766,0.9950555562973022,1.0000001192092896,1.7157888412475586,0.5828223824501038,0.0,1.0000001192092896
1x,Hatrrick-e,403,Medium,17.309932708740234,20.26148223876953,0.8543270826339722,17.464052200317383,0.9911750555038452,1.0,1.6906660795211792,0.5914828777313232,0.0,1.0
1x,Hatrrick-e,404,Medium,16.875137329101562,20.038183212280273,0.8421490788459778,17.074764251708984,0.9883086681365967,1.0,1.5887492895126343,0.6294259428977966,0.0,1.0
1x,Hatrrick-e,405,Medium,16.634647369384766,20.340991973876953,0.8177893757820129,16.839216232299805,0.987851619720459,1.0000001192092896,1.6938190460205078,0.590381920337677,0.0,1.0000001192092896
1x,Hatrrick-e,406,Medium,16.488075256347656,19.620054244995117,0.8403685092926025,16.634735107421875,0.9911835193634033,0.9999998807907104,1.5896186828613281,0.6290816068649292,0.0,0.9999998807907104
1x,Hatrrick-e,407,Medium,16.76949119567871,19.375877380371094,0.8654829263687134,16.926586151123047,0.9907190203666687,1.0,1.4872125387191772,0.6723988652229309,0.0,1.0
1x,Hatrrick-e,408,Medium,16.867704391479492,19.136016845703125,0.8814637064933777,16.92023468017578,0.996895432472229,1.0000001192092896,1.4412646293640137,0.6938351988792419,0.0,1.0000001192092896
1x,Hatrrick-e,409,Medium,16.851402282714844,19.549442291259766,0.86198890209198,17.153419494628906,0.982393205165863,1.0,1.4197570085525513,0.7043458819389343,0.0,1.0
1x,Hatrrick-e,410,Medium,17.543197631835938,20.15336799621582,0.8704846501350403,17.790409088134766,0.9861042499542236,1.0000001192092896,1.3948960304260254,0.7168993949890137,0.0,1.0000001192092896
1x,Hatrrick-e,411,Medium,17.48868179321289,19.520566940307617,0.8959105610847473,17.75742530822754,0.9848658442497253,1.0,1.3901160955429077,0.7193644046783447,0.0,1.0
1x,Hatrrick-e,412,Medium,16.80422019958496,19.115365982055664,0.8790948987007141,16.925748825073242,0.9928199052810669,1.0000001192092896,1.4526896476745605,0.6883783340454102,0.0,1.0000001192092896
1x,Hatrrick-e,413,Medium,16.797348022460938,18.853363037109375,0.8909470438957214,16.83151626586914,0.9979699850082397,1.0,1.4534517526626587,0.6880173087120056,0.0,1.0
1x,Hatrrick-e,414,Medium,17.0330810546875,18.615798950195312,0.914979875087738,17.0334415435791,0.9999788403511047,1.0,1.3125311136245728,0.761886715888977,0.0,1.0
1x,Hatrrick-e,415,Medium,16.767351150512695,18.435657501220703,0.9095065593719482,16.767627716064453,0.9999834895133972,1.0000001192092896,1.335301160812378,0.7488948106765747,0.0,1.0000001192092896
1x,Hatrrick-e,416,Medium,16.160781860351562,17.617839813232422,0.9172964692115784,16.16090202331543,0.9999925494194031,1.0,1.3035287857055664,0.7671483755111694,0.0,1.0
1x,Hatrrick-e,417,Medium,16.74966049194336,18.145597457885742,0.9230701923370361,16.750038146972656,0.9999774694442749,1.0000001192092896,1.2875111103057861,0.7766923904418945,0.0,1.0000001192092896
1x,Hatrrick-e,418,Medium,15.835797309875488,17.379417419433594,0.9111811518669128,15.83599853515625,0.9999873042106628,1.0000001192092896,1.3215458393096924,0.7566896677017212,0.0,1.0000001192092896
1x,Hatrrick-e,419,Medium,16.237869262695312,17.533321380615234,0.9261148571968079,16.238027572631836,0.9999902248382568,1.0,1.2698533535003662,0.7874925136566162,0.0,1.0
1x,Hatrrick-e,420,Medium,16.495853424072266,17.24298858642578,0.9566702246665955,16.49613380432129,0.999983012676239,1.0,1.1555944681167603,0.8653554916381836,0.0,1.0
1x,Hatrrick-e,421,Medium,16.177581787109375,16.902986526489258,0.9570842385292053,16.17791175842285,0.9999796152114868,1.0000001192092896,1.1510573625564575,0.8687665462493896,0.0,1.0000001192092896
1x,Hatrrick-e,422,Medium,15.537105560302734,16.498132705688477,0.9417493343353271,15.537788391113281,0.9999560713768005,1.0,1.2000715732574463,0.8332836031913757,0.0,1.0
1x,Hatrrick-e,423,Medium,15.104696273803711,16.042163848876953,0.941562294960022,15.105125427246094,0.9999715685844421,1.0,1.195216417312622,0.8366685509681702,0.0,1.0
1x,Hatrrick-e,424,Medium,15.578010559082031,16.390817642211914,0.9504108428955078,15.57828140258789,0.9999825954437256,1.0,1.1692787408828735,0.855228066444397,0.0,1.0
1x,Hatrrick-e,425,Medium,15.728675842285156,16.500633239746094,0.9532164931297302,15.728897094726562,0.999985933303833,1.0000001192092896,1.160778522491455,0.8614909052848816,0.0,1.0000001192092896
1x,Hatrrick-e,426,Medium,15.9093017578125,16.760746002197266,0.9492000937461853,15.90953254699707,0.9999855160713196,1.0000001192092896,1.1773359775543213,0.849375307559967,0.0,1.0000001192092896
1x,Hatrrick-e,427,Medium,15.616498947143555,16.601070404052734,0.9406923055648804,15.616724014282227,0.9999855756759644,1.0,1.2050719261169434,0.8298259973526001,0.0,1.0
1x,Hatrrick-e,428,Medium,15.367829322814941,15.956419944763184,0.9631125926971436,15.368024826049805,0.9999873042106628,1.0,1.1225823163986206,0.8908032774925232,0.0,1.0
1x,Hatrrick-e,429,Medium,15.314136505126953,15.830698013305664,0.9673696160316467,15.314380645751953,0.999984085559845,1.0,1.1075656414031982,0.9028810262680054,0.0,1.0
1x,Hatrrick-e,430,Medium,15.266471862792969,15.71094036102295,0.9717096090316772,15.266754150390625,0.9999815225601196,1.0,1.092538833618164,0.9152992963790894,0.0,1.0
1x,Hatrrick-e,431,Medium,15.025930404663086,15.607749938964844,0.9627224206924438,15.026266098022461,0.9999776482582092,1.0000001192092896,1.1211422681808472,0.8919475674629211,0.0,1.0000001192092896
1x,Hatrrick-e,400,Low,3.9337921142578125,5.121321678161621,0.7681204676628113,3.6331939697265625,1.082736611366272,1.0000001192092896,1.774965524673462,0.5633912682533264,0.0,1.0000001192092896
1x,Hatrrick-e,401,Low,3.4914638996124268,4.704893112182617,0.7420920729637146,3.315418243408203,1.0530990362167358,1.0000001192092896,1.9594612121582031,0.5103444457054138,0.0,1.0000001192092896
1x,Hatrrick-e,402,Low,3.740255355834961,4.813438415527344,0.777044415473938,3.6923141479492188,1.012984037399292,1.0000001192092896,1.9029873609542847,0.5254896283149719,0.0,1.0000001192092896
1x,Hatrrick-e,403,Low,3.6069178581237793,4.854730606079102,0.7429697513580322,3.4644126892089844,1.041133999824524,1.0000001192092896,1.8576024770736694,0.5383283495903015,0.0,1.0000001192092896
1x,Hatrrick-e,404,Low,3.5673134326934814,4.600799560546875,0.7753681540489197,3.3951187133789062,1.0507183074951172,1.0000001192092896,1.7543498277664185,0.5700117945671082,0.0,1.0000001192092896
1x,Hatrrick-e,405,Low,3.8050649166107178,4.932976722717285,0.7713527083396912,3.7060585021972656,1.02671480178833,1.0000001192092896,1.8661177158355713,0.5358719229698181,0.0,1.0000001192092896
1x,Hatrrick-e,406,Low,3.758060932159424,4.781599521636963,0.7859421968460083,3.7228317260742188,1.0094630718231201,1.000000238418579,1.7431614398956299,0.5736704468727112,0.0,1.000000238418579
1x,Hatrrick-e,407,Low,3.7749738693237305,4.874634742736816,0.7744116187095642,3.629161834716797,1.040177822113037,1.0,1.6580129861831665,0.6031315922737122,0.0,1.0
1x,Hatrrick-e,408,Low,3.8011245727539062,4.813516616821289,0.7896772623062134,3.8243865966796875,0.9939174652099609,1.0000001192092896,1.6103519201278687,0.6209823489189148,0.0,1.0000001192092896
1x,Hatrrick-e,409,Low,3.4395298957824707,4.454947471618652,0.7720696926116943,3.1978797912597656,1.0755656957626343,1.0,1.5795788764953613,0.6330801248550415,0.0,1.0
1x,Hatrrick-e,410,Low,3.2674789428710938,4.499988555908203,0.7261082530021667,3.0769577026367188,1.0619187355041504,1.0,1.5600866079330444,0.6409900784492493,0.0,1.0
1x,Hatrrick-e,411,Low,3.7100539207458496,4.803326606750488,0.7723925709724426,3.510906219482422,1.056722640991211,1.0000001192092896,1.546189546585083,0.6467512845993042,0.0,1.0000001192092896
1x,Hatrrick-e,412,Low,3.729149580001831,4.534047603607178,0.8224769234657288,3.752552032470703,0.9937635660171509,1.000000238418579,1.6149113178253174,0.6192291975021362,0.0,1.000000238418579
1x,Hatrrick-e,413,Low,3.704256534576416,4.416841506958008,0.8386663794517517,3.7042503356933594,1.0000016689300537,1.0000001192092896,1.6290831565856934,0.6138423085212708,0.0,1.0000001192092896
1x,Hatrrick-e,414,Low,3.3700594902038574,4.182699203491211,0.8057140707969666,3.3700523376464844,1.000002145767212,1.0,1.4714784622192383,0.6795886158943176,0.0,1.0
1x,Hatrrick-e,415,Low,3.3523991107940674,3.9455857276916504,0.8496581315994263,3.3523902893066406,1.0000026226043701,1.0000001192092896,1.4510101079940796,0.6891751289367676,0.0,1.0000001192092896
1x,Hatrrick-e,416,Low,3.3546807765960693,4.061527729034424,0.8259652256965637,3.354686737060547,0.9999982118606567,1.0000001192092896,1.444533348083496,0.6922651529312134,0.0,1.0000001192092896
1x,Hatrrick-e,417,Low,3.3985912799835205,4.092643737792969,0.8304146528244019,3.3985519409179688,1.0000115633010864,1.0000001192092896,1.4250174760818481,0.701745867729187,0.0,1.0000001192092896
1x,Hatrrick-e,418,Low,3.5451550483703613,4.259354114532471,0.8323222398757935,3.54547119140625,0.999910831451416,1.0000001192092896,1.4689829349517822,0.6807431578636169,0.0,1.0000001192092896
1x,Hatrrick-e,419,Low,3.407317638397217,4.115534782409668,0.827916145324707,3.407337188720703,0.9999942779541016,1.0,1.4106611013412476,0.7088874578475952,0.0,1.0
1x,Hatrrick-e,420,Low,3.6017208099365234,4.346371650695801,0.8286730051040649,3.6017913818359375,0.9999803900718689,1.0,1.3072655200958252,0.7649555206298828,0.0,1.0
1x,Hatrrick-e,421,Low,3.495920419692993,4.1480607986450195,0.8427842855453491,3.4959259033203125,0.9999984502792358,1.0000001192092896,1.286919116973877,0.777049720287323,0.0,1.0000001192092896
1x,Hatrrick-e,422,Low,3.416184425354004,4.075483322143555,0.8382280468940735,3.4162025451660156,0.999994695186615,1.0000001192092896,1.3374215364456177,0.7477074861526489,0.0,1.0000001192092896
1x,Hatrrick-e,423,Low,3.327613353729248,3.9373416900634766,0.845142126083374,3.3278770446777344,0.9999207854270935,1.0000001192092896,1.322188377380371,0.7563219666481018,0.0,1.0000001192092896
1x,Hatrrick-e,424,Low,3.0716376304626465,3.670968532562256,0.8367376923561096,3.071643829345703,0.9999979734420776,1.0,1.294137954711914,0.772715151309967,0.0,1.0
1x,Hatrrick-e,425,Low,3.1753664016723633,3.8234975337982178,0.8304873704910278,3.1754798889160156,0.9999642372131348,1.0000001192092896,1.2952377796173096,0.7720590829849243,0.0,1.0000001192092896
1x,Hatrrick-e,426,Low,3.0165886878967285,3.605025291442871,0.8367732167243958,3.0165939331054688,0.9999982714653015,1.0000001192092896,1.2999260425567627,0.7692746520042419,0.0,1.0000001192092896
1x,Hatrrick-e,427,Low,3.339329957962036,3.987431287765503,0.8374639749526978,3.339336395263672,0.9999980926513672,1.0,1.3400920629501343,0.7462173700332642,0.0,1.0
1x,Hatrrick-e,428,Low,3.0060009956359863,3.5804827213287354,0.8395518660545349,3.0060043334960938,0.9999988675117493,1.0000001192092896,1.2422653436660767,0.8049811124801636,0.0,1.0000001192092896
1x,Hatrrick-e,429,Low,3.2029213905334473,3.8348734378814697,0.8352091312408447,3.202930450439453,0.9999971985816956,0.9999998807907104,1.2392207384109497,0.8069586157798767,0.0,0.9999998807907104
1x,Hatrrick-e,430,Low,3.1686787605285645,3.7397027015686035,0.8473076820373535,3.1686859130859375,0.9999977350234985,1.0,1.211500644683838,0.8254225850105286,0.0,1.0
1x,Hatrrick-e,431,Low,3.296879291534424,3.838014602661133,0.8590064644813538,3.2968902587890625,0.9999966621398926,1.0000001192092896,1.2338768243789673,0.8104537725448608,0.0,1.0000001192092896
1x,Hatrrick-e,432,High,17.096294403076172,17.096294403076172,1.0,17.096296310424805,0.9999998807907104,0.5838605165481567,0.5772747993469238,1.0114083290100098,0.0,0.5838605165481567
1x,Hatrrick-e,433,High,16.663639068603516,16.66364097595215,0.9999998807907104,16.66364097595215,0.9999998807907104,0.555263340473175,0.5511165857315063,1.0075242519378662,0.0,0.555263340473175
1x,Hatrrick-e,434,High,16.912044525146484,16.91204261779785,1.0000001192092896,16.91204261779785,1.0000001192092896,0.5659918785095215,0.5546891093254089,1.0203768014907837,0.0,0.5659918785095215
1x,Hatrrick-e,435,High,16.468923568725586,16.468923568725586,1.0,16.468923568725586,1.0,0.5597802996635437,0.5552220344543457,1.0082098245620728,0.0,0.5597802996635437
1x,Hatrrick-e,436,High,16.402202606201172,16.402202606201172,1.0,16.402202606201172,1.0,0.5411219000816345,0.5335318446159363,1.0142260789871216,0.0,0.5411219000816345
1x,Hatrrick-e,437,High,16.438995361328125,16.438997268676758,0.9999998807907104,16.438997268676758,0.9999998807907104,0.5329469442367554,0.5311135649681091,1.003451943397522,0.0,0.5329469442367554
1x,Hatrrick-e,438,High,15.778352737426758,15.778352737426758,1.0,15.778351783752441,1.0000001192092896,0.5256438851356506,0.5123276114463806,1.025991678237915,0.0,0.5256438851356506
1x,Hatrrick-e,439,High,16.015281677246094,16.015281677246094,1.0,16.015281677246094,1.0,0.541901171207428,0.5312646627426147,1.0200210809707642,0.0,0.541901171207428
1x,Hatrrick-e,440,High,16.11612319946289,16.11612319946289,1.0,16.116121292114258,1.0000001192092896,0.5627967119216919,0.5605131387710571,1.0040740966796875,0.0,0.5627967119216919
1x,Hatrrick-e,441,High,16.328113555908203,16.32811164855957,1.0000001192092896,16.32811164855957,1.0000001192092896,0.6199249029159546,0.6134829521179199,1.0105006694793701,0.0,0.6199249029159546
1x,Hatrrick-e,442,High,18.19226837158203,18.19226837158203,1.0,18.19226837158203,1.0,0.7066913843154907,0.7043278217315674,1.0033557415008545,0.0,0.7066913843154907
1x,Hatrrick-e,443,High,18.011327743530273,18.011327743530273,1.0,18.011327743530273,1.0,0.7774783968925476,0.776093065738678,1.0017850399017334,0.0,0.7774783968925476
1x,Hatrrick-e,444,High,18.144062042236328,18.144062042236328,1.0,18.144062042236328,1.0,0.7905946373939514,0.7903785705566406,1.00027334690094,0.0,0.7905946373939514
1x,Hatrrick-e,445,High,19.354345321655273,19.354347229003906,0.9999998807907104,19.354347229003906,0.9999998807907104,0.8587142825126648,0.858192503452301,1.000607967376709,0.0,0.8587142825126648
1x,Hatrrick-e,446,High,20.586332321166992,20.586332321166992,1.0,20.586332321166992,1.0,0.8413046598434448,0.8409117460250854,1.000467300415039,0.0,0.8413046598434448
1x,Hatrrick-e,447,High,21.837247848510742,21.837249755859375,0.9999999403953552,21.837249755859375,0.9999999403953552,0.9045011401176453,0.9043627977371216,1.0001529455184937,0.0,0.9045011401176453
1x,Hatrrick-e,448,High,22.873779296875,22.873777389526367,1.0000001192092896,22.873777389526367,1.0000001192092896,0.9169698357582092,0.9135103225708008,1.0037870407104492,0.0,0.9169698357582092
1x,Hatrrick-e,449,High,24.400386810302734,24.400386810302734,1.0,24.400386810302734,1.0,0.9277381300926208,0.9240373373031616,1.0040050745010376,0.0,0.9277381300926208
1x,Hatrrick-e,450,High,25.440555572509766,25.445743560791016,0.9997960925102234,25.440555572509766,1.0,1.0000001192092896,1.0167404413223267,0.9835352897644043,0.0,1.0000001192092896
1x,Hatrrick-e,451,High,27.713512420654297,27.745962142944336,0.9988304972648621,27.71351432800293,0.9999999403953552,1.0000001192092896,1.1046764850616455,0.9052425026893616,0.0,1.0000001192092896
1x,Hatrrick-e,452,High,29.069049835205078,29.151042938232422,0.9971873164176941,29.06905174255371,0.9999999403953552,1.000000238418579,1.2644857168197632,0.7908355593681335,0.0,1.000000238418579
1x,Hatrrick-e,453,High,28.631771087646484,28.691181182861328,0.9979293346405029,28.631772994995117,0.9999999403953552,1.0000001192092896,1.1916403770446777,0.8391794562339783,0.0,1.0000001192092896
1x,Hatrrick-e,454,High,29.2561092376709,29.325157165527344,0.9976454377174377,29.2561092376709,1.0,1.0000001192092896,1.2227308750152588,0.8178415298461914,0.0,1.0000001192092896
1x,Hatrrick-e,455,High,29.136455535888672,29.20241928100586,0.997741162776947,29.136457443237305,0.9999999403953552,1.0,1.212770938873291,0.8245580196380615,0.0,1.0
1x,Hatrrick-e,456,High,30.183650970458984,30.249858856201172,0.9978113174438477,30.183652877807617,0.9999999403953552,1.0000001192092896,1.213564157485962,0.8240191340446472,0.0,1.0000001192092896
1x,Hatrrick-e,457,High,31.32948112487793,31.385047912597656,0.9982295036315918,31.329483032226562,0.9999999403953552,0.9999998807907104,1.1792423725128174,0.848002016544342,0.0,0.9999998807907104
1x,Hatrrick-e,458,High,32.022701263427734,32.080936431884766,0.9981847405433655,32.022705078125,0.9999998807907104,1.0000001192092896,1.1878445148468018,0.8418611288070679,0.0,1.0000001192092896
1x,Hatrrick-e,459,High,32.45930099487305,32.55049133300781,0.9971985220909119,32.45930099487305,1.0,1.0000001192092896,1.2941564321517944,0.7727041840553284,0.0,1.0000001192092896
1x,Hatrrick-e,460,High,32.81134796142578,32.89860153198242,0.9973478317260742,32.81134796142578,1.0,1.0,1.2814557552337646,0.7803624868392944,0.0,1.0
1x,Hatrrick-e,461,High,32.47035598754883,32.584285736083984,0.9965035319328308,32.47035598754883,1.0,1.0000001192092896,1.3675165176391602,0.7312526702880859,0.0,1.0000001192092896
1x,Hatrrick-e,462,High,32.696311950683594,32.76802444458008,0.997811496257782,32.696311950683594,1.0,1.0000001192092896,1.2313320636749268,0.8121287226676941,0.0,1.0000001192092896
1x,Hatrrick-e,463,High,33.452701568603516,33.550254821777344,0.9970923066139221,33.452701568603516,1.0,1.0,1.314682126045227,0.7606401443481445,0.0,1.0
1x,Hatrrick-e,432,Medium,14.906546592712402,15.32496452331543,0.9726969599723816,14.906881332397461,0.9999775290489197,1.0000001192092896,1.087100863456726,0.9198779463768005,0.0,1.0000001192092896
1x,Hatrrick-e,433,Medium,14.741334915161133,14.871728897094727,0.9912320971488953,14.741668701171875,0.9999773502349854,1.0000001192092896,1.0270957946777344,0.9736191630363464,0.0,1.0000001192092896
1x,Hatrrick-e,434,Medium,14.782464981079102,14.947118759155273,0.988984227180481,14.782938003540039,0.9999679923057556,1.0,1.034204363822937,0.9669268727302551,0.0,1.0
1x,Hatrrick-e,435,Medium,14.501562118530273,14.755577087402344,0.982785165309906,14.501993179321289,0.9999702572822571,0.9999998807907104,1.0528299808502197,0.949820876121521,0.0,0.9999998807907104
1x,Hatrrick-e,436,Medium,14.693964958190918,14.84067153930664,0.9901145696640015,14.694267272949219,0.9999794363975525,1.0,1.0305010080337524,0.9704017639160156,0.0,1.0
1x,Hatrrick-e,437,Medium,14.670461654663086,14.700439453125,0.9979607462882996,14.68563461303711,0.9989668130874634,1.0,1.003084421157837,0.9969250559806824,0.0,1.0
1x,Hatrrick-e,438,Medium,14.189569473266602,14.189569473266602,1.0,14.189570426940918,0.9999999403953552,0.9811269044876099,0.9809938669204712,1.0001356601715088,0.0,0.9811269044876099
1x,Hatrrick-e,439,Medium,14.252334594726562,14.360800743103027,0.9924470782279968,14.252605438232422,0.9999809861183167,1.0000001192092896,1.02254056930542,0.9779564142227173,0.0,1.0000001192092896
1x,Hatrrick-e,440,Medium,14.338261604309082,14.403426170349121,0.9954757690429688,14.338872909545898,0.9999573826789856,1.0000001192092896,1.0884631872177124,0.9187266230583191,0.0,1.0000001192092896
1x,Hatrrick-e,441,Medium,14.699628829956055,14.749719619750977,0.9966039657592773,14.699634552001953,0.9999995827674866,1.0,1.1615673303604126,0.8609057664871216,0.0,1.0
1x,Hatrrick-e,442,Medium,16.087474822998047,16.26889991760254,0.9888483285903931,16.088237762451172,0.9999525547027588,1.0,1.3494716882705688,0.741030752658844,0.0,1.0
1x,Hatrrick-e,443,Medium,15.620146751403809,16.05879020690918,0.9726851582527161,15.622674942016602,0.9998381733894348,1.0000001192092896,1.4655869007110596,0.6823205947875977,0.0,1.0000001192092896
1x,Hatrrick-e,444,Medium,15.555874824523926,16.30559539794922,0.9540206789970398,15.556255340576172,0.9999755620956421,1.0,1.5051965713500977,0.6643650531768799,0.0,1.0
1x,Hatrrick-e,445,Medium,16.4610538482666,17.217941284179688,0.9560407996177673,16.46147918701172,0.9999741911888123,1.0,1.630470871925354,0.6133197546005249,0.0,1.0
1x,Hatrrick-e,446,Medium,17.908199310302734,18.616819381713867,0.9619365930557251,17.908517837524414,0.9999822378158569,1.0000001192092896,1.572957158088684,0.6357452869415283,0.0,1.0000001192092896
1x,Hatrrick-e,447,Medium,18.439205169677734,19.460355758666992,0.9475266337394714,18.43960952758789,0.9999780654907227,1.0,1.6879501342773438,0.5924345850944519,0.0,1.0
1x,Hatrrick-e,448,Medium,19.34317398071289,20.449260711669922,0.9459106922149658,19.34388542175293,0.9999632239341736,1.0,1.7270898818969727,0.5790086388587952,0.0,1.0
1x,Hatrrick-e,449,Medium,20.53033447265625,21.937294006347656,0.9358645081520081,20.59369659423828,0.9969232082366943,1.0000001192092896,1.7300302982330322,0.5780246257781982,0.0,1.0000001192092896
1x,Hatrrick-e,450,Medium,21.289642333984375,22.768348693847656,0.9350543022155762,21.354507446289062,0.9969624876976013,1.0000001192092896,1.9140030145645142,0.5224652886390686,0.0,1.0000001192092896
1x,Hatrrick-e,451,Medium,22.71216583251953,24.838573455810547,0.9143909215927124,22.769685745239258,0.9974738359451294,1.0000001192092896,2.095005512237549,0.47732576727867126,0.0,1.0000001192092896
1x,Hatrrick-e,452,Medium,23.71856117248535,26.125659942626953,0.9078645706176758,23.764055252075195,0.998085618019104,1.000000238418579,2.3969967365264893,0.417188823223114,0.0,1.000000238418579
1x,Hatrrick-e,453,Medium,23.470752716064453,25.841806411743164,0.9082473516464233,23.51780128479004,0.9979994297027588,1.0000001192092896,2.254784107208252,0.4435015022754669,0.0,1.0000001192092896
1x,Hatrrick-e,454,Medium,23.451045989990234,26.17205047607422,0.8960339426994324,23.52775764465332,0.9967395067214966,1.0000001192092896,2.3059303760528564,0.4336645007133484,0.0,1.0000001192092896
1x,Hatrrick-e,455,Medium,23.124168395996094,26.220172882080078,0.8819227814674377,23.145341873168945,0.9990851879119873,1.0,2.2938425540924072,0.4359497129917145,0.0,1.0
1x,Hatrrick-e,456,Medium,23.729148864746094,27.246749877929688,0.8708983063697815,23.74748420715332,0.9992278814315796,1.0000001192092896,2.3412201404571533,0.42712774872779846,0.0,1.0000001192092896
1x,Hatrrick-e,457,Medium,24.392780303955078,28.250694274902344,0.8634400367736816,24.571331024169922,0.992733359336853,1.0,2.160543203353882,0.462846577167511,0.0,1.0
1x,Hatrrick-e,458,Medium,24.957141876220703,28.746395111083984,0.8681833744049072,25.125213623046875,0.9933106303215027,1.000000238418579,2.2874667644500732,0.43716493248939514,0.0,1.000000238418579
1x,Hatrrick-e,459,Medium,24.804168701171875,29.26380157470703,0.84760582447052,24.837539672851562,0.9986564517021179,1.0000001192092896,2.4094455242156982,0.4150333106517792,0.0,1.0000001192092896
1x,Hatrrick-e,460,Medium,25.010112762451172,29.05251693725586,0.8608587384223938,25.040813446044922,0.998773992061615,0.9999998807907104,2.42221999168396,0.41284435987472534,0.0,0.9999998807907104
1x,Hatrrick-e,461,Medium,25.26427459716797,29.001760482788086,0.8711289763450623,25.295318603515625,0.9987727403640747,1.0,2.556152820587158,0.39121291041374207,0.0,1.0
1x,Hatrrick-e,462,Medium,25.058942794799805,29.258678436279297,0.8564618825912476,25.11450958251953,0.9977874755859375,1.000000238418579,2.3705172538757324,0.42184895277023315,0.0,1.000000238418579
1x,Hatrrick-e,463,Medium,24.716503143310547,29.732376098632812,0.8312993049621582,24.77499771118164,0.9976389408111572,1.0000001192092896,2.4469358921051025,0.408674418926239,0.0,1.0000001192092896
1x,Hatrrick-e,432,Low,2.871493339538574,3.409681797027588,0.8421587347984314,2.8714981079101562,0.9999983310699463,1.000000238418579,1.1992217302322388,0.8338743448257446,0.0,1.000000238418579
1x,Hatrrick-e,433,Low,2.981964111328125,3.5727052688598633,0.8346515893936157,2.981973648071289,0.9999967813491821,1.0000001192092896,1.1501646041870117,0.8694408535957336,0.0,1.0000001192092896
1x,Hatrrick-e,434,Low,2.947389602661133,3.4556643962860107,0.8529154658317566,2.947406768798828,0.999994158744812,1.0,1.1400914192199707,0.8771226406097412,0.0,1.0
1x,Hatrrick-e,435,Low,3.0535967350006104,3.447866678237915,0.8856481313705444,3.0536117553710938,0.9999950528144836,1.0,1.1349666118621826,0.8810831904411316,0.0,1.0
1x,Hatrrick-e,436,Low,3.030299186706543,3.5433156490325928,0.8552157282829285,3.030315399169922,0.9999946355819702,1.0,1.1373759508132935,0.8792167901992798,0.0,1.0
1x,Hatrrick-e,437,Low,2.953990936279297,3.497253656387329,0.8446601629257202,2.939180374145508,1.0050389766693115,1.0,1.1193495988845825,0.8933759331703186,0.0,1.0
1x,Hatrrick-e,438,Low,2.86330509185791,3.242182731628418,0.8831411600112915,2.8637008666992188,0.9998617768287659,1.000000238418579,1.0788503885269165,0.926912784576416,0.0,1.000000238418579
1x,Hatrrick-e,439,Low,2.934126377105713,3.4140357971191406,0.8594304919242859,2.934680938720703,0.999811053276062,1.0000001192092896,1.1180833578109741,0.8943877816200256,0.0,1.0000001192092896
1x,Hatrrick-e,440,Low,2.994719982147217,3.6157312393188477,0.8282473683357239,2.9947128295898438,1.000002384185791,1.0000001192092896,1.224400281906128,0.8167264461517334,0.0,1.0000001192092896
1x,Hatrrick-e,441,Low,3.08461332321167,3.493309497833252,0.8830060362815857,3.0851001739501953,0.9998421669006348,1.0,1.2977548837661743,0.7705615162849426,0.0,1.0
1x,Hatrrick-e,442,Low,3.0729360580444336,3.674868106842041,0.8362030982971191,3.0728912353515625,1.0000145435333252,1.0000001192092896,1.502903938293457,0.6653786301612854,0.0,1.0000001192092896
1x,Hatrrick-e,443,Low,3.465409755706787,4.064184665679932,0.8526703715324402,3.4654464721679688,0.99998939037323,1.0000001192092896,1.654605507850647,0.6043737530708313,0.0,1.0000001192092896
1x,Hatrrick-e,444,Low,3.2282674312591553,3.8261404037475586,0.843739926815033,3.228260040283203,1.0000022649765015,1.0,1.6511362791061401,0.6056435108184814,0.0,1.0
1x,Hatrrick-e,445,Low,3.2048702239990234,3.940237045288086,0.8133699297904968,3.204814910888672,1.0000172853469849,1.0000001192092896,1.8307937383651733,0.5462112426757812,0.0,1.0000001192092896
1x,Hatrrick-e,446,Low,3.851423740386963,4.5089263916015625,0.8541775345802307,3.851390838623047,1.0000085830688477,1.0000001192092896,1.7309359312057495,0.5777221918106079,0.0,1.0000001192092896
1x,Hatrrick-e,447,Low,3.9032559394836426,4.470539093017578,0.8731063008308411,3.903240203857422,1.0000040531158447,1.0,1.869720458984375,0.5348393321037292,0.0,1.0
1x,Hatrrick-e,448,Low,4.216687202453613,4.935340404510498,0.8543862700462341,4.2397918701171875,0.9945505261421204,1.0,1.8901362419128418,0.5290623903274536,0.0,1.0
1x,Hatrrick-e,449,Low,3.8621158599853516,4.961523532867432,0.7784132957458496,3.8001747131347656,1.0162996053695679,1.0000001192092896,1.9415110349655151,0.5150628089904785,0.0,1.0000001192092896
1x,Hatrrick-e,450,Low,4.21022891998291,5.344610214233398,0.7877522706985474,4.146404266357422,1.015392780303955,1.0000001192092896,2.1045968532562256,0.4751504361629486,0.0,1.0000001192092896
1x,Hatrrick-e,451,Low,4.678903579711914,5.911867618560791,0.7914425730705261,4.626270294189453,1.0113770961761475,1.0000001192092896,2.395479202270508,0.4174530506134033,0.0,1.0000001192092896
1x,Hatrrick-e,452,Low,4.57144832611084,6.0264892578125,0.7585591077804565,4.542366027832031,1.0064024925231934,1.000000238418579,2.651543617248535,0.3771389126777649,0.0,1.000000238418579
1x,Hatrrick-e,453,Low,4.760791778564453,6.406537055969238,0.743114709854126,4.729930877685547,1.0065245628356934,1.0000001192092896,2.4843122959136963,0.402525931596756,0.0,1.0000001192092896
1x,Hatrrick-e,454,Low,4.368419647216797,5.957162380218506,0.7333054542541504,4.3334197998046875,1.0080766677856445,1.000000238418579,2.516561269760132,0.3973677158355713,0.0,1.000000238418579
1x,Hatrrick-e,455,Low,4.312422275543213,6.202402591705322,0.695282518863678,4.308712005615234,1.0008611679077148,1.0,2.5935771465301514,0.38556787371635437,0.0,1.0
1x,Hatrrick-e,456,Low,4.049301624298096,6.042651176452637,0.6701200604438782,4.074432373046875,0.9938321113586426,1.0000001192092896,2.535491704940796,0.39440086483955383,0.0,1.0000001192092896
1x,Hatrrick-e,457,Low,3.9778695106506348,6.860537052154541,0.5798189640045166,4.082363128662109,0.9744036197662354,1.0,2.404930591583252,0.4158124029636383,0.0,1.0
1x,Hatrrick-e,458,Low,4.37373161315918,6.809656143188477,0.6422837972640991,4.560977935791016,0.9589459896087646,1.000000238418579,2.536616086959839,0.39422607421875,0.0,1.000000238418579
1x,Hatrrick-e,459,Low,4.488235950469971,6.390467643737793,0.7023329138755798,4.520713806152344,0.9928157925605774,1.0000001192092896,2.6854372024536133,0.3723788857460022,0.0,1.0000001192092896
1x,Hatrrick-e,460,Low,4.320002555847168,6.522521495819092,0.6623209118843079,4.3168487548828125,1.0007306337356567,1.0000001192092896,2.6836800575256348,0.37262269854545593,0.0,1.0000001192092896
1x,Hatrrick-e,461,Low,4.649747848510742,7.102331161499023,0.6546791195869446,4.6464996337890625,1.0006990432739258,1.0000001192092896,2.7716777324676514,0.360792338848114,0.0,1.0000001192092896
1x,Hatrrick-e,462,Low,4.553974628448486,7.059229850769043,0.6451092958450317,4.560970306396484,0.9984661936759949,1.000000238418579,2.6560897827148438,0.3764933943748474,0.0,1.000000238418579
1x,Hatrrick-e,463,Low,4.3923420906066895,6.914057731628418,0.6352770328521729,4.3895111083984375,1.0006449222564697,1.0000001192092896,2.677757740020752,0.37344682216644287,0.0,1.0000001192092896
1x,Hatrrick-e,464,High,33.86394119262695,33.954795837402344,0.9973242282867432,33.86394119262695,1.0,1.0,1.293076515197754,0.7733494639396667,0.0,1.0
1x,Hatrrick-e,465,High,33.726219177246094,33.858177185058594,0.9961026310920715,33.72622299194336,0.9999998807907104,1.0,1.4256565570831299,0.7014312148094177,0.0,1.0
1x,Hatrrick-e,466,High,34.31071472167969,34.4129638671875,0.9970287680625916,34.31072235107422,0.9999997615814209,1.000000238418579,1.3298041820526123,0.7519906163215637,0.0,1.000000238418579
1x,Hatrrick-e,467,High,33.749244689941406,33.85198211669922,0.9969651103019714,33.74924850463867,0.9999998807907104,1.0,1.3314012289047241,0.7510883808135986,0.0,1.0
1x,Hatrrick-e,468,High,33.02445983886719,33.145503997802734,0.9963480830192566,33.02445983886719,1.0,1.0,1.3904720544815063,0.7191802263259888,0.0,1.0
1x,Hatrrick-e,469,High,33.405723571777344,33.51885223388672,0.9966249465942383,33.40572738647461,0.9999998807907104,1.0,1.3649296760559082,0.7326384782791138,0.0,1.0
1x,Hatrrick-e,470,High,33.63385772705078,33.76448440551758,0.9961312413215637,33.63386154174805,0.9999998807907104,0.9999998807907104,1.421366572380066,0.7035481929779053,0.0,0.9999998807907104
1x,Hatrrick-e,471,High,34.121246337890625,34.236907958984375,0.9966217279434204,34.121246337890625,1.0,1.000000238418579,1.3731000423431396,0.7282792329788208,0.0,1.000000238418579
1x,Hatrrick-e,472,High,33.72031021118164,33.8386344909668,0.9965032935142517,33.72031021118164,1.0,1.0000001192092896,1.3816877603530884,0.7237526178359985,0.0,1.0000001192092896
1x,Hatrrick-e,473,High,34.054962158203125,34.166648864746094,0.9967311024665833,34.05496597290039,0.9999998807907104,1.0,1.360257863998413,0.7351547479629517,0.0,1.0
1x,Hatrrick-e,474,High,34.019073486328125,34.10231018066406,0.9975591897964478,34.019073486328125,1.0,1.0000001192092896,1.268495798110962,0.788335382938385,0.0,1.0000001192092896
1x,Hatrrick-e,475,High,34.888267517089844,34.98789596557617,0.9971525073051453,34.88827133178711,0.9999998807907104,1.0000001192092896,1.3213691711425781,0.7567908763885498,0.0,1.0000001192092896
1x,Hatrrick-e,476,High,33.865821838378906,33.984474182128906,0.9965086579322815,33.86582565307617,0.9999998807907104,1.0,1.382734775543213,0.723204493522644,0.0,1.0
1x,Hatrrick-e,477,High,34.2928466796875,34.399658203125,0.9968949556350708,34.292850494384766,0.9999998807907104,0.9999998807907104,1.3445454835891724,0.7437456846237183,0.0,0.9999998807907104
1x,Hatrrick-e,478,High,33.59172821044922,33.682926177978516,0.9972924590110779,33.59173583984375,0.9999997615814209,1.0,1.2941641807556152,0.7726994752883911,0.0,1.0
1x,Hatrrick-e,479,High,33.32545471191406,33.43339538574219,0.9967714548110962,33.32545471191406,1.0,1.000000238418579,1.3482002019882202,0.7417297959327698,0.0,1.000000238418579
1x,Hatrrick-e,480,High,33.18394470214844,33.27349853515625,0.9973085522651672,33.1839485168457,0.9999998807907104,1.0000001192092896,1.2888782024383545,0.7758685946464539,0.0,1.0000001192092896
1x,Hatrrick-e,481,High,32.69271469116211,32.78289031982422,0.9972493052482605,32.692718505859375,0.9999998807907104,1.0,1.2908774614334106,0.7746668457984924,0.0,1.0
1x,Hatrrick-e,482,High,31.875831604003906,31.9483642578125,0.9977297186851501,31.875835418701172,0.9999998807907104,1.0,1.233970046043396,0.810392439365387,0.0,1.0
1x,Hatrrick-e,483,High,31.425554275512695,31.488792419433594,0.9979917407035828,31.425556182861328,0.9999999403953552,1.000000238418579,1.203988790512085,0.8305727243423462,0.0,1.000000238418579
1x,Hatrrick-e,484,High,32.27125549316406,32.33771514892578,0.9979448318481445,32.27125549316406,1.0,1.0,1.2143925428390503,0.8234569430351257,0.0,1.0
1x,Hatrrick-e,485,High,32.3057861328125,32.371070861816406,0.9979832172393799,32.30579376220703,0.9999997615814209,1.0000001192092896,1.2105783224105835,0.8260515928268433,0.0,1.0000001192092896
1x,Hatrrick-e,486,High,31.45130729675293,31.47983741760254,0.9990937113761902,31.45130729675293,1.0,0.9999998807907104,1.0920310020446777,0.9157248139381409,0.0,0.9999998807907104
1x,Hatrrick-e,487,High,31.808494567871094,31.835050582885742,0.9991658329963684,31.80849838256836,0.9999998807907104,1.0,1.0856482982635498,0.921108603477478,0.0,1.0
1x,Hatrrick-e,488,High,30.76374626159668,30.796733856201172,0.9989288449287415,30.763750076293945,0.9999998807907104,1.000000238418579,1.1064038276672363,0.9038293361663818,0.0,1.000000238418579
1x,Hatrrick-e,489,High,31.390464782714844,31.418109893798828,0.9991201162338257,31.39046859741211,0.9999998807907104,1.000000238418579,1.0891692638397217,0.9181311726570129,0.0,1.000000238418579
1x,Hatrrick-e,490,High,30.607017517089844,30.61864471435547,0.999620258808136,30.60702133178711,0.9999998807907104,1.0000001192092896,1.0374902486801147,0.9638646245002747,0.0,1.0000001192092896
1x,Hatrrick-e,491,High,29.998886108398438,30.011592864990234,0.9995766282081604,29.998891830444336,0.9999998211860657,1.0,1.0409704446792603,0.9606420397758484,0.0,1.0
1x,Hatrrick-e,492,High,29.851539611816406,29.873668670654297,0.9992592334747314,29.85154914855957,0.9999997019767761,1.0,1.0713516473770142,0.9334003329277039,0.0,1.0
1x,Hatrrick-e,493,High,29.79999542236328,29.826030731201172,0.9991270899772644,29.80000114440918,0.9999998211860657,1.0000001192092896,1.0839771032333374,0.9225288033485413,0.0,1.0000001192092896
1x,Hatrrick-e,494,High,29.681747436523438,29.681747436523438,1.0,29.68174934387207,0.9999999403953552,0.9508135914802551,0.9494152665138245,1.0014728307724,0.0,0.9508135914802551
1x,Hatrrick-e,495,High,29.11609649658203,29.11609649658203,1.0,29.11609649658203,1.0,0.9165131449699402,0.9139003157615662,1.0028589963912964,0.0,0.9165131449699402
1x,Hatrrick-e,464,Medium,24.481653213500977,30.170207977294922,0.811451256275177,24.56591033935547,0.9965701699256897,1.0,2.4739186763763428,0.404217004776001,0.0,1.0
1x,Hatrrick-e,465,Medium,24.947078704833984,30.503158569335938,0.8178523182868958,25.063602447509766,0.9953508973121643,1.0000001192092896,2.663151264190674,0.375495046377182,0.0,1.0000001192092896
1x,Hatrrick-e,466,Medium,24.574819564819336,30.770889282226562,0.7986385822296143,24.627197265625,0.9978731870651245,1.000000238418579,2.485957384109497,0.40225961804389954,0.0,1.000000238418579
1x,Hatrrick-e,467,Medium,23.804420471191406,29.776283264160156,0.7994422912597656,23.884647369384766,0.9966410398483276,1.0000001192092896,2.504431962966919,0.3992922008037567,0.0,1.0000001192092896
1x,Hatrrick-e,468,Medium,23.949031829833984,29.890790939331055,0.8012177348136902,24.09076690673828,0.9941166043281555,1.0,2.603088140487671,0.3841590881347656,0.0,1.0
1x,Hatrrick-e,469,Medium,23.907413482666016,30.019241333007812,0.7964029908180237,23.979251861572266,0.9970041513442993,1.0000001192092896,2.6313555240631104,0.3800323009490967,0.0,1.0000001192092896
1x,Hatrrick-e,470,Medium,24.05581283569336,30.170169830322266,0.7973376512527466,24.11050796508789,0.9977315068244934,1.0,2.7274560928344727,0.366642028093338,0.0,1.0
1x,Hatrrick-e,471,Medium,23.66819953918457,30.42554473876953,0.7779055237770081,23.746105194091797,0.996719241142273,1.000000238418579,2.5632052421569824,0.39013662934303284,0.0,1.000000238418579
1x,Hatrrick-e,472,Medium,24.010173797607422,30.284626007080078,0.792817234992981,24.10948944091797,0.995880663394928,1.0000001192092896,2.59145450592041,0.38588371872901917,0.0,1.0000001192092896
1x,Hatrrick-e,473,Medium,24.60734748840332,30.783721923828125,0.799362301826477,24.737319946289062,0.9947459101676941,1.0,2.6348369121551514,0.379530131816864,0.0,1.0
1x,Hatrrick-e,474,Medium,24.322906494140625,30.510135650634766,0.7972074151039124,24.54974365234375,0.990760087966919,1.0,2.4343512058258057,0.41078707575798035,0.0,1.0
1x,Hatrrick-e,475,Medium,24.751495361328125,30.86724090576172,0.8018693923950195,24.862747192382812,0.9955253601074219,1.0,2.4569013118743896,0.4070167541503906,0.0,1.0
1x,Hatrrick-e,476,Medium,24.491928100585938,30.762033462524414,0.7961738705635071,24.703048706054688,0.9914536476135254,1.0,2.593592882156372,0.38556551933288574,0.0,1.0
1x,Hatrrick-e,477,Medium,24.584287643432617,30.598491668701172,0.8034477233886719,24.74300765991211,0.9935852289199829,1.0,2.5201985836029053,0.3967941403388977,0.0,1.0
1x,Hatrrick-e,478,Medium,23.58026123046875,30.200115203857422,0.7808004021644592,23.734779357910156,0.9934898018836975,1.0000001192092896,2.4370219707489014,0.4103369414806366,0.0,1.0000001192092896
1x,Hatrrick-e,479,Medium,23.846759796142578,30.434677124023438,0.7835391163825989,24.08285903930664,0.9901964068412781,1.000000238418579,2.552095413208008,0.39183497428894043,0.0,1.000000238418579
1x,Hatrrick-e,480,Medium,23.389293670654297,29.599231719970703,0.790199339389801,23.596542358398438,0.9912170171737671,1.0000001192092896,2.4795894622802734,0.40329262614250183,0.0,1.0000001192092896
1x,Hatrrick-e,481,Medium,23.358625411987305,29.3327579498291,0.7963324189186096,23.491443634033203,0.9943460822105408,1.0,2.481654167175293,0.402957022190094,0.0,1.0
1x,Hatrrick-e,482,Medium,22.69782066345215,28.397567749023438,0.7992874979972839,22.812808990478516,0.9949594736099243,1.0,2.3433022499084473,0.4267481863498688,0.0,1.0
1x,Hatrrick-e,483,Medium,22.888988494873047,28.463794708251953,0.8041439652442932,23.094364166259766,0.9911071062088013,1.000000238418579,2.229318380355835,0.4485677182674408,0.0,1.000000238418579
1x,Hatrrick-e,484,Medium,22.68431854248047,28.852872848510742,0.7862066030502319,22.78909683227539,0.9954022765159607,1.0,2.3192052841186523,0.4311821758747101,0.0,1.0
1x,Hatrrick-e,485,Medium,23.169034957885742,28.942779541015625,0.8005117177963257,23.233108520507812,0.9972421526908875,1.0000001192092896,2.255113124847412,0.44343680143356323,0.0,1.0000001192092896
1x,Hatrrick-e,486,Medium,22.16361427307129,28.104846954345703,0.7886046767234802,22.30130958557129,0.9938256740570068,1.0,2.0965609550476074,0.4769715964794159,0.0,1.0
1x,Hatrrick-e,487,Medium,22.418716430664062,28.70718765258789,0.7809443473815918,22.565200805664062,0.9935083985328674,1.0000001192092896,2.0498921871185303,0.48783057928085327,0.0,1.0000001192092896
1x,Hatrrick-e,488,Medium,21.523685455322266,27.352489471435547,0.7869004011154175,21.633554458618164,0.9949213862419128,1.000000238418579,2.0812132358551025,0.4804890751838684,0.0,1.000000238418579
1x,Hatrrick-e,489,Medium,21.896747589111328,27.908885955810547,0.7845797538757324,22.060375213623047,0.9925827383995056,1.0000001192092896,2.0053277015686035,0.49867168068885803,0.0,1.0000001192092896
1x,Hatrrick-e,490,Medium,21.560073852539062,27.383644104003906,0.7873339653015137,21.765281677246094,0.9905717968940735,1.0000001192092896,1.973590612411499,0.5066907405853271,0.0,1.0000001192092896
1x,Hatrrick-e,491,Medium,21.58401107788086,26.78412628173828,0.8058508634567261,21.73283576965332,0.9931520819664001,1.0,1.9789708852767944,0.5053131580352783,0.0,1.0
1x,Hatrrick-e,492,Medium,20.965309143066406,26.309696197509766,0.796866238117218,21.149869918823242,0.9912736415863037,1.0000001192092896,2.023853063583374,0.49410706758499146,0.0,1.0000001192092896
1x,Hatrrick-e,493,Medium,21.83251953125,26.660776138305664,0.8189003467559814,22.005022048950195,0.9921607375144958,1.0000001192092896,2.063110828399658,0.48470500111579895,0.0,1.0000001192092896
1x,Hatrrick-e,494,Medium,21.10382080078125,26.66817855834961,0.791348397731781,21.269811630249023,0.9921959638595581,1.0,1.8079535961151123,0.5531115531921387,0.0,1.0
1x,Hatrrick-e,495,Medium,20.344799041748047,25.968441009521484,0.7834432125091553,20.4771728515625,0.9935355186462402,1.000000238418579,1.7151747941970825,0.5830311179161072,0.0,1.000000238418579
1x,Hatrrick-e,464,Low,4.942331790924072,7.497117042541504,0.6592309474945068,4.939563751220703,1.0005604028701782,1.0,2.7939350605010986,0.3579181134700775,0.0,1.0
1x,Hatrrick-e,465,Low,4.749217987060547,6.970582008361816,0.6813229918479919,4.768573760986328,0.9959409832954407,1.000000238418579,2.9627127647399902,0.3375285863876343,0.0,1.000000238418579
1x,Hatrrick-e,466,Low,4.840868949890137,7.529984474182129,0.6428790092468262,4.896087646484375,0.9887218475341797,1.000000238418579,2.697942018508911,0.370652973651886,0.0,1.000000238418579
1x,Hatrrick-e,467,Low,4.706734657287598,6.999297142028809,0.6724581718444824,4.704078674316406,1.0005645751953125,1.0,2.834883213043213,0.35274821519851685,0.0,1.0
1x,Hatrrick-e,468,Low,4.559353828430176,6.886368751525879,0.6620838642120361,4.506000518798828,1.0118404626846313,1.0000001192092896,2.8829445838928223,0.3468676209449768,0.0,1.0000001192092896
1x,Hatrrick-e,469,Low,4.683377265930176,7.009158611297607,0.6681796908378601,4.691646575927734,0.9982374310493469,1.0000001192092896,2.993131399154663,0.33409830927848816,0.0,1.0000001192092896
1x,Hatrrick-e,470,Low,4.600625038146973,7.030771255493164,0.6543556451797485,4.589214324951172,1.0024864673614502,1.0000001192092896,3.0366673469543457,0.329308420419693,0.0,1.0000001192092896
1x,Hatrrick-e,471,Low,4.597924709320068,6.836268424987793,0.6725781559944153,4.588623046875,1.002027153968811,1.000000238418579,2.8858046531677246,0.34652388095855713,0.0,1.000000238418579
1x,Hatrrick-e,472,Low,4.891160011291504,7.355848789215088,0.6649348139762878,4.8837127685546875,1.0015249252319336,1.0000001192092896,2.908416271209717,0.34382978081703186,0.0,1.0000001192092896
1x,Hatrrick-e,473,Low,4.634517669677734,7.014181613922119,0.6607353687286377,4.723747253417969,0.9811103940010071,1.0000001192092896,2.8918139934539795,0.34580373764038086,0.0,1.0000001192092896
1x,Hatrrick-e,474,Low,4.842339515686035,7.255608558654785,0.6673926115036011,4.7376556396484375,1.0220961570739746,1.000000238418579,2.7427632808685303,0.364595890045166,0.0,1.000000238418579
1x,Hatrrick-e,475,Low,4.861904144287109,7.0249528884887695,0.692090630531311,4.827655792236328,1.007094144821167,1.0,2.7567079067230225,0.3627515137195587,0.0,1.0
1x,Hatrrick-e,476,Low,4.800383567810059,6.9199347496032715,0.6937035918235779,4.691112518310547,1.0232932567596436,1.0,2.878647565841675,0.34738534688949585,0.0,1.0
1x,Hatrrick-e,477,Low,4.806795597076416,7.080286026000977,0.6788985133171082,4.712547302246094,1.019999384880066,1.000000238418579,2.794595241546631,0.3578336536884308,0.0,1.000000238418579
1x,Hatrrick-e,478,Low,5.09242057800293,7.183779239654541,0.708877682685852,4.98748779296875,1.0210392475128174,1.0000001192092896,2.761248826980591,0.362155020236969,0.0,1.0000001192092896
1x,Hatrrick-e,479,Low,4.865832328796387,6.88724422454834,0.7064991593360901,4.767444610595703,1.0206373929977417,1.000000238418579,2.7795023918151855,0.35977670550346375,0.0,1.000000238418579
1x,Hatrrick-e,480,Low,4.755441665649414,6.957677841186523,0.6834811568260193,4.680507659912109,1.01600980758667,1.0000001192092896,2.7364988327026367,0.3654305040836334,0.0,1.0000001192092896
1x,Hatrrick-e,481,Low,4.537692070007324,6.6987104415893555,0.6773978471755981,4.439155578613281,1.0221971273422241,1.0000001192092896,2.7653703689575195,0.36161527037620544,0.0,1.0000001192092896
1x,Hatrrick-e,482,Low,4.403141021728516,6.7017903327941895,0.6570096611976624,4.341255187988281,1.0142552852630615,1.0,2.6390914916992188,0.37891829013824463,0.0,1.0
1x,Hatrrick-e,483,Low,4.681151390075684,6.918622016906738,0.6766017079353333,4.564128875732422,1.0256396532058716,1.000000238418579,2.5225846767425537,0.39641889929771423,0.0,1.000000238418579
1x,Hatrrick-e,484,Low,4.604148864746094,6.569768905639648,0.7008083462715149,4.556510925292969,1.0104548931121826,1.0,2.542680501937866,0.39328575134277344,0.0,1.0
1x,Hatrrick-e,485,Low,4.65443229675293,7.005674362182617,0.6643803119659424,4.641212463378906,1.0028483867645264,1.0000001192092896,2.557662010192871,0.39098212122917175,0.0,1.0000001192092896
1x,Hatrrick-e,486,Low,4.49146032333374,6.546878814697266,0.6860460638999939,4.414520263671875,1.0174288749694824,1.0,2.3376407623291016,0.42778173089027405,0.0,1.0
1x,Hatrrick-e,487,Low,4.305510520935059,6.504767894744873,0.6619006991386414,4.228096008300781,1.0183095932006836,1.0000001192092896,2.313577175140381,0.4322311580181122,0.0,1.0000001192092896
1x,Hatrrick-e,488,Low,4.327842712402344,6.71779727935791,0.644235372543335,4.252613067626953,1.0176901817321777,1.000000238418579,2.3315179347991943,0.4289052188396454,0.0,1.000000238418579
1x,Hatrrick-e,489,Low,4.429542541503906,6.527607440948486,0.678585946559906,4.307708740234375,1.0282827615737915,1.0000001192092896,2.24765682220459,0.4449078440666199,0.0,1.0000001192092896
1x,Hatrrick-e,490,Low,4.49268913269043,6.595464706420898,0.6811785697937012,4.333858489990234,1.0366487503051758,1.0000001192092896,2.1897401809692383,0.4566752314567566,0.0,1.0000001192092896
1x,Hatrrick-e,491,Low,4.141939163208008,6.453539848327637,0.6418088674545288,4.0330810546875,1.0269912481307983,1.0000001192092896,2.273405075073242,0.43986886739730835,0.0,1.0000001192092896
1x,Hatrrick-e,492,Low,4.416139602661133,6.428257465362549,0.6869885921478271,4.282173156738281,1.0312846899032593,1.0000001192092896,2.2676548957824707,0.44098424911499023,0.0,1.0000001192092896
1x,Hatrrick-e,493,Low,4.121030330657959,6.104427337646484,0.6750887632369995,3.986541748046875,1.0337356328964233,1.0000001192092896,2.2273061275482178,0.4489729106426239,0.0,1.0000001192092896
1x,Hatrrick-e,494,Low,4.323935031890869,6.437788963317871,0.6716490983963013,4.20489501953125,1.0283098220825195,1.0000001192092896,2.028465747833252,0.49298349022865295,0.0,1.0000001192092896
1x,Hatrrick-e,495,Low,4.16829776763916,6.1983537673950195,0.6724846363067627,4.0603485107421875,1.0265861749649048,1.000000238418579,1.864310383796692,0.5363914966583252,0.0,1.000000238418579
1x,Hatrrick-e,496,High,29.081825256347656,29.081823348999023,1.0000001192092896,29.081825256347656,1.0,0.9097180366516113,0.904843807220459,1.0053868293762207,0.0,0.9097180366516113
1x,Hatrrick-e,497,High,29.056215286254883,29.056215286254883,1.0,29.056215286254883,1.0,0.9961638450622559,0.9961187839508057,1.0000451803207397,0.0,0.9961638450622559
1x,Hatrrick-e,498,High,28.914165496826172,28.914167404174805,0.9999999403953552,28.914167404174805,0.9999999403953552,0.9079872369766235,0.9043408036231995,1.0040321350097656,0.0,0.9079872369766235
1x,Hatrrick-e,499,High,28.47102928161621,28.478805541992188,0.9997269511222839,28.471031188964844,0.9999999403953552,1.0000001192092896,1.0250779390335083,0.9755356907844543,0.0,1.0000001192092896
1x,Hatrrick-e,496,Medium,20.038644790649414,25.879016876220703,0.7743201851844788,20.170238494873047,0.9934758543968201,1.0,1.6949046850204468,0.5900036692619324,0.0,1.0
1x,Hatrrick-e,497,Medium,20.845748901367188,26.061220169067383,0.7998761534690857,20.995508193969727,0.9928670525550842,1.0,1.8569217920303345,0.5385256409645081,0.0,1.0
1x,Hatrrick-e,498,Medium,20.567825317382812,26.080991744995117,0.7886136174201965,20.921777725219727,0.983082115650177,1.0,1.7594257593154907,0.5683672428131104,0.0,1.0
1x,Hatrrick-e,499,Medium,20.216157913208008,25.269893646240234,0.8000096082687378,20.586803436279297,0.9819959402084351,1.0000001192092896,1.9473164081573486,0.5135272741317749,0.0,1.0000001192092896
1x,Hatrrick-e,496,Low,3.7900428771972656,5.970126152038574,0.6348346471786499,3.6737136840820312,1.031665325164795,1.0000001192092896,1.8996524810791016,0.5264121294021606,0.0,1.0000001192092896
1x,Hatrrick-e,497,Low,4.0819854736328125,6.0952558517456055,0.6696987748146057,3.9459800720214844,1.0344668626785278,1.0,2.0286216735839844,0.49294552206993103,0.0,1.0
1x,Hatrrick-e,498,Low,3.958804130554199,5.863029956817627,0.6752147078514099,3.7704544067382812,1.0499541759490967,1.0000001192092896,1.9664703607559204,0.5085253715515137,0.0,1.0000001192092896
1x,Hatrrick-e,499,Low,4.134664535522461,6.0366740226745605,0.6849242448806763,3.950542449951172,1.0466067790985107,1.0000001192092896,2.1021416187286377,0.4757053852081299,0.0,1.0000001192092896
1x,DOTE-MC,400,High,22.787403106689453,22.787403106689453,1.0,22.787403106689453,1.0,0.9642683863639832,0.8639376163482666,1.1161320209503174,0.0,0.9642683863639832
1x,DOTE-MC,401,High,23.049802780151367,23.049800872802734,1.0000001192092896,23.049802780151367,1.0,0.9496433138847351,0.9230446219444275,1.0288162231445312,0.0,0.9496433138847351
1x,DOTE-MC,402,High,23.258256912231445,23.258258819580078,0.9999999403953552,23.258258819580078,0.9999999403953552,0.9827093482017517,0.886952817440033,1.1079612970352173,0.0,0.9827093482017517
1x,DOTE-MC,403,High,22.56597900390625,22.56597900390625,1.0,22.565980911254883,0.9999999403953552,0.9947261214256287,0.8845015168190002,1.1246178150177002,0.0,0.9947261214256287
1x,DOTE-MC,404,High,22.348953247070312,22.348953247070312,1.0,22.348953247070312,1.0,0.9160611033439636,0.8244177103042603,1.1111613512039185,0.0,0.9160611033439636
1x,DOTE-MC,405,High,22.92848014831543,22.928478240966797,1.0000001192092896,22.92848014831543,1.0,0.9386398196220398,0.8831719756126404,1.0628052949905396,0.0,0.9386398196220398
1x,DOTE-MC,406,High,21.99001693725586,21.99001693725586,1.0,21.99001693725586,1.0,0.8602827787399292,0.8467602729797363,1.0159697532653809,0.0,0.8602827787399292
1x,DOTE-MC,407,High,21.730499267578125,21.730499267578125,1.0,21.730499267578125,1.0,0.8476530313491821,0.7898746132850647,1.0731488466262817,0.0,0.8476530313491821
1x,DOTE-MC,408,High,21.440902709960938,21.440902709960938,1.0,21.440902709960938,1.0,0.7819435000419617,0.7666321992874146,1.0199722051620483,0.0,0.7819435000419617
1x,DOTE-MC,409,High,21.866783142089844,21.866783142089844,1.0,21.866783142089844,1.0,0.8128688335418701,0.7463815808296204,1.0890793800354004,0.0,0.8128688335418701
1x,DOTE-MC,410,High,22.46120834350586,22.46120834350586,1.0,22.46120834350586,1.0,0.7951694130897522,0.7366347908973694,1.0794621706008911,0.0,0.7951694130897522
1x,DOTE-MC,411,High,21.82943344116211,21.829435348510742,0.9999999403953552,21.829435348510742,0.9999999403953552,0.9034661650657654,0.7236093282699585,1.2485551834106445,0.0,0.9034661650657654
1x,DOTE-MC,412,High,21.346576690673828,21.346574783325195,1.0000001192092896,21.346574783325195,1.0000001192092896,0.9932886362075806,0.7668132781982422,1.2953461408615112,0.0,0.9932886362075806
1x,DOTE-MC,413,High,20.98731231689453,20.98731231689453,1.0,20.98731231689453,1.0,0.8661869168281555,0.7607133388519287,1.138650894165039,0.0,0.8661869168281555
1x,DOTE-MC,414,High,20.790082931518555,20.790084838867188,0.9999998807907104,20.790082931518555,1.0,0.7988788485527039,0.6947180032730103,1.1499325037002563,0.0,0.7988788485527039
1x,DOTE-MC,415,High,20.635406494140625,20.635406494140625,1.0,20.635406494140625,1.0,0.7417078018188477,0.7039284706115723,1.0536693334579468,0.0,0.7417078018188477
1x,DOTE-MC,416,High,19.86713409423828,19.86713409423828,1.0,19.867136001586914,0.9999998807907104,0.7211245894432068,0.6780975461006165,1.0634526014328003,0.0,0.7211245894432068
1x,DOTE-MC,417,High,19.852001190185547,19.852001190185547,1.0,19.852001190185547,1.0,0.6804531812667847,0.6652754545211792,1.022814154624939,0.0,0.6804531812667847
1x,DOTE-MC,418,High,19.395492553710938,19.395492553710938,1.0,19.395492553710938,1.0,0.712104856967926,0.6893297433853149,1.0330394506454468,0.0,0.712104856967926
1x,DOTE-MC,419,High,19.487455368041992,19.487455368041992,1.0,19.487455368041992,1.0,0.6825849413871765,0.6745350360870361,1.0119340419769287,0.0,0.6825849413871765
1x,DOTE-MC,420,High,19.11311149597168,19.113113403320312,0.9999998807907104,19.11311149597168,1.0,0.7039202451705933,0.5978143811225891,1.1774896383285522,0.0,0.7039202451705933
1x,DOTE-MC,421,High,19.02716827392578,19.02716827392578,1.0,19.02716636657715,1.0000001192092896,0.6907756924629211,0.606460690498352,1.1390279531478882,0.0,0.6907756924629211
1x,DOTE-MC,422,High,18.301570892333984,18.301570892333984,1.0,18.301570892333984,1.0,0.6668797135353088,0.6333893537521362,1.0528748035430908,0.0,0.6668797135353088
1x,DOTE-MC,423,High,18.000041961669922,18.00004005432129,1.0000001192092896,18.000041961669922,1.0,0.6762811541557312,0.6320581436157227,1.0699666738510132,0.0,0.6762811541557312
1x,DOTE-MC,424,High,18.166576385498047,18.16657829284668,0.9999998807907104,18.166576385498047,1.0,0.7352907657623291,0.6152154207229614,1.195176124572754,0.0,0.7352907657623291
1x,DOTE-MC,425,High,18.396526336669922,18.396526336669922,1.0,18.396526336669922,1.0,0.6976819038391113,0.6188188791275024,1.127441167831421,0.0,0.6976819038391113
1x,DOTE-MC,426,High,18.58797836303711,18.58797836303711,1.0,18.587980270385742,0.9999998807907104,0.7288069128990173,0.6088574528694153,1.197007417678833,0.0,0.7288069128990173
1x,DOTE-MC,427,High,18.77111053466797,18.77111053466797,1.0,18.771108627319336,1.0000001192092896,0.6874877214431763,0.6343424916267395,1.08378005027771,0.0,0.6874877214431763
1x,DOTE-MC,428,High,17.64982032775879,17.649818420410156,1.0000001192092896,17.64982032775879,1.0,0.7147855162620544,0.5905070304870605,1.2104606628417969,0.0,0.7147855162620544
1x,DOTE-MC,429,High,17.748355865478516,17.748355865478516,1.0,17.748355865478516,1.0,0.7088028192520142,0.5848047137260437,1.2120333909988403,0.0,0.7088028192520142
1x,DOTE-MC,430,High,17.457191467285156,17.457191467285156,1.0,17.457191467285156,1.0,0.6476923823356628,0.5748332142829895,1.1267483234405518,0.0,0.6476923823356628
1x,DOTE-MC,431,High,17.63249397277832,17.63249397277832,1.0,17.63249397277832,1.0,0.6605809926986694,0.5963469743728638,1.1077125072479248,0.0,0.6605809926986694
1x,DOTE-MC,400,Medium,17.15866470336914,20.314132690429688,0.8446663618087769,17.358280181884766,0.9885002970695496,1.0,1.6070548295974731,0.6222562789916992,0.0,1.0
1x,DOTE-MC,401,Medium,17.680953979492188,20.692707061767578,0.8544533848762512,17.79720115661621,0.9934682250022888,1.0000001192092896,1.7561781406402588,0.5694183707237244,0.0,1.0000001192092896
1x,DOTE-MC,402,Medium,17.769798278808594,20.62570571899414,0.8615365028381348,17.770145416259766,0.9999804496765137,1.0,1.7157888412475586,0.582822322845459,0.0,1.0
1x,DOTE-MC,403,Medium,17.403562545776367,20.26148223876953,0.8589481711387634,17.464052200317383,0.9965363144874573,1.0000001192092896,1.6906660795211792,0.591482937335968,0.0,1.0000001192092896
1x,DOTE-MC,404,Medium,16.95820426940918,20.038183212280273,0.8462945222854614,17.074764251708984,0.9931735396385193,0.9999998807907104,1.5887492895126343,0.6294258832931519,0.0,0.9999998807907104
1x,DOTE-MC,405,Medium,16.786766052246094,20.340991973876953,0.8252677917480469,16.839216232299805,0.9968852400779724,1.0,1.6938190460205078,0.5903818607330322,0.0,1.0
1x,DOTE-MC,406,Medium,16.6170654296875,19.620054244995117,0.8469429016113281,16.634735107421875,0.9989377856254578,1.0,1.5896186828613281,0.629081666469574,0.0,1.0
1x,DOTE-MC,407,Medium,16.829654693603516,19.375877380371094,0.8685880303382874,16.926586151123047,0.9942734241485596,1.0000001192092896,1.4872125387191772,0.6723989248275757,0.0,1.0000001192092896
1x,DOTE-MC,408,Medium,16.919403076171875,19.136016845703125,0.884165346622467,16.92023468017578,0.9999508261680603,1.0,1.4412646293640137,0.6938350796699524,0.0,1.0
1x,DOTE-MC,409,Medium,16.749332427978516,19.549442291259766,0.8567677736282349,17.153419494628906,0.9764427542686462,1.0,1.4197570085525513,0.7043458819389343,0.0,1.0
1x,DOTE-MC,410,Medium,17.45325469970703,20.15336799621582,0.8660217523574829,17.790409088134766,0.9810485243797302,1.0000001192092896,1.3948960304260254,0.7168993949890137,0.0,1.0000001192092896
1x,DOTE-MC,411,Medium,17.37255859375,19.520566940307617,0.8899617791175842,17.75742530822754,0.9783264398574829,1.0,1.3901160955429077,0.7193644046783447,0.0,1.0
1x,DOTE-MC,412,Medium,16.92552947998047,19.115365982055664,0.8854410648345947,16.925748825073242,0.9999870657920837,1.0,1.4526896476745605,0.6883782744407654,0.0,1.0
1x,DOTE-MC,413,Medium,16.831207275390625,18.853363037109375,0.8927429914474487,16.83151626586914,0.9999816417694092,1.0,1.4534517526626587,0.6880173087120056,0.0,1.0
1x,DOTE-MC,414,Medium,17.033103942871094,18.615798950195312,0.9149810671806335,17.0334415435791,0.9999801516532898,1.0,1.3125311136245728,0.761886715888977,0.0,1.0
1x,DOTE-MC,415,Medium,16.76639175415039,18.435657501220703,0.9094545245170593,16.767627716064453,0.9999262690544128,1.0000001192092896,1.335301160812378,0.7488948106765747,0.0,1.0000001192092896
1x,DOTE-MC,416,Medium,16.141483306884766,17.617839813232422,0.9162010550498962,16.16090202331543,0.9987984299659729,1.0,1.3035287857055664,0.7671483755111694,0.0,1.0
1x,DOTE-MC,417,Medium,16.743839263916016,18.145597457885742,0.922749400138855,16.750038146972656,0.9996299147605896,1.0,1.2875111103057861,0.7766923308372498,0.0,1.0
1x,DOTE-MC,418,Medium,15.833046913146973,17.379417419433594,0.9110229015350342,15.83599853515625,0.9998136162757874,1.0000001192092896,1.3215458393096924,0.7566896677017212,0.0,1.0000001192092896
1x,DOTE-MC,419,Medium,16.21630859375,17.533321380615234,0.9248851537704468,16.238027572631836,0.9986624717712402,1.0,1.2698533535003662,0.7874925136566162,0.0,1.0
1x,DOTE-MC,420,Medium,16.49311065673828,17.24298858642578,0.9565111398696899,16.49613380432129,0.9998167157173157,1.0000001192092896,1.1555944681167603,0.8653555512428284,0.0,1.0000001192092896
1x,DOTE-MC,421,Medium,16.174776077270508,16.902986526489258,0.9569182395935059,16.17791175842285,0.9998061656951904,1.0,1.1510573625564575,0.8687664270401001,0.0,1.0
1x,DOTE-MC,422,Medium,15.537788391113281,16.498132705688477,0.9417906999588013,15.537788391113281,1.0,1.0,1.2000715732574463,0.8332836031913757,0.0,1.0
1x,DOTE-MC,423,Medium,15.105125427246094,16.042163848876953,0.9415889978408813,15.105125427246094,1.0,1.0,1.195216417312622,0.8366685509681702,0.0,1.0
1x,DOTE-MC,424,Medium,15.578280448913574,16.390817642211914,0.9504272937774658,15.57828140258789,0.9999999403953552,1.0000001192092896,1.1692787408828735,0.8552281856536865,0.0,1.0000001192092896
1x,DOTE-MC,425,Medium,15.725851058959961,16.500633239746094,0.9530453085899353,15.728897094726562,0.9998063445091248,1.0000001192092896,1.160778522491455,0.8614909052848816,0.0,1.0000001192092896
1x,DOTE-MC,426,Medium,15.909531593322754,16.760746002197266,0.9492138028144836,15.90953254699707,0.9999999403953552,1.0000001192092896,1.1773359775543213,0.849375307559967,0.0,1.0000001192092896
1x,DOTE-MC,427,Medium,15.60393238067627,16.601070404052734,0.9399353265762329,15.616724014282227,0.9991809129714966,0.9999998807907104,1.2050719261169434,0.8298258781433105,0.0,0.9999998807907104
1x,DOTE-MC,428,Medium,15.368023872375488,15.956419944763184,0.9631248116493225,15.368024826049805,0.9999999403953552,1.0000001192092896,1.1225823163986206,0.8908033967018127,0.0,1.0000001192092896
1x,DOTE-MC,429,Medium,15.314382553100586,15.830698013305664,0.9673851728439331,15.314380645751953,1.0000001192092896,1.000000238418579,1.1075656414031982,0.9028812646865845,0.0,1.000000238418579
1x,DOTE-MC,430,Medium,15.266754150390625,15.71094036102295,0.9717276096343994,15.266754150390625,1.0,0.9999998807907104,1.092538833618164,0.9152991771697998,0.0,0.9999998807907104
1x,DOTE-MC,431,Medium,15.026267051696777,15.607749938964844,0.9627439379692078,15.026266098022461,1.0000001192092896,1.0000001192092896,1.1211422681808472,0.8919475674629211,0.0,1.0000001192092896
1x,DOTE-MC,400,Low,3.7508034706115723,5.121321678161621,0.7323897480964661,3.6331939697265625,1.0323708057403564,1.0000001192092896,1.774965524673462,0.5633912682533264,0.0,1.0000001192092896
1x,DOTE-MC,401,Low,3.4234864711761475,4.704893112182617,0.7276438474655151,3.315418243408203,1.0325956344604492,1.000000238418579,1.9594612121582031,0.5103445053100586,0.0,1.000000238418579
1x,DOTE-MC,402,Low,3.6509921550750732,4.813438415527344,0.758499801158905,3.6923141479492188,0.9888086318969727,1.000000238418579,1.9029873609542847,0.5254896879196167,0.0,1.000000238418579
1x,DOTE-MC,403,Low,3.5079593658447266,4.854730606079102,0.7225857973098755,3.4644126892089844,1.0125696659088135,1.0000001192092896,1.8576024770736694,0.5383283495903015,0.0,1.0000001192092896
1x,DOTE-MC,404,Low,3.470569610595703,4.600799560546875,0.7543405294418335,3.3951187133789062,1.0222233533859253,1.0000001192092896,1.7543498277664185,0.5700117945671082,0.0,1.0000001192092896
1x,DOTE-MC,405,Low,3.6921656131744385,4.932976722717285,0.7484660744667053,3.7060585021972656,0.9962512850761414,1.0000001192092896,1.8661177158355713,0.5358719229698181,0.0,1.0000001192092896
1x,DOTE-MC,406,Low,3.6816582679748535,4.781599521636963,0.7699637413024902,3.7228317260742188,0.9889402985572815,1.0000001192092896,1.7431614398956299,0.5736703872680664,0.0,1.0000001192092896
1x,DOTE-MC,407,Low,3.665222406387329,4.874634742736816,0.751896858215332,3.629161834716797,1.0099363327026367,1.0000001192092896,1.6580129861831665,0.6031316518783569,0.0,1.0000001192092896
1x,DOTE-MC,408,Low,3.7309439182281494,4.813516616821289,0.7750973105430603,3.8243865966796875,0.9755666255950928,1.0,1.6103519201278687,0.62098228931427,0.0,1.0
1x,DOTE-MC,409,Low,3.4191956520080566,4.454947471618652,0.7675052881240845,3.1978797912597656,1.0692070722579956,1.0000001192092896,1.5795788764953613,0.6330801844596863,0.0,1.0000001192092896
1x,DOTE-MC,410,Low,3.3871092796325684,4.499988555908203,0.7526928782463074,3.0769577026367188,1.1007981300354004,1.0000001192092896,1.5600866079330444,0.640990138053894,0.0,1.0000001192092896
1x,DOTE-MC,411,Low,3.735163688659668,4.803326606750488,0.7776201963424683,3.510906219482422,1.0638744831085205,1.0,1.546189546585083,0.6467512249946594,0.0,1.0
1x,DOTE-MC,412,Low,3.6619696617126465,4.534047603607178,0.8076601624488831,3.752552032470703,0.975861132144928,1.0000001192092896,1.6149113178253174,0.6192291378974915,0.0,1.0000001192092896
1x,DOTE-MC,413,Low,3.7042458057403564,4.416841506958008,0.8386639356613159,3.7042503356933594,0.9999987483024597,1.0000001192092896,1.6290831565856934,0.6138423085212708,0.0,1.0000001192092896
1x,DOTE-MC,414,Low,3.3700530529022217,4.182699203491211,0.8057125210762024,3.3700523376464844,1.000000238418579,1.0,1.4714784622192383,0.6795886158943176,0.0,1.0
1x,DOTE-MC,415,Low,3.353482961654663,3.9455857276916504,0.849932849407196,3.3523902893066406,1.0003259181976318,1.000000238418579,1.4510101079940796,0.6891752481460571,0.0,1.000000238418579
1x,DOTE-MC,416,Low,3.3678202629089355,4.061527729034424,0.8292003870010376,3.354686737060547,1.0039149522781372,1.0000001192092896,1.444533348083496,0.6922651529312134,0.0,1.0000001192092896
1x,DOTE-MC,417,Low,3.404545783996582,4.092643737792969,0.8318695425987244,3.3985519409179688,1.0017637014389038,1.0,1.4250174760818481,0.7017458081245422,0.0,1.0
1x,DOTE-MC,418,Low,3.5409953594207764,4.259354114532471,0.8313456177711487,3.54547119140625,0.9987375736236572,1.0000001192092896,1.4689829349517822,0.6807431578636169,0.0,1.0000001192092896
1x,DOTE-MC,419,Low,3.427335262298584,4.115534782409668,0.8327800631523132,3.407337188720703,1.0058691501617432,1.0000001192092896,1.4106611013412476,0.7088875770568848,0.0,1.0000001192092896
1x,DOTE-MC,420,Low,3.599301338195801,4.346371650695801,0.8281163573265076,3.6017913818359375,0.9993086457252502,1.0000001192092896,1.3072655200958252,0.7649556398391724,0.0,1.0000001192092896
1x,DOTE-MC,421,Low,3.482924461364746,4.1480607986450195,0.8396512269973755,3.4959259033203125,0.9962809681892395,1.0,1.286919116973877,0.7770496010780334,0.0,1.0
1x,DOTE-MC,422,Low,3.4053661823272705,4.075483322143555,0.8355735540390015,3.4162025451660156,0.9968279600143433,1.0000001192092896,1.3374215364456177,0.7477074861526489,0.0,1.0000001192092896
1x,DOTE-MC,423,Low,3.3166069984436035,3.9373416900634766,0.842346727848053,3.3278770446777344,0.9966134428977966,1.0,1.322188377380371,0.756321907043457,0.0,1.0
1x,DOTE-MC,424,Low,3.063338279724121,3.670968532562256,0.8344768285751343,3.071643829345703,0.9972960352897644,1.000000238418579,1.294137954711914,0.7727153301239014,0.0,1.000000238418579
1x,DOTE-MC,425,Low,3.162677526473999,3.8234975337982178,0.8271687030792236,3.1754798889160156,0.9959683418273926,1.0000001192092896,1.2952377796173096,0.7720590829849243,0.0,1.0000001192092896
1x,DOTE-MC,426,Low,3.0165927410125732,3.605025291442871,0.8367743492126465,3.0165939331054688,0.9999995827674866,1.0000001192092896,1.2999260425567627,0.7692746520042419,0.0,1.0000001192092896
1x,DOTE-MC,427,Low,3.3271069526672363,3.987431287765503,0.8343985676765442,3.339336395263672,0.9963377714157104,1.0000001192092896,1.3400920629501343,0.7462174892425537,0.0,1.0000001192092896
1x,DOTE-MC,428,Low,3.0060043334960938,3.5804827213287354,0.8395528197288513,3.0060043334960938,1.0,1.0000001192092896,1.2422653436660767,0.8049811124801636,0.0,1.0000001192092896
1x,DOTE-MC,429,Low,3.2029287815093994,3.8348734378814697,0.8352110981941223,3.202930450439453,0.999999463558197,1.000000238418579,1.2392207384109497,0.8069589138031006,0.0,1.000000238418579
1x,DOTE-MC,430,Low,3.1686854362487793,3.7397027015686035,0.8473094701766968,3.1686859130859375,0.9999998211860657,0.9999998807907104,1.211500644683838,0.825422465801239,0.0,0.9999998807907104
1x,DOTE-MC,431,Low,3.296888828277588,3.838014602661133,0.8590089082717896,3.2968902587890625,0.9999995827674866,1.0000001192092896,1.2338768243789673,0.8104537725448608,0.0,1.0000001192092896
1x,DOTE-MC,432,High,17.096294403076172,17.096294403076172,1.0,17.096296310424805,0.9999998807907104,0.6480556726455688,0.5772747993469238,1.1226121187210083,0.0,0.6480556726455688
1x,DOTE-MC,433,High,16.66364097595215,16.66364097595215,1.0,16.66364097595215,1.0,0.6611430644989014,0.5511165857315063,1.1996428966522217,0.0,0.6611430644989014
1x,DOTE-MC,434,High,16.912044525146484,16.91204261779785,1.0000001192092896,16.91204261779785,1.0000001192092896,0.6253999471664429,0.5546891093254089,1.1274783611297607,0.0,0.6253999471664429
1x,DOTE-MC,435,High,16.468921661376953,16.468923568725586,0.9999998807907104,16.468923568725586,0.9999998807907104,0.6409172415733337,0.5552220344543457,1.154344081878662,0.0,0.6409172415733337
1x,DOTE-MC,436,High,16.402202606201172,16.402202606201172,1.0,16.402202606201172,1.0,0.6018916368484497,0.5335318446159363,1.1281269788742065,0.0,0.6018916368484497
1x,DOTE-MC,437,High,16.438995361328125,16.438997268676758,0.9999998807907104,16.438997268676758,0.9999998807907104,0.6224715709686279,0.5311135649681091,1.172012209892273,0.0,0.6224715709686279
1x,DOTE-MC,438,High,15.778351783752441,15.778352737426758,0.9999999403953552,15.778351783752441,1.0,0.6165337562561035,0.5123276114463806,1.203397512435913,0.0,0.6165337562561035
1x,DOTE-MC,439,High,16.015281677246094,16.015281677246094,1.0,16.015281677246094,1.0,0.6047711968421936,0.5312646627426147,1.1383614540100098,0.0,0.6047711968421936
1x,DOTE-MC,440,High,16.11612319946289,16.11612319946289,1.0,16.116121292114258,1.0000001192092896,0.5990237593650818,0.5605131387710571,1.0687060356140137,0.0,0.5990237593650818
1x,DOTE-MC,441,High,16.32811164855957,16.32811164855957,1.0,16.32811164855957,1.0,0.6739379167556763,0.6134829521179199,1.0985438823699951,0.0,0.6739379167556763
1x,DOTE-MC,442,High,18.19226837158203,18.19226837158203,1.0,18.19226837158203,1.0,0.7551687955856323,0.7043278217315674,1.0721837282180786,0.0,0.7551687955856323
1x,DOTE-MC,443,High,18.011327743530273,18.011327743530273,1.0,18.011327743530273,1.0,0.8237277269363403,0.776093065738678,1.0613775253295898,0.0,0.8237277269363403
1x,DOTE-MC,444,High,18.144062042236328,18.144062042236328,1.0,18.144062042236328,1.0,0.8358458280563354,0.7903785705566406,1.057525873184204,0.0,0.8358458280563354
1x,DOTE-MC,445,High,19.354347229003906,19.354347229003906,1.0,19.354347229003906,1.0,0.9119841456413269,0.858192503452301,1.0626801252365112,0.0,0.9119841456413269
1x,DOTE-MC,446,High,20.586332321166992,20.586332321166992,1.0,20.586332321166992,1.0,0.8554436564445496,0.8409117460250854,1.017281174659729,0.0,0.8554436564445496
1x,DOTE-MC,447,High,21.83721923828125,21.837249755859375,0.9999986290931702,21.837249755859375,0.9999986290931702,0.9999998807907104,0.9043627977371216,1.1057507991790771,0.0,0.9999998807907104
1x,DOTE-MC,448,High,22.85810089111328,22.873777389526367,0.9993146657943726,22.873777389526367,0.9993146657943726,1.0000001192092896,0.9135103225708008,1.094678521156311,0.0,1.0000001192092896
1x,DOTE-MC,449,High,24.38939094543457,24.400386810302734,0.9995493292808533,24.400386810302734,0.9995493292808533,1.0000001192092896,0.9240373373031616,1.082207441329956,0.0,1.0000001192092896
1x,DOTE-MC,450,High,25.418994903564453,25.445743560791016,0.9989488124847412,25.440555572509766,0.9991524815559387,1.0,1.0167404413223267,0.9835351705551147,0.0,1.0
1x,DOTE-MC,451,High,27.707782745361328,27.745962142944336,0.9986239671707153,27.71351432800293,0.9997931718826294,0.9999998807907104,1.1046764850616455,0.9052423238754272,0.0,0.9999998807907104
1x,DOTE-MC,452,High,29.069049835205078,29.151042938232422,0.9971873164176941,29.06905174255371,0.9999999403953552,1.0000001192092896,1.2644857168197632,0.790835440158844,0.0,1.0000001192092896
1x,DOTE-MC,453,High,28.631771087646484,28.691181182861328,0.9979293346405029,28.631772994995117,0.9999999403953552,1.000000238418579,1.1916403770446777,0.8391795754432678,0.0,1.000000238418579
1x,DOTE-MC,454,High,29.2561092376709,29.325157165527344,0.9976454377174377,29.2561092376709,1.0,1.0,1.2227308750152588,0.8178414702415466,0.0,1.0
1x,DOTE-MC,455,High,29.136459350585938,29.20241928100586,0.9977412819862366,29.136457443237305,1.0000001192092896,1.0,1.212770938873291,0.8245580196380615,0.0,1.0
1x,DOTE-MC,456,High,30.18365478515625,30.249858856201172,0.9978114366531372,30.183652877807617,1.0000001192092896,1.0000001192092896,1.213564157485962,0.8240191340446472,0.0,1.0000001192092896
1x,DOTE-MC,457,High,31.32948112487793,31.385047912597656,0.9982295036315918,31.329483032226562,0.9999999403953552,1.0,1.1792423725128174,0.8480020761489868,0.0,1.0
1x,DOTE-MC,458,High,32.022705078125,32.080936431884766,0.998184859752655,32.022705078125,1.0,0.9999998807907104,1.1878445148468018,0.8418609499931335,0.0,0.9999998807907104
1x,DOTE-MC,459,High,32.45930099487305,32.55049133300781,0.9971985220909119,32.45930099487305,1.0,1.0000001192092896,1.2941564321517944,0.7727041840553284,0.0,1.0000001192092896
1x,DOTE-MC,460,High,32.81134796142578,32.89860153198242,0.9973478317260742,32.81134796142578,1.0,1.000000238418579,1.2814557552337646,0.7803626656532288,0.0,1.000000238418579
1x,DOTE-MC,461,High,32.47035598754883,32.584285736083984,0.9965035319328308,32.47035598754883,1.0,1.0000001192092896,1.3675165176391602,0.7312526702880859,0.0,1.0000001192092896
1x,DOTE-MC,462,High,32.696311950683594,32.76802444458008,0.997811496257782,32.696311950683594,1.0,1.0,1.2313320636749268,0.8121286034584045,0.0,1.0
1x,DOTE-MC,463,High,33.452701568603516,33.550254821777344,0.9970923066139221,33.452701568603516,1.0,1.0000001192092896,1.314682126045227,0.7606402039527893,0.0,1.0000001192092896
1x,DOTE-MC,432,Medium,14.906881332397461,15.32496452331543,0.9727188348770142,14.906881332397461,1.0,1.0,1.087100863456726,0.919877827167511,0.0,1.0
1x,DOTE-MC,433,Medium,14.656228065490723,14.871728897094727,0.9855093359947205,14.741668701171875,0.9942041635513306,0.9999998807907104,1.0270957946777344,0.9736189246177673,0.0,0.9999998807907104
1x,DOTE-MC,434,Medium,14.782938003540039,14.947118759155273,0.9890158772468567,14.782938003540039,1.0,1.0000001192092896,1.034204363822937,0.9669269919395447,0.0,1.0000001192092896
1x,DOTE-MC,435,Medium,14.501993179321289,14.755577087402344,0.982814371585846,14.501993179321289,1.0,1.0000001192092896,1.0528299808502197,0.9498211145401001,0.0,1.0000001192092896
1x,DOTE-MC,436,Medium,14.694268226623535,14.84067153930664,0.9901350140571594,14.694267272949219,1.0000001192092896,1.0,1.0305010080337524,0.9704017639160156,0.0,1.0
1x,DOTE-MC,437,Medium,14.580046653747559,14.700439453125,0.9918102622032166,14.68563461303711,0.9928101301193237,1.0000001192092896,1.003084421157837,0.9969251751899719,0.0,1.0000001192092896
1x,DOTE-MC,438,Medium,14.141002655029297,14.189569473266602,0.996577262878418,14.189570426940918,0.9965772032737732,1.0,0.9809938669204712,1.0193743705749512,0.0,1.0
1x,DOTE-MC,439,Medium,14.252605438232422,14.360800743103027,0.9924659132957458,14.252605438232422,1.0,1.0,1.02254056930542,0.9779562950134277,0.0,1.0
1x,DOTE-MC,440,Medium,14.326042175292969,14.403426170349121,0.9946274161338806,14.338872909545898,0.9991051554679871,1.0,1.0884631872177124,0.9187265038490295,0.0,1.0
1x,DOTE-MC,441,Medium,14.699633598327637,14.749719619750977,0.9966042637825012,14.699634552001953,0.9999999403953552,1.0,1.1615673303604126,0.8609057664871216,0.0,1.0
1x,DOTE-MC,442,Medium,16.087949752807617,16.26889991760254,0.988877534866333,16.088237762451172,0.9999821186065674,1.0,1.3494716882705688,0.741030752658844,0.0,1.0
1x,DOTE-MC,443,Medium,15.622615814208984,16.05879020690918,0.9728388786315918,15.622674942016602,0.9999962449073792,1.0,1.4655869007110596,0.6823205351829529,0.0,1.0
1x,DOTE-MC,444,Medium,15.556158065795898,16.30559539794922,0.9540380239486694,15.556255340576172,0.9999937415122986,1.0000001192092896,1.5051965713500977,0.6643651127815247,0.0,1.0000001192092896
1x,DOTE-MC,445,Medium,16.461280822753906,17.217941284179688,0.9560539722442627,16.46147918701172,0.9999879598617554,1.0,1.630470871925354,0.6133197546005249,0.0,1.0
1x,DOTE-MC,446,Medium,17.908390045166016,18.616819381713867,0.9619467854499817,17.908517837524414,0.999992847442627,1.0000001192092896,1.572957158088684,0.6357452869415283,0.0,1.0000001192092896
1x,DOTE-MC,447,Medium,18.439533233642578,19.460355758666992,0.9475435018539429,18.43960952758789,0.9999958872795105,1.0,1.6879501342773438,0.5924345850944519,0.0,1.0
1x,DOTE-MC,448,Medium,19.359163284301758,20.449260711669922,0.9466925859451294,19.34388542175293,1.000789761543274,1.0000001192092896,1.7270898818969727,0.5790087580680847,0.0,1.0000001192092896
1x,DOTE-MC,449,Medium,20.517621994018555,21.937294006347656,0.9352849721908569,20.59369659423828,0.9963059425354004,1.0000001192092896,1.7300302982330322,0.5780246257781982,0.0,1.0000001192092896
1x,DOTE-MC,450,Medium,21.361665725708008,22.768348693847656,0.9382176399230957,21.354507446289062,1.0003352165222168,1.0,1.9140030145645142,0.5224652290344238,0.0,1.0
1x,DOTE-MC,451,Medium,22.77477264404297,24.838573455810547,0.9169114828109741,22.769685745239258,1.0002233982086182,1.000000238418579,2.095005512237549,0.47732582688331604,0.0,1.000000238418579
1x,DOTE-MC,452,Medium,23.743297576904297,26.125659942626953,0.9088113903999329,23.764055252075195,0.9991264939308167,1.000000238418579,2.3969967365264893,0.417188823223114,0.0,1.000000238418579
1x,DOTE-MC,453,Medium,23.516876220703125,25.841806411743164,0.9100322127342224,23.51780128479004,0.9999606609344482,1.0000001192092896,2.254784107208252,0.4435015022754669,0.0,1.0000001192092896
1x,DOTE-MC,454,Medium,23.515661239624023,26.17205047607422,0.8985028266906738,23.52775764465332,0.9994858503341675,1.0000001192092896,2.3059303760528564,0.4336645007133484,0.0,1.0000001192092896
1x,DOTE-MC,455,Medium,22.958009719848633,26.220172882080078,0.8755857348442078,23.145341873168945,0.9919062852859497,1.0,2.2938425540924072,0.4359497129917145,0.0,1.0
1x,DOTE-MC,456,Medium,23.482168197631836,27.246749877929688,0.8618337512016296,23.74748420715332,0.988827645778656,1.0000001192092896,2.3412201404571533,0.42712774872779846,0.0,1.0000001192092896
1x,DOTE-MC,457,Medium,23.670656204223633,28.250694274902344,0.8378787636756897,24.571331024169922,0.9633444547653198,1.0000001192092896,2.160543203353882,0.4628466069698334,0.0,1.0000001192092896
1x,DOTE-MC,458,Medium,24.865558624267578,28.746395111083984,0.8649974465370178,25.125213623046875,0.9896655678749084,1.0,2.2874667644500732,0.4371648132801056,0.0,1.0
1x,DOTE-MC,459,Medium,24.587146759033203,29.26380157470703,0.8401897549629211,24.837539672851562,0.9899187684059143,1.0,2.4094455242156982,0.4150332510471344,0.0,1.0
1x,DOTE-MC,460,Medium,24.641056060791016,29.05251693725586,0.8481556177139282,25.040813446044922,0.9840357899665833,1.000000238418579,2.42221999168396,0.4128445088863373,0.0,1.000000238418579
1x,DOTE-MC,461,Medium,24.969783782958984,29.001760482788086,0.8609747886657715,25.295318603515625,0.9871306419372559,1.0000001192092896,2.556152820587158,0.39121297001838684,0.0,1.0000001192092896
1x,DOTE-MC,462,Medium,24.826852798461914,29.258678436279297,0.8485295176506042,25.11450958251953,0.9885461926460266,1.0,2.3705172538757324,0.421848863363266,0.0,1.0
1x,DOTE-MC,463,Medium,24.373661041259766,29.732376098632812,0.8197683691978455,24.77499771118164,0.9838007092475891,1.000000238418579,2.4469358921051025,0.4086744785308838,0.0,1.000000238418579
1x,DOTE-MC,432,Low,2.8715016841888428,3.409681797027588,0.8421611785888672,2.8714981079101562,1.0000011920928955,1.0,1.1992217302322388,0.8338741660118103,0.0,1.0
1x,DOTE-MC,433,Low,3.0674164295196533,3.5727052688598633,0.8585696816444397,2.981973648071289,1.0286531448364258,0.9999998807907104,1.1501646041870117,0.8694406747817993,0.0,0.9999998807907104
1x,DOTE-MC,434,Low,2.947406530380249,3.4556643962860107,0.8529203534126282,2.947406768798828,0.9999999403953552,1.0000001192092896,1.1400914192199707,0.8771227598190308,0.0,1.0000001192092896
1x,DOTE-MC,435,Low,3.0536108016967773,3.447866678237915,0.8856522440910339,3.0536117553710938,0.9999997019767761,1.0000001192092896,1.1349666118621826,0.8810833096504211,0.0,1.0000001192092896
1x,DOTE-MC,436,Low,3.030316114425659,3.5433156490325928,0.8552204966545105,3.030315399169922,1.000000238418579,1.0,1.1373759508132935,0.8792167901992798,0.0,1.0
1x,DOTE-MC,437,Low,3.044769525527954,3.497253656387329,0.8706172704696655,2.939180374145508,1.0359246730804443,1.0000001192092896,1.1193495988845825,0.8933760523796082,0.0,1.0000001192092896
1x,DOTE-MC,438,Low,2.9122681617736816,3.242182731628418,0.8982430696487427,2.8637008666992188,1.0169596672058105,1.0,1.0788503885269165,0.9269126057624817,0.0,1.0
1x,DOTE-MC,439,Low,2.934140205383301,3.4140357971191406,0.8594345450401306,2.934680938720703,0.9998157620429993,1.0,1.1180833578109741,0.8943877220153809,0.0,1.0
1x,DOTE-MC,440,Low,3.007199287414551,3.6157312393188477,0.8316987752914429,2.9947128295898438,1.0041694641113281,1.0000001192092896,1.224400281906128,0.8167264461517334,0.0,1.0000001192092896
1x,DOTE-MC,441,Low,3.0850350856781006,3.493309497833252,0.8831267356872559,3.0851001739501953,0.9999788999557495,1.0000001192092896,1.2977548837661743,0.7705616354942322,0.0,1.0000001192092896
1x,DOTE-MC,442,Low,3.0729711055755615,3.674868106842041,0.8362126350402832,3.0728912353515625,1.000025987625122,1.000000238418579,1.502903938293457,0.6653786897659302,0.0,1.000000238418579
1x,DOTE-MC,443,Low,3.4654648303985596,4.064184665679932,0.8526839017868042,3.4654464721679688,1.0000052452087402,1.0,1.654605507850647,0.6043736934661865,0.0,1.0
1x,DOTE-MC,444,Low,3.228286027908325,3.8261404037475586,0.8437448143959045,3.228260040283203,1.0000081062316895,1.0000001192092896,1.6511362791061401,0.6056435704231262,0.0,1.0000001192092896
1x,DOTE-MC,445,Low,3.2048792839050293,3.940237045288086,0.8133721947669983,3.204814910888672,1.0000200271606445,1.0,1.8307937383651733,0.5462111830711365,0.0,1.0
1x,DOTE-MC,446,Low,3.8514277935028076,4.5089263916015625,0.8541784286499023,3.851390838623047,1.000009536743164,1.0000001192092896,1.7309359312057495,0.5777221918106079,0.0,1.0000001192092896
1x,DOTE-MC,447,Low,3.903251886367798,4.470539093017578,0.8731054067611694,3.903240203857422,1.0000029802322388,1.0000001192092896,1.869720458984375,0.534839391708374,0.0,1.0000001192092896
1x,DOTE-MC,448,Low,4.129087924957275,4.935340404510498,0.8366369009017944,4.2397918701171875,0.9738892912864685,1.0000001192092896,1.8901362419128418,0.5290624499320984,0.0,1.0000001192092896
1x,DOTE-MC,449,Low,3.886965751647949,4.961523532867432,0.7834218144416809,3.8001747131347656,1.0228387117385864,1.0000001192092896,1.9415110349655151,0.5150628089904785,0.0,1.0000001192092896
1x,DOTE-MC,450,Low,4.106287002563477,5.344610214233398,0.7683042883872986,4.146404266357422,0.9903247952461243,1.0000001192092896,2.1045968532562256,0.4751504361629486,0.0,1.0000001192092896
1x,DOTE-MC,451,Low,4.484741687774658,5.911867618560791,0.7585998177528381,4.626270294189453,0.9694076180458069,1.000000238418579,2.395479202270508,0.4174531102180481,0.0,1.000000238418579
1x,DOTE-MC,452,Low,4.282304763793945,6.0264892578125,0.7105803489685059,4.542366027832031,0.9427475929260254,1.000000238418579,2.651543617248535,0.3771389126777649,0.0,1.000000238418579
1x,DOTE-MC,453,Low,4.434382438659668,6.406537055969238,0.6921652555465698,4.729930877685547,0.9375152587890625,1.0000001192092896,2.4843122959136963,0.402525931596756,0.0,1.0000001192092896
1x,DOTE-MC,454,Low,4.043064594268799,5.957162380218506,0.6786896586418152,4.3334197998046875,0.9329962730407715,1.0,2.516561269760132,0.3973676264286041,0.0,1.0
1x,DOTE-MC,455,Low,4.07461404800415,6.202402591705322,0.6569412350654602,4.308712005615234,0.9456686973571777,1.0,2.5935771465301514,0.38556787371635437,0.0,1.0
1x,DOTE-MC,456,Low,3.7565157413482666,6.042651176452637,0.6216668486595154,4.074432373046875,0.9219727516174316,1.0000001192092896,2.535491704940796,0.39440086483955383,0.0,1.0000001192092896
1x,DOTE-MC,457,Low,4.178997039794922,6.860537052154541,0.6091355681419373,4.082363128662109,1.02367103099823,1.000000238418579,2.404930591583252,0.41581252217292786,0.0,1.000000238418579
1x,DOTE-MC,458,Low,3.986027479171753,6.809656143188477,0.5853493213653564,4.560977935791016,0.8739414215087891,1.0000001192092896,2.536616086959839,0.3942260444164276,0.0,1.0000001192092896
1x,DOTE-MC,459,Low,3.9653916358947754,6.390467643737793,0.6205166578292847,4.520713806152344,0.8771604895591736,1.0000001192092896,2.6854372024536133,0.3723788857460022,0.0,1.0000001192092896
1x,DOTE-MC,460,Low,4.1396684646606445,6.522521495819092,0.634672999382019,4.3168487548828125,0.9589561223983765,1.000000238418579,2.6836800575256348,0.3726227581501007,0.0,1.000000238418579
1x,DOTE-MC,461,Low,4.384574890136719,7.102331161499023,0.6173430681228638,4.6464996337890625,0.9436296820640564,1.0000001192092896,2.7716777324676514,0.360792338848114,0.0,1.0000001192092896
1x,DOTE-MC,462,Low,4.443364143371582,7.059229850769043,0.6294403672218323,4.560970306396484,0.9742146730422974,1.000000238418579,2.6560897827148438,0.3764933943748474,0.0,1.000000238418579
1x,DOTE-MC,463,Low,4.126723289489746,6.914057731628418,0.5968598127365112,4.3895111083984375,0.9401327967643738,1.000000238418579,2.677757740020752,0.37344688177108765,0.0,1.000000238418579
1x,DOTE-MC,464,High,33.86394500732422,33.954795837402344,0.9973243474960327,33.86394119262695,1.0000001192092896,0.9999998807907104,1.293076515197754,0.7733493447303772,0.0,0.9999998807907104
1x,DOTE-MC,465,High,33.726226806640625,33.858177185058594,0.9961028695106506,33.72622299194336,1.0000001192092896,1.0000001192092896,1.4256565570831299,0.7014312744140625,0.0,1.0000001192092896
1x,DOTE-MC,466,High,34.31072235107422,34.4129638671875,0.9970290064811707,34.31072235107422,1.0,1.0,1.3298041820526123,0.7519904375076294,0.0,1.0
1x,DOTE-MC,467,High,33.74924850463867,33.85198211669922,0.996965229511261,33.74924850463867,1.0,1.0000001192092896,1.3314012289047241,0.7510885000228882,0.0,1.0000001192092896
1x,DOTE-MC,468,High,33.02445983886719,33.145503997802734,0.9963480830192566,33.02445983886719,1.0,1.0,1.3904720544815063,0.7191802263259888,0.0,1.0
1x,DOTE-MC,469,High,33.40572738647461,33.51885223388672,0.9966250658035278,33.40572738647461,1.0,1.000000238418579,1.3649296760559082,0.7326386570930481,0.0,1.000000238418579
1x,DOTE-MC,470,High,33.63385772705078,33.76448440551758,0.9961312413215637,33.63386154174805,0.9999998807907104,1.0,1.421366572380066,0.70354825258255,0.0,1.0
1x,DOTE-MC,471,High,34.121246337890625,34.236907958984375,0.9966217279434204,34.121246337890625,1.0,1.000000238418579,1.3731000423431396,0.7282792329788208,0.0,1.000000238418579
1x,DOTE-MC,472,High,33.720314025878906,33.8386344909668,0.9965034127235413,33.72031021118164,1.0000001192092896,1.0000001192092896,1.3816877603530884,0.7237526178359985,0.0,1.0000001192092896
1x,DOTE-MC,473,High,34.05496597290039,34.166648864746094,0.9967312216758728,34.05496597290039,1.0,1.0,1.360257863998413,0.7351547479629517,0.0,1.0
1x,DOTE-MC,474,High,34.019073486328125,34.10231018066406,0.9975591897964478,34.019073486328125,1.0,1.0,1.268495798110962,0.7883352637290955,0.0,1.0
1x,DOTE-MC,475,High,34.88827133178711,34.98789596557617,0.9971526265144348,34.88827133178711,1.0,1.0000001192092896,1.3213691711425781,0.7567908763885498,0.0,1.0000001192092896
1x,DOTE-MC,476,High,33.86582565307617,33.984474182128906,0.9965087175369263,33.86582565307617,1.0,1.0000001192092896,1.382734775543213,0.7232045531272888,0.0,1.0000001192092896
1x,DOTE-MC,477,High,34.2928466796875,34.399658203125,0.9968949556350708,34.292850494384766,0.9999998807907104,1.000000238418579,1.3445454835891724,0.7437459230422974,0.0,1.000000238418579
1x,DOTE-MC,478,High,33.59173583984375,33.682926177978516,0.997292697429657,33.59173583984375,1.0,1.0000001192092896,1.2941641807556152,0.7726995944976807,0.0,1.0000001192092896
1x,DOTE-MC,479,High,33.32545471191406,33.43339538574219,0.9967714548110962,33.32545471191406,1.0,1.0000001192092896,1.3482002019882202,0.7417296767234802,0.0,1.0000001192092896
1x,DOTE-MC,480,High,33.1839485168457,33.27349853515625,0.9973086714744568,33.1839485168457,1.0,1.0,1.2888782024383545,0.7758684754371643,0.0,1.0
1x,DOTE-MC,481,High,32.692718505859375,32.78289031982422,0.99724942445755,32.692718505859375,1.0,1.0,1.2908774614334106,0.7746668457984924,0.0,1.0
1x,DOTE-MC,482,High,31.875835418701172,31.9483642578125,0.9977298378944397,31.875835418701172,1.0,1.0000001192092896,1.233970046043396,0.8103925585746765,0.0,1.0000001192092896
1x,DOTE-MC,483,High,31.425556182861328,31.488792419433594,0.9979918003082275,31.425556182861328,1.0,1.0,1.203988790512085,0.8305725455284119,0.0,1.0
1x,DOTE-MC,484,High,32.27125549316406,32.33771514892578,0.9979448318481445,32.27125549316406,1.0,0.9999998807907104,1.2143925428390503,0.823456883430481,0.0,0.9999998807907104
1x,DOTE-MC,485,High,32.305789947509766,32.371070861816406,0.9979833364486694,32.30579376220703,0.9999998807907104,1.000000238418579,1.2105783224105835,0.826051652431488,0.0,1.000000238418579
1x,DOTE-MC,486,High,31.451309204101562,31.47983741760254,0.999093770980835,31.45130729675293,1.0000001192092896,1.000000238418579,1.0920310020446777,0.9157251119613647,0.0,1.000000238418579
1x,DOTE-MC,487,High,31.80849838256836,31.835050582885742,0.999165952205658,31.80849838256836,1.0,1.000000238418579,1.0856482982635498,0.9211088418960571,0.0,1.000000238418579
1x,DOTE-MC,488,High,30.763750076293945,30.796733856201172,0.998928964138031,30.763750076293945,1.0,1.0000001192092896,1.1064038276672363,0.9038292169570923,0.0,1.0000001192092896
1x,DOTE-MC,489,High,31.39046859741211,31.418109893798828,0.9991202354431152,31.39046859741211,1.0,1.000000238418579,1.0891692638397217,0.9181311726570129,0.0,1.000000238418579
1x,DOTE-MC,490,High,30.60702133178711,30.61864471435547,0.9996203780174255,30.60702133178711,1.0,1.0,1.0374902486801147,0.9638645052909851,0.0,1.0
1x,DOTE-MC,491,High,29.998889923095703,30.011592864990234,0.99957674741745,29.998891830444336,0.9999999403953552,1.0,1.0409704446792603,0.9606420397758484,0.0,1.0
1x,DOTE-MC,492,High,29.85154914855957,29.873668670654297,0.9992595911026001,29.85154914855957,1.0,1.000000238418579,1.0713516473770142,0.933400571346283,0.0,1.000000238418579
1x,DOTE-MC,493,High,29.800003051757812,29.826030731201172,0.9991273283958435,29.80000114440918,1.0000001192092896,1.000000238418579,1.0839771032333374,0.9225289225578308,0.0,1.000000238418579
1x,DOTE-MC,494,High,29.68174934387207,29.681747436523438,1.0000001192092896,29.68174934387207,1.0,0.9699851274490356,0.9494152665138245,1.0216658115386963,0.0,0.9699851274490356
1x,DOTE-MC,495,High,29.11609649658203,29.11609649658203,1.0,29.11609649658203,1.0,0.925564706325531,0.9139003157615662,1.012763261795044,0.0,0.925564706325531
1x,DOTE-MC,464,Medium,23.931926727294922,30.170207977294922,0.793230414390564,24.56591033935547,0.9741925597190857,1.0000001192092896,2.4739186763763428,0.40421706438064575,0.0,1.0000001192092896
1x,DOTE-MC,465,Medium,24.552967071533203,30.503158569335938,0.8049319386482239,25.063602447509766,0.9796264171600342,1.0,2.663151264190674,0.3754950165748596,0.0,1.0
1x,DOTE-MC,466,Medium,24.39757537841797,30.770889282226562,0.7928784489631653,24.627197265625,0.9906761050224304,1.0,2.485957384109497,0.40225949883461,0.0,1.0
1x,DOTE-MC,467,Medium,23.71546173095703,29.776283264160156,0.7964547276496887,23.884647369384766,0.9929165244102478,1.0000001192092896,2.504431962966919,0.3992922008037567,0.0,1.0000001192092896
1x,DOTE-MC,468,Medium,23.68683624267578,29.890790939331055,0.792445957660675,24.09076690673828,0.9832329750061035,1.0000001192092896,2.603088140487671,0.3841591477394104,0.0,1.0000001192092896
1x,DOTE-MC,469,Medium,23.450889587402344,30.019241333007812,0.7811952829360962,23.979251861572266,0.9779658317565918,1.000000238418579,2.6313555240631104,0.38003236055374146,0.0,1.000000238418579
1x,DOTE-MC,470,Medium,23.774009704589844,30.170169830322266,0.7879971861839294,24.11050796508789,0.9860435128211975,1.0,2.7274560928344727,0.366642028093338,0.0,1.0
1x,DOTE-MC,471,Medium,23.595001220703125,30.42554473876953,0.775499701499939,23.746105194091797,0.9936366677284241,1.000000238418579,2.5632052421569824,0.39013662934303284,0.0,1.000000238418579
1x,DOTE-MC,472,Medium,23.94439697265625,30.284626007080078,0.7906453013420105,24.10948944091797,0.993152379989624,1.0000001192092896,2.59145450592041,0.38588371872901917,0.0,1.0000001192092896
1x,DOTE-MC,473,Medium,24.44233512878418,30.783721923828125,0.7940019369125366,24.737319946289062,0.988075315952301,1.0000001192092896,2.6348369121551514,0.3795301914215088,0.0,1.0000001192092896
1x,DOTE-MC,474,Medium,24.506725311279297,30.510135650634766,0.8032322525978088,24.54974365234375,0.9982476830482483,1.0000001192092896,2.4343512058258057,0.41078710556030273,0.0,1.0000001192092896
1x,DOTE-MC,475,Medium,24.722213745117188,30.86724090576172,0.8009207248687744,24.862747192382812,0.9943476319313049,1.0000001192092896,2.4569013118743896,0.4070168137550354,0.0,1.0000001192092896
1x,DOTE-MC,476,Medium,24.682003021240234,30.762033462524414,0.802352786064148,24.703048706054688,0.9991480708122253,1.0000001192092896,2.593592882156372,0.3855655789375305,0.0,1.0000001192092896
1x,DOTE-MC,477,Medium,24.606914520263672,30.598491668701172,0.8041871786117554,24.74300765991211,0.9944997429847717,1.000000238418579,2.5201985836029053,0.39679422974586487,0.0,1.000000238418579
1x,DOTE-MC,478,Medium,23.61066246032715,30.200115203857422,0.781807005405426,23.734779357910156,0.9947706460952759,1.0000001192092896,2.4370219707489014,0.4103369414806366,0.0,1.0000001192092896
1x,DOTE-MC,479,Medium,23.999223709106445,30.434677124023438,0.7885486483573914,24.08285903930664,0.9965271949768066,1.0000001192092896,2.552095413208008,0.39183491468429565,0.0,1.0000001192092896
1x,DOTE-MC,480,Medium,23.55573272705078,29.599231719970703,0.7958224415779114,23.596542358398438,0.9982705116271973,1.0000001192092896,2.4795894622802734,0.40329262614250183,0.0,1.0000001192092896
1x,DOTE-MC,481,Medium,23.484039306640625,29.3327579498291,0.8006079792976379,23.491443634033203,0.9996848106384277,1.000000238418579,2.481654167175293,0.40295714139938354,0.0,1.000000238418579
1x,DOTE-MC,482,Medium,22.806434631347656,28.397567749023438,0.803112268447876,22.812808990478516,0.999720573425293,1.000000238418579,2.3433022499084473,0.4267483055591583,0.0,1.000000238418579
1x,DOTE-MC,483,Medium,23.08492660522461,28.463794708251953,0.8110277056694031,23.094364166259766,0.9995913505554199,1.000000238418579,2.229318380355835,0.4485677182674408,0.0,1.000000238418579
1x,DOTE-MC,484,Medium,22.610836029052734,28.852872848510742,0.7836597561836243,22.78909683227539,0.9921777844429016,1.0000001192092896,2.3192052841186523,0.43118223547935486,0.0,1.0000001192092896
1x,DOTE-MC,485,Medium,23.216041564941406,28.942779541015625,0.8021358847618103,23.233108520507812,0.9992654323577881,1.000000238418579,2.255113124847412,0.4434368312358856,0.0,1.000000238418579
1x,DOTE-MC,486,Medium,22.254352569580078,28.104846954345703,0.7918332815170288,22.30130958557129,0.9978944063186646,1.000000238418579,2.0965609550476074,0.47697168588638306,0.0,1.000000238418579
1x,DOTE-MC,487,Medium,22.556747436523438,28.70718765258789,0.7857525944709778,22.565200805664062,0.9996253848075867,1.000000238418579,2.0498921871185303,0.48783063888549805,0.0,1.000000238418579
1x,DOTE-MC,488,Medium,21.625625610351562,27.352489471435547,0.7906273007392883,21.633554458618164,0.9996334910392761,1.0000001192092896,2.0812132358551025,0.48048901557922363,0.0,1.0000001192092896
1x,DOTE-MC,489,Medium,22.052412033081055,27.908885955810547,0.7901573777198792,22.060375213623047,0.9996390342712402,1.000000238418579,2.0053277015686035,0.4986717402935028,0.0,1.000000238418579
1x,DOTE-MC,490,Medium,21.725109100341797,27.383644104003906,0.7933607697486877,21.765281677246094,0.9981542825698853,1.0000001192092896,1.973590612411499,0.5066907405853271,0.0,1.0000001192092896
1x,DOTE-MC,491,Medium,21.595603942871094,26.78412628173828,0.8062836527824402,21.73283576965332,0.9936854839324951,1.0,1.9789708852767944,0.5053131580352783,0.0,1.0
1x,DOTE-MC,492,Medium,21.144264221191406,26.309696197509766,0.8036681413650513,21.149869918823242,0.9997349381446838,1.000000238418579,2.023853063583374,0.49410712718963623,0.0,1.000000238418579
1x,DOTE-MC,493,Medium,21.994251251220703,26.660776138305664,0.8249666690826416,22.005022048950195,0.9995105266571045,1.0000001192092896,2.063110828399658,0.48470500111579895,0.0,1.0000001192092896
1x,DOTE-MC,494,Medium,21.22949981689453,26.66817855834961,0.796061098575592,21.269811630249023,0.9981047511100769,1.0,1.8079535961151123,0.5531115531921387,0.0,1.0
1x,DOTE-MC,495,Medium,20.47136116027832,25.968441009521484,0.7883169054985046,20.4771728515625,0.9997161626815796,1.0000001192092896,1.7151747941970825,0.5830309987068176,0.0,1.0000001192092896
1x,DOTE-MC,464,Low,4.507763862609863,7.497117042541504,0.6012663245201111,4.939563751220703,0.9125834107398987,1.0000001192092896,2.7939350605010986,0.3579181730747223,0.0,1.0000001192092896
1x,DOTE-MC,465,Low,4.398019313812256,6.970582008361816,0.6309400200843811,4.768573760986328,0.9222924113273621,1.000000238418579,2.9627127647399902,0.3375285863876343,0.0,1.000000238418579
1x,DOTE-MC,466,Low,4.56971549987793,7.529984474182129,0.6068691611289978,4.896087646484375,0.9333401918411255,1.0000001192092896,2.697942018508911,0.3706529438495636,0.0,1.0000001192092896
1x,DOTE-MC,467,Low,4.216527938842773,6.999297142028809,0.6024216413497925,4.704078674316406,0.8963557481765747,1.0000001192092896,2.834883213043213,0.35274824500083923,0.0,1.0000001192092896
1x,DOTE-MC,468,Low,4.073920249938965,6.886368751525879,0.5915919542312622,4.506000518798828,0.9041100144386292,1.0000001192092896,2.8829445838928223,0.3468676209449768,0.0,1.0000001192092896
1x,DOTE-MC,469,Low,4.026296615600586,7.009158611297607,0.5744336843490601,4.691646575927734,0.8581840991973877,1.000000238418579,2.993131399154663,0.33409833908081055,0.0,1.000000238418579
1x,DOTE-MC,470,Low,4.073080539703369,7.030771255493164,0.5793220400810242,4.589214324951172,0.8875333070755005,1.0000001192092896,3.0366673469543457,0.329308420419693,0.0,1.0000001192092896
1x,DOTE-MC,471,Low,4.201961517333984,6.836268424987793,0.6146571636199951,4.588623046875,0.9157347083091736,1.000000238418579,2.8858046531677246,0.34652388095855713,0.0,1.000000238418579
1x,DOTE-MC,472,Low,4.451160430908203,7.355848789215088,0.6051185131072998,4.8837127685546875,0.9114295840263367,1.0,2.908416271209717,0.3438297510147095,0.0,1.0
1x,DOTE-MC,473,Low,4.217262268066406,7.014181613922119,0.6012479662895203,4.723747253417969,0.8927789926528931,1.0000001192092896,2.8918139934539795,0.34580373764038086,0.0,1.0000001192092896
1x,DOTE-MC,474,Low,4.308778285980225,7.255608558654785,0.5938548445701599,4.7376556396484375,0.909474790096283,1.0000001192092896,2.7427632808685303,0.36459586024284363,0.0,1.0000001192092896
1x,DOTE-MC,475,Low,4.3723344802856445,7.0249528884887695,0.6224005222320557,4.827655792236328,0.9056848287582397,1.0000001192092896,2.7567079067230225,0.3627515733242035,0.0,1.0000001192092896
1x,DOTE-MC,476,Low,4.416985511779785,6.9199347496032715,0.638298749923706,4.691112518310547,0.9415646195411682,1.000000238418579,2.878647565841675,0.347385436296463,0.0,1.000000238418579
1x,DOTE-MC,477,Low,4.457860946655273,7.080286026000977,0.6296159625053406,4.712547302246094,0.9459556937217712,1.000000238418579,2.794595241546631,0.3578336536884308,0.0,1.000000238418579
1x,DOTE-MC,478,Low,4.756166458129883,7.183779239654541,0.6620702147483826,4.98748779296875,0.953619658946991,1.0000001192092896,2.761248826980591,0.362155020236969,0.0,1.0000001192092896
1x,DOTE-MC,479,Low,4.362616539001465,6.88724422454834,0.6334342956542969,4.767444610595703,0.9150848984718323,1.000000238418579,2.7795023918151855,0.35977670550346375,0.0,1.000000238418579
1x,DOTE-MC,480,Low,4.298330307006836,6.957677841186523,0.6177822947502136,4.680507659912109,0.9183470010757446,1.0000001192092896,2.7364988327026367,0.3654305040836334,0.0,1.0000001192092896
1x,DOTE-MC,481,Low,4.034480094909668,6.6987104415893555,0.6022771000862122,4.439155578613281,0.9088395237922668,1.000000238418579,2.7653703689575195,0.36161530017852783,0.0,1.000000238418579
1x,DOTE-MC,482,Low,4.169159889221191,6.7017903327941895,0.6220964193344116,4.341255187988281,0.9603581428527832,1.000000238418579,2.6390914916992188,0.3789183795452118,0.0,1.000000238418579
1x,DOTE-MC,483,Low,4.2925801277160645,6.918622016906738,0.6204385757446289,4.564128875732422,0.940503716468811,1.0000001192092896,2.5225846767425537,0.39641883969306946,0.0,1.0000001192092896
1x,DOTE-MC,484,Low,4.461461544036865,6.569768905639648,0.6790895462036133,4.556510925292969,0.9791398644447327,1.000000238418579,2.542680501937866,0.3932858407497406,0.0,1.000000238418579
1x,DOTE-MC,485,Low,4.536287307739258,7.005674362182617,0.647516131401062,4.641212463378906,0.9773927330970764,1.000000238418579,2.557662010192871,0.39098218083381653,0.0,1.000000238418579
1x,DOTE-MC,486,Low,4.370560169219971,6.546878814697266,0.6675792336463928,4.414520263671875,0.9900419116020203,1.0000003576278687,2.3376407623291016,0.427781879901886,0.0,1.0000003576278687
1x,DOTE-MC,487,Low,4.230737686157227,6.504767894744873,0.6504056453704834,4.228096008300781,1.0006247758865356,1.000000238418579,2.313577175140381,0.43223118782043457,0.0,1.000000238418579
1x,DOTE-MC,488,Low,4.248390197753906,6.71779727935791,0.6324082016944885,4.252613067626953,0.999006986618042,1.0000001192092896,2.3315179347991943,0.428905189037323,0.0,1.0000001192092896
1x,DOTE-MC,489,Low,4.303637981414795,6.527607440948486,0.6592979431152344,4.307708740234375,0.999055027961731,1.000000238418579,2.24765682220459,0.44490787386894226,0.0,1.000000238418579
1x,DOTE-MC,490,Low,4.285773754119873,6.595464706420898,0.6498062014579773,4.333858489990234,0.9889048933982849,1.000000238418579,2.1897401809692383,0.45667529106140137,0.0,1.000000238418579
1x,DOTE-MC,491,Low,3.987550735473633,6.453539848327637,0.6178858280181885,4.0330810546875,0.9887107610702515,1.0000001192092896,2.273405075073242,0.43986886739730835,0.0,1.0000001192092896
1x,DOTE-MC,492,Low,4.280707836151123,6.428257465362549,0.6659204363822937,4.282173156738281,0.9996578097343445,1.000000238418579,2.2676548957824707,0.440984308719635,0.0,1.000000238418579
1x,DOTE-MC,493,Low,3.944944381713867,6.104427337646484,0.646243155002594,3.986541748046875,0.9895655512809753,1.000000238418579,2.2273061275482178,0.4489729702472687,0.0,1.000000238418579
1x,DOTE-MC,494,Low,4.153182506561279,6.437788963317871,0.6451256275177002,4.20489501953125,0.9877018332481384,1.0,2.028465747833252,0.4929834306240082,0.0,1.0
1x,DOTE-MC,495,Low,4.062007904052734,6.1983537673950195,0.6553365588188171,4.0603485107421875,1.00040864944458,1.0000001192092896,1.864310383796692,0.5363914370536804,0.0,1.0000001192092896
1x,DOTE-MC,496,High,29.08182716369629,29.081823348999023,1.0000001192092896,29.081825256347656,1.0000001192092896,0.9696664214134216,0.904843807220459,1.0716395378112793,0.0,0.9696664214134216
1x,DOTE-MC,497,High,29.055572509765625,29.056215286254883,0.9999778866767883,29.056215286254883,0.9999778866767883,1.0,0.9961187839508057,1.0038963556289673,0.0,1.0
1x,DOTE-MC,498,High,28.905044555664062,28.914167404174805,0.9996845126152039,28.914167404174805,0.9996845126152039,0.9999998211860657,0.9043408036231995,1.105777621269226,0.0,0.9999998211860657
1x,DOTE-MC,499,High,28.435163497924805,28.478805541992188,0.9984675645828247,28.471031188964844,0.9987401962280273,1.0000001192092896,1.0250779390335083,0.9755356907844543,0.0,1.0000001192092896
1x,DOTE-MC,496,Medium,20.165538787841797,25.879016876220703,0.7792235016822815,20.170238494873047,0.999767005443573,1.0,1.6949046850204468,0.5900036692619324,0.0,1.0
1x,DOTE-MC,497,Medium,20.990421295166016,26.061220169067383,0.8054274320602417,20.995508193969727,0.999757707118988,1.0,1.8569217920303345,0.5385256409645081,0.0,1.0
1x,DOTE-MC,498,Medium,20.605215072631836,26.080991744995117,0.7900472283363342,20.921777725219727,0.9848692417144775,1.0,1.7594257593154907,0.5683672428131104,0.0,1.0
1x,DOTE-MC,499,Medium,20.202871322631836,25.269893646240234,0.7994838356971741,20.586803436279297,0.9813506007194519,1.0000001192092896,1.9473164081573486,0.5135272741317749,0.0,1.0000001192092896
1x,DOTE-MC,496,Low,3.6698803901672363,5.970126152038574,0.614707350730896,3.6737136840820312,0.998956561088562,1.0000001192092896,1.8996524810791016,0.5264121294021606,0.0,1.0000001192092896
1x,DOTE-MC,497,Low,3.947390556335449,6.0952558517456055,0.6476168632507324,3.9459800720214844,1.0003573894500732,1.0,2.0286216735839844,0.49294552206993103,0.0,1.0
1x,DOTE-MC,498,Low,3.7161638736724854,5.863029956817627,0.6338299512863159,3.7704544067382812,0.9856010675430298,1.0000001192092896,1.9664703607559204,0.5085253715515137,0.0,1.0000001192092896
1x,DOTE-MC,499,Low,3.9833528995513916,6.0366740226745605,0.6598588824272156,3.950542449951172,1.008305311203003,1.0000001192092896,2.1021416187286377,0.4757053852081299,0.0,1.0000001192092896
