31.75266964882178
28.555298265949887
29.499862034789203
29.64459181464906
28.47955110226053
28.161692096601996
27.3312857750866
27.336032581856784
25.87989587048014
27.2023642965994
26.89223883751481
27.247101288008594
26.080438662951565
25.5925486335816
25.6013124130626
25.576871941625996
24.822549110565774
24.436841714952607
24.043159575655636
24.018316777322298
23.68643178868149
23.930576421689352
23.42367348617529
22.880714409371194
22.81453443089174
23.004471339616998
22.708017680724595
22.494228332228886
21.835264080909155
21.714708398426183
21.08074128434839
21.122796321430428
20.726414546422916
20.16340929363264
20.28778579506684
19.826245085701657
19.33267897462963
18.721312773533327
18.291516727544717
18.085117435906
17.843529293315328
18.13277942393256
17.61260745215384
17.61424780884579
17.07324307624276
17.00343217163129
16.862789693475065
16.434771839797236
16.362796701267598
16.22081606929612
15.932775905163112
15.8792475034777
15.823208211868518
15.877739386568692
15.594078034655581
15.422327484334915
15.563888391832734
15.988974085025689
16.518122073194718
16.86002305585373
17.194679735985346
17.65573745894801
18.53628497196553
19.356577146751988
19.83947763551498
20.471717149237293
22.31925486148623
22.64622841634059
23.329413922084996
24.098569021329126
25.116959311191522
26.03894737153712
26.252256711955738
26.41980379432448
26.776814426589
26.78338898096274
27.417895564255105
27.70971067047128
27.856132344209414
28.58842247076518
29.190453834657887
28.8506897379807
28.294762514042077
28.432992522492896
28.170272318696448
28.0350537639506
28.001416095284185
29.2999789179122
29.60624390080693
28.892901174422377
29.610488058452802
29.102307698932464
29.33590398492629
29.222428036799784
28.367636070242156
27.479817227900526
27.044864419054306
27.861154016356068
27.86446184244869
27.85939940793071
27.28156269149315
27.20662085676281
26.1419281668733
26.250445251629912
25.666759953737483
25.254230644360632
25.22073247781327
25.25951721537956
24.831395222904234
25.14052779423355
24.95453701895758
24.900475779176077
24.2979727219971
23.77885110860268
23.9344310151904
23.801285134672185
24.16663819363555
24.137972014562024
24.126725616282897
24.45407597389169
23.61037274904095
23.037880643280573
22.653604608099158
21.887283050737324
21.325399627852562
21.084870398295834
20.673357668553535
20.348704561209615
20.166284714888093
19.716699436570593
18.9440786535356
19.138066550223527
19.293958912021026
19.113505550865625
18.825773388055723
18.369795151880794
18.312610019723365
18.031142542501357
17.598693326039893
17.326917980014173
16.851081300204555
16.468742182266737
16.461454720341294
16.09951757998192
15.912283387389607
15.679466473602474
15.095718169332827
15.063656608396059
15.167521670014935
15.278652656970735
14.917863191748722
14.56864018327326
14.606864795491106
14.941435896407143
15.137968698477607
15.736937672583167
16.694081426965113
17.043524504096695
17.5597340948417
18.842052247665265
19.41888635106625
19.95211568668958
20.518522338541857
21.764658935643638
22.73455077152414
22.9464794145905
23.831564784210286
23.939184407871494
25.586646345482905
28.391852756946832
28.809051205284618
28.907700452290896
28.6299128502892
28.390870428709036
27.874925513433595
27.766420126007006
27.65853579141526
28.647417942770858
29.36635582990573
28.369203572362494
28.94809745883981
29.042609155160562
29.06817078896654
28.72255553220043
28.79719651179539
29.222401326674685
29.205520257376747
28.894066794748596
28.316195599317325
28.22087845213491
27.846190477969117
28.072214942335336
28.395005266027738
28.60262116691331
29.1605019265603
29.11026618190067
28.248606254116112
28.21997148196681
27.08192959548711
26.58026092353191
26.08982367451017
26.113903846971198
26.41663609652585
25.965104675831185
25.053839782704244
25.600272763167823
24.615018105933473
24.449642576487577
24.603426935882567
24.022422432968483
24.69034019885487
24.18777524226323
24.39309317254731
24.305727504307356
24.227638038683267
23.994428136597094
23.468430586590443
23.04250207976861
23.309913797637364
22.947138879521617
22.18399483227904
22.237467977912956
22.14756468603548
21.30274888761778
21.247636263023765
20.73980276843622
20.417006341456272
20.224404984363332
19.75641948423322
19.746747238087096
19.589308200756022
19.39123769958576
19.325561661655684
19.590609409901504
19.23458026877279
19.0650757272075
18.757348569060014
18.937359381753026
18.841829032203464
17.4580872010481
17.798947245654404
17.595085837050704
17.650869335678124
16.938353105515034
17.0787771304216
17.142763438344332
16.70186537538575
16.058454992613406
15.69088916942087
16.119132226997635
16.10651039517552
16.004458513941245
15.8245979810697
15.920931847214547
16.468666498979132
16.69717026448143
16.846619428951954
17.124289961879185
17.408103310759543
17.55742904900302
17.80076740219215
18.409876774752206
18.814513922488345
19.10997821270803
19.448984112578955
19.96926800117012
19.988483827419827
20.35787230092285
21.103529037747137
21.959702160221127
21.76861779230046
21.258756112543438
20.863336302201787
21.030092737459654
21.642674056276178
21.243908389366197
21.817261579142837
21.189010936157842
20.920483796401754
22.064373687593616
21.223660866585078
21.403368028063255
22.069839401916283
22.20489145871079
22.39517664191834
22.127577481722824
22.042375618694905
22.629190876866005
21.83856919352513
21.916550213022106
22.07031938559362
22.619585459339078
22.33862332554122
22.174077545028695
21.84492709890219
21.42950568092897
21.622517165183126
21.64293229583251
21.355696941338692
21.67865340055539
21.643734923823672
22.007354134302773
22.052236505108908
21.799612316933008
21.57695048232074
22.220164106327957
22.95514856905379
22.39615376763129
22.357729502838765
21.725509192276604
21.571427779503438
20.770317124452163
20.99967748002757
21.776903580574867
21.254103935437115
20.932694178675092
20.754265594011486
20.698426565011573
20.19150865379993
19.621271692682626
19.90211826259133
19.844502390902676
19.465633999005377
19.035887164692895
19.70045311934416
19.30892360948735
18.8739855463798
18.451685484651307
18.164752986945473
18.0092784379961
18.198443114737074
17.572420064356493
17.349451277136723
17.1177470218081
17.019260446633723
16.665462510845032
16.429644745189194
16.185524994220714
16.478086220486603
16.36978228116243
16.010692891517408
15.791755903290436
15.905966358908586
15.095707290524615
15.143596350934104
15.347350674365202
15.234885848391855
15.437917726982391
15.181934468360623
15.250049436797553
15.224906336338904
15.262082106441994
15.155861405791939
15.67456878213909
16.294503784020662
16.315855434422247
16.678933735328883
16.832734493543512
16.50719362274674
16.895003715425673
17.714413515712522
18.087355308249357
18.21411988076045
18.104010687381106
18.855613401826986
19.55573448423138
19.779011383301167
19.26826669089553
19.674975509389583
19.65419806210423
20.196193105267525
20.725865472583678
20.150603137360918
20.732960307995427
21.291394756880493
21.371434399962936
21.065912014538185
20.225296742233354
20.334867572423832
20.64543246464177
20.853759255747264
20.89604143452516
21.596291901003156
21.742079210346674
21.148304728279186
21.26262450272202
21.25936001012792
21.545704330175226
21.565238886570796
21.716243974139616
22.207578311249108
21.957526882698176
21.24686328198186
21.085516235139835
21.8166491024661
21.987579316671827
21.34748683222074
21.682775464830797
21.843050523256238
21.9784190896803
22.78740360805284
23.049802367264192
23.258258062988943
22.565980176434095
22.348953787157825
22.928479582868476
21.99001697958022
21.73049843866852
21.44090198359038
21.866783074720615
22.461207790371986
21.829434420872303
21.34657522239081
20.987312435855074
20.790082858193614
20.635406753267148
19.867135375757357
19.85200152361233
19.39549247737409
19.487455699880115
19.113111340168075
19.02716705137209
18.30157135297668
18.00004203193339
18.166576512983738
18.39652556132262
18.587979323970444
18.771109498625833
17.64982019741251
17.748355376979816
17.457191729594683
17.63249356288702
17.09629555078834
16.663640655750555
16.91204312525406
16.46892266619534
16.402202507124002
16.43899681577068
15.778352258481732
16.01528144750671
16.116122229516975
16.328112278830076
18.192267540381522
18.01132863634905
18.144061597914174
19.354346612555105
20.586331770469883
21.837248877334446
22.87377826742795
24.40038724175986
25.44055735436723
27.713515388077212
29.06905295906961
28.63177476197984
29.25611199538878
29.136460212665497
30.183655561870523
31.329485180929964
32.02270745803378
32.45930333339959
32.81135163388535
32.47035780179806
32.69631424253771
33.45270351833358
33.863943151890794
33.726226409245555
34.310724201040784
33.74925005555724
33.024460729495104
33.405728276839454
33.6338627773593
34.1212485563957
33.72031305114183
34.054969323186015
34.019075657403846
34.88827372559115
33.865828221256606
34.292851601141706
33.591736125911666
33.32545821187455
33.18394926627195
32.69271944616435
31.87583693128738
31.425557595072974
32.27125770722898
32.305793894987346
31.451309650341045
31.808499571971993
30.763751839073166
31.390470447904136
30.60702352383271
29.998893394871857
29.85155047203989
29.80000346981683
29.681748836812062
29.116096074016127
29.08182513143413
29.0562159439354
28.914167367632103
28.471033977023126
28.204435491723416
28.229912327061243
27.469275759797938
26.58497871510292
26.542852121343344
26.42346222447179
26.233102337964738
25.79735132155338
26.23958479675707
26.225559931102225
25.610716125621366
24.847921748877184
24.791911769415947
24.8696245052638
23.8910734134505
24.16336379347854
23.384232408482546
22.597225327728324
21.371238926425406
21.327372821720814
20.73832491700125
21.080380530123875
20.945919523639077
20.697447545073715
21.016425235064332
21.983282981242496
20.958866072060914
20.13978820422051
19.573059835362073
19.731781340274665
19.578013312845655
19.6130592400292
19.355992610926023
19.035696713276252
19.057031878401745
18.813530755336387
19.867263290067967
19.823355141891966
20.447544055831372
19.9526887230071
20.244172756044577
20.95349747493674
21.431514521278018
22.44988165668792
22.975043166930277
24.419506074708124
25.472256056117658
26.69667615026549
27.285537866174536
27.798952649088733
28.940421040072238
28.772757781472365
29.200693914444173
29.072378946064077
28.65779735404226
29.319717011425496
29.755890848407603
29.67526152662799
29.5450333457361
29.33984437179606
29.46552607403271
29.360353220068987
30.626953399243575
29.929189314386008
29.863714611132764
30.428319245751823
31.576332574578373
31.689313905498125
32.07360440105663
32.23421322960439
32.36253528668658
31.378864887206987
30.173596706471926
29.84020128954785
29.868565612311954
29.4834235488413
29.935192880389422
30.485905012671537
29.50403572544974
29.115050532285295
28.86540240355623
28.83920104224751
28.37017108351995
28.165642661015795
27.929780242558536
27.5044035614942
27.303661795313815
26.286710622158807
25.83061595251047
26.146843280668463
25.855608352961326
26.15594361157366
25.80692551870868
25.427373801721842
25.166022628694122
25.751282316375523
24.741630648068167
25.708768801487622
26.265373531858017
24.666711880620596
24.498602532376253
24.40659389690677
23.59492236541979
23.577755897848874
23.15880478953568
23.75219071712388
22.721698646922732
22.45975857727626
22.269558732654048
22.10056014607403
21.35535291385486
21.04830938544046
20.43994708052867
20.331370456797572
19.853744528173706
19.399691169633343
18.839130589366505
18.421937182210968
18.798415045620686
18.28307643979946
17.9431539087567
18.311684710803547
17.930762016175436
17.59700017508385
17.26369210601092
17.54666019582214
17.143398358656896
16.96439048648847
16.523014368505756
16.541210135504002
16.186716886807176
15.877010220609918
16.046703844137596
16.69654263690279
15.775119458545419
16.865129686614864
17.66625477925072
19.25629589726202
20.060582197199096
21.162973242491375
22.537861823023604
22.369687140605606
23.222626066852968
24.384629140222046
25.352778710323264
26.281479736058714
26.53524415321965
27.728547773184573
28.287972332320464
28.61162416997263
28.386736179426634
28.645756530779636
28.796454335959993
28.773868789606695
28.31631999022204
27.533342769630508
27.49073075434876
28.555104992392444
28.167359184635416
27.767089089792876
27.746686859848523
27.892459520852185
28.868828056604002
28.76744793177238
29.03937815534539
28.813909254901773
29.84305556474021
28.286394527260427
28.082065467619486
27.4646925308474
27.7099613095736
26.927255274028994
28.772657849928123
28.30118009185651
28.487400841426393
28.027663530080417
28.193815674814687
28.572452293026686
28.946320978045947
28.83114899067334
28.511968453499435
27.7510287545075
27.275903969018827
27.04665423897245
26.787898627470213
26.77818946256218
25.918881848645583
25.249603079981284
25.333499778335522
25.575704911913135
25.333184875778215
25.521772656044277
24.398114378321907
24.06710626972506
24.51236118610541
23.46030793503519
23.326935604280607
23.51181175173099
23.094824513655908
23.015040168047108
22.142495620444322
21.677762356394624
21.637751153244267
21.0474211382126
20.505300120614265
20.73586934577213
20.030612163261253
20.329295034987467
19.564459881857942
19.558560988727436
18.83123578222876
18.48706492301301
17.907584926038794
18.183439274327498
17.923106294452396
17.729744329788105
17.51568212722009
17.638740389592044
17.50552935889243
17.155751401820453
16.983292684994467
17.62603069201532
16.498575571673882
16.152425036180944
15.72942612556551
15.808893806753986
15.607745104580658
15.510028408398853
15.90927003106708
16.662395410912723
16.885530956500133
16.909232902833878
17.520091684572094
18.503509931336566
18.960905774398157
19.986549798779606
20.7546250643411
21.910242514987885
22.550289932750616
23.370107096441302
25.101758429231836
25.848139605353254
27.227130276236835
27.97314928280184
26.9978755062358
27.935220113733635
27.936828837612666
28.276982872133885
28.031024641476392
28.88047748375618
28.707701113125154
28.28173810318333
27.283988209602285
29.234893378903166
29.565484525531474
30.000948612238403
30.24804745663141
30.294374793994052
30.827379396677202
30.09034860474594
29.69121769857611
29.045855513736342
29.168756478902765
29.579471840027054
29.766570139689748
30.533344204540185
30.646675684674392
30.063594988514296
30.004108762341843
28.9585710240832
28.747744193287872
28.52022790249964
28.22318716268944
27.086273022622777
27.01548899988552
27.14482195095559
26.921323666522994
26.60694962478783
26.55895647578302
25.9520531230321
26.5639073792687
26.05625279449464
24.470612724679086
24.316137314659045
23.761710715073605
25.422528401917475
25.84965839505901
25.543883220056728
24.18532337403076
24.43620373407782
24.894633149851245
24.752341797321947
23.93160903680871
23.25798361362513
23.08664440131008
22.40290580779049
22.10978224163682
22.395451926915143
21.702712520387195
20.97052949275235
20.413021856795922
20.49893462431237
19.73903745277289
19.422930187340626
19.335373230776554
19.243343693257145
18.9615144452614
18.137287216997947
17.92455807524061
18.721039705271323
18.248592483029256
18.35358005578439
18.291694947705423
18.584958875142547
17.7721257301273
17.208604343749244
17.145250907070363
17.054520253394116
16.632691590686022
16.34735142298473
15.760404771581648
15.938347114155249
15.619383815446895
16.007813755022994
15.967956512985893
16.64244903620829
16.845364992266923
17.430145370042055
17.572294635153014
18.889690456376684
19.188819812466704
19.721974773561783
20.611997447426575
22.504640559338895
23.803982956806635
24.332767725856115
24.840169588477806
26.09881157663142
26.59721453856241
27.070821541589794
26.735542655899053
27.273645610171002
27.169673663227684
27.7452663197962
29.029312550276472
29.351951072629618
28.898186828089138
28.18581231497683
28.266312883697537
29.007463219028295
28.820094657615527
28.46179077482134
29.02501488622363
27.970541946537764
27.970889733946365
27.641539241812666
27.825556555951152
28.215585384210158
27.928330507227088
28.022806762053392
27.843287402694273
28.50826376763922
29.485793090384618
28.493800251134985
27.969280618835
27.656256184835115
27.362423911857036
26.980019561128984
25.73302280076905
26.12715255004815
26.462052407214514
25.141366085659342
25.06930445009982
25.116877888489626
24.473077248783852
24.270729685979745
24.423062524787042
24.575788590147965
24.055403730488706
23.333903699331245
22.516124634818198
22.997146981211586
23.343554777217832
22.90199246146119
22.29350268845826
22.096696955114112
22.455580543895735
21.80268260616458
21.186074129437316
21.404308882635064
21.10884932146621
21.211167094364214
20.545229500642563
20.42785358071137
20.31917930013151
19.877308851922862
19.263697751742257
19.30488750851282
19.457818737124853
18.528327673813806
18.332609630422894
18.200807695486333
18.08895015266546
17.623182451245725
17.591538787743502
17.576619625491503
17.519922002958424
17.145158328112643
17.244595306301107
17.193952600450416
16.717023485573122
16.51347475943669
16.113714005211705
15.704543536128426
15.7389864141918
15.68514804537267
15.733641602683292
15.671344507463914
15.483846062351404
15.205447011046545
14.811340986703499
15.28217162324529
15.168362718061076
15.09667184004968
15.196439941245217
14.831211378445687
15.303719551276458
15.635415899715099
15.780424750423094
16.398966797504954
16.883557443630593
16.850027251642587
17.421523421696065
17.607359796995866
17.58968930744834
17.561867685353832
18.06193127741369
18.861863215185053
18.737574854872776
18.491712905665622
18.777431053284204
19.67172310816096
19.424299972094673
19.035006135194976
19.92023239631021
20.49177343950896
20.254785065237456
20.111901823899643
19.59174180978414
21.01123397754577
21.202509408624564
21.276031710212465
22.104309215626586
21.12243282189661
20.74003987422509
20.146037193621964
19.81002452465134
20.632440828976428
20.528502778501093
19.782832836205216
19.604194639544517
20.180450562729106
20.44495717142047
20.435623440231097
20.054654088058783
19.940986706939043
20.29205970478938
20.274744289137516
20.1149965273446
20.499437321476194
20.281986656572883
20.798196784579886
20.09270340000853
20.222876053082473
19.549440313591617
18.98191520772184
19.86572717668298
19.69101047510992
19.858024685345413
20.10034906176554
19.77417350223675
20.03080275853506
19.151036895529842
18.859088359527505
18.475237774820584
19.235210373177438
18.704101866328187
18.353917590699552
18.286625714250704
18.188576116854733
18.162556102886015
17.852655138537557
17.731230438749094
17.556949187408236
17.06469424897557
17.3674356553945
17.236994613927322
17.142140050464377
16.63044694714597
16.50537859266899
16.151014926962148
16.24612992274956
15.90216800695623
15.616181125954654
14.92390247755111
15.128527919610406
14.87717986887776
14.241238920082992
14.368893031761218
15.084786930610221
14.070963818141195
13.426645801516656
13.262570237204443
13.763094510895485
13.711316048068966
13.139743143862347
13.379175964620515
13.932008687829807
13.711622643376472
13.342010559488358
13.43685453606804
13.622649521235644
13.951417104818006
13.965692218252116
13.786268713736433
14.326711756387454
14.837776507213789
14.827462941199997
15.280522410478397
15.214927939607946
15.310765351272721
15.558052199101326
16.14198492754258
16.746666204620624
16.53504056950817
17.13388037527045
17.275723725287662
17.220321057302613
17.09867129079123
17.349158596668076
17.262355175435857
17.931250996720053
18.279362177850203
18.16191278821134
18.916296415081433
18.650813618408733
18.61362086453505
19.85701049050226
20.137925763632893
20.81955512930051
20.695053272012046
20.037143764012853
18.738301924643906
19.138271396976734
19.76682124254205
19.22431443262792
19.398106716487973
19.679671015783924
19.81705815567841
19.971708514148986
20.369409728805522
20.464357373791017
20.31708118648703
19.91849542454895
19.983993574261262
20.829009961972247
20.716585612240692
20.23338424939567
20.175724999544627
20.7632465001343
20.776604255023244
20.891168428415995
20.550621650975472
20.397867268695677
20.004219097362693
20.125504606920003
20.457370550335895
19.821353584382905
20.594282561661885
19.680134412341886
19.19890379280423
19.15961221102191
21.114820214964197
19.55959012354947
19.094431013922076
19.68735497933369
18.92022802264603
18.093620782155767
17.945043384433916
17.54367134827362
17.228190265379453
17.560019572731903
17.450314020262795
16.907431948577596
16.577949678496793
17.19334035710665
16.688221982180494
16.90005754277729
16.30259897533972
16.210868290885514
15.723081830564865
15.52572768959567
15.628393047482632
15.695327193398498
15.310701513482513
14.35787509987108
14.352129783555142
14.477105378133842
14.025569717707072
13.983271621030894
14.67596771046044
14.570661859348661
14.4678115459011
14.555485117183025
14.19472238961248
14.720235477524852
15.737084655444278
16.605396896288198
17.142776211514047
18.132281545243472
18.78563548639363
20.262367715849905
21.06774948177417
22.15835375630411
22.85701397021012
22.577723776788503
23.29236419921699
24.148305470969035
24.13590391436344
24.123996406419565
24.89971542455578
25.475633765061843
25.406488726108932
25.963170365770452
26.325869718803006
27.05383969966158
27.747450174650794
27.99388998690779
27.939604799224526
28.26045313693203
28.263294516163796
28.096278172628672
28.52523535908881
28.756121079974832
28.05165817272359
29.310076501401227
28.55730441898288
28.05453345681599
28.48775509727318
29.21099403283756
27.885793674642287
28.260081127398962
27.544821730264516
27.927852536253795
27.633113651446706
26.779991743100936
26.905105108274427
26.49765492581639
26.52487920271301
26.09574731023713
25.76861406411149
26.12129983596799
25.907008374107022
25.399834882533924
25.141130955508856
25.660081303896618
25.30466453889801
24.409488003728256
23.5187459791141
24.42635333564988
23.727838729458085
23.786476391014958
23.60265399853438
24.026478026059863
23.241555975125607
22.97104232490028
22.986899930791765
22.536217141345787
22.058960976527032
21.575570964717826
21.627492456356435
21.518346622663103
21.027294443506776
20.41800460667241
19.79883800248217
19.35883212713111
19.26970159327368
18.709822143869587
18.67234234892817
18.75829767424534
18.298085960790104
17.87943378194177
17.688695103511918
17.340600096232947
17.33293890240259
17.249463188111235
16.928750423765223
16.95042134569519
16.897805888879248
16.823587506524177
16.303339321449585
16.481550727301396
15.78851062803426
15.41133692130154
15.229739244413281
15.469138982504091
15.049157524808265
15.173730365473716
15.120364670748472
15.422890250760815
15.89954530751794
16.833955665996314
17.465431181658687
18.144459921324028
18.792055273352275
19.39004819107174
20.699933964914408
22.328991176432396
23.193710717146928
23.906172677541576
25.573292682032047
26.192758722958615
26.952261025110374
27.119989006532705
27.09476708166119
28.331628531469732
28.658016540448216
29.49169147233249
29.50564433818431
29.61638598429238
29.942132187897073
30.819212871785567
30.942196838088762
31.168110532413266
30.738088784643082
29.9837310118578
30.78519046102133
30.75537733049987
30.399670751467966
29.698819761273853
30.00102999077967
30.018201956505322
29.83229632728103
29.868329098849244
29.699191864625618
30.38191603398718
29.803972369449866
30.52541229806411
30.46151108261472
30.10354165831336
29.569003959159204
29.713961202062592
29.18093573895942
29.820613621253187
23.66996010655032
33.98430316296617
28.28917182475425
29.806844553085625
29.377081401142163
28.882013346419853
27.9810789778968
27.24677565804768
27.08247767856028
26.712895817444064
26.294722354781925
26.2496521097479
26.244533191861024
25.950810459426066
25.971722379481093
25.845001365932035
25.0847054122587
24.50903809811723
24.579510837971497
24.874582044289582
24.622839318753677
23.952647331923117
23.868910008752096
23.50870663632952
23.237952016347094
23.350860808741913
22.16433214526114
21.979714568663667
21.978035785081715
21.199272147563192
20.793409361771978
20.651267766099863
20.09520838530466
19.420353302895023
19.25049554283612
18.81847885271077
18.637967158482866
18.835105446148418
18.402057629891488
17.810789917181864
17.889011029090625
17.706152547404827
17.568728284704775
17.62806949168362
17.360415791481614
17.131585163645582
16.978985724612016
16.966195783704734
16.818758818173137
16.889176415447878
16.922793682115866
16.926763281023796
17.378248825301284
17.65268603953149
18.050070548951453
19.67275488891937
20.077300630826358
20.86515110704022
21.738168684502398
22.64205356178354
23.539258282110836
24.276579282958892
25.47476473221161
26.375845210911166
27.343957213923204
27.545255085271947
28.24778211915725
28.63479828801718
29.002568362334046
29.050330221816353
29.73126609460917
30.405844972756313
30.102304187975506
31.053024414058314
30.729681878749943
30.5600884450688
31.129214295289785
31.52306456716269
30.96243991074971
30.642632293103475
30.965719239702366
29.842959054438552
30.392379486695177
31.26810518700995
32.27218462950282
31.287930674433596
31.58077526210195
32.10128654773712
31.78054326009874
31.315351937442074
31.12760010849138
29.842849517272043
29.15028552017975
29.151489043614788
29.368401315468304
29.2315007059359
28.189376932601476
27.545876773587906
26.320163033600465
26.19352570243882
26.46821652109793
25.707848560813886
25.730819212397364
25.04869296714503
24.86962753086425
24.524399644591085
24.38519141329391
24.17396482018421
23.659067638505917
23.62863245394692
23.48106882961406
22.94365860398443
22.982665537198955
22.94182335495475
22.876289013784913
22.817101325603176
22.078575318896924
21.870953347669456
21.653400151961137
21.597015650536264
20.90177191686962
20.271845434082707
19.850072391908157
19.326252172337604
19.397808957373968
18.745587775908803
18.645050686081163
18.28826227959746
17.729683946764908
16.883809170858626
17.205084083874453
17.598033466606694
16.912110129904363
16.940790863762004
16.19614935894026
17.410133381473997
17.1290402247663
16.910742811877412
15.796444307454294
16.446660807329295
15.638159730523398
15.809588451164245
15.380244153755712
15.466468440108997
15.298983379116066
15.117773033314279
15.342065864392907
15.488435049105647
15.802185366575031
16.65571224786504
15.74557678781639
16.93461434384733
18.2988842254955
18.745675788267476
20.098772752526656
18.83936471675861
21.718632218946937
22.645700444419845
24.13641343274344
24.757088675099908
25.959314958039954
26.189204031207964
26.49629017849236
21.1992610876423
47.11000551033703
27.854123774572145
27.702656982056396
28.00483659204383
27.272229457638105
26.8193453807703
25.829898139006673
26.09509918527226
25.980523319669715
25.810026044237475
25.489547568971943
24.538027165341873
24.102490359587364
24.364667555474625
24.02476726222551
24.055933220820293
23.89202184399153
24.06998076662512
24.227081461993976
23.706958143465272
23.13189514106898
22.856685368056105
22.895184023344996
22.580874120937324
21.984806304511608
21.86760415232311
22.188855449648713
21.215213715094706
20.687015233987267
20.012673489863346
19.58558802205971
19.52228064818553
19.200158159356306
18.77437435129002
18.581952022601854
18.221784750979737
18.427669614039928
17.981059774370124
18.04832832582349
17.917351048116643
18.309266121385576
17.36471045371968
17.147768229769326
16.02952626008937
16.220893194849964
16.51576384432724
16.24539698331853
15.97922509126181
15.852122754146308
15.59003415315101
15.853565001944276
15.973109075721254
16.44260434951002
16.379032410846435
17.369950006330214
17.11045983313329
18.299121344988066
18.71670047613975
19.284185536563086
20.493137986026
21.441530127347846
22.9861223817677
23.799436278481267
24.262494103694394
25.075796641112902
25.74047303198404
26.865183217492927
26.446120526892287
27.819665237419258
27.884019898383258
28.622877180552564
28.718462752838832
29.440307978239616
29.25064841887786
21.204557400871295
36.64351034487731
29.70110169990153
29.278901598887046
28.456787062319222
28.439904307234258
28.39895588853767
28.754671106716728
30.160248575439937
30.077757864251225
28.06239665060798
27.796777455827623
28.300331726582158
28.57135741857985
27.33030303931946
26.903707191572607
26.868722767446684
27.28198889516409
27.211404467145485
26.95559709128588
26.42057869243081
26.18973888341725
26.396376287378985
25.635402693697415
25.269362221476058
24.98888966771699
24.731176358377297
24.287567648711388
23.94419785329376
23.32104967574469
23.41833272796589
23.002330747506107
23.076911979946658
22.37367105704027
22.699981346616028
23.58744141587647
23.040453933308868
22.858392357494836
22.53696316078424
21.94757498839556
22.288173193019816
21.956548763274554
21.74637963302507
21.655064959894162
21.270972651620013
20.60605346666864
20.321076426569334
20.684909523284887
20.031362974012154
19.73778130878054
19.41732242881187
19.547298891154128
18.995342062002123
18.012523456608278
17.9102495212162
17.7579643020822
17.518067770724883
17.354682575291008
16.769445034276487
16.50380776261261
16.233582004597906
16.01024585549021
15.89581545797057
15.323001068625217
15.753996421989314
15.761611352665454
15.575909401029321
15.12673201404732
15.032087652841483
15.143621836334091
15.237177652431455
14.981812017853713
14.518702295571188
14.271893862499041
14.716422204856372
14.62586296086863
14.499506033543412
14.389298032143984
15.027266486941585
15.558470027248404
16.28287172496323
15.842932416590315
15.97056955899427
16.907083128347836
16.790533482091405
17.1925427273344
17.806367968333348
17.001950751832055
17.23254727788651
17.685513805448977
18.30503340755581
18.402181081730646
18.779792325903713
18.690730636933495
19.047792671843922
18.901302758338602
19.016247382996994
19.295973858056982
19.395210952971865
18.90093004323444
18.831821705133166
18.963355776474202
19.42167097536651
19.607498035426488
19.456836053645702
19.61889586289226
19.239496644582573
19.322861292168568
19.608962871414633
19.822839000570525
19.82488221282506
19.559617984158194
20.538541639471987
20.694784652700832
20.61302202571619
20.484161763550333
20.517281396040516
20.977293794849288
20.39606033585062
20.87483908850413
21.38899183229455
20.671292741269895
20.354416309392832
19.630657699354288
19.668385848349203
21.105513384395067
20.027894158561253
20.551328610330984
20.37584914477918
20.00649638346283
20.290480412587158
19.849347329964417
19.46410947942252
20.239717756670302
20.420197846844758
20.479025551619088
20.05563553279262
19.397165271284052
19.584181658230307
18.995412635793855
18.96430106478965
18.91454925465814
18.719716776663404
18.035676552001974
17.978715814627662
17.936904354771286
18.06833698561377
17.618325503572805
17.15657701436737
17.332652404013288
16.68927334764544
17.568623320866664
17.02738325246264
16.300265889394154
16.326766870739675
15.944204108884264
15.904940699266945
15.831177261416315
15.675308167865865
15.422998685558696
14.744767158303262
14.727471428058607
14.202145656227458
14.156544527994186
13.595705940958169
13.623208762866511
13.625936098116085
13.068538147636673
13.262897043982093
13.099164949388296
13.858554892638836
14.179282513645262
13.925643063969915
13.453315946887244
13.47549765393478
13.819534557307634
13.88620085464845
14.276848975566963
14.118344900758984
14.967733066970936
14.557189229286905
15.036633430658412
15.15942342702283
15.912008344745345
15.674608808008315
16.137580590592506
16.139038749468796
16.962379480753043
17.52121639877032
17.68053275242812
17.607377338419838
16.858435002063857
17.811964108307052
17.758996188627634
17.5702358584158
17.745174269347785
17.54204909182215
18.34898181431663
18.546664653092307
17.919892665163957
17.699478407108813
17.8212425272186
17.753775027005872
17.71119171305213
17.751704144737346
17.70518344954087
18.474912311547882
18.791598471302223
18.701993857444336
19.03238689006662
18.554947599264892
18.798306570240356
19.422605856920086
19.406881605403896
19.736132246795364
19.392160855103384
19.15543577111123
19.160724985832303
19.493574877989317
19.24304914705465
19.69437078492888
20.06918911084449
20.061229286762455
20.080646561315916
19.921564542729584
19.8446014333349
19.9382009732783
21.13684299649435
20.93211849716681
21.468884830751904
21.035219664312763
20.858583767580626
20.659704966035406
20.220204725952044
19.579142956230612
20.05547142406988
19.29342183527831
18.325125593188886
18.96978236701534
18.270901573941842
18.414944462660742
17.81093423270761
17.826298247192312
17.302273985957754
16.873485377160137
16.949192235937062
16.07381210962444
15.857860159764073
15.587215298280853
15.396727792514525
15.767788243525501
15.837253043319151
15.651104625190555
15.083990590122312
14.64391620143897
14.61001100361591
14.648825521906588
14.624325921959894
14.52428453093603
13.726953529892455
13.290072126453083
13.00620810116095
13.106961878207017
13.33215124673086
13.291767658758204
13.509211698550871
13.959354335081343
14.237239326059466
14.85943212911917
15.433848486008173
16.415088967771567
17.94044667730725
18.774928745610282
19.656053327074687
20.12326589783379
22.0407267223311
23.047447699380882
24.596129248484772
25.58370045547997
26.499365783178064
26.266383199966413
26.419755216654266
26.777589924623044
27.67792090638477
28.11946612758703
28.04834000493281
27.846240494973927
28.677626679490572
29.022876779575768
29.567202129359544
29.566582527970922
30.219735382866816
29.841271920181725
29.546804362318312
29.45372268610174
30.609058952967644
30.51701687315972
30.18689357412177
30.054054178556044
30.521646586618544
30.0011753974602
29.342062508212962
29.155814701676434
30.632985141809968
30.06919731143887
29.55420209803549
29.0052116268821
28.97879596323753
28.899649697154018
29.03030284050294
28.105710505943193
28.211118558545195
28.12979364204682
28.043440260597094
27.53138795967834
27.25460384772316
26.731066906314254
26.37649124107793
25.85524226130599
25.238191815607138
25.977227980912403
25.465790215714833
25.570095073528705
24.794125031719318
25.3342024259656
24.807929690361107
23.627057563654603
24.121538380901825
23.89566566828273
23.954787678194748
24.711075956022114
23.861608821398136
23.545071934251382
22.69010891699054
22.293925791872198
21.359751483954938
21.000629403879657
20.588311206759613
19.757932298303444
19.95313641768564
19.648750910978265
19.628352372628
19.431918351475133
18.37198419619358
18.227142932195704
18.178353074305505
17.59929832028081
17.77229186826122
17.376547189766256
16.46333880707084
17.27943142296965
16.56655988642683
16.3524301464912
15.858872412232927
16.33569118200512
15.72600763464095
16.063404451435417
15.367874152684067
15.294401347962776
15.228519298918059
15.26926139488421
15.432801436579666
16.144881076882143
15.817325720066378
16.502028308133845
17.02955137876006
18.758034014367468
18.956596414324963
19.705884418594337
20.800044837435735
21.557550531260517
22.82878897658395
23.76082564447836
24.655343493926466
24.99704540312871
26.791314335632364
27.40822232936614
28.48842050903272
28.52497086806352
29.223154130098692
29.901664689869676
29.855782209416475
29.994839300916055
30.11712236434937
29.966850407591664
29.364206449530684
28.788019087745624
29.59549519161476
28.879580718695593
29.195559677343795
29.691503525537883
29.186017742416198
29.84113190198491
29.457531219096154
29.373985925787338
28.83094393308386
29.653783023048845
28.912192051866327
29.80404839557366
30.155718942438398
29.928013597264567
29.311940461492213
28.975214741701848
29.533147687579685
28.847760067590457
28.76934656585206
28.58969510903296
28.28995484801021
28.74810253922908
27.763876172947448
28.099819822455117
27.75445347875268
26.654800454126416
26.75510755533935
26.381356982025636
26.018442306953034
25.128788642576296
24.664593104671553
24.879064259716074
24.999447476679734
24.81977600850189
24.46933333450886
24.271541972405885
25.117278274585033
23.868608414739583
23.375269125051318
23.155850062599256
23.19355913494212
22.913265658071964
22.70221347195411
21.88382579882125
21.396304712099777
21.270801889566428
20.768685633538553
20.58531895725082
19.891800696107225
19.325042517473662
19.11246092276906
20.438783916642706
19.069231096467433
17.932724975817223
17.72186003439083
17.72185074269794
17.533119542151553
17.470420351175107
16.97549771865397
18.52946110384289
17.204120929728333
16.306629234675256
16.497701062630313
17.21853870135226
16.36572796781479
16.078737198795125
15.824619365494755
15.774184720191442
15.662739758633052
15.969373318037526
16.130520284629597
15.495051555478994
16.137112906852053
16.813139457901798
17.06646668354699
18.43079300159627
19.30480615801821
20.414069884923038
21.378630924914887
22.005800557626912
22.223229445902234
23.95761288547544
24.481649495531315
26.055149764987164
26.763791699909575
27.718349757958663
28.212737101667813
28.055668964343567
28.58731838289168
29.227172779694456
29.707006920984327
30.254726157928417
30.03907431636651
30.044559910462795
30.057752242160632
30.288470740076264
30.878364797613926
30.620208981967494
30.44010516355479
29.93541719304062
30.628842019687227
30.497252364656106
30.07548887808491
29.365748122243303
30.951831225497813
30.958662917948686
29.45964675842913
29.93893410722967
30.619573395266002
31.23485798074853
30.240290004425674
29.984425997760127
29.445729084161258
29.543053729925305
28.229778550682
28.276065360363418
28.23927828684907
28.000570838528915
27.439782538330405
26.78449105759603
26.418068224754848
26.094542102836613
26.30921812305155
26.428335833979986
25.28708120161332
25.135428676864308
24.4589101648765
23.764035861332786
23.54707831716769
23.96868866882494
24.419058348063572
24.860947379380377
24.582450611384843
23.33336767811511
23.43561661052763
23.409495375891993
23.061545070417424
22.653336491937466
22.430151083877035
22.3700542933193
21.594464808329462
21.000784775468446
20.90444133401934
20.65312949291308
19.946904455396634
20.000924309906623
19.420323092103445
19.559352119698246
18.676747986824125
18.666353061695872
18.892041128423443
18.49706290408517
18.341075667324162
17.668645842500382
17.57270358446192
18.37598966863925
17.619914405434315
16.7337212658382
16.740002342251273
17.006989169444978
16.83110011858207
16.40480280710665
16.43786092791811
16.270427097963875
16.05974447801725
15.968978500655453
16.187920950116222
16.270724366338868
15.753432983301309
17.299283367701264
17.37466046479608
17.86139020638086
18.7753473797859
19.151607708284246
19.406226051058525
20.770611327831148
21.04061381060353
21.888853631691063
21.5884913116181
22.724258882990853
23.376520731956134
23.663049329981845
24.251721715679082
24.985005097218846
25.387846186525962
25.857178348323373
25.63639033439199
25.5169756752191
26.607413610792833
25.819753851035784
25.43898454259613
26.433545980502117
26.068168077831842
25.953206133321146
26.885970504021543
27.17995340052289
27.24267238380014
26.16674255207795
26.90824873208021
27.02840837214376
27.36485053634658
27.92141255642855
26.921705079764934
27.427414887492546
25.835633150083027
26.42951482572687
26.558281210278437
26.206659953516464
25.692516204019967
25.9267199523548
25.59300500730808
25.464584027244996
25.711850373647394
25.636653431148716
25.505245382401654
25.2566315576737
25.00440528710908
24.70938560090906
24.725721269083806
24.83635886202933
23.820126482806245
24.319384318272796
24.018290623670282
23.522932938955364
23.222816008802283
23.905934522552343
23.918465276208508
22.584176751334553
23.2597827553426
23.372217925115706
22.451303786162157
22.832554484099433
21.673036908727568
21.42314409769392
21.30823940580217
21.193791345348018
20.753463978538775
20.402905313069482
20.059447423060192
19.952998485373087
19.42418623616163
19.375628402428788
18.224330393817922
17.980668553596388
18.053397879248905
17.806812985365696
17.277234124705615
17.141805060403954
17.324624776956398
17.074838274393528
16.92150976341236
16.9647836277137
16.605696950831543
16.652353606352563
16.084889537158915
15.97556635786384
16.02311085770532
15.64391461499963
15.879369526900518
15.998638392909697
15.620731777481069
15.577633083299133
16.277249959614323
16.670628897506504
16.879826532739457
17.02635010775839
17.035066435176873
17.963999609885263
18.56723938571713
19.431302779658722
19.679504549166495
20.40756446756461
21.48340306145974
21.82203503884773
22.726785421746854
23.560859099635877
24.467632968323983
25.18139942090704
25.142229277875913
25.595205675838315
25.707854470646225
26.54250767933206
26.182747811354375
26.952937811856486
26.288739436270703
26.357577538698933
25.652670405420736
25.96917720059116
26.63784113063707
27.67119857934449
26.594297083446804
25.668561740445966
26.67506335918347
26.491147617341085
26.29932121998627
25.78961775759626
25.50939892524366
26.340376200809033
25.77949565528013
26.038873489040043
25.851962434206143
26.309809708000557
25.398937999151485
24.90784070735606
24.880224996024253
23.886859192346606
5.994842794941178
15.073969658271267
171.93885093373387
30.469562761921452
36.38219205559494
21.85447245452019
21.421060928810107
21.2513797172262
20.655273854663847
20.547723043735004
20.400477418060916
20.664935901382137
20.457759046016918
20.552918073980095
20.826894796280158
20.27580815253077
20.335309933140366
20.450655424314164
20.360747945428557
19.458520534096124
19.79869614935319
18.864671402816157
18.546367678437832
18.758404552359025
17.965116197953307
17.962770992577248
17.80565821757773
17.333170866906812
17.5232034033084
17.206633119277285
17.40818869809516
16.69745131806644
16.077471426287616
15.840423910256845
15.593962467011806
15.877140540015262
14.995316825998657
15.022961327495864
15.116922719857712
15.737139869577163
15.854014108066167
14.338086523702827
14.307316465473718
14.369464066492469
14.441393112686569
14.175637415922324
13.86325010359485
13.537777317764267
14.085055321929758
13.532650497966756
13.573758159583576
13.478175957137182
13.872326096628285
13.536098368107332
13.660393339440589
14.172157363196106
14.312120367524585
14.27131200233282
14.857976563969885
15.25556901019695
15.850337498637487
15.577990188745957
16.012410904954095
16.525265683465364
17.090853395916156
17.54710136527774
18.021678286624592
18.072472438931754
18.32595966121073
18.043000651423313
18.021499643430047
18.137977456533463
18.61460465172314
18.32990955507057
18.279265006607602
18.381279186175902
18.727436260601166
18.923886457369235
18.90301891251636
18.63975590536927
18.97943898272831
18.185784707957282
18.6628097381556
19.251894216085475
19.438487572165627
19.54885632534109
19.03510903236429
19.424913330715185
19.49833839668554
19.267872707339393
18.976817922040937
19.18847328138486
19.26514639738184
18.67350041846305
18.297036446459174
18.29301910025515
18.816050119120177
18.56131943782077
18.667894210630834
18.5336647933334
18.370057539427762
18.458279447231348
18.599494804225856
18.72842919268294
18.17284971374511
18.177524925523585
18.29360659986378
18.345597103790965
18.512028408516016
18.001825668594392
17.470325795828444
17.863740551299884
18.24109845782425
17.71487304133757
17.821649083053217
17.612670259731885
17.91094622481387
17.471904314836593
17.592101801540537
17.70440933224313
17.53108388437488
17.000457053020227
16.821560792762853
16.264101258265782
15.827565281678176
15.487286275014185
15.606972861335237
15.347116494113266
15.246132453740529
14.861258982529534
14.982481060078157
15.24661575145035
15.156765844071515
14.332942408464078
14.240580132730884
14.589854483528597
14.792065194268275
14.262070737788918
13.537261783647978
13.380162815823041
13.369656920724765
13.378670449821243
13.322227081760957
13.517613971613855
13.35825021364792
13.136263792750697
13.511356981031554
13.142570636648543
13.58635057442234
13.580869767245758
13.12126877354035
13.789826858517017
13.884377164987995
13.803173239335138
13.635965651720994
13.918791048919616
14.450666197279247
14.453588129158334
15.009070352940228
15.187890693254872
15.91001180470198
15.172013486596029
15.364533072812605
16.35251485109916
17.747221943800923
17.433061923983928
17.466841113978603
17.63675605508581
18.239679995218808
17.46124813515752
17.050635595835956
17.45259445861575
18.127447939800845
17.947582733301942
17.488774972356396
17.7492510162175
18.004994824800974
18.095246292638194
17.589207625753147
17.86680957090607
18.02581833910608
18.101089875624325
17.765287689830302
18.03774524383357
17.659705723073444
17.973426625061848
17.796601870546056
17.7896651566532
17.76013386501802
17.665687064117265
17.957367836263074
18.657648656785682
18.366340011450006
17.84800125020729
18.302743622611843
18.6813188693518
18.789543863464246
18.43278892854164
17.78816873616927
18.32384176068183
18.631919804181166
18.94939486132887
18.620049697223862
19.114114197504023
19.360373485049536
19.45739018597851
18.892045261815383
19.236098020723375
18.931210542393615
18.042724065957486
17.59676236700585
17.582186608708525
17.452475630577624
17.814744179411946
16.89392220326988
17.016728277066704
16.931348386265427
16.327407467710316
15.757743562406631
15.277747849628895
15.261836659357527
14.983465701650061
15.12174255564753
14.475053998904968
14.335568605276649
14.093455704676444
14.067495432849114
13.974795493599004
13.777608790593547
13.348710420153566
13.40484620982022
13.613009242583189
13.842495631517068
13.389520633204597
13.413339066779258
13.322744405047388
13.157805287772362
12.771128428310362
12.74915640317704
13.348436912692364
13.615079095951955
13.476045539756797
13.527423377902778
13.819092968466862
14.523540717055084
15.213118720299462
15.81005393355008
16.892680990992403
18.014541641082815
18.787773838024805
19.502863633314973
19.746725229328717
21.077106305178177
22.452541784132563
22.380364516806026
23.216563354969594
24.38018842715337
25.174758013001906
25.272955530575587
25.878141670644823
26.45963089811346
26.31041824212923
26.2728654968123
26.554969151086652
27.09821884253347
27.972267936533058
28.589537443060635
28.587889489822146
28.19351232671022
27.31499966719548
27.5370999411017
28.071893491705623
28.735396247844506
27.609086641974045
27.448800424713
27.33880677036302
27.921548855536116
27.2251994201838
27.52830085227663
27.649421600861956
27.358367330550323
26.927011387556945
26.875787239092233
26.568673368515192
26.57049569046967
26.241626171021153
26.01448661840857
26.180690317964718
26.16868386756323
25.710714722978537
24.9686050055318
23.75512791622964
25.091746020181404
24.275845686881098
23.193945214399832
23.727264354996464
24.140461554466583
24.079951118406257
24.04289011684841
23.882866791292827
23.234882967820056
23.461417526119476
23.507179860645465
24.33341312802554
23.537979218028227
22.717540168486266
21.44182200762009
21.182414020365798
21.499266729366013
21.12219002267318
20.66635667604254
20.35777125991774
20.591990136929667
19.932946327911168
19.234576606353926
18.532552413230178
18.66771864724376
18.4143456870637
18.194579883360234
18.20797559973107
17.894390236305185
16.981704586908563
16.88372552935175
16.38143274712627
16.492215896256084
16.34989822438638
17.041948089487505
16.063369647556442
15.685771431049602
15.58169119873105
15.515889210850332
15.995408751104833
15.503230430752296
15.25296397833074
14.432852635077666
15.181153325073296
15.063481764881203
15.152130417548392
15.540058154819008
16.006616750360877
17.139383474984697
17.384102415158054
17.505325174501536
18.20243071817879
19.312168531582756
19.902108752050253
20.75348733713122
21.300004740793156
22.519069679461154
23.37993822384294
20.96131433682649
24.192378269927758
25.61702919453785
26.502502339648117
27.40667693319881
28.08859364842192
27.995101594984703
27.833155247063928
27.32753550724351
27.800463269199668
27.94601535403808
28.605852546851565
28.00568851004323
28.114434745076323
29.047877514675406
29.075465973411724
29.218156598664564
28.546099505975008
30.378928358594294
30.887844210784465
30.691426350504344
30.57343834413018
30.83439845088833
30.564490068643067
29.873927118540564
28.31046999970863
29.454132789718187
3.0846855181777073
14.566994949261698
9.2819240079682
40.5472025870132
27.809507772649226
2.747447660850412
46.063405063703044
26.895791659452016
10.4823507862842
39.07619463412743
26.245889234645006
24.179161008140454
40.76558467403288
23.36905066193708
23.915000778991725
23.464347955225776
23.313272169268657
22.87186974993824
22.976579524383055
23.0170766266873
23.13060521760565
22.62823143396588
22.3349904789942
22.108869754961233
22.264202926460484
22.597817452495292
21.80043748957678
21.690554483459437
22.022053168136722
21.31312447360972
20.82275621618362
20.43208965217525
20.823892072084618
19.48203040878525
20.015372962338688
19.057814237294224
18.78367400891932
18.280660853292943
17.936218212912195
17.508434345388537
17.4385124260765
17.470934644060378
17.648039098398385
16.60654498917029
17.138475737967383
16.8961496387343
16.64831920624539
17.137678106131148
17.006959983414276
16.288199847781357
16.363504892273568
16.66377982688948
16.578489417332207
16.847566001311066
15.152510948571376
16.830238120257377
17.59507031140072
18.001394538619707
18.649936681429267
19.23519985619555
20.083939412007226
21.26738996730876
21.6186318404483
23.015071658059924
24.234102887309746
24.80437030488838
25.59418557327058
26.73396669519616
27.894968765946942
28.227548529286082
28.621772555301504
28.893665720037347
28.92409841727499
29.53460964170995
30.10150278613537
27.958375189212347
29.26321280799334
27.531313508950802
27.596738146951452
29.5286750742207
30.117730287028735
29.587151397720845
29.181276312042996
29.222181863943092
28.464614687678022
28.546232449345098
28.402921698493856
28.80106464671428
28.34299103198225
27.83400039368314
27.17690341929074
27.909169266760046
27.940990242957014
27.386777998682646
27.08533785710165
27.035118984876476
26.976754736497526
26.612097512196556
26.562135088765217
25.751824957826443
25.8638257533496
25.59804046112356
25.219224721070646
24.962980774900416
25.222214314696828
24.277084244779985
24.28626180730521
23.99861600486554
24.064417767524787
23.692779376851945
23.66739490461066
23.104448607284098
23.84710353580556
22.926657442954593
23.392996973930053
23.239784501445797
23.01911664583929
22.613291614640957
22.174091113308577
22.001251160152833
21.41745175942981
22.058335106068057
21.252393432061467
20.952252032691263
21.028236603327855
20.035990980839074
19.94356278504472
19.717942753241346
19.32520687362205
18.896740663659557
18.367696603775812
17.982638868154254
17.96848480126357
17.50615653915372
17.270540989323763
16.768290228575097
16.899369603801688
16.60457684119109
16.291936782844914
15.727184811761617
15.876174494186898
15.785645628672683
15.77132720459008
15.237671508649782
15.594972545069595
15.446747830683648
15.498509675488094
15.04770518230498
15.538112516597948
15.17904028482576
15.504596804512744
16.03723322826181
16.96200861908278
17.48538191288685
17.938913368692283
19.044866076747894
20.286401845705655
20.274046064124036
21.327354178656492
21.75857740508104
23.573018120047323
23.954894628021066
23.77485268454052
24.761052496863158
26.213630115187925
25.450817580041303
25.89661680377219
26.55081805861539
27.144602472846714
27.608087902263264
27.887031309597432
28.11831467865727
27.947180623975896
27.716867979693234
27.623096086194778
26.943043059705474
27.23756578916914
27.176460363364413
27.751628638811212
27.57007139896473
27.87156759783238
28.363277186095274
28.72724834136136
29.21699237221901
28.88820115093222
28.655251154316602
28.794564833739514
28.63696509668455
29.10036462193159
28.983807013701835
28.661945464143855
28.962133914177684
28.246772587189753
27.488963196993495
26.867073955409523
26.624562860422543
26.262642933784377
25.361507306679073
25.679071514181487
25.780725060569466
25.99555293952801
26.040912570995488
25.75267923582851
25.208542016126216
24.84974821764888
24.516435280958376
24.39553540198972
23.831686781827898
24.2887034378644
24.34865262237747
24.07678919549312
23.87180004251104
23.62968699822386
22.428855551471315
22.23533847068836
22.534507457298787
22.276411829496624
22.602072710377513
21.62538801668404
20.860729334646066
20.634523477961466
20.11962847946006
19.806392593095097
19.19593724951278
19.534844012338112
19.20808315752265
18.688381153227738
18.831096704462993
18.723743919247227
18.183649141664205
17.68544703823818
17.67504530212784
17.838044407433472
17.346975817341672
17.135291037543425
16.53266344211079
16.758895629124595
16.418849369173245
16.173424781783297
16.209952358781493
16.693183191172693
16.68201779085291
16.46191301707222
16.343021076396667
16.327491863745195
16.154235016137136
16.629917905522234
17.32198583802881
17.94397879744929
17.769820199795276
18.372776142109615
18.946438396971303
20.88876771923094
20.91563605316901
22.507319899856498
23.37221127880821
24.681634601737755
25.27095153797086
25.17397162691077
25.346486749000746
26.6464562559637
27.010551877538546
26.779050823647594
27.128361493660123
27.581017519731404
27.81096973847366
27.645184921692476
28.263919570588257
27.625598515777142
27.795627460922447
27.620543586511417
28.364212379946252
28.595072750290683
29.219826190732533
28.804443583122065
28.093664319042546
27.74647106382406
27.41749027489425
27.295393568716122
26.755242050717357
27.34732787681037
27.505527694942543
26.7872946277256
27.38015452397383
26.72085463604253
26.09897344376236
26.200665715361993
25.976621457759734
25.630200067014357
25.75367996534976
25.204219535740663
24.419277172205057
24.080873873204382
24.02965902973483
23.816605123312797
23.380268719360288
22.650143609086854
22.29431518249828
21.480575211166297
21.798691031933572
21.564211596736754
21.71120945786845
21.48235672028386
21.67856305913176
21.398595935312073
21.195612682683418
21.477267163601027
21.148365970417103
21.567109169176433
21.269619179128313
20.437099082321993
20.646024491048706
20.602234371320833
20.016836250699498
19.850827711579996
19.98898589407679
20.023008227088326
19.257482494768738
18.958659375431125
19.000159584930998
19.420471060799287
18.742896569980758
18.738914020209336
18.637532037369283
18.07628984830285
17.492219354363556
16.61795413581376
16.483182783925145
16.20208272373486
16.13568886955943
16.164932456767133
16.033627658512614
16.06075812238305
15.649115640485661
15.094810479538182
14.68630477864781
15.470955824364864
14.764518662882665
14.566097678181904
14.786931135470127
14.53636012199297
14.374284321811047
14.167026514964846
14.54621417961664
15.275817166436354
14.88495136731467
15.675843410648554
15.855064860231494
15.778548422396625
15.56260591522198
15.630319863023828
15.492614026633646
16.022476419392774
15.84029482631604
16.34947416667933
16.857745177011225
17.75099523481265
17.74959511357008
17.462321253428854
17.33332610218588
17.63348842137873
19.19689674984511
18.139112161217668
18.34440381230388
18.920001534610037
18.578619639190947
19.001953274106654
18.773986408467977
19.263218249099737
19.282087949625407
18.810511734973602
18.78944744085561
19.309610158010855
19.675168750703392
19.08915090419407
18.803103802762507
18.260322542019367
18.939858293698876
19.21581527220701
18.86910980363689
20.330709846913237
19.4693709166105
19.267361500682682
18.95165747736496
19.398195929436156
19.309508172341566
19.30057291211807
19.52872490296113
19.604955968671447
19.29046517848144
19.318740393178587
19.740457797002477
19.74085152287296
19.936121661813672
19.520904613454377
19.485969972943508
20.64074658959305
19.940845156890987
19.643054272420954
19.163874824238405
19.87550506926931
19.187527725114137
19.352535159413605
18.99849192124941
19.295604691226345
19.14157420072604
18.77595520182058
18.44434479961228
18.49733252173803
18.344020689666195
18.24088691236699
17.94652672654695
17.534943041099723
16.945598670162553
17.14376394808278
17.12091342487531
17.059541780231143
16.342144348063584
15.966502808291693
16.141786761403523
16.39896120009314
15.722064444999603
15.716881552487791
15.248250185767347
15.03634234765741
15.024930366456147
14.973774333070423
15.207082199983688
14.913294282453762
14.01948599960906
13.709458247007206
13.767242750005721
13.955374126347806
13.630709581900646
13.69160951358026
13.744124077437391
13.52367036996202
13.388324536565165
13.030481337404012
12.99624582315198
14.94191784622285
13.85708139819178
13.81575146427872
13.75635591349726
14.063677756610446
14.539540677405057
13.95108309199236
14.703564438187072
15.059151876236228
15.429691110451358
15.40221454210257
15.918979434043536
16.353107707932736
17.787707075252115
17.44088851061747
16.94228835777551
17.393931934698912
17.133505715592833
16.98424236646997
18.094760990193663
17.992396224577305
17.91135756957499
17.638924767069625
18.131639817382506
18.451941652430605
18.767413243073293
18.797267423885387
18.534167540461453
20.07809633195859
20.195198628937533
19.50469606854665
20.110657363571136
19.841698535968703
19.484062912484546
19.85673320479816
20.065394962147025
20.582212726924467
20.45174373948987
19.451828193519304
19.561429079077357
20.026399970523585
19.95626658459514
20.497562156492563
20.740543603508627
20.332800611292782
19.202344274656184
19.00332949561073
19.355110138602356
19.47559725433291
19.365354420224776
19.896506328925852
20.30828284964332
19.855119285279443
20.368605269803652
20.0265452424743
20.131011903003923
20.6031824600484
20.617996526539855
19.95102950724754
19.971116147944258
20.362842892925528
20.045932354731008
19.68446712807713
18.873253371422038
19.227411408670832
18.79937449234683
18.725398935438193
18.41702620176943
18.667421957633678
18.820983048697258
18.927907626931756
18.513248769562324
18.41792407926664
17.49119225337165
17.31108287278539
17.209795859300925
17.447924062283278
16.975784348995717
16.999522770510907
16.45427089483769
16.684589921048314
16.325493644014614
16.692323431577393
16.551918084649287
17.03755940020244
16.172837065147633
15.7689881218364
15.840192843643877
15.856270555292895
15.318872998598636
15.581975184002545
15.844099432599705
16.076793425580604
16.27442026975791
16.189595952409263
16.92619404724678
17.29658589395831
17.60980001866176
18.397802382252166
18.90908245459366
19.93753078233351
19.87607524473617
20.996655338968026
23.157809739061463
25.466429076570876
25.054104768229422
25.56238852428828
26.16503319304593
26.04446834750786
26.759300650336854
27.378618929271852
27.670098129190706
28.48379369087354
28.542201740122323
28.76890138460101
28.506929384322575
29.66935334739128
30.04022944907149
30.906796520213675
29.76587834184818
29.726254650741794
29.937954164485973
30.462735148063416
31.453786578521203
30.366029931835214
30.010217410660744
29.94488900779345
29.266224344093303
30.511541689341698
30.211179643368723
30.738050635000604
30.91738769831545
30.14672144218889
30.53445971193264
29.35165407611737
29.722380703119825
30.097315920291976
30.496564656952387
30.066289353798084
29.639041415092606
28.65248462209354
28.177959388159593
27.40133466015152
27.06900335124749
26.886585958570436
26.56217720824884
25.978121996950335
25.862990410166503
25.46040472928621
26.33668666203789
25.157168456011732
24.646158774729656
24.49215786728587
24.10024900667031
23.87420692110453
23.549059892387618
23.609838017498987
23.011356168377006
23.160913131436587
22.315954506615753
22.25252021516826
21.9590377716778
21.90111291026949
22.36033332801435
22.063198809399864
21.416479847787514
20.797896046024903
21.030220651980358
20.28342654659616
19.886628381991613
19.635739293377014
19.559949420499606
19.07050308377336
18.557929543786827
18.028241505181086
17.69260380914659
17.697261542025103
17.353684548470483
17.254742348981722
17.20315267490173
17.272002024773656
16.837048144280118
16.606768177902836
16.20876876336621
16.68738298783967
16.68014650416501
16.124739950193884
15.787495261237495
15.810332702810001
15.530138294459448
16.373364157547428
17.088526252696283
17.524434114437668
17.777348571428433
18.630761170985238
19.554985867823575
20.304672318727853
21.46337621722614
23.220845452666822
24.128244620270607
25.94266129334028
26.70954347214581
26.210246281805667
27.080930742187775
27.70305339951176
28.29433987769221
28.48935673106405
29.372271361577305
29.95449041317397
30.98716865110339
30.459364567033163
30.854982263206466
31.528460821692306
31.461788902632975
30.921623701152498
31.290559313133883
32.639110569273726
32.217433953568616
31.953727227398417
32.106647667622724
32.903073100710344
32.769145036940586
32.638375460919406
32.354350166688505
30.87934113756785
31.714864231278852
31.747437078347616
31.380882129902147
31.59002665407354
31.234631359585933
30.19242164892478
31.634619329379007
31.720602502083352
30.36560594699614
30.513952051013234
29.843853973672594
29.696457896856145
29.665571173037392
29.20900217041799
27.895086126397928
28.13066822816745
27.60085811989927
29.10468339435579
27.887605033920067
27.900640052478707
28.561232253226308
27.761196704471445
27.559321664649815
28.05195120161443
27.10748599436181
27.16866428531557
26.648817971257472
26.745269569774678
25.540657904439854
25.397466985705933
25.604986125885716
24.43852491299117
24.53636495595083
24.459227331113368
24.209307357601006
23.74688531342599
23.88286350163321
22.69271406586779
22.338189088896343
22.4383992633733
21.491847035285105
20.949941468280258
20.64869337560208
20.052084194776057
19.43168595387067
19.26880814831793
19.136711461127902
18.46712385855733
18.30871762559184
19.042238372717975
17.66653669787661
17.46227854612721
17.346439849017884
17.055263709822157
16.453893400452785
17.069666926969262
17.231496528854905
16.91740837000748
16.794550528320315
17.035387415452988
16.6651699808898
17.024865616456964
17.782736458172394
18.517397917037897
18.72376250559364
19.50496029815872
21.3051045433034
20.708539047188765
21.880098887220242
23.318321724868383
23.69092529087368
25.3095903952385
26.867433086385745
27.67314079691164
28.30975857758176
28.42650986241108
30.01621162622962
30.12451985347252
30.929147282076315
30.50435905268762
29.79078955030991
30.6197763859318
30.511473762686364
29.9777768336819
30.844709716213742
31.270825874303796
31.324644282107897
31.66844868541591
31.983888001617515
31.46994002543704
31.480968539588503
32.22964590801348
31.46445055672416
30.138528156291045
29.93756691878093
31.381780643152865
31.282456539604595
31.500099471027397
31.80171109749392
33.02700721435792
33.16058863269416
32.8588059881954
33.2885488460081
27.590703196195136
13.792123194560531
52.474036793010214
22.240083747980975
36.268671066154184
25.32701268997812
30.6717215293354
28.09251700597531
26.66308502857828
26.364393132110195
27.071174448165493
28.402363747039203
28.44926525031974
28.236227751955767
27.305299609238432
26.876177058013695
27.097841808041494
26.68404827204961
25.992682349835718
25.755568405720965
25.897874426583712
25.365002466014403
24.303642193001906
24.61086813335737
25.40534036889767
24.2004849876987
24.024219426402396
22.795116175530552
23.13131944850261
22.81858783694088
21.777379314770542
21.480341877430988
20.604557390815955
20.158622948502966
19.845722633001742
19.509722802239594
19.795270830880554
18.344109148933853
18.567206266931066
18.513343395552624
18.101796033071764
17.84782919201615
18.129297889456552
17.637000435186053
17.783134931079644
17.12675862164599
17.19116366540686
16.93382561038129
17.083989899680546
16.91879716874746
16.688753468064874
16.30893520011216
16.471226080008023
16.630945534077796
16.87840967017189
17.268652919874512
18.4680440598039
19.6352183815045
19.694275985091963
20.399420651816854
21.919624911685446
22.608581749829682
23.565371252617865
23.90125835812023
25.19287984449693
25.490839905241955
26.41194814392884
27.65576756178382
27.957199218597452
28.904334055736626
28.9340834900039
30.043674882235905
29.426502580208762
28.153039465401434
28.170455303185122
28.092360171543305
28.76752789222212
27.38518563986611
27.6307248954065
27.463609829872667
26.55581815737321
27.199390697600734
29.152697295545522
28.885495790932055
28.587136648493583
28.66620711995199
29.122019037351492
29.009523993905418
28.591233766208234
29.839382352637358
28.74884183843949
28.844477329703864
29.833381720354396
30.02670455641487
29.96712425339763
29.5457280771127
27.847764360805627
27.460733555884076
26.966666078363232
26.728250545211722
26.945403504320723
27.160365179087535
26.51375929745302
26.63367475230666
26.458289487969182
24.917161983766277
23.94034288088517
24.811792865623033
24.827754722047302
24.799696889160145
24.80568744529546
24.61914711443262
23.71515972799955
23.716880724970338
23.831453443762598
23.197937888791103
23.303927719546664
22.493502579250958
22.806899936176933
22.62482429384795
22.615060009665626
22.01120965478617
21.76632497980563
21.094369193884177
20.96484292912544
20.372338391047606
20.2437965787949
19.57847138080649
18.809179775692314
18.805306714666585
18.446157044976417
18.2855596814062
18.499917122339298
18.001411293755496
18.30167599663082
17.508823873233155
17.327037768655032
17.22652223161424
17.38371677087946
17.962099458227954
17.18498603228761
16.879273334092318
16.22237189640748
15.953852371795165
15.914885659511242
15.768052215457601
15.658587630755846
15.81097009914663
15.791151184298656
16.03549852886681
16.0940730616893
16.690018428595295
17.324095794689242
17.949560974637507
18.800914883744554
18.823481594197688
20.25502084085258
21.03503099554564
21.6954541969194
22.2870917721184
23.119442384808167
23.24954627383613
24.18251976011925
25.578285131377697
25.46429851733501
26.474910711838334
26.099906033570846
26.55476465216816
28.022388845165096
28.072239959918534
28.072783307922236
27.841782172197668
28.453797279735454
28.010116325767626
26.813777998842056
29.176000134748847
27.29098188573471
28.042980290110904
27.236016200107997
27.593614712116278
27.79771291788461
27.584562241753247
27.757104496621082
27.422562265595843
27.257236063070877
27.116936881747392
26.96857179730307
26.724136759296357
26.6569552302052
27.002246107297083
25.978646423732016
24.885631815763645
25.12115718023813
25.073580245695098
24.849111626874674
24.6526229194626
24.14319923727419
23.227236805833854
23.06183138945312
22.998386503536267
24.380022846459894
23.90288421329251
23.37660517142865
22.45411597256839
22.330795131257787
21.631314784963024
21.607049848708357
21.558790199545797
21.671693284116145
22.062875280931962
21.40669645890881
21.2204816593827
21.034038258286614
20.59704851226411
20.308108859403546
20.3360916803299
20.43412601003979
20.243886783574112
20.728414026575933
19.876737158944593
19.79054959742257
19.24392221602716
18.75845236805992
19.003873751832543
18.641671602809765
18.17217572018569
18.19504974900576
17.820483880090364
17.54504326275196
17.366165770079988
17.585676654591794
16.944907564036612
16.744031991570523
17.4759987297208
16.614063470200676
15.854536729137294
16.573481240654246
15.118014491895565
15.331906512365777
15.314099903418537
15.781837142508039
14.774789887615384
15.060367908993726
15.42389524588907
15.151448476023234
14.503859305137667
14.76374191632965
14.620327831798022
14.910487733721652
14.784148578306713
15.072488304882654
14.730165462165928
15.12951067298252
15.829401695103456
16.29905089134104
16.00733658314641
16.66609691282997
17.08799499228917
17.241785233784412
17.736959866280586
18.055403537206644
17.909074000381338
18.23548743737433
18.76645898448669
18.589814050372524
19.18906467063516
18.919322730227805
18.32730497719956
17.497748447240497
18.225494480060433
18.233705761699298
18.57195738826897
18.951969020382194
21.599466844143535
21.463735941600476
20.72227680694732
20.820146805437048
20.29869567062758
20.79959334462046
20.040601545539175
20.09360332680211
19.738219211473677
19.85083595118374
20.156947596974646
20.242673468957605
21.668545929902507
21.024613357191356
20.20832168834204
20.84470355807889
20.447026820176802
20.833703655260933
20.63523478155105
20.735152240401135
21.181118537092857
20.870434923883067
20.938900639908525
21.28283565012623
20.53119862037522
20.392609948655604
20.416029933317077
20.268541950005556
20.59727245298302
20.925839097234075
21.097840679791375
20.567931108868947
20.925751942386455
20.523100603803982
20.751360641281508
20.35341822930104
20.92442530645235
20.395285918855507
20.78443658309334
20.97679143351843
19.721008510765728
21.060440656071023
22.388276203371674
22.20090295047703
22.28004709796778
18.946352904980245
19.437963433122945
20.126637956668105
19.11137314777386
18.32198121973647
18.18439023302733
17.77404682065594
16.947643244499204
16.984197424202762
16.16672860275105
15.771199701621754
15.993149212878848
15.899550743788893
15.566701829047247
15.625637250307705
15.109061789594989
15.502251016620676
14.777077454989012
14.812060480571517
14.472179449540363
14.534372680125102
14.594308738634822
14.179419110712729
14.124602009019782
14.235625172073924
14.064151175003872
14.427684470264126
14.430885828165287
14.204069688324353
14.231561519154923
14.660261203582195
14.824668253896903
14.917077789512405
15.271131500481488
15.410715282300998
15.898568861353624
16.131100887135233
16.817612691486488
17.43213705331982
17.850714069249875
17.72219862040447
17.485806584198144
18.082047204535
18.190164846228868
18.483292918350685
18.739700022842612
19.031581343016796
18.717538369151043
18.058548250005174
18.301983978030762
19.00673459867312
19.112753964412832
18.716407232964343
19.302633076057873
19.267798162381837
18.743682899017244
18.81892028731818
18.759028680983192
19.133071187587234
19.20754810654364
19.938191199428047
19.041475391958784
19.337556331757582
19.529745528421472
18.19076514417452
19.12023167280097
19.30181672905826
18.10136590790239
18.57465754498901
20.112347877248567
20.44651352468918
20.514827573116122
19.274838990325634
19.533970214999044
20.128752745949328
20.017444453297912
19.694692167356948
19.55248479909949
19.62687270408435
19.900907805674137
19.604188984906727
19.781877867273238
19.85406462218316
19.97389871978703
19.244242276877003
19.72177871885833
19.74675047030712
19.641047381239787
19.37992416675513
19.274137252554283
19.30602791216893
19.064416662220594
18.96193519993551
18.41153692307364
18.22617922091308
17.785694283285807
17.10361466764641
16.971046895660606
16.35708681535914
15.97745576806517
16.098016633942734
15.670508290973657
15.983397516152309
15.317151715378145
15.025054414746364
14.732858620965658
14.926992348704289
14.391804961325533
14.663993654885303
14.52346075831133
14.170809258008035
13.881106005321783
13.978185448513727
13.963639325209328
13.87981172658749
13.334281159151033
13.736493126481832
14.022698877167784
14.019587813595422
13.567642429071611
13.984051655695453
14.830142553836595
15.81625435045737
15.968968607832949
16.561753124650977
17.493887128755432
18.41818843403928
20.045797718991935
19.9532914842506
21.121322588392786
22.154463145487398
22.34790367121434
23.20772473319505
24.41716051174194
25.381184893298155
25.779166807832098
25.41968882549645
26.21811749140454
27.062386322403086
27.182916956496797
27.241975984039186
27.201665106034284
30.339552860327103
30.168757493450812
30.644161200391977
29.536266025906002
30.0481991333005
29.778151359345202
29.639614257402172
26.877382704149568
27.10881859092467
27.53661414167209
25.963745953852367
24.60598499797186
24.66244971673541
24.857879900269495
23.79059129233474
25.22972056107733
26.56259381731377
25.91073945470896
25.212960954322398
24.04061267448037
24.871243806572693
25.17200375175605
25.84557889859832
26.881031730354493
27.388929924698004
26.449278761169353
26.58623327695284
27.986478742167492
27.408225719525944
26.136491710980636
26.500626104635217
23.676217909633124
23.7198769613791
24.619268244223917
23.551773748806568
23.894245773434136
23.35944399003472
23.77600622329578
22.75299191593581
23.198073117529702
22.252720308898574
22.186709052041692
21.577791535302367
21.61646830090922
21.65611114091496
21.63579777304176
21.29386120538618
21.16677831959555
20.481036521186752
20.56685345647179
20.32848196829275
20.032855942741094
19.143927802454527
18.594510790446066
18.63118839023116
18.073026381353998
18.68353720467121
18.213527186714714
17.57114589069829
17.858835450258198
17.667701821575974
17.361153624456392
17.044211191074055
16.85846289714732
16.48786562334851
16.270661446446297
15.764668589698772
15.830736880258428
16.062306315174965
15.337941428611202
15.582935626637322
16.117678191321033
15.918176618015536
16.18462461200795
16.388899906814117
17.07080768230253
17.20446750984854
17.736119318756664
18.62699254167444
19.71115289960926
19.357282670210452
20.30251964471313
20.693735187306174
21.90895442431747
22.273809094543253
22.643196819434706
24.937140801806777
24.007486180835713
25.121110220927903
24.443976546610315
26.626921962330243
29.402360667677726
30.120152155258666
29.664808392462874
28.993277293633355
29.88860941600126
31.874677788687677
30.801674563040933
30.98115541153834
30.03268310705039
32.024685048957394
32.36428232250239
29.89312128921472
30.711982038499173
31.898587949919715
33.954877105729565
33.85450246735263
34.58881266084359
33.80784845921869
32.04342720163777
31.0650609210079
31.296142214262318
31.93600307931183
31.573686525957328
31.460683483027537
31.692620731485476
30.847513928889498
28.006155880168876
27.360316164464052
25.34085303898803
26.244349532330716
25.123649988860734
24.687489958084484
25.248746056527807
24.164042445333507
25.03760999869371
24.60731163660762
24.652890967878193
23.841671058114457
23.392720219320722
23.483861309394456
22.822522091167798
23.526889298399396
22.978932022073423
23.371430866077617
23.599991495235145
23.819548404553757
22.711441972164494
22.529966491980986
22.66849454069461
22.723209431299324
22.864819300811178
22.095653040160983
22.271830812051007
22.41381305541279
21.845291649642945
22.05554356505627
21.675065481111915
21.85481559263235
20.798229838090606
19.865644486382962
19.993625896162825
19.297416623988966
18.42581201696055
18.065577641231243
18.202089954594953
17.760659016411523
17.297014363637004
16.866165120744085
16.850830102511622
17.033634601633594
16.255572696827812
16.054218667194277
15.413108611368557
16.221822164486184
15.74392954943346
14.942817337760857
15.527140877236661
15.502555710323463
16.187356814922964
15.939673904635015
16.873174379902935
17.172492737876382
16.976317289944063
17.455427730596284
17.363245600091318
17.925165185166406
19.21428312155092
20.673275225240673
23.301911181411356
24.88522579018138
26.496698930485422
25.825841026402486
27.343795249800678
26.52429322509863
26.48906345646435
25.186460003333764
26.035731129773808
25.272650677192132
27.34324965295093
26.38113585200631
28.609141176774756
28.454237867209486
28.256768908854838
28.556808920779076
28.652209081793103
29.185287115724577
28.69085939452725
26.962274381361112
26.17567291761975
26.77083293094995
27.79044780123695
25.49910460239778
27.296281787369253
27.378163502300936
26.87987259668023
27.03804837909786
25.410689436359917
25.85612544916205
19.786625239865543
29.99961097856351
26.257868658483176
25.96957082982817
25.263076966560448
25.627798205435397
24.67632942649618
25.51603440919837
24.810867559459666
24.907507134679122
24.432521745706254
23.89450927210055
23.900032881260927
22.399722485747702
23.035450825901194
22.85485045507903
22.25842648639184
22.453487663406236
21.713221711559754
22.016425563101393
21.428287386136162
21.830841607713978
20.927613867369587
21.666129162936727
20.81873693573516
21.084313664386627
20.619912509695155
20.44284110378885
20.443775136539898
20.443703191143072
20.44850649248872
20.15517243875979
19.965161380054383
20.12166665553457
20.323518433444974
19.374096914753864
19.121967080396416
18.537165630295647
17.982495354372872
17.69538947196986
17.01288108647418
16.851903023065574
16.949795416450456
16.412445588122296
16.0107505774846
16.16222858157664
15.797463916659126
15.688263106935892
14.867330166449051
14.859554645709636
14.842131428226708
14.954581053509173
14.766886549477135
14.935140460635125
14.959786147649197
15.161707284908175
15.52466454558055
15.411326118773104
14.974143154263515
16.194344942721273
16.294356271491097
16.77684442593454
17.343120019181697
18.64584970228475
19.081316822801455
19.91473882449418
20.485071880578744
21.033338437185535
19.648086521983828
21.167251426422695
21.8654742936169
23.207084959997474
23.39677151478236
23.484864319211226
23.454875205287976
25.502816725411094
23.787728917624122
22.65905673639236
24.588285247086787
23.760607886779553
2.0568023896705654
23.453616158881573
23.930684981824015
25.26897383534947
25.2917094435237
25.407869587504592
25.82521378144338
24.893622801466563
25.520675434628515
24.936663333404113
26.373773096151353
25.957219294484617
25.533540155579658
25.630528083303716
25.90050553147171
26.55825218994255
26.299691918937242
25.210012566625323
24.805754760766945
24.77785673518258
23.39562333914421
23.74515347619979
23.792511622962365
23.628555305727332
23.950774718622597
23.281738327782136
23.260089353237618
23.532795055098063
22.699047231283544
22.413627956110304
22.256146523769075
22.104808123316616
21.832331557467683
20.6764311114257
20.83863956659252
21.160998319153236
20.552561147214305
20.63301132769402
20.83982932852996
19.996682343574662
20.54431929037446
20.200820095345307
19.450929171067855
19.23173782465176
19.01505945233282
18.56997047835125
18.605277959120144
18.24911179945036
18.77239358670988
17.893412131090713
17.744704303036656
16.979818726688563
17.26785096009894
17.00117632918375
16.50705044958613
16.48812981679464
16.5380075002804
16.089779984740403
16.010035200798598
16.009084809642786
15.436676508715664
15.28883326268226
14.761784929518967
14.983288790734605
14.849731010428513
14.200652114395496
14.279402551446424
14.140646934806455
14.227792980790014
13.98689316503635
14.645556694702918
14.62406548651245
14.332536131601955
14.575902457696998
14.72347732893786
15.40180737834919
15.945280231283164
16.28235532383883
17.00830439985657
17.568807745678328
18.392403919668254
19.13529696121566
19.872875435970286
20.513455322870755
20.799393905638908
20.590577713539233
21.361137428984534
23.31696001789794
24.206542078212465
24.297479666648087
25.581614512168244
26.081581717879544
26.560648459409435
25.234137594307867
25.410364617065966
25.931125788215695
25.69651230475995
25.749225271280125
24.960035255180628
25.940174988424815
23.460581546853973
23.442693071848794
24.1784986368815
23.855956845362698
24.366687551237987
22.582763717892703
23.38523754511857
23.298139344208494
23.50462584978891
23.029091321436113
23.199343704359762
24.83874976892514
25.742344412773264
24.622554538362806
24.77256312755094
24.72821889259285
22.428877578279526
22.14748662942293
23.11492783745291
22.374649925116614
22.01189567105348
21.103819560344505
21.035171088060224
21.261029133027478
20.973666786774288
19.731113375838277
19.8534801040945
19.70187694090987
19.155598096260064
19.179948116749983
18.775267466435366
19.02645270619314
19.69377217539983
18.90860025883103
18.496331319167098
18.11979736138835
17.939938308459887
17.65141250683098
17.432479986127646
17.937940293868905
17.37631737818208
17.518915994337817
17.391247511685947
17.135445354526382
16.66565863729045
16.743823696558024
16.258499686657956
16.03021014259855
15.821329695249005
16.00014645392912
15.162035932590697
15.189007786097022
14.910945536478152
15.187968191835466
14.941997240111732
15.488606494050828
14.845944652303956
14.500389283732034
14.245614786556985
14.145826871415807
13.94828637242324
13.538633481747297
13.76153691656532
13.421837109486432
13.40125755407621
13.537940213823504
13.633797011338515
13.285807120443906
13.414544399046463
13.307837927715127
13.294577179579278
13.981534640769155
13.833248545242782
14.04045249517435
13.569106389134163
13.979529763902974
14.3094652403272
13.854911966054033
14.640170189527566
14.797946214570914
14.824065389753287
15.068803406337338
15.050596437369336
15.581414319065402
16.051162311305347
16.12048879887311
16.967622576692975
16.673735269500696
16.88470964682989
17.176065732972233
17.32399121696733
17.84008251657974
17.74659827749622
17.4067544541125
17.213863325288116
17.035883457938894
17.506851403982978
17.351719839496468
16.98734924127109
16.712166229904597
16.69571651403885
17.10096231274747
17.823773821277427
17.680158350223564
18.077932553808637
17.410058787487174
17.287402952261345
17.529083959438708
17.132477606877274
17.710767661428463
17.895131334647886
17.866299499149363
17.968757098686524
17.690514674332576
17.73557188871689
18.181209611068084
17.967729596896447
17.732448176713433
17.60813465333638
17.5843900845839
17.551225574816556
18.0387229449733
18.15750166924579
17.837910924798166
17.64730184214966
17.5822143526467
17.62930377156988
18.04863687885006
18.05710040794804
18.02548186390686
17.212637920089264
17.55579443879958
16.83820145167681
16.62954665361599
17.77295452822534
17.0785971285934
16.94013907299734
16.678576226994323
16.653417318052902
16.377252748854517
16.641319994602668
16.657561825359608
17.099488585560835
17.632872421960542
16.409578729364455
15.696264628858444
15.024341095438956
15.048454411709827
14.639266559007183
14.498686189816567
14.408629396997526
14.310723523822162
13.909897899669772
13.661567187217202
14.466037598141384
13.439794150049806
13.2467063647249
13.420950418387406
12.674296851140866
12.473902126103326
12.532564546654044
12.76691655648085
12.516756918384658
12.414782826955502
12.391705679366964
12.903983459708911
12.782909155958805
12.914908436889391
12.820611902405858
13.046250843869302
12.774467629915762
12.564773502541357
12.902437669736173
13.210755494588739
13.618832666316962
13.886343485777616
14.268278064800143
14.013468706798449
13.978141612925356
14.059193987986077
14.292419166371815
14.469328203309828
14.656272846179263
14.98892452799646
15.38788155066402
15.948516005104125
16.154337643497
16.288940360144807
16.548408841871833
16.59084779371733
16.518867575967647
16.71146775026841
16.84194060491666
16.917253628103936
17.276897316315626
17.21468972959815
16.899491409448046
17.02878938634376
17.051121633695402
16.75039555295973
17.269973958705577
16.954596689629398
17.533645389310493
17.372864758354467
17.938772009860827
17.86479632854025
17.94751015245265
17.738021851738154
18.11760130923392
17.716478739181753
17.460279459136586
17.556671046779798
17.510663516752857
17.280909457289795
17.28268530957928
17.785939838774198
17.440366852383704
17.409334854339363
17.12115765504541
17.594782865412526
17.27988263765235
17.31141632534775
17.092835044579033
17.300317609894478
17.20483376024356
17.23363701966821
17.59658981140194
17.0497942041859
17.087183439977935
17.139652214683792
17.126384354735933
16.857289153783995
17.116021312930684
16.573796325802277
16.5558636418408
16.202260885109922
16.238500850147034
16.283729882008174
15.65915643677215
15.229329754454511
15.0158312037712
14.920511715198927
14.669366480394274
14.005909566552646
13.70142838165168
13.730685238860246
13.337035165797602
13.129761802261783
13.345294210466704
13.192966018181437
13.045859146066732
12.735518637602013
12.869557894203012
12.689458364749157
12.596117277446638
12.528862648341828
12.39891844114345
12.301262372429733
12.01013587167995
12.269602116210308
12.26597235153622
12.88731532802774
13.193838411641423
13.28688497293524
13.420910584241255
14.482865352783847
15.226812063007742
15.70953729253938
16.984551245996727
17.684674636500517
18.451608958685597
18.732515637589017
19.417469723949807
20.236798519888907
20.758131608657663
21.046945888553296
20.806500181190586
21.265350655192037
21.517317252252383
22.060432150965653
23.35148649719065
23.58755783406798
22.49206768249178
22.49045073076502
22.0235625836915
23.06981608828403
22.402967692556103
21.872526421960515
21.35591228965609
22.17117082553216
22.030405714538688
22.391187653246334
22.13720595279824
23.254351715745543
22.642610211456258
21.663816620228772
21.15278389422724
23.002598267600433
23.489661080404858
22.874081434761706
22.577494632654066
23.15509371702899
23.75353951355737
23.139013091134416
22.99863267162766
22.463229540273346
22.390900541957194
22.046716587771243
21.67580507052037
21.609598093652494
21.551036480095718
21.97358237577805
22.017802766514365
21.95737596637457
21.667695457326204
20.90914026165524
21.63237372284948
21.36258865352852
20.95506467115888
20.440700206747124
20.803508993955973
21.02509606145736
20.90441943042333
20.101506731665722
19.870143950323325
19.750336974035918
18.497226965738605
18.37331340298408
18.365930218530934
18.668691987355942
17.691136363952637
18.150783269686144
17.835052410561843
17.888264013627577
16.62501306705792
17.385329625220606
17.125303468390257
17.268063375384486
16.55773369834219
15.928658404794987
15.79198676165936
15.94511848364948
15.367253823918304
15.806650647106267
15.305206775713486
15.589431509894325
14.98992030464683
14.811769592554015
14.323337389872222
14.338645259661916
13.778601491040831
13.763860052036193
13.876154916017299
13.908325823419773
13.815807793902763
13.791278238683958
13.92875539565921
14.23269109454327
14.575843046224577
14.855134639842277
15.342368713860196
16.622585585218303
16.9047584129479
17.849797125246027
18.548591666037623
18.97999088632048
18.7678006184384
20.894425728741794
21.730312098707827
22.031918623352226
22.832063450012697
23.05910315860183
23.587383576207003
23.93069258490698
24.277645877539953
24.02092321555324
14.334979102279135
36.384013076370366
26.355132255015064
25.64693588709281
25.859657179113583
25.37176287865907
24.51576221179357
25.06546300361174
25.446526744206267
25.69198346273197
26.142679869455378
26.0421554558053
26.16179120068216
26.61365122578627
27.275578990661757
26.275921190420718
26.148168600478357
26.22347232481252
26.160448834940325
26.06311702377502
26.525472410620864
25.379865678023066
26.381753161185316
25.765491446729925
25.33447245032619
25.393348066324165
25.754264492468337
25.488295506473833
24.756679870728703
25.158422630217842
25.453725056927738
24.312474045322006
23.737397528164593
23.3764702734735
22.926479192246347
22.986550879667902
22.945850326867912
22.497050663541245
22.351580180778228
21.931932141679795
21.507122757478328
21.471031683993147
21.64767708855277
21.817257192020406
21.13195156162385
20.975796383970078
21.4274855584988
21.421546874339015
20.592898404160906
20.073808209010394
20.130307199754384
19.68372587164822
19.282999443163135
19.442807173801498
18.728863622461517
17.89515952262184
17.479855166965194
17.792730741947935
17.00130903454567
16.81469179270664
16.663405691111848
16.42677808412043
16.140518748487466
16.353756302914462
15.997264242207393
16.43583502291733
15.652521881468374
15.937090891871094
15.146661768021431
14.17087805181518
14.432080195205003
13.959640731115996
14.446607107923
14.82395094493529
14.669978579845292
14.694018453136437
15.117234766988759
15.188328371887678
15.250527873877672
15.371187423646688
15.807890022667834
16.250303090945636
16.84067463657641
17.436969031211106
17.278327613119416
17.99647603938024
18.151235777319812
19.00506851354487
20.321530706272142
20.954128344995752
21.955048870928067
24.081883332348184
24.486424256899
24.62900091375616
23.925948306890064
24.6028423105206
24.1560848583282
25.158662681134274
25.507671323823047
26.03605544616221
25.71991285607089
26.5818406208233
26.48877620284088
25.944274070950996
26.34781250539072
26.45206696848186
27.036196810575916
27.365586075232045
28.030593981253332
28.053005186715495
28.652665174779145
27.461027285354362
26.275162552761117
26.183349008455934
26.138825561460294
26.38824899371957
26.289436304560013
26.614189228011583
25.35508261495943
25.55446284436573
25.3638025928999
24.903871208324176
24.64044336431266
24.325893461692544
24.372370823673464
23.775853944257733
23.315840609610404
24.069208705425012
24.10533064796482
24.739168141730374
23.607190497843476
23.64178323904798
23.32113056041942
23.248112032630445
23.98510882933192
23.286960514356792
22.416553195905408
22.624068841959456
22.697145030528304
23.12215623100701
22.85942657759722
23.21395713649929
21.79966599058389
22.08250114107807
22.115665483270618
21.400224238453916
20.423174146810766
19.79849524825181
19.14840928463309
19.70326272235218
19.350049956411112
18.589211360580748
18.322978588416674
18.75918176728146
18.23666115580704
17.26643255609565
17.47247696013045
17.324494309220427
16.64932710197354
16.384591313556825
16.260103249373856
16.556776831437787
16.81953335667015
16.349216221887104
16.122187426111964
16.12824200130632
16.32704988612329
16.11086023159885
15.851247860874764
15.86708184029203
16.498682541572975
16.105225667200898
16.25071537460383
16.134120273476015
16.457445420904207
16.64566429448604
16.719123163029735
17.7934397299166
17.507828846468442
18.572454292774864
19.84240688518969
19.739462435815312
21.349189931229375
21.17182482020951
22.189629927190595
23.253063596349193
24.151622315895906
24.57370089072515
25.75902866568879
26.064091182713923
26.50695663941542
27.220235987471256
27.166289990247606
28.8105889250877
29.369005674264827
28.9549691050172
29.11143895106443
28.056114789013918
28.071090278228894
27.916163532042333
27.309667181471696
25.81344168607552
26.92842014844223
27.946010128336525
29.12854298318689
28.24420186773807
26.66758559454513
26.646015458486886
23.988774775472848
4.353728004866184
43.44793549024166
26.208124746689805
26.245996561902757
24.401664000819096
24.189463183375324
24.08868910459671
24.78874846714689
24.319402569552835
24.191371224060845
23.590076480511925
22.480861703275423
22.414835545483243
22.10956496257279
21.970861819205993
21.548894640858975
21.383679210990294
20.93991347137603
20.862397547064347
20.913787388098967
20.867179072295016
20.871568147424227
20.10332526512275
20.451230051886682
20.112697634741153
19.459435028101666
21.104288717826194
19.982445997846185
20.397493908884712
18.7798670640276
18.928765431533975
19.056359746639487
19.086547003043734
18.954276576777033
18.569228567436312
18.021538704758314
17.35129984736045
17.889687699170963
17.323381864704857
17.39599306161574
16.916079591238827
16.29454740942947
16.4203208159596
16.26621297595443
16.280940096016252
17.15206807509287
15.919865515390143
15.471690774151853
15.397176522437462
14.970217206417033
14.510542162909132
14.219767515811327
14.571858959881524
14.383409237745468
14.13406321057164
14.134167789511366
14.342089418088449
14.34026474439554
14.057662945116817
14.685463807161
14.763591159581438
14.301556488733013
14.596026221157217
14.236952420508828
15.40358369427588
15.064252594362529
15.099645512299503
15.72472497238698
16.186123830816314
16.549552945229493
17.218585918941585
17.357260089135707
17.706324296441835
18.819230109030173
19.47441094713804
20.111277782467027
21.339033929354287
22.202084042726597
23.12446738929941
23.181027708770216
23.35398033452975
23.78077833562986
23.961470317920543
23.621809091295063
23.980188891728517
23.709034009578545
24.016334190330667
23.203981776210185
23.453055664557837
22.829975503355286
22.640317532323934
22.817550807199382
23.093837522239028
23.351010287743975
23.138740657239737
22.52695226319736
22.589675437569724
22.109569267369352
22.184472981034787
22.29874511279445
21.887084570451066
21.325754677087616
21.572836055138396
21.876977503180456
21.235238287201355
21.819445748059934
20.928934776537517
21.139210660453614
21.08401864868904
4.078848602772268
28.916892510727052
31.063645923421518
22.396863022372713
21.59975506421597
21.871169296277117
21.1250503386334
20.583154758961655
20.006074825759356
19.44287462369266
19.39444174843345
19.37869033446725
19.34916790108946
19.816325987144182
19.034267699379598
16.258146234876676
17.71484624218772
18.65656695187147
18.79398789204697
18.701453141473394
17.974019011133805
17.477613550452475
17.34223722241677
17.38248758043767
17.006265538130037
16.73108398896852
16.65791257675221
16.37669010559614
16.160257964340644
15.83017916351082
15.473538746642703
15.408354081770199
14.925713883204025
14.405027276659098
14.577752243043165
15.056580170813618
14.360046782956886
14.228730009068954
14.177806394177878
13.907072629159416
13.637381892356416
13.651737168797013
13.175370193429671
12.97160373468273
13.012364239602562
12.953712796374475
12.945440357098164
13.047475375751674
12.920923491408644
13.39061741777573
13.112305191951918
13.03105399550111
13.44763162002431
13.351423167391658
13.655264679665606
13.966986853091953
13.817998381565872
13.871911777324385
14.335804470762014
14.27450733832552
14.907217354134332
15.80835046798336
15.924211967315273
16.33706051856882
16.54604109539366
16.9146863240112
17.603440839004293
18.32226871036505
18.31464037848059
18.13390059763242
18.30408069970497
18.501196726716444
18.375839020060425
18.20928748142569
18.619997843416513
18.622175321967347
18.556540957080983
18.360519640220446
18.328618955352226
18.257629228125097
18.544094965976683
18.425716443605438
18.205578845755667
17.879409114941154
18.205455482584284
17.68343941269916
17.705439837472113
18.571198229318156
18.01980478840983
18.37188425877264
18.404040732797284
17.694131584753222
18.19947378493714
18.03930241264959
18.77937398272968
18.734636468840222
18.054865613597713
17.994782776971533
18.165856304903514
18.295592853495577
18.08150040463147
18.138903610271882
17.53822353719795
17.37337062354686
17.77502808294048
17.925279035283324
17.60656873635685
17.502574002958
17.027595823702654
16.83368508331955
16.529771343206335
16.506079013853878
16.873021632258542
16.97057710440629
16.516911006510895
16.854296817155273
16.90710140594001
16.336878068516057
16.376909976029424
16.353731884741933
15.859158134992583
15.796641644499573
15.423143608808402
15.514018786261431
15.08384090158222
14.982477725863532
14.647822821585237
14.664189089065871
14.349707539066344
14.036157738148177
13.621735733232867
13.948776440450729
13.631939046515413
13.801584336791848
13.35674879793612
13.116435828671683
12.925227084338303
12.513811005570574
12.455910685027504
12.68430801135537
12.392744311164506
12.24930850014357
12.427183901854278
12.449132498569611
12.257938881673795
12.393738075082808
12.222594135526947
12.498245783373932
12.459801213332753
13.052002191067004
12.77697091367952
13.328640498004575
13.93041692846026
14.010505490159403
14.114092865997122
13.582196583323707
13.500831611085346
13.798557499165781
13.575134430088497
13.972119507661432
14.559821124678706
15.175135165706934
15.423543377317287
15.493076922865384
16.19283152201524
16.324083511078697
16.133892326564478
16.020147715103803
16.059367256384405
16.55512169073552
16.399277638440935
16.355002988618367
16.563130379595805
16.565303164464353
16.747703874255876
16.947718527584584
16.966390189803064
16.89959306874175
16.923902360423767
16.74189708468532
17.00671675510091
16.660394732043528
16.61585253128999
16.86000150525325
15.860919586960335
16.444087008975544
16.780981008745357
16.68876664662946
16.937304809025022
17.028573036156445
16.781621171691995
16.958437082075648
16.444861890689253
16.597466443603935
16.577586129008182
17.054831713700764
17.21363131533394
16.86834190724062
16.405024628468595
16.181417873315013
16.559645595344932
16.363986853373603
17.010942790771196
16.808300717365228
16.643750529529598
16.618889321025335
16.467155912806675
16.87503873466892
16.72969868457176
16.253137020014037
16.127347875834687
16.00811297899486
15.645810310419733
15.108367886929955
15.379948313174964
15.427550698754658
14.60983590360513
14.870229264165232
14.84935436289993
14.632073872573528
14.210580736124484
13.890278797810538
13.654607998130018
13.29019813205639
12.80390203538127
12.93244721617765
12.778990147949344
12.812903097116987
12.647260998603315
12.377893770644903
12.393193806174736
12.619108625551121
12.180758306718076
12.007334284263948
11.98173050211335
12.033269444581151
11.882491621258964
11.989043321914096
12.022650952983042
12.532127352023508
12.649291349292866
13.012247422557948
13.279677383866101
13.73249266981702
14.185291391682426
15.288622911293942
16.257453122505012
16.806361619046243
18.073569150628828
19.656140302384642
20.556359251272738
21.003496581499917
22.072118877953812
22.831887915549373
23.450910891831313
24.831992325460533
25.342662098324013
25.714949212338865
25.98914159407218
25.972060855091286
26.402921121168674
7.061781697483923
42.73843020290269
1.5895523925073576
201.97816900015823
145.23515862166096
206.9263389590069
15.667607913386405
88.10721282626264
81.14780217819145
82.17234931343035
88.2313456116351
82.30347564691374
82.6660817111732
56.150975844537584
85.64541401434565
27.702516903331684
27.492391542035193
18.854788925798516
10.277700117083327
42.63907352582464
26.371896928639444
26.85201413356924
25.69861201794481
24.608639456632545
24.57061408678055
24.179703778562384
24.535245291053343
24.24274762513494
23.72010313583837
23.733603886088304
23.260854485077402
23.28957893576535
22.67595187666967
22.6004770589052
22.8151746256475
22.327541780449337
22.37641323773414
22.090296535285006
22.052272066677347
22.140146085406514
21.523049652774944
21.448966041154904
20.058243737284442
19.73694318657931
19.346380414654732
18.955960340555293
19.329149951328418
18.910675427024728
18.852624075178255
18.67424800560582
18.571614292337017
17.778277167490955
17.938161996245753
17.370695200236412
17.20522328157722
16.533097011015343
16.552840355361354
16.303695140067816
16.047199203302966
15.554160909467782
15.471709299638292
15.128738285073041
15.17563366293598
15.025994460172342
15.148888727537724
15.28782653612518
15.072668917383226
14.56982924322756
14.571527889688355
15.010935910696958
14.889592807065242
14.489644162921081
14.475158175301999
14.518869531087603
14.603706621986134
14.98315753949646
15.045979598664985
15.509443473803117
15.982502475312003
16.271727431038585
17.128863204588697
17.744115664125047
18.910826739042477
19.977813543951925
22.176372623408042
22.38858616700827
23.179153667344735
23.659976971460082
24.798307497409382
25.158263116536205
25.039358162400845
25.32885949425588
25.579986639790945
25.54125489013643
25.92873430001032
26.036522590722825
26.295384196030113
26.246574972905478
25.757241635619152
26.074487006423055
25.80573879610722
26.120065294421124
26.84549492493386
27.59164090885122
26.46692696065554
27.020657104118413
26.99898600395636
27.279518840341325
26.169522547352813
26.6327695012327
26.919746468886615
27.117713227902982
25.855246604691388
25.911492130284955
25.802887239431925
25.791951865692113
5.417563949750729
5.317956124454213
1.6601377406217352
14.95394591512786
17.284616725360934
17.024576399043895
17.719907880398182
18.497638080680076
18.388749924522244
19.46561875421014
19.368867244851003
18.887103596293173
19.079558864575006
19.481730567479758
19.061708469006362
18.88986335269408
20.792926598896088
20.29204744910112
20.372332691061274
20.184240805035188
20.39952426072051
22.373048591138286
21.282314212132064
21.232954516668997
21.745487069843648
20.476400495397
21.192754082445276
22.045728830750022
20.93350699247094
21.37563243756415
21.77562116288084
21.13526131105482
22.28908424645715
21.112341024780676
21.392942338993407
18.551401634179683
19.347216992892186
19.516845230205263
18.656051921229846
19.061524599262043
19.002380783780268
20.409787393599913
18.999337594113626
19.267472107939966
20.89096969314312
19.672688906008943
20.789335871423646
19.952494307623738
21.25700081360742
19.383913951654677
20.07569695625341
18.815255220882364
20.20272592751894
18.681009322197042
19.455717204854977
17.794612582478976
18.005170334368415
16.731633993275295
18.38435986361594
16.950426663288113
17.624214783342154
16.892688551305582
16.161797415357114
15.608013662336816
16.194931550499064
15.456987805108952
15.944539656386269
14.956903410766813
15.005221984668538
14.958927875926406
15.053227948867516
14.594166273982864
16.02338710982997
14.226334184808366
14.858511723343327
14.552644758656925
15.139429459926077
15.418733979479953
15.5705681170042
11.73525317599865
15.238513133824767
12.498567104457038
13.568379015112896
16.86971258339105
16.471372288464067
18.837469257844987
18.870587616477906
20.407137377559366
21.11274239643035
22.239596628035883
22.610026806285987
24.238192325311047
23.334729938903138
24.37869008309326
23.68560548595508
24.653066597886095
25.182034387358954
25.420641822202583
27.38058202196669
26.394586201714333
27.802948732890172
27.84835436165133
26.606131510461864
27.487179150563293
26.37066155050786
27.935396782398016
28.30839140957312
27.470013816507162
27.95709856962617
26.45135872124206
26.341365272478356
27.525880513427524
27.02893958683569
28.317245050442352
26.90889654818443
26.48240904064653
27.065185537894422
26.424847190156584
27.797608840446173
27.92762386119489
28.699140758255112
26.003235732783082
25.98363926685886
25.287518936210404
25.366433607182216
24.57138001795545
25.070685130395077
25.34605242309533
22.880999456894415
23.866231159158588
25.22232076258399
25.408557708198487
23.8373489514795
24.42004912522293
23.81623230405819
23.84714113753489
22.67287262584864
22.24068835645619
22.30132157752712
23.399361344815816
22.15661602544219
21.803669643982744
23.22854475244401
24.327073640450067
25.087763567380534
25.466723243899764
24.474437391154083
23.843103484928633
22.577291627201816
20.780888779976067
20.632459099937932
20.976763709940315
19.072046182696226
20.16412751693042
20.695646418012302
20.191643967383015
20.31218996788732
19.595364099857306
19.127660802141463
19.233823950526585
19.561119706321165
19.698100148202684
20.230532216422944
19.697563995548308
19.162631551901086
16.592655784353894
15.720175571339155
15.185993767451919
15.057579582524795
15.403455109620836
15.403232456649107
15.308324970051672
15.138588354262993
15.403269023032976
15.780681780021155
12.856407506605933
13.607349468892835
16.710473833972173
17.283329178088934
18.63292682313363
18.91515023594195
20.110609168874362
21.78967701937006
23.48026967393912
23.77101374681547
23.292780631593587
23.088169868326872
24.111918487248204
24.85389961117812
25.69027822779765
25.718337124235518
26.599874486084218
26.541833429848452
27.53608396818106
27.96598374904795
27.586467462661176
27.202618977595193
26.948680989922764
28.9553873305573
26.886665814522303
27.11266397923339
26.11977052415682
27.73071985283127
29.78919591332408
29.989244104678278
29.889572083868075
28.16202452013249
28.261492025817915
28.330985635163643
27.947540108590488
28.48851695675603
28.493762418204938
28.66313065706106
26.066739032529767
27.365276311718503
27.680621798418997
26.810149486151886
27.694052951215212
26.734055101376157
27.957298836485847
27.182405259295138
27.23992338121991
26.634646306891113
27.17032968526337
27.368730024505567
29.993967360143415
28.269087697980922
26.894452308173868
26.216776507725513
26.826812051974684
26.83951118699224
26.003876265794702
25.545033438881205
26.102154965760974
26.295935615091935
25.167368543863972
24.795664234847436
24.39342510517679
23.548324173197784
22.70896901760466
22.377730801078997
21.020718701222222
18.75019039253027
18.79257014067207
19.538689369910344
18.06870679537451
18.079284607405498
18.7500154963559
18.34524587051851
17.850771978573107
17.453072178773027
17.060926962844746
16.400846245868934
15.826722151625745
16.43941560525184
16.366879302256393
16.263572186305623
16.306624005731464
16.22876263178489
16.191663669415902
15.959599776756704
15.187865672132887
15.411827342986271
14.671474154772113
14.677401715628434
14.712758742050255
14.716780110461059
14.572749093097855
14.093837470045855
14.390355147492755
12.112740228261828
16.440841821468666
16.511963332809273
16.968320807348164
18.363727770330797
18.86583176472061
19.67141548272184
20.50566338627999
21.81352566537521
22.838306256913143
23.83449461868804
24.069669351087782
25.313476032135327
25.657656103999102
26.35875132690353
25.78454855598966
26.6385786535609
27.322759242828283
27.544583768898065
27.98450778462609
28.925102794593727
28.593095876912002
29.714607303120033
28.131525824436153
30.48483333388708
29.641582085467235
29.39794974305778
29.0766044626414
29.058894125233337
29.518467707546392
28.90016933884874
28.800650979576176
27.90032752696493
28.378764269714907
29.299736576459395
28.36619639869025
28.86166341733167
28.661877562173004
27.739451005522483
27.460998946490122
27.251744142929397
27.135899627971753
28.806062048024955
27.425118852961077
27.127711223473398
28.24924164744573
27.402437180262268
26.78229949970421
28.236153664951757
28.77367121037355
27.790076122889786
28.629771243363678
29.105519861265975
25.93366619384426
26.59662854633916
26.475028002374415
24.81403514785768
24.58285932301942
23.944183225368533
24.010517225691387
22.901253793121782
23.193691876122443
23.621353456102725
21.81423110736364
21.934182180668472
22.95873733689723
22.818775724677835
23.5882898391543
23.430827206554
22.708129027345876
22.050762147991236
22.380622193498766
22.070717118365906
21.848366626927827
22.012353627423977
20.894261317754967
19.974845728665628
19.008289808617064
19.331065355728356
18.504110688326932
18.200193346328206
17.705726446330345
17.381730056751678
18.048825288320018
17.200846434972163
15.692718069936404
17.130110003931918
16.62464557043745
16.967993637932466
16.8427688446169
17.472353693092032
16.932134616999747
16.348304937918215
15.935779014595596
15.150130318332117
14.71790107530694
14.983498243852864
15.326728358129344
16.724834965664172
16.562797050141512
17.39625733816672
18.37962737089765
17.845207278374232
19.17162097079847
20.22044258084543
21.30336874137504
22.42242975154329
23.070788310148714
22.002793514008886
22.86109058556906
23.499774801492208
24.14841110710347
25.34127910619941
24.748976650590294
25.3474994747163
26.874862445191184
27.21630987596768
27.302504271903103
26.19511341962459
26.3389894216391
26.157133375447415
25.78057259069533
25.758716334751284
26.00786936957877
27.40944456581019
27.08719928201367
27.429435250127995
28.691700699227113
28.257887609707268
28.84673080744085
27.74231949329362
27.635298265410256
28.23342613526063
27.323437542886268
27.82690377940662
27.704252354343453
27.613819965356697
26.813805200594288
26.221384408625113
26.700222785063033
26.48673638649427
25.782875744141393
25.05688197148811
23.98470592823628
24.01638585641024
24.112296541893215
22.82058437869739
22.152392765216632
22.265512091951564
21.526847605147395
21.407156399828864
21.2756848947663
20.963650885117545
20.862333140146802
20.717009277870375
20.678548231976265
20.89490641575094
21.210527802776937
21.218748695807903
20.80385258207025
20.227661972431747
19.90458122595669
20.28642992181699
20.32557823987929
20.27703153728737
20.103410970804475
22.389676557478538
21.863863351267355
20.355510790872017
19.353695040261186
17.412962511717865
17.10609109449149
16.969274868445723
16.50276512924961
16.67310125527149
16.61190056595524
16.00211745667457
15.298723283964819
16.340292649242542
15.471402159895774
15.33806601861977
15.10316218302387
14.910436304453128
15.004921056109538
14.447362683817346
14.370915468663497
14.548429561649073
14.411239275581352
14.308550449564564
14.206187291935635
14.18564181903605
14.272637330424345
14.288754499590254
17.814583564228315
18.82425700533986
19.022985860096128
18.9657926219993
20.30051073724991
18.0907622627376
19.287680845364207
20.926026467259703
22.127283137019276
20.62412483817161
21.15865314082214
20.82597106412311
22.096368447076202
22.881513562633472
24.562325045982448
25.051061247673374
25.640293619188355
26.0564120765016
25.75598560995479
26.743600040661022
26.65479506030499
26.705380331640868
26.68810166876665
26.818507872553482
25.83826393174354
27.15880567422687
27.20256722073873
27.17841283954772
26.84583813064546
26.34754388712861
26.8981096178386
26.319980896502898
26.393108792018438
26.962914700415695
28.93135061536441
27.16193475396915
27.402154460719203
25.365353599955256
26.258709547838578
26.243591200207106
24.256654334728182
23.316539662770992
23.140600432463543
22.56544615390476
22.672469177438415
24.334910659973502
24.36088126343094
23.50910694604238
22.478748220048033
23.506517446214957
23.016858991649656
23.288163015449754
22.526079314807703
22.50735456891084
23.461251121743885
23.73851228141723
23.25597783969863
22.814008289608864
23.282461514659758
24.051213503598092
22.997373604986024
22.107757397974524
21.468109100046036
21.09520868502534
21.419595221996815
20.87065212233324
21.06299920824847
20.577434426721197
19.8236080794062
18.96405982869703
19.914178515213962
19.375949540403667
19.286858348121086
19.551047466819796
18.13165630863068
18.15254097563127
17.75665080618694
18.28076176516845
18.080109262010637
17.364166676820332
16.860913264222518
17.758809710999685
17.283485990921463
17.14975336924067
16.904995633795068
17.35637996437856
17.37395477107782
17.376662711306608
15.970879778188873
15.844754236823178
16.670585857345543
16.148523485336113
15.654441922327123
15.460139221560212
16.03493123945509
15.754568818052462
14.809184599105379
14.425419851976699
14.78625196861367
14.833049556470428
14.719724808782871
14.84085483282206
15.414786878868313
16.632029565750827
15.585851799831971
17.12424777137187
17.03450531371618
16.36006688451903
16.35176616829699
16.74990557686465
16.557834526108536
16.52012686333262
16.851010684448397
17.87848845317376
17.810889555133713
17.9785972362929
18.19640710649435
18.43113072524966
18.46232865513832
18.380053931132466
17.962801816748197
18.86015525647781
17.890874013686698
20.256196059422564
19.80327494514188
18.809787160160113
18.39905876712237
18.352489522725705
17.916189016512362
20.08314771283483
21.160530350023237
21.49348769802316
19.449486203723154
20.42310914386769
20.16007702300351
20.241421733162838
19.046839055283954
20.423334192937205
20.85099687036029
20.88429014415192
21.082513414836285
20.691102013523732
21.865741094989176
21.414959383322866
20.725841997496445
20.38508307304528
21.18372537015739
21.09287870732635
20.765196797468434
21.031939164210826
20.7557850697018
20.828909691284252
20.837581899092413
20.666322867273948
19.577126342192912
18.90022461016747
19.525824291910226
19.22416288803754
18.836891433889832
19.145498100774034
19.068458080282085
19.136750689443716
18.779781387928438
18.60927683104194
18.412035162246298
18.698836511818968
17.738171121386358
17.580554551352975
16.868402246825326
17.105974051851376
17.22541374537218
16.703050756633843
16.388368640320664
16.4455426065731
16.112541790679302
16.138466250943225
16.77190964476233
16.73726204768593
16.27007141488849
16.636216791997526
16.881528452820476
16.60948901338395
15.844889820430296
15.766150003112159
14.935012348277837
15.107928410824115
15.688626683589746
14.105633111374232
13.512796188327115
14.349894531923837
13.821460608424218
15.311894832723056
14.618821442170201
13.848700591652914
13.846367130911176
15.238772359026484
14.869295764463232
13.63283398407873
14.317185566633157
14.925443430140035
15.082306417148061
16.473148482709462
15.812248126005443
16.200792354451664
17.42762510863838
16.92741676006665
17.467135515325026
18.576926845676326
18.247060320336573
18.215471579663586
18.224951111624932
19.144481889474378
18.833870313968077
18.906630847565566
18.438366729463382
17.820643193381784
17.76831243384254
17.436133175976806
18.654641555706803
17.70739395757846
17.86854704272548
18.808297018111716
18.4282443171586
19.026015548703754
18.29742147846605
17.155891495615037
17.27381573631078
17.61508628230399
17.53991081590732
18.027729259531384
17.88255046539632
18.546550651194707
19.073679060433278
18.907753714568912
18.41894732255571
19.174356023513155
18.37514413888266
17.625849299004585
17.31528503771534
17.89096831588961
17.830905418906354
17.40256978707896
18.023674469522234
17.40218063140071
16.746736325784582
17.143588594684502
18.261411056985366
18.884809525588025
19.325958059902746
19.907600637932433
19.307708426078534
19.338318770687124
19.178950065518507
20.644649604476626
19.58107369265349
18.131578325454825
17.621572344553442
19.34739647058791
20.129635996377033
19.63444299967398
20.178473121137586
19.119671365137037
19.189489401354876
19.17627324656962
18.382471952424225
18.289699031856344
19.198025819997156
19.18529531464401
19.097934733865486
18.155196987815998
18.27747325958046
17.759228570945254
17.09553454145896
17.583403333292722
16.72159753534413
16.383099193448174
15.872168540993869
15.764104595598155
15.410051655586585
15.479911618865913
14.804178519599077
15.018243533171471
15.148588024371975
15.118483240625892
15.93145808014799
15.722083366205084
14.503672306581734
15.704978271487562
14.218936016406929
14.770506799098143
16.156580231843463
18.74603819644483
18.2009835781289
17.37989702854685
17.895732279318167
19.95453053620679
22.398881589832285
23.072570192575995
23.81260361963939
24.480650601864795
27.253698346078863
26.2779494857557
26.71566108862612
28.341330551091346
28.570118563271194
29.035825278973675
27.073936044126867
28.349226116435943
28.567174790070453
29.274569321692525
29.037283771102693
29.31121922317061
28.14406060738952
27.72019304218236
28.11697901188552
23.857803983181384
24.139485071935724
27.09661120395333
28.79158218268458
29.348119616243366
28.112787712753175
27.360925356314624
28.87619983528168
27.79300017713433
28.101065284113247
27.448304516982944
26.786538938664762
24.42478441198648
23.589833051525943
23.527113266860283
23.140739406060675
23.161736057511234
22.503620092354822
22.037497540159393
22.411584338893363
22.16154053142145
22.565502163716815
23.586131590905666
22.394750915896225
25.56629538359232
26.30926203107026
26.48982303473565
26.521269289391626
25.680507866480525
25.24547220560055
25.08252186658342
24.655733327645407
24.01100655262701
24.08309651892114
25.16522197201209
24.509835350160643
23.56203680317526
25.00292426389865
23.90740531329766
24.199071334026712
23.60312652016779
22.282291498944915
21.14563332086209
21.52709606359656
21.719423119010912
21.258303737755796
20.782712610305225
18.967918506388514
21.296705754199706
20.747788699743978
19.843236338020233
20.6374329377536
20.20947085225214
19.58171437669148
20.02522592194805
19.337086393380105
19.888239579351875
19.697398358545684
19.688854467391252
19.185822504954558
18.593477192096884
17.641757933685085
18.843447294071666
19.080026054048062
18.775646273364714
18.978922337612516
19.140359169396334
18.598052675206986
13.681755135386538
18.694926938707113
18.295089564831073
19.244908033763863
20.915049628708402
21.27064458675079
22.402277567239594
20.87047049416981
22.655979859857325
22.60504593292717
24.076361837681702
23.530247484065058
20.193303357828086
23.299662957565943
25.86653201328386
25.749035111614262
24.632333292396424
25.800909095846464
27.82491782136981
28.64308702580479
28.555358462792924
28.77424910941761
28.83316252125462
28.855461728108025
29.191228070726424
29.56415463988185
29.16858888539946
29.341099701038615
29.279843404217104
29.65062329254033
30.123312527023472
28.046890712765617
27.83617565522127
27.66090030736109
27.00231429401913
28.958550306447933
28.516563894271826
29.04299414098898
28.79778011694748
28.930117275150565
29.05856688911024
28.4169080275675
26.178046935140856
25.475524978939063
26.46524179499181
25.151726471735287
25.14873904170304
25.599295292996885
26.47630125954845
25.592002893568065
25.13317397511787
25.70372060006298
25.30066101966395
25.62005618196838
25.278732729039348
25.123794092751837
24.184179308601074
24.316304571982414
23.9178375302846
23.17017954717528
23.64222986249365
24.53389833846518
23.057000517021265
22.601510676640828
22.38268578965642
22.26306003413788
22.089635299498582
22.012820649452124
22.619051961967102
21.548476101934284
20.968924616745767
20.945944198331517
20.150512441410115
19.765542223024
19.762579983225294
19.1326180437203
18.850661895769463
18.522148889555183
18.12471016154666
17.647253685121086
17.89048604455678
17.558298544789636
17.213448316527774
17.7417316268959
17.530527099726214
17.003309819052788
16.991347339224376
16.455219456600503
16.413985121907558
14.556535574323902
14.219635256410356
15.369415394556654
15.92405651068509
16.111448636537148
14.27407375129917
13.0823583833959
12.433071176463272
14.80489773842578
15.894129221389676
16.143306654348635
17.800815031592947
18.29190577289006
18.58885206792263
18.69696747714022
20.13079756566958
22.76900643113879
22.804408925476537
23.228725778717603
24.090829277481475
23.95679620837177
24.101187157012873
24.562349148874546
25.719316297194382
26.102154328313304
27.595278116409304
28.419910617936807
27.59029259943759
27.14408325746001
28.114948276125233
27.52713650294504
28.221942270469754
28.89430398931472
29.403290198665104
29.289925823237127
29.09838266440522
29.54483074419454
27.19041802716049
29.007413612344408
28.310258012034183
30.315613625480296
32.70220141365883
32.85444978374392
31.582661256364418
30.384068450427037
30.18707297616504
29.893543641273368
28.882622181689726
28.17209325937563
28.904429481332727
29.58168709754932
28.86786283424715
27.6829139704696
28.98247621893927
27.014222461963527
26.600793872100326
26.433174129304007
28.238865142563213
28.027182012947605
28.29007147081859
27.57743126306366
24.88215026876901
24.845635411719513
23.280398832613173
23.96695465893515
25.560195699573
24.19698831205369
24.905138316535158
24.792354754690678
25.338365002643627
25.478324060561704
26.484557276293003
25.19094295449031
23.682063292438556
22.95777094561197
22.902896480594677
22.508070265201127
24.032497032065976
23.09824047741222
24.083554359186337
23.788417528608306
23.55846055198549
22.582243893888972
20.720117182638774
20.655426892593937
20.392699716080642
20.090786297051523
19.264833501842077
18.30106262498498
18.338799625566594
18.502508098006274
18.465661047296862
18.46648747342624
17.661714424957154
17.0482842839873
16.642556637564667
16.307655373418925
16.414589554423856
16.387306102633033
17.266833423152548
15.880406915671188
16.10386568426827
15.385075330826794
15.993175616504914
16.51455586795487
17.151714776285985
20.62745057706104
17.220895285544202
16.897761827367617
19.278412269082423
19.91840944714636
21.867202849895193
21.991477787418262
24.16398678568794
25.189039729149385
24.980383571091465
26.027203364333445
25.801876625229966
25.601569666039154
26.69943140299506
26.051873706227525
26.857830830266494
26.974564132318847
26.3034860943676
25.903571129444117
26.75457252030685
26.84939056094629
26.13561800692571
24.561221538923633
25.504083320908876
26.060576144631227
25.700664482942443
27.666310870556913
28.88875520435954
28.83183441807853
28.540083331219876
30.111917217269706
28.637298093620416
30.146078116595845
28.891561776375283
27.578654761240955
25.565683629057958
26.57879789256208
27.45862569681958
28.20821226747239
25.08361213126682
27.527733092053154
27.751257865946855
26.98319225953287
27.232232902594887
26.490774382847007
24.467782611154348
23.925249466025775
24.034460140982446
23.34852899468933
23.420623812401118
23.992487044357517
23.658788167057992
23.490887505104638
23.06841198219547
24.84805264277827
25.400534256303217
22.811167595551638
21.576911231882946
21.819017971240896
21.916915135431168
22.190370041758
23.588834434262708
22.319526193335605
21.911676522156426
22.9068592113656
23.52812759792448
19.68340809234826
21.79753755218519
22.934178039275707
19.81220172967869
20.193492635559892
18.81006334671497
19.49236370489257
19.85856906417041
19.061927378349537
18.483044207135663
19.087807279486697
18.62657171514877
18.4337724673029
19.711059199473993
21.43149898295769
20.296129117465057
19.704997712156967
19.97981690838003
20.828584421975165
20.65839989844801
19.28939927396584
20.378607026234363
19.97622169131489
19.863074266126546
19.171931589702012
18.920357078891357
19.22292699834736
18.34559800133377
18.69262576742858
19.649950872256
22.031040361292867
22.43325429283925
22.93741930156409
22.221599592175835
19.937123496277877
22.313512563565723
22.91027866190302
24.71056136729362
22.854663254086745
25.135842180902046
23.063701599608862
24.31303050413976
24.331903749930348
24.662198011404712
25.878525455747422
27.117119447068603
27.004129357853117
28.675453160684697
28.20183245602425
27.061900754207386
26.21312828025907
26.19062705194915
25.61734354119949
27.229169179703263
26.676714058052426
26.474238517680533
24.481338274840596
28.36006597967014
26.98890339186221
24.01843196764446
24.129998459987064
23.787062833891127
23.817561771313535
22.49447235232651
23.0346567067013
24.027520859241577
24.59353641933376
25.961197733522226
26.304081389846488
28.008244295937743
25.369424475195387
26.058755815932727
24.806207794870488
25.153671512046117
25.468465656664762
24.744774101322605
23.775135336703215
23.894169610367385
22.668581281570823
22.04339275251425
22.199987589280113
24.480038557718785
24.488303040513642
24.7138817670845
23.3394816180828
24.13814466635199
23.33157708386875
22.374372016734583
24.06864817005237
21.53258182774971
22.981871718698812
20.98167306250366
21.83805348597241
23.13577480883464
23.74484621640579
23.99435233419456
23.369294280599775
22.063826712731156
24.060246625671084
23.49446057195985
22.68007364990683
20.992221907281873
20.3587186580595
19.694128555706357
21.225263826946275
19.68160040569387
19.630773872935038
18.94080947249404
17.5174940633093
17.386311251101006
18.868331705972423
19.43459246324346
18.71095229357161
19.2667931730457
18.63409541908618
18.349190067004315
18.715942143130064
18.840923471394717
18.603010710287265
14.182682671447651
17.871994729366975
17.60659840874291
17.66511178146402
18.099290003282476
17.059046339741485
17.141254065622206
18.593542855477153
16.99360051777751
18.47602398979575
19.354968863674003
20.08330024214024
19.19926316250178
19.145047825592655
18.374121635167057
18.39430540592525
18.77958286339276
19.184309638947866
18.83082988061392
18.63681808306569
19.21835659191595
19.261098031462097
17.90206224038309
13.803139342097097
14.755585905821818
15.714524358325548
16.089006730738788
16.956304426406973
16.184524159033572
17.844074542155454
19.114193286121917
18.754330006123837
19.025974232860335
20.89522959838098
18.967811621690203
19.41506374710184
19.535080297420564
19.935592846042823
20.647860594691224
18.659678645076553
18.9571673168619
19.24959745196702
19.970420477004268
20.146216799453555
20.44914516384756
18.101763889597805
17.830561120846824
18.45384248673645
18.065762247258135
18.580743944752157
17.116605966219936
18.098957553397554
21.658836297870607
20.54334893893372
20.526961148950477
20.682218080410166
21.504458453505094
22.545562913372123
23.28223330021285
21.916489402928732
21.72608911641396
21.462971494756175
22.86621016086883
23.28110821338305
23.38906632048395
21.838022368266138
22.32929123316194
22.59814746898519
21.82537821776657
21.241537012868434
22.905218452036138
21.94004490380871
21.82691543555086
22.763824339322127
21.99025432235669
21.49010895718368
20.08488591970638
20.747709584244717
19.97029618360284
19.860210285548646
21.390158484167614
19.87231544640281
15.370642454786093
16.60855206137876
19.181931030699502
19.357583513731242
18.485200497041433
18.063806327186967
17.404935391255776
17.63351243409693
17.08869114044512
17.44189340970911
18.0189750504386
17.1572174695292
17.364996596411856
17.87141025161668
17.260272571705514
18.19702161209284
17.34887114019341
16.91892307053513
19.33791244964118
19.424452046482656
19.32282414440931
20.172826911138372
19.172768104487773
19.76985864725725
18.179542016985465
18.10767596534845
16.99122150068729
17.372194951472807
18.355527191901615
18.002460430142833
16.627398258015887
16.097644690772427
17.334258251539268
18.203707448053933
17.86179407722466
15.842043604443461
14.982837495911554
16.483907739803726
17.309487905670153
18.277921260168796
17.621059236057704
18.16669931435797
18.755878751908767
18.054855078143532
19.665326432391453
18.025952616185805
20.928559454347578
20.872835576492207
21.596781042588646
21.36912677681846
21.304694313480127
20.39361214174437
21.827440595741223
21.95161685429423
21.258759675836814
21.409630599927027
21.813374371932923
22.080510004147754
21.57813466051016
20.805563081256082
22.103866785162154
21.92806131156226
21.713013263571384
20.952381385888657
22.809363348320403
20.973337861007394
20.883064919283925
20.852804553000396
21.26645011370897
22.189442851954254
23.54121072420412
22.685963105977407
21.504145679431417
21.83295426333234
21.169668902701915
20.544797547133612
21.537796492523967
21.681190874172103
21.669339181308146
21.927871200542313
21.62053663212032
20.962564028641168
19.100044909937367
22.0186920291319
21.942208224663318
21.161927227541128
21.985982084194234
21.18603187392273
19.935511053244
20.865629643708303
20.83987438079248
19.85688262422059
20.619241289475212
19.166560756646618
18.69507629181919
19.365461792141787
19.45220518270395
18.7992404918175
16.617544230221256
16.503951696254035
17.311168431466513
16.67543239825511
16.39228276097367
17.13561105372412
17.403757234179807
16.578762914919025
17.152018315528267
16.419709854908774
17.637043388769484
18.57620741071446
18.369184581645527
18.379321410579223
19.20686218709352
18.437422307077668
18.147237632412214
16.439662667842185
16.220639656603794
17.17302965282181
17.596997661989178
16.305532619264113
16.692188622539334
17.085451846036676
19.95429464596498
21.474896260994228
20.82569146516221
18.12545793194056
19.384571236418196
19.40165043345405
22.987303929060772
25.712696131841085
25.541864003774094
26.446192322099137
25.33144879464453
29.445232468293852
28.914610073787003
28.301549411519545
29.389327556552644
30.721211596048988
30.977448353225554
29.765721933159398
30.2907330204647
31.790399793866413
32.13031483826978
32.67238774999737
31.027977320083437
32.038718442756135
32.561000552434166
33.24799170387951
32.4339854523713
34.000005834850185
34.56732137472443
33.51834303251621
33.48311394563507
32.07645925269992
32.4334111123145
31.93303049214944
31.69737848601568
31.83804456014434
29.132453013546183
28.828958032934224
28.350259150963552
31.200697068151953
32.61850697148782
32.7803086613103
30.504208348094608
31.202842116360216
32.19429541391162
30.595543210315554
29.390647615724788
29.885290477732383
30.374942892251624
29.93700754628992
28.419226445246068
28.529254090320137
29.256287819044246
29.73974208324978
28.21017667950923
28.710397479410858
29.73705204919304
28.58214799767984
27.32990796265642
27.084573490439084
28.691914769432742
27.717264016994818
25.346733041358448
25.240842929514088
23.77483000775851
27.33729184096171
25.317732851198116
24.441606613611725
24.456468698227923
26.439968394541665
25.5681183408592
24.643910353390652
23.733594028115817
23.5054173208232
24.732194271270828
22.690145680044907
23.775898684276967
23.929764638844972
22.394370909943746
22.565242726355336
22.255631695148963
23.142012134118886
23.052516464919563
23.05060790050902
21.788352996865115
23.529572612237303
23.16557880783273
24.42983235006318
23.081871155600993
24.446715822361057
21.481795977330307
22.315314842590624
21.063624805142013
21.372299129109365
21.426622267672542
22.550056374802466
24.395287197875973
25.25842332277
25.431608580595196
25.09803594913228
25.12857288107989
28.991040449601996
25.23725284963905
25.09453411872869
26.969439702113277
26.946559924336952
25.515849886249384
24.327975419928066
26.158223519142553
24.79038444266496
23.620072932301923
22.325892847009982
22.834319647735015
25.577359481116673
23.0619611532137
22.379468377713806
23.46207642173647
25.207600352948475
24.10963283550609
23.585925785747918
24.605787800540384
24.401238354854854
23.902751218518347
24.248009306372523
25.518730206065698
25.360416633189857
26.23124536848593
25.142345199322904
25.16949967294363
26.411291247177587
24.61282276433667
23.831027295933268
26.232505980622022
25.66114149527982
23.911787656101183
23.867259864172752
25.319988930014915
25.44967271167718
23.473994042516438
22.626391459247543
24.341336633210858
24.779267901521962
23.543893276152517
22.68650810269685
23.844627580088286
21.62852338593632
22.154439969737496
23.1263397505262
22.323764631092445
23.441531648631326
22.522750540073275
22.698173548046157
24.262864894554696
25.64972397024826
26.053748004172462
26.17130469469498
24.93641613903219
25.608428861966445
24.723814565404837
22.27928209429581
23.32902690270521
23.216396776327997
24.466356826729452
22.23857823015976
22.58859494718638
22.86451091147387
22.785889555232757
23.153392354605103
22.34191148753814
21.7903472640362
22.079826707645225
21.74177013524161
21.54787169213114
21.897102936549004
21.164895836635083
20.874468853654207
20.983025304701755
18.802352601085204
18.557553334516683
18.5184555441067
18.666003498017858
19.155909448706097
19.09403212224106
18.42681755739784
18.960142306447892
20.074818970844717
20.503047783368856
20.715097178270867
21.109975866844707
22.638109397084577
21.858342222858482
22.18546558187336
23.18651329620593
22.447705639043647
22.915260978892547
23.71117483820194
25.958979280530457
25.320048607435638
26.390656639156987
26.92300258898615
26.911918072176718
27.163857964004023
28.096769174367296
28.903686968970305
28.89093172195851
28.33818571158713
27.25801471980128
26.695697656071616
25.931338608510487
26.931638195462938
26.89204797794548
25.56645558744401
26.05464913897606
27.989567371313115
28.403126220077866
27.94661050089246
27.328360630055272
27.669511340454505
28.756019665549502
29.77923508103902
28.827603798397035
28.614126051497124
27.48416785628615
27.557360652512102
26.80926771499867
19.841287415119382
20.0094846809792
24.595670752557908
26.453022532245654
25.51441980290724
25.01440095539249
24.22457894673346
24.176418395129986
24.635229377015207
24.0481799009965
23.689805262689333
23.745559649852794
23.494274089792384
23.96607088297469
23.16310994836897
24.023247523156385
23.678562355809277
23.523044865789302
22.356314069223743
23.423400995891825
24.318596424317434
24.009667054974784
24.361296852743408
23.347727889195653
23.88867464321504
23.026216638818823
23.091116983820598
24.126242738011797
23.634271690038418
21.75676272952228
22.988626908513424
21.983983206220046
23.07190226860007
22.477715586697514
23.89220234138088
23.21319244094252
22.81528203320829
23.381733319251794
21.985910779790174
22.676878272512226
21.709344523395316
21.56634553034246
19.470189015446067
16.534366734464243
14.968516403889453
14.469280506900645
17.53546364225315
20.55389007204758
20.90451628645235
20.53499318629389
21.1537547158365
20.72911275949059
20.899374274983302
20.28739717178553
21.35819838402574
20.83354242344683
20.23601536024978
20.667171475749228
21.135989862976317
16.11585571033777
21.855782274358603
22.823384024237384
21.956571280299897
23.0741108186063
22.654275813179765
24.403332965054005
25.065536978997557
26.703967613808686
20.257139650928707
20.28990743200177
21.321993414031567
25.615702019100354
26.13212523750144
26.787377488093284
27.201141211375898
26.997049152654654
27.942262156994957
28.433246705338092
27.579305859332294
27.850521309186888
28.707483233019616
27.805913797512062
27.330669353070903
26.514315360106593
26.817163586246465
27.34133552158562
28.46768114720419
29.57580286336099
29.473858961968176
28.419264572300676
27.592567895588218
26.91743284118195
23.754817483462944
23.014130983523728
23.405843878299265
22.805832002451552
22.51232397386775
23.57674454678613
21.448040038416025
23.62183395934892
26.109706892237
26.211011195127753
25.7528195320682
24.791281121379143
25.483127279215182
25.36428152051792
26.45944431645603
26.760857497937764
26.245807207429152
26.434535975513313
25.97440077989461
25.60932254074646
25.693125608800756
25.847302830045123
25.199705735373982
24.93876340810141
23.32611730387964
23.67248514289065
22.74991109770508
22.771234914256866
23.05955993815229
23.12427209290388
22.64579370437889
23.942159106854263
23.32891873317186
21.2680760031742
22.24236545638962
21.499170601367496
21.120855333842144
20.665338475607086
20.75243708170126
21.746865768148496
22.24494553099362
20.78345714914792
20.844823397163964
21.17485630089749
19.88577182874019
20.491184998845483
20.849840854547665
19.980110472467572
20.570457180096923
20.46263449651235
20.527402699349864
19.08136948336255
19.133177806981962
18.911585181301803
18.897241002836154
19.715652626093856
18.23185499327849
18.980817506439394
18.6713630901952
20.018743290363886
19.148227581555602
19.52755066878433
20.973628300401742
21.394836459317048
21.63152869611895
22.302259712287537
23.439547043186394
23.87111359835501
24.562598881703707
25.25982502631291
23.371224777840553
21.156007630385602
27.52037010282686
27.86341058982157
28.397156897505624
27.583796978285363
28.678355720831178
29.299715203168148
27.88707145830074
27.53443431942162
26.73569663990895
26.494996223471844
26.60304978376132
27.18743992115708
27.51270631507589
27.484270872021284
25.759506583843518
26.226873713568125
26.902121653998393
27.880821854689543
28.69934401420869
28.02311414645112
27.297566985245453
27.537115981063835
26.062575883624618
24.612681687986765
24.50480030366566
27.044948112071665
29.15146547177119
27.851841527706597
25.68980114820681
27.217188025292785
26.97456637159769
26.786498193083844
27.661572688151068
27.321844761735406
26.55855773350038
26.26292650953144
25.43149990344523
26.51145247715226
25.94786292376159
25.192208153357683
25.18795757985697
25.67727620292294
25.27889713503589
24.47020707298759
24.917122440341473
25.529101188568575
24.386774574488186
24.63064989324505
24.7928086634829
25.793700363282028
25.62608761629747
24.867904819950468
23.19093338016978
23.641396659056113
23.090707546907367
23.53421060919743
23.72840770151106
22.460813483719903
24.88259748227631
23.15194466063417
21.76531156276053
22.081612106487
22.48420721717048
23.32420304348227
21.599151270637435
21.12721670631879
21.871725221548445
22.417943403553295
21.63999152700535
20.46653786410775
21.161852939683968
21.16525882255314
20.299791742888715
21.94010083886144
21.649732553790045
19.665210225682017
19.56890651892337
19.678370195974935
20.877797285575866
19.88110969027116
19.369662317616076
20.05475708075096
19.437097841774857
19.380846455064102
19.67026757898293
19.90737620193113
19.108321971318674
19.4090606654986
19.746937611513317
20.343407207056202
18.706612242195206
17.83750638758636
17.901580203782714
19.923420471027953
20.65686791003941
21.424893964964895
22.491911521350403
23.823725084292278
21.72946841909618
21.971802423576094
21.918447574678453
21.577010177839497
22.13585078187515
21.85948880312401
21.92917969792552
21.80174626650171
23.311728893477948
22.4129760089657
22.48824419777577
24.88740662333737
22.146872322658282
22.793271937477016
22.940357235314536
22.68377150963329
23.367879116619633
22.402210345431286
23.11687789019618
22.464317398169896
22.865366143952883
23.589217376979718
23.400355789861806
24.34012904354705
24.70358562066724
24.25880349174838
23.280860833602446
24.467526982526124
23.258264333276372
21.362344104636463
21.470761223358636
22.609229207711564
22.84764703741962
24.487407475898408
22.41804725001066
22.9392959970495
22.024297688955585
22.403549043119256
23.455885045701393
23.4558320649503
23.09418425962849
23.102746445352068
23.467365552485603
22.90121077859021
22.862805385026604
22.276960264125137
23.204516527688156
22.256303327555884
21.098063355243653
21.471230819865696
21.95115352008338
20.458696545490398
19.06324035341447
19.432817362101673
19.975113675476337
19.26824980384299
19.77546707197041
20.274015068782433
19.790193323929657
18.64472979759637
19.24717069081123
19.543336325110317
18.434792590554594
18.09377060128611
19.90971119902929
18.90677558593643
17.77232724732562
16.791423682890695
17.164660068906414
17.527553508717233
18.778313474127458
17.110943514995256
16.884558256238847
16.85160108015225
16.93366032337201
16.729058761346096
17.02678546573668
17.84604471635629
17.1474833069816
17.306425427020713
0.04324578449813998
43.15687779225391
27.569667377387304
26.651938264320393
26.629749635758913
25.885288006758856
25.870799479756215
27.946218842627445
28.233853182285884
27.80094381585195
27.643227016460855
27.82928996237456
27.834385799098072
27.74998858824597
27.240814110801693
27.99863295203295
27.363595637633466
27.8010759923975
26.95660867813592
25.663734069207976
24.62374652122037
24.61506011839481
24.866638449784887
24.838593187381548
24.027069731834217
23.967213872861862
23.17949576056276
23.75178683846582
23.996948592699823
24.016747398666894
24.310260851888586
24.16656123291648
23.8636504261882
24.924367691398402
25.783711743168737
24.888372173662788
23.5755481574339
26.085316621042807
25.556429769415786
24.894713857281545
24.593429358697904
23.413854867373402
23.313778497618046
21.750695909087767
20.872947115914144
21.85066564329668
21.503732918265882
21.71464364988401
21.75984739655837
20.224626466962263
20.160156996354203
20.22868135370902
19.726979242323978
19.553496602538644
20.07633114088361
19.304314973567557
18.05016813641805
18.7828525572196
19.245156194577703
19.37855640970389
19.836282605244264
17.857360046758686
18.149263489939017
19.009252024925672
20.17870425095748
20.431556081708607
19.767502297554415
21.66938420818815
22.365677410924036
22.210229807128258
24.090969060338693
23.682711027443133
22.86566939486329
23.450156514680884
25.110976993251143
25.37456073725059
26.148774826464887
25.630642824256597
26.67531465314181
27.075233334717723
28.020201582089953
27.57185850566441
28.152657715777877
26.917799833239997
27.175617773792283
26.960278761975815
26.871433902329727
26.889513711568497
26.806298033184703
27.23903907015074
28.392931667215635
28.095322549507387
28.009807980071287
28.78743686812834
29.488856679337346
28.64171122375035
28.625637011920958
28.595858249695993
29.435818057512506
28.99278764022904
28.706040477347642
29.193350895036815
27.92650619187566
29.002280449640352
28.094925526338216
27.625353307818955
26.84031831474738
27.800774502571926
26.674324206734354
26.145010015053117
27.096138876879536
27.161330748321575
26.458113622355654
26.434810655576257
24.56693795103274
25.697420960139425
25.444306681185935
25.44191195443068
25.63534957883644
24.76855086415992
24.134248283728198
24.786813055227185
24.755748550230464
24.85500175798211
24.17906077376165
23.662167016981357
23.893487814222112
23.941408014127774
23.28248264111926
22.500055306357694
22.83138980331273
21.48935606808061
22.619771971814316
22.11808974535586
22.78055039394428
23.046150005981076
22.325670448970413
21.51368936663971
21.419552245298632
20.82364360671272
22.119296545691213
21.32041971948661
21.34937040922796
23.011657288102356
22.38622066271637
21.78593549754771
20.6203381873421
20.275071349728478
20.740233356259296
19.993996745918707
20.849270569335317
20.961096446734587
20.697126608876147
20.944966943151144
20.98235682817301
20.254026261696026
20.499653831151363
20.375786514720517
20.88437905319472
21.3548476098739
20.890982043325153
21.285298305624792
21.318118231902872
21.290917230025457
21.745982260356186
22.75231754589629
24.761758059168756
24.299616594945633
25.44789108691566
25.534344033785374
25.892021368746896
27.232613123757574
27.97098912298702
28.181827471029237
28.376277705082998
28.79350278495508
28.959143671057177
28.32019864925519
28.413965201639826
28.462797260675757
28.234793038927307
28.650851546791955
28.8995062511342
30.435739946137005
30.441478213433356
26.76318377733776
27.068531121507476
26.525408807104213
25.942103594901937
26.66015000414643
26.265362455165018
27.940154210927176
28.770882650313183
28.202585809649577
27.110641610416337
27.640807113732762
28.069836232417174
28.16522333357682
27.693735854330157
27.78966271695458
28.010019287772025
28.88005936676575
29.61573280670939
31.911351260431616
34.33545413164927
32.852537990001906
32.22316570400176
30.466622526701258
28.962468954190854
28.42444546885247
27.67752666212118
27.943753058431184
25.923281982059848
25.468294716846117
25.89307990719965
26.70010825543386
27.165814355977545
26.672818127765254
26.887188150835527
26.869783067688218
26.35913651093506
25.162689332723403
25.105366383256865
24.337259150730915
24.207717365859594
23.58776510193377
23.73120139824357
22.421944993202374
23.74975845118911
22.180925256888372
23.265276806011002
21.894406872310583
22.373209269047834
22.031317306049914
21.848646177168575
22.68333807629665
24.58764413437757
24.370034888939927
23.13379964768683
22.001472365915333
22.23044483211595
21.95878088562796
20.60888595813367
20.73858206547561
20.149875566570813
19.10606333302792
19.011898401447752
20.637035645344724
20.12599805356342
20.971028062487562
20.266619230711854
20.47892008185738
20.226789334297678
20.067856095536968
20.67512593868878
15.93280472320987
20.51329399272163
20.242997037419286
19.241824028526707
22.0113294534018
20.175206951094765
24.199471581585044
24.735925068571987
24.061715722047552
24.513804621836698
25.408726717237073
24.735352982600944
24.62298791342573
25.866190314223672
25.185656621350972
25.07335666082122
25.718939907584172
26.456824955868342
26.28545697430104
26.4758383924991
27.445641184273427
26.446017272325548
26.032241653516394
25.827092288846643
25.897364518796053
26.04677021396219
26.587979763701128
26.52485992353843
26.24875841112862
26.16891624876621
25.208421244634224
25.78039590736546
25.357272748408718
25.67960395982948
25.20629450578292
24.404476868673328
24.40573497375499
25.274133831002132
26.717517194416132
25.901664009718502
26.560974869927747
26.27126501777184
26.95209790391766
26.679190311081015
25.380443242303954
28.049178802754966
28.172574175465684
28.002240900941842
25.2955317124987
24.851028037257947
25.311946619956075
23.97658877407798
24.62383531230182
24.85507564281886
24.227912922376277
24.499316748896604
24.510973970643818
23.612455216473904
24.542142165156122
24.083811054132866
23.793165639209064
24.07541753497219
23.52712286166866
23.705784379324655
22.328334748041357
23.254120187880062
23.925712960545752
22.893970321509414
22.213674822179883
20.225354389952145
20.894786150140703
20.24982813221584
20.49036484074145
20.028567962128704
19.941564036442287
19.98406233893661
20.09949596819206
19.395838686061893
19.88478484085715
18.405021507297647
19.938046645628617
19.099713394793866
18.609768774317672
18.930947184554952
19.097796811579087
18.37657527565932
18.35693010546811
17.0436296616748
17.08630576492294
17.485952094705397
17.530459723468198
17.027007120147687
17.316823359035652
17.680141167646354
16.70993763963031
17.972362424892026
16.898159315314274
16.615785901560344
18.125116460519735
17.969727955871008
18.890528572025346
17.816831179273095
19.30400923847833
21.38545466361802
20.383287136988997
20.915587729318986
22.238553897244174
22.41079059109063
23.29391759903615
23.379460845255608
23.52958187164404
23.510771084003068
24.57267450840459
25.643021633932108
24.510557265148122
24.874673069728374
23.1679481532326
25.41971998252893
25.05583793143444
24.862336757778962
24.473471433582404
24.0072688309225
25.12792488970308
25.202257300151246
25.309301353024352
22.318096959060767
22.08446686114894
22.942902286138633
24.450523482474637
23.539204526342246
22.489444158229503
22.860115444556527
24.60415884223778
23.26246401670653
22.671833161931318
23.158120694681315
22.259058168118372
21.599153783875522
20.955667047412135
21.333081132142524
20.29960701098628
20.229074348173867
21.057462097324446
20.429199610073624
20.68327136792834
19.601752607748836
19.729256100972293
19.410644721288122
19.76819220798768
19.23931975345704
18.877542580869203
18.669548612495532
18.201346648774688
19.111032117636796
18.15558488648162
18.410492927800078
17.94382110845902
17.577379263698504
17.81440455418965
17.718521949797832
17.91658320645979
17.427911081287107
18.525516080873786
17.548476883819944
17.762895808038593
16.82640553090664
16.684395948866722
16.445901295087765
16.189352724827472
16.26627314949951
16.222275295073814
15.767616735595652
15.793659146594337
15.67132550688848
16.950967301625383
16.656849465216283
16.89645250572005
16.902360195491838
15.84249314995418
15.888799593455019
15.505995761350277
15.111010346901935
15.759936818189544
16.063662077631534
16.59643211977766
16.009911820488696
15.276529704117138
16.155703402569202
16.115556513301044
15.972175480931242
15.95927505418706
16.229651106184292
16.38068975224496
16.456591889628612
16.393710566863433
15.982103431023233
15.607589370068695
16.08579955161531
17.230478941249203
16.834552787656094
16.823439020074147
17.309431707998442
17.190970458266065
16.794620780543596
17.98174867389457
17.201751173664206
17.050754936268277
17.353461003370512
18.18516302078251
18.031331246259356
18.16291045823641
17.795828574548864
19.295183010584537
18.612057025014792
18.623861620195953
17.555531110317588
18.10262330851549
18.66867596753275
18.678837492286334
18.9475049059904
19.7778067355556
18.949387608817233
18.99468767603389
18.840169129016772
18.32886449965895
17.9456001573692
18.143377716972054
18.965478809468323
19.29829015439725
18.80116463690854
18.656327693641515
19.015698890496196
19.52800739803763
18.73462763429643
18.72595204060906
18.936384584353164
19.661386133739256
18.738901047580498
19.44138172606324
19.06818103036835
19.65052123524208
18.566187522452992
18.785582739706115
18.939883474838098
18.7210859052268
18.26462068847468
18.485417034195848
18.01799340524485
18.15978862041868
18.12289707505147
17.64355080096334
18.38623473058476
18.83857291929928
17.855776466123302
17.240948089316134
18.227882688131672
18.18419034535043
17.643905687957613
17.878955133286127
18.983332176369686
16.755232588276726
16.82256775322162
17.600587343026405
17.679412624216297
17.13867640052672
16.940488699456978
17.390976183455223
17.337593988415165
17.88345816593653
16.902605423188334
16.129317973559864
16.331470418128333
15.728054498120855
15.530422797603705
15.293323425675226
16.434868913249034
15.625559272082569
15.160232562448982
15.07910964197697
15.969479564126914
15.207142713089638
15.34373100507571
14.62702073283333
14.824674576968846
15.215050276578381
14.304638244845592
15.13440801458637
14.393463765680622
14.647754382353924
14.47364567827617
14.57171837282533
14.560608348108076
15.049181458439307
14.952315482226254
14.715009241159464
15.435902248599291
16.35593196901391
15.768790862588503
15.630592127950877
15.956246881125821
17.55150143585388
15.79502200633624
15.779539637688686
16.713488965899842
16.29748458984602
16.91869472322702
16.50888837789512
17.39458041906323
18.057350657226948
17.35988519886064
17.267216193806803
17.272867714387303
17.14273484651926
17.2241033734673
18.179397550218596
18.846342839662043
17.327151660506274
17.145542888631894
17.523565321099113
17.740664006432326
17.93901897597118
17.894437352584646
17.71517712775392
17.48222002379248
18.42866355466117
18.32703737427073
18.211750069481297
17.75799083993934
18.637906224708786
18.762704238701644
18.63452470025493
18.58404896585091
18.51715396118857
18.172024796648543
17.542108618285624
17.502290269761488
18.93310358085887
18.186578928485005
18.5423768655088
17.393975130121362
18.66280485534287
18.492499861309966
17.71842994864096
18.184411503686988
18.609737000930068
18.1898169845515
19.044434472340754
18.20612428484401
18.13958231601032
18.58461106778452
17.722792493301426
18.033514670706495
17.729568884949174
17.101085637755205
16.963411062519526
17.92059963911811
16.343355707683713
17.58632438401935
16.250832718949823
17.161890817407084
17.007193924445914
16.687784233451907
16.12950319413909
16.74782354656702
15.238209917078052
15.737258334614467
15.584630019499969
15.484410693450513
15.267146825493114
15.617270387062149
15.076422983048701
14.965755145948378
15.182598239475283
14.818136286444883
14.685460601702403
14.772719705492477
14.70046749465962
14.943545910619264
14.87274272938987
15.65868361700052
14.981053265188848
15.459488932429451
15.030879709524129
14.566790655106615
15.007428839881072
15.523174624673857
15.213586948099646
16.052819209631252
16.748530533361986
17.373131105972902
17.12021668039256
17.251339264755984
18.338639604672267
18.821239660288825
18.89751323455937
19.53106897868338
18.363576598278428
16.96276996520794
16.649320951662048
18.011955005118466
18.363936503050468
18.269481312522885
19.03774752826655
19.005137371978208
19.072849129071642
19.687988938763397
20.085655776196063
20.063215255370665
20.041259803989078
20.634527726848205
19.71006197181066
19.77337662601201
19.451649375216903
20.18579635465767
19.38234542523344
20.34780400372631
20.383319681472244
21.309102047317538
21.30888309790282
21.079329904441693
20.64083326567527
20.717627914769764
21.17282458515831
20.685657364274448
19.468638936364073
19.626160701829804
19.29455749728197
18.82515576657113
19.133174967433547
19.7081611726627
18.398573212940278
18.252973445186967
18.69163060722724
18.462644739834673
18.320467234394755
18.760812361085073
18.54566538953418
18.118490279052708
18.335360445427455
18.562326187261533
17.07406996105101
17.11400639629585
16.27257611016114
17.03664968010162
17.181912374132025
16.406831388620844
16.895340566677305
16.119223844250314
16.06436168837206
15.903202107429365
16.44369625921422
15.59632351768414
16.64516872804404
17.07041596825934
16.72630718240282
16.869305549390106
16.373653616633305
15.668804514948192
16.19493040380496
16.122205862021474
15.80729907287332
15.134002648067167
15.18468260696875
14.993759148974732
14.11687444094332
14.34717204913477
13.757507518868465
14.350764739967417
14.105284478514989
13.846315580135638
13.716535800090014
13.447531041619413
13.969315365702641
13.567580804098384
13.85352805195032
13.615313795072552
13.46374363825214
13.245555795363657
13.6296455271318
13.882688939917784
14.098410587099806
14.323357776377065
14.459746089981763
14.908699058099728
14.763299660700113
15.295094475873952
16.142522395575043
17.065482331983503
17.566157305172624
17.636641472631368
18.416541009779507
19.53806911770289
20.37138564544307
21.049653194024927
20.634699186412604
20.257798263854397
19.69655385361466
19.79369706768955
20.241412171657885
20.423320895827942
20.636362753674575
19.62290558089728
20.346704561717615
20.108083025718315
20.45660053739732
20.58252195704165
20.360555894497907
19.929404683058806
21.057512423560865
19.280294526592
20.783117845416086
18.465683108407916
17.388691189794145
19.24842543773093
19.492315398357164
20.787067409001565
21.426768912169337
20.066125947250498
19.71949791985253
19.714200455675268
19.99890766251326
20.24767925880974
19.82987926534645
19.655952371876083
19.96536429727024
19.98818055245215
18.60208522792061
18.750553154601448
19.086062098893763
18.369881083880955
18.491210987415798
19.1525543971494
18.139511153797798
18.32477246254564
17.502532851275532
17.732894305502782
17.140273906698212
16.835152047396832
17.37994397042189
18.121572004786685
17.900849651965473
17.988076952313918
17.615097765420387
17.32552953389404
17.006047861393768
16.420400098378877
16.238463760022
16.01128867972045
15.526101524809633
15.672328786999685
15.244392637317105
15.350977589333752
15.096175799299772
14.6239249867333
14.334800851802356
14.512572073031151
14.473486740316275
14.075536928423276
14.776296193649728
14.617844507262816
14.377496530992403
14.263916839758735
13.809918069702007
14.229771991833445
13.780236247538028
13.590122751543618
13.54438326236118
13.512480626516094
13.293919664659825
13.11841518563324
13.302176465883576
13.1233756885282
12.282228485083635
12.678198291177296
13.229860751103274
13.38381902569472
13.488616554319378
13.544309518810564
13.290300429892795
13.276118211695234
13.976905241266309
15.072425870907296
14.5684934218541
14.90995323519644
15.32795198015333
17.018230457398204
17.556022395561286
18.13980706201596
19.198258771396354
18.55228595700487
18.464784150062087
18.731949060154193
18.500961947656606
18.230509015044277
18.381132903814887
19.589224929100396
20.608870541980764
20.66556374082529
20.612543140260073
20.657221116564415
21.372408591934686
21.47493985993117
20.846815736755957
20.988696885305217
20.860026857138905
21.444990487475252
21.283266769518434
19.99784310663631
20.654205615938736
20.97750445964209
20.49509563312597
20.57947288522871
20.139401358824216
19.993803202280333
19.9876642917593
19.506980907941056
19.539045939496987
20.163231319243664
20.169045459089887
20.377159716482538
19.596002505569686
19.481166244623182
19.40305846224851
19.738741208665317
19.04518997329626
19.191108929350094
18.96618411266627
19.700692864784173
19.258495339953242
19.006493220625998
18.942599413899757
18.7004568010791
18.545615193224876
18.821524391245816
18.324563664718312
18.01958161993724
18.565185338993842
17.949177681309152
17.610005557093814
17.62222026284246
17.275727021185503
16.742011689984963
17.01047526942841
16.800159243191388
16.52261330836984
15.905522305733939
16.098496531224555
16.398563437900407
15.510892781377038
15.381490983124763
15.049954869070007
14.231672860973504
14.275247974266392
14.242255604404136
14.32613652138582
14.07827854565113
12.965601371658806
12.96674727916195
12.682350659904216
13.084220372552977
13.65015356035019
13.228771126314541
12.611918504040318
12.013382099774844
12.051968337237668
12.002201103707534
11.97063403009247
12.301604107247044
12.127935524897111
12.063409582259283
12.117281373856486
12.649088723904242
12.911385800034054
12.795549188730547
13.366906648566669
13.44868517233516
13.896762910541383
14.323331588279984
14.983870437803034
15.088307024158894
15.117783736518845
15.601443545793472
16.557596515141995
16.797284026746638
17.267708052169723
18.077741611423562
17.78384841396951
18.387258326509823
19.704086683837204
19.695285144886952
19.923031553334
20.588951065414108
20.903010081208095
21.51369174724846
22.02990021086464
22.476887334699768
22.412495417406376
22.517038897859777
21.748939825536922
21.508972737418503
22.53646877606559
24.345299211624365
24.701205337272427
25.233297449418046
25.399793567831807
24.07757668798729
24.381344232990273
23.830943714212935
24.560296098963022
24.14393463661696
23.353117962696388
23.47500624510201
23.34011149986145
20.922474778467063
20.80090027918277
21.056191035336724
20.93483429755554
22.808130846461836
23.265908303652395
25.090558900885526
26.20852740013561
25.10519926038603
24.982318333205285
25.48639968902114
25.837051437656555
24.429816037691694
22.961076958079616
23.402267080396882
23.433018816894332
23.197542443273164
21.89357549618444
23.348815517042453
24.31386012276971
23.028558185404336
24.02163556956168
24.090125102537115
23.526704657729454
22.596175262260317
22.85723295222442
22.659551498335986
22.95494232042313
22.031042392767176
21.717914717084568
19.851590770188068
21.05222557913578
19.988192036262376
19.89502353903424
20.345967468891104
20.43807550366853
20.06365885519483
19.789631279271703
19.174229792667234
19.55215622211142
19.37594816692024
19.367700303790116
19.26924816013741
18.484805322606803
18.900492935230943
18.75847271850489
18.604205326595775
18.794423694821376
19.175857848719716
18.160148769566035
18.54224529022025
18.957401953323824
18.324432432362187
17.803434145385495
17.89719516686398
18.351954428724753
18.086212473267324
17.697531625607326
18.109854304126316
18.45375616149022
18.822633074592545
19.36729832401636
19.381220129246913
20.7241607137438
20.65720694797858
19.67292214308418
20.62785999212997
20.61322667072477
19.59871395916275
17.715446836803608
17.750559151398193
18.493362991154413
18.713551779610498
17.703779020776892
18.264005280920912
18.379774526079018
19.15626817457803
19.151424589666988
20.182887136762872
20.434675850744497
19.84803319606283
20.23586110846952
19.25600030900148
18.84600443079023
18.419962544631403
19.431519359060303
19.242357785778722
19.37772695733338
19.511432095654072
21.325933334087154
22.63822661275651
22.528122066953074
22.145867329407338
22.28830350668079
22.154650270775505
22.016764147839353
22.15543513457044
21.992979045459037
22.045057432860858
21.416559878387147
21.28446853379876
21.071533442788223
21.13013366253756
21.286824541283636
20.64791337916489
20.816512727057102
20.43865334028351
20.56418690526641
20.332501612331953
20.633322819064574
20.135124228819564
20.412505040684948
20.450943614611333
20.19150186909644
19.68635096559001
19.638568664729632
19.606581088149255
20.393255060374145
19.84283716301934
19.824158669902317
20.034624769626134
19.740284404370072
19.733149412832745
20.064411705606744
19.41648766837193
19.64067977184834
19.321191700129702
17.39746177779068
18.231731880051086
18.186732387511597
17.561045058515674
17.535165405483895
17.21523064359053
17.17172932381459
17.093506654092153
17.065034257384355
16.784594168947592
16.24335495626326
16.323376233945396
16.974564620508204
16.548859465555665
16.295294621725816
16.646952936524542
16.618631606954864
16.28942042369158
16.304071407306537
16.179704292761244
16.267619449800918
16.122817341041355
15.965748657588563
15.755359871762039
16.214296532085655
15.973346175708514
15.911612880461007
15.742958842454755
15.402741387220885
15.749081312460476
15.944123712417877
16.23005225420576
16.419061238994914
16.993281817358024
16.702831951195776
17.005066825052836
17.174346413529406
17.337097545252504
17.714154699991013
17.807239056636945
17.812412469349283
17.868960553586476
17.728502480203872
18.454886776591763
18.073655693019987
18.26882927642839
18.62798645970446
19.93343611304317
20.06947778210406
19.825661580259407
19.409603544463835
19.22022668898802
19.814459068838687
19.81997247864308
19.714102118113146
19.79291853408779
20.293932810619026
19.65032546228531
19.063785974789653
19.474826656213395
19.507485044686064
21.29443517512368
22.137006475855173
21.57756818964083
21.261143254811486
22.008597426812003
20.73406042041887
20.71103535954751
20.937408078147712
21.25642035966291
21.109848189134425
20.66226239844252
20.567933348502606
20.77188939640348
20.179653528799918
20.78390337251011
19.927452845617154
20.820516650126535
21.512441925211647
20.831670940625145
20.706551072941465
20.378966221416817
19.657745287688726
18.807309474928616
19.889634365748407
18.919713955995007
19.82799784644658
19.2711147364995
20.28778094616507
18.925438356751783
19.526086122969105
18.571964999779766
18.98614728763448
19.17855476570287
19.639326938563613
18.909878423938608
18.27219387854899
18.209520469225197
18.6820338450151
17.69919677265466
17.703604633949226
17.305146279266864
17.37112210604687
17.228585270259032
16.616975495496604
16.725054189789375
15.307028443494232
14.437934863064811
13.863547604152018
14.103424684236188
14.452573839270485
15.294388001959987
14.398904785910645
13.94956222466135
14.031197942197082
14.019713518078788
13.79472881595052
13.116983234346094
13.050757273219006
13.443900747550458
13.522058342966261
13.953327360649382
13.29317804435135
12.893135436413331
13.867495709039645
13.671280207636642
13.789387133461219
14.384796261329257
14.758944986325218
14.596892145493484
15.23116415386778
15.14255030313609
15.054629948419631
15.019094699948255
15.345078216113393
16.329773711731775
16.448054886931573
16.83635991906806
16.360989672169694
17.361771672329496
16.823695349422906
16.614864732176954
16.129345185148168
17.08564950996066
17.055173334007463
17.690296826321855
17.60553363428778
17.87083770785
17.614024510515492
16.85844232531258
16.506291137912058
17.222623046520425
17.420032846151003
17.057602876589158
17.296398870175494
17.215479553366265
16.94980353217818
16.748221443793682
17.020935673031715
16.58490737200725
17.15148315657609
17.585851782349096
18.14945255393343
18.877372166553187
18.54386367177085
17.92006977223957
18.599014234256515
17.44565783611938
17.548082106644756
17.73671166263864
17.27167068086419
17.26559141799487
17.904946618858844
18.032705014704334
18.497041693253436
17.742496511678155
17.586035170017112
17.813264196532145
18.152445117556567
18.544653425634806
17.498021711050455
17.31153267979579
17.162501789686303
18.11788620135667
17.430774850310172
17.929775738579792
16.614599043659496
16.816179461673187
16.47121665950135
16.62736688271866
16.52486271539817
16.044888344457036
16.299054231960383
15.946622345939545
15.850451375139642
15.471971428671395
15.809910092338328
15.246354762948044
14.536689713543751
13.218269220981142
13.082696530605062
13.838745831285564
14.702062795155484
15.040176005355079
14.248580074114216
13.608979903787372
12.761410276237484
13.542334592761904
12.870859832326914
12.571510791978312
13.102438230310781
13.411350803988057
13.108613568681449
12.504097229436525
12.609000738523719
13.223405537822487
13.498930332264763
13.37220764376707
13.426589290487584
13.65537073541634
14.818917492465971
15.087351148325297
16.246909990361473
16.815725670288884
18.65544606784414
18.864778674025047
18.821936637916565
18.942481577317892
19.462282954938132
19.95752739224224
20.938698952451432
20.589389177734688
20.164793196084872
20.73855779160374
21.377546046573798
21.10411049588697
21.08029748348696
21.041655453919134
22.299805721173584
21.308043341198754
21.514436916427826
22.407698909700684
22.847966353493916
23.023826209001413
22.962975606653913
22.42163205775404
21.905966167223767
22.76020333284214
23.169713910181827
22.721242053822493
21.988084260044616
21.60106742990638
21.912973221108246
21.58211721511998
21.419388677436814
22.082421678939
21.41313186664331
21.36612139866361
20.96703337667168
21.219801171960512
21.42859385214865
22.400236140939683
21.617637532142226
21.327629811518023
21.953596251621775
21.172287679880583
22.486762299149973
23.307048015093983
22.14204101158532
22.601527194663618
21.457918387617156
20.948331966296223
21.486092799320772
19.986580393954796
19.472409322905605
19.790160697990245
19.571053362232078
19.147831413335666
19.438301710183396
19.85430852482341
18.82476294543801
18.575657076782136
18.527843651357102
18.662682679679392
19.133726099588557
19.108274584007972
18.94677634915149
19.71684107811916
19.72972861426581
20.605637525030943
20.71554272968001
20.453582534595512
20.746492982661778
19.610595554789256
18.45856680171505
18.227384089980546
18.53155386072831
18.67370359947131
18.153778664716356
17.892467185318992
18.16548867377776
17.21614564343963
16.821502021237734
17.201106799093623
16.021555645248327
15.340935977194704
14.836729699741
15.72326922727143
15.400591482438585
15.924080060645451
16.33610810631808
15.618857339432793
15.197835254636857
15.734145111937437
16.58724890144981
17.450802232440594
17.50254301301453
18.084267390153514
18.876332351080805
18.577106267951308
18.29573835720589
19.399659734601187
18.64682496103751
19.81159211191016
19.544213127493776
20.00894337936245
22.17712032469126
22.076536158318504
23.424253654260042
25.391179064856146
24.250407416193298
24.11902306287857
24.477189099041993
25.127394947357857
25.40612658637633
25.104603726097253
25.022948675903706
26.112636809968535
26.74113136060612
26.57138161586812
25.914610073528365
26.60547005940748
25.207345079722927
23.99969900401777
25.667311542274774
26.01518641537143
25.86045289188894
24.232686599238036
24.222920268506527
24.130092085317074
23.771682821619493
23.927980092638677
24.123041325126906
24.690210842453666
25.464407745444305
24.623190109138363
24.041684418266755
24.528381427519662
23.430424503877248
22.24811271373403
22.641430183992952
22.497600811662892
23.32694725838269
23.358039933662667
22.606160269053817
22.574756668802593
22.65230260839678
23.591988744857304
23.35483021011487
23.007620679248475
22.079944576074126
22.02376175298923
21.25879506085414
21.92361897830625
21.77194981387538
20.267907036357883
19.795009345843255
19.267651818403124
19.03729198651797
19.050191798606193
19.040563923956597
18.94686930950195
19.114074908441125
18.342943751356074
17.090691689992127
17.27259724664259
17.445633998513983
16.862749901688062
16.853725026848338
16.593464510614922
16.376123384177333
16.75740463352298
16.247371933901718
16.155027505136104
15.914909270300654
15.313796108516726
15.930923596092612
15.621264816313897
15.768171120996499
15.448919975604895
15.2936253279629
15.12750750276848
15.239198481971812
14.77048574793605
14.595042748735409
14.54073502235849
14.262991536484606
14.607529282474161
14.772025339376
15.062119821225224
15.668807122713929
15.578395767024517
15.94620409921481
16.64622129505574
16.64288390703632
16.833634299301593
17.707138337978222
18.00082188098986
19.011696613826587
19.10936004682719
19.544590368304966
20.731855080947696
21.893881590085698
21.805882523188416
21.567925020597613
21.431045458749395
21.466183818002378
21.226164278601686
22.120960715825618
21.66647885709051
21.886344355016377
21.31024207797543
21.724033970936375
21.782618776839286
22.838507431196263
23.45092009659072
23.41609983679325
22.876859875328933
25.497855111574495
25.306000854324907
26.323068257030627
26.307372666647893
25.325645907526223
25.789459940159418
25.677985602982744
24.814427775088348
23.598014178375365
23.962804819918347
24.23600185462817
24.481065076962523
24.943308996926703
25.06199425041052
23.944281212233932
23.230041608367287
22.099282040019943
22.637109629970496
22.20692167322659
22.03993399842102
21.485511426707376
21.924649283710778
21.11015535981784
21.86272258369729
21.7742100164794
21.937384945682993
22.421909654373394
22.001946571144117
21.866970139935688
21.65932851861146
20.675195334489445
21.037126988867612
21.20538639284848
21.561053524873955
21.445639200490064
21.59717262224092
21.172320286391027
20.671556002386183
20.34403678748413
19.469836234651893
19.81917614464919
20.367889197055945
20.20966286321095
18.589291730603577
17.602548433433753
17.388553907042933
17.579686622897952
18.072312996099527
17.29882857418238
16.760965886313784
16.32231363506901
16.070446280531087
15.87963330961702
15.595450796577097
15.559325160762
15.618280924285727
15.598857997126856
15.55965588040749
15.429604550563567
15.048458940979799
15.137011390233624
13.993208274875428
13.250049923181336
11.995507036431604
12.33881096697678
13.052276987800496
13.093764265343111
14.185418848210759
17.466924572295397
17.383962182397454
18.19528952346525
17.454400038232393
17.239554805708053
17.847432377501377
19.240881879130143
19.753129632659693
19.919015095363875
20.272850835560348
22.387872999709828
22.07863725453626
22.559184496851458
21.84843847829086
22.692873928256176
23.07843983697353
22.168741810368715
22.459887910017642
22.65819058165482
22.662762467504763
24.265851769897267
23.990671707549154
23.31159050898441
22.54891583912098
22.774430089395366
23.82301653528748
25.370448539408244
25.340946231797602
26.05275085722144
25.818412296540316
25.51783253249448
23.71718651359606
22.91210160168953
22.877080235332983
22.802763602732966
22.70907432156946
23.30121293518971
24.201487292305956
25.114478697659592
24.057917910349488
23.718249564207667
23.315209174569986
22.5540641345043
22.64285499443008
22.271504077055965
22.932476326804817
22.964326457259972
22.380983148718087
22.73354157436563
23.275769128210072
23.068824844104427
22.8538549363401
22.90399477099686
21.475057534695566
21.4288475012753
21.48526711075283
21.625867094649948
20.413033007487797
19.48657756546254
19.094871904664842
19.576099511901816
19.278118229865868
18.843601573484307
18.745250145174168
18.831346739560274
18.0528292178451
18.31479701559772
17.73802662889716
18.569957754903953
18.839199818940983
18.6365336419949
18.867319311131155
18.117579723010863
15.941948643743217
15.422067258960624
15.569444394768311
15.064756593780999
13.893490844669202
13.759999895256783
13.919467192132402
13.61632164184141
14.078852763622194
13.789516084749039
13.691594854290315
13.428081566940591
13.089735936141551
12.975540459048716
12.450538088020835
12.952782724549138
12.828443251148315
12.60867011756693
12.571184565109775
12.863301553181941
12.884396499308878
13.039964213057374
13.038738119015647
13.918523053553486
13.900514183632652
14.070312525119675
14.310112459796414
15.239323187962441
15.662879150977517
16.109867262767352
16.421838025566558
17.108863474712507
16.915314479413155
17.10070444524638
17.67637959534568
18.177660579833855
18.30896941996957
19.371879772676834
19.43689904565383
18.657862329002228
19.00823506569924
19.01710131647303
18.865671547758552
19.690982986501353
19.44164358555031
19.393115573209684
19.197854038996297
18.58816794160316
19.03967227728026
18.751112507537187
18.66745669718432
18.87700154391132
18.95371902963211
18.8519020469073
17.869359417767782
18.092473739953903
18.13923649625326
18.015990356761904
17.986755676776056
17.428261973169356
17.928534536556185
17.34839075916875
17.236165807601424
17.019193254123024
16.593083096745204
16.491812208602937
16.600318476927782
16.295010328937337
16.03257982653406
16.064317073526126
15.853113437548359
16.150486913010354
16.035264180509785
16.44741521891308
16.649702322555527
16.929340823775874
15.936958635443943
15.538890212506999
15.96551285917883
15.852330223646618
15.710637771873053
15.422909723863086
16.198627556530255
16.092873823909144
15.533502615452562
15.4285819364664
15.872053839311434
15.391455074101941
15.311624464189435
14.81919211299521
14.497588069437143
15.089157041028898
15.147343426578686
14.55596151825523
14.287164387495523
14.30549616980909
14.158409720928603
13.880846430628935
13.096883056222737
13.047153583127397
12.972329227469572
12.235664487589702
11.887230975487
12.093814433490365
11.55545880566865
11.421485288666759
11.28212308254092
11.062547036220167
10.819023300885874
10.720138275399506
10.72279086493586
11.076724391708694
11.160908686675043
11.193926314001828
10.808005949859876
10.90549958353597
10.607804897513688
10.793774967165405
10.832257776183155
10.378753749968382
10.608976038062565
10.959063862396988
10.949106776770009
11.407599262587041
11.456021902107295
11.716486228972485
11.468794892841856
11.786753776286787
11.863876599056994
12.51322893849715
12.579917490011894
13.112829452297888
12.993701832030183
13.155089968837387
13.298232301120947
13.131943463825564
13.829660364458391
14.400098675085133
14.634932363021449
14.152197334762946
13.415667610078913
13.705875431116738
13.768038378841993
13.975688670057707
14.246849117549004
14.59251856630749
14.58286068320831
14.404894545956608
14.576982998158542
14.111820693110303
13.916625579085576
14.067725241820199
14.031386234356432
14.09239799502393
13.972543501916562
14.17058833394833
13.886651699512186
14.096457875366696
14.54725570332721
15.242111583861742
15.45304396879692
15.619371093403629
15.735518622206769
15.741592660463766
14.934733614459901
15.031990744142036
15.18993619014941
15.219681767307065
15.275405628183762
14.754086602788448
14.618411940439273
14.489935551518215
14.615195655472803
14.550028215781367
14.289125756302724
14.209326020571893
13.876500581174355
13.909463943033302
13.892475436807558
14.1917315146801
14.100863707997519
13.656368835177886
13.636401603574654
13.014676567710467
12.84516258643771
12.88284014611827
12.919650104444372
12.51686901086532
12.818514119404199
12.843038360156811
13.516484387180412
12.492069047932773
11.927521805243828
12.053827635112043
11.770776414195325
11.59865784450642
11.639580967935444
11.712668244079737
11.536084592947304
11.3411199159234
11.095470789759247
10.704186700179775
11.080834305135227
10.371225734134782
10.14366197447805
10.256119308161374
10.032139658703159
10.320216787463778
10.608088269463565
10.552625382623205
10.68126028332756
10.517053726719382
10.40403591096424
10.51387894417337
9.910091704077388
10.052345264505504
10.218968582138473
10.412187657139157
10.498747357581351
10.68623951983011
10.87370459220233
11.413052236157569
11.249312994522938
11.27244376419435
11.043515307848224
11.501268968319891
11.606248083494393
11.91539080584198
12.184439124847017
12.26097385966375
12.021804126805023
12.055894490435776
12.530264157253214
12.99387157384615
12.863088477071187
12.78340664478776
12.865111140281556
13.328772016720109
13.244117070514449
13.533490734197812
13.201535792727782
13.179328849387275
13.684336934869293
13.888627133298769
14.130117873202835
13.774268101427879
13.70922287046119
13.789333917683962
13.825577848864782
13.944037873457262
14.348650192267655
13.757127244657909
13.947964721391827
14.22729314372691
14.199756481991244
14.283400653403987
13.933621522917974
13.724891774468347
13.643408894388358
14.001222528156063
14.416542667051544
14.553927463369064
14.919926656490134
14.776483778369652
14.699538465411365
14.646634592298483
14.67838983768172
14.617892660311895
14.52741255422734
14.731284385610593
14.729689523669322
14.42151815875036
14.106554974813662
13.862523399318547
13.698029961248949
13.611726444442297
13.069576864452529
13.256347571831952
13.100524718624229
13.184675172788275
12.96168672528438
12.855973616384347
12.684301235798898
12.62961086250732
12.459339263292236
12.568639664144257
11.929357188321205
11.84917026633093
11.458994609290585
11.297307566161635
11.32784076736425
11.322659391432467
11.289854261879896
10.728163135740203
10.478373237078245
10.599923546071807
10.606835158541116
10.372613844341686
10.374608518033256
10.212597667064188
10.01094017015447
9.879330652307658
9.79729919399972
10.120029704664944
9.698977536052837
9.710671183422846
9.928993304021446
10.047317821615707
9.943857342532624
9.89944031278651
9.997540982970918
10.27894748653921
10.835174375226984
10.943033851399036
11.254602862666502
11.731198369221715
12.464980467366672
12.612702262788162
12.84067963516759
13.255672915186778
14.30873983725121
14.273819650624432
14.648068291672757
15.188196752420936
15.13846206750162
15.16989538783099
16.101617953542814
15.987340337892874
16.141891123652385
16.38506855220976
16.25891396121756
16.8387698592378
16.261308703920577
16.34848546241983
16.569609484565717
16.59375624425502
16.354866597251203
16.65410867951175
16.541409586277837
17.0357992138035
16.90794114939922
17.000784271879184
16.800402029392785
16.904542295446277
16.659293496390887
16.639442389401893
15.934594983819693
16.56155261463772
16.535660989802523
17.292370492293003
16.67509647717202
16.855198157009454
15.991042059538017
16.39426675013374
16.495768830532484
15.86623058229111
16.612353137727496
16.704397397659136
16.67716474191593
16.589149017002
17.038111637731618
17.08944184276902
16.46814988954179
16.774895302868913
16.071044976043083
16.55256132331465
15.848835773765359
16.24786952652471
16.230648248746547
16.20961314616045
16.27090161199692
16.150932379888786
15.543057871514975
15.204930973051205
15.158130889625113
14.795241955182973
14.338301601776607
14.000448872701213
13.541317325421915
13.511904094362194
14.118316626322212
13.604513442052735
13.401142593277996
13.654991392424108
13.195741586250733
13.677768037306578
12.922476432126587
12.912493529904737
12.528579094779388
12.468294399974184
12.05009011470429
12.050169624086607
12.050392610246718
11.970196875124543
12.239071353271015
11.366606943508259
11.38711532431239
11.750885856444711
11.666599159382827
11.537625431985987
11.394606381990798
11.429620872962005
11.401364381958047
11.442368754084328
11.44087208630765
11.877611272809872
11.63617464890774
11.971366192544224
12.481061582146253
12.583851360997812
13.133493400964198
14.307539569202618
14.646864981115073
14.781346671425581
15.203202399305724
15.736607524695387
17.003610369612943
17.54906317070538
17.277288838904155
17.172956929290308
17.66882924730328
17.919161731268446
18.37303321771526
18.607082678033976
18.82437688790253
19.652690653589275
18.588106951730424
19.24944574321023
19.602387618820103
19.09172007036807
19.21021721829362
19.962803055282052
19.532220492179476
19.368735762152937
19.567238768080074
19.707740137633436
21.45670601407278
22.36690102986381
22.371971201380006
22.549425229767735
23.040961358670643
23.35230098951729
22.505151500162583
22.54321729137598
22.522094691583106
22.87577501088083
22.10130745903632
22.225947484126323
22.478933897543016
21.872609256464216
21.957185108225417
21.626407189991767
22.12840367233872
21.314495019151764
20.96105595999262
20.886956267415144
20.485030458203028
21.280501400713888
20.917659320605026
19.810742548563667
20.25169018153781
19.83627577405821
19.261941290685172
19.437891440329622
18.739171318783406
18.80843717451728
18.481531131850375
18.60530638160094
18.64030915323815
18.443713923892574
18.36831668959678
18.53191879011092
19.110419472391982
17.921128788051988
16.953941859284555
16.796857149814286
16.712965526575204
16.828688090484093
16.99493040118898
16.943813296401913
16.870563473716743
16.22509942641227
15.671412447963917
16.11336061287159
15.56070148561298
14.992015582522754
14.575953147072141
14.66837822491982
14.79916778254426
14.996443777184822
14.266243700623136
13.999507972579295
14.031679222758498
13.359343770898818
13.753706091774916
14.5256731133926
14.258701701995392
14.209517906528504
14.069440399763721
14.151187876369193
13.691235622184195
13.702830108280295
14.534913989547249
15.298859865435134
15.235281729671897
15.44222368812973
16.567128154125953
16.557430295868812
17.326982767472714
17.00582726293237
17.006798891254675
17.14745264621149
17.285625550480518
17.82075598958511
18.133786360703084
18.636790424151513
18.72166387553318
19.647419093723556
19.44839029295099
20.062264461521863
20.064889636155044
20.99301476501182
20.753724922838387
20.552472225332053
20.720929263661674
20.680198589726615
20.54716544146754
20.50239283715075
19.8909114600242
20.102584831586682
19.859862961030444
19.940716387136376
19.978931826299117
19.16324576790589
19.181877428725556
19.296241298361792
19.62919027760279
20.24850513727631
20.11261269514091
19.613155635468274
19.573619140146434
19.933270063881196
19.5328319704455
19.63668167208243
19.470004194614035
19.198205175031035
18.909348330127727
19.15340391261168
19.98663163400238
19.649731679498586
19.14021205310246
18.919661261541023
18.988459203137268
18.49234231062627
17.739937236063952
18.076849154287515
17.974530346618792
18.091865965375746
17.851827929300157
18.17366608872601
17.877881484314457
17.5593570313016
17.48413387451251
17.519167394131955
17.165295867570876
17.40580528789087
16.994918313168796
16.598569602454404
16.548139380103862
15.8977749062621
15.650004634938682
15.570302550559859
15.683209486709757
15.320025287751605
15.552872229504942
15.345070390423757
14.992414931912094
14.625742262527297
14.260805004849999
14.264029108268687
14.223345363735689
14.328005566418085
14.342676020877207
15.07480465898027
14.296489003472516
14.084486612292608
14.050712892359911
14.03190365871103
13.348599329775652
13.15579493145924
13.075570353954504
13.25861940764321
12.996642804632643
12.996731870796452
12.863747813778446
13.288589846780269
13.016778721060575
12.632740850616642
13.032428254836077
13.758013864663894
13.675029327542234
14.47757642116278
14.464608382689221
14.919307711195415
15.133917601498524
15.90332805982905
16.18620123683695
16.49674113932781
16.98134561879033
18.18633580174594
18.66804980807194
19.791888212564572
20.13403960857272
20.498367540212257
20.390893115946255
20.026307220858826
20.399103180567863
21.169241964636967
19.50175999796147
19.272344788934333
19.31272662829781
19.1105700087179
18.89835531172207
19.424977634433958
19.69072111270515
19.292229421052696
19.49548007137105
19.30642982642479
19.17718253821124
18.669937116532765
18.923418503448943
19.163345899180854
19.03986592338879
19.151899351574684
19.251000625729034
19.252242946943284
19.16096273608491
19.343563920362385
18.324628887633367
18.351749044036865
18.693518972106176
18.353881864537584
18.233723869715163
18.612247063040968
18.130107017591342
18.03150120396623
17.775229614319073
17.574381456430842
18.177417899678176
17.88670385142609
17.714808582992305
17.707406624068085
18.328107936390552
17.83589945961262
17.242275054350785
17.462353607903992
17.11645827202858
16.65025230567278
16.716887842810706
16.339764030921742
16.4480481788554
16.78030062798109
16.251740599921163
16.625683233316067
16.530859586156794
16.670245855811004
17.362743957950556
17.257207129746575
17.394712922002668
16.94952069180897
16.09267642590828
16.023398978410228
15.948393166636947
15.662170623632278
15.379387167639038
15.69726401032267
15.033536900975491
14.822988527600614
14.853388072807661
14.597477149479687
14.49794281577465
14.490806244047917
13.754777565233098
13.721832262138832
13.4291996823099
13.149225544159663
12.977540775796342
12.704660599806061
12.264154267400613
12.638457713344565
12.35313420218597
12.826144916844669
12.87790264058799
12.944623487142508
13.19284943383434
13.421087092801145
13.556664168562747
14.23897072614318
14.527924003029511
15.04559031694248
15.155439243129877
15.928346354311259
15.853378395702748
16.49335121516441
16.95818916108817
17.416995122533308
17.63412166741216
17.90676420030354
18.362558995491668
18.892626178285923
19.126397701271458
18.987548256156174
18.805725655800188
17.952262560470786
18.222434176185402
18.30512828435974
18.24298904117944
18.678672799864785
18.491538039097293
18.079589523827394
18.023832730731556
18.223928435744824
18.311859010399417
18.59120352603668
18.328655014482024
18.579933017827898
18.59776614896316
18.670414994477824
18.853724775889873
18.923534776580652
18.706740652594476
18.465652254633483
18.388161189810376
18.637881508334488
18.222120561726115
18.046858232579666
17.290818722571487
16.478092032352833
17.007172495986765
17.22248547738195
16.906965304757136
17.083796695832234
17.29181683566236
16.694914463917144
16.663442325879032
16.71935159515033
16.788174067784553
16.78426754157522
16.272171307323788
16.565173249636473
16.768683794798335
16.904054187918632
15.83178861933186
15.851721801343501
15.471447401088426
15.471723252916206
15.679415292052113
15.550972322467032
14.729376720733796
14.914644862807336
14.682134147772786
15.006749987207627
14.716134963396144
15.088564859532653
15.04376370797172
14.70402081312875
14.372859986185631
14.593266949570989
14.704949471971531
14.547492120899392
13.907170691691249
14.19155813688019
14.152518309334823
13.989042379145133
13.750663247304374
13.40569397210038
13.33581689596133
13.368639498868674
12.967165586172825
13.143889929158377
12.77344554785384
12.510765576730762
12.675493538064188
11.703151990270499
11.406272819281753
11.267846160297495
11.409470444394174
11.492615393225492
11.10259287309458
11.47278391892445
11.271868640679372
11.65834776908514
11.218254123932411
11.645244287260027
11.680497266108205
12.052136701277163
11.785852414723422
12.573596442363623
12.170742249254658
12.565660170791148
12.75804967125191
13.156879595899113
12.896173941797883
13.017840379621703
13.423726592252706
14.303447833668201
14.710959653296186
14.686562768244016
13.826248620806268
14.154237731034755
14.31018114189061
14.29540446435908
14.097142539546041
14.22221154607189
14.048249013845407
14.135071183874402
14.457574850366768
14.414423050486675
14.488395887624506
14.616791151056418
15.284826223493951
15.984861695249151
15.587111517029257
15.765421238205477
15.304308904600191
15.574040291121605
16.002902353474383
16.182500978011603
15.719523249873305
15.765681140337506
15.442282822681022
15.051822538950773
14.512726616145187
14.880299502742446
14.626503443169554
14.353379643316089
14.060377054239893
14.079183407321693
14.588039552951955
14.407631340855232
14.717338661577855
15.247108852709971
15.364905858854513
15.613541788453858
15.776330751650221
16.416089601836006
15.745987347561936
15.389601713435468
15.168098712649453
15.23569153822848
14.580233207041374
14.903684702129453
14.573926206528427
14.313593289537607
14.163662544697218
14.424874742287216
14.052461355438822
13.972765534563905
13.892165179682365
13.301901660608905
12.925526587587683
13.555654022116755
13.005202024135201
12.920799644149724
12.472671822217194
12.449690176913009
12.303485732329477
12.127321633932695
12.158622676952518
12.14075865045561
12.59582578234972
12.229949648085153
11.504596633765232
11.681413461047782
11.622136884608835
11.298052483097194
11.277677800950755
11.592488098948365
11.231144475901829
11.254240500275273
11.088536259097623
11.040243793303148
11.020685084923002
11.06689222255784
10.933791590122269
10.996137471532734
10.822430609812727
10.871586031563197
10.851891401342186
11.035010066400275
11.211249966143441
11.295692360680277
11.322720201159825
11.876777511135401
11.975364427087015
12.17868554306466
11.915749742430421
12.074969905923354
12.604738606519732
12.748255602788674
13.080766811734861
13.664095754167931
13.752485559741558
13.876886488796572
13.779790554222586
14.285060756350845
14.125031373342608
14.401698802891474
14.111328489507628
14.461752575662786
14.080053156938675
14.686873935833773
14.387534950285726
14.61152807161153
15.129900238150128
14.983906142120873
14.783250665401624
14.644101923016137
14.479849197027193
15.139522047173841
15.277755130929904
15.538073018104342
15.623333908941277
15.139179794053462
15.158238244136896
15.616322818481194
15.706374919970585
15.86835294078196
15.545139184165919
15.639105520688418
16.07398102975742
15.869521279311812
15.53175047969421
15.939171121529967
15.932088828788096
15.22284049891607
14.928837105580897
15.18610646333832
15.203135423393746
15.086117679583822
14.888512841163958
15.403884170932884
15.083647075628505
15.373918133844313
15.412298017076978
15.624337367535986
15.055374775260589
15.091836740830786
15.32512519930026
14.90431237589064
15.002007690511846
14.848977809097164
14.370966721409104
14.295185610613657
14.144618458738364
14.16650668700504
13.9050848231376
14.126798429929181
13.613807948136468
13.293552181236919
12.92078293811403
13.136330492236539
12.69228381649873
12.745886621457657
12.1668015139619
12.691165809592576
12.041095247875205
11.928800092744154
11.698881831301605
11.889894051116471
12.538983180420246
11.248666037344606
11.427144403753573
11.435104614298552
11.640115548571657
11.364677061287807
11.20431790316161
11.214553240553869
10.921818678763543
11.123937713305281
11.771640136255257
12.63829057366911
12.79319582608639
13.02313524040244
13.484240644963165
14.27665002175479
14.737560351019965
15.299857540303833
15.520134541412858
16.630521203005515
17.06318099039072
17.45978894809457
17.978427639529684
18.650794480455602
19.489783242944895
19.437690965371075
19.46339065745866
20.006791648363162
20.51503234088284
20.794056665664584
21.644223175477805
22.015858792938957
22.439127560693123
22.758654445097818
21.424793251187793
20.82789101238302
21.090582194870763
21.589573145493546
21.231148626770505
21.52064391204135
20.85954698428509
20.21151035416392
20.705423087540908
21.215062560487922
20.82746491751061
20.740527937875527
21.115300040907073
20.84463981504041
20.909876281166476
20.860579960095038
20.801270531049568
21.104111445242893
20.425643509522047
21.370421507871242
20.696677105329513
21.44801023311811
20.643410576062024
20.406576180291438
19.71145409335554
20.128445072281238
19.279834605241945
19.28664512166415
19.393490572882115
19.491633528913212
19.298408863970053
19.076995782024255
18.814723543105515
18.99350761044161
18.537845309798513
18.138875513789003
18.01661602624108
18.423374273150102
18.35724621800273
18.321259224780988
17.284478115637853
17.570551677924186
17.616904738437825
16.891534730845137
16.81058914029063
17.183422266310572
16.6357741316657
16.931942533462802
16.29724527622659
15.815914252216544
15.39065728578828
15.364036775201498
14.888252000505304
14.901849029095843
14.575582140858273
14.526981918541196
14.290840933899801
14.72193526649346
14.375548708656993
14.117173262182519
13.802089083301553
13.666471449882465
13.530590100320183
13.673157369592559
13.44063352898786
13.417090272124938
13.405232378606456
13.48920981823835
13.649079596678575
13.23129818963855
13.29466640596479
13.54745099784111
13.655197727903555
14.198624446175927
14.365424103010582
14.917526366317134
15.940180445703959
17.03081473723489
17.92272111580678
18.48052599088703
18.665283255260533
19.065209232347627
18.90237203910408
18.61734377422954
19.607412089572335
20.103614857003265
19.728360425175993
20.93910710785758
21.534737031152076
21.552002389124937
21.48034103110433
21.82906878211884
22.113862855942898
22.3151680439928
22.30922506295633
22.020569886474334
23.325700662540612
24.571898586449947
23.689593103079005
23.46542269726001
22.654473999188212
24.091142120649238
23.984186198642874
23.069814023829395
23.738065195323315
23.706659313085538
23.87544932908304
22.078236163309384
21.83308517472949
21.809863033376928
23.173244598528868
22.682709592943752
22.476027649573894
21.739472667380596
21.568036663311204
20.94992745632112
21.294453223937808
21.230475505571235
20.399845413898674
19.939397541281664
19.973396501353932
20.40728238620659
20.464121234416893
20.25732672421259
20.279848629718344
19.66656541494808
19.600805344920104
19.64942755497185
19.841678040168972
20.164073994089904
19.559841337537534
19.726616489610933
19.846298976526214
19.26647982005636
18.535550093196548
18.942234036628747
18.35558351960765
18.88085717947274
18.619953568627693
18.057546924795588
17.538374843001293
17.86778793859969
17.41842100331462
17.538446390861054
17.888350629800698
17.10513181660474
16.515425560561084
16.576064018930992
16.220295626612142
15.825311011913868
15.960655500302437
15.915202120075833
15.278129299441389
15.627746449179654
15.302203966927095
15.295084373612099
14.807691448683158
14.96092340973496
14.424640067119924
14.651716335194578
14.323907515028282
14.65962729078376
14.279694187309815
14.358672755127373
14.053388234390582
14.372888634851165
14.131958591672628
14.620600292359427
14.556041579132625
14.33069803487308
14.920203328275761
15.662922239709019
16.257471233757542
16.518556974536295
16.87902239762002
17.99771799768564
18.08996608096993
18.75437707441381
19.2904262024158
20.136959574109596
20.857984524342783
20.6974450522315
20.9494285658252
21.159140668502914
21.231523485868934
22.126661137097244
22.511173640326092
22.57310365623482
22.791712523317756
23.5508489335798
23.743674320878995
23.074299171636426
22.3031841482956
23.771986869976672
23.718913514535075
23.78542348883377
23.899492673079408
23.912535029966875
23.953345393526547
23.845469660636354
23.444860623191857
23.941976270010628
23.61170766960322
23.857721955773627
23.503861416087602
24.36763629003724
24.009618010048257
25.54958336634786
25.25198508953929
27.04497911683859
26.266435126380543
27.284055302308843
26.842002445011644
26.925064352953314
26.49337506977838
25.937849645518895
25.14097567134729
23.023617580886935
21.836111574681468
22.17618209890361
22.48883511523718
21.87082124917663
21.85880751693935
21.893284963719225
21.72954333805967
26.586866172979512
25.00954935845516
25.082361429477828
24.846200697164704
23.873897468241353
24.256157889013593
24.572396088554115
23.93122321853093
23.561452182972857
23.804550407399347
23.890196637815848
22.43054282740968
23.887136396634673
22.605007027749366
22.75856679577396
22.30812651449355
22.47253198440933
22.596622328822946
22.349938443278575
21.743169493523055
22.106832472188103
21.495292444050733
21.00166747633125
20.487760653372334
21.035840821035094
18.815591592480928
16.38599072398506
16.2419445303658
16.628327473173385
16.37880106627847
15.304022478625825
15.793588088773504
15.730419660519601
15.886307488604189
15.61660101853738
14.930384402701861
15.361639506705842
15.167542128808691
15.188313203793655
15.864551603132952
15.85694472590967
15.582362121433448
16.532051531116622
16.89793334626188
16.892407536893984
17.441206599079237
17.504923726805487
18.269466862139325
20.129019487378287
24.07253887264369
