54.29895394463016
49.4169916027049
50.67341412784856
50.83885185590623
49.4044766663485
48.54501142525908
46.837960996546144
47.02963808977836
44.90309937338952
46.73144587884207
46.413033757270384
47.128522085997474
45.237500655015765
44.613103808159956
44.71077789692822
44.811530459827544
43.67185338839056
42.810413716609546
42.42049440593015
41.81587691976661
41.38213355031108
42.042159084247515
41.40403603344127
40.652376959380646
40.62564553774372
40.95756794370804
40.330238881661145
39.83807075658426
38.93928712461707
38.97367227990675
38.05464141350402
37.90890245332723
37.61940467074474
36.70694184073622
36.776032221883504
36.10366506932633
35.35335255988281
34.58593847360413
33.83341373339164
33.58893870488089
33.20098956737422
33.62027812165309
32.6787783983512
32.73238644473571
31.786018368360146
31.807204155549925
31.530607563662045
30.841218001422362
30.683804776227873
30.293743596218746
29.8038413125351
29.835441697242914
29.548821783693143
30.08253555112867
29.368311467343915
29.196869232854908
29.09520551824233
30.079254001565275
31.043197682368408
31.2236139307653
31.84403980135317
32.66481961427201
34.08436298361356
35.782304246074
36.23249311608714
37.44731483226006
40.3542954875565
40.705135951165516
41.69764219305125
42.601153668217705
43.811871758375105
45.08864194145053
45.83301186083543
45.7118699952897
46.73877005045108
46.8090056404933
47.33692483104346
48.061052618426174
48.24476441690052
49.00233887960633
49.93249068071026
49.19160044413559
47.91318978818833
48.22902058316754
47.93330000539152
47.66696369362501
47.11328587628668
49.52479810575382
49.91351620174123
49.444239597610874
50.41903345012349
49.55802078717795
50.14452569625638
50.19106993635444
48.6158227676386
47.286856240452494
46.381980193742976
47.96976146781026
47.87493392918816
47.4345180614597
47.25145509585434
47.118777435953916
44.82701689938244
45.247717310888675
44.42403057842871
43.797335846792805
43.77560030952742
44.023972228070306
43.23188226473937
44.05697443284561
43.939315751124525
43.634476849527715
42.74364591254241
41.8896932456996
41.76454300882939
41.75330723271192
42.27479543662389
42.61890031752071
42.716721534403774
42.88423865936079
41.982553567011905
41.186004810298776
40.114732707907756
39.150436710145485
38.55098381187814
38.16532946762675
37.4753242334678
36.78736206169677
36.63208424069299
35.76488459410916
34.580165867396495
34.992490575359355
35.35526299758379
34.959575920704594
34.59992093368635
33.848624234886756
33.83742384127788
33.31823822450957
32.8281242233748
32.22408785446811
31.54042930434173
31.167049094663128
31.07324643321317
30.29286237349271
30.09653706706814
29.48028116117581
28.571045357749824
28.527180701601537
28.761868642043623
28.76505411083764
28.113693731632054
27.71622228659811
27.710345924958062
28.302105255417644
28.827957605508686
29.80159333931988
31.63793280946271
32.11903891191923
33.25739571973754
35.53600499816199
36.3028781938836
37.16837706993516
38.3351061347146
40.26704943593615
41.700891263101596
41.7949732289282
43.16492302029994
43.143424373365285
45.72472286713325
49.86868880614383
50.39708140479277
50.68307484069683
50.17732620918747
49.78949775265895
48.402527873614964
48.143238373898996
47.89636552869623
49.87134027493324
50.96951116922419
49.14906088692129
50.10703892083018
50.51197673473064
50.44054284862003
50.37624153384517
50.13940195522074
51.40161264913267
51.25383922329377
50.84324235344403
50.217486097063905
50.41282902268284
49.48746197496277
49.74904072222762
50.3173246062208
51.09040042856208
51.78578902573969
51.36502326537223
49.88752889878292
49.2300993362322
48.071232969343434
47.10785827000031
46.73530570471757
46.32213017850647
46.57837767568497
46.32296076133798
44.335683825580304
45.575853826240134
43.91789342479046
43.93420742484017
43.73245481813706
43.143998199052575
43.886585037808814
43.34475677213311
43.78457539659503
43.81783588982826
43.78448279023296
43.070753772691376
42.09954385339404
41.63205376317404
42.23334822247888
41.87977713091425
40.49772124257875
39.95922427311545
39.64773027309351
38.42309566694059
38.366406272269906
37.7693169815617
37.166617078630054
37.01129198713909
36.07976123761949
35.92947434359246
36.2029033930022
35.44294116080363
35.44278644438009
36.00126220781624
35.54658934538969
35.136367981485876
34.66089699860288
35.20181169497312
34.83802095540614
32.946987384434976
32.97431966221518
32.915243428324914
32.93181738597872
31.99942604250333
32.226775539351706
32.472132049129925
31.618286371989825
30.52678905526642
29.801920598214565
30.53721994765783
30.37990378019134
30.293620614832378
29.871427874572134
29.963883033452134
30.952833651860715
31.298979227061636
31.56508660293082
32.37730692831701
32.43996225215005
32.76170467746391
33.37954824994198
34.188098016574216
34.97379667215212
35.26026490665612
35.78625429522526
36.69893018733768
36.739250028619054
37.096458647699194
38.657730933175856
40.22679039734981
39.772395473478646
38.49992580593715
37.98261349881726
38.07904389044165
39.07756433299366
38.52112524921033
39.37749617527383
38.17459606937771
37.62765154586504
39.32491678554254
38.13634965750725
38.47778537053581
39.475901899914334
39.910611423026445
39.97977889419582
39.74743651503148
39.42240753269208
40.19944026805467
38.954563960236115
39.166075204064434
39.60880673823662
40.40187375809903
40.01737294991855
39.50370413349541
39.110699694977825
38.26118185507306
38.50103281042452
38.87687188012754
38.231515152188464
39.22246987252548
39.046329226064614
39.548643586159926
39.48904509059065
39.045528835925126
38.558832092154105
39.714992020560146
41.21887546741267
40.26633432145559
40.4021534138966
39.29688058517602
38.886819065148984
37.29804981064433
37.74662881552183
39.05619804942428
38.26983011038519
37.68305893568572
37.74992304473247
37.656078246314166
36.66943922602286
35.833734629122546
35.60677788442975
36.175745282983996
35.68069143831741
34.82916336694018
36.0333554490162
35.36241772492647
34.61602148327655
34.175820802886165
33.78985954534079
33.46288581922232
34.17317609343894
32.97940437193233
32.581576922411955
32.321820430950254
32.15262336617894
31.386210025038565
31.099388173266675
30.579476182234373
31.105757374861355
30.87712095550745
30.26708894309411
29.798558835291317
30.13457413283129
28.716818939993857
28.73860119653085
28.83802458502322
28.77909021832727
29.072303046359195
28.606534112144175
28.64970956392642
28.45699271385314
28.6024121113266
28.524527584527846
29.279654667339514
30.430579673900297
30.789992001315625
31.429963345203305
31.549664449420618
30.969039330209
31.328340066925136
33.01999083684177
33.5363454108263
33.484655388602846
33.54908184091465
34.769814771449774
35.69410506687859
36.363033747095585
35.2194862505782
35.93967194997089
35.60252865702586
36.57198548207515
37.34068657188595
36.61717136612094
37.58806989041523
38.53846124246945
38.981523627421154
38.38383396460472
36.70154089414552
36.660522194871305
36.98126512956651
37.438418868335816
37.406085909788146
38.628558322956394
38.42617945472716
37.593166749643274
37.511963463041354
37.82725949936338
38.20528705604852
38.562126279335985
38.42744003432938
38.87218496486008
38.77901304835501
37.42267109024026
37.275994493796844
38.469477986370116
38.37602145256943
37.582142980197546
38.367620560867465
38.81955992052978
38.48101873402413
40.14568637292683
40.84700698573909
41.028387024063136
40.02999679570328
39.42365747254047
39.76769999425869
38.624579109435885
38.657088953045616
38.361141178960224
39.02019521497215
40.25154802172189
39.586833338716104
38.272327399083565
37.81872074544185
37.82338360850733
37.403013159492374
36.02803884798061
36.60194238490108
35.23149165799134
35.72548304780037
35.609248309290194
35.20508032070637
33.83936196973622
33.10516884780981
33.7448578650733
34.125423471506
34.49751407196857
34.38783643284211
33.01784617034531
33.06274025955872
32.72394793788948
32.65876214934008
32.00317773861127
31.405312019394557
31.694982761736924
30.970918116003077
31.096472052124113
31.124633650006388
29.96792188431698
30.267889230516346
30.454853602371973
31.027747261990896
34.280370484452085
33.63398984492001
33.70028262014746
35.81572953514486
38.49479902636793
40.27683734015767
42.21746210256315
44.99386770589604
46.7950683386494
50.48320601316192
52.833111253880475
52.14958029804433
52.783874483599845
52.2818043403733
53.93114289582695
55.90054029794112
57.14764194879247
57.296557515512696
57.851872411873295
57.76539132275146
57.81053662940662
58.227406097411745
58.42955500441611
58.78952778825769
58.93762042328987
57.633598753878566
57.114936076450995
57.38468494530723
57.74407436608643
57.86705356060109
57.82950220919763
58.791987778635196
58.568518879887506
59.75071302444611
58.56857892126076
59.03555617689502
57.32621905630762
57.40802212016836
56.780200720715825
56.18387691349544
54.688366619207365
54.51964357023722
55.06006772429154
55.538617545582525
53.75234214583996
54.373419531177674
52.39703698010372
53.45056916683872
52.37203447316495
51.731466935035584
51.00115924637769
51.804764335901226
50.95130047730013
49.59301507196909
49.251809201191875
50.051470130630186
49.8356933877141
49.05784193524903
48.70491981685089
48.21624087750148
47.2185500497058
46.229072125956165
46.1562136566677
46.366930157139244
45.675466858058826
45.56340136465161
46.06988184483268
45.83777772192249
44.772677620893255
43.78226051845526
43.65312399265396
43.97508361279836
42.259046738152186
42.08436649774144
41.58388504105574
40.55446953771309
38.79951497842592
38.89989757679837
37.959916174979405
38.52229863732521
38.857509559918014
38.460560785889356
38.5910739302642
40.30662197082654
38.73295886818266
37.35738143982161
36.32610911469038
36.365251631217006
36.284814005269254
36.26678775688913
35.88093133092241
35.24460857910731
35.03634248634296
35.117608316381165
36.84189439094814
36.694648871694824
37.33465304818107
36.294100683211184
37.06766434725898
38.07052120745055
39.21494875727784
40.765196811444014
41.821026591997395
44.58000178478727
45.992032919147675
47.869407985607154
48.437220644825345
48.932985978734166
51.09957583469566
50.71357383697362
51.08391779652004
50.31109039212352
50.304303974162096
50.72410146555446
51.12410293166327
50.73141957259159
50.64415818511277
50.36202223648523
50.490336048540065
50.33749300770559
52.06402551873329
51.198263298638416
50.81723400915413
51.62531658653809
53.80281960753065
54.039587810084576
54.972668561688906
55.565886868097444
55.276653928872726
53.309863529965526
51.34907391802681
50.87449822999943
50.91342886125182
50.43099555771802
50.73466758624387
51.80537480948907
50.928154626583506
50.033127474952664
49.28267831883246
49.01487616147359
48.34066672271729
47.968196883406435
47.21495581924343
46.810948382198774
46.24007844905327
44.87372131600567
43.995196792283764
44.80839589004299
44.34581674953964
44.210682571629846
43.74709407386587
42.89009970429535
43.088638193467155
43.88927044081796
42.4007461850655
43.51059157654417
43.9643773259314
42.2831320267463
42.347667203723944
42.16755902886595
41.16958004032978
41.13651678311108
41.04469748218505
41.90488126334003
41.030402926193055
39.85406037562507
39.891642867085466
39.94927449166862
38.985045472569425
38.12685498125404
37.04875127744441
36.987985958698744
36.269357046118444
35.742784273809434
34.27160777756819
33.69206138104295
34.61466861876073
34.018821006010285
32.996713276038065
33.64456932490589
33.36896561447196
32.57218639817353
31.826999835867014
32.63121006994356
31.76618574212398
31.790943292560655
30.815445815095188
30.935194872950206
30.339735796124387
29.693873028872076
29.990705322726512
31.011639140335035
29.2015014766396
30.939755348844137
32.353592306845826
35.384968343134176
36.98629759338576
39.07319122353172
41.02066122569836
40.838317380332455
41.75516448290011
43.32239761405256
44.486369231266046
46.47106694119505
47.105950778634444
48.48179348093602
49.28243358374528
49.64753332065274
49.2192350081088
49.22305943459766
49.96699633723831
50.72939830480658
49.60545090810816
48.24348761401214
47.948002130068176
49.88352706096964
48.78185493071612
48.22666338879891
48.015949449856485
47.625283777873
49.70663505304617
49.66105167742671
50.040350735574926
50.000367706084006
51.69443749031755
50.528156619702315
50.540885721689975
49.70964443061443
49.51495766641191
47.74451873481931
49.03540202359488
48.79628428005159
49.23513812052178
49.035589300377026
49.133162031586195
50.11744699137492
50.65197024928341
50.33148329951388
49.06119495121395
48.285299082278684
46.958762947213316
46.53848722089613
46.29510365662955
46.307633426896984
44.65790098176191
44.089064791599746
44.319157783656536
44.717644207566025
44.5148292633194
44.283367714958715
42.34162670834253
41.92674692136234
42.587290394685
41.23494109465571
40.58404803339238
41.218433908541954
40.70215991557109
40.396636359160084
39.39198863873537
38.920967873124084
38.780995684944116
37.45038213962749
36.82100383151044
37.23625656889544
35.92904169615031
36.76278702071423
35.47275708119554
35.25283354447822
34.161153941859936
33.71123598971593
32.855571963617535
33.4617174525867
32.95683496300677
32.62491958603715
32.12070519544744
32.625781743043035
32.166860123773745
31.446108916038952
31.327663675586223
32.284766200568356
30.647164804604927
29.69147153284024
29.24964275270537
29.43284941388538
28.975762294779486
28.509589574426798
29.46017137155934
31.08841049543048
31.117571566567108
31.04462118364745
32.07802260977337
34.06873530161039
35.14220014427656
36.73222479090634
37.995678554035635
39.95513152218882
41.004095838190096
42.05839160064522
44.7743726166708
46.18960693714325
48.230914739910986
48.717563810391255
46.94668785538431
48.22290289962277
48.6318651176821
48.81169773942517
48.44385868078484
49.76390300033631
49.57505989698375
48.70609381541666
46.83353893998245
49.75346350081175
51.00530809357231
51.23442288155806
51.506981887922414
51.52175644139183
52.39587120881502
51.05600142692589
50.2809003597657
49.67362697152169
49.42524142179421
49.85046217007094
50.77645696828493
51.876747843708806
52.345946532225206
51.79872129083038
51.578258719588774
50.16240973529045
49.248109325010276
48.950082441215116
47.985869386490286
47.17523462922942
46.83005995234593
47.0476665940173
46.532080328272286
46.11783117075981
45.58466518739942
44.49750184801451
45.69920469304532
45.28613129449063
42.308217331996374
41.91634467157584
41.47820677154002
44.032324200734784
44.34504661954634
44.49827783319711
41.4490832400302
41.668567507374405
42.79233227695294
42.71092485075036
41.22832671337366
40.19536977043644
39.92879749911802
38.9674013032967
38.488911796900936
39.554075022449354
37.977357752942225
36.97074656857524
36.65711267151147
36.61854088559619
35.565560981985584
35.082812558382955
35.17466156974331
34.894481842037635
34.890211022825724
33.35635544838675
33.09385431170165
34.60960640283673
33.413571769651526
33.81349879980809
33.531796155189056
34.190952544418906
32.651506765620354
32.06841308924612
31.847872029661517
31.764526693736173
30.89355587978747
30.74871605518223
29.35649936535816
29.588905612790768
29.202521873147646
30.01502508283488
29.923568419340597
31.257502375852198
31.768931227764767
32.90744383253809
32.74911836347826
35.018193451410355
35.60000728959869
36.22600191073036
37.801418094196265
41.40109839647505
43.41239819237916
44.3431831503799
44.85821987842285
46.70702398887663
47.79648800047063
48.10870985437805
47.36841811382103
48.522065341121085
48.4253696044231
48.790723794182895
51.12663039445619
51.680985651180094
50.89715226660354
49.783549009923945
49.32274176971731
50.688072393071685
50.267595824723855
48.695338153458664
50.084469447409546
47.525254915049786
48.060911398511735
47.577386540579425
48.270751140650574
48.85056906570455
48.33734852761177
47.768566253844824
47.79528887780958
49.12807856752397
50.568209488963575
48.414415217518986
47.83985244817849
47.25987238855942
46.51766944751876
45.968514063833176
44.519492145451444
44.58088946556913
45.46579701821606
43.90746293180175
43.15478829945635
43.047151422206454
42.02288552718409
41.92027415803625
42.47712460156332
43.18736351068759
42.153545069827814
40.935046962436104
40.086715844126644
40.72413900938109
40.65705719385235
40.45994351824823
39.007884516305005
38.4202123237818
39.5442934822522
38.44617122008519
37.58509469474391
38.28473180351148
37.50108356125983
37.70989896443676
36.57463717938411
36.544055983820996
36.316208907388756
35.792758770735155
34.65123422781737
34.419013192425304
34.893454692407445
33.711563175966006
33.542712258988914
33.25853427805402
33.31952896546513
32.55137373030865
32.59062781022692
32.41374003713986
32.74912782922229
31.888743327454563
31.972161364801195
31.78692206684235
31.124314124390594
30.565265715488067
29.787829980591425
29.084978711270708
29.46999437433999
29.52384681178836
29.3016067271451
29.334326987251245
29.241411887434367
28.636556037485207
27.762738348404753
28.456735526723037
28.761432235261168
28.42492845206016
28.354441400339965
27.939330053341905
28.6513301848845
29.144994157877477
29.39550255790715
30.478013948053388
31.334515842387304
31.195520756700105
32.23433980226339
31.990643636181762
32.034645651999014
31.9966930401225
32.54295150108859
33.908116114421475
33.82813302246722
33.469043909023625
34.00211822262341
35.54742662793704
35.19412739507509
34.71466867170717
35.922453458328526
37.000483718445636
36.83053127698243
36.29671495281866
35.379393632413034
37.42676319837325
37.95594994437176
37.690105824132395
39.28772163244248
37.652322713202125
36.68624273525643
36.0280811257954
35.27819783780939
36.92383244919083
36.63783069085151
35.6467956070304
35.166824656613585
37.06798327569122
36.56820922669165
36.671121104470075
36.04271532318408
36.3907465420906
36.901554150417525
36.876900626793116
36.243781601452454
36.92026818468241
36.72876085968816
37.272842518021164
36.496858907326406
36.41765296958146
35.11742931734153
34.51395716432181
35.51454884706524
35.52280309578788
35.919364513019374
36.00263605692187
35.32303792571526
35.67267291543867
34.85239926226035
34.50154079346976
33.26811320749438
34.538477756924266
33.90896195530199
33.22555727724972
33.11904044248024
32.99285582424193
33.01490285271109
32.77384950873454
32.60686208977431
32.60413004603146
31.649115934990107
32.29857923771448
31.901027019300443
31.76128174258514
31.230239336102272
30.916218972827608
30.211781811380774
30.43931173736928
29.89881958582771
29.2004032169271
28.223245450680622
28.607862456659063
28.21687952363601
27.04662854461344
27.077211875270336
28.610000548746086
26.457997227271164
25.50419192979183
25.07901203943959
26.073728280823786
25.953643282629855
24.87937478103862
25.349564504250054
26.143220500356904
25.868654138339025
25.120382185618837
25.26590232590678
25.41267861556082
26.111503768527314
26.180494838402296
25.755583727955525
26.795107071855398
27.825708780393427
27.66568681573409
28.580576026528206
28.284322456851726
28.261160109469586
28.83548779683474
29.8917753757612
31.042330318017548
30.792431226409633
31.479136242643165
31.851535226006263
31.613029087378266
31.42585640195648
31.90679900580568
31.730646674133936
32.859848498217616
33.479582544790105
33.371503062372255
34.62326288125365
34.11090207567355
33.974378068879105
35.97986473367155
36.68519483113357
37.868369034219825
37.506369345932626
35.97076931968604
33.45066397198843
34.45554424242448
34.993561782183576
34.252950159676345
34.3329231308814
34.898195671667565
35.229688204170714
35.35457758128064
35.97135668253412
36.248397627954716
36.037321058668
35.617729931546705
35.406396983519016
37.173458311289345
36.67398792571603
36.00985855500318
35.93604191903762
36.79770970889041
36.8643028463496
37.5055813253915
36.52673033735516
36.407082849681274
35.19612992168618
35.307484264915104
35.80644883189005
34.91686326300976
36.03124719949888
34.72159583936087
33.62913017115394
33.899508082948614
37.19112152290066
34.87517059108407
34.12796260014356
35.190348187174635
34.22230748534226
32.68918942843561
32.67693224873891
32.18346140314715
31.60997833447393
32.373743739925104
32.17792506353912
31.37117080592312
30.500284525571715
31.717394326223616
30.814825786552035
31.486826443854284
30.62140815028016
30.2340727956028
29.553538569985506
28.928079846271544
29.406618564933638
29.28790606657185
28.714635084567647
27.050666541947066
27.137512744871117
27.112142382805473
26.64787664000528
26.352050173592204
27.271975423390437
27.36413177513556
27.287102823505677
27.69660559026039
27.047125036557077
27.73918877468259
29.389514258398663
30.86334874186176
31.847461280660696
33.43222518436829
34.22374194846765
36.42846644468483
38.092560521878795
39.55817384520583
39.96584087313039
39.816105210226965
40.65941371161534
41.56611385250142
41.913950962129434
41.878141950303295
42.483432333036944
43.310173763567306
43.371228839102315
44.13948465732525
44.08150618680718
45.1217756907467
45.87976173099342
46.10264444454201
45.73556269313142
46.18693755660463
46.147853408478305
45.70196077342307
46.51631539991169
46.156508046963495
45.51028145089421
47.66233347409762
46.96247334744221
46.14101025715786
47.413016398500176
49.29894990490229
46.80447081622324
47.68100909861589
46.760984224106565
47.28882625751121
46.86999065366924
45.734443316463796
45.30031041608502
44.84252361957722
44.48632426266816
43.96368466197855
43.331169217310276
43.75032595058587
43.978743946736714
42.74897140233746
42.35622903701233
43.84156198255113
43.20270913448695
41.80329352661876
40.53128423869002
41.47165860708493
40.64156527152227
40.24512287036271
40.19139031745732
40.45609296028459
39.34489504615044
39.13780738449174
39.16067763163255
39.119976368991885
38.080771605975315
37.50203908751993
37.82708610096614
37.82862746716364
37.133874828047
36.2263679319191
35.787193708545125
35.043969370289744
34.506432604651195
33.6037463086833
33.77100905842451
33.88945286099991
33.17052286114111
32.66268772513635
32.17660126251605
31.855023102946177
31.80790225341707
31.725667192396656
31.430480837221694
31.57751672552137
31.556524044291564
31.22492710991071
30.530967038282768
30.352978870677703
29.420906842970226
28.779354838743643
28.41559323497586
28.810062419527526
27.987202249668883
28.32633039118256
28.414735158071096
28.888511812468476
29.816914587402444
31.179177455126364
32.25894686896146
33.667938601334185
34.605974370906495
35.660688237584395
38.03844488666055
40.07146198915291
41.34836538940772
42.67974334762607
45.47419902316051
46.47665398009667
47.22805837591956
47.446929950311876
47.54280307883774
49.29631278485715
49.42318144788321
51.42266406225507
51.799192897169206
51.51426121344254
51.57191916090767
52.62471228037672
52.99489411370982
53.27983420463517
52.2342302158593
51.19025881111897
51.98155224646928
51.96647483582307
51.28617234804389
50.92001707516576
51.232143132975416
51.166277184216796
50.531035632388985
50.939260904299225
51.004622588730896
51.932758373513664
51.163344321482825
52.681628371551554
52.37518682481437
51.46531337571477
50.721113582713016
50.59925656391679
49.47178911838492
50.05238139070927
42.4857904712129
54.75645145557518
48.373727193312206
50.10826990144953
49.304737860458346
48.26017516055999
46.69841013174415
46.17698278450965
46.001652975253926
45.51625098106564
45.07947637658559
44.67060240160279
44.76420785604914
44.46488477858683
44.14966543798187
43.48367654468145
42.59504120939701
41.621857337108054
42.100521362602734
42.29869390588272
42.139315238088116
41.27197573606225
41.772680627306755
40.75931752997587
40.720485112761494
40.83376010930958
39.00518033740313
39.19805369241714
39.42293090194723
37.80705672426942
37.2190892014338
37.36399737144942
36.314459306067135
35.19495653385502
34.751584083810485
34.24241311154901
34.181890183093856
34.92100659052675
34.172741001185386
33.21444862004432
33.33032619825502
32.7355813858656
32.840975410488056
33.15969655218032
32.20452171719609
32.1965561486723
31.614484382009323
31.7894350164388
31.420520465383106
31.639096970173775
31.765215209979196
31.750132681060222
32.1720469239859
32.64248710564408
33.46977407698826
36.303245248664666
37.05020408815858
38.39303642491052
39.84275708019152
41.34234066292743
42.886546636172284
43.95129547084673
45.68684750275637
46.35260507179464
47.98959509711827
48.052824226310584
48.78647654375654
49.79065630066553
49.48731258469698
49.78119161352418
50.77333697090492
51.65671705325028
51.31545968013095
51.957074193306184
51.93400976117532
51.573874313693835
52.49517496155927
53.663604950918426
52.94401350604825
52.83006183411506
53.231215285704245
51.71193203160231
52.138686895335596
54.139742711757876
54.96136585644468
52.92851407020438
53.328428688558
54.30258028964768
54.069349162422306
53.86065055006869
53.09560891626229
51.281660632914324
49.73927957742729
49.941950064762906
49.97012491857684
49.494500716094024
48.073180793011346
46.46621213648808
44.709437797498644
44.6980109882531
44.96946532854629
43.53048545800708
43.658046827026894
42.77940265629842
42.653931770043776
42.65937067190818
41.69067353027896
40.891019412957945
40.32880495963091
40.23354019012505
40.2529903300402
39.66605948488044
39.65168292657603
40.12308403891659
39.84316663544964
39.64646574011155
38.90542122112178
38.428593582182614
37.72944845087926
38.083714350057576
36.777028536798255
35.97766196840714
35.324165652102835
34.73314028456353
34.211260702856976
33.8263944850019
33.60363043394105
33.717058245022685
32.10158938932673
31.090494608312042
31.55245341041791
32.63663209253666
31.263774266647477
31.389141149864145
30.114634119637515
32.548570369595495
31.894123143775687
31.08461886137502
29.35867823578411
30.7086448265199
29.30732482062615
29.71659036641597
29.058449603742645
29.377544244257535
28.7916531816648
28.62691676123609
28.62326313525307
28.83000127802512
29.602434757885582
30.835313552630055
29.458979008991392
31.203516518645024
33.73427492640437
34.584881810027696
36.807766844002344
34.98296249580619
39.21854060188957
40.93001832035179
43.02827879358358
44.38578330139637
45.53878462735133
45.95847873000639
46.44366675932395
39.202243986225085
74.08469250165112
47.42415157318621
47.80143737075829
47.8606858910359
45.85123278717256
45.87845464289248
44.790386733793554
44.63582814674122
44.769681827395274
44.105534698766746
43.30254427441338
42.25947904317155
41.89423750170935
42.40051165953835
41.49104897525509
41.252016025777024
41.10160950413906
42.01481185773331
41.62426685379685
41.31521396062148
40.31105822796092
40.30836325454376
40.206884881111186
40.00851951837828
39.26132893760693
39.21287041883878
39.97964571542333
38.12545335933014
37.34452366841229
36.61839719957345
35.71696506586814
35.75551797911562
35.579903572156695
34.870854814404396
34.0940272683074
33.66396480698555
34.51759830803759
33.55937776163914
33.86117939701488
33.640273045411334
34.34213811424445
32.27636474405324
32.03775611565595
30.242602418733725
30.860339391636728
31.422100796920574
31.00480182393636
30.375952330550945
29.786510865317325
29.755938613643252
30.045243568171713
30.10449752938547
30.72547449617757
30.86015043599897
32.76039486135779
32.227946950143334
34.31180365851499
34.76551527831185
35.815678117567344
38.041065228930684
39.281468298655966
41.78443982284091
43.32959464834744
43.575726009633584
45.05366006190978
46.25086577996868
47.70542289990938
46.83171104713492
49.25582022366498
49.27666772731173
49.85745018992114
50.03324771209246
51.05392645948548
50.185186997108474
39.07940153291581
58.51252465353419
49.48784831425103
49.170527838565484
48.16107040076908
48.17714423811371
48.0304892866919
48.86094683101258
50.64335542001232
50.543465440465866
47.86320358550101
47.80452747829011
49.00591866760765
50.382974308713486
48.05419010495778
47.93248911253717
47.21545342612079
47.935202888795246
48.24605968741491
47.214943151570424
46.446891529718286
46.130281796177364
46.81792535321691
45.04275946897215
44.33643057785409
43.77443831445271
43.579446307294496
43.30050304335598
42.61387883115022
41.956838016954734
41.740450604255685
40.74334298306087
41.164581773597824
40.04988265422405
40.31261245326954
42.0616685308468
41.05133732778359
39.95794693403326
39.86637117414652
39.28996837835163
39.4526340724694
39.0488363300518
38.89196985547149
39.132101678215605
38.35151081223468
37.545873490845466
36.775173552154406
37.647836058233146
36.549501511387405
36.17486976161728
35.836327305837294
35.65671586338152
34.60964818245958
33.21148790451019
33.473765744517834
32.63924943891391
32.2304631937111
32.12897899636204
31.32387463567187
30.807190746624315
30.38364901825645
29.836398477926593
29.79723831372354
29.209399889812573
29.69029311331684
29.496159235643972
29.30066899539088
28.54474102575091
28.41235674617053
28.686682848194096
28.587057036633496
27.994754727814495
27.595849373823853
27.14161082709313
27.97215672217402
27.76647144721551
27.708157891876965
27.265133608847577
28.720402437363077
29.600378886285284
30.600245937328964
29.961037164561503
30.05287405901879
31.56168760450072
31.297952436236983
32.090885581501084
32.815357566744524
31.590115471366445
31.86798261418714
32.93597523274907
33.76206104853486
34.02876186910822
34.138333882114836
33.80663492069691
34.013079277556926
34.12247947869307
34.32470518029993
34.77814547198511
34.91821401370558
34.395621448431754
34.180904620922206
34.1439290775798
34.857830042157616
35.3130708515409
35.462596355839466
35.58417606379817
34.86102219465206
35.13065081000484
35.50030172056057
36.03274227546181
35.56245434625829
35.33464611000434
36.70671357327095
36.83819119336839
36.45215003578309
36.29807713666996
36.682007592167196
37.305877592017865
36.64124949757445
37.26350774592793
37.67677433497344
36.90570047411363
35.92158481328309
34.78719493333668
35.138766807016395
37.90226196741639
35.69482081999741
36.13022505037511
36.12664334108149
35.602212505392885
36.186268862265614
35.228847404330686
34.775071758118614
35.80700643590775
36.30091663359085
36.28062585060874
35.8383091881972
35.00558142375827
35.40377310780646
34.49337798829282
34.468673273982375
34.359523165297304
34.14660552020088
33.152493851648295
33.0451330442705
32.96257297267468
33.50870036510081
32.62040453196772
31.773693949148424
32.10765922478252
31.102138003536634
32.76719769693574
31.5056635432162
30.30965520698544
30.455214744373222
30.058987492721997
30.082201597073038
29.730360080917308
29.608039386241956
29.271234606077257
27.973309739918307
28.024943157237374
27.010905631991932
26.670326218239495
25.83946552465045
25.94423250553882
25.729629999529493
24.992204758539117
25.25973810048913
24.994260578923786
26.253674636772985
26.75141398198184
26.448321869105598
25.385225675538322
25.25537261542985
25.937222639163565
26.079537363130385
26.797816445152023
26.628808453024476
28.041332002752597
27.297894086897713
28.10114211617048
28.157104715121932
29.317419976233793
29.278322197776504
30.01869658819794
30.212690765959735
31.487518184639725
32.45307376833256
32.69124807694152
32.43997324411873
30.931368362953833
32.35864330059536
32.20562806155118
31.98361269500316
32.181512603719
32.235214111809114
33.13517734071024
33.47923833367281
32.244904352379535
32.12660379890275
32.591147586706484
32.39536532408994
32.30605757809917
31.9582742790285
32.46106396151026
33.5227436604315
33.97014191473619
33.99800496801765
34.381258512770785
33.86819273564174
34.30125289403003
34.93326945282945
34.78749192603476
35.068577205356135
34.59013103253929
34.49271000058115
34.370588855261516
34.72926979198837
34.488441169215875
34.81014086591562
35.55595397270762
35.59434134257048
35.53257302573975
35.211492587634154
35.40526297679821
35.62362336287265
37.898828494170424
37.57504873615562
38.14664365034878
37.528859531133946
37.314184001921774
36.74871547914196
36.043350275419776
35.42935052848631
36.34098819670686
35.08960200993831
33.616120163195205
34.646521984468826
33.56138750936583
33.67494851420969
32.39285822440892
32.566341798907004
31.77693152348911
30.96298442988308
31.237439079985393
30.042025646863465
29.50337220698418
29.20007265871027
28.641142907638482
29.71139382713409
29.76047092874211
29.42197276614172
28.39524036982698
27.685780587242675
27.767324994249748
27.403978913357435
27.42362287231572
27.379951152591673
26.02632982364355
25.222496239545876
24.537442001790964
24.921035381170555
25.024717885741836
25.27844900399333
25.664623407387353
26.48642712748989
26.854727413607293
27.803407954657416
29.093448797386596
30.79803659882396
33.11473286573954
34.82008817601337
36.50457198266713
37.52771046760239
40.52532415611984
42.386358359745486
44.5596137230973
46.32211348913052
47.630849340020916
46.36590259622449
46.914254848702456
47.19825216359912
48.07728605727391
48.83531821895841
49.088277748077395
48.79027483049784
49.45081379104192
49.61354585768782
50.01775934695819
50.07206076538578
51.217261409447076
50.27276696136319
49.81569767729447
49.97629337604674
51.85698461078515
51.85447425036366
50.93360771717828
50.79783025514999
51.644285320352715
50.714326433729354
49.306053513155945
49.126613816136825
51.34476101832398
50.348435541178915
49.96936134644788
49.17874788927823
48.95787004748581
48.794578158453426
49.107650470138964
47.927401600093624
47.61414866977418
47.81248218719174
47.87705163967765
46.93351216498121
46.35444657690712
45.63446551811337
45.68980575001576
44.93306539309743
43.726720628853904
44.53115603137533
43.88498189753592
44.32173301254254
42.21277394282131
43.30130303898911
42.59146250992339
41.577070203089555
41.30297873881414
41.36635332420736
41.17785022515736
42.678546959497424
41.40987669205809
40.82575975128884
39.58421411238655
39.144533923692066
37.9315489877996
37.55590306206088
36.91079065594153
35.68912281223879
35.92979314022142
35.456845788599
35.16980422609748
35.589365818773494
33.52331198167195
34.16022165861165
33.754079749044934
32.743462732110345
32.79293664665846
32.22283833640637
30.82308184453808
32.31024265442386
31.104837023161338
30.819727550135326
30.173228533495887
30.954040804061037
29.937382616671357
30.530528503507185
29.09063090655792
29.1607877702711
28.821941126515867
28.770729512421156
29.19693807530325
30.495943242947135
29.990529540013085
31.31428850615317
32.195110527150185
35.31059961895342
35.59807322407112
36.55953860980696
38.15401303756826
39.78529693081896
41.63381203517843
42.08487269786731
43.1749336297094
43.76254251759333
46.12907804781628
47.3083721001673
48.976609277457314
48.19985822467234
49.513813813123775
50.305770500829695
50.412143053981886
50.945527847553386
51.7850414865495
51.08761747152559
49.68291856518414
48.27853539500322
49.074590593289685
48.56830235133469
49.23619884586796
49.81356396806882
49.20453510213167
49.99168157595865
49.64787704149294
49.614164532533636
49.24211914982092
50.48456349144481
49.9640829713168
50.612459469798424
51.38651865454766
50.88928216378458
49.81764882922732
49.82560786656303
49.996409814901234
49.212332756578064
49.00768465894255
49.028860562160354
48.376389155242286
48.862462495202536
47.473303715089955
47.82221641090275
47.090910093055996
45.43307896301068
45.61485198944432
44.8627940182492
44.03476838954309
43.01998170344523
41.8115058642259
42.4970709615925
42.49826649669939
42.27364260367876
41.259251257548755
41.07154999084747
42.40954740373481
40.67010926760735
39.79975658646727
40.04024914679077
39.94909249603787
39.75172897179325
39.599433189418676
38.56347101093205
37.69616872095931
37.2991964703257
37.34685706140763
36.9547100073558
35.92404047491726
35.18504935731556
34.66317420948644
36.087524851152125
34.52236894447469
32.85851335016241
32.37223669401038
31.980925701995034
32.19516895383185
31.48618427355632
31.279110675700963
34.11929676695962
32.039685262468765
30.49911773988623
31.05692225055941
32.178557336687106
30.91660013179279
30.484390696026537
30.000108559748185
29.768864476508497
29.76826626502367
30.048154979122103
30.417812673200558
29.19892185458633
30.752560932260963
31.51618304885659
32.146954172796256
34.68113686537251
35.92163399801214
38.13348007514992
39.2445554023721
40.032512111760724
40.14081218980692
42.66957039552864
43.39776840759553
45.49421056045765
47.33575625047768
47.84211400725599
48.390279218849514
48.18430448038748
48.69135273958179
49.36506179596979
50.092860942056674
51.307288804085786
50.97856925207543
51.07428489743732
50.89735454980426
51.48861517499326
51.87870181011046
51.206696285898666
51.70046159641409
51.32630002389604
51.701063380744195
51.8254330605363
51.202462016663944
50.83104973755283
52.817212274548034
53.71627024155843
50.73132808806989
51.52407095712822
52.888055167778575
53.20196337246355
52.14316563439955
51.564089810866086
50.730256851866
50.70352021284347
48.733562814260736
48.83299394202443
49.57165691926419
48.76606840726281
47.4069144768267
46.240719676768876
45.77442591945744
45.570641585575544
45.3005810392695
45.00993572649275
44.07413505489211
43.82949012671569
43.130646541759404
42.103875973627
41.8215786743111
41.619274467032156
42.18291945701773
43.434224965693346
43.40055110560312
41.59651075162101
41.309278700851365
41.61621706075044
40.91080127893124
40.645107231731124
40.0745031155813
40.55342154354673
39.06659916488641
37.8996746188838
37.778101476350294
37.69336141452425
36.5417293998358
36.132143226988944
35.63355872163021
36.08031633346607
34.55430419065698
34.318243820699934
34.98977408390647
34.27412763778051
34.05028556532858
33.42340355003313
33.10845706459253
34.511707876541834
33.11124378945294
31.706327176418654
31.449341886317086
32.0794249720355
32.011628750265174
30.946469783831276
31.23850308091852
30.77474532464629
30.544879551257168
30.31548741642723
30.50161519237662
30.651806502994702
29.82106585423719
32.3853309016707
32.271915150097435
33.65260453067046
35.40678517839956
35.939251324324964
36.508925607772426
38.771456721365595
39.050041692188984
40.91369832877626
40.358637417300315
41.84655961685655
42.94362040315639
43.691086138850665
44.221768809849664
45.31150481755867
46.15410252915668
46.527564924790916
46.00873516582182
46.14559242997651
47.48463055340058
46.43634278239733
45.32601448876278
46.74906925327325
46.060129770747764
45.857967333898145
47.467846664583995
47.96963033954381
47.69307160780748
46.76364105176441
48.459376015536236
47.96666885747959
48.46659508786307
49.60331347606996
47.7159387630324
48.54527210677418
45.85317301840655
46.67976373670598
46.29507788826828
46.22658796611472
45.27864475826044
45.30778948941139
44.75929959489005
45.06580758351264
45.18068893020559
44.95949043406789
44.37082783493445
44.33666224317177
43.26753446184544
43.460963603189015
43.32551994726269
42.96253813073757
41.36684883977914
42.00195951243174
41.376412455856276
41.16496197964481
40.323905825250435
41.50897977100543
41.06063889366453
39.90069981578341
40.94167320791818
40.96436457606865
39.85062337722458
40.81022927840959
39.03370162132259
38.636623484705844
38.003617204731995
38.0091823842537
37.57054136932609
36.83671918116449
36.26193574169844
36.31415110427423
35.45937486817354
35.54574266883765
33.63644724794335
33.23297161879242
33.490240299560185
32.99104743554972
32.082250849957404
31.887305146958795
32.34515758719766
31.926473714041208
31.821827363244097
31.96003082286404
31.244591077648806
31.166640328466144
30.42780169532267
30.38670919267372
29.410604659390344
29.309755823581497
29.96299351098355
30.316251158854527
29.55616325713777
29.3831399831775
30.442534230273054
31.048927133135294
32.01335167289619
31.956184121678234
31.941308238731608
33.36610837663579
34.6444376466898
36.333255723217555
36.72313322916126
37.96942677173574
39.74823939879147
40.477333639264785
42.507138756503664
43.481592127084966
44.77256177111924
45.94141361459819
45.56745586317101
46.11910259117554
46.34355309678567
47.47269057142303
46.878808503937805
48.22486757130255
47.29581031120057
47.335872209996225
46.0731313179199
46.50787420647144
46.95201620992458
48.02578984649816
46.97490107004228
45.555253871125934
47.09902188984798
47.658971145195636
46.71283872580857
46.28457156833495
44.982887923974985
46.409063142058336
45.97325337852759
46.11379365923118
45.63840566078089
46.68078483243501
45.442007904288324
45.099778897276096
44.33926059082006
43.095597161706905
11.366334766888997
28.70683067650066
172.8144564974832
50.47034538187807
57.66791107819014
39.300505038851
38.898347708394404
38.40865112308448
37.31447702735059
37.11169202107831
37.52221234728763
37.363917448873394
36.945247961361375
36.91022278997431
36.97714879772866
37.120021326019256
37.16526336931904
37.69930390240273
36.96371673968667
35.88465032862481
35.93776517275672
34.58766805850371
34.50043039955146
35.15938087204084
33.474408089609284
33.42397502887657
33.47263957226045
32.53611662148163
33.16925637099077
32.4268334516247
32.72530851564824
31.42350793112701
30.42447364027214
29.970564881123096
29.550942483822723
29.813599556658744
28.671819239248862
28.416005449073396
28.54871490418975
29.617460675760697
30.010602784486252
27.263733028962235
27.210300793043984
27.29389782950028
27.351118489884755
26.863458334164534
26.323448373803046
25.560308213480766
26.4658422212064
25.714258050840442
25.794918562315104
25.429938441837635
26.290537735108387
25.561583530873747
25.761111483054265
26.75934028047095
27.183942278313623
26.981576271204858
28.000770293806625
28.765718060355653
30.19974751224771
29.278966748907123
30.362482511550922
31.529671961768145
32.32108668133753
33.06730576339878
33.83008815815391
34.02742731810358
34.445916738767764
33.957819799479026
33.99789297169852
34.25868660371059
34.9988901118182
34.49039619564729
34.144644670256
34.32366964453924
34.88125792441831
35.00433007904071
34.99529516510583
34.81734774914399
35.41396133281339
34.4648656988482
34.487221915951466
35.946785621733554
35.85884848697053
36.08387548723314
35.49581695761273
35.87209591982294
36.31762752532669
35.75714785030086
34.956458487854576
35.768956773054576
35.60585510527361
34.53368453822466
34.12005325302796
33.95208726525239
34.64595839916497
34.540276789685706
34.296349914816005
34.20480231085663
34.024121311744686
33.86694520490824
34.31159690681335
34.189233932302486
33.64535837102097
33.57625095950279
33.791793875007144
33.985497665570186
34.07994690160642
33.46648451151982
32.752774500603536
33.56764803923046
33.76271436388315
33.071026875679436
33.21119596361082
33.04488852137126
33.34892791987416
32.350334422052654
32.87751818126934
33.29261177930391
33.23237880862469
31.830800351865264
31.68519167406214
30.585951224247367
30.15444923974815
29.36095965334158
29.425374748945273
29.07075518600675
28.675105295731555
28.276041713629468
28.261083436568526
28.649257233112564
28.399443937267677
27.200799453191564
26.922710193243347
27.59355175934246
28.048113910757934
27.08345745386731
25.68629905133048
25.465644379675894
25.343519627660726
25.398684388417337
25.318853643088403
25.626994907405845
25.2115306413192
24.87769456546056
25.75455372781397
24.764330965885563
25.549472808350856
25.400459346104583
24.776913751874474
25.771971339672064
26.175605612059826
25.95684488624886
25.743179933033616
26.163060146090857
27.200898619763734
26.985685927094437
28.183204338287453
28.621308681864434
29.80832137975483
28.447818759392362
28.964624107647296
30.869532411109617
33.482015215070646
32.719256715471204
32.34982104958124
32.554383333461146
33.60887197950865
32.455850523083484
31.466665791666628
31.982201424342634
33.33030630248669
33.469631154895524
32.233843144239245
32.61753214378939
33.23821051760564
33.09256238227465
32.14969462352582
32.412288330995466
32.65181917622908
32.3971268527161
32.090937757885456
32.45912435620744
31.99485896232511
32.76261645558924
32.2223763587408
32.02984148123028
31.803733560295996
32.31642248805727
32.62562079020336
33.516612885250495
33.037910783296354
32.313951048446
32.85415722351985
33.57172784005042
33.66848272560113
33.26581649193953
31.817408596791996
32.745149386514996
33.819981353588304
33.62701474247801
33.340288792794325
34.48566375387344
34.75176876946024
34.3382402650446
33.475764352058206
34.759956524320174
34.77480459196965
33.126557406758906
32.664729264925995
32.67779108827523
32.498185777264965
33.153897540502896
31.590665389941957
32.01349599924116
31.83450825466956
30.687130501764035
29.699587199840344
29.071150013028728
28.934621109445175
28.345544637927844
28.82872974731356
27.693202353845606
27.33332572898621
26.633910663923757
26.959827916582014
26.316831270931402
25.944608521201644
25.30400855437415
25.534346017086136
25.922141575622675
26.24614497833295
25.414046892594115
25.388133165130114
25.265712341060237
24.918401568987576
24.134590793536972
24.263137006546742
25.375573723080777
25.67610087616015
25.53203387462395
25.573148185902255
26.041636954865623
27.453016525941052
28.86643222547434
29.88126472753072
31.764040964257845
33.85291808999375
35.55857518238162
36.601259729187404
37.15324010327947
39.77093812112224
42.149669575996995
41.985303349268634
43.38765267011047
45.605757695934244
46.20601806536681
46.42120995960977
47.475329278268916
48.34905597348718
47.54754498170761
47.58882845850313
47.23594685321858
48.503281577737845
49.13153999315771
49.872010822630365
49.60862081436815
48.84580462002351
47.54603686652706
47.98184077201809
49.00503822566753
49.77904109865408
47.768924061594404
47.474180483322236
47.28672832984461
48.17817044550487
47.581262857350865
48.39622920274986
48.01397036363504
47.72177452691125
47.41595084941321
46.5695032664225
46.09684554601909
46.43588911619722
45.87673631458618
45.41185071580847
45.67030876792318
45.54845642524169
44.78900777136691
43.70097236648698
40.95046713949988
43.58750554170065
42.73173123698102
40.29709881089942
41.65576696576226
42.23481729337521
42.4349120154389
42.208272052582174
41.92575977168422
41.581091366179855
41.59641591172982
41.64315229713347
42.790452081038715
41.778447262384105
40.54621784864464
38.11986298703669
37.98973600003286
38.52600125117454
38.105814087783955
37.031470870853724
37.11639069537526
37.616084267848436
36.33289085692276
35.46513659915701
33.97226305184688
34.425861822323384
33.660033648073636
33.59122327793267
33.741835070463424
33.29818939711038
31.609250078127673
31.50283521930828
30.797131001222112
30.863208471500513
30.3950777619134
31.832154560726927
30.144934167613314
29.897536466356257
29.56035006221407
29.302170386510056
30.125667261055696
29.49378891837989
28.783109973004798
27.508992319316917
28.789392268649124
28.492308240709917
28.678691603914103
29.395579564914442
30.379788734852696
31.74212525158622
32.259852252193184
32.636338428250326
34.05062328904208
35.80507332807957
36.86786315987888
38.381007723072685
39.48238661343208
41.18876231632881
42.13717960425555
37.32023153512344
42.98040923204595
45.598438480137446
46.778914108805324
48.05974725479322
49.29800962397604
48.62230385635642
48.147064311766215
47.29978964560394
47.42375358695618
47.69631714829218
49.42578956650186
47.74180440290789
48.19176810532045
49.48671705470176
49.16963354114874
49.40304167829326
49.11054103213754
52.12351012301448
52.26182787314689
52.36292004492164
52.26084715755277
53.24410635059633
52.494671761645385
51.17035863602267
48.879549054442364
49.661728469852946
5.834917023445996
27.521254308961375
17.566590537593413
63.497322827140664
47.13538786818995
5.21068224287302
72.34909602995742
45.92372171631904
19.905473627826723
61.079575788285865
44.111840942455636
41.81243399147757
63.64798732677831
40.713067541349915
40.290694778661475
40.04652182703277
40.21452664604574
39.027976223622645
39.64074191493749
39.69200093660346
39.980097779516726
38.93810323460578
38.960338333278784
38.40399606347188
38.76544400938792
39.469006615358225
38.20699534594611
38.13310862090753
38.649811390551605
37.91281140186703
37.10472941762397
36.15853924362287
36.73738555686836
35.091142102880525
35.541816261123415
34.57156385816636
34.41156243115114
33.590496178989724
33.2841789676736
32.515012955258555
31.992459266171068
32.04971924746326
32.77257227079133
31.07676314122864
31.814587980809165
31.42002653475828
30.836281972855147
31.633539267955484
31.58693947841033
30.377974836914916
30.64071181782697
31.284836861139922
30.786998631967776
30.969528685046498
28.31057718352637
31.133761689942048
32.474682499968445
32.887278167215285
34.22504291493321
34.99892885468702
36.75683617036683
38.08091980241147
38.833651989418854
40.89064082470432
43.03628464849695
43.638067779480316
44.45603411899806
46.1774579434575
47.882357924325916
48.60890657391606
49.070306722977804
49.080228284763784
49.04748793598097
49.43736363802756
50.80257293643133
46.204688448728334
49.80507056282107
46.4682373683748
46.46041579136907
48.79753236804706
50.31463013272892
49.37284057118006
49.44391877386271
48.698402886594636
48.17779261304584
48.30221422435421
48.65971521333613
49.09645299093562
48.41645011097246
47.43919498383532
46.194950034685405
47.906391218325446
47.702292445836896
46.30942044551499
46.97084293462659
46.65724366057492
46.41712907115176
46.34033363540553
45.92508457475891
44.727549993474646
44.89006941013295
44.153435640776834
43.35580454138319
43.092114753506735
42.72002168757068
42.0530390365348
41.82589201149108
40.76250910827841
41.08259265344125
41.14254401166254
40.60793228806417
39.654094145843054
41.30709778943702
39.21810608751566
39.7921698833756
39.810622418989254
40.193455820427666
39.3959716752225
38.81918438709074
38.86847155503856
37.87899134428528
38.65015555090116
37.75813701082946
37.40537245515769
37.50455656749429
35.694682465383266
35.976179059492836
35.819908249371224
35.153597863581794
34.46726409033382
33.41939417126571
32.76077448031302
32.97373281257819
32.305043861116246
32.05438658249767
31.179354800334067
31.509200265549907
30.85445954069229
30.59284004025011
29.40702087783842
29.66971332938016
29.509021051979232
29.502739120986917
28.681469583678563
29.411680734572826
28.91793327714936
28.946289461651645
28.6304581726597
29.16309750232449
28.574178043934296
29.45574190605467
29.917618635768385
31.473762800862307
32.1595882626185
32.752444873365334
35.10783046537087
37.58491770558362
37.01843157228916
38.715732021604765
39.59659853139817
41.89768117732649
42.64451085050928
42.47624234661828
43.97054506904182
46.15539836171558
45.07113681403654
45.71975494874202
46.45839762350016
47.29764960652123
47.59979612303742
48.05086259249817
47.728082757156194
48.03767569294671
46.71091066956217
46.742144000181696
46.13074206106183
46.675902994971906
45.88238905356313
47.0796673386339
45.84885630918241
46.96385560705957
47.14022559475183
47.995050267603425
49.26532003071881
48.58228072330446
48.46780581573509
48.55656974891574
48.252918076093394
49.64471694067438
48.90079215767072
47.79054871629461
49.394737659586724
47.96969230410164
46.90266343714761
45.4680456697761
44.540182851778425
44.768394012613186
43.680166725460765
43.547844307515085
44.15696339153508
44.22805889317906
44.284383349984736
44.058272510666214
42.9642163792804
42.14363483676435
41.51297359791241
41.67139273254608
40.579508802740555
41.260285622622156
41.39709331782273
41.431943157533446
41.45963901497939
40.64308647568384
38.669387904154156
38.40273599907864
38.82983562367807
38.78264290573942
39.517858944073744
37.814872671345555
37.35029231835787
36.57183757077502
36.04201882638622
35.35712986731238
34.34726076783238
35.046409795410284
34.2416136303701
33.59550333050857
33.89064377340427
33.899583787500404
33.37155400430679
32.3257530987965
32.68738658765824
33.01770087184184
32.337874346975184
31.6514015061112
30.839334969728156
31.13499760109181
30.540589400407214
30.00692686542152
30.190519587289998
30.770275661300786
31.115734062071965
30.70716912555912
30.605815111193863
30.499674104825203
30.18901271843174
30.83789752014394
32.165763237087845
33.41260809065784
33.23701315291305
34.333455374609684
35.45646407423
38.918801912138804
38.872086616412275
41.33395968942784
42.39307097176931
44.64120769731453
44.93648161134604
45.042030075037495
45.258093465120936
46.46038275822081
47.186617641539996
46.396362114642734
46.64604633221748
48.11645464967333
48.03238301447958
47.57303414763887
48.271006065453236
47.76219819656346
47.538164435228936
47.2444006186079
48.186679603812706
49.06053786334542
50.052015791451396
48.99505495122459
47.96499174074804
47.53708161387874
46.776044651887545
47.15654677795429
46.4095543865091
47.36524128355357
47.73094877112706
46.545341418148084
47.60718192941876
46.05942714010223
45.62224923059696
45.72117404163701
45.43765660138345
44.73481829280081
44.81296708265002
44.10835865104385
43.388253787895515
42.703596231403495
42.55048404224023
42.163963931641675
41.41182652702582
41.074243081824605
39.908329096958
39.046891804661215
39.74423926137844
39.16034636190359
39.17130405633884
38.718971897598585
38.90493984533859
38.99620343666844
38.53144279881108
38.746518081100746
38.26301989976393
39.14093879017804
38.839893283962894
37.16468441580247
37.51269526363825
37.51617905702932
36.68150423488387
36.38751130632234
36.7348121752734
36.52737562172478
35.11770175469462
35.17025206738463
35.01865789066956
35.5598433811179
35.10745932533632
34.985972813483045
34.54977877382407
34.107212239513615
32.972541279504185
31.20526551483937
30.933805375006273
30.64387362148591
30.532725345039353
30.57077387433401
30.422895729403137
30.448686556640837
29.59486683288833
28.67072313718819
27.863165028098592
29.310333811046632
28.199312797960374
27.60269276352642
27.960602992152985
27.51673326642333
27.057225109056958
26.817614982582995
27.64531907292593
28.925908775761513
28.205857592412144
29.71465672219557
29.822669729632082
30.003659751627083
29.379849632875505
29.679490186765804
29.231755082325662
30.105740979296513
29.986856023178916
30.747319587508287
31.676471807570408
33.57165024137731
33.12122074946157
32.71555904722858
32.29968014815901
32.80860110878109
35.450321016017206
33.99765099468435
34.486479137526814
35.15482029734443
34.593198121812925
35.16908123066209
35.103119542596446
35.70945491472942
35.578962525228604
34.85443571888163
34.82813339209645
35.94851348221206
36.30493320327816
35.5630550680686
34.72497061408565
33.92007422437276
35.195665905637654
35.43621147030338
34.83382721802754
37.603587782355135
35.87590871943446
34.905261584575676
34.68947516222194
35.537097156227034
35.190200372542684
35.554612111987325
35.944365678513506
35.61932435134018
34.92187328828375
35.54349296612481
35.94064236421828
35.919842602996354
36.06139307873009
36.122200377293936
36.01164942067885
37.497800579216694
36.914748849055506
35.68066338004526
35.32128184770313
36.392460649593374
35.2305166090629
35.545169469305165
34.957728999794
35.94328551882208
35.40967105721674
34.97128432068109
33.46455489959523
33.59203474181214
33.471212773713134
33.55230717307656
33.440738410184395
32.901363886979595
31.920917890395426
32.34202167033191
31.762908557379106
31.517959004220234
30.68588694060621
30.153846243665612
30.447078416459817
31.031336138450797
29.843200372154513
29.736426076780276
29.10393136757824
28.48197082533335
28.471030946798123
28.36835278292608
28.760486362905
28.37145267672355
26.59293202250501
25.85033656979141
26.097326029899875
26.551750920381778
25.88793452864769
26.068791545210047
25.900509286581155
25.642801119722265
25.30520733285448
24.803258484090065
24.798168105437185
28.229639328930944
26.183768633470777
26.166719500537283
25.624812684848735
26.444499259533643
27.348962505651457
26.22840840250342
27.440162928851635
28.30020445881746
28.9951969052604
28.979466901433796
29.83023195994531
30.672768750118337
33.249794862083434
32.54494768842483
31.872318633951636
32.44475116742086
32.07174539157842
31.766655291285588
32.53310295787685
33.136469555787755
33.16170714822232
32.494552242079976
33.211617026957526
33.662980521225336
34.41954028583149
34.47984226067433
33.58567588143694
36.35866842941118
36.76500126180167
35.42552065753591
36.538841298435216
35.556670580156606
35.45882384819561
35.54300698987083
35.81643390417037
36.90905188295068
36.663217951223714
35.736981687983416
35.32444789506222
35.78382365712059
35.306358026129146
36.57819571927956
36.6609808641001
36.19979667820725
34.571747476309554
34.44834164102564
34.58410817375449
35.336798135765505
35.096044238567785
35.711519195589005
35.97757271919682
35.58182892394993
36.42893329509237
35.45224753805233
35.36075501829616
36.73335662819278
36.871781873098925
35.525418467150125
35.75456633113326
36.38785303585477
35.42764313387076
34.770237934385136
33.863259997259064
34.0895194840666
33.76282680648658
33.662279623516994
33.27230141161472
33.7331650088837
34.417190668982485
33.75110645764531
33.73492471865584
33.409159263129936
31.640056950960243
31.778414848241457
31.929828475671034
32.24978141814472
31.57856388163708
31.630759851938137
30.569739429378956
31.00369788510602
30.57085372766801
31.427114436516717
31.13123948761205
32.30907177813731
30.270039819021065
29.682286664857372
29.751713682992545
30.25930803217284
29.052700869080184
29.510239261988772
29.975062826118233
30.394131579317445
30.822541785520286
30.62612484578591
31.970503622609726
32.57231270864759
33.22060218668042
34.82291013176497
35.02381874899831
37.42834385132828
36.86582137060172
38.60697717195569
42.082311873551646
46.278884011930984
44.58805373839142
45.14772986847633
45.63689008462022
45.223704521057506
45.817764499605715
46.885830447435346
47.39594892237484
48.88471031317351
49.04381263411842
49.429890657235404
48.52929519105268
50.185223305567206
49.81207623903511
51.18826341048046
49.574384481604426
50.020009171836264
50.490146457219296
51.23629740565697
53.08758991080329
52.21142237010872
51.58771026388831
51.55690381713944
50.806263598103186
52.69838441782258
52.373589792714995
52.87595031475567
53.50259070571977
51.65398654493721
52.82468323151399
51.96443744131916
51.656354768341316
52.29222961099112
52.710290324305404
51.46301718378834
50.92517083261582
49.309416506667056
47.57053475314825
47.220416696057
45.54758721434922
45.41072709979109
45.18029569018104
43.95255952009104
44.070544783240564
43.24128781505833
45.003035156082234
42.96509169891702
42.579142591437886
42.193720245351855
41.59148908220085
41.01624041869398
41.18817449428177
41.362998486016686
40.89499122373848
40.474583140991896
39.85907012620336
40.02969347121714
39.710772673816905
39.60941910401152
40.167837588985776
40.00138562624478
38.66188625747742
38.07550233853337
38.152577876374394
37.27558346855736
36.61063432108462
36.05216343554524
35.72607027971526
35.20315611447393
34.565331136479074
33.38170761993342
33.268216602899656
32.88870682672848
32.83363966515077
32.65511081853316
32.362588956547654
32.736544074312974
31.712694505269667
31.304893001381686
30.58162650690116
31.308097459072314
31.623473686522402
30.439437415058933
29.90418266754949
29.836402605239755
29.547186040264933
30.959432547737208
32.17305220737188
33.02734617860091
33.39849279745499
34.979121801458106
36.47967530725472
37.77338480918144
40.05468340443937
42.6015232670742
43.75065334855981
47.03263172096206
47.77195064632167
47.15001080264374
48.64232794751024
49.64022550306794
50.313022759774526
50.81801645373412
52.24054859386879
52.73224579377485
53.988349366442094
52.26558680685635
53.10151154679166
53.96606477753531
53.64425158828736
52.85139932546831
53.4437119804109
55.34808405164708
53.53805084593307
53.51279719590651
53.76279692864358
55.419673688661156
55.262667163446906
54.44138712839602
53.83272192779563
51.598028287203036
53.11417312119123
53.42422426573147
53.36743365935915
53.13001086531642
52.70347343495227
51.200242822846505
53.11712703457293
52.570964863356934
51.120785841622876
51.53643237923072
49.4894944382087
48.83343563572949
49.19582169005004
48.20292005188153
46.00425270016677
46.45598328404998
46.011517549552934
48.22071587993821
46.819790743938036
46.84833080277363
47.66248992546909
46.417752849430386
46.92894907500124
47.22863861757335
45.84757949514453
44.932823580347176
43.925401487197895
44.61212639832189
42.4811462590624
42.90970363975772
42.921469927963734
41.490123745348285
41.58128296707089
41.115459107459046
41.167801533067575
40.564250887580016
40.78646181208376
39.30297863670755
38.29839939499427
39.19294758234067
37.81663341150042
36.73680634491063
36.66509837529236
35.92840343738919
34.70332408313487
34.85193230162429
34.61120593059138
33.42628755758852
33.454482606110446
34.52372164799857
32.73882013462446
32.403205642862076
32.0546140091771
31.752112306664117
30.67138347058369
31.370530904989437
31.87120425603098
31.404514494083116
31.33727832090034
31.71475598111897
31.152017337343977
31.920689316672355
33.44927274088542
34.01788682134527
34.65171609140691
36.026413015718866
39.31948262194156
38.093027663733416
40.05393396222837
42.314864456114265
42.619168620904546
45.14539017137537
46.769209706551486
47.62368692431229
48.841131906487576
48.66719933747016
51.07488748200588
51.33606623513252
52.82507970319644
52.44282178657236
53.654912894895986
53.421979762490466
52.896619940807625
53.02083941022444
52.99583082958746
53.37985887810217
53.409926439566675
53.66653525414512
54.57755479112406
52.86287291254767
51.65188400896986
53.510273782411616
52.1469775338453
51.323090012287736
52.16529050906382
52.775337741733864
52.495818349240686
52.87936911529842
54.97747508143381
56.217728020313324
56.31549201489779
55.76194792943614
58.03019963895869
50.32934515869714
26.191084408267272
85.00342593559206
40.84461852476221
58.700326867291494
44.73453932990391
51.20223119142618
47.90616957559647
45.12135018264464
45.03321606629691
45.88875730727019
47.50973997290112
46.77446399964743
46.49899955516412
45.82324210963746
45.026001386882626
45.28123058602861
44.85785160999186
43.34031447952053
43.2392143911689
43.96461585189213
43.127587624335916
41.51159520186724
42.53408224892803
43.99959915336184
42.36310021209569
41.83236990739327
40.29461712045479
40.97456767122726
40.958796186343505
39.09140499499634
38.79288803811952
36.905463538021706
36.28604325747956
35.794331673246276
35.436380626176245
36.08885261099381
33.560164304428326
33.566888503360815
33.72446952298067
32.65633831387481
32.17005790830132
32.698303595433
32.387008599740795
32.5042086611607
31.33220481173487
31.445726568709063
30.99205960481936
31.28156365656946
31.054714148101027
30.97763758675569
30.485411286235546
30.699357750882314
31.444068150836074
31.18146706763878
32.00386618499243
33.9871041656757
36.129215536407216
36.333376697916954
37.314952020811816
40.13248705724325
40.9950905308743
42.52238004639226
43.12082829903254
45.1650721272875
45.741844180839394
47.71958904825809
49.31780004178456
49.34809315716461
50.72194328592197
50.14429495512944
51.92407343060245
52.00207369897919
50.478246545002435
49.425117977194915
49.31984780447735
50.23385128315526
47.94510592391786
48.38479778168919
48.38564017381569
46.729830581742966
47.79360774149406
49.78024001681061
49.07737815244059
48.42823427539773
48.76516757398752
48.94378422891219
48.39989282570532
48.03958550876027
50.73933962446266
49.042453624775035
48.8301837830729
50.45911431406043
50.19701203597281
50.26576502744985
49.26034224747754
47.308276692050725
46.44010069460993
45.800280818625694
44.893937888902954
45.112997234798996
46.06847706558615
44.120643977987825
44.13156784400378
43.69595556250312
42.29593679787504
40.4120969118859
41.18942101949223
41.60227712881363
41.543168032055604
41.04277887321203
40.73487194125734
39.85542482792522
39.83150025587344
39.64453300639916
39.4474242719926
39.50749784431645
38.58739756774936
38.94807938235561
38.987662992091046
38.660017883270264
38.499603007531405
38.14189253355843
37.405979342274655
36.55655977308682
36.348364955057214
35.90026710100186
35.11851924024177
34.07255298467015
34.104352765682584
33.834312959875575
33.23228348394582
33.755214691400965
32.85223390076419
33.51942229162012
32.09787692506558
31.91501517434051
32.007211873047254
32.356418069424876
33.2104976867268
32.03111513009571
31.296729735453653
30.31877041250351
29.73375019411276
29.918723578502522
29.538251012717808
29.688079257305787
29.782158746217476
29.698227522704315
30.11321115019041
30.23063539413846
31.326941336349705
32.595812725181815
33.3026170398673
34.6846702446654
34.84761164573747
37.20605443842442
38.99462160889338
40.00013160730802
40.59053600186035
41.65005677671182
42.14838279323422
43.53421515275242
44.87279669572585
45.29273217762119
46.19056800421383
45.91416832644181
45.85900009998944
47.86569430541488
48.59589985169703
48.89453901762697
48.15519595123122
48.65668251189729
47.69609634120272
45.97760711276141
48.28502227977222
45.816463999746745
46.64812343757265
46.41792917575987
46.61441754135169
47.35950200493063
47.327412401829235
48.05768427807984
47.39322892145897
46.985929245202435
46.55836465037228
46.30057658463808
45.670382712361956
45.871749942196445
45.959733270174475
45.35793924988002
43.42931918785574
43.3395718604023
43.93214723118459
43.39778207937711
43.07968470996121
41.73783838383939
40.94063612750331
40.86588820749019
40.676589668465574
43.02297259022656
41.49919807478676
41.378254776920656
39.56186995998785
39.39620249281981
38.72103835324447
38.8802615943864
38.78444905740515
38.86881883167122
38.85290038290865
38.05795479117016
37.61677286280691
37.611294685148735
36.90649153723242
36.40532929816398
36.53022033435151
36.35064245326254
35.8615241459695
36.38990231504562
35.460637926808715
35.260753298178315
34.266223282316844
33.41803786724472
33.88885632130408
33.129862103847074
32.33603706011377
32.71252641626165
32.22477572055662
31.703528929683003
31.258699087506443
31.697662122252837
30.590958635122774
30.55576826672376
31.575951123303184
29.952132652245496
29.276905968372944
30.505234700042195
28.063436113670207
28.342167903469317
28.546071241822347
29.4856481575668
27.347353092380217
27.87257331554315
28.892156145037518
28.524342877709728
27.11045382785943
27.875443345817132
27.501018394910716
27.966761712614982
27.609296180100728
28.248028268257315
27.585272926892685
28.28372224041709
29.86627935893341
30.009812285156784
29.518739975724372
31.028811889215604
31.392947625788906
31.428812846991093
32.20119358649174
32.92954226878942
33.23369889875784
33.44502114389483
34.244431613563215
34.452052186912525
35.14781094524409
34.5024829370455
33.45373917234156
31.50028809859015
32.737401507238054
32.46273543952134
33.496927483978794
34.19422879092582
36.835906399751096
36.17830812786104
35.291262970567736
35.92230551445709
35.39434849418846
36.36365551314758
35.2283152652942
35.03468585079014
34.273829372789095
34.54063158469536
34.709472674191616
35.465248700951506
36.61372338545597
35.834148019615085
34.42778807745644
35.47782411456211
34.719695524628825
35.20491265296123
34.99602325760517
35.75943357469293
36.20526312528659
35.966520536459825
36.44103616585645
36.96700158835121
35.27442560104833
35.05614009588443
35.01139296829529
34.66816147732822
35.155275446708515
35.58794570966771
35.96169094609538
35.051662871111866
35.14147976649271
34.82586585193178
34.97889465166293
34.48746792992478
35.34995429359986
35.06796713392187
35.61531501873908
35.62206672811996
34.02505588770456
36.53477014503427
39.423122105495295
39.431393447234825
39.342781165471344
32.94173495289648
34.357281968690245
34.982536775668564
33.14302157064958
32.27663706042
31.678918290413094
31.016271126906588
30.03125756247664
29.888921948480515
28.98618405025735
28.767261425353183
28.952972927464145
28.53860531401972
28.412365944010332
28.6937009488459
28.065949086128512
28.67604456243305
27.665968671396172
27.62861795494365
27.03373979677491
27.17398556539092
27.27444232219659
26.462298414910833
26.6428293495768
26.870118280353836
26.41787937142846
27.014889577775307
27.16568956229031
26.878448369475223
26.664275193124524
27.62025244699382
27.774130159908623
27.74191297552686
28.047720032494933
28.538180080727976
28.66229064834984
28.895792288005733
30.238864913384322
31.063485490560776
31.83718821523257
31.304428010039388
30.872387437734915
32.01824379908072
32.17877826912242
32.64497349954699
33.44663063478761
33.937426848692425
32.797074058339106
31.542477913595206
31.998507629511046
32.91787214461489
32.881245837137755
32.88154766396992
33.50430608891385
33.08232804430162
32.038701292755874
32.45210020511933
32.74982550433177
33.02440767514088
33.06963707701662
33.95295896980957
32.89463468005066
33.65235838061481
34.24793862840674
32.47805894726439
33.5430246056781
34.11487703005593
32.6981458460849
33.0711539163665
34.7951287852304
35.58982439015511
35.2231347040475
33.71662453618532
33.57134707300044
34.28874498705353
33.86681327531852
33.808284413664566
34.023391402872804
33.994341018662794
34.06844429258314
32.74133304709573
33.3159381844162
33.84389429206155
33.6765472901874
33.44821029796137
33.76984354685012
33.59674419156994
33.44660044001947
33.165636173178314
33.1557934596122
33.46614795045559
32.93434507515529
32.967038698353335
32.31241216715938
32.13240682295644
31.734019705715284
30.59138066006551
30.395612016980408
29.40192805388216
28.90594295485971
28.856107623767684
28.53020962534407
28.917158597154526
28.224748207273535
27.562571934741186
27.50760200409985
27.892931982988785
26.826807831944848
27.41613382062667
26.95509893549439
26.59206117650467
26.330649912731587
26.396405122529472
26.38927517751432
26.324765269098123
25.096044192201077
25.652046655112883
26.21030070317164
26.345811989056244
25.73640027422607
26.398515182809433
27.566375942407774
29.46390708921001
29.767911373366587
30.830378381435423
32.00537346990427
33.45292912514276
35.416112837699465
35.692384224322836
37.85279634435449
39.927941096168944
40.16202100506633
41.14451179121632
42.92417824363681
43.74784746047122
44.14466095911135
43.37001844185528
44.67222702225659
46.09214001824296
46.792935098989815
45.922462359433084
46.566908452863586
52.35787272677172
52.04867095498018
52.05826674654327
51.39010462282005
51.72792923571316
51.16505565352115
50.373709323589665
45.82561733811774
46.69278660870055
47.37981804758357
45.43178025802304
43.88798740101418
45.35428914242844
45.219760063931
43.758991708672745
46.00951831015084
47.87953279406406
46.7365226736606
45.07308090732601
43.932198028565196
45.099771853813834
45.18338679663868
46.18947361312425
48.50100509182933
48.979218844137165
47.84584700716822
47.0604049136158
49.52475945846781
48.55883559695485
46.47099244447655
47.31229583787989
41.842819047129254
42.52678360069151
41.886191535636115
40.77686296228441
40.01612365326605
39.67603199899756
39.55498188284917
38.965045194879785
39.15274235398239
38.05467371531027
37.55699773471266
36.803546179502185
36.633685293241456
36.57802112477067
36.97839960484075
36.223068601250134
37.01153066713256
35.64696927499312
35.32610156130727
35.25017862176844
34.90196733692267
33.19370467364473
32.37859116780828
32.64273573025292
31.891011591420977
33.12855060647041
31.839138249566417
31.418110737326344
31.852535062703225
31.76664152074744
30.864388644156577
30.64526968299367
30.33194849130672
30.040104722634283
29.600781296977516
29.0272327139578
29.151061715942603
29.409882801962
28.22018038919191
28.585406921893025
29.81148498678374
29.478393570597234
29.978196159755157
30.465406673450445
30.86234192690885
31.548029969659368
32.139436480989886
33.556150461305904
34.99018370585492
34.6383580911546
35.74470942157501
36.667660633366665
38.98846600394444
39.122000958631475
38.944772624893346
43.67731736918586
41.34438236325294
43.26251657106593
41.723782139100194
45.780481265385845
50.093496991618224
51.87216728838726
51.83989885971938
51.10217228456146
53.15903649419951
54.210855858519025
53.12557490605317
52.79326258339494
51.62335269018562
54.090852473799906
54.324559126089916
50.24413651595542
51.8358741621081
53.36071962829213
56.17129812127752
55.90869753895577
57.20527911772208
55.933310625099345
54.04749904662906
52.472708268121394
52.768944895544365
53.64286995484187
53.52182820093353
52.39277794522598
53.522291365480115
51.37122118086734
46.09729240991491
45.19113306833981
43.08942093450919
43.77988041870376
42.09118242253332
42.057637266028294
41.9468759163056
41.23060228274905
41.45626610526524
41.203241624861924
40.934725811288985
40.182204953688306
39.32008586809742
38.90013445707622
37.69225874133273
39.757548647629314
37.92883460051651
38.46037507517565
39.18122103476725
39.18352873558467
38.081349147171835
37.519979922395244
37.65979780790168
37.72216008834396
38.315525108638155
37.528166276588365
38.39264165568899
38.42844414797004
37.795920374801135
38.03956961284973
37.45478936790562
37.89606248392146
36.409006894922754
35.365862488190814
35.31254660606663
34.721329860507126
32.980796942318875
32.5722313366939
32.87457814742345
32.18244390338435
31.674529545164603
31.219725076755992
30.799839669151424
31.19330219146252
30.253857504784207
30.089876535599615
28.682433026937474
30.026930980560735
29.084396691624416
28.40068141980902
29.39656225911841
29.25756208483341
29.990019587276873
29.691786938464578
31.58684892685954
32.108987981847186
31.860416847654626
32.425921443817295
32.27292772070848
33.55360741986328
35.44254259573847
38.12777525211732
43.358418838919306
45.380824805852285
48.38748844961397
47.47709213592021
49.47636858352588
47.594766488293665
46.70258261929908
44.11241621454464
44.57968752439637
44.644401635448304
47.40703882828018
46.71152325781577
48.147355996921874
48.77943491171324
47.98379589965916
48.08092600833768
47.63207447493009
48.6335227116641
47.924806973030186
46.743367384738754
45.936518122502875
46.494882411476624
48.012890616945356
45.692867659763415
46.69183759434432
47.111603066538
46.34817945100177
45.89682898697
45.12638545176515
45.8781986513676
36.37509950381195
49.37945608350797
44.762702413714955
43.940753934907434
43.27470407872653
43.40241054366891
42.019682931526305
42.65986608419698
41.89299801741987
42.248501500303604
41.66077925704861
40.95941821232125
41.12168063939322
38.83818625341378
39.776136592324946
39.09131219400798
38.14088511539215
38.021616107378705
36.63227962401777
36.642303664132186
35.504726860708686
35.861673517280735
34.71008278585831
36.11401775173653
35.08477762354661
35.974853291873764
35.224173564746714
36.03155711026352
35.215546350609586
34.90856320611374
34.91920073262472
35.100551420124546
34.7318227859341
35.08535291360376
35.23355909105637
34.28269207918165
33.89264985718168
33.31752246864815
32.3219341190608
31.774092855279193
31.268536214237145
30.729527508893227
30.899186707916215
29.94875093928141
29.36833351571437
29.701001403552084
29.379198664899207
28.732272437262395
27.51815330071838
27.430637619501795
27.523145872481905
27.545139795577313
27.395368348225304
28.07192064560786
27.925179781517556
28.17792966801187
28.953509077775607
28.714112777784365
28.39791146649175
29.95343129351079
30.170789083014483
30.724167480504946
32.151739790637635
34.550544251916904
35.34303833404704
36.05189754122074
37.16442336424408
37.77024977549053
36.857601937654266
38.979499091037155
40.7230988125566
43.10416371793122
43.27602108975748
43.02646853196495
42.83564737833092
45.38399434433373
43.77880588665334
41.91284421140881
44.85931539793731
43.45224590021371
3.886977097915974
43.09812493158836
43.398470733962164
45.49603590863376
44.69978576186145
45.02577017826616
45.2568212881194
44.34780600804032
45.444691788425644
44.180094426038224
45.34059869477272
45.22603358570046
44.11826677116282
44.299749263761754
44.36047998121626
45.02216620581598
44.7635621935362
43.648852635476615
42.846114330756606
42.09641671872666
41.719424134439265
41.75815887502112
41.19663210540847
40.34199034696405
40.091962782010725
39.60156493377446
39.0835749120924
39.79074058104531
38.83613757578922
38.35862755161571
38.18732972906868
38.09364549545592
37.499963021674574
36.07115034468808
35.98361656226622
36.80487084640704
36.54575866689324
36.25803429990049
36.56049892729378
35.73700793178182
36.09117570975196
35.88851019966304
34.63843901966696
34.538736885671526
34.34493736200747
33.869478108446
33.827045635697246
33.291900477320894
34.201704194424025
32.909622924227634
32.31574427488519
31.14072410346586
31.314551976627097
31.105292053117974
30.865269350310346
30.826668514814074
30.68842278012231
29.912038207537474
29.842400372957844
29.759969140053066
29.013184205559757
28.48768122330125
27.507228744417716
28.200200268443268
27.77723799774799
26.877613956587652
26.8419970461527
26.75890568430985
26.79215172748502
26.502666433365903
27.77189710282346
27.62963078580077
27.043433589436518
27.54193865075507
27.838009200696114
28.914219143331366
29.623170839401062
29.874623782581132
31.3119922049133
32.50429086550028
33.812322974662465
34.640714571056904
36.172633937279215
37.349577315168034
37.34135975508043
36.413063965294896
38.11476906390543
40.847608479716804
41.818997294203186
42.03115651473915
43.91561498015658
44.34741322178473
44.77843309137229
43.3402754908699
43.45658182226269
43.86527603625906
43.31150427150074
43.27069827010607
42.88270798033033
44.110112309051175
40.685882996045805
40.15822295012356
40.927159624662764
40.97260848400294
41.68354757881302
39.178603159518886
40.5072204576521
41.05632794892551
41.940417528162065
41.781265191782836
41.34231869702913
43.75714424311872
44.530777063212106
42.780565044450626
43.158648845351614
43.303886652198926
39.81938067143262
39.15386327617348
40.51323149387201
39.99811844968578
39.2326799489092
38.128461409500915
38.05512905607624
37.970027711110674
37.11706299163775
35.52609904600032
35.42589171986189
35.142683083017886
34.42270254808645
34.85903167915129
33.940578923124306
34.13810710382391
34.62561723929798
33.68880110784693
33.52813188842417
33.070949671098404
32.51081209642174
32.24757946997924
31.566430758416466
32.41283528454346
31.276580689189416
31.475449503306294
31.320604897072656
30.934530804710334
30.204768775956722
30.13522673623007
29.426923773532906
29.31338116455862
28.838476114554908
29.47472896239941
27.84813739244879
28.033351035662804
27.72080164446561
28.451489587545268
27.822774699187676
29.176883508059518
27.896364521829128
27.727426620240408
27.089081034424055
26.568501415745686
26.37862837557259
25.706997789276556
25.76274364234024
25.37375732639657
25.366770263099284
25.653490199367013
25.927969639448918
25.272010726100916
25.312587233605655
25.24835444581879
25.185290708617913
26.477322274628307
26.21122974498502
26.497892566773658
25.66849843008589
26.495193709516172
26.951687264568193
26.23408421710144
27.41436651934839
27.985669335218915
28.118870515814077
28.25337383205175
28.215305450978974
29.013789716677934
29.727497147982433
29.9789854475149
31.19698458510595
30.80039508782806
30.78086971085295
31.523772553786664
31.81755335600647
32.51300949886654
32.50971030818741
31.901639757651424
31.315998339227406
31.328974207457478
31.99173077767028
31.820142682117286
30.949513759527136
31.151277196445307
30.82028320001479
31.490350980133428
32.455743114132815
32.0487351977697
32.807495110283625
32.27750109597737
32.43155250660487
32.24179277987521
31.836619382674343
32.76348120973749
32.572252836224706
32.61331151359768
32.63904415448285
31.974174525656302
32.438403320570856
32.9951539272659
32.85080872508109
32.242855828367475
31.57558543892577
31.516323237531303
32.05424312942375
32.76937098542976
32.917940192415614
31.99593175436221
31.921298320837025
31.69435910962318
32.07772725910739
32.665091543021944
32.64362931578863
32.67255540195791
31.287598645655272
31.712456343001914
30.89727043809902
30.47567654273306
32.05440811583177
31.66024626528071
31.22282353714969
30.80695091969653
30.632397392785606
30.179413328332032
30.66870117657919
30.680458740389536
31.760048993192186
32.362566147104815
30.218729858743927
29.384408235664182
28.118724656869176
28.172297131470543
27.527196794832435
27.275724191319853
27.2162759226444
27.072397894883636
26.378810310904328
26.04096005849175
27.502740556218725
25.487228886012076
25.025086695661116
25.296580471329833
23.979558848750287
23.628103024930056
23.697274027701894
24.204044024681536
23.507352946269123
23.559653014069454
23.434151552192816
24.311184614049353
24.048783027067657
24.278644919624867
23.921104538613918
24.657782789793828
23.88622851225159
23.57294956792333
24.40879845545379
24.75666245674836
25.331108013320318
26.098725481351437
26.580786322163306
26.239320448330602
26.304843800960384
26.301653043562396
27.000401067330017
27.208100846072455
27.180526189674026
27.47972097656549
28.283240167368092
29.115249927952163
29.662930544724645
29.770255957821064
30.558973721526854
30.438855622620565
30.536059119452943
30.906877492290732
30.860656119747887
30.77531850456046
31.153106759274408
31.354316253354114
30.95712292406762
31.190751842012048
31.039812862837096
30.92824951261781
31.4396522000078
31.00221376669583
32.08234562369927
31.798629884343654
32.855717967471605
32.55126990052844
32.76692541898092
32.69416889955306
32.84711499248937
32.519031370456446
32.18344448852338
32.08112375420711
31.727469739013394
31.446248050201575
31.289012058075702
31.85681750996222
31.534797939408882
31.632326559621372
30.896758998452583
31.380062408434924
31.388598116153048
31.16346401701503
31.03860906569401
31.378286689992592
31.151542521572672
30.617428847846195
31.135645416333755
30.842938577102796
30.62850605162976
30.534782916335644
30.910111139453818
30.29550390098194
30.556601224107187
30.204494615964986
29.861246919668872
29.467009227110612
29.423048050757473
29.546426403794385
28.55884815507718
28.021902333221156
27.28428641324087
27.61164460417416
27.32221598680475
26.363722605191185
25.778393128429798
25.769076304943837
25.23814880884038
25.14527993637978
25.152924038757817
25.002657410783513
24.750705386676145
24.15810375524228
24.243517780860998
23.955200945422746
23.817658273492725
23.74223168678037
23.433405061521
23.346705330818736
22.827799199445394
23.169111488162116
23.32568130678692
24.21705138412443
24.778228318779554
25.026990634178503
25.378466589541574
27.15323651736935
28.494025489287253
29.375894728248284
31.3306223338505
32.49918997383634
33.998378606956216
34.35723878846568
35.44657458389616
36.37243092856147
37.04989180442517
38.014905894214834
38.04587967468252
38.79723036901714
38.93999018225401
39.53566720330059
40.69937430073776
40.90251570912828
39.708773163104354
39.734484150804974
38.848263005670674
40.21733520759619
39.547098574062126
38.635203826416955
37.56890049755965
38.894284630433845
38.667568468931165
39.21264477148474
39.16182651425468
40.870595373172804
40.44181299395177
38.59564081693165
38.37954512476413
40.96077374524937
41.8190088505637
40.756173229187084
40.392303697925
40.94719964988445
41.52592997224531
40.732931621625426
40.109799775946385
39.71133010606873
39.43286130040315
39.079162799515075
37.861764368945046
37.47080811039564
36.872075728932614
37.82771020855883
37.790644816526
38.22900472623468
37.24083942149847
36.27257834933104
36.9842495349098
36.69590179578029
36.11575808671621
35.153740450553755
36.23701823059108
36.119954175917854
36.25293682876507
35.55892025534901
34.89941495946591
34.58888616494605
32.73583794928556
32.97785251833532
32.68271570096654
33.08806572455897
32.00713190386206
32.09433448984664
31.5564195518142
31.853928013983396
29.516981705863138
31.12786920872003
30.970078325647574
31.25678588725791
30.209990153082174
29.014774051843467
28.610414843749652
29.31577518078882
28.24821206157351
28.995761408210964
28.53814494700038
29.044806470331167
28.131521379485708
27.54500671391179
26.726754169251308
26.665483864020132
25.85210972193652
25.752079351796908
25.861248060099967
26.281792704005397
25.913343538150514
25.86619572831694
25.994907157197417
26.962867116290397
27.471767190174866
27.766724855609727
28.58378676159758
30.74976398781696
31.138336710493437
32.55989479397402
33.99211806700518
34.18974621151169
33.8140256132532
37.56369696842346
39.10677913250477
39.08094499712799
40.29058350199415
40.61770582654667
41.510373945046595
41.64716287029433
42.15738618397353
42.02511340667719
27.223832933502138
57.84464109837223
45.01049951001209
43.94425138505424
44.09215022268052
43.585291938708615
42.40018923196805
42.676741770826794
43.69587264821671
43.863604322636036
44.31713353775683
44.637737327524505
45.45477327534752
46.370493739954654
46.54231779624138
45.04401117868417
44.96418255039923
44.99116038632689
44.973908286220365
44.70436103022544
45.6949006259557
43.381774678562394
45.096397564468816
43.304042709874295
43.194378804861955
43.664836951593514
44.564607249009576
43.80428519222605
42.87168808717366
43.272917950312404
43.04616102431412
41.419118627963805
40.12982395564765
39.984938151796094
39.37143467826958
39.259742396734374
39.25871686602539
38.89170929747387
38.432823287205736
37.79354189446329
36.88272107175452
37.026581855903544
37.487719940287874
38.052497073335104
37.28238651434568
36.74698239892754
37.22997033416905
36.85911626385001
36.38714825094661
35.84700358638364
35.47425872022668
34.73181127836469
34.31269207627723
34.652406980301635
33.71067653182929
32.48621761410036
31.46428632081126
32.17886149099397
31.234731821953037
31.128188734711973
30.54228044027082
30.078913483993244
29.774999194153036
30.005637998691522
29.63464502863677
30.311246315248297
29.07242668175701
29.794163464451117
28.260866754634492
26.657956227412058
26.914034957946228
26.047887074365633
26.76552489065648
27.713585922171944
27.402530666147015
27.243257515022833
27.881711071845217
28.35194715950419
28.211109958492706
28.392598111620032
29.005110383640556
29.932289001216134
30.555717941377907
32.24872110253234
31.429377946134135
32.86180316255665
33.28064932857153
34.696156280553
37.04014707225684
38.145794934796356
40.18078519566469
43.590883863611104
44.12679629633585
44.27182376662388
42.83327869831328
43.816025718264555
43.25766783479258
45.39958895823864
47.210524721751625
47.28909275609324
46.64079421865085
47.4988658792436
47.242442213809966
46.01211925687643
46.760318332975174
46.223673887445806
47.456937865986575
48.39883292403313
49.55592253450199
49.931856705026256
50.47048854333515
48.009052878942896
46.670109339152305
45.80936792115495
45.38630712742527
46.21593089309624
46.253332457327815
46.052467702885245
44.78273673996517
44.86602250375023
44.06331008517469
43.56545386765174
42.80935485907378
42.69084370132015
42.97589572153862
41.708070501038264
40.75517748794596
41.88972993000192
42.030914450856784
42.63525232124463
41.39850579266165
40.56900380229315
40.608936316471706
40.445356802411595
40.83305237050148
39.6809113166684
38.60356483016814
39.08695818687364
39.13630433764524
39.9029548090427
39.047039725068956
39.66799875758055
37.784261231711966
38.630015717191924
37.99273130905918
37.60939719561669
36.22705762959306
35.14357058806285
34.17035740500493
34.56996325819043
34.58257640838899
33.727793953629984
33.20890187615505
33.94767677137808
33.37158353647475
32.0450195788648
32.48587629174233
32.36439322994704
31.29166524722484
30.656705661051035
30.527800129785987
31.08215057108771
31.703701104167862
30.79515183193763
30.446473832699894
30.32982406137046
30.927130911185827
30.49355527238407
29.813986836540494
29.77573537084612
31.075655031161318
30.415408718987237
30.575437267421762
30.351285797093368
31.06449715019941
31.324626266369705
31.441526772750944
33.1067292369051
33.00954452509042
34.53504060546085
36.43050083476871
36.40633428346363
38.74244229951138
38.580826878499806
40.38997000813339
42.116114427324696
43.06739678022478
43.27011034644698
44.63642031026226
45.490066174241306
46.208346861869856
47.64040579215337
47.03807674613401
49.88535651513749
50.69263094387087
49.80731292214548
50.36548014097923
47.68281144947986
47.45644578174294
47.377637029734984
46.281088885616775
44.256242244489876
46.560803172396454
48.4558128520733
50.096239641657995
48.95460569235398
46.48783752378126
46.934251375221336
43.44606039570799
8.27107192613704
69.20155281913628
45.96200005722459
45.7589488864339
43.47071646187027
42.76050719599821
42.226849820865496
44.15900154517049
42.95763245959026
42.69351933523053
41.78299174965299
39.72400891300444
39.52953235119065
38.863647343189555
38.61210449984951
37.92322641787325
37.729077953501815
37.00225893091226
36.30201819542344
36.48086081526785
35.98225385182968
36.008116358595885
34.96711651330759
35.443226895051794
34.94763391598434
34.170972914419565
36.46185004805318
35.06136152580052
36.06161537869751
33.99146669664864
33.42987251958033
34.30007643233591
34.22582356347958
33.79191209884737
33.28590161556882
32.283601279013894
32.05630059431621
32.55281345145477
31.487278132205518
31.4181205016248
30.514212715691485
29.825965768901938
30.004555430298694
30.04271956473326
30.171003565326714
31.24297361758994
29.520008017457428
28.81443107256598
28.905958977930027
28.042998899457814
27.27111302338949
26.754795351636517
27.457162917472317
27.190024667363446
26.799853182263007
26.733100106718496
26.92582593412459
27.00140650776018
26.658120311924108
27.66566252455175
27.922055397962424
27.157008373741746
27.604000020116587
27.072395380315186
29.091585015711473
28.548632972962707
28.645006093397683
29.631684262717272
30.40772372451346
30.88992806368816
32.23246628648019
32.080041998217325
32.84945025081805
34.16460681748288
35.480628129111324
36.80202008617317
38.76063161403908
40.34579816780587
41.21345731558327
41.63997771065398
41.38836133924298
42.052126175529494
42.196372073714926
41.47057522754359
41.85347378127161
41.58127283378316
41.62691484838565
40.7133937452061
40.433415447052
39.698508239927975
39.51026807681786
39.9591014794459
40.28070972125421
40.40260812219215
40.21839135500829
39.0662982517581
39.56623290409442
38.78696156176454
39.19233076048289
39.58632882473091
38.55825274077432
37.78198005974194
38.06883775115201
38.8489743818118
38.325231331517195
39.4139623959274
38.214512743041794
38.28063625481114
38.255904549620176
7.7343981631864835
48.6494447011596
50.94105950520829
39.648716387458535
37.93330200666791
38.836342359259106
37.520493578871026
36.87533815418368
35.57832457894343
34.99051822511177
34.5280602500078
34.69377271546455
34.76555362053904
35.672537579937455
34.33265343378923
29.132429132651453
32.16073021111367
33.64937761330549
33.83612165098248
33.76810409108822
32.53442528111799
31.87222078099336
31.520629801002144
31.66685251128314
30.93089578473672
30.89269788532789
30.90318935452126
30.613559333089995
30.025708784657354
29.861063183387216
28.94308910061926
29.137212888469946
28.30496893989516
27.54735703919954
27.524233972916534
28.547330633517618
27.083107059860424
26.936239989966793
26.868963351887714
26.3452762503847
25.870574655658743
25.888279247447144
25.031921587452644
24.672692987995333
24.79209361248212
24.727893281404874
24.511835223758055
24.833061519016667
24.454163526809623
25.426030416182925
24.749453036114915
24.8550766837306
25.330670694050525
25.328751107435437
25.97905871398018
26.607439330260945
26.085323176655947
26.090549056176826
26.996466009891037
26.773651907678584
27.83477723259074
29.643522692844613
29.695329531408277
30.33436536627801
30.858041364307326
31.593612733109847
32.48706112959526
33.735831662100225
33.573286562050555
33.279808833630625
33.45492558085948
33.9311955741399
33.813336887245086
33.17160407219212
33.75317266753518
34.04731356051548
33.69304890595708
33.328951836360226
33.39113367356197
33.33633773546535
33.412381067052976
33.58762328605518
32.79870334318736
32.317912169532775
32.82556240349419
31.92640135236633
31.950478214856844
33.581067324838685
32.34784530409212
33.04865419065055
33.13701478237854
31.713641137395527
32.43860596231893
32.45423645147697
33.759572663646
33.30464911479294
32.38053815442623
31.915534123775956
31.907649264457845
32.01196682158741
32.39242222602212
32.20378720138632
31.7738862179761
31.587191688625353
31.93241620478875
32.373407166882885
31.88060366710124
31.808788445914388
30.866166835124147
30.57489007004085
30.122176138048985
30.24916588065952
30.716648579592857
30.868149298760443
29.879322697155317
30.643008744152496
30.706473473539347
29.80263129070937
29.69022075776843
29.727692448339326
29.282107716584846
28.839295166086288
28.580435796976417
28.845154626326178
28.409574685965538
28.171225934985273
27.565053717432875
27.750483289742533
27.041008066335962
26.554713785013178
25.740998030284743
26.33605970334844
25.78737598883191
25.86833329318881
25.254877059902583
24.9697111298957
24.56337237748187
23.888236639112165
23.849908964425367
23.83642263505618
23.582495305646205
23.31606914415181
23.521767335972697
23.53582233830099
23.223762461846718
23.457800099571557
23.142776690757557
23.483397804222705
23.411279670956844
24.651391558999592
24.199168575757483
25.36290822797281
26.285270066983742
26.30491634407622
26.683055650752863
25.569358608075504
25.56366615033062
25.660093447353272
25.173799640745017
25.874784286873307
26.948014325572103
28.108169638859643
28.26863274972195
28.625401010070142
29.715880857668978
29.880348291186188
29.476332452600584
29.212044277968634
29.42541605820404
30.104062136836532
30.069477130705376
29.745428955136294
30.205952830254667
30.234676749283164
30.48028875415215
30.788826482834416
30.698139275631874
30.878853599334683
30.921036105372703
30.885601002401373
30.913141357404765
30.404908182074433
30.135302745795457
30.260355296646036
28.829714222338183
29.457525897265725
30.232927569294812
30.73444790587966
30.631685626829626
30.613798135306407
30.01874969179021
30.228330352419334
29.755729181502367
29.837382212034445
30.058404968559273
30.799317051290956
30.734249354898544
30.255161170737388
29.68583242842711
29.327826229082785
29.790123197476312
29.751702737721597
30.20318627841933
30.037248025214353
29.704865367989157
29.709882694040402
29.448225751027564
29.826621918485444
29.44952951081177
29.1555722260469
28.838593684092928
28.819871014940418
28.269343485341835
27.69606805405124
27.96051030044947
28.502387455289018
27.1339621088797
27.77186594628506
27.51880674894369
27.253114659749997
26.990974466607383
26.31574667341249
25.786468991923755
25.24119618740889
24.2521467014854
24.462980689679796
24.185543368927824
24.287841875883487
23.88215953493983
23.329694555096808
23.37376860379692
23.827172971690004
23.197043234698015
22.532439560498062
22.65605972794839
22.84147931204916
22.61519684908194
22.788168950170245
22.591682605458118
23.491246355350768
23.8708226919141
24.551316131765134
25.00614743648657
25.841681171027574
26.819336572341797
28.70006900399403
30.583156004737816
31.68604465333084
33.95017492661469
36.404497310297025
38.00142820542853
38.7964558433218
40.27388690752956
41.079345530246655
41.9401703125791
43.89660467097138
44.98703203424785
44.74777002733542
45.19929850064534
44.937851767836065
45.70344661803702
13.356380532495336
67.25011087530481
3.0021479077763615
224.9037286595983
178.20819055219255
233.36053586062675
29.567116215460885
104.87694031522801
95.65555616313264
97.93671050175548
100.55998668494004
98.48098646622769
98.58395626464045
67.29174981926465
105.65153264942883
47.22280186557357
47.17646458267147
35.43886259297028
19.59828713923872
67.58821620190965
46.58896547360275
47.1633488029063
45.33206308382465
43.29561419175716
43.4017160355494
42.8908774690756
43.703694759941406
42.826665354512926
42.07229465263455
41.998015126614575
40.71546297242945
40.97596375225399
40.13303295770295
39.68030011429335
39.75113125333
38.9391370805256
38.9818030728848
38.33441058640145
38.43695739038378
38.487802209517724
37.92109681560014
37.60155870138635
35.11561812661168
34.76705249501825
34.35426707510018
33.639106723222085
33.803572231560224
33.136997025918696
33.17396218104632
33.08043695635292
33.16251575969606
32.340436634315864
32.7573334637022
31.864848035047032
31.833124496417838
30.743498413165582
30.526095230016665
30.266809244921205
30.159359143274003
29.329904132026456
29.16272777502428
28.34777427872183
28.634655252221364
28.294643021950094
28.789086082430174
28.652888874039604
28.405334820761198
27.464901381947357
27.543254645160516
28.183458854899925
28.117384117486267
27.214959236912023
27.49474087528427
27.308849106509
27.734062146988435
28.183330192630535
28.349554211034274
29.268629641549808
30.106235144119182
30.89177677827513
31.88670704842582
33.176979173825316
35.04451569228685
37.61290622886745
41.027991483369874
41.06093006357049
42.51687561931885
43.52264571403457
44.64184926350407
45.15678184127633
44.807048332542266
45.21644018579403
45.58094149201577
44.75453492596005
45.49787445127207
45.711709123917295
45.86493029267552
45.437177529024325
45.196356880482476
45.54343812536709
44.84064730870455
45.525574356280586
46.91961153260554
48.10767931254538
45.48286883949067
46.46493373781327
46.88582679223536
47.19767056975369
46.480897286320406
46.46011148884634
46.72374331092455
46.95475345686363
44.76035251611299
44.49574149802636
44.51673145779152
44.59288184759542
10.281167501666914
10.096537090150377
3.1319727819867467
28.048789566400785
32.23366535914681
31.435935296778496
32.44789345268072
34.23254974703093
34.07935144496247
35.848068518134596
35.372938900435315
34.46289384392372
34.823273464398596
35.64357168566744
34.90127040137355
34.432758387092576
38.06279056361882
37.003199801989126
36.93554994701475
36.8019219443965
37.24501443661359
40.8301458719439
38.647835145923636
38.736397906699494
39.613299501197275
36.82248478399646
38.2317877884563
40.058896947949506
38.090497181828795
38.79929872515254
39.458719801442655
37.966426263321466
40.26332212765628
37.679394879975185
38.413594735560295
33.30845728600627
34.62570033734538
34.852083536828275
33.42080684630288
34.46807511867456
33.905554458330414
36.483143527939546
33.785213498141545
34.099278557840535
37.39066821105996
35.68196914917871
37.803664046123004
36.49756907615648
38.845542937757614
35.2145518157966
36.71435321106475
34.1667569486969
36.62544478157912
34.260305326772766
35.621223979276465
32.76139487543901
33.36331066097574
30.742192901786154
33.769520098028806
31.532548138138566
32.709265141542346
31.23213694297043
30.154126487997072
29.128285926599183
30.567044748990714
28.771751841830344
29.938849434146338
27.989814716568674
28.21034489148019
28.212421725605054
28.546939169607754
27.531602519013177
30.054293519469127
26.99113106630648
28.281114469240208
27.385717741693895
28.416733010437895
29.089962092242445
29.408738477047848
22.041343818427038
28.637527582392295
23.774254880243234
25.67980075533785
31.735820628761928
30.802626853292946
35.12702620680288
35.05099976889955
38.07141321268798
39.53369491710562
41.21842199650288
42.11279690225928
44.913698727799314
43.37596624026346
45.55947186120895
43.50678859584748
44.8290155522251
45.771385616191765
46.13427297676141
49.32470143477332
47.167633384849466
49.38270074867084
49.20725308501807
47.278232876301644
48.686672903069194
46.70515063284723
49.65628816922717
50.467160722282145
48.70991478566451
49.473705560830886
47.2590997903
46.52035633961376
48.98299364046188
47.71613342418685
50.2046322703829
47.63083426606319
47.086546457704785
47.71375632394263
48.18352497642343
50.44842003183068
50.59011121342273
52.15809826329652
47.03852722115532
46.749702278688865
45.51608681398527
45.18726211441454
43.6155608510624
44.36892457687162
45.40402973549624
40.60974916615295
41.99019017809404
44.73667448744227
45.33743938274341
42.26231415786512
43.52852707955785
43.08884872418443
42.74582078161583
40.52979539034084
38.85964073894064
39.25198422338151
41.61496144244314
39.861886177182
39.21378084655082
41.85962141198921
44.01250115941784
45.11901183991279
45.668630825266064
44.15046219241742
43.234228056199775
41.02331360626198
37.67114743425299
37.284397726023826
37.942317704382276
34.74042389691124
36.525620185014986
37.96646133471404
37.41605872431808
37.69356979163712
35.8985806031302
35.637869337924144
35.954914025302855
36.53643150605666
36.89284411824502
38.19832063369813
37.3001283995157
36.21231326201894
31.37243588633919
29.733670969812067
28.85861374121896
28.597831339074105
29.14656152547127
28.88331993979932
28.99536863445485
28.535326521324578
29.122537487693194
29.488769700195277
24.134759374935527
25.41993190642677
31.319534541835424
32.42622756708272
34.55316724591201
35.269188836586295
37.340906152569175
40.09180861257545
43.377259932583485
43.476053785099396
42.784366493988294
42.21961079166378
43.70149873344485
45.29994294052437
46.212754546267895
45.95849215982557
47.31540756455392
46.97560149507585
48.580975127078155
49.002893593995566
48.56313303627757
47.45119290041918
46.89443848548243
50.41734711884931
46.09763467433783
46.41253253574353
44.73406877578046
47.71250737480363
51.25852992279389
51.800844529381926
51.353959280076246
48.87398401491804
48.132997779451536
47.94019113408536
47.94173225092396
49.22253491924063
49.20296011060848
49.295545444963416
47.22284041651947
48.32690218055211
48.711445539182904
46.78469327726098
48.15652271135354
46.3970593137214
48.75272409509748
46.536470012471426
46.251860794650725
45.47544407038993
46.66266385485618
48.00846588740446
52.24225968652229
49.271199218100215
47.27922758438345
45.73716595519703
46.559138426400445
46.63532241444956
45.29500185677951
44.64013797120565
45.77368233040319
46.17408812212486
43.89253214791499
43.022356900420164
42.93854103475552
41.7327558493863
40.33505576327269
39.69866345712694
37.50945178086495
34.03459721295097
33.629204075278565
34.93422816047175
32.11287168350307
32.32826376522777
33.781462511906795
32.80624170947353
32.18730452701185
31.74224936815914
30.948116445629424
29.70819839958622
28.92882771333359
29.844080962723922
30.30930000789732
30.201391555164093
30.082556644001727
29.900032547341254
30.034724037664944
29.995300267909784
28.268396664720626
28.83986779767298
27.28842988561462
27.368408699996564
27.321431115950137
27.480915126333457
27.10309416327135
26.39006010232447
26.95404958568008
22.90438706262961
30.644604989580788
31.117407476383278
31.798915859700855
34.132890563828056
35.05948089509282
36.018196249682035
37.62010400631466
39.924028078480134
41.78549653776722
43.38915300434676
43.74920025708157
45.622594929572855
45.88339777171795
46.877954883008286
45.519016246197246
47.06336389940632
47.994487883101094
48.62551607199494
49.199159597824135
50.69597322759908
50.211974905989464
52.06798495932775
49.32538640571954
53.33161361123976
51.84923603125915
50.56224235921225
50.539591552732716
50.58593147033751
51.172760037532996
50.809227517928875
50.91129976229895
49.31203427128427
50.25842220203934
51.571563722244775
50.01048427015647
50.93243487838341
50.40595150164452
48.52861881295126
48.53730022572543
48.015743339142944
47.35590160040367
50.6811380578486
48.42868511000218
48.20123961748304
50.52976475849708
48.746395640333446
47.242745593026285
49.424294233625204
50.992691673163684
49.569707426972116
49.22792264261921
49.461179852291494
45.428587168445034
47.23896880926711
46.898414129262974
43.69939317914503
43.37147502984668
41.74926539666404
41.76751357016468
40.355533000954004
40.455786220929866
40.737791481131275
37.956368224916446
38.62727261463441
40.02245931280996
39.854013900571594
41.733976628802694
41.31331644273208
40.38725914591485
38.55376395915966
39.44249884253233
39.4489322764682
39.0112018590535
39.724874768522355
37.829096359709546
36.08981378077921
34.53361568451486
34.9212293451924
34.028464935639576
33.19696592555351
32.75616944622311
32.41521579185735
33.37933284904261
31.786515179877824
29.076482320945956
31.91073469574826
30.654937941512287
31.66724097737574
31.44072650724212
32.88416068542375
31.764804187155846
30.74494456668583
29.96085155621398
28.725004086031504
27.716010740478055
28.37696657523992
28.664774322729542
31.423966687423956
31.069159642259933
32.80134910040488
34.47668086478149
32.967161406164585
35.191689469224166
37.034458518510796
39.2736587011953
41.16452446864842
42.15358999964008
40.283325146015216
41.74304253482664
42.60373594669319
43.70751181131675
46.09760679795247
43.942423007793344
45.03906023146001
47.5645785393844
48.33533973543568
47.71209873193758
45.87427151939265
46.00222503400733
45.43834872795837
44.26173633689424
44.054015168012995
45.002621863521114
47.82266246002565
47.63885681678694
48.12737708625315
50.39849959755603
49.22670526322912
50.442257701126955
48.511421294809665
48.51158037660721
49.68608091092632
47.91420060250292
48.83427504155766
48.82053134496332
48.50593248383838
46.41073448533187
45.545596369665866
46.3823968618302
46.70386921607282
44.81959572889996
43.56132825880195
41.51218904617195
41.59758560771156
41.17413621281361
39.428756077585774
38.46581999035305
38.59448020066088
37.66348346125392
37.36531582256282
37.188566687385666
36.78497046896294
36.296056617623094
36.137556812329166
35.80408794206952
36.08854480480392
37.16588559796624
36.76170017741866
36.49654578186096
35.58454520113683
35.03493920014671
35.78579150882748
35.46977430853433
35.49331350860713
35.28467546625643
39.780419731389685
38.89881877891757
36.567045408699464
34.60333429764255
31.402465618752167
31.040190636702565
31.050845979852202
30.302838595371952
30.505239643917093
30.562406092079602
29.682064318098355
28.570665829235736
30.232469534835786
28.866222965275938
28.523873235263693
27.89183165084131
27.64511114543609
28.0367834244218
27.27002022725469
26.794113328493665
27.362687890280483
27.18882420895136
27.123902698488678
26.868393460107416
26.743756823606986
26.907484866936954
27.0642855024156
33.87051308103281
35.6539981284958
36.07475419194287
35.92950064211419
38.24475763748147
33.90990117647843
36.10863656453039
38.931438205270794
41.15207606425165
38.42907494926267
39.09507308875155
38.48362647677325
40.56263755003338
41.885321689399774
44.65683638428907
44.66130642384866
45.757460680817566
46.31607047500694
45.62662546974904
47.15385829879054
46.96503044135429
47.18287755679542
46.96116350365922
47.11600829621227
45.57535350185567
47.81758194614794
47.71420454520987
47.93710858231833
47.17563759961814
46.48018461589731
47.78701932660645
46.667459013670374
46.89710148397127
47.69760574565997
51.43662767224785
48.53856335401534
48.69215891099198
45.55446064810216
47.28814088332328
46.838310279379975
44.04639618283601
42.396846849468474
41.669484351982135
40.92029183251219
41.03178775881582
43.754689915287585
44.11992037890084
42.84090215479768
40.8566432208077
42.32974213283104
42.21806388696902
42.249433394264685
41.347713411115436
41.015420426960645
42.870361274811074
43.1256932698827
42.09942873077891
41.79152203301517
42.74766317523259
43.24479662088393
41.62148123534854
40.018093644376066
38.970139515650786
38.24859687411809
39.001688889943864
37.85752438235852
38.5698832476006
37.71974529861056
36.37638219390266
34.41384141298943
36.869841518040424
36.03042254269537
35.47569148685341
36.565498615553224
33.719032457331195
33.77356890073503
33.54021055932162
34.1573830565012
34.01606441348588
32.61512788902911
31.9411550296594
33.60988835720167
32.70833421363875
32.33899247771535
31.762052928168657
32.86240070150518
32.93733096320665
32.88216490895229
30.362249727025983
30.00821754875335
31.674251254626085
30.657338534509734
29.741906108567093
29.217788084072936
30.38066318836013
29.84476730058816
28.00560059545961
27.36458985382029
28.127503115538616
28.051583871749187
28.016111125843622
27.998554862921253
29.192568821755856
31.273224506621887
29.612853132899943
32.34986114895452
32.13923324151864
30.957177989772163
31.06507250533133
31.612378543801185
31.294916366711277
31.150084913076682
31.819303926744283
33.4451399250558
33.43833861631235
33.640134352215995
34.02865244141772
34.36615885753638
34.43150210444227
34.23089725778006
33.51480201859496
35.15667023955172
33.34198026356888
37.918078773803224
36.723465597479056
35.28364336931112
34.13369486851325
34.57104824431701
33.259743264333984
37.16585136414841
39.12411018313411
39.922211696999014
35.92305700446188
37.73114263433432
37.035256319298455
37.100267131442706
35.100802894907204
37.747018302274725
38.59012247943413
38.56116638679092
38.93257693866259
38.339498288292596
40.30723466857224
39.59995609858138
38.27337452493722
37.577935771193665
38.945347821472396
38.39433964252876
37.83148229958631
38.697413690133416
38.352017480006765
38.23300320545288
37.83595246135988
37.71212050929749
35.81628427352619
34.48558242494662
35.54191649688509
35.05347930696473
34.293480160987066
34.91363057039828
34.67107950461412
34.65852874033246
34.36885559094526
34.33929851568304
33.89461357236115
34.636827992752316
32.854179828063224
32.35940509292493
31.138649243313466
31.81002244966777
32.29408126958835
31.497701793403564
30.850133916819857
31.0101412709368
30.511401568765166
30.246788946475704
31.802201356284172
31.38713297627993
30.50912713537417
31.648954526853572
32.099117185803834
31.428119778345433
30.06203720588752
29.953765012881547
28.12957904332802
28.651594765443065
29.672309035633532
26.65015982647833
25.541430574156607
27.280221825251886
26.0552121408233
28.78410621272218
27.41808066459589
26.057586974411038
26.136377011943978
28.483737535334456
27.944212471424976
25.4347974259872
26.96302220888316
27.789342035425477
28.55861563400049
30.99866351059012
29.779975496329712
30.47850638530531
32.88413217332749
31.683512097020753
32.97081887741126
35.03264341160423
34.133601459630256
33.97234241646635
33.994582318676635
35.536108732265916
35.14170377966161
35.13040545963014
34.48262633429829
33.451726220868295
33.54707709484927
32.673087752911954
34.82134060734717
33.113807516063616
33.749371095609945
34.83985828206738
33.921297033529356
34.970898322216556
33.756218851504
31.60147577347533
31.90268373563498
32.12118303166221
32.29442597779712
33.06354944114497
32.63247078987132
34.36104122269654
34.86694540977413
34.59664923485707
34.0348702265091
35.06635527467682
33.924999056477475
32.23811899369974
31.83776726777238
32.59657497666536
32.45009723852908
31.863144505023307
32.719995197965886
31.94408611347552
30.744427533036344
31.463090155645663
33.462035798374
34.747087860473414
35.6044266703983
36.78245378940409
35.37720224799398
35.21794385302898
34.98284431063591
38.065105661009
35.9079158164458
33.4967640871645
32.664823670892815
35.8823320001851
36.93006045466515
36.07869580765658
37.53480944380006
35.95026900434192
35.740684067120675
35.925750317037945
34.253699678826166
34.402664511928606
36.290459155795816
35.93735894760289
36.14178504131979
34.286930604004624
34.408831363203376
33.61729753727974
32.11540262733888
33.29099631930552
31.691103276450463
30.91721843173491
29.947492978041282
29.756082749373036
29.34343284014807
29.681681612132877
28.14826246457727
28.43664225043193
28.796486794111615
28.8088714597136
29.968439770502698
29.91554107724562
27.56539640643382
29.82881296008514
26.934728333879036
27.89707446613494
30.285645228387068
34.99527884578049
34.20455529346845
32.751595512506356
33.59200958329001
37.08306081246875
42.0430455022954
42.80685838341437
43.947998167434775
44.870454654698726
50.10485523579666
48.113903933892246
48.701984455346064
51.64630342690889
51.9026189063693
52.77730289236497
48.71401690825791
51.085595069321926
51.22967849160453
51.70286578984973
51.31324593512013
51.38349376566434
49.585948674227794
49.26305684810559
49.858229574713384
41.85116492710462
42.21846484281471
46.84969262661653
50.96792341039476
51.381760397308106
49.46342376556832
47.84029340733379
50.875174024902705
48.753026780470854
48.73891394560067
47.86392439321388
46.55792968996835
42.53851063682393
41.332620264519036
41.63305136158708
40.88389076559951
40.68259797447683
39.87443183580657
39.15399987718335
39.332316645334686
38.85096996644688
39.614240548572084
41.51464099945332
40.0551286262633
45.56451315430689
46.12121092936095
47.444338317079776
47.92631318124913
46.06720041873832
45.433797814517206
44.93859892063836
44.37245118891241
43.240249945247285
43.2878748368818
45.11728948035544
43.428185791333334
42.263758507304544
44.75564391412907
42.66748972556059
43.85877387957464
43.00696661152341
39.95580373933362
38.49876196770194
39.21637096130257
39.60473353220027
39.076061834435244
37.950426702658945
34.382724195093374
39.15783476084931
37.75538683898776
36.53029071084029
37.611383387838316
37.33525316081722
36.16950204053779
37.09083902157488
35.75969362340044
36.7591134725219
36.53191734297582
36.46817923982377
35.729797842333824
35.14913609849657
32.91680273303797
35.3436002037065
35.87817124210977
35.160617494905864
35.68299722900048
36.36958355036069
35.04880417520002
25.88770806476242
35.49862172043322
34.28763068780711
36.574283051925704
39.02516405004929
40.0973177262947
41.94903276037064
39.08306330064465
42.074213671222694
41.95024334879222
44.358843875690624
43.361763221100944
37.49592428547129
42.92514642379442
47.420162702903326
47.33579782885215
45.3076190009736
47.28521912210607
50.554355287948
52.342513930123566
51.88292082782061
52.158727228811905
52.391866768943714
52.33742936663692
52.68800895388831
53.195759895671515
52.38865440961696
52.86829026235027
52.46991355349874
53.175579659688154
53.50382699944306
50.24538663882853
50.000653328167736
50.00006310011806
48.38209276018044
52.47276449509653
51.9312408260915
52.407015535994574
51.703253481646044
50.8657899443406
52.42336619532335
51.543643429099504
47.38116543411371
46.477586066005756
48.09553270457533
45.934864706669686
45.23580644686854
46.19310832774269
48.40624508657399
47.133665728750955
46.07598730418974
46.969555264680125
46.85149555695669
46.904389419651736
46.23999586423617
46.19836307086802
44.27882184340784
44.09554396674332
43.27890242710879
42.3810754922895
42.88896049706085
44.504319885266
41.84856755088303
41.02692850521059
40.68564045893002
40.66115185610437
40.19245572107292
39.584084845779785
40.913617362027836
39.42976055631087
38.345208196354406
38.47887301591892
37.02992103273128
36.789470453879744
36.67117878875807
35.71578789676904
35.61350049109842
34.38134344973162
33.949338902289995
33.188441154914585
33.63095958202945
33.344267476111725
32.70929968594908
33.51687543631681
33.136737940565126
32.18811974230937
32.15246742071605
31.0956665931501
31.22550943274075
27.483905950361475
26.990364157105432
29.229345902619514
30.26567627831895
30.70477764743424
26.925999958757018
24.767000412965274
23.43674929038724
28.008553560720145
29.79862878314401
30.18360409390999
33.32786513293871
34.714254020886756
35.01159516326487
35.295144557712945
37.661193555323734
42.677543502710876
42.836181134289575
43.403358056522336
44.59283499987564
43.92523749663553
43.98966839211204
44.862858301058964
46.239538200115945
46.75696679581706
49.10004827124649
50.64889435341587
47.9307103663439
47.26030373808145
49.760039616010246
49.53604140350004
50.180984690204525
51.43053793394901
52.0246935591409
51.96855612720846
51.849921019667164
52.28884294530105
48.15217222957679
50.76614776386208
49.40711388573675
54.18464031214421
58.38399728806464
59.238441253005874
57.3715880638865
54.771611732660574
53.99784003314733
54.29280360617322
52.41879553045998
50.89453007705662
52.640954797092434
53.26684596294001
52.48290964636584
50.49573998045588
52.832379236956044
49.69555877781801
48.31159213746416
48.15024437457919
51.74072815719269
51.3292480516608
51.51552365739096
49.947333277586225
45.42854414852614
44.82120700875933
42.29373984195205
43.72056628260182
46.04680085343536
44.198939618094876
44.988416894067925
44.46911991372646
45.665056331018334
46.31288173646351
48.64399893981664
46.0941212427386
43.31227905764333
41.62363259432241
41.786824568611785
41.607332045631416
44.709383083062846
42.62226730472155
44.977205175943766
44.41398319401332
43.79051580243856
42.152087511790164
39.28552229756815
39.39580722213475
38.465672303213125
37.75285805855698
36.4684658350684
34.711263860156976
34.69601688620986
35.089267504818906
34.897640859177784
35.24538126355526
33.38454857307488
32.29000142984569
31.566714849013863
30.922871757854693
31.123355024380203
31.079925144921503
32.60306128631976
30.075889368454227
30.435761530947673
28.93046699716359
30.197377166888373
31.13337410728684
32.384901111155216
38.85668367808597
32.509607371656955
31.74688614134601
36.26609328033362
37.47766124030909
41.32679342073926
41.21784207714518
45.64273348610965
47.61112796603073
46.874217933328225
48.7257423390497
48.36357394118124
47.41994572027003
49.67684436155858
48.21973344796049
49.45785218784715
49.786055183502285
48.23530505744651
47.752961150413626
48.900875737120046
48.9267951479394
47.54801468215552
44.656612916887795
46.681164698047425
47.12700043124653
47.047882357059564
50.42443912148167
52.69695497816458
52.67093526204304
51.83979795304047
55.26950322593256
53.27530654123182
55.56017073315449
53.18073348340533
51.066139385611706
46.6116619411864
48.79230969943156
50.23977475670641
51.28771011184837
45.60325465170611
50.4806867781291
51.08913148902104
49.92777110276275
50.50009444204537
48.882175044262226
45.214007860359615
43.92874803970413
44.822746190167834
42.80878399603921
43.27595699087635
44.452453821706555
43.44766659009878
43.24844800583124
42.53377109566346
45.26705409341446
46.93572086871218
41.73316820193385
39.17500804200675
40.097555436186184
40.51345727392166
41.26760913880828
43.561011111881385
41.654246850239545
40.773404011002754
42.89820531319185
44.18173053236643
36.73156428565052
41.11750023087188
42.5446114660113
36.815222701282025
37.283672710297665
34.94235778762197
36.4205764514287
37.14447345657072
35.400389977033456
34.95896494630125
35.69411799096531
35.44829483479441
35.088242922891766
37.550585614914894
40.20071267673973
38.55634428122261
37.43770653606998
37.55906805246639
39.50228311393829
38.6827649760956
36.6056317759481
38.51585709238179
38.008209433563025
37.559491793082145
36.18947627072191
36.175558423030736
36.361641609463334
34.68422956011352
35.64997606233413
37.01315874464092
42.21702259955282
42.582229190917985
43.55398233292681
41.89976160741327
37.388107375970606
42.18999678951445
43.34738711730773
46.191446780203705
43.15281719913713
46.93861952111331
43.5144893061983
45.97054031899381
45.75375340557114
46.59852659130706
48.745183309690844
50.96768974308914
51.189452063257704
54.068866880417886
53.42611708656565
50.89164458574294
49.61497637222325
49.33516640401518
48.41858008334836
51.441005125324295
49.98148330199545
49.790654121728174
46.035085273423164
53.30776821807069
50.4976401599964
44.586205020780234
44.31783433930504
43.79166802824595
44.13970349851034
41.95797025621531
42.82303085892296
44.91989737795621
45.81118262655787
49.280568263079914
49.13487051031794
52.336779814495024
47.96043901158221
48.90310237372661
46.935773344509734
47.4127931644105
47.54790685550416
46.71952048847616
44.80271429529393
44.54971498906231
42.42384998300254
41.354526398443284
41.90993098530595
46.35765348257371
46.292829594671275
46.92898581817547
44.16226022762288
45.91016793557236
44.16661164810796
42.103019850957324
45.26629159233434
40.79144669662594
43.34163576724728
39.55478076408144
40.96998427653227
43.48972135048729
45.1022762046515
45.64864762914044
44.01671704661305
42.09401300079236
45.430236716200056
44.57597156697324
42.20623277934129
39.7856620136115
38.801592701324466
37.25086142156471
40.10390689838806
37.36228945919464
37.15266816138353
35.71036117835985
33.28450371301028
33.05632904084064
35.83113742111448
37.088122508088645
35.520004224420404
36.52588501417597
35.276020479465615
34.80925175782397
35.27524455224619
35.74137986932209
34.94434981801146
26.850305933756943
33.64142192942711
33.391461530933384
33.31130865088164
34.515979462798725
32.194653362161034
32.451316502566726
35.31383141515886
32.4213579975401
34.93836778380211
36.94901417145604
37.91231038303789
36.17647912394773
36.159290708373476
35.01916488643025
34.82524733203246
35.57986115222968
36.11068428401501
35.585286377383625
35.593725206659315
36.26207601380628
36.27318683840343
33.85795875761045
26.107185211369313
28.05998368890664
29.67722009708831
30.436610899415314
32.01529469462713
30.633415729937497
33.557249089808295
36.13632436097572
35.457500191188444
35.62379044194341
39.4389729060199
35.63303734066142
36.833508278970555
36.926174169900946
37.67739999790206
38.83543554886165
35.264018375581884
35.81750178963432
36.12345251824377
37.63223709188452
38.201348888380835
38.45587687710588
33.86196203749182
33.790564302014445
34.800733269010266
34.076805328078194
34.992707298562095
32.413347764498724
34.25538115602012
40.55407301061541
38.62617347741684
38.82233220264652
38.8750882769973
40.714047290774886
42.854830988175934
43.630832092692856
41.61511641556774
41.00860925073721
40.7570156193143
43.210362476438775
43.712944401855
43.56734228647418
40.912939274305096
41.91829322945074
42.57030363245315
41.02161552142718
40.18266085998209
43.44051776672205
41.48210250444674
41.726145748044814
42.829509416235
41.595442488471576
40.36316914419774
37.97035130502877
39.432373840117464
37.80810733593353
37.72861609675459
40.32312096285909
37.67087552197739
29.155971024893972
31.39173228402848
36.270096254128475
36.68732755349538
35.08892357245145
34.10765209939649
33.00701736003492
33.473726152900724
32.46437113585273
33.2726371787337
34.14142171856702
32.724793072339025
32.71169847901507
34.04769427698278
32.619584832044666
34.46000448005441
32.97230934968718
31.762220423766053
36.7604154404018
36.4260719678108
36.54578847718591
37.721314433327564
36.298655224903314
37.266926727581506
34.15645052949145
34.268261672489416
32.40747363693782
32.89869898040155
34.26360574069634
34.03806522591867
31.14504814146028
30.1763137975924
32.38369607003102
34.4322433578007
33.59787304464538
29.474188004297787
27.931005854528276
31.151101102270445
32.39014997486538
34.24725420051783
33.146868379127454
33.88385227332128
35.26253318393924
34.17264378774121
37.133008054041454
33.62920577307585
39.577215522653376
39.168357835899144
40.737977288737284
40.47074192908292
39.534059290781045
38.399461892806926
40.77681145299198
41.02566207745951
39.9018682796592
40.239227258318806
40.800279931705404
42.00740955951386
40.52686999999651
39.332557136987134
41.622928958133684
41.147456286625015
40.802151418116175
39.39869806415889
43.15507049424724
39.23023922490995
39.51885398849504
39.413075329493836
40.126878713814506
41.653920773259074
44.06395666206697
42.71506784926021
40.39504143277918
41.29013449154144
40.03420712708538
39.07260828016865
40.82760220002649
40.96711956664123
40.74185053664445
41.18256261198991
40.88019132670587
39.81374454877846
36.05595268770645
41.84508904679217
40.94122373683996
40.07762160541108
41.64023179214735
40.02190120096458
37.93907124641731
39.42628044562798
39.29996047704316
37.554986667907656
38.97299117925013
35.93425844061892
35.354888991179735
36.64041566541442
36.83302613902464
35.56425052327745
31.400598502568926
30.98373717839911
32.70613126609874
31.890727168461183
31.08959002369562
32.48691211479263
33.04097812874687
31.703257588882764
32.380477838180354
30.857220119736667
33.46459151549345
35.01152215033579
34.85568041520406
35.00379403734598
36.55839295938864
34.89300220109527
34.384605975005684
31.21519888969084
30.868555810846146
32.21622705423488
33.07235558299391
30.94008511720989
31.72077058316637
32.12819629824355
37.40854791217055
40.35133534131353
39.09357937593512
33.84885474082813
36.12495976955955
36.5416674332929
43.25003915085008
47.283347598403125
47.91194585003848
48.25421533914573
47.50808567262874
53.10668029019039
51.42857290547282
49.850479093667936
55.25571342721008
56.46011082429476
56.810873080503825
55.82647659287261
56.891591502015046
57.34501673467165
58.17750881745658
58.481857323392205
57.88813103262186
59.56835335739436
59.01434933123184
59.79092869907089
60.25986605912499
61.27373774483721
62.647538016034375
60.32518734411812
62.43018736879674
59.43910843295469
58.88432329189427
59.25087318457289
58.57087611694206
57.353759675681644
53.24010809828845
52.30633825405609
53.20137973333433
55.79647239240647
59.031092651088734
59.01434992370815
57.578562298339705
56.85910160155612
57.647643956253546
55.39758605204736
55.20030152921874
54.83273291435887
53.742463757838806
53.924790259989685
53.88453345909693
52.32392973989862
51.585731081210966
52.46541680368657
52.908174890305105
52.99930685954387
53.18682212681557
51.15407330084713
52.54639533820978
51.03100490347816
50.01026892704215
50.14235910778058
48.021346843350216
48.02598342002625
44.93484720927568
49.37942314179884
47.9943908850982
46.458862042786166
46.48732550115068
48.05005879161399
48.09644340426854
46.60853565169174
44.91418407430672
44.53315891506486
46.91295738408263
42.63962162406983
43.690468657091515
42.16838101734584
42.063563932347506
40.657139051058664
40.43468135977196
41.61746657877154
41.94020615022305
40.67129262590379
38.816969826974116
41.47374901020822
42.37600836712835
43.425383376689695
41.84791188754383
44.16981283127052
40.34054832024151
42.23076677891453
39.36144881417641
40.234352016527225
40.569195547961954
42.40625803078558
46.03878818713372
47.631962173541126
48.13931437532494
47.011054608562176
47.335353099994904
51.70924408900294
47.57138671543669
47.09886363674997
47.67389992456337
47.99589848018141
47.56556697401915
45.292979999296605
46.786875888928805
44.57689823137794
43.892039616518645
41.02556607457271
41.64454211051068
43.82082544323558
42.191311834309275
40.95340182611058
43.008103529881765
46.199408077235496
43.93183116874464
42.88249183039764
44.7070568488043
44.89917068956145
44.58989909730761
45.07239756513712
47.85967405706529
47.4767156935919
48.76934014801559
47.01853945524848
47.202246575208335
49.5822888035121
45.921516387855036
44.5965793124452
48.69857040883338
48.25092007155901
44.93609143925847
44.89147610106204
46.81736579862729
46.121484363360715
43.930586761843045
42.76842483670481
44.48072535121643
45.399436501268326
44.26680890721421
42.6220500392384
44.24059811515227
40.43681563651661
41.79733321089587
43.481998312773584
41.33188184146113
42.641340294439594
41.417892685780984
40.270251677616045
43.66403083374236
47.355299167367896
48.563803072852416
48.13896457340719
45.81299601799532
48.046971589239824
46.56864864332226
42.128671819425335
43.94502591213916
44.2012694042769
46.24027261302649
42.40300749150401
42.68000100992151
42.768513316786255
43.47099975300864
43.66419182405127
42.4747096141171
41.33998155327561
41.59061755666221
41.01003591655194
40.64578535851712
41.82570147523177
40.15218520676399
39.75847263772965
39.74658426677894
35.85497805332125
34.75684666947723
34.96148918331096
35.38919885863942
36.44961782343478
35.884350611668424
35.04257678472226
35.63767455164685
37.84773309441903
38.92887408917841
38.797305295645174
39.732698180800014
42.4795450572264
41.14455177439203
41.98235029448563
43.78845004129988
42.268165931080205
42.95990893309096
44.57134035686994
49.0709339586341
47.88953096019884
49.69410228085718
50.15147197404599
51.06336478312937
50.74814866199688
53.12874601559858
54.377881444422
54.263014441442465
52.82251299689892
50.845488531072306
50.425432196005545
48.98943223318583
50.184384265364486
50.34964250840336
47.979951988175415
48.534999762484915
52.28593600377624
53.43132386729103
52.67249017941515
51.469162989633304
51.41338620976934
54.37650771049698
55.53102924976848
54.06505260341835
54.02525886636033
51.76970500894983
51.95737726959277
50.14493896233404
37.42106542675924
37.56419602375734
46.3943040134717
49.722221935453376
47.784617971849684
47.186853500677955
45.83704978699501
45.6475932730365
45.889637894866965
45.28592417240503
44.862526027078104
44.918679186211826
44.642650961017566
45.08187521057441
43.56329530180241
45.281861751652556
44.681424482699086
44.20097209742679
42.268513168208266
43.487928050638864
45.431623639097815
45.247496823119135
45.91297442873892
44.30118019249845
44.87785951820558
43.41814915525521
43.843895655601784
45.46053012390496
44.09328642389702
41.22022966843325
43.25735307221311
41.39074068011308
43.441738197803204
42.30911306092611
44.91258772013458
44.13077337502813
43.324123402281145
44.74737217475729
41.486836482160015
42.949225510188
41.33822759581409
40.8977767699796
37.266164109555234
31.11912931979566
28.348637224671506
27.437193636002007
33.105001682497175
39.25544674472786
39.448821234808975
39.04100108660822
39.93504707467753
39.37446646836264
39.40858352678731
38.822241452616254
40.33505922921455
39.71923487880076
38.52016570805341
38.76522116728336
39.73316621921845
30.248072821808705
41.309220194101385
42.51536126643873
41.388732951498866
43.353735057398694
42.69567367882024
45.81305853492063
47.30690418719257
50.09056125226584
38.23810029307941
38.350994535218945
39.9542088231687
47.85524882660866
49.042259832227955
50.3725574373077
50.81280993937253
50.78499602037982
52.22412278895467
53.30358672109912
51.98320390569141
52.04219725638127
53.15246709804438
51.6780231876196
50.98375270072438
49.562714901521076
50.29045094534058
51.119231309872205
53.13005725965348
54.99225331557966
54.2167806890285
52.47491433154221
51.447760171772075
49.52077593633396
43.61971879275601
42.17823379854582
43.38329809321011
41.98445069996944
41.07707703272829
43.69715101456202
39.3056343280687
43.87786385798459
48.106095053132165
49.034365585968054
48.08553710132096
46.15338427433862
47.44005932903412
47.01581348755254
49.717544918387375
50.36917147445786
49.3842464123514
49.568741633964116
48.70560088990442
47.83806018076615
48.000835460354836
48.48092429517828
46.959038260816556
45.36249600654304
43.01474436754826
43.89661627385594
42.56205917327398
42.998803098911424
43.00416795152543
43.23473455573132
42.658693817829885
45.065004473108274
43.85783392055268
40.17856176189667
41.983716576992904
40.705532410372484
40.01236425008108
38.6305820542666
39.05002801445039
41.392730341225445
42.1348898661588
39.46318218994196
39.60811365469618
40.00871693422562
37.52882204397309
38.98786634812859
39.442575220699666
38.11320228962728
38.81156770532141
38.59140901921745
38.60749944961549
36.12806624878766
36.41442873586567
35.588632572855204
35.68746353914605
37.46310191913375
34.66257604681118
36.26074043906925
35.36347100664727
37.70987032452115
35.68712137898092
36.8391474703601
39.877100316045244
40.51363570135055
41.03367643449735
42.15810049289871
44.1244582897873
45.04905285841585
46.2306484386674
47.64415770797865
44.54437749878855
39.84721882798311
51.99029519149792
52.606102194079995
53.81356927747464
52.28721337187848
53.87380740328042
55.08516411018951
52.64365419195042
52.14607606391566
50.75816592993044
50.031354327964834
50.370851039229876
51.46068933156721
52.18031573955404
51.98362248492501
48.92679331896882
49.56137633307718
50.7347144431264
52.42004335394825
53.58255047340528
52.48309765423355
51.60667099318226
52.108329505990895
49.476085159869115
46.50901689151749
46.00257213531336
51.41715087813276
54.97000388773347
52.635454808771556
48.78302218628903
51.577690730777704
50.76867609850797
50.339606757525644
52.2367861280984
51.701426472627304
50.08748905808659
49.597700486676445
47.865339023361344
49.870634658713584
49.097782044981614
47.61422044409039
47.4300076387961
48.68056598204248
47.87800041187933
46.222812622290576
46.910603449598284
48.60413000364372
46.30771572924624
46.49113885881049
47.1518537442376
48.79962399986698
48.803264551872076
46.5653167263302
43.95513501549618
44.9028026204839
43.87277612893729
44.54085254010295
44.88683105961462
42.6209693561683
47.167478678676275
43.80054045916762
41.18927567506216
41.69624450187621
42.85711263943324
44.02397962809681
40.65294148368497
40.071113121496694
41.52479538924382
42.348528927264795
40.960009359197784
38.98347203267315
39.99572652057162
40.37501542228625
38.510715371566675
41.48488230924147
41.037886087370566
37.18165149926642
37.17065550583146
37.5593644159369
39.84385919304674
37.35371078587917
36.9254915681679
37.939390960149694
36.948293519166725
36.374468579637494
37.195908298044515
37.35772511075396
36.528936491659124
36.60810927322905
37.30053909823948
38.65896814456892
35.47688357808278
33.60411075149409
34.33583921730008
37.69719389200759
39.248873621464384
40.858974758358045
42.79701563741622
45.20418035768563
41.085827446350606
41.613420038756374
41.41425304379857
40.80837895545142
41.94345630824375
41.23601703680055
41.448913435360566
41.03057015100609
43.96750145687827
42.18154060410444
42.21928791450597
47.030529579977326
42.10859039747595
42.938723442338585
43.07999038807185
43.092445192312766
44.055313162645916
42.774461000882184
43.65231150383215
42.47032942527767
43.23732143331324
44.38212388514876
44.25569266969342
46.30898923773867
46.97143461750204
46.03752615448775
44.213568703901444
46.12294223040101
44.12933891042991
40.409933618139064
40.78376309985816
42.67040672042617
43.39565711456214
46.17299484490388
42.41098640741046
43.362084383964365
41.99689025161723
42.79610459831031
44.57376800917905
44.838866248552165
43.56644900310164
43.753795852728956
44.48502800069275
43.559452571979875
43.33461099981139
42.18905366789505
44.01032371055942
42.30505951473674
40.01444264160597
40.51582330172175
41.487478591601814
38.69719369428924
36.269716319677116
37.05001710827935
37.65936697075216
36.35824527342322
37.469177383244755
38.222495704024595
37.76896960231625
35.67626747890051
36.374733176344535
36.95913727681062
34.73601455841725
34.016654172839935
37.810060369270445
35.99255941552326
33.32280492011563
32.04045444782224
32.232726034452185
33.45341508557033
35.623342939116924
32.63297448390267
32.07594398918576
31.89145826070694
32.24981879720099
31.797521832696646
32.708198810738224
33.733724608197974
32.735331866586705
32.62583906709307
0.0814538923903001
74.03664611249549
52.00003241764733
49.872132811870244
50.01144928667236
48.8118255221587
48.924965281399636
52.51732067257262
53.16470092099189
51.67885862188757
51.77620956962363
52.64744246547781
52.53009146196894
52.532543638646814
51.30465445976279
53.30192489905966
51.49549222680764
52.11843095880506
50.1668156836526
48.39602103319796
46.215291837051666
46.44226822504129
47.05736563633184
46.990123054118214
45.070039488169414
45.03741488474449
43.816565720066365
44.78950159063555
45.504288278754814
45.09456663175803
46.11323790174066
45.8115659232061
45.007797133215945
46.8191872188529
48.610361335390735
47.180803110177635
44.86074997679185
49.668518692210284
48.169270478788405
47.36184564255291
46.115261284615656
44.28127495957193
43.77580133947163
41.45642856152449
39.47722549781673
41.47366794502534
41.00083312584354
41.24204220983694
41.082851617452945
38.57413906696382
38.30228329031513
38.45616921245983
36.91411804437092
37.05352565073423
37.96118657463137
36.803843687099004
34.480051234439145
35.31718051767592
36.73224590133475
36.506083810810196
37.609688630533356
34.01759170394638
34.13575479428647
35.949101974757525
37.96390380038099
38.72912136526048
37.31068961220524
40.785399292947375
42.133428735146936
41.94456304557258
45.74129847035141
44.92379737690004
42.962560321252795
44.41548832967396
47.132825712079466
47.62917859463704
49.09047786082783
48.394135300648145
50.40147506461648
51.09874943717767
52.956989037039534
52.20615566455609
53.11635200820723
50.627934228812364
51.01776724523967
50.68727669905945
50.68048491380898
51.09313864235821
50.48049972099409
51.21529261943289
53.146448932607825
52.55010005670181
52.68620429380229
53.97832773369465
55.383194857178296
53.80503523173496
54.28567504460011
54.189575245671904
55.25778345875244
54.47012356361944
53.79765865007681
54.702924512550965
52.37668953615116
54.47046076971765
52.33851124651426
51.55536356588663
50.63752328122632
52.05128998348209
50.169390645416
49.16927515007427
51.34675297142394
51.22591574942116
49.939938963068016
49.57220382677492
46.631025460722924
48.47538391560911
48.38699338565016
47.737644906731475
48.108026181450214
46.746253359248264
45.56700212688594
46.404424674133395
46.52861375302541
46.87900886209968
45.34090444064475
44.785789258531395
44.91201518907104
45.09113946484058
44.198091606423304
42.467374831101495
43.32346061158614
40.715046918715416
42.51110672432992
41.67467754198037
42.77043933171268
43.925938870973766
42.244238198309745
40.63667561666517
40.45073347423943
39.5069007234311
42.14408269299997
40.24918939619789
40.52335197095732
43.43976022853934
42.56425055039995
40.83155903917668
39.49435110432893
38.582848584734506
39.187611571830985
38.32614949530597
39.53747746059588
39.77627990620425
39.38894528414846
39.83723101079795
39.863860639812174
38.09960357402446
39.07094223304074
38.71676737627581
39.3750247857991
40.44812580624051
39.29608364725192
40.1808088452965
40.16290895645244
40.11136524478286
40.79272340204017
42.72120864407873
46.64609066642129
45.77519894385057
47.89266489046321
48.32758884199205
48.816335013481535
51.22526438619502
52.749919107071776
52.76686934412737
53.525391267492296
54.02268996629448
54.421713163123
53.460994466513625
53.6234253152989
53.61540101930609
53.17103505095713
54.06058335639784
54.62774063847679
57.48188018640417
57.993393067669786
50.66808771697055
50.943841857982875
50.064776451472255
48.616748401167115
50.300128998083096
49.77512242254477
52.47533398194105
54.404476266180495
53.37566879917665
51.00963737071521
52.256882407818914
53.596423624243414
53.23344249419529
51.68976027977135
51.93064096001734
52.90110740049522
54.45853908587907
55.805518173027394
60.35564203693605
64.05936332982952
61.892797447970814
60.84677703949086
57.310024198809096
54.511613212333785
53.253268011362024
52.14873132095937
52.80279758901179
48.998324818963
48.34595971129062
49.19721902425232
50.209495984693376
51.14506548166338
50.34533597200703
50.374017931307776
50.74296389229829
49.83169459649747
47.556951022576186
46.95552748544634
45.77808416023748
45.775103601022124
44.55265026214988
44.68671400046014
42.4743714517561
44.61686176796093
41.55537927120696
44.249296803334516
41.61428762508257
42.17287988883322
41.8882740791006
41.414261509457845
42.84964564567514
46.38160560229858
46.31416716382904
43.78975601366301
41.7151633235689
41.838203596712276
41.169146165272764
39.130147933112994
39.23255961078786
38.25266492108699
36.250794389143266
36.19999207574591
39.024922835050404
38.129553083264
39.372596065951825
38.361478754992106
38.889002404113796
38.14639135619268
38.45297026336209
38.726523675299745
29.304264834259122
38.846458784143806
37.899166460254605
36.294719904714555
41.521399563476734
37.68677252199586
45.175903525341255
46.569283131247744
44.829368879867104
46.44400333855458
47.81095473244665
46.45650429663209
46.201217786990014
48.74094644745344
47.307066706400406
47.072325573939565
48.429166024696826
49.906552454794905
49.54782273202693
49.888274775279115
51.727166474354306
50.04047142515503
48.99177443212096
48.517998118613775
48.68491773864446
49.121977200193896
50.408687743886844
49.966632104956034
49.72428673958393
49.62379782219591
47.43422542026815
48.534982975135506
47.78995990526073
48.51544938911741
47.32685687903984
46.18507922640521
46.15838580797998
47.62311122910364
50.2196238132251
49.17782934888527
50.370562568172886
49.266361085049994
50.65060464422697
50.45263763935793
47.86054241270887
52.52106614748658
53.28689209791044
52.90152706654794
47.37490413001319
47.05946239035052
48.00108392861
45.35741458413423
46.47945576436666
46.948516175407974
46.210937491037384
46.39027968251497
46.41091306303747
44.55502977969445
46.43937006411943
45.37984159903891
45.22958862249408
45.635375195773065
44.79921231513998
45.033460305284336
42.32192491300577
44.160375274337525
45.58583933928719
43.60438446107554
42.22864016219182
38.4338221699154
39.47563625779583
38.46545604810416
38.50654408897998
37.913009497475514
37.98399776488981
38.0418382875925
37.98675332466928
36.791746616558044
37.63192943637728
35.082552010099164
37.97686706419006
36.52587047663587
35.05062648564899
35.72698550634584
35.99308025026005
34.69091313692485
34.60069696298069
32.61760907899247
32.31352896012618
32.77090988618602
33.06275915652634
32.2746016069305
32.697542269727535
33.82878921780258
32.0443890120568
33.693045874327936
31.961536760496983
31.47615738571909
34.73554755775257
34.17825861262099
35.768329688899655
33.697804458133305
36.4940172722786
40.254844379050894
38.68840189634972
39.63235154814919
42.01252195391805
42.538505560258386
43.84865353104709
43.89664405693196
44.269026695026525
44.55515193829848
46.32033030664122
48.12258652768162
46.16189571286276
46.995434456130624
43.63469267668688
48.011816037670144
47.02115247873536
47.04343547107521
46.386111145048005
45.20410648559363
47.40073608447608
47.64021077937673
47.6963370054508
42.10985682930698
42.025791988235994
43.48276463497956
46.263428300251746
44.40770245525391
42.4487838697803
43.01280402715622
46.5429146463975
44.151218750950704
43.051283929881606
43.61332352758342
42.12106932801413
40.7810224011572
39.790684118274804
40.107536121652004
38.44605910731218
38.59587368711766
39.90835737226064
38.52793017776128
38.965768440025386
37.35197156344799
37.34313417944412
36.809724571583956
37.37382564812475
36.31063531103081
35.85276343664009
35.48676986803764
34.618336585235284
36.282839450977576
34.571184069001504
34.66917822499886
33.9678199972322
33.14005945484996
33.61484784948385
33.78638320246455
33.81313520695011
33.33622521296411
34.968940133281365
33.21473981729497
33.61853300606816
32.129376441154704
31.679840194252847
31.10425509285733
30.991504935157707
30.764870318107285
30.908812579480866
29.822488735943523
29.846958631014957
29.534533590239903
32.09361847500247
31.697426745423684
31.771986584883564
31.87880600503553
29.883412467724725
30.016927768359835
29.23440128592
28.560462487728785
29.857708032998232
30.295381821494743
31.26807876183119
30.53377253114371
28.66675124964945
30.777378524114113
30.1898598736243
30.557973709885914
30.0575670518254
30.461665649059285
30.86324917414197
31.28511028131993
31.112434215401834
30.47844988708937
29.42806582622677
30.543186871576665
32.52541966240034
31.810191875556143
31.780319444968598
32.67710765492808
32.46137612961451
32.007112622452496
33.95425335297614
32.42961668502295
32.50853926921451
32.839132740056584
34.3322828781815
34.043839738569886
34.518463247040586
33.757122638973215
36.22618171065437
35.252415100028145
34.95621158483391
33.51577774484565
34.19524334114874
35.35894907281477
35.46442189630437
35.7178432561538
37.444366367036196
35.92493945189733
36.074570526346974
35.711018887451075
35.02462554570144
34.1169922723476
34.157517733824136
35.51997126446628
36.569840957178485
35.564169801174955
35.2983191667949
36.0251197148379
36.86702648843874
35.61033716733448
35.546223651651474
36.08106117954816
37.30327426508228
35.52117179889052
36.91060389852413
35.99932348461421
36.86754135300515
35.133089149291095
35.329599410474486
35.97564482617031
35.35093688697509
34.64857330464673
34.61113333620955
34.02854103586918
34.58593398712958
34.59224135831187
33.67376853604458
34.80335085792092
35.71562354772004
33.47858127165176
32.72774439772104
34.184233848840506
34.397879628268925
33.39124357187143
33.910018895377334
35.90868458127369
31.813410645903048
31.741216588665736
33.25102523550771
33.28414579053026
32.53723582724439
32.00555972128876
32.841317662194626
32.888498467954264
34.03489287240325
31.780744257386573
30.365181903305427
30.684715630249684
30.12976232805073
29.420421283083044
29.05474417433635
31.052895866722167
29.67738507067213
28.811071042783624
28.509911061910543
30.14990384603044
28.933472210800403
29.060888233890978
27.781256916303164
27.886180631703326
28.76382699001954
27.098218580540333
28.395134684069944
27.19559348514764
27.780934919386198
27.455316129087464
27.666214141461694
27.256646055858198
28.24760870248059
27.90184609464444
27.703480287068146
28.86379445597521
30.691901992818202
29.893690512225305
29.184838299199555
29.950037240564313
33.1202433939348
29.89163291566274
29.643768688502576
31.20734240687085
30.668078828788794
31.816491173375823
31.180141437127304
32.4763558376261
33.69267201494915
32.66484662620775
32.44763769992477
32.3028235218797
32.37877184141888
32.338767870128606
33.958550981846656
34.25103788187903
32.77808114020644
32.3331307858852
32.75146526371151
33.33520833494936
33.54793068206379
33.71895792630505
33.455799277996164
33.01415331513897
34.28436407621723
34.30493817687278
34.30459088226297
33.63925465663357
34.981747015333156
35.76449686469425
34.91533109269483
34.72054778720303
34.78546902067296
34.00994830283349
33.05884565751467
33.09061653568176
35.798468312410705
34.22760292930644
34.9839151223822
32.98474984956596
35.066476172624846
35.19031299341168
33.47890074139423
33.91471144936753
34.9928821672695
34.26529808364609
35.70054381910791
34.253434767059275
34.16578177915039
35.0673520829759
33.28568255423055
34.144032641147305
33.69408600780713
32.529678712187604
31.920257624516466
33.809811803942466
30.855975492736547
33.15738109093218
30.94840796154773
32.435527062187134
31.892019572959327
31.320443681275435
30.38430461257684
31.627050935231523
28.777720338733445
29.822522610306578
29.648198787113643
29.305614631944252
29.025251024620502
29.318505926324008
29.060047187102384
28.391062112265672
28.730459010077084
27.828065660948994
27.6916197743962
27.953345547859954
27.78229664238006
28.310052288093516
28.187000128202214
29.690071223488758
28.116392576396777
29.108643367812363
28.339555063565683
27.545835635025412
28.176215857772263
29.390323866979088
28.969133755698067
30.295256631748885
31.292619857434147
32.73887866697419
32.30039868893442
32.51893041101658
34.27221425113669
35.18428298899164
35.43396187173573
36.4556492151595
34.38233586677978
31.825892980213666
31.32155231602195
33.69206648169063
34.586913730556375
34.42636645421646
35.88806072121588
35.588175480265306
35.7172705559409
36.90839494628972
37.81632268227901
37.762723527441096
37.57875190415899
38.80899549246169
37.137801184014904
37.02464557458859
36.460414302433776
37.73092803008501
36.5563342868644
38.58640050551594
37.992850704306534
40.16190429835092
40.01903546417651
39.55811492427313
38.852641561981784
38.799909120701784
39.842318420790264
38.8417522801297
36.46036299978448
36.8892482890995
36.37659922231251
35.62434002997958
36.14032801181827
37.01970266978498
34.76635922248619
34.37650621345182
35.359646277954084
34.789694636190234
34.54788945831092
35.20977381695525
35.00642456178946
34.005780372315996
34.554619298640546
35.22834177364467
32.40812101435813
32.43933994439749
30.710215472417985
32.13855498243987
32.39559518263792
31.028389138893715
31.613354008921338
30.603822919463084
30.29403254146854
30.16757602165444
31.00346577019519
29.544718080209975
31.557790813463043
32.51830139212149
31.515073843981384
31.72445716525499
31.09891562943318
29.48884275264561
30.51275047599131
30.357707383641298
29.893470110163832
28.781724337471246
28.791952531279094
28.41284320219836
26.817073834060466
27.054100610585465
26.128599009696927
27.120096174185107
26.76633160604763
26.246483024979966
26.093849174930256
25.29268073382707
26.627764731149
25.753244963676764
26.110268894477485
25.853931993306674
25.60137956662129
25.264021591748303
25.714725149639435
26.293185975655263
26.33314926879177
27.084670695388525
27.067077835759335
28.100750959453194
27.73804407476848
28.441093932848673
30.408712369739305
32.00169174466339
33.179672396399894
33.09259061085447
34.72960114708587
36.68846031916627
38.35316636778401
39.071928245985816
38.84495059452638
38.243223626198635
37.17529157873389
37.541774785353425
38.18283398776589
38.44863574789878
38.47254557309623
36.13996593805007
38.2112733516816
37.82120610146592
38.46494774896121
38.501090690720844
38.314629760689456
37.86797185869136
38.70869843006909
35.88000518458739
39.107966357167356
34.86644658593764
32.615293519937836
35.78276725164849
36.37472263097601
38.618515457332705
39.83364811678712
37.46532384262809
37.042538277214426
36.90681987630655
37.045982996481726
37.74620307545453
37.405909107642685
37.03224417834991
37.588274166859776
37.61922984453912
34.87472972580781
35.566551865250915
36.08639820680237
34.68462120580534
34.68089718586509
36.373951005682045
34.340959438198865
34.45152238591129
33.08038548287442
33.27439220482614
32.20274858393253
31.81631388612317
32.77198768700134
34.09612852768265
33.949552096493676
33.55218087079106
33.034683869877426
32.542458967734035
32.070664899258645
31.07356930122404
30.726217141532004
30.18329242871971
29.33899586783599
29.403008695380493
28.869045117586552
29.17363053815484
28.58910812374586
27.761587052516063
27.252581985964753
27.798985739865827
27.13104140331484
26.775246476736527
27.967166445210808
27.530091746567166
27.17083469113544
27.300504938624215
26.10717644456861
26.87731312506901
26.121632479644177
25.89876533301816
25.6243628334268
25.484589573417566
25.099454908597238
24.875314023684723
25.22697984569311
24.665833839485913
23.192953692373237
23.840189234702848
24.90470170470428
25.33163100129326
25.350551170469487
25.503016267532473
25.043015001104038
24.973134526930835
26.175814020892858
28.252111635698327
27.543913981476237
27.801672248764362
28.872623309536436
31.729986678750265
32.848189004322414
34.178319532031594
36.18716528832579
34.90301800604823
34.78332679981361
35.24157865003508
34.803778174933484
34.23763242465293
34.549558885617785
36.8460028965755
39.04936047745264
38.86823527041821
38.75929323080743
39.00072119632836
40.179675410180266
40.45459924939911
39.15625173081639
39.42313766240869
39.377774408390906
40.33900097190963
39.915089822997004
37.467019167786646
39.11304526630249
39.36966756765787
38.59893936684932
38.711811796061454
37.9070291306266
37.52905719246394
37.43135995731541
36.5969546425398
36.62091959021723
37.98187393729688
38.137536536750815
38.50182076821079
36.65380675564052
36.891804596537725
36.369753579065275
37.27380851176546
36.04297040959119
36.13319403439952
35.90927828933263
37.03141468545721
36.286497315340284
36.037174787581534
35.80558551977913
35.38862911199715
34.92756265469205
35.46432906874588
34.40083043285625
33.948975718946826
35.04909945450066
34.0287897225607
33.30564558012628
33.26450401464945
32.77400858477688
31.88014041723835
32.17164344507597
31.67366952862085
31.044657802874497
30.209143378914575
30.45786558383793
30.74800564792986
29.386547488257918
29.116711688887676
28.465353234487452
27.04448419924256
26.986019848315607
26.964765899583142
27.130142186854414
26.74853214063984
24.61999463406528
24.63490195439033
24.154023456443156
24.86055203718331
25.796546193637766
25.103895163554682
23.988825993073306
22.81124509915861
22.84445588146724
22.693662349159013
22.52228532789701
23.2280490722203
22.980982834207623
22.822313021325385
22.91648754925302
23.995302135191423
24.09498673766126
24.042594870552648
24.994552366035748
25.094265747719817
26.100819295947133
26.834425691802153
28.469185580144767
28.545895466838033
28.36519624554785
29.282330054605495
31.08085827825738
31.536743461874494
32.539850274272226
33.7933151154449
33.16886223913457
34.58145603616953
37.06781660757673
36.91300485228072
37.43935327181981
38.86164880652245
39.587880931468135
40.22646431051356
41.62554142957515
42.22304004144593
42.08640569399091
42.33599609561952
40.42994599471467
39.90604807671775
42.357121500213225
45.73863253162324
45.852117297935536
46.872889543543124
47.241188165272376
45.53106591868129
45.82087830584544
44.93210501120643
45.764790676357464
45.59990528907605
43.68964897538342
43.70141053134712
43.72537755823702
39.11158603667127
38.914050065952246
39.28635142312635
39.39487676611553
43.09555071806142
44.0686564268245
47.24029659030856
49.1005589767546
47.50360210628304
47.05245222953374
47.63600418733381
48.72123317704835
46.1792018929235
43.235004194403984
44.149156918749156
44.26496025120508
44.17760492969356
41.641585590493776
44.4626989058537
46.16275054200361
43.64180975198809
45.41679859845169
45.570483112750196
44.45356097880324
42.639886458038575
43.09714148979958
43.060529175694285
43.66691288095774
41.36257440471513
41.20204603408075
37.72614374965957
40.280379518178506
38.12613747628842
37.820193722978786
38.978200146658196
38.47397481386389
37.830918082596554
37.6740927474122
36.47352982293671
36.98812335711591
36.70013812632726
36.65411059593259
36.35721973297467
35.199067715504384
35.87715672778961
35.847972371536855
35.00389305971788
35.64083389888691
36.08518884643411
34.28833191223299
35.15567281756665
35.78491030326393
34.758655471639486
33.67095027842964
33.953202605674164
34.759141854077825
34.09696038936204
33.40450435889437
34.210142000703286
35.10865749177884
35.661720177401946
36.719692754615835
36.65410316253366
39.11822937194529
39.06345842691121
37.4183902098066
38.799837940725524
38.89378025015333
37.18406397117133
33.5474135990691
33.5571247719941
35.09740581274991
35.34165779426445
33.59716235857974
34.50499232792657
34.90274539799759
36.11118571317917
36.1524756499083
38.254065286634955
38.72301183617412
37.421990966867384
38.24862855996162
36.251696535615224
35.63476276670781
34.58466121610945
36.7100006022834
36.43468778339576
36.57825056117599
36.79562835739864
40.38849393247102
42.73480811725091
42.489178775436756
42.1877118390812
41.96593059853893
41.988332181575515
41.52398337401246
41.787705463929626
41.50919243060787
41.532193192638715
40.60482532126548
40.561023948601644
39.843076185056134
40.10790900919312
40.29649511077446
39.14836865099795
39.4862753564783
38.575586955516826
39.034108113240336
38.47332413525663
38.75898988384756
38.14670835585491
38.43463688065617
38.697345588989776
38.1057689593726
37.06733076080616
37.33803258083458
37.33179730594878
38.67464821650299
37.77699100492555
37.58097830801654
37.88370582185905
37.51855172710469
37.48550462016658
37.969069330128036
36.69191979887859
37.29432840181613
36.24560164796833
33.00762885638471
34.69876130533521
34.76026408572881
33.693766217232906
33.36488500662642
32.456648093174636
32.510570092692205
32.511241384613015
32.19122200462476
31.66193172177998
30.868936349257694
31.02221289195097
32.313514609970184
31.40054322473975
30.88152245372555
31.477742244633134
31.137305233756706
30.98708308224309
30.990527062250578
30.782579183324913
30.83592756451361
30.584022001678363
29.929457163831444
29.980077798247578
30.69902631560427
30.292291263708307
30.16371792981164
29.94134448825821
29.294234580858017
29.849275036858444
30.326209712452282
31.039804809315513
31.109619163164894
32.08734078248972
31.668195508504766
31.91693438173786
32.319511729851286
32.695605247225956
33.666193413840915
34.05687348187308
33.77651466271993
33.960657428439845
33.78843959018246
34.93300108720109
34.34382624362854
34.706281935498055
35.05035303697679
37.78466341486745
38.245531046927624
37.63267376827372
36.745675485874415
36.44858819626478
37.64521377657951
37.496434620345156
37.33029458452114
37.30394386917516
38.55750332114064
36.90757049950414
35.8492119482942
36.877257701754104
36.89530500822127
40.19670455325894
41.91218629438159
41.249121901693115
40.40905353309381
41.89339910922524
39.173761869706084
39.39032220085147
39.700787711141004
40.15207900198277
39.87898117580363
39.42956215599452
39.11903243456226
39.514704813865194
38.37904980973906
39.046250732320345
37.938308746804296
39.18067049987849
40.85753677658198
39.59660898382373
39.06438499926429
38.24510085252831
36.963784346735565
35.41745296136827
37.45295918892907
35.67958632038352
37.69934032118584
36.605593810544974
38.641823420702906
36.0374675667112
36.99913658743196
35.11124053085172
35.85080381905806
36.419988156276645
37.428880976579705
36.23239935299097
34.4461503445562
34.73364940518678
35.167271940152375
33.38865946304429
33.282211622714215
32.61385387749232
32.9365726002294
32.6613929472548
31.495102703099178
31.82204301630594
28.929338680082083
27.46367052118751
26.105315680548415
26.697818862803615
27.291850195321558
29.017725071664813
27.289648513212228
26.626516646948062
26.550428465302502
26.623886204437838
26.134230125817453
24.824057819409347
24.752623632084806
25.330236661247454
25.60717444336092
26.28157752384135
25.386082567225117
24.28554173049372
26.039845346155573
25.740186471017978
25.769634678896523
27.145497451728204
27.791032944110327
27.467022556907295
28.71850209397951
28.304955223498666
28.348719007141085
28.343807525381976
29.023936941243846
30.76774863906769
30.729002383219267
31.9111273129285
30.654254522879114
32.451120800596755
31.80223963975112
31.043425616555226
30.27759221341921
31.994091737003203
31.860454031161737
33.313661837703535
32.935094144434686
33.8257210940003
33.128819232487956
31.622821848409956
31.00917983945027
32.368087660955666
32.63619018179804
32.12333717899253
32.432220049945556
32.33923669512046
31.95732120091793
31.603271692030773
32.035292462891675
30.98995007019647
32.38516655438019
32.91995691063369
33.979718277894506
35.452469233409204
34.99351154981872
33.78604919154918
34.83729825692933
32.82877862034297
33.07268535936083
33.499720366722784
32.55130368004552
32.50424091429261
33.848135524373276
33.93010263427419
34.735271680227584
33.558928573347714
33.11014438766745
33.5769716166227
34.15160482706182
34.870636045027766
33.06328781739683
32.47848288803033
32.3304038235716
34.28555793064152
33.02536463422098
33.632313981109064
31.499041010004873
32.13970406792015
31.314510255806397
31.596577742150885
31.127834751228704
30.34717570518967
30.89141953596146
30.161956640741494
30.236856422697315
29.374723420445434
29.995330278322854
28.813572567675692
27.461693761476795
25.055389496817327
24.839547825201635
25.916099183142876
27.89867694170755
28.328399702708225
26.97245878034687
25.687124378924977
24.212211780449422
25.56287521560904
24.674960587372368
23.683937911384533
24.666393788779942
25.427958098209217
24.74271890695036
23.768997169670513
23.653151591005155
24.874152001342168
25.498591667732285
25.144816890327718
25.420259562346246
25.542958214881423
27.94322319018505
28.600892669533266
30.378843642396987
31.550534997894715
35.10412200848856
35.54140956585229
35.417233014926694
35.6697552762667
36.41306154480492
37.4687902882344
39.44672497401763
38.59993935343266
38.241327062546645
39.163890122476005
40.19596238700041
40.01814787580304
39.577810166506254
39.8088327726482
41.65699159046585
40.384832595839946
40.538620154816385
42.17047546354911
42.78369426600523
43.52547918483947
42.924816752453125
42.421861929014426
41.263286573744494
43.02348053092072
43.61734229572414
42.73990423677424
41.74431789144468
40.69289030797461
41.44685720098482
40.65946937506976
40.32405419320446
41.59535148304616
40.216664591664426
39.94055083033095
39.31833380737021
39.99552032528419
40.400857796401965
42.2772350997231
40.68814175356829
40.50125622193809
40.91558941025253
39.7505147523064
42.12609849170542
43.44856337773926
41.356067312377654
42.6785693323077
40.60460202297579
39.17451919959366
40.573588002040765
37.72182569148225
36.847591101676244
37.81729651680496
37.145462450808274
36.34627934581033
36.627888478660566
36.96622993171849
35.538804355488764
34.82849429996753
35.13968237455964
35.24111450188275
36.426700193113675
36.303792909132085
35.93242700679349
37.25228625709144
37.528229022670246
38.783263605328216
39.16105411742478
38.82502339008374
39.411090474986736
36.973253507259415
34.92120504627553
34.376398988706796
34.8939335034251
35.452826806125415
34.4473851855775
33.88090519361009
34.619063802513665
32.57310004096496
31.82636285338458
32.864127984163076
30.170164040990755
28.98709292514343
27.96188739636193
29.843251574025317
29.2162441402092
30.28535908851552
30.917947182183696
29.376021559535275
28.561092532566704
29.625745127955724
31.290669547138577
32.86948433201809
32.79139333288106
33.644066967554295
35.548281491474825
34.84164376855341
34.24021505011865
36.414410497994254
35.09741473965835
37.398236756231086
36.79152926552547
37.663680341512304
41.80049432132546
41.730940614032875
44.402156238414136
47.74095116943738
45.60172655383235
45.40317177580806
46.016411536159694
47.26558930834233
47.89931358741626
47.06957709316276
46.98961144386499
49.044970761879824
50.244400173515935
49.96888925040531
48.901317865184296
50.10518080492591
47.720682531198236
45.1050997040262
48.57835100478053
48.92632450936799
48.57350053331072
45.78583472149887
45.49056441980383
45.46152553282218
44.75938139408265
45.11933306368877
45.8196192939165
46.5650060369602
48.17231641646279
46.47897055464662
45.13479448371521
45.867649106555476
43.99135297048434
42.18216497064668
42.17160933553806
42.56356936506876
43.93816641382523
43.679912470052514
42.024689265321584
41.69234027414218
42.46925780588775
43.9462076058078
43.588298782624584
42.83957439693565
41.25260179658715
41.293215951944845
39.825310757964814
40.68364026829829
40.93038440115724
37.72014488209538
37.190328592132985
36.319792412197984
35.42178047808417
35.44567065011758
35.426838894292416
36.132218733639434
36.424560698925006
34.81767408062842
32.43208358309687
32.3864851714269
33.24576245610723
31.883316142494493
31.852967455756186
31.405146101881087
31.172105618106173
31.617332874076112
30.924164996794673
30.419333677170073
30.307773698264214
29.01736501899643
30.16344492875487
29.67001239730854
29.76473681980258
29.232129088720853
29.145239732754646
28.62979102190735
28.758866837765765
27.99469660494293
27.667915627480568
27.345972304117197
27.068633436423056
27.66591597568572
27.86260280405503
28.380485600418012
29.456261462256748
29.29462841843815
30.067219629954025
31.421802195704913
31.239396377043136
31.865468465268805
32.93946335482394
33.84593907457952
35.96746568003988
36.03258734806536
36.74390129808256
39.019825285711704
41.05719595054495
41.04815588106089
40.57940016738763
40.20069219946771
40.375813800247556
40.11012368020374
41.713776735295426
40.98704202382328
41.19031484981315
40.220238336132866
40.822717779089544
40.95995914454507
42.757790992493426
44.226200855838556
43.9600854368731
42.7502144210946
48.002181886106484
47.84904965325626
49.18515796674046
49.402824596157025
47.644212211417766
48.502166930637145
48.47627166882393
46.56625258793565
44.63399209262349
45.26176343506063
45.29762121613203
46.08551649610203
46.68589341876998
46.871781806948064
45.03033134854955
43.82417888936811
41.59666905141194
42.611334573874394
41.62802662240702
41.59963447574468
40.45036764749092
41.55889471341545
40.06973878553137
41.3232545796626
40.617528539473454
41.22973981832305
42.29151736751646
40.7486477255713
40.923699636269134
41.046698076823475
39.145353496202745
39.39313403102767
40.12904472472701
40.51501502597432
40.401024339062744
40.9666107368211
40.054006772642595
39.0467919547163
38.217586275211204
36.62759756261852
37.733295627235066
38.39456268208767
38.428153716524264
35.05999114784754
33.20228275315077
32.922434386115754
33.31266563320946
34.00252324814005
33.00800820319938
31.548647613182368
31.368556306716584
30.69390238717199
30.050409056563296
29.57697683659069
29.463279224949815
29.596032799385
29.54756245839394
29.478874181420338
29.33029524923893
28.66853456433006
28.769979403812385
26.586123793449644
25.077591898584046
22.701175541758346
23.305634016364138
24.750266538683718
24.69629538539033
26.96701406183655
32.648601211662026
32.86672348743849
34.54696345563292
32.72421711232926
32.29294183784219
33.291051400970105
36.0970578023979
37.073292136411965
37.579348550443285
38.23012176273102
41.962430824407136
41.44684120025556
42.35642130505971
40.7368047000009
41.538987167209996
42.092982311508834
41.120848407077176
42.05936969033922
42.18735783203539
41.653077541199536
44.865348768792046
44.50861651672574
42.42070710109249
41.1971177868611
41.57364189777502
43.76610512592248
46.61597280585573
47.15602147078516
48.043449659839276
47.949394677895384
47.04955005011061
44.5518404682835
43.18619659598387
42.9917009885952
42.48264471210183
42.312172358587645
43.98478673178215
45.48892490274477
47.135339614054246
45.17583460078093
44.70604518884363
43.955914988100574
42.29092293871071
42.74229298731473
42.08194807245816
43.02623622357669
43.1828025062093
42.06093578854018
42.96539568648399
43.68764917537038
43.391640386253556
43.256303368518786
43.31063112933356
40.42108213242631
40.61119971860347
40.82297209790079
41.02976972043501
39.100070430636606
37.095541335603855
36.312670365462054
36.588287490030645
36.01154345174339
35.583775919545246
35.64560327725064
35.645075677447835
34.21805799304457
34.92831109589366
33.707726919023
35.27896310488785
35.48107151057991
35.11463070207327
35.892250220652045
34.513188030280276
30.355173895859764
28.95184714967712
29.584315499169293
28.484138865114687
26.218755539306983
26.12908614185352
26.522633539676804
25.77802650995517
26.742215870114308
26.170275822197254
26.07049267257554
25.32078330475656
24.763333908454968
24.533678768374614
23.661806986005672
24.456921244286946
24.343563080380363
23.87973580995515
23.860959642784508
24.433588023143955
24.40063955776202
24.69712072104909
24.68862662432275
26.289401277962725
26.36467254922775
26.819702438383615
27.011245790655494
28.801846076881418
29.712379748525052
30.455046083431455
31.06305108385567
32.136064049548054
31.9967188011978
32.437252419795925
33.30288008729076
34.448411717879424
34.95351096160016
36.43885880172428
36.62598620512563
35.24151413139617
35.87693460773306
35.737391328870274
35.56672886802636
37.384036615916784
36.865816576280054
36.59517833721327
36.26485945394222
35.172489206424814
35.631790442144734
35.22468510940864
35.47876111445731
35.698114482672345
35.925738716358865
35.59103161852011
33.58606075795827
34.016736121794
33.99041224142963
34.07501254420964
33.84487249206393
32.950018758187866
33.39028068145228
32.531865089505274
32.73173374550345
32.290323269839746
31.473406332371326
31.258500475723963
31.538229506355037
30.89137298021774
30.39218308693802
30.37472910251256
30.08430898609248
30.352429203826205
30.174912562062616
30.83155423967122
31.58025780051173
32.10868789778675
29.968159235252376
29.476539293216604
30.08362115096432
30.14428889977637
29.516227535889048
28.87996969659794
30.506991905398706
30.148615478964302
29.420019420143092
29.091096706705514
29.85188466504428
28.570560359993465
28.369199601433763
28.06756973422756
27.467942674744677
28.57783971050725
28.632590662391863
27.75434832200756
27.017481170707526
27.083696040338623
26.91701144360792
26.21936872820055
24.929396377600995
24.476153670282258
24.666813000426032
23.126577207006335
22.375012995071188
22.980886588999624
21.901882253363055
21.54468886847792
21.33200242615868
21.03969911861327
20.549393759111695
20.265011599056947
20.421751884971968
21.1144455911774
21.21642495001413
21.10782398830662
20.643705869861606
20.689090435549417
20.071506645356465
20.36621879649755
20.497835971777363
19.87511947581953
20.083359701193842
20.78438909804987
20.900302449305286
21.732775514871435
21.81222007544295
22.247103400854655
21.774716503880484
22.44352913148407
22.538583473664914
23.670362218633727
23.932123916927935
24.672098608210717
24.57324640016037
24.868344430591776
25.167564322868202
24.89103851553
26.076030175882124
27.154804703575962
27.805229716779934
26.861691614257097
25.41547369992645
26.07159236473501
26.05220184962309
26.53523765132536
26.866863343326656
27.793818560032946
27.553890487640103
27.284226598807322
27.41725752658806
26.706567959805966
26.085694875095214
26.61027664647412
26.50165438186309
26.74886330511788
26.14414137974603
26.774657496602686
26.155169623890345
26.702766049171146
27.475004332920093
28.824704701302096
28.997887865363225
29.72701072272423
29.707491080590728
29.72676082197006
28.227936784132453
28.43109454245331
28.574430203673103
28.728561607943902
28.718459809126784
28.01561041991289
27.555764234660387
27.5142598537318
27.592799379184445
27.43235085507814
27.00631194241862
26.810377064519287
26.26612096134255
26.292856288945302
26.327061022930934
26.973538068468486
26.663663882820856
25.964619818118763
25.965515809546957
24.663046024048185
24.471728519981923
24.491710067142776
24.38196922688661
23.926678915903437
24.317419129105247
24.330334542269725
25.630217786491187
23.538107761422793
22.637785232260626
22.964748075176317
22.23269035375546
21.869005581219596
22.08872655080836
22.31058316969677
21.811436507506414
21.47692794691193
20.808673375050716
20.441737659513933
21.122084688874793
19.712274628284945
19.236015520310048
19.476394323093416
18.981265431777103
19.54364479684881
20.10958252275151
19.827387958009524
20.125790684241053
20.064330280146294
19.765601337562998
19.86072525702565
18.710650418007162
19.124458100355184
19.334168419973537
19.63645362163811
19.68155082704874
20.181142869965583
20.57073760802598
21.47273959935376
21.263599200105205
21.250316598970358
20.80810288272528
21.72513070588076
21.72803226735232
22.369728833923887
22.720717982228564
23.124434108935137
22.596945726088848
22.528548337288385
23.349665979197937
24.259160871410362
24.155013664380874
24.184339908634797
24.13283263853009
25.13614141523118
24.892824073256406
25.18249256865215
25.008662094964734
24.872700432175463
25.45080011285745
26.246944658875464
26.58061928647515
25.936374183101634
25.5734993110724
25.771758087759906
25.776438095419394
26.201241075288237
26.900090544909574
25.8512145467796
26.327692198650823
26.782723587547252
26.89833945987226
27.19805084609402
26.49269575453542
26.098817576683757
25.80443464706758
26.42390093094133
27.08423429592932
27.478035772678822
27.896294576762187
27.91949896106047
27.472371180211695
27.75426809236643
27.664901060070406
27.610804806388344
27.48967152404964
27.95214914763526
27.7532214740109
27.28026069576913
26.553712599409753
26.186131498447025
25.58048106962525
26.006600209373005
24.967130881931553
24.98756675633581
24.607552390699936
24.930562616548457
24.4210775681521
24.498957442576284
23.875801728518184
23.92093195364555
23.709514776586047
23.735374664013477
22.587450198510794
22.42259966272195
21.76784660267856
21.448304726924732
21.3708205370541
21.440836476078857
21.204193700485575
20.330769077948844
19.888763754649176
20.064507739460794
19.93999778982902
19.618445904217026
19.610967529406253
19.236524738447372
18.97015413240223
18.798362854085326
18.584770758256923
19.052623334737916
18.248918474776985
18.33733065828551
18.73378678969641
18.983439714040742
18.756654048821815
18.57849268784838
18.83716216519815
19.270640940251212
20.25674691035573
20.498048872812603
21.237502535481383
22.18047947858065
23.310457494696095
23.55924377634767
24.108836576901123
24.85908630316385
26.78044848572006
26.883324771662615
27.416474317713096
28.50779934598711
28.350819369731482
28.548461231966996
30.107244020421035
29.99392914277439
30.138796813337194
30.816359333432388
30.59699850458361
31.568383267000513
30.712201710017098
30.877474711677394
30.786862457573648
31.322168847321848
30.90335811597413
31.323659016475233
31.06904380028061
31.987353998101412
31.78525506888161
31.87308604342411
31.428528252997125
31.604732250409143
31.122407863753665
31.090575497989846
29.953663112417246
30.921328006257056
31.164329546469446
32.44062484707814
31.40457392054134
31.618887995291743
30.172274727505282
30.929901639215018
31.25114106324679
29.998871078273964
31.339721072463306
31.51780096552318
31.515184606576554
31.19580069417657
31.955890014458078
32.11503085131176
30.931338157853133
31.235195672957676
30.423011949642103
31.079572795310316
30.141614999333
30.538457266783155
30.661757728726606
30.757137135047174
30.45527790927497
30.158822726019764
29.513623946517725
28.566367053570247
28.667373069524444
27.835040315527806
27.23820718450969
26.45288686319111
25.76116547341877
25.8123080932848
26.649823565166514
25.749086870317342
25.479436902846032
25.796432031420693
24.93294236436833
25.79560088709337
24.592251179404343
24.498911156872452
23.867866700491277
23.579385199712817
22.919662993660552
22.927647571309933
22.836567933522986
22.801999973658667
23.16987558210849
21.614352310602726
21.58009364812517
22.321854386947223
22.109220026162916
21.868353565269274
21.554473761336283
21.64939547174737
21.469032348123676
21.66648475921994
21.648896975247283
22.580948386712294
22.096301706363363
22.576015527260495
23.472404090642954
23.792474789737128
24.558814370230778
26.967024175532345
27.64298540294368
27.751870942809205
28.53249205462737
29.546980250756064
31.555700163587517
32.78300434272336
32.20466118073301
32.374056210167396
32.868905064356284
33.370575744562416
34.53695015097617
35.06939213304588
35.303890465058316
36.98521967062834
35.07705742997052
36.07145556169735
36.513559434113915
35.67572377436875
36.39351186989239
37.39381392104025
36.28867494260635
35.53452517330152
36.67065991505973
36.85714598972163
40.17180690801246
41.608586087793086
41.8741048428688
42.28588454856594
43.628931325157104
43.870813403458584
42.1678983646233
42.31629384757017
42.30996857232566
42.82068684207388
41.283910660012374
41.37254118192364
41.94704462122873
40.39868183229892
40.383200851729185
39.92058241885205
40.9484225035924
39.58367500932546
38.762379802160474
38.8203529545124
38.22248267235801
39.87834794786367
39.27923853222463
37.22030504931596
37.09071218383402
36.49271014064771
36.138480939867335
35.98164927281246
35.07914820491271
35.039939723792486
34.66666683157473
34.553044950046
35.21940271987296
34.591636140902935
34.23539601762698
34.499322115616856
35.138891421867
33.486502102485645
32.003547468093586
32.106970269481735
31.620532675831384
31.82936304299352
32.132696069684556
32.21168859557929
31.898510674490467
30.562994374524465
29.655859088280465
30.48637398957692
29.442014869360946
28.400839890483212
27.5878542293612
27.862426579271073
27.927488682211276
28.323122469724694
26.93654728210157
26.53059684805379
26.627001042182656
25.287326851975592
25.8380073551225
27.768069954321845
26.935861654433097
27.166975110747785
26.688332648122298
26.588985257755724
25.948864181017882
25.79731139765147
27.57955163989135
28.857387521872738
28.587581666936217
29.22364510384824
31.15607830670649
31.16532113641398
32.54593237258797
31.84731435792355
31.877552728036846
32.1106734175296
32.67257175722614
33.410813375365706
34.27693723369737
35.27812135861393
34.84707174679977
36.38359525870135
35.97331930204956
37.22683485807363
37.530110718701934
38.73054725826747
38.55286486734781
37.95256634040584
38.694270485551556
38.234500651723806
37.97371663742615
37.842272449782115
37.38781486138578
37.68773207495258
37.00983269624561
37.26086099383514
37.315928547208216
36.17148224757425
35.699253735481335
35.886358415217956
36.36613305240543
37.84991197984948
37.178708147819066
36.412741099317145
35.98494810204801
37.25135677892658
36.128280561994075
36.417481485249155
35.744384225146746
35.22891387091205
34.7536340073335
35.38684568302676
36.40169331022941
36.20701849598217
35.2736238986213
34.96290508802848
34.59953466928499
33.76900644764733
32.90646657853155
33.434025636199834
33.336563117216315
33.48542205753131
32.820152081459256
33.233351057388234
32.88872975531383
32.37730512008726
32.10094216475096
31.743695196969846
31.36701225004057
31.439388400378327
30.576762164353056
29.988274738238943
30.24596916947064
29.039591125540994
28.693440021866536
28.807092929914063
29.078935840925
28.65922705215985
28.84718123832159
28.765976092623646
28.386346988492562
27.831791356845713
26.915460175226144
27.101307862942974
27.04228813689224
27.13906718859039
27.180489120641653
28.606898003209494
27.071126435779092
26.84419706762344
26.564107682659994
26.384845682801483
25.22424305450147
24.853362931976847
24.687320273716637
25.230743010414926
24.55895980909287
24.733364096078162
24.491939814941702
25.194513232722898
24.468278349514208
23.809969734736114
24.716608947481518
25.96105882257416
25.83124587802422
27.229079173557864
27.123875365030074
28.049054333874324
28.564635356046097
29.782143391467343
30.453144306452145
30.920749265310462
31.980970674853836
34.186082153661744
34.62910412403079
36.54493632107267
37.583655318549894
38.52723378364783
38.26373508965261
37.765072220296844
37.87382502685119
39.108637508918264
35.8908954369449
35.605713344759586
35.43119780351111
35.35302726023747
35.12541509414916
35.59271060085888
35.86436226301322
35.59298152602213
35.814137909381884
35.80501262618187
35.648774956415195
34.98729287333276
35.30384372886675
36.01768636268616
36.071392893179905
36.139568267819214
36.04415847376495
35.81529595075237
35.77839983373799
35.9462294620824
34.58785185077662
34.29261305787557
35.26147807257249
34.40810365223953
33.863239100043565
34.26469170741922
33.73957605402721
33.73637219847796
33.04895680272548
32.97496514740199
33.71420349418244
33.1719502515765
33.256659233419285
33.304641180238136
34.10057537571388
33.279212046633205
32.310144557736784
32.26406364209717
31.926989506787685
31.27745554685721
31.3281311598314
30.87498354738385
30.736861719741945
30.77304499579046
29.970906422651876
31.127602799080965
31.093198843342368
31.21592540736978
32.91585441632128
32.85261840254941
32.90704836336988
31.955239562914187
30.425882746842944
30.466824094417177
30.05433305033739
29.727010234944885
29.334497323085316
29.849248975386445
28.497234911559133
28.07232726609317
28.049972207644032
27.56869819796532
27.57611074149588
27.45936534159455
26.21085922043335
26.09269056466593
25.453313298129615
24.98423027715762
24.50826473620606
23.9223951488471
23.344028791180563
23.887970841816923
23.442970682236705
24.28065145086873
24.327823289486446
24.636157248650647
25.057759756113683
25.48681987059092
25.73820101051882
27.093953314978762
27.532038249902484
28.429058077716547
28.75778799953605
30.006446093937143
29.97978036002894
31.184245476618457
32.00989398099421
32.793593161482136
33.29127048606938
33.839930796896795
34.74342934679612
35.5273131971774
35.99659246154219
35.26339774724093
34.85499050510981
33.38661399741368
34.18079173395462
34.454952582474014
34.02467257867086
34.78696051980501
34.410014253170544
34.03106959461641
34.04945276478967
34.335174170521526
34.39125954970345
34.845702337782555
34.46167312010425
34.75161953448744
34.983604165243555
35.360262206533044
35.212365625356135
35.44569897230977
34.845143545349735
34.28399170475023
33.95712842897477
34.41228594824014
33.859585563426776
33.61196606638569
32.5764033700451
30.817150797134598
31.513293781045697
31.602740620541436
31.57505256600036
31.721662651686405
31.884341847535712
30.810590493599776
30.615286157527382
30.674207782927613
30.98763318780752
30.747832858585028
30.151290345898246
30.553185941843918
30.855149503017234
31.302278058064985
29.27247499980706
29.093768103574632
28.84941043805827
28.61999125909267
28.522435587693167
28.633912211835934
27.42189567961401
27.822626269782063
27.280637930226874
28.07318887055493
27.650368465186716
28.283967373599125
28.59675927851913
27.800410636595075
27.313033201745043
27.713321169710753
27.884031543327637
27.681014254717354
26.359359253824948
26.84098794841259
26.814680254403015
26.46136846566577
26.147046980565506
25.54313394965044
25.32475985118424
25.28653592938383
24.602910517373743
24.697563325147485
24.25516722727872
23.446874949169057
24.10923794809281
22.340120301354432
21.680882559664155
21.57482721962299
21.60969459355698
21.791364475293165
20.967098247683055
21.709187811411596
21.432965348442508
22.074776837398588
21.37921302677961
22.10624996639018
21.976226682204242
22.841575178098196
22.27643756335499
23.855314799538235
23.11654197484461
23.65122409729139
24.316600086735264
24.96386445761459
24.210568963447315
24.515247209181382
25.4331886756288
27.057495950708017
27.780885876037473
27.795390714996472
26.18566036184575
26.948872247000452
26.92376000108402
27.036706261858
26.633232906883677
26.902899951127438
26.709883242309743
26.58462408781736
27.271614066664796
27.306778044551436
27.030910113297576
27.58833086168467
28.81209877440267
30.140290962414042
29.645516552112785
29.920872609659682
28.841250660294463
29.417574548707194
30.19183701635461
30.57446934470004
29.60083938088835
29.56973290180973
28.92893409417737
28.057273109728747
27.187249833313196
27.892375281916372
27.352547804638164
27.008114096541764
26.560747586318087
26.673585138400647
27.427351913534377
27.227391340200654
27.6792419269559
28.769672613092474
29.08581470374429
29.281190413077297
29.67354174589529
30.623022887164005
29.838366423365464
28.782289029169874
28.66367750153239
28.937089644220976
27.84711181383784
27.646956627325153
27.370883038205587
27.160534054960806
26.70702615288684
27.077818881812505
26.66678920345828
26.3199179860718
26.31876627280724
25.337997355595917
24.567319553533594
25.750958476610663
24.624866898556206
24.305972751187653
23.53251866776594
23.5167251911447
23.47356506839924
22.98659092024178
23.014269797372094
23.16278631256455
23.844381700474912
23.200629747572805
21.794800522201797
22.214134191964774
21.946190599969782
21.449603114092383
21.26737305568969
21.954373708193998
21.349243912446184
21.38023476944909
21.094858806480033
20.97578591772543
20.81776254171291
20.838566944818012
20.530919302372524
20.63235668707381
20.121641161212835
20.565233501036346
20.289241554165073
20.52623226076929
21.008366333958463
21.220947268773102
21.211198596497013
22.22957274710842
22.345398135236564
22.757080259454593
22.170682395028166
22.78445899124688
23.4234533192365
23.747181448405627
24.40695013516887
25.55385671816032
25.749599544802777
25.945295139949735
25.666690147986913
26.66018388296976
26.578135522042714
26.90800220229744
26.391812283015042
26.724203847434865
26.225694573855947
27.428729747286866
26.961173715319205
27.36359162056698
27.97339089687881
27.57129964489434
27.48777660848532
27.18860856966819
26.728590538359015
28.10424257271262
28.468752472269102
28.750532675495833
29.156607811699132
28.10510624051767
28.230621269858847
29.089799572459548
29.400275334570875
29.465582812241806
28.788098008006536
29.135820750645223
29.683714904069618
29.564543880944072
28.939887549657158
29.404074637386476
29.633269976396875
28.180981060247756
27.77783102174907
28.41244456291788
28.313488821422126
27.8224119079511
27.635766994300802
28.706200651578577
28.18498797266401
28.859242197256837
28.942793201202054
28.980226357333663
28.324073984077984
28.154204412931435
28.36826386712122
28.232596678878622
27.91999879069609
27.77134864058247
26.90181116360033
26.80959388268434
26.55888937881977
26.69499880270446
26.395418223949548
26.681562602020563
25.82372950683464
25.0745107106207
24.36190307366178
24.87683996968815
24.039268513584375
24.00264192204395
23.080858923604183
24.06491836459304
22.76039693716791
22.73126466235965
22.189554193780054
22.571230952852602
23.675087773034704
21.296547260292357
21.64435415911032
21.639316233061948
21.965881998172733
21.382768376752438
21.360092772309997
21.07182547249994
20.666883841306117
21.07750412867648
22.093906953725195
23.826023505176238
24.089907520529152
24.446353690097
25.214796003072593
26.88287916973195
27.76887034629908
28.777221251777405
29.21336641690135
30.972944565534533
31.81995633607562
32.726617450904484
33.879506411158786
35.14185446003887
36.20534468336098
36.52767808574606
36.34805355943138
37.17330562925508
37.98612311812309
38.174161533468975
40.09719108611705
40.32847464123415
41.10105141186182
41.852667175898375
38.9845733852203
38.120102996838455
38.80980770977527
39.42245732914142
38.8927632374307
39.84769924028498
38.735954952653344
37.84019852124368
37.99075307631472
39.10335863974694
38.76542550631341
38.21240000855204
38.85341583091764
38.65833767061031
38.63313019976272
38.664880721144634
38.202232805777555
38.273516372254846
37.02857513574213
38.49465602528653
37.59365144141055
38.95266023407305
37.90116561906038
36.835858071632785
35.52910164824525
36.40331135538932
34.79946951672464
34.94896219879611
34.80688116951025
34.71969678228648
34.532653343807176
34.36310992997096
34.21348484058893
34.320510857215936
33.8030715264068
33.46275306270785
33.151089465299265
33.96524574505064
33.40190331717969
33.360854544126596
31.52308024952934
31.905261731551604
32.203229474218006
30.885975345913696
31.264308709440154
31.36712185508778
30.80486769453907
30.88399861424461
29.95910227036302
29.36175631247346
28.760109461646437
28.675328266469137
27.860913759323125
27.807160760725026
27.172104002181527
27.25492442626665
27.03081173451625
27.575779949219566
27.122243549789914
26.60094278586911
25.971738752978638
26.050970649719034
25.61407403631108
25.85123228538515
25.31426424137169
25.25784709054699
25.427391287307273
25.348434442120833
25.83663690978767
25.148754018407203
25.237931522683482
25.59887335138177
25.76756776488054
26.799350869443856
26.84873879812059
27.832463047993606
29.938466333457768
32.26202347788679
33.36468456724862
34.77461771210227
34.96594283483618
35.91025140810041
35.481324865803856
34.71891645216169
37.11897713204439
37.9757029407869
37.245933849238895
38.98479008561566
39.97676051971223
40.05969914927476
40.105743393640964
40.40174524811586
40.25339929569259
40.44878300715675
40.79550963397196
40.197167870686954
41.90325653614194
44.19175588423764
42.82673713290126
42.941868474092644
41.08715209326074
43.64258384408687
43.921592767708134
42.5270052174932
42.85702908556307
43.20402254597065
43.222785268981426
40.57518315143898
40.12897005627667
40.34114784424389
42.469846743149105
41.90645300253175
41.510632605209935
40.065562808376455
39.74995400501166
38.87501704470134
38.78016273846184
38.970963635844214
38.06806306741497
37.209559852375335
36.916296181524515
37.213207371143454
37.282299986156715
37.133899215358184
37.05811050712725
36.14665272924609
35.954081779706954
36.142353469730054
36.23685851393125
36.79211010345967
35.92542953248402
36.2834516997121
36.29141664088234
35.27436340854834
34.05175139828593
34.933569848697914
34.1421698019529
34.90559227046731
34.611195583382425
33.68605101120522
32.62358026322386
33.11274061056688
32.10323118345457
32.25297182390136
33.07138514316955
32.168264452493304
31.002128745415632
31.38288467831103
30.620112166846184
30.05987747267443
30.17035125892096
30.113449390718813
29.105219982453832
29.490325600327992
29.069642676061164
28.8579317068901
28.115707602900557
28.087356852107803
27.408401043424703
27.781861111121827
27.068554111718072
27.762036389277455
27.023258758542227
27.339953222984036
26.67370518325282
27.044801859181916
26.838039979785663
27.634549248576946
27.78121330606126
27.14585398876585
28.300244664394825
29.393923658441906
30.599714964675968
31.004984188767253
31.895071558458653
33.59556795740525
33.75181284473598
35.43082301128089
36.22202564335748
37.82796891642977
39.070829936909035
38.701499260799096
38.924164219649924
38.89048051449845
39.46749493159257
40.32351757982492
40.27225326952326
40.388671238023
40.503506101870016
41.34240849308742
41.09599114897469
40.98834979135295
40.8152611911035
41.50877546929733
41.16731106296142
41.28788140520841
41.3134625363646
41.32239976792829
41.11922273376908
41.39703102115616
41.54416602969922
41.501710140473094
41.07074346739809
42.18161081518981
42.217729432434616
42.948868384371565
42.3612131165442
44.615893801283555
43.83785143862234
47.2187333166644
46.239494438031926
48.03056004454384
47.68111101886818
48.780382442238725
47.84125183574038
46.77346387393939
46.069571949716384
41.81530476397404
39.65442466357827
40.1662262534348
40.5690007834735
39.42085174270229
39.600379135430245
39.527705852654734
39.42386343708347
48.04151322477196
45.76028486186682
45.98563278419935
45.582015110432465
43.40738534938646
44.428884996847636
45.13316421101379
44.58592826338566
44.00723438220116
44.158287334940326
43.84939462300321
41.50090274332146
43.514986191155344
41.679654692309285
42.22781163423224
42.10243796329564
42.202121272749594
42.469989225891595
41.92441760499811
41.24209260646603
41.6619772161705
40.49810215973821
39.92360972009209
38.592122342091784
39.5938585296322
35.264768221061445
31.09768683055944
30.80135664889184
31.636007205450483
30.945496812755323
28.99575458582109
29.776454571144654
29.69108731416668
29.888888816703854
29.63927345600564
28.322934804699287
29.032089332008354
28.68712031702665
28.67229415479858
29.87894974003251
30.011361724072117
29.36242161945222
31.142688108136895
31.8672054103302
31.743064573225922
32.81270573731666
32.7153636218128
34.33045521598393
38.005686323302655
45.24919487086606
