2.9431388652600132
2.2787026120595795
2.198998541029805
2.2187325699710017
2.0498804988235944
2.1159553341463835
2.18270460747016
2.425825521710323
2.0769112542504304
1.967291047930419
1.8407291846230667
2.00290311784862
1.8455573010071913
1.8490576747193581
1.8220234799332315
1.874814583519016
1.871058645122644
1.5784735035365935
1.6200178214761771
1.7392304256065223
1.6501407327048825
1.6440383608529798
1.5722641935607464
1.5458542567390565
1.528533045929853
1.5086507433982554
1.5374316337044798
1.5336150733715102
1.4832124346436868
1.4287587765025462
1.3957784425808943
1.3898034606949696
1.3601804930838046
1.302462735315674
1.3358715217011607
1.3011787428324693
1.2485897874621417
1.1638415530932578
1.1373684302530902
1.1328657589630853
1.1425076047972844
1.150641551700222
1.1108227095173886
1.1082008669307715
1.1133597194301088
1.0808209679852723
1.0990411064396937
1.0867332695004308
1.0909691642138395
1.0910507535742517
1.0871149722583344
1.036650902925901
1.0691998295734082
1.0009377420914098
1.0291082936281426
1.04314705146806
1.0684902311286881
1.3026824451079904
1.3364005516629427
1.6240559242828172
1.7784224850069308
1.69181972262978
1.7369280355089014
1.8076204331961119
1.9561487519990335
1.8883000661172702
2.2571662188756405
2.3085976415758434
2.292974159743751
2.3566797510593194
2.5280251542039607
2.5494388860334443
2.5886833150494124
2.542834855205848
2.6958704648456164
2.741027878090992
2.5723786217630153
2.4362699443168943
2.557102175356151
2.6384977950740263
2.5464839300826085
2.4524001303659064
2.4020816457441336
2.4548818883761676
2.4110032077212327
2.4662591758210493
2.481930318401985
2.415049374688932
2.4021137531853913
2.3856644939494682
2.4137879665787434
2.3226848760722376
2.2971797378524736
2.1459019721937445
2.2801143057015056
2.3759655086957174
2.3278391038982993
2.202321002871817
2.3249130434243774
2.0941505340215523
2.116728244819242
2.126352638758994
2.0738102336479716
1.914022886472194
1.8672829296931193
1.9231985142397858
1.8983771508418412
2.0767366996138246
1.884310611700847
1.9797282473551931
2.11407920722052
1.8740349678139057
1.7384915853191767
1.7287252312267174
1.7933560584908672
1.8293390070930207
1.949328655768021
1.913843084218857
1.7583740463349082
1.5138584938600654
1.5035977784132093
1.5014584688685688
1.4903905056234195
1.4391804576380323
1.3376440149448465
1.3888080659114894
1.3737186660096419
1.3395479774614492
1.315880923879662
1.3342856804603072
1.3391719237946071
1.2714290767735228
1.2766471309166827
1.2484343744054631
1.23383468295337
1.1902617457023665
1.1777642655493512
1.1612817407547487
1.137234087506771
1.1216146143000165
1.0670393294089981
1.0169691423055822
0.9970743064904253
1.0342585556698436
1.0183562790776652
1.0706833208727344
0.9698719602159044
0.9787011789796033
0.9959740569977509
1.027058833988271
0.9393700535495545
0.9459009329046663
0.9456221320075893
0.9314289094240422
1.0850049812612486
1.293034485510444
1.310191000526716
1.3415770207003797
1.41554821485825
1.500598214160395
1.563143716420116
1.5326250183025212
1.3838197434523918
1.2347219448493076
1.2985643829179334
1.4140052276026018
1.4885148657744738
1.5411034161791288
1.3827972107628648
1.4412143668778485
1.5036107428002057
1.8007934497594833
1.658820613882497
1.5404592960918206
1.5120483661865989
1.5516916298135137
1.6189374071508598
1.5721390427484054
1.5778462042888761
1.553773143368617
1.796998940521166
1.779380733258216
1.8066188657681996
1.7049926944376532
1.7577366707125341
1.8218561000156837
1.8649745549796228
1.7653143955158237
1.6585660003453846
1.5765891060901969
1.5179219494829526
1.566013343618729
1.566909727460363
1.4976977123368598
1.555062084182672
1.5752208936756464
1.5750980365535843
1.5817066472751293
1.544183031221837
1.5746120916756965
1.5812408411093402
1.5899692789577617
1.5925257910068755
1.5259853103178338
1.520619575539627
1.5489116415468447
1.5349489962242553
1.5092943977074467
1.5128007995170532
1.5125977869435832
1.5052729786979338
1.4787110743822016
1.4582656477251623
1.515340401945798
1.4721925718507585
1.4893932684575895
1.6803843269111498
1.4282760366641598
1.4430249618038096
1.3326701985354494
1.3699090212669578
1.4277437505290458
1.4212418277035435
1.3790940412767945
1.3631467448812364
1.3325834501783993
1.2934282227613603
1.2883972580606695
1.255688176763813
1.2547901126161487
1.232252238468183
1.2384812185447058
1.2019439945596981
1.2495491765408417
1.2291615370514708
1.1780622503001978
1.1794014171876066
1.1482154988163658
1.165090814342537
1.0753386634312314
1.1289088241417293
1.1191864165853482
1.1014471916525965
1.0588657827583379
1.0567153380341754
1.019673584774301
1.013351467752436
0.9902448872707575
0.9620389612696438
0.9875421460921605
1.0165776318347552
1.005455359067068
1.004283042769378
1.0479145108458259
1.0494853250950298
1.0709549257191895
1.0676239013544973
1.024238617296647
1.087139763829358
1.100160775647546
1.0677692727819423
1.127465950119881
1.1787937183641712
1.1822131120726758
1.2364993108943556
1.2306134651815932
1.20623508380037
1.2597372670445695
1.251316828111158
1.2683296500681596
1.3155702599201677
1.3676765716596675
1.2988799263085822
1.3259353765682478
1.3588254009503946
1.3875741301971802
1.3898084753640754
1.3879781067023025
1.3737630635787066
1.4385962979144487
1.4154847632412768
1.4401220760336966
1.4671505763938262
1.4859797444187834
1.461094786329532
1.462296109910936
1.496800569390636
1.4744203184382112
1.4535241941233963
1.4950400022515935
1.4631223791424899
1.4511727020984784
1.4438087766500758
1.4656712299842882
1.5029133464795064
1.5245363837496524
1.4448038100679346
1.4735177307590828
1.4277758716325286
1.4131232123569337
1.422501124244124
1.4466640384203668
1.4345262405079908
1.429814154351424
1.4825423071954975
1.4561129298767796
1.4629219643590459
1.4091289697579346
1.4163866301662893
1.3857435814710133
1.4551451837000815
1.3851645802905945
1.3901071188605099
1.3920554771225357
1.4040500920572934
1.3953389949516628
1.3612984917867805
1.3183088339449194
1.3446098183477466
1.3209769882253068
1.409061905206598
1.3176010607067128
1.270335577721373
1.2582627274747409
1.2414343439799005
1.234266921019132
1.2336779604622266
1.1930408898947988
1.1192942158429533
1.1241905867134456
1.104814391669496
1.0804372238445707
1.0623976335826524
1.0105359664698406
1.0189796294935036
1.0318825255385724
0.9873872555431218
0.9654198703159038
0.9838923344134155
0.977030888182164
1.0148067720321863
1.0238514707347925
0.997296997507856
0.9554429847132283
1.2193374607168177
1.3320845507538979
1.3120659053900323
1.5472241133050344
1.6021855572887762
1.802680493058898
2.0232641391184676
2.3546968816086826
2.4914356167977925
2.438335974313403
2.3446323528315123
2.4764708639520467
2.5497333516569176
2.4687709462826364
2.5103462571836834
2.391687626412403
2.564871347104439
2.795754257510214
2.777901524059796
2.653901284355027
2.6464925032931657
2.7127513971387898
2.8004622575129865
2.785663649476578
2.6867538726955624
2.6132237504493303
2.676632975903674
2.8001533003158947
2.8560614005135294
2.8585494065914445
2.8381117038584938
2.8613132415034377
2.8377505838555357
2.7528517825140337
2.5061688955209083
2.6945749077952
2.5598844362989044
2.532974807620706
2.248802611160348
2.315427527239575
2.346325693862466
2.053760883260699
1.9667339044914791
1.9404480117296212
1.9824958700069095
1.8770587066832942
1.7891796314103858
1.8702442490608309
1.7189906632751135
1.6727539814979524
1.550087296825298
1.644239831320356
1.6193772596473703
1.677998229619208
1.5922699085523007
1.6022075034279126
1.6070444315357764
1.7561667814537143
1.7157778064471
1.6906551572459092
1.588748602408517
1.6938184026336263
1.5896180128847175
1.4872119367863592
1.4412640208562386
1.4197564795698687
1.3948955346187109
1.39010710447032
1.4526803075985015
1.453442382658767
1.3125306448154308
1.3353005924292654
1.3035282881075902
1.2875105704078218
1.3215453458139144
1.269852796535007
1.1555940268652602
1.1510568960607706
1.2000710552163119
1.1952159635567003
1.1692782495679872
1.1607780983132354
1.1773355349758596
1.2050714844820938
1.1225819061674014
1.1075651901822314
1.092538407619369
1.1211418645614621
1.0871004118925436
1.0270953388113477
1.0342039240391925
1.052829559740892
1.0305005871255912
1.0030840350470698
0.9809934791048168
1.0225401442031872
1.0884562330123022
1.1615598016308815
1.349462937868691
1.4655774852920331
1.5051868875481813
1.6304603157476019
1.5729469688854143
1.6879392895324559
1.7270787265989618
1.730019192968253
1.9139907008999772
2.0949920772572233
2.396981387199807
2.2547696150447036
2.305915447242824
2.293827770924818
2.341205163971569
2.16052930508157
2.287451942261333
2.4094300553708603
2.422204396733452
2.556136369106675
2.3705018745154507
2.4469200204999635
2.4739027496624604
2.663134041600447
2.485941463970568
2.5044159098236825
2.603071267729735
2.6313386260768987
2.727438514659186
2.563188822109699
2.5914378968722236
2.6348199578161586
2.434335580055499
2.456885592748767
2.5935762120720183
2.520182263402345
2.4370063702672895
2.552079000814687
2.479573568267718
2.4816381836931485
2.3432870756579764
2.2293039163590964
2.3191902790451615
2.2550985720711085
2.0965475562848326
2.049879094590617
2.0811998928350315
2.005314883555616
1.9735779477674615
1.978958086221114
2.023840105366975
2.0630976083506143
1.8079419449972747
1.7151637222940064
1.694903991641612
1.856909867291279
1.759414383596706
1.9473038371397318
1.7137245832311625
1.7747132727727266
1.8237843829130662
1.731062132424208
1.6983757408884557
1.6621825942839987
1.7204005975505587
1.6879143132630663
1.6504094386902748
1.608606985516551
1.618210262145884
1.5578311244195173
1.5228631212643062
1.5165587941001037
1.4913485253016754
1.5136489100343273
1.4682605556143373
1.4284543220005859
1.3601950770928002
1.2969872257317092
1.3392466911791674
1.3159792528255567
1.2189986412889942
1.179392008364035
1.1901890883545634
1.2631352327505876
1.2087406388605955
1.1964824961385927
1.1365501434387213
1.2029204837539362
1.1886833409977773
1.1883607717605122
1.1494724685953348
1.1339186083639854
1.1833462837038216
1.1708481662348937
1.1886788221468338
1.1730577404732543
1.257223928855256
1.4522210659696773
1.7118719764739825
1.690675254586728
1.8080575913902541
1.9850607063182977
2.1284197149869026
2.259942856224112
2.4739565461919257
2.5320977848382524
2.611439356139698
2.561747983517338
2.5001945365588907
2.691483906665809
2.6444292126849174
2.668110715709024
2.719807751123532
2.6290311633988073
2.508154632943374
2.574460959381932
2.6096828843391227
2.5099323065287713
2.6893375800817707
2.6111757589711084
2.6033965115471935
2.6838745214379585
2.6506447891352076
2.759865311490708
2.6975784414842483
2.6813658241347493
2.78629954135483
2.7912246552210327
2.7508243097068696
2.517647649101346
2.5203738550488515
2.4913906210115013
2.58040223570512
2.5354158000686877
2.4450432290285775
2.441953575949224
2.336580052526715
2.1707581611749247
2.1758620629503667
2.09231261858576
2.1796307012746565
2.1775755888472372
2.126689650275746
1.9738890285300381
2.0397865669273147
1.8434085285164883
1.9336952760774717
1.8521609927672642
1.9081382469673664
1.8508372468439989
1.830818004377608
1.7224164343923196
1.842583734995297
1.9478175010819003
1.6918572406410304
1.782879663938958
1.8647486961498594
1.7727894189428142
1.7309158579418713
1.6323954954158872
1.6079670827470671
1.6295444747010492
1.5635703577805442
1.5404377114460543
1.4526086355395826
1.4995640607053398
1.4452476435175854
1.3868060096650847
1.355127361920033
1.337955477304224
1.3473797416339282
1.3310761387970378
1.2880673221460375
1.2053591451029697
1.266005866954665
1.211309016128787
1.220228316421473
1.1832401241213437
1.197259851710161
1.2060677588235735
1.1427725719840962
1.166493630169229
1.162943913182243
1.1382129711973392
1.133780843801287
1.0922532143064265
1.1160438359734486
1.084156426028211
1.0646974421257753
1.0733388782661748
1.0710751431525283
1.1463614266316426
1.1807825890453576
1.3947102658084383
2.0951409245431174
2.0070398455114433
1.7836535732057521
1.6171713822240357
1.605503989391855
1.6293433636830985
1.9660908001916393
1.7313361147617037
1.7632713913443256
1.6408355924067333
1.8871994579511266
1.8770871674245437
1.8822628737283362
1.7982116269403128
2.014904279122822
1.839366519802162
1.726079843895914
1.599536616460767
1.6622716901121068
1.772644615420827
1.7967391991301327
1.9712238051413564
1.7322522396817932
1.6477091624398645
1.6972576186142778
1.6805804826029442
1.601212793682573
1.5866072349183584
1.6017339987706176
1.63954325442133
1.5841036723081594
1.5889232453407014
1.5370107006610818
1.5884316415497506
1.6710160662676568
1.6152445946400082
1.639022375662012
1.633452391212085
1.6489868510487695
1.5649773961385405
1.5851159742769407
1.542498949198009
1.5542778391991747
1.5752933281670287
1.6115053576819867
1.6101594270806943
1.6588992970225762
1.6414860103145208
1.6010526158616016
1.6104241675789523
1.648974520369822
1.6013718073364966
1.6202611228313912
1.6223173597000662
1.569233065770838
1.5955648681862045
1.6330606359406343
1.7039078769991167
1.6746396778491204
1.6035936344349258
1.6291930274002278
1.6549896819721892
1.5858509162074175
1.6141104198337293
1.51475800764891
1.5053943298924723
1.5192150420983144
1.4723423641506757
1.4253629869906352
1.4571521078480927
1.4012278598605663
1.3800030723574113
1.3476676086842183
1.3688278147128252
1.3486721612513108
1.2714580369713073
1.2257297596831354
1.2061060669350543
1.2089261679502175
1.215415408977721
1.1824623362540234
1.176825073810375
1.2245850877615447
1.218133320821493
1.1704507683080603
1.2048603687010029
1.1410252908750222
1.172913099159841
1.1376306418684952
1.0989113107424073
1.1112164468558043
1.1297976430783998
1.1025145491559791
1.112814896448657
1.1719548862348173
1.2004253494227888
1.2012124324024738
1.1820610536813807
1.2084024630755377
1.259831693496042
1.285199360764911
1.315432995116106
1.3818318812884167
1.4220684078405146
1.4524533306958394
1.438600854125364
1.5271471438525157
1.5875575115214884
1.586774493670386
1.607524258132882
1.5903328973137723
1.5960795831522245
1.6200723648198239
1.6730086931953034
1.6529649159094983
1.604955305077785
1.628483129174599
1.704382170434504
1.6998822141625616
1.7069116279446068
1.6871101812101321
1.670643615727753
1.6727807938295984
1.6691526991278516
1.6912631414365662
1.671209874162828
1.6715325272725445
1.7243661049808436
1.7548212640241225
1.7796628236371164
1.6655957206078376
1.670344399763487
1.6785965143343415
1.5966540045359299
1.7656030619376553
1.6981160830544593
1.7061730805704836
1.6366239034239287
1.733130458019463
1.683235797521438
1.7155351055816623
1.6572223908057089
1.7123289905399808
1.730848128332923
1.6996998060997286
1.681859245952461
1.6932038466366035
1.6730021425199448
1.6786430716546112
1.741458710473442
1.759797019143051
1.7240804213208445
1.765244209344044
1.892758049293053
1.7887373895670344
1.759795317604737
1.760225713491586
1.743353533072691
1.7718461979145885
1.7216090478323178
1.6734470678470783
1.6292993617706473
1.6414600577156824
1.569004125658982
1.4399705902636983
1.4243263056861581
1.3941355300722997
1.3561510627197928
1.2924930712607605
1.2939120532724218
1.2374360658765846
1.2403670847678174
1.2016953521241964
1.212939464249816
1.219666660225298
1.1911573202033543
1.207915316885206
1.2351528290174374
1.2136669970689056
1.1340192340035504
1.106624683709908
1.0573949193480023
1.082597776636395
1.0790934141803248
1.0775855859078654
1.1102360935800033
1.0754958143140636
1.0698422484891301
1.052914597281472
1.0725403433430807
1.0590365902680978
1.0256977450771652
1.0895825054804422
1.1487126480051009
1.1714314652332762
1.215721782169495
1.2325018032182824
1.2512217595266033
1.2947655300376686
1.3849886415573576
1.4198545943237912
1.4380884749485985
1.4305714961304334
1.423417063806504
1.5261413408234104
1.4928326404155892
1.4058660968825125
1.4144160523697027
1.4599781037366029
1.4866966333891822
1.4620184412485764
1.5509151707565745
1.4425153208884884
1.4779749544051337
1.5618860464047621
1.6426420975824052
1.6021143724315159
1.6487061818127153
1.6034663156082067
1.5909194128982902
1.5947759314889163
1.6249797516117819
1.8680027715409016
1.760298883892356
1.6522376804199523
1.6943162638709601
1.6782477923585928
1.8111600311253542
1.738290628406842
1.7427266838182591
1.7556683121273695
1.7836733474836675
1.6542957519663808
1.6665474538790366
1.670499709581371
1.5958468860988095
1.6074218767811876
1.674181765543778
1.6634991149412466
1.6602561706154493
1.5938295026891796
1.5622835823784929
1.5757578428171906
1.5637689149579201
1.4945528558794126
1.5149755104828815
1.5729624865862126
1.5156900785895804
1.629707897477375
1.6134902763342664
1.5432890379442699
1.4952612838923875
1.4683625728849454
1.413994067205302
1.4830353861582573
1.5400550518631084
1.472866430418192
1.4039141240897155
1.5909528165758855
1.3649880257741427
1.3606045269145475
1.3774605040270147
1.36539995483337
1.3046840018946344
1.2526132642323131
1.2389301260685157
1.2001576972024137
1.204278607809403
1.1626895806384696
1.1530683508665744
1.126651758415446
1.1462650551190718
1.142293714030316
1.15032055686221
1.1545887822307692
1.1531723093708732
1.1083961528265283
1.1151443355601
1.091364286776657
1.0407040137114234
1.0531658774243493
1.0518547632509718
1.0263846880309213
1.0623521631959705
1.03189170073705
1.0472973137139838
1.0262681492578534
1.0376906562739352
1.0443772196224326
1.01060862332088
1.0748696794924024
1.0957009620311244
1.094739623252076
1.1191138632123314
1.1573182667574051
1.1586354568583805
1.2082054855429585
1.2087626541492384
1.2461039710336284
1.2735018461468286
1.322295884555041
1.3154630758506873
1.3521413920313323
1.3011302340876256
1.327374450996012
1.3536699766476339
1.312483604340594
1.3182843183353101
1.3564780033204493
1.3604957557635498
1.3488969458414373
1.3500455136477827
1.3695236165261913
1.4026376498766688
1.4443550654585473
1.545882908554613
1.4697461617922631
1.4844651962938693
1.5203456576480732
1.429136531896766
1.4113757156094484
1.5039688123831068
1.4073327235746245
1.3763955846476812
1.397804809448007
1.2823375160730568
1.5055440613755273
1.473465472956422
1.407633313132261
1.359097566746567
1.3337876104266997
1.4014430221151268
1.3810525333319763
1.3514204755846855
1.3786284925997259
1.4065349520713581
1.3261435744802244
1.3852510626589776
1.3880058798548849
1.393975643347268
1.415088083450921
1.3992925219264603
1.358169237777708
1.3582423631110871
1.4463025455434029
1.484423089323454
1.29949482450887
1.2957625873733583
1.3324968369875028
1.3531421694882249
1.3038489709625054
1.380830514900002
1.3313147131983438
1.3117817930534383
1.2739541316845562
1.2090579946788362
1.2030574811906845
1.1812402935091426
1.1698989390748238
1.128417807788456
1.1392040993692005
1.122899518510405
1.0907828086472982
1.0684998268492614
1.0775528172659676
1.0528598061661156
1.0291516149956021
1.0510718196367026
1.061129147173285
0.9916643041727286
0.9328942477079937
0.8793338342320557
0.8934692218449021
0.9305207524152947
0.8933915053031076
0.8982239707945578
0.8865451661423236
0.9272463367753809
0.9393983965396945
1.0309775122824487
1.1408863123037927
1.497889924988945
1.5573304073355434
1.584303491060692
1.7273168777305854
1.852967198867068
1.7782785700850994
1.8688638410944582
1.7804883424046454
1.9456654988577147
2.0790147336843816
2.1396661313794114
2.1582695982162763
2.405570531163346
2.4323416789273797
2.3662952323520976
2.4313657543065434
2.785813870766131
2.686579667809123
2.5015826446776592
2.5121436133914252
2.739869829578968
2.6668455968885993
2.615743332478263
2.2200691820331038
2.37508224031975
2.5718653315470466
2.276987160313863
2.2887993615629108
2.411895647576079
2.4999532973668406
2.6211300698235194
2.4662682387562858
2.6113019794872723
2.6144213121905113
2.5296924358053046
2.4505393033908103
2.2848889323553547
2.2618522907317984
2.2378243396171524
2.340200872015087
2.0589885362097986
2.1381188507386852
2.3481626345306768
2.4113778245355926
2.2614394772720225
2.3478179517458675
2.2017314111240047
2.073184789451585
1.7433120937077955
1.774320477025803
2.1142129652578063
1.7570354885428277
1.5677615963578693
1.5606668601204765
1.5293343851639756
1.552810664746628
1.7441984879589383
1.7169915048123015
1.7308380273216533
1.5876505955128173
1.5880699005269112
1.618100553619929
1.864403271265196
1.7197770481050338
1.6258134889512166
1.6571095499726407
1.4720522810453238
1.5477064178535451
1.4703511544752752
1.3757707426718766
1.2954155093033537
1.263857807251228
1.2380262217841518
1.2364560327064347
1.2012427233952057
1.1685313705651972
1.1616951485172329
1.159030363475797
1.1600744591125374
1.1667301724588335
1.129431736011284
1.073346592869996
1.082741029861577
1.0516521754359502
1.084170440391815
1.0666594768938589
1.0869943157395485
1.0517538535121735
1.0547011010953846
1.0193450137893567
1.0482010220514475
1.003265765173725
1.0207801399118024
1.0555487701062634
1.093050745176862
1.193521188331713
0.9921407241012841
1.0032210678881814
1.0519264999101117
1.0523593375296063
1.7056162622452506
1.786959754264629
1.8968723277775266
1.906752499928559
2.3510893053720925
2.238657890331305
2.187989252679427
2.1340744106871186
2.135607356610979
2.760563300262478
2.8035680315317117
2.7642883323644627
2.5213862214002836
2.2272485133807987
2.205541537829761
1.6293964853479663
2.2126844888226875
1.9747305866827924
1.7102378371918887
2.3868779735134757
2.3768955997430683
2.431472725376327
2.538898609232956
2.6837818084681246
2.6015219505238334
2.5010992070256117
2.5113464771045004
2.824627499313193
2.6667087843299377
2.643189157851786
2.70247581948684
2.4070631625980172
2.522942421143887
2.767218057366208
2.421426535755763
2.4984988290104795
2.362969294492894
2.267849579741401
2.299374238731894
2.279659346997354
2.173428371684765
1.9894646643009022
2.1889469956517207
1.990679641718761
1.986460267796481
1.9132948258873488
1.8128180318352904
1.9261026938491443
1.9484757782066877
1.9992680269456389
1.9972978500102196
1.8416472147113996
2.045444719865245
2.1183226142034104
2.054014672934048
1.9695991984252124
2.133787614381069
2.0616649633248465
2.131363798617736
2.03670909041823
1.8181620185416332
1.7297573967954956
1.730890173135481
1.8332941171891937
1.9741116354827037
1.742910630324342
1.637486991490294
1.5514513565163959
1.5102416165455546
1.525309683847647
1.3481822192737114
1.4895905551948407
1.3172205654139908
1.3042539627984815
1.2777939141661687
1.281979327720618
1.237291431044195
1.205557311858824
1.1907819555824593
1.1308239343778723
1.119435041312475
1.1165753698115382
1.1528690353709665
1.099918226927906
1.1415383023650436
1.1014980311427907
1.0974528776289016
1.1647125946282877
1.1100434697754724
1.09388620493192
1.1204654044498765
1.421424727667385
1.5416772936840222
1.5999560829953108
1.7772778446850561
2.2487368391291596
2.309651395096937
2.0253544479071848
2.1901084731508287
2.138934127442403
2.5253959718225265
2.4923638652110425
2.6488408821804605
2.542163741152768
2.855567677926043
2.6532780602098884
2.561751027243117
2.3470244673716425
2.417893244022613
2.2547379939025425
2.4907917559172934
2.3237141606227896
2.525078295454608
2.4313558393438286
2.51935735116939
2.6180247274815684
2.8865509330796675
2.937942348038162
2.7946904549475815
2.674610827783435
2.626504070771455
2.466404378446317
2.415307093784596
2.5155630806222002
2.614749060878116
3.2370812137296605
3.234721162359952
3.02895643677282
2.831011870056459
2.7037830203955258
2.5465225834040064
2.326286117338049
2.361106376541352
2.3503905531126823
2.5168406466890567
2.463548498664171
2.371052156839919
1.8468066946400261
2.666525715371297
2.1587622249456278
2.1046276882378177
2.2427384691401824
2.1075804667332045
2.014286699582992
1.7250951527052136
1.7897424946396552
1.855276552028825
1.8578057718693357
1.7485100263033124
1.7564319697891595
1.829417438153001
1.8220540622511923
1.7328718665715774
1.912623398062637
1.6795707961509514
1.679263742171041
1.7460905295851108
1.6925674669445103
1.6347633831050192
1.5854181657200825
1.5957611172441981
1.5333722739148066
1.5017311675541718
1.4397994497552937
1.3990810822444748
1.3274652017648125
1.3445202178486038
1.2837251905482747
1.2629492352713279
1.2829724657383135
1.2359240627157686
1.2218691236390116
1.199783291600014
1.1937454841520316
1.123307361096947
1.1168007297731397
1.1393184592071495
1.1180351820643486
1.113524723823614
1.06977460121494
1.0879939460326118
1.0993917711502013
1.0796211424906987
1.1018771041224984
1.079597776457708
1.0802618950060163
1.0762234119270198
1.230070685911387
1.5113184436260705
1.6247968853103645
1.6780213651184874
1.6279298262043822
1.9239895557148936
2.18419635249244
2.169411072109844
2.186970928487764
2.2790117697329486
2.3464050161131373
2.4223715680597353
2.4988514562877286
2.3972358234947815
2.4082643483456265
2.51921704925944
2.5876969264074505
2.3613319164491906
2.47793134901127
2.4033566873840835
2.512843462131677
2.2104106133238246
2.3840847631649393
2.3381038825871223
2.5085369950070238
2.421307563545473
2.5239053025304403
2.58239344966119
2.8937955719094397
2.7678210504918046
2.663254467201403
2.626884844736857
2.6839564553927264
2.6821301039705183
2.6297103383807183
2.79227907122663
2.6105560182294583
2.699406885079907
2.6555196715871374
2.597979641322921
2.37670667334883
2.433895074988646
2.5593514718454915
2.5085130780655844
2.5674697964751476
2.4536741336019277
2.5152532221297395
2.3958785643212615
1.7009021453847255
1.9239643464189722
1.8774117267995771
1.9069257310366696
1.8299878357363184
1.654813021379694
1.7260642253134344
1.7233403888207055
1.7333578575735602
1.7271910898582616
1.7348054293017443
1.808524656980043
1.6207666770526992
1.5929328766714728
1.6460076103449301
1.6219719230164356
1.6578244087070475
1.6326496759027527
1.5808787771207453
1.6137146168661674
1.6203259756552586
1.532583821418456
1.506093850054194
1.445609660171551
1.4156622868661097
1.364738462429406
1.4439290565593021
1.3531294863678474
1.2986940289578952
1.2274569346813484
1.2733479262613296
1.2180349510126354
1.2093968026249151
1.1647059735591827
1.1532939387760717
1.1219732081596223
1.1302495020563907
1.11076784745835
1.1290188944647344
1.1436483566431463
1.116175918436328
1.101915906102034
1.10384416590657
1.0608044049512202
1.0360732888747772
1.0401308953100907
1.0247371176509157
1.0189484469167807
1.0860582828001755
1.3985970209882042
1.5324071203386926
1.5691188880192108
1.7312695458323626
1.7643841668813316
1.720498386394576
2.0582492896426046
2.001448701033138
1.9602771278922482
2.0584766670969077
2.0183084673610474
1.9066631721045966
2.2497679388822727
2.337721771946344
2.5342625518728497
2.5229067114949615
2.061321805480703
4.438050154277608
2.2663201742819186
2.010439549563184
1.8611559279066174
1.9636764232110875
1.6534134941645375
1.6083778031221592
1.7386918840329735
1.6619875666049961
1.7185408751988354
1.68364643264994
1.8756072696964996
1.6815354887307954
1.6080579512661117
1.616722306512929
1.6828992748976856
1.6934997298504149
1.6273985642039919
1.740756873846851
1.6268972127896446
1.6317503616077265
1.5909380941315199
1.5840658164754067
1.5274809008432368
1.4025110005709724
1.4331894904103466
1.3426430957299698
1.322947407859472
1.3366893891137894
1.287807379206668
1.2795842425451234
1.2334338575458077
1.2089204018062443
1.252738817529585
1.2079425521932208
1.1912340254568077
1.1039918410375422
1.0825443168700177
1.0760677535803076
1.0832131536678191
1.091104077892508
1.088185028443841
1.0721679714607761
1.02620622185876
0.922269826904717
1.0027938216541703
1.0048363668005216
1.0007902521750687
0.9679539196079245
0.9774301548887243
1.0486169875890494
1.023369824536567
1.153977972577869
1.1581902814527927
1.1852128769824593
1.40814827127301
1.2454437295775667
1.1596385404321339
1.1496521678618399
1.1957494290553976
1.3165357063230512
1.5422428376886639
1.350842466842708
1.4931170803675355
1.5372870656245265
1.6023967034938973
1.6245666451983238
1.600914279460375
1.5288959496367698
1.7114511149713287
1.5869144902204977
1.570436698150382
1.5540157288652563
1.6369344251214029
1.312187623937188
2.1589189555909485
1.7792461772022445
1.726075795365008
1.6548128037604444
1.6157439887953138
1.8030725985969254
1.6311870784428648
1.733058842570306
1.7171391560192724
1.746870474687641
1.6304581753637164
1.677898168374649
1.5087118680923486
1.6096001669070301
1.688139779286583
1.699807392680075
1.5184283180257012
1.706700563746334
1.5414571908517247
1.4499058655257755
1.4268903388524943
1.3868288375697053
1.433428470109704
1.445317698622334
1.399087773048688
1.3863667213691302
1.3150743737911932
1.385518794525948
1.3565770895674818
1.3482770459654898
1.4301732102013385
1.4184189630188264
1.4046976635119315
1.448891218678027
1.3834226581690996
1.3736307461348052
1.458185032996184
1.4450978146851887
1.3353809993924648
1.3763615733770735
1.3320536486342158
1.3530541625654602
1.367068833871911
1.3284095977386974
1.2844438304718926
1.2777421864075147
1.2877046586945529
1.3088605635412396
1.2475291243379127
1.238963649261989
1.26552397141751
1.2438015032306016
1.2080086705927178
1.1423487101745364
1.1873621248799793
1.1822353045271736
1.1655661549994378
1.0811498283823886
1.0941749241839709
1.088268276375143
1.0752091217740005
1.064210906199419
1.004139924457835
1.0359487674019652
1.0485747821125297
1.0534774883545284
1.0153215823765425
1.0278509279630124
1.0166029421852854
1.049585699129722
1.0745235512882543
0.987550314996155
0.9814251189921841
0.9857792426237942
0.9986993985213132
1.012632554405935
1.0020487111131513
0.980796628624518
1.0215331850049556
1.0235858695299445
1.020501755247044
1.0878710776345017
1.0870927483982287
1.1201630260894468
1.0958012322908706
1.1287179206908415
1.1439259507602066
1.161013307527077
1.0978395035845079
1.1836548668567866
1.3063412820552414
1.303674304282764
1.2993962739865914
1.312620234943615
1.302922114848894
1.370026855504003
1.3934856405584966
1.358653435492429
1.5154602854942478
1.6113617025316789
1.6313836141329017
1.6929186166962489
1.6651872771091534
1.4255987882010706
1.3423745950084967
1.2318730943474048
1.2729502553527372
1.281543889116025
1.3136168914133661
1.3146817059221205
1.3571627695202384
1.3792794502817147
1.4005170508977287
1.3673751240685639
1.3413997700089662
1.3577301957527736
1.4998657472092214
1.4840359543087807
1.4154582742604995
1.38280268274795
1.3877761283729282
1.401989429637438
1.4310512056430913
1.3620871915913302
1.3833848711795937
1.3637135238067155
1.4982109760558986
1.5302769030984105
1.4721492676843146
1.478783463075428
1.4794035753696726
1.505237262709732
1.5102395695337256
1.584895527681909
1.6838751432818806
1.4214404968505807
1.3991702224771967
1.4899261467446416
1.3361770460318887
1.3821804568148262
1.4323908268793368
1.564066702420938
1.3146116064512654
1.165511498143299
1.1832967302765165
1.1407244701028456
1.1619095863123403
1.1713420567637303
1.1323583109090414
1.103540008458879
1.098133191767859
1.119841577159983
1.1016160016779355
1.0693107863902698
1.0479839128040729
1.0038929216952106
1.020751020360455
0.9992076351559699
0.9742632445174502
0.9981184412070228
0.9794561055015476
0.9831899811088896
0.9589634680525576
0.9673083478305671
0.9479688733928904
0.9390813413528188
0.9453083154726022
1.106539781623649
1.2175635786711931
1.2976971735192935
1.3094407496794735
1.3429923712201541
1.3746825329925612
1.5096343616506191
1.8148889436366396
1.8469960684131064
2.2424947217013256
2.2649711255815816
2.153117492744942
2.0776200928305206
2.0488283414832806
2.357386630590187
2.3631680093703884
2.266984292677606
2.5021800941017007
2.6669304925048314
2.609487185588822
2.878155756088565
2.698391623648744
2.59875949847238
2.5665797871672402
2.476846516280691
2.383506514752597
2.187104534608876
2.4288142640301777
2.438093637794467
2.7847437118685328
2.695601593947331
2.602355256394789
2.5828595721119725
2.4286173985017827
2.6927206885585036
2.6427706792978993
2.71025488664255
2.413168559652502
2.3617222360933012
2.402658474344285
2.4619421489363513
2.3748791783481944
2.408167659551394
2.21737558175951
2.330453917157052
2.182165123855042
1.9426281954574125
1.7754516870107415
1.659083362290433
1.737437118812011
1.9035614021090077
1.7535297328637254
1.6419238360563735
1.5761603910722253
1.4616697923183153
1.7316577383177743
1.6738763058836754
1.7252899511756188
1.5411677519369285
1.5615216892790913
1.5785968607800147
1.6694555334672927
1.6215869867865915
1.5714835921134027
1.5411711184800858
1.473964032354434
1.360744788975311
1.4597470364539264
1.2713503239888055
1.2594624875506681
1.2534347532915018
1.2296237532938497
1.2627468784750124
1.2390763393613107
1.4449256906402734
1.33300201059053
1.1764096847442072
1.1299274119597205
1.088815768968083
1.1216927705170556
1.0752111522772452
1.0411872665081856
1.0580407370209888
1.0190751655379748
1.0173705461588642
1.0230566655654172
1.0075303452511346
1.0109068827415881
1.0419894003386583
1.031114407598275
0.9821050309549628
0.9607196326541879
0.9256454703218396
0.9347774613517923
0.9072572299124563
0.916740178906944
0.9454723920243662
0.9447077908711935
1.0764048812108515
1.3123786689878714
1.512678983549896
1.504067675757446
1.7979525537114875
1.9598754110654277
1.9221253711904944
1.9969144981236477
2.049775569376919
2.0230393909811717
2.114497968176925
2.3419699114096546
2.2841782269801154
2.1498752005434207
2.3378842041019627
2.1799593662392582
2.2340927402517723
2.1001412947391724
2.350733722687398
2.3846592428708133
2.4480906656065713
2.2893320264475703
2.2547004446575016
2.356024135088966
2.5606732841976907
2.321228393079283
2.5033953237739897
2.439294072427518
2.5130631874236062
2.328916012981703
2.407903906863514
2.5303992528154162
2.432386876314341
2.1740242022553504
2.344400317362837
2.38447338136814
2.5034503924014566
2.467447780082958
2.332181569129648
2.217230834972614
1.9927767773254192
2.002373168384806
2.038023833999486
2.051837173280543
2.0634376531442924
2.0586420901058324
1.9637282944627048
1.9394308474105382
1.8173514394889474
1.8757171876678072
2.061712992104215
1.861002350370384
1.734529004553161
1.6700296050294159
1.7454310383319662
1.6151157195254315
1.5889534461601638
1.5901450935049517
1.5299493036828615
1.6077438192008757
1.3786650910467266
1.5003860060706813
1.5126737618855022
1.5142314308787148
1.4899444767482741
1.4490063816116021
1.442683214105389
1.4186964783592046
1.3922427594935805
1.3398156869077862
1.2985980316109258
1.2991602221852163
1.270093263234933
1.2235771956247798
1.1981984828876042
1.2230445786405308
1.1476588541058528
1.1298541450662056
1.0672376111135995
1.0984695778131124
1.0768899061846084
1.0862730406772607
1.0913178688024732
1.0589363072219395
1.0611436129758742
1.0438526724985324
1.0255298080021047
1.0031740818356363
0.9779334559784325
0.9785406297170534
1.001434806175684
0.9789130552412608
1.0033482107016165
0.9792270324285401
0.9880349312354278
0.9827935926056733
0.961348305822322
1.009954671699441
1.1411372618609756
1.3477179614690187
1.4662535188114874
1.7495990835251896
1.8118851762667203
1.8560678867612737
2.006123701659317
2.1047018596840945
2.0385161338856874
1.9618399381425076
2.109180591185418
2.1779558118703397
2.189605565776405
2.113877099099953
2.2908663772628706
2.0850120629480333
2.081787880556989
2.179408078395301
2.2610309081535056
2.1965102554263636
2.138814567652266
2.2851571349124677
2.3890767995547075
2.2919963925891143
2.250710235111934
2.410973173459778
2.50872182655448
2.3771852236238735
2.5848431416588773
2.626361041886117
2.3395132107688714
2.301255581345929
2.295487157479843
2.1330439376888006
2.170530200667315
2.1814877447879275
2.2129357263493405
2.1120654042671108
2.2411738214395407
2.531921115727016
2.3961656776938227
2.244616683554345
2.2443736678863555
1.7719312142363284
1.6732553000100476
1.688538608379629
1.6882528193552029
1.6200631808676118
1.558139314170058
1.6133780190650568
1.6041686725393647
1.576453496482891
1.5428954739414353
1.5577934678873542
1.5678627921669868
1.5917093970187182
1.6004196859950677
1.68368183389174
1.6356331321684698
1.6137059991468656
1.4952587452879404
1.47373252935334
1.5360991371215078
1.4766709704058054
1.4766295681244765
1.4462535363554998
1.3888519920216698
1.3699934927215334
1.4314109699338424
1.283992505977864
1.2818576450858914
1.2250158757099536
1.1775085094017834
1.1791390181875034
1.2623940031836736
1.2075787065729156
1.1564018044215358
1.1526547564989518
1.172571830665846
1.1297711003518136
1.1615170855816754
1.1379983976851469
1.1117566011195212
1.0909443451154313
1.0551927334853404
1.0674486553117333
1.0466771734170304
0.9975158377580693
1.0098755547799871
1.0250429098509306
1.0108302562224172
0.9583985090917536
0.9685645443252083
1.1150260847438525
1.2559760568804925
1.3137976314277742
1.5328472127458896
1.3547084514369445
1.5427014926867368
1.6549608377022007
2.073450884165635
2.0996606598751923
1.9284659891022213
2.121813548219823
2.207748405518844
2.284527600332212
2.263610343620773
2.3399451364096917
2.2358355044394034
2.2451992763634534
2.3163781010007187
2.3703991034225744
2.335548579685145
2.383716919891545
2.3549443275119484
2.6652747306020452
2.811894003173834
2.511812073867801
2.602804754847754
2.576905400487261
2.4784427437641217
2.495748460926095
2.6821172827215567
2.6453156419007717
2.5998258232444904
2.659432130264023
2.564266901037787
2.6891183933575915
2.4466378569811553
2.2297476349503604
2.575867826541165
2.7154513693964244
2.010498320346558
2.0937624077205235
2.006270852888988
2.061009982119391
2.21109405985428
2.1049695228428154
2.059863316378346
1.885864291577273
1.842934255262692
1.6459102622057604
1.7847540612507908
1.7648468854058479
1.6675954826077959
1.6679074114283725
1.6065017616116004
1.4975659132230967
1.5299696524863418
1.4729972916418512
1.4468038823119787
1.4095604692077637
1.428492262884533
1.5686771200279432
1.4857399022980322
1.3793522989749218
1.3726291927018721
1.4388773903967582
1.368682126375891
1.3902793236693571
1.2998225174187787
1.3283332678566844
1.2647668608870908
1.296308139873146
1.2523429539140063
1.2108366914488617
1.1477864293376918
1.1753543876318446
1.1737880555917872
1.1422318288306095
1.1044789716604342
1.1133006746268734
1.1239137119016736
1.112347292466233
1.0990375408870003
1.055117727237212
1.0490521810115292
1.0239615864862803
1.0300724224595048
1.0631307685830413
1.0275319505859188
1.0201389223719048
1.0349268089461536
0.9915024930719899
0.9653257757158932
0.9896041670607485
0.9676192914879862
0.9808195009871742
1.0374980806281815
1.1598111436908103
1.278074594168579
1.1308856830482847
1.3665676570347383
1.5319365100544862
1.5276819470277492
1.6481409538338978
1.7538839082930422
2.0308428228741344
1.8804319488960388
1.946678513717228
1.9362949478330818
2.019630524986983
1.8859539911613987
1.98993785563338
2.0986155744739965
2.2276625757488113
1.9761638134759305
2.131896434608522
2.2592612787973674
1.9957580574217586
2.1728813233889137
2.1056027801963197
2.3329014830291164
1.9884129542211606
2.3518929718812798
2.3820310556542643
2.410557482002893
2.3224169088156557
2.2427896730237435
2.162378158069535
2.024519656503201
2.004754342913293
2.119872560035161
2.1355720273951824
2.4051480789804867
2.351957608056994
2.272513683771193
2.2312291383193354
2.390936797941099
2.0880984660552104
2.0802805798672197
1.894476875387695
2.0129658737515
1.8732406100131767
1.7044865635989856
1.8274747961270672
1.7612032298527265
1.7226838431330902
1.5897599757827696
1.5345216487456697
1.5309327742471273
1.5989374796677711
1.5659236076706358
1.5422038015652484
1.6205047384041453
1.5682980793133274
1.5755961019855689
1.5106266333281284
1.5664202079838865
1.607611316239889
1.4225842262126036
1.4407269592267338
1.3912424224547688
1.320840031906879
1.3039061339191862
1.2450173068752048
1.270335250357946
1.2523976060114783
1.2156919788392502
1.176261522165992
1.2234742879505793
1.1802863058763051
1.164231192219868
1.1790813506968156
1.136648861662768
1.1017008641511765
1.0653167614448393
1.096669604388554
1.0984786693192135
1.1052961637283987
1.0795070587696072
1.0837375509856202
1.0705577481624469
1.0960417176316757
1.069749774177985
1.0595791617037447
1.0808533251540886
1.0468211742967182
1.0172197385131483
1.0982862156743167
1.0680864939207027
1.0318348049703507
1.0234299569898062
0.9952743169271647
1.0177503732278688
1.0571352450032383
1.0365386486296282
1.0259681019801001
1.0817362834120652
1.0816951144050828
1.0648472797926893
1.0966841933060714
1.1052881078689285
1.3607496296357673
1.548256669965381
1.3353721714970879
1.233720207994994
1.1417212247757769
1.4318401216843666
1.5369212605904274
1.3111568466279393
1.3441842198480474
1.2878236089913186
1.3379064325958967
1.3667710648159528
1.5303746663601872
1.3148556037774977
1.2909384861945676
1.3619852067693075
1.4014147567161266
1.2572787498222038
1.409159553097511
1.431748039411852
1.483873787081759
1.461501847475444
1.4911634829110054
1.5226600817930154
1.691657941051696
1.5744176695300856
1.5455154142872911
1.5530922697358727
1.525724625131369
1.6732968241406596
1.4826487869909357
1.6271107539386038
1.5873203970062788
1.353265538136986
1.4512768786679326
1.514570941343935
0.37751735778120027
0.9724535795311168
32448.77097126092
2.0305723762275796
2.6818592826543526
1.3349871043978176
1.2217546133489303
1.3317610401687523
1.5231826778419177
1.508767891215693
1.2360867768321175
1.357003661788748
1.3631758641094822
1.3059531502785666
1.3316073354591091
1.2249301758764763
1.3816097700213934
1.1701449270245328
1.2223645484931651
1.1159138125315171
1.1579805714460372
1.124910227441493
1.1105526730596607
1.0874749515018516
1.2393726662712579
1.1571749293422922
1.145730772436285
1.1160872638745676
1.0465556845549675
1.0785414869853147
1.048372468841675
1.0389729609057203
1.036076074743749
1.0131631398809653
0.9790786593391572
1.0299397383342161
1.008565072877126
0.941734645696828
1.00642948138421
1.0236236060139994
0.9853542822153876
0.9622671423724667
0.9972064832862907
0.956719805409508
0.9350404667222405
0.9278286997360217
0.9182042322816668
0.9128958183006981
0.9308855485783664
0.883033363729604
0.9256990576051686
0.9246272495662283
0.9142105305980812
0.8857056831138476
0.8687842750256043
0.9012467473196162
0.8824100061999804
0.891432324518369
0.9066355750929024
0.9240458346867272
0.9637506940398329
0.9537258891519265
0.9698284386738307
0.9675996547283402
0.9982016298851024
1.0619439740907006
1.2058829934302238
1.0408777006687993
1.20422199136118
1.1400227629720798
1.1966961836217067
1.1727413996847627
1.1748315050327458
1.177523781163389
1.1484791676831563
1.2094695427917315
1.249317690003468
1.1708619082241356
1.353876891843965
1.2679856338833724
1.2290787600985866
1.4157640722236127
1.479182351004517
1.2684066594838501
1.266076362468305
1.5026378248280758
1.2633308442892512
1.2300467834552076
1.2187756248090986
1.26881627329112
1.3631236450256934
1.2635302445457974
1.2494329040969667
1.3207097387614162
1.2223905256177021
1.3085085625872932
1.2916707807356296
1.2547989874991867
1.3177041112196637
1.2337648649625879
1.2080707820491567
1.379387456459561
1.3329573735070024
1.4383442356009746
1.26772440802356
1.5475608514969201
1.4683271716521908
1.452957359428636
1.2772415767933496
1.2968320705441072
1.1970302107593933
1.1147038151188178
1.2765771030823772
1.3832405335557727
1.2377869868776268
1.3288235560274753
1.3344179731348642
1.3824603914786806
1.1334790639348897
1.0047994349461724
1.0416876470953527
1.0860348312655541
1.0570793444515578
1.0263517966595648
1.0514598644657747
1.0101489060208888
0.9341667589125241
0.9959621223270475
0.9618878896853056
0.9781113320656327
1.0148109689715523
1.007261106411693
0.9736903519981702
0.9025744420111909
0.9401351672145626
0.91030981964122
0.9059890824127597
0.913129088924138
0.8671322841581695
0.8424184171350333
0.8410893665962794
0.8165350062559993
0.8366275657539878
0.8214667299723231
0.9639527802931515
0.9226026109592355
1.107953835044747
1.207820583779995
1.4569397138260232
1.5263433683551983
1.6597187581448423
1.8972951952366564
1.8095909621755897
1.9748446746923214
2.1471573934070007
2.224130495708202
2.219224328651935
2.184924996495304
2.1570563358171158
2.3264603340350076
2.191921583660988
2.2343420337640065
2.1751571620102625
2.294705997435917
2.306204459921826
2.3419690994308566
2.4622275603498136
2.5829164909547533
2.49221759973915
2.5420507742477576
2.601431810130272
2.6581113728697323
2.4505413075638813
2.6021272540323563
2.5357279138066815
2.585136735278757
2.5537017669069564
2.504637204561454
2.425031814911068
2.471067534507094
2.382936948079381
2.393709165176405
2.493756250500683
2.6391915912339154
2.324113173695892
2.3003688556891566
2.293338271770249
2.133776948359172
2.217147485697723
1.9997316819814455
2.1942925800768007
1.9374692545054395
1.7337356237480772
1.7098192746401235
1.8022929573472808
1.7932570857504955
1.9131284465278084
1.772272628815544
1.7036781734369204
1.6308686961658883
1.638955939849962
1.547738209472971
1.4294694425987444
1.4605727063497593
1.4791902677107889
1.5219695895321004
1.467818772080708
1.344219964950168
1.3688094586807196
1.2825579736280044
1.449904687177003
1.1929877389395858
1.2279035305455357
1.264585599769148
1.25035632429326
1.2140830255702637
1.158010492782378
1.2173541593227946
1.1297489503108393
1.1621776083514888
0.9724310982899633
0.9677898160212797
0.9603854099615844
0.9089462263975678
0.8995544071329805
0.8769516554391033
0.8774837253729497
0.8860071458702002
0.8490202653058054
0.8633963681571046
0.8646042521410512
0.8401758299043272
0.8497138197808946
0.806529530154967
0.8295092881963211
0.8130123751026339
0.8214762289985216
0.8341169404674822
0.8736736605769011
0.835653694809158
0.8455935366182786
0.9730870653049427
1.1189771126826298
1.1860692770420982
1.1589099272433865
1.2683261753764088
1.3635776969782765
1.485204773060587
1.9973341322109728
1.9160241287404258
2.0043365326606053
1.9263018778215442
2.1899512692926377
2.043330342063604
1.9849720035346705
2.187849862209681
2.284367014524013
2.2940325488098914
2.3127975946035626
2.310349927065682
2.345344542206484
2.4173426786577012
2.3215303421180953
2.3577147867819663
2.371281261480818
2.5541594853702683
2.3184283001237342
2.614601349521408
2.5471328338152115
2.5528497533662526
2.5168414458996216
2.7345494207943215
2.795763952720623
2.6286595347940014
2.66245653246396
2.459555656883164
2.46664681152473
2.382300239889057
2.525994015069799
2.5928081693501426
2.5057227141998197
2.4429474936665314
2.218964101519784
2.3121307284503003
2.146411986039257
1.936016548086032
2.163212322832227
2.315161127417691
2.1269015822110102
1.9208234382949272
1.9596529406802123
1.9002454969905898
1.6664979776021605
1.5850719774820141
1.5967945284823046
1.593457454294625
1.5294143455272342
1.5208886743836343
1.5222026411682745
1.4695404178525482
1.5304630786901197
1.499960909456467
1.5255930706991467
1.609844592101552
1.477703321501104
1.4003868756048516
1.4559273280786413
1.41399511673101
1.3948560529965586
1.364920994309297
1.6737098965330075
1.4790141179734213
1.3193431441542183
1.25571537500039
1.2414032736789704
1.2191219810493197
1.1745551546980197
1.1550114811513195
1.1718654810792295
1.1630890676916255
1.150572288156421
1.1304333320909732
1.0900967274054787
1.0680451589086752
1.0560121926345043
1.0936020031163278
1.103005980793423
1.0414806379324024
0.9944441471902441
1.0050552514789513
0.9938255815196089
0.9996239611152943
0.9698169451328149
0.9330461792532907
0.954388625896112
1.000500283457524
0.9617071984986264
0.9545779605003755
1.08979730339895
1.3832717365355034
1.5507651453166407
1.4115300763649585
1.5920190949332602
1.873195828359064
1.8439297016708394
1.9743568415012633
2.0997795852706447
2.0802726848652755
2.143189181097477
2.1647015418884368
2.1379202941485547
2.263055459853606
2.157124328935563
2.2543346966446856
2.170001370092241
2.1052092884715172
2.325181838921637
2.392324653823407
2.4028884547404195
2.3415831176898356
2.3482702933478503
2.4448401547693877
2.4021992628266924
2.383271945622586
2.379878807119048
2.5182965580858805
2.437540287089004
2.547690955605229
2.7178848879581636
2.523149798829204
2.262325306093222
2.297982464276226
2.342549281137385
2.4870585895794775
2.2837825459092147
2.3008210809788854
2.582847214879081
0.23504277525134903
1.2347340438161576
0.7275278309293397
3.480597928754026
2.1864724261033337
0.2068154399082534
3.6910042816698114
1.8702572305089165
0.7155899338904126
3.100770638932426
1.7052629192971038
1.7458552712646296
3.8350331914430913
1.997910263690498
1.798835320675441
1.8147508315007614
1.7628117147841875
1.8181119006972117
1.6767733866440482
1.662558709265292
1.7146310458529708
1.671227463517001
1.6288947135155059
1.7194396307809643
1.5617802829736929
1.5195648634505514
1.4909859946227875
1.4678382769868437
1.4730117725540892
1.3519778762036734
1.3256026154714686
1.3817930138642054
1.3825309975926272
1.2872491052189874
1.3123655808499777
1.25686315116237
1.230295476748934
1.1940809385858555
1.1617614325437666
1.1392655359581056
1.1365182369724602
1.1622452289119618
1.1305913589277126
1.1029178925617371
1.1322736171214143
1.1542039957128787
1.139464618901882
1.1153424722448162
1.1447873937774509
1.0999070831174487
1.0742543269256883
1.086740663490883
1.1066367661358838
1.1191771158301398
1.1017861640876487
1.140875217543402
1.205736439546586
1.363171360349368
1.6108856308858286
1.7773111029916542
1.7348710026862684
1.9127934730127116
1.9536534330543733
1.8448221296293514
1.8138139141791458
1.8786042493594317
1.8981210457679742
1.8971713325915722
2.0647787403605182
2.442944822641943
2.664040339660152
2.6836632250278223
2.394043414941006
2.378411695239396
2.371021532811993
2.535209663493107
2.448352772954333
2.534841054648316
2.5085249427222553
2.8351057685818417
2.659442020085239
2.5923546563448747
2.5035555402054
2.5898007712806175
2.583629356668898
2.5490621095861328
2.5502000161139047
2.3309855457092543
2.4035760986942454
2.2861906148242714
2.5017719818142923
2.6187094798447266
2.766339269206879
2.630032019166374
2.6749696247351675
2.2137371754143587
2.2030198644488515
2.2200868644855944
2.147742775894519
2.166109118454097
1.9160687307470226
1.812849527371831
1.9497977802863264
2.079830562220084
1.852551542610334
1.8345186437447525
1.9811112475129087
1.9228882579761477
1.7837545310338654
1.6643413960404385
1.689381313760135
1.6928093619854447
1.6693985140845549
1.6518959000364515
1.711020536301238
1.7156887877980032
1.6027915088413807
1.6089013466583553
1.6402475976600768
1.5463105767041156
1.540672537610122
1.4705194980871383
1.4566638932340876
1.477539920377234
1.4702110433316056
1.4553961522724357
1.3513179691446502
1.3181594500221319
1.3008314320591101
1.2762641931331338
1.2803864993646397
1.2296344857480388
1.2180952777374818
1.1667657473240554
1.1492876696341572
1.1048857499233224
1.1324497895399759
1.0993914329736685
1.08855821359716
1.0487569209979708
1.0701687570086535
1.057026848015413
1.0462464205544486
1.0465140085579179
1.082296386552569
1.048844339483759
1.0820348017886103
1.0507741543497804
1.0563597735812942
1.0531616673729887
1.05423010396216
1.1889636003797435
1.4921128430495123
1.5394989712333864
1.417306373945449
1.6603667313027701
1.8975780862361482
2.02984942379687
1.9755800223958426
2.1535385497765103
2.181090483886876
2.4444954335502405
2.221874488893971
2.3427314713744996
2.328078301679578
2.1246367793092356
2.2431310103842397
2.156231736928369
2.311613164472942
2.4027070003767736
2.2915776903097753
2.15716854339063
2.325869801635164
2.2135337994905577
2.1534690548638884
2.1923589451636585
2.138460043386489
2.151227773725336
2.354591456000274
2.239143736739599
2.393252455913628
2.3994969402085964
2.33828125384171
2.262080676786301
2.3934047206285802
2.34411429904234
2.323875409025512
2.312966949418176
2.1135130398656155
2.080364732781116
2.20066155877622
2.2043992387932634
1.8699991852547866
1.8337424341424469
1.6801405035180563
1.687530471216198
1.6088732781536437
1.5715066595758662
1.6271388682145425
1.648892269872847
1.6418914554468633
1.673689706119246
1.6826229923701814
1.6504420577936167
1.6688865366548362
1.7256594650924306
1.6829825463856718
1.6870026334757349
1.68837038252756
1.7477913464620032
1.6848749516487256
1.5948294308954867
1.6561687856387741
1.6389521433334044
1.5849237231629372
1.5900192732254352
1.6577942142159263
1.573632423381919
1.5377819807460824
1.4096419837293002
1.438199985628958
1.350274095374095
1.3094035380090316
1.358713048542483
1.3297036712991361
1.3405682348773684
1.2943814527523296
1.2688337225083242
1.2613705496405934
1.2034419218734254
1.1772828750259854
1.1846015188442722
1.1383868597152622
1.1290631740716741
1.1397617457632734
1.096069385575082
1.11280381077966
1.100210114754105
1.1270825915152496
1.1324986894538671
1.118446238267776
1.102922379007351
1.0949710960374226
1.0642590169744952
1.0842642462712602
1.0660776117940949
1.123167565579786
1.1332259686221244
1.1321803356620932
1.1053126905668682
1.1068378413570392
1.2069219567389713
1.1357017584834292
1.5231406912991265
1.3862806705092523
1.3496123366271755
1.4418006461837625
1.4016501076975565
1.3282498968460041
1.4101003811991204
1.4615293094780304
1.4431334005391285
1.4089530361594322
1.482297141193166
1.4640029089528797
1.497833083860518
1.4900624693889881
1.625439035175566
1.678608069710124
1.49471617173688
1.7232400835495492
2.3494793345346396
2.623685320743809
2.212512598102355
2.02060123678417
1.9900435731653348
1.671936516489281
1.6971409289279509
1.7243406458829562
1.8427360101266466
1.772146131611606
1.7010898224390865
1.8128939402370219
1.7297755514426718
1.557933913304659
1.5917458734877903
1.575805471511978
1.6303387924009547
1.7012959910184056
1.5062440100726362
1.4307331366845533
1.5351201507088206
1.4253517536082636
1.4165103766924416
1.4156013296189418
1.477488176994925
1.4118042857419437
1.4764020266959366
1.5060997301608325
1.506030367955834
1.358507176617182
1.3045993784347487
1.2991006793790492
1.2600344142616278
1.4308130420618774
1.3845950360347066
1.3169448335996345
1.248136704962069
1.2899522156462324
1.2037228114430962
1.2430310922969254
1.2106868590315771
1.176233674461972
1.159391950954947
1.2066808641678906
1.1567549765110354
1.2331161660501713
1.2661292548950878
1.0913695700123964
1.1430485894485924
1.1146356549027923
1.0812027973978724
1.0691090604352147
1.091119491651442
1.0686017094901892
1.0202164663600584
1.0224588134976973
1.0171619305853605
1.006117765398344
0.9982823589410201
1.0074542554800696
1.0639061559871879
1.132692918387815
1.0573303286126836
1.000246161570072
1.028693301692771
1.0269777055715694
0.9969936413287899
1.0880486490095527
0.9447293424189936
0.919903847220238
0.9183008306130459
0.8791866422547272
0.9094309463068042
0.9334034050049526
0.9426137067156253
1.0128354998511224
1.0173378800357564
0.9803572692010166
0.9581034031215429
1.0012190798809768
0.977278061705589
1.0540271359749633
0.960917537537192
1.0109522501232515
1.03464438853219
1.052927229762939
1.1259611012656903
1.0885889420029906
1.1907325396890984
1.1343123211665294
1.1468900070970485
1.1042668859605673
1.1822166137961294
1.1226324096770888
1.1321482853096148
1.1936701612821934
1.113412315283616
1.0982994301759785
1.1329488271745543
1.1508857573765974
1.2022822639466162
1.2742070158957572
1.4078839642905574
1.2592035709554175
1.2448769771290566
1.1790641447219739
1.2697489600351965
1.338757557325433
1.318541161152875
1.252107432948185
1.2421768688768036
1.3886946229235455
1.411493273239805
1.5535684292951875
1.5611978007532923
1.3688038137893628
1.3556308075030612
1.5567403538816893
1.5276105703453176
1.4469277423851088
1.3317118752845336
1.3426749674605125
1.275758378770858
1.2861669762210715
1.3668384624649208
1.23244541310505
1.2476315125789392
1.2793383947324266
1.215758592293479
1.1999298154772506
1.237203548005159
1.1649193804025006
1.1236687053283645
1.1168344023514671
1.2259308500081205
1.360312466923886
1.2541879048717735
1.253998849143822
1.345358737507146
1.3059379052847724
1.2717456383373538
1.3152410254703293
1.1512797128262868
1.2068698671073497
1.116150421378507
1.2539085861313621
1.2624767688779444
1.0763583766056841
1.035793180907506
0.990050013741684
0.9729178347985147
0.9626840752729858
0.9711050278742852
0.9568497020417618
0.958096648361915
0.9814771948622463
0.9692977080838072
0.9735112899698561
0.9317959894009002
0.92149361012249
0.9718354549463328
0.9217203906915876
0.928256858029632
0.925828425628722
0.87774277471112
0.9002422684293073
0.9142678755149554
1.0272189120649287
1.1892089881295753
1.3784382831071407
1.5569306509980918
1.4352621978634499
1.8074897826709442
1.980871321981767
1.9273137198963028
1.9608064671110563
2.1537439065398596
2.0835765701447557
2.294571243362763
2.399162075104202
2.4882921877452557
2.526304451773822
2.358221109779489
2.3897356165964423
2.2895891899354037
2.2858174562734934
2.2456299560643447
2.1831529368240004
2.3059124269099778
2.2531521180833436
2.2494494887912975
2.3320935045196687
2.4368595071189407
2.503776463653155
2.36465894379534
2.371503875449383
2.447184722360832
2.5092551140194543
2.507234321604729
2.582787028284717
2.474184424252172
2.4186288201273864
2.456337119820067
2.5311635508108896
2.3544394932908084
2.1037549792933055
2.0614034480755876
2.0166566478726966
2.096083178862213
2.0025167863042563
1.996745734981948
2.046179728626481
2.0071734231842577
1.8186303859247845
1.880630996274217
1.9013197813977625
1.9624321391712516
1.8412185548803304
1.7317183336510904
1.7365816823227889
1.6026730226150707
1.6407879552789284
1.5621003207985704
1.6379555225289937
1.6462574307207436
1.4710703002633794
1.5494351335690524
1.5024845033543903
1.4601377741394466
1.3788881609369248
1.433770548945195
1.4963498800884771
1.4275173042192024
1.3559777871123788
1.3216721220963132
1.2806925166978904
1.2781484789402142
1.2661855335520278
1.3260035020291945
1.3188220305675156
1.257549104387241
1.2560978122605884
1.2222868044741209
1.185826405075822
1.1499786337694708
1.1236057238008945
1.0959631767217568
1.1050800686052349
1.1367421337015755
1.0712139025851823
1.0482481881621695
1.0471991356015853
1.0452601835235134
1.031426346712179
1.0329412671654923
1.03844591438103
1.032876443560148
1.0058409819952496
0.972157980996308
0.973004422117839
0.9627346655239161
0.9584569052868995
0.9735821490038222
1.0979390612450222
1.2040846644698955
1.3857268952699864
1.5003970290210051
1.6056645589979506
1.5817140496699074
1.7269774980383925
1.864410165774044
1.9150281364702808
2.0453611383402777
1.917889846185889
2.090375206027304
2.027171146410215
2.2297089966487307
2.317372381485251
2.22183995956939
2.1584608727196244
1.9990283338796604
2.1251350673568523
2.1239901679333433
2.2712374550405596
2.33640455982572
2.348121788842064
2.3523359362605896
2.4109080980049895
2.567881702971018
2.5006851142227284
2.3647424256711362
2.245494478511891
2.5713503932881636
2.310960775717374
2.5335321631051344
2.631754527029037
2.4575143947973754
2.2596419152898646
2.3255783016758227
2.4214964299072133
2.5202461486670367
2.227815612205198
2.410217506820683
2.1640933824621125
2.1144168956679796
2.0704541431254357
1.9337349787938605
1.8318600439094912
1.7565781918116896
1.6201047812826952
1.7159173218578752
1.9186381520681501
1.7066926154080033
1.8785231033879923
1.864082024609734
1.9251724199587812
1.8037232441425748
1.7003595540887935
1.6672681267257103
1.6270728903732214
1.5868403821519377
1.588904834377218
1.6457083465133155
1.6280984265547314
1.5159688710335948
1.5323496146386495
1.429674588791667
1.47243333923682
1.4402468557179695
1.3714993517231033
1.3637809635788143
1.3088574503883503
1.333569929939793
1.2989421046114205
1.2969473821052444
1.2202272262700518
1.2155061574522277
1.2219170010736964
1.1605185108743705
1.1637337879046699
1.2079986695630025
1.1388604730493301
1.0929027058560754
1.1286903179880314
1.0912398245657122
1.095577509466315
1.0362455883662214
1.0341242722104147
1.0220986721881853
1.0213498913572865
1.0279948183740537
1.0231162325667444
1.038379989371428
1.0120175867158467
1.0103817027608795
0.9729751291915227
1.0070412214094209
0.995968932785646
0.9773304511530395
1.0898110962957261
1.2017826577570252
1.4741078562641208
1.6034376015395437
1.5484757445316168
1.618446126253017
1.7960766197399156
1.8901160518575666
2.078451764526801
2.125500687669001
1.8829404472628672
2.053387196484489
2.0324712202643864
2.0217099563346883
2.313605447888133
2.2996748148169934
2.1520813095046436
2.131626832443439
2.309287771811771
2.2464785092024595
2.121849624749577
2.167587435917416
2.412979903303469
2.4459889345860617
2.356992303363098
2.3350396364374486
2.457887402668774
2.4386447822505413
2.727686717087735
2.6409504272019464
2.7006917602365625
2.684857857603978
2.6354738309295707
2.579367122913196
2.5878186112437422
2.2795577764832844
2.4547572027597564
2.5446803835722234
2.2921252163806494
2.293382108383313
2.152417956015654
2.046576026550484
1.9161775605875495
1.953140178330839
1.9192495171437394
2.217924254970854
2.015905828603733
1.9488496538045155
2.146094608998417
1.9818070638998138
1.98697046055275
2.197582521850171
1.9149772917821846
1.6718371491539752
1.629172887025007
1.7634513104952163
1.6155827605218311
1.6279595503360058
1.5629982603631172
1.5960577252784767
1.656613099765011
1.6875481885845403
1.679623505391964
1.6459509573342215
1.6376044920977573
1.647661032108314
1.6132944971261463
1.6377531649641133
1.5913579135598375
1.5622921028387236
1.5239160537055656
1.4924902175814045
1.4145883072666279
1.5114121197724644
1.4531068184957225
1.3620554333345791
1.361419190892874
1.2897190338099
1.2372873181582793
1.2391326198439103
1.2541232597375895
1.225790727495536
1.182868653494012
1.1593862864601199
1.1404194497131503
1.1294345875524
1.0950494897082546
1.0966204017050982
1.0630913484792497
1.0848984536139439
1.1051400277699899
1.1017993105005288
1.096010213904011
1.1145064960102777
1.0949096357742385
1.0979606267245416
1.2029112973545153
1.2797047417712637
1.5322912237280981
1.572394442360202
1.8430914349284797
1.7138800898529953
1.7925423014725836
1.852932428857634
1.9853247263097142
2.0402302418425777
1.9890456932654117
1.9933263393864378
2.2420891467117414
2.0783144728154976
2.3168884751339993
2.2707496539093497
2.2828047394624593
2.4119069435667866
2.7336547859721496
2.759912819348977
2.4591628926021887
2.467016848831391
2.4410621367191303
2.254536156762891
2.241153777393668
2.4189092129242384
2.5282277217308096
2.5773601034515865
2.5023991339746043
2.3996726254773497
2.4903715033572063
2.472933350336878
2.4691907209677675
2.3383092614338143
2.5692942915536268
2.3053934133271508
2.270728695688205
2.1916867971627787
2.28170116648923
2.316307805151153
2.24851742465614
2.1864417597944454
1.7867130982443498
0.8177046859447294
3.6331280431853226
1.4802390531780838
2.620329975759344
1.6880863287374899
1.7953136614820089
1.8619780082658324
1.7301294872365311
1.7011992869652277
1.696672123388553
1.7474799491083017
1.7418377911041996
1.8646423172553548
1.7850866067695519
1.6648383987723803
1.736408356892604
1.7066095125767082
1.7462800050010865
1.7356553589298722
1.6874681184800306
1.6519732027705587
1.6219739974579779
1.583501778753115
1.6811111061399102
1.5187757063443328
1.532579270717851
1.4641946726792479
1.436495625436994
1.3814172183095612
1.3920680862060506
1.3307886342600455
1.3077394582293753
1.3052065585030308
1.2643935708477738
1.2708040949571668
1.2703397296792587
1.191411590193341
1.2568352881632139
1.2413480745111074
1.2518398240973065
1.243188456973897
1.2364839421425464
1.2123157558000575
1.214954033172194
1.17525774142478
1.1890278913718069
1.2202961429095378
1.2065881550391067
1.1915594176254345
1.135261086117379
1.1089283099226377
1.128802685021026
1.0117530045014536
1.1419183639977804
1.3353664663137725
1.3466911351413704
1.3952334424027684
1.4959312313919664
1.61262668330325
1.7905257850592302
1.7743202852373445
1.8927344564548618
1.9563211024212321
2.0968884098220215
2.0594667239974305
2.24755354051157
2.0570384747635346
1.9805051640007214
2.0599976093344257
2.139748626006909
2.0133545334809337
2.170676136233867
2.0583637274112845
2.1465935468486697
2.377874615718294
2.5146632363473556
2.340818861055567
2.3820615818934368
2.381662825114655
2.517790326956265
2.4200948726151883
2.6200833216357893
2.5717067287498
2.352176077561211
2.3806754740461056
2.4663161178198565
2.348006740600456
2.1136788153773773
1.919040468715694
2.1018263376821786
2.0970409053650574
2.215244845228607
2.2103907995722603
2.0615828115592376
1.7595419167876423
1.6822341325083097
1.7619494042785875
1.792578073149748
1.752572781608432
1.7242301929974573
1.6392621676930235
1.650128915189442
2.034252056918835
1.8084937974929753
1.645007086983061
1.668471925994522
1.6936146428093568
1.6556954655103933
1.6762703658195002
1.7677855259646555
1.7842259397920328
1.7379392893365486
1.6831134285692833
1.7253742542730965
1.711042066517536
1.6587042366950255
1.5355582420520728
1.6418812130606182
1.6359052830239327
1.65525819090034
1.5541619909209325
1.4770467837762116
1.4065755840606036
1.4618674339016198
1.3627098358253187
1.3315167869907607
1.2986654148693761
1.3879555802896029
1.2692639312642093
1.2162239906363024
1.2367005133180744
1.2339916203366539
1.2248977912872214
1.1993761592877619
1.153754669997832
1.1673732659415308
1.086894328817571
1.0954254621746518
1.1033014959531504
1.1024244342534657
1.0960467928675122
1.08101868910423
1.077452848892712
1.0742200071846923
1.0653110759971811
1.0399402149738588
1.0498018812491308
1.023332195359458
1.0450714140867552
1.0777400252500178
1.1159608734893145
1.0918098950648536
1.1080105603772061
1.1436479263466945
1.1745998923759344
1.2064841948304534
1.2013223233075006
1.1781542101582538
1.3292580179891953
1.301771850996775
1.303700348878522
1.3244342941436513
1.3648719702251326
1.399219398838211
1.5384480959606124
1.3941292929218017
1.382344363319159
1.4078853188833138
1.4137778212692598
1.3878776069732472
1.4054311099901555
1.4771899888618125
1.4938159463227862
1.5038474660409153
1.710858034559894
1.5985535909870954
1.5957175389334184
1.5097686740981526
1.5440194594300327
1.5126830597862675
1.5074222022170816
1.4759385087335375
1.4906804051063731
1.4753136533017772
1.4616405675477662
1.5641541001973702
1.532173014621849
1.5450460428255302
1.5881485179158499
1.3967711876801276
1.486056580363371
1.4996683561982154
1.4933940255443345
1.443705475784458
1.4900185381188857
1.5393667282083852
1.529854668164196
1.6282511115783973
1.5621801246923428
1.3832753337587185
1.4002864983731211
1.4054658144055097
1.4232353217165645
1.4432627169347403
1.4074995597590472
1.3824351564940554
1.320749434982261
1.3145127256143418
1.4127444430297222
1.4407554490126768
1.404911600130989
1.3780588254124468
1.4081547976858644
1.3542633074861774
1.3695102542986537
1.3777929402087177
1.4410985432249936
1.377025773826102
1.3576029725790273
1.3798717453150773
1.378797953140416
1.346217543440679
1.3499827965641895
1.3387337170761475
1.27182033737969
1.252661233077511
1.1990948915299313
1.2240990246302248
1.2000155986291126
1.1796274730705059
1.1871405464955673
1.1671352404899684
1.1701980340481155
1.1703018789799522
1.0989798616562094
1.1181068659522366
1.0972764721092
1.076280758532864
1.0799425730467316
1.09742588124208
1.115764516357072
1.1266948459868786
1.0670509617930455
1.0833419183669335
1.0649595178783156
1.0477855203827509
1.0404446117446897
1.0470009086198588
1.0578824970361118
1.0529143267241827
1.06017846155317
1.09254354326152
1.0261265039889953
1.1665631715699822
1.1715207801885228
1.1277472661921824
1.2009581018253872
1.2440299233015488
1.2406928792252556
1.2128152888578239
1.177347622549419
1.240221174859456
1.2588517885951422
1.1781211595504837
1.2216887046115752
1.2614379404715952
1.2706162791153222
1.271224927528827
1.3408136130776056
1.3896519758183128
1.3658883341025794
1.3705443752341058
1.4348421834267702
1.464749533794123
1.4358049207816677
1.432517652402607
1.4151502674489582
1.3774278278819783
1.3756288056596169
1.3937439524463553
1.4093498794436223
1.4290102548246588
1.3816785208326157
1.3539352647533835
1.442861907806747
1.4648043417072945
1.4548758191090283
1.4527293596892414
1.4484476233704766
1.4956276129289072
1.479792584889883
1.4390297244277934
1.4992222764910073
1.4321916013787321
1.3350698739712352
1.39700554038209
1.3626482168908227
1.4110051168465203
1.4058137678998335
1.5065866189075108
1.6636110366726835
1.502920792476573
1.5052782038455508
1.4323213076283907
1.5244651779391032
1.4299033187986623
1.4606550012621042
1.4283739127650716
1.485280885569531
1.4076990706148131
1.4264739085970042
1.4174971135890555
1.4502761376694757
1.421769712526021
1.3180435179582901
1.2883304044579986
1.329872427954023
1.318311162171847
1.2814230698624651
1.3551884586862561
1.3219752578920707
1.3093963409506708
1.3350598668927551
1.2959182733964794
1.2439660519365043
1.2384503914140363
1.1961700123025798
1.1496399135435014
1.1686082919832306
1.1614206095797197
1.1224453885888956
1.0917437147704796
1.0599661405251248
1.0671744676938695
1.0624137378355594
1.0676955587483545
1.0442123274665642
1.055160395814578
1.0481277014322092
1.0548011657783316
1.042494860260322
1.015562085521267
1.0364948613659428
1.019644650923382
1.062503513064735
1.0230340312378603
1.0325661672070727
1.0753880071015882
1.3577247973803663
1.3247925429988947
1.3956472715811439
1.6122620483874164
1.7204655141296827
1.68207645982004
1.6975035371350105
1.6502195044502168
1.624174099603023
1.7293360732855318
1.9060118609363397
2.2081346875290713
1.4375677696306355
1.5033560044115462
1.510114642077815
1.474827023792859
1.5209041897770874
1.5728090763027085
1.4168796259824021
1.5045143632840685
1.5829803413266121
1.553137174303001
1.5020613927085809
1.4513281904694952
1.4473112853655536
1.397738912534833
1.401718841794723
1.4075429403173605
1.3674974919077727
1.3678504438588706
1.3913830831188538
1.3424070825122447
1.3174205346901204
1.2228260484031241
1.468227198042825
1.4976266093643602
1.215869095198673
1.311886143199312
1.3822643045446088
1.3627962110502987
1.4392066920079407
1.3244371709531004
1.3585735111342632
1.4749040952637187
1.4691464729643995
1.3934996652025364
1.3644074077189436
1.3815354627128624
1.3784478093527661
1.4433439863230717
1.4371059738300793
1.4861480951455908
1.4461505380385153
1.391744923930893
1.4391680593554732
1.435725948225326
1.4734962989701177
1.4738740780000101
1.3955336375203895
1.419868120766178
1.3945031544338895
1.3384043322709394
1.3305373955447015
1.251581623525061
1.2183060856966963
1.2055964224644633
1.2054116741968048
1.2056202851695936
1.1550099256180577
1.1957992263132624
1.195358864201162
1.1835476023408578
1.1462012163937647
1.1365752652804986
1.1173163993852968
1.069219837434773
1.080797451077432
1.0893793516248718
1.1040357462441173
1.0527300738861616
1.0451275335354775
1.029877629817231
1.042509215306246
1.0018322530063104
0.9792626911803415
1.013458250799583
1.033007309110743
1.029674979183059
1.0455694259504726
1.0384871828707494
1.08080817410746
1.0901884892139782
1.0420752584390445
1.068111709488284
1.1496757158865119
1.1994463126718136
1.2736665174646546
1.2310631380464705
1.248021046117398
1.2575988751087464
1.251176270006056
1.303652276063583
1.3888576309903558
1.4026295418296857
1.4457261861511352
1.4531610137256519
1.4952410127807978
1.5109676433724537
1.547611289155851
1.464696252138989
1.3702397993433144
1.4426389248006108
1.4675172066837547
1.4276065675400644
1.3987175670529122
1.4089903166341275
1.4049317338934135
1.3993778329187359
1.4783685482570976
1.3716819815165742
1.350483828396923
1.3835325755656112
1.359939574071424
1.221222789074584
1.2567775366416116
1.2607830318265798
1.2411986205380503
1.357795508735521
1.3042339608399602
1.3442180694114685
1.3093694022107034
1.2775029395998105
1.328284714611065
1.4321672750563226
1.35643890702247
1.4307060202147348
1.4366184295880309
1.5540802734340655
1.5740661435011927
1.5333672989150477
1.6047895363300846
1.523761607222805
1.572030433142081
1.3983579011442513
1.5815261474336646
1.5589281239476034
1.6621068021250969
1.6094135243708942
1.6834678583680738
1.567706084071196
1.6544114438012287
1.5314497054361986
1.5878136841248638
1.5127974219503901
1.588986846695351
1.6240619039495363
1.5911064396747308
1.5958421321200695
1.493924869098648
1.4685463455755807
1.5459056266223126
1.5194566160752734
1.4093152274809364
1.4520895441970691
1.4227388926810869
1.3684125066826542
1.3491299405159447
1.394261210047706
1.3580245520093028
1.3177808918123397
1.284855236589256
1.274839274811127
1.270098225413475
1.3135576801484201
1.2689726721844257
1.239253126981549
1.2325396345655775
1.1938998386240716
1.15967054643537
1.1846629424925774
1.1526176176205825
1.1527821289210096
1.1630234531943213
1.1670276413062601
1.1296960581659652
1.1510064308046506
1.2161756364492626
1.3345238195716425
1.4852418899564555
1.634131458306918
1.9014249203800309
2.1880565590824608
2.261040728328414
2.1924824149902458
2.2443645541602018
2.375504545488873
2.1039391986643756
2.363198258034668
1.8035003159019758
2.0077748688725423
1.7420896382688205
2.2283045178075493
2.478472075017477
2.467333573905525
2.3900032629611583
2.2119566927883416
2.241930191643064
2.253478351544577
1.9344274930857106
1.9989822845017104
1.902077994671611
2.336009604472268
2.4283169418762083
2.0612523918540124
1.9684795696180761
2.3191584424830514
2.6809781612945627
2.515856462267003
2.698572557195808
2.534610717061443
2.1678426295268753
1.842726143459256
1.9506664161217566
1.8729320016252236
2.1071978088179706
2.0731265293218057
1.8270862654416304
2.23051513246155
1.843534287577086
1.780104700220563
1.6713852671000777
1.7617908966052183
1.7419366722150522
1.6375989349273312
1.6963814708923481
1.676821979825051
1.784001366702394
1.8962163626210367
1.7563135974854072
1.9652936553236142
1.8814801597570883
1.850924495523305
1.7544598117402455
1.6788106860783572
1.784292019077188
1.7934791872554359
1.7513689507181904
1.792450825639943
1.715515561484896
1.748521698393384
1.742209964904163
1.759954561706332
1.7149868324652342
1.696958485868266
1.605651332666768
1.631535414510517
1.5203346867792604
1.530773602027075
1.4946320964542756
1.4965606846713786
1.4397594509230103
1.420885076421844
1.3981870510343275
1.3370947593499156
1.2799649247091145
1.2535545121195852
1.2528053981595746
1.239551009729957
1.23519534214727
1.2037011477712514
1.2003569086711763
1.1820017720009932
1.1331747689368246
1.1109789450661105
1.1393194951465992
1.1250131587701484
1.152776512745755
0.9863878919345601
0.9968232738473328
1.0478133513077141
1.1351856066032786
1.0882245582148349
1.39324704047732
1.642354670678419
1.7027463575911155
1.7779520029056408
1.7368277298290251
2.1633673946555017
2.0558471903608786
1.9830890558837082
2.420924959828622
2.403475117058428
2.5129935482183794
2.406294871057599
2.3981949858710965
2.19548043844051
2.2718566953022385
2.1836442697754097
2.0479929707891835
2.16248336869752
2.432295117659591
2.5248546907321785
2.393456439783592
2.937650964819781
3.1037211878223476
2.872918223802308
3.0551070971877494
2.9912453114281456
2.9439837796886033
2.7384713946835064
2.6100847173428736
2.636128750203787
2.3654484220153646
1.8719034063359208
2.1538380442688805
2.2090699450075224
2.3248543750397284
2.26806613732882
2.505577083489341
2.420728394935796
1.8563023263340495
2.800092831536483
2.1944049324394705
1.9816317447450582
1.728367991326841
1.6893666022775442
1.7192600928524908
1.7653563830101648
1.7345865838178496
1.7544697058093812
1.6327309802653323
1.5688376595982918
1.3996981516209899
1.4521819617593819
1.5106186022036865
1.5097571063184227
1.5367682333288983
1.617121153096075
1.6563633843858387
1.7130337550988852
1.7337827521839344
1.7288178068117392
1.7248485100558586
1.672201294300835
1.6143074929737828
1.6189670420749342
1.5425480408402867
1.490730766126997
1.5036139707743954
1.5493590046566237
1.523116866344487
1.4826755206567266
1.4452914746461456
1.415629698832846
1.4120454894198082
1.3871288029290103
1.343515903148591
1.2632566511363268
1.245917713609433
1.2588238186206975
1.182355865430101
1.1847745382182218
1.1708387292624023
1.172236391052208
1.1662933900347445
1.1438340970167151
1.1346810176880862
1.1632939858143032
1.1245134577926381
1.136550607241026
1.1213086918863757
1.1338178104117005
1.122795674931109
1.0763493616275284
1.090192259248868
1.0916790674568218
1.113227747354983
1.2118857837430659
1.312303551933949
1.600159683148817
1.8766110645425196
1.6949678452344146
1.6822248692292332
1.6794277903754313
2.0044942363188514
1.9461865875097344
2.2037699690792607
2.1593534533409717
2.0673764921261504
2.111019115814986
2.0690327190593805
1.9871497847321802
2.065908437095756
2.2570298273323806
2.279660049500467
2.4721549024673264
2.5310688122962803
2.3783241114449925
2.356932091732854
2.5485468868560113
0.21844203390333194
2.102581564431595
2.045582877355644
2.374692153900849
2.4840726524928582
2.4982612535959245
2.641507462237335
2.502010370891666
2.3671259650656986
2.246003372051622
2.3921291310448938
2.553364222605043
2.4268208281033976
2.4998327732440395
2.3820196022977833
2.2904078020585072
1.9949081004724047
1.8401557014888523
2.1703121718504135
1.9099590324638527
1.7801131456837005
1.8613574342008181
1.8453058979642052
1.9887948924562282
1.889755195281082
1.8799661192826922
1.8690568404936272
1.7677080482047447
1.770229658558078
1.8648223544945692
1.7233695709305439
1.742139807688227
1.6820803250595806
1.6039927957510072
1.4742494324237687
1.5230874755888526
1.4816095243657448
1.444337977542336
1.417246320927925
1.5499676366145745
1.5390825960220602
1.5262545305781234
1.5898341816981234
1.5572041854118728
1.6187372139462028
1.3292049054757895
1.4419945152240548
1.4283912796742277
1.3177779634140887
1.3404472710570952
1.442243323472836
1.4696628695995322
1.260932966568106
1.213685705988112
1.1234442430799103
1.0808844576634344
1.1181525037594353
1.1266259685810607
1.1207723814623989
1.0877514072880163
1.0992800930649214
1.0898196103044953
1.081939165786878
1.053649234178691
1.0639689322970427
1.0664563066431376
1.068048233237929
1.1307332640548708
1.0495340061747034
1.0450250106196692
0.9852326457689979
1.0005970863350369
1.036091664277876
1.0225761028499707
1.0917559718639651
1.0651372920638082
1.0999332643627762
1.1987934505794564
1.1646178400383518
1.149125617563779
1.2288541780795683
1.2875583499616874
1.3254109104267042
1.395303679262081
1.3700745982928164
1.3450659409141412
1.75685682046131
1.5627090667634138
1.672734273924809
1.8319284944417797
2.1681557260409026
1.749124270833027
1.7541029771879917
1.6373606778424739
1.5576105177488153
1.60573858328814
1.6451347110959953
1.6337570548943483
1.5622967674948673
1.6593169975407882
1.5797789549309245
1.5790254667586021
1.6171337188824029
1.5330245236117928
1.4846254363304519
1.3916943347932407
1.4082180881570863
1.3161164122732727
1.348391295444713
1.2187067965724934
1.3074342976321802
1.4356460665479833
1.510588566125986
1.4509066727875082
1.4531930440022727
1.4437624433582315
1.3070286691585282
1.298985301891551
1.3803236293370122
1.2610397194179432
1.3688769414970825
1.1771581271931852
1.411525714325209
1.3626357166720313
1.3398561286158581
1.322639610131009
1.367871645653957
1.3433086685521534
1.2294327376982406
1.3882117352951404
1.3116209834843457
1.301671847407971
1.4307881228148975
1.4059765606147632
1.335303547753096
1.2902929127104277
1.2872701317783954
1.288700792811314
1.3225434577947228
1.3279391060039971
1.3135750314471002
1.3524176193821618
1.3616137542170068
1.2881049467042656
1.323639976110462
1.2905633772793574
1.2774461003642759
1.2042485901815168
1.2207674649499867
1.188361418995739
1.1919169894086286
1.1631341352492586
1.1151377150111834
1.0976302668996594
1.090684946026679
1.0486357061445157
1.0153133858788697
0.9976549591196002
1.000010603079382
1.0265278068466297
1.0137400004072
0.9966861277355507
0.9731188808075041
0.9647403080185251
0.9473055633141774
0.9830442304150246
1.0006263140532878
0.9806603212757391
0.9726510537985551
0.9443587852914359
0.9564243157105289
1.0009338133350556
0.9970502137331162
0.9837356177773311
0.9696929386038118
1.003753889122398
1.0018453335661301
0.9961827561282727
1.0090233323995166
1.0084240423791193
1.0221455575062899
1.0712508533043146
1.0733688004930824
1.2854038290289609
1.3889221027230312
1.280559692998683
1.2460293827909397
1.3431011994507391
1.5728252510601655
1.581096679846467
1.3862219267776705
1.3050104581619932
1.2327627035969193
1.224155407424219
1.2335565885878486
1.1874934582057584
1.2554607662863677
1.2534775239988505
1.2703031117791868
1.340278942251141
1.4009963313244296
1.287872447738714
1.2895006573549108
1.3001708823219447
1.2419727904402496
1.2044715842511016
1.1966795268571702
1.1427476667996503
1.207028332374848
1.1905267576965166
1.2438709596206619
1.3907354559346878
1.2393754604633722
1.4560424185718737
1.3713222117558794
1.46993473382728
1.416712354716315
1.4162407484760045
1.3875328283880661
1.3724046531562275
1.2712199769946781
1.3109562603068057
1.334717373588749
1.330541233401769
1.2982047770995173
1.3045242028244823
1.3404123433155257
1.2405870436289193
1.317252908447362
1.3174318451433584
1.2728506686473493
1.2598605432176955
1.2263860311277672
1.2172526118151255
1.2505720715382282
1.17746129778204
1.1499716791470012
1.18085904815641
1.2089802377564058
1.1877405881450793
1.175866721358847
1.1749437851972113
1.1417765181773756
1.1918394644773176
1.1470269546786966
1.0926923243471938
1.1018505205645799
1.095164871717899
1.0714482545191668
1.0217879827394574
0.973990018358274
0.9509110166340076
0.9529149512530692
0.9271431374385546
0.9087751864260374
0.9101183551542521
0.8848130314121438
0.8790887076527732
0.8455500925698753
0.8619041612803473
0.836060192590682
0.8513726149666453
0.8722936524185205
0.9310232719085871
0.9818625014251209
1.2439340306255122
1.5645773193385968
1.7997169247691684
1.8670582755280238
2.195817405412479
2.1542457159536887
2.226976050960973
2.450238589660443
2.6078168873028558
2.584292316653422
2.604216461559915
2.8126656256390032
2.681666306559001
2.751355590983962
2.299597652489906
2.353362958542008
2.400281280095408
2.3656378311941486
2.43151160345552
2.4383743814893486
2.6064275148464455
2.532097072266584
2.4480789907594867
2.6042045001805727
2.5312292201044952
2.4498893478721406
2.6561880372318813
2.4421474158965086
2.539324508095025
2.7042212419509966
2.723039812435438
2.564608714069563
2.6622805867623454
2.6755374731294608
2.8848208826592208
2.816591593268233
2.679738045898643
2.6041009854991586
2.57663325640063
2.286699229252513
2.270109484483961
2.292532468938162
2.3384476020189857
2.1839720503853393
2.057564199089506
2.116872366342831
2.025802859472948
1.8450355544656032
1.9543737701969404
1.8507503090595157
1.725853945204264
1.7387076019048626
1.5080756118713972
1.4192480259234723
1.606295532019516
1.5494580457506826
1.6121103498250478
1.5574624692372099
1.6427680682313623
1.4059433467183788
1.5151403031569908
1.5008143547552508
1.3991365615574936
1.3343251512095027
1.4388071732347374
1.507692974507677
1.3396344590079812
1.3465633382928062
1.2496558026888172
1.3009656114277093
1.2564920999536067
1.261510224952846
1.2299761226124277
1.2726031425747504
1.2503616233800916
1.1850302954450798
1.1360983785325212
1.208377292660401
1.09175994831641
1.0471034699260855
1.0465229968554226
1.0207062689674609
0.9658305289559587
0.9861029375212813
0.9426205800382806
0.951005741738588
0.9300559794156019
0.9361016530567764
0.8978946629179306
0.9304806860514011
0.9471635199095929
0.9469284603803594
0.9252302626575153
0.913470553192064
0.9505872478728288
0.9789659694895676
1.0762873376457958
1.3477040815189416
1.450563533955356
1.7181939099137944
1.829611315160489
1.7776335094012428
1.7504105208324185
2.057509301838708
1.9263880162467537
2.1275091482857174
2.0142979252375737
2.0245332223649752
2.2399344506061927
2.456565195591085
2.687052829802518
2.670579719476914
2.6484551147806537
2.5106067332025894
2.638755003418362
2.7978989457777352
2.6571681114160715
2.287043015055791
2.5726037511994724
2.7897451614930637
2.5408601568843845
2.578287536619213
2.5309117559681806
2.3160072875641555
2.6046317358672764
2.6149180987035976
2.5547648970115135
2.532174420451016
2.696512792999968
3.0535175519923814
2.9908899534986797
2.7432374787159155
2.902992267925605
2.7847694652973227
2.39941571083263
2.4744374839686807
2.3467285859091236
2.3166592032116986
2.128351278978564
2.0473563272367445
1.845016456383103
1.9906652413279995
2.1318651340246864
2.1945295538938283
2.0979562338131337
1.9368840425866851
1.7706969186250017
1.7172722420483455
1.7609673945914008
1.82734365883944
1.7363907816692277
1.6663080775825196
1.7311784653713362
1.7641031359067978
1.7616274871505224
1.8431820600377837
1.8492679786028599
1.7469716988639605
1.7141036063674766
1.777357290485569
1.6580891038650385
1.5461717762123202
1.3799766282257868
1.7962596810955234
1.9342917804725666
1.700138737697776
1.8867615535276283
1.9351883957011795
1.6958403567934448
1.5342480527911806
1.4389235926545378
1.3045017506051242
1.2839649822867796
1.2528721613809883
1.2408498183844574
1.233727670265069
1.1907918178845331
1.1957448268924589
1.1732949672791333
1.1083513514342034
1.112760390824392
1.0976354076634
1.0777043745327104
1.0830385879287368
1.0805061373341274
1.0597632316605563
1.0453544122526768
1.0714428644319154
1.0444898460849705
1.034007949204295
1.0578308883252647
1.0760321653142677
1.177966280658947
1.2782764979475412
1.4485926401802725
1.3796305184484037
1.6706982473590002
1.6203766329507006
1.786337462658735
1.778359754319981
2.205749241714985
2.080335137731257
2.009782091393671
2.0087683063192334
2.2597460627609722
2.4300929069717903
2.376335007888089
2.3432898719083592
2.2477659731149378
2.2910577576600577
2.221282903624743
1.1887191707012215
3.0552809541253967
2.246530584786146
2.3384868113215442
2.2324646738344094
2.203892800411679
2.209395630022783
2.504392454611939
2.703758296754908
2.6391256859813153
2.5787575547385386
2.5715839512231815
2.4917376553735804
2.548121170901316
2.1108034623012775
2.306674566108276
2.2985628421022866
2.4640854897312496
2.347490766205866
2.575479218226455
2.340290268400939
2.334717405586527
2.169492857127747
2.0026186062870797
1.911440764163667
1.9912852574716715
1.895120797981229
1.848391183969348
1.7808380601876828
1.7862444925710892
2.0082643161312386
1.9010408690275984
1.707301630196221
1.7306196779737477
1.7129291359665915
1.678227890344319
1.748650874096163
1.6408332952040603
1.737912591004234
1.6185838907961974
1.6204386942884954
1.6828128330576724
1.5577332033815816
1.5495203467583634
1.5102575283069217
1.5267571291333926
1.5456785929966328
1.5483416896463291
1.4946315174007578
1.4617045251236078
1.4432265843976315
1.5202387773564656
1.4499354782490563
1.4772279032313007
1.4641123685303539
1.4798953522337817
1.371606790293938
1.332396121302251
1.3501055071967454
1.276963001194433
1.2359286935128908
1.1536853038899084
1.1592564971757156
1.0990414097641918
1.1146594706533606
1.1227355980697855
1.1050156500740402
1.0928480330218389
1.0845485959762948
1.068027214728706
1.06994532132842
1.0957226722079947
1.0947702848762169
1.0878106359471358
1.0986293212357725
1.1172080791893444
1.1298594433734614
1.1029086611597563
1.1569363036823008
1.5112570131131895
1.6040191222600815
1.9316156034658485
2.0328131901155087
2.221518562829383
1.7429327519038293
1.6348497788373206
1.8849966863621235
1.7899142562507129
1.9944712254169898
2.1242461490886226
2.1334936246391942
2.1854427703603156
2.5206136759913442
2.662658884085494
1.886447071102973
1.656435982328632
1.8132662101568793
2.2136038217717484
2.437860860511124
2.5346856088030747
2.8138043182801504
2.6587712728963018
2.4013743844160866
2.388727477980213
2.2608475542938193
2.4699079393531935
2.4155993737024937
2.4187165298438202
2.253445829004179
2.3784659225401805
2.3753715740442773
2.3654388525058483
2.314314120838571
2.3311346814432006
2.2632267436909244
2.3093175982806975
2.1510025823970635
2.1474942696893637
2.0808601175445327
2.0595965602128685
2.056894992852639
2.260908465593459
2.148314697818533
2.0809579776828233
1.965021585758408
1.9514849694178023
2.12433673651245
2.017134679240351
1.8507869767190575
1.9526830902514762
1.7500665406834783
1.681991820343552
1.6317982250022631
1.606906636465524
1.6562442762065461
1.676143657573272
1.6138722934149885
1.6423771560000962
1.6105476721775271
1.6157782438072448
1.7314077147870888
1.7171426200417328
1.6855019880879571
1.776518319153406
1.7031335049836385
1.7559096955298763
1.622123470715727
1.5867630121776333
1.4430305785108435
1.5374593869870898
1.4103357186722683
1.2617120625978044
1.3118125314084577
1.2858834072357916
1.2073893615290785
1.1746290457048132
1.1531580521168674
1.1124917698368082
1.0793161179635384
1.0897742096308833
1.0745382209046563
1.0731620067633243
1.0426667438784967
1.0284049738380545
1.0032496984206654
1.0276314575449792
1.005021866632967
1.0043366279191968
1.0427141007383829
1.0434073066120026
1.0280950332493508
1.0600402153350779
1.041953722953616
1.1103569638551838
1.297642478783054
1.4435076798201776
1.7174210254116604
1.5919758408334936
1.5559674997053237
1.700772044512437
1.703973299736189
1.6964302934861686
1.8433224067605956
1.981125255940386
1.9951610552241834
2.0993008120802545
2.141624878690324
2.243295992704199
2.4981998083614263
2.7021699600237614
2.5170702101179323
2.616723813742322
2.5183910733503185
2.45487495524815
2.036477951333684
2.3179722582176443
2.1848058584815315
2.288939337420929
2.3390870176680942
2.3321766768161
2.3473011332523046
2.4772919288876962
2.4051650310753017
2.473024405528417
2.42660698485754
2.237511186525952
2.079004117361099
1.826702598064383
1.7687128288035407
0.30329861623541243
3.834650695848327
2.024332927852797
1.6702861554983026
1.4915399810822247
1.5616499719143968
1.6174090941106911
1.4849276722854292
1.545933890709973
1.544732636483265
1.5690378230286912
1.5598833734721675
1.5382327136217397
1.5373976956219209
1.5562730632266106
1.5143633978077273
1.5393222307322267
1.6059696082136814
1.5980071658123873
1.643751376323785
1.7077073932941909
1.7259853788633595
1.5292063569743326
1.5602136288272759
1.602647671813297
1.5854972168528718
1.5914853395505533
1.5666004592249598
1.4968709979168944
1.3375964338344033
1.495829864219478
1.42201346196916
1.430308160977019
1.3870682619623593
1.3948959215474661
1.3677578174743565
1.17905131539588
1.3324349754142084
1.301961067447094
1.2678124810416065
1.311632086586004
1.2263630280924511
1.2021123285677027
1.1925217531785264
1.1483696878407337
1.191013330275233
1.1571409690695262
1.0882409875805261
1.080754800776958
1.0798867805054815
1.044955353772398
1.0478586339746176
1.0270789562466702
1.013465719436567
1.0145240146343235
1.0334221478211405
1.0278967181833614
1.0232262882818024
0.9951889723013735
1.0136375708495602
1.0133873225414831
0.9805973180125985
0.9771608231479212
0.9814218568718254
1.0275531923487562
1.0419508901415815
1.0066153518494174
1.0325916220285112
1.0606536613715147
1.2111265131308682
1.299505858098113
1.1474169741600884
1.1765576982293666
1.2835035709694316
1.3228331043618633
1.3464062897640547
1.2923281250813319
1.38405907148164
1.4481018335178681
1.4262084494493399
1.5065452564348263
1.5407445215037303
1.5564057216081657
1.5418684668944649
1.571144225047461
1.5370710384042237
1.6179863366045812
1.5372472278624452
1.5707223869676161
1.5197084456354888
1.537153900402915
1.5524504628542621
1.5956125073266667
1.6151158852401704
1.5779095292811032
1.5622528424234208
1.528461500023051
1.5453622407551932
1.5240393723192485
1.4891108841074554
1.5194016116445057
1.4868083991253365
1.476012300304653
1.4585041649736905
1.3452310218687897
1.3280979104302526
1.3211563024368398
1.297705842935283
1.3309989362023982
0.24448731464028756
1.7058732750132122
2.0891953964379515
1.4990755299205138
1.4920872278199893
1.4878866744446921
1.467224607620078
1.473186789425818
1.453085570981672
1.4175712279209411
1.4278666670610287
1.4460704638794137
1.437340750791192
1.4035655010936845
1.3688063521015954
1.3275036434824277
1.3426141515555328
1.3259017571155551
1.4007811702816495
1.3503530207197245
1.2954532715787486
1.2658995716981494
1.2210493569112613
1.2624298840226627
1.2522715539873894
1.2106927941167107
1.12598082676679
1.1198174193982027
1.1027481742921512
1.0730055092746293
1.062951319820921
1.0304516854048615
0.9890203230322013
0.9903490440644729
0.9834893547757495
0.9695338233349984
0.9676498020001457
0.9738093825664059
0.9562466184953499
0.8998763921667872
0.8886300168999499
0.8886762033493085
0.9002478459410236
0.8490861088651477
0.8323330047110586
0.8729739371316816
0.8955379639118457
0.8875185269228081
0.89321093602135
0.9238891573477837
0.9077223386241537
0.9128978640129495
0.929904537477071
0.950517211664802
0.9745302559246468
0.9685762504571409
0.9950976840626977
1.0291410766024391
1.05515462926948
1.068962426834477
1.0848087872671766
1.091823685818246
1.1170634107327841
1.119839822232577
1.1034390199994406
1.1635443590315584
1.1820708141772083
1.2043482100819825
1.2290506826137324
1.2351164055978077
1.2418815003269261
1.2388184306633852
1.2419701712574254
1.2483344797305442
1.2738770743605243
1.299240290639657
1.2836663208131007
1.2860668019242738
1.2728226538937275
1.2637895406992756
1.2834339228521694
1.3494871087142928
1.3333349405047477
1.3178284550136807
1.454145732025585
1.3961664284229482
1.3875733518949576
1.3420998773315862
1.3535777717722814
1.350255501364685
1.3894331971326572
1.3651058088149994
1.3443917948987243
1.3350915528211427
1.3558199666903932
1.4330666185870669
1.4189991705361358
1.4291697849947789
1.4182240976603395
1.439367345085097
1.377331460260077
1.351857208468762
1.3087374232123616
1.2898910519950284
1.355944171334493
1.2990722311895917
1.2552350676929354
1.278033586041685
1.2607800981084092
1.229347051197
1.2771823290162798
1.219273966685701
1.2114026370558626
1.2128507581496928
1.2360341815828189
1.2264567804082123
1.2356781744014569
1.1880484046618474
1.2256146072088092
1.2196751139130149
1.1600558103914078
1.1684305710705143
1.1031720763707555
1.1190856099214699
1.0680059800555426
1.0470293586269133
1.026737911882968
0.9955486880421225
1.039023087309108
1.0006693399362085
0.9503714545072273
1.0005175543144411
0.9594739088083151
0.9364506518719569
0.9161436505966496
0.8931237328933918
0.9001979754370982
0.9054077531847424
0.879185923198488
0.889362919131259
0.8920342199330172
0.8862286179993636
0.8855024621098863
0.8733014181953022
0.8420093444873347
0.9065305713093407
1.1538613495359866
1.2162267990808804
1.2751437976422924
1.54551158487941
1.8012006192009018
1.3530328926242732
1.546363577439527
1.6507527213322564
1.4960691128493866
1.5342329271630193
1.3368531439783586
1.6489770139671076
1.4951593924717546
1.6116414930312843
1.5789941312042945
1.481475387617307
1.3833609288742341
1.360851563705897
1.355462298931871
1.4185010180215045
1.5247227686910085
1.6190799957038768
1.7811900939800083
1.552264299604148
1.6006834714759737
1.617304791998243
1.70504311328694
1.966476598080776
1.6697552937519078
1.8335638840025614
1.816337210472839
1.8149559991938504
1.7228669752174077
1.549735007081727
1.4941131277990953
1.5745096440791486
1.5992953549035431
1.8445945100957075
1.6646728773758468
1.7337971679340438
1.5453239090407571
1.4895806225874921
1.5471471103588976
1.6149830246505235
1.378076782658951
1.3454478525242743
1.2568857192393181
1.273733930385859
1.3173864205288484
1.3169954180221013
1.2879225755314687
1.3665366601638882
1.3516162660161146
1.2576588951093386
1.2786205823945556
1.305823345411126
1.4051478213664987
1.3634623362643024
1.3665621967612636
1.3755186045464756
1.3957584027216723
1.4379929500255135
1.4495714115433849
1.356160618193021
1.3520704393246872
1.3335443409377585
1.307450814514861
1.2241006809233643
1.2304213156849262
1.1177412076563267
1.1170904904963357
1.0977634786576473
1.105350708369354
1.0598225714419147
1.0249343152658281
1.0156986655078628
0.9874793689208129
0.9291368116379108
0.9143709232452856
0.9150008244739847
0.9240147108664153
0.9077266065281392
0.8886631585664839
0.9238684993035305
0.9283660254373637
0.9064896626492412
0.8806405373173911
0.8699151662655872
0.8813473156764404
0.8842618580403322
0.8993045101701914
0.9408193893460481
0.9351139553649737
1.1034931989196162
0.9404649801792899
0.9848285033746015
0.9573687561743646
1.098489582727648
1.3121525400037464
1.4259585770006211
1.541064422776751
1.000000
1.000000
1.000000
1.000000
1.000000
1.000000
1.000000
1.000000
1.000000
1.000000
1.000000
1.000000
1.000000
1.000000
1.000000
1.000000
1.000000
1.000000
1.000000
1.000000
1.000000
1.000000
1.000000
1.000000
1.000000
1.000000
1.000000
1.000000
1.000000
1.000000
1.000000
1.000000
1.000000
1.000000
1.000000
1.000000
1.000000
1.000000
1.000000
1.000000
1.000000
1.000000
1.000000
1.000000
1.000000
1.000000
1.000000
1.000000
1.000000
1.000000
1.000000
1.000000
1.000000
1.000000
1.000000
1.000000
1.000000
1.000000
1.000000
1.000000
1.000000
1.000000
1.000000
1.000000
1.000000
1.000000
1.000000
1.000000
1.000000
1.000000
1.000000
1.000000
1.000000
1.000000
1.000000
1.000000
1.000000
1.000000
1.000000
1.000000
1.000000
1.000000
1.000000
1.000000
1.000000
1.000000
1.000000
1.000000
1.000000
1.000000
1.000000
1.000000
1.000000
1.000000
1.000000
1.000000
1.000000
1.000000
1.000000
1.000000
1.000000
1.000000
1.000000
1.000000
1.000000
1.000000
1.000000
1.000000
1.000000
1.000000
1.000000
1.000000
1.000000
1.000000
1.000000
1.000000
1.000000
1.000000
1.000000
1.000000
1.000000
1.000000
1.000000
1.000000
1.000000
1.000000
1.000000
1.000000
1.000000
1.000000
1.000000
1.000000
1.000000
1.000000
1.000000
1.000000
1.000000
1.000000
1.000000
1.000000
1.000000
1.000000
1.000000
1.000000
1.000000
1.000000
1.000000
1.000000
1.000000
1.000000
1.000000
1.000000
1.000000
1.000000
1.000000
1.000000
1.000000
1.000000
1.000000
1.000000
1.000000
1.000000
1.000000
1.000000
1.000000
1.000000
1.000000
1.000000
1.000000
1.000000
1.000000
1.000000
1.000000
1.000000
1.000000
1.000000
1.000000
1.000000
1.000000
1.000000
1.000000
1.000000
1.000000
1.000000
1.000000
1.000000
1.000000
1.000000
1.000000
1.000000
1.000000
1.000000
1.000000
1.000000
1.000000
1.000000
1.000000
1.000000
1.000000
1.000000
1.000000
1.000000
1.000000
1.000000
1.000000
1.000000
1.000000
1.000000
1.000000
1.000000
1.000000
1.000000
1.000000
1.000000
1.000000
1.000000
1.000000
1.000000
1.000000
1.000000
1.000000
1.000000
1.000000
1.000000
1.000000
1.000000
1.000000
1.000000
1.000000
1.000000
1.000000
1.000000
1.000000
1.000000
1.000000
1.000000
1.000000
1.000000
1.000000
1.000000
1.000000
1.000000
1.000000
1.000000
1.000000
1.000000
1.000000
1.000000
1.000000
1.000000
1.000000
1.000000
1.000000
1.000000
1.000000
1.000000
1.000000
1.000000
1.000000
1.000000
1.000000
1.000000
1.000000
1.000000
1.000000
1.000000
1.000000
1.000000
1.000000
1.000000
1.000000
1.000000
1.000000
1.000000
1.000000
1.000000
1.000000
1.000000
1.000000
1.000000
1.000000
1.000000
1.000000
1.000000
1.000000
1.000000
1.000000
1.000000
1.000000
1.000000
1.000000
1.000000
1.000000
1.000000
1.000000
1.000000
1.000000
1.000000
1.000000
1.000000
1.000000
1.000000
1.000000
1.000000
1.000000
1.000000
1.000000
1.000000
1.000000
1.000000
1.000000
1.000000
1.000000
1.000000
1.000000
1.000000
1.000000
1.000000
1.000000
1.000000
1.000000
1.000000
1.000000
1.000000
1.000000
1.000000
1.000000
1.000000
1.000000
1.000000
1.000000
1.000000
1.000000
1.000000
1.000000
1.000000
1.000000
1.000000
1.000000
1.000000
1.000000
1.000000
1.000000
1.000000
1.000000
1.000000
1.000000
1.000000
1.000000
1.000000
1.000000
1.000000
1.000000
1.000000
1.000000
1.000000
1.000000
1.000000
1.000000
1.000000
1.000000
1.000000
1.000000
1.000000
1.000000
1.000000
1.000000
1.000000
1.000000
1.000000
1.000000
1.000000
1.000000
1.000000
1.000000
1.000000
1.000000
1.000000
1.000000
1.000000
1.000000
1.000000
1.000000
1.000000
1.000000
1.000000
1.000000
1.000000
1.000000
1.000000
1.000000
1.000000
1.000000
1.000000
1.000000
1.000000
1.000000
1.000000
1.000000
1.000000
1.000000
1.000000
1.000000
1.000000
1.000000
1.000000
1.000000
1.000000
1.000000
1.000000
1.000000
1.000000
1.000000
1.000000
1.000000
1.000000
1.000000
1.000000
1.000000
1.000000
1.000000
1.000000
1.000000
1.000000
1.000000
1.000000
1.000000
1.000000
1.000000
1.000000
1.000000
1.000000
1.000000
1.000000
1.000000
1.000000
1.000000
1.000000
1.000000
1.000000
1.000000
1.000000
1.000000
1.000000
1.000000
1.000000
1.000000
1.000000
1.000000
1.000000
1.000000
1.000000
1.000000
1.000000
1.000000
1.000000
1.000000
1.000000
1.000000
1.000000
1.000000
1.000000
1.000000
1.000000
1.000000
1.000000
1.000000
1.000000
1.000000
1.000000
1.000000
1.000000
1.000000
1.000000
1.000000
1.000000
1.000000
1.000000
1.000000
1.000000
1.000000
1.000000
1.000000
1.000000
1.000000
1.000000
1.000000
1.000000
1.000000
1.000000
1.000000
1.000000
1.000000
1.000000
1.000000
1.000000
1.000000
1.000000
1.000000
1.000000
1.000000
1.000000
1.000000
1.000000
1.000000
1.000000
1.000000
1.000000
1.000000
1.000000
1.000000
1.000000
1.000000
1.000000
1.000000
1.000000
1.000000
1.000000
1.000000
1.000000
1.000000
1.000000
1.000000
1.000000
1.000000
1.000000
1.000000
1.000000
1.000000
1.000000
1.000000
1.000000
1.000000
1.000000
1.000000
1.000000
1.000000
1.000000
1.000000
1.000000
1.000000
1.000000
1.000000
1.000000
1.000000
1.000000
1.000000
1.000000
1.000000
1.000000
1.000000
1.000000
1.000000
1.000000
1.000000
1.000000
1.000000
1.000000
1.000000
1.000000
1.000000
1.000000
1.000000
1.000000
1.000000
1.000000
1.000000
1.000000
1.000000
1.000000
1.000000
1.000000
1.000000
1.000000
1.000000
1.000000
1.000000
1.000000
1.000000
1.000000
1.000000
1.000000
1.000000
1.000000
1.000000
1.000000
1.000000
1.000000
1.000000
1.000000
1.000000
1.000000
1.000000
1.000000
1.000000
1.000000
1.000000
1.000000
1.000000
1.000000
1.000000
1.000000
1.000000
1.000000
1.000000
1.000000
1.000000
1.000000
1.000000
1.000000
1.000000
1.000000
1.000000
1.000000
1.000000
1.000000
1.000000
1.000000
1.000000
1.000000
1.000000
1.000000
1.000000
1.000000
1.000000
1.000000
1.000000
1.000000
1.000000
1.000000
1.000000
1.000000
1.000000
1.000000
1.000000
1.000000
1.000000
1.000000
1.000000
1.000000
1.000000
1.000000
1.000000
1.000000
1.000000
1.000000
1.000000
1.000000
1.000000
1.000000
1.000000
1.000000
1.000000
1.000000
1.000000
1.000000
1.000000
1.000000
1.000000
1.000000
1.000000
1.000000
1.000000
1.000000
1.000000
1.000000
1.000000
1.000000
1.000000
1.000000
1.000000
1.000000
1.000000
1.000000
1.000000
1.000000
1.000000
1.000000
1.000000
1.000000
1.000000
1.000000
1.000000
1.000000
1.000000
1.000000
1.000000
1.000000
1.000000
1.000000
1.000000
1.000000
1.000000
1.000000
1.000000
1.000000
1.000000
1.000000
1.000000
1.000000
1.000000
1.000000
1.000000
1.000000
1.000000
1.000000
1.000000
1.000000
1.000000
1.000000
1.000000
1.000000
1.000000
1.000000
1.000000
1.000000
1.000000
1.000000
1.000000
1.000000
1.000000
1.000000
1.000000
1.000000
1.000000
1.000000
1.000000
1.000000
1.000000
1.000000
1.000000
1.000000
1.000000
1.000000
1.000000
1.000000
1.000000
1.000000
1.000000
1.000000
1.000000
1.000000
1.000000
1.000000
1.000000
1.000000
1.000000
1.000000
1.000000
1.000000
1.000000
1.000000
1.000000
1.000000
1.000000
1.000000
1.000000
1.000000
1.000000
1.000000
1.000000
1.000000
1.000000
1.000000
1.000000
1.000000
1.000000
1.000000
1.000000
1.000000
1.000000
1.000000
1.000000
1.000000
1.000000
1.000000
1.000000
1.000000
1.000000
1.000000
1.000000
1.000000
1.000000
1.000000
1.000000
1.000000
1.000000
1.000000
1.000000
1.000000
1.000000
1.000000
1.000000
1.000000
1.000000
1.000000
1.000000
1.000000
1.000000
1.000000
1.000000
1.000000
1.000000
1.000000
1.000000
1.000000
1.000000
1.000000
1.000000
1.000000
1.000000
1.000000
1.000000
1.000000
1.000000
1.000000
1.000000
1.000000
1.000000
1.000000
1.000000
1.000000
1.000000
1.000000
1.000000
1.000000
1.000000
1.000000
1.000000
1.000000
1.000000
1.000000
1.000000
1.000000
1.000000
1.000000
1.000000
1.000000
1.000000
1.000000
1.000000
1.000000
1.000000
1.000000
1.000000
1.000000
1.000000
1.000000
1.000000
1.000000
1.000000
1.000000
1.000000
1.000000
1.000000
1.000000
1.000000
1.000000
1.000000
1.000000
1.000000
1.000000
1.000000
1.000000
1.000000
1.000000
1.000000
1.000000
1.000000
1.000000
1.000000
1.000000
1.000000
1.000000
1.000000
1.000000
1.000000
1.000000
1.000000
1.000000
1.000000
1.000000
1.000000
1.000000
1.000000
1.000000
1.000000
1.000000
1.000000
1.000000
1.000000
1.000000
1.000000
1.000000
1.000000
1.000000
1.000000
1.000000
1.000000
1.000000
1.000000
1.000000
1.000000
1.000000
1.000000
1.000000
1.000000
1.000000
1.000000
1.000000
1.000000
1.000000
1.000000
1.000000
1.000000
1.000000
1.000000
1.000000
1.000000
1.000000
1.000000
1.000000
1.000000
1.000000
1.000000
1.000000
1.000000
1.000000
1.000000
1.000000
1.000000
1.000000
1.000000
1.000000
1.000000
1.000000
1.000000
1.000000
1.000000
1.000000
1.000000
1.000000
1.000000
1.000000
1.000000
1.000000
1.000000
1.000000
1.000000
1.000000
1.000000
1.000000
1.000000
1.000000
1.000000
1.000000
1.000000
1.000000
1.000000
1.000000
1.000000
1.000000
1.000000
1.000000
1.000000
1.000000
1.000000
1.000000
1.000000
1.000000
1.000000
1.000000
1.000000
1.000000
1.000000
1.000000
1.000000
1.000000
1.000000
1.000000
1.000000
1.000000
1.000000
1.000000
1.000000
1.000000
1.000000
1.000000
1.000000
1.000000
1.000000
1.000000
1.000000
1.000000
1.000000
1.000000
1.000000
1.000000
1.000000
1.000000
1.000000
1.000000
1.000000
1.000000
1.000000
1.000000
1.000000
1.000000
1.000000
1.000000
1.000000
1.000000
1.000000
1.000000
1.000000
1.000000
1.000000
1.000000
1.000000
1.000000
1.000000
1.000000
1.000000
1.000000
1.000000
1.000000
1.000000
1.000000
1.000000
1.000000
1.000000
1.000000
1.000000
1.000000
1.000000
1.000000
1.000000
1.000000
1.000000
1.000000
1.000000
1.000000
1.000000
1.000000
1.000000
1.000000
1.000000
1.000000
1.000000
1.000000
1.000000
1.000000
1.000000
1.000000
1.000000
1.000000
1.000000
1.000000
1.000000
1.000000
1.000000
1.000000
1.000000
1.000000
1.000000
1.000000
1.000000
1.000000
1.000000
1.000000
1.000000
1.000000
1.000000
1.000000
1.000000
1.000000
1.000000
1.000000
1.000000
1.000000
1.000000
1.000000
1.000000
1.000000
1.000000
1.000000
1.000000
1.000000
1.000000
1.000000
1.000000
1.000000
1.000000
1.000000
1.000000
1.000000
1.000000
1.000000
1.000000
1.000000
1.000000
1.000000
1.000000
1.000000
1.000000
1.000000
1.000000
1.000000
1.000000
1.000000
1.000000
1.000000
1.000000
1.000000
1.000000
1.000000
1.000000
1.000000
1.000000
1.000000
1.000000
1.000000
1.000000
1.000000
1.000000
1.000000
1.000000
1.000000
1.000000
1.000000
1.000000
1.000000
1.000000
1.000000
1.000000
1.000000
1.000000
1.000000
1.000000
1.000000
1.000000
1.000000
1.000000
1.000000
1.000000
1.000000
1.000000
1.000000
1.000000
1.000000
1.000000
1.000000
1.000000
1.000000
1.000000
1.000000
1.000000
1.000000
1.000000
1.000000
1.000000
1.000000
1.000000
1.000000
1.000000
1.000000
1.000000
1.000000
1.000000
1.000000
1.000000
1.000000
1.000000
1.000000
1.000000
1.000000
1.000000
1.000000
1.000000
1.000000
1.000000
1.000000
1.000000
1.000000
1.000000
1.000000
1.000000
1.000000
1.000000
1.000000
1.000000
1.000000
1.000000
1.000000
1.000000
1.000000
1.000000
1.000000
1.000000
1.000000
1.000000
1.000000
1.000000
1.000000
1.000000
1.000000
1.000000
1.000000
1.000000
1.000000
1.000000
1.000000
1.000000
1.000000
1.000000
1.000000
1.000000
1.000000
1.000000
1.000000
1.000000
1.000000
1.000000
1.000000
1.000000
1.000000
1.000000
1.000000
1.000000
1.000000
1.000000
1.000000
1.000000
1.000000
1.000000
1.000000
1.000000
1.000000
1.000000
1.000000
1.000000
1.000000
1.000000
1.000000
1.000000
1.000000
1.000000
1.000000
1.000000
1.000000
1.000000
1.000000
1.000000
1.000000
1.000000
1.000000
1.000000
1.000000
1.000000
1.000000
1.000000
1.000000
1.000000
1.000000
1.000000
1.000000
1.000000
1.000000
1.000000
1.000000
1.000000
1.000000
1.000000
1.000000
1.000000
1.000000
1.000000
1.000000
1.000000
1.000000
1.000000
1.000000
1.000000
1.000000
1.000000
1.000000
1.000000
1.000000
1.000000
1.000000
1.000000
1.000000
1.000000
1.000000
1.000000
1.000000
1.000000
1.000000
1.000000
1.000000
1.000000
1.000000
1.000000
1.000000
1.000000
1.000000
1.000000
1.000000
1.000000
1.000000
1.000000
1.000000
1.000000
1.000000
1.000000
1.000000
1.000000
1.000000
1.000000
1.000000
1.000000
1.000000
1.000000
1.000000
1.000000
1.000000
1.000000
1.000000
1.000000
1.000000
1.000000
1.000000
1.000000
1.000000
1.000000
1.000000
1.000000
1.000000
1.000000
1.000000
1.000000
1.000000
1.000000
1.000000
1.000000
1.000000
1.000000
1.000000
1.000000
1.000000
1.000000
1.000000
1.000000
1.000000
1.000000
1.000000
1.000000
1.000000
1.000000
1.000000
1.000000
1.000000
1.000000
1.000000
1.000000
1.000000
1.000000
1.000000
1.000000
1.000000
1.000000
1.000000
1.000000
1.000000
1.000000
1.000000
1.000000
1.000000
1.000000
1.000000
1.000000
1.000000
1.000000
1.000000
1.000000
1.000000
1.000000
1.000000
1.000000
1.000000
1.000000
1.000000
1.000000
1.000000
1.000000
1.000000
1.000000
1.000000
1.000000
1.000000
1.000000
1.000000
1.000000
1.000000
1.000000
1.000000
1.000000
1.000000
1.000000
1.000000
1.000000
1.000000
1.000000
1.000000
1.000000
1.000000
1.000000
1.000000
1.000000
1.000000
1.000000
1.000000
1.000000
1.000000
1.000000
1.000000
1.000000
1.000000
1.000000
1.000000
1.000000
1.000000
1.000000
1.000000
1.000000
1.000000
1.000000
1.000000
1.000000
1.000000
1.000000
1.000000
1.000000
1.000000
1.000000
1.000000
1.000000
1.000000
1.000000
1.000000
1.000000
1.000000
1.000000
1.000000
1.000000
1.000000
1.000000
1.000000
1.000000
1.000000
1.000000
1.000000
1.000000
1.000000
1.000000
1.000000
1.000000
1.000000
1.000000
1.000000
1.000000
1.000000
1.000000
1.000000
1.000000
1.000000
1.000000
1.000000
1.000000
1.000000
1.000000
1.000000
1.000000
1.000000
1.000000
1.000000
1.000000
1.000000
1.000000
1.000000
1.000000
1.000000
1.000000
1.000000
1.000000
1.000000
1.000000
1.000000
1.000000
1.000000
1.000000
1.000000
1.000000
1.000000
1.000000
1.000000
1.000000
1.000000
1.000000
1.000000
1.000000
1.000000
1.000000
1.000000
1.000000
1.000000
1.000000
1.000000
1.000000
1.000000
1.000000
1.000000
1.000000
1.000000
1.000000
1.000000
1.000000
1.000000
1.000000
1.000000
1.000000
1.000000
1.000000
1.000000
1.000000
1.000000
1.000000
1.000000
1.000000
1.000000
1.000000
1.000000
1.000000
1.000000
1.000000
1.000000
1.000000
1.000000
1.000000
1.000000
1.000000
1.000000
1.000000
1.000000
1.000000
1.000000
1.000000
1.000000
1.000000
1.000000
1.000000
1.000000
1.000000
1.000000
1.000000
1.000000
1.000000
1.000000
1.000000
1.000000
1.000000
1.000000
1.000000
1.000000
1.000000
1.000000
1.000000
1.000000
1.000000
1.000000
1.000000
1.000000
1.000000
1.000000
1.000000
1.000000
1.000000
1.000000
1.000000
1.000000
1.000000
1.000000
1.000000
1.000000
1.000000
1.000000
1.000000
1.000000
1.000000
1.000000
1.000000
1.000000
1.000000
1.000000
1.000000
1.000000
1.000000
1.000000
1.000000
1.000000
1.000000
1.000000
1.000000
1.000000
1.000000
1.000000
1.000000
1.000000
1.000000
1.000000
1.000000
1.000000
1.000000
1.000000
1.000000
1.000000
1.000000
1.000000
1.000000
1.000000
1.000000
1.000000
1.000000
1.000000
1.000000
1.000000
1.000000
1.000000
1.000000
1.000000
1.000000
1.000000
1.000000
1.000000
1.000000
1.000000
1.000000
1.000000
1.000000
1.000000
1.000000
1.000000
1.000000
1.000000
1.000000
1.000000
1.000000
1.000000
1.000000
1.000000
1.000000
1.000000
1.000000
1.000000
1.000000
1.000000
1.000000
1.000000
1.000000
1.000000
1.000000
1.000000
1.000000
1.000000
1.000000
1.000000
1.000000
1.000000
1.000000
1.000000
1.000000
1.000000
1.000000
1.000000
1.000000
1.000000
1.000000
1.000000
1.000000
1.000000
1.000000
1.000000
1.000000
1.000000
1.000000
1.000000
1.000000
1.000000
1.000000
1.000000
1.000000
1.000000
1.000000
1.000000
1.000000
1.000000
1.000000
1.000000
1.000000
1.000000
1.000000
1.000000
1.000000
1.000000
1.000000
1.000000
1.000000
1.000000
1.000000
1.000000
1.000000
1.000000
1.000000
1.000000
1.000000
1.000000
1.000000
1.000000
1.000000
1.000000
1.000000
1.000000
1.000000
1.000000
1.000000
1.000000
1.000000
1.000000
1.000000
1.000000
1.000000
1.000000
1.000000
1.000000
1.000000
1.000000
1.000000
1.000000
1.000000
1.000000
1.000000
1.000000
1.000000
1.000000
1.000000
1.000000
1.000000
1.000000
1.000000
1.000000
1.000000
1.000000
1.000000
1.000000
1.000000
1.000000
1.000000
1.000000
1.000000
1.000000
1.000000
1.000000
1.000000
1.000000
1.000000
1.000000
1.000000
1.000000
1.000000
1.000000
1.000000
1.000000
1.000000
1.000000
1.000000
1.000000
1.000000
1.000000
1.000000
1.000000
1.000000
1.000000
1.000000
1.000000
1.000000
1.000000
1.000000
1.000000
1.000000
1.000000
1.000000
1.000000
1.000000
1.000000
1.000000
1.000000
1.000000
1.000000
1.000000
1.000000
1.000000
1.000000
1.000000
1.000000
1.000000
1.000000
1.000000
1.000000
1.000000
1.000000
1.000000
1.000000
1.000000
1.000000
1.000000
1.000000
1.000000
1.000000
1.000000
1.000000
1.000000
1.000000
1.000000
1.000000
1.000000
1.000000
1.000000
1.000000
1.000000
1.000000
1.000000
1.000000
1.000000
1.000000
1.000000
1.000000
1.000000
1.000000
1.000000
1.000000
1.000000
1.000000
1.000000
1.000000
1.000000
1.000000
1.000000
1.000000
1.000000
1.000000
1.000000
1.000000
1.000000
1.000000
1.000000
1.000000
1.000000
1.000000
1.000000
1.000000
1.000000
1.000000
1.000000
1.000000
1.000000
1.000000
1.000000
1.000000
1.000000
1.000000
1.000000
1.000000
1.000000
1.000000
1.000000
1.000000
1.000000
1.000000
1.000000
1.000000
1.000000
1.000000
1.000000
1.000000
1.000000
1.000000
1.000000
1.000000
1.000000
1.000000
1.000000
1.000000
1.000000
1.000000
1.000000
1.000000
1.000000
1.000000
1.000000
1.000000
1.000000
1.000000
1.000000
1.000000
1.000000
1.000000
1.000000
1.000000
1.000000
1.000000
1.000000
1.000000
1.000000
1.000000
1.000000
1.000000
1.000000
1.000000
1.000000
1.000000
1.000000
1.000000
1.000000
1.000000
1.000000
1.000000
1.000000
1.000000
1.000000
1.000000
1.000000
1.000000
1.000000
1.000000
1.000000
1.000000
1.000000
1.000000
1.000000
1.000000
1.000000
1.000000
1.000000
1.000000
1.000000
1.000000
1.000000
1.000000
1.000000
1.000000
1.000000
1.000000
1.000000
1.000000
1.000000
1.000000
1.000000
1.000000
1.000000
1.000000
1.000000
1.000000
1.000000
1.000000
1.000000
1.000000
1.000000
1.000000
1.000000
1.000000
1.000000
1.000000
1.000000
1.000000
1.000000
1.000000
1.000000
1.000000
1.000000
1.000000
1.000000
1.000000
1.000000
1.000000
1.000000
1.000000
1.000000
1.000000
1.000000
1.000000
1.000000
1.000000
1.000000
1.000000
1.000000
1.000000
1.000000
1.000000
1.000000
1.000000
1.000000
1.000000
1.000000
1.000000
1.000000
1.000000
1.000000
1.000000
1.000000
1.000000
1.000000
1.000000
1.000000
1.000000
1.000000
1.000000
1.000000
1.000000
1.000000
1.000000
1.000000
1.000000
1.000000
1.000000
1.000000
1.000000
1.000000
1.000000
1.000000
1.000000
1.000000
1.000000
1.000000
1.000000
1.000000
1.000000
1.000000
1.000000
1.000000
1.000000
1.000000
1.000000
1.000000
1.000000
1.000000
1.000000
1.000000
1.000000
1.000000
1.000000
1.000000
1.000000
1.000000
1.000000
1.000000
1.000000
1.000000
1.000000
1.000000
1.000000
1.000000
1.000000
1.000000
1.000000
1.000000
1.000000
1.000000
1.000000
1.000000
1.000000
1.000000
1.000000
1.000000
1.000000
1.000000
1.000000
1.000000
1.000000
1.000000
1.000000
1.000000
1.000000
1.000000
1.000000
1.000000
1.000000
1.000000
1.000000
1.000000
1.000000
1.000000
1.000000
1.000000
1.000000
1.000000
1.000000
1.000000
1.000000
1.000000
1.000000
1.000000
1.000000
1.000000
1.000000
1.000000
1.000000
1.000000
1.000000
1.000000
1.000000
1.000000
1.000000
1.000000
1.000000
1.000000
1.000000
1.000000
1.000000
1.000000
1.000000
1.000000
1.000000
1.000000
1.000000
1.000000
1.000000
1.000000
1.000000
1.000000
1.000000
1.000000
1.000000
1.000000
1.000000
1.000000
1.000000
1.000000
1.000000
1.000000
1.000000
1.000000
1.000000
1.000000
1.000000
1.000000
1.000000
1.000000
1.000000
1.000000
1.000000
1.000000
1.000000
1.000000
1.000000
1.000000
1.000000
1.000000
1.000000
1.000000
1.000000
1.000000
1.000000
1.000000
1.000000
1.000000
1.000000
1.000000
1.000000
1.000000
1.000000
1.000000
1.000000
1.000000
1.000000
1.000000
1.000000
1.000000
1.000000
1.000000
1.000000
1.000000
1.000000
1.000000
1.000000
1.000000
1.000000
1.000000
1.000000
1.000000
1.000000
1.000000
1.000000
1.000000
1.000000
1.000000
1.000000
1.000000
1.000000
1.000000
1.000000
1.000000
1.000000
1.000000
1.000000
1.000000
1.000000
1.000000
1.000000
1.000000
1.000000
1.000000
1.000000
1.000000
1.000000
1.000000
1.000000
1.000000
1.000000
1.000000
1.000000
1.000000
1.000000
1.000000
1.000000
1.000000
1.000000
1.000000
1.000000
1.000000
1.000000
1.000000
1.000000
1.000000
1.000000
1.000000
1.000000
1.000000
1.000000
1.000000
1.000000
1.000000
1.000000
1.000000
1.000000
1.000000
1.000000
1.000000
1.000000
1.000000
1.000000
1.000000
1.000000
1.000000
1.000000
1.000000
1.000000
1.000000
1.000000
1.000000
1.000000
1.000000
1.000000
1.000000
1.000000
1.000000
1.000000
1.000000
1.000000
1.000000
1.000000
1.000000
1.000000
1.000000
1.000000
1.000000
1.000000
1.000000
1.000000
1.000000
1.000000
1.000000
1.000000
1.000000
1.000000
1.000000
1.000000
1.000000
1.000000
1.000000
1.000000
1.000000
1.000000
1.000000
1.000000
1.000000
1.000000
1.000000
1.000000
1.000000
1.000000
1.000000
1.000000
1.000000
1.000000
1.000000
1.000000
1.000000
1.000000
1.000000
1.000000
1.000000
1.000000
1.000000
1.000000
1.000000
1.000000
1.000000
1.000000
1.000000
1.000000
1.000000
1.000000
1.000000
1.000000
1.000000
1.000000
1.000000
1.000000
1.000000
1.000000
1.000000
1.000000
1.000000
1.000000
1.000000
1.000000
1.000000
1.000000
1.000000
1.000000
1.000000
1.000000
1.000000
1.000000
1.000000
1.000000
1.000000
1.000000
1.000000
1.000000
1.000000
1.000000
1.000000
1.000000
1.000000
1.000000
1.000000
1.000000
1.000000
1.000000
1.000000
1.000000
1.000000
1.000000
1.000000
1.000000
1.000000
1.000000
1.000000
1.000000
1.000000
1.000000
1.000000
1.000000
1.000000
1.000000
1.000000
1.000000
1.000000
1.000000
1.000000
1.000000
1.000000
1.000000
1.000000
1.000000
1.000000
1.000000
1.000000
1.000000
1.000000
1.000000
1.000000
1.000000
1.000000
1.000000
1.000000
1.000000
1.000000
1.000000
1.000000
1.000000
1.000000
1.000000
1.000000
1.000000
1.000000
1.000000
1.000000
1.000000
1.000000
1.000000
1.000000
1.000000
1.000000
1.000000
1.000000
1.000000
1.000000
1.000000
1.000000
1.000000
1.000000
1.000000
1.000000
1.000000
1.000000
1.000000
1.000000
1.000000
1.000000
1.000000
1.000000
1.000000
1.000000
1.000000
1.000000
1.000000
1.000000
1.000000
1.000000
1.000000
1.000000
1.000000
1.000000
1.000000
1.000000
1.000000
1.000000
1.000000
1.000000
1.000000
1.000000
1.000000
1.000000
1.000000
1.000000
1.000000
1.000000
1.000000
1.000000
1.000000
1.000000
1.000000
1.000000
1.000000
1.000000
1.000000
1.000000
1.000000
1.000000
1.000000
1.000000
1.000000
1.000000
1.000000
1.000000
1.000000
1.000000
1.000000
1.000000
1.000000
1.000000
1.000000
1.000000
1.000000
1.000000
1.000000
1.000000
1.000000
1.000000
1.000000
1.000000
1.000000
1.000000
1.000000
1.000000
1.000000
1.000000
1.000000
1.000000
1.000000
1.000000
1.000000
1.000000
1.000000
1.000000
1.000000
1.000000
1.000000
1.000000
1.000000
1.000000
1.000000
1.000000
1.000000
1.000000
1.000000
1.000000
1.000000
1.000000
1.000000
1.000000
1.000000
1.000000
1.000000
1.000000
1.000000
1.000000
1.000000
1.000000
1.000000
1.000000
1.000000
1.000000
1.000000
1.000000
1.000000
1.000000
1.000000
1.000000
1.000000
1.000000
1.000000
1.000000
1.000000
1.000000
1.000000
1.000000
1.000000
1.000000
1.000000
1.000000
1.000000
1.000000
1.000000
1.000000
1.000000
1.000000
1.000000
1.000000
1.000000
1.000000
1.000000
1.000000
1.000000
1.000000
1.000000
1.000000
1.000000
1.000000
1.000000
1.000000
1.000000
1.000000
1.000000
1.000000
1.000000
1.000000
1.000000
1.000000
1.000000
1.000000
1.000000
1.000000
1.000000
1.000000
1.000000
1.000000
1.000000
1.000000
1.000000
1.000000
1.000000
1.000000
1.000000
1.000000
1.000000
1.000000
1.000000
1.000000
1.000000
1.000000
1.000000
1.000000
1.000000
1.000000
1.000000
1.000000
1.000000
1.000000
1.000000
1.000000
1.000000
1.000000
1.000000
1.000000
1.000000
1.000000
1.000000
1.000000
1.000000
1.000000
1.000000
1.000000
1.000000
1.000000
1.000000
1.000000
1.000000
1.000000
1.000000
1.000000
1.000000
1.000000
1.000000
1.000000
1.000000
1.000000
1.000000
1.000000
1.000000
1.000000
1.000000
1.000000
1.000000
1.000000
1.000000
1.000000
1.000000
1.000000
1.000000
1.000000
1.000000
1.000000
1.000000
1.000000
1.000000
1.000000
1.000000
1.000000
1.000000
1.000000
1.000000
1.000000
1.000000
1.000000
1.000000
1.000000
1.000000
1.000000
1.000000
1.000000
1.000000
1.000000
1.000000
1.000000
1.000000
1.000000
1.000000
1.000000
1.000000
1.000000
1.000000
1.000000
1.000000
1.000000
1.000000
1.000000
1.000000
1.000000
1.000000
1.000000
1.000000
1.000000
1.000000
1.000000
1.000000
1.000000
1.000000
1.000000
1.000000
1.000000
1.000000
1.000000
1.000000
1.000000
1.000000
1.000000
1.000000
1.000000
1.000000
1.000000
1.000000
1.000000
1.000000
1.000000
1.000000
1.000000
1.000000
1.000000
1.000000
1.000000
1.000000
1.000000
1.000000
1.000000
1.000000
1.000000
1.000000
1.000000
1.000000
1.000000
1.000000
1.000000
1.000000
1.000000
1.000000
1.000000
1.000000
1.000000
1.000000
1.000000
1.000000
1.000000
1.000000
1.000000
1.000000
1.000000
1.000000
1.000000
1.000000
1.000000
1.000000
1.000000
1.000000
1.000000
1.000000
1.000000
1.000000
1.000000
1.000000
1.000000
1.000000
1.000000
1.000000
1.000000
1.000000
1.000000
1.000000
1.000000
1.000000
1.000000
1.000000
1.000000
1.000000
1.000000
1.000000
1.000000
1.000000
1.000000
1.000000
1.000000
1.000000
1.000000
1.000000
1.000000
1.000000
1.000000
1.000000
1.000000
1.000000
1.000000
1.000000
1.000000
1.000000
1.000000
1.000000
1.000000
1.000000
1.000000
1.000000
1.000000
1.000000
1.000000
1.000000
1.000000
1.000000
1.000000
1.000000
1.000000
1.000000
1.000000
1.000000
1.000000
1.000000
1.000000
1.000000
1.000000
1.000000
1.000000
1.000000
1.000000
1.000000
1.000000
1.000000
1.000000
1.000000
1.000000
1.000000
1.000000
1.000000
1.000000
1.000000
1.000000
1.000000
1.000000
1.000000
1.000000
1.000000
1.000000
1.000000
1.000000
1.000000
1.000000
1.000000
1.000000
1.000000
1.000000
1.000000
1.000000
1.000000
1.000000
1.000000
1.000000
1.000000
1.000000
1.000000
1.000000
1.000000
1.000000
1.000000
1.000000
1.000000
1.000000
1.000000
1.000000
1.000000
1.000000
1.000000
1.000000
1.000000
1.000000
1.000000
1.000000
1.000000
1.000000
1.000000
1.000000
1.000000
1.000000
1.000000
1.000000
1.000000
1.000000
1.000000
1.000000
1.000000
1.000000
1.000000
1.000000
1.000000
1.000000
1.000000
1.000000
1.000000
1.000000
1.000000
1.000000
1.000000
1.000000
1.000000
1.000000
1.000000
1.000000
1.000000
1.000000
1.000000
1.000000
1.000000
1.000000
1.000000
1.000000
1.000000
1.000000
1.000000
1.000000
1.000000
1.000000
1.000000
1.000000
1.000000
1.000000
1.000000
1.000000
1.000000
1.000000
1.000000
1.000000
1.000000
1.000000
1.000000
1.000000
1.000000
1.000000
1.000000
1.000000
1.000000
1.000000
1.000000
1.000000
1.000000
1.000000
1.000000
1.000000
1.000000
1.000000
1.000000
1.000000
1.000000
1.000000
1.000000
1.000000
1.000000
1.000000
1.000000
1.000000
1.000000
1.000000
1.000000
1.000000
1.000000
1.000000
1.000000
1.000000
1.000000
1.000000
1.000000
1.000000
1.000000
1.000000
1.000000
1.000000
1.000000
1.000000
1.000000
1.000000
1.000000
1.000000
1.000000
1.000000
1.000000
1.000000
1.000000
1.000000
1.000000
1.000000
1.000000
1.000000
1.000000
1.000000
1.000000
1.000000
1.000000
1.000000
1.000000
1.000000
1.000000
1.000000
1.000000
1.000000
1.000000
1.000000
1.000000
1.000000
1.000000
1.000000
1.000000
1.000000
1.000000
1.000000
1.000000
1.000000
1.000000
1.000000
1.000000
1.000000
1.000000
1.000000
1.000000
1.000000
1.000000
1.000000
1.000000
1.000000
1.000000
1.000000
1.000000
1.000000
1.000000
1.000000
1.000000
1.000000
1.000000
1.000000
1.000000
1.000000
1.000000
1.000000
1.000000
1.000000
1.000000
1.000000
1.000000
1.000000
1.000000
1.000000
1.000000
1.000000
1.000000
1.000000
1.000000
1.000000
1.000000
1.000000
1.000000
1.000000
1.000000
1.000000
1.000000
1.000000
1.000000
1.000000
1.000000
1.000000
1.000000
1.000000
1.000000
1.000000
1.000000
1.000000
1.000000
1.000000
1.000000
1.000000
1.000000
1.000000
1.000000
1.000000
1.000000
1.000000
1.000000
1.000000
1.000000
1.000000
1.000000
1.000000
1.000000
1.000000
1.000000
1.000000
1.000000
1.000000
1.000000
1.000000
1.000000
1.000000
1.000000
1.000000
1.000000
1.000000
1.000000
1.000000
1.000000
1.000000
1.000000
1.000000
1.000000
1.000000
1.000000
1.000000
1.000000
1.000000
1.000000
1.000000
1.000000
1.000000
1.000000
1.000000
1.000000
1.000000
1.000000
1.000000
1.000000
1.000000
1.000000
1.000000
1.000000
1.000000
1.000000
1.000000
1.000000
1.000000
1.000000
1.000000
1.000000
1.000000
1.000000
1.000000
1.000000
1.000000
1.000000
1.000000
1.000000
1.000000
1.000000
1.000000
1.000000
1.000000
1.000000
1.000000
1.000000
1.000000
1.000000
1.000000
1.000000
1.000000
1.000000
1.000000
1.000000
1.000000
1.000000
1.000000
1.000000
1.000000
1.000000
1.000000
1.000000
1.000000
1.000000
1.000000
1.000000
1.000000
1.000000
1.000000
1.000000
1.000000
1.000000
1.000000
1.000000
1.000000
1.000000
1.000000
1.000000
1.000000
1.000000
1.000000
1.000000
1.000000
1.000000
1.000000
1.000000
1.000000
1.000000
1.000000
1.000000
1.000000
1.000000
1.000000
1.000000
1.000000
1.000000
1.000000
1.000000
1.000000
1.000000
1.000000
1.000000
1.000000
1.000000
1.000000
1.000000
1.000000
1.000000
1.000000
1.000000
1.000000
1.000000
1.000000
1.000000
1.000000
1.000000
1.000000
1.000000
1.000000
1.000000
1.000000
1.000000
1.000000
1.000000
1.000000
1.000000
1.000000
1.000000
1.000000
1.000000
1.000000
1.000000
1.000000
1.000000
1.000000
1.000000
1.000000
1.000000
1.000000
1.000000
1.000000
1.000000
1.000000
1.000000
1.000000
1.000000
1.000000
1.000000
1.000000
1.000000
1.000000
1.000000
1.000000
1.000000
1.000000
1.000000
1.000000
1.000000
1.000000
1.000000
1.000000
1.000000
1.000000
1.000000
1.000000
1.000000
1.000000
1.000000
1.000000
1.000000
1.000000
1.000000
1.000000
1.000000
1.000000
1.000000
1.000000
1.000000
1.000000
1.000000
1.000000
1.000000
1.000000
1.000000
1.000000
1.000000
1.000000
1.000000
1.000000
1.000000
1.000000
1.000000
1.000000
1.000000
1.000000
1.000000
1.000000
1.000000
1.000000
1.000000
1.000000
1.000000
1.000000
1.000000
1.000000
1.000000
1.000000
1.000000
1.000000
1.000000
1.000000
1.000000
1.000000
1.000000
1.000000
1.000000
1.000000
1.000000
1.000000
1.000000
1.000000
1.000000
1.000000
1.000000
1.000000
1.000000
1.000000
1.000000
1.000000
1.000000
1.000000
1.000000
1.000000
1.000000
1.000000
1.000000
1.000000
1.000000
1.000000
1.000000
1.000000
1.000000
1.000000
1.000000
1.000000
1.000000
1.000000
1.000000
1.000000
1.000000
1.000000
1.000000
1.000000
1.000000
1.000000
1.000000
1.000000
1.000000
1.000000
1.000000
1.000000
1.000000
1.000000
1.000000
1.000000
1.000000
1.000000
1.000000
1.000000
1.000000
1.000000
1.000000
1.000000
1.000000
1.000000
1.000000
1.000000
1.000000
1.000000
1.000000
1.000000
1.000000
1.000000
1.000000
1.000000
1.000000
1.000000
1.000000
1.000000
1.000000
1.000000
1.000000
1.000000
1.000000
1.000000
1.000000
1.000000
1.000000
1.000000
1.000000
1.000000
1.000000
1.000000
1.000000
1.000000
1.000000
1.000000
1.000000
1.000000
1.000000
1.000000
1.000000
1.000000
1.000000
1.000000
1.000000
1.000000
1.000000
1.000000
1.000000
1.000000
1.000000
1.000000
1.000000
1.000000
1.000000
1.000000
1.000000
1.000000
1.000000
1.000000
1.000000
1.000000
1.000000
1.000000
1.000000
1.000000
1.000000
1.000000
1.000000
1.000000
1.000000
1.000000
1.000000
1.000000
1.000000
1.000000
1.000000
1.000000
1.000000
1.000000
1.000000
1.000000
1.000000
1.000000
1.000000
1.000000
1.000000
1.000000
1.000000
1.000000
1.000000
1.000000
1.000000
1.000000
1.000000
1.000000
1.000000
1.000000
1.000000
1.000000
1.000000
1.000000
1.000000
1.000000
1.000000
1.000000
1.000000
1.000000
1.000000
1.000000
1.000000
1.000000
1.000000
1.000000
1.000000
1.000000
1.000000
1.000000
1.000000
1.000000
1.000000
1.000000
1.000000
1.000000
1.000000
1.000000
1.000000
1.000000
1.000000
1.000000
1.000000
1.000000
1.000000
1.000000
1.000000
1.000000
1.000000
1.000000
1.000000
1.000000
1.000000
1.000000
1.000000
1.000000
1.000000
1.000000
1.000000
1.000000
1.000000
1.000000
1.000000
1.000000
1.000000
1.000000
1.000000
1.000000
1.000000
1.000000
1.000000
1.000000
1.000000
1.000000
1.000000
1.000000
1.000000
1.000000
1.000000
1.000000
1.000000
1.000000
1.000000
1.000000
1.000000
1.000000
1.000000
1.000000
1.000000
1.000000
1.000000
1.000000
1.000000
1.000000
1.000000
1.000000
1.000000
1.000000
1.000000
1.000000
1.000000
1.000000
1.000000
1.000000
1.000000
1.000000
1.000000
1.000000
1.000000
1.000000
1.000000
1.000000
1.000000
1.000000
1.000000
1.000000
1.000000
1.000000
1.000000
1.000000
1.000000
1.000000
1.000000
1.000000
1.000000
1.000000
1.000000
1.000000
1.000000
1.000000
1.000000
1.000000
1.000000
1.000000
1.000000
1.000000
1.000000
1.000000
1.000000
1.000000
1.000000
1.000000
1.000000
1.000000
1.000000
1.000000
1.000000
1.000000
1.000000
1.000000
1.000000
1.000000
1.000000
1.000000
1.000000
1.000000
1.000000
1.000000
1.000000
1.000000
1.000000
1.000000
1.000000
1.000000
1.000000
1.000000
1.000000
1.000000
1.000000
1.000000
1.000000
1.000000
1.000000
1.000000
1.000000
1.000000
1.000000
1.000000
1.000000
1.000000
1.000000
1.000000
1.000000
1.000000
1.000000
1.000000
1.000000
1.000000
1.000000
1.000000
1.000000
1.000000
1.000000
1.000000
1.000000
1.000000
1.000000
1.000000
1.000000
1.000000
1.000000
1.000000
1.000000
1.000000
1.000000
1.000000
1.000000
1.000000
1.000000
1.000000
1.000000
1.000000
1.000000
1.000000
1.000000
1.000000
1.000000
1.000000
1.000000
1.000000
1.000000
1.000000
1.000000
1.000000
1.000000
1.000000
1.000000
1.000000
1.000000
1.000000
1.000000
1.000000
1.000000
1.000000
1.000000
1.000000
1.000000
1.000000
1.000000
1.000000
1.000000
1.000000
1.000000
1.000000
1.000000
1.000000
1.000000
1.000000
1.000000
1.000000
1.000000
1.000000
1.000000
1.000000
1.000000
1.000000
1.000000
1.000000
1.000000
1.000000
1.000000
1.000000
1.000000
1.000000
1.000000
1.000000
1.000000
1.000000
1.000000
1.000000
1.000000
1.000000
1.000000
1.000000
1.000000
1.000000
1.000000
1.000000
1.000000
1.000000
1.000000
1.000000
1.000000
1.000000
1.000000
1.000000
1.000000
1.000000
1.000000
1.000000
1.000000
1.000000
1.000000
1.000000
1.000000
1.000000
1.000000
1.000000
1.000000
1.000000
1.000000
1.000000
1.000000
1.000000
1.000000
1.000000
1.000000
1.000000
1.000000
1.000000
1.000000
1.000000
1.000000
1.000000
1.000000
1.000000
1.000000
1.000000
1.000000
1.000000
1.000000
1.000000
1.000000
1.000000
1.000000
1.000000
1.000000
1.000000
1.000000
1.000000
1.000000
1.000000
1.000000
1.000000
1.000000
1.000000
1.000000
1.000000
1.000000
1.000000
1.000000
1.000000
1.000000
1.000000
1.000000
1.000000
1.000000
1.000000
1.000000
1.000000
1.000000
1.000000
1.000000
1.000000
1.000000
1.000000
1.000000
1.000000
1.000000
1.000000
1.000000
1.000000
1.000000
1.000000
1.000000
1.000000
1.000000
1.000000
1.000000
1.000000
1.000000
1.000000
1.000000
1.000000
1.000000
1.000000
1.000000
1.000000
1.000000
1.000000
1.000000
1.000000
1.000000
1.000000
1.000000
1.000000
1.000000
1.000000
1.000000
1.000000
1.000000
1.000000
1.000000
1.000000
1.000000
1.000000
1.000000
1.000000
1.000000
1.000000
1.000000
1.000000
1.000000
1.000000
1.000000
1.000000
1.000000
1.000000
1.000000
1.000000
1.000000
1.000000
1.000000
1.000000
1.000000
1.000000
1.000000
1.000000
1.000000
1.000000
1.000000
1.000000
1.000000
1.000000
1.000000
1.000000
1.000000
1.000000
1.000000
1.000000
1.000000
1.000000
1.000000
1.000000
1.000000
1.000000
1.000000
1.000000
1.000000
1.000000
1.000000
1.000000
1.000000
1.000000
1.000000
1.000000
1.000000
1.000000
1.000000
1.000000
1.000000
1.000000
1.000000
1.000000
1.000000
1.000000
1.000000
1.000000
1.000000
1.000000
1.000000
1.000000
1.000000
1.000000
1.000000
1.000000
1.000000
1.000000
1.000000
1.000000
1.000000
1.000000
1.000000
1.000000
1.000000
1.000000
1.000000
1.000000
1.000000
1.000000
1.000000
1.000000
1.000000
1.000000
1.000000
1.000000
1.000000
1.000000
1.000000
1.000000
1.000000
1.000000
1.000000
1.000000
1.000000
1.000000
1.000000
1.000000
1.000000
1.000000
1.000000
1.000000
1.000000
1.000000
1.000000
1.000000
1.000000
1.000000
1.000000
1.000000
1.000000
1.000000
1.000000
1.000000
1.000000
1.000000
1.000000
1.000000
1.000000
1.000000
1.000000
1.000000
1.000000
1.000000
1.000000
1.000000
1.000000
1.000000
1.000000
1.000000
1.000000
1.000000
1.000000
1.000000
1.000000
1.000000
1.000000
1.000000
1.000000
1.000000
1.000000
1.000000
1.000000
1.000000
1.000000
1.000000
1.000000
1.000000
1.000000
1.000000
1.000000
1.000000
1.000000
1.000000
1.000000
1.000000
1.000000
1.000000
1.000000
1.000000
1.000000
1.000000
1.000000
1.000000
1.000000
1.000000
1.000000
1.000000
1.000000
1.000000
1.000000
1.000000
1.000000
1.000000
1.000000
1.000000
1.000000
1.000000
1.000000
1.000000
1.000000
1.000000
1.000000
1.000000
1.000000
1.000000
1.000000
1.000000
1.000000
1.000000
1.000000
1.000000
1.000000
1.000000
1.000000
1.000000
1.000000
1.000000
1.000000
1.000000
1.000000
1.000000
1.000000
1.000000
1.000000
1.000000
1.000000
1.000000
1.000000
1.000000
1.000000
1.000000
1.000000
1.000000
1.000000
1.000000
1.000000
1.000000
1.000000
1.000000
1.000000
1.000000
1.000000
1.000000
1.000000
1.000000
1.000000
1.000000
1.000000
1.000000
1.000000
1.000000
1.000000
1.000000
1.000000
1.000000
1.000000
1.000000
1.000000
1.000000
1.000000
1.000000
1.000000
1.000000
1.000000
1.000000
1.000000
1.000000
1.000000
1.000000
1.000000
1.000000
1.000000
1.000000
1.000000
1.000000
1.000000
1.000000
1.000000
1.000000
1.000000
1.000000
1.000000
1.000000
1.000000
1.000000
1.000000
1.000000
1.000000
1.000000
1.000000
1.000000
1.000000
1.000000
1.000000
1.000000
1.000000
1.000000
1.000000
1.000000
1.000000
1.000000
1.000000
1.000000
1.000000
1.000000
1.000000
1.000000
1.000000
1.000000
1.000000
1.000000
1.000000
1.000000
1.000000
1.000000
1.000000
1.000000
1.000000
1.000000
1.000000
1.000000
1.000000
1.000000
1.000000
1.000000
1.000000
1.000000
1.000000
1.000000
1.000000
1.000000
1.000000
1.000000
1.000000
1.000000
1.000000
1.000000
1.000000
1.000000
1.000000
1.000000
1.000000
1.000000
1.000000
1.000000
1.000000
1.000000
1.000000
1.000000
1.000000
1.000000
1.000000
1.000000
1.000000
1.000000
1.000000
1.000000
1.000000
1.000000
1.000000
1.000000
1.000000
1.000000
1.000000
1.000000
1.000000
1.000000
1.000000
1.000000
1.000000
1.000000
1.000000
1.000000
1.000000
1.000000
1.000000
1.000000
1.000000
1.000000
1.000000
1.000000
1.000000
1.000000
1.000000
1.000000
1.000000
1.000000
1.000000
1.000000
1.000000
1.000000
1.000000
1.000000
1.000000
1.000000
1.000000
1.000000
1.000000
1.000000
1.000000
1.000000
1.000000
1.000000
1.000000
1.000000
1.000000
1.000000
1.000000
1.000000
1.000000
1.000000
1.000000
1.000000
1.000000
1.000000
1.000000
1.000000
1.000000
1.000000
1.000000
1.000000
1.000000
1.000000
1.000000
1.000000
1.000000
1.000000
1.000000
1.000000
1.000000
1.000000
1.000000
1.000000
1.000000
1.000000
1.000000
1.000000
1.000000
1.000000
1.000000
1.000000
1.000000
1.000000
1.000000
1.000000
1.000000
1.000000
1.000000
1.000000
1.000000
1.000000
1.000000
1.000000
1.000000
1.000000
1.000000
1.000000
1.000000
1.000000
1.000000
1.000000
1.000000
1.000000
1.000000
1.000000
1.000000
1.000000
1.000000
1.000000
1.000000
1.000000
1.000000
1.000000
1.000000
1.000000
1.000000
1.000000
1.000000
1.000000
1.000000
1.000000
1.000000
1.000000
1.000000
1.000000
1.000000
1.000000
1.000000
1.000000
1.000000
1.000000
1.000000
1.000000
1.000000
1.000000
1.000000
1.000000
1.000000
1.000000
1.000000
1.000000
1.000000
1.000000
1.000000
1.000000
1.000000
1.000000
1.000000
1.000000
1.000000
1.000000
1.000000
1.000000
1.000000
1.000000
1.000000
1.000000
1.000000
1.000000
1.000000
1.000000
1.000000
1.000000
1.000000
1.000000
1.000000
1.000000
1.000000
1.000000
1.000000
1.000000
1.000000
1.000000
1.000000
1.000000
1.000000
1.000000
1.000000
1.000000
1.000000
1.000000
1.000000
1.000000
1.000000
1.000000
1.000000
1.000000
1.000000
1.000000
1.000000
1.000000
1.000000
1.000000
1.000000
1.000000
1.000000
1.000000
1.000000
1.000000
1.000000
1.000000
1.000000
1.000000
1.000000
1.000000
1.000000
1.000000
1.000000
1.000000
1.000000
1.000000
1.000000
1.000000
1.000000
1.000000
1.000000
1.000000
1.000000
1.000000
1.000000
1.000000
1.000000
1.000000
1.000000
1.000000
1.000000
1.000000
1.000000
1.000000
1.000000
1.000000
1.000000
1.000000
1.000000
1.000000
1.000000
1.000000
1.000000
1.000000
1.000000
1.000000
1.000000
1.000000
1.000000
1.000000
1.000000
1.000000
1.000000
1.000000
1.000000
1.000000
1.000000
1.000000
1.000000
1.000000
1.000000
1.000000
1.000000
1.000000
1.000000
1.000000
1.000000
1.000000
1.000000
1.000000
1.000000
1.000000
1.000000
1.000000
1.000000
1.000000
1.000000
1.000000
1.000000
1.000000
1.000000
1.000000
1.000000
1.000000
1.000000
1.000000
1.000000
1.000000
1.000000
1.000000
1.000000
1.000000
1.000000
1.000000
1.000000
1.000000
1.000000
1.000000
1.000000
1.000000
1.000000
1.000000
1.000000
1.000000
1.000000
1.000000
1.000000
1.000000
1.000000
1.000000
1.000000
1.000000
1.000000
1.000000
1.000000
1.000000
1.000000
1.000000
1.000000
1.000000
1.000000
1.000000
1.000000
1.000000
1.000000
1.000000
1.000000
1.000000
1.000000
1.000000
1.000000
1.000000
1.000000
1.000000
1.000000
1.000000
1.000000
1.000000
1.000000
1.000000
1.000000
1.000000
1.000000
1.000000
1.000000
1.000000
1.000000
1.000000
1.000000
1.000000
1.000000
1.000000
1.000000
1.000000
1.000000
1.000000
1.000000
1.000000
1.000000
1.000000
1.000000
1.000000
1.000000
1.000000
1.000000
1.000000
1.000000
1.000000
1.000000
1.000000
1.000000
1.000000
1.000000
1.000000
1.000000
1.000000
1.000000
1.000000
1.000000
1.000000
1.000000
1.000000
1.000000
1.000000
1.000000
1.000000
1.000000
1.000000
1.000000
1.000000
1.000000
1.000000
1.000000
1.000000
1.000000
1.000000
1.000000
1.000000
1.000000
1.000000
1.000000
1.000000
1.000000
1.000000
1.000000
1.000000
1.000000
1.000000
1.000000
1.000000
1.000000
1.000000
1.000000
1.000000
1.000000
1.000000
1.000000
1.000000
1.000000
1.000000
1.000000
1.000000
1.000000
1.000000
1.000000
1.000000
1.000000
1.000000
1.000000
1.000000
1.000000
1.000000
1.000000
1.000000
1.000000
1.000000
1.000000
1.000000
1.000000
1.000000
1.000000
1.000000
1.000000
1.000000
1.000000
1.000000
1.000000
1.000000
1.000000
1.000000
1.000000
1.000000
1.000000
1.000000
1.000000
1.000000
1.000000
1.000000
1.000000
1.000000
1.000000
1.000000
1.000000
1.000000
1.000000
1.000000
1.000000
1.000000
1.000000
1.000000
1.000000
1.000000
1.000000
1.000000
1.000000
1.000000
1.000000
1.000000
1.000000
1.000000
1.000000
1.000000
1.000000
1.000000
1.000000
1.000000
1.000000
1.000000
1.000000
1.000000
1.000000
1.000000
1.000000
1.000000
1.000000
1.000000
1.000000
1.000000
1.000000
1.000000
1.000000
1.000000
1.000000
1.000000
1.000000
1.000000
1.000000
1.000000
1.000000
1.000000
1.000000
1.000000
1.000000
1.000000
1.000000
1.000000
1.000000
1.000000
1.000000
1.000000
1.000000
1.000000
1.000000
1.000000
1.000000
1.000000
1.000000
1.000000
1.000000
1.000000
1.000000
1.000000
1.000000
1.000000
1.000000
1.000000
1.000000
1.000000
1.000000
1.000000
1.000000
1.000000
1.000000
1.000000
1.000000
1.000000
1.000000
1.000000
1.000000
1.000000
1.000000
1.000000
1.000000
1.000000
1.000000
1.000000
1.000000
1.000000
1.000000
1.000000
1.000000
1.000000
1.000000
1.000000
1.000000
1.000000
1.000000
1.000000
1.000000
1.000000
1.000000
1.000000
1.000000
1.000000
1.000000
1.000000
1.000000
1.000000
1.000000
1.000000
1.000000
1.000000
1.000000
1.000000
1.000000
1.000000
1.000000
1.000000
1.000000
1.000000
1.000000
1.000000
1.000000
1.000000
1.000000
1.000000
1.000000
1.000000
1.000000
1.000000
1.000000
1.000000
1.000000
1.000000
1.000000
1.000000
1.000000
1.000000
1.000000
1.000000
1.000000
1.000000
1.000000
1.000000
1.000000
1.000000
1.000000
1.000000
1.000000
1.000000
1.000000
1.000000
1.000000
1.000000
1.000000
1.000000
1.000000
1.000000
1.000000
1.000000
1.000000
1.000000
1.000000
1.000000
1.000000
1.000000
1.000000
1.000000
1.000000
1.000000
1.000000
1.000000
1.000000
1.000000
1.000000
1.000000
1.000000
1.000000
1.000000
1.000000
1.000000
1.000000
1.000000
1.000000
1.000000
1.000000
1.000000
1.000000
1.000000
1.000000
1.000000
1.000000
1.000000
1.000000
1.000000
1.000000
1.000000
1.000000
1.000000
1.000000
1.000000
1.000000
1.000000
1.000000
1.000000
1.000000
1.000000
1.000000
1.000000
1.000000
1.000000
1.000000
1.000000
1.000000
1.000000
1.000000
1.000000
1.000000
1.000000
1.000000
1.000000
1.000000
1.000000
1.000000
1.000000
1.000000
1.000000
1.000000
1.000000
1.000000
1.000000
1.000000
1.000000
1.000000
1.000000
1.000000
1.000000
1.000000
1.000000
1.000000
1.000000
1.000000
1.000000
1.000000
1.000000
1.000000
1.000000
1.000000
1.000000
1.000000
1.000000
1.000000
1.000000
1.000000
1.000000
1.000000
1.000000
1.000000
1.000000
1.000000
1.000000
1.000000
1.000000
1.000000
1.000000
1.000000
1.000000
1.000000
1.000000
1.000000
1.000000
1.000000
1.000000
1.000000
1.000000
1.000000
1.000000
1.000000
1.000000
1.000000
1.000000
1.000000
1.000000
1.000000
1.000000
1.000000
1.000000
1.000000
1.000000
1.000000
1.000000
1.000000
1.000000
1.000000
1.000000
1.000000
1.000000
1.000000
1.000000
1.000000
1.000000
1.000000
1.000000
1.000000
1.000000
1.000000
1.000000
1.000000
1.000000
1.000000
1.000000
1.000000
1.000000
1.000000
1.000000
1.000000
1.000000
1.000000
1.000000
1.000000
1.000000
1.000000
1.000000
1.000000
1.000000
1.000000
1.000000
1.000000
1.000000
1.000000
1.000000
1.000000
1.000000
1.000000
1.000000
1.000000
1.000000
1.000000
1.000000
1.000000
1.000000
1.000000
1.000000
1.000000
1.000000
1.000000
1.000000
1.000000
1.000000
1.000000
1.000000
1.000000
1.000000
1.000000
1.000000
1.000000
1.000000
1.000000
1.000000
1.000000
1.000000
1.000000
1.000000
1.000000
1.000000
1.000000
1.000000
1.000000
1.000000
1.000000
1.000000
1.000000
1.000000
1.000000
1.000000
1.000000
1.000000
1.000000
1.000000
1.000000
1.000000
1.000000
1.000000
1.000000
1.000000
1.000000
1.000000
1.000000
1.000000
1.000000
1.000000
1.000000
1.000000
1.000000
1.000000
1.000000
1.000000
1.000000
1.000000
