59.02667669085218
53.91796868213625
55.033382533106334
55.15808957314593
53.67901545271417
52.90920706731991
50.91397313603769
50.82033584518627
48.77815149866248
50.78451210620486
50.46528501898047
51.27881551563871
49.010697641096826
48.34014671818423
48.50598492546621
48.54684609278231
47.23564665930797
46.51425400749567
45.91878995104465
45.30689050826831
44.72752321988433
45.54236101051629
44.868483162666806
44.05555351259632
44.11577217764231
44.3167968467799
43.93050228361618
43.546814862492226
42.70441356918113
42.739830947803
41.92787864204208
41.821911677657326
41.1898434921691
40.432424459267025
40.214237686744006
39.65851089717102
38.74590933554833
37.90610766038826
37.04852376224969
36.78265339821828
36.49128185630639
37.01910086951584
35.76345781682414
35.75496132716273
34.882312851919195
34.709571316514385
34.270269429588566
33.851069588008684
33.62374483954854
33.116667129123826
32.517828447940786
32.44025159445884
32.282940510215084
33.0957120107758
32.36420887948769
31.728918920267347
31.728850611395764
32.82070456474078
34.08238766426793
34.32773397267053
34.7676829563347
35.65763128010767
37.26949766918004
39.002639454822976
39.68975390632228
40.95428215616869
43.56816444936918
44.343356425100225
45.324773048406485
46.265923984524065
47.53198244200888
48.98905356804843
49.95974102422095
49.639324783111
50.318457319701906
51.031634931397
51.73434951669151
52.30649688400482
52.60908932705636
53.02663357089939
54.15381830366426
52.96356051552737
52.160931385500746
52.499433989061785
52.05362379607998
51.490459081554185
51.28459537990274
53.54417917191623
53.86928252845341
53.543812360519276
54.60218336758735
54.02195274593765
54.651915504194335
54.43762232328467
52.525315123840834
51.28828545587164
50.31445522522226
51.918541986888094
51.723693906806105
51.675189922428245
51.37204909229579
51.04663496610064
48.66730190743536
49.067595668464016
48.183489865243274
47.63757779958139
47.415630921667564
47.42999742432595
46.9062244213995
47.48921945740322
47.27155738907857
47.107674088438785
46.0501800668115
44.93536164558406
44.925842570039094
45.166520943758144
45.65107279067861
45.84818178381833
46.087918022189925
45.91740859863236
45.085287079912575
44.12566697309652
43.160630235505955
42.12749338542034
41.604478422005535
41.319295846884785
40.80453332225537
40.147550459401856
40.30508111057955
39.0271396278474
37.94943424838281
38.3393350520181
38.561868251554486
38.29909339706035
37.98004266075598
37.02956342798268
36.94430411685193
36.37201392314584
35.73150536893448
35.04327703554635
34.475481967694066
34.10104519855335
33.997119133623116
33.37574942160035
33.02461823366566
32.38619761718765
31.331395115361246
31.370617237445643
31.51488221541166
31.406228453357784
30.86225580603815
30.66554581602125
30.50613581070084
31.041898364105137
31.847253235700716
32.8712268084726
34.404851585730995
35.20919166128266
36.22473353401488
38.42075766515996
39.766335718175014
40.26840402338151
41.66730738861809
43.90090370880036
45.34792143767789
45.25262595725485
46.93308090264722
46.94404005221373
49.719053494701555
54.06668944735889
54.83360305167359
54.742627398140115
54.50253950649044
54.24105259100401
52.94103081817574
52.529165831600814
52.28320281430638
54.38962631143489
55.06925286404724
53.54805639291776
54.489644765319674
54.98476053040717
54.4198085103113
54.59446898403407
54.370721563235016
55.18296587582475
55.22278291680024
54.88526157885881
54.39754941093466
54.272783671873455
53.72636158530413
53.98531869790804
54.58219698374034
55.17107064446371
55.93901899628979
55.240785403639734
54.01294955974278
53.12742545721082
52.04295770271869
50.77689932151945
50.29821674825018
50.29039461247592
50.88075938683155
50.47309094895199
48.07223118244366
49.34977719020446
47.62408831439572
47.684251718602056
47.237105586063734
46.887117694257924
47.69011581396509
46.97677751130851
47.876957631097355
47.930602894704926
47.661221948951834
47.031263578931174
46.06020180269621
45.77131099556132
46.014419623377464
45.846557974463195
44.4829307775216
43.98810802956672
43.37198821749801
42.150352163052574
41.920102095011025
41.446990890852874
41.029669024886275
40.67571963162726
39.45367995701979
39.664126706318804
39.765380841153615
38.71281784874118
38.80061427807598
39.461701578722284
39.10306366007123
38.57594211639149
37.80724508946341
38.61986914386202
37.95233143670157
36.229965087227896
36.29682269865455
36.080975927050815
35.87086315774475
35.016486237156286
35.22180058627683
35.50096918641083
34.42079938309783
33.382790116697024
32.75311099601862
33.430021729838714
33.26259918093288
33.20827971207409
32.63436535270509
32.7903382146898
33.823222635286186
34.05679500086785
34.53887620484238
35.55806361587037
35.535988750191535
35.71113542358877
36.33734240887873
37.58397811077914
38.32126022916255
38.60951400355556
39.19830341170483
39.98784889586596
40.297197970042646
40.85388555898173
42.154094000481095
44.03179730738277
43.710948436118905
42.35894366419636
41.50214679332019
41.634039674581416
42.46442031939942
42.389656130152275
42.87517255649793
41.71281131575708
41.379777184111184
42.97276117560108
41.92614728554463
42.061679182698256
43.51939033106956
43.88226644627023
43.68923719856642
43.62488202101902
43.34831834312941
43.87029031293788
43.03391965697446
42.76721103231564
43.14852391845943
44.12647949397386
43.90214288038274
43.18990091977639
42.40096451684202
41.9438617409637
42.073197038175095
42.315245899811984
41.96888482866672
42.58082741726794
42.70628046843265
43.081646262891184
42.78478548617964
42.572898753496204
41.85155774799443
43.26413067424011
45.12541618984446
43.84316990566977
43.548819220712666
42.75467771834956
42.1871514835527
40.45777024666899
41.375281230779656
42.34977377120174
41.46876179436955
41.15493226596284
41.16854855794124
41.030328092129125
40.040703732399564
39.38932902425411
39.09292789427205
39.63250716267679
38.98559189662524
38.355281194350354
39.20936913845498
38.42466547317747
37.87987389847613
37.32556866957934
37.03201306997241
36.62360971662231
37.385304876781944
36.22837056395822
35.842322743396736
35.416138518867896
35.12324035373106
34.185164634299085
34.139742751536446
33.828255738236834
34.068131119233875
33.89905120766582
33.1685351881588
32.79976907357232
32.8689128165057
31.692733593531837
31.627575125293244
31.71319375143822
31.682955766827064
32.16483524000877
31.622612245744858
31.44172416918591
31.44243718632885
31.37674883968714
31.445598121851802
31.96025791928075
33.29133025923346
33.76301615696191
34.62990087866201
34.43697757327595
34.08992663298554
34.23768092383389
36.09179550536976
36.63100504007187
36.72870212350199
36.849616763533405
37.84536493719909
39.256227759284684
39.47734139941072
38.54567472889728
39.21262374590984
39.14644053724565
39.8991713332704
40.3889609404992
40.02891509043829
41.21309818484124
42.046659676550945
42.2320767356221
41.84405069221046
40.18616022132494
40.25927011653464
40.28813713756597
40.63204801676498
40.71961348681636
41.879646523651815
42.09585932116832
40.996075136815
41.177960884215416
41.42045545801719
41.807328028721585
41.821372476213355
42.06091521881164
42.3884501716371
42.18325315490373
40.87691607276251
40.95870463057451
41.9841137638279
41.71531042497689
41.04332440454367
41.67322981202636
42.16200018462671
41.862202492754356
43.77837625822483
44.1618547869868
44.72014843065135
43.49388919396585
42.81878032260861
43.47376128712222
42.34711780273708
42.28603218241006
42.18552932978504
42.21807379510187
43.32850507012249
43.09774346494913
42.02487998752203
41.52297322813055
41.19343569962099
40.75540478192755
39.38272976096955
40.00049434285292
38.77679170489984
39.13282583462188
39.21102559915285
38.701004646682804
37.25556479087973
36.43304500181597
36.816501919345484
37.30086719996069
37.51410689323092
37.727171327870735
36.02385032014878
36.26566905765635
35.89263362184619
35.955651078947724
34.87467946178799
34.38728675608621
34.64238924900113
34.024528572573914
34.12678797188441
34.06381482429863
32.83162480254575
33.20242632716701
33.44956741286687
34.11282646025923
37.3532615973786
37.09943935564479
36.92854205036002
39.02054461463455
42.34618902440204
44.18007694815873
46.45725437825264
48.79404420683498
50.94147176580955
55.109474984254575
57.37522019580378
56.879256243378094
57.11703185249982
56.590258850217865
58.00530651774865
59.98290536291111
61.7086163075533
61.817271699033675
62.168725823857734
62.411374327168346
62.371505828776215
62.61691903646006
63.369120154382934
63.55810476513523
63.83370725931505
62.33768039754592
61.62093959240622
62.076333043063286
62.33329125377947
62.45567416240873
62.71321895224355
63.51573330809334
63.30617490475362
64.57836665805993
63.259693421205434
63.74810450857631
62.313707478876495
62.17546533532964
61.46070619767691
60.62303247672581
59.0296203822567
59.083773733076484
59.616578796091446
60.17983149302458
58.166861493225184
58.60151767047128
56.64964755342574
57.75827811606527
56.705895124733054
55.76454540740545
55.28333068836225
55.79130642040005
55.1561967388796
53.65336344615228
52.92552323005407
53.997447859616905
53.60614614645528
53.007689074240055
52.21760419357169
51.72455948591738
50.96680383870432
50.076088055484945
49.679641251941206
49.81543488714524
49.32231117997828
49.0157115148062
49.676034727019115
49.21827834721318
48.29704954817137
47.622510117572716
47.430300597659254
47.90569387160549
45.69847815855385
45.538043177473284
45.24862345270195
43.959837616026235
42.580842346960246
42.68467523783079
41.79980074706201
42.50678298513874
42.4602241783019
42.17069426577477
42.321190899873315
44.349394138088996
42.45421062577185
40.95351730452872
40.000974225234
39.8260801949948
39.6643251050823
40.018697680244884
39.414502950955125
38.680173205959434
38.422912078064854
38.20195043735464
40.505277060929885
39.830707767414495
40.905246886615274
39.86089163142101
40.509857370558436
42.027659402899324
42.8989885906795
44.61394776644801
45.54669671027285
48.205802922610815
50.01640304570843
51.89354709792561
52.57491460055961
53.14537398169889
55.499016347194875
54.96173372605892
54.823739919255345
54.26353737816176
54.229906830890215
54.49088497544241
54.60432555346245
54.26648229371166
54.453470667485064
53.75935703017731
54.045628895181686
53.85887517597435
55.473504440298406
54.92375105609531
54.434624781620734
55.50776095299072
58.167744882287536
58.19038570344052
58.91368549325095
60.17900524824149
59.29106202773617
57.65067754001376
55.414033255663206
54.926498456032064
54.857942577677115
54.387322847931
54.56782903228219
55.82013743495652
54.84457000526321
54.06027599726263
52.96871230055135
52.80666291563433
51.8532095738415
51.39839782909442
50.757965080486386
50.579871108856025
49.73647920495543
48.37032146548931
47.21078746617758
48.230759440204224
47.751865133825
47.43210987374296
46.9844337221151
45.759283099950565
46.34749214592748
47.148707506700084
45.59082460615342
46.83969757778674
47.215757538430246
45.389658397093825
45.358882971724015
45.13645337789073
44.09497056088142
44.0633057886228
44.02600109874034
45.18350352125003
44.6168367788356
43.7533894015796
43.14873445982543
43.64568416938528
42.343933124928064
41.3425532964471
40.517506829494906
40.36783756770056
39.50789679709519
39.0961251978371
37.521644721295175
36.98475420121427
37.96374123996107
37.13481394510683
36.271765329272796
36.8184351811115
36.31239199688845
35.662351058361295
34.779973774924265
35.730008287424766
34.74455665838775
34.76249814751162
33.69720049701036
33.91012966880969
32.94929130365304
32.2198360241575
32.666537198211074
33.870746568169736
31.833404697081974
33.829615355722034
35.66488472900582
38.72895302290662
40.53828965983256
42.87175414082344
44.84237409893312
44.42031940690087
45.60595809669242
47.107926834305346
48.20871785284598
50.36877445629035
51.60200573185923
52.73950707690588
53.79392361018862
54.28509882398866
53.433023870948475
53.69552116706541
54.37241527606715
55.570738468839636
53.73497650683985
52.58508555934638
52.21690093482981
54.390056117402935
53.248905672506936
52.30037589002038
52.05708076877459
51.927302736959696
53.69671701084667
54.018883070511556
54.144465718257415
54.45105940393162
56.101535293991724
54.68739097987515
54.610409770807024
53.84305052123338
53.48341556985934
51.786683415339624
53.08236431667701
53.03210843600675
53.36141231237012
53.161251200318915
53.21032467116264
53.93455101587119
55.04412506162794
54.36268671470832
52.79525892808587
52.34005651156073
50.788346202427064
50.414794788040794
49.90754621711027
50.22958761460403
48.26401806653931
47.63866335675151
48.247100203281704
48.25887607282101
48.1280120612696
47.98926956258195
45.510073396458395
45.15233279492222
45.661915265864245
44.53486604224937
43.691010347911046
44.23775777513918
43.55315072209395
43.793859073012875
42.77193611890802
42.21441343544821
42.154244592321554
40.709752945745024
40.230748131745834
40.75851846150349
39.49355041165163
40.135847877533806
38.886804427289945
38.59035835380566
37.58296967656608
36.821496259452275
35.83187885316592
36.56972602606433
35.96846972919862
35.83027698664381
34.9675711605024
35.54645972332193
34.98126248636581
34.608002972646034
34.30235646589561
35.410303129066165
33.629242898281234
32.455411057367016
31.903598722750022
32.232984029253345
31.790928866618927
31.254222148738847
32.2231920647818
34.14179770453748
34.0837195945512
34.1409984417856
35.084096353548404
37.44522869473235
38.540781514064946
40.3660512909086
41.66885873800065
43.55667318546254
44.715104143306945
45.83847997316249
48.86712590237001
50.493043518145896
52.37293941089511
52.754859065827084
51.12478695115725
52.23908737293075
52.36245150016151
52.7805116846674
52.448102392927815
53.75591237337896
52.925979311340875
52.16035967902436
50.607871742874586
53.59206710634261
55.11050406753414
55.35671339731206
55.371331415855444
55.87379063992523
56.542788609299755
54.898753067113574
54.116440288610015
53.49458352795193
53.52431864866048
53.66766065817329
54.77728930064262
55.66038208243846
56.64039616620775
56.04413589846381
55.715988365929576
54.12247949628237
53.09917304458675
52.70728425491225
51.78958749173997
50.727467240627945
50.323743235802425
50.87483183934564
49.83401944125312
49.84982072754929
48.992842089788525
47.94027400465055
49.633534755101905
48.80059693876457
45.74848538423383
45.20822371300696
44.8180340703724
47.56440842855563
47.866751603475755
48.08740997327533
44.8392035306204
44.929138717296574
46.245654576534044
45.699491854171264
44.26265063651573
43.0097613946768
42.82661397781749
42.033512417965014
42.12943029329576
43.072511727199824
41.7964246100804
40.50034669626377
40.174793238479566
40.14327071362551
38.926088358318815
38.73650914533354
38.39907587247038
38.32288200534839
38.361586522409084
36.43221453294451
36.33287468454523
37.93202160941492
36.5648527833236
37.19172494788448
36.55546286823194
37.5316783127233
35.700748977265704
35.14804878712633
34.88561184534004
34.730685432535594
33.640814697177305
33.55831838192282
32.25726310755441
32.14054482108351
32.09134822268179
33.124099642923255
32.82031419169934
34.172278976658745
34.59409384806145
35.981286455306744
36.162604564386825
38.555771074698484
38.93949800718404
39.82538259090007
41.55885216427207
45.468430693555526
46.91410156610174
48.13442396839325
48.98498792740615
50.77584803945432
52.0262969103549
52.24025317666529
51.38779688508873
52.42107604101224
52.72409413311308
53.03536709327423
55.31349504945775
56.13976067272067
54.946003403746616
53.854717246370924
53.372360188697
54.44422070986719
54.41919619787518
52.790586901840314
53.864382634614614
50.94667805282792
51.59427722471207
51.0186624302396
52.07993543032377
52.670610911392444
52.13547683900366
51.55521008088792
51.53810577940307
52.870022574931525
54.49718044316822
52.180456018941165
51.671983208460276
50.99208471440037
50.04247159264103
49.51364778224512
48.012607199699424
47.73019335406839
48.78804657166994
47.2494864807096
46.44911603641844
46.33727409194972
45.24332916034737
45.12290006509065
45.401127362097625
46.21901810573772
45.34927217956992
43.948323686796414
43.33749491065063
44.04268268471881
43.71745092157229
43.45727757321188
41.861591112893784
41.52175324908803
42.52884682425557
41.030975518731125
40.40202449734833
41.61398283468958
40.716486346134786
40.823551928598036
39.50141499843431
39.73591120186836
39.199986286173484
38.447110829986535
37.460931046034744
37.33743569209545
37.70187429911185
36.488802329070246
36.14287322282038
36.071427321501
35.879245344334585
35.26788444739602
35.40638389902364
35.250058856675935
35.56376673158811
34.57051538302092
34.72222089780797
34.546193983575705
33.85453432867598
33.33816312667247
32.32349646870149
31.792094695942517
32.242179529015075
32.093486532437254
31.999413399997067
31.88450795114609
31.695000875654017
31.162227600813637
30.21410637201447
30.994754025465653
31.47140963352929
30.905452978852868
31.029080793710964
30.683127470329765
31.21631629053363
31.86672984350561
32.015818710787286
33.25953206418187
34.01311836511701
33.98319049298527
34.90747528766566
34.782278909213034
34.555531243431474
34.77295959218118
35.37028707244735
36.80258955594309
36.545886863555815
36.21281048158231
36.678823812094
38.39519288766499
38.14565081133153
37.41032568271275
38.47496662179966
39.53405718886414
39.582572711196924
39.20988595799536
38.03413244639314
39.98991630079452
40.669101331465804
40.3900726124125
41.79259113199996
40.36580054790972
39.64576387320687
38.65081241641062
38.11564709369797
39.60577963697825
39.3498805555131
38.604012301978855
38.15433907012771
39.853736643360314
39.54761781633533
39.328454034845905
38.845984826342644
39.491689882854025
39.797320272565784
39.85496585543993
39.358304274367
39.80443218947981
39.30575404550553
40.03389807185995
38.95639848737475
39.05708435807385
37.73243871927741
37.01791180193246
37.866018736478935
38.09183088061227
38.40897912843851
38.5534897360255
37.61986903117652
38.3652323693705
37.511581236555664
37.487502083139134
36.36308139631854
37.56264068060197
36.774392563336335
36.4631692255939
35.69305445172814
36.104629318619594
35.957162820715524
35.918692091082505
35.696790096674334
35.57178112936168
34.52387103425831
35.38334725667105
34.92196128593919
34.833015853557185
34.11626338799552
33.839433572345854
32.95408098252187
33.37382517782805
32.72118237515487
31.99306098134788
30.89705838626078
31.350292983471803
31.116463685808327
30.23050238738341
30.451799786920873
31.705280688697272
29.398905901439022
28.395212974629942
28.00273752604177
28.707290188397238
28.71979619674904
27.65224643646826
27.992942542820487
28.79021785172539
28.73810028710143
27.821182803128906
27.917346846527323
28.11792722218853
28.797437419316385
28.742916132984618
28.542759589938417
29.437070490517463
30.566801963622865
30.420861069061658
31.20629508789665
30.89763995174678
30.774408527609566
31.634827423436548
32.903946224439736
33.803277441160915
33.81352103746761
34.67820315240452
34.97440207404813
34.52496761174078
34.132263440957416
34.89481001788099
34.54131852921087
36.11849425107286
36.48104430674361
36.4516723761777
37.99993738478045
37.036525570961565
36.75273448202644
39.271526006494796
40.26323214506867
40.82218587012811
40.70609632699745
38.728594011261436
36.18622069998093
37.24516089542883
37.89286629569406
37.10422685427696
37.22086640781978
37.865004402498805
38.413529344497334
38.827383659795196
39.25472110414536
39.18535611709188
38.85672304083696
38.92312140755337
38.59996766639521
40.53779648354463
40.06773661815689
39.166592335967934
39.073051559049546
40.02318815851838
39.971770212229174
40.712218214194976
39.098766534452594
39.237677436461446
37.877496770423434
38.11227407590705
38.48485167643666
37.34557430304252
38.74041568761453
37.81469492668728
36.60543748895248
37.197909551786736
40.27094712173003
37.80122858047879
37.27052738356978
37.98094777012251
37.37623366223986
35.474248689523534
35.40586590595747
34.99925722693881
34.41254656937178
35.36803698290166
35.05137177873594
34.25089165964015
33.175476977347856
34.38866941003271
33.601052702275524
34.32611492962267
33.41772098700753
33.004488831930786
32.36150590973014
31.566746328456198
32.17449353723519
31.95672094165168
31.32046080343453
29.503798829081372
29.54813528511974
29.5548313873781
29.101858122247236
28.941954957707672
29.77743006126478
29.837477420756628
29.713625539482514
30.423809159742476
29.61843300701753
30.3062911594286
32.25961540701819
33.742257581579125
34.89378833088408
36.39073559572954
37.527027326816125
39.41314025014846
41.110463182221494
43.085146252134805
43.38265360881204
43.463492829716465
44.089246961694144
45.189864078924145
45.34144146474591
45.46857319124497
45.8723267185203
46.59507189655018
46.57276170465492
47.2546018666415
47.54113662978151
48.28194287300862
49.398506247009564
49.34666407603366
49.156722118699896
49.593876746711715
49.55655203526393
49.08903195747587
49.79531533806173
49.47708620518945
49.201438582785755
51.3720517637703
50.55896190693589
49.78579154968122
50.96406779952498
53.08109814308231
50.29752984451485
51.226300271734345
50.31107270413136
50.822350834306356
50.38287692121863
49.21607932231478
48.72510119471281
48.103623785149196
47.71942424756176
47.28169944551291
46.528064922716155
46.94949528902856
47.1818817446902
46.06887603672382
45.53833192913378
46.93741634179433
46.30969692043397
45.004682343526184
43.61434386765622
44.405131787847225
43.64281761113086
43.18192579202628
42.995574295668334
43.56058645846751
42.08916828038756
41.90091906816393
42.075702599309125
41.97261004689316
40.900644717832115
40.61873117668205
40.83837462034444
41.08122749022358
40.53006281033005
39.861206567584716
38.928920607483995
38.22182998063309
37.98112374592368
36.875611605918166
37.019561510098725
37.075814103159104
36.17340736498245
35.8043191305146
35.082622303268664
34.81179886407779
34.74819981018129
34.56851523729189
34.22150365210939
34.44788289841148
34.397685963887554
34.00014511128126
33.494367947413295
33.07111695016714
32.22062618172035
31.44856009846866
31.004803057326058
31.25448554789638
30.517902910921805
30.966707026328592
31.158891606084836
31.600313705652525
32.52958207170137
34.02891966000524
35.035586552356236
36.87382039979843
37.80188267985185
39.11948747896926
41.35727037423194
43.14311260719123
44.784877726736426
46.49412706274281
49.155896444356706
50.44713504846845
51.17224134598341
51.29236794473815
51.390788605236416
53.14719255091395
53.184100579048774
55.37717189421268
56.07104651254093
55.4664340150061
55.7574385707488
56.85230169771197
57.222668300613236
57.745577874460345
56.632269195013265
55.2602542315267
55.8038203469018
56.12197358631985
55.41604575205494
54.96237646463187
55.30350937856321
55.20249601051262
54.456226499117214
54.888902083476715
55.18191311416042
56.10405565534576
55.20349869834442
57.044410225337614
56.55632929171729
55.25404353265753
54.826916614638264
54.7170761134986
53.24000218692609
53.6862579736533
45.64034010195825
59.1835951602151
52.34538584472196
54.05043386726577
53.3719415676034
52.00618831475024
50.41456344270929
49.5514319310884
49.34970129437678
48.91287213131946
48.414085217194526
48.28920373466036
48.215810938622724
47.60898469028495
47.61467530032054
46.749906729895734
45.6105901626365
44.67854533891099
45.0823842819316
45.501891982671545
45.24170763266457
44.191566143351444
45.020389256814966
44.23967157647828
43.94658084603764
44.110797259373825
42.285905023701645
42.50759540563276
42.82716090109392
40.95624348079091
40.28764685010292
40.36729919090522
39.313099933410015
38.05732873852988
37.49167335406335
36.91674837932665
36.837724274441115
37.70095436723328
36.89874841563469
35.91530144085728
36.0104996347313
35.3717188000669
35.31664425256403
35.657858721637524
34.792245881337394
34.81908875644575
34.025231560059524
34.211118398410676
33.92600397813345
34.079094134348686
34.378232300982965
34.546335758178856
35.03066361113936
35.52678441021651
36.64391729419897
39.85658220062449
40.7121099277162
42.0982764389652
43.73090257101251
45.0894696265584
46.246505541453416
47.45785351580743
49.03821291527969
49.89580103152305
51.901228231395834
51.83058394221499
52.49650662508005
53.433186293215655
53.51898412011826
53.62384885561889
54.90005237467312
55.61873606684572
55.48974463523209
56.112330169580574
56.09614841286904
55.82166139139778
56.528462333321656
57.79351139368207
57.33208571971588
57.02323391913849
57.4463786999872
56.01535028839048
56.31870421984071
58.58671933473828
59.246680584758685
56.97087356518883
57.71530600443844
58.88388811124368
58.379824886504686
58.20976270237704
57.251350278515915
55.32568367998424
53.82588194196746
53.9623669177284
54.02125931444432
53.35744521960861
51.61064191732912
49.83101901558355
48.234875996102424
48.22763573782096
48.15055245316036
46.507175365426576
46.851579327195495
46.08126134593282
45.849029809122776
45.840237139926074
44.90889587300862
43.89982709564501
43.26630330331916
43.0153674558424
43.163586491100794
42.734243150684776
42.38922706133508
43.33863274494257
42.97173646821826
42.454420477854924
42.04450879818682
41.36635034771588
40.69384366645053
41.152167377550434
39.92000124776345
39.11603663421442
38.50493370991305
37.793888704545
37.4086565361974
36.87818445578205
36.687729875261766
36.69992764240676
35.13739714354105
34.343481879240805
34.63124045836322
35.76583127103606
34.21570417079116
34.32574170903997
32.88887982819631
35.694942476994555
34.85015667572138
33.96697365531939
32.4574349910002
33.65908786044068
31.75669391288031
32.32806188669542
31.623866337984552
32.20743930645618
31.190368331004724
31.23891930305749
31.2033973330644
31.670889199396026
32.41789769251313
33.472690542198904
32.31473757056459
34.4906756587994
36.97441178444613
38.001927777514524
40.021309729225365
38.34113153878531
42.572646349836006
44.37507215569012
46.72178233356264
48.07248625356448
49.11135588020032
49.653682446940806
50.41075333394033
42.47278994472575
78.78741768257746
51.33978966497649
51.46478339465664
51.49122821549899
49.75248461850997
49.44761827294778
48.3296404153385
47.976861182192934
47.89747699504129
47.38476876843501
46.549418954340865
45.31660016928194
44.87706111111058
45.42078138337328
44.62961009468784
43.98666928109688
44.29483267104699
45.23909941274479
44.69150779334122
44.23938552774503
43.19474556216738
43.17615093725427
43.09583667693624
43.021165658059004
42.07207784204415
42.40185877057393
43.37525594427909
41.18121321196706
40.44219448964513
39.595596165543085
38.692699294474735
38.77735226573087
38.55617149885824
37.93834494418691
37.14539911289305
36.66123286840157
37.60550801752308
36.64945747366288
36.93526545786273
36.693096974559126
37.460184951901
35.20861972860044
34.966693522326395
33.128848130850855
34.077019432995215
34.28616435884656
33.82662431062482
33.21352652990339
32.73453219644945
32.51242743898197
32.98227562782762
32.919163869754286
33.638387413454026
33.88570377157898
35.538680140586145
35.25007117673762
37.4195833729661
38.08071063249946
39.2206474628676
41.465112998724585
42.52056923483522
45.15296237161879
46.54351935848875
46.89680289350376
48.44592101870121
49.754914927744096
51.49034857209871
50.07985373274256
53.216039456502386
53.18291237430567
54.232867525506265
53.99475223149225
54.92645412406245
54.06895935618911
42.79385074389019
62.73877221723145
53.103939382346304
53.095519882825606
52.215396850349876
51.973054657821
51.50112278067472
52.555472782536995
54.69423978969315
54.542376112676195
51.57193213282531
51.783930765299786
52.857846656102815
54.23703897646426
51.887346343176475
51.66238023967493
50.790925291094965
51.5871333746081
51.72865812879398
50.5855905580396
49.972171854554816
49.46691198937861
50.478246850635514
48.17834600618181
47.77287906292884
46.901083411973595
46.70218195720525
46.58550591297499
45.79817391489762
44.92692391690916
44.93292033948738
43.74302958934901
44.272445311811644
43.105699438757725
43.470134421418734
45.08843585765229
43.727906960180924
42.982856990941414
43.01814163886881
42.426622028366154
42.40381328236242
42.08995982509994
41.886799905364185
42.41049319672311
41.42238943041754
40.73760276386362
39.73051513977375
40.56916508338556
39.46748594577799
38.91005031656086
38.85042732286176
38.479286915684796
37.390515020806944
35.97640989152177
36.11760968764279
35.73979110131863
35.01768886875922
35.094940018100374
34.10889696889984
33.50477801940417
33.14319893117697
32.671570415102835
32.769232707982354
32.049717389736884
32.20134435399724
32.01038984736047
31.838534311339785
31.072171967451666
31.04099253767083
31.10591279725068
31.07389110036239
30.62779719934312
30.180832571605777
29.86015558510445
30.61996486444268
30.30079140695007
30.130748957409082
29.936031085016666
31.304248058280592
32.11766143139501
33.54782697083132
32.69169894798026
33.04170657017815
34.44591463515257
34.3081641643964
35.001460866358286
35.8521816783669
34.54771559472558
34.79873400969868
35.842088854985164
36.78180200974779
37.190842616750686
36.99530101023707
36.715099655578015
36.835597680721996
36.96502692441624
37.218748626553506
37.53421603195871
37.58385459179787
37.03968950689661
37.004014408725496
36.86415067645863
37.65343307444777
38.09740642851972
38.05718945257608
38.60624125634817
37.60661563616804
38.032154668898514
38.34273790916845
38.93346515652821
38.29286414166245
38.46787311760295
39.72035243819368
39.86455352525232
39.42586242845594
39.17049580659435
39.57695584267705
40.20541005397571
39.40171859001782
40.11695283145831
40.678024077003506
39.634516487829046
38.660021937512454
37.56424084439288
38.019555880244646
41.133268904006094
38.340935980209686
38.60707296850955
39.181983113749155
38.496173469665905
39.02223463274718
38.27965359896981
37.49443042250482
38.77567680254836
39.06537209196606
39.14055229828847
38.70317676261868
37.60706189309863
38.341266316028566
37.055871390287734
37.150111238124325
37.153970374582514
36.9132007253006
35.99872493292397
36.112563657138054
35.52224657357935
36.42391291128061
35.15268956619285
34.509883452797936
35.00765629560976
33.593484574645714
35.51843314283295
34.504647466551575
32.827671781151636
33.197446461866264
32.947548161656925
32.94220156954589
32.53804861504307
32.3380721797395
31.95086115320808
30.574407162520785
30.786261465958432
29.443098709182948
29.360047606665542
28.450267585836258
28.748325277977685
28.47285244742406
27.540759940982795
27.814384724045368
27.43072869141479
29.108471865236496
29.80745577522069
28.96514237496656
27.996830028017346
27.957522309566016
28.816984838982506
28.71311547473631
29.452941132470826
29.304217476785965
30.66549140086875
30.00958539206262
30.561281246878735
30.843840050016198
31.718133291892144
31.925302338872726
32.92570746909754
33.09949400580268
34.22821138605764
35.62915086362004
35.42369930431762
35.33794012773804
33.63255077778351
34.97999032263927
34.917713843103094
34.7016218461231
34.79888773174369
34.80668166815836
35.73758769991865
35.77793126031599
34.701624593753166
34.46542598251814
35.06590608687381
35.22245563330145
35.14344678829056
34.841557851031496
35.16628933113087
36.40641659935622
36.528998217442165
36.512111945933086
37.11420857390671
36.52219734783219
37.07013508956858
37.81687665951554
37.587268035764595
37.77638849002406
37.18508925652816
37.252132464499645
37.0347830504693
37.37738177354264
37.068956796368866
37.65335226484629
38.46494567409254
38.61148548599902
38.14940003420314
37.87069483155554
38.272849058980064
38.42545135996401
40.854365224515924
40.82259598685053
41.40345237130802
40.73065025530616
40.348226457183976
39.538564244470315
38.70526107647293
38.685934257654836
39.39826942438461
37.801781225797406
36.3714568893669
37.43771752466234
36.328857551588015
36.29490080632681
35.02283785752676
35.096855545546674
34.47194160055966
33.547585270688955
33.97797187595322
32.60525677271578
31.941261112987306
31.57714731416391
31.25354260575287
32.37186286049129
32.37353244790225
31.963189994462226
30.92763419616675
30.52821953470837
30.366121763302274
29.834295870177346
29.912843518916617
29.924450396388366
28.603369133797315
27.92034820065028
27.119587293720002
27.81760346996805
27.764425558888504
27.80208973827924
28.31464899943576
29.35652622017004
29.516368251967975
30.58521508185635
31.90760983734951
33.81612515014312
36.173216296459984
38.3665614478997
39.980590999541064
41.50217918195515
43.84706522899236
45.1617155935693
47.83679685279121
49.76725374007713
51.30430909509346
50.10153079780619
50.44950785965935
50.87025801872947
51.73707249542045
52.68968031636545
52.73897068532657
52.78239474372896
53.34842928382286
53.6932155093587
54.074476463471555
54.05427253941616
55.20439123966712
54.23061077460213
53.28784386625082
53.56624669678111
56.03654887989866
55.41973299905285
54.99833202486257
54.406777712959894
55.17273852379066
54.97177028159473
53.06357521428396
52.854148198156
55.32186447772736
54.33590631254381
53.75134624965554
52.95180793930081
52.805961093322935
52.46612627915113
53.17589551818328
51.95517339451613
51.350496011597585
51.57275712600384
51.40585095327216
50.647395056938365
49.96629089425393
49.30282440676187
49.23414710626816
48.32056134042826
47.15378128300522
47.7754508909136
47.12690952585612
47.46544811708834
45.38507066283139
46.48757453311321
45.72123727530041
44.47757122251938
44.2274134132551
44.21591795969936
43.9733245444862
45.61327563559779
44.39219099232448
43.542204552002715
42.36089828323813
41.997597628598015
40.96559453560474
40.51748353235918
39.67650714400181
38.69359229883889
38.617365241695765
38.21526820226208
37.84255797134869
38.10513119033319
36.291728465874144
37.00511772386285
36.375886359141916
35.46608332329821
35.28368827210247
34.72877647592411
33.3214863855636
34.9826610391376
33.44158550604361
33.06822283679848
32.644606697475695
33.49530452846744
32.64005963748862
33.26615764617321
31.58181447443927
31.61932621324553
31.36273533273055
31.434453256824582
32.09367832553332
33.261446709009036
32.842474807250696
34.049940921858685
34.953766933428064
38.43511374742586
38.68400316417955
39.55663569424326
40.866342825412275
42.40757408227729
44.53732843083876
45.05464647204866
46.235095510020926
46.94767735658546
49.39063458949802
50.849275420819616
52.527481264474446
52.0131687634549
53.212927714018974
53.71469002599646
54.16382821143379
54.62154817560394
55.85923853003497
55.127124820963644
53.02044410227941
51.730096176497824
52.49471539811567
52.41022369644853
52.706568051446396
53.322989712667614
53.07864625127354
53.937399276328236
53.72650244604004
53.35371507729644
53.40673706571229
54.660594634727794
53.92549729671163
54.492538040544574
55.29288741581479
54.938374662227034
53.58546269145029
53.81895091168428
53.661130767636514
53.17502426465988
52.518228911580294
52.61084396193449
52.02443760356717
52.45150600271433
51.15525411785538
51.36108542901486
50.69596815165771
48.78720241342373
48.75455084644308
48.21154489063439
47.42306000531553
46.24518099264798
44.89333831984457
45.466165990168
45.64310255758194
45.29376129713024
44.20819261871284
44.023670942191046
45.35131296951641
43.64674703836838
42.5664864460591
42.959456340298885
42.94653495632283
42.557409912141445
42.54333357157934
41.35934066938398
40.46199559252456
40.36283166945246
40.09826413530713
40.08959246700407
38.63787475338903
37.93721442002295
37.509864272274676
38.962915958362856
37.30348831882413
35.46054375919337
35.0653278392074
34.623041823742454
34.54152355203129
34.13647056321179
33.80925928564929
36.83588559347267
34.4621474406876
32.74571030761862
33.5042343489944
34.96817297509284
33.541673498033376
33.42736159608714
32.91436413696941
32.41006749339756
32.90213944642282
33.175231083486096
33.42123304353256
32.59840064886758
33.661090524251236
34.70776637069896
34.70971991634315
37.42631453482596
38.83696914262914
40.89816160718223
42.12559665169602
42.77630514282123
42.919331971287185
45.96885065613684
46.556834195905516
48.88237180325604
50.824321811649206
51.598033290824695
52.480323828761314
51.66201619203872
52.68787467591568
53.23852744209912
54.130033548600224
55.28231241423505
54.69511480352961
54.81956604640851
54.38662941438383
54.966254932850845
55.42671652085734
54.81600614253859
55.80504358912846
55.19053202593835
55.478967484235405
55.833416702788604
55.175453391371164
54.93598021804675
56.99604160553505
57.725944337661346
54.83260951465067
55.68083162399192
56.8417510870036
57.28073600546497
56.04720954451017
55.646197084751655
54.682076767208784
54.6685922722304
52.40749811231265
52.65041632814536
53.10286557619751
52.53000938853421
50.978588200785424
49.74211998488855
49.21557333407709
49.03957390421934
48.74747098509751
48.42372710400428
47.418869479852155
46.990427927254224
46.381744688175125
45.28860121774302
45.122406441407975
44.764049863397574
45.19500628864989
46.63509218901838
46.463344966830256
44.45916688663503
44.239236770382334
44.89218135468621
44.254747556695314
43.91006347185456
43.47477933845794
43.89107534551444
42.28617999426591
41.08136963627211
40.61051902519649
40.84779413302933
39.65509951472511
39.06644658426721
38.5923577090963
38.98172669052252
37.3713508245572
37.28928404980624
37.76667306058592
37.12897869736673
36.93291304867866
36.081816436820205
35.75086612635316
37.23237324752684
35.875121884623596
34.420698709800575
34.37771324972732
34.893181323309605
34.684934628555126
33.55482322366743
33.967994729020305
33.5728727364602
33.548725879888764
33.20683946190643
32.96268844203968
33.38240133505766
32.65077876977498
35.17570183044164
35.11052156729783
36.483363170876736
38.18119356166935
38.7051049760092
39.50193900011243
42.05412432899939
42.37083928942228
44.35712756285279
44.121719722235795
45.654925627629254
46.750075543081884
47.17259072802949
47.58884975081149
48.73237581286949
49.63759473050376
49.84413882349964
49.66235154154095
49.84361499777135
50.77445863916972
50.43758373397454
48.88139134227482
50.34899911502379
49.418790101639445
49.35488364504219
50.903909428716496
51.511775069842415
51.372877330550324
50.421046697689675
52.14731582841726
51.7226211161557
52.24550133740314
53.363300261388105
51.83022746582688
52.59836251946925
49.40285385146302
50.3117433034002
49.89531914962612
49.73621761388323
48.99241290945233
48.74355274095993
48.27614394558938
48.72896593227391
48.65453448482979
48.188044882563034
47.85108617412832
47.79867038323955
46.52640465192995
46.81701036691676
46.657870798064366
46.07753501295029
44.503978568486744
45.07952141594318
44.22287786239162
44.2341333693394
43.44151609939079
44.45932815537901
44.12137590156274
43.2695128450182
44.08778956891264
44.31868062146641
42.94159499484457
44.190769787458386
42.412708632173235
41.8862777340677
41.04890826472533
41.08372189020941
40.70427314889465
39.737031788541664
39.109291730233906
39.382330801398155
38.40277428077084
38.30882267982087
36.387532599270514
35.844855686147554
36.139411185111996
35.54173307856897
34.629076978308944
34.389703808770406
34.82460021016675
34.42809420674183
34.24783771918335
34.34900293361622
33.50467192674397
33.65762816332166
32.834987789659905
32.8467998568684
31.568908031253756
31.89899151151863
32.61517545058365
32.83603777017507
31.970218433333216
32.03812629369513
33.06074258131828
34.15153089743326
35.023740083682156
34.6476237763183
34.80165615269886
36.29226045034053
37.64572045462912
39.747112111195825
39.707577158602234
40.92719885184715
43.0798729633825
43.764217233819316
45.692243157902055
47.04980237271586
48.27101051805245
49.38223112402876
48.99870733239863
49.66139470738634
49.781960856346544
51.08049086377421
50.614422226209896
51.856532124987964
51.218662124178245
50.971871790662746
49.6091506170646
50.08910089468955
50.61780773103962
51.62482366825839
50.365569743581304
49.163949060896336
50.88825797921282
51.303119638426416
50.27281973024931
49.82770875522362
48.56145832818027
49.77534109401622
49.260620876644424
49.52033001375939
49.18761112166531
50.1511861527951
48.985778366820746
48.76947422133928
47.58325058515538
46.801025382512535
12.705380663914298
32.01040500405601
172.99650036971656
54.27183986004417
62.44871269310615
42.676495389265554
42.455443185872305
41.33768394941609
40.3750197135909
40.32251713567394
40.77958376933356
40.59573793631432
40.01525313044607
39.970237456395
39.962100646383945
39.966802285085336
40.08077437348724
40.50358350847567
39.88699907124336
38.851938805313985
38.695315561143424
37.17692871925372
37.315874193679846
38.11304105473914
36.02428998728183
35.927454998245935
36.27386356812653
34.986860062866334
35.82371367427212
34.98270473022595
35.67185870507245
34.216420090202675
33.35710760417308
32.69210865490382
32.428025260712445
32.63429351669673
31.327755204054498
31.47931325678779
31.3559064422646
32.34935444848864
33.03816276467373
30.123232140362944
29.549437229861013
30.23046804668178
30.493377037055694
29.652435973079804
29.150079305973208
28.39139283584808
29.1116240240207
28.49917815658368
28.695846914487873
28.286300143888198
29.132083744592776
28.517137148681215
28.715901398718287
29.561286535608474
30.201916881646852
30.039626364416208
31.045299128598653
31.804209922762553
32.90455447498812
31.93772148618531
33.15050544987967
34.47543765254147
35.056815826401525
35.55432628654464
36.39054087664407
36.75449167955644
37.080596298074326
36.74012736690737
36.605427017877886
37.15677618229453
37.8757212928395
37.366681176447884
36.740598723139556
36.854869440465805
37.653159067192206
37.86126391595077
37.67121938584154
37.5778376284557
38.2859535829683
37.16370846086005
37.366210156021
38.71960507643762
38.78300467095566
39.040557316508
38.3331467827925
38.79826004071677
39.31640563518338
38.500456175696904
37.89804807268685
38.62372447248408
38.331638438973094
37.40828970153689
36.95979219898037
36.50507647389175
37.5176475250378
37.374186404873555
36.72347164802382
36.982189519800265
36.50448631874476
36.46634590075326
37.1556237742934
36.65918613961531
36.44172473447184
36.30804210213607
36.51734054653477
36.895090334816736
36.784568501588375
36.22764885938298
35.51115293546397
36.01905814873986
36.33643419166383
35.76093800582018
35.987406813780055
35.760856382124416
35.82525521120024
34.75355019209327
35.2928830635653
35.87941180651719
35.73268306708124
34.46842851154183
34.296064488064076
33.09857118412599
32.80376012680095
32.19627155970084
32.336316234155376
31.862694169192054
31.32534846376143
30.89724785041767
30.568388231083233
31.14745000971523
31.077057074575777
30.2040241546721
29.860273991418325
30.43805096833725
31.088669202085782
29.7910561373384
28.713124897632298
28.411206673574384
28.064436068127307
28.424683821201356
28.244078639318005
28.398888981029245
28.071998323854473
27.531096791783057
28.617851854864966
27.544374014328938
28.48171040804975
28.339747540417747
27.711557427058068
28.5095515459804
28.98929085724771
28.656708371740464
28.533082899466905
29.093326235208778
30.103152778765505
29.766337208732878
31.423670624203126
31.73843585429927
33.15183186455356
31.640049840873644
32.153537616622486
33.54664316203548
36.17568842637192
35.34111175208153
34.93108509011108
34.98674680733002
35.85834938669892
34.97830743788249
34.02194504447479
34.551316427861224
35.78616506615087
35.86195434389056
34.66816637151017
35.31948580113719
35.818517573614315
35.5357192355199
34.73322814592068
34.712334487921254
35.218567048462944
34.79618076312558
34.66213933905131
35.12594693160302
34.546941702664185
35.34880025033564
34.837079639527985
34.31710314537358
34.47472635184472
35.088334756725565
35.31455541574529
36.43180668236509
35.708414434246336
34.95148352815147
35.53443147785134
36.02004414989245
36.320612942433804
35.80571774520643
34.27628337173195
35.30231067464483
36.70222256026429
36.48551226629172
36.299447915108274
37.114950216155705
37.74256714164399
37.128186501851296
36.38992581246214
38.024900764448745
38.26374513749035
36.64578853345127
35.6284344692988
35.754242240131695
35.53847692818425
36.01380140568108
34.33703710450499
34.76820968120907
34.50992330273595
33.09630538590288
32.076788273295826
31.661185196550797
31.773542844687853
30.92300536369483
31.708161217704877
30.8036185053967
30.299653035818608
29.844585686340324
29.808437912834364
29.18133051422744
28.90708213214286
28.08176272558005
28.33355232714716
28.92549517073111
29.028866649557543
28.30337002454185
28.11313366434129
28.05076411823707
27.556553939682203
26.789470170224078
26.951295043175193
28.069155388204422
28.415483821994528
28.474407566489006
28.081747132385672
28.935716989723105
30.344130906246207
31.685377567562593
33.14343179914408
34.77733966225759
37.30612425182517
39.257687761900115
40.13335114772459
40.878540060268534
43.370269203877825
45.55954899347936
45.41894335157743
46.87559724096277
48.81277519766096
49.846073271846414
49.91628707884886
50.780068527759724
51.84326933459707
51.35967598054764
51.22881114649151
51.005224583361
52.05682702852247
52.74802301066989
53.48324378685172
53.58041639724408
52.54348385817702
51.42494273702869
51.36906981357875
52.70081890456417
53.808906892165645
51.48259812892938
50.82137033802811
50.75048524656226
51.626555342156315
50.77571933265351
51.98596615072028
51.58421672257361
51.360801108155485
51.12267944717693
49.898529785811746
49.61780139646503
49.80842467697941
49.33162873919622
48.91830722692244
49.16397330651832
49.01801339021919
48.24304862113523
46.99664573938507
43.84749831635354
46.704095411850204
45.86648998085748
43.20025689605893
44.84694836134734
45.22994535826421
45.63965251324362
45.301240690521595
45.075917330100474
44.38207855527394
44.69290770476914
44.707255629847126
45.85574246240501
44.84171463601948
43.59534059689033
40.88081882370138
40.7969600526792
41.39403008302523
41.280028290671396
39.952397165682754
40.06697274458753
40.521567338522715
39.30495962572152
38.23228725241517
36.811063829352946
37.34797576988476
36.2722971759036
36.291172620009924
36.54997957617955
35.95098549884162
34.35348064388782
34.05057515724244
33.2380100754967
33.50768709626398
32.723946322823835
34.202696632985585
32.62332498912741
32.45047584838882
32.02978053291907
31.736443820553387
32.36016251343402
31.994192731918123
31.82946023797531
30.313366508799618
31.366004953898724
31.411939767424073
31.43369161939799
32.331424088685495
33.12158594760841
34.260064405515706
34.980511662094216
35.76238618851812
36.69865361639698
38.755139688253706
39.922708471933035
41.26565651184083
42.069037319097426
44.406488485681585
45.110966797770395
40.185452388537655
45.875569548621876
48.79892752312656
50.49049295407396
51.853134870811715
52.82522805197283
52.38399148413759
51.4233990434587
50.696466236918326
50.881053499314646
51.283141149015094
52.96831521571778
51.24876890697686
52.07493134334666
53.32982136406227
53.29531613353602
53.32460785147869
52.90028788148836
56.10957249758442
56.547805293702616
56.29681592088225
56.39939478417599
57.37944967326042
56.831552226700644
55.25175977991741
52.82878036718033
53.55364807562624
6.466355486167146
30.63818556886379
19.420068790231994
68.56338733149025
50.69787149669614
5.7727846981814395
77.27713585068322
49.33132970384709
22.114370644770275
65.90299882700234
47.35642923938751
44.7837070596241
68.4445249216871
43.3781364886686
43.12534072081641
42.91301941843451
42.947717856556
41.82910971077777
42.48393639100807
42.66440742008308
42.47830563903942
41.634406974192174
41.59735667414275
41.17603562745496
41.43301996263441
42.35624494527822
41.09104615454183
41.26625619647075
41.8264145464033
40.9658508440626
40.06014899955767
39.013723886707055
39.7756038314627
37.95176008197511
38.22785465257034
37.533770474537775
37.27545050633488
36.12479589572568
35.92465681636716
35.11996956929285
34.49744402774825
34.47142506063835
35.057809522222584
33.67720312943217
34.357046473693316
33.88451583170212
33.44317318190569
33.94436955711595
33.97686185243067
32.80404592075034
32.96093436235526
33.820725395714916
33.39041445608148
33.39718286469082
30.899504775346152
34.03378101141912
35.22658466143363
35.68997723362114
36.8360891672571
38.05504847013509
39.866977522575745
40.792686883676396
41.524399288824405
43.998505291941825
46.36966490973982
46.91696961509482
47.75701407782323
49.826660739516015
51.78764106599786
52.20626191087716
52.66968238946045
53.03056168764132
52.89421124377705
53.351386189152976
54.87375725116341
49.701014864451935
53.64537118420429
50.07906134054073
50.18957641700249
52.79915034828642
54.22761709615955
53.36218391344167
53.27963237084643
52.31126065360769
51.96856680402041
52.00501891777663
52.279352487124044
52.946835705998225
52.09107997570642
51.16423197152285
49.82231923624094
51.247838738613474
51.28002997592437
49.99591890806879
50.40396473940528
50.364015503903715
50.16268673028351
49.918606331601964
49.4374508302475
47.96649589132594
48.194532052710386
47.41042113448036
46.50059255274096
46.22589750865782
45.800541346031316
45.21717838405
44.893572301181024
43.579783028756026
44.18071882155954
43.89848238013347
43.434215145742634
42.39036246275068
43.84558378732087
42.023944679712294
42.54316873504415
42.57593929956482
42.959105787350445
42.217044638937026
42.08747376233819
41.888200287670294
40.68399110107043
41.9870520377803
40.900037662615105
40.374223372899465
40.34954984361359
38.531146094866486
38.861640146750375
38.6902176287043
38.09790764836045
37.05698599954311
36.13062121875076
35.58575756595866
35.85939579171074
35.04192881549707
35.01330565827658
34.11669794180351
34.53531536304782
33.63721016626191
33.31515462605276
32.36181291631274
32.49699326766063
32.4673720700368
32.35527855325836
31.33062982530373
32.15148491588198
31.547238140064778
31.76911301872145
31.5030951218433
31.947126219765437
31.09734465295118
31.929260812598464
32.85452403924075
34.54254901293551
35.1499151518323
35.952001398501324
38.57244332394767
41.012121416455315
40.59723719192185
42.1090120115548
43.03650158359883
44.96212837623945
46.55196134466661
45.81453143677417
47.297776558139574
49.46336872289083
48.655493066095964
49.19293463821519
50.17567889244424
51.12307371291564
51.17338395876179
51.560322267386255
51.265098396893
51.521412471690766
50.4681891181578
50.313892426144804
49.34684652448721
50.236621607874426
49.3181784080969
50.556104069651454
49.22931397360374
50.39774828561562
50.767421756884524
51.73980075097645
52.960934586257764
52.54684177705594
52.29296089599168
52.259089363491874
51.9099053320182
53.34022445874
52.41880507229972
51.22205359153071
53.457694870194494
51.71085794518453
50.35325737780323
48.98366582472167
47.94207239914071
48.55779642698079
46.92391350913902
46.45833875550635
47.36920224987467
47.42585595340186
47.62631279082645
47.175593211825486
45.94666489450854
45.21092451175939
44.794122021146485
44.59927790819283
43.55450048242441
44.103403159703035
44.40683206767468
44.48855817544216
44.34623930832291
43.46347539526921
41.61988355463942
41.12143896985534
41.34373640827294
41.52646286816859
42.362981619246376
40.958978119550096
40.253572852039554
39.39462688666279
39.10762244498954
38.102601267118736
37.0892946147244
37.73163712774307
36.7716044413736
36.245932848845435
36.61603068480563
36.65786678646553
35.854086310716326
34.69208084133825
35.3182131365964
35.67139708963022
34.949365127957904
34.478439721907904
33.561871008635364
33.76911007543704
33.15962416290995
32.535222731687384
32.59956891333897
33.67380419959011
33.791285922962956
33.467238853474015
33.365464877906064
33.31202417107362
33.04589809701828
33.66515280398862
34.97884168839465
36.46662068287278
36.420319668578415
37.17086979601687
38.747752401258566
42.05327127299662
42.23158797669198
44.59999615294319
45.56359817035716
47.77758975284542
48.30143042699305
48.39505267270504
48.68429437689795
49.973208761630495
50.74569629227108
49.882781725415384
50.342982662002825
51.899589496391144
51.668976076037055
51.11033032675524
51.621597528106335
51.17173166570895
51.081472904430086
50.71900574108147
51.94495440021825
53.178988355422106
53.96885449345925
52.80521573279346
51.46875283562269
51.18724601097607
50.102322145427095
50.669534159607664
49.921866494166395
50.715416413705256
51.47436036827179
49.84572582123593
51.34852058397294
49.66076835504981
49.16369913886316
49.29703423908205
49.11138927732277
48.14331147413509
48.09578043853814
47.32767704727675
46.40641032982101
45.83256460555644
45.5589288758534
45.19798727550865
44.15529400000065
44.20111112719498
42.713495534992305
42.10308083724183
42.51907700819922
42.17186999687978
42.2649270289638
41.450966341867336
42.00776779096458
41.92215732866073
41.41779293572059
41.44767398401204
41.55285750042242
42.11909318430885
41.64555007600667
40.18485636062472
40.08499327373345
40.636887559138984
39.475314959293335
39.43078752994481
39.70122483270907
39.68926857605344
38.10514499003743
37.85324078021767
37.74639907455992
38.365276188745725
37.95890210028881
37.97089539091603
37.19793499082094
36.70313324584666
35.575155698726064
33.68463466515699
33.56274164149755
33.41657236535238
32.958082587453916
33.291564715801485
32.99399350510022
33.056673517300524
31.94232172305512
31.073314478558487
30.717579958050337
32.00095752110559
30.798078471602793
30.517545467155188
30.81519346376308
30.451456445223585
29.920665016204268
29.854857747579615
30.558195820184736
31.93781387274346
31.23489737553453
32.08264251654049
32.084546103317464
32.41755991078652
32.15581876519067
32.2330349274299
31.850866879629415
32.88696536060172
32.70613058340922
33.331439744507904
34.24883421806821
35.95346573322704
35.78712123759503
35.2178432763546
34.7372351005433
35.29316144150708
38.17004702547485
36.74191859439472
37.14341157873875
37.90260222286682
37.469857880444145
37.907214190570514
37.87984055164878
38.56629425376774
38.56664948505215
37.53828525071764
37.81591532345452
38.73199177949521
39.29794099077177
38.514253582251534
37.376364720422885
36.71674749453771
37.798274930628565
38.28031008121228
37.61992186549429
40.56956678515289
38.698364025798696
37.6582105490562
37.80351594808671
38.34307787254404
37.939809424250825
38.2816780642609
38.95133630911961
38.39912019834843
37.60281161166786
38.39841832593522
38.89748133410852
38.932174586663045
38.78926592856115
39.09977366900603
38.685874117994956
40.458106962354485
39.75860590544226
38.59094261339605
38.37228651389792
39.14926089328726
38.27020905641247
38.64950028740262
37.709859865528784
39.032267757384744
38.2817523376134
37.55006447879323
36.05276153028724
36.24356837000889
35.94700493106487
36.24650269953089
35.985455556087956
35.551507111067
34.654228911806555
34.86387964454698
34.40597414402252
33.73548903763084
33.14598616606058
32.83484461095055
33.0112596342977
33.960568177699415
32.858762502836825
32.39744875405992
31.89897817976106
31.309617848646056
31.202350592823166
31.24804094789603
31.597406958612908
30.95453692562576
29.514071318234443
28.64686551461223
28.5371237917317
29.399950480654965
28.610793820555642
28.7562804579335
28.91019023797142
28.523832057528523
28.09527986362774
27.57945021756015
27.37823567186831
31.342136287968565
29.055828349353163
29.084380988480262
28.398267097712022
29.25696160805866
30.149884758444795
29.3451728310921
30.384151365965806
31.124846858025606
32.26775526965086
31.818025104740283
32.659596659962816
33.50622209986372
35.98718927110558
35.17119890671387
34.33311098248926
34.89431328133088
34.96707344301561
34.40947416310273
35.08709204657754
35.737722600994644
35.908426081001394
35.09417717984206
35.71304278971503
36.28428838802065
37.08763411029409
36.72452490733108
36.33767662083632
39.28198616483701
39.3803081181547
38.11293403891557
39.27848538506052
38.224739149837944
38.02490073375818
37.983746147591646
38.195594180042065
39.57888636604626
39.45435265359355
38.54396717524594
37.49709059950845
38.20676883261226
37.77894705657732
39.16538243503116
39.07300144664616
38.904868881575126
37.03921825438297
36.681353971649045
37.099949350168956
37.94406127725368
37.88556861686907
38.32941413510632
38.464074767543345
38.33681790500901
39.168258211035884
38.21044858583279
37.66450773498938
39.55885984295494
39.25474436500423
37.99106015540024
38.25132386228664
39.133834526590725
38.2932194490249
37.38156782031223
36.43203606264169
36.633473288941005
36.71008083227358
36.469833434534934
35.807270041297144
36.41421211090984
37.0181294218995
36.39200986611415
36.459712790703
36.02121281670877
34.122114779596075
34.34325026167603
34.344301742855265
34.98062114513955
34.12377099908616
33.845115800368895
33.28001793386869
33.653763622419405
32.88474787252268
33.94517797142312
33.500054171023265
34.81364371615419
32.92147160958257
32.11863730024781
32.08662581910849
32.86254952137766
31.905501170744106
32.408394476818955
32.884516515638836
33.47424100070465
33.79363601820707
33.5992216439936
35.02705709889521
35.591647847419736
36.50355151913107
37.99069835990727
38.14332428407681
40.86189410665206
40.15422455141331
41.49698658593551
45.60615595030326
49.70704766547048
48.155158399380284
48.340506447396436
49.15559088569866
48.54436724668816
49.19782996588236
50.301318264626595
51.28362987797313
52.52180524576557
52.909064577720194
53.25463516704045
52.33636411580926
54.320282394550006
53.59122385054148
54.9284822836177
53.48217524901891
53.80159085979379
54.197414180556606
55.086289775342905
57.1752816224723
56.13225730692511
55.73419866469483
55.70149748828763
54.80305991965693
56.7119086234982
56.51812339879347
57.223752704851876
57.726878203956616
55.828116571833306
57.14397075960983
56.26063321654145
56.00817496155145
56.45006055222114
56.97592673630662
55.569618704165435
55.272641340714955
53.18973244728182
51.18107195285455
50.468053625340275
49.035868014789244
48.6202478450914
48.58364885847309
47.18813027314559
47.07276948662805
46.55098040466284
48.26792192976676
46.11511290517898
45.81963515220346
45.510912747710094
44.74752892987651
43.82369448640905
44.140596214644646
44.074405525739444
43.81592257403184
43.108680474160124
42.706105134014955
42.80156675926423
42.393795206633904
42.64337586313711
43.02602867390973
43.57953433545269
42.08264041932647
41.045870599150106
41.18049666088547
40.13231902244546
39.561286931727864
39.131963307016804
38.8917392300593
38.198816454216924
37.43614978711055
36.04291744578822
35.81188055504495
35.71912433436505
35.49032140036964
35.58509880609837
35.1945065088501
35.15875782785221
34.498755651492914
34.06450289525047
33.26843927715069
33.9206245828678
34.117070386403384
33.42242306990116
32.84898720984819
32.74940643838269
32.46494096319856
33.77337521028613
35.33553710468428
36.21786785207338
36.83669026163726
38.43475856119623
39.963864212483955
41.33849267861234
43.594981550870685
46.241759217079306
47.583474550140664
50.70467837542574
51.98156600964751
50.79332828022742
52.66242999589861
53.616749719965156
54.349543893736815
54.95464454186944
56.62328202144602
56.87926899512081
58.10768428042024
56.51790015036461
57.19510656560049
58.25530319683071
57.563040534023614
56.98211167616312
57.631091451549814
59.95641265107477
57.85707960884386
57.735612835910175
58.23599585084463
60.02888904056655
59.96213866937204
59.02374568635263
58.0014115820957
55.792341702605384
57.23990118547911
57.92033467196528
57.228106371275885
57.324886862303444
56.77972509615182
55.294757761224304
57.35582139142638
56.75370710067452
55.29688303863409
55.79569484076164
53.47709676957599
52.60460164490195
52.778472073305025
52.12520025648853
49.43906393947315
50.12274401761948
49.412708948147774
51.95195586798005
50.56731590178118
50.2633956208043
51.438263790658965
50.14914448049805
50.585422855119276
51.02211042005862
49.38647304036756
48.51632342909989
47.391880478914025
48.01080888278321
45.500290870018546
45.83092480244571
45.956024015644935
44.449035415593485
44.5734457135163
44.12936416595694
44.05390954856804
43.880011517084306
43.9911079194744
42.53687437611332
41.40779288409279
42.48925013963622
40.86327118932911
39.887195698705774
39.65924757573234
38.78125491581896
37.56465001228241
37.70692696767486
37.279648782109874
36.07835510274687
36.19011220563873
37.33241894824691
35.18970838082237
35.01172815569467
34.8026971000278
34.23169286419237
33.074795176482894
33.85569805724643
34.53957988980015
33.85128083132511
33.72606851758391
34.15644472878817
33.6002387514488
34.39267929813726
36.10670426096336
36.70872232303567
37.525751462349014
38.938707796985646
42.73829439355599
41.18816374261731
43.30128572780501
45.469159045149226
45.96800117051279
48.47149213674447
50.40042996163702
51.195745183737365
52.70367845696292
52.47881483737411
55.30140168765341
55.41118708383321
56.95236690340023
56.43551301221695
58.00014320733757
57.786920750924054
57.05943720697808
57.43413840275072
57.32983627555306
57.31529576119544
57.54114500067877
57.870359456330206
59.04380909311699
57.087861750455275
55.72970680734884
57.86556380855055
56.272688980937886
55.5182334903911
56.40593003294569
56.600046296971854
56.93805040279562
57.246574630916356
59.13843096942871
60.83887172904493
60.800316573828844
60.03771880348692
62.93492813466386
54.27980629128966
29.173172963236567
92.37613734372393
44.57947414021382
63.73115053319745
48.05552928907957
55.28499698627759
51.57957657132207
48.49857011936232
48.02452589580665
49.38107214021198
50.543970546072124
49.74247186787817
49.319457267704394
48.63805034422407
48.28650143093162
48.48133076687938
48.18330669369768
46.17333628755684
46.446099154049875
46.893453432293896
46.275392553768825
44.47909827807507
45.70684079854516
47.20072211756036
45.45676152491434
44.76391668715003
43.125097510157296
44.35593358943197
44.33995932278209
42.48845500484063
41.92207150201953
40.204313438770086
39.371297356741934
38.70842911236919
38.31537076713427
38.86275213955591
36.27850196589236
36.20100569061043
36.40739168671179
35.10041268129629
34.60328652586293
35.1196415301189
35.156674664883795
35.0687606461113
33.817102347695496
34.05829988888978
33.575019485261464
33.855845317311235
33.50598060733887
33.46201008504888
33.05541543353603
33.46108901278728
34.10524541473892
33.757195631475085
34.603123571671645
36.99237395632741
38.917292093656926
39.52942533439042
40.23016026971854
43.14075070494417
44.27378833578333
45.493509534189954
46.29204181538702
48.57609934140352
48.98481737393722
51.390799527817876
53.20812222433246
53.365495260472045
54.734631089500425
54.49717052023662
55.99548911059216
56.43923659379246
54.70822563191609
53.53159194852465
53.183199520437924
53.99209875115979
51.98711220592043
52.063331376703886
52.10559183171294
50.64694880590692
51.455091290773126
53.71746079428735
52.718478153700644
52.223035757855456
52.654580170218246
52.76648604138188
52.07157831871088
51.58651650636334
54.70086870468276
52.768767908582035
52.724783143507715
54.451652185333614
54.37420854181594
54.375027666682904
52.987847284126445
50.80502856896106
50.16376408515617
49.37635471572351
48.449310605980926
48.68218113183248
49.38334308518047
47.58638024028711
47.35291915845673
46.83078327982572
45.22111539710873
43.39563717597713
44.33576242086495
44.726902547226366
44.6344840372133
43.99833641871514
43.688064053888
42.535332393292535
42.578710555186596
42.404698002233246
42.238517920904314
42.414587356279
41.17681728706917
41.640814287182266
41.95236199327145
41.11143032921262
41.27990109243667
41.03525494774274
40.336077816753054
39.66415126489629
39.18795091899745
38.5639840289586
38.00167458704124
36.667230369778
36.78952980610588
36.42279828605581
35.83012439814468
36.45703452964177
35.375559873506134
36.21726650124175
34.71845482806259
34.254056324697785
34.41644115593252
34.63559596369055
35.909495638448874
34.62954143174626
33.782005370167084
32.52827169847255
32.15300654173046
32.34155948749161
32.11403172274434
32.215023634020454
32.329190338934794
32.17702615527186
32.46709731917652
32.87423220876491
34.02416290421175
35.44632937589434
35.977713089290134
37.41947590380593
37.66226883646557
40.12562425638846
42.24564653317944
42.93465038042477
43.262157513376046
44.63675979641104
45.06277902629866
46.58416923419137
48.119040595109084
48.554750785536726
49.69810225145913
49.27957556200256
49.53516713099163
51.5978063211943
52.37112470249799
52.641070025461985
52.08390809785068
52.23784450659331
51.243642759948386
49.296412217018634
51.96903331323905
49.323457074936826
50.19218595385384
49.60832504441124
50.42257181039854
51.06487197679736
50.92362970256674
51.86303732432855
50.98196020009739
50.59696346345674
50.199553035571014
49.565081563418545
49.06112785358623
49.32676121265621
49.269882524288185
48.83049908306859
46.69535963312366
46.50856711319631
47.31696450954459
46.74102862134586
46.169024703178955
44.89695123642002
44.09993478485757
43.87062241817675
43.580255955461645
46.1188314645901
44.64252828681285
44.11232933726714
42.240725971990074
42.183754223244335
41.41627211948931
41.473404645144086
41.4836856484717
41.61411163416642
41.581552763036804
40.50211020938352
40.217930036819055
40.294029289881536
39.52118437694697
39.16020565411213
39.20766770938094
39.20613310615354
38.88659066375533
39.142888938460274
38.214469172467346
38.301600341807514
36.931006993728644
36.143591704993185
36.468050452285844
35.726542128358304
34.878566430209844
35.50935993317303
34.84488071558803
34.10183376012971
33.58770490131045
34.07907317751047
32.85649750988654
33.00531778298303
33.919527945697894
32.133910542828986
31.508847565873822
32.75106690025551
30.010462019918194
30.385730999526487
30.504617915001305
31.643370006899048
29.222810378449278
30.02366952337059
31.4032606221285
30.876019173467384
29.317296363529692
29.936952590074583
29.75445741536491
29.905610637677825
29.75648822077909
30.628046362623014
30.169075597233007
30.978811225182227
32.72334041524226
32.55463396786216
32.24083246388852
33.57564889873879
33.847229232732694
34.12522715328207
34.9168395425599
35.76546727957726
35.917053155750054
36.15475365404449
36.98918497014463
37.24077329948594
38.33965435433069
37.771461205263655
36.81102411342426
34.563902116912985
35.93544761590835
35.54839185511564
36.34705267293022
37.00709655172882
39.69475224395673
38.91043399286669
38.04640826960006
38.69372602760518
38.103284967885045
39.2701961597197
38.19640210416806
37.95871003897118
37.105822164891435
37.07754095244064
37.33354538855659
38.17671172119843
39.67505435712958
38.454783874453554
37.04377286792784
38.16592189736406
37.691402723971514
37.944982549385244
37.992055207769745
38.59777818356323
39.20566055377957
38.89225233769436
39.26512071726233
39.95280165384868
38.209662448197044
37.737576339136965
37.84485373794646
37.569354173559354
38.20362827176868
38.40860296273569
38.72448181402296
37.72494109271812
37.70200529137071
37.451740549437346
37.8868438364801
37.19707737754805
37.97378358058719
37.99495092378967
38.31867060758489
38.359904152283875
36.59785055668466
39.568858552970724
42.635513059053594
42.52173034001625
42.55716537446046
35.445962354269994
37.1884012015946
37.755979106046574
35.72536015631472
34.8090101836065
34.01706139180317
33.40295071817937
32.52506496055801
32.157702088334396
31.052865567459207
30.815004836128892
31.25726012671136
30.646943200931943
30.522712294246944
30.668443665793333
30.154640252804256
30.89058647919623
29.620136932995095
29.639333836425294
29.040663462051043
28.969314337488697
29.314625707448315
28.415466270583863
28.446252060923324
28.92601553602863
28.6338693842864
29.36425776118595
29.184257078007544
28.895075971800402
28.59660786454704
29.62733956080712
29.84964733848139
29.819485915278136
30.02842224608699
30.521061535017317
30.816273602559363
31.07744566616783
32.55865872973125
33.357376151413334
34.152389664203156
33.88387222945023
33.6064765505558
34.46404009483429
34.829604967497865
35.42244128689954
36.14098355199822
36.466569650796075
35.3857214866122
34.18724990692388
34.657146788274794
35.43075136928117
35.50567739277128
35.47654102228184
36.24828453028083
35.38013574483846
34.42305263245437
34.619563178744876
35.092974022221085
35.317649031332714
35.21290788585394
36.13696946735318
35.34089075314051
36.272160994075826
36.9812654024622
35.04030153082607
36.17554181254029
36.834331257489644
35.21884165689379
35.53916784460013
37.500059858499114
38.053797827387406
37.704675965472326
36.05950246455694
36.14049597703371
36.87749878986076
36.32230736795786
36.0558673840579
36.54789826630697
36.56773750755066
36.3683174907949
35.0678937908559
35.54970501755456
36.084615943654214
35.7540942172769
35.493096465389634
35.794906152170306
36.07073952123966
35.754969302826346
35.4747654645695
35.36555815351036
35.802904480299254
35.506964021017666
35.504354397864255
34.71149479266364
34.72760864666971
33.844980178735184
33.09249810795605
32.50597616015995
31.54373473456495
30.86097464112443
31.141477000893943
30.72115158145833
31.065236109370858
30.397812858529278
29.613542433004156
29.471933630248188
30.075789795881747
28.604516639485567
29.399862334526617
28.96077868716354
28.54002350305518
28.210369569768456
28.24083172581863
28.332598139556907
28.329123730794866
27.43353837528933
27.695799224617076
27.989886547250777
28.449404683460656
27.884196327808468
28.834396031584944
29.923438591933234
31.636617240810025
32.039872669242826
33.39494092438132
34.58065840962159
36.05548423955162
38.200920013799
38.25848271152337
40.64563947734115
42.72442680631203
42.99495699046442
44.17305210793549
45.860061927574584
46.878625304430145
47.03923216966456
46.37366978659354
47.87207920041904
49.33966105351725
50.40893895877189
49.48350331877633
50.1974919732465
56.28891687790744
56.23493020128777
56.55694106825703
55.663808727406646
56.02276334619166
55.128696577500016
54.23479509728889
49.170390867521434
50.53555113871449
51.05414985155002
48.79006117614544
47.58552714281381
48.94792348507589
48.64985013168451
47.637790485845876
49.660523857837006
52.42327366925457
50.82143327503897
48.56961543832484
47.77754477044922
48.82244463917392
49.08249542669568
50.16475523270371
52.68065124274149
53.103366952968706
51.91446322778019
50.55761967349278
53.447944539943975
52.34639446944992
50.063347249893255
50.7002406102156
45.02848302579841
45.694301647817525
44.6853040754156
43.52434140441112
42.90718460828957
42.471985603148006
42.19239701336338
41.609680241668634
41.94584971718682
40.83649102054848
40.45782101792671
39.38525013794635
39.39331891804268
39.590456185895206
39.995404751100274
39.251722419692314
39.89241374785435
38.63984130609487
38.129682485929095
37.974049731784845
37.88093877484903
35.82438951925541
34.926294064551314
35.00460424879239
34.313182255834406
35.84309114503709
34.43202596724534
33.846758561737914
34.33275558267008
34.180561064330604
33.26975410199758
32.874545924315086
32.49246605218538
32.30936892269767
31.766049681325725
30.98834846748494
31.464095016739478
31.759788608014944
30.58795995097782
30.95844504341852
32.068414844646625
31.89691079176366
32.41409142560339
32.88406318878147
33.30020888472612
34.130306447095464
34.6834132086657
36.294574443263386
38.00546505188562
37.3919058700114
38.70177588402403
39.822269819630066
42.01108269400936
42.270663164208244
42.14834897859902
46.92695232540717
45.015373442426885
46.626018008623845
45.257130974590396
49.26713435791413
54.1390598027685
56.05089459670445
55.87003187514452
55.17099923339039
57.60214234538584
58.64449075672091
57.45243685512315
56.95578143310052
55.66072402548682
58.31415669644414
58.51312489694019
54.73806760013399
55.756723479659684
57.25275621685198
60.81202538143325
60.2227532555147
61.76143322001584
60.53377128512792
58.679235492529806
56.7905896437983
57.03811286007671
57.67816175240482
57.75627485434123
56.73352848576215
57.78694921185691
55.396617223979206
49.48502960458996
48.34456536819971
46.17003052584874
46.916060655277455
45.12212154485296
45.22678539631896
44.943071136534286
44.11233409932818
44.3372954738016
44.22378189578027
43.806702354691936
42.86719908027707
42.18316308305421
41.547123741038405
40.41165970001999
42.55813254282641
40.77946062771778
41.10917406487168
41.907436001191186
41.84874474581044
40.87201652783695
40.08909013868432
40.3867530808954
40.33114595409214
40.99451906900562
40.009814345285726
41.317376991920966
41.626087319954195
40.92739964504198
41.180929510059855
40.521159786313206
40.77415895821132
39.236525411485346
38.17454900212884
38.02552732067696
37.35940635388569
35.610565344051366
35.01594485346527
35.566429615885056
34.80064084986107
33.93899010955761
33.531482231466185
33.06267491062371
33.58561091839567
32.765359642396305
32.61401783163177
31.418749692302995
32.36656767128095
31.63233257891417
30.729843327012905
31.665816054325532
31.65393151651505
32.58969320700504
32.12563669879384
33.87362898122813
34.80358721932689
34.89427460051041
35.44266597155673
35.19897127441426
36.66059272646958
38.99637692714742
41.651854815480405
47.456462113006076
48.545891310978355
52.011756570855
50.975120136222166
53.14923370880835
51.11619078357658
50.33391422238266
47.37493031140521
47.82969103007084
47.84824412448758
50.909681769062175
50.04042431624691
51.85454721834701
52.392800918622186
51.55951689927052
51.79566643233067
51.16252627937233
52.255682206806036
51.50579030795667
50.07233482273336
49.451155386314085
50.245474130196854
51.537949942859484
49.074763387765195
50.14332254844773
50.55464729070183
49.50549789385881
49.1627442105325
48.083347334596944
49.74071263151131
39.7290473422826
53.23415100896164
47.9199712002267
47.13378117092507
46.723600991298994
46.939973842757304
45.29953846062632
45.70745696571049
44.83557662492224
45.43152013215738
44.514571210523634
43.962414437815426
43.995533958065494
41.66278270188974
42.459521346521925
42.05007957056063
40.652770116325684
40.69361809060254
39.127014460328766
39.06763943543662
38.021539565834985
38.20188720928729
37.13078531794266
38.45391183678645
37.55020972538281
38.351587108331806
37.70182615619988
38.581115258398086
37.745685967312255
37.41002521857612
37.754822395588135
37.30974603663908
36.74271840493405
37.39131620011309
37.59606607374136
36.64230276485895
36.559140387243616
35.96190245467369
34.86894099793932
34.352460337167145
33.452216254601794
33.06624113530995
33.07230371664142
32.312352998570375
31.46910267207697
31.76448136692197
31.685650349859145
30.92994350108677
29.613242257376356
29.673126889905788
29.74719080478465
29.68325130353813
29.84086687134159
30.30256932089398
30.121526670447405
30.378793000219463
31.501223375562386
30.92246229143135
30.78718767398319
32.47905590913101
32.52653149376549
33.17458672232508
34.98210695191145
36.90778260394303
37.71200513803211
38.51040969270105
39.54217386653433
40.59841693188815
40.27036509774426
42.38361605953638
43.98391304013097
46.69531685783578
46.76744106589935
46.437017464700986
46.659368123305
48.75061044314924
47.62015419465417
45.76921956026868
48.44558104266994
47.6094155447019
4.34040649393549
46.79246955885703
46.86452219279706
49.261946049888934
48.811101308627116
48.290085551803685
49.27496884115237
48.36950450249742
49.0037945421131
47.702162381517624
48.51564340799091
48.72542791788314
47.61327595746893
47.70476657723867
47.46719893382749
48.56931882795155
48.117944342762286
46.91558317859507
45.96551629754653
45.342417072978705
44.63296313897416
44.75251243798241
44.13544905718777
43.38609614886373
42.97886408713087
42.451660775169636
41.92355245771749
42.66412706862228
41.60831364078703
41.05884135954214
40.74484485983082
40.462792257501334
39.95455905700912
38.57631766743268
38.46480446073758
39.20622934773657
39.00247780586401
38.753885124120046
39.034235881143886
38.203615864040586
38.47817405851492
38.01945311093527
37.10627098072921
37.283418813462006
36.989015171090756
36.72796468857397
36.404357222678826
36.01078087531636
36.89971249929543
35.29909721920119
34.61437101269421
33.627283454584074
33.568254970511305
33.67341614842017
33.167085749012244
33.18074255477272
32.85081822226502
32.18212538094973
31.968743498785887
31.9988596282056
31.373924659301412
30.683944125303636
29.919359586069632
30.49257487992562
30.020029522284872
29.279341155089217
28.964485978075572
29.203104937246163
28.750274309575836
28.822662490645968
29.919456645640352
29.981105492505435
29.446009045800423
30.060626756896838
30.474666243592615
31.640347286150103
32.29059293401844
32.51979267507733
33.87866158097212
35.41715596996741
36.8633544122097
37.457565555824345
38.5440689454897
39.955392502249765
39.75805412225817
38.841459003468714
40.589688240726616
43.89600109513983
44.375035587694654
45.05165801342336
46.973783229467344
47.734017428686215
47.96961571893797
46.474676120619705
46.8602756021577
47.192066022256995
46.443275097341115
46.497958435061236
45.89374256508838
47.4937250894941
43.79966839485128
43.31223731233028
43.81127760633015
43.57970494537464
44.85306398433982
42.11988614409236
43.44974311652371
44.2668575254608
45.41498197258641
45.00186269772297
44.58751147773427
46.76816313265428
47.727114535075124
46.11986510135934
46.24181512555855
46.55822929755375
43.21219358353786
42.346460058343524
43.41394426985597
43.026235540937094
42.3615533973283
41.20391431233419
40.941990058503464
40.76465911767487
39.90031157091094
38.11110129254178
38.331938183789255
37.993822827319676
37.206550843466005
37.46951288865454
36.972313492258756
37.04094095096218
37.2554143421419
36.624982284557426
36.57071951951995
36.18481505158081
34.92186865110758
34.90589672703966
34.55011298595876
35.1701303641726
34.10954341745849
34.04234782660198
34.08063046649932
33.39151956249942
32.51994605616376
32.41600708783652
31.903117344394875
31.87325790149023
30.974506560502775
31.759847140722627
30.41276461374109
30.642716913012364
30.315486358785193
31.093287363475156
30.58659924349183
31.55337631418746
30.43594711054081
30.066493286365642
29.504873157988328
29.163382037435383
28.757269707337215
28.227695540253947
28.244003814195594
28.088215649483686
27.912303231884508
28.069493553593347
28.24901134402852
27.763825805048896
27.93809371833025
27.832313095648885
27.594604403829905
28.76220132682444
28.686221459258164
28.973558857319105
28.197204147435045
29.01413118503426
29.367937604704807
28.773468801245357
29.877566620544314
30.747289117764765
30.746786482050528
30.921636692823057
30.85083552294043
31.58675350356792
32.46543112697201
32.690661904862424
34.08327182960991
33.49648045338801
33.74754102152908
34.306543669344954
34.62600455012364
35.38146031638206
35.44159157547832
34.84000721636251
33.88720497488049
33.89722314145193
34.56612563791272
34.16149940505504
33.394152617928924
33.41163495902201
33.23098007851941
34.15526049976971
34.983239485142725
34.58674063417482
35.576905484915144
34.73107560744913
35.01361224764577
34.7341534112499
34.34630758551961
35.17935049438344
35.148779291886925
35.3188748036237
35.135404965182296
34.366962367338566
34.849184701097045
35.570379404366335
35.38473072377099
34.77306961573802
34.38155595302554
34.48820424864511
34.91640525330809
35.55217816220926
35.4473825225661
34.7337110735126
34.58323048952641
34.42154514257044
34.76177780731241
35.59739680800578
35.21060031117008
35.21725499127389
34.002159387461056
34.129040582729075
33.311307059501274
32.99091354010797
34.55777420294502
34.062025067683294
33.48848854676841
33.61554487399721
33.41858199048015
33.00037546816388
33.31695114526549
33.32418289193075
34.203772345235365
35.03278571293694
32.97857087646781
32.01163117498545
30.609780229757234
30.63706513826493
30.012015635612627
29.870742641600927
29.84814786749351
29.646693025596807
28.906748610120303
28.881534514091626
30.490742391557248
28.323016048497067
27.72878028868263
27.925688937458077
26.71448616695615
26.204687950975597
26.18872873052966
26.75729684517347
26.115461838639348
26.22056310970987
26.032096640067394
27.028521111981647
26.593748261733296
26.76561124432034
26.652778302888635
27.20655236101742
26.2744031544147
26.17477639569816
26.996544946189786
27.432769574233888
28.18678197696275
28.870329991937382
29.325555257599646
28.7947639233507
28.9493971051554
28.73842804814943
29.4711506579183
29.42483797693326
29.64447843096056
30.009427799050954
30.615443929390864
31.86179963783954
32.13738472751089
32.2858799329687
33.10397241312165
33.134026881289
33.20198603360498
33.358552403654336
33.542697500748716
33.59255125137037
33.735117284215036
33.954815469040895
33.63722018615189
33.96782185100412
33.86944577509993
33.977319888927696
34.02146298355183
33.866436663514804
34.73210737208254
34.61471540195933
35.40880142788208
35.49739363839255
35.39851635464332
35.21074681782204
35.36359356967368
35.422229654105166
34.86839222428513
34.82950351520515
34.620481339591315
34.52729642706706
33.783008676936646
34.06600355702936
34.01299146066288
33.73953741394235
33.30823208512638
34.01996872731823
33.82641497351144
33.44166754737124
33.681194392871625
34.093430943408165
33.82081003213698
33.47739945596007
34.0719762964592
34.02355854793401
33.45997319540099
33.56034869742089
33.424333935914156
33.09569313091323
33.14569993714098
32.89134723494929
32.642668296646136
32.185676343364506
31.91113208109138
32.31458354117207
31.353316066317483
30.632795561284013
29.754956808694935
29.839960273484323
29.916213461958456
28.693170550065275
28.17188422537049
28.18459716378412
27.739462990516024
27.707766337095165
27.568069301851693
27.766774705817014
27.226065522287612
26.87791079054955
26.554424152586297
26.648578428829964
26.39504638674501
26.35611003399623
25.82211239721721
25.796393296733427
25.525371395174858
25.65752087555333
25.52024568621256
26.680156563938915
27.2136960956048
27.595449181756784
27.804252326543946
29.687789798456322
31.076284257118402
32.07466481224638
34.394944446476146
35.63055807020338
37.14201943061956
37.62704989432834
38.17614862048983
39.11260788596957
40.117676773273416
41.19522995159697
41.163269153481814
42.076411610296255
42.16829971421532
42.60069327405802
44.241941895140556
44.202010186866715
43.196951852775015
43.13204364726276
41.858641772919064
43.34007006576593
42.99932799384607
41.79364585815053
40.78898786798084
42.05661006707652
41.99019789532548
42.52962030843183
42.29854823793331
44.08986901142573
43.73024251466196
41.58084068613576
41.4916260919803
44.49877925294224
45.13796337337799
44.15173108845955
43.75362878495261
44.231213833343844
45.24441231468668
44.08563064393522
43.24685584381602
42.411234975120536
42.48937001315636
42.212810911834666
40.98525406764024
40.1502078808259
39.352749283430924
40.219055926887705
40.37853226550629
40.90925151924988
39.76668619480652
38.84934677662761
39.48845045232954
39.20669476514365
38.52048058880318
37.748359594703444
38.79594781764494
39.02901826020722
38.79045241826222
38.008433372235416
37.70410021571577
37.27106711807582
35.39379872611136
35.793838589906976
35.5853824818319
36.07656414074893
34.745526903652674
35.1746429910748
34.483114291091454
34.885735077762
32.27567278618498
33.82790448275428
33.9507697431611
34.044695864605956
33.24725616526449
31.778253159647115
31.156873422779043
31.95738915706339
30.902973986610547
31.52155732686101
31.08721188109674
31.63949988600607
30.70091455282854
30.158552452877974
29.163395180690856
28.908202546808425
28.26460082858008
27.97088747337863
28.23693622379553
28.521506089419013
28.094387303188682
28.049859973545324
28.53545755236802
29.462019224548953
30.010746487503418
30.32161664059696
31.397459939027257
33.565871410751456
33.912132662192406
35.58484683300727
36.89706702761001
37.51181526802783
37.16639499574628
40.79385683898727
42.1823375112245
42.47607564122385
43.505152573767504
43.77242344130603
44.393686956562675
44.76960078460824
45.162777672600356
45.190369626942896
30.157563095634103
62.42743947849019
48.41426695535082
47.072440236024796
47.411035979923504
46.663332036732804
45.45980157615508
46.047509759580535
46.82771037762227
47.03687346370535
47.5050391328772
48.14278807943292
48.73360728952275
49.84188701978006
49.955720781351346
48.54461334664954
48.34215095081173
48.62386056644481
48.40802808421245
48.11725255647019
49.27488938557575
46.5621147375288
48.46813889429842
46.63617269880915
46.34339172050313
46.97130263865205
47.89585257850376
46.80879418825779
45.984195294974036
46.42364853295047
45.78880971761534
44.28226464242669
43.173226909647994
43.105408981527866
42.35787332413932
42.080496389367205
42.20237125150744
41.60210242951679
40.98228922031717
40.311252327437245
39.505668189594246
39.38309588562193
40.46872664290997
40.67629730388683
39.88522727714224
39.423061636275946
39.91947425841098
39.34258896538471
38.75436985327345
38.63574809979003
38.28826319445506
37.481216164978605
37.13210583731095
37.343533229270534
36.25085163145603
34.96742351518777
33.88983335353861
34.693068825646876
33.52041625732666
33.40586459161051
32.7998344680083
32.44250084220515
32.05228476003552
32.339632103664755
31.832793165159984
32.63808270620525
31.53988006636449
32.22913335658589
30.407774383948336
28.762219340477913
28.78248133505913
28.024803908046536
28.786708775901232
29.914210470738723
29.716268917570346
29.31224961339812
30.021142230176594
30.60964727121583
30.35161330771399
30.710040753888485
31.522498203121785
32.24729205892628
32.89064739406166
34.82414309166968
33.987699562308
35.96722258577447
36.49126010790884
37.38341985381942
40.17715653142871
40.98884122868388
43.477391920516304
47.00734226979872
47.431299468330415
47.85944279593909
46.46080439000772
47.72073757805067
46.78437902764601
49.347512283167106
51.70467623518087
51.38843664022698
50.298665667807285
51.526125971158855
50.93373406645589
49.563013442845445
50.40664667070632
49.76609058171345
50.965845614726334
52.18365056494186
53.74027973265636
53.4587315608775
54.11399699486452
51.4337280401453
50.549412317833685
49.426186466750515
48.86112671136321
49.558509507143796
49.64775835156816
49.32567588122373
48.36597821643139
48.28226737331918
47.843827742231326
47.195457506424084
46.36288623100024
45.93893038397654
46.136683757241904
44.95876956181918
44.025119217344006
45.10178223668292
45.18777504309108
45.70597104530981
44.64929088793038
43.64929613698227
43.408267449311886
43.29669854328859
43.58132022191861
42.327364927516484
41.394759226043334
41.69913882844459
41.80326676825614
42.586937765610756
42.093769594734724
42.43296066804167
40.69627708423002
41.49490283568099
41.22788294622747
40.77981156992858
39.3851644668278
37.828076901272695
37.166411586013275
37.73046625556846
37.34984570980146
36.20446330524457
35.84333162831008
36.690187723182724
35.765714429942356
34.60839677038532
35.256867702702785
34.78979023322748
33.77480514874051
33.385641914740276
33.18811856749983
33.74968953213275
34.15354162461384
33.30754092750936
33.106302659306365
33.09206981897161
33.825833464456096
33.014726532449274
32.56939797717618
32.32121372817889
33.70185180762056
33.14256925291188
33.34239373854081
33.101807308044044
33.89220584372285
34.40941743528669
34.35873770272981
35.740975715430245
36.318121391697446
37.54733905267014
39.587620252662546
39.47606944733854
41.83314343855669
41.96319976685146
43.39179105586793
44.96481034333652
46.2146090083063
46.410952553035465
47.815120421590116
48.93246207497097
49.99009553923919
51.26309637954047
50.81527427911105
53.826976212545475
54.64212459951413
53.5310789161112
54.13379127307806
51.44534241500156
51.078600631140134
50.906086210121956
49.80386083271063
47.47094208844931
49.97173259163481
52.11598600990788
53.97180110698627
52.849855329711936
50.07821753950355
50.53006016638582
46.80675332865991
9.193909642646958
74.89105207498639
49.89714573157787
49.74665424798903
47.13188210143016
46.352209307880564
45.88984285163299
47.9555217540374
46.69249459161853
46.30547738475488
45.331141853689445
43.12744038939943
42.72760798673765
41.81879525346825
41.631392363383924
40.72520990777557
40.760595826440266
40.00288135919903
39.3773932515718
39.30884503994367
38.9769342177953
38.809675604969556
37.796417780183084
38.31430806452625
37.958392082758124
37.6725285676479
39.37236257727102
37.82785299515629
38.87820123103235
37.06054326702156
36.449599303175646
37.471389524085865
36.987163438266336
36.44792249286606
35.881916800482855
34.768552297721826
34.4799297531865
34.97777992814326
34.07803626044925
33.79373432710064
32.96508248640589
32.355252767668034
32.297309243530336
32.37584220706066
32.43852403373032
33.689737164974346
31.995211472460777
31.30362484571093
31.377700423858244
30.539681060230123
29.72144406305648
29.21535967615381
29.826937222624025
29.44847204588143
29.2748306619676
28.941454151994208
29.39699368394568
29.601025934386968
29.209986832641064
30.228222927573142
30.48841373118006
29.686996792678528
30.238644521914125
29.613957760872538
31.372180560290616
31.006990746986773
31.46419926261791
32.13744213279895
32.997886565329765
33.75090752306248
35.10550432693125
34.88999647993428
35.98731556508986
37.66453991476136
38.77563157375283
39.718219226559505
41.97510425055902
43.63767742412101
44.639571079100335
45.14323022008386
44.61171147751493
45.703343644153605
45.689762931662756
44.887622726929564
45.357987665826606
44.85482309686439
45.07075960289869
44.038891514879374
43.890354774211275
43.22851872880581
42.763665043872756
43.193278834883394
43.56146909879644
43.683558464247994
43.7750471252844
42.35527044205858
42.84886608818165
42.15932893414635
42.48872877005567
42.890916720377504
42.01231779580014
41.17178202251247
41.15686951726641
41.850856318973015
41.540603061389334
42.52210567571217
41.4806620671245
41.35120037453943
41.534131335656774
8.58793594711895
52.85628212927791
54.77083382868578
42.893776807713344
41.04757474442206
41.954864386561866
40.7279017931433
39.857002714824304
38.575629207806294
38.16801374203956
37.47315586222463
37.620840670915726
37.438996829355716
38.42055140851245
37.054551142065925
32.12072789198116
35.02601600484617
36.64185790401315
37.10628042306374
36.87931654989853
35.41356435434457
34.84619913164289
34.37924829533672
34.780296023228715
33.7107063466087
33.80344677712429
33.808459573077116
33.4622051182345
32.81230035936561
32.58468618411108
31.586593718772992
31.530225097384672
31.021890344877463
30.087391717082383
30.120350791790955
31.188194456126865
29.650271452668463
29.688926339513884
29.544220428623106
29.319908250524396
28.980449054300777
28.671612117168905
27.723729286077813
27.60792769176153
27.722822391815328
27.47433318511841
27.27844851939365
27.458499697613775
27.225716418286027
27.897981374227328
27.47416477865477
27.440374603204333
27.827381251208507
27.654592690743016
28.544183869849277
29.009124297949967
28.478012136907836
28.568634010105725
29.247767546759434
29.19357533057536
30.60479849239914
32.26670580679429
32.46914937161134
33.0979513047117
33.53172250653837
34.49032575013236
35.31660973501735
36.599954835584754
36.685999779920756
36.11607873540907
36.31663591937239
36.18536234524189
36.8181529523345
35.7537520188286
36.65986206991494
36.93816257873188
36.42598034635048
36.08033761209284
36.291762202143694
36.09081799525763
35.99583804230427
36.32146167391872
35.46875299782257
34.815036986724934
35.324528161892964
34.49383559154367
34.43939299452877
36.26493235140714
34.87698228188759
35.58637039110968
35.881284624879754
34.357227057017994
34.82760617010004
34.96350997772875
36.52730110987656
35.88850880687589
34.845559892185534
34.4028128441836
34.36693734558334
34.66486736142154
34.896979012699404
34.60329929433392
34.215741146151004
34.028026888883545
34.518377835158475
34.82518039505995
34.45052748344769
34.124474882006666
33.24900191607658
33.04611854191087
32.43636234259969
32.488500441396795
33.1194340114111
33.054949379571866
32.012613438898214
32.958012887665205
33.00149933078771
32.11646581993011
31.776695909448705
32.13787934835635
31.664776970086578
31.112452645471564
30.703533983664826
31.04192887024729
30.57573771399906
30.4169266174638
29.889763565429543
30.28658642957579
29.413033423255627
28.82086419128555
28.2539549059409
28.71248968675758
28.515254094148375
28.417430546955927
27.856303467269072
27.779762564131673
27.141856465580958
26.5615058581068
26.386628309096764
26.491481144017854
26.254896695623714
25.871915298505897
26.0816362141623
26.18255392815982
25.807650872356106
26.08702233086526
25.530779111738838
25.960928730471792
25.86808970266918
27.151292371184198
26.941207457626493
27.963539714865135
28.97056885112724
29.057617551331006
29.36725077473737
27.781961853762734
27.79206509340797
27.857373549656966
27.472031024738058
28.27310299251917
29.34745500203786
30.55938601806487
30.888079278548933
31.176918664402514
32.33897469930565
32.23237046509394
31.604753422086116
31.793752389766187
31.800696029264646
32.395116182045115
32.151990416172666
32.25172600944326
32.59845746404877
32.601550572503335
32.81446981450373
33.19568571973886
33.22811623410003
33.47503287676437
33.349604472599076
33.42268184258586
33.24708580246093
32.697822784822364
32.474056525900785
32.328776273913334
31.216222990176988
31.82239627648144
32.646073641463985
32.98640300448591
32.78963639698878
32.91389228402406
32.20357658959034
32.607272852582454
31.985518662018457
32.20897165794537
32.42968071859844
33.07006508143746
33.094271308378005
32.500806985362665
31.937975086199078
31.54889553081605
32.00472676817427
31.95249546981783
32.59979744063197
32.40433604015292
31.982060696973097
32.03515085094341
32.03996925014731
32.100668567775585
31.86905157017324
31.80121094717883
31.443281404286736
31.59941461439297
30.9260239278599
30.415116002185215
30.69094293521303
30.941669720988266
29.498055144087804
30.301070676522244
29.91311620045957
29.845116705600233
29.36783076740275
28.737745142431066
28.15282159775065
27.91656254051614
27.14182092529707
27.13098609369706
26.745691262348373
27.000005006631966
26.503608254085222
25.814380477998753
25.875390830163155
26.209168317068304
25.846735614500545
25.08592166216617
25.038034806441928
25.242503354481386
24.91556863862211
24.947159811453147
25.08741985984375
25.877472733934372
26.373732434665314
26.7963233874507
27.523760979587564
28.726885322077948
29.715512762681143
31.90051266488142
33.70814528831926
34.58288994504153
36.99259556437657
39.55853029135378
40.668860392888725
41.31988578326754
43.106852324499826
44.031289759972
45.197835940579935
46.8897867892123
48.15160044161499
48.258858002870014
48.38395135267302
48.23239779392566
48.96460059500633
14.730280119049041
72.441227758422
3.324032437571475
227.99453360152995
181.32152501765373
236.0004780813277
32.93027160787845
108.4736582548515
98.38053042939544
100.90404007491483
102.71609499243976
101.78454877283109
101.82288792433255
68.75419881802718
109.37873972695861
50.85589277571883
50.92855064380906
38.9325373493234
21.747344699192936
73.18522010642654
50.103205421603526
50.76564008122918
48.90545436462209
46.52784389402374
46.483650255692154
45.66734501754042
46.92207535235588
46.04507240736169
45.31307550933955
44.92543612325371
43.7367300843146
43.767175607166145
43.00935555659638
42.542110862652684
42.33268051756157
41.65752252246786
42.00679600515558
41.12259211109804
41.01319975647417
41.101212220992096
40.675591519309364
40.58756246612498
37.90510486823047
37.17100624031583
36.84543654285521
36.32433813075363
36.4155340823324
35.86404582342198
35.698703132003914
35.64803884294146
35.75983310682007
34.838092189148014
35.568617306133994
34.34387619125256
34.26990333472784
33.06074511187478
32.965079532723024
32.765080010032776
32.66717085966215
31.53830466116449
31.39497934064042
30.58500445408939
30.91303911350765
30.724519964705237
31.100443154164054
31.116505588859784
30.86492144265927
29.766094417078946
29.81358137448217
30.434522857299783
30.62919701558627
29.95033328429909
29.934338485097186
29.836255166884072
30.32961430562389
30.690636048106853
30.96306981740867
32.12165926218685
32.91937077826641
33.901190634421425
34.81007559768463
36.17964754954288
37.8409189169587
40.804598693603445
44.51944063141728
44.45620685671702
45.723348313837405
46.72682312108185
47.96303325040759
48.487547357581704
48.02508904188598
48.73060453220404
48.995946774835005
47.944979867229016
48.607795058059125
49.05819621295381
49.36729394697539
49.088112584970446
48.55724430268648
48.800972877690555
48.522934160652625
48.968499387542494
50.32675221709566
51.5495057091782
48.71387081268781
49.7377432790653
50.25091737386093
50.73905502180177
50.011785633511856
49.9658340633427
50.11189055979884
50.215875414915985
47.98395134202164
47.88707234145535
47.86920731660059
47.940879882960346
11.509897807860852
11.21799724125151
3.478957654160368
31.330142221886263
35.21788794962595
34.55938007542298
35.42124930899523
37.49718693364716
37.22714826261429
39.24882345729213
38.48842910516976
37.64478703512495
38.0061494941411
38.738343737776134
38.19970362856577
37.30972045596481
41.477775291585345
40.07564232615156
40.08091073493553
40.199792162828345
40.79530851030732
44.51486210751269
42.27904817096747
41.91981587879431
42.76134720113954
39.95012755524749
41.375373991576666
43.4450155891669
41.398661937045276
42.11237541401186
43.0637454288603
41.13750111549831
43.61327696651887
40.749942510325674
41.956411764487086
36.362265571862565
37.645202047077376
37.700409513930374
36.43092166371213
37.46181619020699
36.84996911094396
39.8775183524986
36.73225173627294
37.173708682533885
40.80530616234198
39.191720722974196
41.314298652238186
40.05695323354092
42.386470134961215
38.58875556998785
40.263506762961924
37.259565527839854
39.76525758537257
37.43057805250696
38.71640520826912
35.76731571715652
36.39671909253444
33.32956615621009
37.03828057749104
34.28831773836698
35.885460722677266
34.20851455310687
32.763755706737484
31.845690654987045
33.078540053904305
31.22689392261399
32.62916964569777
30.828257433111403
30.93695559075789
30.8214538484239
31.160685231303887
30.017250960959885
32.49133181622947
29.142009661537035
30.999288754952953
29.769098198026256
31.053201294721344
32.00221090381815
32.360826722152396
24.4517334771742
31.594714388190013
26.195329570638894
28.241488650419143
35.01348787293632
33.63168496176168
38.45236878457847
38.44376529275764
41.48636665145981
43.05297282827817
45.152803105957034
45.99107266206791
48.79443176486528
46.91500952818411
49.50132525405787
46.77341905818545
48.13513970279517
49.2587951589926
49.660265113738475
52.86166760647039
51.09943819843399
53.10789323000138
53.05165433747935
50.91946573612918
52.26907794436836
50.48114175826452
53.44737146595604
54.37788112736777
52.35989915583552
53.16043427174493
50.87979790182128
50.05456433459834
52.90365277770513
51.558930721345575
54.02749959484565
51.203495744205455
50.588981985771355
51.58445168253138
51.84159804544174
54.60715622524951
54.586598613530455
56.181502217620455
50.8325323917427
50.1484191642563
48.79880288885026
48.65253646868307
46.59645112895673
47.7594989287477
48.637844165570144
43.26465447486281
45.16843295661188
47.8888029781331
48.970467639065156
45.33886233514905
46.861411277556485
46.459280007233374
46.494821095484866
43.56669405277106
42.16830070212528
42.01699754668708
44.94203626180924
43.714448002730606
42.36528529342128
45.44262282384166
47.95180952684899
48.9585375782798
49.61266084105992
47.753276672689665
47.16349159500573
44.74088958566367
40.84475031445931
40.792694613441796
41.182540146715894
37.98453826927462
39.99453257514408
41.61965791022764
40.79053588453742
41.298124947846865
39.08597111791165
38.689753629786686
39.538099407736155
40.24132663199988
40.425883371490016
41.70837958537595
40.63212786427458
39.802174787771534
34.45007890713502
32.64890360262106
31.44282605392563
31.050026230192316
31.78639707162711
31.578497646865003
31.663663363563373
31.173963625121132
31.758427781907937
32.116521342440976
26.783850484075625
28.153210262074083
34.633536106085586
35.51625811283856
37.68518786265268
38.59789689996697
40.929545826704924
43.9026538914636
47.30402784500271
46.92132625103317
45.828312070110876
45.48297929241629
46.93611415842132
48.64234586771652
49.82907837373816
49.50117583513968
50.69620097535385
50.44425485085779
52.280549036448754
52.75997780222847
52.13716118090038
50.76749863119332
50.40051976561063
54.10876791865958
49.44348234841832
49.79409604209575
48.34477340668265
51.34210995684626
55.31457468053171
55.93110444779732
55.331107426122436
52.87560610543363
52.09912226209145
51.33819454081168
51.42436008345519
53.14534918297842
53.14692632352467
53.07315416498965
50.75361118869129
52.341268122037405
52.36120272147406
50.099898185206634
51.892381566759845
50.279057794779135
52.290025336807105
49.92605586244491
49.79228349154788
48.97879854428741
49.86783114260054
51.641109772931934
55.55730569958361
52.96343964767076
50.958167870745115
49.28266854489278
50.129281096532004
50.37692055884982
48.90187179638947
48.13438165027259
48.98255948288126
49.476954599917896
46.95041572874016
46.15929594417301
46.08543747295262
44.5886625247558
42.86989131578605
42.988942660966046
40.45187077429794
36.62172061473349
36.241511956499224
37.48216392562115
34.56880235919188
34.83527361344564
36.522243147384245
35.37110170970576
34.563626517006256
34.179123527890546
33.16446836591656
31.9439886329701
31.182571860637978
32.071249836907924
32.68976579375081
32.601962938371614
32.44360512067976
32.24967038730858
32.61869702908434
32.51237010443085
30.745733713232628
31.209126355999093
29.596159955898756
29.837545605837605
29.63100979300171
30.10604022023547
29.377078246017827
28.629276676290417
29.320618531653167
25.526102681822692
33.33274328847362
33.85922855938014
35.00064116074198
37.48034053298393
38.015103738907406
39.4410343506639
40.58470500599941
43.126048754328664
45.319009942590164
46.73359811007207
47.134407831566335
49.135572791303204
49.29363824391184
50.31471780985113
48.80991163086698
50.6279085752548
51.77691562169664
52.27185471987859
53.17138425582364
54.8220457687452
54.06132148169844
56.182940078971086
53.053121311169136
57.968231963765064
55.80953525336946
54.42193854472302
54.496035355891664
54.40363730989022
55.367998704890454
54.62169264306786
54.865341095819446
53.084518217954
54.174427057837306
55.43412189898174
53.96844925510587
55.217189619010874
54.33247313370285
52.267402796927804
52.15700015238298
51.79412643366814
51.26982986581615
54.726580466053974
52.210980351786986
51.96887804300901
54.56033756094536
52.36316081356612
50.93179145124712
53.640264921143086
54.77877117523463
53.57161874340239
52.51373433189951
52.52232382588578
49.02633302384646
50.84462462504706
50.018149535524174
46.9394137537876
47.165947379452206
45.17002432120732
45.12517228266362
43.35749644242906
43.416445190337996
43.6019633906406
40.928310798827965
41.54122599917133
43.26679957314121
42.911905116049105
45.06186971283384
45.0446891817809
43.622364214489046
41.7818686771189
42.920961197686495
42.62353534279069
42.36060211555582
43.069284600927745
40.96376461744723
38.947402598331635
37.42139102306426
37.86169079914883
36.83201910796424
35.83721499225582
35.29413190534794
35.12128856480163
36.06182766303105
34.25915704202892
31.153778471427017
34.348084892997534
33.304566956813034
34.159304431885744
34.18703129958001
35.6528203775558
34.576567919463336
33.79255868219616
32.76930508402762
31.25254891078081
30.35818356785435
30.974615279334586
31.40834620034309
33.956809673824935
34.12964968733806
36.01354926690894
37.5608527010097
36.10201772016616
38.199158086010634
40.23300589785721
43.024031826438375
44.963790474502424
45.805209419186816
43.27383821646271
45.02661449679839
45.85645736593947
47.11333128878626
49.27188313817755
47.17785739340284
48.445693391117885
51.027895024955455
51.77257472761781
50.94090631023544
49.29977540128105
49.528958529816684
48.90942104823988
47.69798503181183
47.332866037630865
48.331545170541915
51.84549146604917
51.159500099309014
51.45467253294059
54.14622717086673
53.2888495294613
54.499138918356614
52.227236022736165
52.11169551581382
53.484481258327435
51.500055594557516
52.317861183160474
52.31802571508954
52.14057478733031
49.91084413888352
48.942968930416505
49.81152688238471
50.44308116683486
48.357783678013185
46.66655585432934
44.528611948828626
44.59565560022073
44.05806352218828
42.31543153504853
41.12974142149748
41.38762461980357
40.363034746976524
40.0950073321694
39.98568389014445
39.38079694684846
38.75670912383755
38.77348294239937
38.27363140005604
38.79016915324258
39.902585852329324
39.84217718729226
39.38164403183032
38.47615332734248
37.560644638423
38.60999155833644
38.29709754947027
38.287197145687585
37.93074700506703
43.10899666311377
42.068818720279
39.50284481279464
37.44291487999881
33.97565540763836
33.43774035794131
33.43345519168622
32.644622683929555
32.784894042723025
32.763377651683996
32.004815208903906
30.798730115104448
32.76952905031082
31.135371484099636
30.774953773325617
30.256627033763934
30.082076218176866
30.529562952245854
29.61929467254616
29.089345322984457
29.846550984287806
29.43413213000953
29.58213124316895
29.28246149366253
29.254869219949985
29.20279390183582
29.832353881290544
37.16011394180647
39.04657732417317
39.11292496319828
39.1900478775604
41.50049550597292
36.85312021382237
39.20115542498144
42.335522552641166
44.76848901012918
41.678118282423355
42.272820094435914
41.78016544719886
43.4406901392904
44.907608788365536
48.077238733810695
48.012975154574036
49.17969728340379
49.95923496972165
48.90748856456839
50.59740968322495
50.472518937267964
50.96344051204541
50.581779848855334
50.4820026482588
49.31033183295493
51.57984268054544
51.4986912612804
51.44577322796441
50.747393674054166
49.80457983917811
51.42302536102962
50.01001241422947
50.55076930947956
51.19945878951454
55.34109186514159
52.507783366781005
52.28234441936472
48.909460804549205
50.810682234396594
50.09683539699538
47.34071596060773
45.50678388570639
44.860169716396456
43.85498748982371
43.84552165229142
47.019592604754536
47.54926770581008
46.274474166953674
43.82215377098028
45.63969200351707
45.31354657545574
45.54386420886395
44.81751159270492
44.30778137053535
46.521434622636086
46.812398998322024
45.82659097781574
45.22471855931013
46.275166274039336
46.82973926332564
45.21277015907181
43.24633310169757
42.09288528249469
41.31960833113772
42.21544154271782
41.184382197286695
41.68340910864498
40.81359337289554
39.43926748319811
37.07908783824867
39.69773677619552
38.85233940427781
38.51960694216682
39.47597547592855
36.53967403048706
36.73842696240844
36.321359669079094
37.31856254064313
36.95470918408331
35.29415832417596
35.06526048854748
36.8679294704488
35.7241688085207
35.78085028825171
34.95041637726075
36.23667093796408
36.41746057080748
36.2598080560947
33.55492432648356
33.19270090412887
34.96883093287464
34.2248875749156
32.98356047189077
32.436489930031186
33.43323223186475
33.27948858213121
31.237438794271483
30.509249646589296
31.334432548354684
31.23594961387731
31.247973342398197
31.02242302503734
32.565061551228396
34.534206299810876
32.957765006509845
35.77828778487215
35.180938514228245
34.09980612096062
33.89929602049903
34.59576099939023
33.91308073500247
34.06230949518037
34.54815952159615
36.13785643831001
36.483464172997145
36.352869988205924
36.77468363655328
37.12294358419889
37.24984350509693
37.17478497692872
36.246274316650585
38.04317308070802
35.76576574089842
41.14589311079394
39.72057050355638
38.32077082939716
36.968961309149925
37.26878547672476
36.26699074022158
40.136996584688006
42.64880261406995
43.52900247359415
38.75291848194024
40.871703867692744
39.95927982822064
40.127960707870784
37.80935768292427
40.514045711511315
41.85220693923013
41.749668854636035
42.11765037065619
41.50012305387846
43.42123631858929
43.11825949664317
41.442782046878726
40.7083062905531
42.04831021417628
41.52593376191734
40.81809453263716
41.72508340780095
41.66519815504154
41.41375987414299
41.02480479752933
40.74974281228067
38.782074225249374
37.28231393297961
38.574919368865615
37.7551028564928
37.20401723571752
37.84359196898707
37.60786591868166
37.48393278651456
37.1066193445171
36.87184519418618
36.37805858893644
37.4454526620425
35.48999127195577
34.88891176734327
33.639658105686095
34.27558198339236
34.69185778939588
33.865704992925984
33.30343017934481
33.57493141093434
33.26352109864903
33.22651077225201
34.89532717018387
34.06442371771199
33.36957853787179
34.56191011484471
35.42002611843904
34.59137722366491
33.10732785831199
32.95383843051745
31.010045846616137
31.805255550535406
32.95241886209453
29.822285853552838
28.317589037176774
30.247718943638873
29.197661944652154
31.72871738374326
30.419565804985368
28.76561015317262
28.873055036590486
31.446975143008785
31.060631929300953
28.31588324443912
29.886325074594154
30.710438870434317
31.715251951549533
34.404771366314634
33.218772397144264
33.51877131047145
36.380680833169436
35.24622987078466
35.947894647144054
38.26965072412476
37.36018920876943
37.01401761950004
37.41237463859713
38.94227317947691
38.44253786767878
38.33279644690974
37.26081898703387
36.15043002485592
36.28827735525951
35.227199440043734
37.73492956706235
35.88798401383707
36.507865036439426
37.86531900232519
36.78445172611484
37.91006888109702
36.41841762130004
33.80063518529347
34.5649391073525
34.897890179598036
34.88869397183905
35.68299339528312
35.06252425280954
37.06885285962646
37.60411212506392
37.48564733097734
36.56120180428214
38.019461303131365
36.566252648815976
34.67201662389593
34.470366342365466
35.194604713284384
35.096049297929966
34.48491005119188
35.537596717965656
34.79461213614594
33.31219684677404
34.09083867868377
36.15821592188682
37.688082364898335
38.72749092447221
40.114298790134846
38.533697889437306
38.30167946439358
37.916032882288405
41.38849555587384
39.17347004603615
36.0973175876228
35.73902462956257
39.14488100527481
40.47872406772649
39.30394267376864
40.873060643626
39.521198360549135
39.28744569436106
39.652015955925116
37.07618677427891
37.95205488658718
39.44397615864313
39.67493190390691
39.63269164503547
37.491980049127434
37.813182191755544
37.08654615148285
35.3859647490972
36.63140689422635
34.90521958403615
33.91472658794224
33.0439389235184
32.9825432855575
32.57083368731476
32.78285804236029
31.160493357754262
32.00698595820795
32.18178930618224
32.049617635383754
33.58094238608295
33.30208443682503
30.30580861166942
33.04478730832283
29.790272857800446
30.575296040425364
33.45972006431124
38.64925871050047
37.43695340459203
36.01113281589184
37.1141304588557
40.5315784582722
45.964227334081514
46.72178348633414
48.51593523268943
49.13927007615805
54.29396350492807
52.0769856976821
52.633409991233364
56.19561637533825
56.35352070639492
57.06635091366617
52.42890667431107
54.916015920505025
55.13207483453202
55.87355666715907
55.26142151496701
55.351262131021514
53.411880507669125
53.356257372541066
53.548016475511616
44.75441997551718
45.204307395591485
50.37348171137239
54.821750929613735
55.196785100405
53.372901264620936
51.60249938212068
54.60096548777442
52.43210158857644
52.241901889631805
51.68300913603022
49.86501524929494
45.72218151413959
44.16917476805564
44.436675422137924
43.666793295642684
43.6498220459469
42.8220934962057
41.940257500422575
42.31023874484546
41.62789705793304
42.313860237540425
44.59336229645598
42.92727366089755
48.938251650785254
49.501293798185195
51.20046132582417
51.78171930491027
49.45329336733524
48.95842818026844
48.580629368551094
47.88894666118971
46.906699496610436
46.766949952890286
48.77818961733512
46.94726653523371
46.028205996324346
48.142083396283866
46.64391050856627
47.92542041671307
46.77289392357365
43.192853632049314
41.899948152421715
42.263999983020895
43.00469411206721
42.34056881227165
41.222172311949436
37.49222192162766
42.28233889798173
41.5315459552921
39.38816836633356
41.26085242195575
40.59477444068773
39.641535691045206
40.3926942255425
39.33961509438646
40.428078453601444
40.353189558091955
39.66712402955932
38.96040106625951
38.55024669192747
36.114248235972624
38.66789260876469
39.26130304269459
38.597924765596304
39.17913371375376
39.99574948808022
38.52120164722574
28.528207833417966
38.9665523936186
38.174625802489444
40.11713554282348
42.67307997346988
44.38969043784359
45.70225286227695
42.72917557474729
45.905474304682926
46.06423051200573
48.63479876657246
47.38468189469475
41.11195607891193
47.127707868076385
51.85670606158024
51.782550800226886
48.74626908534826
51.04123305524388
54.51695142273414
56.2239156392007
56.01151419967083
55.99778752897307
56.30910600305692
56.577006806144475
57.12798071815629
57.46738673607665
56.47971043129981
56.99676299449008
56.96106764520266
57.1695414224547
58.0845060881141
54.23380491751244
53.8299444987803
53.99069919824961
52.04612474756853
56.676070543269915
56.01154061870353
56.86359177316827
55.44998774299614
55.01114996789328
56.70319675969701
55.19884580337438
50.98090282630784
50.133007249730596
51.673052400567194
49.45431848458736
48.82388994709089
49.338833321015755
51.82723619923834
50.61827814068323
49.63378419986702
50.61742986051256
50.609759128917105
50.236593303762476
49.685938171631626
49.821409310218804
47.52926136591614
47.42099006407223
46.7316549291792
45.967284069917724
45.904661892295
47.91898737272024
45.13129554750405
44.30920071409254
43.75637582899696
44.064887481486046
43.59724123170117
43.17947177752346
44.22033758928461
42.43506260206247
41.455694578726394
41.47425186657624
39.830123702346214
39.60012713349431
39.37356168270138
38.19125115600995
38.778726229278654
37.70041122083856
37.24176842281931
36.48778384208556
36.65475237565882
36.109481232563596
35.633601668418464
36.28628340936218
36.26622764718188
35.498128757228415
35.33889551428411
34.23983631294838
34.58209990062308
30.153086724402286
29.65336513831427
31.955800194802098
33.41336074945073
33.76506418007736
29.592821199558347
27.478996824210583
26.121040677972942
31.014930764560077
32.944104320609796
33.325058606691655
36.206426837279466
37.863515314140145
37.906344777327305
38.256716946749435
40.93967204842501
46.219277668254975
46.74537358015476
46.573241295902676
47.599012691920585
47.09142694557061
47.53448599338608
48.10870319124642
49.788195348930515
50.34431928028494
52.91836107860627
54.59492857897896
51.66473757622901
50.774602601364975
53.51867996298012
53.41403533885191
53.66110530004879
55.370843044444015
56.51075313463534
55.9195505516324
55.966877078231555
56.11783474419989
51.84523637890272
55.151772649744345
53.298738865843404
58.3354523734412
62.36023902486121
63.772626600328294
62.0992655508066
59.44941654014849
58.414456515617516
58.717788473782505
56.6965506102074
54.81079727604429
56.468350276819606
57.63856181531017
56.93675253564439
54.925293714023795
57.5083784585317
53.68798686444413
52.78298551314036
52.403041720905705
56.015373607606435
56.18725541425191
55.52989689657336
53.84831186162786
49.15382557612223
48.69600346355007
45.90876344871171
47.20151831364697
50.03549531620085
47.974240289732585
48.81978820151602
48.03851969788681
49.35190611857928
50.363896998279
52.91711965284226
50.31546387470137
47.00649577223404
45.295326758839046
45.20312356633023
44.991069265403205
48.32641011356016
46.163033856975076
48.84151708720377
48.35310904975008
47.305520474057715
45.45542778137585
42.606032303429195
43.16748987297129
42.273076179167695
41.23567078624611
39.9505225328985
38.219657281134715
38.4423903926934
38.684483006620596
38.5958481823681
39.06802193248636
37.34490431056469
35.83633434516304
35.06050279181841
34.47355285615603
34.649239393341716
34.647866012335584
36.30033985512337
33.350139919317684
33.73529517869984
32.164692285570624
33.58915537967563
34.54148290911482
36.07193110996187
42.7345683148028
36.1628071964992
35.160365873768754
40.349097985787616
41.60522396410529
45.39097397965614
45.77540484336991
50.16512904813567
52.26739474847537
51.19167571460859
52.662699683209745
52.672862660251006
51.38540420281121
53.72392611268354
52.13382871102637
53.30785634330965
53.7590457816857
52.121288350398444
52.08032120800088
52.927351001401476
52.949452441333776
51.547945432840514
48.014440186355216
50.0346655738138
50.66153335645585
50.6566516817837
54.36197788801405
56.8187989779954
56.988854654327234
55.86090275805303
59.567574434317834
57.74815950491219
60.46513355935831
57.32652705195748
54.904445589445544
50.412451557809575
52.36705062627265
53.82903368835389
55.79539950053781
48.95933626809803
54.43811351077207
55.51252280098384
54.09453841083503
54.40667484668206
52.93025771868692
49.2654198265256
47.93209893554828
48.58404670114605
46.50186625553088
47.32445992758205
48.43785235175791
47.0920234018552
47.16711059001799
45.96509685512262
49.469734339733634
50.911250678197746
45.435315437957385
42.648448944979116
43.56055825479699
44.035040529692836
45.08724947727722
47.5058071526341
46.0047438283401
44.66823312942044
46.750862973208356
48.27690660277055
40.05353151784062
45.02188311905003
46.12267257513745
40.19845909796282
40.72506508126584
38.31017308102693
39.94146335916298
40.87736897789279
38.809885263200016
38.27621003753373
39.08548599507249
39.07218754329821
38.33401844939681
41.26137794226415
44.07787623484661
42.85346694902674
41.202319987251244
41.536967714549235
43.406510498532214
43.01528354273971
41.01038769785518
42.90383323296629
42.29838746423512
41.45779187468037
40.38532908431404
40.53835009024526
40.15003078054631
38.42302528279993
39.50814043080331
40.97752855903205
47.05600190723024
47.16861797686349
48.104882301301245
46.69385921613967
41.425026283036786
46.73540433603148
47.99643367822978
51.32442285414184
48.026932735524554
51.70378203867852
48.1252788884528
50.69748028016304
49.96028183330451
50.45367099569768
52.92853187701249
55.77818766272097
55.842597767878495
59.02440656610266
57.92133161444786
55.463448371899496
53.93275630446723
53.94750078879702
52.41369732440478
55.475636779316005
53.92118447345176
53.978560481041846
49.96583982415609
57.98489745594122
54.35373174913487
48.27077225151051
47.88194696040537
47.438451383621775
47.805373755497854
45.61312714033411
46.389684378671745
48.93532259958386
49.86437375814188
53.677383526869846
53.73512464419228
56.5071780716078
52.13535873723718
53.30469070417415
50.94659022684597
51.855003044167944
52.20982444281609
50.96833442360962
49.14110449677901
48.85764173174964
46.345440175267576
45.26906384965178
45.9028549968591
51.25418034444609
50.92904387040099
51.904927237041285
48.73494486611297
50.08304727610185
48.38544096917586
46.08363761447933
49.40587345071678
44.71717317167401
47.87164255173747
43.284477154885614
45.10661063227129
47.836401982252994
49.679357172991345
50.582595554393095
48.67222765041498
46.80237258405996
50.33102943675832
49.26547658238309
46.97110488792585
43.902478164805345
43.33735224246915
41.382033469052075
44.818310985761
41.59359830726579
41.42620973090865
39.60298434923365
36.98484640233555
36.66343496958031
39.7216583865157
41.486770273941616
39.26487784746037
41.07301106502938
39.24326360284297
39.03024378028185
39.502709888028846
39.67649014358021
38.95955166552329
29.799382012808707
37.49289248435866
37.13254240066179
36.573711085047364
38.342639195830856
35.89482839432115
36.13223524980587
39.01387999447674
35.92344260189085
38.56501037919807
40.97573521181306
42.009912659057605
39.911169582634884
39.87924637855019
38.65338350619834
38.55568495395505
39.546698097877055
40.1018031566784
39.44336227491486
39.582624210566465
40.53239975044224
40.87724769898465
37.774117707314886
28.978161415789728
30.968717560733083
33.06090010962765
33.593519354306395
35.558620774983595
34.17184847694901
37.28896372085627
39.9555074251579
39.370492762944686
39.48806166192545
43.633262663311626
39.72256656695956
40.891122101192636
40.57675852828153
41.44453591273292
42.98912871953388
39.0594184887816
39.73044188615735
40.18844827685304
41.88321048593994
42.50914120263768
42.692743076680415
37.48590360087054
37.6092336872953
38.8562839535648
37.805093229741274
38.78944982732659
35.77091491990811
38.142598427048625
45.165121282013246
42.96047073738349
43.12901828809477
42.70833108543485
44.85243006452998
47.85168718907711
47.89406847138872
45.976739970841365
45.03602199641237
45.61851991210044
47.403337607195496
47.914610142803085
47.791399063505516
44.938736873112425
45.96267807485129
46.64505919594686
45.61248649012132
44.508846193162555
48.05935501725456
45.975340746921646
46.258900689626955
47.746871853117
46.241964842380284
44.96549761118813
42.155113813458485
43.5191422630832
42.41243410571889
42.10423543950421
45.09230272256562
41.564529590350006
32.44324122310573
35.01525702620806
40.807262861300515
40.66906143788411
39.407386710512384
37.78900038297503
36.50241120171141
36.77842910611112
36.29451140467535
36.68936570022291
38.05146143312777
36.63365046885265
36.234266980884684
37.606923240570566
36.30340636884961
38.04954247898402
36.72091044970931
35.56208656177675
40.828079870543434
40.282423067312195
40.70609760215423
41.72645427474092
40.45027425987547
41.92515809317645
37.819461821626824
38.2596402772503
35.80704441659002
36.70514985153103
38.111712817046985
37.68605643811398
34.5539214513022
33.59392811173066
35.95717126559866
38.057414126614745
37.34677004794051
32.80880542891653
31.252046854053333
34.70613209608675
35.96237398704925
38.02121745803916
36.60070427103466
37.685592029757515
38.66981930773221
37.76059850299619
41.330306370040645
37.415087969606844
43.76616102018204
43.277010209039034
44.95193921631904
44.644635075317524
43.56253430928196
42.17363034630435
45.05161361411456
45.12096177444407
44.21988619525841
44.52832108000069
45.052377339543455
46.593235047076746
44.632522645000606
43.39081122417194
46.11870226064053
45.745120426456936
44.968327595644666
43.88808360874688
47.500758211379036
43.79860442005705
44.22198272114609
43.71340444718396
44.56122224229826
45.75693744408769
48.36687246228715
47.514034806454674
44.55461761363627
45.21487426863372
44.16583374497325
43.58653041002118
45.09879905400786
45.03038317141179
44.9873149891287
45.10875411487645
44.96372953196256
44.066673176159206
39.428897072723714
45.7847276063911
45.38230356589651
45.11447321670626
46.1816917204344
44.092396821804215
42.050379695217345
43.90411823673645
43.45648437492105
41.721341958324075
43.18700867998025
39.93931614624563
39.23821215537157
40.85652004855996
40.72553704192465
39.50327665464977
34.6436988926809
34.343802485333555
36.75916622403744
35.62314627457765
34.58046374499193
36.07709123443318
36.681910403438636
35.11034667417228
36.20770408806051
34.536513932173165
37.05068109609455
38.91615765305271
38.72293748203214
38.91019878178179
40.06082942347234
38.80110132179895
37.8756109141256
34.54034944793669
34.5481934867382
35.47620245788791
36.791850928248635
34.434734843354946
35.03088865312837
35.76519428148214
41.21263102662896
44.973187220850875
43.506625427263316
37.478757019367194
40.112688385610795
40.7732763780198
47.96779167051154
51.84567535859465
52.39817534144489
52.71316481257493
52.09924254741786
57.98350923301396
55.79470304081955
53.971149439217136
60.44495449791663
61.15833946944041
61.64034987495651
60.47674965797805
61.90260217093874
62.34336363224163
62.56415195545781
63.23598414447884
63.071446580088974
65.34657070800368
64.27554810549329
64.82501286817399
65.40725652276083
66.93791954187523
68.2340975509432
65.50463244330949
67.91414884104792
65.32060728433557
64.32931469267413
63.796622189351616
63.53374460544704
62.49270737288283
58.00837979720993
57.43057481637015
57.77378931168197
60.09245654512867
64.27155104497444
64.88729342258944
62.92694506321263
61.49342039791883
62.49660549377256
60.71128232960419
60.58267037816764
59.95712731489975
58.29624032150879
58.338664958909
58.80899724555105
57.063079938170134
56.20454964514573
56.63706442923911
58.11369112882524
57.405158113763555
58.055319336288456
55.52085132899962
57.632553798564004
55.81717876174637
55.32532462563176
54.64843914884628
52.594599672869094
53.157497603746975
49.964146449299825
54.444946358547924
53.53473054125398
51.30057979091578
51.63064774829691
52.58867972533557
52.92149637722419
51.38455473771097
50.02153905504042
49.99073525374263
52.28721114911433
47.522204595879856
48.57939714036934
46.444425976633354
46.676803881914694
44.61149494332575
44.436909832286204
45.691528016806075
45.95565557654703
44.852248106141516
42.769222801007615
45.68727606043032
46.445058391601705
48.01938765252463
46.088895496365694
48.279279368843376
44.877671471714166
47.15752090708004
43.46456192526041
44.480110570896656
45.27983942863638
47.22019809355651
51.40230673705311
52.44498425292765
52.62928333929591
51.84697317347946
52.00042484009785
56.20232447681252
52.28479380321974
51.92763916944798
51.62839458523884
51.84566372792226
51.75017604605176
49.207468302736366
50.441438842917606
47.73926920460838
47.41206446754573
44.37241417006787
45.22305624503275
46.806822509796326
44.996174196638805
43.954383683587224
46.16037027619609
49.37436997491687
47.364385530082956
46.11287470552318
47.977118013543844
47.99345415944881
47.641898423712306
49.079384630965144
51.893382246522066
51.50543122524097
52.67236652806646
51.32052193499934
51.68756189899299
53.67148909425588
50.42592563339753
48.2696982006603
53.13456317757866
52.008997031294896
48.558993331510884
49.06689704786474
50.5877634809483
49.760249322064524
47.500480767659774
46.93387406686826
47.90708736490122
48.60487884912091
47.88222475681593
46.080454567904255
47.42805242404188
43.68355502376765
45.145111643506624
46.563330974443645
44.67999682178746
45.83246226258122
44.63676674532384
43.21947605512037
47.04756410285334
51.144569361888244
52.44536352700515
52.485827100829454
49.9617821482899
51.935065215666505
50.683088529090085
45.76418912855286
48.49857241416464
48.726220296881884
51.216732710774764
47.06034925251718
46.943328272648394
47.574998178705414
48.253521234308884
48.83282816899619
47.18672452375924
45.999655802148254
46.25795966463146
45.73157026388654
45.123461670181655
46.18685571576165
44.33241683910626
43.873736312007196
43.94836864208369
40.22022962004176
38.82053263023876
39.14964300718714
39.125491397053736
40.20408419582171
39.87079808118857
38.841894435558345
39.54517000683464
42.15849399454373
42.90715335617597
43.294471708125656
44.614075289328824
46.78259216764938
46.09410796370558
46.30673077968831
49.0952696807108
46.80034076210728
47.497916097817864
49.590506038593375
53.61012846577652
53.15331443191886
54.56106245345489
55.10689624935747
55.98768215905097
54.91829425766885
57.833532139257755
59.120559444598726
59.34990533650556
57.89046815700318
55.71557656844261
55.236697632475305
53.34077846032528
54.919316357438525
54.74793934177647
52.211068678404374
53.558584224567596
57.24556710508517
58.700469857187315
58.011031116943045
56.60920543590743
55.998897606590575
59.44155860039971
60.52419203470008
58.873033735816115
58.97770946317149
56.68530105542882
57.29689947128451
55.102265963869556
41.23877521814009
41.791040960483045
51.35620577240212
55.372990397260374
52.52244715331618
51.77890947167736
50.277500776838856
50.08352958413779
50.27072112854644
49.55157785367782
49.30329722418386
49.24277134003636
48.8562718984294
49.71753499083219
47.764018177551364
49.39054041071748
48.7361526469404
48.286470740926866
45.92474550810309
47.45896640612282
49.487122143624084
49.19915628548709
49.96155645087565
48.361669349219014
48.70167821642869
47.24655907064785
47.74575446307546
49.86086180050275
47.85662583770385
44.736778867904974
47.57566154576833
45.59680236260259
48.35503021768799
46.746488361027936
49.81523903995562
48.90085616560287
48.0515000544354
49.43318231499734
45.71156284658538
47.43837591919527
45.7210308545954
45.46758755632638
41.555493121366155
34.65518839854403
31.43170383797097
30.541855164424177
36.97866007934408
43.680240772570585
43.75460066802381
43.138283923160074
44.79236695165669
43.08220783117754
43.070296519678706
42.8817271852232
44.706754805956976
43.92165423776403
42.54226153574085
42.991391877475934
43.86985821828627
33.73780191112944
45.699468251909494
47.157754989173064
45.93074253539751
48.168611602217034
47.60389822316499
50.62914595783755
52.551079623400064
55.66619038486154
42.61470363859373
42.02541807138106
44.30002442667381
52.48536904089775
53.0027022999586
54.711454492730056
54.70488983755639
54.688296683413334
56.378415881308854
57.74361142955535
55.989475108563106
56.29791750506844
57.506543305331995
56.228293669322476
55.212245484826454
53.81406225028889
54.53744161581342
55.21311972339153
58.09698486350224
59.95476921181861
59.005302309865414
56.716362387097256
55.62350838781149
53.42002483691709
47.30551260824139
45.59976000521051
47.024234861508006
45.41767760286962
44.4923790731086
47.49132038730357
42.6471967388348
47.86404321247268
52.13143709407754
53.60014431992061
52.6428599096245
50.3419576830121
51.16214457286859
51.03123764723606
54.15225294294679
54.62645514802969
53.25443662864396
53.741998910927514
53.319138867146094
52.45344743266127
51.814202801772154
52.60815274834781
51.16368515456892
49.35932498045312
47.047339451533816
47.69768375381139
46.3975837962529
46.7709540258398
46.843544605303116
46.825734856673876
46.351874126340405
48.89303998117905
47.98196053137757
43.77763425234556
45.45854891987135
44.581068781093435
44.161941610950294
42.47856766147964
43.473600167522534
46.16382187806187
46.387407366602375
43.533438692825555
43.959997772935395
43.80989169634958
41.458443432056
43.32653897003101
43.691310188332565
42.390350478807804
43.17171707934513
43.11361096752937
42.690401314902246
40.52188551270807
40.35361359157223
39.65825300722304
39.68915110974383
41.71955167058522
38.52325459078314
40.12991154582829
39.325596747808376
42.10720673448854
39.37874192721273
40.836025196063005
44.319912097756486
45.14052956605849
45.37287327076025
46.81316211373873
49.173626078654294
49.80623732731898
51.53570777802207
52.77128292901054
49.48415866161951
44.236907128658785
57.55146361416917
58.36527745126902
59.26130096144293
57.439431182133305
59.10382687778805
60.49811140743505
57.748347413498934
57.54135426443952
55.958727142112174
55.036359567640375
55.18219840752021
56.26545341763058
56.714605570998835
57.27791568087328
54.025322391623014
54.69917565305579
55.70185722628659
57.57968609536528
58.823935023841116
57.37153920248469
56.78695178760009
57.39219996411629
54.752903326044205
51.361291947233255
50.52709679838797
57.2394133867338
60.67946518424046
58.279067206552476
53.79296672192467
56.743009260095896
56.178444645951
56.08157030402905
58.079579663083294
56.964111653302034
55.498275289508015
55.16927388505836
52.98284475064949
54.93849787866072
54.07656002413553
52.395682270467624
52.036487050084986
52.52116331799782
52.509747071617724
50.80452320851973
51.43722532023814
53.22015484571304
51.27868442311064
51.58351328515709
51.87508706931132
53.51883016024269
53.64348057216537
50.981567394459084
48.76663630471655
48.97881277689722
47.9923335714113
49.0445151852002
49.45651782155704
47.37712210374483
52.179216942980645
48.46271568591247
45.827529038972486
46.49361549836576
47.78655400837353
48.759262650243265
45.42383487028556
44.75774633375656
46.2030234850302
46.80754240804595
45.09990163607482
43.3274318333916
44.420247583710164
44.9383880682564
42.817845513583734
45.61336050063409
46.19922329908789
41.388758844270825
41.45513864142072
42.27525146902356
44.172189073101364
41.27165124638958
41.32230230405574
42.29397378767594
40.61594401740443
39.93315279072671
41.09507174409541
41.57029631363879
40.59831804527796
40.61125508341317
41.469660546635865
42.900627840840855
39.59126460427788
37.19109868193853
38.111656180467605
42.154592705408874
43.95437204999284
45.357723902018634
47.167109468056694
50.40428575113302
45.77668799187195
46.50901370413706
46.08146967734206
45.07608412947805
46.795278746803604
46.00906881478349
45.807368277628996
45.83022130887926
48.48988460512159
46.87561708593984
46.89294817925983
52.49001917481313
46.60122486698202
47.42723704701285
47.857557130884985
47.583691349618306
48.92934138811185
47.53550592124161
48.852104142746526
47.29180552344363
47.9808984340889
49.06979998952653
49.27761332726975
51.57031681381389
52.51138465876676
51.38079845978049
49.08878324079373
50.99951747318016
49.374596189746754
44.536034595911815
45.3219638772579
47.35781691503304
48.5745370194589
51.60492221247331
47.52421824494667
48.56958687247936
46.60212668249436
47.44481077946435
49.460850033589466
50.13823074399994
48.647134404821344
49.083225535593584
49.32967197390745
48.00845688764606
47.985891616898144
46.85789475074681
49.00424381469898
47.03480098669212
44.36463230330713
45.151201417356205
46.09152789071048
42.980608329901784
40.42711375254298
41.26493662883907
41.843215758730636
40.40288494792274
41.252016555474015
42.629546257407455
42.09780444519376
39.44264770884895
40.67563768209992
40.981026607986905
38.44353195848619
37.77523425317737
41.996610505831995
40.49182309236015
37.00384002574353
35.48226630462294
35.90684405759605
37.01664594256721
39.804924673908815
35.81334230246739
35.965844085922456
35.829350128336856
35.83329601790366
35.323131747290304
36.41298435605155
37.644728846791295
36.191287178251756
35.96164881506225
0.09301905716732506
79.6040716642518
57.13721080340055
55.11217398654235
55.418085101545046
53.694799466782015
54.407599632426866
58.06965926008485
58.67987924775552
57.19470604404748
57.22200748807137
58.80390403124888
58.27780556676017
57.75148437713821
56.97779718778367
58.48199670933909
57.036341220216585
56.724290116571275
55.20273115035552
53.03861994022858
51.37164664716741
51.22434997485322
51.55766158379156
52.001596451771135
49.54904070382236
49.64809936966738
48.20600991271048
49.38556164490059
50.01249258730322
49.495561745040135
50.532311687968374
50.84551500536372
50.19807384544799
52.12774780361231
53.6355249047996
52.35098579290896
49.38719091830252
54.642017785160746
52.657468028161446
52.753679816285015
51.38112704284177
49.557908334365464
48.341549891561
45.88942461494648
44.24259759141913
46.16614515515306
45.69720763211964
45.75378557251375
45.41460009397109
43.041403842274164
42.589557668377964
42.742098510287434
41.0187407714654
41.24810318188574
42.341576722156375
40.899951001503155
38.53856226811821
39.635216109296664
40.676065031204786
40.551681689122134
41.73965984247009
37.81892014413239
37.75165883292465
39.850838502573055
42.28881712008574
43.1438078208529
41.229974954432194
45.18838562107864
46.963411468468294
47.04490281966319
50.739683327247036
49.577359458096495
47.93876656812586
49.43802335916833
52.05580518019565
52.84069713765709
54.211228054631285
53.67379080933179
55.237243437117414
56.00484075416138
58.321263116105854
57.623793415052894
59.001499124727474
55.73064290494409
56.1448985634906
55.870242020020356
55.891768968257324
56.15305783133989
55.600057129962565
56.38503382400822
58.43078056964332
58.07156839969753
57.82763855059207
59.722677622335546
61.39631237244211
59.575437153475136
59.705445138275024
59.6657639517772
60.62502720875029
59.88067429369404
59.557976645542155
59.556348362686435
57.24215933471581
59.63794189741513
57.26349386475016
56.37368757619561
55.820816171850986
57.31062495711201
55.04601319683307
54.109239496714224
56.04548163892734
55.739543434594026
54.74134187614678
54.423265415427316
51.15005811422127
52.968671410744
52.69227439992483
52.62750132930066
52.976611232385174
51.39856014078408
50.407754273021744
51.27110196982534
51.5424020638404
50.986274326710614
49.82172892957921
49.10339797422288
49.24811262895056
49.8631558256597
48.9925090726323
47.39226109478216
48.435035794406346
45.53030808813928
47.15203254082121
46.43603884208075
47.65290594207825
48.569020995287616
46.60983116546514
44.950027229946016
45.00646045817879
43.940054141380315
46.69989377820501
44.359134588509704
45.32099356309925
48.01757393351633
47.41909652544422
45.126785863394204
44.017895379176665
42.96198003367175
43.318011468384
42.5128852822872
44.009041496843736
44.10706381176651
43.88073640474272
44.03437481560272
44.0737587204695
42.52513087908335
43.001414136617626
43.13660931866124
44.016724026237256
44.83905731904939
43.85743260389937
44.70852723999625
44.59121823658012
44.24946409559145
45.112649540169855
47.52508798868489
51.715502207649635
51.3036383790169
53.15417322000279
53.56073669964563
54.75876855178754
57.08128965277358
58.43476109053128
58.64293014585262
59.12279734395075
59.596624823992016
59.93249554163691
58.68163490987014
58.983687916082275
59.39814386870522
58.45411048571124
59.66581681032419
60.24401955707512
63.372493525669285
64.11088249934062
55.619828087658156
55.901732221585334
54.92977204863469
53.68646165735906
55.15028376397628
54.94089417746306
57.68529729017456
59.88580365733143
58.698233972013185
56.47312560306183
57.62078099505473
59.597020533343354
58.79641390546178
56.98289007867271
57.145439525264536
58.0272936810515
59.84867794224189
61.69754418603077
66.50209673002239
70.82562591193208
67.53617630171213
66.47341535305293
62.62139072730003
59.910954350787904
58.85116218236124
57.53889136518203
58.61201044798092
54.55934268844429
53.41901472982689
54.35901501449828
55.16704838278806
56.186141949596035
55.50820141603089
55.71444736984532
56.29496880033403
54.860714695875885
52.42119484890882
51.73800500685302
50.352613674242306
50.412087715817734
49.68340620442061
49.516734814780634
47.4222481001765
49.433788810799456
45.906709951614374
48.905245762246324
46.34048137855464
47.02023527981997
46.886780932542564
45.90544543317702
47.78194217104398
51.28351085517987
50.913518119738825
48.79092415986399
46.51765885186275
46.36868492848612
45.78576515558399
43.44132739272165
43.57762713100314
42.25496483173829
40.17056580395699
40.268744559007345
43.138882648564916
42.59670794668625
43.84081825859592
43.06021732327464
43.06698734022267
42.62712885285157
42.82079168715326
43.181335668582165
31.967331540091912
42.80007118240391
42.341972176780786
40.310238757039386
46.348380362519904
42.36292364412124
50.090783205548504
51.70626044638455
49.44498288462026
51.751414382876305
53.13704857799134
51.66779158331637
51.15288075101117
53.8428001483513
52.47599197360377
52.36900707755697
53.82117568263587
55.39848662997795
54.31178422070106
55.17210884790899
56.85182755547355
55.041392599840165
54.214580553597784
52.96638187259663
53.77234778056821
54.082863765611776
55.53480117672508
55.317534023975284
54.59050513690531
54.487208312797094
52.00823574856946
52.81982106339991
52.77372963706499
53.12972669868181
51.97474868363212
50.88511721904061
50.91220225582131
52.44679241522161
55.25346409829462
54.11253537088432
55.58033452221737
54.21176277453658
55.51245992706472
55.32873487289132
52.371550761464306
57.38680075243176
58.49571343218801
57.94057316453843
52.176361639894594
51.80426679062426
53.09200474708038
50.37893750422138
51.43589943176671
51.68013709286817
51.47179873692474
51.83034017691675
51.6810227398024
49.52356758827683
51.72113688858339
50.579358116943155
50.00372240631518
50.353401869360475
49.80532868431061
50.26455501027991
47.211866334027754
48.9385816338276
50.29922104262348
48.41027144705119
46.46053408356343
42.491622441545516
43.54189428325603
42.851933957935366
42.94710565374673
41.81542430824777
42.48020741787629
42.59744482048825
42.08074012240611
40.7072715822581
41.51926140853071
39.09471384573726
41.97209967882743
40.58277777163896
39.10160764074482
39.61787399579693
39.78655910734676
38.47338748561067
38.416848133011484
36.17198521069291
36.19275577270385
36.60443360554217
36.83054999510091
36.371635423242125
36.46247576534408
37.2628109219998
35.61197497324525
37.48125486503163
35.81765489319572
35.14247724299115
38.6421077606814
37.89202713630635
39.8390828242802
37.2403400614575
40.89507343753334
45.11191198643297
42.92202060279175
44.02618234935015
46.919743344748255
46.57247286817939
47.69187051295699
48.43172265897907
48.689212167769945
49.23726959684834
51.159066680820345
52.94316108931105
50.77436776212534
51.899495544890485
48.30208003184636
52.96527099444979
52.27348980915399
52.04066281886546
51.625853282914896
49.99376783982268
52.80193200761025
52.697563566909
52.657958660600556
46.245869875910984
46.22713995637423
47.76896003350426
50.50221680766997
48.95756549186847
46.938425199909105
47.098528659732786
51.19023326256455
48.92474326536833
47.33333233956285
47.90973299984846
46.10994723206662
44.84846468374019
43.74378199957484
44.16635639684212
42.46959811836187
42.41057758454143
43.99854303732613
42.5907593204357
43.02103505168251
41.687472909383914
41.20764319354912
40.73598069160535
41.28608621819025
40.38036595730969
39.7043270375486
39.25034036779038
38.37879508246391
39.76721597080303
38.39948987920708
38.39668132621374
38.062763622488376
37.18697001284032
37.60248903185796
37.857119409340314
37.8501935442776
37.29330568346087
38.73917731682616
36.67419141100947
36.93859394398318
35.659333254821746
34.93736671239253
34.433804249456
34.349798707297296
34.02870541648454
34.27292832125622
32.991340953711585
33.17946893092106
33.25486912828005
35.18699376722462
35.27071179590217
35.469914633057684
35.39911429932417
33.204183741602066
33.32506974118587
32.85118972250501
32.06813021955631
32.83657029960614
33.75817407848611
34.655836741962716
33.85773046620419
31.965846568512944
34.444229611160466
33.599081253799895
33.93865716381734
33.298037074079815
34.047156808973625
34.15226365360242
34.665125840557096
34.43160844355879
33.92667496496341
32.87164253804019
33.92186232825313
36.00935060128309
35.6132394780456
35.57826721360949
36.18701320009313
36.09046649782388
35.49586379667036
37.99407189129363
35.95977044972243
36.24897184891255
36.23234370289299
38.31122386206522
38.1904497995789
38.12716538178737
37.46269969389476
40.29246591025303
39.46037710672485
38.837057152417444
37.25131621037798
37.95267187977599
39.28806178487531
38.62265440809993
39.80269253424997
41.689010260260204
40.02209659403525
40.16854779368521
39.6290106519355
38.91750292935278
37.771975117475776
38.10920938390393
39.30749994994406
40.75040616370805
39.41731039796517
39.354605479384716
40.049837033670855
40.80661599217271
39.306309025682594
39.40970850302604
39.86528832589923
41.38884541007198
39.374588789925724
41.06395456228269
39.292506072004436
40.723110249194136
39.0930512888947
39.194475288752784
39.920003047969914
39.32657651907607
38.463779146071005
38.57101265195247
38.11471714459714
38.411833454610445
38.570277766920185
37.390530270209865
38.16816858166767
39.51509682462586
37.14728965527287
36.435727906252126
38.06077988192837
38.39161419030508
37.078163213059455
37.68966993321949
39.69489108525774
35.36697786081895
35.2622989976862
37.00270228338549
36.62782475638396
36.59831084523448
35.505351597859416
36.80958045654273
36.51188865217506
37.54088809575806
35.231938230428696
34.07047788283299
34.141560164784494
33.29898002561521
32.63786298059557
32.186240504766474
34.07541659291661
33.316223332750525
31.80885692982808
31.702933545828017
33.474186454274374
32.18168874169369
32.14964447402106
31.127480737814054
31.164960527290745
31.907346313549994
30.180826470009464
31.409430539571773
30.303253151041503
30.845871592969218
30.621875405914892
30.52816853742098
30.449152687015143
31.606110922405875
31.183900180332955
30.888602489896986
32.16077257431478
33.87313659597025
32.82391567442954
32.42365563115203
32.966999623150855
35.897091260615895
33.29817886179997
32.946152337872164
34.61543894850506
34.03650086550901
34.99608087363453
34.84443440053596
36.001188273657405
37.23999824519153
36.142696463200735
35.96179986975183
36.05751523043415
36.13916797920788
35.682687406440664
37.5168682093816
37.34349842932738
36.322992574936336
35.68948051629869
36.51614540745703
37.08690371252483
37.30739596690043
37.43172225978958
36.963576726753445
36.40840750132901
37.86126504990965
38.31577879809437
38.05493369606393
37.446551566487685
38.33691100673629
39.57131059673109
38.72655672187865
38.902247722786285
38.284338305922034
37.98633078687749
36.538678613809296
36.942347083991606
39.449788792350034
37.71755133217319
39.31140743945218
36.75768870005605
38.90826431924592
38.909115965916286
37.474320171463596
37.66225633243904
38.559353713630955
38.09057352570659
39.86584155469987
38.13722175728881
37.79466196361636
38.64868304558206
36.45705620746175
37.77825405432481
37.42834281875565
36.07759445175496
35.37748547739474
37.80389349133833
34.218363273373086
36.6688802955577
34.589597559536486
35.8360510162711
35.62751746356173
34.882187516834406
33.716997793067165
35.074676227848435
31.912750728917757
33.25808297413769
32.82791302206962
32.75164855573854
32.47560886919581
32.539763043510206
32.20050355537971
31.510030797480184
31.841972036668523
30.95576949591704
30.701392519215844
31.115518714565795
30.7253662068119
31.276858854701032
31.424666875003027
33.06149072250696
31.441285213898553
31.989887324253758
31.45484618235534
30.45720389623881
31.330890714492398
32.77562748530191
32.14207718938398
33.90054607808114
34.882477950369406
36.085619117702606
35.493774192845564
36.14812021259242
37.975663670561616
39.21158776455435
39.61824694067694
40.493844191491775
38.04473305893856
35.37797212430995
34.7551608787914
37.39771818198035
38.29438091421616
38.28079698911611
39.9328842186364
39.28461520212328
39.56511440995712
40.911055837937454
41.74474218680214
41.78855052879695
41.961131317410704
42.61161611016317
41.22620185948732
40.983251298214604
40.464760652141884
41.574617365584345
40.33107881887695
42.764916353042125
42.17622548285797
44.52057607942831
44.790882307895004
43.99471273245811
42.966062872407065
43.1346492826336
44.221968866112675
43.21418209286098
40.653036877824746
40.75635387296302
40.267474612982184
39.401367038923354
39.82154733864535
40.69226302179223
38.57525025845533
38.219200240298576
39.06617766545466
38.597896428758844
38.4215263597233
39.29544514435128
38.78541103318484
37.42857290948773
38.386082932939104
39.09304469659834
36.120306821038554
35.82578364632906
33.89300505740362
35.19250296078549
35.718783620018556
34.34743808719274
34.542486133490684
33.522509827042484
33.49017852416168
33.44078971147415
34.310847210023994
32.666243149632194
35.15443498522242
36.077773913961494
35.10792742644462
35.11938619911467
34.591819570697695
32.87209638205461
33.78048984124146
33.81193642403774
33.374752134625155
32.09335612491722
31.809923056503806
31.723788255393373
29.84348805332911
30.296257932610132
28.971797109995308
30.00303402358638
29.66860506300364
29.19000089506949
28.876204450692825
28.282659777717683
29.589796958936816
28.626698280799886
28.932493230809
28.520949607396346
28.57592863308048
27.997476000981663
28.43852223677729
29.182069993360642
29.155894642072937
29.884718334405424
30.186657309238754
30.874329205834712
30.817615507057738
31.654301754102818
33.49246865744982
35.76235354063188
36.441941163571286
36.99914130689824
38.38131906411783
40.624002106172256
42.019936043808556
43.1396737673965
42.61444350416765
42.457110565655015
40.792639319729815
41.764086792209646
42.04537972611112
42.76167525584367
42.00114973214875
39.61370377723355
41.8829224212777
42.237952345390894
42.49028147426009
42.63418703221249
42.064054254905145
41.589867429825794
42.44732944216248
39.169438898157
43.13888173683388
38.64327069894047
35.9258862143444
39.08668518030321
39.7394089328773
42.43308718851422
43.57894991508145
41.26227134930084
40.6493343097573
40.56215203198945
40.70394936104573
41.37320323422908
41.39737593829116
41.21331894977102
41.48327721731522
41.24883696709256
38.8071852812238
39.695964566618066
39.555946164887246
37.829776905192254
38.15161094318997
39.54578481316928
37.94669527049281
37.644979305370065
36.46008221689243
36.69676527088477
35.33701225786311
35.05786786357853
36.320287889541746
37.65345242929536
37.39991174825455
36.68502855077949
36.073228010897495
35.81211382121864
35.753499171048816
34.448277123954384
34.09610691343241
33.70457618068609
32.36202160406678
32.79498806693411
32.232123619745124
31.919569080591202
31.774711558186894
30.645945355953955
30.51427630798065
30.792117648789116
30.22406089731996
29.681131373883048
30.807411560454625
30.680905338182697
30.195032083020678
29.967715775805758
28.949907323376195
29.913427325724243
29.127418496693835
28.640975676764484
28.6754282675264
28.117050314367916
28.073072509122795
27.54452133932064
28.11265830192589
27.39628921787255
25.60914166367398
26.327587768611608
27.78170028913189
28.293768327905724
28.207362624369086
28.493249983554122
27.745835792907457
27.576533976164868
29.02184392490311
31.345917133627353
30.433414501981886
30.940612378997386
31.928336188499813
35.2627524177734
36.54454414837494
37.918550707752104
40.24421812709953
39.02353102146124
38.53048879561932
39.068074517256534
38.49308168151384
38.16010194921515
38.3191775384977
40.75627742576549
43.28594451391933
43.27960222725311
42.86774870721172
43.49767333829256
44.41083356482328
44.92265261872643
43.661737722665634
44.08496803215466
43.620885032612634
44.49012215849581
44.663091449970494
41.85585066979826
43.09326201798669
43.393607332894575
42.46879386245118
42.90689058522571
41.67953181703794
41.726914994759596
41.528741475002576
40.713002720420675
40.572748790543436
42.06952322545064
42.56142351284609
42.38824388878767
40.635064505981006
40.69734342507971
40.23684980878693
40.48258070820325
39.47494107684571
39.50331052966753
39.99745483767601
40.5231597979086
40.20773651206501
39.78641373531276
39.762073017216984
38.89087791517604
38.58247699324073
39.01443781266953
37.99806935098937
38.05147482697163
38.501670844845
37.718899408310115
37.03425980266816
36.90678378582868
36.42451847735279
35.22981657667158
35.79461948786299
35.084856002991515
34.6511648059717
33.4037211083908
33.91557429036028
34.01445654819635
32.711491225154894
32.176389788393564
31.530957563269965
30.33199174107881
30.185381439850886
29.960088466345795
29.988687023628756
29.605805696837635
27.39076792875092
27.343254607604308
26.859163832362626
27.719827998883616
28.60296248329722
27.99225169147452
26.873245222057378
25.3018083148787
25.401075883075364
25.184066961919697
25.063969107787912
25.726652755980083
25.460999993399994
25.282272434776928
25.25016461311614
26.49708008274243
26.910129160569056
26.60721265411854
27.65945395838231
28.0997117329743
28.934239645728425
29.663677165826467
31.50782264066777
31.632919461745942
31.492595942059605
32.487996284175864
34.452167680923935
35.08352699825207
35.98379526803474
37.50252876651274
36.71134859031099
38.42847730036783
41.091356477865006
41.162499419482174
41.32833401359417
42.85654541625294
44.00691336066458
44.29051516761311
45.43130865467478
46.05954934901918
45.9906843293042
46.50211763013101
44.37217534165174
43.834245643876585
46.29371791476122
50.39121141635966
50.476668087740165
51.65208680447665
51.79098408916159
49.75332024628936
50.409243393688875
49.15471385589406
49.8437001968379
50.10246140294085
48.14226379790894
47.84056587432249
47.59201404179025
42.992972710328175
42.87414254655368
42.988426618641085
43.46446683750497
46.918494819698694
48.30515747622217
51.88013115853104
53.36237620787391
52.23510509134488
51.60253560867484
52.434291195984
52.87751591801407
50.940390409737574
47.871971872343664
48.49740063567011
48.5152451953195
48.54508222535091
46.33751855910339
49.3269913413251
51.09566640049181
48.03295925522849
50.34823660412934
50.65329097267195
49.15518896471332
47.88847126659968
47.53482023703882
47.77457358489436
48.32049681533574
45.67727900373934
45.941728814671976
41.95571256428633
44.791188209870526
42.10806200874303
41.95980866409438
43.19533355576627
42.81288450341279
41.9870822219936
41.905527496458134
40.482027424121384
41.021183545947366
40.577913750907996
40.418108334682245
40.331390687088415
39.36223171369973
39.621201255605655
39.87171664883681
38.88940768065817
39.65066428419627
40.158322941438556
38.13688446201458
38.84108451346786
40.10702947477088
38.39242471371679
37.11010923527854
37.57583938532618
38.48945875587178
37.76971449789211
37.33795857307585
37.98738554614566
38.66799343107154
39.314568512602804
40.817901950694605
40.87682922412489
43.18212587490859
42.887698136631144
41.6498497142136
42.81205604689143
43.18869022915098
41.343611064828536
36.858740268878634
37.246993572881436
38.8796696618695
39.34698492904094
37.157417520768476
38.12440951340017
39.01269196906871
40.261059352529955
40.19493388940679
42.322485835698316
42.67442942569366
41.680715563624275
42.57136495063834
40.03626101730612
39.630412231155105
38.47072750895968
40.69152703618461
40.61046023709463
40.60362562786334
40.69578526121644
44.7049651059896
47.33484728932794
46.71762469368187
46.871668507554816
46.44753963758757
46.46029880251477
46.51906965454533
46.479920281426814
45.977276084230084
46.102608935843975
45.36937779205654
45.021073920245954
44.29202274931899
44.407561925973624
44.45481644321542
43.44332832197638
43.32392610058473
42.68257363337963
43.404087258088055
42.72967064248955
42.85118239964724
42.28563538327043
42.60865464007401
43.0463766101261
42.14613586245274
40.887564052253765
41.44668301292482
41.138590364990534
42.450679784242396
42.00750797188964
41.796636168012895
42.22489838692681
41.747291556183754
41.61188750707157
42.105709176553844
41.21103740767603
41.4027483531212
40.286039985533776
36.929109658517646
38.4631784531839
38.40113192484158
37.37687931625433
37.029610770973704
36.28970487946927
36.415135173782176
35.92512422157094
35.607118354081635
35.41403969936822
34.46054833159374
34.51439074229609
36.09667194564591
34.830233801582565
34.305245013872764
34.84145751565019
34.72889557682818
34.405562057210304
34.34674022756829
34.05643655730408
34.201027518537316
34.029146247171326
33.38290660164115
32.812934004808184
33.886193797103246
33.709751454010295
33.370973860877555
32.9226550210162
32.680547423862066
33.21262035238105
33.78380513449143
34.510317145038485
34.5737574678718
35.55343489341047
35.15304921992772
35.57908164973122
36.124190002424584
36.130372064388524
37.11137645846011
37.69343431735234
37.24306100338024
37.4475456502652
37.462865730237795
38.58387946132454
38.166280216876544
38.381800673972904
38.94398762644285
41.316244462473996
42.154203652904954
41.51014609962817
40.66390676762018
40.20432680400438
41.580520722675345
41.137424864436895
41.00249297607381
41.302805184966914
42.48058331366402
40.12406297201853
39.21925920506929
40.742165699219214
41.020371862578855
43.869847057285476
45.6820133987295
45.3859027858285
44.35096784785495
46.114811918977864
43.57073920495366
44.12484603003716
44.00280080567106
44.24558249699633
44.01418911548856
43.80541923388988
43.496187280608794
43.280615467926495
42.395743537396
43.119460023941095
42.088284445829025
43.49015743756847
45.24598732925768
43.33183811255236
43.499487249005696
42.50437793139034
40.70143760333585
39.49955741389735
41.75563209284416
40.03179839570468
41.78832953238263
40.578412455898786
42.78251299982894
40.300460351445295
41.07077499531475
38.92932611379922
39.860382055418086
40.523099005813094
41.227405201056115
40.000331678718155
37.927593772272814
38.48124143635532
38.972860955788605
36.940002488712054
36.93004464905766
35.899418663185074
36.38767373612147
36.23611321703265
35.196880824976546
34.931111509372
32.07488741531327
30.75859970408716
29.04086352763497
29.756998747924726
30.0753478432042
32.129570279265195
30.429758696880967
29.755558305843266
29.589411891384756
29.67668301400576
28.738514431521992
27.656394924580496
27.45893139793202
28.01033412112551
28.32436944765712
29.391895617360348
28.026146229129154
27.006513981145574
28.827538121770544
28.33760135839603
28.99632804117859
30.022515301462533
30.760285920869535
30.591730216868257
31.99162174107634
31.407708020199152
31.803683779967102
31.49413632749969
32.26388433433043
34.22213680561691
34.0859078359459
35.29806314278156
34.07343617288031
36.15888599626416
35.604062180649834
34.34464803931169
33.325212082784375
35.41449851364071
35.29146208915623
36.93372313273919
36.41517194314147
37.61012618866289
36.77636482816601
35.009487822451675
34.16822436254749
36.066217729062274
36.316620650785424
35.624291495682826
36.19938653653391
36.09011994970108
35.554912965655085
34.88490174842292
35.58391525488817
34.18991860502821
36.00519992092998
36.6176597003942
37.79070446237313
39.170723733199274
38.92816654732715
37.354686250300134
38.74952479471531
36.350411141194186
36.701050581719684
37.391120689945126
35.95835560793404
36.340128607628984
37.54885822735598
37.653942429565404
38.58869211092927
37.43814758352288
36.89204595923053
37.42571622205324
38.048069372520345
38.856721944215536
36.66421512945546
36.010384223793025
36.1293529798551
37.73137025121018
36.29626224456439
37.08482727224059
34.96538983576675
35.65332730976327
34.790943330436846
34.81937622425208
34.50746102835028
33.621275678223455
34.416206311684306
33.16456158764164
33.76827215490704
32.66835879930855
33.32310922748202
32.00203067290241
30.571101089302857
27.81979023504047
27.713237704304262
28.951084232148034
31.263282578356268
31.431247862825757
30.178543161295337
28.524596000722042
27.014631514183293
28.249982598158624
27.488246776620784
26.261016935100997
27.57887512286986
28.12027656590365
27.239520128594222
26.47620819861598
26.408315321998927
27.574542728066035
28.131711181797243
27.737332876996646
28.252504660706265
28.665260763704467
30.891547840665766
31.64398038033923
33.7778272900114
34.87078851029423
39.04501034225994
39.60872000366979
39.365290765779775
39.834219240641374
40.38038494689091
41.495718914748394
43.444480248874385
42.31558171069946
41.94208951051071
42.91744812562693
44.23236853711053
44.47053788108725
43.51370433067069
44.18267047368198
45.31800716988369
44.53998725182106
44.814394962784704
46.40704911448654
47.095203832114585
48.18606958694079
47.32400395755164
46.646936122668045
45.39995586809712
47.785313701608516
48.62793951041118
47.58893571182544
46.49317981786237
44.87259895703488
45.799453699641894
44.84217465730286
44.638144348661605
46.052209129607036
44.52460043678789
43.80085997141843
43.37161223208737
44.44954819842624
44.60189196970964
46.205963296747036
45.01857991568242
44.2710431205104
44.598622900945024
43.24776008409153
45.7467939133405
47.174938892704645
45.04453254332579
46.330642944867435
44.16901238077183
42.80670366551085
44.7917276090242
41.46396650431923
40.408544394063654
41.82600205824816
40.440720809883416
39.558256651122846
39.73959753127755
40.18420722528156
39.13897165411194
38.664843986056404
38.95579944415135
38.828069117459776
40.22360073521986
40.14095625990646
39.960396267466066
41.321821242659766
41.62951833773154
43.14557630279711
43.84721120132551
43.027250041373804
43.32846542265308
41.1471369344404
38.60541152078301
37.75042933177453
39.27014234902862
39.23638397922943
38.50395204603427
37.9637072619599
38.19171134824364
36.31708338398727
35.153620276107915
36.26558434815557
33.49122721222824
32.15725105305785
31.02594917766936
33.12864473154869
32.640092889940576
33.369989923981635
34.254946692114686
32.361802168322
31.985171531269728
33.0985665734497
34.43363828743968
36.19171044400821
36.5120914716732
37.50871909591133
39.224436232207694
38.562683965412106
38.05943961327296
40.39181224512582
39.05738487089144
41.39976989630341
40.80083340435202
41.71186222821743
46.24840995052554
46.252583028124775
49.064762773606944
52.947961082912144
50.39730221769384
50.20913626122612
51.37978312418048
52.210692991936
53.13510809754829
52.397070546419044
52.19028018583914
54.539197115704795
55.540532271621245
55.09672871600499
54.318287720176556
55.3213134407263
53.14994651297059
49.82273321491142
53.19104685897992
54.201005396300516
53.00491783834562
50.42507475159992
50.32710891151865
50.25230921897621
49.59182140129573
49.939255102565326
50.76566699029392
51.82878579045337
52.681695158080394
50.94215963813657
49.76765997889343
49.881004383924534
48.30592980086267
46.306028741970806
45.94164651294958
46.83061921299013
48.277107564529516
48.05721350130386
45.883098072668716
46.07842802867361
46.67916079442477
48.554644188021
48.03820491876662
47.667031763717254
45.29381077612788
45.2783141377556
43.66969415990033
44.54959873510492
44.81451143867078
41.4470847764661
40.59414206240389
39.71084711491643
38.86565744419022
38.85216907148251
38.827946342795485
39.86357751158061
40.007810750309105
38.60701972254917
35.633501134245456
35.874453061185676
36.53796504233868
35.2586253880997
35.15490630487813
34.7377052435682
34.758903847752066
34.70767932682326
34.221438828550475
33.44990841649984
33.699414819251515
32.74360049568838
33.277832623544896
33.11368453370548
33.12232261272493
32.61782238018296
32.29535764738915
31.924529807668463
32.021019144508486
30.836832081251117
30.51610058904518
30.28003207928343
30.068525616501944
30.77598404739939
30.96576536850378
31.43848160230516
32.68360282115671
32.58374752812868
33.485697681539364
34.6971867370875
34.76526678779497
35.625169262636106
36.77432285870522
37.9269276133286
39.84802992401562
39.826625539067464
40.89703438620333
43.32937718336862
45.60340204641366
45.79922892893286
45.09902487565718
44.7688964870584
44.697425280006
44.42352534347644
45.43945420111967
45.074018047940896
45.460683300185764
44.650506994194984
45.26462937847823
45.11341221540242
47.151242379509185
49.11725217435101
48.49366138896852
47.09267677051287
52.873569539693236
52.707425958227816
53.86166212645525
53.73158188853871
52.1574801952372
52.935263233488854
53.01261387232479
50.77747530400601
48.56613477816609
49.42827529135451
49.712017747369146
50.96646706001826
51.23299519013827
51.56799540201369
49.65767396304438
47.95923314733979
45.608823201448025
46.4207790888866
45.63496034281626
45.51201912261577
44.55336201664922
45.13769156524019
44.19259199752071
45.39403996695831
44.83013735293389
45.44675129953009
45.79247052033275
44.96779625916351
44.80736640064153
45.00856985768122
42.95180364823911
43.26148803734551
43.985897860959476
44.69069221275625
44.54781975563854
44.765665791788464
43.652377534494704
42.86367436637346
42.037505434423835
40.531183191601954
41.615034869563246
42.49968981523476
42.38529134532001
38.657939937799625
36.81039944095197
36.61934986306672
36.839712444118916
37.71095000708638
36.84698535662035
35.335065499608135
34.82933403640487
33.99977240434802
33.39403237245001
32.580325094633196
32.93181947013505
33.129276510675794
32.504730034948096
32.58480242949288
32.65396980924797
31.90902904273338
32.13794160651017
29.339899546206382
27.7499702628932
25.13498321650701
25.670288154379932
27.512162293263287
27.510047456077316
29.93335382822206
36.20894851726355
36.74960120491025
38.07513479256657
35.9757931795659
35.84874422283727
36.89420330535616
40.210607573747055
41.45048572403013
41.45187426614902
42.276035595051454
46.19005411559539
46.27519500275889
46.74059055259268
44.709023521610106
45.908266762720594
46.22187240221125
45.17076574909882
46.19719207370049
46.27913650203158
45.8863396837734
49.6514959322289
48.565301775611246
46.293852026441144
45.236426347031426
45.64843139881539
47.85817465425694
51.35932004506955
51.268677130034284
52.804431818955905
52.74036893573586
51.562505511812056
49.15818294883778
47.82350315978464
47.22275323030783
46.95500033824713
46.95702895109582
48.65724370016696
49.790433664506764
51.08932727906641
49.2274861080829
49.38353600167241
48.56697250371229
46.979264770466045
47.05450382133653
46.27145808129606
47.47500697148081
46.87348228481598
46.33305201848292
46.971965668700065
48.224576377352754
47.66555981454053
47.730401882876116
47.73139473049987
44.28069508272816
44.59258013209859
44.84652498464233
45.032758623067984
42.97390314635206
40.505334540284245
39.95157623868789
40.266634522108355
39.612823234285955
39.0096886267901
39.338511493863166
39.7220596913083
37.805642872179945
38.71307463530589
37.41853625954506
39.272527569097434
39.592773363741074
38.99295561184958
39.772264704443714
38.11932416894679
33.59404777642199
32.23847663770019
33.00032953501264
31.704033550195504
29.278243009424358
29.255460379321846
29.108453360299038
28.806357033547798
29.677865617513433
29.147068673317833
28.968503408158853
28.18446484585428
27.54640650526987
27.132776280887242
26.353213332177106
27.277640897634825
26.883150528206443
26.605835886670235
26.703559160183843
27.110089685946747
27.09009229162335
27.400185035308425
27.4228227331529
29.088277331328285
29.462025921464047
29.695376436510955
29.755376060864776
32.03304475382848
33.00116669292747
33.69105039126761
34.4291577258206
35.65033271976347
35.81988699626966
35.864021842200685
36.90796930212382
38.35467894390196
38.840154460503115
40.456557534087274
40.82496024014719
39.00311881834095
39.848923612885585
39.58090436850773
39.32400789738119
41.18038145707505
40.713232172266686
40.359625129998456
40.04065873438426
38.571553080572755
38.988268121479635
38.709288992577214
38.96806959464803
39.12015828964045
39.298285106433326
38.89728245921436
36.937957942690254
37.181922454121406
37.118371064900636
37.376654468962975
37.17616179742585
36.229104467694896
36.360921885918316
35.583846201755264
36.00686679586676
35.566869459669824
34.75733520670968
34.277624494871205
34.82219791434008
33.99957572357007
33.67530141390847
33.41136928069047
33.11849912492099
33.35466563191754
33.09985710646008
34.001987502472474
34.595291449917696
34.9827473358431
32.97912312095737
32.31980047512404
32.822066164427746
32.93358079766827
32.271655299601235
31.564805981374462
33.111316983635824
32.77274084596691
32.39946955125454
31.92976160528754
32.747307022001664
31.268619369546933
31.037726440049635
30.61888610591141
30.208174151631148
31.662571020633163
31.697719244188747
30.784480450033058
30.160707434142424
30.22725516367001
29.946211303610127
29.0352646647155
27.632616771025454
27.121451982002313
27.287033358533805
25.9014977547683
24.990379828061407
25.405531591749778
24.358779806426313
24.010668522426187
23.559566771791864
23.29620160938768
22.66978428452839
22.606417935100552
22.54035087905845
23.478627714571275
23.473706567897636
23.43517093886463
22.96264779039808
23.160523768719173
22.326749854756258
22.520037668929398
22.721791178896595
22.082981963334788
22.31971992243173
23.031702760490376
23.16323848666316
24.196405654333788
24.07241510211118
24.566064413887304
24.248553018967826
25.03098289227698
25.02755406766795
26.392972468620087
26.482571636551185
27.287280772458757
27.34594065001646
27.4554890069965
27.90750658537337
27.63806982231597
29.05657658076848
30.207044695283017
30.95613531813855
29.792781759380674
28.03518056407657
28.62080301086924
28.9281888996005
29.305275385410795
29.68932140773309
30.425820346749088
30.331937905445827
29.98495306037532
30.155475980621283
29.57705919247319
28.556758233468475
29.015386206220324
29.137607138924075
29.00685116962527
28.945117737012186
29.250405502729045
28.537806899928867
29.33886724532107
30.04124276598668
31.717294198225954
31.704936481307072
32.43899581990722
32.68445125438645
32.64724928251941
31.232473607160347
31.290758205813418
31.47308964748362
31.35949583707666
31.57507434077705
30.861941942610525
30.437222307227916
30.169020380484184
29.908861985948523
29.8088574773847
29.932229940735695
29.90561989315648
29.042150173595573
29.055912561375877
28.702861004214526
29.667718744531435
29.45303555253794
28.96147865858852
28.689953844826675
27.389591577703285
27.283643789168394
27.286368568996195
26.993593981313538
26.560842437440968
26.910060189161655
26.999181269058425
28.581994818172944
26.21996805789871
25.173937705207877
25.429005189104586
24.828903593914774
24.241620898108067
24.49483722209588
24.721575205804953
24.158888262159522
23.957639279610177
23.071127281154943
22.764101421882685
23.426347026252245
21.866795117298466
21.332904828473403
21.75964865471819
21.017266591544953
21.87217187536352
22.272706120929584
22.135056954643005
22.374900922974632
22.236506260333
21.91972696083843
22.097409044478994
20.840247028227267
21.253413461829183
21.333776419556386
21.70039942678524
21.84024876168654
22.497114716962344
22.659803297166604
23.883487632699996
23.608653132137974
23.655969100475204
23.07554784287582
23.82507616668343
24.24412467359585
24.87119096782159
25.33506090924476
25.558258603870396
25.00965813074842
25.137653011425073
26.001315622267867
26.944265572543344
26.929587951817098
26.73251611553205
26.872147876866766
28.00924602524657
27.70138214361667
27.986889964889652
27.661200660085328
27.78361202047293
28.085604830814475
28.898460829318296
29.57552238184489
28.81504572956328
28.240934138377185
28.573417028800918
28.480316550590985
29.073238947634962
30.085355103575722
28.804849240456605
29.058451556123472
29.88437529963049
29.9357703221162
29.980748470117263
29.564375268912343
28.964026280653442
28.8081920108896
29.229867269103867
29.877326770028503
30.320614194831997
30.301308465938448
30.584879612026025
30.100335402617333
30.02306534242194
30.28987301941502
30.059938643065536
30.28508988510128
30.65383574447727
30.165254701588154
29.778031759995613
29.151417494972964
28.60671020575705
28.111600070642083
28.67732050297485
27.57869732589029
27.198956866861195
26.87764764721456
27.303955416161962
27.01805995693522
27.219492681935662
26.589822864425997
26.409782927817616
26.171109825944754
26.132234904187698
25.054917383898058
24.932970432651288
24.083890816481286
23.94398169644039
23.736523876608686
23.776926509518617
23.667254676531073
22.462274542500523
22.156309937728153
22.16454507030913
22.021418472807014
21.799667397752046
21.810305123094636
21.373343910607588
21.19947494345557
21.006159436095075
20.56848441563983
21.113867174622825
20.24458666499821
20.305383897026203
20.854706315907308
21.00932340568103
20.743851182387274
20.634063580042707
20.90888712684537
21.295519418348462
22.360590872222232
22.652512432273014
23.547955274720508
24.715493870724615
25.88745451414448
26.062113721654498
26.820033673567664
27.615752840470876
29.518431876880683
29.71159452688093
30.45666977362167
31.61732052950984
31.299153729100652
31.614035265241498
33.41207162061721
33.330833815996996
33.54662001010601
34.16810783656615
33.932188393902095
34.76276945043983
34.065091273562516
34.22666332956776
34.15596802402469
34.7175135393191
34.20864408706352
34.61492756494022
34.57615416434125
35.45557117966922
35.176420078294704
35.22284686782733
34.82079861756161
34.75516940760613
34.38067731283466
34.22337285702707
33.39911269961128
34.112339880620866
34.32504795242377
35.983535184872984
34.446391633190046
34.81236527377662
33.588594964632634
34.213039881314856
34.18758912648097
32.87687052669709
34.52455423583325
35.23187854505902
34.48000794848265
34.06501291673137
34.99943533046406
35.18052201730477
33.86696074282659
34.16926995957638
33.216967106317995
33.85649127362311
33.00574400502131
33.37464569757131
33.64219161704497
33.73301384988467
33.00242600762175
32.82849440037566
32.168286508006304
31.22977087976357
31.19027800364709
30.31226508514966
29.633298602563922
28.85059455803669
28.304767014999413
28.24365413195393
29.333278792597994
28.28873935938077
27.982890880330896
28.29288452938256
27.638148889902254
28.392457736171792
27.207208029188337
27.120561056857156
26.385807694821963
26.4094920819108
25.28336821530597
25.331892768295575
25.410504987250448
25.352573907068077
25.599469473369737
24.25840699304962
23.87287515616542
24.60675059153934
24.64829845618128
24.588334998536524
23.985341029374567
24.028633094573195
23.892888978967207
24.102817966199567
23.99064977588074
24.885066921919517
24.611509189353313
24.998611665738494
26.015093452356567
26.388238862360325
27.385655346389253
29.804867540676085
30.63613469651038
30.943167048180968
31.55013958262377
32.90395041147883
34.90695253357944
36.0738538604393
35.823047425012135
35.580480641566055
35.85428160132835
36.374977909826924
37.54625146272579
38.00993621469809
38.240726572077776
40.07944676139611
37.9736920745021
39.25387350385358
39.495914135784105
38.55427316745758
39.54153709489627
40.30582038364513
39.053007923295354
38.58746284344885
39.60513456547078
39.86500989412784
43.766346553186274
45.157155553592986
45.62982042178038
46.07835253186236
47.71662175787147
47.71090188189217
46.1427157018142
46.674732328737726
46.18281317366615
46.572713401070786
45.41485388670606
45.235362948572856
45.58160696098943
44.40314263214887
44.110161166122026
43.34191824027025
44.173562791901105
43.42251275727769
42.022641595885524
42.315605627422656
41.49530727066141
43.11755126084323
42.768895366123864
40.65927937191865
40.150096162348184
39.39182245164191
39.06191699217344
38.74722055469571
38.27087674419073
37.85180830284837
37.72234408367255
37.48548342950067
37.973170149969555
37.26560812998981
37.164011306866584
37.499266301147195
38.19569276292286
36.53877153856958
35.246205039785494
35.18583755075062
34.86749219773496
34.751824937966006
35.15140582294765
35.32262902176695
35.151323946086876
33.90918906164934
33.09360628869031
33.2957581961205
32.69607992178064
31.472905584699603
30.701684811917346
30.681052990015417
31.01406985349506
31.213883271687834
29.69002120159405
29.406066043553338
29.542349730923405
28.16081783061601
28.720366907329307
30.680389657227735
29.97936949054707
30.11402537426619
29.51944592896517
29.501263452546418
28.967401620918977
29.02754103645843
30.545597492142363
32.06384568976637
31.76971662463177
32.21078950716347
34.66924849100727
34.90307036916329
36.035669932394285
35.30337010709401
35.47242202434994
35.763059374868234
35.93515619940456
36.82510238904422
37.49020447445275
38.00694972235701
37.6505932277863
39.166304870399344
38.71252373526538
40.24290309844443
40.73721734226288
41.999940335824014
41.5426307154726
41.035647208238586
41.69838426669013
41.27972610822164
40.958097027536894
41.04070623972137
40.470856741823354
40.576546220555926
40.11600332241679
40.36553619442702
40.43033741915238
39.108884278009995
38.75591450679345
38.87282384337534
39.6377702547036
41.103378973914914
40.64059156654334
39.346433618505124
39.47938615469972
40.3422147131673
39.55529010669191
39.835511001212716
38.93335132747049
38.296962974005936
37.78782855388239
38.81025430252569
39.63371964552196
39.70506458555306
38.23676395000388
37.89994406052347
37.30555133883638
36.657008887495834
36.069183127445044
36.33316908823868
36.37838426736511
36.553556249233694
36.027001225625426
36.260138361679765
35.66252291273513
35.24268528016776
34.93078766571993
34.56109488463119
34.35446506470049
34.21838458610335
33.48783803385562
32.754068958751404
33.069427109023195
31.756968139224625
31.32873762830293
31.79611862321049
31.8746793113652
31.484165592512156
31.49908041449133
31.336331227321523
31.0579131513296
30.277167411060717
29.46075575673089
29.758866712105117
29.75442034094165
29.91900361655526
29.842392430285955
31.34179774762822
29.67154435129991
29.37497810459618
29.198031845576466
29.157783250563426
27.94630796556582
27.616978884793966
27.298874493300346
27.925030149163845
27.37146330432033
27.33748744890306
27.298791672750212
27.611847346754374
26.9676960191927
26.434490698699364
27.42573074614596
28.688817614590363
28.618974721530904
29.74274231518961
30.04413233342443
31.110432725793096
31.516637097264933
33.03593873531831
33.79329848356387
34.16383480671303
35.1062304192198
37.12241738220095
37.40402405694096
39.45255929902689
40.86751562415103
42.005556360105516
41.48022316807784
40.76741837908946
41.008828798923226
42.121677506169476
38.62214924911393
38.54568077882733
38.481819687451875
38.237995728169196
37.89783218407577
38.37321874530478
38.544623254850755
38.50158933513465
38.562538583019226
38.69804444410102
38.407702462548485
37.64540455995558
38.15606149348914
38.97581748440355
38.93861198233085
38.76276749179388
38.973731358568216
38.61424394156944
38.87996168772813
38.97471865092005
37.411275311154235
37.124635416578144
37.801788584120516
37.31999256406239
36.52879431747453
36.74569134704787
36.31435604312784
36.73227021099246
36.05818098122186
35.61368638892858
36.4073178206373
35.74391753482487
35.91042067339964
36.24702449802126
36.57524127313124
35.929447831001674
34.78601444409481
34.7556496930106
34.29176105945347
33.798081741417235
34.030570610450994
33.635394418970776
33.212037953702975
33.62877788611644
32.635459690317745
33.89647959673107
34.0039609496701
34.04523414034891
35.83691332739481
35.94347612899932
35.96014008385409
35.13706111248456
33.51778917568718
33.60787084716781
33.10459126693411
32.4247010545824
32.164163766333076
32.958855070591554
31.600928776905064
30.98865689206309
30.77190053871128
30.82961515881931
30.705382530972088
30.319189876076393
29.286185739573
28.952829142468445
28.55049459536913
27.85513160363685
27.052797483249634
26.528798877419206
25.985804764492272
26.548769986878852
25.959478066556173
26.91462913916388
27.017453465390034
27.27283052120403
27.818542725050364
28.48027555067901
28.62545055191532
30.091890726619738
30.420401576468393
31.56149194975663
31.90278498761633
33.14319332005634
33.02448416201807
34.2425049257948
35.093171021645965
35.8120299970752
36.179700186572276
36.76228886559801
37.54630400552735
38.336301405041304
39.04394812715428
38.168691954190905
37.4556675593185
35.98023896567408
36.882712335791496
37.37318703306598
36.86476381705831
37.71053574351549
37.5705273337845
36.99874118333372
36.771395572296576
37.100851918552735
37.67389745821788
37.877279631690186
37.66856226567247
38.23790825764225
38.155406679283765
38.66343328640361
38.53874019707457
38.86939985409943
38.32365068570203
37.45013910459564
37.157859678571526
37.53381195339763
36.966028960635285
36.68037629234803
35.31659294413668
33.95957195321178
34.354467199079174
34.62202412415114
34.640731756723774
34.6733203792153
34.706975418948346
33.67397364286067
33.4432963175913
33.51736851085816
33.940354820097305
33.58907211990709
32.96092343439433
33.32156580621478
33.598626030347106
34.23341623482689
32.148524408181785
31.718344853643558
31.45277098399339
31.025407783634645
31.22636929120156
31.24267416297187
29.801449784619145
30.374569374777963
29.833356031680182
30.607331712395364
29.96098394962145
30.89291308483523
31.092238929532442
30.527958834024787
29.944175412165222
30.325838765568506
30.66443114555767
30.27986629185679
29.046935727486257
29.421695880138643
29.621375134709126
29.266198508400365
29.046435486305228
28.578911348949376
28.362749125946053
27.86868221496914
27.43410342495838
27.436363699035994
26.885813878544155
26.20376999884558
26.7724237049444
24.751516358224862
24.114864766464322
24.14574544230973
23.896287344202463
24.365506958857168
23.35981164311336
24.036594610599792
23.665285792004923
24.428162821676906
23.896720028761806
24.460880796082748
24.689674825790263
25.4468849534435
24.956498969425752
26.403073448926378
25.60639467329611
26.269514025906233
26.886386761955478
27.680952764870597
26.9637952751617
27.277260307914492
28.15911327761858
29.738280231162115
30.581599846059206
30.486806679521727
28.974312113762387
29.28654357925012
29.4687855752142
29.777864550941285
29.121644664164705
29.63208121571131
28.92189708285899
29.22801662212014
29.83214774465928
29.91253849953786
29.427661935435108
29.934394666567332
31.23954344891311
32.71855500442574
32.274050603787984
32.76502629537245
31.779325238941496
32.0439911516589
32.84064916519672
33.33340596796111
32.43983607350722
32.23686531757285
31.350096342269488
30.50100126357567
29.718931863083874
30.299374790981105
29.71768417107799
29.31282851216817
28.983672221796922
29.301602875203777
30.06091513969441
29.89645238205091
30.082271474645044
31.31378616893153
31.687469809655905
31.921455713868536
32.37125157351228
33.29506113530568
32.373225446164675
31.561425458794048
31.63948361602131
31.73188959219334
30.387327113038626
30.052102505285863
29.6875414279053
29.564753622384686
29.484480748231192
29.78346604175044
29.26979999637979
28.883641548819455
29.127098435903676
28.27294118757213
27.247187280036584
28.4956592041963
27.271429399158805
27.131356712713185
26.278439395704837
26.037381436825058
26.197430223918673
25.59998275695513
25.498090219553717
25.850879358000554
26.497812427755562
25.692349303491326
24.227011601719965
24.58191503706979
24.3082201834154
23.904840922378455
23.536607947803375
24.623504697254077
23.767189324708596
23.875428810084884
23.445029296336116
23.161826239279023
22.99405724022202
22.969941739704623
22.974432504402046
22.84329082755451
22.384885539397672
22.833495235064362
22.235190169473512
22.878505494418864
23.17520608703022
23.726047582122206
23.589091771508166
24.62760512400392
24.873738229359233
25.174430408557424
24.821060428323186
25.23517659062827
25.944149635193682
26.053785294769014
26.860075911288646
27.962507631380348
28.355244461030573
28.444916089303987
28.025953070293795
29.06394391074295
29.07430348370923
29.394429711804904
28.722989475191753
29.116190537529164
28.70450214431507
29.891024291442534
29.315013126575693
29.711573692366144
30.35294504571526
30.229026278351753
29.96009168166657
29.825971807989063
29.084911550624327
30.322116282839062
30.89516713022782
31.453156022599345
31.79570563299626
30.596344981447345
30.478513825171053
31.40770614353317
32.06146655280543
32.29600228088833
31.48712995339563
31.721817327961556
32.32230466999319
32.16246214058065
31.494909255639456
32.16944025532766
32.20788479327274
30.79212259341524
30.354184790161373
31.173169808275684
30.996907943436604
30.506906407791966
30.234970787111173
31.18362041549407
30.62759221897951
31.587282510274267
31.3918979147021
31.789245200645993
30.91774687059658
30.815191791770154
30.931659043125187
30.80513286406274
30.285413170972
30.03760120057728
29.256100884278247
29.36236349519669
28.8109819108726
29.11108894288006
28.79461010054362
28.90751829681953
28.15936280986663
27.3706377182963
26.635480135661254
27.379397930387967
26.745002200079696
26.403544004540194
25.369906360782252
26.665153916026313
25.400343643024755
25.174847789841337
24.643313408984554
25.21974760625227
26.42625621568547
23.889994251391073
24.212044315486168
23.991875771755232
24.427823095573004
23.67002265684009
23.569546426543127
23.362264785337544
22.875106810933516
23.355568013712258
24.57200927331884
26.46778834435628
26.671030965294932
27.313034744414125
28.10627139120949
29.834816637054985
30.702424077105864
31.5765340662538
32.06106913958429
33.93587411678419
34.76946633539494
35.79132934776328
36.91868390591355
38.35853939806353
39.4783393161306
39.64344605512369
39.37583434874625
40.13753053410855
41.18571948059014
41.30319155784075
43.25890237247025
44.04656013105729
44.555434909877974
45.38579080322018
42.1170452383186
41.33592952711678
41.9603423257836
42.31027193214447
42.01563222644867
42.17027268124647
41.58232448213261
40.84005951635529
40.99839246570821
42.253571239428766
42.15102350498371
41.524293078778804
41.9925342971681
41.78605118682185
41.453699814240025
41.467085471366666
40.90964925460971
41.01561584041037
39.722521380443034
41.354221931603604
40.03092248774548
41.769078059773335
40.375585351934234
39.34813891279311
37.90818999974892
38.79215877961886
37.096522423142396
37.16598823391566
36.88854171750595
36.91595490315839
36.64255758113243
36.54336975668046
36.27412766401697
36.54076504450222
36.3166654202788
35.81736005345961
35.68289256004728
36.22053782541258
35.985409616659034
35.56906097308852
34.32300733646743
34.51675631430386
34.56502148271506
33.87532240295073
34.094720504262234
34.042219004842
33.342536527643674
33.700909367125774
32.90354518474854
32.204309399231235
31.6116852000591
31.11197083960031
30.362682513860747
30.283316572423715
29.654689527539873
29.75870854983631
29.535260223095605
29.816444909848304
29.59916475847656
28.971853422486188
28.499397646585376
28.467625811889533
28.14326116060009
28.264188925108797
27.67117499388314
27.781977799034635
27.67966642278425
28.054867626694133
28.18966117473786
27.76678203096308
27.60487136392004
28.082457346317497
28.359746499642227
29.461302503602013
29.278403110572828
30.37617484520765
32.736104642594185
35.484368685853546
36.4151189303353
37.785283084532296
38.19971592510485
39.621349501156075
39.310350859368
38.64104908805473
40.32185757217135
41.286502915548525
40.51556615516763
42.18479223424335
43.372277633494576
43.235112829159256
43.29478716263493
43.63807326501227
43.24764634609267
43.760099032824336
44.27955275266454
43.52172644881327
45.185184446135125
48.005405527284516
46.28848207636014
46.53040004258733
44.12622852892949
46.874051850005756
47.128387386380766
45.63617541913503
45.79001519168554
46.14578717228827
46.247020010586056
43.72973189037962
43.24573196041678
43.20436707385873
45.71658975591298
45.5098837369397
44.98097755612739
43.20197867872519
42.88753861088479
42.64659412783518
41.732821691201096
41.80679942041922
40.75484030957775
40.1535033833107
39.92992737173536
40.12573595574341
39.83927181595487
39.632079362046426
39.53424630333224
39.028095001277855
38.75049561608252
38.87025403072234
38.67650545337747
39.212287413141404
38.43499706801204
38.78672407579795
38.78368838105314
38.117112274131784
37.138922984855995
38.08011512737839
37.02944058345836
37.67812824095364
37.7372100844606
36.386353017367654
35.19667004326132
35.76644165737667
35.07633276764239
34.93249382034245
35.891738660904366
34.90012815699096
33.72377932605407
34.37305094751346
33.42815598201071
33.03263077805515
32.97209930802212
32.94177806109424
31.965097095699946
32.272794686929025
31.801711795168924
31.791752662042
30.923101280706064
31.203487013442384
30.170134658029113
30.355474436411896
29.868129641062954
30.909324864768166
29.856869916646104
30.074870774889803
29.403951442353296
29.92668916201201
29.610948459776345
30.540374832806133
30.86327338295763
30.177312288943153
30.854417087343705
32.11197759023078
33.48800101368453
33.95620844129394
34.84751806466839
36.579558624957215
36.746041423298905
38.87575506006185
39.74324911661199
41.247868369687005
41.90941886832288
41.79517392377049
42.092952046324974
42.13462997322873
42.16808257872718
42.89369078600234
42.65295448349157
42.947358304088915
43.10562466851394
43.81176723563652
43.4077707432606
43.475571085911035
43.08939620134802
43.83202592895542
43.63029524252354
43.4498151765025
43.6086526951422
43.73748879358408
43.43592031445212
43.6200641023843
43.906638467743626
43.858924247224536
43.473958465954425
44.44595217410581
44.63693430736906
45.58255890236143
45.14798060261467
47.518095247209615
46.782326780671625
50.35799595439022
49.201086071065674
51.41373042574031
50.84172754090385
52.10599709068152
50.965595387081365
50.050443560135186
49.352276712389774
44.360229387457366
41.945804224660804
42.710267612233565
43.42707466316877
42.07499992993555
42.508170579356886
42.30774560386892
42.42193424881866
51.90038562234892
49.15971758813281
49.16005329259096
49.06492139692978
46.763357524696026
48.23819255602591
49.31276831547321
48.071859849470066
48.004301494404004
47.942247413016176
47.611044875808936
45.04203379630124
47.12543227017362
45.29487446761057
45.680633889384836
45.89196829132923
45.69865701704763
46.325185310381386
45.78956406787634
45.16255305326385
45.8285689453465
43.97493170606103
43.56408308271125
42.12458357007652
43.37730531057521
38.3450860000396
34.10652304181197
33.72701805220649
34.66222759973455
33.79533351093389
32.01347875935225
32.88970125541425
32.89793439590768
32.8253070579577
32.941202153937695
31.568563701527722
32.1131301459379
32.059352992446776
31.74823602218627
33.05747494290997
33.12630266494175
32.155844236362455
34.330580754406384
35.13437959972011
34.7963476537573
36.47494021261764
36.092391381405946
37.828431155576155
41.79876981988683
49.285872885085354
