1.5368972624626234
1.2189772937078014
1.1561184946077683
1.1809947195183677
1.0748252151010642
1.1158496577864012
1.133859168486436
1.32230022954811
1.1013657127708927
1.0397877027948905
0.9722535017024534
1.0344082891855044
0.9821030461938391
0.9792995382345966
0.9431295945667214
0.9869182648457586
0.9980769651231393
0.8417287702326298
0.8551765170914114
0.8964623353482205
0.8628965048771147
0.8635075448141584
0.8340822167385117
0.8064490167455015
0.7973203042144315
0.8009028980586899
0.8223276339518962
0.827942048067152
0.7838980856243378
0.759198789239186
0.7333239952623536
0.7231877997628611
0.7115954116406225
0.684316043353356
0.7097709420090239
0.6927526152362805
0.6618429986559173
0.6090708167327364
0.6040816332973538
0.6123983515174946
0.6030526527841318
0.6077879215909081
0.5938358788528317
0.5880013899027631
0.6013424118570118
0.572451584297315
0.5735659081387458
0.567814584912139
0.5740037684025924
0.5702513372326515
0.5717511415370391
0.5514158474958687
0.5670849454333582
0.5343269517066187
0.5532185223240231
0.5372009466438037
0.5522184409439777
0.6908543066320619
0.7096724321357043
0.8604240088601237
0.9420127290877557
0.8747217934445154
0.9159172380437848
0.9833154448598862
1.0229075956332636
0.9856385995895519
1.20011872262609
1.242864039966846
1.214802662443833
1.2312576070076102
1.3520034206119358
1.3362096178676814
1.362030837039582
1.3349815629802528
1.4147729894721244
1.4182413195341403
1.3730590615156022
1.2859040240946038
1.3334934310332986
1.3888208468869652
1.3288813007259102
1.2980949849702441
1.2541849967104397
1.3272008815953609
1.2658928892268404
1.2922350151865487
1.2889396293739968
1.2684573451984318
1.279738305464043
1.2461284289164256
1.2626231839152757
1.2134415216284344
1.2302975669984055
1.122872322747135
1.2179556415545607
1.2730996584001215
1.2399477218229222
1.1577282460669784
1.2372041610556443
1.1034504436499055
1.1353309531867914
1.119062635514086
1.1000534823350312
1.035301427618359
0.9906081242885314
1.0518281971897552
1.00480487778145
1.1061071148924517
0.9973414903504585
1.0325436546717
1.118273844638783
0.9875029308838122
0.8996496295519676
0.9116900022520917
0.9408383058057268
0.9612812107374432
1.0293819327140976
0.9915746308810846
0.9297473435124375
0.8114917590125508
0.7967532091370383
0.7855140619840977
0.8004354846423467
0.748987349342779
0.713423948202018
0.7347977195769784
0.7346571915725046
0.7058747915787404
0.6958310705859819
0.701100948745582
0.7035538239149572
0.654703270150255
0.663634070353127
0.6588086385238912
0.6527001227651151
0.6351564388354223
0.6245297339797827
0.6199231310101373
0.5921828184273427
0.5923564254405073
0.5758984884075681
0.5334735644495617
0.5322957759945427
0.5451974226713594
0.543657261745029
0.5663607342684757
0.5126180627551387
0.5151356228216084
0.528067440461189
0.5419689063105592
0.5008754171816423
0.5011693829084936
0.49483059048063016
0.489678281111757
0.5654426832809695
0.6890425291120152
0.6877480170303497
0.726346487844038
0.737718364606341
0.7899596304793433
0.8288114954685589
0.8198761088019979
0.732079393711033
0.6457074372022551
0.6749885152400431
0.74728587279477
0.8040789127314235
0.8061512661740574
0.7357872997560919
0.754500918741187
0.8009841426458221
0.9476998092984025
0.8762583388622458
0.8052592837860612
0.7980268911371156
0.8156918908302907
0.8618452537154379
0.8334953359752618
0.824488116695014
0.8120238165196619
0.9469599672831825
0.9546310331164743
0.9592292168603297
0.9081827764528635
0.9092859599730714
0.9676487892842999
0.9898789062361171
0.9362097086121502
0.8805435029343457
0.8365103978865828
0.8015244731894186
0.8061605853302687
0.8334645388690516
0.7996086796440643
0.8268532455906776
0.8370669468493647
0.8335529865658403
0.8413798609596571
0.8148623565167425
0.8253043553466365
0.8308099180137135
0.8432677954867873
0.8454654618767576
0.8012782883612409
0.7939650538308379
0.8161786118676571
0.8142439729815077
0.7922325072885531
0.8080655750622212
0.7791794117285297
0.810100669163577
0.7859244767413245
0.7735349677885835
0.805342795909803
0.770375793635831
0.7787999075555827
0.8910016041673885
0.762368416088877
0.74904058122984
0.7036688156160626
0.7155089523310842
0.7497648953238838
0.755102829017067
0.7355932661152824
0.7328553865559109
0.702230812464918
0.6853332260220213
0.6844036392356057
0.6716856352005018
0.6805413152502262
0.6509647385797348
0.6550456236227805
0.6389338658182779
0.6661968301090598
0.6387674914598024
0.6281647802868466
0.6139193581111981
0.6022782341164347
0.6147720868473645
0.5563643101019118
0.5956884102658828
0.5902466311193956
0.5765270366718178
0.5553654327370242
0.5555675885275904
0.538613267720051
0.5280991415402833
0.5231854759864207
0.5132614966404035
0.5244356648384858
0.5320185966958726
0.5264239972854052
0.5406931411111728
0.5547169923234567
0.5529471512455527
0.5694765112348089
0.5743377033555325
0.5413323772068603
0.578474928360092
0.5794871399215393
0.5581391992227439
0.5969161506823202
0.6230044669892633
0.6280609001842515
0.6506005106367239
0.6545710175961194
0.6366778181670582
0.6680721235203807
0.6639921316464533
0.6742579636239856
0.6743751242069248
0.7178310677538594
0.6824834140616592
0.700612125167859
0.7214424446292067
0.7245746008027955
0.7290892364909409
0.7256077316538899
0.7313001793832735
0.7611516757174966
0.7507503528809206
0.7690548450624803
0.7821377832588897
0.7760753674451716
0.7726477057345184
0.7726293257817693
0.7890780812216569
0.7821097972443524
0.7676688304014249
0.7881178833492958
0.7568754908236989
0.7642399655783342
0.764262074718855
0.7810713603473778
0.7956053569935947
0.8096445182521217
0.7523123325891808
0.7757512123053749
0.7521072972123184
0.7478016771549939
0.7442073188686599
0.7701823181616253
0.7653402263773965
0.7597294134250652
0.7870798619220963
0.7747356571265553
0.7799276496605713
0.7401530059320877
0.7494125478474509
0.7300813867696965
0.7613764852053156
0.7316308200283305
0.7396574940550025
0.7342334147219785
0.7368952423641011
0.7355449115755769
0.7109211674873283
0.6984410210583893
0.7077180261153394
0.699144913029392
0.7403103120079253
0.694724468685386
0.6583398014749293
0.667985839329575
0.6492986035059969
0.6454736040909124
0.6432473462508257
0.6223496223800271
0.5948331825953264
0.5938917815997804
0.5768676806373433
0.5704623347318766
0.5555595318578693
0.5362308701021768
0.5415153583120934
0.5378401132704925
0.5122512279354309
0.5084176107337565
0.5228787844651507
0.5087439449792025
0.5438117212085468
0.5345573771484871
0.5280874003117471
0.49700998810672753
0.6538173087852195
0.702084408455392
0.692785244538573
0.8243832308382667
0.8508258705340579
0.9699966938379604
1.0619109253721377
1.2492050198562301
1.3047230054323755
1.2364877812302943
1.2590731552532997
1.2821198571465486
1.3633397861310363
1.3084103315174647
1.3282848994899534
1.2584978248079008
1.3482732739859096
1.4525649945122772
1.4815022706994436
1.3819645475777944
1.3973017362789024
1.466483875257052
1.501413241513079
1.47379415105727
1.4007426751097658
1.3801517949940325
1.4168730739511106
1.476527205904592
1.5489626376797807
1.4935242097375359
1.503166310069872
1.5050206781860405
1.4817028655959812
1.4744556568919984
1.3172003898402624
1.4264374691224462
1.3679223730721026
1.3173202539404136
1.2180918268118166
1.2282695670273076
1.2653760215559688
1.0999156851683394
1.0152372415497992
1.0230943845028302
1.055193318254689
0.9953757527793098
0.9484625077072807
0.9752140137290267
0.9110280966911519
0.8728389896776209
0.8281075124784716
0.8641267392366802
0.8656034311347017
0.8926870877630538
0.849703420074479
0.8388340710404322
0.8639320536976901
0.9230386796873354
0.8869471136770434
0.8844957905830068
0.824417381863627
0.8831716337014136
0.8467599293556878
0.7898743048225041
0.7666318855358248
0.7463812656755976
0.7366345018016611
0.7236046552537083
0.766808366517899
0.7607084273337946
0.6947177278419683
0.7039281921113423
0.678097249831106
0.6652752051880764
0.6893294536729624
0.674534764274242
0.5978141675231977
0.6064604592762414
0.6333891128142105
0.6320578714197804
0.6152151990186613
0.6188186220740955
0.60885719049131
0.6343422688805591
0.5905068045217796
0.5848044773302487
0.574832995007951
0.5963467447107016
0.5772745755526816
0.5511163799640333
0.554688861333751
0.5552218338195943
0.533531661962728
0.5311133563966344
0.5123274176390538
0.5312644749110562
0.5605095005889688
0.6134790258346713
0.7043233096585924
0.7760880819294695
0.7903735026105294
0.8581869942037494
0.8409063095822097
0.9043569786805208
0.9135044401549741
0.9240313967583577
1.016733917372775
1.1046693839332302
1.2644775729031128
1.1916326423222168
1.222722943718544
1.2127630761086459
1.2135563197147714
1.179234746950035
1.1878368801014827
1.2941481445153709
1.2814474586695095
1.3675076642834325
1.2313241539251212
1.3146736559270427
1.293068165729647
1.4256473648293766
1.3297956619355427
1.3313926033310373
1.3904630937977414
1.3649209343320965
1.421357436898758
1.3730912467100875
1.3816788480767752
1.3602491476729712
1.2684876555652949
1.3213607066381607
1.3827258380638476
1.3445367693559327
1.2941559008807781
1.348191483862767
1.2888698881043195
1.2908691528849094
1.2339620822709962
1.2039810464232414
1.2143847124811908
1.2105705280873227
1.0920239176734798
1.0856413426136042
1.1063967438363225
1.0891622896824116
1.0374835486578562
1.0409637013434898
1.0713448015413933
1.0839701035204798
0.9494091558644961
0.9138944387891322
0.9048434686550936
0.9961123907937135
0.9043349496778287
1.0250713193158365
0.9110308615573853
0.9455187450207481
0.9710727677407899
0.907500059246403
0.9056911909846971
0.8782886614245806
0.9081343561526042
0.8823794602801418
0.8661203435774236
0.8540899877878059
0.8566127293338263
0.8107948788182072
0.8080068455539448
0.8006207060154895
0.7925107993684021
0.8019059389366119
0.7665158607081589
0.7487514989698433
0.7071162830949409
0.6867729426381715
0.707907464209302
0.6912110459802837
0.6345684487515483
0.6175155151176573
0.6303018466620536
0.6692666371978829
0.6376837136958323
0.628364251044951
0.5993711210581021
0.6287514699289871
0.6296599938641166
0.6362690580479162
0.6104706255280163
0.6078016471281589
0.6231658698378045
0.613025766440665
0.6236845045550246
0.6176442521847242
0.6629827375559441
0.7647459778416621
0.8794268156004056
0.8952786708264024
0.9537375429318443
1.0505261978706977
1.1354636906279774
1.1955907833581496
1.3180831005226263
1.313435694711542
1.379572987758743
1.3273327688764542
1.302537035213517
1.4587142803577138
1.3867438864920734
1.407659732242335
1.4430810798577356
1.4062255002043882
1.330717626786503
1.3406367029661321
1.3607384070668462
1.3325587506702554
1.4058312456073174
1.3473353603676816
1.4068707752199243
1.3859918190259608
1.385544675936747
1.4909859237406216
1.4307364318066158
1.4604646220920448
1.4603863497415335
1.4792590345786976
1.4617147051137502
1.3009550734897286
1.315581025918725
1.2958717208682562
1.362302423121806
1.3692370739249864
1.3079341934558255
1.2976868447578611
1.2413238599962841
1.1242185608339499
1.1390587462423738
1.1197945866890062
1.1474309736568187
1.1531888102847447
1.111621485895622
1.0345801552396197
1.0820393217423967
0.960205900911679
1.0243467093543746
0.9783964858152606
1.0254076990481
0.988345405159171
0.9577812237766028
0.9214991417007392
0.9807933776336374
1.014938993909781
0.9178525833478673
0.9502198680707282
0.9834523969228661
0.9349157446046347
0.9030334716040597
0.8565706601194241
0.8374662750744276
0.8673890426213249
0.8252871581131415
0.8171676125991377
0.7550985213019106
0.7954987216667967
0.7750253177843102
0.7283423427063818
0.7181841801662796
0.7142849634371272
0.7169659634816811
0.7026942904996436
0.6817979409366743
0.6385267616768776
0.6622058974439323
0.6336473107996553
0.6349632051697462
0.6273023603423667
0.6330740816527539
0.6425437605254793
0.6085600773797198
0.6169877023208522
0.6196385218894265
0.5882753560431793
0.6004687229878221
0.5806090578125868
0.5861685855328918
0.5742430018812956
0.5572001642262057
0.5721962778052472
0.5647402957356719
0.6078749789484589
0.6097080286531668
0.7228658137983296
1.0965771594364766
1.0851769025539753
0.9319041001859664
0.8687798022741032
0.8454434746271622
0.8445323612835792
1.0209902860656426
0.9175228843762387
0.935921811655546
0.8550462974694809
0.9869196521767295
0.9824031180894996
0.9809443615160109
0.9664270281131632
1.0557761464563784
0.9776160395066348
0.9134959191713001
0.8393775887353148
0.8962785644849689
0.9315628818480373
0.9588740173876565
1.0272353073237366
0.9297991902291259
0.8534587182266492
0.8994912062702145
0.8825244647244461
0.8465715492575216
0.8503050028239593
0.8432226998815681
0.8638044202927926
0.8292832940454663
0.831222630007172
0.7937395390968809
0.8436669506158508
0.8590837422962126
0.8535624386978824
0.8704743816068023
0.8537188629096604
0.8648769396939582
0.8122103529146476
0.837101305965827
0.7958839409763038
0.8133619776329571
0.8281650840185992
0.864960144995462
0.8470104807000077
0.8782895511624185
0.8824695819284266
0.8455961877664966
0.8481794923135149
0.8690737905592373
0.8450354947627327
0.8381804512298666
0.8455491487214133
0.8234002221563297
0.849645541049487
0.8756185363692867
0.8837497771783615
0.8871539518465752
0.8468801521909493
0.8631999191002714
0.8767488919191376
0.8354554933235411
0.8623068271109302
0.8084108133018448
0.7977378429348384
0.7858539754469954
0.7887909974222955
0.7500653608035315
0.7658525066977446
0.7516902094023713
0.7336620850856926
0.7141123508645375
0.7216584465694685
0.706289773214439
0.6714865820838873
0.6490439984581425
0.6351456976813756
0.6402821547130058
0.6346739106046466
0.6289130087272968
0.617197105377607
0.6437291733266258
0.6503306116367266
0.6192232196077925
0.6356436877336196
0.6084718912694885
0.6191772412186142
0.5930519094316844
0.5823185336941302
0.5882146924895806
0.602542042967902
0.5864494774228861
0.5809284379990707
0.6117246958363133
0.6353293937072068
0.6397396105706199
0.6278069548482256
0.6272391636821191
0.6609175842622559
0.6752870500349585
0.7010163238867403
0.7247223906109805
0.7492606545253336
0.7750691696836478
0.7616748743250128
0.8025891542982142
0.8478665266104021
0.8298128972967513
0.8464516181210562
0.8366354256875143
0.8489485736137455
0.8600004552138136
0.893564758632364
0.8667599343419969
0.8450846959226195
0.8680954841388676
0.894839362876316
0.8957168904232702
0.9072040773193247
0.8898534175320024
0.8724874597359259
0.8817707248177531
0.9009693388265577
0.8954290791728003
0.869093223764963
0.8900547736028057
0.9182231453688215
0.926593916051651
0.9363096116916965
0.8928546188292739
0.8750225488818696
0.8892858639531879
0.8354826095316662
0.92481119862247
0.9065942987682923
0.8983922194311743
0.8700553422918004
0.9196191797927711
0.8848342390068669
0.9084857721840404
0.8685437480492275
0.9109110607843531
0.9093994107994429
0.896531686531519
0.8854883558750649
0.8861487035417064
0.8845686014339942
0.881510995232105
0.914881943240119
0.9353907158613762
0.9044196166421257
0.9488358222289176
1.0083927768759373
0.9452578913134507
0.9229719213041863
0.9282635485176423
0.9223343119667937
0.9323556686366012
0.9150470898801438
0.8915058218551689
0.8584555479603853
0.8573297728567899
0.8286537036715583
0.751669370691551
0.7536118989031221
0.7359309959837265
0.7204107936522243
0.6829773752501741
0.6926102079706177
0.6539624637933992
0.6474777355048595
0.6333022036882442
0.6407175077633879
0.6375397944940383
0.6332646576448833
0.6303018150112966
0.6428680723689183
0.6347879020537751
0.6000212146269709
0.5915235418805278
0.5662070283267587
0.5777421625272307
0.5558138777753538
0.5752002123936482
0.5947298204156292
0.564885405224802
0.5616861995485142
0.5522293477245873
0.5715772800792479
0.5503269871012813
0.539706729423225
0.5767149124528307
0.6089185166188754
0.624867482716444
0.6422992969319702
0.6571960257807857
0.667957785297227
0.6774083021668781
0.7279585483071432
0.7407083162231545
0.7583793410085014
0.7520522698995148
0.7580045041140735
0.8174573296811235
0.803221697540581
0.7408173884011211
0.7491250433620675
0.7683292930144329
0.8072253615927504
0.7730576981688789
0.8125942882805953
0.7716868051881951
0.7707392854106033
0.8271087831262435
0.8623981432874472
0.8316786348902546
0.869307964641563
0.83689528018221
0.835978540929531
0.8379655958462047
0.8419720631564576
0.986898823647593
0.9155138224535452
0.8585234875748095
0.8876554166323865
0.8802784223744278
0.970323492369742
0.9284493494831996
0.910908181915603
0.9158381710948807
0.9275563717988295
0.8705541045282512
0.8776648402149604
0.8818377827959207
0.8371177838739531
0.8462427048886356
0.888439636780872
0.8834950749397195
0.8784004681212843
0.8463985942844174
0.8217551927509986
0.8292642367553843
0.8245144448023081
0.782163864073522
0.8047163941620558
0.8376316986050196
0.7976086718024489
0.8721336339839593
0.8634016487381864
0.830548961187123
0.8036382148638876
0.777279319997098
0.741747779240688
0.7840557899686843
0.8061301056096165
0.7699595839498503
0.7434065745411134
0.8457481369135822
0.7340895704147306
0.712084724777795
0.7372392354948903
0.7256483721616901
0.6818882398802155
0.6543046188081805
0.6556783772143021
0.6480174181249269
0.6334168928435173
0.6142725286496598
0.6131579545973459
0.5905443186406588
0.6043392859762801
0.6062284952938756
0.6168766496435278
0.5968370239385944
0.605307023829308
0.5835078105983807
0.5922305551852498
0.5741038753815721
0.5500817429558149
0.5559014523566074
0.5554576279993535
0.5458319384446885
0.5526328679012216
0.550364477101082
0.5555589123446211
0.5410212935756151
0.5473894876289185
0.5479729766289388
0.5351148227863531
0.5655720589275135
0.5696453051379402
0.5734502837727432
0.5856483136382195
0.6146549703255477
0.6061960520153937
0.635385416331426
0.6513707134342451
0.6543198087983095
0.6746178240054745
0.7003468744272855
0.7092969493714932
0.7122794703756299
0.6833556971762119
0.6895567939367784
0.7096797177748966
0.6884714400538535
0.6807010484361491
0.71470803281073
0.7136277073221984
0.7202571484414778
0.719294270962723
0.7171561881005829
0.7436432120779776
0.7608598811382301
0.8026881591054625
0.766095528624211
0.7901789082725361
0.7989168713498646
0.7644261861382621
0.7377715476583102
0.8015183509647584
0.7638378115666657
0.7221754434608664
0.7475542547008813
0.6844984851768517
0.8080725878200253
0.7774929674012762
0.7385817797910176
0.7184713719855548
0.7104938116657424
0.756563197172291
0.7377871889484432
0.7283099922914843
0.7200504856022202
0.737695818531374
0.6912547460814928
0.7270344587357024
0.7416640404567074
0.7336055076218638
0.7394655848773788
0.734252254825839
0.7134585313960742
0.7123228564515721
0.7584181462594689
0.7799019273539144
0.6910361829706568
0.6826952955067356
0.6990156801235808
0.7013539872396737
0.6943925949923839
0.7326878011883358
0.6988444622163307
0.702614076930796
0.6672987036448237
0.6339177440268787
0.6313770579744896
0.6285235795864454
0.6151852754312663
0.5887900341984832
0.6096307736882786
0.5915182748452033
0.5710486831283907
0.5631875405471732
0.5669324886238603
0.551402964514852
0.5461536710858202
0.5552385537925663
0.5563904288056505
0.5235340454024581
0.48653136348363657
0.46425912397144575
0.4805697241488533
0.49252910020726853
0.47747248719514923
0.46977149588732814
0.4653232709722978
0.49320573547802665
0.48971748509542706
0.5506759840582242
0.5877535731399732
0.7911044803379108
0.8112168700027961
0.8132908698732676
0.8933208211796881
0.9692587579496145
0.9418511828248725
1.005714399443656
0.9349690316871876
1.055982283607724
1.090310512686182
1.126610456433346
1.1216059029254832
1.303754365707102
1.3072002897213257
1.2657130205877862
1.2695472388093472
1.4848372344542173
1.4044834028345352
1.3035849747725796
1.3165706269071633
1.435137306824499
1.4003196592869689
1.3887451328236669
1.1899133947144551
1.2419917178968811
1.3729100183133438
1.1846425016214748
1.2138706764605383
1.2892244043040673
1.3545497316104886
1.3894216570497548
1.3163842684058804
1.350426564700166
1.3930909756259087
1.282368527775183
1.3318479499131077
1.2325115329838128
1.1994568385763948
1.1753539429426265
1.2161996627963183
1.0696750483982682
1.1133221413959278
1.2414585005131558
1.276696659839846
1.1889688230871156
1.2314004206239084
1.1515147921920037
1.10392205603605
0.8951540708392818
0.9508022530568904
1.1213106396711319
0.9077067951005517
0.8187163026169825
0.8130840947624444
0.8099377449880926
0.8140116267555679
0.9237651789167554
0.9089275285287662
0.9233014130534997
0.8282449833330374
0.8373265274058805
0.8564613077007066
0.9779270484173929
0.9040652234390316
0.8640841724266651
0.8808397316239328
0.780494743798548
0.8425468943918687
0.7726153222640523
0.7165264079715437
0.687295507804542
0.656676989084302
0.6519327880388459
0.6455397091408331
0.6276426828188982
0.632161954321631
0.6202959602497476
0.6155304927922876
0.612601754960779
0.6156998772436894
0.6098996554517299
0.5625769325606885
0.5705274153641243
0.5507218119912789
0.5738091009857472
0.5691011231499555
0.5751111402337205
0.5557766289074805
0.5426374908376148
0.543461583085578
0.5504142149464762
0.5205268155032433
0.53300933575862
0.5656506382450925
0.5797080384331497
0.6228715922324992
0.5206314563659467
0.528683403539479
0.547313014834109
0.5649271817659504
0.899808674585227
0.9167652167340816
1.0007284231837419
1.010003023639997
1.2330134762267237
1.1774069085979268
1.1510005625514463
1.1325903120499416
1.1135801951255402
1.433486926373026
1.4697391670823161
1.4683448399074877
1.3342621091728504
1.1889457390473013
1.1690943951531705
0.8616816895431183
1.1731300976662702
1.0272495825380288
0.9139416791198192
1.2670293024670918
1.242484305409294
1.293464688157302
1.3370235953079195
1.415530606712464
1.3549657370287882
1.3181353961200972
1.3157144382816752
1.4921197806435602
1.429863928386044
1.394541846997195
1.4359699694385717
1.2891420900216048
1.3535940375346462
1.4614139854907755
1.2726474162709132
1.319117518928992
1.262078568873926
1.2334415550653222
1.1922957097566125
1.2023670626445275
1.1470182672680829
1.0417981776491987
1.1686294668795671
1.0603483784038605
1.0706930253386588
1.0055680371266054
0.9435926299069046
0.9972841456310949
1.037779280321329
1.07979282735699
1.0533218822976822
0.9623923074996141
1.0704122136217136
1.1396535578363356
1.0762584744263977
1.0420549702119115
1.1266375228159897
1.1095916363330163
1.1020562690667668
1.062459299130615
0.9683505413822522
0.9107184584963238
0.9303189081243253
0.9744157094754379
1.0403768181058755
0.9066574263879675
0.8781228726552959
0.8335143021008417
0.8014386332487204
0.8159916250163254
0.7098330105751217
0.7982806212680789
0.6932339888687739
0.691740382166927
0.6605020001036811
0.6820770364486097
0.6540417223301116
0.6343345962972935
0.628851134824836
0.5981781633227709
0.5876274803296041
0.5928403727615222
0.6108188394770866
0.5793019731448423
0.60313977885798
0.5832418016008714
0.5778719935269648
0.6164618071897606
0.587291132291431
0.5841486740626203
0.5959237968717745
0.7443976206174643
0.8211765786102082
0.8652161602526647
0.9301840883530716
1.1676748989243677
1.225198492317728
1.0857294390839314
1.1638421996408463
1.1201844358175022
1.3325869783795614
1.3429197882980812
1.4082354887964559
1.3315801890048737
1.5172386718460467
1.4235833094066614
1.3405892866218767
1.2354848275873689
1.263479850068611
1.2212183696524697
1.319405895149907
1.2498485408011573
1.3338678355700302
1.3119029386152383
1.3409753621803389
1.3691298809465282
1.5370325797972497
1.5231573350290013
1.464295701229389
1.4040905236713679
1.3929483739300443
1.2957719880981353
1.2767260600317216
1.3149206850845536
1.385881075475697
1.6742925763090524
1.6910633667360373
1.6177041889922545
1.494043879864768
1.398504332799924
1.324664740957924
1.2230688034629553
1.2541573734569493
1.2540839920810578
1.3151715418331684
1.285104304193036
1.2585901723009294
0.986445843501566
1.3749983988859769
1.1305207862385394
1.1068184330192918
1.2065562413936737
1.1116675080859066
1.0476093614325566
0.9211440864359558
0.9290863054916286
0.9754163008333294
0.9668663772681131
0.9204100676628535
0.912086027165149
0.9494609754006706
0.9820350391356418
0.9050483855225981
0.9979028484666521
0.9026345626135197
0.8905048449287434
0.9456614768589716
0.8941319815469738
0.8672874351001881
0.8249422299945437
0.8435548144077277
0.8011491847000652
0.7898634171727992
0.7702957420692311
0.743297353460126
0.6933974475288421
0.7154310200508758
0.6825734181811346
0.6690902697758555
0.6722878683315595
0.6524214251599695
0.6508432675814435
0.6355826709129405
0.6334319034956988
0.5846344046061002
0.5944820441277436
0.5953745903507743
0.597058890050648
0.5886075704934516
0.5676423879445298
0.5678792700892052
0.5892785175512626
0.5658169457472102
0.5861409887289811
0.5717824275585547
0.5751721730008189
0.5735060443588244
0.6547848838045509
0.8095502139607096
0.8469516437401466
0.8718537328673782
0.8435801096944958
1.0122264764242455
1.1471559010051318
1.1731856649107233
1.1389638229163324
1.211533733711047
1.2722541708125836
1.2759260098793546
1.3269550164390693
1.2430853806404047
1.274375708188093
1.3173133090913585
1.3777599442016308
1.2444305567229728
1.2805903957850415
1.2567800804667324
1.3191025984595084
1.1710331330827533
1.2668684626753335
1.2523900467501485
1.3400191409798028
1.2880201652535415
1.3077828739229294
1.378011523355395
1.5442774765556724
1.4526968922686283
1.4324685417461966
1.3852472409451744
1.3609440314692893
1.3967260718578343
1.3967871775522782
1.4948407216735098
1.3606499137498667
1.4199824972923256
1.4238010119642461
1.3596369969068454
1.2660038164850478
1.2770603066261306
1.3908236042675157
1.31515635069834
1.3493595748753457
1.2582475484917612
1.3518943112136106
1.2695529238212633
0.8999296353363821
1.0333695887270986
1.00400507657048
0.9780932189153889
0.983404608141182
0.8745065761883976
0.8870275574354525
0.9112755203937218
0.9175985165525361
0.9254988592377048
0.8972562020191102
0.9582609700353337
0.8531835165957451
0.8544717645277051
0.8647660882141822
0.8459538163114195
0.8733552503095948
0.8757855335886363
0.833948599121817
0.8457927589040398
0.8673884185105118
0.8148832596415022
0.7965982778159858
0.7627142587954145
0.7559753576575651
0.714812399796324
0.7706313107071416
0.7065317047800448
0.6917154152933632
0.6524744939948336
0.6779241495234137
0.6351275712391504
0.6377603015854881
0.6142170843877189
0.6159064402876375
0.5957856772099155
0.6040250672093131
0.5841900222183368
0.5976758748406757
0.6042670362735585
0.5848438579916408
0.5797512314495444
0.5836060131349883
0.5520141088270252
0.5429007198275593
0.5341146923794251
0.5422329395528639
0.5309279036227506
0.5787957185679103
0.7368288006564138
0.8139166780261832
0.8175514019287818
0.9264357104790888
0.9002279542858261
0.935225669399891
1.0921619821792807
1.0892721023627836
1.0589723904725536
1.0531584571170438
1.0341567005187806
1.0150000851484866
1.17731521651886
1.2347490534663395
1.3623037371985856
1.304202220415221
1.083917610586302
2.3625016111733363
1.1858510767847172
1.0493755218864196
0.9765036495265177
1.039897776466286
0.8840525128577791
0.8483086973320516
0.905682465627631
0.8706609861343355
0.9133460847969133
0.8973565800589566
0.9652320986076052
0.9083848516172957
0.863865210993506
0.8809844271537982
0.9056231809767398
0.8915011824678086
0.8726829297685628
0.9117561455122624
0.8618393713908332
0.8751947339867124
0.8431450266509715
0.8280777670572207
0.8140422503293855
0.7386299201251706
0.756996679508137
0.7163599534633097
0.7042798450891848
0.7008405904312467
0.6760687615169112
0.6747627333288586
0.6481667723853628
0.6284263661020055
0.6619035316472877
0.6409043129386044
0.6380568493991883
0.5760574183180555
0.5678307863758001
0.5621873126507454
0.5654541507746068
0.5814101876932243
0.5780670630537662
0.5722001332788372
0.5417103961260836
0.4821876378116777
0.5240954360512601
0.5347385425999478
0.5204193436306896
0.5192281346145737
0.5098710543417138
0.5639127477306861
0.5453418979413344
0.6133592897685446
0.6106081678081297
0.6248443509313119
0.7531708598182159
0.6713553952034048
0.6082289269193359
0.6152449611750094
0.6409561644915014
0.7172720769489838
0.8144303282108661
0.7140659496144376
0.8142309097671102
0.8099284948463146
0.8424930845985358
0.8455548382933196
0.8570270311583142
0.8026825549760754
0.8960725533051616
0.8308048100933654
0.8565285840326652
0.7935729968819959
0.8710346072985863
0.6960893482651701
1.1444579740542693
0.9215742619794891
0.9153795677499753
0.8743376273619117
0.8570704971771064
0.9538945019512396
0.8693249481375254
0.9029152108241756
0.9039411798579505
0.9325580118189808
0.8654294699508382
0.8760841112333726
0.8055756639891216
0.8536261566191949
0.8953266619393645
0.9078895504949465
0.7772978255020186
0.88967234165487
0.8121095982290474
0.7550097809031704
0.7414077478103205
0.7318349005589789
0.7504005687810019
0.7766718351838561
0.7378364973698004
0.731659425875576
0.6964108707361266
0.7326585082372823
0.7157241647739028
0.7075112339818765
0.7475473184824353
0.7471197330100179
0.7468372170037494
0.7618896673230356
0.7463044497627405
0.7284275894780093
0.7817308189790736
0.7607392887292476
0.6941571805346918
0.7321872432116103
0.7151474799706128
0.7182835717217629
0.7123508480162274
0.7035285998717121
0.6817298058966271
0.6713598450987479
0.6722705401748672
0.6899883863938163
0.6688315886810577
0.6484891662912868
0.670829149952939
0.6550093226618927
0.6265559847047655
0.6004398633318381
0.6283082489537499
0.6290997722759774
0.6009079014567025
0.5788241805356115
0.5808207613071444
0.5664177267303263
0.5695112883243238
0.5663965476102356
0.5228872668577395
0.5421350062530264
0.5477205112900223
0.5574620695548137
0.5349864998312513
0.5472356372843132
0.5417849230087544
0.5427388997704571
0.5679446753535552
0.5173983853983581
0.5064133128545931
0.5197599233771429
0.5237843300676766
0.5280290313852299
0.5260288979612566
0.5185373106199925
0.5312779413614224
0.5515269432426038
0.5408245619240039
0.5641358999844255
0.5660193083482782
0.5954929864057139
0.5702906776302336
0.6002420354226172
0.6199420587625017
0.6143801952690314
0.5778128916752988
0.6239966898103931
0.6744437110961609
0.6745957953855808
0.7055050062435015
0.7081596131272393
0.7097168179348008
0.7179762731690955
0.7195682897935786
0.7110844775004528
0.7981754380945545
0.8482624974867902
0.8853428336516989
0.8911279873111577
0.9051401623473767
0.7656205324467098
0.6977760023546318
0.6499457003942329
0.6607750961211226
0.6762605458223406
0.6969644167970549
0.6908821884437639
0.7111478545481191
0.7169874446824416
0.7440572531453384
0.7117924349564937
0.7120425912946239
0.7255367343158251
0.8071239692064703
0.7796125083912128
0.7341161000460346
0.7362356708344141
0.7208023260419587
0.7365331686135177
0.7546732292262383
0.7270531568436427
0.750520678819297
0.7494967876163929
0.7887728670272405
0.8079904089094753
0.7940649641193548
0.8063971640719471
0.7902199045246158
0.775278306870783
0.7927087344131183
0.86300134524916
0.899873572645685
0.7537818687981203
0.711147346046064
0.7728057156480144
0.6983802803825861
0.7328431363476854
0.7618218739565752
0.812930954541816
0.6981951009481321
0.6259061176240875
0.6327381524029572
0.5986338390200733
0.6053841728682808
0.6191298605154112
0.5941017956917096
0.5798411138586921
0.5800105431512184
0.5910017681481664
0.5704652715504942
0.5628863954054163
0.5604867644408703
0.5434872091858142
0.5405113936799437
0.5380272699073484
0.5047161587305923
0.5257372744770664
0.5176368668993547
0.5151832783329682
0.5007178733422628
0.5046027442322498
0.4963394249517441
0.49501528890785884
0.49122214680006315
0.5837620774668052
0.6393573398145389
0.7037224469449509
0.6898945574975573
0.7035707001690387
0.7333099196242547
0.7724718600912648
0.9356042877135559
0.9739706457886906
1.1911849015543456
1.1917731475465623
1.174795684262804
1.1035512275298438
1.1075368751014103
1.22958783852933
1.2419820373545472
1.210960308331941
1.2839582325565035
1.3968697366607008
1.3297710123529871
1.5303267384937391
1.3652581270490964
1.388509386031034
1.3318784946592779
1.2712576409098482
1.2151290683584521
1.1575174697010921
1.2606497051873535
1.297604497872791
1.4997884231852874
1.4669375906492568
1.408423239604127
1.4169455340643191
1.252734898200396
1.368474771356822
1.3430617296881806
1.4231165784425694
1.3057894164412642
1.2524813029442214
1.3066016073586446
1.2769521798102057
1.2580062110833519
1.267444853211752
1.1615524823331704
1.2137314328112618
1.1192607635945173
0.9888795615857194
0.9547614655751905
0.8767719388490126
0.9004191277845713
1.0152603871994141
0.9393809160160959
0.8662368653148396
0.8299585627467249
0.8052703093250284
0.8945057599045345
0.9029145251213017
0.9367836927599273
0.7986783522509046
0.8392449919234735
0.8219229479406271
0.8954980654644971
0.869421027675808
0.8225040878556219
0.7976429602899149
0.7736470322922427
0.7166736465832887
0.7758395423908152
0.6617242222370305
0.6533973378841063
0.672310237614973
0.6472267994606019
0.6685615076164475
0.6635828578699868
0.7519937594224241
0.6890994653652731
0.619781446434635
0.5958180909974049
0.5685912299297354
0.5885946658914579
0.5661554998192642
0.552331989877326
0.5492167025895854
0.5441012552254962
0.5405767148989198
0.5393142301502852
0.5298289192895415
0.5346489755893088
0.5536946853242866
0.5513046974930141
0.5320334549646519
0.5111189695693314
0.487797228826958
0.4995174689512841
0.4719247155818546
0.47599620160108225
0.49986023030623605
0.5013697589257377
0.5560711939601745
0.672494552346539
0.7900168036892823
0.7909250879042777
0.9347156827935691
1.0319487937111975
1.0223636670931577
1.0418977223271264
1.0844223441611336
1.0796867079208177
1.1431586139094867
1.2563627415925733
1.1757329488129553
1.1487444857652522
1.265076257386223
1.163756707075565
1.1494129015925094
1.0851230005718466
1.2530444470342788
1.2650685173919816
1.250320401855119
1.1991290515109283
1.2136957550938292
1.232205656554
1.39416091560661
1.2179607251761522
1.3342138068867178
1.263056542697799
1.3288124465115005
1.2479059106297503
1.2745593616253341
1.3483334105437181
1.2698383838579061
1.1232993212527194
1.2473764831058105
1.2538037532984387
1.2855372004832497
1.3049296612839079
1.247302249181318
1.183068296684099
1.04162936713945
1.0774469958195712
1.1132894966697389
1.0917710060360561
1.0841906601860565
1.1372313322122822
1.0246636222515224
0.9979056554803586
0.9447786618263326
1.0046222398871454
1.1038749491589404
0.9859380206230955
0.8895383516003803
0.9005019580457219
0.9001294128793365
0.8430947163884063
0.8415184226232247
0.8322111925338375
0.8106357648753826
0.8603597989149041
0.7248857643851743
0.7915696529481041
0.8010541711183203
0.8130818356204718
0.7754833277602694
0.7627946838404802
0.7535476859172376
0.739395843628563
0.7235701918154609
0.6986997178283926
0.6654494401715781
0.683635155681156
0.6571024405766096
0.6531728071320847
0.6438720646190467
0.6394378979604552
0.6166658547573938
0.6093939440470988
0.554842071461299
0.5794518241425982
0.561618166337794
0.5844468023388726
0.5665699045051479
0.5576709815147238
0.5594540138383547
0.5526802529539153
0.5396607257875506
0.514609586108231
0.5244512355475017
0.5033132872387277
0.5172417158094904
0.5169973253138148
0.5269999888651021
0.5257451940670718
0.5294201997006868
0.5238852138613734
0.5054166403095773
0.5354141297154262
0.5798986502029846
0.7333687477569505
0.7566395557276171
0.8930674644028549
0.9827828857355758
0.9907424587763451
1.0906672410605651
1.088395005201379
1.0726635181065451
1.0336397817185006
1.1440427282067056
1.1528735454752517
1.178964823294584
1.1335737548186884
1.2108359628913086
1.1256800192398613
1.0924558345131614
1.1398796690821276
1.2174794638780815
1.1528663085046167
1.1257757451731147
1.2251895996905109
1.2683889255473233
1.2035008772415663
1.165338766133362
1.2437479891401324
1.3423279875471095
1.2550989246344562
1.41522999675734
1.394643237938928
1.1785933392731986
1.2214059791435452
1.2218387099097245
1.1304468221351804
1.1155019561829713
1.1170693944764614
1.2024382223603292
1.1327958248918437
1.1850609060351518
1.3145182170588274
1.2809372041475797
1.1880523057996062
1.1594517594869036
0.9369058265642831
0.900310438328414
0.9087162468204438
0.8623601593335732
0.8697490930639283
0.835151786887562
0.8387167149574604
0.8502820467720531
0.8238807739244608
0.8090599644111014
0.8231988425487374
0.8356372327331725
0.8458559701059881
0.8526775730451798
0.9045483615585073
0.8571536959895816
0.8624245807772055
0.796023627728782
0.7822261631169399
0.8122465953773355
0.7765854021887449
0.7822165222901108
0.7755148088841346
0.7335024390792042
0.7190201249943693
0.7584563180162239
0.6730564713700654
0.6674169496754663
0.6387029281404778
0.6142737337837089
0.6232685287951795
0.666534174021114
0.631737654937794
0.6114689065680893
0.601775804538417
0.6274166551151169
0.5863617079586274
0.6182649460145484
0.6063221458124851
0.5861428068973158
0.5617866521653617
0.5610321887886481
0.564744310903672
0.5629431595792558
0.5424092026620052
0.5199765669778104
0.5425841686948498
0.5348119080739766
0.496853109412969
0.5194100714769818
0.590352059288503
0.6649878561041594
0.7001777169462337
0.8178388288611886
0.7155384339075417
0.781093393095809
0.8754948097838408
1.1376285459416686
1.1185215614450341
1.016028740397308
1.1157878789568991
1.1999119383536336
1.240527194840713
1.203527900667732
1.230152397637692
1.1461245920552836
1.1973012196939374
1.2270047763576062
1.2455913883797554
1.1936298588055916
1.2487195893582814
1.2054651753955383
1.3909401801481844
1.446045536871718
1.359333005221017
1.3515624109698445
1.3937016398332642
1.3333258215277628
1.3427356745208652
1.4218343196997318
1.3775869166422563
1.413849511574632
1.4257500600235757
1.305111907096475
1.460163441105553
1.2972297567335074
1.1911966056099577
1.3861476243114585
1.4442103122244767
1.071082922546842
1.0956350994634099
1.0304631950617835
1.1094564721973836
1.1614470857180186
1.1426562056207294
1.091641603696302
1.0174738630693554
0.9468675738587676
0.8791422840304777
0.9624637159646465
0.9262273412129322
0.8812123252316006
0.9044993338928082
0.8208816006511361
0.7851999962399027
0.7855607272174887
0.7697482980468773
0.7679525245227619
0.7351673699058395
0.7536867005012239
0.8270104280169513
0.7597794847848864
0.7314699779573933
0.7172339559343067
0.7548656507789416
0.7291832702913403
0.7299762873694762
0.6867335416271144
0.6911877162290287
0.6626883029745708
0.6962775680797313
0.6633164936551713
0.6440503575847089
0.6084310560751482
0.6208830056968129
0.6225568346370964
0.5983749869702364
0.583106546764305
0.5849478946709776
0.5901562395829156
0.590509635570686
0.5805738378838292
0.5680087932635816
0.5535196765251487
0.5420054592611495
0.5442145638979
0.5547899812651147
0.5391001824470193
0.5396359682174032
0.544835978840297
0.5159200194945449
0.5137316198791811
0.5217841423507776
0.5096731402063881
0.5250264803843897
0.5409798223470395
0.610829954088311
0.6909085450674836
0.6013990421892493
0.7350251573137054
0.7743658525123149
0.8073770781475954
0.8660127751839153
0.9530026174555818
1.0769780609256543
0.9821475214323612
1.0247033037610518
1.0012728360237195
1.0343912196331397
0.9807048393295993
1.0148044331712165
1.1258618081773122
1.2163723153837143
1.0558016154208973
1.1043151774745747
1.2119275945848993
1.0742002067673007
1.1927298875826082
1.12328831987075
1.2651847864752945
1.0710719750693223
1.2516697422083556
1.2672417952221442
1.2974571067801082
1.2402010109447879
1.1788426117087625
1.1808736492999625
1.0661247493830341
1.0360126860207541
1.1257488858423892
1.1060936300419284
1.2616110546884869
1.2664691060596924
1.2227054473742405
1.1850753224299826
1.2862308699795817
1.0994539878424598
1.1202283723874233
0.9967245964236531
1.0434018710615782
0.9926260547028822
0.9025014683791297
0.9745653761128572
0.943707371281847
0.9102365166868003
0.8269810049652225
0.8236691507006626
0.7965655722051459
0.8683395194302121
0.8237618643739522
0.8119622476550458
0.8707906836295902
0.8228969039899658
0.8285192847075086
0.7991563783900542
0.8262672041942264
0.8632362403770593
0.7545916463143539
0.7527343941171155
0.7460339153565259
0.7025444501316024
0.7018773427870295
0.6597773473158058
0.6649214716090941
0.671609617955568
0.642531245443459
0.6252132798580574
0.6527544704117119
0.6292804214022635
0.6151575358660955
0.6255750115109557
0.6111000182649987
0.5857994156793783
0.5666796353476563
0.5964201016521107
0.5952662122152503
0.585942686991252
0.5546744731774143
0.5870137649573242
0.56800645743295
0.5663595602500412
0.5595096496437276
0.5519731462177435
0.5656414962937002
0.5361339064677919
0.5186942352865802
0.5832219090502628
0.5577152495845863
0.5473679125289582
0.5441139288286317
0.5370352235777048
0.5429606545350179
0.5642341121905916
0.5668362400588136
0.5473585292063039
0.5643507373902508
0.5685964328971785
0.5791857164496089
0.5743958762265783
0.583309132296125
0.7244228981199436
0.811269872269059
0.713841754236585
0.6636393192755085
0.586787806804955
0.7518160269804809
0.7935750453655097
0.6903721719217898
0.6981899760900234
0.6729219846454926
0.7183141985171265
0.7364157304626087
0.8320535879523826
0.6937891572814843
0.683925999085544
0.7456707162052637
0.7518591288747236
0.6784541629289426
0.7221470025341553
0.7634561806869158
0.7515557750995981
0.7599574082538004
0.7992783707381345
0.8072682936095142
0.8899647716347584
0.8302244331283856
0.7886660453292633
0.8288120540116913
0.7957510207490968
0.8905814216311569
0.7799630449417585
0.8740482925665223
0.8275606350781398
0.7212886244510829
0.7681381199614897
0.7986254892596547
0.20116486697887712
0.5147060378711746
17662.87810076896
1.0605383360359517
1.4248127192692621
0.7124889800800075
0.6436207809427097
0.7000862834707827
0.7904870877299414
0.7645342235666075
0.6524369536854526
0.6920865612261181
0.7256958000203599
0.6764769755830862
0.712434989775818
0.6387538052201189
0.726114416197144
0.6172555258431531
0.658369117353337
0.5918378857509349
0.6115366475912587
0.5884385221172008
0.5814720210234757
0.5820246255763307
0.6658288829650744
0.6086787414353921
0.5866549379906737
0.569149354744441
0.548750131740074
0.5600134628387935
0.5506119732951331
0.5444484724583611
0.5278110834891784
0.5222439240432893
0.5263563379999574
0.5426690819525475
0.5132650016034864
0.49506464937614175
0.5317689308480444
0.535957430202981
0.5242997337651221
0.49698062603277904
0.5311125947116155
0.48996545228775196
0.5009642121447353
0.5015587313425108
0.4891998472962991
0.5023110924690886
0.5064052529084189
0.4667713364605701
0.4912805028912472
0.5103242692829102
0.4960693312405682
0.47490472642756526
0.4526377725037433
0.48249281069296723
0.47029589858573545
0.48125552317579806
0.49070446506637017
0.504020012915734
0.4955013080764151
0.5205834369544284
0.5096538449522503
0.497093170457119
0.5445730168166789
0.5716867631330366
0.6492259817521495
0.5572865816363455
0.6556548465508216
0.5867100077990092
0.6319278861205632
0.6258733255185335
0.6297160773810658
0.6313614249798607
0.6175465357057542
0.635117835160731
0.656517665947331
0.6019158347891519
0.691862459403128
0.6526430310694459
0.6247669554424586
0.7624044760256006
0.7920557871510908
0.6780271866589808
0.6576691455192721
0.7991696963226487
0.6415902829123632
0.6507239057539373
0.6275442987438666
0.6692083590977869
0.7339547188304375
0.6606671724134919
0.6466124691827205
0.6946172851178396
0.6379417669438139
0.6694005864894588
0.6767198690504086
0.6676428229202516
0.672023526423367
0.6711177274544626
0.6269111810728116
0.7016481577030029
0.7032552833062145
0.7381805254755769
0.6908641650187035
0.8187831954182322
0.759583404031881
0.7421662512584161
0.6705077743162847
0.6998992379643699
0.6227896719387673
0.5946627550101731
0.6825253475615193
0.6970911373740184
0.6435963911747101
0.7132172317216862
0.7369617456165479
0.7523654043206494
0.6151565373939543
0.5321151976873095
0.5300260839180191
0.5727300106438187
0.5586168438778573
0.5419467576918274
0.5745424939387108
0.5334196811714771
0.5039777943305702
0.5252643346399917
0.5258369890823924
0.5099837922260267
0.5411736578701444
0.538388117832532
0.5284365492309097
0.47533030521987213
0.49854757988762616
0.4770229862658121
0.4709195174763108
0.475928143779162
0.45050869534033067
0.4484917865460163
0.4406063447958625
0.4259140199096914
0.4328101529677903
0.43070513926417514
0.5198447130684669
0.5066018082314295
0.5984499025214747
0.6506447264941639
0.7734969345145744
0.8079620195986722
0.8644056692003587
1.0168635368852614
0.962033425429995
1.052016922190526
1.1070071488092879
1.1610300718042208
1.1542713675112939
1.1720469851201396
1.1509776959220044
1.2513383282536015
1.1147599266292623
1.1872304559787583
1.147059832239511
1.2667724016741073
1.222090318265048
1.25552615406109
1.2864900217115958
1.3776021820016424
1.3243127707122802
1.3430434057728464
1.3547969713194328
1.3979679320618794
1.3410401240811498
1.347980047496235
1.36377400004907
1.3398986960844812
1.3149517643318125
1.3290696481721935
1.3132689169372147
1.3320417874902206
1.2589313183653013
1.255701847308774
1.3329423877915965
1.3388552771847888
1.2328561854456044
1.222148397330269
1.1758730078013704
1.153741221099873
1.1586078394008086
1.0195560562317394
1.1862018562681658
0.991373930520148
0.9176136518568521
0.8777235632208552
0.9633135296260511
0.9447507487675252
0.9824558360022442
0.9265334207767099
0.9008889406931435
0.8935635240352267
0.8469954824355
0.8102313702695522
0.7704492771765017
0.7742284444025771
0.7572339310669219
0.7978128304904193
0.7726178648062291
0.7109798662989383
0.7372978416865777
0.677608560634413
0.7900123911442973
0.6287605986259721
0.6267591843583653
0.6612620942081623
0.6412896472740813
0.6242747383259757
0.6228741000496828
0.6281178651982603
0.6126414031259275
0.6103565506795395
0.5204789574246935
0.521552826277116
0.5087709362437282
0.4644217516368474
0.4732436973024576
0.47798019365608846
0.4572862560101422
0.47003532939070963
0.45954488841989777
0.4576657755963649
0.4483285665009921
0.4389921223041373
0.4447290701089619
0.42971702868880496
0.4449474903076556
0.42663551103999625
0.4332466076632805
0.4398274906608513
0.4643678967000491
0.44280995405893786
0.45934553607664763
0.5320879300686624
0.5635608777154795
0.6138360615561372
0.5936540922795481
0.6695792430351375
0.7074709634749077
0.7993453159882853
1.073946314618397
1.0010282817738319
1.0656339586802377
1.0324073374138745
1.1507410571892687
1.1110306617266252
1.0197180904577539
1.142498069787324
1.2457732140037123
1.2319083415914833
1.2162097439739858
1.2266029418528321
1.2112632968999903
1.3087032961561351
1.2245930594582553
1.2204372540799806
1.2594232297127375
1.315901027907542
1.2307154406299967
1.3639649417007742
1.3332977171950184
1.3441081128723693
1.338578128028897
1.389638162640817
1.4866351686718196
1.364946483716699
1.4046646800007843
1.2487490864198867
1.3139578075922997
1.2551672629229866
1.3159371768659802
1.4201959427629722
1.327505158163531
1.2968423088700771
1.1964771138515575
1.211545015017911
1.1754427824524976
1.0115044836170284
1.1317941653979904
1.2098138757350585
1.141638128052734
1.01896960600176
0.9976766293917902
1.0211028329701752
0.8818552325506442
0.8518233156678785
0.8686034568884506
0.8563958315823463
0.8178392671959346
0.8259872844841385
0.8213980340124831
0.7748998129035628
0.8112909699188762
0.7792184188132653
0.8017642691086366
0.8786067899834912
0.7915722691519389
0.7557299287179197
0.7518444179553346
0.7380483195164401
0.7368290070224421
0.7148330270941748
0.881982467804773
0.7861326170761535
0.7005066351187621
0.6666965294997395
0.6524742593723984
0.6420870770356416
0.6219457327415349
0.6190103814267435
0.6141667448961396
0.6078863034280886
0.6037158225710747
0.5924200561261451
0.570609433033376
0.5527664009018348
0.5668891357876611
0.5890343448400615
0.5730533457167597
0.5510978704212067
0.5240309116852213
0.5239478800024379
0.5183240742855668
0.533745704049322
0.5116512570780424
0.49195773116581565
0.49687240456636483
0.520752624571723
0.5030489025101278
0.5001103619358218
0.5629639261203229
0.7322884004657867
0.8457158315022756
0.743652092740616
0.817407234050967
0.9978746387149832
1.0147507889231884
1.0634179746615895
1.0837644371751987
1.082797730872099
1.1536012245720706
1.1688422813927002
1.134678812709207
1.1643351632698005
1.0986399374458145
1.1745048642857254
1.1449245237283963
1.0947216598109442
1.194897278598484
1.2967554690624792
1.2439425483533628
1.2100125141791844
1.2390124372233675
1.266296483990048
1.249956712538496
1.2394118613780896
1.2923405095981546
1.3397652525818071
1.2803565858361678
1.352779265809936
1.4220706122722147
1.3278078010612786
1.242061355737141
1.208160957781127
1.2614138515974425
1.2849678274350727
1.2337606793695404
1.2500446734322757
1.3574638586164742
0.12413440468916817
0.637921027248266
0.3866026856048511
1.8127780263307367
1.1175396873545649
0.10939814053337354
2.002916614460521
0.9735222375454956
0.3890930964900706
1.6343012292049726
0.8988308937039097
0.9319491721001406
1.9967149095845758
1.0589438011970607
0.9525331235179467
0.9702294292499777
0.9077729685830465
0.997375630490098
0.8726015951299569
0.8933012270201692
0.9118433954301705
0.8971432168535443
0.8397567823949181
0.890623489273031
0.8207710954411986
0.8054616168705337
0.790641627861961
0.774966042929275
0.7605968403277258
0.7131471142171721
0.7127355040158948
0.7293071620023718
0.7271201541600412
0.6756165512039233
0.6975903253358732
0.6575456143787457
0.6456315593225492
0.6382909456704157
0.6122238151815815
0.606313858075078
0.6055303322617908
0.6078123386468618
0.5916821552536728
0.5794995353917479
0.6039702891304444
0.6054765758223505
0.6033449186121036
0.59464488803039
0.5981367150137432
0.580877170793174
0.5633968101874611
0.5720843941355773
0.5897065600356473
0.605840723799987
0.5856601871511626
0.6067505016993937
0.6222884484392333
0.7084786241879423
0.8476324513374003
0.9491502394909567
0.9148185768046244
1.0140092058980594
1.0097873341369352
0.9813382725423051
0.9703890465607511
0.9666449145649899
0.9762799776500728
0.990329664284179
1.0840509397310234
1.2907148021980839
1.3517808999371217
1.4169394985511743
1.285609337398965
1.2823199583806137
1.1997872403122478
1.3140967591794064
1.270903074444706
1.3644591561266213
1.3286489278354097
1.463954542905254
1.4153606472128293
1.3802634973677683
1.3443232748256981
1.3981366728780118
1.307202371439322
1.3498661864210373
1.333407658074076
1.2407022763918767
1.302637265413888
1.1956566131499473
1.3727601065232087
1.396743433553049
1.4904210269159506
1.362196689925373
1.4236775564045316
1.1685998379717861
1.1429730142156438
1.1606058604770517
1.118372747488972
1.1270927969785447
1.0059578265966673
0.9657020558186834
1.040706337604918
1.1057721161815801
0.9754430656232406
0.9649241541556712
1.0555897500697513
1.05384513578966
0.9253487456558341
0.8957163459233907
0.866281994515442
0.9196796475038378
0.8607970070773713
0.8913700533529173
0.8950139515614659
0.9091368719839882
0.8540081798012108
0.8627860196723192
0.8654588439984687
0.821413348340554
0.8018326046822067
0.76877315147931
0.7623508476765692
0.7824281434862579
0.7786584727860314
0.766601623119027
0.7066965252671935
0.6969067092497304
0.688157661874894
0.6584375564551215
0.6782511436032116
0.6433768583145685
0.648341860275286
0.6097577249271124
0.6092373902546432
0.5858683683451654
0.5884590979955833
0.5874092687042918
0.5757979412083815
0.5554826458785658
0.5702253921422096
0.5698504533184813
0.5593799504085912
0.5553611448538648
0.5686593438049029
0.5487650794010482
0.5729432271231496
0.5410997005298837
0.5662150470769859
0.5493256307470006
0.5493945873380846
0.6247986740537682
0.7854573265166628
0.7974139117402729
0.7492575510248786
0.8429692013605331
1.0171202906689105
1.0579986148297136
1.0401388157167502
1.098142285576104
1.1346349422272186
1.3105297460902865
1.211070653418276
1.2766107284315316
1.1875147030440751
1.1125262341878162
1.151602393969349
1.1185164717232663
1.1690946724790539
1.2717892493201732
1.246342592831911
1.1622689134302198
1.2351381262790018
1.1737171406658669
1.1122946823266275
1.199889656793593
1.1386806382535304
1.1263351280080938
1.249375908114863
1.1403043825637547
1.2453051070578238
1.2567294231623085
1.22969854913006
1.196559825015145
1.2501900433473798
1.2316611210294794
1.2565521413247756
1.2202409360664326
1.1534732397132086
1.08155870888933
1.2032643624347525
1.1630027814586648
0.9973452560772512
0.977828376160764
0.8957418341243323
0.9181086931081688
0.8648875039142709
0.8209096552173051
0.8558745737051071
0.8604976747138718
0.8692702695819656
0.8829887930590256
0.8534496666223309
0.869320650008723
0.8882620789473293
0.8945294826410621
0.8887014707800208
0.8851997307355979
0.8932262293733514
0.9073114994529612
0.8729352569575682
0.8303433215989224
0.8796947924199945
0.8637264025372137
0.8503820756331222
0.8454926491592573
0.8668863273828464
0.8449846914130472
0.823756660055282
0.7365525950539085
0.7486999628386548
0.7078540282693305
0.6962345972542502
0.7166193670772547
0.7127099735741853
0.7230967327768411
0.6979823282177641
0.680136765325406
0.6803769081967738
0.6221694990559171
0.634815191824322
0.6272991788289961
0.5935732867952489
0.594422483296222
0.6030462985021309
0.5667272614227119
0.5965304665703632
0.5899246591810042
0.5930900488198687
0.5941546821241042
0.5980818000058411
0.579252883740276
0.5829519021703083
0.5641573250229652
0.5618856077913906
0.5738078840310433
0.6030617541389195
0.5945963076189819
0.5910432018786714
0.5930328536278441
0.5770514605830048
0.6456322765636473
0.6038259128452711
0.8009067920697635
0.7251052474034594
0.7096732923515161
0.7938584661741542
0.7366657521295753
0.7070227854159965
0.7485903521805997
0.7674572829514404
0.7748704514886667
0.7461814584014269
0.7905494071242937
0.7756964152916638
0.8011639461260508
0.7867226369552002
0.8838419989926171
0.870497009668465
0.7945113369679729
0.9049883382887508
1.266530318080716
1.3977632565372071
1.1682403603351377
1.0366304195810525
1.0214556598204472
0.9004583042817211
0.8750256148457951
0.9253206800394427
0.9593589783594261
0.9333410942036197
0.8911850483836904
0.9770248666366843
0.8856632628890329
0.7949297937046694
0.8659583923337685
0.8251906832957043
0.8702422800351026
0.9212210907712631
0.8092658840838669
0.76981351365903
0.8267383675191675
0.747518316719609
0.7585786145710695
0.7558580957219857
0.7990805676187981
0.7388837953009949
0.8040343378569325
0.7848220348372319
0.8170882800147945
0.7426981259538703
0.6861148899136315
0.6926037755666293
0.6705889463227958
0.7371328613632765
0.7457657129600599
0.6986867736622004
0.660088690158991
0.6798522461000597
0.6373095168585657
0.6562938391176031
0.6460795849436725
0.6278281393047977
0.608958407332093
0.6453011117816962
0.6151752768622424
0.6383234254498203
0.6891520081896814
0.5821549598022231
0.5916933164070023
0.590942503667619
0.5623089053884094
0.5635365450456747
0.5786332229774865
0.5631489477676321
0.5468378452459814
0.540950959578429
0.547191920860334
0.5193475730881627
0.5251809208820853
0.5323305542382153
0.5631884035387318
0.5947003545295931
0.5533515952469993
0.5261764311779165
0.5450943045748653
0.5379000978437619
0.5289260056027355
0.5602019275257011
0.49835328702220694
0.48553762161412545
0.48091836205632504
0.45878034659642547
0.48446616213650884
0.49092831456269886
0.5035275794623796
0.5197938268862704
0.5385134022877187
0.5142213227078585
0.5067812825380016
0.5284400880449679
0.517599348627876
0.5529941322128386
0.5064398859945741
0.535983808567856
0.5409089013420493
0.5522418715451427
0.5971861483646617
0.5771395806215617
0.6331523399804592
0.5915024573494955
0.6024708423067612
0.574861749923634
0.6284615952784774
0.6006341523923263
0.5880567850656456
0.6161963197692782
0.5944855938126674
0.583655863640728
0.6069754812037992
0.6158068872193085
0.6479444534194295
0.6809686969652298
0.7269402338515405
0.660761506175497
0.6578495884359824
0.6243964962517976
0.6951272048129213
0.6902489138139354
0.7078580202687734
0.6630593727979996
0.6502450656075657
0.7528719645319306
0.7610638306280503
0.8353181486611292
0.8097485454637217
0.7339548731985646
0.7232874102563452
0.8251962411852855
0.8081219615804573
0.7693560898315945
0.7074306775950103
0.7149772828467501
0.6732554703928245
0.6630174515984973
0.7205413265310948
0.6392757503080758
0.675955800381445
0.6649355011665761
0.6466541073902192
0.637931060268999
0.6512829924753039
0.6018593938950176
0.5871633627299829
0.5893832518745716
0.6469245475881729
0.7198879045360648
0.6501215736811332
0.6905236492928062
0.6961227833188216
0.6975128880072611
0.6607136798039689
0.693271289740223
0.5976150574701181
0.6482658251659127
0.5844576372385001
0.6485842731969691
0.6616736310048892
0.5637426130301288
0.5499789666728933
0.5185151187452144
0.5102972449359836
0.5136736629649998
0.502656072098791
0.5119804244716215
0.5053382100511988
0.5106231827960771
0.5114068674091776
0.5135579211829274
0.48998003975178367
0.4880175352689008
0.5030311763004872
0.49301850170342987
0.48791679782287983
0.48045594035707495
0.46448595483726
0.45775513938445694
0.48762095530551747
0.5544554290601602
0.6049756683645026
0.7417669253658948
0.838804496911973
0.7651734927663765
0.9382409682447814
1.043087869862869
1.001287396202501
1.05963267298722
1.1414421239386223
1.0893819398468958
1.220741210187559
1.2496070980060956
1.3079863769356934
1.3507149957177838
1.2688498939934467
1.271044407979775
1.2253575456955474
1.1702024711673575
1.163278127186392
1.154971507419996
1.2277976766437977
1.1818497148138216
1.1824768419290854
1.1798655031747662
1.278734460177332
1.2909084555560324
1.2237740553520642
1.278296190768629
1.2607991230744418
1.3399749677671207
1.3306302695362338
1.308767354446677
1.267103553470538
1.2754469852904804
1.309101535663874
1.3144098425175805
1.2430504509287652
1.0889273773333177
1.1043226216601394
1.072731555755473
1.1064181727604805
1.02537714305434
1.0300379163867537
1.0595463720759621
1.0333804674432285
0.9619593896911878
0.9773772883679893
0.9957175669985553
1.0488625367203408
0.9675955413163272
0.9067069542810864
0.9449171957835
0.822999154339753
0.8591547723658474
0.7967470918073797
0.85823911045919
0.8604556986109321
0.7543653736602375
0.7946977343044304
0.7711951824992853
0.7953302452705181
0.7222654637701931
0.7496400201569317
0.785766805663897
0.7540886134450464
0.710990330003152
0.705220635129445
0.6737204904064809
0.6749714962323394
0.6692006995753476
0.7035150037559005
0.7033065698554504
0.6665266840935079
0.6682803293142623
0.6383401436851813
0.6229419170183991
0.6005952946540398
0.5910317330139077
0.5795470311392541
0.5807379666588035
0.5965862276662505
0.5708737253400173
0.5487292433016709
0.5565039008570768
0.5425212091470385
0.5455609977251619
0.5471409229927675
0.552726855031726
0.548307079530826
0.5263550168611414
0.5203421985093635
0.5096598567157463
0.5227133297777232
0.5133492037091135
0.5139824830451185
0.5604634348070308
0.6489129882978766
0.724531734102454
0.8226203539460564
0.8401506877024345
0.8624011422160098
0.9197076373029662
0.9871041098940186
1.0139556484655083
1.08213251899945
1.0181478859154607
1.1051647363797215
1.0505131192026562
1.1561481776106983
1.2125767348627132
1.1750629218647304
1.1391180722813343
1.0470630286880493
1.1516026699115625
1.1602096719891266
1.1684612429633467
1.232837481700594
1.2430574894665392
1.2589700873549758
1.2225146033099548
1.3685487728277033
1.3478975089536285
1.2418126323816245
1.2294905163916428
1.368324567905352
1.2257254157640236
1.3441184482132933
1.423864298491166
1.280355524887735
1.1957714082782451
1.2397059376585602
1.2544317766434387
1.2811807064276695
1.1692730178739323
1.2621908794778562
1.1532221095275088
1.137487419540115
1.0972780115919245
1.044770366613214
0.9682688447263241
0.9001158729266252
0.8458813253105983
0.9062688649401711
0.9948164717185153
0.9094444030376735
0.9822391702402961
0.9556204925888163
1.023619115480327
0.968457662293255
0.874682773485252
0.8773875176246811
0.8533822832343487
0.8455552948680841
0.8284390347886563
0.8703152641064593
0.8455550861576324
0.8016011081580522
0.8020714294738179
0.743154137263786
0.7895707540930393
0.7525427671960517
0.7217030718043996
0.721782462742356
0.6835973325913137
0.6998824032130557
0.6925707360811677
0.6806746783618035
0.647438486920017
0.6440381524800899
0.6428762478013766
0.6100920655018882
0.6122323378838342
0.6412781998204015
0.6086230384243124
0.5701737674878326
0.5967481063476028
0.5688701347663558
0.5834921655823538
0.5508991287270237
0.5503379488359527
0.5472131731252962
0.5405246847856344
0.5354825211005118
0.5373880916440589
0.5500442820318364
0.5305753217584563
0.5283851241435993
0.5183318049728523
0.5293114188695065
0.5225621014068345
0.5128662773629802
0.578811227493541
0.6339535230089908
0.7917453694718877
0.8613072132324648
0.8305184155892152
0.8516092525560284
0.9656746454805638
0.9598037007175798
1.1283253191658535
1.1291085487083534
0.9706300098028859
1.0838966988818441
1.055415986355443
1.0798408668232193
1.1698219207906178
1.194230964906514
1.1281902822955807
1.1733116818187406
1.2353210832758996
1.2155331554822426
1.1188769928879694
1.1216349697566947
1.2561251621494962
1.314059013418215
1.2434918374799002
1.184877584241548
1.2975334868382442
1.30412043856586
1.4399362218489775
1.3460413254093606
1.409169232569362
1.4020362286499741
1.3919192713451047
1.3496525777264827
1.366720042425473
1.2022131559738194
1.2510468685615113
1.2835672656035169
1.2067665871011932
1.2138567455515816
1.1352202423949953
1.0700598953117582
0.966998216713761
1.0185306751243932
1.028492990432796
1.1574800116434922
1.0484090001046693
1.0067799114518012
1.1304027900212565
1.0666900644009405
1.0490793844457007
1.1380744023465867
0.9854022642534908
0.9109869225648499
0.8621250088476629
0.9476699334640354
0.8428450999937873
0.8472394111195293
0.8287361749806054
0.8393785408652928
0.8866170933459677
0.8986312983993482
0.8832966871922271
0.8755955123832245
0.8573873515417538
0.8672674380626344
0.8460458780886055
0.8755878003794915
0.8532192428438424
0.8187289442815271
0.8145179500284423
0.7857066680650004
0.750651708889136
0.7869132702607047
0.758652145448669
0.7201197852750193
0.7259875080198659
0.6841418670667218
0.6524731849321599
0.6562659661774373
0.6558083903552869
0.6523220644446801
0.627112828291982
0.6117619374673594
0.6107877648067944
0.5906390568411757
0.5811443126167616
0.576430992014731
0.5614295272859737
0.5720518533030075
0.5807248988270011
0.5921804738742108
0.5691726603956954
0.5842041858551332
0.5719761927985221
0.5757993206207002
0.6268072825005605
0.6890468603167927
0.837118852398394
0.8508374422099023
0.9884193180781118
0.9391242482337845
0.9503222880297881
1.0196209334469333
1.068284057439362
1.0808021214899712
1.0059219205021872
1.0494539075354024
1.1858009721817933
1.095410651142776
1.2240820131833856
1.2231015467509627
1.2162861358917827
1.256052724270356
1.4431932281842865
1.492134555439337
1.291089913608976
1.3421184776103223
1.273575181647307
1.151512968080853
1.1421249071946384
1.2917095061373183
1.3067532704795537
1.374171217600495
1.2849163795805811
1.261329107738774
1.2905186707984428
1.311258781507441
1.3064207774533343
1.2459047590863304
1.335815262226401
1.2182880001693317
1.1919910005203984
1.1699745550138312
1.19084757486854
1.2535656054890165
1.2208943509322439
1.1287543996564133
0.9383387369165497
0.4414152740714581
1.8450400534795057
0.7722931226021799
1.3509311781392241
0.9227277660293969
0.9740882303372204
0.9767753615861481
0.9285046908774999
0.8951720782298185
0.910225175306493
0.9567150152954754
0.9221619059330893
0.9810362633364056
0.9176385258158046
0.8868232375962863
0.9213240810548147
0.8885498367081418
0.9176761858279676
0.9076264004206634
0.8832274658255849
0.8774627193199618
0.8551310735640621
0.8361358175273226
0.9127505089720389
0.8075398730129287
0.8133553731181882
0.7768726830457503
0.7550568373270863
0.7524383662156449
0.7291949909234069
0.7015410947078937
0.7017589761124035
0.6892638348125013
0.677274048558272
0.6612799387496199
0.6713645223561246
0.6302412732550671
0.6621435970906057
0.649416880040145
0.667762063267048
0.6723872216673921
0.6544871163255102
0.6353750153112196
0.6358663072338538
0.638621150630421
0.6352398010179909
0.6558795674213871
0.6352477756370202
0.6378706834998207
0.6009807434311626
0.5888866661053129
0.597955316979483
0.5436081308422508
0.6154728914017772
0.7025963922863637
0.7307965598191902
0.7432749281421723
0.7923596539017578
0.8474318269118137
0.9521758976612382
0.9391074675486434
1.0252914000018973
1.0081612324884894
1.087890643805882
1.0829572676960444
1.1837326620129733
1.0759884664565642
1.0572374395927653
1.0814991823150486
1.1391529439932573
1.0837700943875619
1.147377902983793
1.1306761147487188
1.0895723225227272
1.2130633417151602
1.3735146566400682
1.2329044016882253
1.2151582819144167
1.2745147947272069
1.3859175901139253
1.2787789284597315
1.3716199798917457
1.3852349870984264
1.234155685216492
1.2362397073044502
1.3052762911585283
1.2256055640893968
1.1351718888811702
1.0141219663171985
1.1093467004935182
1.1282382987887822
1.1650323820426502
1.1686442545262743
1.1089310313330447
0.910530636109681
0.890502707888224
0.9320245099370991
0.9158276016860029
0.9427370100449315
0.8985522726222418
0.8426166825569156
0.8915819511306052
1.0561363627519884
0.9468540174146031
0.8499105663337607
0.8873717021018168
0.8950450591437991
0.8590411640995635
0.8901876101926879
0.9273422251425032
0.9461675088805697
0.9250270581109363
0.8775880246170868
0.9064200703049409
0.8964030253997659
0.8732995565547178
0.8128139346869184
0.8621488042310597
0.8600553045906173
0.8698821207269641
0.8082366627781289
0.7847588205568204
0.7399855256267381
0.7740939687667517
0.7059482992167476
0.7032867213354508
0.7069936420982469
0.7456563782534782
0.67380229330275
0.6459144462161532
0.6399462301615286
0.6481633940767753
0.6547931963715196
0.6276388560704305
0.615744256477938
0.6112369469003502
0.5828229568204009
0.5802670692337236
0.5841669780737123
0.586883592207147
0.5823724255820941
0.5699027153576223
0.5818627785252235
0.5570573514189036
0.5664092988335231
0.5381721368252764
0.5568278358002496
0.5334307020811404
0.5571931934834942
0.5689636946789164
0.5822500257571076
0.5752919840308439
0.5899658110277474
0.6086733961772347
0.6130044442263538
0.6418980531135191
0.6358534398319773
0.6396467047972446
0.6958388259373267
0.7054546442105561
0.6868637301254362
0.6983636033795733
0.7248424866619544
0.747852673955942
0.8214870504685416
0.7518215546820006
0.7299380473763716
0.7437439980720466
0.7452971032001791
0.7281061073748945
0.7539831224000161
0.7851993710327227
0.7854038835142381
0.7925376318642553
0.9062345687921337
0.8387316540541591
0.8446780428299744
0.7922169935676924
0.8084525396493999
0.7988536261492191
0.7987586181426931
0.7728044808077909
0.792338530185974
0.7808797350713144
0.7766690436305923
0.8137816849565993
0.8127211728310613
0.802259815579575
0.8247948720333101
0.7441938635888496
0.7602941100685626
0.798675353210574
0.7938837818413963
0.7589152653555719
0.783979402510346
0.8088915560475558
0.7944686781121482
0.842231434207304
0.8126016454819873
0.7350300445720467
0.749975805179619
0.7380031127625037
0.75060299232302
0.7544296195724212
0.7437634984553901
0.7093096683251884
0.7028840695111275
0.6982898872714738
0.7347444768987905
0.7597471501638786
0.7461767324583937
0.7247882154845492
0.7437253513490099
0.7172119325202084
0.7250348950135375
0.7259568456861301
0.7467937168826579
0.7361203052132648
0.7108669703310592
0.7168432272286644
0.7189013690618892
0.696635797460673
0.7047145948876743
0.7042264737530097
0.6837276003529477
0.6592606869160316
0.6472305033004595
0.6465137227980616
0.6363912017414957
0.6225051394377226
0.6246014948623323
0.6040616674999346
0.6168958764615481
0.6136428776733042
0.5853364227442589
0.593438543760828
0.5729017422288293
0.5755414979138742
0.5805310434715669
0.5739131222811537
0.5866095966554614
0.5889451156610107
0.5690801531288818
0.5634303919960187
0.5624210650781061
0.5446270841149486
0.5524823926571997
0.5492535360130135
0.5503579103996995
0.5566770406970522
0.5580790961006487
0.5747512260277666
0.5444907110267845
0.6116874333317334
0.622712128707868
0.596095224168916
0.6271163606165614
0.6633959223325228
0.6608468153706625
0.6478827230586331
0.6143570456058252
0.6535773443415245
0.6537760562614323
0.6249951618488175
0.654366921510513
0.6723779472290408
0.6748366238224249
0.6758726329295147
0.7044029423061378
0.730872365922984
0.7074198840036223
0.7229512026247341
0.7625207524252435
0.7815919458426257
0.7690615648357808
0.7497576954233057
0.7526405507817818
0.7218889571525566
0.7342820670593225
0.7441166256067814
0.7269749558836374
0.7375493333085377
0.7547464082556874
0.7004060123667165
0.7853553615125436
0.7912459017938588
0.7550145785409054
0.7817215733352882
0.7726527030388908
0.809211493224907
0.7750728029081175
0.7533053646724971
0.7871588094528498
0.741849670639724
0.7094418832403997
0.7434049658199565
0.7225705437040069
0.7392376780085116
0.7543425598513696
0.7732963273091319
0.8973964932040595
0.8066555567211074
0.7931730560089236
0.7723033355147904
0.7951452987389522
0.7547037337384118
0.7719738685395903
0.7634303667187752
0.7874560259331099
0.7345891186759856
0.7687536999612243
0.7747613311714943
0.7699107270889646
0.7487647180367637
0.6959876696858436
0.6788159059565357
0.7088374716473494
0.7133971932776555
0.684967681231782
0.7196301890858045
0.70764643117886
0.6830303620790159
0.7176029966499554
0.681474145461824
0.6537004085338024
0.6514927106563485
0.6335631928701894
0.5993038957883575
0.6127262119874405
0.6137749040705492
0.5903704239824886
0.5767215758783404
0.5593012574395382
0.5629649749146759
0.5598195407760023
0.556725031363008
0.5529619456079568
0.5642031566576821
0.5533561645860514
0.5534543344345809
0.5554098350393406
0.5358671030347999
0.5438786484623743
0.5320463366608421
0.5527313956623341
0.5388725683668927
0.5492586863652164
0.5678426159789388
0.7237613449477881
0.6967946296921294
0.7090473131310849
0.835560010588987
0.9148837287756624
0.8718669082910961
0.8924063661346451
0.8525100715678324
0.8580989288753469
0.9114158086950779
1.0048777895178433
1.1653945626859887
0.7602644631563402
0.8045666655841787
0.8045686045234296
0.7767608526445202
0.8064285891171296
0.8348007032415083
0.7533029136380838
0.8042204530054071
0.8442971935595549
0.7975211174027999
0.7839407911009514
0.7391420292491208
0.7769846018234822
0.7669352680116286
0.7258433977346039
0.7367132464313264
0.718822504133611
0.7268660606906537
0.7292581526504756
0.6899853243353934
0.7111109774680643
0.6346555653328989
0.7454757921197811
0.7846551476642332
0.6433044935798816
0.6894296389683202
0.7283046357348791
0.7093070836828027
0.7499140361275223
0.6970210725409629
0.7115018426904832
0.7905193974006828
0.7825122870108357
0.7464598192418875
0.7122686951429974
0.735392593692542
0.7360575324517092
0.764768817500851
0.7488578377707316
0.7867816826948878
0.7584985007857032
0.7365573008686248
0.7546344476477496
0.7724170547945272
0.7873489666711689
0.787560500172383
0.7425408772843279
0.7548078323573187
0.7485909353177552
0.6909085593763736
0.7098188469845368
0.670803281168548
0.6512577162896938
0.634343023790485
0.6315146129584365
0.6394141993891095
0.6039827938661382
0.6339884588734547
0.6278698865044046
0.6187210488212157
0.6073834362325334
0.5886315383952878
0.5775409460923194
0.5644067605548375
0.5630420124135989
0.5558333561603039
0.5781562051664061
0.5697967546213658
0.5326843258328989
0.5445097578599795
0.545164400144837
0.5214119958985499
0.5194090783846138
0.5534869654038391
0.5604760221627217
0.5602627015460088
0.5512626242890583
0.5464580321054322
0.5763645394733977
0.5804990416136588
0.5529819960683295
0.5624415829182227
0.6245878799000492
0.6466675784500873
0.6866279803730764
0.6563843199528759
0.6452140045797661
0.655242583658596
0.673335816167971
0.700678364723603
0.725706711441014
0.7343904462948847
0.7668489179934821
0.7670209066883877
0.7860304729295031
0.7905236498502046
0.8270776566683806
0.7756370010743425
0.7266459972269356
0.7541417927068104
0.7866035987524277
0.760655149324821
0.7133044768589606
0.7385550128635838
0.7422089711118396
0.742494048959601
0.7973427446990522
0.7143669550707543
0.7226885169995141
0.7339537929389562
0.7111303447430322
0.6437886355244611
0.6689441788024653
0.6585106459348882
0.6548356366219155
0.7109223390837749
0.6886268473617226
0.7142662062276328
0.6949164773445288
0.6717709032160254
0.6997640060144035
0.7588839307186014
0.7181918143736463
0.7668363898810847
0.7596470976452048
0.8192074680031022
0.8170983002457853
0.7990082709313909
0.8490674145237602
0.8063643963572859
0.835542169803825
0.7344080422923642
0.8326058062506027
0.8109878878614328
0.8674540328052405
0.8431782644119736
0.8849421835671294
0.8276439009525294
0.8833745983404837
0.8224688288808836
0.8348922261171307
0.787796158920719
0.8294872327940529
0.8470647039417103
0.8507298136372862
0.8398629789667006
0.7822932061981593
0.7782871026253722
0.8339908439942911
0.8069517077202587
0.7386842042621354
0.7740018037046783
0.7646767411864028
0.7158660955375703
0.7237366551710568
0.7440792306610488
0.7295909103190533
0.7024865958747196
0.688173082691859
0.6718983578368365
0.6734801254401482
0.6930116312214709
0.6761848238602934
0.659143049026155
0.647377330419795
0.6285630068927364
0.604850842134739
0.6266137374708709
0.6087381219133889
0.5995163765738851
0.6293009737084247
0.6048704394432459
0.5980670095913765
0.6073700019260408
0.6408624589185699
0.6938738392043298
0.8052085062440796
0.865547929004515
1.00914688003714
1.1442508168200098
1.2059923637906014
1.2042209278716791
1.1806074211195257
1.2759203729819646
1.094305401776986
1.2561821904037846
0.919427534608482
1.0562552342220877
0.914176122303203
1.1481460369941436
1.2656145530948675
1.3194543627235338
1.3021835146315652
1.1655217131750244
1.1550925638347076
1.2228155321245302
1.0339450009278424
1.083577015420222
0.9954391427781879
1.2109950642608005
1.2517477765284017
1.1113008513980258
1.082692030761623
1.1809071043245951
1.4008902709679922
1.312685889554903
1.4235756705380436
1.3255931987333034
1.1665434337966385
0.980826470950159
1.0278005409339575
0.9860556954875338
1.116701665633632
1.0640831156637878
0.9488188222341709
1.1563650260266098
0.949178240519918
0.9431501626532821
0.8738933170540824
0.9264746529257928
0.9158654934711182
0.8751244663796025
0.9088992259912606
0.8829247729833646
0.9388354106442186
0.9973929959574912
0.9287430468999595
1.0316544165347799
0.9550285408252913
0.9473686881825507
0.9572962639292255
0.8751285012364727
0.9364979626953156
0.9629612809796992
0.935514679380062
0.9610634427803701
0.9090371667232425
0.9342411102462859
0.91704886898347
0.9354830211561974
0.8843550349318011
0.893872236603117
0.8404039274531755
0.8745342344168533
0.797647841534822
0.8252201407813164
0.7996573397853669
0.7983536748399148
0.7559580822728351
0.7350059959867681
0.7386161668733073
0.7032304255309512
0.6801980243474499
0.6551520322524625
0.6607334381307252
0.6611368831509186
0.6501038359740665
0.6261295107277208
0.6425775164939302
0.627412683071476
0.6003543501409783
0.5846969801242048
0.5969441690854327
0.6051077696051709
0.6155294850249211
0.5137731870682172
0.5259831091438737
0.545968364970972
0.5907457753097982
0.5691428595641678
0.741203043387741
0.8471597965362249
0.8866221650169506
0.934358586449538
0.8792606171704671
1.1502201201598568
1.0463847024799937
1.0497972958964592
1.3087916329108458
1.2624778483696812
1.3365646795850679
1.2843496739678126
1.282272887699693
1.1739773683411447
1.2147088616708912
1.1770625850050984
1.0776613775803698
1.164253986604213
1.2819693155093563
1.3445051657161142
1.275672019059347
1.5721306267261597
1.6789383199922483
1.5081017725944093
1.624895263121816
1.614832440601446
1.5966041893475176
1.4537930227249116
1.373871991232035
1.3904304903678466
1.284379207056544
0.9944052070261794
1.1517530148985653
1.1580253384155996
1.265941881031666
1.1694868604926827
1.3289053689411976
1.2766060394870218
1.0117943480480955
1.475651645002222
1.144061136367844
1.037702119737673
0.9237466732998542
0.8651171924867213
0.8970930786049586
0.9505733205819118
0.9242304496130469
0.9317418370754291
0.8633772168578071
0.813249020757545
0.7438807186106012
0.7634786255277866
0.793378709878435
0.7880952823700402
0.8006079988000735
0.8629057825703897
0.8642723400608763
0.893256664471688
0.9162500071474562
0.9285266975346866
0.9133528753820428
0.8788512799794401
0.8548273280447679
0.8476034724777484
0.8102105901285511
0.7841032578882406
0.7959997106535139
0.823363895416489
0.8012484312425082
0.7802943887311818
0.7667002162245342
0.7660848143659524
0.7574104803984684
0.7302877059967007
0.7135587567909755
0.6536301114351672
0.6551470088812255
0.6657981415943188
0.6261444914759665
0.6277154402613339
0.6127517702854447
0.6270384458292855
0.6078533047981975
0.5961275350929786
0.591903725861482
0.6121894729963268
0.6029111059561663
0.6020393588805746
0.5843991977027768
0.6043662812751666
0.5849977880086102
0.5781966272956709
0.5851355261268144
0.5732342061777846
0.5858336396354481
0.6367157609502693
0.6660647703668817
0.8342685670731478
0.9822903925048831
0.8962021331738363
0.8896770347408547
0.8939152826637219
1.0419434677680262
1.0231662713637582
1.1763073265170887
1.1283626665922044
1.060755122864433
1.108158241250338
1.0978620390331248
1.007904181969805
1.0847044317504595
1.1718133091756446
1.193002646228816
1.315867716343038
1.2915455247877536
1.2500118260246662
1.2584365777191149
1.3555509428972417
0.11323223394262755
1.106250506219726
1.0789914377208327
1.2922239862001261
1.3365765680615453
1.3029161133155955
1.391925757516569
1.313719699446859
1.242728555304977
1.1388720746832979
1.2799517454942595
1.3147929408815722
1.302316380922015
1.3009860945755425
1.280674086443535
1.2132399183258806
1.0975651327684868
0.9529621350102091
1.1406613755429127
1.0246105527457963
0.9672099736222992
0.9817702217641902
0.9451533504906774
1.0760685469178237
0.9943166646514452
1.0311552136033706
1.0166538734678323
0.9181847425352072
0.9295179830389299
0.9727753386149597
0.9098492547342567
0.8899196438702681
0.8631207043431658
0.8696195724139788
0.7840768081423124
0.7824012289318537
0.7638315068200542
0.7747118057724351
0.7508897819390827
0.8166615478937229
0.8080455911574022
0.8075835742074402
0.8265507700960553
0.8330298256863878
0.8285926735509874
0.6750536430351808
0.7558117975438311
0.7452754542235182
0.7021800176232976
0.7245039554550946
0.7677265434190005
0.7677772240327435
0.6506167452838374
0.6526229763425799
0.5865846660364605
0.5788658470650156
0.5924279756290834
0.5882545690144676
0.596931948257337
0.5736761700162674
0.5704261740486902
0.5787698831643676
0.5722102380602404
0.5637134825793276
0.5637648506912488
0.5477237987466895
0.5515731438882684
0.5900472055323124
0.5595628460917359
0.5467996670165582
0.5197233908945561
0.5338496050747175
0.5409065928816778
0.5358989002865219
0.5809607577864787
0.5620401118813544
0.5809514866112305
0.6395652503231578
0.6120039201480846
0.60830301589291
0.6419409058363271
0.6730204274557159
0.6997676775931713
0.7466641700795971
0.7203059589911351
0.7089970661465833
0.9018044867008513
0.8278738896609601
0.8891145165217749
0.9419842236374285
1.1246634270560014
0.95106265232484
0.9325564959746703
0.8678379957293674
0.8116340685832292
0.846094075348149
0.8739789507298923
0.8560698452898763
0.8193988502791509
0.8712851591164811
0.8165583996265887
0.8297180325821663
0.8557025385476665
0.7956727728527498
0.7955895652962922
0.7290672294736276
0.7503553366857594
0.6962792928042228
0.6975156227258762
0.6529343900894127
0.6804513087871924
0.751966651831868
0.7930165714683961
0.767711761087482
0.7617080442576114
0.751765223606159
0.684084462238131
0.6838186226372516
0.7295713578764216
0.6683933606500204
0.7125411561292049
0.636938487295234
0.7493389968214149
0.6940251244098897
0.6956111700934349
0.6934786715373867
0.7166321013562132
0.7030268870352233
0.6578043373108263
0.7524537323343655
0.6972506258868617
0.687816876030294
0.7549546757517587
0.7583959069191778
0.7015452037717542
0.6824338862343688
0.6767487350782233
0.6669851101322264
0.6954525215009992
0.6921850332266029
0.7012702644250157
0.7097778675648135
0.7072796033715428
0.6800701685444579
0.6981380114539956
0.6831031923314681
0.6647340854781668
0.6473711675769895
0.6550211285818588
0.6241447806539455
0.6292953483336943
0.6134855998766288
0.604894977999562
0.5669878920532727
0.5833542670002696
0.5543290999140769
0.5380718429841312
0.5268372686519286
0.5371224980061559
0.5492813032637358
0.5304508300781197
0.5253437026477492
0.5262281491721491
0.5116927733831222
0.5066733269707737
0.5244808353184025
0.5303086217294956
0.5180882140248698
0.5175004929854693
0.4968190027651148
0.5060981745395018
0.5251075125384267
0.5336369264723786
0.5139492794988626
0.5205351551555327
0.5240682171469936
0.5302136595201052
0.5227217184287816
0.5450717214439131
0.5378472261780588
0.5380432081291571
0.5705615682657561
0.5627065920536002
0.6635463825275966
0.7285868633752174
0.6652847326681194
0.6439972671743337
0.7227721676850646
0.82169929739903
0.8502087824709925
0.7445043281210499
0.6872035732937894
0.6528116356231806
0.6345042798172099
0.6608034259640052
0.6319133658687374
0.6801420102161363
0.6659741341731822
0.6722319201474387
0.7017668353023543
0.7178701207349818
0.6986698280474931
0.6625762676734073
0.7071000820357176
0.6557459860269609
0.6343838068849371
0.628594771455978
0.5942942221949812
0.648373459035954
0.6135122923821239
0.6550678490868649
0.7426143430369025
0.651614020491771
0.7692035349891533
0.7198360272843888
0.7519195290354029
0.7239812734239243
0.7470861979609768
0.7327019494154343
0.7179282033368822
0.6678804988515705
0.6893794839358861
0.703816229536173
0.7069037472890579
0.6912327436231381
0.6965706545741794
0.7135442955099209
0.6698832372319112
0.7000645822050401
0.686015287910651
0.674577053112713
0.6665499510681923
0.65371257768449
0.6620020027693602
0.655968731834445
0.6173392700562936
0.6150133034603741
0.6213602728944264
0.6363362717053134
0.6303324150530095
0.6218388513497265
0.6223798889710486
0.6045053553579386
0.6347525920932763
0.6145182849470008
0.5800068587590965
0.5869402090339919
0.5727437607684662
0.5527099743149675
0.5352626408611714
0.5217721138738368
0.5031411185445728
0.49575950498633553
0.48662172286018474
0.478535280166887
0.4776546544593704
0.4661043771082709
0.4744897985401616
0.4443048480810734
0.4535011330474932
0.4376298252336351
0.4525523936372815
0.47234320494103715
0.5016629398079894
0.5004651388100005
0.6698241753998746
0.8031488286902537
0.9462967897093222
0.962293758245116
1.189190900813728
1.125490130066975
1.1912218245277575
1.2904273332003513
1.3706483674805725
1.3350498904172614
1.356431766385502
1.4973143502530109
1.406238971151101
1.4437348415325437
1.2116771759858325
1.2628960573587782
1.261773741177158
1.2682970361139465
1.3125515650006876
1.3180091888450645
1.3612775452775407
1.3383018402564837
1.2842251952819317
1.3258665832919292
1.3333675108604206
1.3040085957769494
1.3916074400965446
1.2747318553110947
1.3565250142270042
1.4691175786620183
1.4998604976557925
1.3066976805374864
1.3784712889057151
1.3949353891711231
1.5373069722242663
1.4695919894492304
1.3963879044464156
1.3986279420482162
1.335361582570873
1.2279970290953373
1.171876201330602
1.2184841388888912
1.235892300519528
1.1348000195728087
1.086370157960131
1.1309576120460505
1.0596386295196942
0.964531874418993
1.0726033471502552
0.9641681477579517
0.8984377162694774
0.9128073776741136
0.8319442136727682
0.7542380549194343
0.8657355544116453
0.8218272588444221
0.8589908648330371
0.7954146452712607
0.8890295793134811
0.7459059021223653
0.804609258649856
0.775612644835081
0.7243742853262539
0.7103918876711353
0.7877969163128762
0.7807991884167845
0.7090368173306592
0.7115895933996194
0.6616522716227662
0.6817048209867254
0.6630353364218005
0.6619747779874477
0.6517641579376283
0.6541506679077561
0.6445607451630472
0.6340316072361734
0.5995249417112236
0.6373222835346951
0.5667760742171859
0.5439294382400125
0.5545057400907933
0.5318142757756478
0.5146174102428774
0.5279030628097776
0.4941670917759011
0.49508580797574353
0.48155211342498666
0.4964671948937606
0.4738687315307556
0.48798775470012473
0.49417678122365627
0.49479821119307815
0.48987788958027817
0.48518292689698134
0.5006690512578373
0.5121957486994076
0.5561399449923422
0.7267716321607954
0.7677002742825354
0.8900693826855284
0.9644128050870304
0.9213824859390791
0.9355009856134219
1.0847116766464828
1.0148727185311641
1.085036701029956
1.086021079182667
1.0488815747193678
1.1908174117680896
1.2725926241269523
1.4452454304795683
1.4474828467827159
1.399925243867701
1.3484251607288533
1.3609215855734174
1.4611152467546569
1.4510677369890432
1.2071503973165965
1.3450783264493718
1.438597427805069
1.3362445321418484
1.3607028045868774
1.366091745158572
1.2414112109025024
1.3605205877554656
1.3661487049019463
1.3404731630505435
1.3676130356991423
1.4518212801613035
1.6046556664879048
1.5558871890069648
1.453912602285246
1.553779925833208
1.4802238092444946
1.234245908461553
1.2922150972170985
1.2705131569813262
1.2385878614808907
1.1133451888460526
1.06786264566369
0.9535939721734242
1.074456831403535
1.1541421925045088
1.1316455210458267
1.1228069187116327
1.0417389751848334
0.9370149425630037
0.9223943068597876
0.9554133899732634
0.960085385473763
0.921603374344743
0.8887885864865545
0.926436453079291
0.9259684111596538
0.8988577205814698
0.9510756158127214
0.9846026130770067
0.9105458340568742
0.8772179810294947
0.9288207742660565
0.8698825790998749
0.8158345111315181
0.7267954660900724
0.9665665585965152
0.9930487936086987
0.9160210939166353
0.9696740126039495
1.0348864537672355
0.8747467451908012
0.8216737513472638
0.7436094600534978
0.6797637126864492
0.6784229466585822
0.6619820952290624
0.6556253611232628
0.656809820421665
0.6274778790912662
0.6207738977031467
0.6232216414546934
0.5850325090232301
0.5852027995678775
0.5764635178723113
0.5755268839854293
0.5680417321378731
0.5731621213934758
0.5581872525255251
0.560348826552337
0.5607837660298663
0.5463588724889495
0.5524214691259804
0.5665958612612754
0.568005359188048
0.6369576755822717
0.6924751297319879
0.7526366372956663
0.7169592860536442
0.8821041092349766
0.8471570547211327
0.9381544482677343
0.938935364261333
1.1930408975110403
1.1266366460199762
1.0495818545785986
1.0905316418977187
1.1842230528883413
1.268286169215304
1.2740088187535845
1.2918902890653297
1.18404840483623
1.2052360688586485
1.1888550329010747
0.6160929287761455
1.5909713151442482
1.1519400957342187
1.2406473373940738
1.1768767493179721
1.158066294485352
1.1225651661035996
1.3647820706522202
1.3958580890346552
1.3904019599714876
1.373424888960533
1.3282331000340457
1.2878991420766126
1.3405298495255278
1.127202969096973
1.1907171590776735
1.2552083180060016
1.3476607856237621
1.2470108024098372
1.382458734806258
1.2202053274628168
1.2138293350594356
1.144749001733793
1.0264718012763028
0.9763157598993115
1.07700468646549
1.0240301697184133
0.9676736392265126
0.9425093157083978
0.9661293695024898
1.0579651127801073
1.0243760375954147
0.9045895759649109
0.9173470255920514
0.9127771708283506
0.8866189419811299
0.9063933212992011
0.8645580621464521
0.9215168923505903
0.8464041916785601
0.8439818437579953
0.8897895637768656
0.8214728636232745
0.8152689160025524
0.8034399685698075
0.8035216375186688
0.8279879355598115
0.8213918215521021
0.7931345508195959
0.7716319107004503
0.7735495108082339
0.8024932939915295
0.7854489122240973
0.755442506012515
0.7753235426495414
0.7811904608784402
0.7276725322641644
0.7069209062001515
0.7041577027502917
0.6737386097652275
0.656062627557288
0.6033995440494537
0.6119134805298382
0.595246655418675
0.5908731201361291
0.5939781395383055
0.5824187286726761
0.5738087992639013
0.5896298943251114
0.5685664608528035
0.5601712847233599
0.5760808234283216
0.5726821553449819
0.5705730272977496
0.5765884365400681
0.5916771859706068
0.6052274398400301
0.5994526257795092
0.6098755214027064
0.806345150385577
0.8307072440872485
1.0108211601026393
1.087411001463952
1.1682168659563306
0.8978776601881376
0.8891974186809517
1.020264785062198
0.9782858841423213
1.0720534322196702
1.087365371004445
1.125707701033994
1.1564286745212855
1.3144612934536992
1.4293372408717875
0.9612750318969259
0.8744941978348286
0.982492541458565
1.1605848780359995
1.2648156904987475
1.3397835982735313
1.5008181096165856
1.397623863517959
1.2937800232592802
1.2756611320305626
1.2053283786889375
1.3199525288567393
1.2630615046070468
1.2907890363946897
1.21833901483319
1.2071065244229957
1.2544326597020896
1.2635406732904917
1.2262798876216798
1.2614728192332572
1.1743072713529266
1.195946020331468
1.1642235164317267
1.1334367632196314
1.1018865256085038
1.0745017174574314
1.105483374333684
1.156065253224788
1.1354381523098003
1.1021112298820335
1.0548671179432239
1.0191581406036099
1.1127620425689793
1.0633688143171136
0.9646041140955783
1.0465364206748529
0.9166708092899117
0.906066345932718
0.8465135593555789
0.8378239228430285
0.8746424310507098
0.8965460016921901
0.8721870012350311
0.8625459224415224
0.8444149862534099
0.859706933797691
0.9267660257416234
0.9118540801453634
0.9048649742885243
0.9280565952163201
0.8963893589563393
0.9362320723962162
0.8548577346529402
0.8269953015899086
0.7477187430604006
0.8330049966521498
0.7273973620327601
0.6666072414450723
0.7089983866565293
0.6579308850968864
0.6321439604331321
0.6199862684214822
0.6032478707541763
0.5832514953735798
0.5694119740228972
0.5644161522798217
0.5688857865876739
0.5653659303737639
0.5425154217751484
0.5526205791807517
0.528366366781741
0.5480392825095549
0.5335992242862538
0.5256479882905101
0.5489554934994966
0.5542403864280073
0.5422688991804919
0.5591704600480571
0.556057124641201
0.5783046094541724
0.6752651112206203
0.7683470411267428
0.8948782593082288
0.8366613687133908
0.836828331834942
0.9168935306280349
0.9021674444514254
0.9071573384764274
0.9971650592337478
1.0401670982366944
1.0530240799199277
1.1145606172599891
1.1229935441049819
1.1638998522922264
1.3261698839353038
1.4071377031709735
1.290114578640191
1.373516926866129
1.308767357980481
1.2869009337452346
1.0605914265497698
1.2059321074600808
1.1670388290070748
1.204258627175227
1.2081888001880545
1.2064816914966232
1.2366461740969805
1.3173271774703903
1.2859160304368003
1.3319609854207144
1.2813292360962245
1.2079206445095898
1.09865309975419
0.9504715652116188
0.9517185242037149
0.1622186061055347
2.050007355266821
1.07647879099719
0.8818509996880146
0.7867550944470221
0.8070847015992227
0.8440598815535039
0.7839483642759114
0.8126872426001258
0.8269472676869274
0.8191430290581421
0.8124479117109115
0.7959204665993613
0.8002512618163587
0.8191333754003616
0.7868980424637028
0.8180536659140747
0.840745290149417
0.8349256339490676
0.8787641968205544
0.9091944769204631
0.905270321488196
0.8237855640329841
0.8354386867071205
0.8516026327919366
0.8358930928871456
0.8475222653653579
0.8369473537823261
0.7908134357850682
0.69263409479935
0.7862198589943518
0.7415572544533722
0.7536276163276143
0.7302746136796774
0.7266676464416816
0.7260237986622092
0.6167939627545826
0.6951084670073161
0.6840928233157142
0.6790174306514674
0.6886652460765877
0.6461225214341033
0.6299639609123965
0.6217269963321115
0.6146272042788633
0.638053184908744
0.6067162899474645
0.5755364641343748
0.5781410850921122
0.5699300108034373
0.549754852058501
0.5523942958281164
0.5429080946581875
0.5357326820739365
0.5333765997706558
0.5394315216721643
0.551656573353994
0.5397648255188592
0.5264776899539471
0.5426792828880805
0.5331325962650909
0.5165134878440089
0.5170530275540756
0.5241422032553644
0.5435631874790018
0.543762037636799
0.5349561095632864
0.548424521199604
0.5582304363923671
0.647504275559522
0.6706448062643736
0.6040541740549777
0.6177395673736146
0.6810318730991411
0.7067601464610138
0.7008553952718483
0.6903226674454415
0.7181200763470211
0.7607787732173016
0.7659325168107782
0.7882881814574887
0.806919915461258
0.8105742050041828
0.8205826776915351
0.8214035652763239
0.8120342530323069
0.8480290419557441
0.8118840037266601
0.8228102257650635
0.8091834500125099
0.8189020412682625
0.8236653252922067
0.8479342157292763
0.8506900108084383
0.8185730870211396
0.8380913795051225
0.8185429436934312
0.8014497937210305
0.7800378252481865
0.7828927885576424
0.7903569318294771
0.7738812831354194
0.7740072813135849
0.7682784038225776
0.706930270813614
0.7010347942420627
0.7022855028897099
0.684787249288425
0.7112250586471192
0.12898344247582869
0.9069700271042967
1.0986569423206705
0.7914567382381033
0.7902167414235907
0.7801375576784639
0.7688258999840037
0.7701691094660897
0.77796153653036
0.7545461469018482
0.7654907141417917
0.7598279646085929
0.7543668950488804
0.742870615358677
0.7190905977638307
0.7087357009926114
0.7027592706184415
0.7020192291738883
0.7466514897024569
0.7083382494153485
0.6873824662628294
0.6603634980300145
0.6486946185036945
0.6681467295546355
0.6575832101566185
0.6374702318915043
0.5994092542395325
0.5849540621819757
0.5814398952093099
0.563360583856147
0.5597494276012147
0.5436796523271885
0.5281140655283867
0.5165818602206211
0.5193806916713286
0.5132698769492912
0.5088365644614838
0.5151460576013907
0.5038159637052508
0.4758497929784455
0.468503324512056
0.46666341362331853
0.4750048832929707
0.4524177002000957
0.4318274700563759
0.45557413642332134
0.47479596318868117
0.4738767341487564
0.4683628936065774
0.4887572108985024
0.4814058669427786
0.48478351997074726
0.49939750587680937
0.4972001936246654
0.5136623520121794
0.506253931560022
0.5262371681971914
0.5344962306493389
0.5457781788064098
0.5674835318611294
0.572629457920212
0.5744559307255211
0.5861144422517968
0.5840633643392829
0.5864647537074926
0.6022383529541452
0.633011314641713
0.6304805063955995
0.6439537003438967
0.6389637532450793
0.6534954320442092
0.6448859104305826
0.6595801431381577
0.6626411334794642
0.6818155805009953
0.6813435657403254
0.680527208599027
0.6827492791230028
0.6729214663699264
0.6653522587181153
0.676287865312106
0.7044103466972792
0.7077837647541894
0.6963514199485605
0.766019737295802
0.7306690736869667
0.7165351871708338
0.6934772704561881
0.7137274146098136
0.6948423152910841
0.7289907896524157
0.7139878562211205
0.7164390508796246
0.7036644678733276
0.7241183145478821
0.7471452801452821
0.7476354063715298
0.755565932111463
0.7366505871174284
0.7646498421438698
0.729112589128928
0.7090893390640098
0.6944873816614392
0.6870184324583235
0.7173622281196127
0.6831463714857795
0.6745917777272779
0.669988498489338
0.666504453277097
0.641256158964571
0.6823625712681842
0.6456775732702784
0.6398935713336364
0.6466594145866332
0.6589117983071892
0.6527278892236537
0.6523669541866792
0.6285693705237703
0.6505553826246788
0.6557381377290167
0.6121060771390447
0.6205737347968553
0.5856798341736584
0.591992939917774
0.5603488614893765
0.5498332158670467
0.5399656650547595
0.5259963495792682
0.5485749938700176
0.5303721827853863
0.5044197246596709
0.5273652733181864
0.4995079378222816
0.4948813766367047
0.4798218878056323
0.4719982477548444
0.47639703410795803
0.4686917704735223
0.4645008046461554
0.46859681363010103
0.4586052779231459
0.4671203817557887
0.4701386586047437
0.4561669470889411
0.44748927333508903
0.4768842828009647
0.6222063789244715
0.6327399059388892
0.684433386712729
0.8417931619905542
0.9593890564080009
0.6922054737042621
0.786236528231256
0.8625561345695804
0.7582027433669688
0.8003643156481391
0.7108499093180518
0.8748586470279077
0.7953595855740208
0.8534772707761081
0.8240323822828081
0.7560820863095419
0.7287217919180352
0.7451216219141574
0.7251748366432764
0.7510124638449682
0.7992516791441049
0.8608580529476197
0.9201478052450448
0.8167069234301102
0.8479889224188583
0.8597921267028822
0.9156380960342907
0.9996356944973556
0.8716217025186118
0.9749775336041764
0.9697464897150643
0.944551092742548
0.873012526950479
0.8124685000331073
0.7772219239791354
0.8251373684711338
0.8235560286723147
0.9948773634703796
0.8727885511577042
0.9283675483020666
0.8240378218368898
0.760848038794292
0.8208830829353085
0.843561140745108
0.7204503840842662
0.7110483504991327
0.6580059315593112
0.6657789710126526
0.6911439033157382
0.6862853480339417
0.6892154100135082
0.7259526677397525
0.7174157522318753
0.6674504475173545
0.6824087925471009
0.6847963800959542
0.7475317388384517
0.7174915740271068
0.7246645867908861
0.7187683894144978
0.7416029974512374
0.7560688403825757
0.7616380387138956
0.7049909150135784
0.7088668664364711
0.7011155974076028
0.6877230426481438
0.6477624093397849
0.6563051661937443
0.6062505755031931
0.5866743098151095
0.5827355222612903
0.576903528724495
0.5633456698162532
0.534747684742855
0.5359179825540885
0.5226888297366198
0.4833711077314568
0.47835109744033716
0.4850005503072459
0.4879505506201799
0.4817744393490809
0.468829249164871
0.4937658337625651
0.48953575613474637
0.47691385597702995
0.4594541622948873
0.4625390053011462
0.46589466166819427
0.4630806617021999
0.4666686364842205
0.4927288303061105
0.5034421209872418
0.5893037268298962
0.5058467440357338
0.5190850310811883
0.5190302545315016
0.5672736743134191
0.6866530899026099
0.7432317294742835
0.8217222481393196
1.000000
1.000000
1.000000
1.000000
1.000000
1.000000
1.000000
1.000000
1.000000
1.000000
1.000000
1.000000
1.000000
1.000000
1.000000
1.000000
1.000000
1.000000
1.000000
1.000000
1.000000
1.000000
1.000000
1.000000
1.000000
1.000000
1.000000
1.000000
1.000000
1.000000
1.000000
1.000000
1.000000
1.000000
1.000000
1.000000
1.000000
1.000000
1.000000
1.000000
1.000000
1.000000
1.000000
1.000000
1.000000
1.000000
1.000000
1.000000
1.000000
1.000000
1.000000
1.000000
1.000000
1.000000
1.000000
1.000000
1.000000
1.000000
1.000000
1.000000
1.000000
1.000000
1.000000
1.000000
1.000000
1.000000
1.000000
1.000000
1.000000
1.000000
1.000000
1.000000
1.000000
1.000000
1.000000
1.000000
1.000000
1.000000
1.000000
1.000000
1.000000
1.000000
1.000000
1.000000
1.000000
1.000000
1.000000
1.000000
1.000000
1.000000
1.000000
1.000000
1.000000
1.000000
1.000000
1.000000
1.000000
1.000000
1.000000
1.000000
1.000000
1.000000
1.000000
1.000000
1.000000
1.000000
1.000000
1.000000
1.000000
1.000000
1.000000
1.000000
1.000000
1.000000
1.000000
1.000000
1.000000
1.000000
1.000000
1.000000
1.000000
1.000000
1.000000
1.000000
1.000000
1.000000
1.000000
1.000000
1.000000
1.000000
1.000000
1.000000
1.000000
1.000000
1.000000
1.000000
1.000000
1.000000
1.000000
1.000000
1.000000
1.000000
1.000000
1.000000
1.000000
1.000000
1.000000
1.000000
1.000000
1.000000
1.000000
1.000000
1.000000
1.000000
1.000000
1.000000
1.000000
1.000000
1.000000
1.000000
1.000000
1.000000
1.000000
1.000000
1.000000
1.000000
1.000000
1.000000
1.000000
1.000000
1.000000
1.000000
1.000000
1.000000
1.000000
1.000000
1.000000
1.000000
1.000000
1.000000
1.000000
1.000000
1.000000
1.000000
1.000000
1.000000
1.000000
1.000000
1.000000
1.000000
1.000000
1.000000
1.000000
1.000000
1.000000
1.000000
1.000000
1.000000
1.000000
1.000000
1.000000
1.000000
1.000000
1.000000
1.000000
1.000000
1.000000
1.000000
1.000000
1.000000
1.000000
1.000000
1.000000
1.000000
1.000000
1.000000
1.000000
1.000000
1.000000
1.000000
1.000000
1.000000
1.000000
1.000000
1.000000
1.000000
1.000000
1.000000
1.000000
1.000000
1.000000
1.000000
1.000000
1.000000
1.000000
1.000000
1.000000
1.000000
1.000000
1.000000
1.000000
1.000000
1.000000
1.000000
1.000000
1.000000
1.000000
1.000000
1.000000
1.000000
1.000000
1.000000
1.000000
1.000000
1.000000
1.000000
1.000000
1.000000
1.000000
1.000000
1.000000
1.000000
1.000000
1.000000
1.000000
1.000000
1.000000
1.000000
1.000000
1.000000
1.000000
1.000000
1.000000
1.000000
1.000000
1.000000
1.000000
1.000000
1.000000
1.000000
1.000000
1.000000
1.000000
1.000000
1.000000
1.000000
1.000000
1.000000
1.000000
1.000000
1.000000
1.000000
1.000000
1.000000
1.000000
1.000000
1.000000
1.000000
1.000000
1.000000
1.000000
1.000000
1.000000
1.000000
1.000000
1.000000
1.000000
1.000000
1.000000
1.000000
1.000000
1.000000
1.000000
1.000000
1.000000
1.000000
1.000000
1.000000
1.000000
1.000000
1.000000
1.000000
1.000000
1.000000
1.000000
1.000000
1.000000
1.000000
1.000000
1.000000
1.000000
1.000000
1.000000
1.000000
1.000000
1.000000
1.000000
1.000000
1.000000
1.000000
1.000000
1.000000
1.000000
1.000000
1.000000
1.000000
1.000000
1.000000
1.000000
1.000000
1.000000
1.000000
1.000000
1.000000
1.000000
1.000000
1.000000
1.000000
1.000000
1.000000
1.000000
1.000000
1.000000
1.000000
1.000000
1.000000
1.000000
1.000000
1.000000
1.000000
1.000000
1.000000
1.000000
1.000000
1.000000
1.000000
1.000000
1.000000
1.000000
1.000000
1.000000
1.000000
1.000000
1.000000
1.000000
1.000000
1.000000
1.000000
1.000000
1.000000
1.000000
1.000000
1.000000
1.000000
1.000000
1.000000
1.000000
1.000000
1.000000
1.000000
1.000000
1.000000
1.000000
1.000000
1.000000
1.000000
1.000000
1.000000
1.000000
1.000000
1.000000
1.000000
1.000000
1.000000
1.000000
1.000000
1.000000
1.000000
1.000000
1.000000
1.000000
1.000000
1.000000
1.000000
1.000000
1.000000
1.000000
1.000000
1.000000
1.000000
1.000000
1.000000
1.000000
1.000000
1.000000
1.000000
1.000000
1.000000
1.000000
1.000000
1.000000
1.000000
1.000000
1.000000
1.000000
1.000000
1.000000
1.000000
1.000000
1.000000
1.000000
1.000000
1.000000
1.000000
1.000000
1.000000
1.000000
1.000000
1.000000
1.000000
1.000000
1.000000
1.000000
1.000000
1.000000
1.000000
1.000000
1.000000
1.000000
1.000000
1.000000
1.000000
1.000000
1.000000
1.000000
1.000000
1.000000
1.000000
1.000000
1.000000
1.000000
1.000000
1.000000
1.000000
1.000000
1.000000
1.000000
1.000000
1.000000
1.000000
1.000000
1.000000
1.000000
1.000000
1.000000
1.000000
1.000000
1.000000
1.000000
1.000000
1.000000
1.000000
1.000000
1.000000
1.000000
1.000000
1.000000
1.000000
1.000000
1.000000
1.000000
1.000000
1.000000
1.000000
1.000000
1.000000
1.000000
1.000000
1.000000
1.000000
1.000000
1.000000
1.000000
1.000000
1.000000
1.000000
1.000000
1.000000
1.000000
1.000000
1.000000
1.000000
1.000000
1.000000
1.000000
1.000000
1.000000
1.000000
1.000000
1.000000
1.000000
1.000000
1.000000
1.000000
1.000000
1.000000
1.000000
1.000000
1.000000
1.000000
1.000000
1.000000
1.000000
1.000000
1.000000
1.000000
1.000000
1.000000
1.000000
1.000000
1.000000
1.000000
1.000000
1.000000
1.000000
1.000000
1.000000
1.000000
1.000000
1.000000
1.000000
1.000000
1.000000
1.000000
1.000000
1.000000
1.000000
1.000000
1.000000
1.000000
1.000000
1.000000
1.000000
1.000000
1.000000
1.000000
1.000000
1.000000
1.000000
1.000000
1.000000
1.000000
1.000000
1.000000
1.000000
1.000000
1.000000
1.000000
1.000000
1.000000
1.000000
1.000000
1.000000
1.000000
1.000000
1.000000
1.000000
1.000000
1.000000
1.000000
1.000000
1.000000
1.000000
1.000000
1.000000
1.000000
1.000000
1.000000
1.000000
1.000000
1.000000
1.000000
1.000000
1.000000
1.000000
1.000000
1.000000
1.000000
1.000000
1.000000
1.000000
1.000000
1.000000
1.000000
1.000000
1.000000
1.000000
1.000000
1.000000
1.000000
1.000000
1.000000
1.000000
1.000000
1.000000
1.000000
1.000000
1.000000
1.000000
1.000000
1.000000
1.000000
1.000000
1.000000
1.000000
1.000000
1.000000
1.000000
1.000000
1.000000
1.000000
1.000000
1.000000
1.000000
1.000000
1.000000
1.000000
1.000000
1.000000
1.000000
1.000000
1.000000
1.000000
1.000000
1.000000
1.000000
1.000000
1.000000
1.000000
1.000000
1.000000
1.000000
1.000000
1.000000
1.000000
1.000000
1.000000
1.000000
1.000000
1.000000
1.000000
1.000000
1.000000
1.000000
1.000000
1.000000
1.000000
1.000000
1.000000
1.000000
1.000000
1.000000
1.000000
1.000000
1.000000
1.000000
1.000000
1.000000
1.000000
1.000000
1.000000
1.000000
1.000000
1.000000
1.000000
1.000000
1.000000
1.000000
1.000000
1.000000
1.000000
1.000000
1.000000
1.000000
1.000000
1.000000
1.000000
1.000000
1.000000
1.000000
1.000000
1.000000
1.000000
1.000000
1.000000
1.000000
1.000000
1.000000
1.000000
1.000000
1.000000
1.000000
1.000000
1.000000
1.000000
1.000000
1.000000
1.000000
1.000000
1.000000
1.000000
1.000000
1.000000
1.000000
1.000000
1.000000
1.000000
1.000000
1.000000
1.000000
1.000000
1.000000
1.000000
1.000000
1.000000
1.000000
1.000000
1.000000
1.000000
1.000000
1.000000
1.000000
1.000000
1.000000
1.000000
1.000000
1.000000
1.000000
1.000000
1.000000
1.000000
1.000000
1.000000
1.000000
1.000000
1.000000
1.000000
1.000000
1.000000
1.000000
1.000000
1.000000
1.000000
1.000000
1.000000
1.000000
1.000000
1.000000
1.000000
1.000000
1.000000
1.000000
1.000000
1.000000
1.000000
1.000000
1.000000
1.000000
1.000000
1.000000
1.000000
1.000000
1.000000
1.000000
1.000000
1.000000
1.000000
1.000000
1.000000
1.000000
1.000000
1.000000
1.000000
1.000000
1.000000
1.000000
1.000000
1.000000
1.000000
1.000000
1.000000
1.000000
1.000000
1.000000
1.000000
1.000000
1.000000
1.000000
1.000000
1.000000
1.000000
1.000000
1.000000
1.000000
1.000000
1.000000
1.000000
1.000000
1.000000
1.000000
1.000000
1.000000
1.000000
1.000000
1.000000
1.000000
1.000000
1.000000
1.000000
1.000000
1.000000
1.000000
1.000000
1.000000
1.000000
1.000000
1.000000
1.000000
1.000000
1.000000
1.000000
1.000000
1.000000
1.000000
1.000000
1.000000
1.000000
1.000000
1.000000
1.000000
1.000000
1.000000
1.000000
1.000000
1.000000
1.000000
1.000000
1.000000
1.000000
1.000000
1.000000
1.000000
1.000000
1.000000
1.000000
1.000000
1.000000
1.000000
1.000000
1.000000
1.000000
1.000000
1.000000
1.000000
1.000000
1.000000
1.000000
1.000000
1.000000
1.000000
1.000000
1.000000
1.000000
1.000000
1.000000
1.000000
1.000000
1.000000
1.000000
1.000000
1.000000
1.000000
1.000000
1.000000
1.000000
1.000000
1.000000
1.000000
1.000000
1.000000
1.000000
1.000000
1.000000
1.000000
1.000000
1.000000
1.000000
1.000000
1.000000
1.000000
1.000000
1.000000
1.000000
1.000000
1.000000
1.000000
1.000000
1.000000
1.000000
1.000000
1.000000
1.000000
1.000000
1.000000
1.000000
1.000000
1.000000
1.000000
1.000000
1.000000
1.000000
1.000000
1.000000
1.000000
1.000000
1.000000
1.000000
1.000000
1.000000
1.000000
1.000000
1.000000
1.000000
1.000000
1.000000
1.000000
1.000000
1.000000
1.000000
1.000000
1.000000
1.000000
1.000000
1.000000
1.000000
1.000000
1.000000
1.000000
1.000000
1.000000
1.000000
1.000000
1.000000
1.000000
1.000000
1.000000
1.000000
1.000000
1.000000
1.000000
1.000000
1.000000
1.000000
1.000000
1.000000
1.000000
1.000000
1.000000
1.000000
1.000000
1.000000
1.000000
1.000000
1.000000
1.000000
1.000000
1.000000
1.000000
1.000000
1.000000
1.000000
1.000000
1.000000
1.000000
1.000000
1.000000
1.000000
1.000000
1.000000
1.000000
1.000000
1.000000
1.000000
1.000000
1.000000
1.000000
1.000000
1.000000
1.000000
1.000000
1.000000
1.000000
1.000000
1.000000
1.000000
1.000000
1.000000
1.000000
1.000000
1.000000
1.000000
1.000000
1.000000
1.000000
1.000000
1.000000
1.000000
1.000000
1.000000
1.000000
1.000000
1.000000
1.000000
1.000000
1.000000
1.000000
1.000000
1.000000
1.000000
1.000000
1.000000
1.000000
1.000000
1.000000
1.000000
1.000000
1.000000
1.000000
1.000000
1.000000
1.000000
1.000000
1.000000
1.000000
1.000000
1.000000
1.000000
1.000000
1.000000
1.000000
1.000000
1.000000
1.000000
1.000000
1.000000
1.000000
1.000000
1.000000
1.000000
1.000000
1.000000
1.000000
1.000000
1.000000
1.000000
1.000000
1.000000
1.000000
1.000000
1.000000
1.000000
1.000000
1.000000
1.000000
1.000000
1.000000
1.000000
1.000000
1.000000
1.000000
1.000000
1.000000
1.000000
1.000000
1.000000
1.000000
1.000000
1.000000
1.000000
1.000000
1.000000
1.000000
1.000000
1.000000
1.000000
1.000000
1.000000
1.000000
1.000000
1.000000
1.000000
1.000000
1.000000
1.000000
1.000000
1.000000
1.000000
1.000000
1.000000
1.000000
1.000000
1.000000
1.000000
1.000000
1.000000
1.000000
1.000000
1.000000
1.000000
1.000000
1.000000
1.000000
1.000000
1.000000
1.000000
1.000000
1.000000
1.000000
1.000000
1.000000
1.000000
1.000000
1.000000
1.000000
1.000000
1.000000
1.000000
1.000000
1.000000
1.000000
1.000000
1.000000
1.000000
1.000000
1.000000
1.000000
1.000000
1.000000
1.000000
1.000000
1.000000
1.000000
1.000000
1.000000
1.000000
1.000000
1.000000
1.000000
1.000000
1.000000
1.000000
1.000000
1.000000
1.000000
1.000000
1.000000
1.000000
1.000000
1.000000
1.000000
1.000000
1.000000
1.000000
1.000000
1.000000
1.000000
1.000000
1.000000
1.000000
1.000000
1.000000
1.000000
1.000000
1.000000
1.000000
1.000000
1.000000
1.000000
1.000000
1.000000
1.000000
1.000000
1.000000
1.000000
1.000000
1.000000
1.000000
1.000000
1.000000
1.000000
1.000000
1.000000
1.000000
1.000000
1.000000
1.000000
1.000000
1.000000
1.000000
1.000000
1.000000
1.000000
1.000000
1.000000
1.000000
1.000000
1.000000
1.000000
1.000000
1.000000
1.000000
1.000000
1.000000
1.000000
1.000000
1.000000
1.000000
1.000000
1.000000
1.000000
1.000000
1.000000
1.000000
1.000000
1.000000
1.000000
1.000000
1.000000
1.000000
1.000000
1.000000
1.000000
1.000000
1.000000
1.000000
1.000000
1.000000
1.000000
1.000000
1.000000
1.000000
1.000000
1.000000
1.000000
1.000000
1.000000
1.000000
1.000000
1.000000
1.000000
1.000000
1.000000
1.000000
1.000000
1.000000
1.000000
1.000000
1.000000
1.000000
1.000000
1.000000
1.000000
1.000000
1.000000
1.000000
1.000000
1.000000
1.000000
1.000000
1.000000
1.000000
1.000000
1.000000
1.000000
1.000000
1.000000
1.000000
1.000000
1.000000
1.000000
1.000000
1.000000
1.000000
1.000000
1.000000
1.000000
1.000000
1.000000
1.000000
1.000000
1.000000
1.000000
1.000000
1.000000
1.000000
1.000000
1.000000
1.000000
1.000000
1.000000
1.000000
1.000000
1.000000
1.000000
1.000000
1.000000
1.000000
1.000000
1.000000
1.000000
1.000000
1.000000
1.000000
1.000000
1.000000
1.000000
1.000000
1.000000
1.000000
1.000000
1.000000
1.000000
1.000000
1.000000
1.000000
1.000000
1.000000
1.000000
1.000000
1.000000
1.000000
1.000000
1.000000
1.000000
1.000000
1.000000
1.000000
1.000000
1.000000
1.000000
1.000000
1.000000
1.000000
1.000000
1.000000
1.000000
1.000000
1.000000
1.000000
1.000000
1.000000
1.000000
1.000000
1.000000
1.000000
1.000000
1.000000
1.000000
1.000000
1.000000
1.000000
1.000000
1.000000
1.000000
1.000000
1.000000
1.000000
1.000000
1.000000
1.000000
1.000000
1.000000
1.000000
1.000000
1.000000
1.000000
1.000000
1.000000
1.000000
1.000000
1.000000
1.000000
1.000000
1.000000
1.000000
1.000000
1.000000
1.000000
1.000000
1.000000
1.000000
1.000000
1.000000
1.000000
1.000000
1.000000
1.000000
1.000000
1.000000
1.000000
1.000000
1.000000
1.000000
1.000000
1.000000
1.000000
1.000000
1.000000
1.000000
1.000000
1.000000
1.000000
1.000000
1.000000
1.000000
1.000000
1.000000
1.000000
1.000000
1.000000
1.000000
1.000000
1.000000
1.000000
1.000000
1.000000
1.000000
1.000000
1.000000
1.000000
1.000000
1.000000
1.000000
1.000000
1.000000
1.000000
1.000000
1.000000
1.000000
1.000000
1.000000
1.000000
1.000000
1.000000
1.000000
1.000000
1.000000
1.000000
1.000000
1.000000
1.000000
1.000000
1.000000
1.000000
1.000000
1.000000
1.000000
1.000000
1.000000
1.000000
1.000000
1.000000
1.000000
1.000000
1.000000
1.000000
1.000000
1.000000
1.000000
1.000000
1.000000
1.000000
1.000000
1.000000
1.000000
1.000000
1.000000
1.000000
1.000000
1.000000
1.000000
1.000000
1.000000
1.000000
1.000000
1.000000
1.000000
1.000000
1.000000
1.000000
1.000000
1.000000
1.000000
1.000000
1.000000
1.000000
1.000000
1.000000
1.000000
1.000000
1.000000
1.000000
1.000000
1.000000
1.000000
1.000000
1.000000
1.000000
1.000000
1.000000
1.000000
1.000000
1.000000
1.000000
1.000000
1.000000
1.000000
1.000000
1.000000
1.000000
1.000000
1.000000
1.000000
1.000000
1.000000
1.000000
1.000000
1.000000
1.000000
1.000000
1.000000
1.000000
1.000000
1.000000
1.000000
1.000000
1.000000
1.000000
1.000000
1.000000
1.000000
1.000000
1.000000
1.000000
1.000000
1.000000
1.000000
1.000000
1.000000
1.000000
1.000000
1.000000
1.000000
1.000000
1.000000
1.000000
1.000000
1.000000
1.000000
1.000000
1.000000
1.000000
1.000000
1.000000
1.000000
1.000000
1.000000
1.000000
1.000000
1.000000
1.000000
1.000000
1.000000
1.000000
1.000000
1.000000
1.000000
1.000000
1.000000
1.000000
1.000000
1.000000
1.000000
1.000000
1.000000
1.000000
1.000000
1.000000
1.000000
1.000000
1.000000
1.000000
1.000000
1.000000
1.000000
1.000000
1.000000
1.000000
1.000000
1.000000
1.000000
1.000000
1.000000
1.000000
1.000000
1.000000
1.000000
1.000000
1.000000
1.000000
1.000000
1.000000
1.000000
1.000000
1.000000
1.000000
1.000000
1.000000
1.000000
1.000000
1.000000
1.000000
1.000000
1.000000
1.000000
1.000000
1.000000
1.000000
1.000000
1.000000
1.000000
1.000000
1.000000
1.000000
1.000000
1.000000
1.000000
1.000000
1.000000
1.000000
1.000000
1.000000
1.000000
1.000000
1.000000
1.000000
1.000000
1.000000
1.000000
1.000000
1.000000
1.000000
1.000000
1.000000
1.000000
1.000000
1.000000
1.000000
1.000000
1.000000
1.000000
1.000000
1.000000
1.000000
1.000000
1.000000
1.000000
1.000000
1.000000
1.000000
1.000000
1.000000
1.000000
1.000000
1.000000
1.000000
1.000000
1.000000
1.000000
1.000000
1.000000
1.000000
1.000000
1.000000
1.000000
1.000000
1.000000
1.000000
1.000000
1.000000
1.000000
1.000000
1.000000
1.000000
1.000000
1.000000
1.000000
1.000000
1.000000
1.000000
1.000000
1.000000
1.000000
1.000000
1.000000
1.000000
1.000000
1.000000
1.000000
1.000000
1.000000
1.000000
1.000000
1.000000
1.000000
1.000000
1.000000
1.000000
1.000000
1.000000
1.000000
1.000000
1.000000
1.000000
1.000000
1.000000
1.000000
1.000000
1.000000
1.000000
1.000000
1.000000
1.000000
1.000000
1.000000
1.000000
1.000000
1.000000
1.000000
1.000000
1.000000
1.000000
1.000000
1.000000
1.000000
1.000000
1.000000
1.000000
1.000000
1.000000
1.000000
1.000000
1.000000
1.000000
1.000000
1.000000
1.000000
1.000000
1.000000
1.000000
1.000000
1.000000
1.000000
1.000000
1.000000
1.000000
1.000000
1.000000
1.000000
1.000000
1.000000
1.000000
1.000000
1.000000
1.000000
1.000000
1.000000
1.000000
1.000000
1.000000
1.000000
1.000000
1.000000
1.000000
1.000000
1.000000
1.000000
1.000000
1.000000
1.000000
1.000000
1.000000
1.000000
1.000000
1.000000
1.000000
1.000000
1.000000
1.000000
1.000000
1.000000
1.000000
1.000000
1.000000
1.000000
1.000000
1.000000
1.000000
1.000000
1.000000
1.000000
1.000000
1.000000
1.000000
1.000000
1.000000
1.000000
1.000000
1.000000
1.000000
1.000000
1.000000
1.000000
1.000000
1.000000
1.000000
1.000000
1.000000
1.000000
1.000000
1.000000
1.000000
1.000000
1.000000
1.000000
1.000000
1.000000
1.000000
1.000000
1.000000
1.000000
1.000000
1.000000
1.000000
1.000000
1.000000
1.000000
1.000000
1.000000
1.000000
1.000000
1.000000
1.000000
1.000000
1.000000
1.000000
1.000000
1.000000
1.000000
1.000000
1.000000
1.000000
1.000000
1.000000
1.000000
1.000000
1.000000
1.000000
1.000000
1.000000
1.000000
1.000000
1.000000
1.000000
1.000000
1.000000
1.000000
1.000000
1.000000
1.000000
1.000000
1.000000
1.000000
1.000000
1.000000
1.000000
1.000000
1.000000
1.000000
1.000000
1.000000
1.000000
1.000000
1.000000
1.000000
1.000000
1.000000
1.000000
1.000000
1.000000
1.000000
1.000000
1.000000
1.000000
1.000000
1.000000
1.000000
1.000000
1.000000
1.000000
1.000000
1.000000
1.000000
1.000000
1.000000
1.000000
1.000000
1.000000
1.000000
1.000000
1.000000
1.000000
1.000000
1.000000
1.000000
1.000000
1.000000
1.000000
1.000000
1.000000
1.000000
1.000000
1.000000
1.000000
1.000000
1.000000
1.000000
1.000000
1.000000
1.000000
1.000000
1.000000
1.000000
1.000000
1.000000
1.000000
1.000000
1.000000
1.000000
1.000000
1.000000
1.000000
1.000000
1.000000
1.000000
1.000000
1.000000
1.000000
1.000000
1.000000
1.000000
1.000000
1.000000
1.000000
1.000000
1.000000
1.000000
1.000000
1.000000
1.000000
1.000000
1.000000
1.000000
1.000000
1.000000
1.000000
1.000000
1.000000
1.000000
1.000000
1.000000
1.000000
1.000000
1.000000
1.000000
1.000000
1.000000
1.000000
1.000000
1.000000
1.000000
1.000000
1.000000
1.000000
1.000000
1.000000
1.000000
1.000000
1.000000
1.000000
1.000000
1.000000
1.000000
1.000000
1.000000
1.000000
1.000000
1.000000
1.000000
1.000000
1.000000
1.000000
1.000000
1.000000
1.000000
1.000000
1.000000
1.000000
1.000000
1.000000
1.000000
1.000000
1.000000
1.000000
1.000000
1.000000
1.000000
1.000000
1.000000
1.000000
1.000000
1.000000
1.000000
1.000000
1.000000
1.000000
1.000000
1.000000
1.000000
1.000000
1.000000
1.000000
1.000000
1.000000
1.000000
1.000000
1.000000
1.000000
1.000000
1.000000
1.000000
1.000000
1.000000
1.000000
1.000000
1.000000
1.000000
1.000000
1.000000
1.000000
1.000000
1.000000
1.000000
1.000000
1.000000
1.000000
1.000000
1.000000
1.000000
1.000000
1.000000
1.000000
1.000000
1.000000
1.000000
1.000000
1.000000
1.000000
1.000000
1.000000
1.000000
1.000000
1.000000
1.000000
1.000000
1.000000
1.000000
1.000000
1.000000
1.000000
1.000000
1.000000
1.000000
1.000000
1.000000
1.000000
1.000000
1.000000
1.000000
1.000000
1.000000
1.000000
1.000000
1.000000
1.000000
1.000000
1.000000
1.000000
1.000000
1.000000
1.000000
1.000000
1.000000
1.000000
1.000000
1.000000
1.000000
1.000000
1.000000
1.000000
1.000000
1.000000
1.000000
1.000000
1.000000
1.000000
1.000000
1.000000
1.000000
1.000000
1.000000
1.000000
1.000000
1.000000
1.000000
1.000000
1.000000
1.000000
1.000000
1.000000
1.000000
1.000000
1.000000
1.000000
1.000000
1.000000
1.000000
1.000000
1.000000
1.000000
1.000000
1.000000
1.000000
1.000000
1.000000
1.000000
1.000000
1.000000
1.000000
1.000000
1.000000
1.000000
1.000000
1.000000
1.000000
1.000000
1.000000
1.000000
1.000000
1.000000
1.000000
1.000000
1.000000
1.000000
1.000000
1.000000
1.000000
1.000000
1.000000
1.000000
1.000000
1.000000
1.000000
1.000000
1.000000
1.000000
1.000000
1.000000
1.000000
1.000000
1.000000
1.000000
1.000000
1.000000
1.000000
1.000000
1.000000
1.000000
1.000000
1.000000
1.000000
1.000000
1.000000
1.000000
1.000000
1.000000
1.000000
1.000000
1.000000
1.000000
1.000000
1.000000
1.000000
1.000000
1.000000
1.000000
1.000000
1.000000
1.000000
1.000000
1.000000
1.000000
1.000000
1.000000
1.000000
1.000000
1.000000
1.000000
1.000000
1.000000
1.000000
1.000000
1.000000
1.000000
1.000000
1.000000
1.000000
1.000000
1.000000
1.000000
1.000000
1.000000
1.000000
1.000000
1.000000
1.000000
1.000000
1.000000
1.000000
1.000000
1.000000
1.000000
1.000000
1.000000
1.000000
1.000000
1.000000
1.000000
1.000000
1.000000
1.000000
1.000000
1.000000
1.000000
1.000000
1.000000
1.000000
1.000000
1.000000
1.000000
1.000000
1.000000
1.000000
1.000000
1.000000
1.000000
1.000000
1.000000
1.000000
1.000000
1.000000
1.000000
1.000000
1.000000
1.000000
1.000000
1.000000
1.000000
1.000000
1.000000
1.000000
1.000000
1.000000
1.000000
1.000000
1.000000
1.000000
1.000000
1.000000
1.000000
1.000000
1.000000
1.000000
1.000000
1.000000
1.000000
1.000000
1.000000
1.000000
1.000000
1.000000
1.000000
1.000000
1.000000
1.000000
1.000000
1.000000
1.000000
1.000000
1.000000
1.000000
1.000000
1.000000
1.000000
1.000000
1.000000
1.000000
1.000000
1.000000
1.000000
1.000000
1.000000
1.000000
1.000000
1.000000
1.000000
1.000000
1.000000
1.000000
1.000000
1.000000
1.000000
1.000000
1.000000
1.000000
1.000000
1.000000
1.000000
1.000000
1.000000
1.000000
1.000000
1.000000
1.000000
1.000000
1.000000
1.000000
1.000000
1.000000
1.000000
1.000000
1.000000
1.000000
1.000000
1.000000
1.000000
1.000000
1.000000
1.000000
1.000000
1.000000
1.000000
1.000000
1.000000
1.000000
1.000000
1.000000
1.000000
1.000000
1.000000
1.000000
1.000000
1.000000
1.000000
1.000000
1.000000
1.000000
1.000000
1.000000
1.000000
1.000000
1.000000
1.000000
1.000000
1.000000
1.000000
1.000000
1.000000
1.000000
1.000000
1.000000
1.000000
1.000000
1.000000
1.000000
1.000000
1.000000
1.000000
1.000000
1.000000
1.000000
1.000000
1.000000
1.000000
1.000000
1.000000
1.000000
1.000000
1.000000
1.000000
1.000000
1.000000
1.000000
1.000000
1.000000
1.000000
1.000000
1.000000
1.000000
1.000000
1.000000
1.000000
1.000000
1.000000
1.000000
1.000000
1.000000
1.000000
1.000000
1.000000
1.000000
1.000000
1.000000
1.000000
1.000000
1.000000
1.000000
1.000000
1.000000
1.000000
1.000000
1.000000
1.000000
1.000000
1.000000
1.000000
1.000000
1.000000
1.000000
1.000000
1.000000
1.000000
1.000000
1.000000
1.000000
1.000000
1.000000
1.000000
1.000000
1.000000
1.000000
1.000000
1.000000
1.000000
1.000000
1.000000
1.000000
1.000000
1.000000
1.000000
1.000000
1.000000
1.000000
1.000000
1.000000
1.000000
1.000000
1.000000
1.000000
1.000000
1.000000
1.000000
1.000000
1.000000
1.000000
1.000000
1.000000
1.000000
1.000000
1.000000
1.000000
1.000000
1.000000
1.000000
1.000000
1.000000
1.000000
1.000000
1.000000
1.000000
1.000000
1.000000
1.000000
1.000000
1.000000
1.000000
1.000000
1.000000
1.000000
1.000000
1.000000
1.000000
1.000000
1.000000
1.000000
1.000000
1.000000
1.000000
1.000000
1.000000
1.000000
1.000000
1.000000
1.000000
1.000000
1.000000
1.000000
1.000000
1.000000
1.000000
1.000000
1.000000
1.000000
1.000000
1.000000
1.000000
1.000000
1.000000
1.000000
1.000000
1.000000
1.000000
1.000000
1.000000
1.000000
1.000000
1.000000
1.000000
1.000000
1.000000
1.000000
1.000000
1.000000
1.000000
1.000000
1.000000
1.000000
1.000000
1.000000
1.000000
1.000000
1.000000
1.000000
1.000000
1.000000
1.000000
1.000000
1.000000
1.000000
1.000000
1.000000
1.000000
1.000000
1.000000
1.000000
1.000000
1.000000
1.000000
1.000000
1.000000
1.000000
1.000000
1.000000
1.000000
1.000000
1.000000
1.000000
1.000000
1.000000
1.000000
1.000000
1.000000
1.000000
1.000000
1.000000
1.000000
1.000000
1.000000
1.000000
1.000000
1.000000
1.000000
1.000000
1.000000
1.000000
1.000000
1.000000
1.000000
1.000000
1.000000
1.000000
1.000000
1.000000
1.000000
1.000000
1.000000
1.000000
1.000000
1.000000
1.000000
1.000000
1.000000
1.000000
1.000000
1.000000
1.000000
1.000000
1.000000
1.000000
1.000000
1.000000
1.000000
1.000000
1.000000
1.000000
1.000000
1.000000
1.000000
1.000000
1.000000
1.000000
1.000000
1.000000
1.000000
1.000000
1.000000
1.000000
1.000000
1.000000
1.000000
1.000000
1.000000
1.000000
1.000000
1.000000
1.000000
1.000000
1.000000
1.000000
1.000000
1.000000
1.000000
1.000000
1.000000
1.000000
1.000000
1.000000
1.000000
1.000000
1.000000
1.000000
1.000000
1.000000
1.000000
1.000000
1.000000
1.000000
1.000000
1.000000
1.000000
1.000000
1.000000
1.000000
1.000000
1.000000
1.000000
1.000000
1.000000
1.000000
1.000000
1.000000
1.000000
1.000000
1.000000
1.000000
1.000000
1.000000
1.000000
1.000000
1.000000
1.000000
1.000000
1.000000
1.000000
1.000000
1.000000
1.000000
1.000000
1.000000
1.000000
1.000000
1.000000
1.000000
1.000000
1.000000
1.000000
1.000000
1.000000
1.000000
1.000000
1.000000
1.000000
1.000000
1.000000
1.000000
1.000000
1.000000
1.000000
1.000000
1.000000
1.000000
1.000000
1.000000
1.000000
1.000000
1.000000
1.000000
1.000000
1.000000
1.000000
1.000000
1.000000
1.000000
1.000000
1.000000
1.000000
1.000000
1.000000
1.000000
1.000000
1.000000
1.000000
1.000000
1.000000
1.000000
1.000000
1.000000
1.000000
1.000000
1.000000
1.000000
1.000000
1.000000
1.000000
1.000000
1.000000
1.000000
1.000000
1.000000
1.000000
1.000000
1.000000
1.000000
1.000000
1.000000
1.000000
1.000000
1.000000
1.000000
1.000000
1.000000
1.000000
1.000000
1.000000
1.000000
1.000000
1.000000
1.000000
1.000000
1.000000
1.000000
1.000000
1.000000
1.000000
1.000000
1.000000
1.000000
1.000000
1.000000
1.000000
1.000000
1.000000
1.000000
1.000000
1.000000
1.000000
1.000000
1.000000
1.000000
1.000000
1.000000
1.000000
1.000000
1.000000
1.000000
1.000000
1.000000
1.000000
1.000000
1.000000
1.000000
1.000000
1.000000
1.000000
1.000000
1.000000
1.000000
1.000000
1.000000
1.000000
1.000000
1.000000
1.000000
1.000000
1.000000
1.000000
1.000000
1.000000
1.000000
1.000000
1.000000
1.000000
1.000000
1.000000
1.000000
1.000000
1.000000
1.000000
1.000000
1.000000
1.000000
1.000000
1.000000
1.000000
1.000000
1.000000
1.000000
1.000000
1.000000
1.000000
1.000000
1.000000
1.000000
1.000000
1.000000
1.000000
1.000000
1.000000
1.000000
1.000000
1.000000
1.000000
1.000000
1.000000
1.000000
1.000000
1.000000
1.000000
1.000000
1.000000
1.000000
1.000000
1.000000
1.000000
1.000000
1.000000
1.000000
1.000000
1.000000
1.000000
1.000000
1.000000
1.000000
1.000000
1.000000
1.000000
1.000000
1.000000
1.000000
1.000000
1.000000
1.000000
1.000000
1.000000
1.000000
1.000000
1.000000
1.000000
1.000000
1.000000
1.000000
1.000000
1.000000
1.000000
1.000000
1.000000
1.000000
1.000000
1.000000
1.000000
1.000000
1.000000
1.000000
1.000000
1.000000
1.000000
1.000000
1.000000
1.000000
1.000000
1.000000
1.000000
1.000000
1.000000
1.000000
1.000000
1.000000
1.000000
1.000000
1.000000
1.000000
1.000000
1.000000
1.000000
1.000000
1.000000
1.000000
1.000000
1.000000
1.000000
1.000000
1.000000
1.000000
1.000000
1.000000
1.000000
1.000000
1.000000
1.000000
1.000000
1.000000
1.000000
1.000000
1.000000
1.000000
1.000000
1.000000
1.000000
1.000000
1.000000
1.000000
1.000000
1.000000
1.000000
1.000000
1.000000
1.000000
1.000000
1.000000
1.000000
1.000000
1.000000
1.000000
1.000000
1.000000
1.000000
1.000000
1.000000
1.000000
1.000000
1.000000
1.000000
1.000000
1.000000
1.000000
1.000000
1.000000
1.000000
1.000000
1.000000
1.000000
1.000000
1.000000
1.000000
1.000000
1.000000
1.000000
1.000000
1.000000
1.000000
1.000000
1.000000
1.000000
1.000000
1.000000
1.000000
1.000000
1.000000
1.000000
1.000000
1.000000
1.000000
1.000000
1.000000
1.000000
1.000000
1.000000
1.000000
1.000000
1.000000
1.000000
1.000000
1.000000
1.000000
1.000000
1.000000
1.000000
1.000000
1.000000
1.000000
1.000000
1.000000
1.000000
1.000000
1.000000
1.000000
1.000000
1.000000
1.000000
1.000000
1.000000
1.000000
1.000000
1.000000
1.000000
1.000000
1.000000
1.000000
1.000000
1.000000
1.000000
1.000000
1.000000
1.000000
1.000000
1.000000
1.000000
1.000000
1.000000
1.000000
1.000000
1.000000
1.000000
1.000000
1.000000
1.000000
1.000000
1.000000
1.000000
1.000000
1.000000
1.000000
1.000000
1.000000
1.000000
1.000000
1.000000
1.000000
1.000000
1.000000
1.000000
1.000000
1.000000
1.000000
1.000000
1.000000
1.000000
1.000000
1.000000
1.000000
1.000000
1.000000
1.000000
1.000000
1.000000
1.000000
1.000000
1.000000
1.000000
1.000000
1.000000
1.000000
1.000000
1.000000
1.000000
1.000000
1.000000
1.000000
1.000000
1.000000
1.000000
1.000000
1.000000
1.000000
1.000000
1.000000
1.000000
1.000000
1.000000
1.000000
1.000000
1.000000
1.000000
1.000000
1.000000
1.000000
1.000000
1.000000
1.000000
1.000000
1.000000
1.000000
1.000000
1.000000
1.000000
1.000000
1.000000
1.000000
1.000000
1.000000
1.000000
1.000000
1.000000
1.000000
1.000000
1.000000
1.000000
1.000000
1.000000
1.000000
1.000000
1.000000
1.000000
1.000000
1.000000
1.000000
1.000000
1.000000
1.000000
1.000000
1.000000
1.000000
1.000000
1.000000
1.000000
1.000000
1.000000
1.000000
1.000000
1.000000
1.000000
1.000000
1.000000
1.000000
1.000000
1.000000
1.000000
1.000000
1.000000
1.000000
1.000000
1.000000
1.000000
1.000000
1.000000
1.000000
1.000000
1.000000
1.000000
1.000000
1.000000
1.000000
1.000000
1.000000
1.000000
1.000000
1.000000
1.000000
1.000000
1.000000
1.000000
1.000000
1.000000
1.000000
1.000000
1.000000
1.000000
1.000000
1.000000
1.000000
1.000000
1.000000
1.000000
1.000000
1.000000
1.000000
1.000000
1.000000
1.000000
1.000000
1.000000
1.000000
1.000000
1.000000
1.000000
1.000000
1.000000
1.000000
1.000000
1.000000
1.000000
1.000000
1.000000
1.000000
1.000000
1.000000
1.000000
1.000000
1.000000
1.000000
1.000000
1.000000
1.000000
1.000000
1.000000
1.000000
1.000000
1.000000
1.000000
1.000000
1.000000
1.000000
1.000000
1.000000
1.000000
1.000000
1.000000
1.000000
1.000000
1.000000
1.000000
1.000000
1.000000
1.000000
1.000000
1.000000
1.000000
1.000000
1.000000
1.000000
1.000000
1.000000
1.000000
1.000000
1.000000
1.000000
1.000000
1.000000
1.000000
1.000000
1.000000
1.000000
1.000000
1.000000
1.000000
1.000000
1.000000
1.000000
1.000000
1.000000
1.000000
1.000000
1.000000
1.000000
1.000000
1.000000
1.000000
1.000000
1.000000
1.000000
1.000000
1.000000
1.000000
1.000000
1.000000
1.000000
1.000000
1.000000
1.000000
1.000000
1.000000
1.000000
1.000000
1.000000
1.000000
1.000000
1.000000
1.000000
1.000000
1.000000
1.000000
1.000000
1.000000
1.000000
1.000000
1.000000
1.000000
1.000000
1.000000
1.000000
1.000000
1.000000
1.000000
1.000000
1.000000
1.000000
1.000000
1.000000
1.000000
1.000000
1.000000
1.000000
1.000000
1.000000
1.000000
1.000000
1.000000
1.000000
1.000000
1.000000
1.000000
1.000000
1.000000
1.000000
1.000000
1.000000
1.000000
1.000000
1.000000
1.000000
1.000000
1.000000
1.000000
1.000000
1.000000
1.000000
1.000000
1.000000
1.000000
1.000000
1.000000
1.000000
1.000000
1.000000
1.000000
1.000000
1.000000
1.000000
1.000000
1.000000
1.000000
1.000000
1.000000
1.000000
1.000000
1.000000
1.000000
1.000000
1.000000
1.000000
1.000000
1.000000
1.000000
1.000000
1.000000
1.000000
1.000000
1.000000
1.000000
1.000000
1.000000
1.000000
1.000000
1.000000
1.000000
1.000000
1.000000
1.000000
1.000000
1.000000
1.000000
1.000000
1.000000
1.000000
1.000000
1.000000
1.000000
1.000000
1.000000
1.000000
1.000000
1.000000
1.000000
1.000000
1.000000
1.000000
1.000000
1.000000
1.000000
1.000000
1.000000
1.000000
1.000000
1.000000
1.000000
1.000000
1.000000
1.000000
1.000000
1.000000
1.000000
1.000000
1.000000
1.000000
1.000000
1.000000
1.000000
1.000000
1.000000
1.000000
1.000000
1.000000
1.000000
1.000000
1.000000
1.000000
1.000000
1.000000
1.000000
1.000000
1.000000
1.000000
1.000000
1.000000
1.000000
1.000000
1.000000
1.000000
1.000000
1.000000
1.000000
1.000000
1.000000
1.000000
1.000000
1.000000
1.000000
1.000000
1.000000
1.000000
1.000000
1.000000
1.000000
1.000000
1.000000
1.000000
1.000000
1.000000
1.000000
1.000000
1.000000
1.000000
1.000000
1.000000
1.000000
1.000000
1.000000
1.000000
1.000000
1.000000
1.000000
1.000000
1.000000
1.000000
1.000000
1.000000
1.000000
1.000000
1.000000
1.000000
1.000000
1.000000
1.000000
1.000000
1.000000
1.000000
1.000000
1.000000
1.000000
1.000000
1.000000
1.000000
1.000000
1.000000
1.000000
1.000000
1.000000
1.000000
1.000000
1.000000
1.000000
1.000000
1.000000
1.000000
1.000000
1.000000
1.000000
1.000000
1.000000
1.000000
1.000000
1.000000
1.000000
1.000000
1.000000
1.000000
1.000000
1.000000
1.000000
1.000000
1.000000
1.000000
1.000000
1.000000
1.000000
1.000000
1.000000
1.000000
1.000000
1.000000
1.000000
1.000000
1.000000
1.000000
1.000000
1.000000
1.000000
1.000000
1.000000
1.000000
1.000000
1.000000
1.000000
1.000000
1.000000
1.000000
1.000000
1.000000
1.000000
1.000000
1.000000
1.000000
1.000000
1.000000
1.000000
1.000000
1.000000
1.000000
1.000000
1.000000
1.000000
1.000000
1.000000
1.000000
1.000000
1.000000
1.000000
1.000000
1.000000
1.000000
1.000000
1.000000
1.000000
1.000000
1.000000
1.000000
1.000000
1.000000
1.000000
1.000000
1.000000
1.000000
1.000000
1.000000
1.000000
1.000000
1.000000
1.000000
1.000000
1.000000
1.000000
1.000000
1.000000
1.000000
1.000000
1.000000
1.000000
1.000000
1.000000
1.000000
1.000000
1.000000
1.000000
1.000000
1.000000
1.000000
1.000000
1.000000
1.000000
1.000000
1.000000
1.000000
1.000000
1.000000
1.000000
1.000000
1.000000
1.000000
1.000000
1.000000
1.000000
1.000000
1.000000
1.000000
1.000000
1.000000
1.000000
1.000000
1.000000
1.000000
1.000000
1.000000
1.000000
1.000000
1.000000
1.000000
1.000000
1.000000
1.000000
1.000000
1.000000
1.000000
1.000000
1.000000
1.000000
1.000000
1.000000
1.000000
1.000000
1.000000
1.000000
1.000000
1.000000
1.000000
1.000000
1.000000
1.000000
1.000000
1.000000
1.000000
1.000000
1.000000
1.000000
1.000000
1.000000
1.000000
1.000000
1.000000
1.000000
1.000000
1.000000
1.000000
1.000000
1.000000
1.000000
1.000000
1.000000
1.000000
1.000000
1.000000
1.000000
1.000000
1.000000
1.000000
1.000000
1.000000
1.000000
1.000000
1.000000
1.000000
1.000000
1.000000
1.000000
1.000000
1.000000
1.000000
1.000000
1.000000
1.000000
1.000000
1.000000
1.000000
1.000000
1.000000
1.000000
1.000000
1.000000
1.000000
1.000000
1.000000
1.000000
1.000000
1.000000
1.000000
1.000000
1.000000
1.000000
1.000000
1.000000
1.000000
1.000000
1.000000
1.000000
1.000000
1.000000
1.000000
1.000000
1.000000
1.000000
1.000000
1.000000
1.000000
1.000000
1.000000
1.000000
1.000000
1.000000
1.000000
1.000000
1.000000
1.000000
1.000000
1.000000
1.000000
1.000000
1.000000
1.000000
1.000000
1.000000
1.000000
1.000000
1.000000
1.000000
1.000000
1.000000
1.000000
1.000000
1.000000
1.000000
1.000000
1.000000
1.000000
1.000000
1.000000
1.000000
1.000000
1.000000
1.000000
1.000000
1.000000
1.000000
1.000000
1.000000
1.000000
1.000000
1.000000
1.000000
1.000000
1.000000
1.000000
1.000000
1.000000
1.000000
1.000000
1.000000
1.000000
1.000000
1.000000
1.000000
1.000000
1.000000
1.000000
1.000000
1.000000
1.000000
1.000000
1.000000
1.000000
1.000000
1.000000
1.000000
1.000000
1.000000
1.000000
1.000000
1.000000
1.000000
1.000000
1.000000
1.000000
1.000000
1.000000
1.000000
1.000000
1.000000
1.000000
1.000000
1.000000
1.000000
1.000000
1.000000
1.000000
1.000000
1.000000
1.000000
1.000000
1.000000
1.000000
1.000000
1.000000
1.000000
1.000000
1.000000
1.000000
1.000000
1.000000
1.000000
1.000000
1.000000
1.000000
1.000000
1.000000
1.000000
1.000000
1.000000
1.000000
1.000000
1.000000
1.000000
1.000000
1.000000
1.000000
1.000000
1.000000
1.000000
1.000000
1.000000
1.000000
1.000000
1.000000
1.000000
1.000000
1.000000
1.000000
1.000000
1.000000
1.000000
1.000000
1.000000
1.000000
1.000000
1.000000
1.000000
1.000000
1.000000
1.000000
1.000000
1.000000
1.000000
1.000000
1.000000
1.000000
1.000000
1.000000
1.000000
1.000000
1.000000
1.000000
1.000000
1.000000
1.000000
1.000000
1.000000
1.000000
1.000000
1.000000
1.000000
1.000000
1.000000
1.000000
1.000000
1.000000
1.000000
1.000000
1.000000
1.000000
1.000000
1.000000
1.000000
1.000000
1.000000
1.000000
1.000000
1.000000
1.000000
1.000000
1.000000
1.000000
1.000000
1.000000
1.000000
1.000000
1.000000
1.000000
1.000000
1.000000
1.000000
1.000000
1.000000
1.000000
1.000000
1.000000
1.000000
1.000000
1.000000
1.000000
1.000000
1.000000
1.000000
1.000000
1.000000
1.000000
1.000000
1.000000
1.000000
1.000000
1.000000
1.000000
1.000000
1.000000
1.000000
1.000000
1.000000
1.000000
1.000000
1.000000
1.000000
1.000000
1.000000
1.000000
1.000000
1.000000
1.000000
1.000000
1.000000
1.000000
1.000000
1.000000
1.000000
1.000000
1.000000
1.000000
1.000000
1.000000
1.000000
1.000000
1.000000
1.000000
1.000000
1.000000
1.000000
1.000000
1.000000
1.000000
1.000000
1.000000
1.000000
1.000000
1.000000
1.000000
1.000000
1.000000
1.000000
1.000000
1.000000
1.000000
1.000000
1.000000
1.000000
1.000000
1.000000
1.000000
1.000000
1.000000
1.000000
1.000000
1.000000
1.000000
1.000000
1.000000
1.000000
1.000000
1.000000
1.000000
1.000000
1.000000
1.000000
1.000000
1.000000
1.000000
1.000000
1.000000
1.000000
1.000000
1.000000
1.000000
1.000000
1.000000
1.000000
1.000000
1.000000
1.000000
1.000000
1.000000
1.000000
1.000000
1.000000
1.000000
1.000000
1.000000
1.000000
1.000000
1.000000
1.000000
1.000000
1.000000
1.000000
1.000000
1.000000
1.000000
1.000000
1.000000
1.000000
1.000000
1.000000
1.000000
1.000000
1.000000
1.000000
1.000000
1.000000
1.000000
1.000000
1.000000
1.000000
1.000000
1.000000
1.000000
1.000000
1.000000
1.000000
1.000000
1.000000
1.000000
1.000000
1.000000
1.000000
1.000000
1.000000
1.000000
1.000000
1.000000
1.000000
1.000000
1.000000
1.000000
1.000000
1.000000
1.000000
1.000000
1.000000
1.000000
1.000000
1.000000
1.000000
1.000000
1.000000
1.000000
1.000000
1.000000
1.000000
1.000000
1.000000
1.000000
1.000000
1.000000
1.000000
1.000000
1.000000
1.000000
1.000000
1.000000
1.000000
1.000000
1.000000
1.000000
1.000000
1.000000
1.000000
1.000000
1.000000
1.000000
1.000000
1.000000
1.000000
1.000000
1.000000
1.000000
1.000000
1.000000
1.000000
1.000000
1.000000
1.000000
1.000000
1.000000
1.000000
1.000000
1.000000
1.000000
1.000000
1.000000
1.000000
1.000000
1.000000
1.000000
1.000000
1.000000
1.000000
1.000000
1.000000
1.000000
1.000000
1.000000
1.000000
1.000000
1.000000
1.000000
1.000000
1.000000
1.000000
1.000000
1.000000
1.000000
1.000000
1.000000
1.000000
1.000000
1.000000
1.000000
1.000000
1.000000
1.000000
1.000000
1.000000
1.000000
1.000000
1.000000
1.000000
1.000000
1.000000
1.000000
1.000000
1.000000
1.000000
1.000000
1.000000
1.000000
1.000000
1.000000
1.000000
1.000000
1.000000
1.000000
1.000000
1.000000
1.000000
1.000000
1.000000
1.000000
1.000000
1.000000
1.000000
1.000000
1.000000
1.000000
1.000000
1.000000
1.000000
1.000000
1.000000
1.000000
1.000000
1.000000
1.000000
1.000000
1.000000
1.000000
1.000000
1.000000
1.000000
1.000000
1.000000
1.000000
1.000000
1.000000
1.000000
1.000000
1.000000
1.000000
1.000000
1.000000
1.000000
1.000000
1.000000
1.000000
1.000000
1.000000
1.000000
1.000000
1.000000
1.000000
1.000000
1.000000
1.000000
1.000000
1.000000
1.000000
1.000000
1.000000
1.000000
1.000000
1.000000
1.000000
1.000000
1.000000
1.000000
1.000000
1.000000
1.000000
1.000000
1.000000
1.000000
1.000000
1.000000
1.000000
1.000000
1.000000
1.000000
1.000000
1.000000
1.000000
1.000000
1.000000
1.000000
1.000000
1.000000
1.000000
1.000000
1.000000
1.000000
1.000000
1.000000
1.000000
1.000000
1.000000
1.000000
1.000000
1.000000
1.000000
1.000000
1.000000
1.000000
1.000000
1.000000
1.000000
1.000000
1.000000
1.000000
1.000000
1.000000
1.000000
1.000000
1.000000
1.000000
1.000000
1.000000
1.000000
1.000000
1.000000
1.000000
1.000000
1.000000
1.000000
1.000000
1.000000
1.000000
1.000000
1.000000
1.000000
1.000000
1.000000
1.000000
1.000000
1.000000
1.000000
1.000000
1.000000
1.000000
1.000000
1.000000
1.000000
1.000000
1.000000
1.000000
1.000000
1.000000
1.000000
1.000000
1.000000
1.000000
1.000000
1.000000
1.000000
1.000000
1.000000
1.000000
1.000000
1.000000
1.000000
1.000000
1.000000
1.000000
1.000000
1.000000
1.000000
1.000000
1.000000
1.000000
1.000000
1.000000
1.000000
1.000000
1.000000
1.000000
1.000000
1.000000
1.000000
1.000000
1.000000
1.000000
1.000000
1.000000
1.000000
1.000000
1.000000
1.000000
1.000000
1.000000
1.000000
1.000000
1.000000
1.000000
1.000000
1.000000
1.000000
1.000000
1.000000
1.000000
1.000000
1.000000
1.000000
1.000000
1.000000
1.000000
1.000000
1.000000
1.000000
1.000000
1.000000
1.000000
1.000000
1.000000
1.000000
1.000000
1.000000
1.000000
1.000000
1.000000
1.000000
1.000000
1.000000
1.000000
1.000000
1.000000
1.000000
1.000000
1.000000
1.000000
1.000000
1.000000
1.000000
1.000000
1.000000
1.000000
1.000000
1.000000
1.000000
1.000000
1.000000
1.000000
1.000000
1.000000
1.000000
1.000000
1.000000
1.000000
1.000000
1.000000
1.000000
1.000000
1.000000
1.000000
1.000000
1.000000
1.000000
1.000000
1.000000
1.000000
1.000000
1.000000
1.000000
1.000000
1.000000
1.000000
1.000000
1.000000
1.000000
1.000000
1.000000
1.000000
1.000000
1.000000
1.000000
1.000000
1.000000
1.000000
1.000000
1.000000
1.000000
1.000000
1.000000
1.000000
1.000000
1.000000
1.000000
1.000000
1.000000
1.000000
1.000000
1.000000
1.000000
1.000000
1.000000
1.000000
1.000000
1.000000
1.000000
1.000000
1.000000
1.000000
1.000000
1.000000
1.000000
1.000000
1.000000
1.000000
1.000000
1.000000
1.000000
1.000000
1.000000
1.000000
1.000000
1.000000
1.000000
1.000000
1.000000
1.000000
1.000000
1.000000
1.000000
1.000000
1.000000
1.000000
1.000000
1.000000
1.000000
1.000000
1.000000
1.000000
1.000000
1.000000
1.000000
1.000000
1.000000
1.000000
1.000000
1.000000
1.000000
1.000000
1.000000
1.000000
1.000000
1.000000
1.000000
1.000000
1.000000
1.000000
1.000000
1.000000
1.000000
1.000000
1.000000
1.000000
1.000000
1.000000
1.000000
1.000000
1.000000
1.000000
1.000000
1.000000
1.000000
1.000000
1.000000
1.000000
1.000000
1.000000
1.000000
1.000000
1.000000
1.000000
1.000000
1.000000
1.000000
1.000000
1.000000
1.000000
1.000000
1.000000
1.000000
1.000000
1.000000
1.000000
1.000000
1.000000
1.000000
1.000000
1.000000
1.000000
1.000000
1.000000
1.000000
1.000000
1.000000
1.000000
1.000000
1.000000
1.000000
1.000000
1.000000
1.000000
1.000000
1.000000
1.000000
1.000000
1.000000
1.000000
1.000000
1.000000
1.000000
1.000000
1.000000
1.000000
1.000000
1.000000
1.000000
1.000000
1.000000
1.000000
1.000000
1.000000
1.000000
1.000000
1.000000
1.000000
1.000000
1.000000
1.000000
1.000000
1.000000
1.000000
1.000000
1.000000
1.000000
1.000000
1.000000
1.000000
1.000000
1.000000
1.000000
1.000000
1.000000
1.000000
1.000000
1.000000
1.000000
1.000000
1.000000
1.000000
1.000000
1.000000
1.000000
1.000000
1.000000
1.000000
1.000000
1.000000
1.000000
1.000000
1.000000
1.000000
1.000000
1.000000
1.000000
1.000000
1.000000
1.000000
1.000000
1.000000
1.000000
1.000000
1.000000
1.000000
1.000000
1.000000
1.000000
1.000000
1.000000
1.000000
1.000000
1.000000
1.000000
1.000000
1.000000
1.000000
1.000000
1.000000
1.000000
1.000000
1.000000
1.000000
1.000000
1.000000
1.000000
1.000000
1.000000
1.000000
1.000000
1.000000
1.000000
1.000000
1.000000
1.000000
1.000000
1.000000
1.000000
1.000000
1.000000
1.000000
1.000000
1.000000
1.000000
1.000000
1.000000
1.000000
1.000000
1.000000
1.000000
1.000000
1.000000
1.000000
1.000000
1.000000
1.000000
1.000000
1.000000
1.000000
1.000000
1.000000
1.000000
1.000000
1.000000
1.000000
1.000000
1.000000
1.000000
1.000000
1.000000
1.000000
1.000000
1.000000
1.000000
1.000000
1.000000
1.000000
1.000000
1.000000
1.000000
1.000000
1.000000
1.000000
1.000000
1.000000
1.000000
1.000000
1.000000
1.000000
1.000000
1.000000
1.000000
1.000000
1.000000
1.000000
1.000000
1.000000
1.000000
1.000000
1.000000
1.000000
1.000000
1.000000
1.000000
1.000000
1.000000
1.000000
1.000000
1.000000
1.000000
1.000000
1.000000
1.000000
1.000000
1.000000
1.000000
1.000000
1.000000
1.000000
1.000000
1.000000
1.000000
1.000000
1.000000
1.000000
1.000000
1.000000
1.000000
1.000000
1.000000
1.000000
1.000000
1.000000
1.000000
1.000000
1.000000
1.000000
1.000000
1.000000
1.000000
1.000000
1.000000
1.000000
1.000000
1.000000
1.000000
1.000000
1.000000
1.000000
1.000000
1.000000
1.000000
1.000000
1.000000
1.000000
1.000000
1.000000
1.000000
1.000000
1.000000
1.000000
1.000000
1.000000
1.000000
1.000000
1.000000
1.000000
1.000000
1.000000
1.000000
1.000000
1.000000
1.000000
1.000000
1.000000
1.000000
1.000000
1.000000
1.000000
1.000000
1.000000
1.000000
1.000000
1.000000
1.000000
1.000000
1.000000
1.000000
1.000000
1.000000
1.000000
1.000000
1.000000
1.000000
1.000000
1.000000
1.000000
1.000000
1.000000
1.000000
1.000000
1.000000
1.000000
1.000000
1.000000
1.000000
1.000000
1.000000
1.000000
1.000000
1.000000
1.000000
1.000000
1.000000
1.000000
1.000000
1.000000
1.000000
1.000000
1.000000
1.000000
1.000000
1.000000
1.000000
1.000000
1.000000
1.000000
1.000000
1.000000
1.000000
1.000000
1.000000
1.000000
1.000000
1.000000
1.000000
1.000000
1.000000
1.000000
1.000000
1.000000
1.000000
1.000000
1.000000
1.000000
1.000000
1.000000
1.000000
1.000000
1.000000
1.000000
1.000000
1.000000
1.000000
1.000000
1.000000
1.000000
1.000000
1.000000
1.000000
1.000000
1.000000
1.000000
1.000000
1.000000
1.000000
1.000000
1.000000
1.000000
1.000000
1.000000
1.000000
1.000000
1.000000
1.000000
1.000000
1.000000
1.000000
1.000000
1.000000
1.000000
1.000000
1.000000
1.000000
1.000000
1.000000
1.000000
1.000000
1.000000
1.000000
1.000000
1.000000
1.000000
1.000000
1.000000
1.000000
1.000000
1.000000
1.000000
1.000000
1.000000
1.000000
1.000000
1.000000
1.000000
1.000000
1.000000
1.000000
1.000000
1.000000
1.000000
1.000000
1.000000
1.000000
1.000000
1.000000
1.000000
1.000000
1.000000
1.000000
