3.224064753943922
2.5243378506738283
2.466035838059814
2.528772198502489
2.2960923069521293
2.357485185965765
2.4240115996314606
2.7115683975402263
2.3386354607059685
2.181861995341048
2.0882996360864508
2.1741270502554095
2.02690477416528
2.028067352082619
2.046347157903693
2.0974483312867287
2.043439241204705
1.7419369654400978
1.771361648207089
1.9384463098402955
1.8013544821262975
1.8096743383151135
1.7460321008146218
1.6967758813758727
1.684501391369116
1.678958706185082
1.719610690875205
1.7192131003685895
1.6539680763367222
1.588137632493514
1.5497284876622421
1.5393238636426585
1.5039321034404403
1.459649032634407
1.4694074038145302
1.4340641885017857
1.3942356189378238
1.2924354432949898
1.2824731592178857
1.2586398974914494
1.2600861627455728
1.2814840063230104
1.2576537483567023
1.2452738625753565
1.2377288187033122
1.230779779168192
1.2408382256474575
1.2185879197750178
1.1974439584214136
1.1895977173419765
1.2245669694253298
1.1723570217429367
1.162078648395369
1.1187077922093933
1.145417147100524
1.1526575795567429
1.1932446519372322
1.4073704754502485
1.5101668146236464
1.8272271016817727
1.9402816969938468
1.8922150569297136
1.969123609723252
2.0112826671494273
2.1353293934370905
2.0850605146420036
2.4471799377410304
2.5630669947731923
2.527722362352479
2.634040431929351
2.858913662287473
2.8801896596461347
2.8696069048775237
2.8254397900203854
2.970583003080484
3.040892860912729
2.844915736066716
2.6883071400812573
2.837398577823798
2.8291613037578376
2.755732144656011
2.702318442229468
2.643623952223198
2.698499869092268
2.6493012431470846
2.7530659945921787
2.7848821015028404
2.686130178230001
2.6323604594980488
2.683808408022205
2.6461490758622284
2.5626846965254035
2.5455674628003906
2.422148564476604
2.4924720739379884
2.634125650094791
2.6056042487189726
2.4253251424526536
2.569451316152485
2.415314635422806
2.322104032602287
2.422627093743097
2.280608352886154
2.1145456315946416
2.071431720108524
2.1348889743989883
2.09827678903122
2.352986869046651
2.167498592619872
2.2726891406989758
2.25983829016636
2.075125298983916
1.9005521532781082
1.8889427139647412
2.0498887567218533
2.0562163679787178
2.170853735114899
2.0749817815718754
1.9342754658374686
1.7086279429866802
1.66744979574985
1.6527919795864683
1.6423375415505048
1.5789850429983583
1.48444369427328
1.5669691048153516
1.51172401716469
1.4750166990061326
1.4714116041413343
1.4629650695184664
1.4712336266797186
1.4272007696231828
1.4240009947273435
1.376114449364325
1.3653678198828278
1.334768675212468
1.30520169420606
1.3048589292950565
1.2607359493380514
1.2417770884216452
1.1802372405188746
1.1392310403739296
1.1252094412557643
1.1433161563150231
1.1282988850599664
1.1682467645339696
1.077189656051578
1.0782116017302763
1.1022542267473536
1.1122120430345555
1.0338445989743688
1.0448957754384787
1.040077125801987
1.0359970454258083
1.222138011840204
1.4671610720262973
1.4922078538855241
1.514722016745823
1.5357828186364921
1.6476418839839928
1.7463247682787573
1.6974069726304957
1.538616908022268
1.3787848026057559
1.421480611674377
1.6026203405226174
1.6465850931218784
1.6670752433589395
1.5587783690791286
1.580128197575062
1.6657335959799218
2.0170078990309
1.863274407660972
1.701017943757854
1.7054706895627534
1.721684802169911
1.8189657904262875
1.7483406767608005
1.7375513684895851
1.713211792130372
2.0166270574064047
1.9787441298051398
2.015597176598272
1.8901809996487275
1.9718239465601217
1.9925020182169833
2.095516656222004
1.9452444909610973
1.8571077442672517
1.7629049369858059
1.6865477985800255
1.7567949040345814
1.7138416134066394
1.6868075540659515
1.7540805683214953
1.7708287976603208
1.7395719710926447
1.7223693042713124
1.7275044857580886
1.7421050790259323
1.7578554219729479
1.7731379006128956
1.7606876524545205
1.7018783202918137
1.6820616735777534
1.706435903757114
1.7043829876388505
1.6803759365015232
1.671483185314531
1.6806998980075902
1.6497495086537723
1.6453557313106728
1.6231437034491412
1.676460227823124
1.6323912870853656
1.6457477377988092
1.8766094554647847
1.5998759943664083
1.5871308754004505
1.4817027330087864
1.4942742672746683
1.5822119783850674
1.5779074022860609
1.541711251281792
1.5079493649530107
1.488332738043424
1.4577647220679428
1.4259616686441166
1.3999040979251163
1.3802390147079207
1.4064940939283384
1.380792828348341
1.3475106837657167
1.3725273078653941
1.351049618661515
1.315693441902539
1.2992107912988566
1.293022302555035
1.2843797927776
1.2149310707058336
1.2613177149470847
1.25298073218452
1.2226013098270183
1.1695353627774479
1.1485018035416388
1.1303858302124512
1.1290767259383347
1.1132161482131633
1.087849427037357
1.0968780687043234
1.126405955184522
1.1256146419947037
1.1182178227700397
1.1524082924859542
1.1596509908424952
1.174259762842133
1.1908593447173057
1.1640206398689206
1.201915979504001
1.207661594448887
1.189338094375422
1.3023991876866314
1.3041042313716487
1.294367905483467
1.3908086879767299
1.3704777328069353
1.356930842607238
1.3862374597513063
1.393547464015311
1.4078895421607587
1.4716184588619188
1.4957778010164273
1.4628363960071227
1.4783950595724331
1.509403470717521
1.563263533736871
1.545967308466636
1.5377523090877039
1.5330957711318454
1.6187847231742978
1.581573586977851
1.596487045021301
1.6062093956970556
1.6725870725072043
1.6313841226901613
1.6290411252878068
1.669679425900516
1.6752312360164918
1.6135407201944976
1.7081190795083516
1.62816845831615
1.6355162193775694
1.6331014218832767
1.6431300632012946
1.6416545189564453
1.6624235399950524
1.6055852893736184
1.6312846926504152
1.5905624946036232
1.5810807642564106
1.5983233476492926
1.6104705873643919
1.5787469317982519
1.5759246779119447
1.6426473510848572
1.6350707843765189
1.6118682036538938
1.5823266038914303
1.5951313320048768
1.5402916142695222
1.6231065084200578
1.5483776303389607
1.5516642798425857
1.5697500275106244
1.5491192512713576
1.5316256673701913
1.5200753168529217
1.4764895416657744
1.4799090026388295
1.4566345889557428
1.5479896095225947
1.470118553925158
1.3885263717645309
1.3969384931911644
1.3638433027064412
1.3536481746230893
1.376172457110276
1.3240818959961287
1.2740153831337
1.2413381043109042
1.2227620206128433
1.1986679139323795
1.16671579849602
1.129766631305024
1.1286355376982922
1.1456912804584045
1.0898349321983345
1.07030035045293
1.0810948184757962
1.0697023315444962
1.1201636840007096
1.126638924885494
1.1171411224891938
1.0672384994497504
1.3609811100303866
1.4925631602762197
1.4707004539048618
1.7321769765294912
1.7818226510725828
2.011518857706601
2.2058184575173105
2.5652185919863673
2.699431839445099
2.705578006764525
2.582296428970002
2.750363157689226
2.771412217956435
2.6995481443777662
2.7353595321046
2.651023502414451
2.8756688485532442
3.1653759562878685
3.0417872436493503
2.9938779065180054
2.98160938348354
3.0673826788730776
3.0966010449206043
3.0328933434624425
2.9209638491691576
2.8981873434851773
3.0004399726231625
3.1127057773133435
3.1715111598412156
3.175894294072938
3.1808421709663435
3.1572491937726173
3.2074927009985297
3.0540819097219454
2.817185180393903
2.8972947736712524
2.9157563962940585
2.8554763315385947
2.481769032923657
2.595770931623452
2.610985467123507
2.2819905599175745
2.1553247900430867
2.2302688513807025
2.2100543707025704
2.052547182904157
2.005522204129435
2.080174954373702
1.9511400342586422
1.8609518146617752
1.7731385980030256
1.8029120649132009
1.8033312589094297
1.8727334345562598
1.7734467461813759
1.7720620765527417
1.774954135749658
1.9594486003603033
1.9029751530000159
1.857590511995323
1.7543491022468247
1.8661169591616766
1.7431607863363328
1.658012354676199
1.610351256594433
1.5795781964441236
1.5600859556335331
1.5461795555001465
1.6149009634446985
1.6290726401464262
1.4714779260495139
1.4510095538582426
1.4445327494264206
1.4250169465266638
1.468982406429309
1.4106605929886078
1.3072650598069189
1.2869185733207493
1.337421038136575
1.3221879114967927
1.2941374350501686
1.2952372510446486
1.299925562151059
1.3400915402660432
1.2422648792951307
1.2392202926052782
1.2115002025325305
1.2338763404802549
1.1992212257579764
1.1501641338043824
1.1400909373592538
1.1349662105602554
1.137375480311077
1.1193490968014848
1.0788499158037161
1.118082925893109
1.224392354195247
1.297746551532686
1.5028942545471002
1.6545948951706257
1.6511256172453037
1.8307818953838697
1.7309247612215681
1.8697084249762983
1.890124052410779
1.9414984836895706
2.1045832538711924
2.3954637936593413
2.6515264385990425
2.484296396381566
2.516545117540693
2.59356055935712
2.535475444837782
2.404915084015024
2.5365997618583993
2.6854198812113985
2.683662865587199
2.771659972278642
2.6560726077211845
2.6777404733170163
2.7939171301665775
2.9626936588926376
2.697924747258946
2.834864921599335
2.88292595267455
2.993112093114171
3.0366477712005615
2.8857860344298945
2.9083975281515473
2.8917954857898347
2.742745596506686
2.756690233055098
2.8786290212060752
2.79457724710165
2.761231136274741
2.7794844037205824
2.736481312421082
2.765352617719343
2.639074440570696
2.522568328062341
2.5426641155395378
2.5576456235515614
2.33762566352646
2.3135622491297996
2.331502898006753
2.247642440678708
2.1897261390553355
2.2733905006242874
2.267640395140323
2.227291869414828
2.0284527709191793
1.8643096342630379
1.899651714137549
2.02860865820243
1.9664577081764196
2.1021281601217954
1.9288365004498669
1.9842175110486846
2.037315190622031
1.9136572492981656
1.8610789735971534
1.876640329712885
1.862683644968069
1.859266616316099
1.8484520138854996
1.8127481927290796
1.8304239851723278
1.7488273598570505
1.7260104390941688
1.6941816004289663
1.6660515497663857
1.6555737515541633
1.6160153651754434
1.5807180782160362
1.5122180794825062
1.4782631573364313
1.492244793812785
1.4452980826793784
1.3487929966346337
1.3131848195993734
1.31899354604778
1.3855314124125622
1.3567364078499042
1.3398130525719492
1.2922641401818349
1.3235590851676489
1.320673778292654
1.3229209574513596
1.2874375572830896
1.277498274587372
1.2905214650112833
1.3122230274604596
1.3201409631881091
1.3033456269960917
1.3982940897244607
1.6367023958632896
1.9022339463540063
1.8894477971064665
2.078047222043953
2.174322732121123
2.2922038506256617
2.5870464641362707
2.733747777033048
2.800902568624469
2.9094223353908744
2.844609923181202
2.802241308747745
2.95617986787678
2.987843381171621
3.022178570405318
2.967896949117874
2.9264959959440575
2.825448419152046
2.891284207780235
2.974191925427114
2.844347523725979
2.956314104234599
2.9227979765326033
2.9184174855355884
2.9944171091200515
2.923943923193359
2.9987940407881295
3.0232589429058256
2.9666006181782727
3.0864453269587018
3.0839457245777813
3.084931377962563
2.823085728785463
2.7744010761335236
2.7219502858687297
2.811475259251275
2.8863373853547873
2.677239463863163
2.7522270722539592
2.5842423158976207
2.4820665828375787
2.4202992933042053
2.357617122405097
2.4422351968334364
2.488702258006636
2.3710787510581324
2.2068301980207776
2.2370369808325985
2.0375942734944705
2.1458371322212932
2.087000900652365
2.1626166377250295
2.0487518775187485
1.9974010882849575
1.9059485635086642
2.019067504003391
2.177433797990009
1.8933180106638536
1.9702157433427656
2.080529894361982
1.956301348848055
1.9130053966828124
1.796678416109452
1.7958545900740006
1.8595893497818041
1.7546122055753992
1.7169531044003805
1.6309840651923662
1.639295974587702
1.6014434992734004
1.5477821196974058
1.498404103617019
1.4911587238151423
1.4989879907304016
1.4611239537144298
1.4231573770305337
1.366923064275338
1.3890170055928726
1.3473509865616593
1.376518856067468
1.3189758190768346
1.3241530123084948
1.3299661105690654
1.291373222076491
1.2949393399246871
1.2938201664804039
1.2461256734778043
1.2602736394053367
1.2277311672786084
1.224426089135361
1.226988553443582
1.1977411014478585
1.1915283337454525
1.2006512572516088
1.2629740055067904
1.3052500648002192
1.5422276398873374
2.3315342623660182
2.2028917567206148
1.9749539893311052
1.776027385852203
1.7954683975396082
1.8133153147311696
2.131370397609915
1.9040198024138084
2.0269543355455575
1.8173739055194078
2.121652401927026
2.1039455726041845
2.1006008807988454
2.055469845719218
2.20460700880181
2.0263204264541868
1.9572109800868647
1.8360567806303778
1.8437609821957892
1.9756769766084392
2.04819948147988
2.161966891894283
1.9092413689868755
1.8675651478216895
1.8884182234088767
1.9224946009701775
1.76324869969366
1.769291760893463
1.7700424243251676
1.8070178511783312
1.754088321068341
1.7192019020996623
1.7284522104838425
1.7978676302777323
1.84904650685454
1.7653513348611345
1.8119550760621108
1.8075663351412552
1.809252983082316
1.7485245733375883
1.7740371909012511
1.7196309134035037
1.719115317261386
1.7360238500104845
1.7816924608722646
1.7928808357128037
1.8100506733868535
1.8194114022572236
1.7909830790610342
1.8200774285673513
1.830230704753351
1.7773921203832148
1.7834129450111678
1.808799487677043
1.7617365797859073
1.7623352776200325
1.8406599847973089
1.8828105510080388
1.8336234300647019
1.7887362236080135
1.7938204245416383
1.7997623540648606
1.7614209954249902
1.7798527372489965
1.7124794341144163
1.6721910754871367
1.6733947306099681
1.6455636387518193
1.5890776949372143
1.6062132268290963
1.565602235532911
1.5387690014447302
1.5159390528308918
1.4950165243001914
1.4860606811520887
1.4237825250069218
1.3883933095824676
1.3202720448313532
1.3297396267611559
1.3498182397514535
1.3306405034748516
1.3255448899357412
1.3503606397468615
1.3591072317673263
1.3127369220717477
1.3096662822655363
1.2776674854931798
1.2713425533784912
1.260558115119315
1.2268119253658694
1.2392814874044624
1.2440071675013318
1.2428859502448675
1.2542259337539636
1.3141790526222648
1.3316347360956706
1.3235647970693996
1.3237850890905465
1.3612021457635157
1.4065491600196816
1.4223390947097003
1.4590632885541897
1.5369908325877213
1.563668666043733
1.5915507747671027
1.6071241637466849
1.7084488505835218
1.7554857365909573
1.7849427791626278
1.776295465870017
1.7724261279193696
1.78707783172596
1.8115324615640667
1.8347563619564589
1.8221192986936796
1.7976049957086573
1.8247596768758363
1.8890097510679895
1.8865916058633214
1.9009942092859686
1.8711298371883671
1.8689714846626249
1.897745012920927
1.8764820960038504
1.8673748284756142
1.8714571859088716
1.8524395649975252
1.901226587344571
1.9603652166013916
1.948000046747276
1.862170068849169
1.8684174524030204
1.8544114261876083
1.7969467049442267
1.9382187451410657
1.90054700353097
1.9091639503946225
1.8081194943830559
1.94872527783137
1.9074495957556965
1.8903465460930124
1.848004356542364
1.932433967529754
1.9351310087526956
1.8872522958185234
1.8582222255170862
1.8737009492171548
1.8604591026282775
1.8768523504765844
1.9248251527488571
1.9680834447475342
1.9301758928419077
1.9640056937673591
2.080672091083379
1.9857906608512788
1.914793392769606
1.9363091312595073
1.9267367364144645
1.9735425315647777
1.9211114460654692
1.8499901588053915
1.8113087739648654
1.7896460579870581
1.692650893428149
1.612427542928579
1.5858657516668495
1.5558051821911778
1.5068096629478605
1.4497871802970876
1.440864953584584
1.3824103721302767
1.3566112096114527
1.3459677873748288
1.347399555703915
1.3429572132749816
1.3135892747886824
1.3352233460870495
1.3698975659749593
1.3429684069102368
1.251005563687929
1.2299490509547029
1.1839168089601573
1.2034975653819902
1.2031169996675448
1.2059879647640175
1.2329960794031682
1.1883210852377162
1.1853046511580552
1.1831111041998192
1.1759401658649702
1.1630751500539307
1.1459989364230194
1.205304191716954
1.2921149984040248
1.3093954782716917
1.3412351217791354
1.3810848710841397
1.397300809085141
1.4662985580926213
1.527409445802794
1.586565518492421
1.6148415910855352
1.5813010647213712
1.5847294602252688
1.7269178793295916
1.6440071748169012
1.5856959314110803
1.5717136858450895
1.6427416558870136
1.6815811506120415
1.647716511879796
1.6584092625918794
1.6048275035768194
1.6534106966296933
1.7726276101475487
1.8032517122214846
1.7764940515434715
1.804834489372764
1.7723992096943937
1.78605946319617
1.7934409731797774
1.8227355084184362
2.0687415900150743
1.9478971496736694
1.8064751520347881
1.883225131378827
1.8574941649209844
2.017122800186618
1.948281684430512
1.9075064812590767
1.9692849974825846
1.9470157550992153
1.8444681465467134
1.8539037419453102
1.8461060466615964
1.7772268200944121
1.800790969643203
1.8540200319497302
1.8522547725182292
1.8444140134079838
1.7870000499613683
1.778309294692127
1.7412949665399573
1.7386322475085658
1.6561082887521237
1.7064664574787616
1.7551612315801977
1.6770436890144056
1.787944587053775
1.772588380460121
1.7244769603065755
1.6601690568293606
1.6143393920895537
1.5895371139634957
1.6392937198010749
1.6944825916971393
1.6173653243240613
1.5576639497507028
1.778754972401929
1.531117301284702
1.496008955504257
1.5252282998365287
1.4856853907313745
1.445937097108919
1.399268987382495
1.3978691895669462
1.3414276911344212
1.3237415089367501
1.302302941653626
1.2820594533669885
1.2571335734025588
1.2677054787642559
1.2851410817635447
1.2841666873793025
1.2808565414392454
1.2677883932207819
1.2269590705743836
1.243616185516089
1.2144208926607034
1.1443249806805573
1.1735590406570073
1.165811932987614
1.1444914533071096
1.1721979385573666
1.156087608651399
1.1443878523324942
1.1453910828359641
1.1417310918724142
1.1469175144097123
1.1346684889168974
1.1980742253903744
1.2146954390801068
1.2192798774268934
1.2449313346050572
1.2875624956539449
1.2748081891183916
1.3376738099804455
1.3510277217348101
1.3741305517592035
1.4154124644940898
1.45270118633731
1.463238407381387
1.4973669295422276
1.467629962010125
1.4735191977690494
1.5002793441721072
1.4904977090970095
1.4521239769862118
1.4996730858143503
1.5087929807723717
1.5008664911457492
1.4858967606593274
1.513882056843394
1.5613011426055392
1.628514142105173
1.7119733575252079
1.620508599545756
1.631404221657335
1.6505541775005064
1.5932581215179384
1.5701221232302536
1.6650406631253563
1.5758720313112247
1.5369347781813538
1.546537765914277
1.4694977237314302
1.6851921734780575
1.6587161401968133
1.5974111270724138
1.507821559421694
1.4870192536438003
1.558456238575264
1.5252388067382652
1.5134821944209234
1.5070568717617576
1.5484706717184566
1.4730653242359621
1.5363867004343623
1.5585163893426695
1.5297503498053615
1.5676833657530187
1.5484253381451298
1.5016436627929663
1.5171096641450725
1.604153594402546
1.6323314401713098
1.491780356045356
1.4674699454606592
1.4837665467697876
1.52340774499493
1.4639348919051938
1.5157910951109064
1.4857625112566344
1.4491281052063045
1.4028014424924549
1.3713886198454661
1.338296445406278
1.300153484154107
1.2898083802706275
1.267170382329824
1.255882679329439
1.2519680441630114
1.2021441449256973
1.200998639748364
1.209204685635274
1.1581201770871132
1.1668213566895407
1.1731583084425345
1.1596736789354531
1.1170939066152956
1.0334322358663326
1.0070192704765357
1.0028635946266744
1.0350136574531463
1.0076699583355808
0.9892094386112117
0.9964440367750315
1.0193012681296387
1.0467535512741615
1.13872896537751
1.2801611731292746
1.6718937165495495
1.6840140270221282
1.7656888183708705
1.929655633878036
2.0279279192256507
1.9563684389485823
2.068628280658362
2.0317750399522163
2.1640818737038257
2.251633258219901
2.4405117292387297
2.4514359924368194
2.7310372802460505
2.6741506923764606
2.67226102341688
2.6707207236193304
3.028783330385701
2.9491939878524316
2.819744528884674
2.8607948667059633
3.0553862643285195
3.0217256105621626
2.922014675764659
2.473521300598806
2.6725829113397186
2.793535782541
2.5614559211554044
2.567574901357269
2.7572709830901982
2.7504698715130256
2.8787083929205624
2.770805808770506
2.9042703515469857
2.886645896792514
2.8267191405646663
2.718268232320549
2.557443309243641
2.5706658623247516
2.4831722200731745
2.559269778608948
2.3121366780095984
2.341843495521399
2.5494256870238936
2.6701976103014027
2.491858876724826
2.5968618836627284
2.428962538073601
2.2501717029853796
1.9448517749693954
1.9476241225480073
2.3011093915793563
1.9598904606219534
1.7323880977901387
1.7490363606217962
1.7011229347423793
1.7476984256907615
1.8940174164658516
1.8966321651927038
1.947993966423446
1.7339231158800703
1.762434412594202
1.7843612211558533
2.063704533458572
1.9067341556641457
1.7695135067983307
1.8785312359475042
1.6341979734024046
1.7160332053153542
1.6290695190593616
1.5066841704721918
1.4515059195981717
1.4182058802769617
1.3653288243483617
1.3762333072794584
1.3609295431187638
1.300445183099614
1.2936046848206457
1.2931874996071036
1.2869543760155495
1.2928790889378918
1.2606435710196513
1.217242458292214
1.1822160490598814
1.1818390516867272
1.2029091413300548
1.1829218488516369
1.1920439122703903
1.1823355702075329
1.170364382955032
1.1216766703284866
1.148251480038189
1.1280973683030462
1.1317634378188757
1.1550352105342954
1.2450209550406914
1.3453263620116565
1.1007401969584638
1.11598324358804
1.1741009924623556
1.1781120381554153
1.9029402008067657
1.961946413751561
2.109792874521735
2.1301510723552766
2.63824229421155
2.460572506670752
2.4227892997996996
2.4065651489804973
2.3811716577656687
3.064423610452372
3.1475892486324812
3.092300037505754
2.763567346699512
2.4316123383211616
2.4515533415169473
1.8132781269231257
2.4240883043256773
2.1957965244792743
1.8966170766893116
2.646022395229428
2.6021760568028616
2.6935973503226642
2.9014655806667773
2.9651003542177974
2.925864452711315
2.7963188703869695
2.7704607427243504
3.086751141458834
3.0113282750526027
2.940884310537493
2.9826660497051605
2.699970436879828
2.7675980934819284
3.0535141094150404
2.714260496615305
2.6939624981318
2.6275073207691175
2.5182673665488973
2.5722785510616824
2.474391016141977
2.3875430197607814
2.2372962288638027
2.442475467214278
2.2443589882695942
2.1735427631306212
2.1297094450694147
2.001901641698548
2.1162998187878643
2.120273482800022
2.241648462867438
2.168460554752044
2.0537665610566647
2.2182940981133843
2.3470185382702504
2.2893456747864134
2.1781468988007835
2.3771208965477957
2.29626720641666
2.358130492275785
2.293444749363858
2.0503870230046317
1.8913426727128728
1.9515775392922199
2.0166461032968064
2.184102166847385
1.9407899583175405
1.8461749051453946
1.7342895614832932
1.6582729811665848
1.6998546404321464
1.4992424138848541
1.6355698350041301
1.46794407777715
1.4548577376385963
1.4267169980745513
1.41259143724633
1.3832910700169905
1.3478142970582614
1.3101921819133582
1.2686605285428505
1.2566389810559468
1.2765522469821027
1.267281269536138
1.2319412821717715
1.2513972175983712
1.216354160639327
1.2039407991036242
1.2700655091709157
1.2162744096383047
1.2319587282701219
1.2508018924516446
1.5833271960037691
1.7313595935127053
1.8058635275083008
1.974772511421875
2.5195312833460597
2.5427073248154404
2.2286769609143433
2.4060528906659777
2.408284118839078
2.785111140687681
2.8031288182668628
2.939822911849572
2.869394723756529
3.203220872775544
2.9720111596739587
2.8043841097105937
2.612558500993522
2.6603343654845353
2.4912169117106173
2.7509832825692557
2.589387684409061
2.785618329620894
2.6759002546442026
2.772417402840897
2.9507296071420805
3.252674361616758
3.233577855864792
3.0985190022204905
3.073159632737687
2.9406964255615153
2.722511844229427
2.7345509095226626
2.8216773058720457
2.8763578803855676
3.561278120602649
3.5883809245892766
3.285977393549407
3.0606431981052737
3.0460019967511345
2.8667089109010604
2.628513307173439
2.5386543117163645
2.7063706060047776
2.8366836692331567
2.7256821568160947
2.6582976844399244
2.0242632661478526
3.0002368994985877
2.3636677542199873
2.414451006355602
2.444877525478332
2.307237700123269
2.2732927766675557
1.9300993270773255
2.0297900235819437
2.0847339768036908
2.0020210388299073
1.9298249273094874
1.9639769339551902
2.022336810382301
2.0855769349889504
1.9423096663816408
2.083800776920374
1.8964612159548213
1.892961989327579
1.916562241731388
1.8628028039991893
1.7980379157790862
1.7500487185583822
1.735830020177912
1.692371531564435
1.6846581840393418
1.5879103399821721
1.5301568447509721
1.505402384721314
1.4996793244376097
1.4557862823708796
1.397471595578587
1.414232344933928
1.3833284610210008
1.3678215638977749
1.341151562542218
1.310482113414695
1.2653922145825107
1.2510301220016677
1.256915823734829
1.2328797896767656
1.2330950610498943
1.2143723197593586
1.214782806795507
1.2279376228434982
1.2051201455009162
1.206424002870275
1.1954838039155646
1.225224902795885
1.2073266667771674
1.409586717205335
1.699340421405883
1.8295359522759973
1.8515095493706075
1.7807177545327184
2.161183527648831
2.445707133557048
2.3886298616756045
2.4814798376347906
2.524162958707263
2.612524044207322
2.7261020036701735
2.7609221664910386
2.6275132978574143
2.6341724772131347
2.773733099897702
2.814150713550842
2.6092519847795743
2.7532734649132893
2.713211057818721
2.8381446042717
2.406046117370263
2.697015574902706
2.6492610212812657
2.790014924669714
2.693713563301151
2.7434576256616303
2.835688896928233
3.2159316798468365
3.0168397316987297
2.988604911880814
2.86064979270002
2.9674105525132086
3.0355848497886697
2.8793591915283243
3.0553981766532243
2.913899911626838
2.9905121278797155
2.953560375263032
2.872995492109416
2.6687826442163254
2.70919960669462
2.8206762393095373
2.8494026790343256
2.751750762010589
2.7095716389652273
2.8090120758730817
2.722044702612056
1.9287420494995837
2.143340648771619
2.1103471472277406
2.153020131103213
2.0703192397771546
1.8268608918708653
1.883647353958663
1.8854580186175798
1.941503346456559
1.9451247353764418
1.8979180311815211
1.9598019838848086
1.7867398870379816
1.777280677198334
1.8270073672110905
1.8066441209537483
1.8345884159796635
1.8087713456769612
1.7655317926071474
1.8159316346444971
1.7947265292845764
1.6818741187587491
1.6582414446783298
1.6202963103121277
1.5897373569371775
1.5416338115564965
1.5838500754216025
1.4953591059129918
1.459863925013976
1.3976939909687902
1.4161043487840201
1.3791761614648212
1.361714932973281
1.2904841902493254
1.279844383087199
1.252707659250212
1.240301273674464
1.2564666877811923
1.2563558393384464
1.2451366940720408
1.2280844258678516
1.1980381048434174
1.2336782903476027
1.192854776075793
1.140954101172091
1.1496352918281776
1.13457492234778
1.1354194395911816
1.2075020985653309
1.5048483840453857
1.6544235570957755
1.6914867568657947
1.8874706386422708
1.9326988757270203
1.9232246801049853
2.2771295026863134
2.216888564748868
2.1364493933646305
2.2827201877978522
2.2239122500869484
2.209389692839134
2.4738583831162893
2.6303477688657604
2.7980710522955645
2.7368252443383256
2.2749972404945797
4.90690623070871
2.452147840034963
2.2559276943036846
2.129777335024323
2.200899941750851
1.8498957404296623
1.8085052513280382
1.8788499641161582
1.8552548343539688
1.884857327113367
1.8768429424810493
2.069513225067771
1.8673283849768247
1.7947240346246265
1.8105170072765864
1.875967671737813
1.8494694443852877
1.7829493863130668
1.8730299146689524
1.8041433942683465
1.8138412979821446
1.778059606310784
1.7393152128011091
1.683297338302828
1.5651423376635005
1.5592268998330368
1.5029715379289157
1.4626707328343234
1.4516353424321389
1.429122430854707
1.4253206170272619
1.3759413485911058
1.334264262128838
1.3896582525087
1.3304926864467157
1.325159860493763
1.2313875116092736
1.1855078208759822
1.1899682557929918
1.1973149552701707
1.2080776398066235
1.1913914502948972
1.1749445788174886
1.140916246590538
1.0274769025740198
1.1185686703388358
1.1255057687030445
1.1023704336537956
1.076313218214348
1.0947980260957497
1.170945069174877
1.1243330824532223
1.25107749084188
1.2593928975601787
1.3158987847140202
1.58040098054919
1.3763354521053575
1.2538413994069872
1.280916303640995
1.3338877498996573
1.4684730095850247
1.6671440959283388
1.5034385722179184
1.662736132200666
1.726583948715992
1.8574798652121958
1.7759433919737988
1.7695363054553548
1.7220126399194824
1.8283089967317787
1.7629838110541314
1.7602288513634627
1.708440123288072
1.8621186823769373
1.4356071043762788
2.4364538256733215
1.944670569346129
1.9233988538297613
1.8430218594070547
1.8108286228870443
1.934404041484876
1.8545323690833482
1.9002894576087894
1.9121762980529053
1.9257699341671244
1.8537722787960047
1.8800359606870898
1.6714543494664849
1.75660726362822
1.8340584070425419
1.9215354201912913
1.6867101008753265
1.9345778982282487
1.7110928005140593
1.6679037406628494
1.62762631489543
1.5843920171453072
1.603448797464256
1.6019137426901766
1.5719374506323296
1.5410422941584092
1.5050222672245295
1.543021864059717
1.5332660712704438
1.5637009371010626
1.6466657657654389
1.5448227094492268
1.5846097834991333
1.5735449639360128
1.5535558330102668
1.5253398042670836
1.605283907772106
1.5773629867064307
1.4755683512740592
1.5550561521325492
1.494361987428637
1.5071624447002476
1.5040456177868808
1.4910063300450542
1.4527693971850875
1.42042861970097
1.4478534059719605
1.4431598884673802
1.3923445553321565
1.3729473661397325
1.3819468467300293
1.382530341522966
1.3432237692791478
1.2776920411212371
1.294288269947241
1.2949323691170913
1.2767607873834803
1.2365689050818738
1.2012758810292368
1.2039303422030339
1.179965616994954
1.1795134574437918
1.1403191973449631
1.1697322026901007
1.1679052960824523
1.1640910592158649
1.1367771414133019
1.1403329143241212
1.133930900664618
1.163050675238303
1.1564719950188587
1.0839132476280795
1.084162166014524
1.100525821003948
1.097638348377685
1.1099615969899543
1.1176537119137462
1.1121781715465198
1.1280780148832679
1.1351835519704514
1.1659442905496467
1.1860191823968926
1.2120059121415203
1.2353821880010254
1.2311016456804758
1.2330373998190498
1.2672398000418275
1.2687901814085283
1.232090376754116
1.3011360743955747
1.4267388133552161
1.4817081309989952
1.4387349848909123
1.4438575921183683
1.441428386487694
1.5217887746553822
1.5530853986199935
1.5032095552449891
1.6188139763691234
1.7436064746739028
1.787816707612535
1.8613156948712575
1.8359482319878921
1.5890536414560785
1.484615365952303
1.3913173599609316
1.421293738638357
1.4311573524786216
1.4546931879363354
1.4555369046122915
1.509951997655963
1.5266133487716949
1.5553357176800704
1.4983466977505389
1.5087656099561686
1.5166253112414725
1.6719634175510585
1.6468720265007313
1.5291904318166871
1.5415708094004166
1.5275818493226851
1.5449813348589785
1.5670250253872497
1.5448334569618054
1.5562164756343249
1.5137565058641238
1.5960854117977645
1.7410646004861756
1.6053537042365655
1.6414392211937896
1.6163381269582486
1.6773897459033618
1.7173968607845052
1.7350491301082114
1.8134298241180618
1.6602561905356943
1.5534080262805836
1.6099445061841402
1.492633042503373
1.546181176108678
1.6050462910749126
1.7540464106745848
1.5028647111633584
1.3064853211319498
1.314624833426337
1.2897927183747475
1.2941104448671579
1.2824056119954352
1.2675688229849287
1.210771859220872
1.2177436518625222
1.2540085499795706
1.2157699913375495
1.1919548402868756
1.1667819196148368
1.1175962146141103
1.1225368072692696
1.1122735707655962
1.09714030842791
1.1271547859144055
1.1167482606398957
1.0873547871400646
1.0884582140634276
1.0784546543546643
1.0637124444746535
1.0616351478265391
1.05064365102109
1.2634210070860346
1.3946086339240424
1.41518258993833
1.4145448707029136
1.5325429719647754
1.5470881391431628
1.6702902096243721
1.9633871668748457
1.9934121359711916
2.5943636072496035
2.4053171439288135
2.4044477795099444
2.37856403043657
2.2799047728707666
2.634893817644193
2.6252667814777344
2.4410068052143212
2.764131730947093
2.850131473238217
2.8632854576727227
3.1679983162488594
3.018494631969395
2.914325930427747
2.8039875894080897
2.7378376984196287
2.677871592997783
2.557277951715712
2.671723644404313
2.815517712341297
3.0831869695639273
3.0060774537793775
2.911757749134138
2.8647647100390405
2.7436104420465646
2.963001958906436
2.9139986678427636
2.892641684013993
2.6820452412241473
2.7419299119521425
2.687818107693916
2.696354217565134
2.7721172850081657
2.609453622013671
2.3692198195072804
2.550374945136548
2.443429960395651
2.146885711248237
1.9987559832931305
1.9233172031927117
1.9063014915510292
2.0747243165450353
1.9525371835290142
1.893975009460962
1.8233769295389297
1.6195831731139707
1.9352651063634585
1.885041566085675
1.8952050942918095
1.7609973839257573
1.770798900391953
1.7466853699103015
1.8616778858112109
1.8459824885222846
1.7852100264941229
1.7238741757813498
1.6411991321885389
1.5601238304842973
1.5592320562443573
1.4343684153898764
1.396666253397272
1.3939800101591384
1.3766025122630834
1.398199852361893
1.4004419225863072
1.6547838047387702
1.4461366282196557
1.2974734389365323
1.2422492414878823
1.2268584820956545
1.230859427266927
1.1996422567793337
1.1718908175536689
1.179039984546954
1.1334528919535958
1.1336390051287495
1.133867531615445
1.1258307501009788
1.1132646025552315
1.1299929116894838
1.1417724903055637
1.0939278474727152
1.056578772578871
1.0285914295698326
1.0317759445909658
1.0105978713255308
1.0239061822823055
1.0355250885595548
1.0476528838133798
1.2304575766956687
1.4422185075094744
1.6183916610952305
1.6642164477386219
1.9932352581476243
2.1620839132873706
2.1588608124683355
2.282548567671993
2.3072122442286638
2.17265216216259
2.3956672460156856
2.5989524729914364
2.542202528578111
2.490921936697895
2.592479323890605
2.504998694341165
2.5100059954992884
2.355730355614401
2.542340890516375
2.7439800610949416
2.707150392686088
2.538926048694522
2.5047535786601056
2.6480541714920585
2.8072941666043643
2.642076757966171
2.7019531452303323
2.733316923804621
2.7128751812019756
2.6518690032769046
2.6730392222164965
2.911186783022289
2.6471822321945897
2.3881319217797645
2.6137257022779257
2.627737869786474
2.736350778193224
2.8285594371285976
2.6124819089720446
2.409402986896759
2.266417638386321
2.201810092479072
2.2582982182253772
2.306410170164521
2.314925798700207
2.2901730216878873
2.201248028608251
2.126198783744501
1.9640403212429298
2.101456133472947
2.215057250664884
2.0955339980812853
1.9080364896379638
1.8661492879541524
1.892868108812479
1.7744739764677506
1.7514447424726929
1.7158835296913622
1.7519679461622877
1.7718477080053463
1.5400073091604631
1.666072991764756
1.6319343769157515
1.6516052232567011
1.6573342543944314
1.5969445883442355
1.5846784188623213
1.5805345752302704
1.5445514661518374
1.4716723484267857
1.4330260875871297
1.4156506616608293
1.3855892592229486
1.3545424424895014
1.3371792604930066
1.337035269601819
1.2937355129418373
1.2571571397299155
1.2101497180700578
1.2154152677308396
1.2291843082165195
1.226958938623979
1.2124341031841435
1.1699247673199746
1.1900862510487897
1.154818693116915
1.1330425336056924
1.1149620280769394
1.0901729185807296
1.0846971408795494
1.0877508635517967
1.1034470115099342
1.0998409240276739
1.0991638531911878
1.106585817297604
1.0886354574440456
1.0836075949115187
1.1625835983848367
1.2715417098921167
1.4827264758261531
1.614195776445005
1.9125845406637714
1.983302074628427
2.0835578599783147
2.266251367518622
2.343648481900634
2.172554765874516
2.2610567720296295
2.3148146146517687
2.419722087775024
2.434795532792833
2.370746652439815
2.4540969058086044
2.274164991236582
2.3581547575648347
2.4542880843501536
2.499730900445953
2.4018317600489563
2.422605985668493
2.5277800535904813
2.5894790709287583
2.497188096161307
2.5194569799460633
2.7180721934349923
2.729820557772616
2.57297835569796
2.8628103713064763
2.905581767079566
2.608600385296984
2.468759184617508
2.645790280251992
2.3905896806305207
2.412480444439334
2.436132897497746
2.4943410195073588
2.4107599012203504
2.524131312858177
2.7550468391226723
2.612697988506185
2.5629077784731
2.542405510323491
1.9642425291137935
1.8859849859220492
1.9219519156029818
1.8577728088325058
1.7665906989037556
1.7346254649962438
1.7971282737148313
1.7393123907284378
1.7264710649486221
1.7133129533397298
1.7418510140523338
1.7199790870646645
1.7444995604318714
1.7503260174829092
1.8626882125868698
1.7915422645256573
1.7913579572494285
1.6919720288446596
1.6480154911498215
1.7005652648777705
1.6572775466429421
1.6418874795734226
1.6299958794218279
1.5615269446683933
1.5115320818074391
1.5407525511651061
1.4208726655366068
1.4011280469463667
1.3568448923243221
1.3254629128196445
1.3286489501753713
1.449289603149159
1.3408803233780329
1.2870752659777973
1.2809860486255646
1.2882953614859478
1.2483423897431363
1.2951075683577935
1.24290008761445
1.2157214038359463
1.1867946436490917
1.1780794456131323
1.1474148497686394
1.1417810900700742
1.1229145023310831
1.107682760855363
1.1238607663575257
1.0898921353194324
1.0628711694496666
1.0680448775251352
1.2386122960371815
1.3778468469097336
1.46060720630592
1.7346675499733715
1.5455708330280782
1.7120095028874063
1.8810156409837675
2.303337188653011
2.2649997951751613
2.2062000404681736
2.3516409015650375
2.485373439626537
2.5089277465403366
2.4545816518930996
2.606021275536235
2.5120560683768187
2.557962817624151
2.5852873639300102
2.558280426452805
2.573236055165351
2.6019909360929647
2.660599401009353
2.9378046304480763
3.1066915766938767
2.7776185114343255
2.8435590915165836
2.8256224582650753
2.815188846212296
2.785518425025228
3.081192776968152
2.9544736910075455
2.880290756691409
2.993891159662037
2.847631244003622
2.9518053194324243
2.759486003726837
2.5323776383578704
2.8992302957128535
3.106062277213093
2.298178507321044
2.3044043235884253
2.27558879918959
2.3291514640247017
2.4289284543699905
2.3466456831497027
2.3235632371496364
2.1118575630030483
2.019772496181178
1.7958489083307547
2.0200904314268886
1.9312216066791579
1.8657495564363944
1.8356143772748035
1.784566508688766
1.6905475761654043
1.683114399226622
1.578863798413132
1.600794240884456
1.5807481764194156
1.590404828054615
1.7157858109526856
1.6453735158740599
1.5390251260935055
1.5288004750813549
1.5945197242368592
1.527760291449931
1.5224292082945814
1.443144497072852
1.4559098573337361
1.4076095545572958
1.4108391603612067
1.3910742016283566
1.3334153514087153
1.266724495737688
1.2963894308674508
1.3162928741663238
1.26490727548266
1.2105269645392247
1.2421737121764227
1.2444261926609401
1.2272992955994857
1.212724001959921
1.1744797529552984
1.1598518811917298
1.1426719972554051
1.1517386319190217
1.1541514165152982
1.1532854555023866
1.1327191994986274
1.1428954243458735
1.1180698267387166
1.0907197785775709
1.0747673100827475
1.0727251420529749
1.0729591243621206
1.1673137303414116
1.3252654228721528
1.4437881044476721
1.2868335434022493
1.5486352397625838
1.6936349780629176
1.734856229341044
1.8484062140475477
1.9724365175691334
2.2007260994722015
2.1612428100464465
2.132640790247409
2.1022237898155436
2.2582292486048563
2.114576550435757
2.1873986231786313
2.2793076477966197
2.4818630072901464
2.2349328715298613
2.3644098530844473
2.488059132309788
2.25204484273637
2.419519825302649
2.3058411045973757
2.593814923888199
2.2208377322127104
2.5381204208777928
2.6682168404327
2.6783440659633517
2.6004760820879556
2.4728689261883154
2.4129018336275943
2.272914898467393
2.270942400147533
2.3732720838203463
2.4045962899653643
2.5983538624221723
2.578929943633582
2.5040669799461353
2.383694156346061
2.5966320967584178
2.3991401521374565
2.290284979450122
2.028479507074861
2.2319190549685937
2.015884115376298
1.8654575987756041
1.9659867129325432
1.9187829114976744
1.913227178853608
1.7984403342687674
1.684247599940099
1.6758767241541046
1.773481447961773
1.6757491918592715
1.7254076278557045
1.7826886379655982
1.7357032713433642
1.7009158338719548
1.69595433089838
1.7267137246973607
1.7797662010943758
1.5926898576992712
1.585371339605948
1.561962620150612
1.503631573615409
1.461042784191723
1.3998491803197481
1.3881838649639253
1.3901663380541147
1.3625690808725024
1.3117218279917315
1.3312866279659814
1.322365653694518
1.3027001546903927
1.292797445597856
1.278575360759658
1.2268196653805705
1.2110580591310596
1.2250807933966334
1.2080955379591702
1.2052904414763992
1.1921533462403597
1.1978200671948116
1.2254502732210348
1.1895285702660503
1.1856651654848671
1.2077921350608636
1.168360430263466
1.1595242440280258
1.1296906142686018
1.1978756961132166
1.1406885310674477
1.1379127100566426
1.1132971524332789
1.105998798815316
1.1366929040286158
1.159866894381365
1.1456654950940215
1.1259843219459107
1.1632862449446895
1.158584797205953
1.1821013706774737
1.2275266242003782
1.231251646526561
1.4746063071707498
1.7368493341301354
1.4330696901863915
1.3958354960963046
1.2823442114334629
1.5516566778626728
1.6907557405064542
1.4805467776132997
1.4469074044452526
1.4353137715452133
1.4467870985141411
1.5410208755146266
1.6925843825071942
1.510240675590513
1.4728151404977174
1.522586671728802
1.6016424880956086
1.4221679615332061
1.592399827937742
1.5558837367261482
1.643290690964594
1.6181033910699727
1.6925114511831436
1.7359122887761915
1.9053111749520202
1.7825323625756577
1.71510010693608
1.763814042790109
1.7041421234868848
1.8605250533245665
1.7014531709015723
1.79985983509819
1.704333551381668
1.5483545902997762
1.6442313891741447
1.747984047649056
0.4189891717773058
1.0849769565430665
35546.8032511622
2.206028212018121
2.8977467552716076
1.4877015813837078
1.387975143257322
1.461192121970421
1.7192368709240893
1.6812740002588775
1.3291872350116818
1.5122144272533764
1.571423425778728
1.4673920776644844
1.4933072379871983
1.331378056219138
1.513477355391341
1.314669352681201
1.3441337679185796
1.2735698432017217
1.2831299441863433
1.2591527834877059
1.2359948188813576
1.2073701979606843
1.397731446523645
1.3255793839504855
1.2840406663519417
1.257428217696355
1.196463309117766
1.1894020056736139
1.1667607842574657
1.1844396155173058
1.151941532943939
1.1170373886570601
1.0896030224517075
1.112760053005546
1.121395771620968
1.0935022875058924
1.0829752492533693
1.106252945444977
1.117671338493674
1.0535762472624342
1.0797035860702355
1.0781935910067981
1.0518757184863445
1.0575777806240687
1.0164735401240497
1.0153699268426748
1.0265375131435956
1.013455570707262
1.0181876088192898
1.0252926435733476
1.009145230820151
1.0053666197608817
0.9836918950720384
0.9859953389467919
1.003831720626736
1.0013564544161377
1.0124708667468083
1.0227846259847588
1.077884143005657
1.0674063291483264
1.0674055283772665
1.07350489149871
1.1014221112523535
1.1693334806430162
1.3212891408601188
1.1952669792490507
1.3453911004788275
1.2771770130780409
1.3894283971933181
1.2670634557022704
1.2680838285841454
1.3042072244357275
1.3063100923082063
1.307365667222986
1.3645116208754469
1.31937728744553
1.4822251107723423
1.3762197708121193
1.355217017821622
1.5448322677398099
1.6089558244597102
1.4508438603899616
1.4544188859880836
1.6383974031362851
1.3946470834033209
1.3067928542302183
1.3241173296128323
1.4754385714101004
1.5295306458151825
1.4557236328538465
1.3859720970200913
1.4307018119890866
1.3261239195632046
1.4765256717067599
1.3763543590959102
1.4411669252216242
1.4700611145776816
1.3899947353809399
1.3723094473354829
1.5317851699156628
1.5284797730262665
1.5711108769292648
1.4365925616738004
1.6595166144984679
1.6185840487338847
1.6378824363349471
1.450342495668499
1.4111692498934711
1.3079234354903833
1.2770910745210253
1.3715055067866737
1.5344556392849584
1.3899898589244026
1.5290053624597326
1.4832186811608135
1.552707818472489
1.2852252664441142
1.1519281806648798
1.1589526733629243
1.1557933286883857
1.1313717761721513
1.1007350421890645
1.1533898259307134
1.111427240423676
1.0782967035232982
1.120430082584125
1.066827209661161
1.0637935442903892
1.1251345449090684
1.1129965103537411
1.082481438633922
1.0162937876409073
1.0114882604812974
0.9988701889030692
1.0116078996401099
0.9941660355559598
0.9828982492202971
0.9542279453290522
0.9339782745007886
0.9325956952147066
0.9248341059168365
0.9233471303205061
1.0700902178809908
1.017289521250741
1.2436932949831419
1.3605346320840979
1.6537485565498127
1.7092429225548669
1.856570124098035
2.1391673270494547
2.0683819470434406
2.169051474107849
2.387237298405783
2.4184956194199083
2.4336922759638826
2.3897092571741405
2.4240821642966797
2.6153330680152536
2.4553851348571714
2.4073916858429882
2.4394831990443486
2.5596169729976967
2.6619228690186847
2.6640410002974404
2.739586290459395
2.9264133681996665
2.7970929089693772
2.770108223830666
2.791844456620821
2.898949292147398
2.7293448503764948
2.8558489685382775
2.7543139198950772
2.9651499628911737
2.848136876561044
2.6855741853388593
2.7247653200720983
2.763539628728627
2.7062604465819704
2.647462522419254
2.718375918742313
2.954855283970579
2.6011939619592814
2.6598891560241475
2.546405021599757
2.391807714278255
2.3827202845956474
2.2181866761967823
2.3896421659550655
2.118895555003564
1.9156031208885496
1.9085325992358368
2.047467999169009
2.07681794088695
2.1577726575088927
2.032237474197156
1.9561899264491573
1.8065146184961869
1.7889668699879762
1.6519384438285445
1.6331983409638389
1.585176266682838
1.6247701228513851
1.6836831504262055
1.6278846706630938
1.544905072332367
1.5259717756624573
1.4479098410888822
1.6043241832236834
1.301544469453199
1.372914937403362
1.369747873387323
1.3620151939947864
1.3286622874425358
1.2907446855907432
1.3299914687716237
1.2748942777595702
1.255782116551632
1.0880143997631675
1.0777529946726323
1.0549566619856037
0.9991052566967992
0.9989256697729136
0.988160696712915
0.9612054164939143
0.9614343148799808
0.9482177364912976
0.9415512165095556
0.9396306485349729
0.9378200128526362
0.9421093079780839
0.9103208300645234
0.9194726572893741
0.900391506416036
0.8821517670051593
0.9167424619431618
0.9392391422409385
0.8930330605377557
0.9415638575629116
1.0831132447784828
1.24171647351289
1.3399369819711973
1.303929355594718
1.4504264734124612
1.5579085094514264
1.689611208670095
2.1820602222577947
2.145009764467037
2.2096401831225156
2.1444443108507336
2.324598837615251
2.3115555768736677
2.231823840074917
2.354090163417229
2.5669823025280096
2.6249929718954017
2.5703688432390317
2.558322104117051
2.643519146643493
2.681423345271935
2.5780892995161913
2.6954856674895495
2.722494201347218
2.860081400628244
2.6636872081001313
2.847783786460879
2.9005800880227235
2.7905269248282565
2.8127871537281948
3.045182204554209
3.021852144568126
2.9405752741710485
2.8627986771786866
2.7263611411738675
2.716211535724204
2.768597412339241
2.875934941095477
2.8758247748995913
2.6981021337803854
2.6758851895251032
2.4903773006624808
2.632272629685998
2.4014566720792225
2.1835992054584925
2.3143609232459563
2.5233418073247913
2.398519237087841
2.2162011875113996
2.173508624977142
2.109913137517364
1.8763640001270052
1.7690511574181884
1.7742071444024958
1.8334227052899972
1.7642156812890368
1.7133247087699977
1.7049911864622547
1.6567965521155983
1.7358235034752472
1.6797777101483096
1.6693395050539692
1.7649909870532554
1.6663085970594391
1.5913565571088832
1.6143927592788025
1.571256978810549
1.5297865620908022
1.5168251484782174
1.796720313977764
1.6128360447467314
1.4617713915919894
1.4170599577362124
1.4024350824963976
1.3491582078052498
1.3337138801879005
1.2999308908545089
1.2748998319448683
1.2979450081122488
1.2690695483298668
1.2578893246815308
1.2181964280297608
1.1905918844847418
1.1785537024325807
1.2136833965825957
1.2198286415229502
1.1504011054338443
1.1117222614117
1.1237385540609433
1.0904193082007938
1.0849137241833497
1.072261260255761
1.050930327836411
1.0470670424718773
1.1047436483425204
1.0794931367593943
1.055154069693049
1.210338438819174
1.5143720613109692
1.7037823785494504
1.6059137062189057
1.7430824048552753
2.0654775919566455
2.062990816859769
2.1770129171874886
2.2805248508600005
2.2719587803748365
2.32840476191681
2.3670128864764672
2.347000112348317
2.4920315024438864
2.391753703701051
2.52908283463839
2.4745569689073372
2.421722704423121
2.6113226092729276
2.697081528119473
2.681568903072672
2.5600822060352333
2.682463125483464
2.7362394955329084
2.6506880554551304
2.669900942283783
2.6980434513864915
2.88875819791392
2.753139927755681
2.9289024132460897
2.9472770560189034
2.854354541798681
2.4936719758238346
2.4402342729040836
2.6286506694152347
2.7702715138407266
2.565162207710365
2.523477588854177
2.776729463885742
0.2524109228584785
1.3494662193494296
0.7910150220342973
3.7302585335139744
2.4112819650116313
0.22171810112731105
4.065243419104856
2.142403824863308
0.806800253694053
3.344805213425606
1.9802881365836547
1.922340075662687
4.182346453155538
2.21183670713244
2.089155490465715
1.9710412001314908
1.9191497326908151
2.0360934512417974
1.8276820752507492
1.8912777641262735
1.8523437879680233
1.8780027787648137
1.7614675267636903
1.9228399385128698
1.7680645188147261
1.6963028326934328
1.6649013392130427
1.641363267903772
1.6182825985836313
1.5260751853482826
1.498770122155499
1.4992249111286027
1.5192376610176346
1.4393856155958977
1.4489672730996206
1.4063800146903818
1.3663488321229005
1.3346744997404962
1.2892642171706545
1.2573776606291025
1.25693267407025
1.2930697494070673
1.2820601210331017
1.2349227069746387
1.2364619049626124
1.261887825976916
1.2285513831445363
1.2286442939265634
1.2474588623814002
1.2369336624290608
1.2062526367229298
1.217246891011086
1.2432011604513031
1.2316022483607632
1.2402894349948537
1.2595349381205656
1.325625758584793
1.5458878946819352
1.7780692938455487
2.039417797470095
2.0197686512426754
2.1445997654110234
2.170645449877626
2.072289105916905
1.9877611313521137
2.086688068380692
2.1082613706567868
2.0787964229429936
2.31696078145888
2.776020626096687
2.983246225325127
2.8955005353636976
2.6768889788175114
2.584266670494577
2.6272908883257577
2.785610989785788
2.6357559777802537
2.8104633322006456
2.8808552948267936
3.077727931036666
2.867299795080276
2.792039057783857
2.7440411751608544
2.8790974096547117
2.878444067084645
2.839532538710006
2.791042527377144
2.5940440673042655
2.615157205998255
2.6128598023034613
2.78912078290404
2.883047163059121
3.118930739980436
2.980889151785385
2.9774371968428675
2.5401354077647125
2.4464595821159447
2.461772198546274
2.3396483952246117
2.3785889885704106
2.139051308625666
2.0645148700401585
2.1085414138606158
2.2443269874164855
1.9902079438139402
2.05260076210283
2.272944710799453
2.1244754189282675
2.013453674400048
1.8398474364089143
1.9054429448872332
1.9144543656871178
1.8248437385390874
1.8507615115410134
1.9235303259530043
1.9177963824361874
1.7773076833021817
1.7964202393782136
1.8343115031038082
1.7514576078904005
1.692936352089649
1.6561909893976912
1.6413660421857388
1.6594506726647724
1.6224290386602016
1.5871025883535421
1.5186882839951106
1.4822137844948569
1.4512087390424984
1.422500909361108
1.41084531367597
1.3935351800527633
1.3558435433690088
1.2969761695686615
1.2686315335454574
1.2355476958715617
1.2534885022558817
1.2429116957925197
1.221530743446909
1.1804473792376833
1.1699051787957142
1.1554776102098858
1.1623343602367677
1.160270218249326
1.181092343955227
1.1749430508610237
1.1892812471401204
1.1616979549256174
1.1695966352661713
1.1533006178010905
1.1483890889270314
1.3113294977173373
1.609382569776071
1.6740862149479883
1.5317240999871884
1.8423553886600603
2.1304001902548433
2.2592280494496912
2.1176734790345035
2.3848722394834145
2.4333384459276206
2.652760252954351
2.4776413193737556
2.6025643285505917
2.5701005978953737
2.409518585117635
2.475871521748522
2.352370893752621
2.559320934082949
2.6463269496011472
2.563101275360829
2.388225488077041
2.526654340146343
2.465845108050838
2.380622847029069
2.4296765345918896
2.4515737274371987
2.4568623114470585
2.5588271687256494
2.503849615359828
2.612214251641754
2.61806840419806
2.576138688651939
2.64061740568923
2.648861733770273
2.5778016503430363
2.555773398769582
2.5629973944964717
2.3660588035097656
2.291677196828595
2.430461486955347
2.380826092262304
2.141684618513516
2.0117416578349703
1.901589479927955
1.8826724900381673
1.7798155891121736
1.7722878027480857
1.8185687660642553
1.840663000507455
1.8150691311214846
1.8389159434392612
1.865281196967646
1.8467654029505212
1.8782894261308023
1.904405667302331
1.8747535011744798
1.8685943895697137
1.8597094522739397
1.917256886528006
1.8820400952106193
1.759324099361877
1.8123464365545678
1.8112594785555522
1.7760244279133512
1.7738843205517099
1.8385363625295326
1.7573059181741006
1.6998642607823113
1.5942924326131718
1.5663562773425033
1.5131855911500798
1.485803469495169
1.5123026198923566
1.4776143978006482
1.4865978334942949
1.4391219265870145
1.4268470650483291
1.431973563198451
1.3205949709884313
1.3106878735905723
1.287319239315371
1.253783377418524
1.2507507514944542
1.2452315703314156
1.2388235852538374
1.2412637697700282
1.2257050916392491
1.2340821368684178
1.2431760142104493
1.2474070765636587
1.2281560618630012
1.207221662144812
1.1949085665741177
1.1957520308215697
1.2007272903844697
1.2321706037271731
1.2412228907067895
1.252876075381437
1.2218564556331681
1.216183294131624
1.3037518416252876
1.319982997465583
1.6806635555655458
1.5356332380898927
1.5689040193747483
1.6085365650142616
1.534880494889806
1.4915463759061185
1.5094460177115518
1.5666017986705234
1.6022026719080806
1.599819511136662
1.6523344075720348
1.6031636204024047
1.633755443132752
1.7267499393649544
1.8047755319607974
1.8402984341181032
1.6616916975368439
1.8927317510350923
2.638827153087275
2.8408999520995653
2.502111006780993
2.245659950726637
2.171898828929691
1.857238540883556
1.851785273009237
1.8947316229235014
2.0090783428166294
1.9323681501265932
1.9442211214888023
1.9739029541272863
1.903522183505688
1.7337509306802712
1.7510489537721465
1.7793267140855171
1.7690530839197212
1.8636136908716185
1.657564295542851
1.5844662939266603
1.6777100560590854
1.589711156889375
1.5892068602388478
1.5789590995856966
1.620178050050213
1.5995710072558966
1.6434704523122035
1.6706209074892402
1.7052357301602383
1.5059108527006695
1.4180673709885965
1.476704832643487
1.3953647347447504
1.6140776287295737
1.5371103757372464
1.447206956203417
1.373156569588822
1.430518550975864
1.3380710937538836
1.373142152123688
1.3393562071066913
1.308720675008805
1.2846041482339459
1.3772654359105891
1.2823882459241223
1.3459755704280625
1.4126929805823674
1.2343007679700122
1.2719227067920276
1.2641008691290019
1.2072935149379271
1.1947673937033516
1.1941449044889487
1.1797147790541394
1.1523263183000223
1.1286069065394118
1.1383596796625082
1.1043060234708748
1.1046519454691928
1.1294076078625317
1.178309368581598
1.227862409131263
1.1901903960577824
1.1108457582719744
1.1349692350270528
1.1644306324813098
1.0987457449748987
1.2118886887539653
1.0249236101364452
1.0175952993991246
0.9982730524830455
0.9827053007257546
1.0049126821375902
1.0248528488522417
1.0281944337631872
1.109433642775631
1.0995599448190556
1.0953157976577497
1.085048438159475
1.090455213193903
1.079335985545236
1.1185134405721788
1.085105027170347
1.1315430581278334
1.131768560087727
1.1683784591450779
1.262183363278379
1.1931027631684883
1.2858392141499535
1.2351229149340843
1.244468386616557
1.2266332732957694
1.3283979575066753
1.2508926271249887
1.2458992369152273
1.2930599599744828
1.2550216387910835
1.2404902471825208
1.2472298213250745
1.2807399297639792
1.3028595824376485
1.3978506632016925
1.5333725487028917
1.4036428470396043
1.39944789175591
1.3807019929657032
1.4050335518702972
1.4559878857268476
1.425441567686215
1.420561768906014
1.4092424642441246
1.5610117459325326
1.5743168124380378
1.7076547435892744
1.7151214437185671
1.5464444735179066
1.5616302308578647
1.686856210223925
1.6673518579477318
1.6121988369270646
1.4693723267068457
1.489796101172208
1.4564888703670578
1.447714204347567
1.4889958768752825
1.3869940993365275
1.4009057444672908
1.378311213379522
1.3459200836369534
1.3167158675910446
1.343824975084732
1.2956143060194831
1.2635091393848128
1.2317915481995625
1.3675186278523952
1.5132514902917347
1.3946298308008336
1.4100683507993867
1.4611500671837865
1.4655573332604965
1.407147392329614
1.4632045555184077
1.2695151932247448
1.3571162121977465
1.2086942408539207
1.3833115157263343
1.3803995911088103
1.1875041991341628
1.132146325090991
1.1171584962452068
1.100353349111733
1.092346606675665
1.0914083049211323
1.075012132495918
1.0845359228406726
1.0811182183601589
1.066007910316352
1.0660912943939065
1.0305318907076417
1.0407384566229119
1.0633051184254894
1.0428381368381958
1.014297687909776
1.0254316556058234
1.0067556031828948
1.0029741757756998
1.0245085784096069
1.1176295099971143
1.3110099390224559
1.520480024849893
1.705380485856641
1.6159274450966141
1.964832682841084
2.1721635541763415
2.145266808357547
2.150293426393359
2.353949658848137
2.277751048505173
2.4553908050702744
2.6727458632298844
2.7888753183361406
2.863798311679326
2.650408951404097
2.552684631915588
2.505978317860297
2.53701226646796
2.5334282254357734
2.5081159384470695
2.530591806664989
2.402378026236484
2.4093322081986535
2.6095984758240243
2.7726510449875215
2.7925623592235
2.690275907125019
2.6839439427545972
2.7283490673570854
2.7553123136115434
2.8532735250171064
2.8726260896252294
2.7678144919119183
2.7438230119545084
2.8394232817621528
2.7853005690016706
2.694280617451129
2.396050297567544
2.298059920002762
2.1992541842514886
2.2436709601547435
2.232027486996686
2.2264400939556555
2.279053618019868
2.222976714997344
2.122013291825091
2.016464755705041
2.1331170527945993
2.1861637981819073
2.023269087864698
1.875327015986895
1.928210681622926
1.742606400088485
1.7628438084615419
1.733163970236452
1.8664595756846372
1.857761980011053
1.6557520149828784
1.6984263397427262
1.6954620451997562
1.628393140727935
1.5357438390439475
1.591166794209574
1.626169131201012
1.628147913231503
1.4856525958130138
1.4804116715095386
1.424985785025547
1.4151543141075058
1.396481992513412
1.5238802502349376
1.483402243304022
1.4258249986578964
1.389922359178224
1.3323038744231608
1.3196239551624849
1.2862190716419233
1.2547773145639232
1.2232583283352454
1.2219572057194428
1.2479254798012613
1.1883611725098033
1.1932920784320806
1.1635242311363432
1.1447690558824895
1.1429616553123616
1.1489615477091497
1.1457123326115093
1.122018877864083
1.1117273099191807
1.1012130239829694
1.0760348818547147
1.0822070669055988
1.055591620170056
1.0797753083038275
1.2400755365965532
1.332837368740742
1.5080005265608356
1.6615808185907024
1.711982411104536
1.7325857045620205
1.8938963210652409
2.149621906023849
2.1301205737200073
2.2186052931649685
2.208568567401665
2.2214011152034816
2.279060508847028
2.4773047436377547
2.657950373447464
2.4832629521767347
2.3485413785377616
2.2755807034893136
2.388299222610015
2.3759796431880655
2.5037144486816607
2.558276677385152
2.5269084427340935
2.600655386712917
2.68846619676968
2.7912157902188053
2.7372094264433473
2.615442497874308
2.487901102532591
2.7699695261352533
2.6678957572798603
2.744321047099684
2.9104905899513294
2.7688561924772204
2.6289681240740705
2.5114598887788904
2.690641634886306
2.7843258743860058
2.5745707776563935
2.5871296931426317
2.3853435603307123
2.3800536211163825
2.248376809465793
2.1924725387276562
2.043937700212477
1.9297679735069455
1.8090627083638846
1.9469633875263384
2.1027997555973883
1.923251737754611
2.0323931666026667
2.067921947743304
2.1002917529094938
1.9791290485891513
1.897834542384533
1.84192893446705
1.774631107905185
1.7708173751865344
1.7738302979745244
1.8011610106026277
1.7732262321458245
1.7139348442238596
1.7022160444511798
1.6033515548890662
1.6210351775933762
1.560087935030475
1.548276830270349
1.5312037836698515
1.4922615613773498
1.481648928821209
1.46762635526872
1.434733126798441
1.3669487282548662
1.3717339343590813
1.3288196403198298
1.2935801881369557
1.2860422880084381
1.3328850762884792
1.2685828172353617
1.2200359558678775
1.2360304125805013
1.2061570346557209
1.1966456519414987
1.1587274274094148
1.1423433526900537
1.1170188181127925
1.1319067163693262
1.158617877467091
1.1367271578694693
1.1305138925758285
1.128211186683026
1.1253215231817455
1.1051677671032607
1.1466223241374858
1.091097122585955
1.0724757447109166
1.2156824787028662
1.3843792962178418
1.5964282534098888
1.7758082059378217
1.7147589982799374
1.7840201537461298
2.0353865160988502
2.083484204198914
2.3382308634400792
2.26778153797997
2.0594165298406617
2.213274671751079
2.2513457002189674
2.2882272148818346
2.5522522243967773
2.4814348395529566
2.46736385845134
2.364650514273742
2.5251743473827664
2.4928850959529063
2.4652528427734466
2.41758251691908
2.6804952317398683
2.6570704089233685
2.728372106409933
2.578612150532038
2.6841068076971717
2.7711758437370673
2.970376104876948
2.9276658811059972
2.9206947498089266
3.044804774534605
2.9098884879396856
2.7784396825086053
2.823457696028123
2.5213217631252616
2.7570602935731614
2.834944940222138
2.612522340678942
2.4739028719819247
2.4144012412068254
2.2792194113086524
2.1252129535360194
2.206900631212509
2.1985335703872244
2.3818053074679812
2.2355614682606313
2.1730934124776145
2.361719113092001
2.240089408944789
2.238215611998036
2.4157304259877534
2.1009575047761953
1.8674887633073334
1.8412147142868371
1.944607914681127
1.8161972635897032
1.790154286652804
1.7448440714272757
1.7283440199542879
1.862443894938079
1.8947785235854908
1.860305147735046
1.80709571560837
1.7913057595230457
1.8288034483065192
1.798072975245669
1.7982497944322489
1.7631030223623805
1.7365367525468511
1.7091543810684122
1.6598651949485776
1.604928056600186
1.6354055503859546
1.5952104784814045
1.524634561231776
1.502312168431451
1.4390816864052116
1.3685935380508278
1.3639359062681433
1.368835003039579
1.349631025316898
1.2992687445201387
1.2622679334016134
1.2405786004476091
1.23887921457856
1.2398954787809848
1.2144182083703587
1.2032557286592616
1.1978073701297134
1.2212950664599673
1.2314134442316707
1.2140037965445922
1.2196198260048037
1.193995039461284
1.2183219949614883
1.335118677119728
1.4234498088345713
1.7100745276630411
1.7626978435463718
2.1060230902555386
1.9057557480960616
1.9777520151790646
2.0522701119956603
2.178609493896663
2.2652839215808314
2.211946330546168
2.292266378566188
2.432939773820416
2.4197365111792903
2.5652838372233306
2.4677369038270505
2.5926782696519712
2.735138301719948
2.936247544663212
3.0012673621349673
2.7560015030238096
2.777407659401168
2.6099424450154576
2.536707704135555
2.4693107158879863
2.6078518365579617
2.822921057654948
2.893056993764281
2.7258569278954576
2.6388967328878445
2.7547792537434
2.7229006571390597
2.7086960707833714
2.666945237413356
2.789086079053868
2.679741226454084
2.5686154467547615
2.448388201652622
2.586576721879945
2.5694101941892185
2.538401307227465
2.389114406073524
1.898513319397875
0.9302490587611663
4.030203026235568
1.6891131298292983
2.874780845031284
1.8980253142255492
2.0072889480033664
2.138005717744694
1.9196274220125227
1.8859511295784095
1.9047329886791207
1.9370285285781157
1.9291562900218844
2.024981580067179
1.9717509083404192
1.8829134991741812
1.9087143716204078
1.8893027240689
1.9016958288962493
1.9174963776422753
1.8923840104490275
1.8356111037036005
1.8009427786052352
1.8151998417094968
1.8429452016480914
1.6926054692247319
1.682954027703354
1.6250511395072713
1.5681294817355313
1.543228457528623
1.5345149865208938
1.5016657821830852
1.4517655097928042
1.438816004393787
1.415727582479825
1.4073871629702885
1.389913041980288
1.3551124618830712
1.3982029884118106
1.362559112390302
1.3872008158872737
1.3847391269278078
1.355211393755051
1.330074015044995
1.3367492573550341
1.3199882753993404
1.3115706480211426
1.3563815932293681
1.361420486550792
1.3139129625444808
1.2617297611681413
1.2473878731369703
1.265343382728648
1.149599171966607
1.2713486987941511
1.4762107427021824
1.468274221560607
1.6136722015795082
1.675271416762284
1.7742750165823984
1.9484832807829024
2.0556357121840807
2.1309865878499896
2.205883674009109
2.3798893563359904
2.283201225081946
2.5046789114945547
2.309671096041447
2.2704152280348877
2.367075475617341
2.3601954342399805
2.250390713676482
2.377534808428824
2.277222029480574
2.4002605049297956
2.6296363595757293
2.7757178764387023
2.6967981206553766
2.627750027470272
2.6346640885130985
2.7963943692284903
2.623437791061952
2.798162634468773
2.8302611126125656
2.7242871959075194
2.639382237410666
2.6396998384992214
2.5034754871098523
2.3281071499246826
2.185842861798654
2.2556709340483625
2.3063906524540485
2.398459468228026
2.4837070077864216
2.2933061264836203
1.9769720386322414
1.8647370099223748
1.943525374245413
1.9798379993897124
1.931583184285465
1.9339099396505213
1.8355382947454624
1.8081649108598477
2.2279735185930445
1.950050989501254
1.8026975672635914
1.8490729911496078
1.8741461486102597
1.8489838532992158
1.8514917520603962
1.9727205055713566
1.972059030433175
1.9153651423842963
1.8842086126213995
1.9397723925104602
1.8728023341946225
1.8290709751959915
1.7287154113693375
1.791966153366513
1.8351276504620682
1.8195055459556568
1.744693179045716
1.6391505377984361
1.5610680917259685
1.6365849336231453
1.5282847523753242
1.4759905565781781
1.441783748674534
1.5073789580176824
1.4173109199979697
1.3679176756531948
1.3692984383372622
1.3609780572749752
1.3570736426834584
1.3443684425796911
1.2714000389319844
1.2592343150246816
1.2226253545942978
1.2232086924312724
1.2332575242904764
1.2175478816167933
1.2241877946885984
1.215846029352648
1.1993778825268886
1.193901407421763
1.1946906903159304
1.1584445901010822
1.1697997857636888
1.1516343585540831
1.18008052016676
1.1898294220958585
1.2245987692206277
1.2384353183502004
1.2401204546349036
1.2500553503001184
1.28191873984064
1.3513841429752909
1.3421072943632921
1.3311410137793038
1.4871710077238933
1.4515324136434269
1.4555310732519187
1.4863515501244522
1.5186756248454207
1.5464514502257507
1.7464929158965654
1.5597476659888418
1.496027111548036
1.5651449134113191
1.574228975724286
1.5398201299887542
1.5625281249034837
1.6343244319075418
1.6442002752360574
1.6876362028919785
1.8742981538328791
1.7799608046111755
1.7531610136630698
1.6749445567901642
1.737338950367907
1.6905801514479664
1.650529565412736
1.6282408118583616
1.6418274528319972
1.6558173056648997
1.6992739071407175
1.7817280902510053
1.681201519386953
1.752655146546397
1.729108599364076
1.5614477367522155
1.6584595880116806
1.674123641022397
1.6380158101710953
1.6399144392562228
1.6295692925661691
1.6530496345737544
1.7028817665436315
1.7640287256298526
1.683524626905209
1.545284323148485
1.5514041878642484
1.5365028816500417
1.5744949143211453
1.6091242407648458
1.576900471852872
1.5320673277712353
1.4565955139102473
1.5008264231355761
1.5724378730824387
1.6069092522591497
1.5726301162194014
1.5331846229310613
1.550083665299978
1.5409884110144516
1.5145056100679466
1.5354727924491172
1.5791356725204024
1.5312454354359188
1.5101800180671652
1.5325103312129085
1.5252816870603876
1.5105979376372343
1.480613468312687
1.4810853561314652
1.4422179853957413
1.3947266472196953
1.349050016904337
1.3437655328252356
1.3463842888535658
1.3288287713719868
1.332993456488733
1.302186028879216
1.3072400579705201
1.2695466327202853
1.2476260438706464
1.2520316785165726
1.2117196215421562
1.234010242134484
1.2199421914983921
1.2002155562705865
1.2235888214812871
1.2339633974395585
1.210730568837144
1.1898280344433585
1.180679566305697
1.1765867176416223
1.1596468151844819
1.1910601694058656
1.1641759527761215
1.1822236343643908
1.1939455626161999
1.1831344329855722
1.1411476972175065
1.286342555839525
1.2926147695663313
1.2583299079885344
1.3111930212799634
1.3650103818822639
1.3744337651682652
1.3500659222388987
1.310676236557049
1.3638307968667787
1.380667917643944
1.3249213134960287
1.3469709119055975
1.3817942509680656
1.405019180386919
1.402538575656088
1.4862575156532118
1.5317974438341837
1.5315732352692875
1.5166132891235438
1.5777479277223279
1.628270721738508
1.5853290811280962
1.59806504852891
1.5720683773716198
1.521134951748679
1.5149883707023821
1.5368184687886113
1.5831750899065493
1.555992739008417
1.523231297519267
1.5411338470462732
1.5994112143346666
1.6400584091049193
1.6105642249296828
1.5942604067785069
1.6430436095919918
1.6610564657401519
1.609277979733276
1.597040802780224
1.6715147076083376
1.6067990893147663
1.5492884243480585
1.5776651573326217
1.574113614196986
1.596704233207073
1.5960704088459863
1.706763102454401
1.8846458742265586
1.624091330217664
1.653616007640763
1.598127575681884
1.6487507626396598
1.565072007525898
1.584532590992299
1.6022816132951527
1.604438704628133
1.6037604989683527
1.567726663131648
1.5940737110953556
1.5851831676911738
1.5479623331102188
1.49099612379067
1.495630477072914
1.4977003059825313
1.4720242018221845
1.4612745599596901
1.4898513038856045
1.4891673180895297
1.427289023644063
1.4680813208378
1.4302739651048129
1.3845275412013465
1.3596207647336733
1.3337607530204898
1.2829889947478395
1.2776029485037774
1.2646283966011775
1.2270784547634255
1.1996220843650116
1.2016187927538484
1.1872818050955598
1.1885285390478249
1.197944203753638
1.1824655590335902
1.1769341770742237
1.1676911917954127
1.1701463601885096
1.1523487901055978
1.1284799977460436
1.1317259686852457
1.1423031892159625
1.176012935751319
1.1516054423978823
1.160799644295673
1.1967664901883879
1.4765406758416986
1.4215941627202757
1.556181239757571
1.7642761546217602
1.9457963189041294
1.8639737093368123
1.8070609938901734
1.8378729516511991
1.8377529200139442
1.8428556168953663
2.043883658640865
2.384130184571286
1.6127957841893137
1.6786029381030947
1.6738602956202935
1.6337599176308875
1.7580951200778032
1.6930111816377897
1.6308294369803422
1.6302701590628768
1.711260133751359
1.7330862122425392
1.718317046401171
1.6253151797798966
1.6060718716781763
1.5582771374861113
1.542626474137515
1.538784816400413
1.5436716967581985
1.5518050416437459
1.5606633218756794
1.5039699496312273
1.4536203190622083
1.3663863422727693
1.6110708831724472
1.6777786061365316
1.3992750859091019
1.418747299584051
1.5177339613115362
1.5435402479889988
1.5901876372938726
1.481776740069887
1.4943586314320523
1.617522519470115
1.6325040064816423
1.5760888738005172
1.4922471583042762
1.5226089215641012
1.538636456784469
1.5937136425353515
1.6161461554235335
1.648968565796961
1.5970548843116523
1.5913524336028753
1.6050680582289951
1.5863239137330263
1.6257523037799302
1.6232101326703714
1.5577622088706726
1.583595771203567
1.5608121880960981
1.4714826002724242
1.5191931083845085
1.3925521941450625
1.342701782841139
1.3308077951296626
1.3393434499361283
1.3267229978105481
1.2964351118754278
1.3020037523340022
1.290288942380757
1.287970421903003
1.2817600670223432
1.252303782630497
1.2362455474051157
1.222855601389606
1.2114811115788224
1.206478676755481
1.19089868749617
1.179648215835764
1.1649633355558249
1.165807257872943
1.1269698987913264
1.1206414361211312
1.1132989235331043
1.1251345312948149
1.1481474018287312
1.1407914604173373
1.1639586058069198
1.1648760099069342
1.1928166801295628
1.1987937817968837
1.1888005439149685
1.228849994862032
1.2693267447127268
1.3479272165005163
1.3946749917234782
1.3652259047978559
1.3946762483127715
1.3746625253801703
1.392713987160033
1.4315526885997403
1.5421337975765443
1.5497007951553339
1.592488266691973
1.6270398044888803
1.6583678069822212
1.662009429162983
1.720854878172716
1.6280273878278564
1.559336805697433
1.606593670552523
1.6076584024647527
1.5903073662105536
1.5564832494809564
1.5546263064189372
1.567273605629127
1.5565285135887406
1.6065543743582344
1.5247253396362954
1.5251308275006594
1.4938362428591592
1.4858441068794719
1.3520476376801633
1.3899759059946222
1.430785320973426
1.3674085788154027
1.497055417431589
1.3908936656847815
1.4791121261599947
1.4741530049571228
1.4563938689076739
1.4733869644595528
1.5757538191669718
1.515774745383535
1.5657389094405232
1.5692789441107875
1.7240639959640516
1.7366412409302112
1.6835001808130547
1.7600097371529018
1.7118198148673054
1.7313263436874105
1.5665168663288394
1.7823389062858346
1.7138957167614302
1.8246900956473948
1.8060165884587334
1.8906894456831997
1.7289236969639783
1.8213963989244564
1.7028591855231427
1.7717874815270465
1.6780843019316056
1.7839259598736663
1.7621528903238322
1.7605022108199317
1.7248434262377945
1.6853683748756938
1.6793872722267784
1.6928330275519488
1.6653162312640497
1.5888502315678434
1.5891011532450754
1.5571905738569778
1.5382666060869892
1.5039894025182143
1.5352984737924353
1.495664967353856
1.4667367446915804
1.4451857175590932
1.438232419599935
1.4351729775916708
1.440917868733622
1.4153754108720895
1.3789537723586403
1.3521375598742866
1.3316278541825601
1.3101803890059316
1.301270318057833
1.283959088610821
1.2785194426560105
1.2979762021556875
1.2902122305552124
1.261293378712389
1.2980419979149578
1.3501828810422352
1.4681398881120127
1.6537973138330402
1.8382610401192343
2.085934883724989
2.338296163099177
2.5826701905696843
2.43077936609481
2.576135031117278
2.666632818641792
2.384054029527656
2.651741330553557
2.0010606995679785
2.2540891286304987
1.9572213021706595
2.462238071072458
2.739103054399582
2.6955183667935954
2.631952674975198
2.4611281696991396
2.5071854320598206
2.4750011028643533
2.1298504490991537
2.214572353998559
2.148624229359292
2.6132848637644104
2.701089142810947
2.252398887378763
2.185349727554912
2.563819645447738
2.9696237480659464
2.773054198341416
2.946031107469638
2.718460848725534
2.3573548049210395
2.045584326685131
2.097043298595357
2.1683203907877133
2.300753439253186
2.2877221099605105
2.0188220660891987
2.4599202403395326
2.0410070597025824
1.997079264171044
1.8343107336128117
1.9470943481184313
1.94448442890121
1.8515376809051445
1.8513584718234792
1.8141335035346196
1.9374138313236513
2.159156095755462
2.0206029521037703
2.109295976754877
2.1013016401663536
2.0643093741281344
1.9630415248850286
1.8350873643896322
1.9740498263539203
2.0242330960505828
1.9760396796375568
1.9776898743222133
1.9372519041901566
1.9212785698219619
1.9464854127764264
1.9391480741500051
1.912350773072844
1.8618098597117152
1.809565126353346
1.7801657231485821
1.6956806303039098
1.7025294531924753
1.6911688596099115
1.6857875084383458
1.6182982852554093
1.573462925663272
1.5512290835737153
1.5079106964997562
1.4404797655965451
1.3949650010123793
1.3951719480383498
1.3796679322809144
1.3736192747400011
1.3351101382316986
1.31617442093768
1.2927992430481354
1.2435657403472342
1.254391190510893
1.2765009164279977
1.2680952207233995
1.2753284678620889
1.0730042815960166
1.0974676921919795
1.1847739878120929
1.2334429420920927
1.2144824825565175
1.6060078491890393
1.8220475570353805
1.8851033480489254
1.9457783457518225
1.9413764834410834
2.339816365435529
2.269207275236048
2.236001199057084
2.678549408075496
2.675076046487033
2.827389042582864
2.633161494803773
2.6378833336275567
2.5019957203147367
2.5394788186088944
2.3853631409373803
2.2283330913247728
2.3890387064187473
2.6436256874660127
2.708431750638956
2.6928687112061023
3.2142780128109445
3.4338143659686495
3.1512087120289904
3.341928873394683
3.271555651540101
3.2691977190451795
2.9390220024755958
2.8574230394552305
2.8409606716123967
2.5859413322139106
2.0492444588105143
2.3893392835742384
2.430420036875738
2.5732182595519117
2.5789753411726313
2.765549368689184
2.7683956980530113
2.067323412075717
3.0469950924824247
2.3455224714947254
2.1993413309502334
1.9104040816411354
1.8881575604613183
1.899805491358303
1.9464838947623089
1.932530555558647
1.9406167892631625
1.8174141237110142
1.724565964842647
1.5429222123539397
1.5771421267176284
1.682864322814977
1.686402633300827
1.7072087902964852
1.8067929159569587
1.8347848720667812
1.8974675785374548
1.9173783218011538
1.916770948160925
1.9103594738535206
1.8690433844709475
1.795459938269402
1.7788555684415814
1.7305408734173886
1.6623409310369912
1.6937479092969105
1.6939294142946166
1.6877071436573927
1.6518045618295427
1.6227676286666715
1.569609635134238
1.544954158851505
1.5209350345369212
1.4860003604230183
1.422067020671888
1.4079046591666817
1.3687487776631853
1.3331072353087392
1.2873352315254187
1.287785146476861
1.305533923336358
1.3007639460925458
1.2775105545278942
1.289017981343472
1.2945429750257347
1.2748399109554496
1.2606048601800692
1.248575810290424
1.24720791483434
1.2391208403268186
1.2141158008648367
1.2064528494185751
1.2043160973811287
1.2012895489201272
1.3126860653715637
1.4609004901751719
1.7491428372619091
2.0765041134313225
1.8776880961723925
1.8283281038511323
1.9414512537105797
2.264374282758906
2.1624319439696245
2.4268980894523198
2.3456004400187553
2.281924177577661
2.334616690716071
2.25970271178923
2.2035232090607666
2.383849850695283
2.4471013141994726
2.5298178135297014
2.6960663905902114
2.7828787126379697
2.7466011722550556
2.6710283937168056
2.930696514576329
0.24179780770992026
2.408254386836978
2.2922005181611977
2.645360023844809
2.7287155834622876
2.787653416356145
2.9657642963031146
2.7773701044217636
2.682483613947207
2.4894467906590054
2.697027522815791
2.841597997809187
2.69483882947179
2.787216914572185
2.584550557842986
2.4492564855681316
2.2262599002992594
2.0767746978953245
2.307752230406363
2.179012854930408
2.0037080261586455
1.9848432669144316
2.087790760466217
2.2485911296696464
2.0074170165370027
2.0992248558239757
2.046831952512993
1.9575843080281046
1.9579537495487074
2.0247635928243692
1.9677184605673443
1.9431957476921606
1.897931447937735
1.7664543233102894
1.6436360466588003
1.7198906592548966
1.638546646501909
1.5750583420738116
1.6079638204354778
1.641069315888156
1.6367797373638953
1.6398910632195167
1.7453229858141284
1.7752842865744105
1.7804919127820835
1.4794873329729623
1.5924695766431782
1.5489528825431345
1.42593356206824
1.4985574223514808
1.6209555088115983
1.6145042558089935
1.4033841151759539
1.350063996091902
1.2606117598936737
1.2168792569959188
1.2426797493640394
1.2684185397697934
1.2091095584038558
1.199366849091967
1.2170032672036903
1.222638475838788
1.2226160441090457
1.1887197303157702
1.1948723460738135
1.1840259437096479
1.1696361875495886
1.256262670038686
1.1787143767745765
1.1710709735373181
1.108674158519529
1.128649977403872
1.160228139942302
1.1219784639344719
1.1896669942223992
1.1814696641238733
1.2172119453579455
1.291501830527754
1.270826357298338
1.3017754094909788
1.3693099134475515
1.4434513705168157
1.4734203193943542
1.5304294891421866
1.4921393604709947
1.4906817142860345
1.9621618107113041
1.6987568946869245
1.8776764575062774
2.0017241107915837
2.3447321194304007
1.9316051685705529
1.9468437497917241
1.7857647761597741
1.7467148391008984
1.7731548034910816
1.8209862580015168
1.8180951237320775
1.754471544777886
1.8850908210685808
1.749438115979232
1.7917797028418503
1.7660964914064008
1.7204708967285192
1.6960253112258934
1.5527893304009541
1.5780217967085668
1.4737803887481282
1.4791079023080054
1.389759317530626
1.451951741706457
1.6293964227779278
1.6347490742080322
1.622878338863068
1.6643446520617833
1.6167683728132525
1.4343963282163057
1.4365343393425767
1.5070917163414994
1.3875488082481642
1.494384174358331
1.332921769406234
1.5452683209319702
1.5146165173613668
1.4787141063173945
1.4914157095236977
1.4935119986514012
1.4871918791408976
1.3909718731719038
1.519765969217214
1.4476229434439225
1.4678847347169421
1.588235422776013
1.5694157189371223
1.4968363362988013
1.445592602154528
1.4447461130657464
1.4341156647236133
1.4939207676162753
1.489145777949429
1.4897802340216573
1.4987966616358064
1.4946514799831678
1.4411772568837635
1.4613254350477134
1.431781683500842
1.4101141123260788
1.3559014381050318
1.3472324883667615
1.3120583754050894
1.3219811101596122
1.2833814817872755
1.2426572631030315
1.2235283879883465
1.2087495502331251
1.1781478024051957
1.1270635012212742
1.1081105739917934
1.1204875124492464
1.1347975363448928
1.1479933846523527
1.0953655163238776
1.0775400406588007
1.0714781673145828
1.0551160583435204
1.0749673546071523
1.1065908459921536
1.0762142704806514
1.0617155154470697
1.043377976382505
1.073749835121377
1.0910364324853927
1.0939364139468741
1.0940490364995459
1.0916620349348176
1.0936898425460295
1.098936346452528
1.0929655735799324
1.1247300589742661
1.1281715832597268
1.1553657820953196
1.1890704841085091
1.1795372796099424
1.440592229984316
1.5104398215159323
1.4400470052363195
1.4074319923410523
1.5194834532002448
1.6863730156300185
1.7185616709873681
1.5579390696763267
1.508192282783381
1.3771130511904286
1.3649013223788136
1.3795209871640841
1.3321160620772705
1.3972451953316671
1.3428320709633947
1.424769588286871
1.5125266247354883
1.5447411628285697
1.4512510680002975
1.4009863260950393
1.4244044637288356
1.3913587954816424
1.3363542852663786
1.3294154077125262
1.2647985060427367
1.3675573403676724
1.339279485352471
1.3766722063227668
1.5607359340325495
1.43892456659927
1.5753257917306467
1.567913901539436
1.6545878346905167
1.5841097169547147
1.5727891353892935
1.5124989900087287
1.519480009542473
1.4092604521697223
1.4682367384463257
1.5142111575540518
1.4757481033455044
1.4729778428026552
1.460977931355078
1.4570639207900118
1.4172093042224527
1.4533243923702706
1.4760227382584283
1.4314246796918109
1.40881743750745
1.3452964840465917
1.3316464545057438
1.3855024859515037
1.3016818630388032
1.3093187542515397
1.361992361005063
1.3412565852686813
1.3256891794923378
1.3205497023030752
1.3004378466015003
1.2600351861579346
1.3094701658152939
1.2557265226917884
1.2127042973798323
1.2078154902017275
1.2133531724596698
1.1909338975199542
1.1231943903896249
1.0730363249368302
1.055440524542028
1.0554228820578928
1.051048174818439
1.014767165757895
1.0264317058180172
0.9995491019668326
0.9642568002295093
0.9649703814685531
0.9388208808399939
0.9192460822805139
0.9360597536711354
0.9770385623686972
1.0525447786188917
1.0840698429349118
1.345499301040636
1.7282353038032066
1.9691065915331694
2.0954861141548835
2.4221345431746344
2.330243953286135
2.533843144285376
2.6535648583433504
2.7994756712627544
2.8947881848834136
2.961300591461936
3.169987998004031
2.9950594105258967
3.1267845136063293
2.634730680794849
2.587869636971826
2.7319483111819687
2.6696616839940837
2.72506002613279
2.683453865885568
2.8238521036337176
2.7774441467566566
2.7130773781614947
2.910758975084934
2.7306157413003684
2.8312660720026104
3.001138090850721
2.709548575277426
2.735049245083599
3.044119348371783
3.0294497532508036
2.8740330827503624
3.0342783744482658
2.9459743884002974
3.156000965991335
3.0684009399493326
3.0232044143855012
2.887665350025636
2.9293883102954923
2.4899416279774376
2.48368275909481
2.5905112123907648
2.519846648986601
2.4395928672532436
2.3711527768309772
2.280471186688115
2.2044922458552976
2.0711695255184126
2.174805669952212
2.0990057647590894
1.957621018077711
1.872872475732234
1.6821511061843344
1.614552660025675
1.7940703054442413
1.7009645976043468
1.7368825439638667
1.750303237745162
1.852085542853905
1.606675693531193
1.6741188642845153
1.630014709764567
1.582198898345843
1.5061501398626054
1.5973547471366993
1.6217235186812153
1.451792748366706
1.480357877768708
1.3956289893269476
1.419216797567991
1.3929320760778305
1.4027153070016327
1.400932912857324
1.4083048219342096
1.4172052449585046
1.3196840910249925
1.2758332874464626
1.3866322287238142
1.2027505898243658
1.1623171597954547
1.1650074033199584
1.126628482116124
1.095112949071947
1.0851017241324685
1.0500855297790577
1.0349828226049231
1.0345994425552494
1.0169064107102466
1.0112856077200811
1.027383191562481
1.0440392060711154
1.0350549378055194
1.0269936888814033
1.0281780017516786
1.0606894392600117
1.0707011814295937
1.1779420178126818
1.4930833106464256
1.6585705261912247
1.8945868403522999
2.024090818716155
2.0235914540415076
1.9673578934767557
2.2465251269220006
2.207248191353889
2.354565898814971
2.2338505708811147
2.1949162324614506
2.5168859488765447
2.6910153753981785
3.0447115494559487
2.9046007218126912
2.956762898598804
2.8775890361850864
2.934207549196122
3.048422041069814
2.9713705239651955
2.5459922537129818
2.824461938893799
3.0458995998009706
2.8422311113545358
2.8233781169004435
2.8161350489603265
2.6039645841915458
2.814259780011576
2.9245025781689145
2.8765082419738586
2.7982529125888327
3.0865642323829894
3.283004756951948
3.3072656648437926
2.9639599285206883
3.1798815381418635
3.0186785298133327
2.6509563739663857
2.6880949994848207
2.6116845210095723
2.505485294276546
2.282176283747338
2.3174846367684228
2.036757510719524
2.2076050614769205
2.372411936918506
2.383442339502341
2.3394506841479292
2.1540167799743313
1.9474531048461925
1.887920548758121
1.93755457274046
2.0097320147008686
2.01699489981441
1.9211332608160963
1.9148090673239382
1.9634589855899847
1.981571319926688
2.0582595119738563
2.0452824475467883
1.9343933397813118
1.9253150641120964
1.912312759632936
1.7764673168659304
1.6666067513305265
1.5481719252102426
2.0450337945593033
2.1320878558696292
1.9036966799311574
2.0859143860347023
2.1551844501241137
1.9062481651556888
1.6993785114201962
1.5730167645572848
1.4575349023944508
1.4078745427975006
1.4058770813637134
1.3517200696433553
1.3408061893648442
1.3124306537248311
1.3132303668095708
1.274974998619751
1.2403628488733536
1.2606640526246828
1.2306592349021062
1.1933814884523053
1.201904298648659
1.205233505626841
1.1936458197313253
1.1702919351134993
1.18311632318971
1.1559072419890266
1.1589547498260482
1.1761559312023315
1.185905566757028
1.3058748328608762
1.4326079869458546
1.6128154165502058
1.5571791462457398
1.7932945713320052
1.7866500080599794
1.9884653610370142
1.971760906604152
2.4286398228322255
2.2775888364795462
2.197186312661381
2.276991037274808
2.5420661928692603
2.6469406903571104
2.652000874494197
2.6062716709915614
2.5963470455767057
2.5243514987372575
2.4596281380691005
1.3309769353402012
3.46399042166116
2.513349631453091
2.515518540574347
2.541097927640501
2.3604823264182557
2.4435680260637547
2.787475445488678
3.0863807052078283
2.9890120181881215
2.7609111443788206
2.774689693206794
2.7642275692150533
2.7602180970970367
2.3578450699114173
2.4953084056231085
2.573350924990737
2.7337479681636854
2.6937747283338735
2.7976984183307967
2.5978765693580272
2.5417711005311943
2.3913173927330744
2.257617867697881
2.1378828652394306
2.2390608127152833
2.0968623853736266
2.1335334490919475
2.04080223930074
2.0115919830637687
2.2331473358716996
2.1229890940856646
1.8741015108880927
1.9666041267009806
1.9255688087844973
1.8901432670147977
1.9109622037025322
1.862782422118683
1.8725544224201578
1.8085609975115777
1.7955045327586296
1.8323940518653208
1.7064123536281053
1.7512479160317673
1.7220458161477639
1.684920119300038
1.7017034561156819
1.7251062269698068
1.6867043991160295
1.6355353998295346
1.601708924260669
1.6672801764009748
1.592592441853735
1.6361951842937066
1.5791808039328703
1.6009544550741943
1.5058774243197508
1.4823785146097765
1.4843786207749008
1.3782804138909837
1.3583851921848156
1.283501473901803
1.2567702512741485
1.2435866131762707
1.2379534171830093
1.2273316089348776
1.2056762042373406
1.2092801308846473
1.1922577839990702
1.2085165057350753
1.208526308518329
1.2059346137374276
1.221590054429397
1.2117601382888166
1.223382122043138
1.2343433258180512
1.243084123779652
1.2289891310703407
1.330731340696374
1.6172371108524364
1.7351260981790266
2.113252135285668
2.1912413079431663
2.358882931061023
1.9202447721314875
1.789177832717981
2.125079263864239
1.9704379123709344
2.2678690429763346
2.3908374953404943
2.2977199338228895
2.5276654348482834
2.8392097764937154
2.9117792230442543
2.103304949214961
1.9111684673760607
2.00222129746486
2.492186781063652
2.7853440806462135
2.797160391555984
3.0333381404967352
2.926117627983698
2.6238309331042498
2.670601800162547
2.6034402376384773
2.706908266462012
2.71131823483382
2.6489340084478763
2.5668372121199114
2.634265384241711
2.695211985433275
2.688939382056991
2.633299103919345
2.57064115632675
2.4388098077215288
2.569218343718325
2.375253398579214
2.4891797191521112
2.400363739652026
2.353473331011842
2.2751369562735384
2.5483741228195145
2.4327344763653658
2.227943667613531
2.232655575673744
2.153590708977519
2.2634485587668793
2.2178170633569043
2.0754075008563815
2.153672571422535
1.9027377001665404
1.9253120365294691
1.8550448274634077
1.7911092610685984
1.8189892808495696
1.8443966357534936
1.8160275330588846
1.8147678339135085
1.7876975814125826
1.7822218025058612
1.909171277408778
1.867983786788045
1.8605795351808245
1.9146118891834187
1.8524345113998553
1.9440912790034384
1.7785889752131734
1.7530072794274858
1.628169939804613
1.7174174457685303
1.5343133892149896
1.417249557606927
1.4878274801400946
1.4471457016310652
1.341646634485193
1.2973755395037372
1.2678878179933628
1.2229563624219406
1.2024618017596818
1.2115149886535899
1.1910113221697955
1.1893932293675786
1.1752470268487651
1.1577807958844761
1.1276456835639046
1.1283394663956883
1.1217759331140122
1.1313404028801097
1.1459193832061556
1.140972298617897
1.1557305197451102
1.1758796783109777
1.1894755291503343
1.204776761828317
1.4130322960684991
1.6745182492520039
1.848739032929498
1.806281983743955
1.7584858437164885
1.8709592785701221
1.9781318911979786
1.9122210770121406
2.055831465885477
2.133218270779702
2.2307199996782305
2.280127490926341
2.3729307929513244
2.561041480364306
2.707880146842381
2.9130428723152755
2.7863492807410513
2.9725561529012117
2.8434622451180207
2.6953378773745924
2.231497486509815
2.578870644212939
2.4732637207992423
2.602814397295158
2.6508658733664703
2.5573043679337584
2.7102420776113605
2.774335127462046
2.631251689652615
2.750847159488489
2.674597295851095
2.5029213943556567
2.2382237526117956
2.0536762507262143
1.9749631943902917
0.34385687304448964
4.323426997330293
2.299194538647801
1.8821702766073933
1.6893652609974144
1.74511700916455
1.8463298096322585
1.6872294101284055
1.7054862555088373
1.6987730552805762
1.7519475330832261
1.7273209809557797
1.7219741623207672
1.6977453182096647
1.701156932322807
1.7082179370457018
1.7089619352242646
1.7718701598440552
1.7916475905483749
1.8686866278814995
1.898038798332692
1.9028387836344147
1.711277507154347
1.7559734263548685
1.791380927543151
1.7420919391278322
1.7439313286903786
1.7157772093641357
1.686151584191808
1.4638298543746766
1.6317732864307395
1.6092474711034084
1.573635977239824
1.5534701655238998
1.5693000402774213
1.5250776088129723
1.2961085381847754
1.476939939956495
1.4472120924761627
1.441596706409124
1.4393648955027576
1.3979672962471497
1.3297087882923964
1.3144025277090035
1.2886531234707381
1.3238954510955159
1.2553331291433123
1.2181446670955494
1.201978038185382
1.1762545791859496
1.1656200964848558
1.1547165824036305
1.1470400065372566
1.1348674182200555
1.1372935484265596
1.1186806985231361
1.1313629201651938
1.1420664816446746
1.1238723450951522
1.1360126650461584
1.1395032625489454
1.0968291012773999
1.0848583111072878
1.10785372385883
1.1374624506414772
1.1453337146045983
1.146048812648256
1.1570097676333115
1.192052565825257
1.3448442607507702
1.4542042554546746
1.2754321309189331
1.3263401182764443
1.4391688118344852
1.4667891886045397
1.4583864058570895
1.4819860488322978
1.5129494267068375
1.5999445591628594
1.616235945740586
1.6533561314159955
1.7311794124176456
1.706717329096826
1.7176237073266796
1.7536536274413506
1.7331058194507953
1.770213042978585
1.7170989788043418
1.723047137952458
1.7058224645231916
1.716355384920286
1.7439779099127506
1.7560393844474886
1.7944864093892852
1.7494505091341144
1.731574211603555
1.6990531487434444
1.701398147394573
1.7037256947235027
1.6539858581827172
1.6635448931717782
1.6603374781356321
1.6668981092110888
1.6265944836266886
1.5000619271963223
1.4993510016684317
1.4853374142381575
1.4699493554442087
1.4437149655236894
0.26910564872695086
1.8931732505627326
2.3287823433054653
1.6700915675759722
1.614232056053305
1.6399012810882008
1.6475482568051827
1.6356890708131706
1.6061138070189704
1.5884358912126413
1.5688831992921346
1.5852385861170815
1.6026426024820086
1.5564215984050087
1.5166661599740034
1.4954960936915145
1.4783321391838464
1.502047627895505
1.551938706319636
1.495626969012494
1.4457041161304929
1.4070426240150014
1.335802281556105
1.4069471048191549
1.3944198692136407
1.3303537088753048
1.2543325404847805
1.2312029775868922
1.2281948163815861
1.2067646640758631
1.1896455283445742
1.1496851719376004
1.1215571549484116
1.1165374979603642
1.0980607851919213
1.070743089583858
1.0754128917018546
1.0632834116558951
1.0550413407145691
1.0073455318088418
0.9852541153547997
0.9998914840169243
0.9780135032445573
0.9581296312029021
0.9390954200047859
0.9757297961016675
0.9980754705219212
0.9740364950146144
0.9861121824127207
1.0272913801638224
1.0241007107214104
1.0261947771092317
1.0445792896168897
1.056551442802213
1.0722048062489196
1.077807570993874
1.1018423658565273
1.1447054482650496
1.185971534666218
1.187843554954505
1.200637607356197
1.2114168096534514
1.243018136533793
1.2446415184536723
1.2104344921769434
1.2892928404718063
1.3256007404809942
1.3270963985140767
1.3511666263110076
1.3478315759974149
1.3771221418570327
1.384003770836303
1.3870715048762825
1.3835715086723053
1.427391348776912
1.4542765676512546
1.4486996706870705
1.4441816841075996
1.4232025607466092
1.4148299414354122
1.432749274506058
1.4708101653598136
1.4717394336886973
1.4867725200360553
1.584675351360163
1.5370779600467512
1.5185841920802905
1.4658245096136213
1.4916070212594335
1.4965741877881318
1.546019861340911
1.5378607605722472
1.5119158813329157
1.4781859845714818
1.499146879233582
1.5632069272273537
1.5613548266415296
1.571359222154417
1.5855394352295475
1.6097146939307938
1.5331491218684008
1.4954314512653937
1.4518733867781994
1.4447903182467807
1.4807876889242428
1.466373056933004
1.4098749779593247
1.4159118262938744
1.4145832845378397
1.3859799764782204
1.4101417105694267
1.3603815701340005
1.365541040256241
1.382454529874507
1.3844816594352742
1.3770321558331458
1.3569873112013793
1.3301890646655872
1.3553740882799012
1.3645968789221907
1.2984879273110077
1.2738062431300066
1.2456656085601452
1.237778448181027
1.1942393170697152
1.1723249461833583
1.1410463643370516
1.118714373655523
1.1394406227523577
1.1256148301720743
1.0920752060552563
1.1046052706061693
1.0651777081320455
1.0412291860779328
1.016629676776623
0.9961324007607005
1.0132603088442529
0.9952806133580252
0.9765030503619316
0.9917390662518757
0.9842086267855925
0.9731520301341177
0.9754425816915463
0.9702707451055171
0.9386465478126301
1.014111632678999
1.317740748702696
1.3917040330196513
1.3846593401025045
1.72161664813694
1.9342462917325989
1.507245993786241
1.7262358462405964
1.84248887053262
1.6573223679322961
1.6867082356611938
1.5429491835098454
1.785447031880315
1.7352721761263317
1.7235629173482954
1.7025725670472533
1.650657376695826
1.5194202479436705
1.5157032850519079
1.4592186243113785
1.5223530427956198
1.7172808429977253
1.8471352500220417
1.950470329417166
1.7390430171132132
1.8422019086368913
1.8634820388730868
1.9104361587327876
2.190056310557665
1.801358322910765
1.9836768641460072
2.007679684601135
1.9713072074190012
1.908268389916991
1.664649010321887
1.6545546711722756
1.7647755961053069
1.7748960538073533
2.072407430006014
1.8725453596468324
1.920893617953443
1.7566857291505844
1.6713302377857535
1.7195987759436269
1.7778452639421762
1.5145926334345556
1.4739555858656883
1.4109513678857522
1.4202258203396574
1.4584367565261145
1.4703360156105993
1.4653303182294684
1.487603924361532
1.4698514053534624
1.4022689413016491
1.4205396396428112
1.4357611694848762
1.567089970380081
1.5124050812410204
1.5102315608940315
1.5358718832604676
1.5649299167481
1.601256868987825
1.6075891197257781
1.4924647304298477
1.5427515784925296
1.4842701023132292
1.4688184670376943
1.3804481128197854
1.3731291310446772
1.2543424089585462
1.2214466717480805
1.215423284621459
1.2136832981606807
1.1880600327757243
1.1515795491122804
1.1261414366357636
1.0893894470534997
1.0278550566530968
1.0067603931224651
1.0141421000647917
1.0397692590341665
1.000923095583227
0.9890273697214769
1.0155602998938955
1.017374285525109
1.0009626011375434
0.9889301943442412
0.9793390660828832
0.9835205461052182
0.9930902544991895
1.002898258168111
1.0242938589603117
1.0322176744043072
1.230934382015895
1.0461619371213995
1.1063133633663922
1.0675997115777596
1.2248974891665592
1.5001161493475947
1.6302986707401312
1.7133350328619565
1.000000
1.000000
1.000000
1.000000
1.000000
1.000000
1.000000
1.000000
1.000000
1.000000
1.000000
1.000000
1.000000
1.000000
1.000000
1.000000
1.000000
1.000000
1.000000
1.000000
1.000000
1.000000
1.000000
1.000000
1.000000
1.000000
1.000000
1.000000
1.000000
1.000000
1.000000
1.000000
1.000000
1.000000
1.000000
1.000000
1.000000
1.000000
1.000000
1.000000
1.000000
1.000000
1.000000
1.000000
1.000000
1.000000
1.000000
1.000000
1.000000
1.000000
1.000000
1.000000
1.000000
1.000000
1.000000
1.000000
1.000000
1.000000
1.000000
1.000000
1.000000
1.000000
1.000000
1.000000
1.000000
1.000000
1.000000
1.000000
1.000000
1.000000
1.000000
1.000000
1.000000
1.000000
1.000000
1.000000
1.000000
1.000000
1.000000
1.000000
1.000000
1.000000
1.000000
1.000000
1.000000
1.000000
1.000000
1.000000
1.000000
1.000000
1.000000
1.000000
1.000000
1.000000
1.000000
1.000000
1.000000
1.000000
1.000000
1.000000
1.000000
1.000000
1.000000
1.000000
1.000000
1.000000
1.000000
1.000000
1.000000
1.000000
1.000000
1.000000
1.000000
1.000000
1.000000
1.000000
1.000000
1.000000
1.000000
1.000000
1.000000
1.000000
1.000000
1.000000
1.000000
1.000000
1.000000
1.000000
1.000000
1.000000
1.000000
1.000000
1.000000
1.000000
1.000000
1.000000
1.000000
1.000000
1.000000
1.000000
1.000000
1.000000
1.000000
1.000000
1.000000
1.000000
1.000000
1.000000
1.000000
1.000000
1.000000
1.000000
1.000000
1.000000
1.000000
1.000000
1.000000
1.000000
1.000000
1.000000
1.000000
1.000000
1.000000
1.000000
1.000000
1.000000
1.000000
1.000000
1.000000
1.000000
1.000000
1.000000
1.000000
1.000000
1.000000
1.000000
1.000000
1.000000
1.000000
1.000000
1.000000
1.000000
1.000000
1.000000
1.000000
1.000000
1.000000
1.000000
1.000000
1.000000
1.000000
1.000000
1.000000
1.000000
1.000000
1.000000
1.000000
1.000000
1.000000
1.000000
1.000000
1.000000
1.000000
1.000000
1.000000
1.000000
1.000000
1.000000
1.000000
1.000000
1.000000
1.000000
1.000000
1.000000
1.000000
1.000000
1.000000
1.000000
1.000000
1.000000
1.000000
1.000000
1.000000
1.000000
1.000000
1.000000
1.000000
1.000000
1.000000
1.000000
1.000000
1.000000
1.000000
1.000000
1.000000
1.000000
1.000000
1.000000
1.000000
1.000000
1.000000
1.000000
1.000000
1.000000
1.000000
1.000000
1.000000
1.000000
1.000000
1.000000
1.000000
1.000000
1.000000
1.000000
1.000000
1.000000
1.000000
1.000000
1.000000
1.000000
1.000000
1.000000
1.000000
1.000000
1.000000
1.000000
1.000000
1.000000
1.000000
1.000000
1.000000
1.000000
1.000000
1.000000
1.000000
1.000000
1.000000
1.000000
1.000000
1.000000
1.000000
1.000000
1.000000
1.000000
1.000000
1.000000
1.000000
1.000000
1.000000
1.000000
1.000000
1.000000
1.000000
1.000000
1.000000
1.000000
1.000000
1.000000
1.000000
1.000000
1.000000
1.000000
1.000000
1.000000
1.000000
1.000000
1.000000
1.000000
1.000000
1.000000
1.000000
1.000000
1.000000
1.000000
1.000000
1.000000
1.000000
1.000000
1.000000
1.000000
1.000000
1.000000
1.000000
1.000000
1.000000
1.000000
1.000000
1.000000
1.000000
1.000000
1.000000
1.000000
1.000000
1.000000
1.000000
1.000000
1.000000
1.000000
1.000000
1.000000
1.000000
1.000000
1.000000
1.000000
1.000000
1.000000
1.000000
1.000000
1.000000
1.000000
1.000000
1.000000
1.000000
1.000000
1.000000
1.000000
1.000000
1.000000
1.000000
1.000000
1.000000
1.000000
1.000000
1.000000
1.000000
1.000000
1.000000
1.000000
1.000000
1.000000
1.000000
1.000000
1.000000
1.000000
1.000000
1.000000
1.000000
1.000000
1.000000
1.000000
1.000000
1.000000
1.000000
1.000000
1.000000
1.000000
1.000000
1.000000
1.000000
1.000000
1.000000
1.000000
1.000000
1.000000
1.000000
1.000000
1.000000
1.000000
1.000000
1.000000
1.000000
1.000000
1.000000
1.000000
1.000000
1.000000
1.000000
1.000000
1.000000
1.000000
1.000000
1.000000
1.000000
1.000000
1.000000
1.000000
1.000000
1.000000
1.000000
1.000000
1.000000
1.000000
1.000000
1.000000
1.000000
1.000000
1.000000
1.000000
1.000000
1.000000
1.000000
1.000000
1.000000
1.000000
1.000000
1.000000
1.000000
1.000000
1.000000
1.000000
1.000000
1.000000
1.000000
1.000000
1.000000
1.000000
1.000000
1.000000
1.000000
1.000000
1.000000
1.000000
1.000000
1.000000
1.000000
1.000000
1.000000
1.000000
1.000000
1.000000
1.000000
1.000000
1.000000
1.000000
1.000000
1.000000
1.000000
1.000000
1.000000
1.000000
1.000000
1.000000
1.000000
1.000000
1.000000
1.000000
1.000000
1.000000
1.000000
1.000000
1.000000
1.000000
1.000000
1.000000
1.000000
1.000000
1.000000
1.000000
1.000000
1.000000
1.000000
1.000000
1.000000
1.000000
1.000000
1.000000
1.000000
1.000000
1.000000
1.000000
1.000000
1.000000
1.000000
1.000000
1.000000
1.000000
1.000000
1.000000
1.000000
1.000000
1.000000
1.000000
1.000000
1.000000
1.000000
1.000000
1.000000
1.000000
1.000000
1.000000
1.000000
1.000000
1.000000
1.000000
1.000000
1.000000
1.000000
1.000000
1.000000
1.000000
1.000000
1.000000
1.000000
1.000000
1.000000
1.000000
1.000000
1.000000
1.000000
1.000000
1.000000
1.000000
1.000000
1.000000
1.000000
1.000000
1.000000
1.000000
1.000000
1.000000
1.000000
1.000000
1.000000
1.000000
1.000000
1.000000
1.000000
1.000000
1.000000
1.000000
1.000000
1.000000
1.000000
1.000000
1.000000
1.000000
1.000000
1.000000
1.000000
1.000000
1.000000
1.000000
1.000000
1.000000
1.000000
1.000000
1.000000
1.000000
1.000000
1.000000
1.000000
1.000000
1.000000
1.000000
1.000000
1.000000
1.000000
1.000000
1.000000
1.000000
1.000000
1.000000
1.000000
1.000000
1.000000
1.000000
1.000000
1.000000
1.000000
1.000000
1.000000
1.000000
1.000000
1.000000
1.000000
1.000000
1.000000
1.000000
1.000000
1.000000
1.000000
1.000000
1.000000
1.000000
1.000000
1.000000
1.000000
1.000000
1.000000
1.000000
1.000000
1.000000
1.000000
1.000000
1.000000
1.000000
1.000000
1.000000
1.000000
1.000000
1.000000
1.000000
1.000000
1.000000
1.000000
1.000000
1.000000
1.000000
1.000000
1.000000
1.000000
1.000000
1.000000
1.000000
1.000000
1.000000
1.000000
1.000000
1.000000
1.000000
1.000000
1.000000
1.000000
1.000000
1.000000
1.000000
1.000000
1.000000
1.000000
1.000000
1.000000
1.000000
1.000000
1.000000
1.000000
1.000000
1.000000
1.000000
1.000000
1.000000
1.000000
1.000000
1.000000
1.000000
1.000000
1.000000
1.000000
1.000000
1.000000
1.000000
1.000000
1.000000
1.000000
1.000000
1.000000
1.000000
1.000000
1.000000
1.000000
1.000000
1.000000
1.000000
1.000000
1.000000
1.000000
1.000000
1.000000
1.000000
1.000000
1.000000
1.000000
1.000000
1.000000
1.000000
1.000000
1.000000
1.000000
1.000000
1.000000
1.000000
1.000000
1.000000
1.000000
1.000000
1.000000
1.000000
1.000000
1.000000
1.000000
1.000000
1.000000
1.000000
1.000000
1.000000
1.000000
1.000000
1.000000
1.000000
1.000000
1.000000
1.000000
1.000000
1.000000
1.000000
1.000000
1.000000
1.000000
1.000000
1.000000
1.000000
1.000000
1.000000
1.000000
1.000000
1.000000
1.000000
1.000000
1.000000
1.000000
1.000000
1.000000
1.000000
1.000000
1.000000
1.000000
1.000000
1.000000
1.000000
1.000000
1.000000
1.000000
1.000000
1.000000
1.000000
1.000000
1.000000
1.000000
1.000000
1.000000
1.000000
1.000000
1.000000
1.000000
1.000000
1.000000
1.000000
1.000000
1.000000
1.000000
1.000000
1.000000
1.000000
1.000000
1.000000
1.000000
1.000000
1.000000
1.000000
1.000000
1.000000
1.000000
1.000000
1.000000
1.000000
1.000000
1.000000
1.000000
1.000000
1.000000
1.000000
1.000000
1.000000
1.000000
1.000000
1.000000
1.000000
1.000000
1.000000
1.000000
1.000000
1.000000
1.000000
1.000000
1.000000
1.000000
1.000000
1.000000
1.000000
1.000000
1.000000
1.000000
1.000000
1.000000
1.000000
1.000000
1.000000
1.000000
1.000000
1.000000
1.000000
1.000000
1.000000
1.000000
1.000000
1.000000
1.000000
1.000000
1.000000
1.000000
1.000000
1.000000
1.000000
1.000000
1.000000
1.000000
1.000000
1.000000
1.000000
1.000000
1.000000
1.000000
1.000000
1.000000
1.000000
1.000000
1.000000
1.000000
1.000000
1.000000
1.000000
1.000000
1.000000
1.000000
1.000000
1.000000
1.000000
1.000000
1.000000
1.000000
1.000000
1.000000
1.000000
1.000000
1.000000
1.000000
1.000000
1.000000
1.000000
1.000000
1.000000
1.000000
1.000000
1.000000
1.000000
1.000000
1.000000
1.000000
1.000000
1.000000
1.000000
1.000000
1.000000
1.000000
1.000000
1.000000
1.000000
1.000000
1.000000
1.000000
1.000000
1.000000
1.000000
1.000000
1.000000
1.000000
1.000000
1.000000
1.000000
1.000000
1.000000
1.000000
1.000000
1.000000
1.000000
1.000000
1.000000
1.000000
1.000000
1.000000
1.000000
1.000000
1.000000
1.000000
1.000000
1.000000
1.000000
1.000000
1.000000
1.000000
1.000000
1.000000
1.000000
1.000000
1.000000
1.000000
1.000000
1.000000
1.000000
1.000000
1.000000
1.000000
1.000000
1.000000
1.000000
1.000000
1.000000
1.000000
1.000000
1.000000
1.000000
1.000000
1.000000
1.000000
1.000000
1.000000
1.000000
1.000000
1.000000
1.000000
1.000000
1.000000
1.000000
1.000000
1.000000
1.000000
1.000000
1.000000
1.000000
1.000000
1.000000
1.000000
1.000000
1.000000
1.000000
1.000000
1.000000
1.000000
1.000000
1.000000
1.000000
1.000000
1.000000
1.000000
1.000000
1.000000
1.000000
1.000000
1.000000
1.000000
1.000000
1.000000
1.000000
1.000000
1.000000
1.000000
1.000000
1.000000
1.000000
1.000000
1.000000
1.000000
1.000000
1.000000
1.000000
1.000000
1.000000
1.000000
1.000000
1.000000
1.000000
1.000000
1.000000
1.000000
1.000000
1.000000
1.000000
1.000000
1.000000
1.000000
1.000000
1.000000
1.000000
1.000000
1.000000
1.000000
1.000000
1.000000
1.000000
1.000000
1.000000
1.000000
1.000000
1.000000
1.000000
1.000000
1.000000
1.000000
1.000000
1.000000
1.000000
1.000000
1.000000
1.000000
1.000000
1.000000
1.000000
1.000000
1.000000
1.000000
1.000000
1.000000
1.000000
1.000000
1.000000
1.000000
1.000000
1.000000
1.000000
1.000000
1.000000
1.000000
1.000000
1.000000
1.000000
1.000000
1.000000
1.000000
1.000000
1.000000
1.000000
1.000000
1.000000
1.000000
1.000000
1.000000
1.000000
1.000000
1.000000
1.000000
1.000000
1.000000
1.000000
1.000000
1.000000
1.000000
1.000000
1.000000
1.000000
1.000000
1.000000
1.000000
1.000000
1.000000
1.000000
1.000000
1.000000
1.000000
1.000000
1.000000
1.000000
1.000000
1.000000
1.000000
1.000000
1.000000
1.000000
1.000000
1.000000
1.000000
1.000000
1.000000
1.000000
1.000000
1.000000
1.000000
1.000000
1.000000
1.000000
1.000000
1.000000
1.000000
1.000000
1.000000
1.000000
1.000000
1.000000
1.000000
1.000000
1.000000
1.000000
1.000000
1.000000
1.000000
1.000000
1.000000
1.000000
1.000000
1.000000
1.000000
1.000000
1.000000
1.000000
1.000000
1.000000
1.000000
1.000000
1.000000
1.000000
1.000000
1.000000
1.000000
1.000000
1.000000
1.000000
1.000000
1.000000
1.000000
1.000000
1.000000
1.000000
1.000000
1.000000
1.000000
1.000000
1.000000
1.000000
1.000000
1.000000
1.000000
1.000000
1.000000
1.000000
1.000000
1.000000
1.000000
1.000000
1.000000
1.000000
1.000000
1.000000
1.000000
1.000000
1.000000
1.000000
1.000000
1.000000
1.000000
1.000000
1.000000
1.000000
1.000000
1.000000
1.000000
1.000000
1.000000
1.000000
1.000000
1.000000
1.000000
1.000000
1.000000
1.000000
1.000000
1.000000
1.000000
1.000000
1.000000
1.000000
1.000000
1.000000
1.000000
1.000000
1.000000
1.000000
1.000000
1.000000
1.000000
1.000000
1.000000
1.000000
1.000000
1.000000
1.000000
1.000000
1.000000
1.000000
1.000000
1.000000
1.000000
1.000000
1.000000
1.000000
1.000000
1.000000
1.000000
1.000000
1.000000
1.000000
1.000000
1.000000
1.000000
1.000000
1.000000
1.000000
1.000000
1.000000
1.000000
1.000000
1.000000
1.000000
1.000000
1.000000
1.000000
1.000000
1.000000
1.000000
1.000000
1.000000
1.000000
1.000000
1.000000
1.000000
1.000000
1.000000
1.000000
1.000000
1.000000
1.000000
1.000000
1.000000
1.000000
1.000000
1.000000
1.000000
1.000000
1.000000
1.000000
1.000000
1.000000
1.000000
1.000000
1.000000
1.000000
1.000000
1.000000
1.000000
1.000000
1.000000
1.000000
1.000000
1.000000
1.000000
1.000000
1.000000
1.000000
1.000000
1.000000
1.000000
1.000000
1.000000
1.000000
1.000000
1.000000
1.000000
1.000000
1.000000
1.000000
1.000000
1.000000
1.000000
1.000000
1.000000
1.000000
1.000000
1.000000
1.000000
1.000000
1.000000
1.000000
1.000000
1.000000
1.000000
1.000000
1.000000
1.000000
1.000000
1.000000
1.000000
1.000000
1.000000
1.000000
1.000000
1.000000
1.000000
1.000000
1.000000
1.000000
1.000000
1.000000
1.000000
1.000000
1.000000
1.000000
1.000000
1.000000
1.000000
1.000000
1.000000
1.000000
1.000000
1.000000
1.000000
1.000000
1.000000
1.000000
1.000000
1.000000
1.000000
1.000000
1.000000
1.000000
1.000000
1.000000
1.000000
1.000000
1.000000
1.000000
1.000000
1.000000
1.000000
1.000000
1.000000
1.000000
1.000000
1.000000
1.000000
1.000000
1.000000
1.000000
1.000000
1.000000
1.000000
1.000000
1.000000
1.000000
1.000000
1.000000
1.000000
1.000000
1.000000
1.000000
1.000000
1.000000
1.000000
1.000000
1.000000
1.000000
1.000000
1.000000
1.000000
1.000000
1.000000
1.000000
1.000000
1.000000
1.000000
1.000000
1.000000
1.000000
1.000000
1.000000
1.000000
1.000000
1.000000
1.000000
1.000000
1.000000
1.000000
1.000000
1.000000
1.000000
1.000000
1.000000
1.000000
1.000000
1.000000
1.000000
1.000000
1.000000
1.000000
1.000000
1.000000
1.000000
1.000000
1.000000
1.000000
1.000000
1.000000
1.000000
1.000000
1.000000
1.000000
1.000000
1.000000
1.000000
1.000000
1.000000
1.000000
1.000000
1.000000
1.000000
1.000000
1.000000
1.000000
1.000000
1.000000
1.000000
1.000000
1.000000
1.000000
1.000000
1.000000
1.000000
1.000000
1.000000
1.000000
1.000000
1.000000
1.000000
1.000000
1.000000
1.000000
1.000000
1.000000
1.000000
1.000000
1.000000
1.000000
1.000000
1.000000
1.000000
1.000000
1.000000
1.000000
1.000000
1.000000
1.000000
1.000000
1.000000
1.000000
1.000000
1.000000
1.000000
1.000000
1.000000
1.000000
1.000000
1.000000
1.000000
1.000000
1.000000
1.000000
1.000000
1.000000
1.000000
1.000000
1.000000
1.000000
1.000000
1.000000
1.000000
1.000000
1.000000
1.000000
1.000000
1.000000
1.000000
1.000000
1.000000
1.000000
1.000000
1.000000
1.000000
1.000000
1.000000
1.000000
1.000000
1.000000
1.000000
1.000000
1.000000
1.000000
1.000000
1.000000
1.000000
1.000000
1.000000
1.000000
1.000000
1.000000
1.000000
1.000000
1.000000
1.000000
1.000000
1.000000
1.000000
1.000000
1.000000
1.000000
1.000000
1.000000
1.000000
1.000000
1.000000
1.000000
1.000000
1.000000
1.000000
1.000000
1.000000
1.000000
1.000000
1.000000
1.000000
1.000000
1.000000
1.000000
1.000000
1.000000
1.000000
1.000000
1.000000
1.000000
1.000000
1.000000
1.000000
1.000000
1.000000
1.000000
1.000000
1.000000
1.000000
1.000000
1.000000
1.000000
1.000000
1.000000
1.000000
1.000000
1.000000
1.000000
1.000000
1.000000
1.000000
1.000000
1.000000
1.000000
1.000000
1.000000
1.000000
1.000000
1.000000
1.000000
1.000000
1.000000
1.000000
1.000000
1.000000
1.000000
1.000000
1.000000
1.000000
1.000000
1.000000
1.000000
1.000000
1.000000
1.000000
1.000000
1.000000
1.000000
1.000000
1.000000
1.000000
1.000000
1.000000
1.000000
1.000000
1.000000
1.000000
1.000000
1.000000
1.000000
1.000000
1.000000
1.000000
1.000000
1.000000
1.000000
1.000000
1.000000
1.000000
1.000000
1.000000
1.000000
1.000000
1.000000
1.000000
1.000000
1.000000
1.000000
1.000000
1.000000
1.000000
1.000000
1.000000
1.000000
1.000000
1.000000
1.000000
1.000000
1.000000
1.000000
1.000000
1.000000
1.000000
1.000000
1.000000
1.000000
1.000000
1.000000
1.000000
1.000000
1.000000
1.000000
1.000000
1.000000
1.000000
1.000000
1.000000
1.000000
1.000000
1.000000
1.000000
1.000000
1.000000
1.000000
1.000000
1.000000
1.000000
1.000000
1.000000
1.000000
1.000000
1.000000
1.000000
1.000000
1.000000
1.000000
1.000000
1.000000
1.000000
1.000000
1.000000
1.000000
1.000000
1.000000
1.000000
1.000000
1.000000
1.000000
1.000000
1.000000
1.000000
1.000000
1.000000
1.000000
1.000000
1.000000
1.000000
1.000000
1.000000
1.000000
1.000000
1.000000
1.000000
1.000000
1.000000
1.000000
1.000000
1.000000
1.000000
1.000000
1.000000
1.000000
1.000000
1.000000
1.000000
1.000000
1.000000
1.000000
1.000000
1.000000
1.000000
1.000000
1.000000
1.000000
1.000000
1.000000
1.000000
1.000000
1.000000
1.000000
1.000000
1.000000
1.000000
1.000000
1.000000
1.000000
1.000000
1.000000
1.000000
1.000000
1.000000
1.000000
1.000000
1.000000
1.000000
1.000000
1.000000
1.000000
1.000000
1.000000
1.000000
1.000000
1.000000
1.000000
1.000000
1.000000
1.000000
1.000000
1.000000
1.000000
1.000000
1.000000
1.000000
1.000000
1.000000
1.000000
1.000000
1.000000
1.000000
1.000000
1.000000
1.000000
1.000000
1.000000
1.000000
1.000000
1.000000
1.000000
1.000000
1.000000
1.000000
1.000000
1.000000
1.000000
1.000000
1.000000
1.000000
1.000000
1.000000
1.000000
1.000000
1.000000
1.000000
1.000000
1.000000
1.000000
1.000000
1.000000
1.000000
1.000000
1.000000
1.000000
1.000000
1.000000
1.000000
1.000000
1.000000
1.000000
1.000000
1.000000
1.000000
1.000000
1.000000
1.000000
1.000000
1.000000
1.000000
1.000000
1.000000
1.000000
1.000000
1.000000
1.000000
1.000000
1.000000
1.000000
1.000000
1.000000
1.000000
1.000000
1.000000
1.000000
1.000000
1.000000
1.000000
1.000000
1.000000
1.000000
1.000000
1.000000
1.000000
1.000000
1.000000
1.000000
1.000000
1.000000
1.000000
1.000000
1.000000
1.000000
1.000000
1.000000
1.000000
1.000000
1.000000
1.000000
1.000000
1.000000
1.000000
1.000000
1.000000
1.000000
1.000000
1.000000
1.000000
1.000000
1.000000
1.000000
1.000000
1.000000
1.000000
1.000000
1.000000
1.000000
1.000000
1.000000
1.000000
1.000000
1.000000
1.000000
1.000000
1.000000
1.000000
1.000000
1.000000
1.000000
1.000000
1.000000
1.000000
1.000000
1.000000
1.000000
1.000000
1.000000
1.000000
1.000000
1.000000
1.000000
1.000000
1.000000
1.000000
1.000000
1.000000
1.000000
1.000000
1.000000
1.000000
1.000000
1.000000
1.000000
1.000000
1.000000
1.000000
1.000000
1.000000
1.000000
1.000000
1.000000
1.000000
1.000000
1.000000
1.000000
1.000000
1.000000
1.000000
1.000000
1.000000
1.000000
1.000000
1.000000
1.000000
1.000000
1.000000
1.000000
1.000000
1.000000
1.000000
1.000000
1.000000
1.000000
1.000000
1.000000
1.000000
1.000000
1.000000
1.000000
1.000000
1.000000
1.000000
1.000000
1.000000
1.000000
1.000000
1.000000
1.000000
1.000000
1.000000
1.000000
1.000000
1.000000
1.000000
1.000000
1.000000
1.000000
1.000000
1.000000
1.000000
1.000000
1.000000
1.000000
1.000000
1.000000
1.000000
1.000000
1.000000
1.000000
1.000000
1.000000
1.000000
1.000000
1.000000
1.000000
1.000000
1.000000
1.000000
1.000000
1.000000
1.000000
1.000000
1.000000
1.000000
1.000000
1.000000
1.000000
1.000000
1.000000
1.000000
1.000000
1.000000
1.000000
1.000000
1.000000
1.000000
1.000000
1.000000
1.000000
1.000000
1.000000
1.000000
1.000000
1.000000
1.000000
1.000000
1.000000
1.000000
1.000000
1.000000
1.000000
1.000000
1.000000
1.000000
1.000000
1.000000
1.000000
1.000000
1.000000
1.000000
1.000000
1.000000
1.000000
1.000000
1.000000
1.000000
1.000000
1.000000
1.000000
1.000000
1.000000
1.000000
1.000000
1.000000
1.000000
1.000000
1.000000
1.000000
1.000000
1.000000
1.000000
1.000000
1.000000
1.000000
1.000000
1.000000
1.000000
1.000000
1.000000
1.000000
1.000000
1.000000
1.000000
1.000000
1.000000
1.000000
1.000000
1.000000
1.000000
1.000000
1.000000
1.000000
1.000000
1.000000
1.000000
1.000000
1.000000
1.000000
1.000000
1.000000
1.000000
1.000000
1.000000
1.000000
1.000000
1.000000
1.000000
1.000000
1.000000
1.000000
1.000000
1.000000
1.000000
1.000000
1.000000
1.000000
1.000000
1.000000
1.000000
1.000000
1.000000
1.000000
1.000000
1.000000
1.000000
1.000000
1.000000
1.000000
1.000000
1.000000
1.000000
1.000000
1.000000
1.000000
1.000000
1.000000
1.000000
1.000000
1.000000
1.000000
1.000000
1.000000
1.000000
1.000000
1.000000
1.000000
1.000000
1.000000
1.000000
1.000000
1.000000
1.000000
1.000000
1.000000
1.000000
1.000000
1.000000
1.000000
1.000000
1.000000
1.000000
1.000000
1.000000
1.000000
1.000000
1.000000
1.000000
1.000000
1.000000
1.000000
1.000000
1.000000
1.000000
1.000000
1.000000
1.000000
1.000000
1.000000
1.000000
1.000000
1.000000
1.000000
1.000000
1.000000
1.000000
1.000000
1.000000
1.000000
1.000000
1.000000
1.000000
1.000000
1.000000
1.000000
1.000000
1.000000
1.000000
1.000000
1.000000
1.000000
1.000000
1.000000
1.000000
1.000000
1.000000
1.000000
1.000000
1.000000
1.000000
1.000000
1.000000
1.000000
1.000000
1.000000
1.000000
1.000000
1.000000
1.000000
1.000000
1.000000
1.000000
1.000000
1.000000
1.000000
1.000000
1.000000
1.000000
1.000000
1.000000
1.000000
1.000000
1.000000
1.000000
1.000000
1.000000
1.000000
1.000000
1.000000
1.000000
1.000000
1.000000
1.000000
1.000000
1.000000
1.000000
1.000000
1.000000
1.000000
1.000000
1.000000
1.000000
1.000000
1.000000
1.000000
1.000000
1.000000
1.000000
1.000000
1.000000
1.000000
1.000000
1.000000
1.000000
1.000000
1.000000
1.000000
1.000000
1.000000
1.000000
1.000000
1.000000
1.000000
1.000000
1.000000
1.000000
1.000000
1.000000
1.000000
1.000000
1.000000
1.000000
1.000000
1.000000
1.000000
1.000000
1.000000
1.000000
1.000000
1.000000
1.000000
1.000000
1.000000
1.000000
1.000000
1.000000
1.000000
1.000000
1.000000
1.000000
1.000000
1.000000
1.000000
1.000000
1.000000
1.000000
1.000000
1.000000
1.000000
1.000000
1.000000
1.000000
1.000000
1.000000
1.000000
1.000000
1.000000
1.000000
1.000000
1.000000
1.000000
1.000000
1.000000
1.000000
1.000000
1.000000
1.000000
1.000000
1.000000
1.000000
1.000000
1.000000
1.000000
1.000000
1.000000
1.000000
1.000000
1.000000
1.000000
1.000000
1.000000
1.000000
1.000000
1.000000
1.000000
1.000000
1.000000
1.000000
1.000000
1.000000
1.000000
1.000000
1.000000
1.000000
1.000000
1.000000
1.000000
1.000000
1.000000
1.000000
1.000000
1.000000
1.000000
1.000000
1.000000
1.000000
1.000000
1.000000
1.000000
1.000000
1.000000
1.000000
1.000000
1.000000
1.000000
1.000000
1.000000
1.000000
1.000000
1.000000
1.000000
1.000000
1.000000
1.000000
1.000000
1.000000
1.000000
1.000000
1.000000
1.000000
1.000000
1.000000
1.000000
1.000000
1.000000
1.000000
1.000000
1.000000
1.000000
1.000000
1.000000
1.000000
1.000000
1.000000
1.000000
1.000000
1.000000
1.000000
1.000000
1.000000
1.000000
1.000000
1.000000
1.000000
1.000000
1.000000
1.000000
1.000000
1.000000
1.000000
1.000000
1.000000
1.000000
1.000000
1.000000
1.000000
1.000000
1.000000
1.000000
1.000000
1.000000
1.000000
1.000000
1.000000
1.000000
1.000000
1.000000
1.000000
1.000000
1.000000
1.000000
1.000000
1.000000
1.000000
1.000000
1.000000
1.000000
1.000000
1.000000
1.000000
1.000000
1.000000
1.000000
1.000000
1.000000
1.000000
1.000000
1.000000
1.000000
1.000000
1.000000
1.000000
1.000000
1.000000
1.000000
1.000000
1.000000
1.000000
1.000000
1.000000
1.000000
1.000000
1.000000
1.000000
1.000000
1.000000
1.000000
1.000000
1.000000
1.000000
1.000000
1.000000
1.000000
1.000000
1.000000
1.000000
1.000000
1.000000
1.000000
1.000000
1.000000
1.000000
1.000000
1.000000
1.000000
1.000000
1.000000
1.000000
1.000000
1.000000
1.000000
1.000000
1.000000
1.000000
1.000000
1.000000
1.000000
1.000000
1.000000
1.000000
1.000000
1.000000
1.000000
1.000000
1.000000
1.000000
1.000000
1.000000
1.000000
1.000000
1.000000
1.000000
1.000000
1.000000
1.000000
1.000000
1.000000
1.000000
1.000000
1.000000
1.000000
1.000000
1.000000
1.000000
1.000000
1.000000
1.000000
1.000000
1.000000
1.000000
1.000000
1.000000
1.000000
1.000000
1.000000
1.000000
1.000000
1.000000
1.000000
1.000000
1.000000
1.000000
1.000000
1.000000
1.000000
1.000000
1.000000
1.000000
1.000000
1.000000
1.000000
1.000000
1.000000
1.000000
1.000000
1.000000
1.000000
1.000000
1.000000
1.000000
1.000000
1.000000
1.000000
1.000000
1.000000
1.000000
1.000000
1.000000
1.000000
1.000000
1.000000
1.000000
1.000000
1.000000
1.000000
1.000000
1.000000
1.000000
1.000000
1.000000
1.000000
1.000000
1.000000
1.000000
1.000000
1.000000
1.000000
1.000000
1.000000
1.000000
1.000000
1.000000
1.000000
1.000000
1.000000
1.000000
1.000000
1.000000
1.000000
1.000000
1.000000
1.000000
1.000000
1.000000
1.000000
1.000000
1.000000
1.000000
1.000000
1.000000
1.000000
1.000000
1.000000
1.000000
1.000000
1.000000
1.000000
1.000000
1.000000
1.000000
1.000000
1.000000
1.000000
1.000000
1.000000
1.000000
1.000000
1.000000
1.000000
1.000000
1.000000
1.000000
1.000000
1.000000
1.000000
1.000000
1.000000
1.000000
1.000000
1.000000
1.000000
1.000000
1.000000
1.000000
1.000000
1.000000
1.000000
1.000000
1.000000
1.000000
1.000000
1.000000
1.000000
1.000000
1.000000
1.000000
1.000000
1.000000
1.000000
1.000000
1.000000
1.000000
1.000000
1.000000
1.000000
1.000000
1.000000
1.000000
1.000000
1.000000
1.000000
1.000000
1.000000
1.000000
1.000000
1.000000
1.000000
1.000000
1.000000
1.000000
1.000000
1.000000
1.000000
1.000000
1.000000
1.000000
1.000000
1.000000
1.000000
1.000000
1.000000
1.000000
1.000000
1.000000
1.000000
1.000000
1.000000
1.000000
1.000000
1.000000
1.000000
1.000000
1.000000
1.000000
1.000000
1.000000
1.000000
1.000000
1.000000
1.000000
1.000000
1.000000
1.000000
1.000000
1.000000
1.000000
1.000000
1.000000
1.000000
1.000000
1.000000
1.000000
1.000000
1.000000
1.000000
1.000000
1.000000
1.000000
1.000000
1.000000
1.000000
1.000000
1.000000
1.000000
1.000000
1.000000
1.000000
1.000000
1.000000
1.000000
1.000000
1.000000
1.000000
1.000000
1.000000
1.000000
1.000000
1.000000
1.000000
1.000000
1.000000
1.000000
1.000000
1.000000
1.000000
1.000000
1.000000
1.000000
1.000000
1.000000
1.000000
1.000000
1.000000
1.000000
1.000000
1.000000
1.000000
1.000000
1.000000
1.000000
1.000000
1.000000
1.000000
1.000000
1.000000
1.000000
1.000000
1.000000
1.000000
1.000000
1.000000
1.000000
1.000000
1.000000
1.000000
1.000000
1.000000
1.000000
1.000000
1.000000
1.000000
1.000000
1.000000
1.000000
1.000000
1.000000
1.000000
1.000000
1.000000
1.000000
1.000000
1.000000
1.000000
1.000000
1.000000
1.000000
1.000000
1.000000
1.000000
1.000000
1.000000
1.000000
1.000000
1.000000
1.000000
1.000000
1.000000
1.000000
1.000000
1.000000
1.000000
1.000000
1.000000
1.000000
1.000000
1.000000
1.000000
1.000000
1.000000
1.000000
1.000000
1.000000
1.000000
1.000000
1.000000
1.000000
1.000000
1.000000
1.000000
1.000000
1.000000
1.000000
1.000000
1.000000
1.000000
1.000000
1.000000
1.000000
1.000000
1.000000
1.000000
1.000000
1.000000
1.000000
1.000000
1.000000
1.000000
1.000000
1.000000
1.000000
1.000000
1.000000
1.000000
1.000000
1.000000
1.000000
1.000000
1.000000
1.000000
1.000000
1.000000
1.000000
1.000000
1.000000
1.000000
1.000000
1.000000
1.000000
1.000000
1.000000
1.000000
1.000000
1.000000
1.000000
1.000000
1.000000
1.000000
1.000000
1.000000
1.000000
1.000000
1.000000
1.000000
1.000000
1.000000
1.000000
1.000000
1.000000
1.000000
1.000000
1.000000
1.000000
1.000000
1.000000
1.000000
1.000000
1.000000
1.000000
1.000000
1.000000
1.000000
1.000000
1.000000
1.000000
1.000000
1.000000
1.000000
1.000000
1.000000
1.000000
1.000000
1.000000
1.000000
1.000000
1.000000
1.000000
1.000000
1.000000
1.000000
1.000000
1.000000
1.000000
1.000000
1.000000
1.000000
1.000000
1.000000
1.000000
1.000000
1.000000
1.000000
1.000000
1.000000
1.000000
1.000000
1.000000
1.000000
1.000000
1.000000
1.000000
1.000000
1.000000
1.000000
1.000000
1.000000
1.000000
1.000000
1.000000
1.000000
1.000000
1.000000
1.000000
1.000000
1.000000
1.000000
1.000000
1.000000
1.000000
1.000000
1.000000
1.000000
1.000000
1.000000
1.000000
1.000000
1.000000
1.000000
1.000000
1.000000
1.000000
1.000000
1.000000
1.000000
1.000000
1.000000
1.000000
1.000000
1.000000
1.000000
1.000000
1.000000
1.000000
1.000000
1.000000
1.000000
1.000000
1.000000
1.000000
1.000000
1.000000
1.000000
1.000000
1.000000
1.000000
1.000000
1.000000
1.000000
1.000000
1.000000
1.000000
1.000000
1.000000
1.000000
1.000000
1.000000
1.000000
1.000000
1.000000
1.000000
1.000000
1.000000
1.000000
1.000000
1.000000
1.000000
1.000000
1.000000
1.000000
1.000000
1.000000
1.000000
1.000000
1.000000
1.000000
1.000000
1.000000
1.000000
1.000000
1.000000
1.000000
1.000000
1.000000
1.000000
1.000000
1.000000
1.000000
1.000000
1.000000
1.000000
1.000000
1.000000
1.000000
1.000000
1.000000
1.000000
1.000000
1.000000
1.000000
1.000000
1.000000
1.000000
1.000000
1.000000
1.000000
1.000000
1.000000
1.000000
1.000000
1.000000
1.000000
1.000000
1.000000
1.000000
1.000000
1.000000
1.000000
1.000000
1.000000
1.000000
1.000000
1.000000
1.000000
1.000000
1.000000
1.000000
1.000000
1.000000
1.000000
1.000000
1.000000
1.000000
1.000000
1.000000
1.000000
1.000000
1.000000
1.000000
1.000000
1.000000
1.000000
1.000000
1.000000
1.000000
1.000000
1.000000
1.000000
1.000000
1.000000
1.000000
1.000000
1.000000
1.000000
1.000000
1.000000
1.000000
1.000000
1.000000
1.000000
1.000000
1.000000
1.000000
1.000000
1.000000
1.000000
1.000000
1.000000
1.000000
1.000000
1.000000
1.000000
1.000000
1.000000
1.000000
1.000000
1.000000
1.000000
1.000000
1.000000
1.000000
1.000000
1.000000
1.000000
1.000000
1.000000
1.000000
1.000000
1.000000
1.000000
1.000000
1.000000
1.000000
1.000000
1.000000
1.000000
1.000000
1.000000
1.000000
1.000000
1.000000
1.000000
1.000000
1.000000
1.000000
1.000000
1.000000
1.000000
1.000000
1.000000
1.000000
1.000000
1.000000
1.000000
1.000000
1.000000
1.000000
1.000000
1.000000
1.000000
1.000000
1.000000
1.000000
1.000000
1.000000
1.000000
1.000000
1.000000
1.000000
1.000000
1.000000
1.000000
1.000000
1.000000
1.000000
1.000000
1.000000
1.000000
1.000000
1.000000
1.000000
1.000000
1.000000
1.000000
1.000000
1.000000
1.000000
1.000000
1.000000
1.000000
1.000000
1.000000
1.000000
1.000000
1.000000
1.000000
1.000000
1.000000
1.000000
1.000000
1.000000
1.000000
1.000000
1.000000
1.000000
1.000000
1.000000
1.000000
1.000000
1.000000
1.000000
1.000000
1.000000
1.000000
1.000000
1.000000
1.000000
1.000000
1.000000
1.000000
1.000000
1.000000
1.000000
1.000000
1.000000
1.000000
1.000000
1.000000
1.000000
1.000000
1.000000
1.000000
1.000000
1.000000
1.000000
1.000000
1.000000
1.000000
1.000000
1.000000
1.000000
1.000000
1.000000
1.000000
1.000000
1.000000
1.000000
1.000000
1.000000
1.000000
1.000000
1.000000
1.000000
1.000000
1.000000
1.000000
1.000000
1.000000
1.000000
1.000000
1.000000
1.000000
1.000000
1.000000
1.000000
1.000000
1.000000
1.000000
1.000000
1.000000
1.000000
1.000000
1.000000
1.000000
1.000000
1.000000
1.000000
1.000000
1.000000
1.000000
1.000000
1.000000
1.000000
1.000000
1.000000
1.000000
1.000000
1.000000
1.000000
1.000000
1.000000
1.000000
1.000000
1.000000
1.000000
1.000000
1.000000
1.000000
1.000000
1.000000
1.000000
1.000000
1.000000
1.000000
1.000000
1.000000
1.000000
1.000000
1.000000
1.000000
1.000000
1.000000
1.000000
1.000000
1.000000
1.000000
1.000000
1.000000
1.000000
1.000000
1.000000
1.000000
1.000000
1.000000
1.000000
1.000000
1.000000
1.000000
1.000000
1.000000
1.000000
1.000000
1.000000
1.000000
1.000000
1.000000
1.000000
1.000000
1.000000
1.000000
1.000000
1.000000
1.000000
1.000000
1.000000
1.000000
1.000000
1.000000
1.000000
1.000000
1.000000
1.000000
1.000000
1.000000
1.000000
1.000000
1.000000
1.000000
1.000000
1.000000
1.000000
1.000000
1.000000
1.000000
1.000000
1.000000
1.000000
1.000000
1.000000
1.000000
1.000000
1.000000
1.000000
1.000000
1.000000
1.000000
1.000000
1.000000
1.000000
1.000000
1.000000
1.000000
1.000000
1.000000
1.000000
1.000000
1.000000
1.000000
1.000000
1.000000
1.000000
1.000000
1.000000
1.000000
1.000000
1.000000
1.000000
1.000000
1.000000
1.000000
1.000000
1.000000
1.000000
1.000000
1.000000
1.000000
1.000000
1.000000
1.000000
1.000000
1.000000
1.000000
1.000000
1.000000
1.000000
1.000000
1.000000
1.000000
1.000000
1.000000
1.000000
1.000000
1.000000
1.000000
1.000000
1.000000
1.000000
1.000000
1.000000
1.000000
1.000000
1.000000
1.000000
1.000000
1.000000
1.000000
1.000000
1.000000
1.000000
1.000000
1.000000
1.000000
1.000000
1.000000
1.000000
1.000000
1.000000
1.000000
1.000000
1.000000
1.000000
1.000000
1.000000
1.000000
1.000000
1.000000
1.000000
1.000000
1.000000
1.000000
1.000000
1.000000
1.000000
1.000000
1.000000
1.000000
1.000000
1.000000
1.000000
1.000000
1.000000
1.000000
1.000000
1.000000
1.000000
1.000000
1.000000
1.000000
1.000000
1.000000
1.000000
1.000000
1.000000
1.000000
1.000000
1.000000
1.000000
1.000000
1.000000
1.000000
1.000000
1.000000
1.000000
1.000000
1.000000
1.000000
1.000000
1.000000
1.000000
1.000000
1.000000
1.000000
1.000000
1.000000
1.000000
1.000000
1.000000
1.000000
1.000000
1.000000
1.000000
1.000000
1.000000
1.000000
1.000000
1.000000
1.000000
1.000000
1.000000
1.000000
1.000000
1.000000
1.000000
1.000000
1.000000
1.000000
1.000000
1.000000
1.000000
1.000000
1.000000
1.000000
1.000000
1.000000
1.000000
1.000000
1.000000
1.000000
1.000000
1.000000
1.000000
1.000000
1.000000
1.000000
1.000000
1.000000
1.000000
1.000000
1.000000
1.000000
1.000000
1.000000
1.000000
1.000000
1.000000
1.000000
1.000000
1.000000
1.000000
1.000000
1.000000
1.000000
1.000000
1.000000
1.000000
1.000000
1.000000
1.000000
1.000000
1.000000
1.000000
1.000000
1.000000
1.000000
1.000000
1.000000
1.000000
1.000000
1.000000
1.000000
1.000000
1.000000
1.000000
1.000000
1.000000
1.000000
1.000000
1.000000
1.000000
1.000000
1.000000
1.000000
1.000000
1.000000
1.000000
1.000000
1.000000
1.000000
1.000000
1.000000
1.000000
1.000000
1.000000
1.000000
1.000000
1.000000
1.000000
1.000000
1.000000
1.000000
1.000000
1.000000
1.000000
1.000000
1.000000
1.000000
1.000000
1.000000
1.000000
1.000000
1.000000
1.000000
1.000000
1.000000
1.000000
1.000000
1.000000
1.000000
1.000000
1.000000
1.000000
1.000000
1.000000
1.000000
1.000000
1.000000
1.000000
1.000000
1.000000
1.000000
1.000000
1.000000
1.000000
1.000000
1.000000
1.000000
1.000000
1.000000
1.000000
1.000000
1.000000
1.000000
1.000000
1.000000
1.000000
1.000000
1.000000
1.000000
1.000000
1.000000
1.000000
1.000000
1.000000
1.000000
1.000000
1.000000
1.000000
1.000000
1.000000
1.000000
1.000000
1.000000
1.000000
1.000000
1.000000
1.000000
1.000000
1.000000
1.000000
1.000000
1.000000
1.000000
1.000000
1.000000
1.000000
1.000000
1.000000
1.000000
1.000000
1.000000
1.000000
1.000000
1.000000
1.000000
1.000000
1.000000
1.000000
1.000000
1.000000
1.000000
1.000000
1.000000
1.000000
1.000000
1.000000
1.000000
1.000000
1.000000
1.000000
1.000000
1.000000
1.000000
1.000000
1.000000
1.000000
1.000000
1.000000
1.000000
1.000000
1.000000
1.000000
1.000000
1.000000
1.000000
1.000000
1.000000
1.000000
1.000000
1.000000
1.000000
1.000000
1.000000
1.000000
1.000000
1.000000
1.000000
1.000000
1.000000
1.000000
1.000000
1.000000
1.000000
1.000000
1.000000
1.000000
1.000000
1.000000
1.000000
1.000000
1.000000
1.000000
1.000000
1.000000
1.000000
1.000000
1.000000
1.000000
1.000000
1.000000
1.000000
1.000000
1.000000
1.000000
1.000000
1.000000
1.000000
1.000000
1.000000
1.000000
1.000000
1.000000
1.000000
1.000000
1.000000
1.000000
1.000000
1.000000
1.000000
1.000000
1.000000
1.000000
1.000000
1.000000
1.000000
1.000000
1.000000
1.000000
1.000000
1.000000
1.000000
1.000000
1.000000
1.000000
1.000000
1.000000
1.000000
1.000000
1.000000
1.000000
1.000000
1.000000
1.000000
1.000000
1.000000
1.000000
1.000000
1.000000
1.000000
1.000000
1.000000
1.000000
1.000000
1.000000
1.000000
1.000000
1.000000
1.000000
1.000000
1.000000
1.000000
1.000000
1.000000
1.000000
1.000000
1.000000
1.000000
1.000000
1.000000
1.000000
1.000000
1.000000
1.000000
1.000000
1.000000
1.000000
1.000000
1.000000
1.000000
1.000000
1.000000
1.000000
1.000000
1.000000
1.000000
1.000000
1.000000
1.000000
1.000000
1.000000
1.000000
1.000000
1.000000
1.000000
1.000000
1.000000
1.000000
1.000000
1.000000
1.000000
1.000000
1.000000
1.000000
1.000000
1.000000
1.000000
1.000000
1.000000
1.000000
1.000000
1.000000
1.000000
1.000000
1.000000
1.000000
1.000000
1.000000
1.000000
1.000000
1.000000
1.000000
1.000000
1.000000
1.000000
1.000000
1.000000
1.000000
1.000000
1.000000
1.000000
1.000000
1.000000
1.000000
1.000000
1.000000
1.000000
1.000000
1.000000
1.000000
1.000000
1.000000
1.000000
1.000000
1.000000
1.000000
1.000000
1.000000
1.000000
1.000000
1.000000
1.000000
1.000000
1.000000
1.000000
1.000000
1.000000
1.000000
1.000000
1.000000
1.000000
1.000000
1.000000
1.000000
1.000000
1.000000
1.000000
1.000000
1.000000
1.000000
1.000000
1.000000
1.000000
1.000000
1.000000
1.000000
1.000000
1.000000
1.000000
1.000000
1.000000
1.000000
1.000000
1.000000
1.000000
1.000000
1.000000
1.000000
1.000000
1.000000
1.000000
1.000000
1.000000
1.000000
1.000000
1.000000
1.000000
1.000000
1.000000
1.000000
1.000000
1.000000
1.000000
1.000000
1.000000
1.000000
1.000000
1.000000
1.000000
1.000000
1.000000
1.000000
1.000000
1.000000
1.000000
1.000000
1.000000
1.000000
1.000000
1.000000
1.000000
1.000000
1.000000
1.000000
1.000000
1.000000
1.000000
1.000000
1.000000
1.000000
1.000000
1.000000
1.000000
1.000000
1.000000
1.000000
1.000000
1.000000
1.000000
1.000000
1.000000
1.000000
1.000000
1.000000
1.000000
1.000000
1.000000
1.000000
1.000000
1.000000
1.000000
1.000000
1.000000
1.000000
1.000000
1.000000
1.000000
1.000000
1.000000
1.000000
1.000000
1.000000
1.000000
1.000000
1.000000
1.000000
1.000000
1.000000
1.000000
1.000000
1.000000
1.000000
1.000000
1.000000
1.000000
1.000000
1.000000
1.000000
1.000000
1.000000
1.000000
1.000000
1.000000
1.000000
1.000000
1.000000
1.000000
1.000000
1.000000
1.000000
1.000000
1.000000
1.000000
1.000000
1.000000
1.000000
1.000000
1.000000
1.000000
1.000000
1.000000
1.000000
1.000000
1.000000
1.000000
1.000000
1.000000
1.000000
1.000000
1.000000
1.000000
1.000000
1.000000
1.000000
1.000000
1.000000
1.000000
1.000000
1.000000
1.000000
1.000000
1.000000
1.000000
1.000000
1.000000
1.000000
1.000000
1.000000
1.000000
1.000000
1.000000
1.000000
1.000000
1.000000
1.000000
1.000000
1.000000
1.000000
1.000000
1.000000
1.000000
1.000000
1.000000
1.000000
1.000000
1.000000
1.000000
1.000000
1.000000
1.000000
1.000000
1.000000
1.000000
1.000000
1.000000
1.000000
1.000000
1.000000
1.000000
1.000000
1.000000
1.000000
1.000000
1.000000
1.000000
1.000000
1.000000
1.000000
1.000000
1.000000
1.000000
1.000000
1.000000
1.000000
1.000000
1.000000
1.000000
1.000000
1.000000
1.000000
1.000000
1.000000
1.000000
1.000000
1.000000
1.000000
1.000000
1.000000
1.000000
1.000000
1.000000
1.000000
1.000000
1.000000
1.000000
1.000000
1.000000
1.000000
1.000000
1.000000
1.000000
1.000000
1.000000
1.000000
1.000000
1.000000
1.000000
1.000000
1.000000
1.000000
1.000000
1.000000
1.000000
1.000000
1.000000
1.000000
1.000000
1.000000
1.000000
1.000000
1.000000
1.000000
1.000000
1.000000
1.000000
1.000000
1.000000
1.000000
1.000000
1.000000
1.000000
1.000000
1.000000
1.000000
1.000000
1.000000
1.000000
1.000000
1.000000
1.000000
1.000000
1.000000
1.000000
1.000000
1.000000
1.000000
1.000000
1.000000
1.000000
1.000000
1.000000
1.000000
1.000000
1.000000
1.000000
1.000000
1.000000
1.000000
1.000000
1.000000
1.000000
1.000000
1.000000
1.000000
1.000000
1.000000
1.000000
1.000000
1.000000
1.000000
1.000000
1.000000
1.000000
1.000000
1.000000
1.000000
1.000000
1.000000
1.000000
1.000000
1.000000
1.000000
1.000000
1.000000
1.000000
1.000000
1.000000
1.000000
1.000000
1.000000
1.000000
1.000000
1.000000
1.000000
1.000000
1.000000
1.000000
1.000000
1.000000
1.000000
1.000000
1.000000
1.000000
1.000000
1.000000
1.000000
1.000000
1.000000
1.000000
1.000000
1.000000
1.000000
1.000000
1.000000
1.000000
1.000000
1.000000
1.000000
1.000000
1.000000
1.000000
1.000000
1.000000
1.000000
1.000000
1.000000
1.000000
1.000000
1.000000
1.000000
1.000000
1.000000
1.000000
1.000000
1.000000
1.000000
1.000000
1.000000
1.000000
1.000000
1.000000
1.000000
1.000000
1.000000
1.000000
1.000000
1.000000
1.000000
1.000000
1.000000
1.000000
1.000000
1.000000
1.000000
1.000000
1.000000
1.000000
1.000000
1.000000
1.000000
1.000000
1.000000
1.000000
1.000000
1.000000
1.000000
1.000000
1.000000
1.000000
1.000000
1.000000
1.000000
1.000000
1.000000
1.000000
1.000000
1.000000
1.000000
1.000000
1.000000
1.000000
1.000000
1.000000
1.000000
1.000000
1.000000
1.000000
1.000000
1.000000
1.000000
1.000000
1.000000
1.000000
1.000000
1.000000
1.000000
1.000000
1.000000
1.000000
1.000000
1.000000
1.000000
1.000000
1.000000
1.000000
1.000000
1.000000
1.000000
1.000000
1.000000
1.000000
1.000000
1.000000
1.000000
1.000000
1.000000
1.000000
1.000000
1.000000
1.000000
1.000000
1.000000
1.000000
1.000000
1.000000
1.000000
1.000000
1.000000
1.000000
1.000000
1.000000
1.000000
1.000000
1.000000
1.000000
1.000000
1.000000
1.000000
1.000000
1.000000
1.000000
1.000000
1.000000
1.000000
1.000000
1.000000
1.000000
1.000000
1.000000
1.000000
1.000000
1.000000
1.000000
1.000000
1.000000
1.000000
1.000000
1.000000
1.000000
1.000000
1.000000
1.000000
1.000000
1.000000
1.000000
1.000000
1.000000
1.000000
1.000000
1.000000
1.000000
1.000000
1.000000
1.000000
1.000000
1.000000
1.000000
1.000000
1.000000
1.000000
1.000000
1.000000
1.000000
1.000000
1.000000
1.000000
1.000000
1.000000
1.000000
1.000000
1.000000
1.000000
1.000000
1.000000
1.000000
1.000000
1.000000
1.000000
1.000000
1.000000
1.000000
1.000000
1.000000
1.000000
1.000000
1.000000
1.000000
1.000000
1.000000
1.000000
1.000000
1.000000
1.000000
1.000000
1.000000
1.000000
1.000000
1.000000
1.000000
1.000000
1.000000
1.000000
1.000000
1.000000
1.000000
1.000000
1.000000
1.000000
1.000000
1.000000
1.000000
1.000000
1.000000
1.000000
1.000000
1.000000
1.000000
1.000000
1.000000
1.000000
1.000000
1.000000
1.000000
1.000000
1.000000
1.000000
1.000000
1.000000
1.000000
1.000000
1.000000
1.000000
1.000000
1.000000
1.000000
1.000000
1.000000
1.000000
1.000000
1.000000
1.000000
1.000000
1.000000
1.000000
1.000000
1.000000
1.000000
1.000000
1.000000
1.000000
1.000000
1.000000
1.000000
1.000000
1.000000
1.000000
1.000000
1.000000
1.000000
1.000000
1.000000
1.000000
1.000000
1.000000
1.000000
1.000000
1.000000
1.000000
1.000000
1.000000
1.000000
1.000000
1.000000
1.000000
1.000000
1.000000
1.000000
1.000000
1.000000
1.000000
1.000000
1.000000
1.000000
1.000000
1.000000
1.000000
1.000000
1.000000
1.000000
1.000000
1.000000
1.000000
1.000000
1.000000
1.000000
1.000000
1.000000
1.000000
1.000000
1.000000
1.000000
1.000000
1.000000
1.000000
1.000000
1.000000
1.000000
1.000000
1.000000
1.000000
1.000000
1.000000
1.000000
1.000000
1.000000
1.000000
1.000000
1.000000
1.000000
1.000000
1.000000
1.000000
1.000000
1.000000
1.000000
1.000000
1.000000
1.000000
1.000000
1.000000
1.000000
1.000000
1.000000
1.000000
1.000000
1.000000
1.000000
1.000000
1.000000
1.000000
1.000000
1.000000
1.000000
1.000000
1.000000
1.000000
1.000000
1.000000
1.000000
1.000000
1.000000
1.000000
1.000000
1.000000
1.000000
1.000000
1.000000
1.000000
1.000000
1.000000
1.000000
1.000000
1.000000
1.000000
1.000000
1.000000
1.000000
1.000000
1.000000
1.000000
1.000000
1.000000
1.000000
1.000000
1.000000
1.000000
1.000000
1.000000
1.000000
1.000000
1.000000
1.000000
1.000000
1.000000
1.000000
1.000000
1.000000
1.000000
1.000000
1.000000
1.000000
1.000000
1.000000
1.000000
1.000000
1.000000
1.000000
1.000000
1.000000
1.000000
1.000000
1.000000
1.000000
1.000000
1.000000
1.000000
1.000000
1.000000
1.000000
1.000000
1.000000
1.000000
1.000000
1.000000
1.000000
1.000000
1.000000
1.000000
1.000000
1.000000
1.000000
1.000000
1.000000
1.000000
1.000000
1.000000
1.000000
1.000000
1.000000
1.000000
1.000000
1.000000
1.000000
1.000000
1.000000
1.000000
1.000000
1.000000
1.000000
1.000000
1.000000
1.000000
1.000000
1.000000
1.000000
1.000000
1.000000
1.000000
1.000000
1.000000
1.000000
1.000000
1.000000
1.000000
1.000000
1.000000
1.000000
1.000000
1.000000
1.000000
1.000000
1.000000
1.000000
1.000000
1.000000
1.000000
1.000000
1.000000
1.000000
1.000000
1.000000
1.000000
1.000000
1.000000
1.000000
1.000000
1.000000
1.000000
1.000000
1.000000
1.000000
1.000000
1.000000
1.000000
1.000000
1.000000
1.000000
1.000000
1.000000
1.000000
1.000000
1.000000
1.000000
1.000000
1.000000
1.000000
1.000000
1.000000
1.000000
1.000000
1.000000
1.000000
1.000000
1.000000
1.000000
1.000000
1.000000
1.000000
1.000000
1.000000
1.000000
1.000000
1.000000
1.000000
1.000000
1.000000
1.000000
1.000000
1.000000
1.000000
1.000000
1.000000
1.000000
1.000000
1.000000
1.000000
1.000000
1.000000
1.000000
1.000000
1.000000
1.000000
1.000000
1.000000
1.000000
1.000000
1.000000
1.000000
1.000000
1.000000
1.000000
1.000000
1.000000
1.000000
1.000000
1.000000
1.000000
1.000000
1.000000
1.000000
1.000000
1.000000
1.000000
1.000000
1.000000
1.000000
1.000000
1.000000
1.000000
1.000000
1.000000
1.000000
1.000000
1.000000
1.000000
1.000000
1.000000
1.000000
1.000000
1.000000
1.000000
1.000000
1.000000
1.000000
1.000000
1.000000
1.000000
1.000000
1.000000
1.000000
1.000000
1.000000
1.000000
1.000000
1.000000
1.000000
1.000000
1.000000
1.000000
1.000000
1.000000
1.000000
1.000000
1.000000
1.000000
1.000000
1.000000
1.000000
1.000000
1.000000
1.000000
1.000000
1.000000
1.000000
1.000000
1.000000
1.000000
1.000000
1.000000
1.000000
1.000000
1.000000
1.000000
1.000000
1.000000
1.000000
1.000000
1.000000
1.000000
1.000000
1.000000
1.000000
1.000000
1.000000
1.000000
1.000000
1.000000
1.000000
1.000000
1.000000
1.000000
1.000000
1.000000
1.000000
1.000000
1.000000
1.000000
1.000000
1.000000
1.000000
1.000000
1.000000
1.000000
1.000000
1.000000
1.000000
1.000000
1.000000
1.000000
1.000000
1.000000
1.000000
1.000000
1.000000
1.000000
1.000000
1.000000
1.000000
1.000000
1.000000
1.000000
1.000000
1.000000
1.000000
1.000000
1.000000
1.000000
1.000000
1.000000
1.000000
1.000000
1.000000
1.000000
1.000000
1.000000
1.000000
1.000000
1.000000
1.000000
1.000000
1.000000
1.000000
1.000000
1.000000
1.000000
1.000000
1.000000
1.000000
1.000000
1.000000
1.000000
1.000000
1.000000
1.000000
1.000000
1.000000
1.000000
1.000000
1.000000
1.000000
1.000000
1.000000
1.000000
1.000000
1.000000
1.000000
1.000000
1.000000
1.000000
1.000000
1.000000
1.000000
1.000000
1.000000
1.000000
1.000000
1.000000
1.000000
1.000000
1.000000
1.000000
1.000000
1.000000
1.000000
1.000000
1.000000
1.000000
1.000000
1.000000
1.000000
1.000000
1.000000
1.000000
1.000000
1.000000
1.000000
1.000000
1.000000
1.000000
1.000000
1.000000
1.000000
1.000000
1.000000
1.000000
1.000000
1.000000
1.000000
1.000000
1.000000
1.000000
1.000000
1.000000
1.000000
1.000000
1.000000
1.000000
1.000000
1.000000
1.000000
1.000000
1.000000
1.000000
1.000000
1.000000
1.000000
1.000000
1.000000
1.000000
1.000000
1.000000
1.000000
1.000000
1.000000
