snapshot,class,admitted_traffic,demand,fulfill_ratio,oracle_admitted_traffic,norm_fulfill,raw_mlu,oracle_mlu,normalized_mlu,disabled_flow,admitted_capacity_ratio,method
300,High,40.81025314331055,43.287471771240234,0.9427728652954102,40.84786605834961,0.999079167842865,1.0,1.488415241241455,0.6718555092811584,0.0,1.0,native_hattrick
301,High,41.27510070800781,44.01470947265625,0.9377569556236267,41.3199348449707,0.9989149570465088,1.0000001192092896,1.540365219116211,0.6491967439651489,0.0,1.0000001192092896,native_hattrick
302,High,41.342708587646484,44.10446548461914,0.9373814463615417,41.37627029418945,0.9991888403892517,1.0,1.5306810140609741,0.6533039808273315,0.0,1.0,native_hattrick
303,High,40.828468322753906,43.59922790527344,0.9364493489265442,40.83292007446289,0.9998909831047058,1.0,1.5194594860076904,0.6581287980079651,0.0,1.0,native_hattrick
304,High,40.267601013183594,43.153900146484375,0.9331161379814148,40.31892013549805,0.9987271428108215,1.0,1.5741603374481201,0.6352593302726746,0.0,1.0,native_hattrick
305,High,41.703216552734375,44.440330505371094,0.9384092092514038,41.748897552490234,0.9989058375358582,1.000000238418579,1.5494719743728638,0.6453812718391418,0.0,1.000000238418579,native_hattrick
306,High,43.05997848510742,45.910301208496094,0.9379153847694397,43.10991668701172,0.9988415837287903,1.0000001192092896,1.5598559379577637,0.6410849094390869,0.0,1.0000001192092896,native_hattrick
307,High,42.33945846557617,44.792301177978516,0.9452396631240845,42.38248825073242,0.9989847540855408,0.9999998807907104,1.480306625366211,0.6755356192588806,0.0,0.9999998807907104,native_hattrick
308,High,42.11515426635742,44.715457916259766,0.9418477416038513,42.13404083251953,0.9995517730712891,1.000000238418579,1.4988256692886353,0.6671891808509827,0.0,1.000000238418579,native_hattrick
309,High,40.99149703979492,43.451019287109375,0.9433954954147339,40.995723724365234,0.9998968839645386,1.000000238418579,1.4601633548736572,0.684855043888092,0.0,1.000000238418579,native_hattrick
300,Medium,22.73581314086914,38.93954086303711,0.5838747024536133,24.141048431396484,0.9417906403541565,1.0,2.845003366470337,0.3514934182167053,0.0,1.0,native_hattrick
301,Medium,22.938459396362305,39.39498519897461,0.5822685360908508,24.536617279052734,0.9348664283752441,1.0000001192092896,2.89332914352417,0.3456226587295532,0.0,1.0000001192092896,native_hattrick
302,Medium,22.38037109375,39.15425491333008,0.5715948939323425,23.932201385498047,0.9351572394371033,1.000000238418579,2.869053602218628,0.3485470712184906,0.0,1.000000238418579,native_hattrick
303,Medium,22.671289443969727,38.827484130859375,0.5838979482650757,24.099384307861328,0.9407414197921753,1.0000001192092896,2.8596293926239014,0.34969571232795715,0.0,1.0000001192092896,native_hattrick
304,Medium,22.31947135925293,38.724239349365234,0.5763695240020752,23.875385284423828,0.9348318576812744,1.0,2.965085744857788,0.33725836873054504,0.0,1.0,native_hattrick
305,Medium,23.36197853088379,39.432865142822266,0.592449426651001,24.692981719970703,0.9460979104042053,1.000000238418579,2.912226915359497,0.3433799147605896,0.0,1.000000238418579,native_hattrick
306,Medium,24.31846809387207,41.16219711303711,0.590796172618866,25.98284149169922,0.9359433650970459,1.000000238418579,2.925845146179199,0.3417816758155823,0.0,1.000000238418579,native_hattrick
307,Medium,23.852689743041992,39.8289680480957,0.5988779067993164,25.16659927368164,0.9477915167808533,1.0,2.8182590007781982,0.35482898354530334,0.0,1.0,native_hattrick
308,Medium,23.501256942749023,40.23704147338867,0.5840702056884766,24.77655792236328,0.9485279321670532,1.000000238418579,2.8327744007110596,0.353010892868042,0.0,1.000000238418579,native_hattrick
309,Medium,22.753040313720703,38.992916107177734,0.5835172533988953,24.22842788696289,0.9391050934791565,1.000000238418579,2.7714881896972656,0.3608170747756958,0.0,1.000000238418579,native_hattrick
300,Low,5.360384941101074,9.434466361999512,0.568170428276062,4.823646545410156,1.1112723350524902,1.0,3.196647882461548,0.3128277063369751,0.0,1.0,native_hattrick
301,Low,5.161599159240723,9.307915687561035,0.5545386672019958,4.560791015625,1.1317332983016968,1.0000001192092896,3.220942497253418,0.3104681670665741,0.0,1.0000001192092896,native_hattrick
302,Low,4.875210762023926,8.690547943115234,0.5609785318374634,4.325172424316406,1.1271713972091675,1.000000238418579,3.1574950218200684,0.3167068362236023,0.0,1.000000238418579,native_hattrick
303,Low,5.217278957366943,9.383713722229004,0.5559929609298706,4.9544525146484375,1.0530484914779663,1.0000001192092896,3.151850700378418,0.31727394461631775,0.0,1.0000001192092896,native_hattrick
304,Low,4.867956638336182,8.6682710647583,0.5615833401679993,4.184906005859375,1.1632176637649536,1.0000001192092896,3.2852959632873535,0.30438661575317383,0.0,1.0000001192092896,native_hattrick
305,Low,5.478209972381592,9.511116981506348,0.5759796500205994,5.011665344238281,1.0930917263031006,1.000000238418579,3.2701427936553955,0.30579712986946106,0.0,1.000000238418579,native_hattrick
306,Low,5.133629322052002,9.710639953613281,0.528660237789154,4.148139953613281,1.2375737428665161,1.000000238418579,3.2237377166748047,0.31019899249076843,0.0,1.000000238418579,native_hattrick
307,Low,5.089104175567627,9.595913887023926,0.5303407311439514,4.817695617675781,1.0563358068466187,1.0,3.164654493331909,0.31599026918411255,0.0,1.0,native_hattrick
308,Low,4.267858028411865,8.755433082580566,0.48745253682136536,4.1991119384765625,1.0163716077804565,1.000000238418579,3.1902639865875244,0.3134537637233734,0.0,1.000000238418579,native_hattrick
309,Low,4.82821798324585,9.405943870544434,0.5133156180381775,4.621650695800781,1.0446956157684326,1.000000238418579,3.0805845260620117,0.3246138095855713,0.0,1.000000238418579,native_hattrick
310,High,40.503509521484375,43.14285659790039,0.9388231039047241,40.50818634033203,0.9998845458030701,1.0,1.5227627754211426,0.6567010879516602,0.0,1.0,native_hattrick
311,High,39.10525131225586,41.54063415527344,0.9413734674453735,39.161869049072266,0.9985542893409729,1.0000005960464478,1.4632622003555298,0.6834049224853516,0.0,1.0000005960464478,native_hattrick
312,High,39.513458251953125,41.99935531616211,0.940811038017273,39.557411193847656,0.9988889098167419,1.0000003576278687,1.4793155193328857,0.6759885549545288,0.0,1.0000003576278687,native_hattrick
313,High,41.043540954589844,43.55380630493164,0.9423640370368958,41.0483283996582,0.9998833537101746,0.9999998807907104,1.468467354774475,0.6809820532798767,0.0,0.9999998807907104,native_hattrick
314,High,39.68223190307617,42.508209228515625,0.9335192441940308,39.68603515625,0.9999041557312012,1.000000238418579,1.4737911224365234,0.6785223484039307,0.0,1.000000238418579,native_hattrick
315,High,39.511531829833984,41.865386962890625,0.9437756538391113,39.51164627075195,0.999997079372406,0.9999998211860657,1.4710904359817505,0.6797677278518677,0.0,0.9999998211860657,native_hattrick
316,High,39.39491653442383,41.50852966308594,0.9490800499916077,39.395259857177734,0.9999912977218628,1.000000238418579,1.4218429327011108,0.7033127546310425,0.0,1.000000238418579,native_hattrick
317,High,39.433311462402344,41.396854400634766,0.9525678157806396,39.43348693847656,0.9999955296516418,1.000000238418579,1.3968826532363892,0.7158799171447754,0.0,1.000000238418579,native_hattrick
318,High,38.339271545410156,40.38302230834961,0.9493908286094666,38.35395431518555,0.9996171593666077,1.000000238418579,1.4154366254806519,0.7064959406852722,0.0,1.000000238418579,native_hattrick
319,High,37.30648422241211,39.242549896240234,0.9506641030311584,37.30674743652344,0.9999929666519165,1.0,1.3982903957366943,0.715158998966217,0.0,1.0,native_hattrick
310,Medium,22.04275894165039,38.5251350402832,0.5721656680107117,23.50970458984375,0.9376025199890137,1.0000001192092896,2.910309076309204,0.3436061441898346,0.0,1.0000001192092896,native_hattrick
311,Medium,21.28754425048828,36.94644546508789,0.5761730074882507,22.465320587158203,0.9475736021995544,1.0000005960464478,2.7703301906585693,0.3609680235385895,0.0,1.0000005960464478,native_hattrick
312,Medium,21.360973358154297,37.47361755371094,0.5700269937515259,22.334922790527344,0.9563934206962585,1.0000003576278687,2.780215263366699,0.3596844971179962,0.0,1.0000003576278687,native_hattrick
313,Medium,21.84300422668457,38.48518753051758,0.5675691366195679,23.332660675048828,0.9361557364463806,1.0,2.784111976623535,0.3591809570789337,0.0,1.0,native_hattrick
314,Medium,22.053802490234375,38.40445327758789,0.5742511749267578,23.33648681640625,0.9450352191925049,1.000000238418579,2.8081014156341553,0.3561125695705414,0.0,1.000000238418579,native_hattrick
315,Medium,22.572978973388672,37.440425872802734,0.6029039025306702,23.583614349365234,0.9571467041969299,1.000000238418579,2.7906792163848877,0.35833579301834106,0.0,1.000000238418579,native_hattrick
316,Medium,22.428850173950195,37.59280014038086,0.5966262221336365,23.390182495117188,0.9589001536369324,1.000000238418579,2.722598075866699,0.3672963082790375,0.0,1.000000238418579,native_hattrick
317,Medium,22.654783248901367,37.048004150390625,0.6114980578422546,23.420005798339844,0.9673261046409607,1.0000005960464478,2.6366186141967773,0.3792738914489746,0.0,1.0000005960464478,native_hattrick
318,Medium,21.552326202392578,36.302581787109375,0.5936857461929321,22.978145599365234,0.9379488825798035,1.000000238418579,2.689220666885376,0.3718550205230713,0.0,1.000000238418579,native_hattrick
319,Medium,22.635326385498047,35.51871871948242,0.6372787952423096,23.44510269165039,0.9654607772827148,1.0,2.6419551372528076,0.3785075545310974,0.0,1.0,native_hattrick
310,Low,5.072376251220703,8.839264869689941,0.5738459229469299,4.645256042480469,1.0919475555419922,1.0000001192092896,3.2462339401245117,0.3080493211746216,0.0,1.0000001192092896,native_hattrick
311,Low,4.452642440795898,8.490657806396484,0.5244166851043701,4.4041290283203125,1.0110154151916504,1.0000005960464478,3.0967564582824707,0.32291871309280396,0.0,1.0000005960464478,native_hattrick
312,Low,5.211187839508057,9.431000709533691,0.5525593757629395,5.160247802734375,1.0098716020584106,1.0000003576278687,3.10332989692688,0.3222346305847168,0.0,1.0000003576278687,native_hattrick
313,Low,4.5483269691467285,9.008736610412598,0.5048795342445374,4.054801940917969,1.1217137575149536,1.0,3.1395013332366943,0.3185219168663025,0.0,1.0,native_hattrick
314,Low,4.624644756317139,8.658035278320312,0.5341448187828064,4.405662536621094,1.049704670906067,1.0000003576278687,3.0982396602630615,0.3227640390396118,0.0,1.0000003576278687,native_hattrick
315,Low,4.625826358795166,8.335067749023438,0.5549836754798889,4.606193542480469,1.0042622089385986,1.000000238418579,3.0632524490356445,0.3264504671096802,0.0,1.000000238418579,native_hattrick
316,Low,4.553821086883545,8.621209144592285,0.5282114148139954,4.550785064697266,1.0006670951843262,1.0000003576278687,3.040151834487915,0.32893106341362,0.0,1.0000003576278687,native_hattrick
317,Low,4.844420433044434,8.600433349609375,0.5632762908935547,4.813331604003906,1.0064588785171509,1.0000005960464478,2.9529802799224854,0.33864113688468933,0.0,1.0000005960464478,native_hattrick
318,Low,4.500313758850098,8.306893348693848,0.5417565107345581,4.347145080566406,1.0352343320846558,1.000000238418579,2.9598190784454346,0.33785855770111084,0.0,1.000000238418579,native_hattrick
319,Low,4.710762023925781,8.48572063446045,0.5551398992538452,4.735271453857422,0.9948240518569946,1.000000238418579,2.9132702350616455,0.34325695037841797,0.0,1.000000238418579,native_hattrick
320,High,37.45340347290039,39.80423355102539,0.9409402012825012,37.45359420776367,0.9999949336051941,1.000000238418579,1.4806212186813354,0.6753923296928406,0.0,1.000000238418579,native_hattrick
321,High,37.756072998046875,39.68900680541992,0.9512979984283447,37.75617218017578,0.9999973773956299,0.9999998807907104,1.3894494771957397,0.7197093963623047,0.0,0.9999998807907104,native_hattrick
322,High,37.369606018066406,38.931270599365234,0.9598866105079651,37.36973190307617,0.9999966025352478,1.000000238418579,1.3166800737380981,0.7594861388206482,0.0,1.000000238418579,native_hattrick
323,High,36.406517028808594,38.07177734375,0.9562599658966064,36.40665054321289,0.9999963045120239,1.0,1.3359721899032593,0.7485185861587524,0.0,1.0,native_hattrick
324,High,37.956695556640625,39.40090560913086,0.9633457660675049,37.95684814453125,0.9999960064888,1.0000001192092896,1.2985976934432983,0.7700615525245667,0.0,1.0000001192092896,native_hattrick
325,High,37.18690872192383,38.61784744262695,0.9629461765289307,37.1871452331543,0.999993622303009,1.0000004768371582,1.290947675704956,0.7746251225471497,0.0,1.0000004768371582,native_hattrick
326,High,36.29554748535156,37.74797058105469,0.961523175239563,36.295833587646484,0.9999921321868896,1.000000238418579,1.2864952087402344,0.7773058414459229,0.0,1.000000238418579,native_hattrick
327,High,35.712989807128906,36.90336990356445,0.9677433371543884,35.71315383911133,0.9999954104423523,1.0000003576278687,1.2446997165679932,0.8034068942070007,0.0,1.0000003576278687,native_hattrick
328,High,35.4189567565918,36.32950210571289,0.9749364852905273,35.419105529785156,0.9999958276748657,1.0,1.1896668672561646,0.8405714631080627,0.0,1.0,native_hattrick
329,High,35.117034912109375,36.0185546875,0.9749706983566284,35.11719512939453,0.9999954104423523,1.0,1.1877840757369995,0.8419038653373718,0.0,1.0,native_hattrick
320,Medium,20.832895278930664,35.3890380859375,0.5886821746826172,21.825687408447266,0.9545126557350159,1.000000238418579,2.818125009536743,0.35484594106674194,0.0,1.000000238418579,native_hattrick
321,Medium,22.200658798217773,35.79682922363281,0.6201850771903992,23.226463317871094,0.955834686756134,1.000000238418579,2.6352031230926514,0.37947747111320496,0.0,1.000000238418579,native_hattrick
322,Medium,22.072786331176758,35.07564926147461,0.6292908787727356,22.897762298583984,0.9639713168144226,1.000000238418579,2.5406720638275146,0.39359673857688904,0.0,1.000000238418579,native_hattrick
323,Medium,22.068532943725586,34.111873626708984,0.6469457745552063,22.878978729248047,0.9645768404006958,1.0000001192092896,2.516526460647583,0.39737316966056824,0.0,1.0000001192092896,native_hattrick
324,Medium,21.080480575561523,34.983577728271484,0.6025821566581726,22.061019897460938,0.9555532932281494,1.0000001192092896,2.4828696250915527,0.4027598202228546,0.0,1.0000001192092896,native_hattrick
325,Medium,22.384641647338867,34.40300369262695,0.6506595015525818,23.464786529541016,0.9539673924446106,1.0000004768371582,2.4685347080230713,0.4050988256931305,0.0,1.0000004768371582,native_hattrick
326,Medium,21.31006622314453,33.82290267944336,0.630048394203186,22.387557983398438,0.9518709778785706,1.000000238418579,2.4673569202423096,0.4052920937538147,0.0,1.000000238418579,native_hattrick
327,Medium,21.685970306396484,33.30202865600586,0.6511906981468201,22.86373519897461,0.9484876394271851,1.0000003576278687,2.386082649230957,0.4190971255302429,0.0,1.0000003576278687,native_hattrick
328,Medium,22.203683853149414,32.395442962646484,0.6853953003883362,22.848342895507812,0.971785306930542,1.0000001192092896,2.238589286804199,0.4467099606990814,0.0,1.0000001192092896,native_hattrick
329,Medium,22.44591522216797,32.09944534301758,0.6992617845535278,22.96417999267578,0.97743159532547,1.0,2.248382091522217,0.44476425647735596,0.0,1.0,native_hattrick
320,Low,4.577726364135742,8.366225242614746,0.5471674799919128,4.470390319824219,1.024010419845581,1.000000238418579,3.095980405807495,0.3229995369911194,0.0,1.000000238418579,native_hattrick
321,Low,4.686300277709961,8.44826889038086,0.5547053813934326,4.560478210449219,1.0275896787643433,1.000000238418579,2.9402382373809814,0.34010857343673706,0.0,1.000000238418579,native_hattrick
322,Low,4.1711931228637695,7.812758922576904,0.5338950157165527,4.038047790527344,1.0329726934432983,1.000000238418579,2.7770538330078125,0.3600939214229584,0.0,1.000000238418579,native_hattrick
323,Low,4.487796783447266,8.459698677062988,0.5304913520812988,4.368274688720703,1.0273613929748535,1.0000007152557373,2.7938780784606934,0.357925683259964,0.0,1.0000007152557373,native_hattrick
324,Low,3.8142001628875732,7.590217113494873,0.5025153160095215,3.6900177001953125,1.0336536169052124,1.0000001192092896,2.7276875972747803,0.36661094427108765,0.0,1.0000001192092896,native_hattrick
325,Low,3.73777437210083,7.33115291595459,0.5098481178283691,3.5558929443359375,1.0511492490768433,1.0000004768371582,2.7072973251342773,0.36937224864959717,0.0,1.0000004768371582,native_hattrick
326,Low,4.423160076141357,7.972748756408691,0.5547848343849182,4.242115020751953,1.0426779985427856,1.000000238418579,2.7523460388183594,0.3633264899253845,0.0,1.000000238418579,native_hattrick
327,Low,4.422259330749512,7.620956897735596,0.5802761316299438,4.2376708984375,1.043558955192566,1.0000003576278687,2.648164749145508,0.377620130777359,0.0,1.0000003576278687,native_hattrick
328,Low,4.414644241333008,7.969630718231201,0.553933322429657,4.261680603027344,1.0358928442001343,1.0000001192092896,2.548031806945801,0.39245983958244324,0.0,1.0000001192092896,native_hattrick
329,Low,4.280385971069336,7.446063995361328,0.5748521685600281,4.145912170410156,1.0324352979660034,1.0000001192092896,2.4826772212982178,0.40279102325439453,0.0,1.0000001192092896,native_hattrick
330,High,35.65877151489258,36.39688491821289,0.979720413684845,35.65895462036133,0.9999948740005493,1.000000238418579,1.153735876083374,0.8667497038841248,0.0,1.000000238418579,native_hattrick
331,High,34.468204498291016,35.144840240478516,0.9807472229003906,34.46839904785156,0.9999943375587463,1.0,1.1409251689910889,0.8764816522598267,0.0,1.0,native_hattrick
332,High,34.16534423828125,34.69890213012695,0.9846231937408447,34.16552734375,0.9999946355819702,0.9999998807907104,1.1111195087432861,0.8999930620193481,0.0,0.9999998807907104,native_hattrick
333,High,33.88749313354492,34.23550033569336,0.9898349046707153,33.88767623901367,0.9999945759773254,0.9999998807907104,1.0724622011184692,0.9324336647987366,0.0,0.9999998807907104,native_hattrick
334,High,33.63978958129883,34.038516998291016,0.988286018371582,33.63997268676758,0.9999945759773254,1.0000001192092896,1.083031177520752,0.923334538936615,0.0,1.0000001192092896,native_hattrick
335,High,32.96747589111328,33.330928802490234,0.9890956282615662,32.96765899658203,0.9999944567680359,1.000000238418579,1.0756806135177612,0.9296441674232483,0.0,1.000000238418579,native_hattrick
336,High,32.74150848388672,32.85928726196289,0.9964156746864319,32.741676330566406,0.9999948740005493,1.000000238418579,1.0245028734207153,0.9760833978652954,0.0,1.000000238418579,native_hattrick
337,High,32.29005432128906,32.37104797363281,0.9974979758262634,32.29023742675781,0.9999943375587463,1.000000238418579,1.0168355703353882,0.9834433794021606,0.0,1.000000238418579,native_hattrick
338,High,32.736331939697266,32.956172943115234,0.9933292865753174,32.736534118652344,0.9999938011169434,1.0,1.0457580089569092,0.956244170665741,0.0,1.0,native_hattrick
339,High,32.65541076660156,32.739566802978516,0.9974295496940613,32.65562057495117,0.9999935626983643,1.0000001192092896,1.0174882411956787,0.9828124642372131,0.0,1.0000001192092896,native_hattrick
330,Medium,22.075159072875977,32.955684661865234,0.6698437333106995,23.089263916015625,0.9560789465904236,1.000000238418579,2.209629774093628,0.4525645971298218,0.0,1.000000238418579,native_hattrick
331,Medium,22.425058364868164,31.586166381835938,0.7099645733833313,22.987995147705078,0.9755117297172546,1.0,2.1608753204345703,0.46277543902397156,0.0,1.0,native_hattrick
332,Medium,21.81879234313965,31.063264846801758,0.7023985385894775,22.24158477783203,0.9809908866882324,1.0,2.124796152114868,0.4706333875656128,0.0,1.0,native_hattrick
333,Medium,22.56329917907715,30.509292602539062,0.7395550012588501,22.902324676513672,0.9851968884468079,1.0,2.0210726261138916,0.4947867691516876,0.0,1.0,native_hattrick
334,Medium,22.571430206298828,30.448930740356445,0.7412881255149841,22.97522735595703,0.9824246764183044,1.0000001192092896,2.0379600524902344,0.4906868040561676,0.0,1.0000001192092896,native_hattrick
335,Medium,22.19440269470215,29.747562408447266,0.7460914850234985,22.350780487060547,0.9930034875869751,1.000000238418579,2.06376576423645,0.48455122113227844,0.0,1.000000238418579,native_hattrick
336,Medium,21.524513244628906,29.339488983154297,0.7336362600326538,21.85071563720703,0.9850713014602661,1.000000238418579,1.9747753143310547,0.5063868165016174,0.0,1.000000238418579,native_hattrick
337,Medium,21.60884666442871,28.787900924682617,0.7506225109100342,21.737545013427734,0.9940794706344604,1.000000238418579,1.9308404922485352,0.5179092884063721,0.0,1.000000238418579,native_hattrick
338,Medium,22.088287353515625,29.255342483520508,0.7550172209739685,22.26434326171875,0.992092490196228,1.0,1.9677854776382446,0.5081855058670044,0.0,1.0,native_hattrick
339,Medium,21.756879806518555,29.014677047729492,0.7498577237129211,21.90936279296875,0.9930402636528015,1.0000001192092896,1.954062581062317,0.5117543935775757,0.0,1.0000001192092896,native_hattrick
330,Low,4.340361595153809,7.55655574798584,0.5743836164474487,4.223262786865234,1.0277271270751953,1.000000238418579,2.4455249309539795,0.40891027450561523,0.0,1.000000238418579,native_hattrick
331,Low,4.7491865158081055,7.632946968078613,0.6221956610679626,4.762989044189453,0.9971021413803101,1.0000001192092896,2.397336721420288,0.41712960600852966,0.0,1.0000001192092896,native_hattrick
332,Low,4.527017593383789,7.522945880889893,0.6017612814903259,4.389362335205078,1.0313611030578613,1.0,2.33343243598938,0.4285532236099243,0.0,1.0,native_hattrick
333,Low,4.108057022094727,7.333250999450684,0.5601958632469177,3.9410858154296875,1.042366862297058,1.0000001192092896,2.2595341205596924,0.44256916642189026,0.0,1.0000001192092896,native_hattrick
334,Low,4.209298133850098,6.993930816650391,0.601850152015686,4.088703155517578,1.0294946432113647,1.0000001192092896,2.2572720050811768,0.44301268458366394,0.0,1.0000001192092896,native_hattrick
335,Low,4.460291385650635,6.690474987030029,0.666662871837616,4.443668365478516,1.0037407875061035,1.000000238418579,2.2913835048675537,0.43641766905784607,0.0,1.000000238418579,native_hattrick
336,Low,4.405537128448486,6.9431257247924805,0.6345178484916687,4.252830505371094,1.0359070301055908,1.000000238418579,2.179670810699463,0.4587849974632263,0.0,1.000000238418579,native_hattrick
337,Low,5.217978000640869,7.17244291305542,0.7275035977363586,5.261997222900391,0.9916344881057739,1.000000238418579,2.140601634979248,0.4671584963798523,0.0,1.000000238418579,native_hattrick
338,Low,4.6334228515625,6.703258037567139,0.6912195086479187,4.6929931640625,0.987306535243988,1.0000003576278687,2.1621904373168945,0.4624941051006317,0.0,1.0000003576278687,native_hattrick
339,Low,4.493661403656006,6.7130022048950195,0.669396698474884,4.480983734130859,1.0028291940689087,1.0000001192092896,2.1394054889678955,0.4674196243286133,0.0,1.0000001192092896,native_hattrick
340,High,31.600555419921875,32.02138900756836,0.9868577122688293,31.600791931152344,0.9999924898147583,1.000000238418579,1.0876238346099854,0.9194357395172119,0.0,1.000000238418579,native_hattrick
341,High,31.25155258178711,31.583513259887695,0.9894894361495972,31.251758575439453,0.9999933838844299,0.9999998211860657,1.069115161895752,0.9353527426719666,0.0,0.9999998211860657,native_hattrick
342,High,31.5421199798584,31.811933517456055,0.991518497467041,31.54229164123535,0.9999945759773254,1.000000238418579,1.0561752319335938,0.9468128085136414,0.0,1.000000238418579,native_hattrick
343,High,30.169336318969727,30.191410064697266,0.9992688894271851,30.19141387939453,0.9992687702178955,0.9999998211860657,0.9940203428268433,1.006015419960022,0.0,0.9999998211860657,native_hattrick
344,High,30.176496505737305,30.28719711303711,0.9963449835777283,30.18233871459961,0.9998064637184143,0.9999998211860657,1.3076430559158325,0.7647345662117004,0.0,0.9999998211860657,native_hattrick
345,High,30.469804763793945,30.694700241088867,0.9926731586456299,30.470203399658203,0.9999869465827942,1.000000238418579,1.4041779041290283,0.7121606469154358,0.0,1.000000238418579,native_hattrick
346,High,30.085824966430664,30.469772338867188,0.9873991012573242,30.086170196533203,0.9999884963035583,1.0000003576278687,1.3855794668197632,0.7217199802398682,0.0,1.0000003576278687,native_hattrick
347,High,30.607641220092773,30.875837326049805,0.9913136959075928,30.608078002929688,0.9999857544898987,1.000000238418579,1.6487771272659302,0.6065102815628052,0.0,1.000000238418579,native_hattrick
348,High,30.082088470458984,30.36386489868164,0.9907200336456299,30.082355499267578,0.9999911189079285,1.000000238418579,1.7016626596450806,0.5876606702804565,0.0,1.000000238418579,native_hattrick
349,High,30.208694458007812,30.50009536743164,0.9904459118843079,30.208696365356445,0.9999999403953552,1.0000001192092896,1.940005898475647,0.5154623985290527,0.0,1.0000001192092896,native_hattrick
340,Medium,21.410743713378906,28.654937744140625,0.7471921443939209,21.57370376586914,0.9924463629722595,1.000000238418579,2.0296144485473633,0.4927045404911041,0.0,1.000000238418579,native_hattrick
341,Medium,21.09868621826172,28.242582321166992,0.7470523118972778,21.172035217285156,0.99653559923172,1.0,2.047703742980957,0.48835188150405884,0.0,1.0,native_hattrick
342,Medium,20.662887573242188,28.45721435546875,0.726103663444519,21.045228958129883,0.9818323850631714,1.000000238418579,1.9945948123931885,0.5013550519943237,0.0,1.000000238418579,native_hattrick
343,Medium,20.04033660888672,27.24222183227539,0.7356351613998413,20.09505844116211,0.9972768425941467,1.0000001192092896,1.9108867645263672,0.5233173370361328,0.0,1.0000001192092896,native_hattrick
344,Medium,20.17296028137207,27.32600212097168,0.7382331490516663,20.348556518554688,0.9913705587387085,1.0,2.438690662384033,0.41005611419677734,0.0,1.0,native_hattrick
345,Medium,20.234729766845703,27.187240600585938,0.7442730069160461,20.313793182373047,0.9961078763008118,1.000000238418579,2.6641862392425537,0.375349223613739,0.0,1.000000238418579,native_hattrick
346,Medium,20.131269454956055,27.281890869140625,0.737898588180542,20.52873992919922,0.980638325214386,1.0000003576278687,2.6241486072540283,0.3810761272907257,0.0,1.0000003576278687,native_hattrick
347,Medium,20.761371612548828,27.608051300048828,0.7520042657852173,20.842670440673828,0.9960994124412537,1.000000238418579,3.094468116760254,0.323157399892807,0.0,1.000000238418579,native_hattrick
348,Medium,20.24782371520996,27.22256088256836,0.7437883615493774,20.385940551757812,0.9932249188423157,1.000000238418579,3.2043917179107666,0.3120717704296112,0.0,1.000000238418579,native_hattrick
349,Medium,20.103044509887695,27.29698371887207,0.7364566326141357,20.26087760925293,0.9922099709510803,1.0000001192092896,3.605384111404419,0.27736300230026245,0.0,1.0000001192092896,native_hattrick
340,Low,4.908041954040527,6.814319133758545,0.7202541828155518,4.947772979736328,0.9919699430465698,1.000000238418579,2.240328311920166,0.446363240480423,0.0,1.000000238418579,native_hattrick
341,Low,4.903153896331787,6.989181041717529,0.7015348076820374,4.916252136230469,0.9973357319831848,1.0,2.2532787322998047,0.4437977373600006,0.0,1.0,native_hattrick
342,Low,4.419894218444824,6.593232154846191,0.6703683733940125,4.0824737548828125,1.0826510190963745,1.000000238418579,2.234283208847046,0.44757094979286194,0.0,1.000000238418579,native_hattrick
343,Low,4.715011119842529,6.626021862030029,0.711590051651001,4.714164733886719,1.0001795291900635,1.0000001192092896,2.1344778537750244,0.46849870681762695,0.0,1.0000001192092896,native_hattrick
344,Low,4.260315895080566,6.416229724884033,0.6639905571937561,4.31365966796875,0.9876337647438049,1.0000001192092896,2.721979856491089,0.36737969517707825,0.0,1.0000001192092896,native_hattrick
345,Low,4.561452865600586,6.324592113494873,0.721224844455719,4.589912414550781,0.9937995672225952,1.000000238418579,2.9851455688476562,0.33499211072921753,0.0,1.000000238418579,native_hattrick
346,Low,4.516208648681641,6.915133953094482,0.6530905365943909,4.43231201171875,1.0189284086227417,1.0000003576278687,2.941419839859009,0.33997198939323425,0.0,1.0000003576278687,native_hattrick
347,Low,4.5061235427856445,7.043655872344971,0.6397421360015869,4.6564788818359375,0.9677104949951172,1.000000238418579,3.464376211166382,0.28865233063697815,0.0,1.000000238418579,native_hattrick
348,Low,4.6439528465271,6.645073890686035,0.6988564729690552,4.6368865966796875,1.0015239715576172,1.000000238418579,3.5636682510375977,0.28060978651046753,0.0,1.000000238418579,native_hattrick
349,Low,4.344210147857666,6.171332836151123,0.703933835029602,4.270652770996094,1.0172239542007446,1.000000238418579,4.023063659667969,0.24856685101985931,0.0,1.000000238418579,native_hattrick
300,High,40.71148681640625,43.287471771240234,0.9404911994934082,40.84786605834961,0.9966613054275513,1.0000001192092896,1.488415241241455,0.671855628490448,0.0,1.0000001192092896,level4_core
301,High,41.28715515136719,44.01470947265625,0.9380308389663696,41.3199348449707,0.9992066621780396,1.0000004768371582,1.540365219116211,0.649196982383728,0.0,1.0000004768371582,level4_core
302,High,41.262691497802734,44.10446548461914,0.9355672001838684,41.37627029418945,0.9972549676895142,1.0,1.5306810140609741,0.6533039808273315,0.0,1.0,level4_core
303,High,40.7471809387207,43.59922790527344,0.93458491563797,40.83292007446289,0.9979002475738525,1.000000238418579,1.5194594860076904,0.6581289172172546,0.0,1.000000238418579,level4_core
304,High,40.26601791381836,43.153900146484375,0.9330794811248779,40.31892013549805,0.9986879229545593,1.0000001192092896,1.5741603374481201,0.6352593898773193,0.0,1.0000001192092896,level4_core
305,High,41.58214569091797,44.440330505371094,0.935684859752655,41.748897552490234,0.9960058331489563,1.000000238418579,1.5494719743728638,0.6453812718391418,0.0,1.000000238418579,level4_core
306,High,42.93117904663086,45.910301208496094,0.9351099133491516,43.10991668701172,0.9958539009094238,1.0000001192092896,1.5598559379577637,0.6410849094390869,0.0,1.0000001192092896,level4_core
307,High,42.24650955200195,44.792301177978516,0.9431645274162292,42.38248825073242,0.9967916011810303,1.0000001192092896,1.480306625366211,0.6755357980728149,0.0,1.0000001192092896,level4_core
308,High,42.04226303100586,44.715457916259766,0.9402176737785339,42.13404083251953,0.9978217482566833,0.9999998807907104,1.4988256692886353,0.6671889424324036,0.0,0.9999998807907104,level4_core
309,High,40.89898681640625,43.451019287109375,0.9412664771080017,40.995723724365234,0.9976403117179871,1.000000238418579,1.4601633548736572,0.684855043888092,0.0,1.000000238418579,level4_core
300,Medium,22.86467933654785,38.93954086303711,0.5871841311454773,24.141048431396484,0.9471286535263062,1.0000001192092896,2.845003366470337,0.3514934778213501,0.0,1.0000001192092896,level4_core
301,Medium,23.0162296295166,39.39498519897461,0.5842426419258118,24.536617279052734,0.9380359649658203,1.0000004768371582,2.89332914352417,0.3456227779388428,0.0,1.0000004768371582,level4_core
302,Medium,22.58955192565918,39.15425491333008,0.5769373178482056,23.932201385498047,0.9438977837562561,1.0,2.869053602218628,0.34854698181152344,0.0,1.0,level4_core
303,Medium,22.91303062438965,38.827484130859375,0.5901240110397339,24.099384307861328,0.9507724642753601,1.000000238418579,2.8596293926239014,0.34969574213027954,0.0,1.000000238418579,level4_core
304,Medium,22.49460792541504,38.724239349365234,0.5808922052383423,23.875385284423828,0.942167341709137,1.0000001192092896,2.965085744857788,0.3372584283351898,0.0,1.0000001192092896,level4_core
305,Medium,23.605390548706055,39.432865142822266,0.5986222624778748,24.692981719970703,0.955955445766449,1.000000238418579,2.912226915359497,0.3433799147605896,0.0,1.000000238418579,level4_core
306,Medium,24.58888816833496,41.16219711303711,0.5973657965660095,25.98284149169922,0.9463509917259216,1.000000238418579,2.925845146179199,0.3417816758155823,0.0,1.000000238418579,level4_core
307,Medium,24.087568283081055,39.8289680480957,0.6047751307487488,25.16659927368164,0.9571244716644287,1.000000238418579,2.8182590007781982,0.3548290729522705,0.0,1.000000238418579,level4_core
308,Medium,23.723752975463867,40.23704147338867,0.5895998477935791,24.77655792236328,0.9575080275535583,1.000000238418579,2.8327744007110596,0.353010892868042,0.0,1.000000238418579,level4_core
309,Medium,22.973182678222656,38.992916107177734,0.5891630053520203,24.22842788696289,0.948191225528717,1.000000238418579,2.7714881896972656,0.3608170747756958,0.0,1.000000238418579,level4_core
300,Low,5.290034770965576,9.434466361999512,0.5607137084007263,4.823646545410156,1.096687912940979,1.0000001192092896,3.196647882461548,0.3128277361392975,0.0,1.0000001192092896,level4_core
301,Low,5.137180805206299,9.307915687561035,0.5519152879714966,4.560791015625,1.126379370689392,1.0000004768371582,3.220942497253418,0.31046828627586365,0.0,1.0000004768371582,level4_core
302,Low,4.88147497177124,8.690547943115234,0.5616993308067322,4.325172424316406,1.1286197900772095,1.0,3.1574950218200684,0.31670674681663513,0.0,1.0,level4_core
303,Low,5.238107681274414,9.383713722229004,0.5582126379013062,4.9544525146484375,1.0572525262832642,1.000000238418579,3.151850700378418,0.31727397441864014,0.0,1.000000238418579,level4_core
304,Low,4.845390319824219,8.6682710647583,0.5589800477027893,4.184906005859375,1.1578253507614136,1.0000001192092896,3.2852959632873535,0.30438661575317383,0.0,1.0000001192092896,level4_core
305,Low,5.412041187286377,9.511116981506348,0.5690226554870605,5.011665344238281,1.0798888206481934,1.000000238418579,3.2701427936553955,0.30579712986946106,0.0,1.000000238418579,level4_core
306,Low,5.053138732910156,9.710639953613281,0.5203713178634644,4.148139953613281,1.2181698083877563,1.000000238418579,3.2237377166748047,0.31019899249076843,0.0,1.000000238418579,level4_core
307,Low,4.903095245361328,9.595913887023926,0.5109565854072571,4.817695617675781,1.017726182937622,1.000000238418579,3.164654493331909,0.3159903287887573,0.0,1.000000238418579,level4_core
308,Low,4.338293552398682,8.755433082580566,0.49549731612205505,4.1991119384765625,1.033145546913147,1.000000238418579,3.1902639865875244,0.3134537637233734,0.0,1.000000238418579,level4_core
309,Low,4.885167121887207,9.405943870544434,0.5193701982498169,4.621650695800781,1.0570178031921387,1.000000238418579,3.0805845260620117,0.3246138095855713,0.0,1.000000238418579,level4_core
310,High,40.506168365478516,43.14285659790039,0.9388847351074219,40.50818634033203,0.9999501705169678,1.0000001192092896,1.5227627754211426,0.6567012071609497,0.0,1.0000001192092896,level4_core
311,High,39.07757568359375,41.54063415527344,0.940707266330719,39.161869049072266,0.9978475570678711,1.0000001192092896,1.4632622003555298,0.6834046244621277,0.0,1.0000001192092896,level4_core
312,High,39.49274444580078,41.99935531616211,0.9403178691864014,39.557411193847656,0.9983652234077454,1.000000238418579,1.4793155193328857,0.675988495349884,0.0,1.000000238418579,level4_core
313,High,41.04481887817383,43.55380630493164,0.9423933625221252,41.0483283996582,0.9999145269393921,1.000000238418579,1.468467354774475,0.6809822916984558,0.0,1.000000238418579,level4_core
314,High,39.68429946899414,42.508209228515625,0.9335678815841675,39.68603515625,0.9999562501907349,0.9999998807907104,1.4737911224365234,0.6785221099853516,0.0,0.9999998807907104,level4_core
315,High,39.511634826660156,41.865386962890625,0.9437780976295471,39.51164627075195,0.9999997019767761,1.000000238418579,1.4710904359817505,0.6797680258750916,0.0,1.000000238418579,level4_core
316,High,39.39501190185547,41.50852966308594,0.9490823149681091,39.395259857177734,0.9999936819076538,1.000000238418579,1.4218429327011108,0.7033127546310425,0.0,1.000000238418579,level4_core
317,High,39.41714096069336,41.396854400634766,0.9521772265434265,39.43348693847656,0.9995855093002319,1.0000001192092896,1.3968826532363892,0.7158798575401306,0.0,1.0000001192092896,level4_core
318,High,38.353939056396484,40.38302230834961,0.9497540593147278,38.35395431518555,0.9999995827674866,1.000000238418579,1.4154366254806519,0.7064959406852722,0.0,1.000000238418579,level4_core
319,High,37.30659103393555,39.242549896240234,0.9506668448448181,37.30674743652344,0.9999958276748657,1.000000238418579,1.3982903957366943,0.7151591777801514,0.0,1.000000238418579,level4_core
310,Medium,22.09989356994629,38.5251350402832,0.5736486911773682,23.50970458984375,0.9400327801704407,1.0000001192092896,2.910309076309204,0.3436061441898346,0.0,1.0000001192092896,level4_core
311,Medium,21.45389747619629,36.94644546508789,0.5806755423545837,22.465320587158203,0.9549784660339355,1.0000001192092896,2.7703301906585693,0.36096784472465515,0.0,1.0000001192092896,level4_core
312,Medium,21.468795776367188,37.47361755371094,0.5729042887687683,22.334922790527344,0.9612209796905518,1.000000238418579,2.780215263366699,0.35968446731567383,0.0,1.000000238418579,level4_core
313,Medium,21.932384490966797,38.48518753051758,0.5698915719985962,23.332660675048828,0.9399864077568054,1.000000238418579,2.784111976623535,0.3591810464859009,0.0,1.000000238418579,level4_core
314,Medium,21.96918487548828,38.40445327758789,0.5720478296279907,23.33648681640625,0.9414092898368835,1.000000238418579,2.8081014156341553,0.3561125695705414,0.0,1.000000238418579,level4_core
315,Medium,22.746267318725586,37.440425872802734,0.607532262802124,23.583614349365234,0.964494526386261,1.000000238418579,2.7906792163848877,0.35833579301834106,0.0,1.000000238418579,level4_core
316,Medium,22.578039169311523,37.59280014038086,0.6005947589874268,23.390182495117188,0.9652784466743469,1.000000238418579,2.722598075866699,0.3672963082790375,0.0,1.000000238418579,level4_core
317,Medium,22.697811126708984,37.048004150390625,0.6126595139503479,23.420005798339844,0.9691633582115173,1.0000001192092896,2.6366186141967773,0.3792737126350403,0.0,1.0000001192092896,level4_core
318,Medium,21.699626922607422,36.302581787109375,0.5977433323860168,22.978145599365234,0.9443593621253967,1.000000238418579,2.689220666885376,0.3718550205230713,0.0,1.000000238418579,level4_core
319,Medium,22.755762100219727,35.51871871948242,0.640669584274292,23.44510269165039,0.9705976843833923,1.000000238418579,2.6419551372528076,0.3785076439380646,0.0,1.000000238418579,level4_core
310,Low,4.942896842956543,8.839264869689941,0.559197723865509,4.645256042480469,1.064074158668518,1.0000001192092896,3.2462339401245117,0.3080493211746216,0.0,1.0000001192092896,level4_core
311,Low,4.4709882736206055,8.490657806396484,0.526577353477478,4.4041290283203125,1.015181064605713,1.0000001192092896,3.0967564582824707,0.322918564081192,0.0,1.0000001192092896,level4_core
312,Low,5.228708744049072,9.431000709533691,0.5544171929359436,5.160247802734375,1.0132670402526855,1.000000238418579,3.10332989692688,0.3222346007823944,0.0,1.000000238418579,level4_core
313,Low,4.514282703399658,9.008736610412598,0.5011005401611328,4.054801940917969,1.1133177280426025,1.000000238418579,3.1395013332366943,0.31852200627326965,0.0,1.000000238418579,level4_core
314,Low,4.6069793701171875,8.658035278320312,0.5321044921875,4.405662536621094,1.0456950664520264,1.000000238418579,3.0982396602630615,0.32276400923728943,0.0,1.000000238418579,level4_core
315,Low,4.616905689239502,8.335067749023438,0.553913414478302,4.606193542480469,1.0023256540298462,1.000000238418579,3.0632524490356445,0.3264504671096802,0.0,1.000000238418579,level4_core
316,Low,4.514998435974121,8.621209144592285,0.5237082839012146,4.550785064697266,0.9921361804008484,1.000000238418579,3.040151834487915,0.3289310038089752,0.0,1.000000238418579,level4_core
317,Low,4.879878520965576,8.600433349609375,0.5673991441726685,4.813331604003906,1.013825535774231,1.000000238418579,2.9529802799224854,0.3386410176753998,0.0,1.000000238418579,level4_core
318,Low,4.529448986053467,8.306893348693848,0.5452638864517212,4.347145080566406,1.0419365167617798,1.000000238418579,2.9598190784454346,0.33785855770111084,0.0,1.000000238418579,level4_core
319,Low,4.698193550109863,8.48572063446045,0.5536587834358215,4.735271453857422,0.9921698570251465,1.000000238418579,2.9132702350616455,0.34325695037841797,0.0,1.000000238418579,level4_core
320,High,37.453514099121094,39.80423355102539,0.9409430027008057,37.45359420776367,0.9999978542327881,1.000000238418579,1.4806212186813354,0.6753923296928406,0.0,1.000000238418579,level4_core
321,High,37.756160736083984,39.68900680541992,0.9513002038002014,37.75617218017578,0.9999997019767761,1.000000238418579,1.3894494771957397,0.7197096943855286,0.0,1.000000238418579,level4_core
322,High,37.36970138549805,38.931270599365234,0.9598890542984009,37.36973190307617,0.9999991655349731,1.000000238418579,1.3166800737380981,0.7594861388206482,0.0,1.000000238418579,level4_core
323,High,36.4066276550293,38.07177734375,0.9562628865242004,36.40665054321289,0.9999993443489075,1.0,1.3359721899032593,0.7485185861587524,0.0,1.0,level4_core
324,High,37.956817626953125,39.40090560913086,0.9633488655090332,37.95684814453125,0.9999992251396179,1.0,1.2985976934432983,0.7700614333152771,0.0,1.0,level4_core
325,High,37.187049865722656,38.61784744262695,0.962949812412262,37.1871452331543,0.9999974370002747,1.0,1.290947675704956,0.7746247053146362,0.0,1.0,level4_core
326,High,36.295692443847656,37.74797058105469,0.9615269899368286,36.295833587646484,0.9999961256980896,1.0,1.2864952087402344,0.7773056626319885,0.0,1.0,level4_core
327,High,35.71312713623047,36.90336990356445,0.9677470326423645,35.71315383911133,0.9999992251396179,1.000000238418579,1.2446997165679932,0.803406834602356,0.0,1.000000238418579,level4_core
328,High,35.419090270996094,36.32950210571289,0.9749401807785034,35.419105529785156,0.9999995827674866,1.000000238418579,1.1896668672561646,0.8405716419219971,0.0,1.000000238418579,level4_core
329,High,35.1171760559082,36.0185546875,0.9749746322631836,35.11719512939453,0.999999463558197,1.0000001192092896,1.1877840757369995,0.8419039845466614,0.0,1.0000001192092896,level4_core
320,Medium,20.998247146606445,35.3890380859375,0.5933545827865601,21.825687408447266,0.9620887041091919,1.000000238418579,2.818125009536743,0.35484594106674194,0.0,1.000000238418579,level4_core
321,Medium,22.389816284179688,35.79682922363281,0.6254692673683167,23.226463317871094,0.9639787077903748,1.000000238418579,2.6352031230926514,0.37947747111320496,0.0,1.000000238418579,level4_core
322,Medium,21.86019515991211,35.07564926147461,0.62322998046875,22.897762298583984,0.9546869397163391,1.000000238418579,2.5406720638275146,0.39359673857688904,0.0,1.000000238418579,level4_core
323,Medium,22.19068145751953,34.111873626708984,0.6505265831947327,22.878978729248047,0.9699157476425171,1.0000001192092896,2.516526460647583,0.39737316966056824,0.0,1.0000001192092896,level4_core
324,Medium,21.28933334350586,34.983577728271484,0.6085522174835205,22.061019897460938,0.9650203585624695,1.0000001192092896,2.4828696250915527,0.4027598202228546,0.0,1.0000001192092896,level4_core
325,Medium,22.56785774230957,34.40300369262695,0.6559851169586182,23.464786529541016,0.961775541305542,1.000000238418579,2.4685347080230713,0.40509870648384094,0.0,1.000000238418579,level4_core
326,Medium,21.502952575683594,33.82290267944336,0.6357512474060059,22.387557983398438,0.9604867100715637,1.000000238418579,2.4673569202423096,0.4052920937538147,0.0,1.000000238418579,level4_core
327,Medium,21.859024047851562,33.30202865600586,0.6563871502876282,22.86373519897461,0.956056535243988,1.000000238418579,2.386082649230957,0.41909706592559814,0.0,1.000000238418579,level4_core
328,Medium,22.27145767211914,32.395442962646484,0.6874873638153076,22.848342895507812,0.9747515320777893,1.000000238418579,2.238589286804199,0.4467100203037262,0.0,1.000000238418579,level4_core
329,Medium,22.48230743408203,32.09944534301758,0.7003955245018005,22.96417999267578,0.9790163636207581,1.0000001192092896,2.248382091522217,0.44476431608200073,0.0,1.0000001192092896,level4_core
320,Low,4.535841464996338,8.366225242614746,0.5421610474586487,4.470390319824219,1.0146410465240479,1.000000238418579,3.095980405807495,0.3229995369911194,0.0,1.000000238418579,level4_core
321,Low,4.587072372436523,8.44826889038086,0.5429600477218628,4.560478210449219,1.0058314800262451,1.000000238418579,2.9402382373809814,0.34010857343673706,0.0,1.000000238418579,level4_core
322,Low,4.084294319152832,7.812758922576904,0.5227723717689514,4.038047790527344,1.0114526748657227,1.000000238418579,2.7770538330078125,0.3600939214229584,0.0,1.000000238418579,level4_core
323,Low,4.4572601318359375,8.459698677062988,0.5268816947937012,4.368274688720703,1.0203708410263062,1.000000238418579,2.7938780784606934,0.35792550444602966,0.0,1.000000238418579,level4_core
324,Low,3.7802107334136963,7.590217113494873,0.4980372190475464,3.6900177001953125,1.024442434310913,1.0000001192092896,2.7276875972747803,0.36661094427108765,0.0,1.0000001192092896,level4_core
325,Low,3.6865978240966797,7.33115291595459,0.5028674006462097,3.5558929443359375,1.036757230758667,1.000000238418579,2.7072973251342773,0.36937215924263,0.0,1.000000238418579,level4_core
326,Low,4.374732494354248,7.972748756408691,0.5487107038497925,4.242115020751953,1.0312621593475342,1.000000238418579,2.7523460388183594,0.3633264899253845,0.0,1.000000238418579,level4_core
327,Low,4.381927490234375,7.620956897735596,0.5749838948249817,4.2376708984375,1.0340415239334106,1.000000238418579,2.648164749145508,0.3776201009750366,0.0,1.000000238418579,level4_core
328,Low,4.378713607788086,7.969630718231201,0.5494248867034912,4.261680603027344,1.0274616479873657,1.000000238418579,2.548031806945801,0.3924598693847656,0.0,1.000000238418579,level4_core
329,Low,4.083308696746826,7.446063995361328,0.5483848452568054,4.145912170410156,0.9848999381065369,1.0000001192092896,2.4826772212982178,0.40279102325439453,0.0,1.0000001192092896,level4_core
330,High,35.658931732177734,36.39688491821289,0.9797248244285583,35.65895462036133,0.9999993443489075,0.9999997019767761,1.153735876083374,0.8667492270469666,0.0,0.9999997019767761,level4_core
331,High,34.468379974365234,35.144840240478516,0.9807522296905518,34.46839904785156,0.999999463558197,1.000000238418579,1.1409251689910889,0.8764818906784058,0.0,1.000000238418579,level4_core
332,High,34.16550064086914,34.69890213012695,0.9846277236938477,34.16552734375,0.9999992251396179,1.0,1.1111195087432861,0.8999931812286377,0.0,1.0,level4_core
333,High,33.88764953613281,34.23550033569336,0.989839494228363,33.88767623901367,0.9999992251396179,1.000000238418579,1.0724622011184692,0.9324340224266052,0.0,1.000000238418579,level4_core
334,High,33.63994216918945,34.038516998291016,0.9882904887199402,33.63997268676758,0.9999991059303284,0.9999998807907104,1.083031177520752,0.9233343601226807,0.0,0.9999998807907104,level4_core
335,High,32.967628479003906,33.330928802490234,0.9891002178192139,32.96765899658203,0.9999990463256836,1.0000001192092896,1.0756806135177612,0.9296441078186035,0.0,1.0000001192092896,level4_core
336,High,32.74164962768555,32.85928726196289,0.9964199662208557,32.741676330566406,0.9999991655349731,0.9999998807907104,1.0245028734207153,0.9760830402374268,0.0,0.9999998807907104,level4_core
337,High,32.29020690917969,32.37104797363281,0.9975026845932007,32.29023742675781,0.9999990463256836,1.000000238418579,1.0168355703353882,0.9834433794021606,0.0,1.000000238418579,level4_core
338,High,32.73649978637695,32.956172943115234,0.9933344125747681,32.736534118652344,0.999998927116394,0.9999998807907104,1.0457580089569092,0.9562440514564514,0.0,0.9999998807907104,level4_core
339,High,32.65558624267578,32.739566802978516,0.9974349141120911,32.65562057495117,0.999998927116394,0.9999998211860657,1.0174882411956787,0.9828121662139893,0.0,0.9999998211860657,level4_core
330,Medium,22.137542724609375,32.955684661865234,0.6717367172241211,23.089263916015625,0.9587807655334473,1.0000001192092896,2.209629774093628,0.4525645673274994,0.0,1.0000001192092896,level4_core
331,Medium,22.592037200927734,31.586166381835938,0.7152510285377502,22.987995147705078,0.9827754497528076,1.000000238418579,2.1608753204345703,0.4627755284309387,0.0,1.000000238418579,level4_core
332,Medium,21.85141944885254,31.063264846801758,0.7034488916397095,22.24158477783203,0.9824578166007996,1.0,2.124796152114868,0.4706333875656128,0.0,1.0,level4_core
333,Medium,22.606748580932617,30.509292602539062,0.7409791350364685,22.902324676513672,0.9870940446853638,1.000000238418579,2.0210726261138916,0.4947868883609772,0.0,1.000000238418579,level4_core
334,Medium,22.656808853149414,30.448930740356445,0.7440921068191528,22.97522735595703,0.986140787601471,1.000000238418579,2.0379600524902344,0.4906868636608124,0.0,1.000000238418579,level4_core
335,Medium,22.251388549804688,29.747562408447266,0.7480071187019348,22.350780487060547,0.9955530762672424,1.0000001192092896,2.06376576423645,0.48455116152763367,0.0,1.0000001192092896,level4_core
336,Medium,21.576400756835938,29.339488983154297,0.7354047894477844,21.85071563720703,0.9874459505081177,1.0,1.9747753143310547,0.5063866972923279,0.0,1.0,level4_core
337,Medium,21.692989349365234,28.787900924682617,0.753545343875885,21.737545013427734,0.9979503154754639,1.000000238418579,1.9308404922485352,0.5179092884063721,0.0,1.000000238418579,level4_core
338,Medium,22.16385841369629,29.255342483520508,0.7576003670692444,22.26434326171875,0.9954867362976074,1.0000001192092896,1.9677854776382446,0.5081855654716492,0.0,1.0000001192092896,level4_core
339,Medium,21.816822052001953,29.014677047729492,0.751923680305481,21.90936279296875,0.9957761764526367,1.0000001192092896,1.954062581062317,0.5117543935775757,0.0,1.0000001192092896,level4_core
330,Low,4.318231105804443,7.55655574798584,0.5714549422264099,4.223262786865234,1.022486925125122,1.0000001192092896,2.4455249309539795,0.40891021490097046,0.0,1.0000001192092896,level4_core
331,Low,4.762228012084961,7.632946968078613,0.6239042282104492,4.762989044189453,0.9998401999473572,1.000000238418579,2.397336721420288,0.41712966561317444,0.0,1.000000238418579,level4_core
332,Low,4.467982292175293,7.522945880889893,0.5939139127731323,4.389362335205078,1.017911434173584,1.0000003576278687,2.33343243598938,0.42855337262153625,0.0,1.0000003576278687,level4_core
333,Low,4.043654918670654,7.333250999450684,0.5514136552810669,3.9410858154296875,1.026025652885437,1.000000238418579,2.2595341205596924,0.44256922602653503,0.0,1.000000238418579,level4_core
334,Low,4.032465934753418,6.993930816650391,0.5765664577484131,4.088703155517578,0.9862456917762756,1.000000238418579,2.2572720050811768,0.4430127441883087,0.0,1.000000238418579,level4_core
335,Low,4.355696678161621,6.690474987030029,0.6510295271873474,4.443668365478516,0.9802029132843018,1.0000003576278687,2.2913835048675537,0.43641772866249084,0.0,1.0000003576278687,level4_core
336,Low,4.385898113250732,6.9431257247924805,0.6316893100738525,4.252830505371094,1.0312892198562622,1.000000238418579,2.179670810699463,0.4587849974632263,0.0,1.000000238418579,level4_core
337,Low,5.216728687286377,7.17244291305542,0.727329432964325,5.261997222900391,0.9913970828056335,1.000000238418579,2.140601634979248,0.4671584963798523,0.0,1.000000238418579,level4_core
338,Low,4.665645122528076,6.703258037567139,0.6960265040397644,4.6929931640625,0.9941725730895996,1.0000001192092896,2.1621904373168945,0.46249401569366455,0.0,1.0000001192092896,level4_core
339,Low,4.47063684463501,6.7130022048950195,0.665966808795929,4.480983734130859,0.9976909160614014,1.000000238418579,2.1394054889678955,0.46741968393325806,0.0,1.000000238418579,level4_core
340,High,31.60075569152832,32.02138900756836,0.9868639707565308,31.600791931152344,0.9999988675117493,1.000000238418579,1.0876238346099854,0.9194357395172119,0.0,1.000000238418579,level4_core
341,High,31.25172996520996,31.583513259887695,0.989495038986206,31.251758575439453,0.9999991059303284,1.000000238418579,1.069115161895752,0.93535315990448,0.0,1.000000238418579,level4_core
342,High,31.542264938354492,31.811933517456055,0.991523027420044,31.54229164123535,0.9999991655349731,1.000000238418579,1.0561752319335938,0.9468128085136414,0.0,1.000000238418579,level4_core
343,High,30.17094612121582,30.191410064697266,0.9993221759796143,30.19141387939453,0.9993220567703247,0.9999998807907104,0.9940203428268433,1.0060155391693115,0.0,0.9999998807907104,level4_core
344,High,30.166820526123047,30.28719711303711,0.9960255026817322,30.18233871459961,0.9994858503341675,1.000000238418579,1.3076430559158325,0.7647348642349243,0.0,1.000000238418579,level4_core
345,High,30.46993637084961,30.694700241088867,0.9926774501800537,30.470203399658203,0.999991238117218,1.0000005960464478,1.4041779041290283,0.7121608853340149,0.0,1.0000005960464478,level4_core
346,High,30.085926055908203,30.469772338867188,0.9874023795127869,30.086170196533203,0.9999918937683105,1.0000001192092896,1.3855794668197632,0.7217198014259338,0.0,1.0000001192092896,level4_core
347,High,30.60773277282715,30.875837326049805,0.9913166761398315,30.608078002929688,0.9999887347221375,1.000000238418579,1.6487771272659302,0.6065102815628052,0.0,1.000000238418579,level4_core
348,High,30.08216667175293,30.36386489868164,0.9907225966453552,30.082355499267578,0.9999937415122986,0.9999998807907104,1.7016626596450806,0.5876604914665222,0.0,0.9999998807907104,level4_core
349,High,30.208698272705078,30.50009536743164,0.9904460310935974,30.208696365356445,1.0000001192092896,1.0000001192092896,1.940005898475647,0.5154623985290527,0.0,1.0000001192092896,level4_core
340,Medium,21.472307205200195,28.654937744140625,0.7493405342102051,21.57370376586914,0.9952999949455261,1.000000238418579,2.0296144485473633,0.4927045404911041,0.0,1.000000238418579,level4_core
341,Medium,21.13026237487793,28.242582321166992,0.7481703162193298,21.172035217285156,0.998026967048645,1.000000238418579,2.047703742980957,0.4883520007133484,0.0,1.000000238418579,level4_core
342,Medium,20.775951385498047,28.45721435546875,0.730076789855957,21.045228958129883,0.9872047901153564,1.000000238418579,1.9945948123931885,0.5013550519943237,0.0,1.000000238418579,level4_core
343,Medium,20.084314346313477,27.24222183227539,0.737249493598938,20.09505844116211,0.9994653463363647,1.0,1.9108867645263672,0.5233172178268433,0.0,1.0,level4_core
344,Medium,20.281814575195312,27.32600212097168,0.7422167062759399,20.348556518554688,0.9967200756072998,1.000000238418579,2.438690662384033,0.4100562036037445,0.0,1.000000238418579,level4_core
345,Medium,20.281972885131836,27.187240600585938,0.7460107207298279,20.313793182373047,0.9984335899353027,1.0000005960464478,2.6641862392425537,0.37534937262535095,0.0,1.0000005960464478,level4_core
346,Medium,20.1077880859375,27.281890869140625,0.7370378971099854,20.52873992919922,0.9794945120811462,1.0000001192092896,2.6241486072540283,0.38107603788375854,0.0,1.0000001192092896,level4_core
347,Medium,20.723758697509766,27.608051300048828,0.7506418228149414,20.842670440673828,0.9942948222160339,1.000000238418579,3.094468116760254,0.323157399892807,0.0,1.000000238418579,level4_core
348,Medium,20.309865951538086,27.22256088256836,0.7460674047470093,20.385940551757812,0.9962682723999023,1.0,3.2043917179107666,0.31207171082496643,0.0,1.0,level4_core
349,Medium,20.159500122070312,27.29698371887207,0.738524854183197,20.26087760925293,0.9949963688850403,1.0000001192092896,3.605384111404419,0.27736300230026245,0.0,1.0000001192092896,level4_core
340,Low,4.95037841796875,6.814319133758545,0.7264670729637146,4.947772979736328,1.0005265474319458,1.000000238418579,2.240328311920166,0.446363240480423,0.0,1.000000238418579,level4_core
341,Low,4.888312816619873,6.989181041717529,0.6994113922119141,4.916252136230469,0.9943169355392456,1.000000238418579,2.2532787322998047,0.44379785656929016,0.0,1.000000238418579,level4_core
342,Low,4.315372467041016,6.593232154846191,0.6545154452323914,4.0824737548828125,1.0570484399795532,1.000000238418579,2.234283208847046,0.44757094979286194,0.0,1.000000238418579,level4_core
343,Low,4.68366813659668,6.626021862030029,0.7068597674369812,4.714164733886719,0.9935308694839478,1.000000238418579,2.1344778537750244,0.46849876642227173,0.0,1.000000238418579,level4_core
344,Low,4.284059524536133,6.416229724884033,0.6676911115646362,4.31365966796875,0.9931380152702332,1.000000238418579,2.721979856491089,0.36737972497940063,0.0,1.000000238418579,level4_core
345,Low,4.590692520141602,6.324592113494873,0.7258480191230774,4.589912414550781,1.0001699924468994,1.0000005960464478,2.9851455688476562,0.3349922299385071,0.0,1.0000005960464478,level4_core
346,Low,4.497341156005859,6.915133953094482,0.6503621339797974,4.43231201171875,1.0146715641021729,1.0000001192092896,2.941419839859009,0.3399718999862671,0.0,1.0000001192092896,level4_core
347,Low,4.487053394317627,7.043655872344971,0.6370347142219543,4.6564788818359375,0.9636151194572449,1.000000238418579,3.464376211166382,0.28865233063697815,0.0,1.000000238418579,level4_core
348,Low,4.637826919555664,6.645073890686035,0.6979345679283142,4.6368865966796875,1.0002027750015259,1.0000001192092896,3.5636682510375977,0.28060975670814514,0.0,1.0000001192092896,level4_core
349,Low,4.327418327331543,6.171332836151123,0.7012129426002502,4.270652770996094,1.0132919549942017,1.0000001192092896,4.023063659667969,0.24856682121753693,0.0,1.0000001192092896,level4_core
300,High,40.797420501708984,43.287471771240234,0.9424763917922974,40.84786605834961,0.9987650513648987,1.0000001192092896,1.488415241241455,0.671855628490448,0.0,1.0000001192092896,level2_core__level2_head
301,High,41.29915237426758,44.01470947265625,0.9383034110069275,41.3199348449707,0.9994970560073853,1.000000238418579,1.540365219116211,0.6491968631744385,0.0,1.000000238418579,level2_core__level2_head
302,High,41.35908889770508,44.10446548461914,0.9377528429031372,41.37627029418945,0.9995847344398499,1.000000238418579,1.5306810140609741,0.6533041596412659,0.0,1.000000238418579,level2_core__level2_head
303,High,40.81401443481445,43.59922790527344,0.9361178278923035,40.83292007446289,0.9995369911193848,0.9999998807907104,1.5194594860076904,0.6581286787986755,0.0,0.9999998807907104,level2_core__level2_head
304,High,40.24766159057617,43.153900146484375,0.932654082775116,40.31892013549805,0.9982326030731201,0.9999998807907104,1.5741603374481201,0.635259211063385,0.0,0.9999998807907104,level2_core__level2_head
305,High,41.70887756347656,44.440330505371094,0.9385366439819336,41.748897552490234,0.9990414381027222,1.0,1.5494719743728638,0.6453811526298523,0.0,1.0,level2_core__level2_head
306,High,43.064453125,45.910301208496094,0.9380128383636475,43.10991668701172,0.998945415019989,1.0,1.5598559379577637,0.6410848498344421,0.0,1.0,level2_core__level2_head
307,High,42.33056640625,44.792301177978516,0.9450411200523376,42.38248825073242,0.9987749457359314,1.0,1.480306625366211,0.6755357384681702,0.0,1.0,level2_core__level2_head
308,High,42.10137939453125,44.715457916259766,0.9415397047996521,42.13404083251953,0.999224841594696,1.0,1.4988256692886353,0.6671890020370483,0.0,1.0,level2_core__level2_head
309,High,40.977783203125,43.451019287109375,0.9430798888206482,40.995723724365234,0.9995623826980591,0.9999998211860657,1.4601633548736572,0.6848547458648682,0.0,0.9999998211860657,level2_core__level2_head
300,Medium,21.90940284729004,38.93954086303711,0.5626518130302429,24.141048431396484,0.907558023929596,1.0000001192092896,2.845003366470337,0.3514934778213501,0.0,1.0000001192092896,level2_core__level2_head
301,Medium,22.11465072631836,39.39498519897461,0.5613570213317871,24.536617279052734,0.9012917280197144,1.000000238418579,2.89332914352417,0.3456226885318756,0.0,1.000000238418579,level2_core__level2_head
302,Medium,21.61436653137207,39.15425491333008,0.5520310997962952,23.932201385498047,0.9031499624252319,1.000000238418579,2.869053602218628,0.3485470712184906,0.0,1.000000238418579,level2_core__level2_head
303,Medium,21.870433807373047,38.827484130859375,0.5632719993591309,24.099384307861328,0.9075100421905518,1.0,2.8596293926239014,0.3496956527233124,0.0,1.0,level2_core__level2_head
304,Medium,21.58954620361328,38.724239349365234,0.5575202107429504,23.875385284423828,0.9042596220970154,1.0,2.965085744857788,0.33725836873054504,0.0,1.0,level2_core__level2_head
305,Medium,22.535062789916992,39.432865142822266,0.5714792013168335,24.692981719970703,0.9126100540161133,1.0000001192092896,2.912226915359497,0.3433798849582672,0.0,1.0000001192092896,level2_core__level2_head
306,Medium,23.312522888183594,41.16219711303711,0.5663576126098633,25.98284149169922,0.8972275853157043,1.0,2.925845146179199,0.3417815864086151,0.0,1.0,level2_core__level2_head
307,Medium,22.949464797973633,39.8289680480957,0.5762003660202026,25.16659927368164,0.9119017124176025,1.0000001192092896,2.8182590007781982,0.3548290431499481,0.0,1.0000001192092896,level2_core__level2_head
308,Medium,22.473384857177734,40.23704147338867,0.5585247874259949,24.77655792236328,0.9070422649383545,1.0000001192092896,2.8327744007110596,0.3530108630657196,0.0,1.0000001192092896,level2_core__level2_head
309,Medium,21.655723571777344,38.992916107177734,0.5553758144378662,24.22842788696289,0.8938146233558655,1.0000001192092896,2.7714881896972656,0.360817015171051,0.0,1.0000001192092896,level2_core__level2_head
300,Low,5.735770225524902,9.434466361999512,0.6079591512680054,4.823646545410156,1.1890941858291626,1.000000238418579,3.196647882461548,0.3128277659416199,0.0,1.000000238418579,level2_core__level2_head
301,Low,5.323423862457275,9.307915687561035,0.5719243884086609,4.560791015625,1.1672149896621704,1.000000238418579,3.220942497253418,0.3104681968688965,0.0,1.000000238418579,level2_core__level2_head
302,Low,5.056502342224121,8.690547943115234,0.5818393230438232,4.325172424316406,1.1690869331359863,1.000000238418579,3.1574950218200684,0.3167068362236023,0.0,1.000000238418579,level2_core__level2_head
303,Low,5.424621105194092,9.383713722229004,0.5780889391899109,4.9544525146484375,1.0948982238769531,1.000000238418579,3.151850700378418,0.31727397441864014,0.0,1.000000238418579,level2_core__level2_head
304,Low,5.1175642013549805,8.6682710647583,0.5903788805007935,4.184906005859375,1.2228623628616333,1.0,3.2852959632873535,0.30438658595085144,0.0,1.0,level2_core__level2_head
305,Low,5.74492073059082,9.511116981506348,0.6040216684341431,5.011665344238281,1.146309733390808,1.0000001192092896,3.2701427936553955,0.3057970702648163,0.0,1.0000001192092896,level2_core__level2_head
306,Low,5.681755542755127,9.710639953613281,0.5851061940193176,4.148139953613281,1.3697116374969482,1.0,3.2237377166748047,0.31019893288612366,0.0,1.0,level2_core__level2_head
307,Low,5.400668621063232,9.595913887023926,0.5628092288970947,4.817695617675781,1.1210066080093384,1.0000001192092896,3.164654493331909,0.31599029898643494,0.0,1.0000001192092896,level2_core__level2_head
308,Low,4.665712356567383,8.755433082580566,0.5328933596611023,4.1991119384765625,1.1111187934875488,1.000000238418579,3.1902639865875244,0.3134537637233734,0.0,1.000000238418579,level2_core__level2_head
309,Low,5.216767311096191,9.405943870544434,0.5546245574951172,4.621650695800781,1.1287671327590942,1.0000003576278687,3.0805845260620117,0.3246138393878937,0.0,1.0000003576278687,level2_core__level2_head
310,High,40.48896408081055,43.14285659790039,0.9384859204292297,40.50818634033203,0.9995254874229431,1.000000238418579,1.5227627754211426,0.6567012667655945,0.0,1.000000238418579,level2_core__level2_head
311,High,39.11243438720703,41.54063415527344,0.9415463805198669,39.161869049072266,0.9987376928329468,1.000000238418579,1.4632622003555298,0.6834046840667725,0.0,1.000000238418579,level2_core__level2_head
312,High,39.4918098449707,41.99935531616211,0.9402956366539001,39.557411193847656,0.9983416199684143,1.000000238418579,1.4793155193328857,0.675988495349884,0.0,1.000000238418579,level2_core__level2_head
313,High,41.029884338378906,43.55380630493164,0.9420504570007324,41.0483283996582,0.9995507001876831,1.0000001192092896,1.468467354774475,0.6809821724891663,0.0,1.0000001192092896,level2_core__level2_head
314,High,39.67024230957031,42.508209228515625,0.9332371950149536,39.68603515625,0.9996020793914795,1.000000238418579,1.4737911224365234,0.6785223484039307,0.0,1.000000238418579,level2_core__level2_head
315,High,39.510772705078125,41.865386962890625,0.9437574744224548,39.51164627075195,0.9999778866767883,1.000000238418579,1.4710904359817505,0.6797680258750916,0.0,1.000000238418579,level2_core__level2_head
316,High,39.39447021484375,41.50852966308594,0.9490692615509033,39.395259857177734,0.9999799728393555,1.0,1.4218429327011108,0.7033125758171082,0.0,1.0,level2_core__level2_head
317,High,39.432865142822266,41.396854400634766,0.9525570273399353,39.43348693847656,0.9999842047691345,1.0000004768371582,1.3968826532363892,0.7158800959587097,0.0,1.0000004768371582,level2_core__level2_head
318,High,38.35334396362305,40.38302230834961,0.9497393369674683,38.35395431518555,0.999984085559845,1.0,1.4154366254806519,0.7064957618713379,0.0,1.0,level2_core__level2_head
319,High,37.305973052978516,39.242549896240234,0.9506511092185974,37.30674743652344,0.9999792575836182,1.0,1.3982903957366943,0.715158998966217,0.0,1.0,level2_core__level2_head
310,Medium,20.765300750732422,38.5251350402832,0.5390065908432007,23.50970458984375,0.8832650780677795,1.000000238418579,2.910309076309204,0.34360620379447937,0.0,1.000000238418579,level2_core__level2_head
311,Medium,20.593490600585938,36.94644546508789,0.5573875904083252,22.465320587158203,0.9166791439056396,1.000000238418579,2.7703301906585693,0.36096787452697754,0.0,1.000000238418579,level2_core__level2_head
312,Medium,20.40503692626953,37.47361755371094,0.5445173978805542,22.334922790527344,0.9135933518409729,1.000000238418579,2.780215263366699,0.35968446731567383,0.0,1.000000238418579,level2_core__level2_head
313,Medium,20.770530700683594,38.48518753051758,0.5397019386291504,23.332660675048828,0.8901912569999695,1.0000001192092896,2.784111976623535,0.3591809868812561,0.0,1.0000001192092896,level2_core__level2_head
314,Medium,21.242937088012695,38.40445327758789,0.5531373620033264,23.33648681640625,0.9102885723114014,1.000000238418579,2.8081014156341553,0.3561125695705414,0.0,1.000000238418579,level2_core__level2_head
315,Medium,21.69734764099121,37.440425872802734,0.579516589641571,23.583614349365234,0.9200178980827332,1.000000238418579,2.7906792163848877,0.35833579301834106,0.0,1.000000238418579,level2_core__level2_head
316,Medium,21.45999526977539,37.59280014038086,0.5708538889884949,23.390182495117188,0.9174787402153015,1.0000004768371582,2.722598075866699,0.36729639768600464,0.0,1.0000004768371582,level2_core__level2_head
317,Medium,21.706884384155273,37.048004150390625,0.5859124064445496,23.420005798339844,0.9268522262573242,1.0000004768371582,2.6366186141967773,0.37927383184432983,0.0,1.0000004768371582,level2_core__level2_head
318,Medium,20.68634605407715,36.302581787109375,0.5698312520980835,22.978145599365234,0.9002617597579956,1.0,2.689220666885376,0.3718549311161041,0.0,1.0,level2_core__level2_head
319,Medium,21.63873291015625,35.51871871948242,0.609220564365387,23.44510269165039,0.922953188419342,1.0000001192092896,2.6419551372528076,0.3785076141357422,0.0,1.0000001192092896,level2_core__level2_head
310,Low,5.491044044494629,8.839264869689941,0.621210515499115,4.645256042480469,1.1820756196975708,1.000000238418579,3.2462339401245117,0.30804935097694397,0.0,1.000000238418579,level2_core__level2_head
311,Low,4.600919246673584,8.490657806396484,0.541880190372467,4.4041290283203125,1.0446830987930298,1.000000238418579,3.0967564582824707,0.3229185938835144,0.0,1.000000238418579,level2_core__level2_head
312,Low,5.3348212242126465,9.431000709533691,0.5656686425209045,5.160247802734375,1.0338304042816162,1.000000238418579,3.10332989692688,0.3222346007823944,0.0,1.000000238418579,level2_core__level2_head
313,Low,4.914432525634766,9.008736610412598,0.5455185174942017,4.054801940917969,1.2120031118392944,1.0000001192092896,3.1395013332366943,0.3185219466686249,0.0,1.0000001192092896,level2_core__level2_head
314,Low,4.771221160888672,8.658035278320312,0.5510743260383606,4.405662536621094,1.0829746723175049,1.000000238418579,3.0982396602630615,0.32276400923728943,0.0,1.000000238418579,level2_core__level2_head
315,Low,4.701786041259766,8.335067749023438,0.5640969276428223,4.606193542480469,1.020753026008606,1.000000238418579,3.0632524490356445,0.3264504671096802,0.0,1.000000238418579,level2_core__level2_head
316,Low,4.722367286682129,8.621209144592285,0.5477616190910339,4.550785064697266,1.0377038717269897,1.0000005960464478,3.040151834487915,0.32893112301826477,0.0,1.0000005960464478,level2_core__level2_head
317,Low,5.033825874328613,8.600433349609375,0.5852990746498108,4.813331604003906,1.045809030532837,1.0000004768371582,2.9529802799224854,0.33864110708236694,0.0,1.0000004768371582,level2_core__level2_head
318,Low,4.710644245147705,8.306893348693848,0.5670765042304993,4.347145080566406,1.083617925643921,1.0000001192092896,2.9598190784454346,0.33785852789878845,0.0,1.0000001192092896,level2_core__level2_head
319,Low,4.9410176277160645,8.48572063446045,0.5822743773460388,4.735271453857422,1.0434497594833374,1.0000004768371582,2.9132702350616455,0.34325703978538513,0.0,1.0000004768371582,level2_core__level2_head
320,High,37.45286560058594,39.80423355102539,0.9409266710281372,37.45359420776367,0.9999805688858032,0.9999997019767761,1.4806212186813354,0.6753919720649719,0.0,0.9999997019767761,level2_core__level2_head
321,High,37.75562286376953,39.68900680541992,0.9512866735458374,37.75617218017578,0.9999854564666748,1.0,1.3894494771957397,0.7197095155715942,0.0,1.0,level2_core__level2_head
322,High,37.369110107421875,38.931270599365234,0.9598739147186279,37.36973190307617,0.9999833703041077,0.9999998211860657,1.3166800737380981,0.7594857811927795,0.0,0.9999998211860657,level2_core__level2_head
323,High,36.405967712402344,38.07177734375,0.9562455415725708,36.40665054321289,0.9999812245368958,1.000000238418579,1.3359721899032593,0.7485187649726868,0.0,1.000000238418579,level2_core__level2_head
324,High,37.95610427856445,39.40090560913086,0.9633307456970215,37.95684814453125,0.9999803900718689,1.0000003576278687,1.2985976934432983,0.770061731338501,0.0,1.0000003576278687,level2_core__level2_head
325,High,37.186275482177734,38.61784744262695,0.9629297852516174,37.1871452331543,0.999976634979248,0.9999998807907104,1.290947675704956,0.7746246457099915,0.0,0.9999998807907104,level2_core__level2_head
326,High,36.294883728027344,37.74797058105469,0.9615055918693542,36.295833587646484,0.9999738335609436,1.000000238418579,1.2864952087402344,0.7773058414459229,0.0,1.000000238418579,level2_core__level2_head
327,High,35.712345123291016,36.90336990356445,0.9677258729934692,35.71315383911133,0.9999773502349854,1.0000001192092896,1.2446997165679932,0.8034067153930664,0.0,1.0000001192092896,level2_core__level2_head
328,High,35.41828536987305,36.32950210571289,0.974918007850647,35.419105529785156,0.9999768733978271,1.0,1.1896668672561646,0.8405714631080627,0.0,1.0,level2_core__level2_head
329,High,35.116336822509766,36.0185546875,0.9749513268470764,35.11719512939453,0.9999755620956421,0.9999998211860657,1.1877840757369995,0.8419036865234375,0.0,0.9999998211860657,level2_core__level2_head
320,Medium,20.011898040771484,35.3890380859375,0.5654829740524292,21.825687408447266,0.9168965816497803,1.0000004768371582,2.818125009536743,0.3548460304737091,0.0,1.0000004768371582,level2_core__level2_head
321,Medium,21.298295974731445,35.79682922363281,0.5949771404266357,23.226463317871094,0.9169840216636658,1.0,2.6352031230926514,0.3794773817062378,0.0,1.0,level2_core__level2_head
322,Medium,20.977821350097656,35.07564926147461,0.5980736613273621,22.897762298583984,0.9161515831947327,1.0000001192092896,2.5406720638275146,0.39359667897224426,0.0,1.0000001192092896,level2_core__level2_head
323,Medium,20.854875564575195,34.111873626708984,0.6113670468330383,22.878978729248047,0.9115300178527832,1.000000238418579,2.516526460647583,0.397373229265213,0.0,1.000000238418579,level2_core__level2_head
324,Medium,19.812013626098633,34.983577728271484,0.5663232803344727,22.061019897460938,0.8980551958084106,1.0000003576278687,2.4828696250915527,0.4027599096298218,0.0,1.0000003576278687,level2_core__level2_head
325,Medium,21.197147369384766,34.40300369262695,0.6161423325538635,23.464786529541016,0.9033598899841309,1.0000003576278687,2.4685347080230713,0.4050987660884857,0.0,1.0000003576278687,level2_core__level2_head
326,Medium,20.45449447631836,33.82290267944336,0.604752779006958,22.387557983398438,0.9136545658111572,1.000000238418579,2.4673569202423096,0.4052920937538147,0.0,1.000000238418579,level2_core__level2_head
327,Medium,20.72606658935547,33.30202865600586,0.6223664879798889,22.86373519897461,0.9065039753913879,1.000000238418579,2.386082649230957,0.41909706592559814,0.0,1.000000238418579,level2_core__level2_head
328,Medium,21.26287078857422,32.395442962646484,0.656353771686554,22.848342895507812,0.930608868598938,1.0,2.238589286804199,0.44670990109443665,0.0,1.0,level2_core__level2_head
329,Medium,21.465478897094727,32.09944534301758,0.6687180399894714,22.96417999267578,0.9347374439239502,1.0000001192092896,2.248382091522217,0.44476431608200073,0.0,1.0000001192092896,level2_core__level2_head
320,Low,4.654086589813232,8.366225242614746,0.5562946796417236,4.470390319824219,1.041091799736023,1.0000004768371582,3.095980405807495,0.32299962639808655,0.0,1.0000004768371582,level2_core__level2_head
321,Low,4.819812774658203,8.44826889038086,0.5705088973045349,4.560478210449219,1.0568656921386719,1.0000001192092896,2.9402382373809814,0.3401085436344147,0.0,1.0000001192092896,level2_core__level2_head
322,Low,4.380107402801514,7.812758922576904,0.5606351494789124,4.038047790527344,1.0847091674804688,1.0000005960464478,2.7770538330078125,0.3600940704345703,0.0,1.0000005960464478,level2_core__level2_head
323,Low,4.7850775718688965,8.459698677062988,0.565632164478302,4.368274688720703,1.0954159498214722,1.000000238418579,2.7938780784606934,0.35792550444602966,0.0,1.000000238418579,level2_core__level2_head
324,Low,4.154816627502441,7.590217113494873,0.5473909974098206,3.6900177001953125,1.125961184501648,1.0000003576278687,2.7276875972747803,0.3666110336780548,0.0,1.0000003576278687,level2_core__level2_head
325,Low,4.064969539642334,7.33115291595459,0.5544788837432861,3.5558929443359375,1.1431641578674316,1.0000003576278687,2.7072973251342773,0.3693721890449524,0.0,1.0000003576278687,level2_core__level2_head
326,Low,4.49269962310791,7.972748756408691,0.5635069608688354,4.242115020751953,1.0590707063674927,1.000000238418579,2.7523460388183594,0.3633264899253845,0.0,1.000000238418579,level2_core__level2_head
327,Low,4.559682369232178,7.620956897735596,0.5983083844184875,4.2376708984375,1.0759878158569336,1.000000238418579,2.648164749145508,0.3776201009750366,0.0,1.000000238418579,level2_core__level2_head
328,Low,4.497005939483643,7.969630718231201,0.5642678141593933,4.261680603027344,1.0552189350128174,1.0,2.548031806945801,0.39245977997779846,0.0,1.0,level2_core__level2_head
329,Low,4.404141426086426,7.446063995361328,0.5914723873138428,4.145912170410156,1.062285304069519,1.0000001192092896,2.4826772212982178,0.40279102325439453,0.0,1.0000001192092896,level2_core__level2_head
330,High,35.657955169677734,36.39688491821289,0.9796980023384094,35.65895462036133,0.9999719858169556,1.0000001192092896,1.153735876083374,0.8667495846748352,0.0,1.0000001192092896,level2_core__level2_head
331,High,34.46739196777344,35.144840240478516,0.9807240962982178,34.46839904785156,0.9999707937240601,1.0000001192092896,1.1409251689910889,0.8764817714691162,0.0,1.0000001192092896,level2_core__level2_head
332,High,34.164527893066406,34.69890213012695,0.9845996499061584,34.16552734375,0.9999707341194153,1.0000004768371582,1.1111195087432861,0.8999935984611511,0.0,1.0000004768371582,level2_core__level2_head
333,High,33.886680603027344,34.23550033569336,0.9898111820220947,33.88767623901367,0.9999706149101257,1.0000005960464478,1.0724622011184692,0.9324343800544739,0.0,1.0000005960464478,level2_core__level2_head
334,High,33.63896942138672,34.038516998291016,0.988261878490448,33.63997268676758,0.9999701976776123,1.0,1.083031177520752,0.9233344793319702,0.0,1.0,level2_core__level2_head
335,High,32.966644287109375,33.330928802490234,0.9890706539154053,32.96765899658203,0.9999692440032959,1.0000001192092896,1.0756806135177612,0.9296441078186035,0.0,1.0000001192092896,level2_core__level2_head
336,High,32.72816467285156,32.85928726196289,0.9960095882415771,32.741676330566406,0.9995872974395752,1.0000001192092896,1.0245028734207153,0.9760832786560059,0.0,1.0000001192092896,level2_core__level2_head
337,High,32.27996826171875,32.37104797363281,0.9971863627433777,32.29023742675781,0.9996819496154785,1.0,1.0168355703353882,0.9834432005882263,0.0,1.0,level2_core__level2_head
338,High,32.73540496826172,32.956172943115234,0.9933011531829834,32.736534118652344,0.999965488910675,1.0,1.0457580089569092,0.956244170665741,0.0,1.0,level2_core__level2_head
339,High,32.654415130615234,32.739566802978516,0.997399091720581,32.65562057495117,0.999963104724884,1.0000003576278687,1.0174882411956787,0.9828127026557922,0.0,1.0000003576278687,level2_core__level2_head
330,Medium,21.05970001220703,32.955684661865234,0.6390308737754822,23.089263916015625,0.9120992422103882,1.0000001192092896,2.209629774093628,0.4525645673274994,0.0,1.0000001192092896,level2_core__level2_head
331,Medium,21.38471794128418,31.586166381835938,0.6770279407501221,22.987995147705078,0.9302558898925781,1.0000001192092896,2.1608753204345703,0.46277546882629395,0.0,1.0000001192092896,level2_core__level2_head
332,Medium,20.886098861694336,31.063264846801758,0.6723729372024536,22.24158477783203,0.9390562176704407,1.0000004768371582,2.124796152114868,0.4706335961818695,0.0,1.0000004768371582,level2_core__level2_head
333,Medium,21.623544692993164,30.509292602539062,0.7087527513504028,22.902324676513672,0.9441637396812439,1.0000005960464478,2.0210726261138916,0.4947870671749115,0.0,1.0000005960464478,level2_core__level2_head
334,Medium,21.707881927490234,30.448930740356445,0.7129275798797607,22.97522735595703,0.9448385834693909,1.0,2.0379600524902344,0.4906867444515228,0.0,1.0,level2_core__level2_head
335,Medium,21.490070343017578,29.747562408447266,0.722414493560791,22.350780487060547,0.96149080991745,1.0000001192092896,2.06376576423645,0.48455116152763367,0.0,1.0000001192092896,level2_core__level2_head
336,Medium,20.588268280029297,29.339488983154297,0.7017255425453186,21.85071563720703,0.9422239661216736,1.0000001192092896,1.9747753143310547,0.5063867568969727,0.0,1.0000001192092896,level2_core__level2_head
337,Medium,20.829965591430664,28.787900924682617,0.7235666513442993,21.737545013427734,0.9582483172416687,1.0,1.9308404922485352,0.5179091691970825,0.0,1.0,level2_core__level2_head
338,Medium,21.23272132873535,29.255342483520508,0.7257724404335022,22.26434326171875,0.9536648392677307,1.0,1.9677854776382446,0.5081855058670044,0.0,1.0,level2_core__level2_head
339,Medium,20.57283592224121,29.014677047729492,0.7090492844581604,21.90936279296875,0.9389974474906921,1.0000003576278687,1.954062581062317,0.5117545127868652,0.0,1.0000003576278687,level2_core__level2_head
330,Low,4.491077899932861,7.55655574798584,0.5943287014961243,4.223262786865234,1.063414216041565,1.0000001192092896,2.4455249309539795,0.40891021490097046,0.0,1.0000001192092896,level2_core__level2_head
331,Low,4.914581775665283,7.632946968078613,0.6438642740249634,4.762989044189453,1.0318272113800049,1.0000001192092896,2.397336721420288,0.41712960600852966,0.0,1.0000001192092896,level2_core__level2_head
332,Low,4.591487407684326,7.522945880889893,0.6103310585021973,4.389362335205078,1.046048879623413,1.0000004768371582,2.33343243598938,0.42855343222618103,0.0,1.0000004768371582,level2_core__level2_head
333,Low,4.188097953796387,7.333250999450684,0.5711106657981873,3.9410858154296875,1.062676191329956,1.0000005960464478,2.2595341205596924,0.442569375038147,0.0,1.0000005960464478,level2_core__level2_head
334,Low,4.270203113555908,6.993930816650391,0.6105583906173706,4.088703155517578,1.0443905591964722,1.0000001192092896,2.2572720050811768,0.44301268458366394,0.0,1.0000001192092896,level2_core__level2_head
335,Low,4.426370620727539,6.690474987030029,0.6615929007530212,4.443668365478516,0.9961073398590088,1.0000001192092896,2.2913835048675537,0.4364176094532013,0.0,1.0000001192092896,level2_core__level2_head
336,Low,4.381140232086182,6.9431257247924805,0.6310040354728699,4.252830505371094,1.0301704406738281,1.0000001192092896,2.179670810699463,0.45878493785858154,0.0,1.0000001192092896,level2_core__level2_head
337,Low,5.126201629638672,7.17244291305542,0.7147079110145569,5.261997222900391,0.9741931557655334,1.0000001192092896,2.140601634979248,0.4671584367752075,0.0,1.0000001192092896,level2_core__level2_head
338,Low,4.461475372314453,6.703258037567139,0.6655681729316711,4.6929931640625,0.9506673216819763,1.0000001192092896,2.1621904373168945,0.46249401569366455,0.0,1.0000001192092896,level2_core__level2_head
339,Low,4.2858734130859375,6.7130022048950195,0.6384435892105103,4.480983734130859,0.9564581513404846,1.0000003576278687,2.1394054889678955,0.46741974353790283,0.0,1.0000003576278687,level2_core__level2_head
340,High,31.599523544311523,32.02138900756836,0.9868255257606506,31.600791931152344,0.9999598860740662,1.000000238418579,1.0876238346099854,0.9194357395172119,0.0,1.000000238418579,level2_core__level2_head
341,High,31.250612258911133,31.583513259887695,0.9894596338272095,31.251758575439453,0.9999633431434631,0.9999998211860657,1.069115161895752,0.9353527426719666,0.0,0.9999998211860657,level2_core__level2_head
342,High,31.54124641418457,31.811933517456055,0.9914910197257996,31.54229164123535,0.9999668598175049,1.0,1.0561752319335938,0.9468125700950623,0.0,1.0,level2_core__level2_head
343,High,30.19141387939453,30.191410064697266,1.0000001192092896,30.19141387939453,1.0,0.9961461424827576,0.9940203428268433,1.002138614654541,0.0,0.9961461424827576,level2_core__level2_head
344,High,30.13735580444336,30.28719711303711,0.9950526356697083,30.18233871459961,0.9985096454620361,1.000000238418579,1.3076430559158325,0.7647348642349243,0.0,1.000000238418579,level2_core__level2_head
345,High,30.46892547607422,30.694700241088867,0.9926444888114929,30.470203399658203,0.9999580383300781,1.0000001192092896,1.4041779041290283,0.712160587310791,0.0,1.0000001192092896,level2_core__level2_head
346,High,30.085018157958984,30.469772338867188,0.9873725771903992,30.086170196533203,0.9999617338180542,1.000000238418579,1.3855794668197632,0.7217198610305786,0.0,1.000000238418579,level2_core__level2_head
347,High,30.6069278717041,30.875837326049805,0.9912906289100647,30.608078002929688,0.9999624490737915,0.9999997019767761,1.6487771272659302,0.6065099239349365,0.0,0.9999997019767761,level2_core__level2_head
348,High,30.07145881652832,30.36386489868164,0.9903699159622192,30.082355499267578,0.9996377825737,1.000000238418579,1.7016626596450806,0.5876606702804565,0.0,1.000000238418579,level2_core__level2_head
349,High,30.203628540039062,30.50009536743164,0.9902797937393188,30.208696365356445,0.9998322129249573,1.0000003576278687,1.940005898475647,0.5154625177383423,0.0,1.0000003576278687,level2_core__level2_head
340,Medium,20.53466033935547,28.654937744140625,0.716618537902832,21.57370376586914,0.9518374800682068,1.000000238418579,2.0296144485473633,0.4927045404911041,0.0,1.000000238418579,level2_core__level2_head
341,Medium,20.38421058654785,28.242582321166992,0.7217544913291931,21.172035217285156,0.9627893567085266,1.0,2.047703742980957,0.48835188150405884,0.0,1.0,level2_core__level2_head
342,Medium,20.044221878051758,28.45721435546875,0.7043634653091431,21.045228958129883,0.9524354338645935,1.0,1.9945948123931885,0.5013549327850342,0.0,1.0,level2_core__level2_head
343,Medium,19.564136505126953,27.24222183227539,0.7181549668312073,20.09505844116211,0.973579466342926,1.000000238418579,1.9108867645263672,0.5233173966407776,0.0,1.000000238418579,level2_core__level2_head
344,Medium,19.69554901123047,27.32600212097168,0.7207621932029724,20.348556518554688,0.9679089188575745,1.000000238418579,2.438690662384033,0.4100562036037445,0.0,1.000000238418579,level2_core__level2_head
345,Medium,19.546045303344727,27.187240600585938,0.718941867351532,20.313793182373047,0.9622055888175964,1.0000001192092896,2.6641862392425537,0.3753491938114166,0.0,1.0000001192092896,level2_core__level2_head
346,Medium,19.707637786865234,27.281890869140625,0.7223706841468811,20.52873992919922,0.9600023031234741,1.000000238418579,2.6241486072540283,0.38107606768608093,0.0,1.000000238418579,level2_core__level2_head
347,Medium,20.052946090698242,27.608051300048828,0.726344108581543,20.842670440673828,0.9621102213859558,1.0000001192092896,3.094468116760254,0.32315734028816223,0.0,1.0000001192092896,level2_core__level2_head
348,Medium,19.598466873168945,27.22256088256836,0.7199347019195557,20.385940551757812,0.9613717198371887,1.000000238418579,3.2043917179107666,0.3120717704296112,0.0,1.000000238418579,level2_core__level2_head
349,Medium,19.46872329711914,27.29698371887207,0.7132188677787781,20.26087760925293,0.9609022736549377,1.0000003576278687,3.605384111404419,0.2773630619049072,0.0,1.0000003576278687,level2_core__level2_head
340,Low,4.696471214294434,6.814319133758545,0.6892062425613403,4.947772979736328,0.9492090940475464,1.000000238418579,2.240328311920166,0.446363240480423,0.0,1.000000238418579,level2_core__level2_head
341,Low,4.804488182067871,6.989181041717529,0.6874179244041443,4.916252136230469,0.9772664308547974,1.0,2.2532787322998047,0.4437977373600006,0.0,1.0,level2_core__level2_head
342,Low,4.279338836669922,6.593232154846191,0.649050235748291,4.0824737548828125,1.0482220649719238,1.0,2.234283208847046,0.4475708305835724,0.0,1.0,level2_core__level2_head
343,Low,4.670798301696777,6.626021862030029,0.7049174308776855,4.714164733886719,0.9908007979393005,1.000000238418579,2.1344778537750244,0.46849876642227173,0.0,1.000000238418579,level2_core__level2_head
344,Low,4.30573844909668,6.416229724884033,0.671069860458374,4.31365966796875,0.9981637001037598,1.000000238418579,2.721979856491089,0.36737972497940063,0.0,1.000000238418579,level2_core__level2_head
345,Low,4.572244644165039,6.324592113494873,0.7229311466217041,4.589912414550781,0.9961507320404053,1.0000001192092896,2.9851455688476562,0.33499208092689514,0.0,1.0000001192092896,level2_core__level2_head
346,Low,4.45521354675293,6.915133953094482,0.6442700028419495,4.43231201171875,1.005167007446289,1.000000238418579,2.941419839859009,0.33997195959091187,0.0,1.000000238418579,level2_core__level2_head
347,Low,4.368671894073486,7.043655872344971,0.6202278733253479,4.6564788818359375,0.9381921291351318,1.000000238418579,3.464376211166382,0.28865233063697815,0.0,1.000000238418579,level2_core__level2_head
348,Low,4.502442836761475,6.645073890686035,0.6775609850883484,4.6368865966796875,0.9710056185722351,1.000000238418579,3.5636682510375977,0.28060978651046753,0.0,1.000000238418579,level2_core__level2_head
349,Low,4.224340438842773,6.171332836151123,0.6845102310180664,4.270652770996094,0.989155650138855,1.0000003576278687,4.023063659667969,0.2485668808221817,0.0,1.0000003576278687,level2_core__level2_head
300,High,40.797420501708984,43.287471771240234,0.9424763917922974,40.84786605834961,0.9987650513648987,1.0000001192092896,1.488415241241455,0.671855628490448,0.0,1.0000001192092896,level2_core__level4_head
301,High,41.29915237426758,44.01470947265625,0.9383034110069275,41.3199348449707,0.9994970560073853,1.000000238418579,1.540365219116211,0.6491968631744385,0.0,1.000000238418579,level2_core__level4_head
302,High,41.35908889770508,44.10446548461914,0.9377528429031372,41.37627029418945,0.9995847344398499,1.000000238418579,1.5306810140609741,0.6533041596412659,0.0,1.000000238418579,level2_core__level4_head
303,High,40.81401443481445,43.59922790527344,0.9361178278923035,40.83292007446289,0.9995369911193848,0.9999998807907104,1.5194594860076904,0.6581286787986755,0.0,0.9999998807907104,level2_core__level4_head
304,High,40.24766159057617,43.153900146484375,0.932654082775116,40.31892013549805,0.9982326030731201,0.9999998807907104,1.5741603374481201,0.635259211063385,0.0,0.9999998807907104,level2_core__level4_head
305,High,41.70887756347656,44.440330505371094,0.9385366439819336,41.748897552490234,0.9990414381027222,1.0,1.5494719743728638,0.6453811526298523,0.0,1.0,level2_core__level4_head
306,High,43.064453125,45.910301208496094,0.9380128383636475,43.10991668701172,0.998945415019989,1.0,1.5598559379577637,0.6410848498344421,0.0,1.0,level2_core__level4_head
307,High,42.33056640625,44.792301177978516,0.9450411200523376,42.38248825073242,0.9987749457359314,1.0,1.480306625366211,0.6755357384681702,0.0,1.0,level2_core__level4_head
308,High,42.10137939453125,44.715457916259766,0.9415397047996521,42.13404083251953,0.999224841594696,1.0,1.4988256692886353,0.6671890020370483,0.0,1.0,level2_core__level4_head
309,High,40.977783203125,43.451019287109375,0.9430798888206482,40.995723724365234,0.9995623826980591,0.9999998211860657,1.4601633548736572,0.6848547458648682,0.0,0.9999998211860657,level2_core__level4_head
300,Medium,21.90940284729004,38.93954086303711,0.5626518130302429,24.141048431396484,0.907558023929596,1.0000001192092896,2.845003366470337,0.3514934778213501,0.0,1.0000001192092896,level2_core__level4_head
301,Medium,22.11465072631836,39.39498519897461,0.5613570213317871,24.536617279052734,0.9012917280197144,1.000000238418579,2.89332914352417,0.3456226885318756,0.0,1.000000238418579,level2_core__level4_head
302,Medium,21.61436653137207,39.15425491333008,0.5520310997962952,23.932201385498047,0.9031499624252319,1.000000238418579,2.869053602218628,0.3485470712184906,0.0,1.000000238418579,level2_core__level4_head
303,Medium,21.870433807373047,38.827484130859375,0.5632719993591309,24.099384307861328,0.9075100421905518,1.0,2.8596293926239014,0.3496956527233124,0.0,1.0,level2_core__level4_head
304,Medium,21.58954620361328,38.724239349365234,0.5575202107429504,23.875385284423828,0.9042596220970154,1.0,2.965085744857788,0.33725836873054504,0.0,1.0,level2_core__level4_head
305,Medium,22.535062789916992,39.432865142822266,0.5714792013168335,24.692981719970703,0.9126100540161133,1.0000001192092896,2.912226915359497,0.3433798849582672,0.0,1.0000001192092896,level2_core__level4_head
306,Medium,23.312522888183594,41.16219711303711,0.5663576126098633,25.98284149169922,0.8972275853157043,1.0,2.925845146179199,0.3417815864086151,0.0,1.0,level2_core__level4_head
307,Medium,22.949464797973633,39.8289680480957,0.5762003660202026,25.16659927368164,0.9119017124176025,1.0000001192092896,2.8182590007781982,0.3548290431499481,0.0,1.0000001192092896,level2_core__level4_head
308,Medium,22.473384857177734,40.23704147338867,0.5585247874259949,24.77655792236328,0.9070422649383545,1.0000001192092896,2.8327744007110596,0.3530108630657196,0.0,1.0000001192092896,level2_core__level4_head
309,Medium,21.655723571777344,38.992916107177734,0.5553758144378662,24.22842788696289,0.8938146233558655,1.0000001192092896,2.7714881896972656,0.360817015171051,0.0,1.0000001192092896,level2_core__level4_head
300,Low,5.02099084854126,9.434466361999512,0.532196581363678,4.823646545410156,1.0409117937088013,1.000000238418579,3.196647882461548,0.3128277659416199,0.0,1.000000238418579,level2_core__level4_head
301,Low,4.876006126403809,9.307915687561035,0.5238558650016785,4.560791015625,1.069114089012146,1.000000238418579,3.220942497253418,0.3104681968688965,0.0,1.000000238418579,level2_core__level4_head
302,Low,4.476956367492676,8.690547943115234,0.5151523947715759,4.325172424316406,1.0350931882858276,1.000000238418579,3.1574950218200684,0.3167068362236023,0.0,1.000000238418579,level2_core__level4_head
303,Low,4.639013767242432,9.383713722229004,0.49436864256858826,4.9544525146484375,0.9363322854042053,1.000000238418579,3.151850700378418,0.31727397441864014,0.0,1.000000238418579,level2_core__level4_head
304,Low,4.262012004852295,8.6682710647583,0.4916796088218689,4.184906005859375,1.0184247493743896,1.0,3.2852959632873535,0.30438658595085144,0.0,1.0,level2_core__level4_head
305,Low,5.105174541473389,9.511116981506348,0.5367586612701416,5.011665344238281,1.0186582803726196,1.0000001192092896,3.2701427936553955,0.3057970702648163,0.0,1.0000001192092896,level2_core__level4_head
306,Low,4.6965155601501465,9.710639953613281,0.48364636301994324,4.148139953613281,1.1321979761123657,1.0,3.2237377166748047,0.31019893288612366,0.0,1.0,level2_core__level4_head
307,Low,4.608027458190918,9.595913887023926,0.48020726442337036,4.817695617675781,0.956479549407959,1.0000001192092896,3.164654493331909,0.31599029898643494,0.0,1.0000001192092896,level2_core__level4_head
308,Low,4.2104082107543945,8.755433082580566,0.4808908998966217,4.1991119384765625,1.0026901960372925,1.000000238418579,3.1902639865875244,0.3134537637233734,0.0,1.000000238418579,level2_core__level4_head
309,Low,4.58270788192749,9.405943870544434,0.48721402883529663,4.621650695800781,0.9915738105773926,1.0000003576278687,3.0805845260620117,0.3246138393878937,0.0,1.0000003576278687,level2_core__level4_head
310,High,40.48896408081055,43.14285659790039,0.9384859204292297,40.50818634033203,0.9995254874229431,1.000000238418579,1.5227627754211426,0.6567012667655945,0.0,1.000000238418579,level2_core__level4_head
311,High,39.11243438720703,41.54063415527344,0.9415463805198669,39.161869049072266,0.9987376928329468,1.000000238418579,1.4632622003555298,0.6834046840667725,0.0,1.000000238418579,level2_core__level4_head
312,High,39.4918098449707,41.99935531616211,0.9402956366539001,39.557411193847656,0.9983416199684143,1.000000238418579,1.4793155193328857,0.675988495349884,0.0,1.000000238418579,level2_core__level4_head
313,High,41.029884338378906,43.55380630493164,0.9420504570007324,41.0483283996582,0.9995507001876831,1.0000001192092896,1.468467354774475,0.6809821724891663,0.0,1.0000001192092896,level2_core__level4_head
314,High,39.67024230957031,42.508209228515625,0.9332371950149536,39.68603515625,0.9996020793914795,1.000000238418579,1.4737911224365234,0.6785223484039307,0.0,1.000000238418579,level2_core__level4_head
315,High,39.510772705078125,41.865386962890625,0.9437574744224548,39.51164627075195,0.9999778866767883,1.000000238418579,1.4710904359817505,0.6797680258750916,0.0,1.000000238418579,level2_core__level4_head
316,High,39.39447021484375,41.50852966308594,0.9490692615509033,39.395259857177734,0.9999799728393555,1.0,1.4218429327011108,0.7033125758171082,0.0,1.0,level2_core__level4_head
317,High,39.432865142822266,41.396854400634766,0.9525570273399353,39.43348693847656,0.9999842047691345,1.0000004768371582,1.3968826532363892,0.7158800959587097,0.0,1.0000004768371582,level2_core__level4_head
318,High,38.35334396362305,40.38302230834961,0.9497393369674683,38.35395431518555,0.999984085559845,1.0,1.4154366254806519,0.7064957618713379,0.0,1.0,level2_core__level4_head
319,High,37.305973052978516,39.242549896240234,0.9506511092185974,37.30674743652344,0.9999792575836182,1.0,1.3982903957366943,0.715158998966217,0.0,1.0,level2_core__level4_head
310,Medium,20.765300750732422,38.5251350402832,0.5390065908432007,23.50970458984375,0.8832650780677795,1.000000238418579,2.910309076309204,0.34360620379447937,0.0,1.000000238418579,level2_core__level4_head
311,Medium,20.593490600585938,36.94644546508789,0.5573875904083252,22.465320587158203,0.9166791439056396,1.000000238418579,2.7703301906585693,0.36096787452697754,0.0,1.000000238418579,level2_core__level4_head
312,Medium,20.40503692626953,37.47361755371094,0.5445173978805542,22.334922790527344,0.9135933518409729,1.000000238418579,2.780215263366699,0.35968446731567383,0.0,1.000000238418579,level2_core__level4_head
313,Medium,20.770530700683594,38.48518753051758,0.5397019386291504,23.332660675048828,0.8901912569999695,1.0000001192092896,2.784111976623535,0.3591809868812561,0.0,1.0000001192092896,level2_core__level4_head
314,Medium,21.242937088012695,38.40445327758789,0.5531373620033264,23.33648681640625,0.9102885723114014,1.000000238418579,2.8081014156341553,0.3561125695705414,0.0,1.000000238418579,level2_core__level4_head
315,Medium,21.69734764099121,37.440425872802734,0.579516589641571,23.583614349365234,0.9200178980827332,1.000000238418579,2.7906792163848877,0.35833579301834106,0.0,1.000000238418579,level2_core__level4_head
316,Medium,21.45999526977539,37.59280014038086,0.5708538889884949,23.390182495117188,0.9174787402153015,1.0000004768371582,2.722598075866699,0.36729639768600464,0.0,1.0000004768371582,level2_core__level4_head
317,Medium,21.706884384155273,37.048004150390625,0.5859124064445496,23.420005798339844,0.9268522262573242,1.0000004768371582,2.6366186141967773,0.37927383184432983,0.0,1.0000004768371582,level2_core__level4_head
318,Medium,20.68634605407715,36.302581787109375,0.5698312520980835,22.978145599365234,0.9002617597579956,1.0,2.689220666885376,0.3718549311161041,0.0,1.0,level2_core__level4_head
319,Medium,21.63873291015625,35.51871871948242,0.609220564365387,23.44510269165039,0.922953188419342,1.0000001192092896,2.6419551372528076,0.3785076141357422,0.0,1.0000001192092896,level2_core__level4_head
310,Low,4.70932674407959,8.839264869689941,0.5327735543251038,4.645256042480469,1.0137927532196045,1.000000238418579,3.2462339401245117,0.30804935097694397,0.0,1.000000238418579,level2_core__level4_head
311,Low,4.213074684143066,8.490657806396484,0.49620121717453003,4.4041290283203125,0.9566192626953125,1.000000238418579,3.0967564582824707,0.3229185938835144,0.0,1.000000238418579,level2_core__level4_head
312,Low,4.992373943328857,9.431000709533691,0.5293577909469604,5.160247802734375,0.9674678444862366,1.000000238418579,3.10332989692688,0.3222346007823944,0.0,1.000000238418579,level2_core__level4_head
313,Low,4.300375461578369,9.008736610412598,0.47735610604286194,4.054801940917969,1.0605636835098267,1.0000001192092896,3.1395013332366943,0.3185219466686249,0.0,1.0000001192092896,level2_core__level4_head
314,Low,4.234498500823975,8.658035278320312,0.48908308148384094,4.405662536621094,0.9611490964889526,1.000000238418579,3.0982396602630615,0.32276400923728943,0.0,1.000000238418579,level2_core__level4_head
315,Low,4.402981758117676,8.335067749023438,0.5282478928565979,4.606193542480469,0.9558829069137573,1.000000238418579,3.0632524490356445,0.3264504671096802,0.0,1.000000238418579,level2_core__level4_head
316,Low,4.387975692749023,8.621209144592285,0.5089744925498962,4.550785064697266,0.9642239212989807,1.0000004768371582,3.040151834487915,0.3289310932159424,0.0,1.0000004768371582,level2_core__level4_head
317,Low,4.580743789672852,8.600433349609375,0.5326178073883057,4.813331604003906,0.9516783952713013,1.0000004768371582,2.9529802799224854,0.33864110708236694,0.0,1.0000004768371582,level2_core__level4_head
318,Low,4.581690311431885,8.306893348693848,0.5515528321266174,4.347145080566406,1.0539538860321045,1.000000238418579,2.9598190784454346,0.33785855770111084,0.0,1.000000238418579,level2_core__level4_head
319,Low,4.470423221588135,8.48572063446045,0.5268171429634094,4.735271453857422,0.9440690279006958,1.000000238418579,2.9132702350616455,0.34325695037841797,0.0,1.000000238418579,level2_core__level4_head
320,High,37.45286560058594,39.80423355102539,0.9409266710281372,37.45359420776367,0.9999805688858032,0.9999997019767761,1.4806212186813354,0.6753919720649719,0.0,0.9999997019767761,level2_core__level4_head
321,High,37.75562286376953,39.68900680541992,0.9512866735458374,37.75617218017578,0.9999854564666748,1.0,1.3894494771957397,0.7197095155715942,0.0,1.0,level2_core__level4_head
322,High,37.369110107421875,38.931270599365234,0.9598739147186279,37.36973190307617,0.9999833703041077,0.9999998211860657,1.3166800737380981,0.7594857811927795,0.0,0.9999998211860657,level2_core__level4_head
323,High,36.405967712402344,38.07177734375,0.9562455415725708,36.40665054321289,0.9999812245368958,1.000000238418579,1.3359721899032593,0.7485187649726868,0.0,1.000000238418579,level2_core__level4_head
324,High,37.95610427856445,39.40090560913086,0.9633307456970215,37.95684814453125,0.9999803900718689,1.0000003576278687,1.2985976934432983,0.770061731338501,0.0,1.0000003576278687,level2_core__level4_head
325,High,37.186275482177734,38.61784744262695,0.9629297852516174,37.1871452331543,0.999976634979248,0.9999998807907104,1.290947675704956,0.7746246457099915,0.0,0.9999998807907104,level2_core__level4_head
326,High,36.294883728027344,37.74797058105469,0.9615055918693542,36.295833587646484,0.9999738335609436,1.000000238418579,1.2864952087402344,0.7773058414459229,0.0,1.000000238418579,level2_core__level4_head
327,High,35.712345123291016,36.90336990356445,0.9677258729934692,35.71315383911133,0.9999773502349854,1.0000001192092896,1.2446997165679932,0.8034067153930664,0.0,1.0000001192092896,level2_core__level4_head
328,High,35.41828536987305,36.32950210571289,0.974918007850647,35.419105529785156,0.9999768733978271,1.0,1.1896668672561646,0.8405714631080627,0.0,1.0,level2_core__level4_head
329,High,35.116336822509766,36.0185546875,0.9749513268470764,35.11719512939453,0.9999755620956421,0.9999998211860657,1.1877840757369995,0.8419036865234375,0.0,0.9999998211860657,level2_core__level4_head
320,Medium,20.011898040771484,35.3890380859375,0.5654829740524292,21.825687408447266,0.9168965816497803,1.0000004768371582,2.818125009536743,0.3548460304737091,0.0,1.0000004768371582,level2_core__level4_head
321,Medium,21.298295974731445,35.79682922363281,0.5949771404266357,23.226463317871094,0.9169840216636658,1.0,2.6352031230926514,0.3794773817062378,0.0,1.0,level2_core__level4_head
322,Medium,20.977821350097656,35.07564926147461,0.5980736613273621,22.897762298583984,0.9161515831947327,1.0000001192092896,2.5406720638275146,0.39359667897224426,0.0,1.0000001192092896,level2_core__level4_head
323,Medium,20.854875564575195,34.111873626708984,0.6113670468330383,22.878978729248047,0.9115300178527832,1.000000238418579,2.516526460647583,0.397373229265213,0.0,1.000000238418579,level2_core__level4_head
324,Medium,19.812013626098633,34.983577728271484,0.5663232803344727,22.061019897460938,0.8980551958084106,1.0000003576278687,2.4828696250915527,0.4027599096298218,0.0,1.0000003576278687,level2_core__level4_head
325,Medium,21.197147369384766,34.40300369262695,0.6161423325538635,23.464786529541016,0.9033598899841309,1.0000003576278687,2.4685347080230713,0.4050987660884857,0.0,1.0000003576278687,level2_core__level4_head
326,Medium,20.45449447631836,33.82290267944336,0.604752779006958,22.387557983398438,0.9136545658111572,1.000000238418579,2.4673569202423096,0.4052920937538147,0.0,1.000000238418579,level2_core__level4_head
327,Medium,20.72606658935547,33.30202865600586,0.6223664879798889,22.86373519897461,0.9065039753913879,1.000000238418579,2.386082649230957,0.41909706592559814,0.0,1.000000238418579,level2_core__level4_head
328,Medium,21.26287078857422,32.395442962646484,0.656353771686554,22.848342895507812,0.930608868598938,1.0,2.238589286804199,0.44670990109443665,0.0,1.0,level2_core__level4_head
329,Medium,21.465478897094727,32.09944534301758,0.6687180399894714,22.96417999267578,0.9347374439239502,1.0000001192092896,2.248382091522217,0.44476431608200073,0.0,1.0000001192092896,level2_core__level4_head
320,Low,4.456125736236572,8.366225242614746,0.5326327681541443,4.470390319824219,0.9968091249465942,1.0000004768371582,3.095980405807495,0.32299962639808655,0.0,1.0000004768371582,level2_core__level4_head
321,Low,4.324865818023682,8.44826889038086,0.5119233131408691,4.560478210449219,0.9483360052108765,1.000000238418579,2.9402382373809814,0.34010857343673706,0.0,1.000000238418579,level2_core__level4_head
322,Low,4.329839706420898,7.812758922576904,0.5542011260986328,4.038047790527344,1.0722606182098389,1.000000238418579,2.7770538330078125,0.3600939214229584,0.0,1.000000238418579,level2_core__level4_head
323,Low,4.673875331878662,8.459698677062988,0.5524871945381165,4.368274688720703,1.0699591636657715,1.0000003576278687,2.7938780784606934,0.35792556405067444,0.0,1.0000003576278687,level2_core__level4_head
324,Low,4.124700546264648,7.590217113494873,0.5434232354164124,3.6900177001953125,1.1177996397018433,1.0000003576278687,2.7276875972747803,0.3666110336780548,0.0,1.0000003576278687,level2_core__level4_head
325,Low,3.993147850036621,7.33115291595459,0.5446820855140686,3.5558929443359375,1.1229662895202637,1.0000003576278687,2.7072973251342773,0.3693721890449524,0.0,1.0000003576278687,level2_core__level4_head
326,Low,4.340692520141602,7.972748756408691,0.5444411635398865,4.242115020751953,1.0232378244400024,1.000000238418579,2.7523460388183594,0.3633264899253845,0.0,1.000000238418579,level2_core__level4_head
327,Low,4.381089210510254,7.620956897735596,0.5748739242553711,4.2376708984375,1.0338436365127563,1.000000238418579,2.648164749145508,0.3776201009750366,0.0,1.000000238418579,level2_core__level4_head
328,Low,4.474842548370361,7.969630718231201,0.5614868402481079,4.261680603027344,1.050018310546875,1.0,2.548031806945801,0.39245977997779846,0.0,1.0,level2_core__level4_head
329,Low,4.3432698249816895,7.446063995361328,0.5832974314689636,4.145912170410156,1.047602891921997,1.0000001192092896,2.4826772212982178,0.40279102325439453,0.0,1.0000001192092896,level2_core__level4_head
330,High,35.657955169677734,36.39688491821289,0.9796980023384094,35.65895462036133,0.9999719858169556,1.0000001192092896,1.153735876083374,0.8667495846748352,0.0,1.0000001192092896,level2_core__level4_head
331,High,34.46739196777344,35.144840240478516,0.9807240962982178,34.46839904785156,0.9999707937240601,1.0000001192092896,1.1409251689910889,0.8764817714691162,0.0,1.0000001192092896,level2_core__level4_head
332,High,34.164527893066406,34.69890213012695,0.9845996499061584,34.16552734375,0.9999707341194153,1.0000004768371582,1.1111195087432861,0.8999935984611511,0.0,1.0000004768371582,level2_core__level4_head
333,High,33.886680603027344,34.23550033569336,0.9898111820220947,33.88767623901367,0.9999706149101257,1.0000005960464478,1.0724622011184692,0.9324343800544739,0.0,1.0000005960464478,level2_core__level4_head
334,High,33.63896942138672,34.038516998291016,0.988261878490448,33.63997268676758,0.9999701976776123,1.0,1.083031177520752,0.9233344793319702,0.0,1.0,level2_core__level4_head
335,High,32.966644287109375,33.330928802490234,0.9890706539154053,32.96765899658203,0.9999692440032959,1.0000001192092896,1.0756806135177612,0.9296441078186035,0.0,1.0000001192092896,level2_core__level4_head
336,High,32.72816467285156,32.85928726196289,0.9960095882415771,32.741676330566406,0.9995872974395752,1.0000001192092896,1.0245028734207153,0.9760832786560059,0.0,1.0000001192092896,level2_core__level4_head
337,High,32.27996826171875,32.37104797363281,0.9971863627433777,32.29023742675781,0.9996819496154785,1.0,1.0168355703353882,0.9834432005882263,0.0,1.0,level2_core__level4_head
338,High,32.73540496826172,32.956172943115234,0.9933011531829834,32.736534118652344,0.999965488910675,1.0,1.0457580089569092,0.956244170665741,0.0,1.0,level2_core__level4_head
339,High,32.654415130615234,32.739566802978516,0.997399091720581,32.65562057495117,0.999963104724884,1.0000003576278687,1.0174882411956787,0.9828127026557922,0.0,1.0000003576278687,level2_core__level4_head
330,Medium,21.05970001220703,32.955684661865234,0.6390308737754822,23.089263916015625,0.9120992422103882,1.0000001192092896,2.209629774093628,0.4525645673274994,0.0,1.0000001192092896,level2_core__level4_head
331,Medium,21.38471794128418,31.586166381835938,0.6770279407501221,22.987995147705078,0.9302558898925781,1.0000001192092896,2.1608753204345703,0.46277546882629395,0.0,1.0000001192092896,level2_core__level4_head
332,Medium,20.886098861694336,31.063264846801758,0.6723729372024536,22.24158477783203,0.9390562176704407,1.0000004768371582,2.124796152114868,0.4706335961818695,0.0,1.0000004768371582,level2_core__level4_head
333,Medium,21.623544692993164,30.509292602539062,0.7087527513504028,22.902324676513672,0.9441637396812439,1.0000005960464478,2.0210726261138916,0.4947870671749115,0.0,1.0000005960464478,level2_core__level4_head
334,Medium,21.707881927490234,30.448930740356445,0.7129275798797607,22.97522735595703,0.9448385834693909,1.0,2.0379600524902344,0.4906867444515228,0.0,1.0,level2_core__level4_head
335,Medium,21.490070343017578,29.747562408447266,0.722414493560791,22.350780487060547,0.96149080991745,1.0000001192092896,2.06376576423645,0.48455116152763367,0.0,1.0000001192092896,level2_core__level4_head
336,Medium,20.588268280029297,29.339488983154297,0.7017255425453186,21.85071563720703,0.9422239661216736,1.0000001192092896,1.9747753143310547,0.5063867568969727,0.0,1.0000001192092896,level2_core__level4_head
337,Medium,20.829965591430664,28.787900924682617,0.7235666513442993,21.737545013427734,0.9582483172416687,1.0,1.9308404922485352,0.5179091691970825,0.0,1.0,level2_core__level4_head
338,Medium,21.23272132873535,29.255342483520508,0.7257724404335022,22.26434326171875,0.9536648392677307,1.0,1.9677854776382446,0.5081855058670044,0.0,1.0,level2_core__level4_head
339,Medium,20.57283592224121,29.014677047729492,0.7090492844581604,21.90936279296875,0.9389974474906921,1.0000003576278687,1.954062581062317,0.5117545127868652,0.0,1.0000003576278687,level2_core__level4_head
330,Low,4.45359992980957,7.55655574798584,0.5893690586090088,4.223262786865234,1.0545400381088257,1.0000001192092896,2.4455249309539795,0.40891021490097046,0.0,1.0000001192092896,level2_core__level4_head
331,Low,4.887133598327637,7.632946968078613,0.6402682662010193,4.762989044189453,1.026064395904541,1.0000001192092896,2.397336721420288,0.41712960600852966,0.0,1.0000001192092896,level2_core__level4_head
332,Low,4.567664623260498,7.522945880889893,0.6071643829345703,4.389362335205078,1.0406213998794556,1.0000004768371582,2.33343243598938,0.42855343222618103,0.0,1.0000004768371582,level2_core__level4_head
333,Low,4.168084144592285,7.333250999450684,0.5683814883232117,3.9410858154296875,1.0575978755950928,1.0000005960464478,2.2595341205596924,0.442569375038147,0.0,1.0000005960464478,level2_core__level4_head
334,Low,4.251814842224121,6.993930816650391,0.6079292297363281,4.088703155517578,1.0398932695388794,1.0,2.2572720050811768,0.44301262497901917,0.0,1.0,level2_core__level4_head
335,Low,4.323270797729492,6.690474987030029,0.6461829543113708,4.443668365478516,0.9729058146476746,1.0000001192092896,2.2913835048675537,0.4364176094532013,0.0,1.0000001192092896,level2_core__level4_head
336,Low,4.414112091064453,6.9431257247924805,0.6357528567314148,4.252830505371094,1.0379233360290527,1.0000001192092896,2.179670810699463,0.45878493785858154,0.0,1.0000001192092896,level2_core__level4_head
337,Low,5.0021538734436035,7.17244291305542,0.6974128484725952,5.261997222900391,0.9506188631057739,1.0000001192092896,2.140601634979248,0.4671584367752075,0.0,1.0000001192092896,level2_core__level4_head
338,Low,4.361706733703613,6.703258037567139,0.6506845951080322,4.6929931640625,0.9294083118438721,1.0000001192092896,2.1621904373168945,0.46249401569366455,0.0,1.0000001192092896,level2_core__level4_head
339,Low,4.249762058258057,6.7130022048950195,0.633064329624176,4.480983734130859,0.9483993649482727,1.0000003576278687,2.1394054889678955,0.46741974353790283,0.0,1.0000003576278687,level2_core__level4_head
340,High,31.599523544311523,32.02138900756836,0.9868255257606506,31.600791931152344,0.9999598860740662,1.000000238418579,1.0876238346099854,0.9194357395172119,0.0,1.000000238418579,level2_core__level4_head
341,High,31.250612258911133,31.583513259887695,0.9894596338272095,31.251758575439453,0.9999633431434631,0.9999998211860657,1.069115161895752,0.9353527426719666,0.0,0.9999998211860657,level2_core__level4_head
342,High,31.54124641418457,31.811933517456055,0.9914910197257996,31.54229164123535,0.9999668598175049,1.0,1.0561752319335938,0.9468125700950623,0.0,1.0,level2_core__level4_head
343,High,30.19141387939453,30.191410064697266,1.0000001192092896,30.19141387939453,1.0,0.9961461424827576,0.9940203428268433,1.002138614654541,0.0,0.9961461424827576,level2_core__level4_head
344,High,30.13735580444336,30.28719711303711,0.9950526356697083,30.18233871459961,0.9985096454620361,1.000000238418579,1.3076430559158325,0.7647348642349243,0.0,1.000000238418579,level2_core__level4_head
345,High,30.46892547607422,30.694700241088867,0.9926444888114929,30.470203399658203,0.9999580383300781,1.0000001192092896,1.4041779041290283,0.712160587310791,0.0,1.0000001192092896,level2_core__level4_head
346,High,30.085018157958984,30.469772338867188,0.9873725771903992,30.086170196533203,0.9999617338180542,1.000000238418579,1.3855794668197632,0.7217198610305786,0.0,1.000000238418579,level2_core__level4_head
347,High,30.6069278717041,30.875837326049805,0.9912906289100647,30.608078002929688,0.9999624490737915,0.9999997019767761,1.6487771272659302,0.6065099239349365,0.0,0.9999997019767761,level2_core__level4_head
348,High,30.07145881652832,30.36386489868164,0.9903699159622192,30.082355499267578,0.9996377825737,1.000000238418579,1.7016626596450806,0.5876606702804565,0.0,1.000000238418579,level2_core__level4_head
349,High,30.203628540039062,30.50009536743164,0.9902797937393188,30.208696365356445,0.9998322129249573,1.0000003576278687,1.940005898475647,0.5154625177383423,0.0,1.0000003576278687,level2_core__level4_head
340,Medium,20.53466033935547,28.654937744140625,0.716618537902832,21.57370376586914,0.9518374800682068,1.000000238418579,2.0296144485473633,0.4927045404911041,0.0,1.000000238418579,level2_core__level4_head
341,Medium,20.38421058654785,28.242582321166992,0.7217544913291931,21.172035217285156,0.9627893567085266,1.0,2.047703742980957,0.48835188150405884,0.0,1.0,level2_core__level4_head
342,Medium,20.044221878051758,28.45721435546875,0.7043634653091431,21.045228958129883,0.9524354338645935,1.0,1.9945948123931885,0.5013549327850342,0.0,1.0,level2_core__level4_head
343,Medium,19.564136505126953,27.24222183227539,0.7181549668312073,20.09505844116211,0.973579466342926,1.000000238418579,1.9108867645263672,0.5233173966407776,0.0,1.000000238418579,level2_core__level4_head
344,Medium,19.69554901123047,27.32600212097168,0.7207621932029724,20.348556518554688,0.9679089188575745,1.000000238418579,2.438690662384033,0.4100562036037445,0.0,1.000000238418579,level2_core__level4_head
345,Medium,19.546045303344727,27.187240600585938,0.718941867351532,20.313793182373047,0.9622055888175964,1.0000001192092896,2.6641862392425537,0.3753491938114166,0.0,1.0000001192092896,level2_core__level4_head
346,Medium,19.707637786865234,27.281890869140625,0.7223706841468811,20.52873992919922,0.9600023031234741,1.000000238418579,2.6241486072540283,0.38107606768608093,0.0,1.000000238418579,level2_core__level4_head
347,Medium,20.052946090698242,27.608051300048828,0.726344108581543,20.842670440673828,0.9621102213859558,1.0000001192092896,3.094468116760254,0.32315734028816223,0.0,1.0000001192092896,level2_core__level4_head
348,Medium,19.598466873168945,27.22256088256836,0.7199347019195557,20.385940551757812,0.9613717198371887,1.000000238418579,3.2043917179107666,0.3120717704296112,0.0,1.000000238418579,level2_core__level4_head
349,Medium,19.46872329711914,27.29698371887207,0.7132188677787781,20.26087760925293,0.9609022736549377,1.0000003576278687,3.605384111404419,0.2773630619049072,0.0,1.0000003576278687,level2_core__level4_head
340,Low,4.69022274017334,6.814319133758545,0.6882892847061157,4.947772979736328,0.9479462504386902,1.000000238418579,2.240328311920166,0.446363240480423,0.0,1.000000238418579,level2_core__level4_head
341,Low,4.679844856262207,6.989181041717529,0.6695841550827026,4.916252136230469,0.9519131183624268,1.0,2.2532787322998047,0.4437977373600006,0.0,1.0,level2_core__level4_head
342,Low,4.044783115386963,6.593232154846191,0.6134750247001648,4.0824737548828125,0.9907677173614502,1.0,2.234283208847046,0.4475708305835724,0.0,1.0,level2_core__level4_head
343,Low,4.727427005767822,6.626021862030029,0.7134638428688049,4.714164733886719,1.0028133392333984,1.000000238418579,2.1344778537750244,0.46849876642227173,0.0,1.000000238418579,level2_core__level4_head
344,Low,4.245219707489014,6.416229724884033,0.6616377234458923,4.31365966796875,0.9841341376304626,1.000000238418579,2.721979856491089,0.36737972497940063,0.0,1.000000238418579,level2_core__level4_head
345,Low,4.599353313446045,6.324592113494873,0.7272173762321472,4.589912414550781,1.0020568370819092,1.0000001192092896,2.9851455688476562,0.33499208092689514,0.0,1.0000001192092896,level2_core__level4_head
346,Low,4.437475681304932,6.915133953094482,0.6417049765586853,4.43231201171875,1.0011650323867798,1.000000238418579,2.941419839859009,0.33997195959091187,0.0,1.000000238418579,level2_core__level4_head
347,Low,4.399139881134033,7.043655872344971,0.6245535016059875,4.6564788818359375,0.9447352886199951,1.0000001192092896,3.464376211166382,0.28865230083465576,0.0,1.0000001192092896,level2_core__level4_head
348,Low,4.527675151824951,6.645073890686035,0.6813581585884094,4.6368865966796875,0.9764472246170044,1.000000238418579,3.5636682510375977,0.28060978651046753,0.0,1.000000238418579,level2_core__level4_head
349,Low,4.230694770812988,6.171332836151123,0.6855399012565613,4.270652770996094,0.9906435608863831,1.0000003576278687,4.023063659667969,0.2485668808221817,0.0,1.0000003576278687,level2_core__level4_head
300,High,40.71148681640625,43.287471771240234,0.9404911994934082,40.84786605834961,0.9966613054275513,1.0000001192092896,1.488415241241455,0.671855628490448,0.0,1.0000001192092896,level4_core__level2_head
301,High,41.28715515136719,44.01470947265625,0.9380308389663696,41.3199348449707,0.9992066621780396,1.0000004768371582,1.540365219116211,0.649196982383728,0.0,1.0000004768371582,level4_core__level2_head
302,High,41.262691497802734,44.10446548461914,0.9355672001838684,41.37627029418945,0.9972549676895142,1.0,1.5306810140609741,0.6533039808273315,0.0,1.0,level4_core__level2_head
303,High,40.7471809387207,43.59922790527344,0.93458491563797,40.83292007446289,0.9979002475738525,1.000000238418579,1.5194594860076904,0.6581289172172546,0.0,1.000000238418579,level4_core__level2_head
304,High,40.26601791381836,43.153900146484375,0.9330794811248779,40.31892013549805,0.9986879229545593,1.0000001192092896,1.5741603374481201,0.6352593898773193,0.0,1.0000001192092896,level4_core__level2_head
305,High,41.58214569091797,44.440330505371094,0.935684859752655,41.748897552490234,0.9960058331489563,1.000000238418579,1.5494719743728638,0.6453812718391418,0.0,1.000000238418579,level4_core__level2_head
306,High,42.93117904663086,45.910301208496094,0.9351099133491516,43.10991668701172,0.9958539009094238,1.0000001192092896,1.5598559379577637,0.6410849094390869,0.0,1.0000001192092896,level4_core__level2_head
307,High,42.24650955200195,44.792301177978516,0.9431645274162292,42.38248825073242,0.9967916011810303,1.0000001192092896,1.480306625366211,0.6755357980728149,0.0,1.0000001192092896,level4_core__level2_head
308,High,42.04226303100586,44.715457916259766,0.9402176737785339,42.13404083251953,0.9978217482566833,0.9999998807907104,1.4988256692886353,0.6671889424324036,0.0,0.9999998807907104,level4_core__level2_head
309,High,40.89898681640625,43.451019287109375,0.9412664771080017,40.995723724365234,0.9976403117179871,1.000000238418579,1.4601633548736572,0.684855043888092,0.0,1.000000238418579,level4_core__level2_head
300,Medium,22.86467933654785,38.93954086303711,0.5871841311454773,24.141048431396484,0.9471286535263062,1.0000001192092896,2.845003366470337,0.3514934778213501,0.0,1.0000001192092896,level4_core__level2_head
301,Medium,23.0162296295166,39.39498519897461,0.5842426419258118,24.536617279052734,0.9380359649658203,1.0000004768371582,2.89332914352417,0.3456227779388428,0.0,1.0000004768371582,level4_core__level2_head
302,Medium,22.58955192565918,39.15425491333008,0.5769373178482056,23.932201385498047,0.9438977837562561,1.0,2.869053602218628,0.34854698181152344,0.0,1.0,level4_core__level2_head
303,Medium,22.91303062438965,38.827484130859375,0.5901240110397339,24.099384307861328,0.9507724642753601,1.000000238418579,2.8596293926239014,0.34969574213027954,0.0,1.000000238418579,level4_core__level2_head
304,Medium,22.49460792541504,38.724239349365234,0.5808922052383423,23.875385284423828,0.942167341709137,1.0000001192092896,2.965085744857788,0.3372584283351898,0.0,1.0000001192092896,level4_core__level2_head
305,Medium,23.605390548706055,39.432865142822266,0.5986222624778748,24.692981719970703,0.955955445766449,1.000000238418579,2.912226915359497,0.3433799147605896,0.0,1.000000238418579,level4_core__level2_head
306,Medium,24.58888816833496,41.16219711303711,0.5973657965660095,25.98284149169922,0.9463509917259216,1.000000238418579,2.925845146179199,0.3417816758155823,0.0,1.000000238418579,level4_core__level2_head
307,Medium,24.087568283081055,39.8289680480957,0.6047751307487488,25.16659927368164,0.9571244716644287,1.000000238418579,2.8182590007781982,0.3548290729522705,0.0,1.000000238418579,level4_core__level2_head
308,Medium,23.723752975463867,40.23704147338867,0.5895998477935791,24.77655792236328,0.9575080275535583,1.000000238418579,2.8327744007110596,0.353010892868042,0.0,1.000000238418579,level4_core__level2_head
309,Medium,22.973182678222656,38.992916107177734,0.5891630053520203,24.22842788696289,0.948191225528717,1.000000238418579,2.7714881896972656,0.3608170747756958,0.0,1.000000238418579,level4_core__level2_head
300,Low,5.564106464385986,9.434466361999512,0.5897637605667114,4.823646545410156,1.1535062789916992,1.0000001192092896,3.196647882461548,0.3128277361392975,0.0,1.0000001192092896,level4_core__level2_head
301,Low,5.168199062347412,9.307915687561035,0.5552477240562439,4.560791015625,1.1331803798675537,1.0000004768371582,3.220942497253418,0.31046828627586365,0.0,1.0000004768371582,level4_core__level2_head
302,Low,4.8825201988220215,8.690547943115234,0.5618196129798889,4.325172424316406,1.128861427307129,1.0,3.1574950218200684,0.31670674681663513,0.0,1.0,level4_core__level2_head
303,Low,5.240290641784668,9.383713722229004,0.5584452748298645,4.9544525146484375,1.0576931238174438,1.000000238418579,3.151850700378418,0.31727397441864014,0.0,1.000000238418579,level4_core__level2_head
304,Low,4.890575885772705,8.6682710647583,0.5641927719116211,4.184906005859375,1.168622612953186,1.0000001192092896,3.2852959632873535,0.30438661575317383,0.0,1.0000001192092896,level4_core__level2_head
305,Low,5.4992265701293945,9.511116981506348,0.5781893730163574,5.011665344238281,1.097285270690918,1.0000003576278687,3.2701427936553955,0.30579715967178345,0.0,1.0000003576278687,level4_core__level2_head
306,Low,5.365671634674072,9.710639953613281,0.5525559186935425,4.148139953613281,1.2935127019882202,1.000000238418579,3.2237377166748047,0.31019899249076843,0.0,1.000000238418579,level4_core__level2_head
307,Low,5.055246829986572,9.595913887023926,0.5268124341964722,4.817695617675781,1.0493080615997314,1.000000238418579,3.164654493331909,0.3159903287887573,0.0,1.000000238418579,level4_core__level2_head
308,Low,4.346897125244141,8.755433082580566,0.49647995829582214,4.1991119384765625,1.0351943969726562,1.000000238418579,3.1902639865875244,0.3134537637233734,0.0,1.000000238418579,level4_core__level2_head
309,Low,4.890872478485107,9.405943870544434,0.519976794719696,4.621650695800781,1.0582523345947266,1.000000238418579,3.0805845260620117,0.3246138095855713,0.0,1.000000238418579,level4_core__level2_head
310,High,40.506168365478516,43.14285659790039,0.9388847351074219,40.50818634033203,0.9999501705169678,1.0000001192092896,1.5227627754211426,0.6567012071609497,0.0,1.0000001192092896,level4_core__level2_head
311,High,39.07757568359375,41.54063415527344,0.940707266330719,39.161869049072266,0.9978475570678711,1.0000001192092896,1.4632622003555298,0.6834046244621277,0.0,1.0000001192092896,level4_core__level2_head
312,High,39.49274444580078,41.99935531616211,0.9403178691864014,39.557411193847656,0.9983652234077454,1.000000238418579,1.4793155193328857,0.675988495349884,0.0,1.000000238418579,level4_core__level2_head
313,High,41.04481887817383,43.55380630493164,0.9423933625221252,41.0483283996582,0.9999145269393921,1.000000238418579,1.468467354774475,0.6809822916984558,0.0,1.000000238418579,level4_core__level2_head
314,High,39.68429946899414,42.508209228515625,0.9335678815841675,39.68603515625,0.9999562501907349,0.9999998807907104,1.4737911224365234,0.6785221099853516,0.0,0.9999998807907104,level4_core__level2_head
315,High,39.511634826660156,41.865386962890625,0.9437780976295471,39.51164627075195,0.9999997019767761,1.000000238418579,1.4710904359817505,0.6797680258750916,0.0,1.000000238418579,level4_core__level2_head
316,High,39.39501190185547,41.50852966308594,0.9490823149681091,39.395259857177734,0.9999936819076538,1.000000238418579,1.4218429327011108,0.7033127546310425,0.0,1.000000238418579,level4_core__level2_head
317,High,39.41714096069336,41.396854400634766,0.9521772265434265,39.43348693847656,0.9995855093002319,1.0000001192092896,1.3968826532363892,0.7158798575401306,0.0,1.0000001192092896,level4_core__level2_head
318,High,38.353939056396484,40.38302230834961,0.9497540593147278,38.35395431518555,0.9999995827674866,1.000000238418579,1.4154366254806519,0.7064959406852722,0.0,1.000000238418579,level4_core__level2_head
319,High,37.30659103393555,39.242549896240234,0.9506668448448181,37.30674743652344,0.9999958276748657,1.000000238418579,1.3982903957366943,0.7151591777801514,0.0,1.000000238418579,level4_core__level2_head
310,Medium,22.09989356994629,38.5251350402832,0.5736486911773682,23.50970458984375,0.9400327801704407,1.0000001192092896,2.910309076309204,0.3436061441898346,0.0,1.0000001192092896,level4_core__level2_head
311,Medium,21.45389747619629,36.94644546508789,0.5806755423545837,22.465320587158203,0.9549784660339355,1.0000001192092896,2.7703301906585693,0.36096784472465515,0.0,1.0000001192092896,level4_core__level2_head
312,Medium,21.468795776367188,37.47361755371094,0.5729042887687683,22.334922790527344,0.9612209796905518,1.000000238418579,2.780215263366699,0.35968446731567383,0.0,1.000000238418579,level4_core__level2_head
313,Medium,21.932384490966797,38.48518753051758,0.5698915719985962,23.332660675048828,0.9399864077568054,1.000000238418579,2.784111976623535,0.3591810464859009,0.0,1.000000238418579,level4_core__level2_head
314,Medium,21.96918487548828,38.40445327758789,0.5720478296279907,23.33648681640625,0.9414092898368835,1.000000238418579,2.8081014156341553,0.3561125695705414,0.0,1.000000238418579,level4_core__level2_head
315,Medium,22.746267318725586,37.440425872802734,0.607532262802124,23.583614349365234,0.964494526386261,1.000000238418579,2.7906792163848877,0.35833579301834106,0.0,1.000000238418579,level4_core__level2_head
316,Medium,22.578039169311523,37.59280014038086,0.6005947589874268,23.390182495117188,0.9652784466743469,1.000000238418579,2.722598075866699,0.3672963082790375,0.0,1.000000238418579,level4_core__level2_head
317,Medium,22.697811126708984,37.048004150390625,0.6126595139503479,23.420005798339844,0.9691633582115173,1.0000001192092896,2.6366186141967773,0.3792737126350403,0.0,1.0000001192092896,level4_core__level2_head
318,Medium,21.699626922607422,36.302581787109375,0.5977433323860168,22.978145599365234,0.9443593621253967,1.000000238418579,2.689220666885376,0.3718550205230713,0.0,1.000000238418579,level4_core__level2_head
319,Medium,22.755762100219727,35.51871871948242,0.640669584274292,23.44510269165039,0.9705976843833923,1.000000238418579,2.6419551372528076,0.3785076439380646,0.0,1.000000238418579,level4_core__level2_head
310,Low,5.114484786987305,8.839264869689941,0.5786097645759583,4.645256042480469,1.1010124683380127,1.0000001192092896,3.2462339401245117,0.3080493211746216,0.0,1.0000001192092896,level4_core__level2_head
311,Low,4.480556964874268,8.490657806396484,0.5277043581008911,4.4041290283203125,1.0173536539077759,1.0000001192092896,3.0967564582824707,0.322918564081192,0.0,1.0000001192092896,level4_core__level2_head
312,Low,5.2303147315979,9.431000709533691,0.5545874834060669,5.160247802734375,1.013578176498413,1.000000238418579,3.10332989692688,0.3222346007823944,0.0,1.000000238418579,level4_core__level2_head
313,Low,4.67730712890625,9.008736610412598,0.5191968083381653,4.054801940917969,1.1535229682922363,1.000000238418579,3.1395013332366943,0.31852200627326965,0.0,1.000000238418579,level4_core__level2_head
314,Low,4.6656012535095215,8.658035278320312,0.5388752818107605,4.405662536621094,1.059001088142395,1.000000238418579,3.0982396602630615,0.32276400923728943,0.0,1.000000238418579,level4_core__level2_head
315,Low,4.62525749206543,8.335067749023438,0.5549154281616211,4.606193542480469,1.004138708114624,1.000000238418579,3.0632524490356445,0.3264504671096802,0.0,1.000000238418579,level4_core__level2_head
316,Low,4.533052921295166,8.621209144592285,0.5258024334907532,4.550785064697266,0.9961035251617432,1.0000004768371582,3.040151834487915,0.3289310932159424,0.0,1.0000004768371582,level4_core__level2_head
317,Low,4.888073444366455,8.600433349609375,0.5683519840240479,4.813331604003906,1.0155280828475952,1.0000001192092896,2.9529802799224854,0.3386409878730774,0.0,1.0000001192092896,level4_core__level2_head
318,Low,4.577030181884766,8.306893348693848,0.5509918332099915,4.347145080566406,1.0528818368911743,1.000000238418579,2.9598190784454346,0.33785855770111084,0.0,1.000000238418579,level4_core__level2_head
319,Low,4.778456211090088,8.48572063446045,0.5631173253059387,4.735271453857422,1.0091197490692139,1.000000238418579,2.9132702350616455,0.34325695037841797,0.0,1.000000238418579,level4_core__level2_head
320,High,37.453514099121094,39.80423355102539,0.9409430027008057,37.45359420776367,0.9999978542327881,1.000000238418579,1.4806212186813354,0.6753923296928406,0.0,1.000000238418579,level4_core__level2_head
321,High,37.756160736083984,39.68900680541992,0.9513002038002014,37.75617218017578,0.9999997019767761,1.000000238418579,1.3894494771957397,0.7197096943855286,0.0,1.000000238418579,level4_core__level2_head
322,High,37.36970138549805,38.931270599365234,0.9598890542984009,37.36973190307617,0.9999991655349731,1.000000238418579,1.3166800737380981,0.7594861388206482,0.0,1.000000238418579,level4_core__level2_head
323,High,36.4066276550293,38.07177734375,0.9562628865242004,36.40665054321289,0.9999993443489075,1.0,1.3359721899032593,0.7485185861587524,0.0,1.0,level4_core__level2_head
324,High,37.956817626953125,39.40090560913086,0.9633488655090332,37.95684814453125,0.9999992251396179,1.0,1.2985976934432983,0.7700614333152771,0.0,1.0,level4_core__level2_head
325,High,37.187049865722656,38.61784744262695,0.962949812412262,37.1871452331543,0.9999974370002747,1.0,1.290947675704956,0.7746247053146362,0.0,1.0,level4_core__level2_head
326,High,36.295692443847656,37.74797058105469,0.9615269899368286,36.295833587646484,0.9999961256980896,1.0,1.2864952087402344,0.7773056626319885,0.0,1.0,level4_core__level2_head
327,High,35.71312713623047,36.90336990356445,0.9677470326423645,35.71315383911133,0.9999992251396179,1.000000238418579,1.2446997165679932,0.803406834602356,0.0,1.000000238418579,level4_core__level2_head
328,High,35.419090270996094,36.32950210571289,0.9749401807785034,35.419105529785156,0.9999995827674866,1.000000238418579,1.1896668672561646,0.8405716419219971,0.0,1.000000238418579,level4_core__level2_head
329,High,35.1171760559082,36.0185546875,0.9749746322631836,35.11719512939453,0.999999463558197,1.0000001192092896,1.1877840757369995,0.8419039845466614,0.0,1.0000001192092896,level4_core__level2_head
320,Medium,20.998247146606445,35.3890380859375,0.5933545827865601,21.825687408447266,0.9620887041091919,1.000000238418579,2.818125009536743,0.35484594106674194,0.0,1.000000238418579,level4_core__level2_head
321,Medium,22.389816284179688,35.79682922363281,0.6254692673683167,23.226463317871094,0.9639787077903748,1.000000238418579,2.6352031230926514,0.37947747111320496,0.0,1.000000238418579,level4_core__level2_head
322,Medium,21.86019515991211,35.07564926147461,0.62322998046875,22.897762298583984,0.9546869397163391,1.000000238418579,2.5406720638275146,0.39359673857688904,0.0,1.000000238418579,level4_core__level2_head
323,Medium,22.19068145751953,34.111873626708984,0.6505265831947327,22.878978729248047,0.9699157476425171,1.0000001192092896,2.516526460647583,0.39737316966056824,0.0,1.0000001192092896,level4_core__level2_head
324,Medium,21.28933334350586,34.983577728271484,0.6085522174835205,22.061019897460938,0.9650203585624695,1.0000001192092896,2.4828696250915527,0.4027598202228546,0.0,1.0000001192092896,level4_core__level2_head
325,Medium,22.56785774230957,34.40300369262695,0.6559851169586182,23.464786529541016,0.961775541305542,1.000000238418579,2.4685347080230713,0.40509870648384094,0.0,1.000000238418579,level4_core__level2_head
326,Medium,21.502952575683594,33.82290267944336,0.6357512474060059,22.387557983398438,0.9604867100715637,1.000000238418579,2.4673569202423096,0.4052920937538147,0.0,1.000000238418579,level4_core__level2_head
327,Medium,21.859024047851562,33.30202865600586,0.6563871502876282,22.86373519897461,0.956056535243988,1.000000238418579,2.386082649230957,0.41909706592559814,0.0,1.000000238418579,level4_core__level2_head
328,Medium,22.27145767211914,32.395442962646484,0.6874873638153076,22.848342895507812,0.9747515320777893,1.000000238418579,2.238589286804199,0.4467100203037262,0.0,1.000000238418579,level4_core__level2_head
329,Medium,22.48230743408203,32.09944534301758,0.7003955245018005,22.96417999267578,0.9790163636207581,1.0000001192092896,2.248382091522217,0.44476431608200073,0.0,1.0000001192092896,level4_core__level2_head
320,Low,4.532253742218018,8.366225242614746,0.5417321920394897,4.470390319824219,1.013838529586792,1.000000238418579,3.095980405807495,0.3229995369911194,0.0,1.000000238418579,level4_core__level2_head
321,Low,4.598167419433594,8.44826889038086,0.544273316860199,4.560478210449219,1.0082643032073975,1.000000238418579,2.9402382373809814,0.34010857343673706,0.0,1.000000238418579,level4_core__level2_head
322,Low,4.238501071929932,7.812758922576904,0.5425101518630981,4.038047790527344,1.0496411323547363,1.000000238418579,2.7770538330078125,0.3600939214229584,0.0,1.000000238418579,level4_core__level2_head
323,Low,4.465075969696045,8.459698677062988,0.5278055667877197,4.368274688720703,1.0221600532531738,1.0000004768371582,2.7938780784606934,0.3579255938529968,0.0,1.0000004768371582,level4_core__level2_head
324,Low,3.793229341506958,7.590217113494873,0.499752402305603,3.6900177001953125,1.027970552444458,1.000000238418579,2.7276875972747803,0.36661097407341003,0.0,1.000000238418579,level4_core__level2_head
325,Low,3.6951045989990234,7.33115291595459,0.504027783870697,3.5558929443359375,1.039149522781372,1.000000238418579,2.7072973251342773,0.36937215924263,0.0,1.000000238418579,level4_core__level2_head
326,Low,4.382105350494385,7.972748756408691,0.5496354699134827,4.242115020751953,1.033000111579895,1.000000238418579,2.7523460388183594,0.3633264899253845,0.0,1.000000238418579,level4_core__level2_head
327,Low,4.387570858001709,7.620956897735596,0.5757244229316711,4.2376708984375,1.0353732109069824,1.000000238418579,2.648164749145508,0.3776201009750366,0.0,1.000000238418579,level4_core__level2_head
328,Low,4.381603240966797,7.969630718231201,0.5497874617576599,4.261680603027344,1.0281397104263306,1.000000238418579,2.548031806945801,0.3924598693847656,0.0,1.000000238418579,level4_core__level2_head
329,Low,4.174421787261963,7.446063995361328,0.5606212615966797,4.145912170410156,1.0068765878677368,1.0000001192092896,2.4826772212982178,0.40279102325439453,0.0,1.0000001192092896,level4_core__level2_head
330,High,35.658931732177734,36.39688491821289,0.9797248244285583,35.65895462036133,0.9999993443489075,0.9999997019767761,1.153735876083374,0.8667492270469666,0.0,0.9999997019767761,level4_core__level2_head
331,High,34.468379974365234,35.144840240478516,0.9807522296905518,34.46839904785156,0.999999463558197,1.000000238418579,1.1409251689910889,0.8764818906784058,0.0,1.000000238418579,level4_core__level2_head
332,High,34.16550064086914,34.69890213012695,0.9846277236938477,34.16552734375,0.9999992251396179,1.0,1.1111195087432861,0.8999931812286377,0.0,1.0,level4_core__level2_head
333,High,33.88764953613281,34.23550033569336,0.989839494228363,33.88767623901367,0.9999992251396179,1.000000238418579,1.0724622011184692,0.9324340224266052,0.0,1.000000238418579,level4_core__level2_head
334,High,33.63994216918945,34.038516998291016,0.9882904887199402,33.63997268676758,0.9999991059303284,0.9999998807907104,1.083031177520752,0.9233343601226807,0.0,0.9999998807907104,level4_core__level2_head
335,High,32.967628479003906,33.330928802490234,0.9891002178192139,32.96765899658203,0.9999990463256836,1.0000001192092896,1.0756806135177612,0.9296441078186035,0.0,1.0000001192092896,level4_core__level2_head
336,High,32.74164962768555,32.85928726196289,0.9964199662208557,32.741676330566406,0.9999991655349731,0.9999998807907104,1.0245028734207153,0.9760830402374268,0.0,0.9999998807907104,level4_core__level2_head
337,High,32.29020690917969,32.37104797363281,0.9975026845932007,32.29023742675781,0.9999990463256836,1.000000238418579,1.0168355703353882,0.9834433794021606,0.0,1.000000238418579,level4_core__level2_head
338,High,32.73649978637695,32.956172943115234,0.9933344125747681,32.736534118652344,0.999998927116394,0.9999998807907104,1.0457580089569092,0.9562440514564514,0.0,0.9999998807907104,level4_core__level2_head
339,High,32.65558624267578,32.739566802978516,0.9974349141120911,32.65562057495117,0.999998927116394,0.9999998211860657,1.0174882411956787,0.9828121662139893,0.0,0.9999998211860657,level4_core__level2_head
330,Medium,22.137542724609375,32.955684661865234,0.6717367172241211,23.089263916015625,0.9587807655334473,1.0000001192092896,2.209629774093628,0.4525645673274994,0.0,1.0000001192092896,level4_core__level2_head
331,Medium,22.592037200927734,31.586166381835938,0.7152510285377502,22.987995147705078,0.9827754497528076,1.000000238418579,2.1608753204345703,0.4627755284309387,0.0,1.000000238418579,level4_core__level2_head
332,Medium,21.85141944885254,31.063264846801758,0.7034488916397095,22.24158477783203,0.9824578166007996,1.0,2.124796152114868,0.4706333875656128,0.0,1.0,level4_core__level2_head
333,Medium,22.606748580932617,30.509292602539062,0.7409791350364685,22.902324676513672,0.9870940446853638,1.000000238418579,2.0210726261138916,0.4947868883609772,0.0,1.000000238418579,level4_core__level2_head
334,Medium,22.656808853149414,30.448930740356445,0.7440921068191528,22.97522735595703,0.986140787601471,1.000000238418579,2.0379600524902344,0.4906868636608124,0.0,1.000000238418579,level4_core__level2_head
335,Medium,22.251388549804688,29.747562408447266,0.7480071187019348,22.350780487060547,0.9955530762672424,1.0000001192092896,2.06376576423645,0.48455116152763367,0.0,1.0000001192092896,level4_core__level2_head
336,Medium,21.576400756835938,29.339488983154297,0.7354047894477844,21.85071563720703,0.9874459505081177,1.0,1.9747753143310547,0.5063866972923279,0.0,1.0,level4_core__level2_head
337,Medium,21.692989349365234,28.787900924682617,0.753545343875885,21.737545013427734,0.9979503154754639,1.000000238418579,1.9308404922485352,0.5179092884063721,0.0,1.000000238418579,level4_core__level2_head
338,Medium,22.16385841369629,29.255342483520508,0.7576003670692444,22.26434326171875,0.9954867362976074,1.0000001192092896,1.9677854776382446,0.5081855654716492,0.0,1.0000001192092896,level4_core__level2_head
339,Medium,21.816822052001953,29.014677047729492,0.751923680305481,21.90936279296875,0.9957761764526367,1.0000001192092896,1.954062581062317,0.5117543935775757,0.0,1.0000001192092896,level4_core__level2_head
330,Low,4.442668914794922,7.55655574798584,0.5879224538803101,4.223262786865234,1.0519517660140991,1.000000238418579,2.4455249309539795,0.40891027450561523,0.0,1.000000238418579,level4_core__level2_head
331,Low,4.7719831466674805,7.632946968078613,0.6251822710037231,4.762989044189453,1.0018882751464844,1.000000238418579,2.397336721420288,0.41712966561317444,0.0,1.000000238418579,level4_core__level2_head
332,Low,4.4719557762146,7.522945880889893,0.5944421291351318,4.389362335205078,1.0188167095184326,1.000000238418579,2.33343243598938,0.42855334281921387,0.0,1.000000238418579,level4_core__level2_head
333,Low,4.046929836273193,7.333250999450684,0.5518602728843689,3.9410858154296875,1.026856541633606,1.000000238418579,2.2595341205596924,0.44256922602653503,0.0,1.000000238418579,level4_core__level2_head
334,Low,4.076030731201172,6.993930816650391,0.5827953815460205,4.088703155517578,0.9969006180763245,1.000000238418579,2.2572720050811768,0.4430127441883087,0.0,1.000000238418579,level4_core__level2_head
335,Low,4.34649133682251,6.690474987030029,0.6496536135673523,4.443668365478516,0.9781313538551331,1.0000003576278687,2.2913835048675537,0.43641772866249084,0.0,1.0000003576278687,level4_core__level2_head
336,Low,4.269870758056641,6.9431257247924805,0.6149781942367554,4.252830505371094,1.0040067434310913,1.000000238418579,2.179670810699463,0.4587849974632263,0.0,1.000000238418579,level4_core__level2_head
337,Low,5.132373332977295,7.17244291305542,0.7155683636665344,5.261997222900391,0.9753660559654236,1.000000238418579,2.140601634979248,0.4671584963798523,0.0,1.000000238418579,level4_core__level2_head
338,Low,4.5795745849609375,6.703258037567139,0.6831863522529602,4.6929931640625,0.9758323431015015,1.0000001192092896,2.1621904373168945,0.46249401569366455,0.0,1.0000001192092896,level4_core__level2_head
339,Low,4.338777542114258,6.7130022048950195,0.6463244557380676,4.480983734130859,0.9682645201683044,1.0000001192092896,2.1394054889678955,0.4674196243286133,0.0,1.0000001192092896,level4_core__level2_head
340,High,31.60075569152832,32.02138900756836,0.9868639707565308,31.600791931152344,0.9999988675117493,1.000000238418579,1.0876238346099854,0.9194357395172119,0.0,1.000000238418579,level4_core__level2_head
341,High,31.25172996520996,31.583513259887695,0.989495038986206,31.251758575439453,0.9999991059303284,1.000000238418579,1.069115161895752,0.93535315990448,0.0,1.000000238418579,level4_core__level2_head
342,High,31.542264938354492,31.811933517456055,0.991523027420044,31.54229164123535,0.9999991655349731,1.000000238418579,1.0561752319335938,0.9468128085136414,0.0,1.000000238418579,level4_core__level2_head
343,High,30.17094612121582,30.191410064697266,0.9993221759796143,30.19141387939453,0.9993220567703247,0.9999998807907104,0.9940203428268433,1.0060155391693115,0.0,0.9999998807907104,level4_core__level2_head
344,High,30.166820526123047,30.28719711303711,0.9960255026817322,30.18233871459961,0.9994858503341675,1.000000238418579,1.3076430559158325,0.7647348642349243,0.0,1.000000238418579,level4_core__level2_head
345,High,30.46993637084961,30.694700241088867,0.9926774501800537,30.470203399658203,0.999991238117218,1.0000005960464478,1.4041779041290283,0.7121608853340149,0.0,1.0000005960464478,level4_core__level2_head
346,High,30.085926055908203,30.469772338867188,0.9874023795127869,30.086170196533203,0.9999918937683105,1.0000001192092896,1.3855794668197632,0.7217198014259338,0.0,1.0000001192092896,level4_core__level2_head
347,High,30.60773277282715,30.875837326049805,0.9913166761398315,30.608078002929688,0.9999887347221375,1.000000238418579,1.6487771272659302,0.6065102815628052,0.0,1.000000238418579,level4_core__level2_head
348,High,30.08216667175293,30.36386489868164,0.9907225966453552,30.082355499267578,0.9999937415122986,0.9999998807907104,1.7016626596450806,0.5876604914665222,0.0,0.9999998807907104,level4_core__level2_head
349,High,30.208698272705078,30.50009536743164,0.9904460310935974,30.208696365356445,1.0000001192092896,1.0000001192092896,1.940005898475647,0.5154623985290527,0.0,1.0000001192092896,level4_core__level2_head
340,Medium,21.472307205200195,28.654937744140625,0.7493405342102051,21.57370376586914,0.9952999949455261,1.000000238418579,2.0296144485473633,0.4927045404911041,0.0,1.000000238418579,level4_core__level2_head
341,Medium,21.13026237487793,28.242582321166992,0.7481703162193298,21.172035217285156,0.998026967048645,1.000000238418579,2.047703742980957,0.4883520007133484,0.0,1.000000238418579,level4_core__level2_head
342,Medium,20.775951385498047,28.45721435546875,0.730076789855957,21.045228958129883,0.9872047901153564,1.000000238418579,1.9945948123931885,0.5013550519943237,0.0,1.000000238418579,level4_core__level2_head
343,Medium,20.084314346313477,27.24222183227539,0.737249493598938,20.09505844116211,0.9994653463363647,1.0,1.9108867645263672,0.5233172178268433,0.0,1.0,level4_core__level2_head
344,Medium,20.281814575195312,27.32600212097168,0.7422167062759399,20.348556518554688,0.9967200756072998,1.000000238418579,2.438690662384033,0.4100562036037445,0.0,1.000000238418579,level4_core__level2_head
345,Medium,20.281972885131836,27.187240600585938,0.7460107207298279,20.313793182373047,0.9984335899353027,1.0000005960464478,2.6641862392425537,0.37534937262535095,0.0,1.0000005960464478,level4_core__level2_head
346,Medium,20.1077880859375,27.281890869140625,0.7370378971099854,20.52873992919922,0.9794945120811462,1.0000001192092896,2.6241486072540283,0.38107603788375854,0.0,1.0000001192092896,level4_core__level2_head
347,Medium,20.723758697509766,27.608051300048828,0.7506418228149414,20.842670440673828,0.9942948222160339,1.000000238418579,3.094468116760254,0.323157399892807,0.0,1.000000238418579,level4_core__level2_head
348,Medium,20.309865951538086,27.22256088256836,0.7460674047470093,20.385940551757812,0.9962682723999023,1.0,3.2043917179107666,0.31207171082496643,0.0,1.0,level4_core__level2_head
349,Medium,20.159500122070312,27.29698371887207,0.738524854183197,20.26087760925293,0.9949963688850403,1.0000001192092896,3.605384111404419,0.27736300230026245,0.0,1.0000001192092896,level4_core__level2_head
340,Low,4.711592674255371,6.814319133758545,0.6914253234863281,4.947772979736328,0.9522653222084045,1.000000238418579,2.240328311920166,0.446363240480423,0.0,1.000000238418579,level4_core__level2_head
341,Low,4.852694511413574,6.989181041717529,0.6943151950836182,4.916252136230469,0.9870719313621521,1.000000238418579,2.2532787322998047,0.44379785656929016,0.0,1.000000238418579,level4_core__level2_head
342,Low,4.281648635864258,6.593232154846191,0.649400532245636,4.0824737548828125,1.0487878322601318,1.000000238418579,2.234283208847046,0.44757094979286194,0.0,1.000000238418579,level4_core__level2_head
343,Low,4.621821403503418,6.626021862030029,0.6975258588790894,4.714164733886719,0.9804115295410156,1.0000001192092896,2.1344778537750244,0.46849870681762695,0.0,1.0000001192092896,level4_core__level2_head
344,Low,4.314422607421875,6.416229724884033,0.6724233627319336,4.31365966796875,1.0001769065856934,1.000000238418579,2.721979856491089,0.36737972497940063,0.0,1.000000238418579,level4_core__level2_head
345,Low,4.585188865661621,6.324592113494873,0.7249777913093567,4.589912414550781,0.9989708662033081,1.0000005960464478,2.9851455688476562,0.3349922299385071,0.0,1.0000005960464478,level4_core__level2_head
346,Low,4.661275386810303,6.915133953094482,0.6740686893463135,4.43231201171875,1.051657795906067,1.0000001192092896,2.941419839859009,0.3399718999862671,0.0,1.0000001192092896,level4_core__level2_head
347,Low,4.453545570373535,7.043655872344971,0.6322775483131409,4.6564788818359375,0.9564191699028015,1.000000238418579,3.464376211166382,0.28865233063697815,0.0,1.000000238418579,level4_core__level2_head
348,Low,4.5303754806518555,6.645073890686035,0.6817644834518433,4.6368865966796875,0.9770296216011047,1.000000238418579,3.5636682510375977,0.28060978651046753,0.0,1.000000238418579,level4_core__level2_head
349,Low,4.268921375274658,6.171332836151123,0.6917340755462646,4.270652770996094,0.9995945692062378,1.0000001192092896,4.023063659667969,0.24856682121753693,0.0,1.0000001192092896,level4_core__level2_head
300,High,40.71148681640625,43.287471771240234,0.9404911994934082,40.84786605834961,0.9966613054275513,1.0000001192092896,1.488415241241455,0.671855628490448,0.0,1.0000001192092896,level4_core__level4_head
301,High,41.28715515136719,44.01470947265625,0.9380308389663696,41.3199348449707,0.9992066621780396,1.0000004768371582,1.540365219116211,0.649196982383728,0.0,1.0000004768371582,level4_core__level4_head
302,High,41.262691497802734,44.10446548461914,0.9355672001838684,41.37627029418945,0.9972549676895142,1.0,1.5306810140609741,0.6533039808273315,0.0,1.0,level4_core__level4_head
303,High,40.7471809387207,43.59922790527344,0.93458491563797,40.83292007446289,0.9979002475738525,1.000000238418579,1.5194594860076904,0.6581289172172546,0.0,1.000000238418579,level4_core__level4_head
304,High,40.26601791381836,43.153900146484375,0.9330794811248779,40.31892013549805,0.9986879229545593,1.0000001192092896,1.5741603374481201,0.6352593898773193,0.0,1.0000001192092896,level4_core__level4_head
305,High,41.58214569091797,44.440330505371094,0.935684859752655,41.748897552490234,0.9960058331489563,1.000000238418579,1.5494719743728638,0.6453812718391418,0.0,1.000000238418579,level4_core__level4_head
306,High,42.93117904663086,45.910301208496094,0.9351099133491516,43.10991668701172,0.9958539009094238,1.0000001192092896,1.5598559379577637,0.6410849094390869,0.0,1.0000001192092896,level4_core__level4_head
307,High,42.24650955200195,44.792301177978516,0.9431645274162292,42.38248825073242,0.9967916011810303,1.0000001192092896,1.480306625366211,0.6755357980728149,0.0,1.0000001192092896,level4_core__level4_head
308,High,42.04226303100586,44.715457916259766,0.9402176737785339,42.13404083251953,0.9978217482566833,0.9999998807907104,1.4988256692886353,0.6671889424324036,0.0,0.9999998807907104,level4_core__level4_head
309,High,40.89898681640625,43.451019287109375,0.9412664771080017,40.995723724365234,0.9976403117179871,1.000000238418579,1.4601633548736572,0.684855043888092,0.0,1.000000238418579,level4_core__level4_head
300,Medium,22.86467933654785,38.93954086303711,0.5871841311454773,24.141048431396484,0.9471286535263062,1.0000001192092896,2.845003366470337,0.3514934778213501,0.0,1.0000001192092896,level4_core__level4_head
301,Medium,23.0162296295166,39.39498519897461,0.5842426419258118,24.536617279052734,0.9380359649658203,1.0000004768371582,2.89332914352417,0.3456227779388428,0.0,1.0000004768371582,level4_core__level4_head
302,Medium,22.58955192565918,39.15425491333008,0.5769373178482056,23.932201385498047,0.9438977837562561,1.0,2.869053602218628,0.34854698181152344,0.0,1.0,level4_core__level4_head
303,Medium,22.91303062438965,38.827484130859375,0.5901240110397339,24.099384307861328,0.9507724642753601,1.000000238418579,2.8596293926239014,0.34969574213027954,0.0,1.000000238418579,level4_core__level4_head
304,Medium,22.49460792541504,38.724239349365234,0.5808922052383423,23.875385284423828,0.942167341709137,1.0000001192092896,2.965085744857788,0.3372584283351898,0.0,1.0000001192092896,level4_core__level4_head
305,Medium,23.605390548706055,39.432865142822266,0.5986222624778748,24.692981719970703,0.955955445766449,1.000000238418579,2.912226915359497,0.3433799147605896,0.0,1.000000238418579,level4_core__level4_head
306,Medium,24.58888816833496,41.16219711303711,0.5973657965660095,25.98284149169922,0.9463509917259216,1.000000238418579,2.925845146179199,0.3417816758155823,0.0,1.000000238418579,level4_core__level4_head
307,Medium,24.087568283081055,39.8289680480957,0.6047751307487488,25.16659927368164,0.9571244716644287,1.000000238418579,2.8182590007781982,0.3548290729522705,0.0,1.000000238418579,level4_core__level4_head
308,Medium,23.723752975463867,40.23704147338867,0.5895998477935791,24.77655792236328,0.9575080275535583,1.000000238418579,2.8327744007110596,0.353010892868042,0.0,1.000000238418579,level4_core__level4_head
309,Medium,22.973182678222656,38.992916107177734,0.5891630053520203,24.22842788696289,0.948191225528717,1.000000238418579,2.7714881896972656,0.3608170747756958,0.0,1.000000238418579,level4_core__level4_head
300,Low,5.573140621185303,9.434466361999512,0.5907213687896729,4.823646545410156,1.1553791761398315,1.0000001192092896,3.196647882461548,0.3128277361392975,0.0,1.0000001192092896,level4_core__level4_head
301,Low,5.168439865112305,9.307915687561035,0.5552735924720764,4.560791015625,1.1332331895828247,1.0000004768371582,3.220942497253418,0.31046828627586365,0.0,1.0000004768371582,level4_core__level4_head
302,Low,4.884491920471191,8.690547943115234,0.562046468257904,4.325172424316406,1.129317283630371,1.0,3.1574950218200684,0.31670674681663513,0.0,1.0,level4_core__level4_head
303,Low,5.243340492248535,9.383713722229004,0.5587702989578247,4.9544525146484375,1.058308720588684,1.000000238418579,3.151850700378418,0.31727397441864014,0.0,1.000000238418579,level4_core__level4_head
304,Low,4.891125679016113,8.6682710647583,0.5642561912536621,4.184906005859375,1.168753981590271,1.0000001192092896,3.2852959632873535,0.30438661575317383,0.0,1.0000001192092896,level4_core__level4_head
305,Low,5.503729820251465,9.511116981506348,0.5786628127098083,5.011665344238281,1.0981838703155518,1.0000003576278687,3.2701427936553955,0.30579715967178345,0.0,1.0000003576278687,level4_core__level4_head
306,Low,5.3667826652526855,9.710639953613281,0.5526703596115112,4.148139953613281,1.2937805652618408,1.0000003576278687,3.2237377166748047,0.3101990520954132,0.0,1.0000003576278687,level4_core__level4_head
307,Low,5.006876468658447,9.595913887023926,0.5217717289924622,4.817695617675781,1.039267897605896,1.000000238418579,3.164654493331909,0.3159903287887573,0.0,1.000000238418579,level4_core__level4_head
308,Low,4.346240997314453,8.755433082580566,0.4964050352573395,4.1991119384765625,1.0350381135940552,1.000000238418579,3.1902639865875244,0.3134537637233734,0.0,1.000000238418579,level4_core__level4_head
309,Low,4.88920259475708,9.405943870544434,0.5197992324829102,4.621650695800781,1.0578910112380981,1.000000238418579,3.0805845260620117,0.3246138095855713,0.0,1.000000238418579,level4_core__level4_head
310,High,40.506168365478516,43.14285659790039,0.9388847351074219,40.50818634033203,0.9999501705169678,1.0000001192092896,1.5227627754211426,0.6567012071609497,0.0,1.0000001192092896,level4_core__level4_head
311,High,39.07757568359375,41.54063415527344,0.940707266330719,39.161869049072266,0.9978475570678711,1.0000001192092896,1.4632622003555298,0.6834046244621277,0.0,1.0000001192092896,level4_core__level4_head
312,High,39.49274444580078,41.99935531616211,0.9403178691864014,39.557411193847656,0.9983652234077454,1.000000238418579,1.4793155193328857,0.675988495349884,0.0,1.000000238418579,level4_core__level4_head
313,High,41.04481887817383,43.55380630493164,0.9423933625221252,41.0483283996582,0.9999145269393921,1.000000238418579,1.468467354774475,0.6809822916984558,0.0,1.000000238418579,level4_core__level4_head
314,High,39.68429946899414,42.508209228515625,0.9335678815841675,39.68603515625,0.9999562501907349,0.9999998807907104,1.4737911224365234,0.6785221099853516,0.0,0.9999998807907104,level4_core__level4_head
315,High,39.511634826660156,41.865386962890625,0.9437780976295471,39.51164627075195,0.9999997019767761,1.000000238418579,1.4710904359817505,0.6797680258750916,0.0,1.000000238418579,level4_core__level4_head
316,High,39.39501190185547,41.50852966308594,0.9490823149681091,39.395259857177734,0.9999936819076538,1.000000238418579,1.4218429327011108,0.7033127546310425,0.0,1.000000238418579,level4_core__level4_head
317,High,39.41714096069336,41.396854400634766,0.9521772265434265,39.43348693847656,0.9995855093002319,1.0000001192092896,1.3968826532363892,0.7158798575401306,0.0,1.0000001192092896,level4_core__level4_head
318,High,38.353939056396484,40.38302230834961,0.9497540593147278,38.35395431518555,0.9999995827674866,1.000000238418579,1.4154366254806519,0.7064959406852722,0.0,1.000000238418579,level4_core__level4_head
319,High,37.30659103393555,39.242549896240234,0.9506668448448181,37.30674743652344,0.9999958276748657,1.000000238418579,1.3982903957366943,0.7151591777801514,0.0,1.000000238418579,level4_core__level4_head
310,Medium,22.09989356994629,38.5251350402832,0.5736486911773682,23.50970458984375,0.9400327801704407,1.0000001192092896,2.910309076309204,0.3436061441898346,0.0,1.0000001192092896,level4_core__level4_head
311,Medium,21.45389747619629,36.94644546508789,0.5806755423545837,22.465320587158203,0.9549784660339355,1.0000001192092896,2.7703301906585693,0.36096784472465515,0.0,1.0000001192092896,level4_core__level4_head
312,Medium,21.468795776367188,37.47361755371094,0.5729042887687683,22.334922790527344,0.9612209796905518,1.000000238418579,2.780215263366699,0.35968446731567383,0.0,1.000000238418579,level4_core__level4_head
313,Medium,21.932384490966797,38.48518753051758,0.5698915719985962,23.332660675048828,0.9399864077568054,1.000000238418579,2.784111976623535,0.3591810464859009,0.0,1.000000238418579,level4_core__level4_head
314,Medium,21.96918487548828,38.40445327758789,0.5720478296279907,23.33648681640625,0.9414092898368835,1.000000238418579,2.8081014156341553,0.3561125695705414,0.0,1.000000238418579,level4_core__level4_head
315,Medium,22.746267318725586,37.440425872802734,0.607532262802124,23.583614349365234,0.964494526386261,1.000000238418579,2.7906792163848877,0.35833579301834106,0.0,1.000000238418579,level4_core__level4_head
316,Medium,22.578039169311523,37.59280014038086,0.6005947589874268,23.390182495117188,0.9652784466743469,1.000000238418579,2.722598075866699,0.3672963082790375,0.0,1.000000238418579,level4_core__level4_head
317,Medium,22.697811126708984,37.048004150390625,0.6126595139503479,23.420005798339844,0.9691633582115173,1.0000001192092896,2.6366186141967773,0.3792737126350403,0.0,1.0000001192092896,level4_core__level4_head
318,Medium,21.699626922607422,36.302581787109375,0.5977433323860168,22.978145599365234,0.9443593621253967,1.000000238418579,2.689220666885376,0.3718550205230713,0.0,1.000000238418579,level4_core__level4_head
319,Medium,22.755762100219727,35.51871871948242,0.640669584274292,23.44510269165039,0.9705976843833923,1.000000238418579,2.6419551372528076,0.3785076439380646,0.0,1.000000238418579,level4_core__level4_head
310,Low,5.07591438293457,8.839264869689941,0.5742462277412415,4.645256042480469,1.0927093029022217,1.0000001192092896,3.2462339401245117,0.3080493211746216,0.0,1.0000001192092896,level4_core__level4_head
311,Low,4.48052978515625,8.490657806396484,0.5277011394500732,4.4041290283203125,1.0173475742340088,1.0000001192092896,3.0967564582824707,0.322918564081192,0.0,1.0000001192092896,level4_core__level4_head
312,Low,5.230447292327881,9.431000709533691,0.5546014904975891,5.160247802734375,1.013603925704956,1.000000238418579,3.10332989692688,0.3222346007823944,0.0,1.000000238418579,level4_core__level4_head
313,Low,4.734010696411133,9.008736610412598,0.5254910588264465,4.054801940917969,1.167507290840149,1.000000238418579,3.1395013332366943,0.31852200627326965,0.0,1.000000238418579,level4_core__level4_head
314,Low,4.635702610015869,8.658035278320312,0.5354220271110535,4.405662536621094,1.0522146224975586,1.000000238418579,3.0982396602630615,0.32276400923728943,0.0,1.000000238418579,level4_core__level4_head
315,Low,4.6306471824646,8.335067749023438,0.5555620193481445,4.606193542480469,1.0053088665008545,1.000000238418579,3.0632524490356445,0.3264504671096802,0.0,1.000000238418579,level4_core__level4_head
316,Low,4.508142948150635,8.621209144592285,0.5229130983352661,4.550785064697266,0.9906297326087952,1.000000238418579,3.040151834487915,0.3289310038089752,0.0,1.000000238418579,level4_core__level4_head
317,Low,4.8793745040893555,8.600433349609375,0.5673405528068542,4.813331604003906,1.0137208700180054,1.0000001192092896,2.9529802799224854,0.3386409878730774,0.0,1.0000001192092896,level4_core__level4_head
318,Low,4.560323715209961,8.306893348693848,0.5489806532859802,4.347145080566406,1.0490387678146362,1.000000238418579,2.9598190784454346,0.33785855770111084,0.0,1.000000238418579,level4_core__level4_head
319,Low,4.714127540588379,8.48572063446045,0.5555365085601807,4.735271453857422,0.9955347776412964,1.000000238418579,2.9132702350616455,0.34325695037841797,0.0,1.000000238418579,level4_core__level4_head
320,High,37.453514099121094,39.80423355102539,0.9409430027008057,37.45359420776367,0.9999978542327881,1.000000238418579,1.4806212186813354,0.6753923296928406,0.0,1.000000238418579,level4_core__level4_head
321,High,37.756160736083984,39.68900680541992,0.9513002038002014,37.75617218017578,0.9999997019767761,1.000000238418579,1.3894494771957397,0.7197096943855286,0.0,1.000000238418579,level4_core__level4_head
322,High,37.36970138549805,38.931270599365234,0.9598890542984009,37.36973190307617,0.9999991655349731,1.000000238418579,1.3166800737380981,0.7594861388206482,0.0,1.000000238418579,level4_core__level4_head
323,High,36.4066276550293,38.07177734375,0.9562628865242004,36.40665054321289,0.9999993443489075,1.0,1.3359721899032593,0.7485185861587524,0.0,1.0,level4_core__level4_head
324,High,37.956817626953125,39.40090560913086,0.9633488655090332,37.95684814453125,0.9999992251396179,1.0,1.2985976934432983,0.7700614333152771,0.0,1.0,level4_core__level4_head
325,High,37.187049865722656,38.61784744262695,0.962949812412262,37.1871452331543,0.9999974370002747,1.0,1.290947675704956,0.7746247053146362,0.0,1.0,level4_core__level4_head
326,High,36.295692443847656,37.74797058105469,0.9615269899368286,36.295833587646484,0.9999961256980896,1.0,1.2864952087402344,0.7773056626319885,0.0,1.0,level4_core__level4_head
327,High,35.71312713623047,36.90336990356445,0.9677470326423645,35.71315383911133,0.9999992251396179,1.000000238418579,1.2446997165679932,0.803406834602356,0.0,1.000000238418579,level4_core__level4_head
328,High,35.419090270996094,36.32950210571289,0.9749401807785034,35.419105529785156,0.9999995827674866,1.000000238418579,1.1896668672561646,0.8405716419219971,0.0,1.000000238418579,level4_core__level4_head
329,High,35.1171760559082,36.0185546875,0.9749746322631836,35.11719512939453,0.999999463558197,1.0000001192092896,1.1877840757369995,0.8419039845466614,0.0,1.0000001192092896,level4_core__level4_head
320,Medium,20.998247146606445,35.3890380859375,0.5933545827865601,21.825687408447266,0.9620887041091919,1.000000238418579,2.818125009536743,0.35484594106674194,0.0,1.000000238418579,level4_core__level4_head
321,Medium,22.389816284179688,35.79682922363281,0.6254692673683167,23.226463317871094,0.9639787077903748,1.000000238418579,2.6352031230926514,0.37947747111320496,0.0,1.000000238418579,level4_core__level4_head
322,Medium,21.86019515991211,35.07564926147461,0.62322998046875,22.897762298583984,0.9546869397163391,1.000000238418579,2.5406720638275146,0.39359673857688904,0.0,1.000000238418579,level4_core__level4_head
323,Medium,22.19068145751953,34.111873626708984,0.6505265831947327,22.878978729248047,0.9699157476425171,1.0000001192092896,2.516526460647583,0.39737316966056824,0.0,1.0000001192092896,level4_core__level4_head
324,Medium,21.28933334350586,34.983577728271484,0.6085522174835205,22.061019897460938,0.9650203585624695,1.0000001192092896,2.4828696250915527,0.4027598202228546,0.0,1.0000001192092896,level4_core__level4_head
325,Medium,22.56785774230957,34.40300369262695,0.6559851169586182,23.464786529541016,0.961775541305542,1.000000238418579,2.4685347080230713,0.40509870648384094,0.0,1.000000238418579,level4_core__level4_head
326,Medium,21.502952575683594,33.82290267944336,0.6357512474060059,22.387557983398438,0.9604867100715637,1.000000238418579,2.4673569202423096,0.4052920937538147,0.0,1.000000238418579,level4_core__level4_head
327,Medium,21.859024047851562,33.30202865600586,0.6563871502876282,22.86373519897461,0.956056535243988,1.000000238418579,2.386082649230957,0.41909706592559814,0.0,1.000000238418579,level4_core__level4_head
328,Medium,22.27145767211914,32.395442962646484,0.6874873638153076,22.848342895507812,0.9747515320777893,1.000000238418579,2.238589286804199,0.4467100203037262,0.0,1.000000238418579,level4_core__level4_head
329,Medium,22.48230743408203,32.09944534301758,0.7003955245018005,22.96417999267578,0.9790163636207581,1.0000001192092896,2.248382091522217,0.44476431608200073,0.0,1.0000001192092896,level4_core__level4_head
320,Low,4.53213357925415,8.366225242614746,0.5417178273200989,4.470390319824219,1.0138115882873535,1.000000238418579,3.095980405807495,0.3229995369911194,0.0,1.000000238418579,level4_core__level4_head
321,Low,4.579784870147705,8.44826889038086,0.5420974493026733,4.560478210449219,1.004233479499817,1.000000238418579,2.9402382373809814,0.34010857343673706,0.0,1.000000238418579,level4_core__level4_head
322,Low,4.119548320770264,7.812758922576904,0.5272846817970276,4.038047790527344,1.0201832056045532,1.000000238418579,2.7770538330078125,0.3600939214229584,0.0,1.000000238418579,level4_core__level4_head
323,Low,4.46268367767334,8.459698677062988,0.5275227427482605,4.368274688720703,1.0216124057769775,1.000000238418579,2.7938780784606934,0.35792550444602966,0.0,1.000000238418579,level4_core__level4_head
324,Low,3.792423963546753,7.590217113494873,0.49964630603790283,3.6900177001953125,1.0277522802352905,1.000000238418579,2.7276875972747803,0.36661097407341003,0.0,1.000000238418579,level4_core__level4_head
325,Low,3.694779872894287,7.33115291595459,0.5039834976196289,3.5558929443359375,1.0390582084655762,1.000000238418579,2.7072973251342773,0.36937215924263,0.0,1.000000238418579,level4_core__level4_head
326,Low,4.381369113922119,7.972748756408691,0.5495430827140808,4.242115020751953,1.032826542854309,1.000000238418579,2.7523460388183594,0.3633264899253845,0.0,1.000000238418579,level4_core__level4_head
327,Low,4.387281894683838,7.620956897735596,0.575686514377594,4.2376708984375,1.0353050231933594,1.000000238418579,2.648164749145508,0.3776201009750366,0.0,1.000000238418579,level4_core__level4_head
328,Low,4.381383895874023,7.969630718231201,0.5497599840164185,4.261680603027344,1.0280883312225342,1.000000238418579,2.548031806945801,0.3924598693847656,0.0,1.000000238418579,level4_core__level4_head
329,Low,4.109963417053223,7.446063995361328,0.5519645810127258,4.145912170410156,0.9913291335105896,1.0000001192092896,2.4826772212982178,0.40279102325439453,0.0,1.0000001192092896,level4_core__level4_head
330,High,35.658931732177734,36.39688491821289,0.9797248244285583,35.65895462036133,0.9999993443489075,0.9999997019767761,1.153735876083374,0.8667492270469666,0.0,0.9999997019767761,level4_core__level4_head
331,High,34.468379974365234,35.144840240478516,0.9807522296905518,34.46839904785156,0.999999463558197,1.000000238418579,1.1409251689910889,0.8764818906784058,0.0,1.000000238418579,level4_core__level4_head
332,High,34.16550064086914,34.69890213012695,0.9846277236938477,34.16552734375,0.9999992251396179,1.0,1.1111195087432861,0.8999931812286377,0.0,1.0,level4_core__level4_head
333,High,33.88764953613281,34.23550033569336,0.989839494228363,33.88767623901367,0.9999992251396179,1.000000238418579,1.0724622011184692,0.9324340224266052,0.0,1.000000238418579,level4_core__level4_head
334,High,33.63994216918945,34.038516998291016,0.9882904887199402,33.63997268676758,0.9999991059303284,0.9999998807907104,1.083031177520752,0.9233343601226807,0.0,0.9999998807907104,level4_core__level4_head
335,High,32.967628479003906,33.330928802490234,0.9891002178192139,32.96765899658203,0.9999990463256836,1.0000001192092896,1.0756806135177612,0.9296441078186035,0.0,1.0000001192092896,level4_core__level4_head
336,High,32.74164962768555,32.85928726196289,0.9964199662208557,32.741676330566406,0.9999991655349731,0.9999998807907104,1.0245028734207153,0.9760830402374268,0.0,0.9999998807907104,level4_core__level4_head
337,High,32.29020690917969,32.37104797363281,0.9975026845932007,32.29023742675781,0.9999990463256836,1.000000238418579,1.0168355703353882,0.9834433794021606,0.0,1.000000238418579,level4_core__level4_head
338,High,32.73649978637695,32.956172943115234,0.9933344125747681,32.736534118652344,0.999998927116394,0.9999998807907104,1.0457580089569092,0.9562440514564514,0.0,0.9999998807907104,level4_core__level4_head
339,High,32.65558624267578,32.739566802978516,0.9974349141120911,32.65562057495117,0.999998927116394,0.9999998211860657,1.0174882411956787,0.9828121662139893,0.0,0.9999998211860657,level4_core__level4_head
330,Medium,22.137542724609375,32.955684661865234,0.6717367172241211,23.089263916015625,0.9587807655334473,1.0000001192092896,2.209629774093628,0.4525645673274994,0.0,1.0000001192092896,level4_core__level4_head
331,Medium,22.592037200927734,31.586166381835938,0.7152510285377502,22.987995147705078,0.9827754497528076,1.000000238418579,2.1608753204345703,0.4627755284309387,0.0,1.000000238418579,level4_core__level4_head
332,Medium,21.85141944885254,31.063264846801758,0.7034488916397095,22.24158477783203,0.9824578166007996,1.0,2.124796152114868,0.4706333875656128,0.0,1.0,level4_core__level4_head
333,Medium,22.606748580932617,30.509292602539062,0.7409791350364685,22.902324676513672,0.9870940446853638,1.000000238418579,2.0210726261138916,0.4947868883609772,0.0,1.000000238418579,level4_core__level4_head
334,Medium,22.656808853149414,30.448930740356445,0.7440921068191528,22.97522735595703,0.986140787601471,1.000000238418579,2.0379600524902344,0.4906868636608124,0.0,1.000000238418579,level4_core__level4_head
335,Medium,22.251388549804688,29.747562408447266,0.7480071187019348,22.350780487060547,0.9955530762672424,1.0000001192092896,2.06376576423645,0.48455116152763367,0.0,1.0000001192092896,level4_core__level4_head
336,Medium,21.576400756835938,29.339488983154297,0.7354047894477844,21.85071563720703,0.9874459505081177,1.0,1.9747753143310547,0.5063866972923279,0.0,1.0,level4_core__level4_head
337,Medium,21.692989349365234,28.787900924682617,0.753545343875885,21.737545013427734,0.9979503154754639,1.000000238418579,1.9308404922485352,0.5179092884063721,0.0,1.000000238418579,level4_core__level4_head
338,Medium,22.16385841369629,29.255342483520508,0.7576003670692444,22.26434326171875,0.9954867362976074,1.0000001192092896,1.9677854776382446,0.5081855654716492,0.0,1.0000001192092896,level4_core__level4_head
339,Medium,21.816822052001953,29.014677047729492,0.751923680305481,21.90936279296875,0.9957761764526367,1.0000001192092896,1.954062581062317,0.5117543935775757,0.0,1.0000001192092896,level4_core__level4_head
330,Low,4.350687503814697,7.55655574798584,0.5757500529289246,4.223262786865234,1.0301721096038818,1.0000001192092896,2.4455249309539795,0.40891021490097046,0.0,1.0000001192092896,level4_core__level4_head
331,Low,4.767123222351074,7.632946968078613,0.6245455741882324,4.762989044189453,1.0008679628372192,1.000000238418579,2.397336721420288,0.41712966561317444,0.0,1.000000238418579,level4_core__level4_head
332,Low,4.471320629119873,7.522945880889893,0.5943576693534851,4.389362335205078,1.018671989440918,1.0000004768371582,2.33343243598938,0.42855343222618103,0.0,1.0000004768371582,level4_core__level4_head
333,Low,4.046313762664795,7.333250999450684,0.5517762303352356,3.9410858154296875,1.0267002582550049,1.000000238418579,2.2595341205596924,0.44256922602653503,0.0,1.000000238418579,level4_core__level4_head
334,Low,4.071486473083496,6.993930816650391,0.582145631313324,4.088703155517578,0.9957892298698425,1.000000238418579,2.2572720050811768,0.4430127441883087,0.0,1.000000238418579,level4_core__level4_head
335,Low,4.381741523742676,6.690474987030029,0.654922366142273,4.443668365478516,0.9860640168190002,1.000000238418579,2.2913835048675537,0.43641766905784607,0.0,1.000000238418579,level4_core__level4_head
336,Low,4.376044750213623,6.9431257247924805,0.6302701234817505,4.252830505371094,1.0289722681045532,1.000000238418579,2.179670810699463,0.4587849974632263,0.0,1.000000238418579,level4_core__level4_head
337,Low,5.244019031524658,7.17244291305542,0.731134295463562,5.261997222900391,0.9965834021568298,1.000000238418579,2.140601634979248,0.4671584963798523,0.0,1.000000238418579,level4_core__level4_head
338,Low,4.659369468688965,6.703258037567139,0.6950902938842773,4.6929931640625,0.9928353428840637,1.0000001192092896,2.1621904373168945,0.46249401569366455,0.0,1.0000001192092896,level4_core__level4_head
339,Low,4.4404754638671875,6.7130022048950195,0.6614738702774048,4.480983734130859,0.9909599423408508,1.0000003576278687,2.1394054889678955,0.46741974353790283,0.0,1.0000003576278687,level4_core__level4_head
340,High,31.60075569152832,32.02138900756836,0.9868639707565308,31.600791931152344,0.9999988675117493,1.000000238418579,1.0876238346099854,0.9194357395172119,0.0,1.000000238418579,level4_core__level4_head
341,High,31.25172996520996,31.583513259887695,0.989495038986206,31.251758575439453,0.9999991059303284,1.000000238418579,1.069115161895752,0.93535315990448,0.0,1.000000238418579,level4_core__level4_head
342,High,31.542264938354492,31.811933517456055,0.991523027420044,31.54229164123535,0.9999991655349731,1.000000238418579,1.0561752319335938,0.9468128085136414,0.0,1.000000238418579,level4_core__level4_head
343,High,30.17094612121582,30.191410064697266,0.9993221759796143,30.19141387939453,0.9993220567703247,0.9999998807907104,0.9940203428268433,1.0060155391693115,0.0,0.9999998807907104,level4_core__level4_head
344,High,30.166820526123047,30.28719711303711,0.9960255026817322,30.18233871459961,0.9994858503341675,1.000000238418579,1.3076430559158325,0.7647348642349243,0.0,1.000000238418579,level4_core__level4_head
345,High,30.46993637084961,30.694700241088867,0.9926774501800537,30.470203399658203,0.999991238117218,1.0000005960464478,1.4041779041290283,0.7121608853340149,0.0,1.0000005960464478,level4_core__level4_head
346,High,30.085926055908203,30.469772338867188,0.9874023795127869,30.086170196533203,0.9999918937683105,1.0000001192092896,1.3855794668197632,0.7217198014259338,0.0,1.0000001192092896,level4_core__level4_head
347,High,30.60773277282715,30.875837326049805,0.9913166761398315,30.608078002929688,0.9999887347221375,1.000000238418579,1.6487771272659302,0.6065102815628052,0.0,1.000000238418579,level4_core__level4_head
348,High,30.08216667175293,30.36386489868164,0.9907225966453552,30.082355499267578,0.9999937415122986,0.9999998807907104,1.7016626596450806,0.5876604914665222,0.0,0.9999998807907104,level4_core__level4_head
349,High,30.208698272705078,30.50009536743164,0.9904460310935974,30.208696365356445,1.0000001192092896,1.0000001192092896,1.940005898475647,0.5154623985290527,0.0,1.0000001192092896,level4_core__level4_head
340,Medium,21.472307205200195,28.654937744140625,0.7493405342102051,21.57370376586914,0.9952999949455261,1.000000238418579,2.0296144485473633,0.4927045404911041,0.0,1.000000238418579,level4_core__level4_head
341,Medium,21.13026237487793,28.242582321166992,0.7481703162193298,21.172035217285156,0.998026967048645,1.000000238418579,2.047703742980957,0.4883520007133484,0.0,1.000000238418579,level4_core__level4_head
342,Medium,20.775951385498047,28.45721435546875,0.730076789855957,21.045228958129883,0.9872047901153564,1.000000238418579,1.9945948123931885,0.5013550519943237,0.0,1.000000238418579,level4_core__level4_head
343,Medium,20.084314346313477,27.24222183227539,0.737249493598938,20.09505844116211,0.9994653463363647,1.0,1.9108867645263672,0.5233172178268433,0.0,1.0,level4_core__level4_head
344,Medium,20.281814575195312,27.32600212097168,0.7422167062759399,20.348556518554688,0.9967200756072998,1.000000238418579,2.438690662384033,0.4100562036037445,0.0,1.000000238418579,level4_core__level4_head
345,Medium,20.281972885131836,27.187240600585938,0.7460107207298279,20.313793182373047,0.9984335899353027,1.0000005960464478,2.6641862392425537,0.37534937262535095,0.0,1.0000005960464478,level4_core__level4_head
346,Medium,20.1077880859375,27.281890869140625,0.7370378971099854,20.52873992919922,0.9794945120811462,1.0000001192092896,2.6241486072540283,0.38107603788375854,0.0,1.0000001192092896,level4_core__level4_head
347,Medium,20.723758697509766,27.608051300048828,0.7506418228149414,20.842670440673828,0.9942948222160339,1.000000238418579,3.094468116760254,0.323157399892807,0.0,1.000000238418579,level4_core__level4_head
348,Medium,20.309865951538086,27.22256088256836,0.7460674047470093,20.385940551757812,0.9962682723999023,1.0,3.2043917179107666,0.31207171082496643,0.0,1.0,level4_core__level4_head
349,Medium,20.159500122070312,27.29698371887207,0.738524854183197,20.26087760925293,0.9949963688850403,1.0000001192092896,3.605384111404419,0.27736300230026245,0.0,1.0000001192092896,level4_core__level4_head
340,Low,4.921480178833008,6.814319133758545,0.7222262620925903,4.947772979736328,0.99468594789505,1.000000238418579,2.240328311920166,0.446363240480423,0.0,1.000000238418579,level4_core__level4_head
341,Low,4.920923233032227,6.989181041717529,0.7040772438049316,4.916252136230469,1.0009500980377197,1.000000238418579,2.2532787322998047,0.44379785656929016,0.0,1.000000238418579,level4_core__level4_head
342,Low,4.315438270568848,6.593232154846191,0.6545254588127136,4.0824737548828125,1.0570645332336426,1.000000238418579,2.234283208847046,0.44757094979286194,0.0,1.000000238418579,level4_core__level4_head
343,Low,4.715114593505859,6.626021862030029,0.7116056680679321,4.714164733886719,1.0002014636993408,1.0000001192092896,2.1344778537750244,0.46849870681762695,0.0,1.0000001192092896,level4_core__level4_head
344,Low,4.2976975440979,6.416229724884033,0.6698166728019714,4.31365966796875,0.9962996244430542,1.000000238418579,2.721979856491089,0.36737972497940063,0.0,1.000000238418579,level4_core__level4_head
345,Low,4.590691566467285,6.324592113494873,0.7258478403091431,4.589912414550781,1.0001697540283203,1.0000005960464478,2.9851455688476562,0.3349922299385071,0.0,1.0000005960464478,level4_core__level4_head
346,Low,4.520503520965576,6.915133953094482,0.6537116169929504,4.43231201171875,1.0198974609375,1.0000001192092896,2.941419839859009,0.3399718999862671,0.0,1.0000001192092896,level4_core__level4_head
347,Low,4.443547248840332,7.043655872344971,0.6308580636978149,4.6564788818359375,0.9542719721794128,1.000000238418579,3.464376211166382,0.28865233063697815,0.0,1.000000238418579,level4_core__level4_head
348,Low,4.635848045349121,6.645073890686035,0.6976367831230164,4.6368865966796875,0.9997760057449341,1.000000238418579,3.5636682510375977,0.28060978651046753,0.0,1.000000238418579,level4_core__level4_head
349,Low,4.327620029449463,6.171332836151123,0.7012456059455872,4.270652770996094,1.0133392810821533,1.0000001192092896,4.023063659667969,0.24856682121753693,0.0,1.0000001192092896,level4_core__level4_head
